21:47:14  src.pre_cpcv.data_loader  INFO  [data_loader] BTC-USD: 2014-11-01 → 2026-04-30 | 4199 rows | 0 warning(s)
21:47:18  src.pre_cpcv.labeling  INFO  Triple-barrier: 1266 events labeled. Class distribution: {1: 661, -1: 498, 0: 107}
21:47:19  src.pre_cpcv.labeling  WARNING  Dropped 107 row(s) belonging to rare class(es) [0] (< 8.5%).
21:47:21  src.pre_cpcv.sample_weights  INFO  Capped 12 weights at 2.83 (99% percentile).
21:47:23  src.pre_cpcv.features  INFO  Lag features: 10 columns, 4199 rows (lags=[1, 2, 3, 4, 5, 6, 7, 14, 21, 30]).
21:47:23  src.pre_cpcv.features  INFO  TA features: 25 columns, 4199 rows.
21:47:24  src.pre_cpcv.external_features  INFO  External features loaded from cache (22 cols).
21:47:24  src.pre_cpcv.features  INFO  Math features loaded from cache ({'lz_complexity', 'jarque_bera', 'hurst', 'shannon_entropy', 'smt_exp', 'smt_poly1', 'variance_ratio', 'negentropy', 'sadf'}).
21:47:25  src.pre_cpcv.features  INFO  symmetric log applied to: ['obv', 'chaikin_osc']
21:47:25  src.pre_cpcv.features  INFO  log applied to: ['atr'] (eps=1e-08)
21:47:48  src.pre_cpcv.alignment  WARNING  Remaining NaNs in 1 feature column(s) after alignment:
oil_ret_30    1
21:47:48  src.pre_cpcv.alignment  INFO  Alignment validation passed (1159 samples, 66 features).
21:47:50  src.cpcv.cv  INFO  CPCV: 28 splits generated (N=8, k=2, embargo=11 obs).
21:47:50  src.cpcv.cv  INFO  Path matrix: 7 paths, 8 groups, 28 splits.
21:47:53  src.cpcv.pipeline  INFO  ============================================================
21:47:53  src.cpcv.pipeline  INFO  CPCV Pipeline
21:47:53  src.cpcv.pipeline  INFO  ============================================================
21:47:53  src.cpcv.pipeline  INFO    Models:         ['ar_logistic']
21:47:53  src.cpcv.pipeline  INFO    Seeds/fold:     3
21:47:53  src.cpcv.pipeline  INFO    Groups (N):     8
21:47:53  src.cpcv.pipeline  INFO    Test groups (k):2
21:47:53  src.cpcv.pipeline  INFO    Embargo:        1.0%
21:47:53  src.cpcv.pipeline  INFO    FFD columns:    ['atr']
21:47:53  src.cpcv.pipeline  INFO    Samples:        1159
21:47:53  src.cpcv.pipeline  INFO    Features:       66
21:47:53  src.cpcv.pipeline  INFO    Splits:         28, Paths: 7
21:47:53  src.cpcv.pipeline  INFO    Tuning:         OFF
21:47:53  src.cpcv.pipeline  INFO  ============================================================
21:47:53  src.cpcv.preprocessing  INFO  Feature selection skipped (AR Logistic uses lagged returns only)
21:47:53  src.cpcv.pipeline  INFO    Preprocessing: FFD + scaling only (no feature selection), train=688 + cal=172, test=89
21:47:53  src.cpcv.pipeline  INFO    AR Logistic lags: [1, 2, 3, 4, 5, 6, 7, 14, 21, 30]
21:47:53  src.cpcv.pipeline  INFO    [  1/84]          ar_logistic (seed=0) F1=0.519  AUC=0.521  LL=0.6685 (0.0s)
21:47:53  src.cpcv.pipeline  INFO    [  2/84]          ar_logistic (seed=1) F1=0.519  AUC=0.521  LL=0.6685 (0.0s)
21:47:53  src.cpcv.pipeline  INFO    [  3/84]          ar_logistic (seed=2) F1=0.519  AUC=0.521  LL=0.6685 (0.0s)
21:47:54  src.cpcv.preprocessing  INFO  Feature selection skipped (AR Logistic uses lagged returns only)
21:47:54  src.cpcv.pipeline  INFO    Preprocessing: FFD + scaling only (no feature selection), train=643 + cal=161, test=144
21:47:54  src.cpcv.pipeline  INFO    AR Logistic lags: [1, 2, 3, 4, 5, 6, 7, 14, 21, 30]
21:47:54  src.cpcv.pipeline  INFO    [  4/84]          ar_logistic (seed=0) F1=0.387  AUC=0.508  LL=0.7168 (0.0s)
21:47:54  src.cpcv.pipeline  INFO    [  5/84]          ar_logistic (seed=1) F1=0.387  AUC=0.508  LL=0.7168 (0.0s)
21:47:54  src.cpcv.pipeline  INFO    [  6/84]          ar_logistic (seed=2) F1=0.387  AUC=0.508  LL=0.7168 (0.0s)
21:47:54  src.cpcv.preprocessing  INFO  Feature selection skipped (AR Logistic uses lagged returns only)
21:47:54  src.cpcv.pipeline  INFO    Preprocessing: FFD + scaling only (no feature selection), train=644 + cal=161, test=144
21:47:54  src.cpcv.pipeline  INFO    AR Logistic lags: [1, 2, 3, 4, 5, 6, 7, 14, 21, 30]
21:47:54  src.cpcv.pipeline  INFO    [  7/84]          ar_logistic (seed=0) F1=0.396  AUC=0.542  LL=0.6888 (0.0s)
21:47:54  src.cpcv.pipeline  INFO    [  8/84]          ar_logistic (seed=1) F1=0.396  AUC=0.542  LL=0.6888 (0.0s)
21:47:54  src.cpcv.pipeline  INFO    [  9/84]          ar_logistic (seed=2) F1=0.396  AUC=0.542  LL=0.6888 (0.0s)
21:47:54  src.cpcv.preprocessing  INFO  Feature selection skipped (AR Logistic uses lagged returns only)
21:47:54  src.cpcv.pipeline  INFO    Preprocessing: FFD + scaling only (no feature selection), train=644 + cal=161, test=144
21:47:54  src.cpcv.pipeline  INFO    AR Logistic lags: [1, 2, 3, 4, 5, 6, 7, 14, 21, 30]
21:47:54  src.cpcv.pipeline  INFO    [ 10/84]          ar_logistic (seed=0) F1=0.374  AUC=0.469  LL=0.6782 (0.0s)
21:47:54  src.cpcv.pipeline  INFO    [ 11/84]          ar_logistic (seed=1) F1=0.374  AUC=0.469  LL=0.6782 (0.0s)
21:47:54  src.cpcv.pipeline  INFO    [ 12/84]          ar_logistic (seed=2) F1=0.374  AUC=0.469  LL=0.6782 (0.0s)
21:47:54  src.cpcv.preprocessing  INFO  Feature selection skipped (AR Logistic uses lagged returns only)
21:47:54  src.cpcv.pipeline  INFO    Preprocessing: FFD + scaling only (no feature selection), train=642 + cal=161, test=144
21:47:54  src.cpcv.pipeline  INFO    AR Logistic lags: [1, 2, 3, 4, 5, 6, 7, 14, 21, 30]
21:47:54  src.cpcv.pipeline  INFO    [ 13/84]          ar_logistic (seed=0) F1=0.328  AUC=0.396  LL=0.7300 (0.0s)
21:47:54  src.cpcv.pipeline  INFO    [ 14/84]          ar_logistic (seed=1) F1=0.328  AUC=0.396  LL=0.7300 (0.0s)
21:47:55  src.cpcv.pipeline  INFO    [ 15/84]          ar_logistic (seed=2) F1=0.328  AUC=0.396  LL=0.7300 (0.0s)
21:47:55  src.cpcv.preprocessing  INFO  Feature selection skipped (AR Logistic uses lagged returns only)
21:47:55  src.cpcv.pipeline  INFO    Preprocessing: FFD + scaling only (no feature selection), train=643 + cal=161, test=144
21:47:55  src.cpcv.pipeline  INFO    AR Logistic lags: [1, 2, 3, 4, 5, 6, 7, 14, 21, 30]
21:47:55  src.cpcv.pipeline  INFO    [ 16/84]          ar_logistic (seed=0) F1=0.538  AUC=0.568  LL=0.6838 (0.0s)
21:47:55  src.cpcv.pipeline  INFO    [ 17/84]          ar_logistic (seed=1) F1=0.538  AUC=0.568  LL=0.6838 (0.0s)
21:47:55  src.cpcv.pipeline  INFO    [ 18/84]          ar_logistic (seed=2) F1=0.538  AUC=0.568  LL=0.6838 (0.0s)
21:47:55  src.cpcv.preprocessing  INFO  Feature selection skipped (AR Logistic uses lagged returns only)
21:47:55  src.cpcv.pipeline  INFO    Preprocessing: FFD + scaling only (no feature selection), train=644 + cal=162, test=151
21:47:55  src.cpcv.pipeline  INFO    AR Logistic lags: [1, 2, 3, 4, 5, 6, 7, 14, 21, 30]
21:47:55  src.cpcv.pipeline  INFO    [ 19/84]          ar_logistic (seed=0) F1=0.549  AUC=0.565  LL=0.6832 (0.0s)
21:47:55  src.cpcv.pipeline  INFO    [ 20/84]          ar_logistic (seed=1) F1=0.549  AUC=0.565  LL=0.6832 (0.0s)
21:47:55  src.cpcv.pipeline  INFO    [ 21/84]          ar_logistic (seed=2) F1=0.549  AUC=0.565  LL=0.6832 (0.0s)
21:47:55  src.cpcv.preprocessing  INFO  Feature selection skipped (AR Logistic uses lagged returns only)
21:47:55  src.cpcv.pipeline  INFO    Preprocessing: FFD + scaling only (no feature selection), train=572 + cal=144, test=233
21:47:55  src.cpcv.pipeline  INFO    AR Logistic lags: [1, 2, 3, 4, 5, 6, 7, 14, 21, 30]
21:47:55  src.cpcv.pipeline  INFO    [ 22/84]          ar_logistic (seed=0) F1=0.513  AUC=0.506  LL=0.7127 (0.0s)
21:47:55  src.cpcv.pipeline  INFO    [ 23/84]          ar_logistic (seed=1) F1=0.513  AUC=0.506  LL=0.7127 (0.0s)
21:47:55  src.cpcv.pipeline  INFO    [ 24/84]          ar_logistic (seed=2) F1=0.513  AUC=0.506  LL=0.7127 (0.0s)
21:47:56  src.cpcv.preprocessing  INFO  Feature selection skipped (AR Logistic uses lagged returns only)
21:47:56  src.cpcv.pipeline  INFO    Preprocessing: FFD + scaling only (no feature selection), train=564 + cal=141, test=233
21:47:56  src.cpcv.pipeline  INFO    AR Logistic lags: [1, 2, 3, 4, 5, 6, 7, 14, 21, 30]
21:47:56  src.cpcv.pipeline  INFO    [ 25/84]          ar_logistic (seed=0) F1=0.534  AUC=0.546  LL=0.6917 (0.0s)
21:47:56  src.cpcv.pipeline  INFO    [ 26/84]          ar_logistic (seed=1) F1=0.534  AUC=0.546  LL=0.6917 (0.0s)
21:47:56  src.cpcv.pipeline  INFO    [ 27/84]          ar_logistic (seed=2) F1=0.534  AUC=0.546  LL=0.6917 (0.0s)
21:47:56  src.cpcv.preprocessing  INFO  Feature selection skipped (AR Logistic uses lagged returns only)
21:47:56  src.cpcv.pipeline  INFO    Preprocessing: FFD + scaling only (no feature selection), train=564 + cal=141, test=233
21:47:56  src.cpcv.pipeline  INFO    AR Logistic lags: [1, 2, 3, 4, 5, 6, 7, 14, 21, 30]
21:47:56  src.cpcv.pipeline  INFO    [ 28/84]          ar_logistic (seed=0) F1=0.475  AUC=0.519  LL=0.6799 (0.0s)
21:47:56  src.cpcv.pipeline  INFO    [ 29/84]          ar_logistic (seed=1) F1=0.475  AUC=0.519  LL=0.6799 (0.0s)
21:47:56  src.cpcv.pipeline  INFO    [ 30/84]          ar_logistic (seed=2) F1=0.475  AUC=0.519  LL=0.6799 (0.0s)
21:47:56  src.cpcv.preprocessing  INFO  Feature selection skipped (AR Logistic uses lagged returns only)
21:47:56  src.cpcv.pipeline  INFO    Preprocessing: FFD + scaling only (no feature selection), train=562 + cal=141, test=233
21:47:56  src.cpcv.pipeline  INFO    AR Logistic lags: [1, 2, 3, 4, 5, 6, 7, 14, 21, 30]
21:47:56  src.cpcv.pipeline  INFO    [ 31/84]          ar_logistic (seed=0) F1=0.416  AUC=0.447  LL=0.7250 (0.0s)
21:47:56  src.cpcv.pipeline  INFO    [ 32/84]          ar_logistic (seed=1) F1=0.416  AUC=0.447  LL=0.7250 (0.0s)
21:47:56  src.cpcv.pipeline  INFO    [ 33/84]          ar_logistic (seed=2) F1=0.416  AUC=0.447  LL=0.7250 (0.0s)
21:47:57  src.cpcv.preprocessing  INFO  Feature selection skipped (AR Logistic uses lagged returns only)
21:47:57  src.cpcv.pipeline  INFO    Preprocessing: FFD + scaling only (no feature selection), train=563 + cal=141, test=233
21:47:57  src.cpcv.pipeline  INFO    AR Logistic lags: [1, 2, 3, 4, 5, 6, 7, 14, 21, 30]
21:47:57  src.cpcv.pipeline  INFO    [ 34/84]          ar_logistic (seed=0) F1=0.531  AUC=0.538  LL=0.6873 (0.0s)
21:47:57  src.cpcv.pipeline  INFO    [ 35/84]          ar_logistic (seed=1) F1=0.531  AUC=0.538  LL=0.6873 (0.0s)
21:47:57  src.cpcv.pipeline  INFO    [ 36/84]          ar_logistic (seed=2) F1=0.531  AUC=0.538  LL=0.6873 (0.0s)
21:47:57  src.cpcv.preprocessing  INFO  Feature selection skipped (AR Logistic uses lagged returns only)
21:47:57  src.cpcv.pipeline  INFO    Preprocessing: FFD + scaling only (no feature selection), train=564 + cal=142, test=240
21:47:57  src.cpcv.pipeline  INFO    AR Logistic lags: [1, 2, 3, 4, 5, 6, 7, 14, 21, 30]
21:47:57  src.cpcv.pipeline  INFO    [ 37/84]          ar_logistic (seed=0) F1=0.503  AUC=0.534  LL=0.6817 (0.0s)
21:47:57  src.cpcv.pipeline  INFO    [ 38/84]          ar_logistic (seed=1) F1=0.503  AUC=0.534  LL=0.6817 (0.0s)
21:47:57  src.cpcv.pipeline  INFO    [ 39/84]          ar_logistic (seed=2) F1=0.503  AUC=0.534  LL=0.6817 (0.0s)
21:47:57  src.cpcv.preprocessing  INFO  Feature selection skipped (AR Logistic uses lagged returns only)
21:47:57  src.cpcv.pipeline  INFO    Preprocessing: FFD + scaling only (no feature selection), train=528 + cal=132, test=288
21:47:57  src.cpcv.pipeline  INFO    AR Logistic lags: [1, 2, 3, 4, 5, 6, 7, 14, 21, 30]
21:47:57  src.cpcv.pipeline  INFO    [ 40/84]          ar_logistic (seed=0) F1=0.493  AUC=0.509  LL=0.7145 (0.0s)
21:47:57  src.cpcv.pipeline  INFO    [ 41/84]          ar_logistic (seed=1) F1=0.493  AUC=0.509  LL=0.7145 (0.0s)
21:47:57  src.cpcv.pipeline  INFO    [ 42/84]          ar_logistic (seed=2) F1=0.493  AUC=0.509  LL=0.7145 (0.0s)
21:47:58  src.cpcv.preprocessing  INFO  Feature selection skipped (AR Logistic uses lagged returns only)
21:47:58  src.cpcv.pipeline  INFO    Preprocessing: FFD + scaling only (no feature selection), train=519 + cal=130, test=288
21:47:58  src.cpcv.pipeline  INFO    AR Logistic lags: [1, 2, 3, 4, 5, 6, 7, 14, 21, 30]
21:47:58  src.cpcv.pipeline  INFO    [ 43/84]          ar_logistic (seed=0) F1=0.459  AUC=0.480  LL=0.7012 (0.0s)
21:47:58  src.cpcv.pipeline  INFO    [ 44/84]          ar_logistic (seed=1) F1=0.459  AUC=0.480  LL=0.7012 (0.0s)
21:47:58  src.cpcv.pipeline  INFO    [ 45/84]          ar_logistic (seed=2) F1=0.459  AUC=0.480  LL=0.7012 (0.0s)
21:47:58  src.cpcv.preprocessing  INFO  Feature selection skipped (AR Logistic uses lagged returns only)
21:47:58  src.cpcv.pipeline  INFO    Preprocessing: FFD + scaling only (no feature selection), train=517 + cal=130, test=288
21:47:58  src.cpcv.pipeline  INFO    AR Logistic lags: [1, 2, 3, 4, 5, 6, 7, 14, 21, 30]
21:47:58  src.cpcv.pipeline  INFO    [ 46/84]          ar_logistic (seed=0) F1=0.445  AUC=0.449  LL=0.7357 (0.0s)
21:47:58  src.cpcv.pipeline  INFO    [ 47/84]          ar_logistic (seed=1) F1=0.445  AUC=0.449  LL=0.7357 (0.0s)
21:47:58  src.cpcv.pipeline  INFO    [ 48/84]          ar_logistic (seed=2) F1=0.445  AUC=0.449  LL=0.7357 (0.0s)
21:47:58  src.cpcv.preprocessing  INFO  Feature selection skipped (AR Logistic uses lagged returns only)
21:47:58  src.cpcv.pipeline  INFO    Preprocessing: FFD + scaling only (no feature selection), train=518 + cal=130, test=288
21:47:58  src.cpcv.pipeline  INFO    AR Logistic lags: [1, 2, 3, 4, 5, 6, 7, 14, 21, 30]
21:47:58  src.cpcv.pipeline  INFO    [ 49/84]          ar_logistic (seed=0) F1=0.491  AUC=0.508  LL=0.7061 (0.0s)
21:47:58  src.cpcv.pipeline  INFO    [ 50/84]          ar_logistic (seed=1) F1=0.491  AUC=0.508  LL=0.7061 (0.0s)
21:47:58  src.cpcv.pipeline  INFO    [ 51/84]          ar_logistic (seed=2) F1=0.491  AUC=0.508  LL=0.7061 (0.0s)
21:47:58  src.cpcv.preprocessing  INFO  Feature selection skipped (AR Logistic uses lagged returns only)
21:47:58  src.cpcv.pipeline  INFO    Preprocessing: FFD + scaling only (no feature selection), train=520 + cal=130, test=295
21:47:58  src.cpcv.pipeline  INFO    AR Logistic lags: [1, 2, 3, 4, 5, 6, 7, 14, 21, 30]
21:47:59  src.cpcv.pipeline  INFO    [ 52/84]          ar_logistic (seed=0) F1=0.507  AUC=0.531  LL=0.6980 (0.0s)
21:47:59  src.cpcv.pipeline  INFO    [ 53/84]          ar_logistic (seed=1) F1=0.507  AUC=0.531  LL=0.6980 (0.0s)
21:47:59  src.cpcv.pipeline  INFO    [ 54/84]          ar_logistic (seed=2) F1=0.507  AUC=0.531  LL=0.6980 (0.0s)
21:47:59  src.cpcv.preprocessing  INFO  Feature selection skipped (AR Logistic uses lagged returns only)
21:47:59  src.cpcv.pipeline  INFO    Preprocessing: FFD + scaling only (no feature selection), train=528 + cal=133, test=288
21:47:59  src.cpcv.pipeline  INFO    AR Logistic lags: [1, 2, 3, 4, 5, 6, 7, 14, 21, 30]
21:47:59  src.cpcv.pipeline  INFO    [ 55/84]          ar_logistic (seed=0) F1=0.446  AUC=0.519  LL=0.6889 (0.0s)
21:47:59  src.cpcv.pipeline  INFO    [ 56/84]          ar_logistic (seed=1) F1=0.446  AUC=0.519  LL=0.6889 (0.0s)
21:47:59  src.cpcv.pipeline  INFO    [ 57/84]          ar_logistic (seed=2) F1=0.446  AUC=0.519  LL=0.6889 (0.0s)
21:47:59  src.cpcv.preprocessing  INFO  Feature selection skipped (AR Logistic uses lagged returns only)
21:47:59  src.cpcv.pipeline  INFO    Preprocessing: FFD + scaling only (no feature selection), train=518 + cal=130, test=288
21:47:59  src.cpcv.pipeline  INFO    AR Logistic lags: [1, 2, 3, 4, 5, 6, 7, 14, 21, 30]
21:47:59  src.cpcv.pipeline  INFO    [ 58/84]          ar_logistic (seed=0) F1=0.438  AUC=0.491  LL=0.7241 (0.0s)
21:47:59  src.cpcv.pipeline  INFO    [ 59/84]          ar_logistic (seed=1) F1=0.438  AUC=0.491  LL=0.7241 (0.0s)
21:47:59  src.cpcv.pipeline  INFO    [ 60/84]          ar_logistic (seed=2) F1=0.438  AUC=0.491  LL=0.7241 (0.0s)
21:47:59  src.cpcv.preprocessing  INFO  Feature selection skipped (AR Logistic uses lagged returns only)
21:47:59  src.cpcv.pipeline  INFO    Preprocessing: FFD + scaling only (no feature selection), train=519 + cal=130, test=288
21:47:59  src.cpcv.pipeline  INFO    AR Logistic lags: [1, 2, 3, 4, 5, 6, 7, 14, 21, 30]
21:47:59  src.cpcv.pipeline  INFO    [ 61/84]          ar_logistic (seed=0) F1=0.507  AUC=0.561  LL=0.6935 (0.0s)
21:47:59  src.cpcv.pipeline  INFO    [ 62/84]          ar_logistic (seed=1) F1=0.507  AUC=0.561  LL=0.6935 (0.0s)
21:47:59  src.cpcv.pipeline  INFO    [ 63/84]          ar_logistic (seed=2) F1=0.507  AUC=0.561  LL=0.6935 (0.0s)
21:48:00  src.cpcv.preprocessing  INFO  Feature selection skipped (AR Logistic uses lagged returns only)
21:48:00  src.cpcv.pipeline  INFO    Preprocessing: FFD + scaling only (no feature selection), train=520 + cal=131, test=295
21:48:00  src.cpcv.pipeline  INFO    AR Logistic lags: [1, 2, 3, 4, 5, 6, 7, 14, 21, 30]
21:48:00  src.cpcv.pipeline  INFO    [ 64/84]          ar_logistic (seed=0) F1=0.484  AUC=0.551  LL=0.6887 (0.0s)
21:48:00  src.cpcv.pipeline  INFO    [ 65/84]          ar_logistic (seed=1) F1=0.484  AUC=0.551  LL=0.6887 (0.0s)
21:48:00  src.cpcv.pipeline  INFO    [ 66/84]          ar_logistic (seed=2) F1=0.484  AUC=0.551  LL=0.6887 (0.0s)
21:48:00  src.cpcv.preprocessing  INFO  Feature selection skipped (AR Logistic uses lagged returns only)
21:48:00  src.cpcv.pipeline  INFO    Preprocessing: FFD + scaling only (no feature selection), train=528 + cal=133, test=288
21:48:00  src.cpcv.pipeline  INFO    AR Logistic lags: [1, 2, 3, 4, 5, 6, 7, 14, 21, 30]
21:48:00  src.cpcv.pipeline  INFO    [ 67/84]          ar_logistic (seed=0) F1=0.461  AUC=0.494  LL=0.7072 (0.0s)
21:48:00  src.cpcv.pipeline  INFO    [ 68/84]          ar_logistic (seed=1) F1=0.461  AUC=0.494  LL=0.7072 (0.0s)
21:48:00  src.cpcv.pipeline  INFO    [ 69/84]          ar_logistic (seed=2) F1=0.461  AUC=0.494  LL=0.7072 (0.0s)
21:48:00  src.cpcv.preprocessing  INFO  Feature selection skipped (AR Logistic uses lagged returns only)
21:48:00  src.cpcv.pipeline  INFO    Preprocessing: FFD + scaling only (no feature selection), train=519 + cal=130, test=288
21:48:00  src.cpcv.pipeline  INFO    AR Logistic lags: [1, 2, 3, 4, 5, 6, 7, 14, 21, 30]
21:48:00  src.cpcv.pipeline  INFO    [ 70/84]          ar_logistic (seed=0) F1=0.495  AUC=0.531  LL=0.6863 (0.0s)
21:48:00  src.cpcv.pipeline  INFO    [ 71/84]          ar_logistic (seed=1) F1=0.495  AUC=0.531  LL=0.6863 (0.0s)
21:48:00  src.cpcv.pipeline  INFO    [ 72/84]          ar_logistic (seed=2) F1=0.495  AUC=0.531  LL=0.6863 (0.0s)
21:48:01  src.cpcv.preprocessing  INFO  Feature selection skipped (AR Logistic uses lagged returns only)
21:48:01  src.cpcv.pipeline  INFO    Preprocessing: FFD + scaling only (no feature selection), train=520 + cal=131, test=295
21:48:01  src.cpcv.pipeline  INFO    AR Logistic lags: [1, 2, 3, 4, 5, 6, 7, 14, 21, 30]
21:48:01  src.cpcv.pipeline  INFO    [ 73/84]          ar_logistic (seed=0) F1=0.485  AUC=0.524  LL=0.6869 (0.0s)
21:48:01  src.cpcv.pipeline  INFO    [ 74/84]          ar_logistic (seed=1) F1=0.485  AUC=0.524  LL=0.6869 (0.0s)
21:48:01  src.cpcv.pipeline  INFO    [ 75/84]          ar_logistic (seed=2) F1=0.485  AUC=0.524  LL=0.6869 (0.0s)
21:48:01  src.cpcv.preprocessing  INFO  Feature selection skipped (AR Logistic uses lagged returns only)
21:48:01  src.cpcv.pipeline  INFO    Preprocessing: FFD + scaling only (no feature selection), train=527 + cal=132, test=288
21:48:01  src.cpcv.pipeline  INFO    AR Logistic lags: [1, 2, 3, 4, 5, 6, 7, 14, 21, 30]
21:48:01  src.cpcv.pipeline  INFO    [ 76/84]          ar_logistic (seed=0) F1=0.452  AUC=0.486  LL=0.7167 (0.0s)
21:48:01  src.cpcv.pipeline  INFO    [ 77/84]          ar_logistic (seed=1) F1=0.452  AUC=0.486  LL=0.7167 (0.0s)
21:48:01  src.cpcv.pipeline  INFO    [ 78/84]          ar_logistic (seed=2) F1=0.452  AUC=0.486  LL=0.7167 (0.0s)
21:48:01  src.cpcv.preprocessing  INFO  Feature selection skipped (AR Logistic uses lagged returns only)
21:48:01  src.cpcv.pipeline  INFO    Preprocessing: FFD + scaling only (no feature selection), train=519 + cal=130, test=295
21:48:01  src.cpcv.pipeline  INFO    AR Logistic lags: [1, 2, 3, 4, 5, 6, 7, 14, 21, 30]
21:48:01  src.cpcv.pipeline  INFO    [ 79/84]          ar_logistic (seed=0) F1=0.440  AUC=0.486  LL=0.7012 (0.0s)
21:48:01  src.cpcv.pipeline  INFO    [ 80/84]          ar_logistic (seed=1) F1=0.440  AUC=0.486  LL=0.7012 (0.0s)
21:48:01  src.cpcv.pipeline  INFO    [ 81/84]          ar_logistic (seed=2) F1=0.440  AUC=0.486  LL=0.7012 (0.0s)
21:48:02  src.cpcv.preprocessing  INFO  Feature selection skipped (AR Logistic uses lagged returns only)
21:48:02  src.cpcv.pipeline  INFO    Preprocessing: FFD + scaling only (no feature selection), train=531 + cal=133, test=295
21:48:02  src.cpcv.pipeline  INFO    AR Logistic lags: [1, 2, 3, 4, 5, 6, 7, 14, 21, 30]
21:48:02  src.cpcv.pipeline  INFO    [ 82/84]          ar_logistic (seed=0) F1=0.444  AUC=0.420  LL=0.7190 (0.0s)
21:48:02  src.cpcv.pipeline  INFO    [ 83/84]          ar_logistic (seed=1) F1=0.444  AUC=0.420  LL=0.7190 (0.0s)
21:48:02  src.cpcv.pipeline  INFO    [ 84/84]          ar_logistic (seed=2) F1=0.444  AUC=0.420  LL=0.7190 (0.0s)
21:48:02  src.cpcv.pipeline  INFO  ============================================================
21:48:02  src.cpcv.pipeline  INFO  CPCV Pipeline Complete
21:48:02  src.cpcv.pipeline  INFO  ============================================================
21:48:02  src.cpcv.pipeline  INFO    Total time:     8.7s (0.1m)
21:48:02  src.cpcv.pipeline  INFO    Tasks:          84 succeeded, 0 failed
21:48:02  src.cpcv.pipeline  INFO    Results keys:   84 (model, split, seed) entries
21:48:02  src.cpcv.pipeline  INFO    Backtest paths: 7
21:48:02  src.cpcv.pipeline  INFO  ============================================================
21:48:02  src.cpcv.pipeline  INFO  ============================================================
21:48:02  src.cpcv.pipeline  INFO  CPCV Pipeline
21:48:02  src.cpcv.pipeline  INFO  ============================================================
21:48:02  src.cpcv.pipeline  INFO    Models:         ['logistic']
21:48:02  src.cpcv.pipeline  INFO    Seeds/fold:     3
21:48:02  src.cpcv.pipeline  INFO    Groups (N):     8
21:48:02  src.cpcv.pipeline  INFO    Test groups (k):2
21:48:02  src.cpcv.pipeline  INFO    Embargo:        1.0%
21:48:02  src.cpcv.pipeline  INFO    FFD columns:    ['atr']
21:48:02  src.cpcv.pipeline  INFO    Samples:        1159
21:48:02  src.cpcv.pipeline  INFO    Features:       66
21:48:02  src.cpcv.pipeline  INFO    Splits:         28, Paths: 7
21:48:02  src.cpcv.pipeline  INFO    Tuning:         NESTED (per-split) — ['logistic'] [30 trials]
21:48:02  src.cpcv.pipeline  INFO  ============================================================
21:48:03  src.cpcv.preprocessing  INFO  Computing MDA (Random Forest)...
21:48:34  src.cpcv.preprocessing  INFO  Computing MDA (Logistic Regression)...
21:48:35  src.cpcv.preprocessing  INFO  Multi-model MDA: 29/66 passed (MDA > 0), 37 eliminated
21:48:35  src.cpcv.preprocessing  INFO    Capped at 19 features (top_k_frac=0.3)
21:48:35  src.cpcv.preprocessing  INFO    Selected (19): ['chaikin_osc', 'ema_ratio_50_200', 'exchange_supply_pct', 'jarque_bera', 'log_returns', 'log_returns_lag1', 'log_returns_lag4', 'log_returns_lag7', 'macd_hist', 'net_exchange_flow', 'roc_14', 'silver_ret_30', 'smt_exp', 'sp500_ret_30', 'stoch_d', 'us10y', 'us2y', 'vix', 'vol_term_7_30']
21:48:35  src.cpcv.pipeline  INFO    Preprocessing: 19 features selected, train=688 + cal=172, test=89
21:48:35  src.cpcv.tuning  INFO  Tuning (1 model) — Optuna TPE + Purged K-Fold (inner: 3 folds, embargo=10 obs)
21:48:35  src.cpcv.tuning  INFO    [tuning] logistic: 3 purged K-fold splits, 30 Optuna trials (TPE)
21:48:36  src.cpcv.tuning  INFO      logistic: 14 completed, 16 pruned (of 30 total) — best log_loss=0.6856, params={'C': 0.054502936945582565, 'penalty': 'l1'}
21:48:36  src.cpcv.tuning  INFO    [tuning] logistic done in 0.6s — best log_loss=0.6856
21:48:36  src.cpcv.tuning  INFO  Tuning total: 0.6s
21:48:36  src.cpcv.pipeline  INFO      applied logistic: {'C': 0.054502936945582565, 'penalty': 'l1'}
21:48:36  src.cpcv.pipeline  INFO    [  1/84]             logistic (seed=0) F1=0.511  AUC=0.530  LL=0.6840 (0.0s)
21:48:36  src.cpcv.pipeline  INFO    [  2/84]             logistic (seed=1) F1=0.511  AUC=0.530  LL=0.6840 (0.0s)
21:48:36  src.cpcv.pipeline  INFO    [  3/84]             logistic (seed=2) F1=0.511  AUC=0.530  LL=0.6839 (0.0s)
21:48:36  src.cpcv.preprocessing  INFO  Computing MDA (Random Forest)...
21:49:09  src.cpcv.preprocessing  INFO  Computing MDA (Logistic Regression)...
21:49:11  src.cpcv.preprocessing  INFO  Multi-model MDA: 63/66 passed (MDA > 0), 3 eliminated
21:49:11  src.cpcv.preprocessing  INFO    Capped at 19 features (top_k_frac=0.3)
21:49:11  src.cpcv.preprocessing  INFO    Selected (19): ['atr', 'bb_width', 'dxy_roc_30', 'ema_ratio_20_50', 'ema_ratio_50_200', 'issuance_ntv', 'jarque_bera', 'log_returns', 'log_returns_lag2', 'macd_hist', 'nasdaq_ret_30', 'net_exchange_flow', 'realized_vol', 'shannon_entropy', 'silver_ret_30', 'skewness', 'smt_exp', 'vix', 'yield_curve_10y30y']
21:49:11  src.cpcv.pipeline  INFO    Preprocessing: 19 features selected, train=643 + cal=161, test=144
21:49:11  src.cpcv.tuning  INFO  Tuning (1 model) — Optuna TPE + Purged K-Fold (inner: 3 folds, embargo=10 obs)
21:49:11  src.cpcv.tuning  INFO    [tuning] logistic: 3 purged K-fold splits, 30 Optuna trials (TPE)
21:49:11  src.cpcv.tuning  INFO      logistic: 14 completed, 16 pruned (of 30 total) — best log_loss=0.6863, params={'C': 0.054502936945582565, 'penalty': 'l1'}
21:49:11  src.cpcv.tuning  INFO    [tuning] logistic done in 0.7s — best log_loss=0.6863
21:49:11  src.cpcv.tuning  INFO  Tuning total: 0.7s
21:49:11  src.cpcv.pipeline  INFO      applied logistic: {'C': 0.054502936945582565, 'penalty': 'l1'}
21:49:11  src.cpcv.pipeline  INFO    [  4/84]             logistic (seed=0) F1=0.311  AUC=0.531  LL=0.7256 (0.0s)
21:49:11  src.cpcv.pipeline  INFO    [  5/84]             logistic (seed=1) F1=0.311  AUC=0.531  LL=0.7256 (0.0s)
21:49:11  src.cpcv.pipeline  INFO    [  6/84]             logistic (seed=2) F1=0.311  AUC=0.531  LL=0.7256 (0.0s)
21:49:12  src.cpcv.preprocessing  INFO  Computing MDA (Random Forest)...
21:49:53  src.cpcv.preprocessing  INFO  Computing MDA (Logistic Regression)...
21:49:54  src.cpcv.preprocessing  INFO  Multi-model MDA: 38/66 passed (MDA > 0), 28 eliminated
21:49:54  src.cpcv.preprocessing  INFO    Capped at 19 features (top_k_frac=0.3)
21:49:54  src.cpcv.preprocessing  INFO    Selected (19): ['ema_ratio_20_50', 'eth_btc_ratio', 'gk_vol', 'gold_ret_30', 'hashrate_roc_30', 'kurtosis', 'log_returns_lag5', 'macd_signal', 'natgas_ret_30', 'realized_vol', 'roc_14', 'shannon_entropy', 'silver_ret_30', 'skewness', 'smt_exp', 'smt_poly1', 'stoch_d', 'variance_ratio', 'vol_term_7_30']
21:49:54  src.cpcv.pipeline  INFO    Preprocessing: 19 features selected, train=644 + cal=161, test=144
21:49:54  src.cpcv.tuning  INFO  Tuning (1 model) — Optuna TPE + Purged K-Fold (inner: 3 folds, embargo=10 obs)
21:49:54  src.cpcv.tuning  INFO    [tuning] logistic: 3 purged K-fold splits, 30 Optuna trials (TPE)
21:49:55  src.cpcv.tuning  INFO      logistic: 15 completed, 15 pruned (of 30 total) — best log_loss=0.6803, params={'C': 0.100177425156941, 'penalty': 'l1'}
21:49:55  src.cpcv.tuning  INFO    [tuning] logistic done in 0.6s — best log_loss=0.6803
21:49:55  src.cpcv.tuning  INFO  Tuning total: 0.6s
21:49:55  src.cpcv.pipeline  INFO      applied logistic: {'C': 0.100177425156941, 'penalty': 'l1'}
21:49:55  src.cpcv.pipeline  INFO    [  7/84]             logistic (seed=0) F1=0.391  AUC=0.505  LL=0.6952 (0.0s)
21:49:55  src.cpcv.pipeline  INFO    [  8/84]             logistic (seed=1) F1=0.391  AUC=0.505  LL=0.6952 (0.0s)
21:49:55  src.cpcv.pipeline  INFO    [  9/84]             logistic (seed=2) F1=0.391  AUC=0.505  LL=0.6952 (0.0s)
21:49:55  src.cpcv.preprocessing  INFO  Computing MDA (Random Forest)...
21:50:34  src.cpcv.preprocessing  INFO  Computing MDA (Logistic Regression)...
21:50:35  src.cpcv.preprocessing  INFO  Multi-model MDA: 46/66 passed (MDA > 0), 20 eliminated
21:50:35  src.cpcv.preprocessing  INFO    Capped at 19 features (top_k_frac=0.3)
21:50:35  src.cpcv.preprocessing  INFO    Selected (19): ['gk_vol', 'hashrate_roc_30', 'jarque_bera', 'log_returns', 'log_returns_lag5', 'log_returns_lag7', 'macd', 'mfi_14', 'mvrv', 'natgas_ret_30', 'roc_14', 'sadf', 'shannon_entropy', 'silver_ret_30', 'smt_exp', 'sp500_ret_30', 'stoch_d', 'variance_ratio', 'vix']
21:50:35  src.cpcv.pipeline  INFO    Preprocessing: 19 features selected, train=644 + cal=161, test=144
21:50:35  src.cpcv.tuning  INFO  Tuning (1 model) — Optuna TPE + Purged K-Fold (inner: 3 folds, embargo=10 obs)
21:50:35  src.cpcv.tuning  INFO    [tuning] logistic: 3 purged K-fold splits, 30 Optuna trials (TPE)
21:50:36  src.cpcv.tuning  INFO      logistic: 24 completed, 6 pruned (of 30 total) — best log_loss=0.6856, params={'C': 0.054502936945582565, 'penalty': 'l1'}
21:50:36  src.cpcv.tuning  INFO    [tuning] logistic done in 0.8s — best log_loss=0.6856
21:50:36  src.cpcv.tuning  INFO  Tuning total: 0.8s
21:50:36  src.cpcv.pipeline  INFO      applied logistic: {'C': 0.054502936945582565, 'penalty': 'l1'}
21:50:36  src.cpcv.pipeline  INFO    [ 10/84]             logistic (seed=0) F1=0.404  AUC=0.534  LL=0.6790 (0.0s)
21:50:36  src.cpcv.pipeline  INFO    [ 11/84]             logistic (seed=1) F1=0.404  AUC=0.534  LL=0.6790 (0.0s)
21:50:36  src.cpcv.pipeline  INFO    [ 12/84]             logistic (seed=2) F1=0.404  AUC=0.534  LL=0.6790 (0.0s)
21:50:37  src.cpcv.preprocessing  INFO  Computing MDA (Random Forest)...
21:51:18  src.cpcv.preprocessing  INFO  Computing MDA (Logistic Regression)...
21:51:19  src.cpcv.preprocessing  INFO  Multi-model MDA: 13/66 passed (MDA > 0), 53 eliminated
21:51:19  src.cpcv.preprocessing  INFO    Selected (13): ['atr', 'bb_width', 'chaikin_osc', 'ema_ratio_50_200', 'fee_per_tx', 'log_returns_lag21', 'log_returns_lag6', 'macd_hist', 'mvrv', 'rsi', 'silver_ret_30', 'skewness', 'smt_exp']
21:51:19  src.cpcv.pipeline  INFO    Preprocessing: 13 features selected, train=642 + cal=161, test=144
21:51:19  src.cpcv.tuning  INFO  Tuning (1 model) — Optuna TPE + Purged K-Fold (inner: 3 folds, embargo=10 obs)
21:51:19  src.cpcv.tuning  INFO    [tuning] logistic: 3 purged K-fold splits, 30 Optuna trials (TPE)
21:51:20  src.cpcv.tuning  INFO      logistic: 22 completed, 8 pruned (of 30 total) — best log_loss=0.6868, params={'C': 0.012184299982788685, 'penalty': 'l2'}
21:51:20  src.cpcv.tuning  INFO    [tuning] logistic done in 0.8s — best log_loss=0.6868
21:51:20  src.cpcv.tuning  INFO  Tuning total: 0.8s
21:51:20  src.cpcv.pipeline  INFO      applied logistic: {'C': 0.012184299982788685, 'penalty': 'l2'}
21:51:20  src.cpcv.pipeline  INFO    [ 13/84]             logistic (seed=0) F1=0.437  AUC=0.609  LL=0.6914 (0.0s)
21:51:20  src.cpcv.pipeline  INFO    [ 14/84]             logistic (seed=1) F1=0.437  AUC=0.609  LL=0.6914 (0.0s)
21:51:20  src.cpcv.pipeline  INFO    [ 15/84]             logistic (seed=2) F1=0.437  AUC=0.609  LL=0.6914 (0.0s)
21:51:20  src.cpcv.preprocessing  INFO  Computing MDA (Random Forest)...
21:51:57  src.cpcv.preprocessing  INFO  Computing MDA (Logistic Regression)...
21:51:58  src.cpcv.preprocessing  INFO  Multi-model MDA: 17/66 passed (MDA > 0), 49 eliminated
21:51:58  src.cpcv.preprocessing  INFO    Selected (17): ['atr', 'dxy_roc_30', 'ema_ratio_50_200', 'eth_btc_ratio', 'exchange_supply_pct', 'gold_ret_30', 'jarque_bera', 'kurtosis', 'log_returns_lag14', 'log_returns_lag2', 'log_returns_lag6', 'lz_complexity', 'macd', 'obv', 'silver_ret_30', 'tx_count_roc_14', 'vol_term_7_30']
21:51:58  src.cpcv.pipeline  INFO    Preprocessing: 17 features selected, train=643 + cal=161, test=144
21:51:58  src.cpcv.tuning  INFO  Tuning (1 model) — Optuna TPE + Purged K-Fold (inner: 3 folds, embargo=10 obs)
21:51:58  src.cpcv.tuning  INFO    [tuning] logistic: 3 purged K-fold splits, 30 Optuna trials (TPE)
21:51:59  src.cpcv.tuning  INFO      logistic: 14 completed, 16 pruned (of 30 total) — best log_loss=0.6833, params={'C': 0.017670169402947963, 'penalty': 'l1'}
21:51:59  src.cpcv.tuning  INFO    [tuning] logistic done in 1.0s — best log_loss=0.6833
21:51:59  src.cpcv.tuning  INFO  Tuning total: 1.0s
21:51:59  src.cpcv.pipeline  INFO      applied logistic: {'C': 0.017670169402947963, 'penalty': 'l1'}
21:51:59  src.cpcv.pipeline  INFO    [ 16/84]             logistic (seed=0) F1=0.473  AUC=0.517  LL=0.6835 (0.0s)
21:51:59  src.cpcv.pipeline  INFO    [ 17/84]             logistic (seed=1) F1=0.473  AUC=0.517  LL=0.6835 (0.0s)
21:51:59  src.cpcv.pipeline  INFO    [ 18/84]             logistic (seed=2) F1=0.473  AUC=0.517  LL=0.6835 (0.0s)
21:52:00  src.cpcv.preprocessing  INFO  Computing MDA (Random Forest)...
21:52:44  src.cpcv.preprocessing  INFO  Computing MDA (Logistic Regression)...
21:52:45  src.cpcv.preprocessing  INFO  Multi-model MDA: 29/66 passed (MDA > 0), 37 eliminated
21:52:45  src.cpcv.preprocessing  INFO    Capped at 19 features (top_k_frac=0.3)
21:52:45  src.cpcv.preprocessing  INFO    Selected (19): ['atr', 'bb_width', 'cci_14', 'eth_btc_ratio', 'hashrate_roc_30', 'jarque_bera', 'log_returns_lag21', 'log_returns_lag4', 'log_returns_lag6', 'log_returns_lag7', 'macd', 'silver_ret_30', 'skewness', 'smt_exp', 'sp500_ret_30', 'stoch_k', 'us10y', 'williams_r', 'yield_curve_10y30y']
21:52:45  src.cpcv.pipeline  INFO    Preprocessing: 19 features selected, train=644 + cal=162, test=151
21:52:45  src.cpcv.tuning  INFO  Tuning (1 model) — Optuna TPE + Purged K-Fold (inner: 3 folds, embargo=10 obs)
21:52:45  src.cpcv.tuning  INFO    [tuning] logistic: 3 purged K-fold splits, 30 Optuna trials (TPE)
21:52:46  src.cpcv.tuning  INFO      logistic: 28 completed, 2 pruned (of 30 total) — best log_loss=0.6835, params={'C': 0.017670169402947963, 'penalty': 'l1'}
21:52:46  src.cpcv.tuning  INFO    [tuning] logistic done in 1.1s — best log_loss=0.6835
21:52:46  src.cpcv.tuning  INFO  Tuning total: 1.1s
21:52:46  src.cpcv.pipeline  INFO      applied logistic: {'C': 0.017670169402947963, 'penalty': 'l1'}
21:52:46  src.cpcv.pipeline  INFO    [ 19/84]             logistic (seed=0) F1=0.471  AUC=0.583  LL=0.6897 (0.0s)
21:52:46  src.cpcv.pipeline  INFO    [ 20/84]             logistic (seed=1) F1=0.471  AUC=0.583  LL=0.6897 (0.0s)
21:52:46  src.cpcv.pipeline  INFO    [ 21/84]             logistic (seed=2) F1=0.471  AUC=0.583  LL=0.6897 (0.0s)
21:52:47  src.cpcv.preprocessing  INFO  Computing MDA (Random Forest)...
21:53:25  src.cpcv.preprocessing  INFO  Computing MDA (Logistic Regression)...
21:53:26  src.cpcv.preprocessing  INFO  Multi-model MDA: 34/66 passed (MDA > 0), 32 eliminated
21:53:26  src.cpcv.preprocessing  INFO    Capped at 19 features (top_k_frac=0.3)
21:53:26  src.cpcv.preprocessing  INFO    Selected (19): ['atr', 'bb_width', 'chaikin_osc', 'eth_btc_ratio', 'issuance_ntv', 'log_returns_lag1', 'log_returns_lag2', 'log_returns_lag7', 'lz_complexity', 'net_exchange_flow', 'roc_14', 'sadf', 'silver_ret_30', 'skewness', 'stoch_k', 'vol_term_7_30', 'williams_r', 'yield_curve_2y10y', 'yz_vol']
21:53:26  src.cpcv.pipeline  INFO    Preprocessing: 19 features selected, train=572 + cal=144, test=233
21:53:26  src.cpcv.tuning  INFO  Tuning (1 model) — Optuna TPE + Purged K-Fold (inner: 3 folds, embargo=10 obs)
21:53:26  src.cpcv.tuning  INFO    [tuning] logistic: 3 purged K-fold splits, 30 Optuna trials (TPE)
21:53:27  src.cpcv.tuning  INFO      logistic: 25 completed, 5 pruned (of 30 total) — best log_loss=0.6920, params={'C': 0.003409264942037956, 'penalty': 'l2'}
21:53:27  src.cpcv.tuning  INFO    [tuning] logistic done in 0.9s — best log_loss=0.6920
21:53:27  src.cpcv.tuning  INFO  Tuning total: 0.9s
21:53:27  src.cpcv.pipeline  INFO      applied logistic: {'C': 0.003409264942037956, 'penalty': 'l2'}
21:53:27  src.cpcv.pipeline  INFO    [ 22/84]             logistic (seed=0) F1=0.488  AUC=0.571  LL=0.7354 (0.0s)
21:53:27  src.cpcv.pipeline  INFO    [ 23/84]             logistic (seed=1) F1=0.488  AUC=0.571  LL=0.7354 (0.0s)
21:53:27  src.cpcv.pipeline  INFO    [ 24/84]             logistic (seed=2) F1=0.488  AUC=0.571  LL=0.7354 (0.0s)
21:53:28  src.cpcv.preprocessing  INFO  Computing MDA (Random Forest)...
21:54:05  src.cpcv.preprocessing  INFO  Computing MDA (Logistic Regression)...
21:54:06  src.cpcv.preprocessing  INFO  Multi-model MDA: 37/66 passed (MDA > 0), 29 eliminated
21:54:06  src.cpcv.preprocessing  INFO    Capped at 19 features (top_k_frac=0.3)
21:54:06  src.cpcv.preprocessing  INFO    Selected (19): ['cci_14', 'eth_btc_ratio', 'gk_vol', 'gold_ret_30', 'log_returns_lag2', 'log_returns_lag21', 'log_returns_lag4', 'log_returns_lag6', 'macd_hist', 'macd_signal', 'negentropy', 'oil_ret_30', 'silver_ret_30', 'sp500_ret_30', 'tx_count_roc_14', 'us10y', 'us2y', 'variance_ratio', 'vix']
21:54:06  src.cpcv.pipeline  INFO    Preprocessing: 19 features selected, train=564 + cal=141, test=233
21:54:06  src.cpcv.tuning  INFO  Tuning (1 model) — Optuna TPE + Purged K-Fold (inner: 3 folds, embargo=10 obs)
21:54:06  src.cpcv.tuning  INFO    [tuning] logistic: 3 purged K-fold splits, 30 Optuna trials (TPE)
21:54:07  src.cpcv.tuning  INFO      logistic: 20 completed, 10 pruned (of 30 total) — best log_loss=0.6921, params={'C': 0.054502936945582565, 'penalty': 'l1'}
21:54:07  src.cpcv.tuning  INFO    [tuning] logistic done in 0.6s — best log_loss=0.6921
21:54:07  src.cpcv.tuning  INFO  Tuning total: 0.6s
21:54:07  src.cpcv.pipeline  INFO      applied logistic: {'C': 0.054502936945582565, 'penalty': 'l1'}
21:54:07  src.cpcv.pipeline  INFO    [ 25/84]             logistic (seed=0) F1=0.396  AUC=0.479  LL=0.7260 (0.0s)
21:54:07  src.cpcv.pipeline  INFO    [ 26/84]             logistic (seed=1) F1=0.396  AUC=0.479  LL=0.7260 (0.0s)
21:54:07  src.cpcv.pipeline  INFO    [ 27/84]             logistic (seed=2) F1=0.396  AUC=0.479  LL=0.7260 (0.0s)
21:54:07  src.cpcv.preprocessing  INFO  Computing MDA (Random Forest)...
21:54:45  src.cpcv.preprocessing  INFO  Computing MDA (Logistic Regression)...
21:54:47  src.cpcv.preprocessing  INFO  Multi-model MDA: 34/66 passed (MDA > 0), 32 eliminated
21:54:47  src.cpcv.preprocessing  INFO    Capped at 19 features (top_k_frac=0.3)
21:54:47  src.cpcv.preprocessing  INFO    Selected (19): ['active_addr_roc_14', 'eth_btc_ratio', 'gk_vol', 'jarque_bera', 'log_returns', 'log_returns_lag21', 'log_returns_lag4', 'lz_complexity', 'mfi_14', 'mvrv', 'natgas_ret_30', 'negentropy', 'realized_vol', 'shannon_entropy', 'skewness', 'stoch_k', 'vix', 'vwma_ratio_20_50', 'yz_vol']
21:54:47  src.cpcv.pipeline  INFO    Preprocessing: 19 features selected, train=564 + cal=141, test=233
21:54:47  src.cpcv.tuning  INFO  Tuning (1 model) — Optuna TPE + Purged K-Fold (inner: 3 folds, embargo=10 obs)
21:54:47  src.cpcv.tuning  INFO    [tuning] logistic: 3 purged K-fold splits, 30 Optuna trials (TPE)
21:54:48  src.cpcv.tuning  INFO      logistic: 27 completed, 3 pruned (of 30 total) — best log_loss=0.6831, params={'C': 0.054502936945582565, 'penalty': 'l1'}
21:54:48  src.cpcv.tuning  INFO    [tuning] logistic done in 1.3s — best log_loss=0.6831
21:54:48  src.cpcv.tuning  INFO  Tuning total: 1.3s
21:54:48  src.cpcv.pipeline  INFO      applied logistic: {'C': 0.054502936945582565, 'penalty': 'l1'}
21:54:48  src.cpcv.pipeline  INFO    [ 28/84]             logistic (seed=0) F1=0.458  AUC=0.534  LL=0.6746 (0.0s)
21:54:48  src.cpcv.pipeline  INFO    [ 29/84]             logistic (seed=1) F1=0.458  AUC=0.534  LL=0.6746 (0.0s)
21:54:48  src.cpcv.pipeline  INFO    [ 30/84]             logistic (seed=2) F1=0.458  AUC=0.534  LL=0.6746 (0.0s)
21:54:48  src.cpcv.preprocessing  INFO  Computing MDA (Random Forest)...
21:55:28  src.cpcv.preprocessing  INFO  Computing MDA (Logistic Regression)...
21:55:29  src.cpcv.preprocessing  INFO  Multi-model MDA: 24/66 passed (MDA > 0), 42 eliminated
21:55:29  src.cpcv.preprocessing  INFO    Capped at 19 features (top_k_frac=0.3)
21:55:29  src.cpcv.preprocessing  INFO    Selected (19): ['bb_width', 'dxy_roc_30', 'gk_vol', 'hurst', 'jarque_bera', 'log_returns_lag14', 'log_returns_lag2', 'log_returns_lag21', 'lz_complexity', 'macd_hist', 'mfi_14', 'natgas_ret_30', 'obv', 'skewness', 'us10y', 'us2y', 'variance_ratio', 'vol_term_30_90', 'williams_r']
21:55:29  src.cpcv.pipeline  INFO    Preprocessing: 19 features selected, train=562 + cal=141, test=233
21:55:29  src.cpcv.tuning  INFO  Tuning (1 model) — Optuna TPE + Purged K-Fold (inner: 3 folds, embargo=10 obs)
21:55:29  src.cpcv.tuning  INFO    [tuning] logistic: 3 purged K-fold splits, 30 Optuna trials (TPE)
21:55:30  src.cpcv.tuning  INFO      logistic: 25 completed, 5 pruned (of 30 total) — best log_loss=0.6846, params={'C': 0.0006870101665590031, 'penalty': 'l2'}
21:55:30  src.cpcv.tuning  INFO    [tuning] logistic done in 1.0s — best log_loss=0.6846
21:55:30  src.cpcv.tuning  INFO  Tuning total: 1.0s
21:55:30  src.cpcv.pipeline  INFO      applied logistic: {'C': 0.0006870101665590031, 'penalty': 'l2'}
21:55:30  src.cpcv.pipeline  INFO    [ 31/84]             logistic (seed=0) F1=0.416  AUC=0.519  LL=0.6877 (0.0s)
21:55:30  src.cpcv.pipeline  INFO    [ 32/84]             logistic (seed=1) F1=0.416  AUC=0.519  LL=0.6877 (0.0s)
21:55:30  src.cpcv.pipeline  INFO    [ 33/84]             logistic (seed=2) F1=0.416  AUC=0.519  LL=0.6877 (0.0s)
21:55:31  src.cpcv.preprocessing  INFO  Computing MDA (Random Forest)...
21:56:10  src.cpcv.preprocessing  INFO  Computing MDA (Logistic Regression)...
21:56:11  src.cpcv.preprocessing  INFO  Multi-model MDA: 30/66 passed (MDA > 0), 36 eliminated
21:56:11  src.cpcv.preprocessing  INFO    Capped at 19 features (top_k_frac=0.3)
21:56:11  src.cpcv.preprocessing  INFO    Selected (19): ['atr', 'bb_width', 'ema_ratio_50_200', 'eth_btc_ratio', 'exchange_supply_pct', 'jarque_bera', 'log_returns_lag3', 'log_returns_lag6', 'lz_complexity', 'macd_signal', 'mfi_14', 'mvrv', 'obv', 'silver_ret_30', 'skewness', 'smt_exp', 'smt_poly1', 'us10y', 'us2y']
21:56:11  src.cpcv.pipeline  INFO    Preprocessing: 19 features selected, train=563 + cal=141, test=233
21:56:11  src.cpcv.tuning  INFO  Tuning (1 model) — Optuna TPE + Purged K-Fold (inner: 3 folds, embargo=10 obs)
21:56:11  src.cpcv.tuning  INFO    [tuning] logistic: 3 purged K-fold splits, 30 Optuna trials (TPE)
21:56:12  src.cpcv.tuning  INFO      logistic: 20 completed, 10 pruned (of 30 total) — best log_loss=0.6818, params={'C': 0.02545281483480887, 'penalty': 'l1'}
21:56:12  src.cpcv.tuning  INFO    [tuning] logistic done in 0.9s — best log_loss=0.6818
21:56:12  src.cpcv.tuning  INFO  Tuning total: 0.9s
21:56:12  src.cpcv.pipeline  INFO      applied logistic: {'C': 0.02545281483480887, 'penalty': 'l1'}
21:56:12  src.cpcv.pipeline  INFO    [ 34/84]             logistic (seed=0) F1=0.374  AUC=0.554  LL=0.6778 (0.0s)
21:56:12  src.cpcv.pipeline  INFO    [ 35/84]             logistic (seed=1) F1=0.374  AUC=0.554  LL=0.6778 (0.0s)
21:56:12  src.cpcv.pipeline  INFO    [ 36/84]             logistic (seed=2) F1=0.374  AUC=0.554  LL=0.6778 (0.0s)
21:56:12  src.cpcv.preprocessing  INFO  Computing MDA (Random Forest)...
21:56:51  src.cpcv.preprocessing  INFO  Computing MDA (Logistic Regression)...
21:56:52  src.cpcv.preprocessing  INFO  Multi-model MDA: 29/66 passed (MDA > 0), 37 eliminated
21:56:52  src.cpcv.preprocessing  INFO    Capped at 19 features (top_k_frac=0.3)
21:56:52  src.cpcv.preprocessing  INFO    Selected (19): ['bb_width', 'dxy_roc_30', 'ema_ratio_20_50', 'eth_btc_ratio', 'exchange_supply_pct', 'jarque_bera', 'log_returns', 'log_returns_lag2', 'log_returns_lag30', 'log_returns_lag7', 'macd_hist', 'sadf', 'stoch_k', 'tx_count_roc_14', 'us10y', 'us2y', 'variance_ratio', 'williams_r', 'yield_curve_2y10y']
21:56:52  src.cpcv.pipeline  INFO    Preprocessing: 19 features selected, train=564 + cal=142, test=240
21:56:52  src.cpcv.tuning  INFO  Tuning (1 model) — Optuna TPE + Purged K-Fold (inner: 3 folds, embargo=10 obs)
21:56:52  src.cpcv.tuning  INFO    [tuning] logistic: 3 purged K-fold splits, 30 Optuna trials (TPE)
21:56:54  src.cpcv.tuning  INFO      logistic: 22 completed, 8 pruned (of 30 total) — best log_loss=0.6832, params={'C': 0.00046361177604192707, 'penalty': 'l2'}
21:56:54  src.cpcv.tuning  INFO    [tuning] logistic done in 1.1s — best log_loss=0.6832
21:56:54  src.cpcv.tuning  INFO  Tuning total: 1.1s
21:56:54  src.cpcv.pipeline  INFO      applied logistic: {'C': 0.00046361177604192707, 'penalty': 'l2'}
21:56:54  src.cpcv.pipeline  INFO    [ 37/84]             logistic (seed=0) F1=0.373  AUC=0.574  LL=0.6693 (0.0s)
21:56:54  src.cpcv.pipeline  INFO    [ 38/84]             logistic (seed=1) F1=0.373  AUC=0.574  LL=0.6693 (0.0s)
21:56:54  src.cpcv.pipeline  INFO    [ 39/84]             logistic (seed=2) F1=0.373  AUC=0.574  LL=0.6693 (0.0s)
21:56:54  src.cpcv.preprocessing  INFO  Computing MDA (Random Forest)...
21:57:32  src.cpcv.preprocessing  INFO  Computing MDA (Logistic Regression)...
21:57:33  src.cpcv.preprocessing  INFO  Multi-model MDA: 11/66 passed (MDA > 0), 55 eliminated
21:57:33  src.cpcv.preprocessing  INFO    Selected (11): ['chaikin_osc', 'ema_ratio_50_200', 'log_returns_lag3', 'log_returns_lag4', 'negentropy', 'realized_vol', 'vol_term_30_90', 'vol_term_7_30', 'vwma_ratio_20_50', 'williams_r', 'yz_vol']
21:57:33  src.cpcv.pipeline  INFO    Preprocessing: 11 features selected, train=528 + cal=132, test=288
21:57:33  src.cpcv.tuning  INFO  Tuning (1 model) — Optuna TPE + Purged K-Fold (inner: 3 folds, embargo=10 obs)
21:57:33  src.cpcv.tuning  INFO    [tuning] logistic: 3 purged K-fold splits, 30 Optuna trials (TPE)
21:57:33  src.cpcv.tuning  INFO      logistic: 24 completed, 6 pruned (of 30 total) — best log_loss=0.6931, params={'C': 0.017670169402947963, 'penalty': 'l1'}
21:57:33  src.cpcv.tuning  INFO    [tuning] logistic done in 0.6s — best log_loss=0.6931
21:57:33  src.cpcv.tuning  INFO  Tuning total: 0.6s
21:57:33  src.cpcv.pipeline  INFO      applied logistic: {'C': 0.017670169402947963, 'penalty': 'l1'}
21:57:33  src.cpcv.pipeline  INFO    [ 40/84]             logistic (seed=0) F1=0.338  AUC=0.500  LL=0.6944 (0.0s)
21:57:33  src.cpcv.pipeline  INFO    [ 41/84]             logistic (seed=1) F1=0.338  AUC=0.500  LL=0.6944 (0.0s)
21:57:33  src.cpcv.pipeline  INFO    [ 42/84]             logistic (seed=2) F1=0.338  AUC=0.500  LL=0.6944 (0.0s)
21:57:34  src.cpcv.preprocessing  INFO  Computing MDA (Random Forest)...
21:58:12  src.cpcv.preprocessing  INFO  Computing MDA (Logistic Regression)...
21:58:14  src.cpcv.preprocessing  INFO  Multi-model MDA: 53/66 passed (MDA > 0), 13 eliminated
21:58:14  src.cpcv.preprocessing  INFO    Capped at 19 features (top_k_frac=0.3)
21:58:14  src.cpcv.preprocessing  INFO    Selected (19): ['bb_width', 'copper_ret_30', 'dxy_roc_30', 'ema_ratio_20_50', 'eth_btc_ratio', 'jarque_bera', 'log_returns', 'log_returns_lag21', 'nasdaq_ret_30', 'natgas_ret_30', 'oil_ret_30', 'roc_14', 'rsi', 'sadf', 'silver_ret_30', 'stoch_d', 'us2y', 'vol_term_30_90', 'yield_curve_10y30y']
21:58:14  src.cpcv.pipeline  INFO    Preprocessing: 19 features selected, train=519 + cal=130, test=288
21:58:14  src.cpcv.tuning  INFO  Tuning (1 model) — Optuna TPE + Purged K-Fold (inner: 3 folds, embargo=10 obs)
21:58:14  src.cpcv.tuning  INFO    [tuning] logistic: 3 purged K-fold splits, 30 Optuna trials (TPE)
21:58:15  src.cpcv.tuning  INFO      logistic: 15 completed, 15 pruned (of 30 total) — best log_loss=0.6807, params={'C': 0.054502936945582565, 'penalty': 'l1'}
21:58:15  src.cpcv.tuning  INFO    [tuning] logistic done in 0.8s — best log_loss=0.6807
21:58:15  src.cpcv.tuning  INFO  Tuning total: 0.8s
21:58:15  src.cpcv.pipeline  INFO      applied logistic: {'C': 0.054502936945582565, 'penalty': 'l1'}
21:58:15  src.cpcv.pipeline  INFO    [ 43/84]             logistic (seed=0) F1=0.387  AUC=0.535  LL=0.6955 (0.0s)
21:58:15  src.cpcv.pipeline  INFO    [ 44/84]             logistic (seed=1) F1=0.387  AUC=0.535  LL=0.6955 (0.0s)
21:58:15  src.cpcv.pipeline  INFO    [ 45/84]             logistic (seed=2) F1=0.387  AUC=0.535  LL=0.6955 (0.0s)
21:58:15  src.cpcv.preprocessing  INFO  Computing MDA (Random Forest)...
21:58:54  src.cpcv.preprocessing  INFO  Computing MDA (Logistic Regression)...
21:58:56  src.cpcv.preprocessing  INFO  Multi-model MDA: 36/66 passed (MDA > 0), 30 eliminated
21:58:56  src.cpcv.preprocessing  INFO    Capped at 19 features (top_k_frac=0.3)
21:58:56  src.cpcv.preprocessing  INFO    Selected (19): ['atr', 'copper_ret_30', 'ema_ratio_20_50', 'ema_ratio_50_200', 'gk_vol', 'jarque_bera', 'kurtosis', 'log_returns_lag1', 'log_returns_lag2', 'log_returns_lag30', 'lz_complexity', 'obv', 'oil_ret_30', 'rsi', 'us10y', 'us2y', 'vol_term_7_30', 'yield_curve_10y30y', 'yield_curve_2y10y']
21:58:56  src.cpcv.pipeline  INFO    Preprocessing: 19 features selected, train=517 + cal=130, test=288
21:58:56  src.cpcv.tuning  INFO  Tuning (1 model) — Optuna TPE + Purged K-Fold (inner: 3 folds, embargo=10 obs)
21:58:56  src.cpcv.tuning  INFO    [tuning] logistic: 3 purged K-fold splits, 30 Optuna trials (TPE)
21:58:57  src.cpcv.tuning  INFO      logistic: 21 completed, 9 pruned (of 30 total) — best log_loss=0.6861, params={'C': 0.0019433743187027514, 'penalty': 'l2'}
21:58:57  src.cpcv.tuning  INFO    [tuning] logistic done in 1.1s — best log_loss=0.6861
21:58:57  src.cpcv.tuning  INFO  Tuning total: 1.1s
21:58:57  src.cpcv.pipeline  INFO      applied logistic: {'C': 0.0019433743187027514, 'penalty': 'l2'}
21:58:57  src.cpcv.pipeline  INFO    [ 46/84]             logistic (seed=0) F1=0.427  AUC=0.469  LL=0.7471 (0.0s)
21:58:57  src.cpcv.pipeline  INFO    [ 47/84]             logistic (seed=1) F1=0.427  AUC=0.469  LL=0.7471 (0.0s)
21:58:57  src.cpcv.pipeline  INFO    [ 48/84]             logistic (seed=2) F1=0.427  AUC=0.469  LL=0.7471 (0.0s)
21:58:57  src.cpcv.preprocessing  INFO  Computing MDA (Random Forest)...
21:59:35  src.cpcv.preprocessing  INFO  Computing MDA (Logistic Regression)...
21:59:36  src.cpcv.preprocessing  INFO  Multi-model MDA: 29/66 passed (MDA > 0), 37 eliminated
21:59:36  src.cpcv.preprocessing  INFO    Capped at 19 features (top_k_frac=0.3)
21:59:36  src.cpcv.preprocessing  INFO    Selected (19): ['bb_width', 'copper_ret_30', 'ema_ratio_20_50', 'eth_btc_ratio', 'exchange_supply_pct', 'gold_ret_30', 'jarque_bera', 'log_returns_lag2', 'log_returns_lag3', 'log_returns_lag5', 'macd_signal', 'obv', 'sadf', 'skewness', 'smt_exp', 'vol_term_30_90', 'vol_term_7_30', 'vwma_ratio_20_50', 'yz_vol']
21:59:36  src.cpcv.pipeline  INFO    Preprocessing: 19 features selected, train=518 + cal=130, test=288
21:59:36  src.cpcv.tuning  INFO  Tuning (1 model) — Optuna TPE + Purged K-Fold (inner: 3 folds, embargo=10 obs)
21:59:36  src.cpcv.tuning  INFO    [tuning] logistic: 3 purged K-fold splits, 30 Optuna trials (TPE)
21:59:37  src.cpcv.tuning  INFO      logistic: 24 completed, 6 pruned (of 30 total) — best log_loss=0.6851, params={'C': 0.0019433743187027514, 'penalty': 'l2'}
21:59:37  src.cpcv.tuning  INFO    [tuning] logistic done in 1.0s — best log_loss=0.6851
21:59:37  src.cpcv.tuning  INFO  Tuning total: 1.0s
21:59:37  src.cpcv.pipeline  INFO      applied logistic: {'C': 0.0019433743187027514, 'penalty': 'l2'}
21:59:37  src.cpcv.pipeline  INFO    [ 49/84]             logistic (seed=0) F1=0.428  AUC=0.430  LL=0.7722 (0.0s)
21:59:37  src.cpcv.pipeline  INFO    [ 50/84]             logistic (seed=1) F1=0.428  AUC=0.430  LL=0.7722 (0.0s)
21:59:37  src.cpcv.pipeline  INFO    [ 51/84]             logistic (seed=2) F1=0.428  AUC=0.430  LL=0.7722 (0.0s)
21:59:37  src.cpcv.preprocessing  INFO  Computing MDA (Random Forest)...
22:00:15  src.cpcv.preprocessing  INFO  Computing MDA (Logistic Regression)...
22:00:17  src.cpcv.preprocessing  INFO  Multi-model MDA: 37/66 passed (MDA > 0), 29 eliminated
22:00:17  src.cpcv.preprocessing  INFO    Capped at 19 features (top_k_frac=0.3)
22:00:17  src.cpcv.preprocessing  INFO    Selected (19): ['active_addr_roc_14', 'bb_width', 'chaikin_osc', 'exchange_supply_pct', 'fee_per_tx', 'gk_vol', 'gold_ret_30', 'hurst', 'jarque_bera', 'log_returns', 'log_returns_lag2', 'log_returns_lag4', 'macd_signal', 'negentropy', 'skewness', 'vol_term_30_90', 'vol_term_7_30', 'yield_curve_10y30y', 'yz_vol']
22:00:17  src.cpcv.pipeline  INFO    Preprocessing: 19 features selected, train=520 + cal=130, test=295
22:00:17  src.cpcv.tuning  INFO  Tuning (1 model) — Optuna TPE + Purged K-Fold (inner: 3 folds, embargo=10 obs)
22:00:17  src.cpcv.tuning  INFO    [tuning] logistic: 3 purged K-fold splits, 30 Optuna trials (TPE)
22:00:17  src.cpcv.tuning  INFO      logistic: 23 completed, 7 pruned (of 30 total) — best log_loss=0.6840, params={'C': 0.0012601639723276807, 'penalty': 'l2'}
22:00:17  src.cpcv.tuning  INFO    [tuning] logistic done in 0.9s — best log_loss=0.6840
22:00:17  src.cpcv.tuning  INFO  Tuning total: 0.9s
22:00:17  src.cpcv.pipeline  INFO      applied logistic: {'C': 0.0012601639723276807, 'penalty': 'l2'}
22:00:17  src.cpcv.pipeline  INFO    [ 52/84]             logistic (seed=0) F1=0.334  AUC=0.444  LL=0.7096 (0.0s)
22:00:17  src.cpcv.pipeline  INFO    [ 53/84]             logistic (seed=1) F1=0.334  AUC=0.444  LL=0.7096 (0.0s)
22:00:18  src.cpcv.pipeline  INFO    [ 54/84]             logistic (seed=2) F1=0.334  AUC=0.444  LL=0.7096 (0.0s)
22:00:18  src.cpcv.preprocessing  INFO  Computing MDA (Random Forest)...
22:00:57  src.cpcv.preprocessing  INFO  Computing MDA (Logistic Regression)...
22:00:58  src.cpcv.preprocessing  INFO  Multi-model MDA: 33/66 passed (MDA > 0), 33 eliminated
22:00:58  src.cpcv.preprocessing  INFO    Capped at 19 features (top_k_frac=0.3)
22:00:58  src.cpcv.preprocessing  INFO    Selected (19): ['cci_14', 'ema_ratio_20_50', 'eth_btc_ratio', 'issuance_ntv', 'log_returns_lag1', 'log_returns_lag2', 'log_returns_lag21', 'log_returns_lag3', 'log_returns_lag30', 'log_returns_lag5', 'natgas_ret_30', 'oil_ret_30', 'silver_ret_30', 'smt_poly1', 'stoch_d', 'variance_ratio', 'vol_term_30_90', 'vwma_ratio_20_50', 'yield_curve_10y30y']
22:00:58  src.cpcv.pipeline  INFO    Preprocessing: 19 features selected, train=528 + cal=133, test=288
22:00:58  src.cpcv.tuning  INFO  Tuning (1 model) — Optuna TPE + Purged K-Fold (inner: 3 folds, embargo=10 obs)
22:00:58  src.cpcv.tuning  INFO    [tuning] logistic: 3 purged K-fold splits, 30 Optuna trials (TPE)
22:00:59  src.cpcv.tuning  INFO      logistic: 22 completed, 8 pruned (of 30 total) — best log_loss=0.6887, params={'C': 0.0063033008924426, 'penalty': 'l2'}
22:00:59  src.cpcv.tuning  INFO    [tuning] logistic done in 0.6s — best log_loss=0.6887
22:00:59  src.cpcv.tuning  INFO  Tuning total: 0.6s
22:00:59  src.cpcv.pipeline  INFO      applied logistic: {'C': 0.0063033008924426, 'penalty': 'l2'}
22:00:59  src.cpcv.pipeline  INFO    [ 55/84]             logistic (seed=0) F1=0.400  AUC=0.469  LL=0.6925 (0.0s)
22:00:59  src.cpcv.pipeline  INFO    [ 56/84]             logistic (seed=1) F1=0.400  AUC=0.469  LL=0.6925 (0.0s)
22:00:59  src.cpcv.pipeline  INFO    [ 57/84]             logistic (seed=2) F1=0.400  AUC=0.469  LL=0.6925 (0.0s)
22:00:59  src.cpcv.preprocessing  INFO  Computing MDA (Random Forest)...
22:01:37  src.cpcv.preprocessing  INFO  Computing MDA (Logistic Regression)...
22:01:38  src.cpcv.preprocessing  INFO  Multi-model MDA: 47/66 passed (MDA > 0), 19 eliminated
22:01:38  src.cpcv.preprocessing  INFO    Capped at 19 features (top_k_frac=0.3)
22:01:38  src.cpcv.preprocessing  INFO    Selected (19): ['atr', 'bb_width', 'cci_14', 'copper_ret_30', 'dxy_roc_30', 'ema_ratio_50_200', 'gk_vol', 'gold_ret_30', 'kurtosis', 'log_returns', 'log_returns_lag5', 'log_returns_lag6', 'log_returns_lag7', 'natgas_ret_30', 'silver_ret_30', 'skewness', 'stoch_d', 'vix', 'yield_curve_10y30y']
22:01:38  src.cpcv.pipeline  INFO    Preprocessing: 19 features selected, train=518 + cal=130, test=288
22:01:38  src.cpcv.tuning  INFO  Tuning (1 model) — Optuna TPE + Purged K-Fold (inner: 3 folds, embargo=10 obs)
22:01:38  src.cpcv.tuning  INFO    [tuning] logistic: 3 purged K-fold splits, 30 Optuna trials (TPE)
22:01:39  src.cpcv.tuning  INFO      logistic: 22 completed, 8 pruned (of 30 total) — best log_loss=0.6796, params={'C': 0.013715673651577548, 'penalty': 'l2'}
22:01:39  src.cpcv.tuning  INFO    [tuning] logistic done in 0.7s — best log_loss=0.6796
22:01:39  src.cpcv.tuning  INFO  Tuning total: 0.7s
22:01:39  src.cpcv.pipeline  INFO      applied logistic: {'C': 0.013715673651577548, 'penalty': 'l2'}
22:01:39  src.cpcv.pipeline  INFO    [ 58/84]             logistic (seed=0) F1=0.518  AUC=0.588  LL=0.7081 (0.0s)
22:01:39  src.cpcv.pipeline  INFO    [ 59/84]             logistic (seed=1) F1=0.518  AUC=0.588  LL=0.7081 (0.0s)
22:01:39  src.cpcv.pipeline  INFO    [ 60/84]             logistic (seed=2) F1=0.518  AUC=0.588  LL=0.7081 (0.0s)
22:01:39  src.cpcv.preprocessing  INFO  Computing MDA (Random Forest)...
22:02:18  src.cpcv.preprocessing  INFO  Computing MDA (Logistic Regression)...
22:02:19  src.cpcv.preprocessing  INFO  Multi-model MDA: 30/66 passed (MDA > 0), 36 eliminated
22:02:19  src.cpcv.preprocessing  INFO    Capped at 19 features (top_k_frac=0.3)
22:02:19  src.cpcv.preprocessing  INFO    Selected (19): ['active_addr_roc_14', 'bb_width', 'chaikin_osc', 'dxy_roc_30', 'ema_ratio_20_50', 'eth_btc_ratio', 'exchange_supply_pct', 'fee_per_tx', 'kurtosis', 'log_returns_lag2', 'macd_hist', 'silver_ret_30', 'skewness', 'sp500_ret_30', 'us2y', 'variance_ratio', 'vol_term_30_90', 'yield_curve_10y30y', 'yz_vol']
22:02:19  src.cpcv.pipeline  INFO    Preprocessing: 19 features selected, train=519 + cal=130, test=288
22:02:19  src.cpcv.tuning  INFO  Tuning (1 model) — Optuna TPE + Purged K-Fold (inner: 3 folds, embargo=10 obs)
22:02:19  src.cpcv.tuning  INFO    [tuning] logistic: 3 purged K-fold splits, 30 Optuna trials (TPE)
22:02:20  src.cpcv.tuning  INFO      logistic: 16 completed, 14 pruned (of 30 total) — best log_loss=0.6750, params={'C': 0.12173252504194051, 'penalty': 'l1'}
22:02:20  src.cpcv.tuning  INFO    [tuning] logistic done in 0.5s — best log_loss=0.6750
22:02:20  src.cpcv.tuning  INFO  Tuning total: 0.5s
22:02:20  src.cpcv.pipeline  INFO      applied logistic: {'C': 0.12173252504194051, 'penalty': 'l1'}
22:02:20  src.cpcv.pipeline  INFO    [ 61/84]             logistic (seed=0) F1=0.507  AUC=0.523  LL=0.7149 (0.0s)
22:02:20  src.cpcv.pipeline  INFO    [ 62/84]             logistic (seed=1) F1=0.507  AUC=0.523  LL=0.7149 (0.0s)
22:02:20  src.cpcv.pipeline  INFO    [ 63/84]             logistic (seed=2) F1=0.507  AUC=0.523  LL=0.7149 (0.0s)
22:02:20  src.cpcv.preprocessing  INFO  Computing MDA (Random Forest)...
22:02:58  src.cpcv.preprocessing  INFO  Computing MDA (Logistic Regression)...
22:03:00  src.cpcv.preprocessing  INFO  Multi-model MDA: 35/66 passed (MDA > 0), 31 eliminated
22:03:00  src.cpcv.preprocessing  INFO    Capped at 19 features (top_k_frac=0.3)
22:03:00  src.cpcv.preprocessing  INFO    Selected (19): ['active_addr_roc_14', 'chaikin_osc', 'copper_ret_30', 'dxy_roc_30', 'eth_btc_ratio', 'exchange_supply_pct', 'gk_vol', 'log_returns', 'log_returns_lag14', 'log_returns_lag3', 'realized_vol', 'rsi', 'silver_ret_30', 'skewness', 'smt_poly1', 'stoch_d', 'us10y', 'us2y', 'yield_curve_10y30y']
22:03:00  src.cpcv.pipeline  INFO    Preprocessing: 19 features selected, train=520 + cal=131, test=295
22:03:00  src.cpcv.tuning  INFO  Tuning (1 model) — Optuna TPE + Purged K-Fold (inner: 3 folds, embargo=10 obs)
22:03:00  src.cpcv.tuning  INFO    [tuning] logistic: 3 purged K-fold splits, 30 Optuna trials (TPE)
22:03:00  src.cpcv.tuning  INFO      logistic: 22 completed, 8 pruned (of 30 total) — best log_loss=0.6890, params={'C': 0.004149092600782365, 'penalty': 'l2'}
22:03:00  src.cpcv.tuning  INFO    [tuning] logistic done in 0.8s — best log_loss=0.6890
22:03:00  src.cpcv.tuning  INFO  Tuning total: 0.8s
22:03:00  src.cpcv.pipeline  INFO      applied logistic: {'C': 0.004149092600782365, 'penalty': 'l2'}
22:03:00  src.cpcv.pipeline  INFO    [ 64/84]             logistic (seed=0) F1=0.420  AUC=0.446  LL=0.7391 (0.0s)
22:03:00  src.cpcv.pipeline  INFO    [ 65/84]             logistic (seed=1) F1=0.420  AUC=0.446  LL=0.7391 (0.0s)
22:03:00  src.cpcv.pipeline  INFO    [ 66/84]             logistic (seed=2) F1=0.420  AUC=0.446  LL=0.7391 (0.0s)
22:03:01  src.cpcv.preprocessing  INFO  Computing MDA (Random Forest)...
22:03:39  src.cpcv.preprocessing  INFO  Computing MDA (Logistic Regression)...
22:03:40  src.cpcv.preprocessing  INFO  Multi-model MDA: 29/66 passed (MDA > 0), 37 eliminated
22:03:40  src.cpcv.preprocessing  INFO    Capped at 19 features (top_k_frac=0.3)
22:03:40  src.cpcv.preprocessing  INFO    Selected (19): ['active_addr_roc_14', 'atr', 'bb_width', 'cci_14', 'chaikin_osc', 'log_returns_lag5', 'log_returns_lag7', 'macd', 'macd_signal', 'nasdaq_ret_30', 'net_exchange_flow', 'obv', 'realized_vol', 'roc_14', 'rsi', 'sadf', 'silver_ret_30', 'stoch_k', 'yield_curve_2y10y']
22:03:40  src.cpcv.pipeline  INFO    Preprocessing: 19 features selected, train=528 + cal=133, test=288
22:03:40  src.cpcv.tuning  INFO  Tuning (1 model) — Optuna TPE + Purged K-Fold (inner: 3 folds, embargo=10 obs)
22:03:40  src.cpcv.tuning  INFO    [tuning] logistic: 3 purged K-fold splits, 30 Optuna trials (TPE)
22:03:41  src.cpcv.tuning  INFO      logistic: 24 completed, 6 pruned (of 30 total) — best log_loss=0.6904, params={'C': 0.003812333516162694, 'penalty': 'l2'}
22:03:41  src.cpcv.tuning  INFO    [tuning] logistic done in 0.8s — best log_loss=0.6904
22:03:41  src.cpcv.tuning  INFO  Tuning total: 0.8s
22:03:41  src.cpcv.pipeline  INFO      applied logistic: {'C': 0.003812333516162694, 'penalty': 'l2'}
22:03:41  src.cpcv.pipeline  INFO    [ 67/84]             logistic (seed=0) F1=0.356  AUC=0.550  LL=0.6868 (0.0s)
22:03:41  src.cpcv.pipeline  INFO    [ 68/84]             logistic (seed=1) F1=0.356  AUC=0.550  LL=0.6868 (0.0s)
22:03:41  src.cpcv.pipeline  INFO    [ 69/84]             logistic (seed=2) F1=0.356  AUC=0.550  LL=0.6868 (0.0s)
22:03:41  src.cpcv.preprocessing  INFO  Computing MDA (Random Forest)...
22:04:22  src.cpcv.preprocessing  INFO  Computing MDA (Logistic Regression)...
22:04:24  src.cpcv.preprocessing  INFO  Multi-model MDA: 17/66 passed (MDA > 0), 49 eliminated
22:04:24  src.cpcv.preprocessing  INFO    Selected (17): ['ema_ratio_50_200', 'eth_btc_ratio', 'exchange_supply_pct', 'gold_ret_30', 'kurtosis', 'log_returns_lag1', 'log_returns_lag30', 'macd', 'macd_signal', 'natgas_ret_30', 'sadf', 'silver_ret_30', 'skewness', 'smt_poly1', 'yield_curve_10y30y', 'yield_curve_2y10y', 'yz_vol']
22:04:24  src.cpcv.pipeline  INFO    Preprocessing: 17 features selected, train=519 + cal=130, test=288
22:04:24  src.cpcv.tuning  INFO  Tuning (1 model) — Optuna TPE + Purged K-Fold (inner: 3 folds, embargo=10 obs)
22:04:24  src.cpcv.tuning  INFO    [tuning] logistic: 3 purged K-fold splits, 30 Optuna trials (TPE)
22:04:25  src.cpcv.tuning  INFO      logistic: 26 completed, 4 pruned (of 30 total) — best log_loss=0.6891, params={'C': 0.009710039488604804, 'penalty': 'l2'}
22:04:25  src.cpcv.tuning  INFO    [tuning] logistic done in 1.0s — best log_loss=0.6891
22:04:25  src.cpcv.tuning  INFO  Tuning total: 1.0s
22:04:25  src.cpcv.pipeline  INFO      applied logistic: {'C': 0.009710039488604804, 'penalty': 'l2'}
22:04:25  src.cpcv.pipeline  INFO    [ 70/84]             logistic (seed=0) F1=0.366  AUC=0.544  LL=0.6846 (0.0s)
22:04:25  src.cpcv.pipeline  INFO    [ 71/84]             logistic (seed=1) F1=0.366  AUC=0.544  LL=0.6846 (0.0s)
22:04:25  src.cpcv.pipeline  INFO    [ 72/84]             logistic (seed=2) F1=0.366  AUC=0.544  LL=0.6846 (0.0s)
22:04:25  src.cpcv.preprocessing  INFO  Computing MDA (Random Forest)...
22:05:01  src.cpcv.preprocessing  INFO  Computing MDA (Logistic Regression)...
22:05:03  src.cpcv.preprocessing  INFO  Multi-model MDA: 20/66 passed (MDA > 0), 46 eliminated
22:05:03  src.cpcv.preprocessing  INFO    Capped at 19 features (top_k_frac=0.3)
22:05:03  src.cpcv.preprocessing  INFO    Selected (19): ['active_addr_roc_14', 'copper_ret_30', 'eth_btc_ratio', 'exchange_supply_pct', 'hurst', 'kurtosis', 'log_returns_lag7', 'lz_complexity', 'macd', 'net_exchange_flow', 'oil_ret_30', 'realized_vol', 'sadf', 'silver_ret_30', 'skewness', 'smt_exp', 'us2y', 'vol_term_30_90', 'vwma_ratio_20_50']
22:05:03  src.cpcv.pipeline  INFO    Preprocessing: 19 features selected, train=520 + cal=131, test=295
22:05:03  src.cpcv.tuning  INFO  Tuning (1 model) — Optuna TPE + Purged K-Fold (inner: 3 folds, embargo=10 obs)
22:05:03  src.cpcv.tuning  INFO    [tuning] logistic: 3 purged K-fold splits, 30 Optuna trials (TPE)
22:05:03  src.cpcv.tuning  INFO      logistic: 25 completed, 5 pruned (of 30 total) — best log_loss=0.6931, params={'C': 0.017670169402947963, 'penalty': 'l1'}
22:05:03  src.cpcv.tuning  INFO    [tuning] logistic done in 0.5s — best log_loss=0.6931
22:05:03  src.cpcv.tuning  INFO  Tuning total: 0.5s
22:05:03  src.cpcv.pipeline  INFO      applied logistic: {'C': 0.017670169402947963, 'penalty': 'l1'}
22:05:03  src.cpcv.pipeline  INFO    [ 73/84]             logistic (seed=0) F1=0.366  AUC=0.500  LL=0.6850 (0.0s)
22:05:03  src.cpcv.pipeline  INFO    [ 74/84]             logistic (seed=1) F1=0.366  AUC=0.500  LL=0.6850 (0.0s)
22:05:03  src.cpcv.pipeline  INFO    [ 75/84]             logistic (seed=2) F1=0.366  AUC=0.500  LL=0.6850 (0.0s)
22:05:03  src.cpcv.preprocessing  INFO  Computing MDA (Random Forest)...
22:05:38  src.cpcv.preprocessing  INFO  Computing MDA (Logistic Regression)...
22:05:39  src.cpcv.preprocessing  INFO  Multi-model MDA: 34/66 passed (MDA > 0), 32 eliminated
22:05:39  src.cpcv.preprocessing  INFO    Capped at 19 features (top_k_frac=0.3)
22:05:39  src.cpcv.preprocessing  INFO    Selected (19): ['active_addr_roc_14', 'atr', 'chaikin_osc', 'ema_ratio_50_200', 'kurtosis', 'log_returns', 'log_returns_lag3', 'log_returns_lag6', 'macd', 'macd_hist', 'natgas_ret_30', 'sadf', 'silver_ret_30', 'skewness', 'smt_poly1', 'stoch_d', 'tx_count_roc_14', 'us2y', 'yz_vol']
22:05:39  src.cpcv.pipeline  INFO    Preprocessing: 19 features selected, train=527 + cal=132, test=288
22:05:39  src.cpcv.tuning  INFO  Tuning (1 model) — Optuna TPE + Purged K-Fold (inner: 3 folds, embargo=10 obs)
22:05:39  src.cpcv.tuning  INFO    [tuning] logistic: 3 purged K-fold splits, 30 Optuna trials (TPE)
22:05:39  src.cpcv.tuning  INFO      logistic: 23 completed, 7 pruned (of 30 total) — best log_loss=0.6915, params={'C': 0.004047985075625968, 'penalty': 'l2'}
22:05:39  src.cpcv.tuning  INFO    [tuning] logistic done in 0.7s — best log_loss=0.6915
22:05:39  src.cpcv.tuning  INFO  Tuning total: 0.7s
22:05:39  src.cpcv.pipeline  INFO      applied logistic: {'C': 0.004047985075625968, 'penalty': 'l2'}
22:05:40  src.cpcv.pipeline  INFO    [ 76/84]             logistic (seed=0) F1=0.513  AUC=0.561  LL=0.6919 (0.0s)
22:05:40  src.cpcv.pipeline  INFO    [ 77/84]             logistic (seed=1) F1=0.513  AUC=0.561  LL=0.6919 (0.0s)
22:05:40  src.cpcv.pipeline  INFO    [ 78/84]             logistic (seed=2) F1=0.513  AUC=0.561  LL=0.6919 (0.0s)
22:05:40  src.cpcv.preprocessing  INFO  Computing MDA (Random Forest)...
22:06:13  src.cpcv.preprocessing  INFO  Computing MDA (Logistic Regression)...
22:06:14  src.cpcv.preprocessing  INFO  Multi-model MDA: 9/66 passed (MDA > 0), 57 eliminated
22:06:14  src.cpcv.preprocessing  INFO    Selected (9): ['cci_14', 'copper_ret_30', 'eth_btc_ratio', 'issuance_ntv', 'log_returns_lag3', 'lz_complexity', 'natgas_ret_30', 'us10y', 'yield_curve_2y10y']
22:06:14  src.cpcv.pipeline  INFO    Preprocessing: 9 features selected, train=519 + cal=130, test=295
22:06:14  src.cpcv.tuning  INFO  Tuning (1 model) — Optuna TPE + Purged K-Fold (inner: 3 folds, embargo=10 obs)
22:06:14  src.cpcv.tuning  INFO    [tuning] logistic: 3 purged K-fold splits, 30 Optuna trials (TPE)
22:06:15  src.cpcv.tuning  INFO      logistic: 21 completed, 9 pruned (of 30 total) — best log_loss=0.6904, params={'C': 0.004149092600782365, 'penalty': 'l2'}
22:06:15  src.cpcv.tuning  INFO    [tuning] logistic done in 0.5s — best log_loss=0.6904
22:06:15  src.cpcv.tuning  INFO  Tuning total: 0.5s
22:06:15  src.cpcv.pipeline  INFO      applied logistic: {'C': 0.004149092600782365, 'penalty': 'l2'}
22:06:15  src.cpcv.pipeline  INFO    [ 79/84]             logistic (seed=0) F1=0.347  AUC=0.508  LL=0.6911 (0.0s)
22:06:15  src.cpcv.pipeline  INFO    [ 80/84]             logistic (seed=1) F1=0.347  AUC=0.508  LL=0.6911 (0.0s)
22:06:15  src.cpcv.pipeline  INFO    [ 81/84]             logistic (seed=2) F1=0.347  AUC=0.508  LL=0.6911 (0.0s)
22:06:15  src.cpcv.preprocessing  INFO  Computing MDA (Random Forest)...
22:06:49  src.cpcv.preprocessing  INFO  Computing MDA (Logistic Regression)...
22:06:50  src.cpcv.preprocessing  INFO  Multi-model MDA: 38/66 passed (MDA > 0), 28 eliminated
22:06:50  src.cpcv.preprocessing  INFO    Capped at 19 features (top_k_frac=0.3)
22:06:50  src.cpcv.preprocessing  INFO    Selected (19): ['cci_14', 'ema_ratio_50_200', 'eth_btc_ratio', 'exchange_supply_pct', 'issuance_ntv', 'kurtosis', 'log_returns', 'log_returns_lag21', 'macd_hist', 'mfi_14', 'realized_vol', 'shannon_entropy', 'smt_poly1', 'stoch_k', 'us10y', 'us2y', 'yield_curve_10y30y', 'yield_curve_2y10y', 'yz_vol']
22:06:50  src.cpcv.pipeline  INFO    Preprocessing: 19 features selected, train=531 + cal=133, test=295
22:06:50  src.cpcv.tuning  INFO  Tuning (1 model) — Optuna TPE + Purged K-Fold (inner: 3 folds, embargo=10 obs)
22:06:50  src.cpcv.tuning  INFO    [tuning] logistic: 3 purged K-fold splits, 30 Optuna trials (TPE)
22:06:51  src.cpcv.tuning  INFO      logistic: 22 completed, 8 pruned (of 30 total) — best log_loss=0.6727, params={'C': 0.08252515134233834, 'penalty': 'l2'}
22:06:51  src.cpcv.tuning  INFO    [tuning] logistic done in 0.8s — best log_loss=0.6727
22:06:51  src.cpcv.tuning  INFO  Tuning total: 0.8s
22:06:51  src.cpcv.pipeline  INFO      applied logistic: {'C': 0.08252515134233834, 'penalty': 'l2'}
22:06:51  src.cpcv.pipeline  INFO    [ 82/84]             logistic (seed=0) F1=0.435  AUC=0.487  LL=0.9112 (0.0s)
22:06:51  src.cpcv.pipeline  INFO    [ 83/84]             logistic (seed=1) F1=0.435  AUC=0.487  LL=0.9112 (0.0s)
22:06:51  src.cpcv.pipeline  INFO    [ 84/84]             logistic (seed=2) F1=0.435  AUC=0.487  LL=0.9112 (0.0s)
22:06:51  src.cpcv.pipeline  INFO  ============================================================
22:06:51  src.cpcv.pipeline  INFO  CPCV Pipeline Complete
22:06:51  src.cpcv.pipeline  INFO  ============================================================
22:06:51  src.cpcv.pipeline  INFO    Total time:     1128.2s (18.8m)
22:06:51  src.cpcv.pipeline  INFO    Tasks:          84 succeeded, 0 failed
22:06:51  src.cpcv.pipeline  INFO    Results keys:   84 (model, split, seed) entries
22:06:51  src.cpcv.pipeline  INFO    Backtest paths: 7
22:06:51  src.cpcv.pipeline  INFO    Tuning:         nested (per-split), 28 splits tuned, models=['logistic']
22:06:51  src.cpcv.pipeline  INFO  ============================================================
22:13:43  src.cpcv.pipeline  INFO  ============================================================
22:13:43  src.cpcv.pipeline  INFO  CPCV Pipeline
22:13:43  src.cpcv.pipeline  INFO  ============================================================
22:13:43  src.cpcv.pipeline  INFO    Models:         ['random_forest', 'xgboost']
22:13:43  src.cpcv.pipeline  INFO    Seeds/fold:     3
22:13:43  src.cpcv.pipeline  INFO    Groups (N):     8
22:13:43  src.cpcv.pipeline  INFO    Test groups (k):2
22:13:43  src.cpcv.pipeline  INFO    Embargo:        1.0%
22:13:43  src.cpcv.pipeline  INFO    FFD columns:    ['atr']
22:13:43  src.cpcv.pipeline  INFO    Samples:        1159
22:13:43  src.cpcv.pipeline  INFO    Features:       66
22:13:43  src.cpcv.pipeline  INFO    Splits:         28, Paths: 7
22:13:43  src.cpcv.pipeline  INFO    Tuning:         NESTED (per-split) — ['random_forest', 'xgboost'] [30 trials]
22:13:43  src.cpcv.pipeline  INFO  ============================================================
22:13:43  src.cpcv.preprocessing  INFO  Computing MDA (Random Forest)...
22:14:17  src.cpcv.preprocessing  INFO  Computing MDA (Logistic Regression)...
22:14:18  src.cpcv.preprocessing  INFO  Multi-model MDA: 29/66 passed (MDA > 0), 37 eliminated
22:14:18  src.cpcv.preprocessing  INFO    Capped at 19 features (top_k_frac=0.3)
22:14:18  src.cpcv.preprocessing  INFO    Selected (19): ['chaikin_osc', 'ema_ratio_50_200', 'exchange_supply_pct', 'jarque_bera', 'log_returns', 'log_returns_lag1', 'log_returns_lag4', 'log_returns_lag7', 'macd_hist', 'net_exchange_flow', 'roc_14', 'silver_ret_30', 'smt_exp', 'sp500_ret_30', 'stoch_d', 'us10y', 'us2y', 'vix', 'vol_term_7_30']
22:14:18  src.cpcv.pipeline  INFO    Preprocessing: 19 features selected, train=688 + cal=172, test=89
22:14:18  src.cpcv.tuning  INFO  Tuning (2 models) — Optuna TPE + Purged K-Fold (inner: 3 folds, embargo=10 obs)
22:14:18  src.cpcv.tuning  INFO    [tuning] random_forest: 3 purged K-fold splits, 30 Optuna trials (TPE)
22:15:14  src.cpcv.tuning  INFO      random_forest: 30 completed, 0 pruned (of 30 total) — best log_loss=0.6970, params={'n_estimators': 250, 'max_depth': 2, 'min_samples_leaf': 40, 'max_features': 'log2'}
22:15:14  src.cpcv.tuning  INFO    [tuning] random_forest done in 56.9s — best log_loss=0.6970
22:15:14  src.cpcv.tuning  INFO    [tuning] xgboost: 3 purged K-fold splits, 30 Optuna trials (TPE)
22:15:19  src.cpcv.tuning  INFO      xgboost: 16 completed, 14 pruned (of 30 total) — best log_loss=0.6859, params={'max_depth': 1, 'learning_rate': 0.1601531217136121, 'min_child_weight': 23, 'subsample': 0.8916028672163949, 'colsample_bytree': 0.9085081386743783, 'gamma': 3.911625006683821e-08, 'reg_alpha': 1.683416412018213e-05, 'reg_lambda': 1.1036250149900698e-07}
22:15:19  src.cpcv.tuning  INFO    [tuning] xgboost done in 4.7s — best log_loss=0.6859
22:15:19  src.cpcv.tuning  INFO  Tuning total: 61.5s
22:15:19  src.cpcv.pipeline  INFO      applied random_forest: {'n_estimators': 250, 'max_depth': 2, 'min_samples_leaf': 40, 'max_features': 'log2'}
22:15:19  src.cpcv.pipeline  INFO      applied xgboost: {'max_depth': 1, 'learning_rate': 0.1601531217136121, 'min_child_weight': 23, 'subsample': 0.8916028672163949, 'colsample_bytree': 0.9085081386743783, 'gamma': 3.911625006683821e-08, 'reg_alpha': 1.683416412018213e-05, 'reg_lambda': 1.1036250149900698e-07}
22:15:20  src.cpcv.models.tree_models  INFO  RandomForest fitted: 688 samples, 19 features, 250 trees.
22:15:20  src.cpcv.pipeline  INFO    [  1/168]        random_forest (seed=0) F1=0.395  AUC=0.514  LL=0.6503 (0.8s)
22:15:20  src.cpcv.models.tree_models  INFO  RandomForest fitted: 688 samples, 19 features, 250 trees.
22:15:21  src.cpcv.pipeline  INFO    [  2/168]        random_forest (seed=1) F1=0.395  AUC=0.536  LL=0.6431 (0.8s)
22:15:21  src.cpcv.models.tree_models  INFO  RandomForest fitted: 688 samples, 19 features, 250 trees.
22:15:21  src.cpcv.pipeline  INFO    [  3/168]        random_forest (seed=2) F1=0.443  AUC=0.502  LL=0.6569 (0.8s)
22:15:21  src.cpcv.models.tree_models  INFO  XGBoost fitted: 688 samples, early stopped at iteration 12/300.
22:15:21  src.cpcv.pipeline  INFO    [  4/168]              xgboost (seed=0) F1=0.399  AUC=0.532  LL=0.6447 (0.1s)
22:15:22  src.cpcv.models.tree_models  INFO  XGBoost fitted: 688 samples, early stopped at iteration 68/300.
22:15:22  src.cpcv.pipeline  INFO    [  5/168]              xgboost (seed=1) F1=0.418  AUC=0.444  LL=0.6640 (0.1s)
22:15:22  src.cpcv.models.tree_models  INFO  XGBoost fitted: 688 samples, early stopped at iteration 39/300.
22:15:22  src.cpcv.pipeline  INFO    [  6/168]              xgboost (seed=2) F1=0.423  AUC=0.505  LL=0.6498 (0.1s)
22:15:22  src.cpcv.preprocessing  INFO  Computing MDA (Random Forest)...
22:15:55  src.cpcv.preprocessing  INFO  Computing MDA (Logistic Regression)...
22:15:56  src.cpcv.preprocessing  INFO  Multi-model MDA: 63/66 passed (MDA > 0), 3 eliminated
22:15:56  src.cpcv.preprocessing  INFO    Capped at 19 features (top_k_frac=0.3)
22:15:56  src.cpcv.preprocessing  INFO    Selected (19): ['atr', 'bb_width', 'dxy_roc_30', 'ema_ratio_20_50', 'ema_ratio_50_200', 'issuance_ntv', 'jarque_bera', 'log_returns', 'log_returns_lag2', 'macd_hist', 'nasdaq_ret_30', 'net_exchange_flow', 'realized_vol', 'shannon_entropy', 'silver_ret_30', 'skewness', 'smt_exp', 'vix', 'yield_curve_10y30y']
22:15:56  src.cpcv.pipeline  INFO    Preprocessing: 19 features selected, train=643 + cal=161, test=144
22:15:56  src.cpcv.tuning  INFO  Tuning (2 models) — Optuna TPE + Purged K-Fold (inner: 3 folds, embargo=10 obs)
22:15:56  src.cpcv.tuning  INFO    [tuning] random_forest: 3 purged K-fold splits, 30 Optuna trials (TPE)
22:16:39  src.cpcv.tuning  INFO      random_forest: 14 completed, 16 pruned (of 30 total) — best log_loss=0.7002, params={'n_estimators': 150, 'max_depth': 2, 'min_samples_leaf': 17, 'max_features': 'log2'}
22:16:39  src.cpcv.tuning  INFO    [tuning] random_forest done in 43.7s — best log_loss=0.7002
22:16:39  src.cpcv.tuning  INFO    [tuning] xgboost: 3 purged K-fold splits, 30 Optuna trials (TPE)
22:16:43  src.cpcv.tuning  INFO      xgboost: 12 completed, 18 pruned (of 30 total) — best log_loss=0.6895, params={'max_depth': 3, 'learning_rate': 0.29529939566473157, 'min_child_weight': 28, 'subsample': 0.9421584781408807, 'colsample_bytree': 0.7270883057555448, 'gamma': 0.003283165753082932, 'reg_alpha': 0.042983938643231974, 'reg_lambda': 2.4971726427859714e-05}
22:16:43  src.cpcv.tuning  INFO    [tuning] xgboost done in 3.5s — best log_loss=0.6895
22:16:43  src.cpcv.tuning  INFO  Tuning total: 47.2s
22:16:43  src.cpcv.pipeline  INFO      applied random_forest: {'n_estimators': 150, 'max_depth': 2, 'min_samples_leaf': 17, 'max_features': 'log2'}
22:16:43  src.cpcv.pipeline  INFO      applied xgboost: {'max_depth': 3, 'learning_rate': 0.29529939566473157, 'min_child_weight': 28, 'subsample': 0.9421584781408807, 'colsample_bytree': 0.7270883057555448, 'gamma': 0.003283165753082932, 'reg_alpha': 0.042983938643231974, 'reg_lambda': 2.4971726427859714e-05}
22:16:43  src.cpcv.models.tree_models  INFO  RandomForest fitted: 643 samples, 19 features, 150 trees.
22:16:44  src.cpcv.pipeline  INFO    [  7/168]        random_forest (seed=0) F1=0.352  AUC=0.509  LL=0.7482 (0.7s)
22:16:44  src.cpcv.models.tree_models  INFO  RandomForest fitted: 643 samples, 19 features, 150 trees.
22:16:44  src.cpcv.pipeline  INFO    [  8/168]        random_forest (seed=1) F1=0.378  AUC=0.477  LL=0.7865 (0.5s)
22:16:44  src.cpcv.models.tree_models  INFO  RandomForest fitted: 643 samples, 19 features, 150 trees.
22:16:44  src.cpcv.pipeline  INFO    [  9/168]        random_forest (seed=2) F1=0.365  AUC=0.456  LL=0.7816 (0.5s)
22:16:45  src.cpcv.models.tree_models  INFO  XGBoost fitted: 643 samples, early stopped at iteration 6/300.
22:16:45  src.cpcv.pipeline  INFO    [ 10/168]              xgboost (seed=0) F1=0.361  AUC=0.412  LL=0.7633 (0.1s)
22:16:45  src.cpcv.models.tree_models  INFO  XGBoost fitted: 643 samples, early stopped at iteration 34/300.
22:16:45  src.cpcv.pipeline  INFO    [ 11/168]              xgboost (seed=1) F1=0.355  AUC=0.473  LL=0.7952 (0.1s)
22:16:45  src.cpcv.models.tree_models  INFO  XGBoost fitted: 643 samples, early stopped at iteration 17/300.
22:16:45  src.cpcv.pipeline  INFO    [ 12/168]              xgboost (seed=2) F1=0.423  AUC=0.475  LL=0.7413 (0.1s)
22:16:45  src.cpcv.preprocessing  INFO  Computing MDA (Random Forest)...
22:17:19  src.cpcv.preprocessing  INFO  Computing MDA (Logistic Regression)...
22:17:20  src.cpcv.preprocessing  INFO  Multi-model MDA: 38/66 passed (MDA > 0), 28 eliminated
22:17:20  src.cpcv.preprocessing  INFO    Capped at 19 features (top_k_frac=0.3)
22:17:20  src.cpcv.preprocessing  INFO    Selected (19): ['ema_ratio_20_50', 'eth_btc_ratio', 'gk_vol', 'gold_ret_30', 'hashrate_roc_30', 'kurtosis', 'log_returns_lag5', 'macd_signal', 'natgas_ret_30', 'realized_vol', 'roc_14', 'shannon_entropy', 'silver_ret_30', 'skewness', 'smt_exp', 'smt_poly1', 'stoch_d', 'variance_ratio', 'vol_term_7_30']
22:17:20  src.cpcv.pipeline  INFO    Preprocessing: 19 features selected, train=644 + cal=161, test=144
22:17:20  src.cpcv.tuning  INFO  Tuning (2 models) — Optuna TPE + Purged K-Fold (inner: 3 folds, embargo=10 obs)
22:17:20  src.cpcv.tuning  INFO    [tuning] random_forest: 3 purged K-fold splits, 30 Optuna trials (TPE)
22:18:14  src.cpcv.tuning  INFO      random_forest: 23 completed, 7 pruned (of 30 total) — best log_loss=0.6870, params={'n_estimators': 150, 'max_depth': 2, 'min_samples_leaf': 18, 'max_features': 'sqrt'}
22:18:14  src.cpcv.tuning  INFO    [tuning] random_forest done in 54.3s — best log_loss=0.6870
22:18:14  src.cpcv.tuning  INFO    [tuning] xgboost: 3 purged K-fold splits, 30 Optuna trials (TPE)
22:18:19  src.cpcv.tuning  INFO      xgboost: 21 completed, 9 pruned (of 30 total) — best log_loss=0.6868, params={'max_depth': 1, 'learning_rate': 0.03243829628776096, 'min_child_weight': 11, 'subsample': 0.7174579338862809, 'colsample_bytree': 0.6208712281496911, 'gamma': 0.00019274987819758863, 'reg_alpha': 0.9675334613044785, 'reg_lambda': 6.452545979436346e-06}
22:18:19  src.cpcv.tuning  INFO    [tuning] xgboost done in 5.2s — best log_loss=0.6868
22:18:19  src.cpcv.tuning  INFO  Tuning total: 59.5s
22:18:19  src.cpcv.pipeline  INFO      applied random_forest: {'n_estimators': 150, 'max_depth': 2, 'min_samples_leaf': 18, 'max_features': 'sqrt'}
22:18:19  src.cpcv.pipeline  INFO      applied xgboost: {'max_depth': 1, 'learning_rate': 0.03243829628776096, 'min_child_weight': 11, 'subsample': 0.7174579338862809, 'colsample_bytree': 0.6208712281496911, 'gamma': 0.00019274987819758863, 'reg_alpha': 0.9675334613044785, 'reg_lambda': 6.452545979436346e-06}
22:18:20  src.cpcv.models.tree_models  INFO  RandomForest fitted: 644 samples, 19 features, 150 trees.
22:18:20  src.cpcv.pipeline  INFO    [ 13/168]        random_forest (seed=0) F1=0.403  AUC=0.462  LL=0.7123 (0.5s)
22:18:20  src.cpcv.models.tree_models  INFO  RandomForest fitted: 644 samples, 19 features, 150 trees.
22:18:20  src.cpcv.pipeline  INFO    [ 14/168]        random_forest (seed=1) F1=0.394  AUC=0.470  LL=0.7187 (0.5s)
22:18:21  src.cpcv.models.tree_models  INFO  RandomForest fitted: 644 samples, 19 features, 150 trees.
22:18:21  src.cpcv.pipeline  INFO    [ 15/168]        random_forest (seed=2) F1=0.354  AUC=0.488  LL=0.7214 (0.5s)
22:18:21  src.cpcv.models.tree_models  INFO  XGBoost fitted: 644 samples, early stopped at iteration 52/300.
22:18:21  src.cpcv.pipeline  INFO    [ 16/168]              xgboost (seed=0) F1=0.371  AUC=0.540  LL=0.6927 (0.1s)
22:18:21  src.cpcv.models.tree_models  INFO  XGBoost fitted: 644 samples, early stopped at iteration 64/300.
22:18:21  src.cpcv.pipeline  INFO    [ 17/168]              xgboost (seed=1) F1=0.354  AUC=0.542  LL=0.6972 (0.1s)
22:18:21  src.cpcv.models.tree_models  INFO  XGBoost fitted: 644 samples, early stopped at iteration 77/300.
22:18:21  src.cpcv.pipeline  INFO    [ 18/168]              xgboost (seed=2) F1=0.354  AUC=0.537  LL=0.6932 (0.1s)
22:18:22  src.cpcv.preprocessing  INFO  Computing MDA (Random Forest)...
22:18:55  src.cpcv.preprocessing  INFO  Computing MDA (Logistic Regression)...
22:18:56  src.cpcv.preprocessing  INFO  Multi-model MDA: 46/66 passed (MDA > 0), 20 eliminated
22:18:56  src.cpcv.preprocessing  INFO    Capped at 19 features (top_k_frac=0.3)
22:18:56  src.cpcv.preprocessing  INFO    Selected (19): ['gk_vol', 'hashrate_roc_30', 'jarque_bera', 'log_returns', 'log_returns_lag5', 'log_returns_lag7', 'macd', 'mfi_14', 'mvrv', 'natgas_ret_30', 'roc_14', 'sadf', 'shannon_entropy', 'silver_ret_30', 'smt_exp', 'sp500_ret_30', 'stoch_d', 'variance_ratio', 'vix']
22:18:56  src.cpcv.pipeline  INFO    Preprocessing: 19 features selected, train=644 + cal=161, test=144
22:18:56  src.cpcv.tuning  INFO  Tuning (2 models) — Optuna TPE + Purged K-Fold (inner: 3 folds, embargo=10 obs)
22:18:56  src.cpcv.tuning  INFO    [tuning] random_forest: 3 purged K-fold splits, 30 Optuna trials (TPE)
22:19:43  src.cpcv.tuning  INFO      random_forest: 18 completed, 12 pruned (of 30 total) — best log_loss=0.6958, params={'n_estimators': 200, 'max_depth': 2, 'min_samples_leaf': 16, 'max_features': 'log2'}
22:19:43  src.cpcv.tuning  INFO    [tuning] random_forest done in 46.8s — best log_loss=0.6958
22:19:43  src.cpcv.tuning  INFO    [tuning] xgboost: 3 purged K-fold splits, 30 Optuna trials (TPE)
22:19:48  src.cpcv.tuning  INFO      xgboost: 20 completed, 10 pruned (of 30 total) — best log_loss=0.6890, params={'max_depth': 2, 'learning_rate': 0.01875220945578641, 'min_child_weight': 30, 'subsample': 0.9100531293444458, 'colsample_bytree': 0.9757995766256756, 'gamma': 0.14408501080722544, 'reg_alpha': 0.002404915432737351, 'reg_lambda': 1.9809253750493907}
22:19:48  src.cpcv.tuning  INFO    [tuning] xgboost done in 4.8s — best log_loss=0.6890
22:19:48  src.cpcv.tuning  INFO  Tuning total: 51.6s
22:19:48  src.cpcv.pipeline  INFO      applied random_forest: {'n_estimators': 200, 'max_depth': 2, 'min_samples_leaf': 16, 'max_features': 'log2'}
22:19:48  src.cpcv.pipeline  INFO      applied xgboost: {'max_depth': 2, 'learning_rate': 0.01875220945578641, 'min_child_weight': 30, 'subsample': 0.9100531293444458, 'colsample_bytree': 0.9757995766256756, 'gamma': 0.14408501080722544, 'reg_alpha': 0.002404915432737351, 'reg_lambda': 1.9809253750493907}
22:19:48  src.cpcv.models.tree_models  INFO  RandomForest fitted: 644 samples, 19 features, 200 trees.
22:19:49  src.cpcv.pipeline  INFO    [ 19/168]        random_forest (seed=0) F1=0.411  AUC=0.570  LL=0.6701 (0.7s)
22:19:49  src.cpcv.models.tree_models  INFO  RandomForest fitted: 644 samples, 19 features, 200 trees.
22:19:49  src.cpcv.pipeline  INFO    [ 20/168]        random_forest (seed=1) F1=0.392  AUC=0.562  LL=0.6698 (0.6s)
22:19:50  src.cpcv.models.tree_models  INFO  RandomForest fitted: 644 samples, 19 features, 200 trees.
22:19:50  src.cpcv.pipeline  INFO    [ 21/168]        random_forest (seed=2) F1=0.407  AUC=0.531  LL=0.6714 (0.7s)
22:19:50  src.cpcv.models.tree_models  INFO  XGBoost fitted: 644 samples, early stopped at iteration 34/300.
22:19:50  src.cpcv.pipeline  INFO    [ 22/168]              xgboost (seed=0) F1=0.374  AUC=0.476  LL=0.6803 (0.1s)
22:19:50  src.cpcv.models.tree_models  INFO  XGBoost fitted: 644 samples, early stopped at iteration 13/300.
22:19:50  src.cpcv.pipeline  INFO    [ 23/168]              xgboost (seed=1) F1=0.404  AUC=0.480  LL=0.6870 (0.1s)
22:19:50  src.cpcv.models.tree_models  INFO  XGBoost fitted: 644 samples, early stopped at iteration 32/300.
22:19:50  src.cpcv.pipeline  INFO    [ 24/168]              xgboost (seed=2) F1=0.374  AUC=0.525  LL=0.6776 (0.1s)
22:19:50  src.cpcv.preprocessing  INFO  Computing MDA (Random Forest)...
22:20:26  src.cpcv.preprocessing  INFO  Computing MDA (Logistic Regression)...
22:20:27  src.cpcv.preprocessing  INFO  Multi-model MDA: 13/66 passed (MDA > 0), 53 eliminated
22:20:27  src.cpcv.preprocessing  INFO    Selected (13): ['atr', 'bb_width', 'chaikin_osc', 'ema_ratio_50_200', 'fee_per_tx', 'log_returns_lag21', 'log_returns_lag6', 'macd_hist', 'mvrv', 'rsi', 'silver_ret_30', 'skewness', 'smt_exp']
22:20:27  src.cpcv.pipeline  INFO    Preprocessing: 13 features selected, train=642 + cal=161, test=144
22:20:27  src.cpcv.tuning  INFO  Tuning (2 models) — Optuna TPE + Purged K-Fold (inner: 3 folds, embargo=10 obs)
22:20:27  src.cpcv.tuning  INFO    [tuning] random_forest: 3 purged K-fold splits, 30 Optuna trials (TPE)
22:21:17  src.cpcv.tuning  INFO      random_forest: 16 completed, 14 pruned (of 30 total) — best log_loss=0.6915, params={'n_estimators': 250, 'max_depth': 2, 'min_samples_leaf': 18, 'max_features': 'log2'}
22:21:17  src.cpcv.tuning  INFO    [tuning] random_forest done in 49.8s — best log_loss=0.6915
22:21:17  src.cpcv.tuning  INFO    [tuning] xgboost: 3 purged K-fold splits, 30 Optuna trials (TPE)
22:21:21  src.cpcv.tuning  INFO      xgboost: 13 completed, 17 pruned (of 30 total) — best log_loss=0.6840, params={'max_depth': 2, 'learning_rate': 0.1899256013759709, 'min_child_weight': 16, 'subsample': 0.6368355680933315, 'colsample_bytree': 0.8757420585595115, 'gamma': 5.697949433182245e-07, 'reg_alpha': 4.645933919546081e-05, 'reg_lambda': 0.016473246794861084}
22:21:21  src.cpcv.tuning  INFO    [tuning] xgboost done in 3.8s — best log_loss=0.6840
22:21:21  src.cpcv.tuning  INFO  Tuning total: 53.7s
22:21:21  src.cpcv.pipeline  INFO      applied random_forest: {'n_estimators': 250, 'max_depth': 2, 'min_samples_leaf': 18, 'max_features': 'log2'}
22:21:21  src.cpcv.pipeline  INFO      applied xgboost: {'max_depth': 2, 'learning_rate': 0.1899256013759709, 'min_child_weight': 16, 'subsample': 0.6368355680933315, 'colsample_bytree': 0.8757420585595115, 'gamma': 5.697949433182245e-07, 'reg_alpha': 4.645933919546081e-05, 'reg_lambda': 0.016473246794861084}
22:21:22  src.cpcv.models.tree_models  INFO  RandomForest fitted: 642 samples, 13 features, 250 trees.
22:21:22  src.cpcv.pipeline  INFO    [ 25/168]        random_forest (seed=0) F1=0.424  AUC=0.551  LL=0.7099 (0.9s)
22:21:23  src.cpcv.models.tree_models  INFO  RandomForest fitted: 642 samples, 13 features, 250 trees.
22:21:23  src.cpcv.pipeline  INFO    [ 26/168]        random_forest (seed=1) F1=0.450  AUC=0.585  LL=0.7030 (0.8s)
22:21:24  src.cpcv.models.tree_models  INFO  RandomForest fitted: 642 samples, 13 features, 250 trees.
22:21:24  src.cpcv.pipeline  INFO    [ 27/168]        random_forest (seed=2) F1=0.396  AUC=0.571  LL=0.7120 (0.8s)
22:21:24  src.cpcv.models.tree_models  INFO  XGBoost fitted: 642 samples, early stopped at iteration 7/300.
22:21:24  src.cpcv.pipeline  INFO    [ 28/168]              xgboost (seed=0) F1=0.500  AUC=0.547  LL=0.7040 (0.1s)
22:21:24  src.cpcv.models.tree_models  INFO  XGBoost fitted: 642 samples, early stopped at iteration 10/300.
22:21:24  src.cpcv.pipeline  INFO    [ 29/168]              xgboost (seed=1) F1=0.398  AUC=0.515  LL=0.6991 (0.1s)
22:21:24  src.cpcv.models.tree_models  INFO  XGBoost fitted: 642 samples, early stopped at iteration 14/300.
22:21:24  src.cpcv.pipeline  INFO    [ 30/168]              xgboost (seed=2) F1=0.429  AUC=0.595  LL=0.6904 (0.1s)
22:21:24  src.cpcv.preprocessing  INFO  Computing MDA (Random Forest)...
22:22:01  src.cpcv.preprocessing  INFO  Computing MDA (Logistic Regression)...
22:22:03  src.cpcv.preprocessing  INFO  Multi-model MDA: 17/66 passed (MDA > 0), 49 eliminated
22:22:03  src.cpcv.preprocessing  INFO    Selected (17): ['atr', 'dxy_roc_30', 'ema_ratio_50_200', 'eth_btc_ratio', 'exchange_supply_pct', 'gold_ret_30', 'jarque_bera', 'kurtosis', 'log_returns_lag14', 'log_returns_lag2', 'log_returns_lag6', 'lz_complexity', 'macd', 'obv', 'silver_ret_30', 'tx_count_roc_14', 'vol_term_7_30']
22:22:03  src.cpcv.pipeline  INFO    Preprocessing: 17 features selected, train=643 + cal=161, test=144
22:22:03  src.cpcv.tuning  INFO  Tuning (2 models) — Optuna TPE + Purged K-Fold (inner: 3 folds, embargo=10 obs)
22:22:03  src.cpcv.tuning  INFO    [tuning] random_forest: 3 purged K-fold splits, 30 Optuna trials (TPE)
22:23:08  src.cpcv.tuning  INFO      random_forest: 28 completed, 2 pruned (of 30 total) — best log_loss=0.6829, params={'n_estimators': 250, 'max_depth': 3, 'min_samples_leaf': 23, 'max_features': 'log2'}
22:23:08  src.cpcv.tuning  INFO    [tuning] random_forest done in 65.8s — best log_loss=0.6829
22:23:08  src.cpcv.tuning  INFO    [tuning] xgboost: 3 purged K-fold splits, 30 Optuna trials (TPE)
22:23:15  src.cpcv.tuning  INFO      xgboost: 19 completed, 11 pruned (of 30 total) — best log_loss=0.6748, params={'max_depth': 1, 'learning_rate': 0.032629220484119155, 'min_child_weight': 10, 'subsample': 0.8611719000163913, 'colsample_bytree': 0.6684815593910434, 'gamma': 4.4910392764459054e-05, 'reg_alpha': 0.1582351462247772, 'reg_lambda': 0.009876887351660427}
22:23:15  src.cpcv.tuning  INFO    [tuning] xgboost done in 7.0s — best log_loss=0.6748
22:23:15  src.cpcv.tuning  INFO  Tuning total: 72.7s
22:23:15  src.cpcv.pipeline  INFO      applied random_forest: {'n_estimators': 250, 'max_depth': 3, 'min_samples_leaf': 23, 'max_features': 'log2'}
22:23:15  src.cpcv.pipeline  INFO      applied xgboost: {'max_depth': 1, 'learning_rate': 0.032629220484119155, 'min_child_weight': 10, 'subsample': 0.8611719000163913, 'colsample_bytree': 0.6684815593910434, 'gamma': 4.4910392764459054e-05, 'reg_alpha': 0.1582351462247772, 'reg_lambda': 0.009876887351660427}
22:23:16  src.cpcv.models.tree_models  INFO  RandomForest fitted: 643 samples, 17 features, 250 trees.
22:23:16  src.cpcv.pipeline  INFO    [ 31/168]        random_forest (seed=0) F1=0.426  AUC=0.447  LL=0.7071 (1.0s)
22:23:17  src.cpcv.models.tree_models  INFO  RandomForest fitted: 643 samples, 17 features, 250 trees.
22:23:17  src.cpcv.pipeline  INFO    [ 32/168]        random_forest (seed=1) F1=0.503  AUC=0.472  LL=0.7025 (0.8s)
22:23:18  src.cpcv.models.tree_models  INFO  RandomForest fitted: 643 samples, 17 features, 250 trees.
22:23:18  src.cpcv.pipeline  INFO    [ 33/168]        random_forest (seed=2) F1=0.387  AUC=0.460  LL=0.7058 (0.8s)
22:23:18  src.cpcv.models.tree_models  INFO  XGBoost fitted: 643 samples, early stopped at iteration 143/300.
22:23:18  src.cpcv.pipeline  INFO    [ 34/168]              xgboost (seed=0) F1=0.432  AUC=0.453  LL=0.7227 (0.2s)
22:23:18  src.cpcv.models.tree_models  INFO  XGBoost fitted: 643 samples, early stopped at iteration 111/300.
22:23:18  src.cpcv.pipeline  INFO    [ 35/168]              xgboost (seed=1) F1=0.471  AUC=0.475  LL=0.7162 (0.1s)
22:23:18  src.cpcv.models.tree_models  INFO  XGBoost fitted: 643 samples, early stopped at iteration 106/300.
22:23:18  src.cpcv.pipeline  INFO    [ 36/168]              xgboost (seed=2) F1=0.494  AUC=0.472  LL=0.7120 (0.1s)
22:23:19  src.cpcv.preprocessing  INFO  Computing MDA (Random Forest)...
22:23:55  src.cpcv.preprocessing  INFO  Computing MDA (Logistic Regression)...
22:23:56  src.cpcv.preprocessing  INFO  Multi-model MDA: 29/66 passed (MDA > 0), 37 eliminated
22:23:56  src.cpcv.preprocessing  INFO    Capped at 19 features (top_k_frac=0.3)
22:23:56  src.cpcv.preprocessing  INFO    Selected (19): ['atr', 'bb_width', 'cci_14', 'eth_btc_ratio', 'hashrate_roc_30', 'jarque_bera', 'log_returns_lag21', 'log_returns_lag4', 'log_returns_lag6', 'log_returns_lag7', 'macd', 'silver_ret_30', 'skewness', 'smt_exp', 'sp500_ret_30', 'stoch_k', 'us10y', 'williams_r', 'yield_curve_10y30y']
22:23:56  src.cpcv.pipeline  INFO    Preprocessing: 19 features selected, train=644 + cal=162, test=151
22:23:56  src.cpcv.tuning  INFO  Tuning (2 models) — Optuna TPE + Purged K-Fold (inner: 3 folds, embargo=10 obs)
22:23:56  src.cpcv.tuning  INFO    [tuning] random_forest: 3 purged K-fold splits, 30 Optuna trials (TPE)
22:24:41  src.cpcv.tuning  INFO      random_forest: 16 completed, 14 pruned (of 30 total) — best log_loss=0.6859, params={'n_estimators': 150, 'max_depth': 2, 'min_samples_leaf': 19, 'max_features': 'log2'}
22:24:41  src.cpcv.tuning  INFO    [tuning] random_forest done in 45.2s — best log_loss=0.6859
22:24:41  src.cpcv.tuning  INFO    [tuning] xgboost: 3 purged K-fold splits, 30 Optuna trials (TPE)
22:24:45  src.cpcv.tuning  INFO      xgboost: 10 completed, 20 pruned (of 30 total) — best log_loss=0.6845, params={'max_depth': 2, 'learning_rate': 0.14447746112718687, 'min_child_weight': 10, 'subsample': 0.8056937753654446, 'colsample_bytree': 0.836965827544817, 'gamma': 2.3528990899815284e-08, 'reg_alpha': 0.0029369981104377003, 'reg_lambda': 3.425445902633376e-07}
22:24:45  src.cpcv.tuning  INFO    [tuning] xgboost done in 4.1s — best log_loss=0.6845
22:24:45  src.cpcv.tuning  INFO  Tuning total: 49.3s
22:24:45  src.cpcv.pipeline  INFO      applied random_forest: {'n_estimators': 150, 'max_depth': 2, 'min_samples_leaf': 19, 'max_features': 'log2'}
22:24:45  src.cpcv.pipeline  INFO      applied xgboost: {'max_depth': 2, 'learning_rate': 0.14447746112718687, 'min_child_weight': 10, 'subsample': 0.8056937753654446, 'colsample_bytree': 0.836965827544817, 'gamma': 2.3528990899815284e-08, 'reg_alpha': 0.0029369981104377003, 'reg_lambda': 3.425445902633376e-07}
22:24:46  src.cpcv.models.tree_models  INFO  RandomForest fitted: 644 samples, 19 features, 150 trees.
22:24:46  src.cpcv.pipeline  INFO    [ 37/168]        random_forest (seed=0) F1=0.402  AUC=0.496  LL=0.6926 (0.5s)
22:24:46  src.cpcv.models.tree_models  INFO  RandomForest fitted: 644 samples, 19 features, 150 trees.
22:24:46  src.cpcv.pipeline  INFO    [ 38/168]        random_forest (seed=1) F1=0.371  AUC=0.508  LL=0.6872 (0.5s)
22:24:47  src.cpcv.models.tree_models  INFO  RandomForest fitted: 644 samples, 19 features, 150 trees.
22:24:47  src.cpcv.pipeline  INFO    [ 39/168]        random_forest (seed=2) F1=0.352  AUC=0.502  LL=0.6878 (0.5s)
22:24:47  src.cpcv.models.tree_models  INFO  XGBoost fitted: 644 samples, early stopped at iteration 1/300.
22:24:47  src.cpcv.pipeline  INFO    [ 40/168]              xgboost (seed=0) F1=0.357  AUC=0.565  LL=0.6867 (0.1s)
22:24:47  src.cpcv.models.tree_models  INFO  XGBoost fitted: 644 samples, early stopped at iteration 1/300.
22:24:47  src.cpcv.pipeline  INFO    [ 41/168]              xgboost (seed=1) F1=0.357  AUC=0.500  LL=0.6877 (0.1s)
22:24:47  src.cpcv.models.tree_models  INFO  XGBoost fitted: 644 samples, early stopped at iteration 1/300.
22:24:47  src.cpcv.pipeline  INFO    [ 42/168]              xgboost (seed=2) F1=0.357  AUC=0.500  LL=0.6880 (0.1s)
22:24:47  src.cpcv.preprocessing  INFO  Computing MDA (Random Forest)...
22:25:18  src.cpcv.preprocessing  INFO  Computing MDA (Logistic Regression)...
22:25:19  src.cpcv.preprocessing  INFO  Multi-model MDA: 34/66 passed (MDA > 0), 32 eliminated
22:25:19  src.cpcv.preprocessing  INFO    Capped at 19 features (top_k_frac=0.3)
22:25:19  src.cpcv.preprocessing  INFO    Selected (19): ['atr', 'bb_width', 'chaikin_osc', 'eth_btc_ratio', 'issuance_ntv', 'log_returns_lag1', 'log_returns_lag2', 'log_returns_lag7', 'lz_complexity', 'net_exchange_flow', 'roc_14', 'sadf', 'silver_ret_30', 'skewness', 'stoch_k', 'vol_term_7_30', 'williams_r', 'yield_curve_2y10y', 'yz_vol']
22:25:19  src.cpcv.pipeline  INFO    Preprocessing: 19 features selected, train=572 + cal=144, test=233
22:25:19  src.cpcv.tuning  INFO  Tuning (2 models) — Optuna TPE + Purged K-Fold (inner: 3 folds, embargo=10 obs)
22:25:19  src.cpcv.tuning  INFO    [tuning] random_forest: 3 purged K-fold splits, 30 Optuna trials (TPE)
22:26:03  src.cpcv.tuning  INFO      random_forest: 23 completed, 7 pruned (of 30 total) — best log_loss=0.6860, params={'n_estimators': 200, 'max_depth': 5, 'min_samples_leaf': 40, 'max_features': 'log2'}
22:26:03  src.cpcv.tuning  INFO    [tuning] random_forest done in 44.0s — best log_loss=0.6860
22:26:03  src.cpcv.tuning  INFO    [tuning] xgboost: 3 purged K-fold splits, 30 Optuna trials (TPE)
22:26:08  src.cpcv.tuning  INFO      xgboost: 20 completed, 10 pruned (of 30 total) — best log_loss=0.6785, params={'max_depth': 2, 'learning_rate': 0.2536999076681772, 'min_child_weight': 24, 'subsample': 0.8394633936788146, 'colsample_bytree': 0.6624074561769746, 'gamma': 1.7699302940633311e-07, 'reg_alpha': 3.3323645788192616e-08, 'reg_lambda': 0.6245760287469893}
22:26:08  src.cpcv.tuning  INFO    [tuning] xgboost done in 5.1s — best log_loss=0.6785
22:26:08  src.cpcv.tuning  INFO  Tuning total: 49.0s
22:26:08  src.cpcv.pipeline  INFO      applied random_forest: {'n_estimators': 200, 'max_depth': 5, 'min_samples_leaf': 40, 'max_features': 'log2'}
22:26:08  src.cpcv.pipeline  INFO      applied xgboost: {'max_depth': 2, 'learning_rate': 0.2536999076681772, 'min_child_weight': 24, 'subsample': 0.8394633936788146, 'colsample_bytree': 0.6624074561769746, 'gamma': 1.7699302940633311e-07, 'reg_alpha': 3.3323645788192616e-08, 'reg_lambda': 0.6245760287469893}
22:26:09  src.cpcv.models.tree_models  INFO  RandomForest fitted: 572 samples, 19 features, 200 trees.
22:26:09  src.cpcv.pipeline  INFO    [ 43/168]        random_forest (seed=0) F1=0.473  AUC=0.564  LL=0.7007 (0.6s)
22:26:09  src.cpcv.models.tree_models  INFO  RandomForest fitted: 572 samples, 19 features, 200 trees.
22:26:09  src.cpcv.pipeline  INFO    [ 44/168]        random_forest (seed=1) F1=0.466  AUC=0.575  LL=0.6914 (0.6s)
22:26:10  src.cpcv.models.tree_models  INFO  RandomForest fitted: 572 samples, 19 features, 200 trees.
22:26:10  src.cpcv.pipeline  INFO    [ 45/168]        random_forest (seed=2) F1=0.456  AUC=0.569  LL=0.7063 (0.6s)
22:26:10  src.cpcv.models.tree_models  INFO  XGBoost fitted: 572 samples, early stopped at iteration 0/300.
22:26:10  src.cpcv.pipeline  INFO    [ 46/168]              xgboost (seed=0) F1=0.454  AUC=0.541  LL=0.7578 (0.0s)
22:26:10  src.cpcv.models.tree_models  INFO  XGBoost fitted: 572 samples, early stopped at iteration 14/300.
22:26:10  src.cpcv.pipeline  INFO    [ 47/168]              xgboost (seed=1) F1=0.498  AUC=0.567  LL=0.7053 (0.1s)
22:26:10  src.cpcv.models.tree_models  INFO  XGBoost fitted: 572 samples, early stopped at iteration 8/300.
22:26:10  src.cpcv.pipeline  INFO    [ 48/168]              xgboost (seed=2) F1=0.489  AUC=0.530  LL=0.7164 (0.1s)
22:26:10  src.cpcv.preprocessing  INFO  Computing MDA (Random Forest)...
22:26:41  src.cpcv.preprocessing  INFO  Computing MDA (Logistic Regression)...
22:26:42  src.cpcv.preprocessing  INFO  Multi-model MDA: 37/66 passed (MDA > 0), 29 eliminated
22:26:42  src.cpcv.preprocessing  INFO    Capped at 19 features (top_k_frac=0.3)
22:26:42  src.cpcv.preprocessing  INFO    Selected (19): ['cci_14', 'eth_btc_ratio', 'gk_vol', 'gold_ret_30', 'log_returns_lag2', 'log_returns_lag21', 'log_returns_lag4', 'log_returns_lag6', 'macd_hist', 'macd_signal', 'negentropy', 'oil_ret_30', 'silver_ret_30', 'sp500_ret_30', 'tx_count_roc_14', 'us10y', 'us2y', 'variance_ratio', 'vix']
22:26:42  src.cpcv.pipeline  INFO    Preprocessing: 19 features selected, train=564 + cal=141, test=233
22:26:42  src.cpcv.tuning  INFO  Tuning (2 models) — Optuna TPE + Purged K-Fold (inner: 3 folds, embargo=10 obs)
22:26:42  src.cpcv.tuning  INFO    [tuning] random_forest: 3 purged K-fold splits, 30 Optuna trials (TPE)
22:27:27  src.cpcv.tuning  INFO      random_forest: 22 completed, 8 pruned (of 30 total) — best log_loss=0.6901, params={'n_estimators': 250, 'max_depth': 2, 'min_samples_leaf': 19, 'max_features': 'log2'}
22:27:27  src.cpcv.tuning  INFO    [tuning] random_forest done in 45.5s — best log_loss=0.6901
22:27:27  src.cpcv.tuning  INFO    [tuning] xgboost: 3 purged K-fold splits, 30 Optuna trials (TPE)
22:27:31  src.cpcv.tuning  INFO      xgboost: 18 completed, 12 pruned (of 30 total) — best log_loss=0.6825, params={'max_depth': 1, 'learning_rate': 0.10822731197861613, 'min_child_weight': 7, 'subsample': 0.8094954479867806, 'colsample_bytree': 0.7348055683244495, 'gamma': 2.9974406481426504e-07, 'reg_alpha': 0.022987744336891387, 'reg_lambda': 0.004293438719383742}
22:27:31  src.cpcv.tuning  INFO    [tuning] xgboost done in 4.3s — best log_loss=0.6825
22:27:31  src.cpcv.tuning  INFO  Tuning total: 49.8s
22:27:31  src.cpcv.pipeline  INFO      applied random_forest: {'n_estimators': 250, 'max_depth': 2, 'min_samples_leaf': 19, 'max_features': 'log2'}
22:27:31  src.cpcv.pipeline  INFO      applied xgboost: {'max_depth': 1, 'learning_rate': 0.10822731197861613, 'min_child_weight': 7, 'subsample': 0.8094954479867806, 'colsample_bytree': 0.7348055683244495, 'gamma': 2.9974406481426504e-07, 'reg_alpha': 0.022987744336891387, 'reg_lambda': 0.004293438719383742}
22:27:32  src.cpcv.models.tree_models  INFO  RandomForest fitted: 564 samples, 19 features, 250 trees.
22:27:32  src.cpcv.pipeline  INFO    [ 49/168]        random_forest (seed=0) F1=0.508  AUC=0.480  LL=0.7346 (0.8s)
22:27:33  src.cpcv.models.tree_models  INFO  RandomForest fitted: 564 samples, 19 features, 250 trees.
22:27:33  src.cpcv.pipeline  INFO    [ 50/168]        random_forest (seed=1) F1=0.504  AUC=0.494  LL=0.7581 (0.8s)
22:27:34  src.cpcv.models.tree_models  INFO  RandomForest fitted: 564 samples, 19 features, 250 trees.
22:27:34  src.cpcv.pipeline  INFO    [ 51/168]        random_forest (seed=2) F1=0.491  AUC=0.503  LL=0.7626 (0.8s)
22:27:34  src.cpcv.models.tree_models  INFO  XGBoost fitted: 564 samples, early stopped at iteration 15/300.
22:27:34  src.cpcv.pipeline  INFO    [ 52/168]              xgboost (seed=0) F1=0.454  AUC=0.505  LL=0.7450 (0.1s)
22:27:34  src.cpcv.models.tree_models  INFO  XGBoost fitted: 564 samples, early stopped at iteration 25/300.
22:27:34  src.cpcv.pipeline  INFO    [ 53/168]              xgboost (seed=1) F1=0.434  AUC=0.502  LL=0.7068 (0.1s)
22:27:34  src.cpcv.models.tree_models  INFO  XGBoost fitted: 564 samples, early stopped at iteration 42/300.
22:27:34  src.cpcv.pipeline  INFO    [ 54/168]              xgboost (seed=2) F1=0.490  AUC=0.490  LL=0.7266 (0.1s)
22:27:34  src.cpcv.preprocessing  INFO  Computing MDA (Random Forest)...
22:28:05  src.cpcv.preprocessing  INFO  Computing MDA (Logistic Regression)...
22:28:05  src.cpcv.preprocessing  INFO  Multi-model MDA: 34/66 passed (MDA > 0), 32 eliminated
22:28:05  src.cpcv.preprocessing  INFO    Capped at 19 features (top_k_frac=0.3)
22:28:05  src.cpcv.preprocessing  INFO    Selected (19): ['active_addr_roc_14', 'eth_btc_ratio', 'gk_vol', 'jarque_bera', 'log_returns', 'log_returns_lag21', 'log_returns_lag4', 'lz_complexity', 'mfi_14', 'mvrv', 'natgas_ret_30', 'negentropy', 'realized_vol', 'shannon_entropy', 'skewness', 'stoch_k', 'vix', 'vwma_ratio_20_50', 'yz_vol']
22:28:05  src.cpcv.pipeline  INFO    Preprocessing: 19 features selected, train=564 + cal=141, test=233
22:28:05  src.cpcv.tuning  INFO  Tuning (2 models) — Optuna TPE + Purged K-Fold (inner: 3 folds, embargo=10 obs)
22:28:05  src.cpcv.tuning  INFO    [tuning] random_forest: 3 purged K-fold splits, 30 Optuna trials (TPE)
22:28:44  src.cpcv.tuning  INFO      random_forest: 17 completed, 13 pruned (of 30 total) — best log_loss=0.6933, params={'n_estimators': 150, 'max_depth': 2, 'min_samples_leaf': 15, 'max_features': 'log2'}
22:28:44  src.cpcv.tuning  INFO    [tuning] random_forest done in 38.9s — best log_loss=0.6933
22:28:44  src.cpcv.tuning  INFO    [tuning] xgboost: 3 purged K-fold splits, 30 Optuna trials (TPE)
22:28:49  src.cpcv.tuning  INFO      xgboost: 25 completed, 5 pruned (of 30 total) — best log_loss=0.6888, params={'max_depth': 3, 'learning_rate': 0.03344656770013463, 'min_child_weight': 12, 'subsample': 0.6684381238800041, 'colsample_bytree': 0.7896576290389747, 'gamma': 5.400087034202398e-06, 'reg_alpha': 0.00012224415158897697, 'reg_lambda': 0.06648976873822077}
22:28:49  src.cpcv.tuning  INFO    [tuning] xgboost done in 4.2s — best log_loss=0.6888
22:28:49  src.cpcv.tuning  INFO  Tuning total: 43.1s
22:28:49  src.cpcv.pipeline  INFO      applied random_forest: {'n_estimators': 150, 'max_depth': 2, 'min_samples_leaf': 15, 'max_features': 'log2'}
22:28:49  src.cpcv.pipeline  INFO      applied xgboost: {'max_depth': 3, 'learning_rate': 0.03344656770013463, 'min_child_weight': 12, 'subsample': 0.6684381238800041, 'colsample_bytree': 0.7896576290389747, 'gamma': 5.400087034202398e-06, 'reg_alpha': 0.00012224415158897697, 'reg_lambda': 0.06648976873822077}
22:28:49  src.cpcv.models.tree_models  INFO  RandomForest fitted: 564 samples, 19 features, 150 trees.
22:28:49  src.cpcv.pipeline  INFO    [ 55/168]        random_forest (seed=0) F1=0.441  AUC=0.497  LL=0.6780 (0.5s)
22:28:49  src.cpcv.models.tree_models  INFO  RandomForest fitted: 564 samples, 19 features, 150 trees.
22:28:50  src.cpcv.pipeline  INFO    [ 56/168]        random_forest (seed=1) F1=0.478  AUC=0.504  LL=0.6781 (0.5s)
22:28:50  src.cpcv.models.tree_models  INFO  RandomForest fitted: 564 samples, 19 features, 150 trees.
22:28:50  src.cpcv.pipeline  INFO    [ 57/168]        random_forest (seed=2) F1=0.408  AUC=0.471  LL=0.6770 (0.5s)
22:28:50  src.cpcv.models.tree_models  INFO  XGBoost fitted: 564 samples, early stopped at iteration 3/300.
22:28:50  src.cpcv.pipeline  INFO    [ 58/168]              xgboost (seed=0) F1=0.384  AUC=0.456  LL=0.6777 (0.1s)
22:28:50  src.cpcv.models.tree_models  INFO  XGBoost fitted: 564 samples, early stopped at iteration 6/300.
22:28:50  src.cpcv.pipeline  INFO    [ 59/168]              xgboost (seed=1) F1=0.384  AUC=0.561  LL=0.6747 (0.1s)
22:28:50  src.cpcv.models.tree_models  INFO  XGBoost fitted: 564 samples, early stopped at iteration 10/300.
22:28:50  src.cpcv.pipeline  INFO    [ 60/168]              xgboost (seed=2) F1=0.459  AUC=0.530  LL=0.6776 (0.1s)
22:28:51  src.cpcv.preprocessing  INFO  Computing MDA (Random Forest)...
22:29:20  src.cpcv.preprocessing  INFO  Computing MDA (Logistic Regression)...
22:29:21  src.cpcv.preprocessing  INFO  Multi-model MDA: 24/66 passed (MDA > 0), 42 eliminated
22:29:21  src.cpcv.preprocessing  INFO    Capped at 19 features (top_k_frac=0.3)
22:29:21  src.cpcv.preprocessing  INFO    Selected (19): ['bb_width', 'dxy_roc_30', 'gk_vol', 'hurst', 'jarque_bera', 'log_returns_lag14', 'log_returns_lag2', 'log_returns_lag21', 'lz_complexity', 'macd_hist', 'mfi_14', 'natgas_ret_30', 'obv', 'skewness', 'us10y', 'us2y', 'variance_ratio', 'vol_term_30_90', 'williams_r']
22:29:21  src.cpcv.pipeline  INFO    Preprocessing: 19 features selected, train=562 + cal=141, test=233
22:29:21  src.cpcv.tuning  INFO  Tuning (2 models) — Optuna TPE + Purged K-Fold (inner: 3 folds, embargo=10 obs)
22:29:21  src.cpcv.tuning  INFO    [tuning] random_forest: 3 purged K-fold splits, 30 Optuna trials (TPE)
22:30:05  src.cpcv.tuning  INFO      random_forest: 19 completed, 11 pruned (of 30 total) — best log_loss=0.6981, params={'n_estimators': 150, 'max_depth': 2, 'min_samples_leaf': 20, 'max_features': 'log2'}
22:30:05  src.cpcv.tuning  INFO    [tuning] random_forest done in 43.9s — best log_loss=0.6981
22:30:05  src.cpcv.tuning  INFO    [tuning] xgboost: 3 purged K-fold splits, 30 Optuna trials (TPE)
22:30:08  src.cpcv.tuning  INFO      xgboost: 19 completed, 11 pruned (of 30 total) — best log_loss=0.6868, params={'max_depth': 2, 'learning_rate': 0.13074276195856574, 'min_child_weight': 12, 'subsample': 0.8715068719922172, 'colsample_bytree': 0.7764701519271715, 'gamma': 1.188369338279007e-06, 'reg_alpha': 0.05072900585550146, 'reg_lambda': 2.6085867447684906e-06}
22:30:08  src.cpcv.tuning  INFO    [tuning] xgboost done in 3.6s — best log_loss=0.6868
22:30:08  src.cpcv.tuning  INFO  Tuning total: 47.5s
22:30:08  src.cpcv.pipeline  INFO      applied random_forest: {'n_estimators': 150, 'max_depth': 2, 'min_samples_leaf': 20, 'max_features': 'log2'}
22:30:08  src.cpcv.pipeline  INFO      applied xgboost: {'max_depth': 2, 'learning_rate': 0.13074276195856574, 'min_child_weight': 12, 'subsample': 0.8715068719922172, 'colsample_bytree': 0.7764701519271715, 'gamma': 1.188369338279007e-06, 'reg_alpha': 0.05072900585550146, 'reg_lambda': 2.6085867447684906e-06}
22:30:09  src.cpcv.models.tree_models  INFO  RandomForest fitted: 562 samples, 19 features, 150 trees.
22:30:09  src.cpcv.pipeline  INFO    [ 61/168]        random_forest (seed=0) F1=0.467  AUC=0.599  LL=0.6743 (0.6s)
22:30:09  src.cpcv.models.tree_models  INFO  RandomForest fitted: 562 samples, 19 features, 150 trees.
22:30:09  src.cpcv.pipeline  INFO    [ 62/168]        random_forest (seed=1) F1=0.419  AUC=0.564  LL=0.6796 (0.5s)
22:30:10  src.cpcv.models.tree_models  INFO  RandomForest fitted: 562 samples, 19 features, 150 trees.
22:30:10  src.cpcv.pipeline  INFO    [ 63/168]        random_forest (seed=2) F1=0.475  AUC=0.593  LL=0.6744 (0.5s)
22:30:10  src.cpcv.models.tree_models  INFO  XGBoost fitted: 562 samples, early stopped at iteration 8/300.
22:30:10  src.cpcv.pipeline  INFO    [ 64/168]              xgboost (seed=0) F1=0.495  AUC=0.563  LL=0.6774 (0.1s)
22:30:10  src.cpcv.models.tree_models  INFO  XGBoost fitted: 562 samples, early stopped at iteration 0/300.
22:30:10  src.cpcv.pipeline  INFO    [ 65/168]              xgboost (seed=1) F1=0.362  AUC=0.433  LL=0.6880 (0.1s)
22:30:10  src.cpcv.models.tree_models  INFO  XGBoost fitted: 562 samples, early stopped at iteration 0/300.
22:30:10  src.cpcv.pipeline  INFO    [ 66/168]              xgboost (seed=2) F1=0.362  AUC=0.436  LL=0.6876 (0.1s)
22:30:10  src.cpcv.preprocessing  INFO  Computing MDA (Random Forest)...
22:30:43  src.cpcv.preprocessing  INFO  Computing MDA (Logistic Regression)...
22:30:44  src.cpcv.preprocessing  INFO  Multi-model MDA: 30/66 passed (MDA > 0), 36 eliminated
22:30:44  src.cpcv.preprocessing  INFO    Capped at 19 features (top_k_frac=0.3)
22:30:44  src.cpcv.preprocessing  INFO    Selected (19): ['atr', 'bb_width', 'ema_ratio_50_200', 'eth_btc_ratio', 'exchange_supply_pct', 'jarque_bera', 'log_returns_lag3', 'log_returns_lag6', 'lz_complexity', 'macd_signal', 'mfi_14', 'mvrv', 'obv', 'silver_ret_30', 'skewness', 'smt_exp', 'smt_poly1', 'us10y', 'us2y']
22:30:44  src.cpcv.pipeline  INFO    Preprocessing: 19 features selected, train=563 + cal=141, test=233
22:30:44  src.cpcv.tuning  INFO  Tuning (2 models) — Optuna TPE + Purged K-Fold (inner: 3 folds, embargo=10 obs)
22:30:44  src.cpcv.tuning  INFO    [tuning] random_forest: 3 purged K-fold splits, 30 Optuna trials (TPE)
22:31:15  src.cpcv.tuning  INFO      random_forest: 12 completed, 18 pruned (of 30 total) — best log_loss=0.6830, params={'n_estimators': 100, 'max_depth': 2, 'min_samples_leaf': 31, 'max_features': 'log2'}
22:31:15  src.cpcv.tuning  INFO    [tuning] random_forest done in 31.9s — best log_loss=0.6830
22:31:15  src.cpcv.tuning  INFO    [tuning] xgboost: 3 purged K-fold splits, 30 Optuna trials (TPE)
22:31:21  src.cpcv.tuning  INFO      xgboost: 18 completed, 12 pruned (of 30 total) — best log_loss=0.6746, params={'max_depth': 1, 'learning_rate': 0.12319362188751076, 'min_child_weight': 7, 'subsample': 0.9402699403935777, 'colsample_bytree': 0.6725506038488955, 'gamma': 0.8165826590396578, 'reg_alpha': 5.005201000706333e-05, 'reg_lambda': 0.00046940641450695373}
22:31:21  src.cpcv.tuning  INFO    [tuning] xgboost done in 5.3s — best log_loss=0.6746
22:31:21  src.cpcv.tuning  INFO  Tuning total: 37.2s
22:31:21  src.cpcv.pipeline  INFO      applied random_forest: {'n_estimators': 100, 'max_depth': 2, 'min_samples_leaf': 31, 'max_features': 'log2'}
22:31:21  src.cpcv.pipeline  INFO      applied xgboost: {'max_depth': 1, 'learning_rate': 0.12319362188751076, 'min_child_weight': 7, 'subsample': 0.9402699403935777, 'colsample_bytree': 0.6725506038488955, 'gamma': 0.8165826590396578, 'reg_alpha': 5.005201000706333e-05, 'reg_lambda': 0.00046940641450695373}
22:31:21  src.cpcv.models.tree_models  INFO  RandomForest fitted: 563 samples, 19 features, 100 trees.
22:31:21  src.cpcv.pipeline  INFO    [ 67/168]        random_forest (seed=0) F1=0.452  AUC=0.468  LL=0.6976 (0.5s)
22:31:22  src.cpcv.models.tree_models  INFO  RandomForest fitted: 563 samples, 19 features, 100 trees.
22:31:22  src.cpcv.pipeline  INFO    [ 68/168]        random_forest (seed=1) F1=0.391  AUC=0.542  LL=0.6725 (0.4s)
22:31:22  src.cpcv.models.tree_models  INFO  RandomForest fitted: 563 samples, 19 features, 100 trees.
22:31:22  src.cpcv.pipeline  INFO    [ 69/168]        random_forest (seed=2) F1=0.412  AUC=0.538  LL=0.6932 (0.5s)
22:31:22  src.cpcv.models.tree_models  INFO  XGBoost fitted: 563 samples, early stopped at iteration 2/300.
22:31:22  src.cpcv.pipeline  INFO    [ 70/168]              xgboost (seed=0) F1=0.456  AUC=0.508  LL=1.1076 (0.1s)
22:31:22  src.cpcv.models.tree_models  INFO  XGBoost fitted: 563 samples, early stopped at iteration 5/300.
22:31:22  src.cpcv.pipeline  INFO    [ 71/168]              xgboost (seed=1) F1=0.456  AUC=0.541  LL=1.1988 (0.1s)
22:31:22  src.cpcv.models.tree_models  INFO  XGBoost fitted: 563 samples, early stopped at iteration 10/300.
22:31:22  src.cpcv.pipeline  INFO    [ 72/168]              xgboost (seed=2) F1=0.498  AUC=0.530  LL=1.3194 (0.1s)
22:31:23  src.cpcv.preprocessing  INFO  Computing MDA (Random Forest)...
22:31:55  src.cpcv.preprocessing  INFO  Computing MDA (Logistic Regression)...
22:31:57  src.cpcv.preprocessing  INFO  Multi-model MDA: 29/66 passed (MDA > 0), 37 eliminated
22:31:57  src.cpcv.preprocessing  INFO    Capped at 19 features (top_k_frac=0.3)
22:31:57  src.cpcv.preprocessing  INFO    Selected (19): ['bb_width', 'dxy_roc_30', 'ema_ratio_20_50', 'eth_btc_ratio', 'exchange_supply_pct', 'jarque_bera', 'log_returns', 'log_returns_lag2', 'log_returns_lag30', 'log_returns_lag7', 'macd_hist', 'sadf', 'stoch_k', 'tx_count_roc_14', 'us10y', 'us2y', 'variance_ratio', 'williams_r', 'yield_curve_2y10y']
22:31:57  src.cpcv.pipeline  INFO    Preprocessing: 19 features selected, train=564 + cal=142, test=240
22:31:57  src.cpcv.tuning  INFO  Tuning (2 models) — Optuna TPE + Purged K-Fold (inner: 3 folds, embargo=10 obs)
22:31:57  src.cpcv.tuning  INFO    [tuning] random_forest: 3 purged K-fold splits, 30 Optuna trials (TPE)
22:32:35  src.cpcv.tuning  INFO      random_forest: 19 completed, 11 pruned (of 30 total) — best log_loss=0.6827, params={'n_estimators': 200, 'max_depth': 3, 'min_samples_leaf': 21, 'max_features': 'log2'}
22:32:35  src.cpcv.tuning  INFO    [tuning] random_forest done in 38.6s — best log_loss=0.6827
22:32:35  src.cpcv.tuning  INFO    [tuning] xgboost: 3 purged K-fold splits, 30 Optuna trials (TPE)
22:32:40  src.cpcv.tuning  INFO      xgboost: 15 completed, 15 pruned (of 30 total) — best log_loss=0.6697, params={'max_depth': 2, 'learning_rate': 0.11114989443094977, 'min_child_weight': 5, 'subsample': 0.9879639408647978, 'colsample_bytree': 0.9329770563201687, 'gamma': 4.997040685255803e-07, 'reg_alpha': 4.329370014459266e-07, 'reg_lambda': 4.4734294104626844e-07}
22:32:40  src.cpcv.tuning  INFO    [tuning] xgboost done in 4.9s — best log_loss=0.6697
22:32:40  src.cpcv.tuning  INFO  Tuning total: 43.5s
22:32:40  src.cpcv.pipeline  INFO      applied random_forest: {'n_estimators': 200, 'max_depth': 3, 'min_samples_leaf': 21, 'max_features': 'log2'}
22:32:40  src.cpcv.pipeline  INFO      applied xgboost: {'max_depth': 2, 'learning_rate': 0.11114989443094977, 'min_child_weight': 5, 'subsample': 0.9879639408647978, 'colsample_bytree': 0.9329770563201687, 'gamma': 4.997040685255803e-07, 'reg_alpha': 4.329370014459266e-07, 'reg_lambda': 4.4734294104626844e-07}
22:32:41  src.cpcv.models.tree_models  INFO  RandomForest fitted: 564 samples, 19 features, 200 trees.
22:32:41  src.cpcv.pipeline  INFO    [ 73/168]        random_forest (seed=0) F1=0.427  AUC=0.435  LL=0.6910 (0.7s)
22:32:41  src.cpcv.models.tree_models  INFO  RandomForest fitted: 564 samples, 19 features, 200 trees.
22:32:41  src.cpcv.pipeline  INFO    [ 74/168]        random_forest (seed=1) F1=0.442  AUC=0.420  LL=0.6901 (0.6s)
22:32:42  src.cpcv.models.tree_models  INFO  RandomForest fitted: 564 samples, 19 features, 200 trees.
22:32:42  src.cpcv.pipeline  INFO    [ 75/168]        random_forest (seed=2) F1=0.373  AUC=0.582  LL=0.6749 (0.6s)
22:32:42  src.cpcv.models.tree_models  INFO  XGBoost fitted: 564 samples, early stopped at iteration 0/300.
22:32:42  src.cpcv.pipeline  INFO    [ 76/168]              xgboost (seed=0) F1=0.431  AUC=0.453  LL=0.7314 (0.1s)
22:32:42  src.cpcv.models.tree_models  INFO  XGBoost fitted: 564 samples, early stopped at iteration 0/300.
22:32:42  src.cpcv.pipeline  INFO    [ 77/168]              xgboost (seed=1) F1=0.431  AUC=0.453  LL=0.7298 (0.1s)
22:32:42  src.cpcv.models.tree_models  INFO  XGBoost fitted: 564 samples, early stopped at iteration 0/300.
22:32:42  src.cpcv.pipeline  INFO    [ 78/168]              xgboost (seed=2) F1=0.448  AUC=0.447  LL=0.6995 (0.1s)
22:32:43  src.cpcv.preprocessing  INFO  Computing MDA (Random Forest)...
22:33:13  src.cpcv.preprocessing  INFO  Computing MDA (Logistic Regression)...
22:33:14  src.cpcv.preprocessing  INFO  Multi-model MDA: 11/66 passed (MDA > 0), 55 eliminated
22:33:14  src.cpcv.preprocessing  INFO    Selected (11): ['chaikin_osc', 'ema_ratio_50_200', 'log_returns_lag3', 'log_returns_lag4', 'negentropy', 'realized_vol', 'vol_term_30_90', 'vol_term_7_30', 'vwma_ratio_20_50', 'williams_r', 'yz_vol']
22:33:14  src.cpcv.pipeline  INFO    Preprocessing: 11 features selected, train=528 + cal=132, test=288
22:33:14  src.cpcv.tuning  INFO  Tuning (2 models) — Optuna TPE + Purged K-Fold (inner: 3 folds, embargo=10 obs)
22:33:14  src.cpcv.tuning  INFO    [tuning] random_forest: 3 purged K-fold splits, 30 Optuna trials (TPE)
22:33:52  src.cpcv.tuning  INFO      random_forest: 17 completed, 13 pruned (of 30 total) — best log_loss=0.7012, params={'n_estimators': 150, 'max_depth': 2, 'min_samples_leaf': 20, 'max_features': 'log2'}
22:33:52  src.cpcv.tuning  INFO    [tuning] random_forest done in 38.1s — best log_loss=0.7012
22:33:52  src.cpcv.tuning  INFO    [tuning] xgboost: 3 purged K-fold splits, 30 Optuna trials (TPE)
22:33:55  src.cpcv.tuning  INFO      xgboost: 20 completed, 10 pruned (of 30 total) — best log_loss=0.6920, params={'max_depth': 1, 'learning_rate': 0.05388108577817234, 'min_child_weight': 5, 'subsample': 0.9637281608315128, 'colsample_bytree': 0.7035119926400067, 'gamma': 0.0019960815242513743, 'reg_alpha': 6.388511557344611e-06, 'reg_lambda': 0.0004793052550782129}
22:33:55  src.cpcv.tuning  INFO    [tuning] xgboost done in 3.7s — best log_loss=0.6920
22:33:55  src.cpcv.tuning  INFO  Tuning total: 41.8s
22:33:55  src.cpcv.pipeline  INFO      applied random_forest: {'n_estimators': 150, 'max_depth': 2, 'min_samples_leaf': 20, 'max_features': 'log2'}
22:33:55  src.cpcv.pipeline  INFO      applied xgboost: {'max_depth': 1, 'learning_rate': 0.05388108577817234, 'min_child_weight': 5, 'subsample': 0.9637281608315128, 'colsample_bytree': 0.7035119926400067, 'gamma': 0.0019960815242513743, 'reg_alpha': 6.388511557344611e-06, 'reg_lambda': 0.0004793052550782129}
22:33:56  src.cpcv.models.tree_models  INFO  RandomForest fitted: 528 samples, 11 features, 150 trees.
22:33:56  src.cpcv.pipeline  INFO    [ 79/168]        random_forest (seed=0) F1=0.338  AUC=0.521  LL=0.6940 (0.6s)
22:33:56  src.cpcv.models.tree_models  INFO  RandomForest fitted: 528 samples, 11 features, 150 trees.
22:33:57  src.cpcv.pipeline  INFO    [ 80/168]        random_forest (seed=1) F1=0.431  AUC=0.478  LL=0.7218 (0.7s)
22:33:57  src.cpcv.models.tree_models  INFO  RandomForest fitted: 528 samples, 11 features, 150 trees.
22:33:57  src.cpcv.pipeline  INFO    [ 81/168]        random_forest (seed=2) F1=0.440  AUC=0.495  LL=0.7257 (0.6s)
22:33:57  src.cpcv.models.tree_models  INFO  XGBoost fitted: 528 samples, early stopped at iteration 23/300.
22:33:57  src.cpcv.pipeline  INFO    [ 82/168]              xgboost (seed=0) F1=0.459  AUC=0.482  LL=0.7042 (0.1s)
22:33:57  src.cpcv.models.tree_models  INFO  XGBoost fitted: 528 samples, early stopped at iteration 4/300.
22:33:57  src.cpcv.pipeline  INFO    [ 83/168]              xgboost (seed=1) F1=0.426  AUC=0.507  LL=0.7106 (0.1s)
22:33:57  src.cpcv.models.tree_models  INFO  XGBoost fitted: 528 samples, early stopped at iteration 19/300.
22:33:57  src.cpcv.pipeline  INFO    [ 84/168]              xgboost (seed=2) F1=0.338  AUC=0.490  LL=0.6945 (0.1s)
22:33:58  src.cpcv.preprocessing  INFO  Computing MDA (Random Forest)...
22:34:24  src.cpcv.preprocessing  INFO  Computing MDA (Logistic Regression)...
22:34:25  src.cpcv.preprocessing  INFO  Multi-model MDA: 53/66 passed (MDA > 0), 13 eliminated
22:34:25  src.cpcv.preprocessing  INFO    Capped at 19 features (top_k_frac=0.3)
22:34:25  src.cpcv.preprocessing  INFO    Selected (19): ['bb_width', 'copper_ret_30', 'dxy_roc_30', 'ema_ratio_20_50', 'eth_btc_ratio', 'jarque_bera', 'log_returns', 'log_returns_lag21', 'nasdaq_ret_30', 'natgas_ret_30', 'oil_ret_30', 'roc_14', 'rsi', 'sadf', 'silver_ret_30', 'stoch_d', 'us2y', 'vol_term_30_90', 'yield_curve_10y30y']
22:34:25  src.cpcv.pipeline  INFO    Preprocessing: 19 features selected, train=519 + cal=130, test=288
22:34:25  src.cpcv.tuning  INFO  Tuning (2 models) — Optuna TPE + Purged K-Fold (inner: 3 folds, embargo=10 obs)
22:34:25  src.cpcv.tuning  INFO    [tuning] random_forest: 3 purged K-fold splits, 30 Optuna trials (TPE)
22:35:12  src.cpcv.tuning  INFO      random_forest: 29 completed, 1 pruned (of 30 total) — best log_loss=0.6942, params={'n_estimators': 200, 'max_depth': 2, 'min_samples_leaf': 16, 'max_features': 'log2'}
22:35:12  src.cpcv.tuning  INFO    [tuning] random_forest done in 46.2s — best log_loss=0.6942
22:35:12  src.cpcv.tuning  INFO    [tuning] xgboost: 3 purged K-fold splits, 30 Optuna trials (TPE)
22:35:15  src.cpcv.tuning  INFO      xgboost: 20 completed, 10 pruned (of 30 total) — best log_loss=0.6857, params={'max_depth': 3, 'learning_rate': 0.07684007670476012, 'min_child_weight': 12, 'subsample': 0.6805454483691531, 'colsample_bytree': 0.7597002499563065, 'gamma': 9.883015632087741e-05, 'reg_alpha': 0.001967964661963737, 'reg_lambda': 0.004417029031050941}
22:35:15  src.cpcv.tuning  INFO    [tuning] xgboost done in 3.9s — best log_loss=0.6857
22:35:15  src.cpcv.tuning  INFO  Tuning total: 50.0s
22:35:15  src.cpcv.pipeline  INFO      applied random_forest: {'n_estimators': 200, 'max_depth': 2, 'min_samples_leaf': 16, 'max_features': 'log2'}
22:35:15  src.cpcv.pipeline  INFO      applied xgboost: {'max_depth': 3, 'learning_rate': 0.07684007670476012, 'min_child_weight': 12, 'subsample': 0.6805454483691531, 'colsample_bytree': 0.7597002499563065, 'gamma': 9.883015632087741e-05, 'reg_alpha': 0.001967964661963737, 'reg_lambda': 0.004417029031050941}
22:35:16  src.cpcv.models.tree_models  INFO  RandomForest fitted: 519 samples, 19 features, 200 trees.
22:35:16  src.cpcv.pipeline  INFO    [ 85/168]        random_forest (seed=0) F1=0.375  AUC=0.562  LL=0.6898 (0.6s)
22:35:17  src.cpcv.models.tree_models  INFO  RandomForest fitted: 519 samples, 19 features, 200 trees.
22:35:17  src.cpcv.pipeline  INFO    [ 86/168]        random_forest (seed=1) F1=0.459  AUC=0.564  LL=0.6906 (0.6s)
22:35:17  src.cpcv.models.tree_models  INFO  RandomForest fitted: 519 samples, 19 features, 200 trees.
22:35:17  src.cpcv.pipeline  INFO    [ 87/168]        random_forest (seed=2) F1=0.463  AUC=0.562  LL=0.6946 (0.6s)
22:35:17  src.cpcv.models.tree_models  INFO  XGBoost fitted: 519 samples, early stopped at iteration 11/300.
22:35:17  src.cpcv.pipeline  INFO    [ 88/168]              xgboost (seed=0) F1=0.515  AUC=0.566  LL=0.6795 (0.1s)
22:35:17  src.cpcv.models.tree_models  INFO  XGBoost fitted: 519 samples, early stopped at iteration 11/300.
22:35:17  src.cpcv.pipeline  INFO    [ 89/168]              xgboost (seed=1) F1=0.483  AUC=0.527  LL=0.6927 (0.1s)
22:35:17  src.cpcv.models.tree_models  INFO  XGBoost fitted: 519 samples, early stopped at iteration 10/300.
22:35:17  src.cpcv.pipeline  INFO    [ 90/168]              xgboost (seed=2) F1=0.496  AUC=0.549  LL=0.6881 (0.1s)
22:35:18  src.cpcv.preprocessing  INFO  Computing MDA (Random Forest)...
22:35:45  src.cpcv.preprocessing  INFO  Computing MDA (Logistic Regression)...
22:35:46  src.cpcv.preprocessing  INFO  Multi-model MDA: 36/66 passed (MDA > 0), 30 eliminated
22:35:46  src.cpcv.preprocessing  INFO    Capped at 19 features (top_k_frac=0.3)
22:35:46  src.cpcv.preprocessing  INFO    Selected (19): ['atr', 'copper_ret_30', 'ema_ratio_20_50', 'ema_ratio_50_200', 'gk_vol', 'jarque_bera', 'kurtosis', 'log_returns_lag1', 'log_returns_lag2', 'log_returns_lag30', 'lz_complexity', 'obv', 'oil_ret_30', 'rsi', 'us10y', 'us2y', 'vol_term_7_30', 'yield_curve_10y30y', 'yield_curve_2y10y']
22:35:46  src.cpcv.pipeline  INFO    Preprocessing: 19 features selected, train=517 + cal=130, test=288
22:35:46  src.cpcv.tuning  INFO  Tuning (2 models) — Optuna TPE + Purged K-Fold (inner: 3 folds, embargo=10 obs)
22:35:46  src.cpcv.tuning  INFO    [tuning] random_forest: 3 purged K-fold splits, 30 Optuna trials (TPE)
22:36:33  src.cpcv.tuning  INFO      random_forest: 30 completed, 0 pruned (of 30 total) — best log_loss=0.6900, params={'n_estimators': 200, 'max_depth': 2, 'min_samples_leaf': 30, 'max_features': 'log2'}
22:36:33  src.cpcv.tuning  INFO    [tuning] random_forest done in 46.9s — best log_loss=0.6900
22:36:33  src.cpcv.tuning  INFO    [tuning] xgboost: 3 purged K-fold splits, 30 Optuna trials (TPE)
22:36:38  src.cpcv.tuning  INFO      xgboost: 30 completed, 0 pruned (of 30 total) — best log_loss=0.6794, params={'max_depth': 2, 'learning_rate': 0.2536999076681772, 'min_child_weight': 24, 'subsample': 0.8394633936788146, 'colsample_bytree': 0.6624074561769746, 'gamma': 1.7699302940633311e-07, 'reg_alpha': 3.3323645788192616e-08, 'reg_lambda': 0.6245760287469893}
22:36:38  src.cpcv.tuning  INFO    [tuning] xgboost done in 5.3s — best log_loss=0.6794
22:36:38  src.cpcv.tuning  INFO  Tuning total: 52.2s
22:36:38  src.cpcv.pipeline  INFO      applied random_forest: {'n_estimators': 200, 'max_depth': 2, 'min_samples_leaf': 30, 'max_features': 'log2'}
22:36:38  src.cpcv.pipeline  INFO      applied xgboost: {'max_depth': 2, 'learning_rate': 0.2536999076681772, 'min_child_weight': 24, 'subsample': 0.8394633936788146, 'colsample_bytree': 0.6624074561769746, 'gamma': 1.7699302940633311e-07, 'reg_alpha': 3.3323645788192616e-08, 'reg_lambda': 0.6245760287469893}
22:36:39  src.cpcv.models.tree_models  INFO  RandomForest fitted: 517 samples, 19 features, 200 trees.
22:36:39  src.cpcv.pipeline  INFO    [ 91/168]        random_forest (seed=0) F1=0.380  AUC=0.488  LL=0.7346 (0.8s)
22:36:40  src.cpcv.models.tree_models  INFO  RandomForest fitted: 517 samples, 19 features, 200 trees.
22:36:40  src.cpcv.pipeline  INFO    [ 92/168]        random_forest (seed=1) F1=0.391  AUC=0.480  LL=0.7260 (0.8s)
22:36:40  src.cpcv.models.tree_models  INFO  RandomForest fitted: 517 samples, 19 features, 200 trees.
22:36:40  src.cpcv.pipeline  INFO    [ 93/168]        random_forest (seed=2) F1=0.400  AUC=0.475  LL=0.7598 (0.6s)
22:36:40  src.cpcv.models.tree_models  INFO  XGBoost fitted: 517 samples, early stopped at iteration 8/300.
22:36:40  src.cpcv.pipeline  INFO    [ 94/168]              xgboost (seed=0) F1=0.433  AUC=0.471  LL=0.7272 (0.1s)
22:36:40  src.cpcv.models.tree_models  INFO  XGBoost fitted: 517 samples, early stopped at iteration 17/300.
22:36:40  src.cpcv.pipeline  INFO    [ 95/168]              xgboost (seed=1) F1=0.430  AUC=0.502  LL=0.7253 (0.1s)
22:36:40  src.cpcv.models.tree_models  INFO  XGBoost fitted: 517 samples, early stopped at iteration 5/300.
22:36:40  src.cpcv.pipeline  INFO    [ 96/168]              xgboost (seed=2) F1=0.408  AUC=0.454  LL=0.7358 (0.1s)
22:36:41  src.cpcv.preprocessing  INFO  Computing MDA (Random Forest)...
22:37:07  src.cpcv.preprocessing  INFO  Computing MDA (Logistic Regression)...
22:37:08  src.cpcv.preprocessing  INFO  Multi-model MDA: 29/66 passed (MDA > 0), 37 eliminated
22:37:08  src.cpcv.preprocessing  INFO    Capped at 19 features (top_k_frac=0.3)
22:37:08  src.cpcv.preprocessing  INFO    Selected (19): ['bb_width', 'copper_ret_30', 'ema_ratio_20_50', 'eth_btc_ratio', 'exchange_supply_pct', 'gold_ret_30', 'jarque_bera', 'log_returns_lag2', 'log_returns_lag3', 'log_returns_lag5', 'macd_signal', 'obv', 'sadf', 'skewness', 'smt_exp', 'vol_term_30_90', 'vol_term_7_30', 'vwma_ratio_20_50', 'yz_vol']
22:37:08  src.cpcv.pipeline  INFO    Preprocessing: 19 features selected, train=518 + cal=130, test=288
22:37:08  src.cpcv.tuning  INFO  Tuning (2 models) — Optuna TPE + Purged K-Fold (inner: 3 folds, embargo=10 obs)
22:37:08  src.cpcv.tuning  INFO    [tuning] random_forest: 3 purged K-fold splits, 30 Optuna trials (TPE)
22:37:53  src.cpcv.tuning  INFO      random_forest: 30 completed, 0 pruned (of 30 total) — best log_loss=0.6929, params={'n_estimators': 200, 'max_depth': 6, 'min_samples_leaf': 37, 'max_features': 'log2'}
22:37:53  src.cpcv.tuning  INFO    [tuning] random_forest done in 44.5s — best log_loss=0.6929
22:37:53  src.cpcv.tuning  INFO    [tuning] xgboost: 3 purged K-fold splits, 30 Optuna trials (TPE)
22:37:59  src.cpcv.tuning  INFO      xgboost: 27 completed, 3 pruned (of 30 total) — best log_loss=0.6744, params={'max_depth': 2, 'learning_rate': 0.2536999076681772, 'min_child_weight': 24, 'subsample': 0.8394633936788146, 'colsample_bytree': 0.6624074561769746, 'gamma': 1.7699302940633311e-07, 'reg_alpha': 3.3323645788192616e-08, 'reg_lambda': 0.6245760287469893}
22:37:59  src.cpcv.tuning  INFO    [tuning] xgboost done in 6.3s — best log_loss=0.6744
22:37:59  src.cpcv.tuning  INFO  Tuning total: 50.9s
22:37:59  src.cpcv.pipeline  INFO      applied random_forest: {'n_estimators': 200, 'max_depth': 6, 'min_samples_leaf': 37, 'max_features': 'log2'}
22:37:59  src.cpcv.pipeline  INFO      applied xgboost: {'max_depth': 2, 'learning_rate': 0.2536999076681772, 'min_child_weight': 24, 'subsample': 0.8394633936788146, 'colsample_bytree': 0.6624074561769746, 'gamma': 1.7699302940633311e-07, 'reg_alpha': 3.3323645788192616e-08, 'reg_lambda': 0.6245760287469893}
22:38:00  src.cpcv.models.tree_models  INFO  RandomForest fitted: 518 samples, 19 features, 200 trees.
22:38:00  src.cpcv.pipeline  INFO    [ 97/168]        random_forest (seed=0) F1=0.438  AUC=0.503  LL=0.7400 (0.6s)
22:38:00  src.cpcv.models.tree_models  INFO  RandomForest fitted: 518 samples, 19 features, 200 trees.
22:38:00  src.cpcv.pipeline  INFO    [ 98/168]        random_forest (seed=1) F1=0.442  AUC=0.483  LL=0.7414 (0.6s)
22:38:01  src.cpcv.models.tree_models  INFO  RandomForest fitted: 518 samples, 19 features, 200 trees.
22:38:01  src.cpcv.pipeline  INFO    [ 99/168]        random_forest (seed=2) F1=0.431  AUC=0.489  LL=0.7639 (0.6s)
22:38:01  src.cpcv.models.tree_models  INFO  XGBoost fitted: 518 samples, early stopped at iteration 7/300.
22:38:01  src.cpcv.pipeline  INFO    [100/168]              xgboost (seed=0) F1=0.474  AUC=0.481  LL=0.7262 (0.1s)
22:38:01  src.cpcv.models.tree_models  INFO  XGBoost fitted: 518 samples, early stopped at iteration 16/300.
22:38:01  src.cpcv.pipeline  INFO    [101/168]              xgboost (seed=1) F1=0.487  AUC=0.484  LL=0.7225 (0.1s)
22:38:01  src.cpcv.models.tree_models  INFO  XGBoost fitted: 518 samples, early stopped at iteration 10/300.
22:38:01  src.cpcv.pipeline  INFO    [102/168]              xgboost (seed=2) F1=0.466  AUC=0.514  LL=0.7184 (0.1s)
22:38:02  src.cpcv.preprocessing  INFO  Computing MDA (Random Forest)...
22:38:29  src.cpcv.preprocessing  INFO  Computing MDA (Logistic Regression)...
22:38:30  src.cpcv.preprocessing  INFO  Multi-model MDA: 37/66 passed (MDA > 0), 29 eliminated
22:38:30  src.cpcv.preprocessing  INFO    Capped at 19 features (top_k_frac=0.3)
22:38:30  src.cpcv.preprocessing  INFO    Selected (19): ['active_addr_roc_14', 'bb_width', 'chaikin_osc', 'exchange_supply_pct', 'fee_per_tx', 'gk_vol', 'gold_ret_30', 'hurst', 'jarque_bera', 'log_returns', 'log_returns_lag2', 'log_returns_lag4', 'macd_signal', 'negentropy', 'skewness', 'vol_term_30_90', 'vol_term_7_30', 'yield_curve_10y30y', 'yz_vol']
22:38:30  src.cpcv.pipeline  INFO    Preprocessing: 19 features selected, train=520 + cal=130, test=295
22:38:30  src.cpcv.tuning  INFO  Tuning (2 models) — Optuna TPE + Purged K-Fold (inner: 3 folds, embargo=10 obs)
22:38:30  src.cpcv.tuning  INFO    [tuning] random_forest: 3 purged K-fold splits, 30 Optuna trials (TPE)
22:39:17  src.cpcv.tuning  INFO      random_forest: 30 completed, 0 pruned (of 30 total) — best log_loss=0.6834, params={'n_estimators': 200, 'max_depth': 4, 'min_samples_leaf': 23, 'max_features': 'log2'}
22:39:17  src.cpcv.tuning  INFO    [tuning] random_forest done in 47.6s — best log_loss=0.6834
22:39:17  src.cpcv.tuning  INFO    [tuning] xgboost: 3 purged K-fold splits, 30 Optuna trials (TPE)
22:39:22  src.cpcv.tuning  INFO      xgboost: 28 completed, 2 pruned (of 30 total) — best log_loss=0.6685, params={'max_depth': 3, 'learning_rate': 0.1773820616475459, 'min_child_weight': 15, 'subsample': 0.7446829363823035, 'colsample_bytree': 0.6368081022394957, 'gamma': 0.020626136232304047, 'reg_alpha': 0.0006058436555058886, 'reg_lambda': 0.0920985296928625}
22:39:22  src.cpcv.tuning  INFO    [tuning] xgboost done in 4.6s — best log_loss=0.6685
22:39:22  src.cpcv.tuning  INFO  Tuning total: 52.2s
22:39:22  src.cpcv.pipeline  INFO      applied random_forest: {'n_estimators': 200, 'max_depth': 4, 'min_samples_leaf': 23, 'max_features': 'log2'}
22:39:22  src.cpcv.pipeline  INFO      applied xgboost: {'max_depth': 3, 'learning_rate': 0.1773820616475459, 'min_child_weight': 15, 'subsample': 0.7446829363823035, 'colsample_bytree': 0.6368081022394957, 'gamma': 0.020626136232304047, 'reg_alpha': 0.0006058436555058886, 'reg_lambda': 0.0920985296928625}
22:39:23  src.cpcv.models.tree_models  INFO  RandomForest fitted: 520 samples, 19 features, 200 trees.
22:39:23  src.cpcv.pipeline  INFO    [103/168]        random_forest (seed=0) F1=0.415  AUC=0.456  LL=0.7248 (0.8s)
22:39:23  src.cpcv.models.tree_models  INFO  RandomForest fitted: 520 samples, 19 features, 200 trees.
22:39:23  src.cpcv.pipeline  INFO    [104/168]        random_forest (seed=1) F1=0.392  AUC=0.458  LL=0.7105 (0.7s)
22:39:24  src.cpcv.models.tree_models  INFO  RandomForest fitted: 520 samples, 19 features, 200 trees.
22:39:24  src.cpcv.pipeline  INFO    [105/168]        random_forest (seed=2) F1=0.368  AUC=0.456  LL=0.7064 (0.7s)
22:39:24  src.cpcv.models.tree_models  INFO  XGBoost fitted: 520 samples, early stopped at iteration 2/300.
22:39:24  src.cpcv.pipeline  INFO    [106/168]              xgboost (seed=0) F1=0.348  AUC=0.494  LL=0.7292 (0.1s)
22:39:24  src.cpcv.models.tree_models  INFO  XGBoost fitted: 520 samples, early stopped at iteration 6/300.
22:39:24  src.cpcv.pipeline  INFO    [107/168]              xgboost (seed=1) F1=0.422  AUC=0.470  LL=0.7007 (0.1s)
22:39:24  src.cpcv.models.tree_models  INFO  XGBoost fitted: 520 samples, early stopped at iteration 0/300.
22:39:24  src.cpcv.pipeline  INFO    [108/168]              xgboost (seed=2) F1=0.336  AUC=0.480  LL=0.6994 (0.1s)
22:39:25  src.cpcv.preprocessing  INFO  Computing MDA (Random Forest)...
22:39:52  src.cpcv.preprocessing  INFO  Computing MDA (Logistic Regression)...
22:39:53  src.cpcv.preprocessing  INFO  Multi-model MDA: 33/66 passed (MDA > 0), 33 eliminated
22:39:53  src.cpcv.preprocessing  INFO    Capped at 19 features (top_k_frac=0.3)
22:39:53  src.cpcv.preprocessing  INFO    Selected (19): ['cci_14', 'ema_ratio_20_50', 'eth_btc_ratio', 'issuance_ntv', 'log_returns_lag1', 'log_returns_lag2', 'log_returns_lag21', 'log_returns_lag3', 'log_returns_lag30', 'log_returns_lag5', 'natgas_ret_30', 'oil_ret_30', 'silver_ret_30', 'smt_poly1', 'stoch_d', 'variance_ratio', 'vol_term_30_90', 'vwma_ratio_20_50', 'yield_curve_10y30y']
22:39:53  src.cpcv.pipeline  INFO    Preprocessing: 19 features selected, train=528 + cal=133, test=288
22:39:53  src.cpcv.tuning  INFO  Tuning (2 models) — Optuna TPE + Purged K-Fold (inner: 3 folds, embargo=10 obs)
22:39:53  src.cpcv.tuning  INFO    [tuning] random_forest: 3 purged K-fold splits, 30 Optuna trials (TPE)
22:40:40  src.cpcv.tuning  INFO      random_forest: 25 completed, 5 pruned (of 30 total) — best log_loss=0.6896, params={'n_estimators': 200, 'max_depth': 2, 'min_samples_leaf': 16, 'max_features': 'log2'}
22:40:40  src.cpcv.tuning  INFO    [tuning] random_forest done in 46.4s — best log_loss=0.6896
22:40:40  src.cpcv.tuning  INFO    [tuning] xgboost: 3 purged K-fold splits, 30 Optuna trials (TPE)
22:40:43  src.cpcv.tuning  INFO      xgboost: 18 completed, 12 pruned (of 30 total) — best log_loss=0.6831, params={'max_depth': 2, 'learning_rate': 0.20451041483245894, 'min_child_weight': 8, 'subsample': 0.702968440470004, 'colsample_bytree': 0.7810815754553344, 'gamma': 1.7882379446632224e-06, 'reg_alpha': 5.629535728774171e-05, 'reg_lambda': 0.08448256171557454}
22:40:43  src.cpcv.tuning  INFO    [tuning] xgboost done in 3.8s — best log_loss=0.6831
22:40:43  src.cpcv.tuning  INFO  Tuning total: 50.2s
22:40:43  src.cpcv.pipeline  INFO      applied random_forest: {'n_estimators': 200, 'max_depth': 2, 'min_samples_leaf': 16, 'max_features': 'log2'}
22:40:43  src.cpcv.pipeline  INFO      applied xgboost: {'max_depth': 2, 'learning_rate': 0.20451041483245894, 'min_child_weight': 8, 'subsample': 0.702968440470004, 'colsample_bytree': 0.7810815754553344, 'gamma': 1.7882379446632224e-06, 'reg_alpha': 5.629535728774171e-05, 'reg_lambda': 0.08448256171557454}
22:40:44  src.cpcv.models.tree_models  INFO  RandomForest fitted: 528 samples, 19 features, 200 trees.
22:40:44  src.cpcv.pipeline  INFO    [109/168]        random_forest (seed=0) F1=0.415  AUC=0.466  LL=0.6859 (0.7s)
22:40:45  src.cpcv.models.tree_models  INFO  RandomForest fitted: 528 samples, 19 features, 200 trees.
22:40:45  src.cpcv.pipeline  INFO    [110/168]        random_forest (seed=1) F1=0.377  AUC=0.484  LL=0.6812 (0.6s)
22:40:45  src.cpcv.models.tree_models  INFO  RandomForest fitted: 528 samples, 19 features, 200 trees.
22:40:45  src.cpcv.pipeline  INFO    [111/168]        random_forest (seed=2) F1=0.392  AUC=0.470  LL=0.6835 (0.6s)
22:40:45  src.cpcv.models.tree_models  INFO  XGBoost fitted: 528 samples, early stopped at iteration 3/300.
22:40:45  src.cpcv.pipeline  INFO    [112/168]              xgboost (seed=0) F1=0.394  AUC=0.514  LL=0.6932 (0.0s)
22:40:45  src.cpcv.models.tree_models  INFO  XGBoost fitted: 528 samples, early stopped at iteration 0/300.
22:40:45  src.cpcv.pipeline  INFO    [113/168]              xgboost (seed=1) F1=0.448  AUC=0.475  LL=0.6920 (0.1s)
22:40:45  src.cpcv.models.tree_models  INFO  XGBoost fitted: 528 samples, early stopped at iteration 0/300.
22:40:45  src.cpcv.pipeline  INFO    [114/168]              xgboost (seed=2) F1=0.368  AUC=0.551  LL=0.6701 (0.1s)
22:40:46  src.cpcv.preprocessing  INFO  Computing MDA (Random Forest)...
22:41:13  src.cpcv.preprocessing  INFO  Computing MDA (Logistic Regression)...
22:41:14  src.cpcv.preprocessing  INFO  Multi-model MDA: 47/66 passed (MDA > 0), 19 eliminated
22:41:14  src.cpcv.preprocessing  INFO    Capped at 19 features (top_k_frac=0.3)
22:41:14  src.cpcv.preprocessing  INFO    Selected (19): ['atr', 'bb_width', 'cci_14', 'copper_ret_30', 'dxy_roc_30', 'ema_ratio_50_200', 'gk_vol', 'gold_ret_30', 'kurtosis', 'log_returns', 'log_returns_lag5', 'log_returns_lag6', 'log_returns_lag7', 'natgas_ret_30', 'silver_ret_30', 'skewness', 'stoch_d', 'vix', 'yield_curve_10y30y']
22:41:14  src.cpcv.pipeline  INFO    Preprocessing: 19 features selected, train=518 + cal=130, test=288
22:41:14  src.cpcv.tuning  INFO  Tuning (2 models) — Optuna TPE + Purged K-Fold (inner: 3 folds, embargo=10 obs)
22:41:14  src.cpcv.tuning  INFO    [tuning] random_forest: 3 purged K-fold splits, 30 Optuna trials (TPE)
22:41:57  src.cpcv.tuning  INFO      random_forest: 17 completed, 13 pruned (of 30 total) — best log_loss=0.6883, params={'n_estimators': 200, 'max_depth': 2, 'min_samples_leaf': 17, 'max_features': 'log2'}
22:41:57  src.cpcv.tuning  INFO    [tuning] random_forest done in 43.3s — best log_loss=0.6883
22:41:57  src.cpcv.tuning  INFO    [tuning] xgboost: 3 purged K-fold splits, 30 Optuna trials (TPE)
22:42:02  src.cpcv.tuning  INFO      xgboost: 16 completed, 14 pruned (of 30 total) — best log_loss=0.6779, params={'max_depth': 2, 'learning_rate': 0.20087585743629877, 'min_child_weight': 7, 'subsample': 0.8303954763536694, 'colsample_bytree': 0.8191297261310959, 'gamma': 6.659101437042347e-07, 'reg_alpha': 1.1959989796445667e-08, 'reg_lambda': 2.1472116377018034e-06}
22:42:02  src.cpcv.tuning  INFO    [tuning] xgboost done in 4.5s — best log_loss=0.6779
22:42:02  src.cpcv.tuning  INFO  Tuning total: 47.8s
22:42:02  src.cpcv.pipeline  INFO      applied random_forest: {'n_estimators': 200, 'max_depth': 2, 'min_samples_leaf': 17, 'max_features': 'log2'}
22:42:02  src.cpcv.pipeline  INFO      applied xgboost: {'max_depth': 2, 'learning_rate': 0.20087585743629877, 'min_child_weight': 7, 'subsample': 0.8303954763536694, 'colsample_bytree': 0.8191297261310959, 'gamma': 6.659101437042347e-07, 'reg_alpha': 1.1959989796445667e-08, 'reg_lambda': 2.1472116377018034e-06}
22:42:03  src.cpcv.models.tree_models  INFO  RandomForest fitted: 518 samples, 19 features, 200 trees.
22:42:03  src.cpcv.pipeline  INFO    [115/168]        random_forest (seed=0) F1=0.435  AUC=0.531  LL=0.6962 (0.7s)
22:42:03  src.cpcv.models.tree_models  INFO  RandomForest fitted: 518 samples, 19 features, 200 trees.
22:42:03  src.cpcv.pipeline  INFO    [116/168]        random_forest (seed=1) F1=0.425  AUC=0.523  LL=0.7141 (0.6s)
22:42:04  src.cpcv.models.tree_models  INFO  RandomForest fitted: 518 samples, 19 features, 200 trees.
22:42:04  src.cpcv.pipeline  INFO    [117/168]        random_forest (seed=2) F1=0.435  AUC=0.524  LL=0.7035 (0.6s)
22:42:04  src.cpcv.models.tree_models  INFO  XGBoost fitted: 518 samples, early stopped at iteration 2/300.
22:42:04  src.cpcv.pipeline  INFO    [118/168]              xgboost (seed=0) F1=0.481  AUC=0.539  LL=0.6930 (0.0s)
22:42:04  src.cpcv.models.tree_models  INFO  XGBoost fitted: 518 samples, early stopped at iteration 5/300.
22:42:04  src.cpcv.pipeline  INFO    [119/168]              xgboost (seed=1) F1=0.480  AUC=0.538  LL=0.7017 (0.1s)
22:42:04  src.cpcv.models.tree_models  INFO  XGBoost fitted: 518 samples, early stopped at iteration 6/300.
22:42:04  src.cpcv.pipeline  INFO    [120/168]              xgboost (seed=2) F1=0.453  AUC=0.540  LL=0.7095 (0.1s)
22:42:04  src.cpcv.preprocessing  INFO  Computing MDA (Random Forest)...
22:42:31  src.cpcv.preprocessing  INFO  Computing MDA (Logistic Regression)...
22:42:32  src.cpcv.preprocessing  INFO  Multi-model MDA: 30/66 passed (MDA > 0), 36 eliminated
22:42:32  src.cpcv.preprocessing  INFO    Capped at 19 features (top_k_frac=0.3)
22:42:32  src.cpcv.preprocessing  INFO    Selected (19): ['active_addr_roc_14', 'bb_width', 'chaikin_osc', 'dxy_roc_30', 'ema_ratio_20_50', 'eth_btc_ratio', 'exchange_supply_pct', 'fee_per_tx', 'kurtosis', 'log_returns_lag2', 'macd_hist', 'silver_ret_30', 'skewness', 'sp500_ret_30', 'us2y', 'variance_ratio', 'vol_term_30_90', 'yield_curve_10y30y', 'yz_vol']
22:42:32  src.cpcv.pipeline  INFO    Preprocessing: 19 features selected, train=519 + cal=130, test=288
22:42:32  src.cpcv.tuning  INFO  Tuning (2 models) — Optuna TPE + Purged K-Fold (inner: 3 folds, embargo=10 obs)
22:42:32  src.cpcv.tuning  INFO    [tuning] random_forest: 3 purged K-fold splits, 30 Optuna trials (TPE)
22:43:20  src.cpcv.tuning  INFO      random_forest: 24 completed, 6 pruned (of 30 total) — best log_loss=0.6721, params={'n_estimators': 200, 'max_depth': 3, 'min_samples_leaf': 17, 'max_features': 'sqrt'}
22:43:20  src.cpcv.tuning  INFO    [tuning] random_forest done in 47.7s — best log_loss=0.6721
22:43:20  src.cpcv.tuning  INFO    [tuning] xgboost: 3 purged K-fold splits, 30 Optuna trials (TPE)
22:43:26  src.cpcv.tuning  INFO      xgboost: 20 completed, 10 pruned (of 30 total) — best log_loss=0.6665, params={'max_depth': 2, 'learning_rate': 0.27453851664801854, 'min_child_weight': 17, 'subsample': 0.6941745159629005, 'colsample_bytree': 0.7369859728476158, 'gamma': 3.8544113339403843e-05, 'reg_alpha': 4.604019696835727e-08, 'reg_lambda': 0.5008074695581269}
22:43:26  src.cpcv.tuning  INFO    [tuning] xgboost done in 5.9s — best log_loss=0.6665
22:43:26  src.cpcv.tuning  INFO  Tuning total: 53.6s
22:43:26  src.cpcv.pipeline  INFO      applied random_forest: {'n_estimators': 200, 'max_depth': 3, 'min_samples_leaf': 17, 'max_features': 'sqrt'}
22:43:26  src.cpcv.pipeline  INFO      applied xgboost: {'max_depth': 2, 'learning_rate': 0.27453851664801854, 'min_child_weight': 17, 'subsample': 0.6941745159629005, 'colsample_bytree': 0.7369859728476158, 'gamma': 3.8544113339403843e-05, 'reg_alpha': 4.604019696835727e-08, 'reg_lambda': 0.5008074695581269}
22:43:27  src.cpcv.models.tree_models  INFO  RandomForest fitted: 519 samples, 19 features, 200 trees.
22:43:27  src.cpcv.pipeline  INFO    [121/168]        random_forest (seed=0) F1=0.499  AUC=0.492  LL=0.7553 (0.8s)
22:43:27  src.cpcv.models.tree_models  INFO  RandomForest fitted: 519 samples, 19 features, 200 trees.
22:43:27  src.cpcv.pipeline  INFO    [122/168]        random_forest (seed=1) F1=0.457  AUC=0.488  LL=0.7172 (0.7s)
22:43:28  src.cpcv.models.tree_models  INFO  RandomForest fitted: 519 samples, 19 features, 200 trees.
22:43:28  src.cpcv.pipeline  INFO    [123/168]        random_forest (seed=2) F1=0.469  AUC=0.485  LL=0.7394 (0.6s)
22:43:28  src.cpcv.models.tree_models  INFO  XGBoost fitted: 519 samples, early stopped at iteration 11/300.
22:43:28  src.cpcv.pipeline  INFO    [124/168]              xgboost (seed=0) F1=0.520  AUC=0.499  LL=0.7878 (0.1s)
22:43:28  src.cpcv.models.tree_models  INFO  XGBoost fitted: 519 samples, early stopped at iteration 0/300.
22:43:28  src.cpcv.pipeline  INFO    [125/168]              xgboost (seed=1) F1=0.360  AUC=0.504  LL=0.6873 (0.0s)
22:43:28  src.cpcv.models.tree_models  INFO  XGBoost fitted: 519 samples, early stopped at iteration 7/300.
22:43:28  src.cpcv.pipeline  INFO    [126/168]              xgboost (seed=2) F1=0.475  AUC=0.475  LL=0.7154 (0.1s)
22:43:29  src.cpcv.preprocessing  INFO  Computing MDA (Random Forest)...
22:43:53  src.cpcv.preprocessing  INFO  Computing MDA (Logistic Regression)...
22:43:54  src.cpcv.preprocessing  INFO  Multi-model MDA: 35/66 passed (MDA > 0), 31 eliminated
22:43:54  src.cpcv.preprocessing  INFO    Capped at 19 features (top_k_frac=0.3)
22:43:54  src.cpcv.preprocessing  INFO    Selected (19): ['active_addr_roc_14', 'chaikin_osc', 'copper_ret_30', 'dxy_roc_30', 'eth_btc_ratio', 'exchange_supply_pct', 'gk_vol', 'log_returns', 'log_returns_lag14', 'log_returns_lag3', 'realized_vol', 'rsi', 'silver_ret_30', 'skewness', 'smt_poly1', 'stoch_d', 'us10y', 'us2y', 'yield_curve_10y30y']
22:43:54  src.cpcv.pipeline  INFO    Preprocessing: 19 features selected, train=520 + cal=131, test=295
22:43:54  src.cpcv.tuning  INFO  Tuning (2 models) — Optuna TPE + Purged K-Fold (inner: 3 folds, embargo=10 obs)
22:43:54  src.cpcv.tuning  INFO    [tuning] random_forest: 3 purged K-fold splits, 30 Optuna trials (TPE)
22:44:39  src.cpcv.tuning  INFO      random_forest: 17 completed, 13 pruned (of 30 total) — best log_loss=0.6767, params={'n_estimators': 250, 'max_depth': 2, 'min_samples_leaf': 28, 'max_features': 'sqrt'}
22:44:39  src.cpcv.tuning  INFO    [tuning] random_forest done in 45.0s — best log_loss=0.6767
22:44:39  src.cpcv.tuning  INFO    [tuning] xgboost: 3 purged K-fold splits, 30 Optuna trials (TPE)
22:44:45  src.cpcv.tuning  INFO      xgboost: 17 completed, 13 pruned (of 30 total) — best log_loss=0.6681, params={'max_depth': 3, 'learning_rate': 0.06530555158582778, 'min_child_weight': 11, 'subsample': 0.8081362491819343, 'colsample_bytree': 0.8279679066657979, 'gamma': 4.385172177870688e-05, 'reg_alpha': 0.0655941382173729, 'reg_lambda': 1.6033063589219013e-08}
22:44:45  src.cpcv.tuning  INFO    [tuning] xgboost done in 5.9s — best log_loss=0.6681
22:44:45  src.cpcv.tuning  INFO  Tuning total: 50.9s
22:44:45  src.cpcv.pipeline  INFO      applied random_forest: {'n_estimators': 250, 'max_depth': 2, 'min_samples_leaf': 28, 'max_features': 'sqrt'}
22:44:45  src.cpcv.pipeline  INFO      applied xgboost: {'max_depth': 3, 'learning_rate': 0.06530555158582778, 'min_child_weight': 11, 'subsample': 0.8081362491819343, 'colsample_bytree': 0.8279679066657979, 'gamma': 4.385172177870688e-05, 'reg_alpha': 0.0655941382173729, 'reg_lambda': 1.6033063589219013e-08}
22:44:45  src.cpcv.models.tree_models  INFO  RandomForest fitted: 520 samples, 19 features, 250 trees.
22:44:46  src.cpcv.pipeline  INFO    [127/168]        random_forest (seed=0) F1=0.488  AUC=0.475  LL=0.7009 (0.8s)
22:44:46  src.cpcv.models.tree_models  INFO  RandomForest fitted: 520 samples, 19 features, 250 trees.
22:44:46  src.cpcv.pipeline  INFO    [128/168]        random_forest (seed=1) F1=0.360  AUC=0.533  LL=0.6855 (0.7s)
22:44:47  src.cpcv.models.tree_models  INFO  RandomForest fitted: 520 samples, 19 features, 250 trees.
22:44:47  src.cpcv.pipeline  INFO    [129/168]        random_forest (seed=2) F1=0.360  AUC=0.524  LL=0.6849 (0.7s)
22:44:47  src.cpcv.models.tree_models  INFO  XGBoost fitted: 520 samples, early stopped at iteration 5/300.
22:44:47  src.cpcv.pipeline  INFO    [130/168]              xgboost (seed=0) F1=0.357  AUC=0.509  LL=0.6905 (0.1s)
22:44:47  src.cpcv.models.tree_models  INFO  XGBoost fitted: 520 samples, early stopped at iteration 0/300.
22:44:47  src.cpcv.pipeline  INFO    [131/168]              xgboost (seed=1) F1=0.360  AUC=0.509  LL=0.6869 (0.1s)
22:44:47  src.cpcv.models.tree_models  INFO  XGBoost fitted: 520 samples, early stopped at iteration 0/300.
22:44:47  src.cpcv.pipeline  INFO    [132/168]              xgboost (seed=2) F1=0.360  AUC=0.531  LL=0.6865 (0.1s)
22:44:47  src.cpcv.preprocessing  INFO  Computing MDA (Random Forest)...
22:45:12  src.cpcv.preprocessing  INFO  Computing MDA (Logistic Regression)...
22:45:13  src.cpcv.preprocessing  INFO  Multi-model MDA: 29/66 passed (MDA > 0), 37 eliminated
22:45:13  src.cpcv.preprocessing  INFO    Capped at 19 features (top_k_frac=0.3)
22:45:13  src.cpcv.preprocessing  INFO    Selected (19): ['active_addr_roc_14', 'atr', 'bb_width', 'cci_14', 'chaikin_osc', 'log_returns_lag5', 'log_returns_lag7', 'macd', 'macd_signal', 'nasdaq_ret_30', 'net_exchange_flow', 'obv', 'realized_vol', 'roc_14', 'rsi', 'sadf', 'silver_ret_30', 'stoch_k', 'yield_curve_2y10y']
22:45:13  src.cpcv.pipeline  INFO    Preprocessing: 19 features selected, train=528 + cal=133, test=288
22:45:13  src.cpcv.tuning  INFO  Tuning (2 models) — Optuna TPE + Purged K-Fold (inner: 3 folds, embargo=10 obs)
22:45:13  src.cpcv.tuning  INFO    [tuning] random_forest: 3 purged K-fold splits, 30 Optuna trials (TPE)
22:45:50  src.cpcv.tuning  INFO      random_forest: 20 completed, 10 pruned (of 30 total) — best log_loss=0.6956, params={'n_estimators': 150, 'max_depth': 2, 'min_samples_leaf': 34, 'max_features': 'log2'}
22:45:50  src.cpcv.tuning  INFO    [tuning] random_forest done in 37.3s — best log_loss=0.6956
22:45:50  src.cpcv.tuning  INFO    [tuning] xgboost: 3 purged K-fold splits, 30 Optuna trials (TPE)
22:45:54  src.cpcv.tuning  INFO      xgboost: 14 completed, 16 pruned (of 30 total) — best log_loss=0.6894, params={'max_depth': 2, 'learning_rate': 0.11114989443094977, 'min_child_weight': 5, 'subsample': 0.9879639408647978, 'colsample_bytree': 0.9329770563201687, 'gamma': 4.997040685255803e-07, 'reg_alpha': 4.329370014459266e-07, 'reg_lambda': 4.4734294104626844e-07}
22:45:54  src.cpcv.tuning  INFO    [tuning] xgboost done in 3.7s — best log_loss=0.6894
22:45:54  src.cpcv.tuning  INFO  Tuning total: 41.0s
22:45:54  src.cpcv.pipeline  INFO      applied random_forest: {'n_estimators': 150, 'max_depth': 2, 'min_samples_leaf': 34, 'max_features': 'log2'}
22:45:54  src.cpcv.pipeline  INFO      applied xgboost: {'max_depth': 2, 'learning_rate': 0.11114989443094977, 'min_child_weight': 5, 'subsample': 0.9879639408647978, 'colsample_bytree': 0.9329770563201687, 'gamma': 4.997040685255803e-07, 'reg_alpha': 4.329370014459266e-07, 'reg_lambda': 4.4734294104626844e-07}
22:45:55  src.cpcv.models.tree_models  INFO  RandomForest fitted: 528 samples, 19 features, 150 trees.
22:45:55  src.cpcv.pipeline  INFO    [133/168]        random_forest (seed=0) F1=0.392  AUC=0.463  LL=0.6946 (0.6s)
22:45:55  src.cpcv.models.tree_models  INFO  RandomForest fitted: 528 samples, 19 features, 150 trees.
22:45:55  src.cpcv.pipeline  INFO    [134/168]        random_forest (seed=1) F1=0.387  AUC=0.460  LL=0.6918 (0.5s)
22:45:56  src.cpcv.models.tree_models  INFO  RandomForest fitted: 528 samples, 19 features, 150 trees.
22:45:56  src.cpcv.pipeline  INFO    [135/168]        random_forest (seed=2) F1=0.458  AUC=0.452  LL=0.7001 (0.6s)
22:45:56  src.cpcv.models.tree_models  INFO  XGBoost fitted: 528 samples, early stopped at iteration 0/300.
22:45:56  src.cpcv.pipeline  INFO    [136/168]              xgboost (seed=0) F1=0.357  AUC=0.484  LL=0.7092 (0.1s)
22:45:56  src.cpcv.models.tree_models  INFO  XGBoost fitted: 528 samples, early stopped at iteration 0/300.
22:45:56  src.cpcv.pipeline  INFO    [137/168]              xgboost (seed=1) F1=0.357  AUC=0.484  LL=0.7344 (0.1s)
22:45:56  src.cpcv.models.tree_models  INFO  XGBoost fitted: 528 samples, early stopped at iteration 0/300.
22:45:56  src.cpcv.pipeline  INFO    [138/168]              xgboost (seed=2) F1=0.356  AUC=0.484  LL=0.7312 (0.1s)
22:45:56  src.cpcv.preprocessing  INFO  Computing MDA (Random Forest)...
22:46:20  src.cpcv.preprocessing  INFO  Computing MDA (Logistic Regression)...
22:46:21  src.cpcv.preprocessing  INFO  Multi-model MDA: 17/66 passed (MDA > 0), 49 eliminated
22:46:21  src.cpcv.preprocessing  INFO    Selected (17): ['ema_ratio_50_200', 'eth_btc_ratio', 'exchange_supply_pct', 'gold_ret_30', 'kurtosis', 'log_returns_lag1', 'log_returns_lag30', 'macd', 'macd_signal', 'natgas_ret_30', 'sadf', 'silver_ret_30', 'skewness', 'smt_poly1', 'yield_curve_10y30y', 'yield_curve_2y10y', 'yz_vol']
22:46:21  src.cpcv.pipeline  INFO    Preprocessing: 17 features selected, train=519 + cal=130, test=288
22:46:21  src.cpcv.tuning  INFO  Tuning (2 models) — Optuna TPE + Purged K-Fold (inner: 3 folds, embargo=10 obs)
22:46:21  src.cpcv.tuning  INFO    [tuning] random_forest: 3 purged K-fold splits, 30 Optuna trials (TPE)
22:47:11  src.cpcv.tuning  INFO      random_forest: 28 completed, 2 pruned (of 30 total) — best log_loss=0.6842, params={'n_estimators': 250, 'max_depth': 5, 'min_samples_leaf': 29, 'max_features': 'sqrt'}
22:47:11  src.cpcv.tuning  INFO    [tuning] random_forest done in 50.0s — best log_loss=0.6842
22:47:11  src.cpcv.tuning  INFO    [tuning] xgboost: 3 purged K-fold splits, 30 Optuna trials (TPE)
22:47:16  src.cpcv.tuning  INFO      xgboost: 24 completed, 6 pruned (of 30 total) — best log_loss=0.6774, params={'max_depth': 1, 'learning_rate': 0.20392382142603527, 'min_child_weight': 17, 'subsample': 0.8759710886560624, 'colsample_bytree': 0.9538019377241806, 'gamma': 2.231675464113322e-05, 'reg_alpha': 1.4006443652919582e-07, 'reg_lambda': 5.36145146114936e-05}
22:47:16  src.cpcv.tuning  INFO    [tuning] xgboost done in 5.0s — best log_loss=0.6774
22:47:16  src.cpcv.tuning  INFO  Tuning total: 55.0s
22:47:16  src.cpcv.pipeline  INFO      applied random_forest: {'n_estimators': 250, 'max_depth': 5, 'min_samples_leaf': 29, 'max_features': 'sqrt'}
22:47:16  src.cpcv.pipeline  INFO      applied xgboost: {'max_depth': 1, 'learning_rate': 0.20392382142603527, 'min_child_weight': 17, 'subsample': 0.8759710886560624, 'colsample_bytree': 0.9538019377241806, 'gamma': 2.231675464113322e-05, 'reg_alpha': 1.4006443652919582e-07, 'reg_lambda': 5.36145146114936e-05}
22:47:17  src.cpcv.models.tree_models  INFO  RandomForest fitted: 519 samples, 17 features, 250 trees.
22:47:17  src.cpcv.pipeline  INFO    [139/168]        random_forest (seed=0) F1=0.375  AUC=0.556  LL=0.6839 (0.8s)
22:47:18  src.cpcv.models.tree_models  INFO  RandomForest fitted: 519 samples, 17 features, 250 trees.
22:47:18  src.cpcv.pipeline  INFO    [140/168]        random_forest (seed=1) F1=0.366  AUC=0.443  LL=0.6869 (0.7s)
22:47:18  src.cpcv.models.tree_models  INFO  RandomForest fitted: 519 samples, 17 features, 250 trees.
22:47:18  src.cpcv.pipeline  INFO    [141/168]        random_forest (seed=2) F1=0.366  AUC=0.560  LL=0.6856 (0.7s)
22:47:18  src.cpcv.models.tree_models  INFO  XGBoost fitted: 519 samples, early stopped at iteration 4/300.
22:47:19  src.cpcv.pipeline  INFO    [142/168]              xgboost (seed=0) F1=0.513  AUC=0.566  LL=0.6801 (0.1s)
22:47:19  src.cpcv.models.tree_models  INFO  XGBoost fitted: 519 samples, early stopped at iteration 3/300.
22:47:19  src.cpcv.pipeline  INFO    [143/168]              xgboost (seed=1) F1=0.491  AUC=0.567  LL=0.6799 (0.0s)
22:47:19  src.cpcv.models.tree_models  INFO  XGBoost fitted: 519 samples, early stopped at iteration 5/300.
22:47:19  src.cpcv.pipeline  INFO    [144/168]              xgboost (seed=2) F1=0.538  AUC=0.562  LL=0.6891 (0.1s)
22:47:19  src.cpcv.preprocessing  INFO  Computing MDA (Random Forest)...
22:47:45  src.cpcv.preprocessing  INFO  Computing MDA (Logistic Regression)...
22:47:46  src.cpcv.preprocessing  INFO  Multi-model MDA: 20/66 passed (MDA > 0), 46 eliminated
22:47:46  src.cpcv.preprocessing  INFO    Capped at 19 features (top_k_frac=0.3)
22:47:46  src.cpcv.preprocessing  INFO    Selected (19): ['active_addr_roc_14', 'copper_ret_30', 'eth_btc_ratio', 'exchange_supply_pct', 'hurst', 'kurtosis', 'log_returns_lag7', 'lz_complexity', 'macd', 'net_exchange_flow', 'oil_ret_30', 'realized_vol', 'sadf', 'silver_ret_30', 'skewness', 'smt_exp', 'us2y', 'vol_term_30_90', 'vwma_ratio_20_50']
22:47:46  src.cpcv.pipeline  INFO    Preprocessing: 19 features selected, train=520 + cal=131, test=295
22:47:46  src.cpcv.tuning  INFO  Tuning (2 models) — Optuna TPE + Purged K-Fold (inner: 3 folds, embargo=10 obs)
22:47:46  src.cpcv.tuning  INFO    [tuning] random_forest: 3 purged K-fold splits, 30 Optuna trials (TPE)
22:48:25  src.cpcv.tuning  INFO      random_forest: 16 completed, 14 pruned (of 30 total) — best log_loss=0.6837, params={'n_estimators': 200, 'max_depth': 2, 'min_samples_leaf': 16, 'max_features': 'log2'}
22:48:25  src.cpcv.tuning  INFO    [tuning] random_forest done in 39.5s — best log_loss=0.6837
22:48:25  src.cpcv.tuning  INFO    [tuning] xgboost: 3 purged K-fold splits, 30 Optuna trials (TPE)
22:48:30  src.cpcv.tuning  INFO      xgboost: 13 completed, 17 pruned (of 30 total) — best log_loss=0.6729, params={'max_depth': 2, 'learning_rate': 0.2536999076681772, 'min_child_weight': 24, 'subsample': 0.8394633936788146, 'colsample_bytree': 0.6624074561769746, 'gamma': 1.7699302940633311e-07, 'reg_alpha': 3.3323645788192616e-08, 'reg_lambda': 0.6245760287469893}
22:48:30  src.cpcv.tuning  INFO    [tuning] xgboost done in 4.8s — best log_loss=0.6729
22:48:30  src.cpcv.tuning  INFO  Tuning total: 44.3s
22:48:30  src.cpcv.pipeline  INFO      applied random_forest: {'n_estimators': 200, 'max_depth': 2, 'min_samples_leaf': 16, 'max_features': 'log2'}
22:48:30  src.cpcv.pipeline  INFO      applied xgboost: {'max_depth': 2, 'learning_rate': 0.2536999076681772, 'min_child_weight': 24, 'subsample': 0.8394633936788146, 'colsample_bytree': 0.6624074561769746, 'gamma': 1.7699302940633311e-07, 'reg_alpha': 3.3323645788192616e-08, 'reg_lambda': 0.6245760287469893}
22:48:30  src.cpcv.models.tree_models  INFO  RandomForest fitted: 520 samples, 19 features, 200 trees.
22:48:31  src.cpcv.pipeline  INFO    [145/168]        random_forest (seed=0) F1=0.366  AUC=0.439  LL=0.6865 (0.6s)
22:48:31  src.cpcv.models.tree_models  INFO  RandomForest fitted: 520 samples, 19 features, 200 trees.
22:48:31  src.cpcv.pipeline  INFO    [146/168]        random_forest (seed=1) F1=0.366  AUC=0.559  LL=0.6849 (0.6s)
22:48:32  src.cpcv.models.tree_models  INFO  RandomForest fitted: 520 samples, 19 features, 200 trees.
22:48:32  src.cpcv.pipeline  INFO    [147/168]        random_forest (seed=2) F1=0.366  AUC=0.429  LL=0.6873 (0.6s)
22:48:32  src.cpcv.models.tree_models  INFO  XGBoost fitted: 520 samples, early stopped at iteration 6/300.
22:48:32  src.cpcv.pipeline  INFO    [148/168]              xgboost (seed=0) F1=0.406  AUC=0.499  LL=0.6860 (0.1s)
22:48:32  src.cpcv.models.tree_models  INFO  XGBoost fitted: 520 samples, early stopped at iteration 1/300.
22:48:32  src.cpcv.pipeline  INFO    [149/168]              xgboost (seed=1) F1=0.508  AUC=0.525  LL=0.6899 (0.1s)
22:48:32  src.cpcv.models.tree_models  INFO  XGBoost fitted: 520 samples, early stopped at iteration 1/300.
22:48:32  src.cpcv.pipeline  INFO    [150/168]              xgboost (seed=2) F1=0.366  AUC=0.527  LL=0.6834 (0.0s)
22:48:32  src.cpcv.preprocessing  INFO  Computing MDA (Random Forest)...
22:48:58  src.cpcv.preprocessing  INFO  Computing MDA (Logistic Regression)...
22:48:59  src.cpcv.preprocessing  INFO  Multi-model MDA: 34/66 passed (MDA > 0), 32 eliminated
22:48:59  src.cpcv.preprocessing  INFO    Capped at 19 features (top_k_frac=0.3)
22:48:59  src.cpcv.preprocessing  INFO    Selected (19): ['active_addr_roc_14', 'atr', 'chaikin_osc', 'ema_ratio_50_200', 'kurtosis', 'log_returns', 'log_returns_lag3', 'log_returns_lag6', 'macd', 'macd_hist', 'natgas_ret_30', 'sadf', 'silver_ret_30', 'skewness', 'smt_poly1', 'stoch_d', 'tx_count_roc_14', 'us2y', 'yz_vol']
22:48:59  src.cpcv.pipeline  INFO    Preprocessing: 19 features selected, train=527 + cal=132, test=288
22:48:59  src.cpcv.tuning  INFO  Tuning (2 models) — Optuna TPE + Purged K-Fold (inner: 3 folds, embargo=10 obs)
22:48:59  src.cpcv.tuning  INFO    [tuning] random_forest: 3 purged K-fold splits, 30 Optuna trials (TPE)
22:49:43  src.cpcv.tuning  INFO      random_forest: 18 completed, 12 pruned (of 30 total) — best log_loss=0.6905, params={'n_estimators': 250, 'max_depth': 2, 'min_samples_leaf': 28, 'max_features': 'sqrt'}
22:49:43  src.cpcv.tuning  INFO    [tuning] random_forest done in 44.7s — best log_loss=0.6905
22:49:43  src.cpcv.tuning  INFO    [tuning] xgboost: 3 purged K-fold splits, 30 Optuna trials (TPE)
22:49:47  src.cpcv.tuning  INFO      xgboost: 10 completed, 20 pruned (of 30 total) — best log_loss=0.6808, params={'max_depth': 3, 'learning_rate': 0.21573238721734128, 'min_child_weight': 25, 'subsample': 0.9457746555795622, 'colsample_bytree': 0.8939112117287686, 'gamma': 7.097515204427082e-08, 'reg_alpha': 6.189776343666531e-08, 'reg_lambda': 6.802227702248878e-08}
22:49:47  src.cpcv.tuning  INFO    [tuning] xgboost done in 3.7s — best log_loss=0.6808
22:49:47  src.cpcv.tuning  INFO  Tuning total: 48.4s
22:49:47  src.cpcv.pipeline  INFO      applied random_forest: {'n_estimators': 250, 'max_depth': 2, 'min_samples_leaf': 28, 'max_features': 'sqrt'}
22:49:47  src.cpcv.pipeline  INFO      applied xgboost: {'max_depth': 3, 'learning_rate': 0.21573238721734128, 'min_child_weight': 25, 'subsample': 0.9457746555795622, 'colsample_bytree': 0.8939112117287686, 'gamma': 7.097515204427082e-08, 'reg_alpha': 6.189776343666531e-08, 'reg_lambda': 6.802227702248878e-08}
22:49:48  src.cpcv.models.tree_models  INFO  RandomForest fitted: 527 samples, 19 features, 250 trees.
22:49:48  src.cpcv.pipeline  INFO    [151/168]        random_forest (seed=0) F1=0.465  AUC=0.564  LL=0.6898 (0.8s)
22:49:48  src.cpcv.models.tree_models  INFO  RandomForest fitted: 527 samples, 19 features, 250 trees.
22:49:48  src.cpcv.pipeline  INFO    [152/168]        random_forest (seed=1) F1=0.410  AUC=0.545  LL=0.6901 (0.7s)
22:49:49  src.cpcv.models.tree_models  INFO  RandomForest fitted: 527 samples, 19 features, 250 trees.
22:49:49  src.cpcv.pipeline  INFO    [153/168]        random_forest (seed=2) F1=0.385  AUC=0.544  LL=0.6891 (0.8s)
22:49:49  src.cpcv.models.tree_models  INFO  XGBoost fitted: 527 samples, early stopped at iteration 8/300.
22:49:49  src.cpcv.pipeline  INFO    [154/168]              xgboost (seed=0) F1=0.456  AUC=0.569  LL=0.6870 (0.1s)
22:49:49  src.cpcv.models.tree_models  INFO  XGBoost fitted: 527 samples, early stopped at iteration 0/300.
22:49:49  src.cpcv.pipeline  INFO    [155/168]              xgboost (seed=1) F1=0.347  AUC=0.469  LL=0.6929 (0.0s)
22:49:49  src.cpcv.models.tree_models  INFO  XGBoost fitted: 527 samples, early stopped at iteration 6/300.
22:49:49  src.cpcv.pipeline  INFO    [156/168]              xgboost (seed=2) F1=0.390  AUC=0.539  LL=0.6905 (0.1s)
22:49:50  src.cpcv.preprocessing  INFO  Computing MDA (Random Forest)...
22:50:14  src.cpcv.preprocessing  INFO  Computing MDA (Logistic Regression)...
22:50:15  src.cpcv.preprocessing  INFO  Multi-model MDA: 9/66 passed (MDA > 0), 57 eliminated
22:50:15  src.cpcv.preprocessing  INFO    Selected (9): ['cci_14', 'copper_ret_30', 'eth_btc_ratio', 'issuance_ntv', 'log_returns_lag3', 'lz_complexity', 'natgas_ret_30', 'us10y', 'yield_curve_2y10y']
22:50:15  src.cpcv.pipeline  INFO    Preprocessing: 9 features selected, train=519 + cal=130, test=295
22:50:15  src.cpcv.tuning  INFO  Tuning (2 models) — Optuna TPE + Purged K-Fold (inner: 3 folds, embargo=10 obs)
22:50:15  src.cpcv.tuning  INFO    [tuning] random_forest: 3 purged K-fold splits, 30 Optuna trials (TPE)
22:50:58  src.cpcv.tuning  INFO      random_forest: 22 completed, 8 pruned (of 30 total) — best log_loss=0.6872, params={'n_estimators': 200, 'max_depth': 2, 'min_samples_leaf': 15, 'max_features': 'log2'}
22:50:58  src.cpcv.tuning  INFO    [tuning] random_forest done in 42.9s — best log_loss=0.6872
22:50:58  src.cpcv.tuning  INFO    [tuning] xgboost: 3 purged K-fold splits, 30 Optuna trials (TPE)
22:51:02  src.cpcv.tuning  INFO      xgboost: 15 completed, 15 pruned (of 30 total) — best log_loss=0.6749, params={'max_depth': 3, 'learning_rate': 0.09219223907755845, 'min_child_weight': 5, 'subsample': 0.9783238879894852, 'colsample_bytree': 0.7117402442626439, 'gamma': 0.0025728761060835777, 'reg_alpha': 2.2932025145672405e-06, 'reg_lambda': 0.011170882230115881}
22:51:02  src.cpcv.tuning  INFO    [tuning] xgboost done in 3.9s — best log_loss=0.6749
22:51:02  src.cpcv.tuning  INFO  Tuning total: 46.7s
22:51:02  src.cpcv.pipeline  INFO      applied random_forest: {'n_estimators': 200, 'max_depth': 2, 'min_samples_leaf': 15, 'max_features': 'log2'}
22:51:02  src.cpcv.pipeline  INFO      applied xgboost: {'max_depth': 3, 'learning_rate': 0.09219223907755845, 'min_child_weight': 5, 'subsample': 0.9783238879894852, 'colsample_bytree': 0.7117402442626439, 'gamma': 0.0025728761060835777, 'reg_alpha': 2.2932025145672405e-06, 'reg_lambda': 0.011170882230115881}
22:51:02  src.cpcv.models.tree_models  INFO  RandomForest fitted: 519 samples, 9 features, 200 trees.
22:51:02  src.cpcv.pipeline  INFO    [157/168]        random_forest (seed=0) F1=0.530  AUC=0.530  LL=0.6891 (0.6s)
22:51:03  src.cpcv.models.tree_models  INFO  RandomForest fitted: 519 samples, 9 features, 200 trees.
22:51:03  src.cpcv.pipeline  INFO    [158/168]        random_forest (seed=1) F1=0.521  AUC=0.520  LL=0.6893 (0.6s)
22:51:03  src.cpcv.models.tree_models  INFO  RandomForest fitted: 519 samples, 9 features, 200 trees.
22:51:03  src.cpcv.pipeline  INFO    [159/168]        random_forest (seed=2) F1=0.495  AUC=0.529  LL=0.6904 (0.6s)
22:51:04  src.cpcv.models.tree_models  INFO  XGBoost fitted: 519 samples, early stopped at iteration 7/300.
22:51:04  src.cpcv.pipeline  INFO    [160/168]              xgboost (seed=0) F1=0.520  AUC=0.528  LL=0.7097 (0.1s)
22:51:04  src.cpcv.models.tree_models  INFO  XGBoost fitted: 519 samples, early stopped at iteration 4/300.
22:51:04  src.cpcv.pipeline  INFO    [161/168]              xgboost (seed=1) F1=0.448  AUC=0.524  LL=0.7636 (0.1s)
22:51:04  src.cpcv.models.tree_models  INFO  XGBoost fitted: 519 samples, early stopped at iteration 8/300.
22:51:04  src.cpcv.pipeline  INFO    [162/168]              xgboost (seed=2) F1=0.522  AUC=0.534  LL=0.7113 (0.1s)
22:51:04  src.cpcv.preprocessing  INFO  Computing MDA (Random Forest)...
22:51:28  src.cpcv.preprocessing  INFO  Computing MDA (Logistic Regression)...
22:51:29  src.cpcv.preprocessing  INFO  Multi-model MDA: 38/66 passed (MDA > 0), 28 eliminated
22:51:29  src.cpcv.preprocessing  INFO    Capped at 19 features (top_k_frac=0.3)
22:51:29  src.cpcv.preprocessing  INFO    Selected (19): ['cci_14', 'ema_ratio_50_200', 'eth_btc_ratio', 'exchange_supply_pct', 'issuance_ntv', 'kurtosis', 'log_returns', 'log_returns_lag21', 'macd_hist', 'mfi_14', 'realized_vol', 'shannon_entropy', 'smt_poly1', 'stoch_k', 'us10y', 'us2y', 'yield_curve_10y30y', 'yield_curve_2y10y', 'yz_vol']
22:51:29  src.cpcv.pipeline  INFO    Preprocessing: 19 features selected, train=531 + cal=133, test=295
22:51:29  src.cpcv.tuning  INFO  Tuning (2 models) — Optuna TPE + Purged K-Fold (inner: 3 folds, embargo=10 obs)
22:51:29  src.cpcv.tuning  INFO    [tuning] random_forest: 3 purged K-fold splits, 30 Optuna trials (TPE)
22:52:15  src.cpcv.tuning  INFO      random_forest: 27 completed, 3 pruned (of 30 total) — best log_loss=0.6770, params={'n_estimators': 200, 'max_depth': 5, 'min_samples_leaf': 33, 'max_features': 'log2'}
22:52:15  src.cpcv.tuning  INFO    [tuning] random_forest done in 45.6s — best log_loss=0.6770
22:52:15  src.cpcv.tuning  INFO    [tuning] xgboost: 3 purged K-fold splits, 30 Optuna trials (TPE)
22:52:20  src.cpcv.tuning  INFO      xgboost: 16 completed, 14 pruned (of 30 total) — best log_loss=0.6690, params={'max_depth': 1, 'learning_rate': 0.05066279925177419, 'min_child_weight': 9, 'subsample': 0.9783238879894852, 'colsample_bytree': 0.6769619717490266, 'gamma': 0.0022451516478527262, 'reg_alpha': 3.916754593973678e-05, 'reg_lambda': 0.0037653511867646863}
22:52:20  src.cpcv.tuning  INFO    [tuning] xgboost done in 5.6s — best log_loss=0.6690
22:52:20  src.cpcv.tuning  INFO  Tuning total: 51.2s
22:52:20  src.cpcv.pipeline  INFO      applied random_forest: {'n_estimators': 200, 'max_depth': 5, 'min_samples_leaf': 33, 'max_features': 'log2'}
22:52:20  src.cpcv.pipeline  INFO      applied xgboost: {'max_depth': 1, 'learning_rate': 0.05066279925177419, 'min_child_weight': 9, 'subsample': 0.9783238879894852, 'colsample_bytree': 0.6769619717490266, 'gamma': 0.0022451516478527262, 'reg_alpha': 3.916754593973678e-05, 'reg_lambda': 0.0037653511867646863}
22:52:21  src.cpcv.models.tree_models  INFO  RandomForest fitted: 531 samples, 19 features, 200 trees.
22:52:21  src.cpcv.pipeline  INFO    [163/168]        random_forest (seed=0) F1=0.454  AUC=0.510  LL=0.7656 (0.6s)
22:52:21  src.cpcv.models.tree_models  INFO  RandomForest fitted: 531 samples, 19 features, 200 trees.
22:52:22  src.cpcv.pipeline  INFO    [164/168]        random_forest (seed=1) F1=0.469  AUC=0.485  LL=0.7732 (0.6s)
22:52:22  src.cpcv.models.tree_models  INFO  RandomForest fitted: 531 samples, 19 features, 200 trees.
22:52:22  src.cpcv.pipeline  INFO    [165/168]        random_forest (seed=2) F1=0.456  AUC=0.482  LL=0.7681 (0.7s)
22:52:22  src.cpcv.models.tree_models  INFO  XGBoost fitted: 531 samples, early stopped at iteration 293/300.
22:52:22  src.cpcv.pipeline  INFO    [166/168]              xgboost (seed=0) F1=0.372  AUC=0.521  LL=0.8966 (0.2s)
22:52:23  src.cpcv.models.tree_models  INFO  XGBoost fitted: 531 samples, early stopped at iteration 298/300.
22:52:23  src.cpcv.pipeline  INFO    [167/168]              xgboost (seed=1) F1=0.372  AUC=0.515  LL=0.9168 (0.2s)
22:52:23  src.cpcv.models.tree_models  INFO  XGBoost fitted: 531 samples, early stopped at iteration 299/300.
22:52:23  src.cpcv.pipeline  INFO    [168/168]              xgboost (seed=2) F1=0.381  AUC=0.521  LL=0.8985 (0.2s)
22:52:23  src.cpcv.pipeline  INFO  ============================================================
22:52:23  src.cpcv.pipeline  INFO  CPCV Pipeline Complete
22:52:23  src.cpcv.pipeline  INFO  ============================================================
22:52:23  src.cpcv.pipeline  INFO    Total time:     2319.9s (38.7m)
22:52:23  src.cpcv.pipeline  INFO    Tasks:          168 succeeded, 0 failed
22:52:23  src.cpcv.pipeline  INFO    Results keys:   168 (model, split, seed) entries
22:52:23  src.cpcv.pipeline  INFO    Backtest paths: 7
22:52:23  src.cpcv.pipeline  INFO    Tuning:         nested (per-split), 28 splits tuned, models=['random_forest', 'xgboost']
22:52:23  src.cpcv.pipeline  INFO  ============================================================
22:58:30  src.cpcv.pipeline  INFO  ============================================================
22:58:30  src.cpcv.pipeline  INFO  CPCV Pipeline
22:58:30  src.cpcv.pipeline  INFO  ============================================================
22:58:30  src.cpcv.pipeline  INFO    Models:         ['lstm']
22:58:30  src.cpcv.pipeline  INFO    Seeds/fold:     3
22:58:30  src.cpcv.pipeline  INFO    Groups (N):     8
22:58:30  src.cpcv.pipeline  INFO    Test groups (k):2
22:58:30  src.cpcv.pipeline  INFO    Embargo:        1.0%
22:58:30  src.cpcv.pipeline  INFO    FFD columns:    ['atr']
22:58:30  src.cpcv.pipeline  INFO    Samples:        1159
22:58:30  src.cpcv.pipeline  INFO    Features:       66
22:58:30  src.cpcv.pipeline  INFO    Splits:         28, Paths: 7
22:58:30  src.cpcv.pipeline  INFO    Tuning:         NESTED (per-split) — ['lstm'] [30 trials]
22:58:30  src.cpcv.pipeline  INFO  ============================================================
22:58:30  src.cpcv.preprocessing  INFO  Computing MDA (Random Forest)...
22:58:56  src.cpcv.preprocessing  INFO  Computing MDA (Logistic Regression)...
22:58:57  src.cpcv.preprocessing  INFO  Multi-model MDA: 29/66 passed (MDA > 0), 37 eliminated
22:58:57  src.cpcv.preprocessing  INFO    Capped at 19 features (top_k_frac=0.3)
22:58:57  src.cpcv.preprocessing  INFO    Selected (19): ['chaikin_osc', 'ema_ratio_50_200', 'exchange_supply_pct', 'jarque_bera', 'log_returns', 'log_returns_lag1', 'log_returns_lag4', 'log_returns_lag7', 'macd_hist', 'net_exchange_flow', 'roc_14', 'silver_ret_30', 'smt_exp', 'sp500_ret_30', 'stoch_d', 'us10y', 'us2y', 'vix', 'vol_term_7_30']
22:58:57  src.cpcv.pipeline  INFO    Preprocessing: 19 features selected, train=688 + cal=172, test=89
22:58:57  src.cpcv.tuning  INFO  Tuning (1 model) — Optuna TPE + Purged K-Fold (inner: 3 folds, embargo=10 obs)
22:58:57  src.cpcv.tuning  INFO    [tuning] lstm: 3 purged K-fold splits, 30 Optuna trials (TPE)
22:59:50  src.cpcv.tuning  INFO      lstm: 29 completed, 1 pruned (of 30 total) — best log_loss=0.6863, params={'hidden_size': 16, 'dropout': 0.38487454219707146, 'learning_rate': 0.04808964757394534}
22:59:50  src.cpcv.tuning  INFO    [tuning] lstm done in 52.7s — best log_loss=0.6863
22:59:50  src.cpcv.tuning  INFO  Tuning total: 52.7s
22:59:50  src.cpcv.pipeline  INFO      applied lstm: {'hidden_size': 16, 'num_layers': 1, 'dropout': 0.38487454219707146, 'learning_rate': 0.04808964757394534}
22:59:51  src.cpcv.pipeline  INFO    [  1/84]                 lstm (seed=0) F1=0.468  AUC=0.598  LL=0.7600 (1.2s)
22:59:52  src.cpcv.pipeline  INFO    [  2/84]                 lstm (seed=1) F1=0.446  AUC=0.439  LL=0.7526 (1.2s)
22:59:54  src.cpcv.pipeline  INFO    [  3/84]                 lstm (seed=2) F1=0.543  AUC=0.524  LL=0.7654 (1.5s)
22:59:54  src.cpcv.preprocessing  INFO  Computing MDA (Random Forest)...
23:00:20  src.cpcv.preprocessing  INFO  Computing MDA (Logistic Regression)...
23:00:21  src.cpcv.preprocessing  INFO  Multi-model MDA: 63/66 passed (MDA > 0), 3 eliminated
23:00:21  src.cpcv.preprocessing  INFO    Capped at 19 features (top_k_frac=0.3)
23:00:21  src.cpcv.preprocessing  INFO    Selected (19): ['atr', 'bb_width', 'dxy_roc_30', 'ema_ratio_20_50', 'ema_ratio_50_200', 'issuance_ntv', 'jarque_bera', 'log_returns', 'log_returns_lag2', 'macd_hist', 'nasdaq_ret_30', 'net_exchange_flow', 'realized_vol', 'shannon_entropy', 'silver_ret_30', 'skewness', 'smt_exp', 'vix', 'yield_curve_10y30y']
23:00:21  src.cpcv.pipeline  INFO    Preprocessing: 19 features selected, train=643 + cal=161, test=144
23:00:21  src.cpcv.tuning  INFO  Tuning (1 model) — Optuna TPE + Purged K-Fold (inner: 3 folds, embargo=10 obs)
23:00:21  src.cpcv.tuning  INFO    [tuning] lstm: 3 purged K-fold splits, 30 Optuna trials (TPE)
23:01:12  src.cpcv.tuning  INFO      lstm: 28 completed, 2 pruned (of 30 total) — best log_loss=0.6894, params={'hidden_size': 32, 'dropout': 0.29735586734071723, 'learning_rate': 0.016895619011520577}
23:01:12  src.cpcv.tuning  INFO    [tuning] lstm done in 50.9s — best log_loss=0.6894
23:01:12  src.cpcv.tuning  INFO  Tuning total: 50.9s
23:01:12  src.cpcv.pipeline  INFO      applied lstm: {'hidden_size': 32, 'num_layers': 1, 'dropout': 0.29735586734071723, 'learning_rate': 0.016895619011520577}
23:01:13  src.cpcv.pipeline  INFO    [  4/84]                 lstm (seed=0) F1=0.425  AUC=0.485  LL=0.7183 (1.1s)
23:01:15  src.cpcv.pipeline  INFO    [  5/84]                 lstm (seed=1) F1=0.483  AUC=0.485  LL=0.8400 (1.2s)
23:01:16  src.cpcv.pipeline  INFO    [  6/84]                 lstm (seed=2) F1=0.384  AUC=0.423  LL=0.7169 (1.0s)
23:01:16  src.cpcv.preprocessing  INFO  Computing MDA (Random Forest)...
23:01:42  src.cpcv.preprocessing  INFO  Computing MDA (Logistic Regression)...
23:01:43  src.cpcv.preprocessing  INFO  Multi-model MDA: 38/66 passed (MDA > 0), 28 eliminated
23:01:43  src.cpcv.preprocessing  INFO    Capped at 19 features (top_k_frac=0.3)
23:01:43  src.cpcv.preprocessing  INFO    Selected (19): ['ema_ratio_20_50', 'eth_btc_ratio', 'gk_vol', 'gold_ret_30', 'hashrate_roc_30', 'kurtosis', 'log_returns_lag5', 'macd_signal', 'natgas_ret_30', 'realized_vol', 'roc_14', 'shannon_entropy', 'silver_ret_30', 'skewness', 'smt_exp', 'smt_poly1', 'stoch_d', 'variance_ratio', 'vol_term_7_30']
23:01:43  src.cpcv.pipeline  INFO    Preprocessing: 19 features selected, train=644 + cal=161, test=144
23:01:43  src.cpcv.tuning  INFO  Tuning (1 model) — Optuna TPE + Purged K-Fold (inner: 3 folds, embargo=10 obs)
23:01:43  src.cpcv.tuning  INFO    [tuning] lstm: 3 purged K-fold splits, 30 Optuna trials (TPE)
23:02:31  src.cpcv.tuning  INFO      lstm: 23 completed, 7 pruned (of 30 total) — best log_loss=0.6878, params={'hidden_size': 16, 'dropout': 0.10836542659336165, 'learning_rate': 0.01215700373925036}
23:02:31  src.cpcv.tuning  INFO    [tuning] lstm done in 47.9s — best log_loss=0.6878
23:02:31  src.cpcv.tuning  INFO  Tuning total: 47.9s
23:02:31  src.cpcv.pipeline  INFO      applied lstm: {'hidden_size': 16, 'num_layers': 1, 'dropout': 0.10836542659336165, 'learning_rate': 0.01215700373925036}
23:02:32  src.cpcv.pipeline  INFO    [  7/84]                 lstm (seed=0) F1=0.353  AUC=0.487  LL=0.6955 (0.9s)
23:02:33  src.cpcv.pipeline  INFO    [  8/84]                 lstm (seed=1) F1=0.348  AUC=0.441  LL=0.7024 (0.9s)
23:02:34  src.cpcv.pipeline  INFO    [  9/84]                 lstm (seed=2) F1=0.421  AUC=0.421  LL=0.7785 (1.1s)
23:02:34  src.cpcv.preprocessing  INFO  Computing MDA (Random Forest)...
23:03:02  src.cpcv.preprocessing  INFO  Computing MDA (Logistic Regression)...
23:03:03  src.cpcv.preprocessing  INFO  Multi-model MDA: 46/66 passed (MDA > 0), 20 eliminated
23:03:03  src.cpcv.preprocessing  INFO    Capped at 19 features (top_k_frac=0.3)
23:03:03  src.cpcv.preprocessing  INFO    Selected (19): ['gk_vol', 'hashrate_roc_30', 'jarque_bera', 'log_returns', 'log_returns_lag5', 'log_returns_lag7', 'macd', 'mfi_14', 'mvrv', 'natgas_ret_30', 'roc_14', 'sadf', 'shannon_entropy', 'silver_ret_30', 'smt_exp', 'sp500_ret_30', 'stoch_d', 'variance_ratio', 'vix']
23:03:03  src.cpcv.pipeline  INFO    Preprocessing: 19 features selected, train=644 + cal=161, test=144
23:03:03  src.cpcv.tuning  INFO  Tuning (1 model) — Optuna TPE + Purged K-Fold (inner: 3 folds, embargo=10 obs)
23:03:03  src.cpcv.tuning  INFO    [tuning] lstm: 3 purged K-fold splits, 30 Optuna trials (TPE)
23:03:57  src.cpcv.tuning  INFO      lstm: 23 completed, 7 pruned (of 30 total) — best log_loss=0.6919, params={'hidden_size': 32, 'dropout': 0.27374250870256456, 'learning_rate': 0.0015414678820556298}
23:03:57  src.cpcv.tuning  INFO    [tuning] lstm done in 54.2s — best log_loss=0.6919
23:03:57  src.cpcv.tuning  INFO  Tuning total: 54.2s
23:03:57  src.cpcv.pipeline  INFO      applied lstm: {'hidden_size': 32, 'num_layers': 1, 'dropout': 0.27374250870256456, 'learning_rate': 0.0015414678820556298}
23:03:58  src.cpcv.pipeline  INFO    [ 10/84]                 lstm (seed=0) F1=0.376  AUC=0.611  LL=0.6696 (1.0s)
23:03:59  src.cpcv.pipeline  INFO    [ 11/84]                 lstm (seed=1) F1=0.413  AUC=0.576  LL=0.6692 (1.0s)
23:04:00  src.cpcv.pipeline  INFO    [ 12/84]                 lstm (seed=2) F1=0.514  AUC=0.522  LL=0.6708 (1.0s)
23:04:01  src.cpcv.preprocessing  INFO  Computing MDA (Random Forest)...
23:04:28  src.cpcv.preprocessing  INFO  Computing MDA (Logistic Regression)...
23:04:29  src.cpcv.preprocessing  INFO  Multi-model MDA: 13/66 passed (MDA > 0), 53 eliminated
23:04:29  src.cpcv.preprocessing  INFO    Selected (13): ['atr', 'bb_width', 'chaikin_osc', 'ema_ratio_50_200', 'fee_per_tx', 'log_returns_lag21', 'log_returns_lag6', 'macd_hist', 'mvrv', 'rsi', 'silver_ret_30', 'skewness', 'smt_exp']
23:04:29  src.cpcv.pipeline  INFO    Preprocessing: 13 features selected, train=642 + cal=161, test=144
23:04:29  src.cpcv.tuning  INFO  Tuning (1 model) — Optuna TPE + Purged K-Fold (inner: 3 folds, embargo=10 obs)
23:04:29  src.cpcv.tuning  INFO    [tuning] lstm: 3 purged K-fold splits, 30 Optuna trials (TPE)
23:05:14  src.cpcv.tuning  INFO      lstm: 17 completed, 13 pruned (of 30 total) — best log_loss=0.6835, params={'hidden_size': 16, 'dropout': 0.24945746242963446, 'learning_rate': 0.029463540067291634}
23:05:14  src.cpcv.tuning  INFO    [tuning] lstm done in 45.5s — best log_loss=0.6835
23:05:14  src.cpcv.tuning  INFO  Tuning total: 45.5s
23:05:14  src.cpcv.pipeline  INFO      applied lstm: {'hidden_size': 16, 'num_layers': 1, 'dropout': 0.24945746242963446, 'learning_rate': 0.029463540067291634}
23:05:15  src.cpcv.pipeline  INFO    [ 13/84]                 lstm (seed=0) F1=0.384  AUC=0.521  LL=0.7349 (1.0s)
23:05:17  src.cpcv.pipeline  INFO    [ 14/84]                 lstm (seed=1) F1=0.370  AUC=0.557  LL=0.7479 (1.3s)
23:05:18  src.cpcv.pipeline  INFO    [ 15/84]                 lstm (seed=2) F1=0.368  AUC=0.568  LL=0.7530 (1.4s)
23:05:18  src.cpcv.preprocessing  INFO  Computing MDA (Random Forest)...
23:05:47  src.cpcv.preprocessing  INFO  Computing MDA (Logistic Regression)...
23:05:48  src.cpcv.preprocessing  INFO  Multi-model MDA: 17/66 passed (MDA > 0), 49 eliminated
23:05:48  src.cpcv.preprocessing  INFO    Selected (17): ['atr', 'dxy_roc_30', 'ema_ratio_50_200', 'eth_btc_ratio', 'exchange_supply_pct', 'gold_ret_30', 'jarque_bera', 'kurtosis', 'log_returns_lag14', 'log_returns_lag2', 'log_returns_lag6', 'lz_complexity', 'macd', 'obv', 'silver_ret_30', 'tx_count_roc_14', 'vol_term_7_30']
23:05:48  src.cpcv.pipeline  INFO    Preprocessing: 17 features selected, train=643 + cal=161, test=144
23:05:48  src.cpcv.tuning  INFO  Tuning (1 model) — Optuna TPE + Purged K-Fold (inner: 3 folds, embargo=10 obs)
23:05:48  src.cpcv.tuning  INFO    [tuning] lstm: 3 purged K-fold splits, 30 Optuna trials (TPE)
23:06:41  src.cpcv.tuning  INFO      lstm: 10 completed, 20 pruned (of 30 total) — best log_loss=0.6849, params={'hidden_size': 32, 'dropout': 0.46598780947706, 'learning_rate': 0.011127965729768118}
23:06:41  src.cpcv.tuning  INFO    [tuning] lstm done in 53.6s — best log_loss=0.6849
23:06:41  src.cpcv.tuning  INFO  Tuning total: 53.6s
23:06:41  src.cpcv.pipeline  INFO      applied lstm: {'hidden_size': 32, 'num_layers': 1, 'dropout': 0.46598780947706, 'learning_rate': 0.011127965729768118}
23:06:42  src.cpcv.pipeline  INFO    [ 16/84]                 lstm (seed=0) F1=0.499  AUC=0.526  LL=0.6918 (1.1s)
23:06:44  src.cpcv.pipeline  INFO    [ 17/84]                 lstm (seed=1) F1=0.530  AUC=0.528  LL=0.7107 (1.2s)
23:06:45  src.cpcv.pipeline  INFO    [ 18/84]                 lstm (seed=2) F1=0.571  AUC=0.566  LL=0.6915 (1.1s)
23:06:45  src.cpcv.preprocessing  INFO  Computing MDA (Random Forest)...
23:07:11  src.cpcv.preprocessing  INFO  Computing MDA (Logistic Regression)...
23:07:12  src.cpcv.preprocessing  INFO  Multi-model MDA: 29/66 passed (MDA > 0), 37 eliminated
23:07:12  src.cpcv.preprocessing  INFO    Capped at 19 features (top_k_frac=0.3)
23:07:12  src.cpcv.preprocessing  INFO    Selected (19): ['atr', 'bb_width', 'cci_14', 'eth_btc_ratio', 'hashrate_roc_30', 'jarque_bera', 'log_returns_lag21', 'log_returns_lag4', 'log_returns_lag6', 'log_returns_lag7', 'macd', 'silver_ret_30', 'skewness', 'smt_exp', 'sp500_ret_30', 'stoch_k', 'us10y', 'williams_r', 'yield_curve_10y30y']
23:07:12  src.cpcv.pipeline  INFO    Preprocessing: 19 features selected, train=644 + cal=162, test=151
23:07:12  src.cpcv.tuning  INFO  Tuning (1 model) — Optuna TPE + Purged K-Fold (inner: 3 folds, embargo=10 obs)
23:07:12  src.cpcv.tuning  INFO    [tuning] lstm: 3 purged K-fold splits, 30 Optuna trials (TPE)
23:07:59  src.cpcv.tuning  INFO      lstm: 18 completed, 12 pruned (of 30 total) — best log_loss=0.6836, params={'hidden_size': 32, 'dropout': 0.44438694742722723, 'learning_rate': 0.04939046872151691}
23:07:59  src.cpcv.tuning  INFO    [tuning] lstm done in 46.8s — best log_loss=0.6836
23:07:59  src.cpcv.tuning  INFO  Tuning total: 46.8s
23:07:59  src.cpcv.pipeline  INFO      applied lstm: {'hidden_size': 32, 'num_layers': 1, 'dropout': 0.44438694742722723, 'learning_rate': 0.04939046872151691}
23:08:00  src.cpcv.pipeline  INFO    [ 19/84]                 lstm (seed=0) F1=0.419  AUC=0.591  LL=0.6834 (1.3s)
23:08:01  src.cpcv.pipeline  INFO    [ 20/84]                 lstm (seed=1) F1=0.532  AUC=0.584  LL=0.6770 (1.0s)
23:08:02  src.cpcv.pipeline  INFO    [ 21/84]                 lstm (seed=2) F1=0.363  AUC=0.554  LL=0.7577 (1.2s)
23:08:03  src.cpcv.preprocessing  INFO  Computing MDA (Random Forest)...
23:08:27  src.cpcv.preprocessing  INFO  Computing MDA (Logistic Regression)...
23:08:28  src.cpcv.preprocessing  INFO  Multi-model MDA: 34/66 passed (MDA > 0), 32 eliminated
23:08:28  src.cpcv.preprocessing  INFO    Capped at 19 features (top_k_frac=0.3)
23:08:28  src.cpcv.preprocessing  INFO    Selected (19): ['atr', 'bb_width', 'chaikin_osc', 'eth_btc_ratio', 'issuance_ntv', 'log_returns_lag1', 'log_returns_lag2', 'log_returns_lag7', 'lz_complexity', 'net_exchange_flow', 'roc_14', 'sadf', 'silver_ret_30', 'skewness', 'stoch_k', 'vol_term_7_30', 'williams_r', 'yield_curve_2y10y', 'yz_vol']
23:08:28  src.cpcv.pipeline  INFO    Preprocessing: 19 features selected, train=572 + cal=144, test=233
23:08:28  src.cpcv.tuning  INFO  Tuning (1 model) — Optuna TPE + Purged K-Fold (inner: 3 folds, embargo=10 obs)
23:08:28  src.cpcv.tuning  INFO    [tuning] lstm: 3 purged K-fold splits, 30 Optuna trials (TPE)
23:09:09  src.cpcv.tuning  INFO      lstm: 14 completed, 16 pruned (of 30 total) — best log_loss=0.6782, params={'hidden_size': 32, 'dropout': 0.28606889558740706, 'learning_rate': 0.026244364747034458}
23:09:09  src.cpcv.tuning  INFO    [tuning] lstm done in 40.9s — best log_loss=0.6782
23:09:09  src.cpcv.tuning  INFO  Tuning total: 40.9s
23:09:09  src.cpcv.pipeline  INFO      applied lstm: {'hidden_size': 32, 'num_layers': 1, 'dropout': 0.28606889558740706, 'learning_rate': 0.026244364747034458}
23:09:10  src.cpcv.pipeline  INFO    [ 22/84]                 lstm (seed=0) F1=0.468  AUC=0.488  LL=0.7810 (1.1s)
23:09:11  src.cpcv.pipeline  INFO    [ 23/84]                 lstm (seed=1) F1=0.493  AUC=0.524  LL=0.7521 (0.9s)
23:09:12  src.cpcv.pipeline  INFO    [ 24/84]                 lstm (seed=2) F1=0.533  AUC=0.515  LL=0.7776 (1.1s)
23:09:12  src.cpcv.preprocessing  INFO  Computing MDA (Random Forest)...
23:09:37  src.cpcv.preprocessing  INFO  Computing MDA (Logistic Regression)...
23:09:38  src.cpcv.preprocessing  INFO  Multi-model MDA: 37/66 passed (MDA > 0), 29 eliminated
23:09:38  src.cpcv.preprocessing  INFO    Capped at 19 features (top_k_frac=0.3)
23:09:38  src.cpcv.preprocessing  INFO    Selected (19): ['cci_14', 'eth_btc_ratio', 'gk_vol', 'gold_ret_30', 'log_returns_lag2', 'log_returns_lag21', 'log_returns_lag4', 'log_returns_lag6', 'macd_hist', 'macd_signal', 'negentropy', 'oil_ret_30', 'silver_ret_30', 'sp500_ret_30', 'tx_count_roc_14', 'us10y', 'us2y', 'variance_ratio', 'vix']
23:09:38  src.cpcv.pipeline  INFO    Preprocessing: 19 features selected, train=564 + cal=141, test=233
23:09:38  src.cpcv.tuning  INFO  Tuning (1 model) — Optuna TPE + Purged K-Fold (inner: 3 folds, embargo=10 obs)
23:09:38  src.cpcv.tuning  INFO    [tuning] lstm: 3 purged K-fold splits, 30 Optuna trials (TPE)
23:10:37  src.cpcv.tuning  INFO      lstm: 23 completed, 7 pruned (of 30 total) — best log_loss=0.6860, params={'hidden_size': 16, 'dropout': 0.40947510664249653, 'learning_rate': 0.001475358266638285}
23:10:37  src.cpcv.tuning  INFO    [tuning] lstm done in 58.6s — best log_loss=0.6860
23:10:37  src.cpcv.tuning  INFO  Tuning total: 58.6s
23:10:37  src.cpcv.pipeline  INFO      applied lstm: {'hidden_size': 16, 'num_layers': 1, 'dropout': 0.40947510664249653, 'learning_rate': 0.001475358266638285}
23:10:38  src.cpcv.pipeline  INFO    [ 25/84]                 lstm (seed=0) F1=0.458  AUC=0.484  LL=0.7115 (1.4s)
23:10:39  src.cpcv.pipeline  INFO    [ 26/84]                 lstm (seed=1) F1=0.371  AUC=0.462  LL=0.6826 (1.1s)
23:10:41  src.cpcv.pipeline  INFO    [ 27/84]                 lstm (seed=2) F1=0.446  AUC=0.472  LL=0.7115 (1.1s)
23:10:41  src.cpcv.preprocessing  INFO  Computing MDA (Random Forest)...
23:11:05  src.cpcv.preprocessing  INFO  Computing MDA (Logistic Regression)...
23:11:06  src.cpcv.preprocessing  INFO  Multi-model MDA: 34/66 passed (MDA > 0), 32 eliminated
23:11:06  src.cpcv.preprocessing  INFO    Capped at 19 features (top_k_frac=0.3)
23:11:06  src.cpcv.preprocessing  INFO    Selected (19): ['active_addr_roc_14', 'eth_btc_ratio', 'gk_vol', 'jarque_bera', 'log_returns', 'log_returns_lag21', 'log_returns_lag4', 'lz_complexity', 'mfi_14', 'mvrv', 'natgas_ret_30', 'negentropy', 'realized_vol', 'shannon_entropy', 'skewness', 'stoch_k', 'vix', 'vwma_ratio_20_50', 'yz_vol']
23:11:06  src.cpcv.pipeline  INFO    Preprocessing: 19 features selected, train=564 + cal=141, test=233
23:11:06  src.cpcv.tuning  INFO  Tuning (1 model) — Optuna TPE + Purged K-Fold (inner: 3 folds, embargo=10 obs)
23:11:06  src.cpcv.tuning  INFO    [tuning] lstm: 3 purged K-fold splits, 30 Optuna trials (TPE)
23:11:44  src.cpcv.tuning  INFO      lstm: 19 completed, 11 pruned (of 30 total) — best log_loss=0.6827, params={'hidden_size': 16, 'dropout': 0.4518041583123078, 'learning_rate': 0.0479843125895855}
23:11:44  src.cpcv.tuning  INFO    [tuning] lstm done in 37.6s — best log_loss=0.6827
23:11:44  src.cpcv.tuning  INFO  Tuning total: 37.6s
23:11:44  src.cpcv.pipeline  INFO      applied lstm: {'hidden_size': 16, 'num_layers': 1, 'dropout': 0.4518041583123078, 'learning_rate': 0.0479843125895855}
23:11:45  src.cpcv.pipeline  INFO    [ 28/84]                 lstm (seed=0) F1=0.379  AUC=0.512  LL=0.6817 (1.0s)
23:11:46  src.cpcv.pipeline  INFO    [ 29/84]                 lstm (seed=1) F1=0.468  AUC=0.556  LL=0.7039 (1.0s)
23:11:47  src.cpcv.pipeline  INFO    [ 30/84]                 lstm (seed=2) F1=0.395  AUC=0.458  LL=0.6826 (1.0s)
23:11:47  src.cpcv.preprocessing  INFO  Computing MDA (Random Forest)...
23:12:12  src.cpcv.preprocessing  INFO  Computing MDA (Logistic Regression)...
23:12:13  src.cpcv.preprocessing  INFO  Multi-model MDA: 24/66 passed (MDA > 0), 42 eliminated
23:12:13  src.cpcv.preprocessing  INFO    Capped at 19 features (top_k_frac=0.3)
23:12:13  src.cpcv.preprocessing  INFO    Selected (19): ['bb_width', 'dxy_roc_30', 'gk_vol', 'hurst', 'jarque_bera', 'log_returns_lag14', 'log_returns_lag2', 'log_returns_lag21', 'lz_complexity', 'macd_hist', 'mfi_14', 'natgas_ret_30', 'obv', 'skewness', 'us10y', 'us2y', 'variance_ratio', 'vol_term_30_90', 'williams_r']
23:12:13  src.cpcv.pipeline  INFO    Preprocessing: 19 features selected, train=562 + cal=141, test=233
23:12:13  src.cpcv.tuning  INFO  Tuning (1 model) — Optuna TPE + Purged K-Fold (inner: 3 folds, embargo=10 obs)
23:12:13  src.cpcv.tuning  INFO    [tuning] lstm: 3 purged K-fold splits, 30 Optuna trials (TPE)
23:12:51  src.cpcv.tuning  INFO      lstm: 24 completed, 6 pruned (of 30 total) — best log_loss=0.6815, params={'hidden_size': 32, 'dropout': 0.2741849436316037, 'learning_rate': 0.04864322077332569}
23:12:51  src.cpcv.tuning  INFO    [tuning] lstm done in 38.0s — best log_loss=0.6815
23:12:51  src.cpcv.tuning  INFO  Tuning total: 38.0s
23:12:51  src.cpcv.pipeline  INFO      applied lstm: {'hidden_size': 32, 'num_layers': 1, 'dropout': 0.2741849436316037, 'learning_rate': 0.04864322077332569}
23:12:52  src.cpcv.pipeline  INFO    [ 31/84]                 lstm (seed=0) F1=0.412  AUC=0.510  LL=1.0635 (1.1s)
23:12:53  src.cpcv.pipeline  INFO    [ 32/84]                 lstm (seed=1) F1=0.498  AUC=0.516  LL=0.7108 (1.0s)
23:12:54  src.cpcv.pipeline  INFO    [ 33/84]                 lstm (seed=2) F1=0.399  AUC=0.396  LL=0.8029 (1.1s)
23:12:54  src.cpcv.preprocessing  INFO  Computing MDA (Random Forest)...
23:13:17  src.cpcv.preprocessing  INFO  Computing MDA (Logistic Regression)...
23:13:18  src.cpcv.preprocessing  INFO  Multi-model MDA: 30/66 passed (MDA > 0), 36 eliminated
23:13:18  src.cpcv.preprocessing  INFO    Capped at 19 features (top_k_frac=0.3)
23:13:18  src.cpcv.preprocessing  INFO    Selected (19): ['atr', 'bb_width', 'ema_ratio_50_200', 'eth_btc_ratio', 'exchange_supply_pct', 'jarque_bera', 'log_returns_lag3', 'log_returns_lag6', 'lz_complexity', 'macd_signal', 'mfi_14', 'mvrv', 'obv', 'silver_ret_30', 'skewness', 'smt_exp', 'smt_poly1', 'us10y', 'us2y']
23:13:18  src.cpcv.pipeline  INFO    Preprocessing: 19 features selected, train=563 + cal=141, test=233
23:13:18  src.cpcv.tuning  INFO  Tuning (1 model) — Optuna TPE + Purged K-Fold (inner: 3 folds, embargo=10 obs)
23:13:18  src.cpcv.tuning  INFO    [tuning] lstm: 3 purged K-fold splits, 30 Optuna trials (TPE)
23:13:58  src.cpcv.tuning  INFO      lstm: 17 completed, 13 pruned (of 30 total) — best log_loss=0.6715, params={'hidden_size': 32, 'dropout': 0.39316213508256864, 'learning_rate': 0.01092615974704917}
23:13:58  src.cpcv.tuning  INFO    [tuning] lstm done in 39.2s — best log_loss=0.6715
23:13:58  src.cpcv.tuning  INFO  Tuning total: 39.2s
23:13:58  src.cpcv.pipeline  INFO      applied lstm: {'hidden_size': 32, 'num_layers': 1, 'dropout': 0.39316213508256864, 'learning_rate': 0.01092615974704917}
23:13:59  src.cpcv.pipeline  INFO    [ 34/84]                 lstm (seed=0) F1=0.524  AUC=0.521  LL=0.6930 (1.0s)
23:14:00  src.cpcv.pipeline  INFO    [ 35/84]                 lstm (seed=1) F1=0.415  AUC=0.484  LL=0.7465 (1.2s)
23:14:01  src.cpcv.pipeline  INFO    [ 36/84]                 lstm (seed=2) F1=0.496  AUC=0.564  LL=0.7230 (1.0s)
23:14:01  src.cpcv.preprocessing  INFO  Computing MDA (Random Forest)...
23:14:25  src.cpcv.preprocessing  INFO  Computing MDA (Logistic Regression)...
23:14:26  src.cpcv.preprocessing  INFO  Multi-model MDA: 29/66 passed (MDA > 0), 37 eliminated
23:14:26  src.cpcv.preprocessing  INFO    Capped at 19 features (top_k_frac=0.3)
23:14:26  src.cpcv.preprocessing  INFO    Selected (19): ['bb_width', 'dxy_roc_30', 'ema_ratio_20_50', 'eth_btc_ratio', 'exchange_supply_pct', 'jarque_bera', 'log_returns', 'log_returns_lag2', 'log_returns_lag30', 'log_returns_lag7', 'macd_hist', 'sadf', 'stoch_k', 'tx_count_roc_14', 'us10y', 'us2y', 'variance_ratio', 'williams_r', 'yield_curve_2y10y']
23:14:26  src.cpcv.pipeline  INFO    Preprocessing: 19 features selected, train=564 + cal=142, test=240
23:14:26  src.cpcv.tuning  INFO  Tuning (1 model) — Optuna TPE + Purged K-Fold (inner: 3 folds, embargo=10 obs)
23:14:26  src.cpcv.tuning  INFO    [tuning] lstm: 3 purged K-fold splits, 30 Optuna trials (TPE)
23:15:10  src.cpcv.tuning  INFO      lstm: 20 completed, 10 pruned (of 30 total) — best log_loss=0.7063, params={'hidden_size': 32, 'dropout': 0.18754541651631632, 'learning_rate': 0.0024052320493844585}
23:15:10  src.cpcv.tuning  INFO    [tuning] lstm done in 43.1s — best log_loss=0.7063
23:15:10  src.cpcv.tuning  INFO  Tuning total: 43.1s
23:15:10  src.cpcv.pipeline  INFO      applied lstm: {'hidden_size': 32, 'num_layers': 1, 'dropout': 0.18754541651631632, 'learning_rate': 0.0024052320493844585}
23:15:11  src.cpcv.pipeline  INFO    [ 37/84]                 lstm (seed=0) F1=0.431  AUC=0.560  LL=0.6756 (0.9s)
23:15:12  src.cpcv.pipeline  INFO    [ 38/84]                 lstm (seed=1) F1=0.368  AUC=0.509  LL=0.6813 (1.0s)
23:15:12  src.cpcv.pipeline  INFO    [ 39/84]                 lstm (seed=2) F1=0.368  AUC=0.523  LL=0.6834 (0.9s)
23:15:13  src.cpcv.preprocessing  INFO  Computing MDA (Random Forest)...
23:15:37  src.cpcv.preprocessing  INFO  Computing MDA (Logistic Regression)...
23:15:38  src.cpcv.preprocessing  INFO  Multi-model MDA: 11/66 passed (MDA > 0), 55 eliminated
23:15:38  src.cpcv.preprocessing  INFO    Selected (11): ['chaikin_osc', 'ema_ratio_50_200', 'log_returns_lag3', 'log_returns_lag4', 'negentropy', 'realized_vol', 'vol_term_30_90', 'vol_term_7_30', 'vwma_ratio_20_50', 'williams_r', 'yz_vol']
23:15:38  src.cpcv.pipeline  INFO    Preprocessing: 11 features selected, train=528 + cal=132, test=288
23:15:38  src.cpcv.tuning  INFO  Tuning (1 model) — Optuna TPE + Purged K-Fold (inner: 3 folds, embargo=10 obs)
23:15:38  src.cpcv.tuning  INFO    [tuning] lstm: 3 purged K-fold splits, 30 Optuna trials (TPE)
23:16:24  src.cpcv.tuning  INFO      lstm: 21 completed, 9 pruned (of 30 total) — best log_loss=0.6857, params={'hidden_size': 16, 'dropout': 0.28887426818366646, 'learning_rate': 0.04969175124172176}
23:16:24  src.cpcv.tuning  INFO    [tuning] lstm done in 46.4s — best log_loss=0.6857
23:16:24  src.cpcv.tuning  INFO  Tuning total: 46.4s
23:16:24  src.cpcv.pipeline  INFO      applied lstm: {'hidden_size': 16, 'num_layers': 1, 'dropout': 0.28887426818366646, 'learning_rate': 0.04969175124172176}
23:16:25  src.cpcv.pipeline  INFO    [ 40/84]                 lstm (seed=0) F1=0.489  AUC=0.533  LL=0.7658 (1.2s)
23:16:26  src.cpcv.pipeline  INFO    [ 41/84]                 lstm (seed=1) F1=0.344  AUC=0.524  LL=0.6919 (1.2s)
23:16:27  src.cpcv.pipeline  INFO    [ 42/84]                 lstm (seed=2) F1=0.471  AUC=0.509  LL=0.7758 (1.0s)
23:16:28  src.cpcv.preprocessing  INFO  Computing MDA (Random Forest)...
23:16:52  src.cpcv.preprocessing  INFO  Computing MDA (Logistic Regression)...
23:16:53  src.cpcv.preprocessing  INFO  Multi-model MDA: 53/66 passed (MDA > 0), 13 eliminated
23:16:53  src.cpcv.preprocessing  INFO    Capped at 19 features (top_k_frac=0.3)
23:16:53  src.cpcv.preprocessing  INFO    Selected (19): ['bb_width', 'copper_ret_30', 'dxy_roc_30', 'ema_ratio_20_50', 'eth_btc_ratio', 'jarque_bera', 'log_returns', 'log_returns_lag21', 'nasdaq_ret_30', 'natgas_ret_30', 'oil_ret_30', 'roc_14', 'rsi', 'sadf', 'silver_ret_30', 'stoch_d', 'us2y', 'vol_term_30_90', 'yield_curve_10y30y']
23:16:53  src.cpcv.pipeline  INFO    Preprocessing: 19 features selected, train=519 + cal=130, test=288
23:16:53  src.cpcv.tuning  INFO  Tuning (1 model) — Optuna TPE + Purged K-Fold (inner: 3 folds, embargo=10 obs)
23:16:53  src.cpcv.tuning  INFO    [tuning] lstm: 3 purged K-fold splits, 30 Optuna trials (TPE)
23:17:32  src.cpcv.tuning  INFO      lstm: 20 completed, 10 pruned (of 30 total) — best log_loss=0.6887, params={'hidden_size': 16, 'dropout': 0.3207724779712375, 'learning_rate': 0.041895052591331174}
23:17:32  src.cpcv.tuning  INFO    [tuning] lstm done in 39.3s — best log_loss=0.6887
23:17:32  src.cpcv.tuning  INFO  Tuning total: 39.3s
23:17:32  src.cpcv.pipeline  INFO      applied lstm: {'hidden_size': 16, 'num_layers': 1, 'dropout': 0.3207724779712375, 'learning_rate': 0.041895052591331174}
23:17:33  src.cpcv.pipeline  INFO    [ 43/84]                 lstm (seed=0) F1=0.456  AUC=0.465  LL=0.7742 (0.9s)
23:17:34  src.cpcv.pipeline  INFO    [ 44/84]                 lstm (seed=1) F1=0.467  AUC=0.489  LL=0.7115 (0.9s)
23:17:35  src.cpcv.pipeline  INFO    [ 45/84]                 lstm (seed=2) F1=0.532  AUC=0.579  LL=0.7078 (0.9s)
23:17:35  src.cpcv.preprocessing  INFO  Computing MDA (Random Forest)...
23:18:00  src.cpcv.preprocessing  INFO  Computing MDA (Logistic Regression)...
23:18:01  src.cpcv.preprocessing  INFO  Multi-model MDA: 36/66 passed (MDA > 0), 30 eliminated
23:18:01  src.cpcv.preprocessing  INFO    Capped at 19 features (top_k_frac=0.3)
23:18:01  src.cpcv.preprocessing  INFO    Selected (19): ['atr', 'copper_ret_30', 'ema_ratio_20_50', 'ema_ratio_50_200', 'gk_vol', 'jarque_bera', 'kurtosis', 'log_returns_lag1', 'log_returns_lag2', 'log_returns_lag30', 'lz_complexity', 'obv', 'oil_ret_30', 'rsi', 'us10y', 'us2y', 'vol_term_7_30', 'yield_curve_10y30y', 'yield_curve_2y10y']
23:18:01  src.cpcv.pipeline  INFO    Preprocessing: 19 features selected, train=517 + cal=130, test=288
23:18:01  src.cpcv.tuning  INFO  Tuning (1 model) — Optuna TPE + Purged K-Fold (inner: 3 folds, embargo=10 obs)
23:18:01  src.cpcv.tuning  INFO    [tuning] lstm: 3 purged K-fold splits, 30 Optuna trials (TPE)
23:18:39  src.cpcv.tuning  INFO      lstm: 26 completed, 4 pruned (of 30 total) — best log_loss=0.6935, params={'hidden_size': 32, 'dropout': 0.10239887318232696, 'learning_rate': 0.041376293143363024}
23:18:39  src.cpcv.tuning  INFO    [tuning] lstm done in 38.8s — best log_loss=0.6935
23:18:39  src.cpcv.tuning  INFO  Tuning total: 38.8s
23:18:39  src.cpcv.pipeline  INFO      applied lstm: {'hidden_size': 32, 'num_layers': 1, 'dropout': 0.10239887318232696, 'learning_rate': 0.041376293143363024}
23:18:40  src.cpcv.pipeline  INFO    [ 46/84]                 lstm (seed=0) F1=0.423  AUC=0.503  LL=0.9186 (0.8s)
23:18:41  src.cpcv.pipeline  INFO    [ 47/84]                 lstm (seed=1) F1=0.402  AUC=0.437  LL=0.9298 (0.9s)
23:18:42  src.cpcv.pipeline  INFO    [ 48/84]                 lstm (seed=2) F1=0.407  AUC=0.454  LL=0.9506 (0.9s)
23:18:42  src.cpcv.preprocessing  INFO  Computing MDA (Random Forest)...
23:19:07  src.cpcv.preprocessing  INFO  Computing MDA (Logistic Regression)...
23:19:08  src.cpcv.preprocessing  INFO  Multi-model MDA: 29/66 passed (MDA > 0), 37 eliminated
23:19:08  src.cpcv.preprocessing  INFO    Capped at 19 features (top_k_frac=0.3)
23:19:08  src.cpcv.preprocessing  INFO    Selected (19): ['bb_width', 'copper_ret_30', 'ema_ratio_20_50', 'eth_btc_ratio', 'exchange_supply_pct', 'gold_ret_30', 'jarque_bera', 'log_returns_lag2', 'log_returns_lag3', 'log_returns_lag5', 'macd_signal', 'obv', 'sadf', 'skewness', 'smt_exp', 'vol_term_30_90', 'vol_term_7_30', 'vwma_ratio_20_50', 'yz_vol']
23:19:08  src.cpcv.pipeline  INFO    Preprocessing: 19 features selected, train=518 + cal=130, test=288
23:19:08  src.cpcv.tuning  INFO  Tuning (1 model) — Optuna TPE + Purged K-Fold (inner: 3 folds, embargo=10 obs)
23:19:08  src.cpcv.tuning  INFO    [tuning] lstm: 3 purged K-fold splits, 30 Optuna trials (TPE)
23:20:00  src.cpcv.tuning  INFO      lstm: 24 completed, 6 pruned (of 30 total) — best log_loss=0.6931, params={'hidden_size': 32, 'dropout': 0.27571817120313463, 'learning_rate': 0.0001758716281691532}
23:20:00  src.cpcv.tuning  INFO    [tuning] lstm done in 52.0s — best log_loss=0.6931
23:20:00  src.cpcv.tuning  INFO  Tuning total: 52.0s
23:20:00  src.cpcv.pipeline  INFO      applied lstm: {'hidden_size': 32, 'num_layers': 1, 'dropout': 0.27571817120313463, 'learning_rate': 0.0001758716281691532}
23:20:01  src.cpcv.pipeline  INFO    [ 49/84]                 lstm (seed=0) F1=0.423  AUC=0.415  LL=0.7595 (1.0s)
23:20:05  src.cpcv.pipeline  INFO    [ 50/84]                 lstm (seed=1) F1=0.470  AUC=0.459  LL=0.7080 (4.5s)
23:20:07  src.cpcv.pipeline  INFO    [ 51/84]                 lstm (seed=2) F1=0.416  AUC=0.476  LL=0.6933 (2.1s)
23:20:08  src.cpcv.preprocessing  INFO  Computing MDA (Random Forest)...
23:20:32  src.cpcv.preprocessing  INFO  Computing MDA (Logistic Regression)...
23:20:33  src.cpcv.preprocessing  INFO  Multi-model MDA: 37/66 passed (MDA > 0), 29 eliminated
23:20:33  src.cpcv.preprocessing  INFO    Capped at 19 features (top_k_frac=0.3)
23:20:33  src.cpcv.preprocessing  INFO    Selected (19): ['active_addr_roc_14', 'bb_width', 'chaikin_osc', 'exchange_supply_pct', 'fee_per_tx', 'gk_vol', 'gold_ret_30', 'hurst', 'jarque_bera', 'log_returns', 'log_returns_lag2', 'log_returns_lag4', 'macd_signal', 'negentropy', 'skewness', 'vol_term_30_90', 'vol_term_7_30', 'yield_curve_10y30y', 'yz_vol']
23:20:33  src.cpcv.pipeline  INFO    Preprocessing: 19 features selected, train=520 + cal=130, test=295
23:20:33  src.cpcv.tuning  INFO  Tuning (1 model) — Optuna TPE + Purged K-Fold (inner: 3 folds, embargo=10 obs)
23:20:33  src.cpcv.tuning  INFO    [tuning] lstm: 3 purged K-fold splits, 30 Optuna trials (TPE)
23:21:21  src.cpcv.tuning  INFO      lstm: 30 completed, 0 pruned (of 30 total) — best log_loss=0.6934, params={'hidden_size': 32, 'dropout': 0.10239887318232696, 'learning_rate': 0.041376293143363024}
23:21:21  src.cpcv.tuning  INFO    [tuning] lstm done in 47.9s — best log_loss=0.6934
23:21:21  src.cpcv.tuning  INFO  Tuning total: 47.9s
23:21:21  src.cpcv.pipeline  INFO      applied lstm: {'hidden_size': 32, 'num_layers': 1, 'dropout': 0.10239887318232696, 'learning_rate': 0.041376293143363024}
23:21:22  src.cpcv.pipeline  INFO    [ 52/84]                 lstm (seed=0) F1=0.341  AUC=0.478  LL=0.6977 (1.0s)
23:21:23  src.cpcv.pipeline  INFO    [ 53/84]                 lstm (seed=1) F1=0.496  AUC=0.524  LL=0.7039 (1.0s)
23:21:24  src.cpcv.pipeline  INFO    [ 54/84]                 lstm (seed=2) F1=0.341  AUC=0.555  LL=0.6940 (1.0s)
23:21:24  src.cpcv.preprocessing  INFO  Computing MDA (Random Forest)...
23:21:48  src.cpcv.preprocessing  INFO  Computing MDA (Logistic Regression)...
23:21:49  src.cpcv.preprocessing  INFO  Multi-model MDA: 33/66 passed (MDA > 0), 33 eliminated
23:21:49  src.cpcv.preprocessing  INFO    Capped at 19 features (top_k_frac=0.3)
23:21:49  src.cpcv.preprocessing  INFO    Selected (19): ['cci_14', 'ema_ratio_20_50', 'eth_btc_ratio', 'issuance_ntv', 'log_returns_lag1', 'log_returns_lag2', 'log_returns_lag21', 'log_returns_lag3', 'log_returns_lag30', 'log_returns_lag5', 'natgas_ret_30', 'oil_ret_30', 'silver_ret_30', 'smt_poly1', 'stoch_d', 'variance_ratio', 'vol_term_30_90', 'vwma_ratio_20_50', 'yield_curve_10y30y']
23:21:49  src.cpcv.pipeline  INFO    Preprocessing: 19 features selected, train=528 + cal=133, test=288
23:21:49  src.cpcv.tuning  INFO  Tuning (1 model) — Optuna TPE + Purged K-Fold (inner: 3 folds, embargo=10 obs)
23:21:49  src.cpcv.tuning  INFO    [tuning] lstm: 3 purged K-fold splits, 30 Optuna trials (TPE)
23:22:22  src.cpcv.tuning  INFO      lstm: 14 completed, 16 pruned (of 30 total) — best log_loss=0.6910, params={'hidden_size': 16, 'dropout': 0.49581046186005445, 'learning_rate': 0.022362985414277146}
23:22:22  src.cpcv.tuning  INFO    [tuning] lstm done in 33.0s — best log_loss=0.6910
23:22:22  src.cpcv.tuning  INFO  Tuning total: 33.0s
23:22:22  src.cpcv.pipeline  INFO      applied lstm: {'hidden_size': 16, 'num_layers': 1, 'dropout': 0.49581046186005445, 'learning_rate': 0.022362985414277146}
23:22:23  src.cpcv.pipeline  INFO    [ 55/84]                 lstm (seed=0) F1=0.366  AUC=0.466  LL=0.6891 (1.1s)
23:22:24  src.cpcv.pipeline  INFO    [ 56/84]                 lstm (seed=1) F1=0.486  AUC=0.468  LL=0.7087 (1.0s)
23:22:25  src.cpcv.pipeline  INFO    [ 57/84]                 lstm (seed=2) F1=0.464  AUC=0.484  LL=0.6817 (1.0s)
23:22:26  src.cpcv.preprocessing  INFO  Computing MDA (Random Forest)...
23:22:50  src.cpcv.preprocessing  INFO  Computing MDA (Logistic Regression)...
23:22:51  src.cpcv.preprocessing  INFO  Multi-model MDA: 47/66 passed (MDA > 0), 19 eliminated
23:22:51  src.cpcv.preprocessing  INFO    Capped at 19 features (top_k_frac=0.3)
23:22:51  src.cpcv.preprocessing  INFO    Selected (19): ['atr', 'bb_width', 'cci_14', 'copper_ret_30', 'dxy_roc_30', 'ema_ratio_50_200', 'gk_vol', 'gold_ret_30', 'kurtosis', 'log_returns', 'log_returns_lag5', 'log_returns_lag6', 'log_returns_lag7', 'natgas_ret_30', 'silver_ret_30', 'skewness', 'stoch_d', 'vix', 'yield_curve_10y30y']
23:22:51  src.cpcv.pipeline  INFO    Preprocessing: 19 features selected, train=518 + cal=130, test=288
23:22:51  src.cpcv.tuning  INFO  Tuning (1 model) — Optuna TPE + Purged K-Fold (inner: 3 folds, embargo=10 obs)
23:22:51  src.cpcv.tuning  INFO    [tuning] lstm: 3 purged K-fold splits, 30 Optuna trials (TPE)
23:23:30  src.cpcv.tuning  INFO      lstm: 14 completed, 16 pruned (of 30 total) — best log_loss=0.6776, params={'hidden_size': 16, 'dropout': 0.4229015196320895, 'learning_rate': 0.049661995710386736}
23:23:30  src.cpcv.tuning  INFO    [tuning] lstm done in 38.7s — best log_loss=0.6776
23:23:30  src.cpcv.tuning  INFO  Tuning total: 38.7s
23:23:30  src.cpcv.pipeline  INFO      applied lstm: {'hidden_size': 16, 'num_layers': 1, 'dropout': 0.4229015196320895, 'learning_rate': 0.049661995710386736}
23:23:31  src.cpcv.pipeline  INFO    [ 58/84]                 lstm (seed=0) F1=0.472  AUC=0.428  LL=0.7940 (1.0s)
23:23:32  src.cpcv.pipeline  INFO    [ 59/84]                 lstm (seed=1) F1=0.425  AUC=0.470  LL=0.7099 (0.9s)
23:23:32  src.cpcv.pipeline  INFO    [ 60/84]                 lstm (seed=2) F1=0.505  AUC=0.481  LL=0.7714 (0.8s)
23:23:33  src.cpcv.preprocessing  INFO  Computing MDA (Random Forest)...
23:23:58  src.cpcv.preprocessing  INFO  Computing MDA (Logistic Regression)...
23:23:59  src.cpcv.preprocessing  INFO  Multi-model MDA: 30/66 passed (MDA > 0), 36 eliminated
23:23:59  src.cpcv.preprocessing  INFO    Capped at 19 features (top_k_frac=0.3)
23:23:59  src.cpcv.preprocessing  INFO    Selected (19): ['active_addr_roc_14', 'bb_width', 'chaikin_osc', 'dxy_roc_30', 'ema_ratio_20_50', 'eth_btc_ratio', 'exchange_supply_pct', 'fee_per_tx', 'kurtosis', 'log_returns_lag2', 'macd_hist', 'silver_ret_30', 'skewness', 'sp500_ret_30', 'us2y', 'variance_ratio', 'vol_term_30_90', 'yield_curve_10y30y', 'yz_vol']
23:23:59  src.cpcv.pipeline  INFO    Preprocessing: 19 features selected, train=519 + cal=130, test=288
23:23:59  src.cpcv.tuning  INFO  Tuning (1 model) — Optuna TPE + Purged K-Fold (inner: 3 folds, embargo=10 obs)
23:23:59  src.cpcv.tuning  INFO    [tuning] lstm: 3 purged K-fold splits, 30 Optuna trials (TPE)
23:24:43  src.cpcv.tuning  INFO      lstm: 17 completed, 13 pruned (of 30 total) — best log_loss=0.6659, params={'hidden_size': 32, 'dropout': 0.3903375942629608, 'learning_rate': 0.009097658894787797}
23:24:43  src.cpcv.tuning  INFO    [tuning] lstm done in 44.4s — best log_loss=0.6659
23:24:43  src.cpcv.tuning  INFO  Tuning total: 44.4s
23:24:43  src.cpcv.pipeline  INFO      applied lstm: {'hidden_size': 32, 'num_layers': 1, 'dropout': 0.3903375942629608, 'learning_rate': 0.009097658894787797}
23:24:44  src.cpcv.pipeline  INFO    [ 61/84]                 lstm (seed=0) F1=0.495  AUC=0.507  LL=0.7247 (0.8s)
23:24:45  src.cpcv.pipeline  INFO    [ 62/84]                 lstm (seed=1) F1=0.433  AUC=0.505  LL=0.7819 (0.9s)
23:24:46  src.cpcv.pipeline  INFO    [ 63/84]                 lstm (seed=2) F1=0.427  AUC=0.512  LL=0.7234 (0.9s)
23:24:46  src.cpcv.preprocessing  INFO  Computing MDA (Random Forest)...
23:25:11  src.cpcv.preprocessing  INFO  Computing MDA (Logistic Regression)...
23:25:12  src.cpcv.preprocessing  INFO  Multi-model MDA: 35/66 passed (MDA > 0), 31 eliminated
23:25:12  src.cpcv.preprocessing  INFO    Capped at 19 features (top_k_frac=0.3)
23:25:12  src.cpcv.preprocessing  INFO    Selected (19): ['active_addr_roc_14', 'chaikin_osc', 'copper_ret_30', 'dxy_roc_30', 'eth_btc_ratio', 'exchange_supply_pct', 'gk_vol', 'log_returns', 'log_returns_lag14', 'log_returns_lag3', 'realized_vol', 'rsi', 'silver_ret_30', 'skewness', 'smt_poly1', 'stoch_d', 'us10y', 'us2y', 'yield_curve_10y30y']
23:25:12  src.cpcv.pipeline  INFO    Preprocessing: 19 features selected, train=520 + cal=131, test=295
23:25:12  src.cpcv.tuning  INFO  Tuning (1 model) — Optuna TPE + Purged K-Fold (inner: 3 folds, embargo=10 obs)
23:25:12  src.cpcv.tuning  INFO    [tuning] lstm: 3 purged K-fold splits, 30 Optuna trials (TPE)
23:25:54  src.cpcv.tuning  INFO      lstm: 13 completed, 17 pruned (of 30 total) — best log_loss=0.6806, params={'hidden_size': 32, 'dropout': 0.3358707485538231, 'learning_rate': 0.0030945004107935993}
23:25:54  src.cpcv.tuning  INFO    [tuning] lstm done in 42.4s — best log_loss=0.6806
23:25:54  src.cpcv.tuning  INFO  Tuning total: 42.4s
23:25:54  src.cpcv.pipeline  INFO      applied lstm: {'hidden_size': 32, 'num_layers': 1, 'dropout': 0.3358707485538231, 'learning_rate': 0.0030945004107935993}
23:25:55  src.cpcv.pipeline  INFO    [ 64/84]                 lstm (seed=0) F1=0.358  AUC=0.493  LL=0.6949 (0.9s)
23:25:56  src.cpcv.pipeline  INFO    [ 65/84]                 lstm (seed=1) F1=0.358  AUC=0.509  LL=0.6864 (0.8s)
23:25:56  src.cpcv.pipeline  INFO    [ 66/84]                 lstm (seed=2) F1=0.358  AUC=0.489  LL=0.6868 (0.9s)
23:25:57  src.cpcv.preprocessing  INFO  Computing MDA (Random Forest)...
23:26:20  src.cpcv.preprocessing  INFO  Computing MDA (Logistic Regression)...
23:26:21  src.cpcv.preprocessing  INFO  Multi-model MDA: 29/66 passed (MDA > 0), 37 eliminated
23:26:21  src.cpcv.preprocessing  INFO    Capped at 19 features (top_k_frac=0.3)
23:26:21  src.cpcv.preprocessing  INFO    Selected (19): ['active_addr_roc_14', 'atr', 'bb_width', 'cci_14', 'chaikin_osc', 'log_returns_lag5', 'log_returns_lag7', 'macd', 'macd_signal', 'nasdaq_ret_30', 'net_exchange_flow', 'obv', 'realized_vol', 'roc_14', 'rsi', 'sadf', 'silver_ret_30', 'stoch_k', 'yield_curve_2y10y']
23:26:21  src.cpcv.pipeline  INFO    Preprocessing: 19 features selected, train=528 + cal=133, test=288
23:26:21  src.cpcv.tuning  INFO  Tuning (1 model) — Optuna TPE + Purged K-Fold (inner: 3 folds, embargo=10 obs)
23:26:21  src.cpcv.tuning  INFO    [tuning] lstm: 3 purged K-fold splits, 30 Optuna trials (TPE)
23:27:11  src.cpcv.tuning  INFO      lstm: 22 completed, 8 pruned (of 30 total) — best log_loss=0.6881, params={'hidden_size': 32, 'dropout': 0.29007061702916975, 'learning_rate': 0.002747606679288046}
23:27:11  src.cpcv.tuning  INFO    [tuning] lstm done in 50.0s — best log_loss=0.6881
23:27:11  src.cpcv.tuning  INFO  Tuning total: 50.0s
23:27:11  src.cpcv.pipeline  INFO      applied lstm: {'hidden_size': 32, 'num_layers': 1, 'dropout': 0.29007061702916975, 'learning_rate': 0.002747606679288046}
23:27:12  src.cpcv.pipeline  INFO    [ 67/84]                 lstm (seed=0) F1=0.468  AUC=0.450  LL=0.7062 (1.0s)
23:27:13  src.cpcv.pipeline  INFO    [ 68/84]                 lstm (seed=1) F1=0.468  AUC=0.467  LL=0.7020 (1.0s)
23:27:14  src.cpcv.pipeline  INFO    [ 69/84]                 lstm (seed=2) F1=0.490  AUC=0.496  LL=0.7600 (1.2s)
23:27:15  src.cpcv.preprocessing  INFO  Computing MDA (Random Forest)...
23:27:40  src.cpcv.preprocessing  INFO  Computing MDA (Logistic Regression)...
23:27:41  src.cpcv.preprocessing  INFO  Multi-model MDA: 17/66 passed (MDA > 0), 49 eliminated
23:27:41  src.cpcv.preprocessing  INFO    Selected (17): ['ema_ratio_50_200', 'eth_btc_ratio', 'exchange_supply_pct', 'gold_ret_30', 'kurtosis', 'log_returns_lag1', 'log_returns_lag30', 'macd', 'macd_signal', 'natgas_ret_30', 'sadf', 'silver_ret_30', 'skewness', 'smt_poly1', 'yield_curve_10y30y', 'yield_curve_2y10y', 'yz_vol']
23:27:41  src.cpcv.pipeline  INFO    Preprocessing: 17 features selected, train=519 + cal=130, test=288
23:27:41  src.cpcv.tuning  INFO  Tuning (1 model) — Optuna TPE + Purged K-Fold (inner: 3 folds, embargo=10 obs)
23:27:41  src.cpcv.tuning  INFO    [tuning] lstm: 3 purged K-fold splits, 30 Optuna trials (TPE)
23:28:23  src.cpcv.tuning  INFO      lstm: 26 completed, 4 pruned (of 30 total) — best log_loss=0.6962, params={'hidden_size': 16, 'dropout': 0.33658061333819694, 'learning_rate': 0.020941308207009273}
23:28:23  src.cpcv.tuning  INFO    [tuning] lstm done in 42.7s — best log_loss=0.6962
23:28:23  src.cpcv.tuning  INFO  Tuning total: 42.7s
23:28:23  src.cpcv.pipeline  INFO      applied lstm: {'hidden_size': 16, 'num_layers': 1, 'dropout': 0.33658061333819694, 'learning_rate': 0.020941308207009273}
23:28:24  src.cpcv.pipeline  INFO    [ 70/84]                 lstm (seed=0) F1=0.392  AUC=0.491  LL=0.7364 (1.0s)
23:28:25  src.cpcv.pipeline  INFO    [ 71/84]                 lstm (seed=1) F1=0.508  AUC=0.507  LL=0.6909 (1.0s)
23:28:26  src.cpcv.pipeline  INFO    [ 72/84]                 lstm (seed=2) F1=0.543  AUC=0.547  LL=0.7157 (0.9s)
23:28:27  src.cpcv.preprocessing  INFO  Computing MDA (Random Forest)...
23:28:50  src.cpcv.preprocessing  INFO  Computing MDA (Logistic Regression)...
23:28:51  src.cpcv.preprocessing  INFO  Multi-model MDA: 20/66 passed (MDA > 0), 46 eliminated
23:28:51  src.cpcv.preprocessing  INFO    Capped at 19 features (top_k_frac=0.3)
23:28:51  src.cpcv.preprocessing  INFO    Selected (19): ['active_addr_roc_14', 'copper_ret_30', 'eth_btc_ratio', 'exchange_supply_pct', 'hurst', 'kurtosis', 'log_returns_lag7', 'lz_complexity', 'macd', 'net_exchange_flow', 'oil_ret_30', 'realized_vol', 'sadf', 'silver_ret_30', 'skewness', 'smt_exp', 'us2y', 'vol_term_30_90', 'vwma_ratio_20_50']
23:28:51  src.cpcv.pipeline  INFO    Preprocessing: 19 features selected, train=520 + cal=131, test=295
23:28:51  src.cpcv.tuning  INFO  Tuning (1 model) — Optuna TPE + Purged K-Fold (inner: 3 folds, embargo=10 obs)
23:28:51  src.cpcv.tuning  INFO    [tuning] lstm: 3 purged K-fold splits, 30 Optuna trials (TPE)
23:29:29  src.cpcv.tuning  INFO      lstm: 17 completed, 13 pruned (of 30 total) — best log_loss=0.6828, params={'hidden_size': 16, 'dropout': 0.49581046186005445, 'learning_rate': 0.022362985414277146}
23:29:29  src.cpcv.tuning  INFO    [tuning] lstm done in 37.3s — best log_loss=0.6828
23:29:29  src.cpcv.tuning  INFO  Tuning total: 37.3s
23:29:29  src.cpcv.pipeline  INFO      applied lstm: {'hidden_size': 16, 'num_layers': 1, 'dropout': 0.49581046186005445, 'learning_rate': 0.022362985414277146}
23:29:30  src.cpcv.pipeline  INFO    [ 73/84]                 lstm (seed=0) F1=0.369  AUC=0.470  LL=0.7234 (1.3s)
23:29:31  src.cpcv.pipeline  INFO    [ 74/84]                 lstm (seed=1) F1=0.487  AUC=0.644  LL=0.6616 (0.9s)
23:29:32  src.cpcv.pipeline  INFO    [ 75/84]                 lstm (seed=2) F1=0.366  AUC=0.485  LL=0.6821 (0.8s)
23:29:32  src.cpcv.preprocessing  INFO  Computing MDA (Random Forest)...
23:29:57  src.cpcv.preprocessing  INFO  Computing MDA (Logistic Regression)...
23:29:58  src.cpcv.preprocessing  INFO  Multi-model MDA: 34/66 passed (MDA > 0), 32 eliminated
23:29:58  src.cpcv.preprocessing  INFO    Capped at 19 features (top_k_frac=0.3)
23:29:58  src.cpcv.preprocessing  INFO    Selected (19): ['active_addr_roc_14', 'atr', 'chaikin_osc', 'ema_ratio_50_200', 'kurtosis', 'log_returns', 'log_returns_lag3', 'log_returns_lag6', 'macd', 'macd_hist', 'natgas_ret_30', 'sadf', 'silver_ret_30', 'skewness', 'smt_poly1', 'stoch_d', 'tx_count_roc_14', 'us2y', 'yz_vol']
23:29:58  src.cpcv.pipeline  INFO    Preprocessing: 19 features selected, train=527 + cal=132, test=288
23:29:58  src.cpcv.tuning  INFO  Tuning (1 model) — Optuna TPE + Purged K-Fold (inner: 3 folds, embargo=10 obs)
23:29:58  src.cpcv.tuning  INFO    [tuning] lstm: 3 purged K-fold splits, 30 Optuna trials (TPE)
23:30:48  src.cpcv.tuning  INFO      lstm: 18 completed, 12 pruned (of 30 total) — best log_loss=0.6926, params={'hidden_size': 32, 'dropout': 0.49355626757736387, 'learning_rate': 0.020941308207009273}
23:30:48  src.cpcv.tuning  INFO    [tuning] lstm done in 49.9s — best log_loss=0.6926
23:30:48  src.cpcv.tuning  INFO  Tuning total: 49.9s
23:30:48  src.cpcv.pipeline  INFO      applied lstm: {'hidden_size': 32, 'num_layers': 1, 'dropout': 0.49355626757736387, 'learning_rate': 0.020941308207009273}
23:30:50  src.cpcv.pipeline  INFO    [ 76/84]                 lstm (seed=0) F1=0.534  AUC=0.596  LL=0.7199 (1.9s)
23:30:52  src.cpcv.pipeline  INFO    [ 77/84]                 lstm (seed=1) F1=0.421  AUC=0.550  LL=0.7020 (1.8s)
23:30:54  src.cpcv.pipeline  INFO    [ 78/84]                 lstm (seed=2) F1=0.490  AUC=0.564  LL=0.7211 (2.5s)
23:30:55  src.cpcv.preprocessing  INFO  Computing MDA (Random Forest)...
23:31:25  src.cpcv.preprocessing  INFO  Computing MDA (Logistic Regression)...
23:31:26  src.cpcv.preprocessing  INFO  Multi-model MDA: 9/66 passed (MDA > 0), 57 eliminated
23:31:26  src.cpcv.preprocessing  INFO    Selected (9): ['cci_14', 'copper_ret_30', 'eth_btc_ratio', 'issuance_ntv', 'log_returns_lag3', 'lz_complexity', 'natgas_ret_30', 'us10y', 'yield_curve_2y10y']
23:31:26  src.cpcv.pipeline  INFO    Preprocessing: 9 features selected, train=519 + cal=130, test=295
23:31:26  src.cpcv.tuning  INFO  Tuning (1 model) — Optuna TPE + Purged K-Fold (inner: 3 folds, embargo=10 obs)
23:31:26  src.cpcv.tuning  INFO    [tuning] lstm: 3 purged K-fold splits, 30 Optuna trials (TPE)
23:32:18  src.cpcv.tuning  INFO      lstm: 15 completed, 15 pruned (of 30 total) — best log_loss=0.6804, params={'hidden_size': 32, 'dropout': 0.10823379771832098, 'learning_rate': 0.04147225000481637}
23:32:18  src.cpcv.tuning  INFO    [tuning] lstm done in 51.9s — best log_loss=0.6804
23:32:18  src.cpcv.tuning  INFO  Tuning total: 51.9s
23:32:18  src.cpcv.pipeline  INFO      applied lstm: {'hidden_size': 32, 'num_layers': 1, 'dropout': 0.10823379771832098, 'learning_rate': 0.04147225000481637}
23:32:19  src.cpcv.pipeline  INFO    [ 79/84]                 lstm (seed=0) F1=0.465  AUC=0.510  LL=0.6973 (1.1s)
23:32:20  src.cpcv.pipeline  INFO    [ 80/84]                 lstm (seed=1) F1=0.343  AUC=0.516  LL=0.6968 (1.1s)
23:32:22  src.cpcv.pipeline  INFO    [ 81/84]                 lstm (seed=2) F1=0.343  AUC=0.535  LL=0.6927 (1.5s)
23:32:22  src.cpcv.preprocessing  INFO  Computing MDA (Random Forest)...
23:32:52  src.cpcv.preprocessing  INFO  Computing MDA (Logistic Regression)...
23:32:53  src.cpcv.preprocessing  INFO  Multi-model MDA: 38/66 passed (MDA > 0), 28 eliminated
23:32:53  src.cpcv.preprocessing  INFO    Capped at 19 features (top_k_frac=0.3)
23:32:53  src.cpcv.preprocessing  INFO    Selected (19): ['cci_14', 'ema_ratio_50_200', 'eth_btc_ratio', 'exchange_supply_pct', 'issuance_ntv', 'kurtosis', 'log_returns', 'log_returns_lag21', 'macd_hist', 'mfi_14', 'realized_vol', 'shannon_entropy', 'smt_poly1', 'stoch_k', 'us10y', 'us2y', 'yield_curve_10y30y', 'yield_curve_2y10y', 'yz_vol']
23:32:53  src.cpcv.pipeline  INFO    Preprocessing: 19 features selected, train=531 + cal=133, test=295
23:32:53  src.cpcv.tuning  INFO  Tuning (1 model) — Optuna TPE + Purged K-Fold (inner: 3 folds, embargo=10 obs)
23:32:53  src.cpcv.tuning  INFO    [tuning] lstm: 3 purged K-fold splits, 30 Optuna trials (TPE)
23:33:50  src.cpcv.tuning  INFO      lstm: 19 completed, 11 pruned (of 30 total) — best log_loss=0.6821, params={'hidden_size': 16, 'dropout': 0.3759561693398768, 'learning_rate': 0.0034515140779274233}
23:33:50  src.cpcv.tuning  INFO    [tuning] lstm done in 57.3s — best log_loss=0.6821
23:33:50  src.cpcv.tuning  INFO  Tuning total: 57.3s
23:33:50  src.cpcv.pipeline  INFO      applied lstm: {'hidden_size': 16, 'num_layers': 1, 'dropout': 0.3759561693398768, 'learning_rate': 0.0034515140779274233}
23:33:53  src.cpcv.pipeline  INFO    [ 82/84]                 lstm (seed=0) F1=0.443  AUC=0.485  LL=0.7165 (2.9s)
23:33:55  src.cpcv.pipeline  INFO    [ 83/84]                 lstm (seed=1) F1=0.309  AUC=0.471  LL=0.7133 (1.7s)
23:33:56  src.cpcv.pipeline  INFO    [ 84/84]                 lstm (seed=2) F1=0.362  AUC=0.456  LL=0.7776 (1.3s)
23:33:56  src.cpcv.pipeline  INFO  ============================================================
23:33:56  src.cpcv.pipeline  INFO  CPCV Pipeline Complete
23:33:56  src.cpcv.pipeline  INFO  ============================================================
23:33:56  src.cpcv.pipeline  INFO    Total time:     2126.4s (35.4m)
23:33:56  src.cpcv.pipeline  INFO    Tasks:          84 succeeded, 0 failed
23:33:56  src.cpcv.pipeline  INFO    Results keys:   84 (model, split, seed) entries
23:33:56  src.cpcv.pipeline  INFO    Backtest paths: 7
23:33:56  src.cpcv.pipeline  INFO    Tuning:         nested (per-split), 28 splits tuned, models=['lstm']
23:33:56  src.cpcv.pipeline  INFO  ============================================================
23:38:09  src.cpcv.pipeline  INFO  ============================================================
23:38:09  src.cpcv.pipeline  INFO  CPCV Pipeline
23:38:09  src.cpcv.pipeline  INFO  ============================================================
23:38:09  src.cpcv.pipeline  INFO    Models:         ['kan']
23:38:09  src.cpcv.pipeline  INFO    Seeds/fold:     3
23:38:09  src.cpcv.pipeline  INFO    Groups (N):     8
23:38:09  src.cpcv.pipeline  INFO    Test groups (k):2
23:38:09  src.cpcv.pipeline  INFO    Embargo:        1.0%
23:38:09  src.cpcv.pipeline  INFO    FFD columns:    ['atr']
23:38:09  src.cpcv.pipeline  INFO    Samples:        1159
23:38:09  src.cpcv.pipeline  INFO    Features:       66
23:38:09  src.cpcv.pipeline  INFO    Splits:         28, Paths: 7
23:38:09  src.cpcv.pipeline  INFO    Tuning:         NESTED (per-split) — ['kan'] [30 trials]
23:38:09  src.cpcv.pipeline  INFO  ============================================================
23:38:09  src.cpcv.preprocessing  INFO  Computing MDA (Random Forest)...
23:38:38  src.cpcv.preprocessing  INFO  Computing MDA (Logistic Regression)...
23:38:39  src.cpcv.preprocessing  INFO  Multi-model MDA: 29/66 passed (MDA > 0), 37 eliminated
23:38:39  src.cpcv.preprocessing  INFO    Capped at 19 features (top_k_frac=0.3)
23:38:39  src.cpcv.preprocessing  INFO    Selected (19): ['chaikin_osc', 'ema_ratio_50_200', 'exchange_supply_pct', 'jarque_bera', 'log_returns', 'log_returns_lag1', 'log_returns_lag4', 'log_returns_lag7', 'macd_hist', 'net_exchange_flow', 'roc_14', 'silver_ret_30', 'smt_exp', 'sp500_ret_30', 'stoch_d', 'us10y', 'us2y', 'vix', 'vol_term_7_30']
23:38:39  src.cpcv.pipeline  INFO    Preprocessing: 19 features selected, train=688 + cal=172, test=89
23:38:39  src.cpcv.tuning  INFO  Tuning (1 model) — Optuna TPE + Purged K-Fold (inner: 3 folds, embargo=10 obs)
23:38:39  src.cpcv.tuning  INFO    [tuning] kan (efficient-kan + AdamW): 3 purged K-fold splits, 30 Optuna trials (TPE)
23:40:02  src.cpcv.tuning  INFO      kan: 22 completed, 8 pruned (of 30 total) — best log_loss=0.6834, params={'width1': 6, 'lr': 0.00843160603434493, 'weight_decay': 0.0001073436665200325, 'grid': 3}
23:40:02  src.cpcv.tuning  INFO    [tuning] kan done in 82.6s — best log_loss=0.6834
23:40:02  src.cpcv.tuning  INFO  Tuning total: 82.6s
23:40:02  src.cpcv.pipeline  INFO      applied kan: {'width1': 6, 'width2': 0, 'grid': 3, 'lr': 0.00843160603434493, 'weight_decay': 0.0001073436665200325}
23:40:02  src.cpcv.models.kan_model  INFO  KAN fitted: widths=[19, 6, 2], grid=3, epochs=34, val_acc=0.5407, val_loss=0.6908, logit_range=[-0.32, 0.26], device=cpu.
23:40:02  src.cpcv.pipeline  INFO    [  1/84]                  kan (seed=0) F1=0.434  AUC=0.520  LL=0.6479 (0.7s)
23:40:03  src.cpcv.models.kan_model  INFO  KAN fitted: widths=[19, 6, 2], grid=3, epochs=26, val_acc=0.4709, val_loss=0.6941, logit_range=[-0.29, 0.11], device=cpu.
23:40:03  src.cpcv.pipeline  INFO    [  2/84]                  kan (seed=1) F1=0.399  AUC=0.547  LL=0.6374 (0.6s)
23:40:04  src.cpcv.models.kan_model  INFO  KAN fitted: widths=[19, 6, 2], grid=3, epochs=50, val_acc=0.5407, val_loss=0.6907, logit_range=[-0.33, 0.56], device=cpu.
23:40:04  src.cpcv.pipeline  INFO    [  3/84]                  kan (seed=2) F1=0.455  AUC=0.506  LL=0.6465 (1.0s)
23:40:04  src.cpcv.preprocessing  INFO  Computing MDA (Random Forest)...
23:40:34  src.cpcv.preprocessing  INFO  Computing MDA (Logistic Regression)...
23:40:35  src.cpcv.preprocessing  INFO  Multi-model MDA: 63/66 passed (MDA > 0), 3 eliminated
23:40:35  src.cpcv.preprocessing  INFO    Capped at 19 features (top_k_frac=0.3)
23:40:35  src.cpcv.preprocessing  INFO    Selected (19): ['atr', 'bb_width', 'dxy_roc_30', 'ema_ratio_20_50', 'ema_ratio_50_200', 'issuance_ntv', 'jarque_bera', 'log_returns', 'log_returns_lag2', 'macd_hist', 'nasdaq_ret_30', 'net_exchange_flow', 'realized_vol', 'shannon_entropy', 'silver_ret_30', 'skewness', 'smt_exp', 'vix', 'yield_curve_10y30y']
23:40:35  src.cpcv.pipeline  INFO    Preprocessing: 19 features selected, train=643 + cal=161, test=144
23:40:35  src.cpcv.tuning  INFO  Tuning (1 model) — Optuna TPE + Purged K-Fold (inner: 3 folds, embargo=10 obs)
23:40:35  src.cpcv.tuning  INFO    [tuning] kan (efficient-kan + AdamW): 3 purged K-fold splits, 30 Optuna trials (TPE)
23:41:34  src.cpcv.tuning  INFO      kan: 23 completed, 7 pruned (of 30 total) — best log_loss=0.6812, params={'width1': 2, 'lr': 0.029444567745733636, 'weight_decay': 0.0004914167683677651, 'grid': 3}
23:41:34  src.cpcv.tuning  INFO    [tuning] kan done in 59.0s — best log_loss=0.6812
23:41:34  src.cpcv.tuning  INFO  Tuning total: 59.0s
23:41:34  src.cpcv.pipeline  INFO      applied kan: {'width1': 2, 'width2': 0, 'grid': 3, 'lr': 0.029444567745733636, 'weight_decay': 0.0004914167683677651}
23:41:35  src.cpcv.models.kan_model  INFO  KAN fitted: widths=[19, 2, 2], grid=3, epochs=24, val_acc=0.4472, val_loss=0.6911, logit_range=[-0.22, 0.14], device=cpu.
23:41:35  src.cpcv.pipeline  INFO    [  4/84]                  kan (seed=0) F1=0.311  AUC=0.501  LL=0.8578 (0.5s)
23:41:35  src.cpcv.models.kan_model  INFO  KAN fitted: widths=[19, 2, 2], grid=3, epochs=22, val_acc=0.4783, val_loss=0.6905, logit_range=[-0.22, 0.35], device=cpu.
23:41:35  src.cpcv.pipeline  INFO    [  5/84]                  kan (seed=1) F1=0.311  AUC=0.459  LL=0.7571 (0.5s)
23:41:36  src.cpcv.models.kan_model  INFO  KAN fitted: widths=[19, 2, 2], grid=3, epochs=24, val_acc=0.4410, val_loss=0.6901, logit_range=[-0.12, 0.28], device=cpu.
23:41:36  src.cpcv.pipeline  INFO    [  6/84]                  kan (seed=2) F1=0.311  AUC=0.537  LL=0.8022 (0.5s)
23:41:36  src.cpcv.preprocessing  INFO  Computing MDA (Random Forest)...
23:42:07  src.cpcv.preprocessing  INFO  Computing MDA (Logistic Regression)...
23:42:08  src.cpcv.preprocessing  INFO  Multi-model MDA: 38/66 passed (MDA > 0), 28 eliminated
23:42:08  src.cpcv.preprocessing  INFO    Capped at 19 features (top_k_frac=0.3)
23:42:08  src.cpcv.preprocessing  INFO    Selected (19): ['ema_ratio_20_50', 'eth_btc_ratio', 'gk_vol', 'gold_ret_30', 'hashrate_roc_30', 'kurtosis', 'log_returns_lag5', 'macd_signal', 'natgas_ret_30', 'realized_vol', 'roc_14', 'shannon_entropy', 'silver_ret_30', 'skewness', 'smt_exp', 'smt_poly1', 'stoch_d', 'variance_ratio', 'vol_term_7_30']
23:42:08  src.cpcv.pipeline  INFO    Preprocessing: 19 features selected, train=644 + cal=161, test=144
23:42:08  src.cpcv.tuning  INFO  Tuning (1 model) — Optuna TPE + Purged K-Fold (inner: 3 folds, embargo=10 obs)
23:42:08  src.cpcv.tuning  INFO    [tuning] kan (efficient-kan + AdamW): 3 purged K-fold splits, 30 Optuna trials (TPE)
23:43:14  src.cpcv.tuning  INFO      kan: 19 completed, 11 pruned (of 30 total) — best log_loss=0.6905, params={'width1': 4, 'lr': 0.0076267107589848065, 'weight_decay': 9.167796565406554e-05, 'grid': 3}
23:43:14  src.cpcv.tuning  INFO    [tuning] kan done in 65.7s — best log_loss=0.6905
23:43:14  src.cpcv.tuning  INFO  Tuning total: 65.7s
23:43:14  src.cpcv.pipeline  INFO      applied kan: {'width1': 4, 'width2': 0, 'grid': 3, 'lr': 0.0076267107589848065, 'weight_decay': 9.167796565406554e-05}
23:43:15  src.cpcv.models.kan_model  INFO  KAN fitted: widths=[19, 4, 2], grid=3, epochs=54, val_acc=0.5963, val_loss=0.6835, logit_range=[-0.90, 0.36], device=cpu.
23:43:15  src.cpcv.pipeline  INFO    [  7/84]                  kan (seed=0) F1=0.368  AUC=0.563  LL=0.6971 (1.0s)
23:43:16  src.cpcv.models.kan_model  INFO  KAN fitted: widths=[19, 4, 2], grid=3, epochs=55, val_acc=0.6025, val_loss=0.6895, logit_range=[-0.90, 0.68], device=cpu.
23:43:16  src.cpcv.pipeline  INFO    [  8/84]                  kan (seed=1) F1=0.351  AUC=0.551  LL=0.6900 (1.0s)
23:43:16  src.cpcv.models.kan_model  INFO  KAN fitted: widths=[19, 4, 2], grid=3, epochs=34, val_acc=0.5714, val_loss=0.6851, logit_range=[-0.41, 0.32], device=cpu.
23:43:16  src.cpcv.pipeline  INFO    [  9/84]                  kan (seed=2) F1=0.368  AUC=0.550  LL=0.6895 (0.8s)
23:43:17  src.cpcv.preprocessing  INFO  Computing MDA (Random Forest)...
23:43:47  src.cpcv.preprocessing  INFO  Computing MDA (Logistic Regression)...
23:43:49  src.cpcv.preprocessing  INFO  Multi-model MDA: 46/66 passed (MDA > 0), 20 eliminated
23:43:49  src.cpcv.preprocessing  INFO    Capped at 19 features (top_k_frac=0.3)
23:43:49  src.cpcv.preprocessing  INFO    Selected (19): ['gk_vol', 'hashrate_roc_30', 'jarque_bera', 'log_returns', 'log_returns_lag5', 'log_returns_lag7', 'macd', 'mfi_14', 'mvrv', 'natgas_ret_30', 'roc_14', 'sadf', 'shannon_entropy', 'silver_ret_30', 'smt_exp', 'sp500_ret_30', 'stoch_d', 'variance_ratio', 'vix']
23:43:49  src.cpcv.pipeline  INFO    Preprocessing: 19 features selected, train=644 + cal=161, test=144
23:43:49  src.cpcv.tuning  INFO  Tuning (1 model) — Optuna TPE + Purged K-Fold (inner: 3 folds, embargo=10 obs)
23:43:49  src.cpcv.tuning  INFO    [tuning] kan (efficient-kan + AdamW): 3 purged K-fold splits, 30 Optuna trials (TPE)
23:44:39  src.cpcv.tuning  INFO      kan: 21 completed, 9 pruned (of 30 total) — best log_loss=0.6896, params={'width1': 2, 'lr': 0.025119169495653373, 'weight_decay': 0.0017770152926612401, 'grid': 3}
23:44:39  src.cpcv.tuning  INFO    [tuning] kan done in 50.7s — best log_loss=0.6896
23:44:39  src.cpcv.tuning  INFO  Tuning total: 50.7s
23:44:39  src.cpcv.pipeline  INFO      applied kan: {'width1': 2, 'width2': 0, 'grid': 3, 'lr': 0.025119169495653373, 'weight_decay': 0.0017770152926612401}
23:44:40  src.cpcv.models.kan_model  INFO  KAN fitted: widths=[19, 2, 2], grid=3, epochs=23, val_acc=0.5404, val_loss=0.6905, logit_range=[-0.13, 0.25], device=cpu.
23:44:40  src.cpcv.pipeline  INFO    [ 10/84]                  kan (seed=0) F1=0.414  AUC=0.551  LL=0.6747 (0.4s)
23:44:40  src.cpcv.models.kan_model  INFO  KAN fitted: widths=[19, 2, 2], grid=3, epochs=22, val_acc=0.5466, val_loss=0.6919, logit_range=[-0.13, 0.14], device=cpu.
23:44:40  src.cpcv.pipeline  INFO    [ 11/84]                  kan (seed=1) F1=0.371  AUC=0.479  LL=0.6770 (0.4s)
23:44:41  src.cpcv.models.kan_model  INFO  KAN fitted: widths=[19, 2, 2], grid=3, epochs=25, val_acc=0.5466, val_loss=0.6913, logit_range=[-0.23, 0.27], device=cpu.
23:44:41  src.cpcv.pipeline  INFO    [ 12/84]                  kan (seed=2) F1=0.424  AUC=0.532  LL=0.6723 (0.4s)
23:44:41  src.cpcv.preprocessing  INFO  Computing MDA (Random Forest)...
23:45:11  src.cpcv.preprocessing  INFO  Computing MDA (Logistic Regression)...
23:45:13  src.cpcv.preprocessing  INFO  Multi-model MDA: 13/66 passed (MDA > 0), 53 eliminated
23:45:13  src.cpcv.preprocessing  INFO    Selected (13): ['atr', 'bb_width', 'chaikin_osc', 'ema_ratio_50_200', 'fee_per_tx', 'log_returns_lag21', 'log_returns_lag6', 'macd_hist', 'mvrv', 'rsi', 'silver_ret_30', 'skewness', 'smt_exp']
23:45:13  src.cpcv.pipeline  INFO    Preprocessing: 13 features selected, train=642 + cal=161, test=144
23:45:13  src.cpcv.tuning  INFO  Tuning (1 model) — Optuna TPE + Purged K-Fold (inner: 3 folds, embargo=10 obs)
23:45:13  src.cpcv.tuning  INFO    [tuning] kan (efficient-kan + AdamW): 3 purged K-fold splits, 30 Optuna trials (TPE)
23:46:18  src.cpcv.tuning  INFO      kan: 28 completed, 2 pruned (of 30 total) — best log_loss=0.6811, params={'width1': 2, 'lr': 0.03877080986238611, 'weight_decay': 0.0047939512845068255, 'grid': 5}
23:46:18  src.cpcv.tuning  INFO    [tuning] kan done in 65.9s — best log_loss=0.6811
23:46:18  src.cpcv.tuning  INFO  Tuning total: 65.9s
23:46:18  src.cpcv.pipeline  INFO      applied kan: {'width1': 2, 'width2': 0, 'grid': 5, 'lr': 0.03877080986238611, 'weight_decay': 0.0047939512845068255}
23:46:19  src.cpcv.models.kan_model  INFO  KAN fitted: widths=[13, 2, 2], grid=5, epochs=31, val_acc=0.5652, val_loss=0.6831, logit_range=[-0.57, 0.59], device=cpu.
23:46:19  src.cpcv.pipeline  INFO    [ 13/84]                  kan (seed=0) F1=0.420  AUC=0.625  LL=0.7152 (0.5s)
23:46:19  src.cpcv.models.kan_model  INFO  KAN fitted: widths=[13, 2, 2], grid=5, epochs=31, val_acc=0.5528, val_loss=0.6832, logit_range=[-0.50, 0.60], device=cpu.
23:46:19  src.cpcv.pipeline  INFO    [ 14/84]                  kan (seed=1) F1=0.545  AUC=0.666  LL=0.6678 (0.5s)
23:46:20  src.cpcv.models.kan_model  INFO  KAN fitted: widths=[13, 2, 2], grid=5, epochs=25, val_acc=0.5155, val_loss=0.6885, logit_range=[-0.56, 0.27], device=cpu.
23:46:20  src.cpcv.pipeline  INFO    [ 15/84]                  kan (seed=2) F1=0.378  AUC=0.617  LL=0.6957 (0.4s)
23:46:20  src.cpcv.preprocessing  INFO  Computing MDA (Random Forest)...
23:46:48  src.cpcv.preprocessing  INFO  Computing MDA (Logistic Regression)...
23:46:49  src.cpcv.preprocessing  INFO  Multi-model MDA: 17/66 passed (MDA > 0), 49 eliminated
23:46:49  src.cpcv.preprocessing  INFO    Selected (17): ['atr', 'dxy_roc_30', 'ema_ratio_50_200', 'eth_btc_ratio', 'exchange_supply_pct', 'gold_ret_30', 'jarque_bera', 'kurtosis', 'log_returns_lag14', 'log_returns_lag2', 'log_returns_lag6', 'lz_complexity', 'macd', 'obv', 'silver_ret_30', 'tx_count_roc_14', 'vol_term_7_30']
23:46:49  src.cpcv.pipeline  INFO    Preprocessing: 17 features selected, train=643 + cal=161, test=144
23:46:49  src.cpcv.tuning  INFO  Tuning (1 model) — Optuna TPE + Purged K-Fold (inner: 3 folds, embargo=10 obs)
23:46:49  src.cpcv.tuning  INFO    [tuning] kan (efficient-kan + AdamW): 3 purged K-fold splits, 30 Optuna trials (TPE)
23:48:05  src.cpcv.tuning  INFO      kan: 21 completed, 9 pruned (of 30 total) — best log_loss=0.6920, params={'width1': 2, 'lr': 0.0005062983411220176, 'weight_decay': 0.002143805487780733, 'grid': 5}
23:48:05  src.cpcv.tuning  INFO    [tuning] kan done in 75.9s — best log_loss=0.6920
23:48:05  src.cpcv.tuning  INFO  Tuning total: 75.9s
23:48:05  src.cpcv.pipeline  INFO      applied kan: {'width1': 2, 'width2': 0, 'grid': 5, 'lr': 0.0005062983411220176, 'weight_decay': 0.002143805487780733}
23:48:08  src.cpcv.models.kan_model  INFO  KAN fitted: widths=[17, 2, 2], grid=5, epochs=180, val_acc=0.5031, val_loss=0.6884, logit_range=[-0.28, 0.19], device=cpu.
23:48:08  src.cpcv.pipeline  INFO    [ 16/84]                  kan (seed=0) F1=0.465  AUC=0.511  LL=0.6992 (2.7s)
23:48:11  src.cpcv.models.kan_model  INFO  KAN fitted: widths=[17, 2, 2], grid=5, epochs=200, val_acc=0.4969, val_loss=0.6856, logit_range=[-0.13, 0.17], device=cpu.
23:48:11  src.cpcv.pipeline  INFO    [ 17/84]                  kan (seed=1) F1=0.527  AUC=0.525  LL=0.6894 (2.9s)
23:48:14  src.cpcv.models.kan_model  INFO  KAN fitted: widths=[17, 2, 2], grid=5, epochs=200, val_acc=0.5217, val_loss=0.6908, logit_range=[-0.24, 0.11], device=cpu.
23:48:14  src.cpcv.pipeline  INFO    [ 18/84]                  kan (seed=2) F1=0.503  AUC=0.475  LL=0.6952 (2.9s)
23:48:14  src.cpcv.preprocessing  INFO  Computing MDA (Random Forest)...
23:48:40  src.cpcv.preprocessing  INFO  Computing MDA (Logistic Regression)...
23:48:41  src.cpcv.preprocessing  INFO  Multi-model MDA: 29/66 passed (MDA > 0), 37 eliminated
23:48:41  src.cpcv.preprocessing  INFO    Capped at 19 features (top_k_frac=0.3)
23:48:41  src.cpcv.preprocessing  INFO    Selected (19): ['atr', 'bb_width', 'cci_14', 'eth_btc_ratio', 'hashrate_roc_30', 'jarque_bera', 'log_returns_lag21', 'log_returns_lag4', 'log_returns_lag6', 'log_returns_lag7', 'macd', 'silver_ret_30', 'skewness', 'smt_exp', 'sp500_ret_30', 'stoch_k', 'us10y', 'williams_r', 'yield_curve_10y30y']
23:48:41  src.cpcv.pipeline  INFO    Preprocessing: 19 features selected, train=644 + cal=162, test=151
23:48:41  src.cpcv.tuning  INFO  Tuning (1 model) — Optuna TPE + Purged K-Fold (inner: 3 folds, embargo=10 obs)
23:48:41  src.cpcv.tuning  INFO    [tuning] kan (efficient-kan + AdamW): 3 purged K-fold splits, 30 Optuna trials (TPE)
23:49:37  src.cpcv.tuning  INFO      kan: 9 completed, 21 pruned (of 30 total) — best log_loss=0.6834, params={'width1': 3, 'lr': 0.021452641670076242, 'weight_decay': 9.697652947717266e-05, 'grid': 3}
23:49:37  src.cpcv.tuning  INFO    [tuning] kan done in 55.5s — best log_loss=0.6834
23:49:37  src.cpcv.tuning  INFO  Tuning total: 55.5s
23:49:37  src.cpcv.pipeline  INFO      applied kan: {'width1': 3, 'width2': 0, 'grid': 3, 'lr': 0.021452641670076242, 'weight_decay': 9.697652947717266e-05}
23:49:37  src.cpcv.models.kan_model  INFO  KAN fitted: widths=[19, 3, 2], grid=3, epochs=23, val_acc=0.5123, val_loss=0.6892, logit_range=[-0.19, 0.10], device=cpu.
23:49:37  src.cpcv.pipeline  INFO    [ 19/84]                  kan (seed=0) F1=0.413  AUC=0.555  LL=0.6846 (0.6s)
23:49:38  src.cpcv.models.kan_model  INFO  KAN fitted: widths=[19, 3, 2], grid=3, epochs=22, val_acc=0.5000, val_loss=0.6922, logit_range=[-0.14, 0.10], device=cpu.
23:49:38  src.cpcv.pipeline  INFO    [ 20/84]                  kan (seed=1) F1=0.357  AUC=0.512  LL=0.6895 (0.4s)
23:49:38  src.cpcv.models.kan_model  INFO  KAN fitted: widths=[19, 3, 2], grid=3, epochs=22, val_acc=0.4815, val_loss=0.6958, logit_range=[-0.22, 0.18], device=cpu.
23:49:38  src.cpcv.pipeline  INFO    [ 21/84]                  kan (seed=2) F1=0.357  AUC=0.496  LL=0.6896 (0.5s)
23:49:39  src.cpcv.preprocessing  INFO  Computing MDA (Random Forest)...
23:50:04  src.cpcv.preprocessing  INFO  Computing MDA (Logistic Regression)...
23:50:05  src.cpcv.preprocessing  INFO  Multi-model MDA: 34/66 passed (MDA > 0), 32 eliminated
23:50:05  src.cpcv.preprocessing  INFO    Capped at 19 features (top_k_frac=0.3)
23:50:05  src.cpcv.preprocessing  INFO    Selected (19): ['atr', 'bb_width', 'chaikin_osc', 'eth_btc_ratio', 'issuance_ntv', 'log_returns_lag1', 'log_returns_lag2', 'log_returns_lag7', 'lz_complexity', 'net_exchange_flow', 'roc_14', 'sadf', 'silver_ret_30', 'skewness', 'stoch_k', 'vol_term_7_30', 'williams_r', 'yield_curve_2y10y', 'yz_vol']
23:50:05  src.cpcv.pipeline  INFO    Preprocessing: 19 features selected, train=572 + cal=144, test=233
23:50:05  src.cpcv.tuning  INFO  Tuning (1 model) — Optuna TPE + Purged K-Fold (inner: 3 folds, embargo=10 obs)
23:50:05  src.cpcv.tuning  INFO    [tuning] kan (efficient-kan + AdamW): 3 purged K-fold splits, 30 Optuna trials (TPE)
23:51:07  src.cpcv.tuning  INFO      kan: 26 completed, 4 pruned (of 30 total) — best log_loss=0.6783, params={'width1': 5, 'lr': 0.03334115743026767, 'weight_decay': 0.000578250662146681, 'grid': 5}
23:51:07  src.cpcv.tuning  INFO    [tuning] kan done in 62.8s — best log_loss=0.6783
23:51:07  src.cpcv.tuning  INFO  Tuning total: 62.8s
23:51:07  src.cpcv.pipeline  INFO      applied kan: {'width1': 5, 'width2': 0, 'grid': 5, 'lr': 0.03334115743026767, 'weight_decay': 0.000578250662146681}
23:51:08  src.cpcv.models.kan_model  INFO  KAN fitted: widths=[19, 5, 2], grid=5, epochs=29, val_acc=0.6250, val_loss=0.6764, logit_range=[-0.82, 0.84], device=cpu.
23:51:08  src.cpcv.pipeline  INFO    [ 22/84]                  kan (seed=0) F1=0.524  AUC=0.526  LL=0.7293 (0.5s)
23:51:08  src.cpcv.models.kan_model  INFO  KAN fitted: widths=[19, 5, 2], grid=5, epochs=26, val_acc=0.5556, val_loss=0.6805, logit_range=[-0.72, 0.67], device=cpu.
23:51:08  src.cpcv.pipeline  INFO    [ 23/84]                  kan (seed=1) F1=0.460  AUC=0.548  LL=0.7221 (0.5s)
23:51:09  src.cpcv.models.kan_model  INFO  KAN fitted: widths=[19, 5, 2], grid=5, epochs=28, val_acc=0.5972, val_loss=0.6705, logit_range=[-0.62, 0.85], device=cpu.
23:51:09  src.cpcv.pipeline  INFO    [ 24/84]                  kan (seed=2) F1=0.479  AUC=0.540  LL=0.7143 (0.5s)
23:51:09  src.cpcv.preprocessing  INFO  Computing MDA (Random Forest)...
23:51:33  src.cpcv.preprocessing  INFO  Computing MDA (Logistic Regression)...
23:51:34  src.cpcv.preprocessing  INFO  Multi-model MDA: 37/66 passed (MDA > 0), 29 eliminated
23:51:34  src.cpcv.preprocessing  INFO    Capped at 19 features (top_k_frac=0.3)
23:51:34  src.cpcv.preprocessing  INFO    Selected (19): ['cci_14', 'eth_btc_ratio', 'gk_vol', 'gold_ret_30', 'log_returns_lag2', 'log_returns_lag21', 'log_returns_lag4', 'log_returns_lag6', 'macd_hist', 'macd_signal', 'negentropy', 'oil_ret_30', 'silver_ret_30', 'sp500_ret_30', 'tx_count_roc_14', 'us10y', 'us2y', 'variance_ratio', 'vix']
23:51:34  src.cpcv.pipeline  INFO    Preprocessing: 19 features selected, train=564 + cal=141, test=233
23:51:34  src.cpcv.tuning  INFO  Tuning (1 model) — Optuna TPE + Purged K-Fold (inner: 3 folds, embargo=10 obs)
23:51:34  src.cpcv.tuning  INFO    [tuning] kan (efficient-kan + AdamW): 3 purged K-fold splits, 30 Optuna trials (TPE)
23:52:34  src.cpcv.tuning  INFO      kan: 17 completed, 13 pruned (of 30 total) — best log_loss=0.6887, params={'width1': 5, 'lr': 0.019530147717916967, 'weight_decay': 0.0011188942813811667, 'grid': 3}
23:52:34  src.cpcv.tuning  INFO    [tuning] kan done in 59.2s — best log_loss=0.6887
23:52:34  src.cpcv.tuning  INFO  Tuning total: 59.2s
23:52:34  src.cpcv.pipeline  INFO      applied kan: {'width1': 5, 'width2': 0, 'grid': 3, 'lr': 0.019530147717916967, 'weight_decay': 0.0011188942813811667}
23:52:34  src.cpcv.models.kan_model  INFO  KAN fitted: widths=[19, 5, 2], grid=3, epochs=28, val_acc=0.5745, val_loss=0.6838, logit_range=[-0.46, 0.49], device=cpu.
23:52:34  src.cpcv.pipeline  INFO    [ 25/84]                  kan (seed=0) F1=0.483  AUC=0.486  LL=0.6921 (0.5s)
23:52:35  src.cpcv.models.kan_model  INFO  KAN fitted: widths=[19, 5, 2], grid=3, epochs=59, val_acc=0.6383, val_loss=0.6577, logit_range=[-0.87, 0.69], device=cpu.
23:52:35  src.cpcv.pipeline  INFO    [ 26/84]                  kan (seed=1) F1=0.448  AUC=0.471  LL=0.9808 (1.1s)
23:52:36  src.cpcv.models.kan_model  INFO  KAN fitted: widths=[19, 5, 2], grid=3, epochs=52, val_acc=0.5816, val_loss=0.6763, logit_range=[-0.71, 0.85], device=cpu.
23:52:36  src.cpcv.pipeline  INFO    [ 27/84]                  kan (seed=2) F1=0.442  AUC=0.454  LL=0.7406 (0.8s)
23:52:36  src.cpcv.preprocessing  INFO  Computing MDA (Random Forest)...
23:53:03  src.cpcv.preprocessing  INFO  Computing MDA (Logistic Regression)...
23:53:04  src.cpcv.preprocessing  INFO  Multi-model MDA: 34/66 passed (MDA > 0), 32 eliminated
23:53:04  src.cpcv.preprocessing  INFO    Capped at 19 features (top_k_frac=0.3)
23:53:04  src.cpcv.preprocessing  INFO    Selected (19): ['active_addr_roc_14', 'eth_btc_ratio', 'gk_vol', 'jarque_bera', 'log_returns', 'log_returns_lag21', 'log_returns_lag4', 'lz_complexity', 'mfi_14', 'mvrv', 'natgas_ret_30', 'negentropy', 'realized_vol', 'shannon_entropy', 'skewness', 'stoch_k', 'vix', 'vwma_ratio_20_50', 'yz_vol']
23:53:04  src.cpcv.pipeline  INFO    Preprocessing: 19 features selected, train=564 + cal=141, test=233
23:53:04  src.cpcv.tuning  INFO  Tuning (1 model) — Optuna TPE + Purged K-Fold (inner: 3 folds, embargo=10 obs)
23:53:04  src.cpcv.tuning  INFO    [tuning] kan (efficient-kan + AdamW): 3 purged K-fold splits, 30 Optuna trials (TPE)
23:53:45  src.cpcv.tuning  INFO      kan: 21 completed, 9 pruned (of 30 total) — best log_loss=0.6880, params={'width1': 6, 'lr': 0.0007026443341646376, 'weight_decay': 0.0001635138608944954, 'grid': 3}
23:53:45  src.cpcv.tuning  INFO    [tuning] kan done in 40.5s — best log_loss=0.6880
23:53:45  src.cpcv.tuning  INFO  Tuning total: 40.5s
23:53:45  src.cpcv.pipeline  INFO      applied kan: {'width1': 6, 'width2': 0, 'grid': 3, 'lr': 0.0007026443341646376, 'weight_decay': 0.0001635138608944954}
23:53:45  src.cpcv.models.kan_model  INFO  KAN fitted: widths=[19, 6, 2], grid=3, epochs=32, val_acc=0.5603, val_loss=0.6900, logit_range=[-0.10, 0.15], device=cpu.
23:53:45  src.cpcv.pipeline  INFO    [ 28/84]                  kan (seed=0) F1=0.443  AUC=0.579  LL=0.6566 (0.6s)
23:53:46  src.cpcv.models.kan_model  INFO  KAN fitted: widths=[19, 6, 2], grid=3, epochs=57, val_acc=0.4397, val_loss=0.6965, logit_range=[-0.13, 0.13], device=cpu.
23:53:46  src.cpcv.pipeline  INFO    [ 29/84]                  kan (seed=1) F1=0.384  AUC=0.449  LL=0.6748 (1.0s)
23:53:47  src.cpcv.models.kan_model  INFO  KAN fitted: widths=[19, 6, 2], grid=3, epochs=40, val_acc=0.4823, val_loss=0.6933, logit_range=[-0.12, 0.17], device=cpu.
23:53:47  src.cpcv.pipeline  INFO    [ 30/84]                  kan (seed=2) F1=0.384  AUC=0.499  LL=0.6681 (0.7s)
23:53:47  src.cpcv.preprocessing  INFO  Computing MDA (Random Forest)...
23:54:12  src.cpcv.preprocessing  INFO  Computing MDA (Logistic Regression)...
23:54:13  src.cpcv.preprocessing  INFO  Multi-model MDA: 24/66 passed (MDA > 0), 42 eliminated
23:54:13  src.cpcv.preprocessing  INFO    Capped at 19 features (top_k_frac=0.3)
23:54:13  src.cpcv.preprocessing  INFO    Selected (19): ['bb_width', 'dxy_roc_30', 'gk_vol', 'hurst', 'jarque_bera', 'log_returns_lag14', 'log_returns_lag2', 'log_returns_lag21', 'lz_complexity', 'macd_hist', 'mfi_14', 'natgas_ret_30', 'obv', 'skewness', 'us10y', 'us2y', 'variance_ratio', 'vol_term_30_90', 'williams_r']
23:54:13  src.cpcv.pipeline  INFO    Preprocessing: 19 features selected, train=562 + cal=141, test=233
23:54:13  src.cpcv.tuning  INFO  Tuning (1 model) — Optuna TPE + Purged K-Fold (inner: 3 folds, embargo=10 obs)
23:54:13  src.cpcv.tuning  INFO    [tuning] kan (efficient-kan + AdamW): 3 purged K-fold splits, 30 Optuna trials (TPE)
23:54:48  src.cpcv.tuning  INFO      kan: 12 completed, 18 pruned (of 30 total) — best log_loss=0.6888, params={'width1': 5, 'lr': 0.0031747670053994346, 'weight_decay': 0.0004995042554502161, 'grid': 5}
23:54:48  src.cpcv.tuning  INFO    [tuning] kan done in 35.0s — best log_loss=0.6888
23:54:48  src.cpcv.tuning  INFO  Tuning total: 35.0s
23:54:48  src.cpcv.pipeline  INFO      applied kan: {'width1': 5, 'width2': 0, 'grid': 5, 'lr': 0.0031747670053994346, 'weight_decay': 0.0004995042554502161}
23:54:49  src.cpcv.models.kan_model  INFO  KAN fitted: widths=[19, 5, 2], grid=5, epochs=52, val_acc=0.5816, val_loss=0.6846, logit_range=[-0.21, 0.22], device=cpu.
23:54:49  src.cpcv.pipeline  INFO    [ 31/84]                  kan (seed=0) F1=0.522  AUC=0.628  LL=0.6657 (0.9s)
23:54:49  src.cpcv.models.kan_model  INFO  KAN fitted: widths=[19, 5, 2], grid=5, epochs=21, val_acc=0.5887, val_loss=0.6923, logit_range=[-0.09, 0.07], device=cpu.
23:54:49  src.cpcv.pipeline  INFO    [ 32/84]                  kan (seed=1) F1=0.506  AUC=0.553  LL=0.7002 (0.4s)
23:54:50  src.cpcv.models.kan_model  INFO  KAN fitted: widths=[19, 5, 2], grid=5, epochs=21, val_acc=0.5106, val_loss=0.6933, logit_range=[-0.15, 0.08], device=cpu.
23:54:50  src.cpcv.pipeline  INFO    [ 33/84]                  kan (seed=2) F1=0.422  AUC=0.541  LL=0.6819 (0.4s)
23:54:50  src.cpcv.preprocessing  INFO  Computing MDA (Random Forest)...
23:55:13  src.cpcv.preprocessing  INFO  Computing MDA (Logistic Regression)...
23:55:14  src.cpcv.preprocessing  INFO  Multi-model MDA: 30/66 passed (MDA > 0), 36 eliminated
23:55:14  src.cpcv.preprocessing  INFO    Capped at 19 features (top_k_frac=0.3)
23:55:14  src.cpcv.preprocessing  INFO    Selected (19): ['atr', 'bb_width', 'ema_ratio_50_200', 'eth_btc_ratio', 'exchange_supply_pct', 'jarque_bera', 'log_returns_lag3', 'log_returns_lag6', 'lz_complexity', 'macd_signal', 'mfi_14', 'mvrv', 'obv', 'silver_ret_30', 'skewness', 'smt_exp', 'smt_poly1', 'us10y', 'us2y']
23:55:14  src.cpcv.pipeline  INFO    Preprocessing: 19 features selected, train=563 + cal=141, test=233
23:55:14  src.cpcv.tuning  INFO  Tuning (1 model) — Optuna TPE + Purged K-Fold (inner: 3 folds, embargo=10 obs)
23:55:14  src.cpcv.tuning  INFO    [tuning] kan (efficient-kan + AdamW): 3 purged K-fold splits, 30 Optuna trials (TPE)
23:56:11  src.cpcv.tuning  INFO      kan: 14 completed, 16 pruned (of 30 total) — best log_loss=0.6793, params={'width1': 4, 'lr': 0.01824094326728331, 'weight_decay': 5.334570893244077e-05, 'grid': 5}
23:56:11  src.cpcv.tuning  INFO    [tuning] kan done in 56.8s — best log_loss=0.6793
23:56:11  src.cpcv.tuning  INFO  Tuning total: 56.8s
23:56:11  src.cpcv.pipeline  INFO      applied kan: {'width1': 4, 'width2': 0, 'grid': 5, 'lr': 0.01824094326728331, 'weight_decay': 5.334570893244077e-05}
23:56:11  src.cpcv.models.kan_model  INFO  KAN fitted: widths=[19, 4, 2], grid=5, epochs=24, val_acc=0.4823, val_loss=0.6932, logit_range=[-0.28, 0.22], device=cpu.
23:56:11  src.cpcv.pipeline  INFO    [ 34/84]                  kan (seed=0) F1=0.474  AUC=0.539  LL=0.6798 (0.4s)
23:56:12  src.cpcv.models.kan_model  INFO  KAN fitted: widths=[19, 4, 2], grid=5, epochs=22, val_acc=0.4610, val_loss=0.6935, logit_range=[-0.05, 0.14], device=cpu.
23:56:12  src.cpcv.pipeline  INFO    [ 35/84]                  kan (seed=1) F1=0.372  AUC=0.541  LL=0.6732 (0.5s)
23:56:12  src.cpcv.models.kan_model  INFO  KAN fitted: widths=[19, 4, 2], grid=5, epochs=22, val_acc=0.5106, val_loss=0.6905, logit_range=[-0.11, 0.17], device=cpu.
23:56:12  src.cpcv.pipeline  INFO    [ 36/84]                  kan (seed=2) F1=0.460  AUC=0.522  LL=0.6877 (0.5s)
23:56:12  src.cpcv.preprocessing  INFO  Computing MDA (Random Forest)...
23:56:37  src.cpcv.preprocessing  INFO  Computing MDA (Logistic Regression)...
23:56:38  src.cpcv.preprocessing  INFO  Multi-model MDA: 29/66 passed (MDA > 0), 37 eliminated
23:56:38  src.cpcv.preprocessing  INFO    Capped at 19 features (top_k_frac=0.3)
23:56:38  src.cpcv.preprocessing  INFO    Selected (19): ['bb_width', 'dxy_roc_30', 'ema_ratio_20_50', 'eth_btc_ratio', 'exchange_supply_pct', 'jarque_bera', 'log_returns', 'log_returns_lag2', 'log_returns_lag30', 'log_returns_lag7', 'macd_hist', 'sadf', 'stoch_k', 'tx_count_roc_14', 'us10y', 'us2y', 'variance_ratio', 'williams_r', 'yield_curve_2y10y']
23:56:38  src.cpcv.pipeline  INFO    Preprocessing: 19 features selected, train=564 + cal=142, test=240
23:56:38  src.cpcv.tuning  INFO  Tuning (1 model) — Optuna TPE + Purged K-Fold (inner: 3 folds, embargo=10 obs)
23:56:38  src.cpcv.tuning  INFO    [tuning] kan (efficient-kan + AdamW): 3 purged K-fold splits, 30 Optuna trials (TPE)
23:57:45  src.cpcv.tuning  INFO      kan: 14 completed, 16 pruned (of 30 total) — best log_loss=0.6831, params={'width1': 2, 'lr': 0.0020298058052421537, 'weight_decay': 0.0002607965659809582, 'grid': 3}
23:57:45  src.cpcv.tuning  INFO    [tuning] kan done in 66.6s — best log_loss=0.6831
23:57:45  src.cpcv.tuning  INFO  Tuning total: 66.6s
23:57:45  src.cpcv.pipeline  INFO      applied kan: {'width1': 2, 'width2': 0, 'grid': 3, 'lr': 0.0020298058052421537, 'weight_decay': 0.0002607965659809582}
23:57:45  src.cpcv.models.kan_model  INFO  KAN fitted: widths=[19, 2, 2], grid=3, epochs=21, val_acc=0.4507, val_loss=0.6949, logit_range=[-0.13, 0.05], device=cpu.
23:57:45  src.cpcv.pipeline  INFO    [ 37/84]                  kan (seed=0) F1=0.373  AUC=0.540  LL=0.6746 (0.4s)
23:57:46  src.cpcv.models.kan_model  INFO  KAN fitted: widths=[19, 2, 2], grid=3, epochs=59, val_acc=0.4789, val_loss=0.6977, logit_range=[-0.09, 0.09], device=cpu.
23:57:46  src.cpcv.pipeline  INFO    [ 38/84]                  kan (seed=1) F1=0.373  AUC=0.443  LL=0.6793 (0.9s)
23:57:46  src.cpcv.models.kan_model  INFO  KAN fitted: widths=[19, 2, 2], grid=3, epochs=21, val_acc=0.5282, val_loss=0.6926, logit_range=[-0.05, 0.08], device=cpu.
23:57:46  src.cpcv.pipeline  INFO    [ 39/84]                  kan (seed=2) F1=0.462  AUC=0.487  LL=0.6848 (0.3s)
23:57:46  src.cpcv.preprocessing  INFO  Computing MDA (Random Forest)...
23:58:14  src.cpcv.preprocessing  INFO  Computing MDA (Logistic Regression)...
23:58:15  src.cpcv.preprocessing  INFO  Multi-model MDA: 11/66 passed (MDA > 0), 55 eliminated
23:58:15  src.cpcv.preprocessing  INFO    Selected (11): ['chaikin_osc', 'ema_ratio_50_200', 'log_returns_lag3', 'log_returns_lag4', 'negentropy', 'realized_vol', 'vol_term_30_90', 'vol_term_7_30', 'vwma_ratio_20_50', 'williams_r', 'yz_vol']
23:58:15  src.cpcv.pipeline  INFO    Preprocessing: 11 features selected, train=528 + cal=132, test=288
23:58:15  src.cpcv.tuning  INFO  Tuning (1 model) — Optuna TPE + Purged K-Fold (inner: 3 folds, embargo=10 obs)
23:58:15  src.cpcv.tuning  INFO    [tuning] kan (efficient-kan + AdamW): 3 purged K-fold splits, 30 Optuna trials (TPE)
23:58:49  src.cpcv.tuning  INFO      kan: 26 completed, 4 pruned (of 30 total) — best log_loss=0.6932, params={'width1': 6, 'lr': 0.003802762667611397, 'weight_decay': 6.641152792868736e-05, 'grid': 5}
23:58:49  src.cpcv.tuning  INFO    [tuning] kan done in 34.5s — best log_loss=0.6932
23:58:49  src.cpcv.tuning  INFO  Tuning total: 34.5s
23:58:49  src.cpcv.pipeline  INFO      applied kan: {'width1': 6, 'width2': 0, 'grid': 5, 'lr': 0.003802762667611397, 'weight_decay': 6.641152792868736e-05}
23:58:50  src.cpcv.models.kan_model  INFO  KAN fitted: widths=[11, 6, 2], grid=5, epochs=30, val_acc=0.4621, val_loss=0.6901, logit_range=[-0.15, 0.18], device=cpu.
23:58:50  src.cpcv.pipeline  INFO    [ 40/84]                  kan (seed=0) F1=0.338  AUC=0.483  LL=0.6977 (0.5s)
23:58:50  src.cpcv.models.kan_model  INFO  KAN fitted: widths=[11, 6, 2], grid=5, epochs=38, val_acc=0.4848, val_loss=0.6907, logit_range=[-0.22, 0.08], device=cpu.
23:58:50  src.cpcv.pipeline  INFO    [ 41/84]                  kan (seed=1) F1=0.338  AUC=0.523  LL=0.6946 (0.7s)
23:58:51  src.cpcv.models.kan_model  INFO  KAN fitted: widths=[11, 6, 2], grid=5, epochs=33, val_acc=0.4773, val_loss=0.6898, logit_range=[-0.13, 0.21], device=cpu.
23:58:51  src.cpcv.pipeline  INFO    [ 42/84]                  kan (seed=2) F1=0.338  AUC=0.510  LL=0.6993 (0.6s)
23:58:51  src.cpcv.preprocessing  INFO  Computing MDA (Random Forest)...
23:59:13  src.cpcv.preprocessing  INFO  Computing MDA (Logistic Regression)...
23:59:14  src.cpcv.preprocessing  INFO  Multi-model MDA: 53/66 passed (MDA > 0), 13 eliminated
23:59:14  src.cpcv.preprocessing  INFO    Capped at 19 features (top_k_frac=0.3)
23:59:14  src.cpcv.preprocessing  INFO    Selected (19): ['bb_width', 'copper_ret_30', 'dxy_roc_30', 'ema_ratio_20_50', 'eth_btc_ratio', 'jarque_bera', 'log_returns', 'log_returns_lag21', 'nasdaq_ret_30', 'natgas_ret_30', 'oil_ret_30', 'roc_14', 'rsi', 'sadf', 'silver_ret_30', 'stoch_d', 'us2y', 'vol_term_30_90', 'yield_curve_10y30y']
23:59:14  src.cpcv.pipeline  INFO    Preprocessing: 19 features selected, train=519 + cal=130, test=288
23:59:14  src.cpcv.tuning  INFO  Tuning (1 model) — Optuna TPE + Purged K-Fold (inner: 3 folds, embargo=10 obs)
23:59:14  src.cpcv.tuning  INFO    [tuning] kan (efficient-kan + AdamW): 3 purged K-fold splits, 30 Optuna trials (TPE)
23:59:51  src.cpcv.tuning  INFO      kan: 24 completed, 6 pruned (of 30 total) — best log_loss=0.6909, params={'width1': 2, 'lr': 0.019210108689558993, 'weight_decay': 0.0001513169698598152, 'grid': 5}
23:59:51  src.cpcv.tuning  INFO    [tuning] kan done in 36.5s — best log_loss=0.6909
23:59:51  src.cpcv.tuning  INFO  Tuning total: 36.5s
23:59:51  src.cpcv.pipeline  INFO      applied kan: {'width1': 2, 'width2': 0, 'grid': 5, 'lr': 0.019210108689558993, 'weight_decay': 0.0001513169698598152}
23:59:51  src.cpcv.models.kan_model  INFO  KAN fitted: widths=[19, 2, 2], grid=5, epochs=32, val_acc=0.5615, val_loss=0.6850, logit_range=[-0.42, 0.38], device=cpu.
23:59:51  src.cpcv.pipeline  INFO    [ 43/84]                  kan (seed=0) F1=0.531  AUC=0.595  LL=0.6825 (0.6s)
23:59:52  src.cpcv.models.kan_model  INFO  KAN fitted: widths=[19, 2, 2], grid=5, epochs=28, val_acc=0.5846, val_loss=0.6748, logit_range=[-0.44, 0.48], device=cpu.
23:59:52  src.cpcv.pipeline  INFO    [ 44/84]                  kan (seed=1) F1=0.490  AUC=0.555  LL=0.7020 (0.5s)
23:59:52  src.cpcv.models.kan_model  INFO  KAN fitted: widths=[19, 2, 2], grid=5, epochs=28, val_acc=0.5769, val_loss=0.6798, logit_range=[-0.26, 0.50], device=cpu.
23:59:52  src.cpcv.pipeline  INFO    [ 45/84]                  kan (seed=2) F1=0.553  AUC=0.595  LL=0.6827 (0.5s)
23:59:53  src.cpcv.preprocessing  INFO  Computing MDA (Random Forest)...
00:00:21  src.cpcv.preprocessing  INFO  Computing MDA (Logistic Regression)...
00:00:23  src.cpcv.preprocessing  INFO  Multi-model MDA: 36/66 passed (MDA > 0), 30 eliminated
00:00:23  src.cpcv.preprocessing  INFO    Capped at 19 features (top_k_frac=0.3)
00:00:23  src.cpcv.preprocessing  INFO    Selected (19): ['atr', 'copper_ret_30', 'ema_ratio_20_50', 'ema_ratio_50_200', 'gk_vol', 'jarque_bera', 'kurtosis', 'log_returns_lag1', 'log_returns_lag2', 'log_returns_lag30', 'lz_complexity', 'obv', 'oil_ret_30', 'rsi', 'us10y', 'us2y', 'vol_term_7_30', 'yield_curve_10y30y', 'yield_curve_2y10y']
00:00:23  src.cpcv.pipeline  INFO    Preprocessing: 19 features selected, train=517 + cal=130, test=288
00:00:23  src.cpcv.tuning  INFO  Tuning (1 model) — Optuna TPE + Purged K-Fold (inner: 3 folds, embargo=10 obs)
00:00:23  src.cpcv.tuning  INFO    [tuning] kan (efficient-kan + AdamW): 3 purged K-fold splits, 30 Optuna trials (TPE)
00:01:32  src.cpcv.tuning  INFO      kan: 27 completed, 3 pruned (of 30 total) — best log_loss=0.6898, params={'width1': 2, 'lr': 0.04353010439152429, 'weight_decay': 0.001764971584817572, 'grid': 3}
00:01:32  src.cpcv.tuning  INFO    [tuning] kan done in 69.3s — best log_loss=0.6898
00:01:32  src.cpcv.tuning  INFO  Tuning total: 69.3s
00:01:32  src.cpcv.pipeline  INFO      applied kan: {'width1': 2, 'width2': 0, 'grid': 3, 'lr': 0.04353010439152429, 'weight_decay': 0.001764971584817572}
00:01:32  src.cpcv.models.kan_model  INFO  KAN fitted: widths=[19, 2, 2], grid=3, epochs=26, val_acc=0.5308, val_loss=0.6804, logit_range=[-0.37, 0.39], device=cpu.
00:01:32  src.cpcv.pipeline  INFO    [ 46/84]                  kan (seed=0) F1=0.459  AUC=0.475  LL=0.7339 (0.4s)
00:01:33  src.cpcv.models.kan_model  INFO  KAN fitted: widths=[19, 2, 2], grid=3, epochs=26, val_acc=0.5615, val_loss=0.6829, logit_range=[-0.50, 0.87], device=cpu.
00:01:33  src.cpcv.pipeline  INFO    [ 47/84]                  kan (seed=1) F1=0.389  AUC=0.459  LL=0.7286 (0.4s)
00:01:33  src.cpcv.models.kan_model  INFO  KAN fitted: widths=[19, 2, 2], grid=3, epochs=24, val_acc=0.5538, val_loss=0.6784, logit_range=[-0.36, 0.56], device=cpu.
00:01:33  src.cpcv.pipeline  INFO    [ 48/84]                  kan (seed=2) F1=0.443  AUC=0.483  LL=0.7311 (0.3s)
00:01:33  src.cpcv.preprocessing  INFO  Computing MDA (Random Forest)...
00:01:55  src.cpcv.preprocessing  INFO  Computing MDA (Logistic Regression)...
00:01:56  src.cpcv.preprocessing  INFO  Multi-model MDA: 29/66 passed (MDA > 0), 37 eliminated
00:01:56  src.cpcv.preprocessing  INFO    Capped at 19 features (top_k_frac=0.3)
00:01:56  src.cpcv.preprocessing  INFO    Selected (19): ['bb_width', 'copper_ret_30', 'ema_ratio_20_50', 'eth_btc_ratio', 'exchange_supply_pct', 'gold_ret_30', 'jarque_bera', 'log_returns_lag2', 'log_returns_lag3', 'log_returns_lag5', 'macd_signal', 'obv', 'sadf', 'skewness', 'smt_exp', 'vol_term_30_90', 'vol_term_7_30', 'vwma_ratio_20_50', 'yz_vol']
00:01:56  src.cpcv.pipeline  INFO    Preprocessing: 19 features selected, train=518 + cal=130, test=288
00:01:56  src.cpcv.tuning  INFO  Tuning (1 model) — Optuna TPE + Purged K-Fold (inner: 3 folds, embargo=10 obs)
00:01:56  src.cpcv.tuning  INFO    [tuning] kan (efficient-kan + AdamW): 3 purged K-fold splits, 30 Optuna trials (TPE)
00:03:10  src.cpcv.tuning  INFO      kan: 24 completed, 6 pruned (of 30 total) — best log_loss=0.6778, params={'width1': 3, 'lr': 0.0036297287396821316, 'weight_decay': 0.0001345561566528084, 'grid': 5}
00:03:10  src.cpcv.tuning  INFO    [tuning] kan done in 74.0s — best log_loss=0.6778
00:03:10  src.cpcv.tuning  INFO  Tuning total: 74.0s
00:03:10  src.cpcv.pipeline  INFO      applied kan: {'width1': 3, 'width2': 0, 'grid': 5, 'lr': 0.0036297287396821316, 'weight_decay': 0.0001345561566528084}
00:03:11  src.cpcv.models.kan_model  INFO  KAN fitted: widths=[19, 3, 2], grid=5, epochs=78, val_acc=0.6000, val_loss=0.6632, logit_range=[-0.61, 0.60], device=cpu.
00:03:11  src.cpcv.pipeline  INFO    [ 49/84]                  kan (seed=0) F1=0.441  AUC=0.445  LL=0.7719 (1.2s)
00:03:12  src.cpcv.models.kan_model  INFO  KAN fitted: widths=[19, 3, 2], grid=5, epochs=81, val_acc=0.6000, val_loss=0.6668, logit_range=[-0.58, 0.50], device=cpu.
00:03:12  src.cpcv.pipeline  INFO    [ 50/84]                  kan (seed=1) F1=0.416  AUC=0.429  LL=0.7726 (1.2s)
00:03:14  src.cpcv.models.kan_model  INFO  KAN fitted: widths=[19, 3, 2], grid=5, epochs=75, val_acc=0.6077, val_loss=0.6609, logit_range=[-0.45, 0.57], device=cpu.
00:03:14  src.cpcv.pipeline  INFO    [ 51/84]                  kan (seed=2) F1=0.449  AUC=0.441  LL=0.7815 (1.1s)
00:03:14  src.cpcv.preprocessing  INFO  Computing MDA (Random Forest)...
00:03:39  src.cpcv.preprocessing  INFO  Computing MDA (Logistic Regression)...
00:03:41  src.cpcv.preprocessing  INFO  Multi-model MDA: 37/66 passed (MDA > 0), 29 eliminated
00:03:41  src.cpcv.preprocessing  INFO    Capped at 19 features (top_k_frac=0.3)
00:03:41  src.cpcv.preprocessing  INFO    Selected (19): ['active_addr_roc_14', 'bb_width', 'chaikin_osc', 'exchange_supply_pct', 'fee_per_tx', 'gk_vol', 'gold_ret_30', 'hurst', 'jarque_bera', 'log_returns', 'log_returns_lag2', 'log_returns_lag4', 'macd_signal', 'negentropy', 'skewness', 'vol_term_30_90', 'vol_term_7_30', 'yield_curve_10y30y', 'yz_vol']
00:03:41  src.cpcv.pipeline  INFO    Preprocessing: 19 features selected, train=520 + cal=130, test=295
00:03:41  src.cpcv.tuning  INFO  Tuning (1 model) — Optuna TPE + Purged K-Fold (inner: 3 folds, embargo=10 obs)
00:03:41  src.cpcv.tuning  INFO    [tuning] kan (efficient-kan + AdamW): 3 purged K-fold splits, 30 Optuna trials (TPE)
00:04:42  src.cpcv.tuning  INFO      kan: 30 completed, 0 pruned (of 30 total) — best log_loss=0.6850, params={'width1': 6, 'lr': 0.01525092603930464, 'weight_decay': 0.00012197564578754216, 'grid': 3}
00:04:42  src.cpcv.tuning  INFO    [tuning] kan done in 61.1s — best log_loss=0.6850
00:04:42  src.cpcv.tuning  INFO  Tuning total: 61.1s
00:04:42  src.cpcv.pipeline  INFO      applied kan: {'width1': 6, 'width2': 0, 'grid': 3, 'lr': 0.01525092603930464, 'weight_decay': 0.00012197564578754216}
00:04:43  src.cpcv.models.kan_model  INFO  KAN fitted: widths=[19, 6, 2], grid=3, epochs=22, val_acc=0.4538, val_loss=0.6937, logit_range=[-0.23, 0.16], device=cpu.
00:04:43  src.cpcv.pipeline  INFO    [ 52/84]                  kan (seed=0) F1=0.336  AUC=0.511  LL=0.6953 (0.4s)
00:04:43  src.cpcv.models.kan_model  INFO  KAN fitted: widths=[19, 6, 2], grid=3, epochs=23, val_acc=0.4615, val_loss=0.6911, logit_range=[-0.16, 0.20], device=cpu.
00:04:43  src.cpcv.pipeline  INFO    [ 53/84]                  kan (seed=1) F1=0.336  AUC=0.425  LL=0.6977 (0.5s)
00:04:44  src.cpcv.models.kan_model  INFO  KAN fitted: widths=[19, 6, 2], grid=3, epochs=23, val_acc=0.4462, val_loss=0.6930, logit_range=[-0.15, 0.13], device=cpu.
00:04:44  src.cpcv.pipeline  INFO    [ 54/84]                  kan (seed=2) F1=0.336  AUC=0.457  LL=0.6954 (0.5s)
00:04:44  src.cpcv.preprocessing  INFO  Computing MDA (Random Forest)...
00:05:08  src.cpcv.preprocessing  INFO  Computing MDA (Logistic Regression)...
00:05:09  src.cpcv.preprocessing  INFO  Multi-model MDA: 33/66 passed (MDA > 0), 33 eliminated
00:05:09  src.cpcv.preprocessing  INFO    Capped at 19 features (top_k_frac=0.3)
00:05:09  src.cpcv.preprocessing  INFO    Selected (19): ['cci_14', 'ema_ratio_20_50', 'eth_btc_ratio', 'issuance_ntv', 'log_returns_lag1', 'log_returns_lag2', 'log_returns_lag21', 'log_returns_lag3', 'log_returns_lag30', 'log_returns_lag5', 'natgas_ret_30', 'oil_ret_30', 'silver_ret_30', 'smt_poly1', 'stoch_d', 'variance_ratio', 'vol_term_30_90', 'vwma_ratio_20_50', 'yield_curve_10y30y']
00:05:09  src.cpcv.pipeline  INFO    Preprocessing: 19 features selected, train=528 + cal=133, test=288
00:05:09  src.cpcv.tuning  INFO  Tuning (1 model) — Optuna TPE + Purged K-Fold (inner: 3 folds, embargo=10 obs)
00:05:09  src.cpcv.tuning  INFO    [tuning] kan (efficient-kan + AdamW): 3 purged K-fold splits, 30 Optuna trials (TPE)
00:06:21  src.cpcv.tuning  INFO      kan: 18 completed, 12 pruned (of 30 total) — best log_loss=0.6911, params={'width1': 3, 'lr': 0.0013833896737753034, 'weight_decay': 0.0007191264912091483, 'grid': 3}
00:06:21  src.cpcv.tuning  INFO    [tuning] kan done in 71.3s — best log_loss=0.6911
00:06:21  src.cpcv.tuning  INFO  Tuning total: 71.3s
00:06:21  src.cpcv.pipeline  INFO      applied kan: {'width1': 3, 'width2': 0, 'grid': 3, 'lr': 0.0013833896737753034, 'weight_decay': 0.0007191264912091483}
00:06:21  src.cpcv.models.kan_model  INFO  KAN fitted: widths=[19, 3, 2], grid=3, epochs=21, val_acc=0.4662, val_loss=0.6966, logit_range=[-0.16, 0.11], device=cpu.
00:06:21  src.cpcv.pipeline  INFO    [ 55/84]                  kan (seed=0) F1=0.368  AUC=0.544  LL=0.6826 (0.5s)
00:06:22  src.cpcv.models.kan_model  INFO  KAN fitted: widths=[19, 3, 2], grid=3, epochs=51, val_acc=0.5188, val_loss=0.6930, logit_range=[-0.17, 0.18], device=cpu.
00:06:22  src.cpcv.pipeline  INFO    [ 56/84]                  kan (seed=1) F1=0.368  AUC=0.465  LL=0.6828 (1.1s)
00:06:24  src.cpcv.models.kan_model  INFO  KAN fitted: widths=[19, 3, 2], grid=3, epochs=68, val_acc=0.5564, val_loss=0.6932, logit_range=[-0.14, 0.12], device=cpu.
00:06:24  src.cpcv.pipeline  INFO    [ 57/84]                  kan (seed=2) F1=0.368  AUC=0.454  LL=0.6833 (1.6s)
00:06:24  src.cpcv.preprocessing  INFO  Computing MDA (Random Forest)...
00:07:09  src.cpcv.preprocessing  INFO  Computing MDA (Logistic Regression)...
00:07:11  src.cpcv.preprocessing  INFO  Multi-model MDA: 47/66 passed (MDA > 0), 19 eliminated
00:07:11  src.cpcv.preprocessing  INFO    Capped at 19 features (top_k_frac=0.3)
00:07:11  src.cpcv.preprocessing  INFO    Selected (19): ['atr', 'bb_width', 'cci_14', 'copper_ret_30', 'dxy_roc_30', 'ema_ratio_50_200', 'gk_vol', 'gold_ret_30', 'kurtosis', 'log_returns', 'log_returns_lag5', 'log_returns_lag6', 'log_returns_lag7', 'natgas_ret_30', 'silver_ret_30', 'skewness', 'stoch_d', 'vix', 'yield_curve_10y30y']
00:07:11  src.cpcv.pipeline  INFO    Preprocessing: 19 features selected, train=518 + cal=130, test=288
00:07:11  src.cpcv.tuning  INFO  Tuning (1 model) — Optuna TPE + Purged K-Fold (inner: 3 folds, embargo=10 obs)
00:07:11  src.cpcv.tuning  INFO    [tuning] kan (efficient-kan + AdamW): 3 purged K-fold splits, 30 Optuna trials (TPE)
00:09:00  src.cpcv.tuning  INFO      kan: 10 completed, 20 pruned (of 30 total) — best log_loss=0.6805, params={'width1': 5, 'lr': 0.00916038623831982, 'weight_decay': 0.0004898491725707815, 'grid': 3}
00:09:00  src.cpcv.tuning  INFO    [tuning] kan done in 109.2s — best log_loss=0.6805
00:09:00  src.cpcv.tuning  INFO  Tuning total: 109.2s
00:09:00  src.cpcv.pipeline  INFO      applied kan: {'width1': 5, 'width2': 0, 'grid': 3, 'lr': 0.00916038623831982, 'weight_decay': 0.0004898491725707815}
00:09:01  src.cpcv.models.kan_model  INFO  KAN fitted: widths=[19, 5, 2], grid=3, epochs=31, val_acc=0.6000, val_loss=0.6777, logit_range=[-0.59, 0.41], device=cpu.
00:09:01  src.cpcv.pipeline  INFO    [ 58/84]                  kan (seed=0) F1=0.424  AUC=0.573  LL=0.6932 (0.8s)
00:09:02  src.cpcv.models.kan_model  INFO  KAN fitted: widths=[19, 5, 2], grid=3, epochs=42, val_acc=0.6154, val_loss=0.6717, logit_range=[-0.65, 0.48], device=cpu.
00:09:02  src.cpcv.pipeline  INFO    [ 59/84]                  kan (seed=1) F1=0.461  AUC=0.552  LL=0.6971 (1.1s)
00:09:03  src.cpcv.models.kan_model  INFO  KAN fitted: widths=[19, 5, 2], grid=3, epochs=35, val_acc=0.5846, val_loss=0.6792, logit_range=[-0.44, 0.43], device=cpu.
00:09:03  src.cpcv.pipeline  INFO    [ 60/84]                  kan (seed=2) F1=0.505  AUC=0.557  LL=0.6896 (0.9s)
00:09:03  src.cpcv.preprocessing  INFO  Computing MDA (Random Forest)...
00:09:35  src.cpcv.preprocessing  INFO  Computing MDA (Logistic Regression)...
00:09:36  src.cpcv.preprocessing  INFO  Multi-model MDA: 30/66 passed (MDA > 0), 36 eliminated
00:09:36  src.cpcv.preprocessing  INFO    Capped at 19 features (top_k_frac=0.3)
00:09:36  src.cpcv.preprocessing  INFO    Selected (19): ['active_addr_roc_14', 'bb_width', 'chaikin_osc', 'dxy_roc_30', 'ema_ratio_20_50', 'eth_btc_ratio', 'exchange_supply_pct', 'fee_per_tx', 'kurtosis', 'log_returns_lag2', 'macd_hist', 'silver_ret_30', 'skewness', 'sp500_ret_30', 'us2y', 'variance_ratio', 'vol_term_30_90', 'yield_curve_10y30y', 'yz_vol']
00:09:36  src.cpcv.pipeline  INFO    Preprocessing: 19 features selected, train=519 + cal=130, test=288
00:09:36  src.cpcv.tuning  INFO  Tuning (1 model) — Optuna TPE + Purged K-Fold (inner: 3 folds, embargo=10 obs)
00:09:36  src.cpcv.tuning  INFO    [tuning] kan (efficient-kan + AdamW): 3 purged K-fold splits, 30 Optuna trials (TPE)
00:11:21  src.cpcv.tuning  INFO      kan: 10 completed, 20 pruned (of 30 total) — best log_loss=0.6637, params={'width1': 2, 'lr': 0.048947769143449005, 'weight_decay': 0.002048694775486695, 'grid': 3}
00:11:21  src.cpcv.tuning  INFO    [tuning] kan done in 104.5s — best log_loss=0.6637
00:11:21  src.cpcv.tuning  INFO  Tuning total: 104.5s
00:11:21  src.cpcv.pipeline  INFO      applied kan: {'width1': 2, 'width2': 0, 'grid': 3, 'lr': 0.048947769143449005, 'weight_decay': 0.002048694775486695}
00:11:22  src.cpcv.models.kan_model  INFO  KAN fitted: widths=[19, 2, 2], grid=3, epochs=24, val_acc=0.5615, val_loss=0.6774, logit_range=[-0.41, 0.36], device=cpu.
00:11:22  src.cpcv.pipeline  INFO    [ 61/84]                  kan (seed=0) F1=0.515  AUC=0.523  LL=0.7119 (0.9s)
00:11:23  src.cpcv.models.kan_model  INFO  KAN fitted: widths=[19, 2, 2], grid=3, epochs=25, val_acc=0.5846, val_loss=0.6749, logit_range=[-0.55, 0.71], device=cpu.
00:11:23  src.cpcv.pipeline  INFO    [ 62/84]                  kan (seed=1) F1=0.487  AUC=0.503  LL=0.7239 (0.9s)
00:11:24  src.cpcv.models.kan_model  INFO  KAN fitted: widths=[19, 2, 2], grid=3, epochs=25, val_acc=0.5615, val_loss=0.6768, logit_range=[-0.59, 0.76], device=cpu.
00:11:24  src.cpcv.pipeline  INFO    [ 63/84]                  kan (seed=2) F1=0.507  AUC=0.514  LL=0.7184 (0.9s)
00:11:24  src.cpcv.preprocessing  INFO  Computing MDA (Random Forest)...
00:12:26  src.cpcv.preprocessing  INFO  Computing MDA (Logistic Regression)...
00:12:29  src.cpcv.preprocessing  INFO  Multi-model MDA: 35/66 passed (MDA > 0), 31 eliminated
00:12:29  src.cpcv.preprocessing  INFO    Capped at 19 features (top_k_frac=0.3)
00:12:29  src.cpcv.preprocessing  INFO    Selected (19): ['active_addr_roc_14', 'chaikin_osc', 'copper_ret_30', 'dxy_roc_30', 'eth_btc_ratio', 'exchange_supply_pct', 'gk_vol', 'log_returns', 'log_returns_lag14', 'log_returns_lag3', 'realized_vol', 'rsi', 'silver_ret_30', 'skewness', 'smt_poly1', 'stoch_d', 'us10y', 'us2y', 'yield_curve_10y30y']
00:12:29  src.cpcv.pipeline  INFO    Preprocessing: 19 features selected, train=520 + cal=131, test=295
00:12:29  src.cpcv.tuning  INFO  Tuning (1 model) — Optuna TPE + Purged K-Fold (inner: 3 folds, embargo=10 obs)
00:12:29  src.cpcv.tuning  INFO    [tuning] kan (efficient-kan + AdamW): 3 purged K-fold splits, 30 Optuna trials (TPE)
00:14:38  src.cpcv.tuning  INFO      kan: 13 completed, 17 pruned (of 30 total) — best log_loss=0.6839, params={'width1': 4, 'lr': 0.007182016853699351, 'weight_decay': 0.00013673469009405371, 'grid': 3}
00:14:38  src.cpcv.tuning  INFO    [tuning] kan done in 128.3s — best log_loss=0.6839
00:14:38  src.cpcv.tuning  INFO  Tuning total: 128.3s
00:14:38  src.cpcv.pipeline  INFO      applied kan: {'width1': 4, 'width2': 0, 'grid': 3, 'lr': 0.007182016853699351, 'weight_decay': 0.00013673469009405371}
00:14:38  src.cpcv.models.kan_model  INFO  KAN fitted: widths=[19, 4, 2], grid=3, epochs=21, val_acc=0.4656, val_loss=0.6934, logit_range=[-0.22, 0.02], device=cpu.
00:14:38  src.cpcv.pipeline  INFO    [ 64/84]                  kan (seed=0) F1=0.360  AUC=0.514  LL=0.6861 (0.7s)
00:14:39  src.cpcv.models.kan_model  INFO  KAN fitted: widths=[19, 4, 2], grid=3, epochs=22, val_acc=0.4733, val_loss=0.6925, logit_range=[-0.12, 0.11], device=cpu.
00:14:39  src.cpcv.pipeline  INFO    [ 65/84]                  kan (seed=1) F1=0.385  AUC=0.478  LL=0.7133 (0.8s)
00:14:40  src.cpcv.models.kan_model  INFO  KAN fitted: widths=[19, 4, 2], grid=3, epochs=21, val_acc=0.4275, val_loss=0.6960, logit_range=[-0.09, 0.15], device=cpu.
00:14:40  src.cpcv.pipeline  INFO    [ 66/84]                  kan (seed=2) F1=0.360  AUC=0.595  LL=0.6867 (0.7s)
00:14:40  src.cpcv.preprocessing  INFO  Computing MDA (Random Forest)...
00:15:34  src.cpcv.preprocessing  INFO  Computing MDA (Logistic Regression)...
00:15:36  src.cpcv.preprocessing  INFO  Multi-model MDA: 29/66 passed (MDA > 0), 37 eliminated
00:15:36  src.cpcv.preprocessing  INFO    Capped at 19 features (top_k_frac=0.3)
00:15:36  src.cpcv.preprocessing  INFO    Selected (19): ['active_addr_roc_14', 'atr', 'bb_width', 'cci_14', 'chaikin_osc', 'log_returns_lag5', 'log_returns_lag7', 'macd', 'macd_signal', 'nasdaq_ret_30', 'net_exchange_flow', 'obv', 'realized_vol', 'roc_14', 'rsi', 'sadf', 'silver_ret_30', 'stoch_k', 'yield_curve_2y10y']
00:15:36  src.cpcv.pipeline  INFO    Preprocessing: 19 features selected, train=528 + cal=133, test=288
00:15:36  src.cpcv.tuning  INFO  Tuning (1 model) — Optuna TPE + Purged K-Fold (inner: 3 folds, embargo=10 obs)
00:15:36  src.cpcv.tuning  INFO    [tuning] kan (efficient-kan + AdamW): 3 purged K-fold splits, 30 Optuna trials (TPE)
00:17:00  src.cpcv.tuning  INFO      kan: 9 completed, 21 pruned (of 30 total) — best log_loss=0.6892, params={'width1': 2, 'lr': 0.024688550015754353, 'weight_decay': 3.6604252931788785e-05, 'grid': 3}
00:17:00  src.cpcv.tuning  INFO    [tuning] kan done in 83.3s — best log_loss=0.6892
00:17:00  src.cpcv.tuning  INFO  Tuning total: 83.3s
00:17:00  src.cpcv.pipeline  INFO      applied kan: {'width1': 2, 'width2': 0, 'grid': 3, 'lr': 0.024688550015754353, 'weight_decay': 3.6604252931788785e-05}
00:17:01  src.cpcv.models.kan_model  INFO  KAN fitted: widths=[19, 2, 2], grid=3, epochs=21, val_acc=0.4737, val_loss=0.6942, logit_range=[-0.09, 0.15], device=cpu.
00:17:01  src.cpcv.pipeline  INFO    [ 67/84]                  kan (seed=0) F1=0.356  AUC=0.509  LL=0.6880 (1.0s)
00:17:02  src.cpcv.models.kan_model  INFO  KAN fitted: widths=[19, 2, 2], grid=3, epochs=24, val_acc=0.4812, val_loss=0.6891, logit_range=[-0.18, 0.34], device=cpu.
00:17:02  src.cpcv.pipeline  INFO    [ 68/84]                  kan (seed=1) F1=0.388  AUC=0.448  LL=0.7000 (1.0s)
00:17:03  src.cpcv.models.kan_model  INFO  KAN fitted: widths=[19, 2, 2], grid=3, epochs=27, val_acc=0.5489, val_loss=0.6881, logit_range=[-0.31, 0.25], device=cpu.
00:17:03  src.cpcv.pipeline  INFO    [ 69/84]                  kan (seed=2) F1=0.464  AUC=0.463  LL=0.7024 (1.0s)
00:17:03  src.cpcv.preprocessing  INFO  Computing MDA (Random Forest)...
00:17:58  src.cpcv.preprocessing  INFO  Computing MDA (Logistic Regression)...
00:18:01  src.cpcv.preprocessing  INFO  Multi-model MDA: 17/66 passed (MDA > 0), 49 eliminated
00:18:01  src.cpcv.preprocessing  INFO    Selected (17): ['ema_ratio_50_200', 'eth_btc_ratio', 'exchange_supply_pct', 'gold_ret_30', 'kurtosis', 'log_returns_lag1', 'log_returns_lag30', 'macd', 'macd_signal', 'natgas_ret_30', 'sadf', 'silver_ret_30', 'skewness', 'smt_poly1', 'yield_curve_10y30y', 'yield_curve_2y10y', 'yz_vol']
00:18:01  src.cpcv.pipeline  INFO    Preprocessing: 17 features selected, train=519 + cal=130, test=288
00:18:01  src.cpcv.tuning  INFO  Tuning (1 model) — Optuna TPE + Purged K-Fold (inner: 3 folds, embargo=10 obs)
00:18:01  src.cpcv.tuning  INFO    [tuning] kan (efficient-kan + AdamW): 3 purged K-fold splits, 30 Optuna trials (TPE)
00:19:56  src.cpcv.tuning  INFO      kan: 28 completed, 2 pruned (of 30 total) — best log_loss=0.6804, params={'width1': 2, 'lr': 0.04862775591956101, 'weight_decay': 4.0854475378377524e-05, 'grid': 3}
00:19:56  src.cpcv.tuning  INFO    [tuning] kan done in 114.5s — best log_loss=0.6804
00:19:56  src.cpcv.tuning  INFO  Tuning total: 114.5s
00:19:56  src.cpcv.pipeline  INFO      applied kan: {'width1': 2, 'width2': 0, 'grid': 3, 'lr': 0.04862775591956101, 'weight_decay': 4.0854475378377524e-05}
00:19:56  src.cpcv.models.kan_model  INFO  KAN fitted: widths=[17, 2, 2], grid=3, epochs=24, val_acc=0.5308, val_loss=0.6896, logit_range=[-0.27, 0.50], device=cpu.
00:19:56  src.cpcv.pipeline  INFO    [ 70/84]                  kan (seed=0) F1=0.533  AUC=0.567  LL=0.6812 (0.7s)
00:19:57  src.cpcv.models.kan_model  INFO  KAN fitted: widths=[17, 2, 2], grid=3, epochs=21, val_acc=0.4615, val_loss=0.6931, logit_range=[-0.02, 0.09], device=cpu.
00:19:57  src.cpcv.pipeline  INFO    [ 71/84]                  kan (seed=1) F1=0.485  AUC=0.509  LL=0.6856 (0.6s)
00:19:58  src.cpcv.models.kan_model  INFO  KAN fitted: widths=[17, 2, 2], grid=3, epochs=22, val_acc=0.5385, val_loss=0.6966, logit_range=[-0.21, 0.23], device=cpu.
00:19:58  src.cpcv.pipeline  INFO    [ 72/84]                  kan (seed=2) F1=0.366  AUC=0.553  LL=0.6849 (0.6s)
00:19:58  src.cpcv.preprocessing  INFO  Computing MDA (Random Forest)...
00:20:42  src.cpcv.preprocessing  INFO  Computing MDA (Logistic Regression)...
00:20:44  src.cpcv.preprocessing  INFO  Multi-model MDA: 20/66 passed (MDA > 0), 46 eliminated
00:20:44  src.cpcv.preprocessing  INFO    Capped at 19 features (top_k_frac=0.3)
00:20:44  src.cpcv.preprocessing  INFO    Selected (19): ['active_addr_roc_14', 'copper_ret_30', 'eth_btc_ratio', 'exchange_supply_pct', 'hurst', 'kurtosis', 'log_returns_lag7', 'lz_complexity', 'macd', 'net_exchange_flow', 'oil_ret_30', 'realized_vol', 'sadf', 'silver_ret_30', 'skewness', 'smt_exp', 'us2y', 'vol_term_30_90', 'vwma_ratio_20_50']
00:20:44  src.cpcv.pipeline  INFO    Preprocessing: 19 features selected, train=520 + cal=131, test=295
00:20:44  src.cpcv.tuning  INFO  Tuning (1 model) — Optuna TPE + Purged K-Fold (inner: 3 folds, embargo=10 obs)
00:20:44  src.cpcv.tuning  INFO    [tuning] kan (efficient-kan + AdamW): 3 purged K-fold splits, 30 Optuna trials (TPE)
00:22:12  src.cpcv.tuning  INFO      kan: 21 completed, 9 pruned (of 30 total) — best log_loss=0.6903, params={'width1': 3, 'lr': 0.04947209960422188, 'weight_decay': 0.002931565161670947, 'grid': 5}
00:22:12  src.cpcv.tuning  INFO    [tuning] kan done in 87.4s — best log_loss=0.6903
00:22:12  src.cpcv.tuning  INFO  Tuning total: 87.4s
00:22:12  src.cpcv.pipeline  INFO      applied kan: {'width1': 3, 'width2': 0, 'grid': 5, 'lr': 0.04947209960422188, 'weight_decay': 0.002931565161670947}
00:22:12  src.cpcv.models.kan_model  INFO  KAN fitted: widths=[19, 3, 2], grid=5, epochs=21, val_acc=0.4656, val_loss=0.6960, logit_range=[-0.11, 0.10], device=cpu.
00:22:12  src.cpcv.pipeline  INFO    [ 73/84]                  kan (seed=0) F1=0.366  AUC=0.541  LL=0.6850 (0.6s)
00:22:13  src.cpcv.models.kan_model  INFO  KAN fitted: widths=[19, 3, 2], grid=5, epochs=21, val_acc=0.4275, val_loss=0.7019, logit_range=[-0.22, 0.20], device=cpu.
00:22:13  src.cpcv.pipeline  INFO    [ 74/84]                  kan (seed=1) F1=0.366  AUC=0.511  LL=0.6845 (0.7s)
00:22:14  src.cpcv.models.kan_model  INFO  KAN fitted: widths=[19, 3, 2], grid=5, epochs=21, val_acc=0.4656, val_loss=0.6977, logit_range=[-0.12, 0.11], device=cpu.
00:22:14  src.cpcv.pipeline  INFO    [ 75/84]                  kan (seed=2) F1=0.366  AUC=0.569  LL=0.6846 (0.7s)
00:22:14  src.cpcv.preprocessing  INFO  Computing MDA (Random Forest)...
00:22:56  src.cpcv.preprocessing  INFO  Computing MDA (Logistic Regression)...
00:22:58  src.cpcv.preprocessing  INFO  Multi-model MDA: 34/66 passed (MDA > 0), 32 eliminated
00:22:58  src.cpcv.preprocessing  INFO    Capped at 19 features (top_k_frac=0.3)
00:22:58  src.cpcv.preprocessing  INFO    Selected (19): ['active_addr_roc_14', 'atr', 'chaikin_osc', 'ema_ratio_50_200', 'kurtosis', 'log_returns', 'log_returns_lag3', 'log_returns_lag6', 'macd', 'macd_hist', 'natgas_ret_30', 'sadf', 'silver_ret_30', 'skewness', 'smt_poly1', 'stoch_d', 'tx_count_roc_14', 'us2y', 'yz_vol']
00:22:58  src.cpcv.pipeline  INFO    Preprocessing: 19 features selected, train=527 + cal=132, test=288
00:22:58  src.cpcv.tuning  INFO  Tuning (1 model) — Optuna TPE + Purged K-Fold (inner: 3 folds, embargo=10 obs)
00:22:58  src.cpcv.tuning  INFO    [tuning] kan (efficient-kan + AdamW): 3 purged K-fold splits, 30 Optuna trials (TPE)
00:24:03  src.cpcv.tuning  INFO      kan: 7 completed, 23 pruned (of 30 total) — best log_loss=0.6860, params={'width1': 2, 'lr': 0.0037378198924875533, 'weight_decay': 0.00015439643889204494, 'grid': 3}
00:24:03  src.cpcv.tuning  INFO    [tuning] kan done in 64.8s — best log_loss=0.6860
00:24:03  src.cpcv.tuning  INFO  Tuning total: 64.8s
00:24:03  src.cpcv.pipeline  INFO      applied kan: {'width1': 2, 'width2': 0, 'grid': 3, 'lr': 0.0037378198924875533, 'weight_decay': 0.00015439643889204494}
00:24:05  src.cpcv.models.kan_model  INFO  KAN fitted: widths=[19, 2, 2], grid=3, epochs=72, val_acc=0.4773, val_loss=0.6915, logit_range=[-0.26, 0.17], device=cpu.
00:24:05  src.cpcv.pipeline  INFO    [ 76/84]                  kan (seed=0) F1=0.360  AUC=0.541  LL=0.6915 (1.8s)
00:24:05  src.cpcv.models.kan_model  INFO  KAN fitted: widths=[19, 2, 2], grid=3, epochs=21, val_acc=0.4773, val_loss=0.6982, logit_range=[-0.18, 0.23], device=cpu.
00:24:05  src.cpcv.pipeline  INFO    [ 77/84]                  kan (seed=1) F1=0.347  AUC=0.545  LL=0.6910 (0.7s)
00:24:07  src.cpcv.models.kan_model  INFO  KAN fitted: widths=[19, 2, 2], grid=3, epochs=71, val_acc=0.5152, val_loss=0.6895, logit_range=[-0.19, 0.35], device=cpu.
00:24:07  src.cpcv.pipeline  INFO    [ 78/84]                  kan (seed=2) F1=0.443  AUC=0.538  LL=0.6920 (1.7s)
00:24:07  src.cpcv.preprocessing  INFO  Computing MDA (Random Forest)...
00:24:49  src.cpcv.preprocessing  INFO  Computing MDA (Logistic Regression)...
00:24:51  src.cpcv.preprocessing  INFO  Multi-model MDA: 9/66 passed (MDA > 0), 57 eliminated
00:24:51  src.cpcv.preprocessing  INFO    Selected (9): ['cci_14', 'copper_ret_30', 'eth_btc_ratio', 'issuance_ntv', 'log_returns_lag3', 'lz_complexity', 'natgas_ret_30', 'us10y', 'yield_curve_2y10y']
00:24:51  src.cpcv.pipeline  INFO    Preprocessing: 9 features selected, train=519 + cal=130, test=295
00:24:51  src.cpcv.tuning  INFO  Tuning (1 model) — Optuna TPE + Purged K-Fold (inner: 3 folds, embargo=10 obs)
00:24:51  src.cpcv.tuning  INFO    [tuning] kan (efficient-kan + AdamW): 3 purged K-fold splits, 30 Optuna trials (TPE)
00:26:19  src.cpcv.tuning  INFO      kan: 11 completed, 19 pruned (of 30 total) — best log_loss=0.6829, params={'width1': 3, 'lr': 0.03695629014742159, 'weight_decay': 0.004379297255670883, 'grid': 3}
00:26:19  src.cpcv.tuning  INFO    [tuning] kan done in 87.3s — best log_loss=0.6829
00:26:19  src.cpcv.tuning  INFO  Tuning total: 87.3s
00:26:19  src.cpcv.pipeline  INFO      applied kan: {'width1': 3, 'width2': 0, 'grid': 3, 'lr': 0.03695629014742159, 'weight_decay': 0.004379297255670883}
00:26:20  src.cpcv.models.kan_model  INFO  KAN fitted: widths=[9, 3, 2], grid=3, epochs=25, val_acc=0.4846, val_loss=0.6949, logit_range=[-0.39, 0.29], device=cpu.
00:26:20  src.cpcv.pipeline  INFO    [ 79/84]                  kan (seed=0) F1=0.347  AUC=0.496  LL=0.6918 (1.0s)
00:26:21  src.cpcv.models.kan_model  INFO  KAN fitted: widths=[9, 3, 2], grid=3, epochs=22, val_acc=0.4692, val_loss=0.6949, logit_range=[-0.14, 0.16], device=cpu.
00:26:21  src.cpcv.pipeline  INFO    [ 80/84]                  kan (seed=1) F1=0.347  AUC=0.505  LL=0.6912 (0.9s)
00:26:21  src.cpcv.models.kan_model  INFO  KAN fitted: widths=[9, 3, 2], grid=3, epochs=21, val_acc=0.4769, val_loss=0.6949, logit_range=[-0.11, 0.03], device=cpu.
00:26:21  src.cpcv.pipeline  INFO    [ 81/84]                  kan (seed=2) F1=0.347  AUC=0.536  LL=0.6911 (0.7s)
00:26:22  src.cpcv.preprocessing  INFO  Computing MDA (Random Forest)...
00:27:19  src.cpcv.preprocessing  INFO  Computing MDA (Logistic Regression)...
00:27:22  src.cpcv.preprocessing  INFO  Multi-model MDA: 38/66 passed (MDA > 0), 28 eliminated
00:27:22  src.cpcv.preprocessing  INFO    Capped at 19 features (top_k_frac=0.3)
00:27:22  src.cpcv.preprocessing  INFO    Selected (19): ['cci_14', 'ema_ratio_50_200', 'eth_btc_ratio', 'exchange_supply_pct', 'issuance_ntv', 'kurtosis', 'log_returns', 'log_returns_lag21', 'macd_hist', 'mfi_14', 'realized_vol', 'shannon_entropy', 'smt_poly1', 'stoch_k', 'us10y', 'us2y', 'yield_curve_10y30y', 'yield_curve_2y10y', 'yz_vol']
00:27:22  src.cpcv.pipeline  INFO    Preprocessing: 19 features selected, train=531 + cal=133, test=295
00:27:22  src.cpcv.tuning  INFO  Tuning (1 model) — Optuna TPE + Purged K-Fold (inner: 3 folds, embargo=10 obs)
00:27:22  src.cpcv.tuning  INFO    [tuning] kan (efficient-kan + AdamW): 3 purged K-fold splits, 30 Optuna trials (TPE)
00:29:07  src.cpcv.tuning  INFO      kan: 16 completed, 14 pruned (of 30 total) — best log_loss=0.6782, params={'width1': 2, 'lr': 0.04500194188151303, 'weight_decay': 3.0258445175002385e-05, 'grid': 3}
00:29:07  src.cpcv.tuning  INFO    [tuning] kan done in 105.2s — best log_loss=0.6782
00:29:07  src.cpcv.tuning  INFO  Tuning total: 105.2s
00:29:07  src.cpcv.pipeline  INFO      applied kan: {'width1': 2, 'width2': 0, 'grid': 3, 'lr': 0.04500194188151303, 'weight_decay': 3.0258445175002385e-05}
00:29:09  src.cpcv.models.kan_model  INFO  KAN fitted: widths=[19, 2, 2], grid=3, epochs=58, val_acc=0.6241, val_loss=0.6264, logit_range=[-1.36, 0.76], device=cpu.
00:29:09  src.cpcv.pipeline  INFO    [ 82/84]                  kan (seed=0) F1=0.468  AUC=0.489  LL=0.9127 (1.9s)
00:29:10  src.cpcv.models.kan_model  INFO  KAN fitted: widths=[19, 2, 2], grid=3, epochs=30, val_acc=0.5338, val_loss=0.6618, logit_range=[-0.44, 0.95], device=cpu.
00:29:10  src.cpcv.pipeline  INFO    [ 83/84]                  kan (seed=1) F1=0.487  AUC=0.493  LL=0.7161 (1.0s)
00:29:11  src.cpcv.models.kan_model  INFO  KAN fitted: widths=[19, 2, 2], grid=3, epochs=28, val_acc=0.4737, val_loss=0.6738, logit_range=[-0.32, 0.86], device=cpu.
00:29:11  src.cpcv.pipeline  INFO    [ 84/84]                  kan (seed=2) F1=0.484  AUC=0.482  LL=0.7146 (0.9s)
00:29:11  src.cpcv.pipeline  INFO  ============================================================
00:29:11  src.cpcv.pipeline  INFO  CPCV Pipeline Complete
00:29:11  src.cpcv.pipeline  INFO  ============================================================
00:29:11  src.cpcv.pipeline  INFO    Total time:     3062.1s (51.0m)
00:29:11  src.cpcv.pipeline  INFO    Tasks:          84 succeeded, 0 failed
00:29:11  src.cpcv.pipeline  INFO    Results keys:   84 (model, split, seed) entries
00:29:11  src.cpcv.pipeline  INFO    Backtest paths: 7
00:29:11  src.cpcv.pipeline  INFO    Tuning:         nested (per-split), 28 splits tuned, models=['kan']
00:29:11  src.cpcv.pipeline  INFO  ============================================================
01:37:39  src.post_cpcv.symbolic_extraction  INFO  Fold F1 scores: {0: '0.4290', 1: '0.3110', 2: '0.3624', 3: '0.4032', 4: '0.4475', 5: '0.4983', 6: '0.3759', 7: '0.4878', 8: '0.4574', 9: '0.4034', 10: '0.4833', 11: '0.4355', 12: '0.4028', 13: '0.3379', 14: '0.5244', 15: '0.4300', 16: '0.4349', 17: '0.3356', 18: '0.3684', 19: '0.4634', 20: '0.5030', 21: '0.3684', 22: '0.4025', 23: '0.4612', 24: '0.3656', 25: '0.3833', 26: '0.3473', 27: '0.4796'}
01:37:39  src.post_cpcv.symbolic_extraction  INFO  Selected fold: split 27 — last/most recent (F1=0.4796)
01:37:42  src.cpcv.cv  INFO  CPCV: 28 splits generated (N=8, k=2, embargo=11 obs).
01:37:42  src.post_cpcv.symbolic_extraction  INFO  Symbolic extraction feature subset: 5 feature(s) (overrides per-fold MDA selection).
01:37:42  src.post_cpcv.symbolic_extraction  INFO  Extraction data: 530 train, 133 val, 5 features (tanh-normalized).
01:37:44  src.post_cpcv.symbolic_extraction  INFO  Extraction Phase 1: Adam (600 steps, wd=0.0010, noise=0.050)
01:38:10  src.post_cpcv.symbolic_extraction  INFO  After Adam: train_acc=0.6585, val_acc=0.6842
01:38:10  src.post_cpcv.symbolic_extraction  INFO  Extraction Phase 2a: LBFGS warmup (20 steps, no reg)
01:38:21  src.post_cpcv.symbolic_extraction  INFO  After LBFGS warmup: train_acc=0.6943, val_acc=0.6767
01:38:21  src.post_cpcv.symbolic_extraction  INFO  Extraction Phase 2b: LBFGS sparsity (20 steps, lamb=0.0020)
01:38:31  src.post_cpcv.symbolic_extraction  INFO  After LBFGS sparsity (final): train_acc=0.7358, val_acc=0.6466
01:38:31  src.post_cpcv.symbolic_extraction  INFO  KAN trained. Val accuracy: 0.6466, width: [[5, 0], [2, 0], [2, 0]]
01:38:31  src.post_cpcv.symbolic_extraction  INFO  Pre-prune edge analysis: 14/14 active (100.0%)
01:38:32  src.post_cpcv.symbolic_extraction  INFO  Pruned: [[5, 0], [2, 0], [2, 0]] → [[5, 0], [2, 0], [2, 0]]
01:38:36  src.post_cpcv.symbolic_extraction  INFO  Saved kan_pruned_network.png
01:38:38  src.post_cpcv.symbolic_extraction  INFO  Edge (0,0,0): x^2 (R²=0.9958) ✓
01:38:39  src.post_cpcv.symbolic_extraction  INFO  Edge (0,0,1): abs (R²=0.9910) ✓
01:38:39  src.post_cpcv.symbolic_extraction  INFO  Edge (0,1,0): cos (R²=1.0000) ✓
01:38:41  src.post_cpcv.symbolic_extraction  INFO  Edge (0,1,1): x^3 (R²=0.9995) ✓
01:38:42  src.post_cpcv.symbolic_extraction  INFO  Edge (0,2,0): sin (R²=0.9925) ✓
01:38:42  src.post_cpcv.symbolic_extraction  INFO  Edge (0,2,1): cos (R²=0.9962) ✓
01:38:44  src.post_cpcv.symbolic_extraction  INFO  Edge (0,3,1): exp (R²=1.0000) ✓
01:38:45  src.post_cpcv.symbolic_extraction  INFO  Edge (0,4,0): x^3 (R²=0.9777) ✓
01:38:46  src.post_cpcv.symbolic_extraction  INFO  Edge (0,4,1): x (R²=0.9801) ✓
01:38:47  src.post_cpcv.symbolic_extraction  INFO  Edge (1,0,0): x^4 (R²=0.7928) ✓
01:38:47  src.post_cpcv.symbolic_extraction  INFO  Edge (1,0,1): sin (R²=0.5017) ✓
01:38:49  src.post_cpcv.symbolic_extraction  INFO  Edge (1,1,0): cos (R²=0.9348) ✓
01:38:50  src.post_cpcv.symbolic_extraction  INFO  Edge (1,1,1): tanh (R²=0.9822) ✓
01:39:11  src.post_cpcv.symbolic_extraction  INFO  Saved kan_symbolified_network.png
01:39:42  src.post_cpcv.symbolic_extraction  WARNING  sympy.simplify timed out after 30s. Using unsimplified.
