20:12:58  src.pre_cpcv.data_loader  INFO  [data_loader] BTC-USD: 2014-11-01 → 2026-05-09 | 4208 rows | 0 warning(s)
20:13:04  src.pre_cpcv.labeling  INFO  Triple-barrier: 1270 events labeled. Class distribution: {1: 664, -1: 504, 0: 102}
20:13:05  src.pre_cpcv.labeling  WARNING  Dropped 102 row(s) belonging to rare class(es) [0] (< 8.5%).
20:13:07  src.pre_cpcv.sample_weights  INFO  Capped 12 weights at 2.84 (99% percentile).
20:13:09  src.pre_cpcv.features  INFO  Lag features: 10 columns, 4208 rows (lags=[1, 2, 3, 4, 5, 6, 7, 14, 21, 30]).
20:13:09  src.pre_cpcv.features  INFO  TA features: 25 columns, 4208 rows.
20:13:12  src.pre_cpcv.external_features  INFO  External features loaded from cache (29 cols).
20:13:13  src.pre_cpcv.features  INFO  Math features loaded from cache ({'shannon_entropy', 'smt_poly1', 'smt_exp', 'hurst', 'negentropy', 'sadf', 'lz_complexity', 'variance_ratio', 'jarque_bera'}).
20:13:13  src.pre_cpcv.features  INFO  symmetric log applied to: ['obv', 'chaikin_osc']
20:13:13  src.pre_cpcv.features  INFO  log applied to: ['atr'] (eps=1e-08)
20:13:42  src.pre_cpcv.alignment  WARNING  Remaining NaNs in 2 feature column(s) after alignment:
oil_ret_30    1
oil_ret_14    1
20:13:42  src.pre_cpcv.alignment  INFO  Alignment validation passed (1168 samples, 73 features).
20:13:44  src.cpcv.cv  INFO  CPCV: 28 splits generated (N=8, k=2, embargo=11 obs).
20:13:44  src.cpcv.cv  INFO  Path matrix: 7 paths, 8 groups, 28 splits.
20:13:48  src.cpcv.pipeline  INFO  ============================================================
20:13:48  src.cpcv.pipeline  INFO  CPCV Pipeline
20:13:48  src.cpcv.pipeline  INFO  ============================================================
20:13:48  src.cpcv.pipeline  INFO    Models:         ['ar_logistic']
20:13:48  src.cpcv.pipeline  INFO    Seeds/fold:     3
20:13:48  src.cpcv.pipeline  INFO    Groups (N):     8
20:13:48  src.cpcv.pipeline  INFO    Test groups (k):2
20:13:48  src.cpcv.pipeline  INFO    Embargo:        1.0%
20:13:48  src.cpcv.pipeline  INFO    FFD columns:    ['atr']
20:13:48  src.cpcv.pipeline  INFO    Samples:        1168
20:13:48  src.cpcv.pipeline  INFO    Features:       73
20:13:48  src.cpcv.pipeline  INFO    Splits:         28, Paths: 7
20:13:48  src.cpcv.pipeline  INFO    Tuning:         OFF
20:13:48  src.cpcv.pipeline  INFO  ============================================================
20:13:48  src.cpcv.preprocessing  INFO  Feature selection skipped (AR Logistic uses lagged returns only)
20:13:48  src.cpcv.pipeline  INFO    Preprocessing: FFD + scaling only (no feature selection), train=605 + val=130 + cal=130, test=93
20:13:48  src.cpcv.pipeline  INFO    AR Logistic lags: [1, 2, 3, 4, 5, 6, 7, 14, 21, 30]
20:13:49  src.cpcv.pipeline  INFO    [  1/84]          ar_logistic (seed=0) F1=0.530  AUC=0.542  LL=0.6804 (0.2s)
20:13:49  src.cpcv.pipeline  INFO    [  2/84]          ar_logistic (seed=1) F1=0.530  AUC=0.542  LL=0.6804 (0.0s)
20:13:49  src.cpcv.pipeline  INFO    [  3/84]          ar_logistic (seed=2) F1=0.530  AUC=0.542  LL=0.6804 (0.0s)
20:13:49  src.cpcv.preprocessing  INFO  Feature selection skipped (AR Logistic uses lagged returns only)
20:13:49  src.cpcv.pipeline  INFO    Preprocessing: FFD + scaling only (no feature selection), train=566 + val=121 + cal=122, test=146
20:13:49  src.cpcv.pipeline  INFO    AR Logistic lags: [1, 2, 3, 4, 5, 6, 7, 14, 21, 30]
20:13:49  src.cpcv.pipeline  INFO    [  4/84]          ar_logistic (seed=0) F1=0.488  AUC=0.515  LL=0.7238 (0.0s)
20:13:49  src.cpcv.pipeline  INFO    [  5/84]          ar_logistic (seed=1) F1=0.488  AUC=0.515  LL=0.7238 (0.0s)
20:13:49  src.cpcv.pipeline  INFO    [  6/84]          ar_logistic (seed=2) F1=0.488  AUC=0.515  LL=0.7238 (0.0s)
20:13:49  src.cpcv.preprocessing  INFO  Feature selection skipped (AR Logistic uses lagged returns only)
20:13:49  src.cpcv.pipeline  INFO    Preprocessing: FFD + scaling only (no feature selection), train=567 + val=122 + cal=122, test=146
20:13:49  src.cpcv.pipeline  INFO    AR Logistic lags: [1, 2, 3, 4, 5, 6, 7, 14, 21, 30]
20:13:49  src.cpcv.pipeline  INFO    [  7/84]          ar_logistic (seed=0) F1=0.534  AUC=0.533  LL=0.7168 (0.0s)
20:13:49  src.cpcv.pipeline  INFO    [  8/84]          ar_logistic (seed=1) F1=0.534  AUC=0.533  LL=0.7168 (0.0s)
20:13:49  src.cpcv.pipeline  INFO    [  9/84]          ar_logistic (seed=2) F1=0.534  AUC=0.533  LL=0.7168 (0.0s)
20:13:50  src.cpcv.preprocessing  INFO  Feature selection skipped (AR Logistic uses lagged returns only)
20:13:50  src.cpcv.pipeline  INFO    Preprocessing: FFD + scaling only (no feature selection), train=567 + val=122 + cal=122, test=146
20:13:50  src.cpcv.pipeline  INFO    AR Logistic lags: [1, 2, 3, 4, 5, 6, 7, 14, 21, 30]
20:13:50  src.cpcv.pipeline  INFO    [ 10/84]          ar_logistic (seed=0) F1=0.532  AUC=0.551  LL=0.6892 (0.0s)
20:13:50  src.cpcv.pipeline  INFO    [ 11/84]          ar_logistic (seed=1) F1=0.532  AUC=0.551  LL=0.6892 (0.0s)
20:13:50  src.cpcv.pipeline  INFO    [ 12/84]          ar_logistic (seed=2) F1=0.532  AUC=0.551  LL=0.6892 (0.0s)
20:13:50  src.cpcv.preprocessing  INFO  Feature selection skipped (AR Logistic uses lagged returns only)
20:13:50  src.cpcv.pipeline  INFO    Preprocessing: FFD + scaling only (no feature selection), train=567 + val=122 + cal=122, test=146
20:13:50  src.cpcv.pipeline  INFO    AR Logistic lags: [1, 2, 3, 4, 5, 6, 7, 14, 21, 30]
20:13:50  src.cpcv.pipeline  INFO    [ 13/84]          ar_logistic (seed=0) F1=0.442  AUC=0.434  LL=0.7532 (0.0s)
20:13:50  src.cpcv.pipeline  INFO    [ 14/84]          ar_logistic (seed=1) F1=0.442  AUC=0.434  LL=0.7532 (0.0s)
20:13:50  src.cpcv.pipeline  INFO    [ 15/84]          ar_logistic (seed=2) F1=0.442  AUC=0.434  LL=0.7532 (0.0s)
20:13:50  src.cpcv.preprocessing  INFO  Feature selection skipped (AR Logistic uses lagged returns only)
20:13:50  src.cpcv.pipeline  INFO    Preprocessing: FFD + scaling only (no feature selection), train=567 + val=122 + cal=122, test=146
20:13:50  src.cpcv.pipeline  INFO    AR Logistic lags: [1, 2, 3, 4, 5, 6, 7, 14, 21, 30]
20:13:50  src.cpcv.pipeline  INFO    [ 16/84]          ar_logistic (seed=0) F1=0.476  AUC=0.542  LL=0.6901 (0.0s)
20:13:50  src.cpcv.pipeline  INFO    [ 17/84]          ar_logistic (seed=1) F1=0.476  AUC=0.542  LL=0.6901 (0.0s)
20:13:50  src.cpcv.pipeline  INFO    [ 18/84]          ar_logistic (seed=2) F1=0.476  AUC=0.542  LL=0.6901 (0.0s)
20:13:51  src.cpcv.preprocessing  INFO  Feature selection skipped (AR Logistic uses lagged returns only)
20:13:51  src.cpcv.pipeline  INFO    Preprocessing: FFD + scaling only (no feature selection), train=575 + val=123 + cal=124, test=146
20:13:51  src.cpcv.pipeline  INFO    AR Logistic lags: [1, 2, 3, 4, 5, 6, 7, 14, 21, 30]
20:13:51  src.cpcv.pipeline  INFO    [ 19/84]          ar_logistic (seed=0) F1=0.377  AUC=0.594  LL=0.6808 (0.0s)
20:13:51  src.cpcv.pipeline  INFO    [ 20/84]          ar_logistic (seed=1) F1=0.377  AUC=0.594  LL=0.6808 (0.0s)
20:13:51  src.cpcv.pipeline  INFO    [ 21/84]          ar_logistic (seed=2) F1=0.377  AUC=0.594  LL=0.6808 (0.0s)
20:13:51  src.cpcv.preprocessing  INFO  Feature selection skipped (AR Logistic uses lagged returns only)
20:13:51  src.cpcv.pipeline  INFO    Preprocessing: FFD + scaling only (no feature selection), train=503 + val=108 + cal=108, test=239
20:13:51  src.cpcv.pipeline  INFO    AR Logistic lags: [1, 2, 3, 4, 5, 6, 7, 14, 21, 30]
20:13:51  src.cpcv.pipeline  INFO    [ 22/84]          ar_logistic (seed=0) F1=0.508  AUC=0.533  LL=0.6945 (0.0s)
20:13:51  src.cpcv.pipeline  INFO    [ 23/84]          ar_logistic (seed=1) F1=0.508  AUC=0.533  LL=0.6945 (0.0s)
20:13:51  src.cpcv.pipeline  INFO    [ 24/84]          ar_logistic (seed=2) F1=0.508  AUC=0.533  LL=0.6945 (0.0s)
20:13:51  src.cpcv.preprocessing  INFO  Feature selection skipped (AR Logistic uses lagged returns only)
20:13:51  src.cpcv.pipeline  INFO    Preprocessing: FFD + scaling only (no feature selection), train=494 + val=106 + cal=107, test=239
20:13:51  src.cpcv.pipeline  INFO    AR Logistic lags: [1, 2, 3, 4, 5, 6, 7, 14, 21, 30]
20:13:51  src.cpcv.pipeline  INFO    [ 25/84]          ar_logistic (seed=0) F1=0.532  AUC=0.551  LL=0.6977 (0.0s)
20:13:51  src.cpcv.pipeline  INFO    [ 26/84]          ar_logistic (seed=1) F1=0.532  AUC=0.551  LL=0.6977 (0.0s)
20:13:51  src.cpcv.pipeline  INFO    [ 27/84]          ar_logistic (seed=2) F1=0.532  AUC=0.551  LL=0.6977 (0.0s)
20:13:52  src.cpcv.preprocessing  INFO  Feature selection skipped (AR Logistic uses lagged returns only)
20:13:52  src.cpcv.pipeline  INFO    Preprocessing: FFD + scaling only (no feature selection), train=494 + val=106 + cal=107, test=239
20:13:52  src.cpcv.pipeline  INFO    AR Logistic lags: [1, 2, 3, 4, 5, 6, 7, 14, 21, 30]
20:13:52  src.cpcv.pipeline  INFO    [ 28/84]          ar_logistic (seed=0) F1=0.544  AUC=0.531  LL=0.6959 (0.0s)
20:13:52  src.cpcv.pipeline  INFO    [ 29/84]          ar_logistic (seed=1) F1=0.544  AUC=0.531  LL=0.6959 (0.0s)
20:13:52  src.cpcv.pipeline  INFO    [ 30/84]          ar_logistic (seed=2) F1=0.544  AUC=0.531  LL=0.6959 (0.0s)
20:13:52  src.cpcv.preprocessing  INFO  Feature selection skipped (AR Logistic uses lagged returns only)
20:13:52  src.cpcv.pipeline  INFO    Preprocessing: FFD + scaling only (no feature selection), train=494 + val=106 + cal=107, test=239
20:13:52  src.cpcv.pipeline  INFO    AR Logistic lags: [1, 2, 3, 4, 5, 6, 7, 14, 21, 30]
20:13:52  src.cpcv.pipeline  INFO    [ 31/84]          ar_logistic (seed=0) F1=0.435  AUC=0.467  LL=0.7194 (0.0s)
20:13:52  src.cpcv.pipeline  INFO    [ 32/84]          ar_logistic (seed=1) F1=0.435  AUC=0.467  LL=0.7194 (0.0s)
20:13:52  src.cpcv.pipeline  INFO    [ 33/84]          ar_logistic (seed=2) F1=0.435  AUC=0.467  LL=0.7194 (0.0s)
20:13:53  src.cpcv.preprocessing  INFO  Feature selection skipped (AR Logistic uses lagged returns only)
20:13:53  src.cpcv.pipeline  INFO    Preprocessing: FFD + scaling only (no feature selection), train=494 + val=106 + cal=107, test=239
20:13:53  src.cpcv.pipeline  INFO    AR Logistic lags: [1, 2, 3, 4, 5, 6, 7, 14, 21, 30]
20:13:53  src.cpcv.pipeline  INFO    [ 34/84]          ar_logistic (seed=0) F1=0.506  AUC=0.533  LL=0.6988 (0.0s)
20:13:53  src.cpcv.pipeline  INFO    [ 35/84]          ar_logistic (seed=1) F1=0.506  AUC=0.533  LL=0.6988 (0.0s)
20:13:53  src.cpcv.pipeline  INFO    [ 36/84]          ar_logistic (seed=2) F1=0.506  AUC=0.533  LL=0.6988 (0.0s)
20:13:53  src.cpcv.preprocessing  INFO  Feature selection skipped (AR Logistic uses lagged returns only)
20:13:53  src.cpcv.pipeline  INFO    Preprocessing: FFD + scaling only (no feature selection), train=502 + val=108 + cal=108, test=239
20:13:53  src.cpcv.pipeline  INFO    AR Logistic lags: [1, 2, 3, 4, 5, 6, 7, 14, 21, 30]
20:13:53  src.cpcv.pipeline  INFO    [ 37/84]          ar_logistic (seed=0) F1=0.391  AUC=0.555  LL=0.6724 (0.0s)
20:13:53  src.cpcv.pipeline  INFO    [ 38/84]          ar_logistic (seed=1) F1=0.391  AUC=0.555  LL=0.6724 (0.0s)
20:13:53  src.cpcv.pipeline  INFO    [ 39/84]          ar_logistic (seed=2) F1=0.391  AUC=0.555  LL=0.6724 (0.0s)
20:13:53  src.cpcv.preprocessing  INFO  Feature selection skipped (AR Logistic uses lagged returns only)
20:13:53  src.cpcv.pipeline  INFO    Preprocessing: FFD + scaling only (no feature selection), train=464 + val=99 + cal=100, test=292
20:13:53  src.cpcv.pipeline  INFO    AR Logistic lags: [1, 2, 3, 4, 5, 6, 7, 14, 21, 30]
20:13:53  src.cpcv.pipeline  INFO    [ 40/84]          ar_logistic (seed=0) F1=0.503  AUC=0.521  LL=0.7201 (0.0s)
20:13:53  src.cpcv.pipeline  INFO    [ 41/84]          ar_logistic (seed=1) F1=0.503  AUC=0.521  LL=0.7201 (0.0s)
20:13:53  src.cpcv.pipeline  INFO    [ 42/84]          ar_logistic (seed=2) F1=0.503  AUC=0.521  LL=0.7201 (0.0s)
20:13:54  src.cpcv.preprocessing  INFO  Feature selection skipped (AR Logistic uses lagged returns only)
20:13:54  src.cpcv.pipeline  INFO    Preprocessing: FFD + scaling only (no feature selection), train=455 + val=98 + cal=98, test=292
20:13:54  src.cpcv.pipeline  INFO    AR Logistic lags: [1, 2, 3, 4, 5, 6, 7, 14, 21, 30]
20:13:54  src.cpcv.pipeline  INFO    [ 43/84]          ar_logistic (seed=0) F1=0.518  AUC=0.511  LL=0.7325 (0.0s)
20:13:54  src.cpcv.pipeline  INFO    [ 44/84]          ar_logistic (seed=1) F1=0.518  AUC=0.511  LL=0.7325 (0.0s)
20:13:54  src.cpcv.pipeline  INFO    [ 45/84]          ar_logistic (seed=2) F1=0.518  AUC=0.511  LL=0.7325 (0.0s)
20:13:54  src.cpcv.preprocessing  INFO  Feature selection skipped (AR Logistic uses lagged returns only)
20:13:54  src.cpcv.pipeline  INFO    Preprocessing: FFD + scaling only (no feature selection), train=455 + val=98 + cal=98, test=292
20:13:54  src.cpcv.pipeline  INFO    AR Logistic lags: [1, 2, 3, 4, 5, 6, 7, 14, 21, 30]
20:13:54  src.cpcv.pipeline  INFO    [ 46/84]          ar_logistic (seed=0) F1=0.454  AUC=0.484  LL=0.7351 (0.0s)
20:13:54  src.cpcv.pipeline  INFO    [ 47/84]          ar_logistic (seed=1) F1=0.454  AUC=0.484  LL=0.7351 (0.0s)
20:13:54  src.cpcv.pipeline  INFO    [ 48/84]          ar_logistic (seed=2) F1=0.454  AUC=0.484  LL=0.7351 (0.0s)
20:13:55  src.cpcv.preprocessing  INFO  Feature selection skipped (AR Logistic uses lagged returns only)
20:13:55  src.cpcv.pipeline  INFO    Preprocessing: FFD + scaling only (no feature selection), train=455 + val=98 + cal=98, test=292
20:13:55  src.cpcv.pipeline  INFO    AR Logistic lags: [1, 2, 3, 4, 5, 6, 7, 14, 21, 30]
20:13:55  src.cpcv.pipeline  INFO    [ 49/84]          ar_logistic (seed=0) F1=0.538  AUC=0.543  LL=0.7191 (0.0s)
20:13:55  src.cpcv.pipeline  INFO    [ 50/84]          ar_logistic (seed=1) F1=0.538  AUC=0.543  LL=0.7191 (0.0s)
20:13:55  src.cpcv.pipeline  INFO    [ 51/84]          ar_logistic (seed=2) F1=0.538  AUC=0.543  LL=0.7191 (0.0s)
20:13:55  src.cpcv.preprocessing  INFO  Feature selection skipped (AR Logistic uses lagged returns only)
20:13:55  src.cpcv.pipeline  INFO    Preprocessing: FFD + scaling only (no feature selection), train=463 + val=99 + cal=100, test=292
20:13:55  src.cpcv.pipeline  INFO    AR Logistic lags: [1, 2, 3, 4, 5, 6, 7, 14, 21, 30]
20:13:55  src.cpcv.pipeline  INFO    [ 52/84]          ar_logistic (seed=0) F1=0.369  AUC=0.565  LL=0.7051 (0.0s)
20:13:55  src.cpcv.pipeline  INFO    [ 53/84]          ar_logistic (seed=1) F1=0.369  AUC=0.565  LL=0.7051 (0.0s)
20:13:55  src.cpcv.pipeline  INFO    [ 54/84]          ar_logistic (seed=2) F1=0.369  AUC=0.565  LL=0.7051 (0.0s)
20:13:55  src.cpcv.preprocessing  INFO  Feature selection skipped (AR Logistic uses lagged returns only)
20:13:56  src.cpcv.pipeline  INFO    Preprocessing: FFD + scaling only (no feature selection), train=465 + val=100 + cal=100, test=292
20:13:56  src.cpcv.pipeline  INFO    AR Logistic lags: [1, 2, 3, 4, 5, 6, 7, 14, 21, 30]
20:13:56  src.cpcv.pipeline  INFO    [ 55/84]          ar_logistic (seed=0) F1=0.500  AUC=0.521  LL=0.7049 (0.0s)
20:13:56  src.cpcv.pipeline  INFO    [ 56/84]          ar_logistic (seed=1) F1=0.500  AUC=0.521  LL=0.7049 (0.0s)
20:13:56  src.cpcv.pipeline  INFO    [ 57/84]          ar_logistic (seed=2) F1=0.500  AUC=0.521  LL=0.7049 (0.0s)
20:13:56  src.cpcv.preprocessing  INFO  Feature selection skipped (AR Logistic uses lagged returns only)
20:13:56  src.cpcv.pipeline  INFO    Preprocessing: FFD + scaling only (no feature selection), train=457 + val=98 + cal=98, test=292
20:13:56  src.cpcv.pipeline  INFO    AR Logistic lags: [1, 2, 3, 4, 5, 6, 7, 14, 21, 30]
20:13:56  src.cpcv.pipeline  INFO    [ 58/84]          ar_logistic (seed=0) F1=0.479  AUC=0.491  LL=0.7334 (0.0s)
20:13:56  src.cpcv.pipeline  INFO    [ 59/84]          ar_logistic (seed=1) F1=0.479  AUC=0.491  LL=0.7334 (0.0s)
20:13:56  src.cpcv.pipeline  INFO    [ 60/84]          ar_logistic (seed=2) F1=0.479  AUC=0.491  LL=0.7334 (0.0s)
20:13:56  src.cpcv.preprocessing  INFO  Feature selection skipped (AR Logistic uses lagged returns only)
20:13:56  src.cpcv.pipeline  INFO    Preprocessing: FFD + scaling only (no feature selection), train=457 + val=98 + cal=98, test=292
20:13:56  src.cpcv.pipeline  INFO    AR Logistic lags: [1, 2, 3, 4, 5, 6, 7, 14, 21, 30]
20:13:56  src.cpcv.pipeline  INFO    [ 61/84]          ar_logistic (seed=0) F1=0.479  AUC=0.529  LL=0.7145 (0.0s)
20:13:56  src.cpcv.pipeline  INFO    [ 62/84]          ar_logistic (seed=1) F1=0.479  AUC=0.529  LL=0.7145 (0.0s)
20:13:56  src.cpcv.pipeline  INFO    [ 63/84]          ar_logistic (seed=2) F1=0.479  AUC=0.529  LL=0.7145 (0.0s)
20:13:57  src.cpcv.preprocessing  INFO  Feature selection skipped (AR Logistic uses lagged returns only)
20:13:57  src.cpcv.pipeline  INFO    Preprocessing: FFD + scaling only (no feature selection), train=464 + val=100 + cal=100, test=292
20:13:57  src.cpcv.pipeline  INFO    AR Logistic lags: [1, 2, 3, 4, 5, 6, 7, 14, 21, 30]
20:13:57  src.cpcv.pipeline  INFO    [ 64/84]          ar_logistic (seed=0) F1=0.355  AUC=0.545  LL=0.6911 (0.0s)
20:13:57  src.cpcv.pipeline  INFO    [ 65/84]          ar_logistic (seed=1) F1=0.355  AUC=0.545  LL=0.6911 (0.0s)
20:13:57  src.cpcv.pipeline  INFO    [ 66/84]          ar_logistic (seed=2) F1=0.355  AUC=0.545  LL=0.6911 (0.0s)
20:13:57  src.cpcv.preprocessing  INFO  Feature selection skipped (AR Logistic uses lagged returns only)
20:13:57  src.cpcv.pipeline  INFO    Preprocessing: FFD + scaling only (no feature selection), train=465 + val=100 + cal=100, test=292
20:13:57  src.cpcv.pipeline  INFO    AR Logistic lags: [1, 2, 3, 4, 5, 6, 7, 14, 21, 30]
20:13:57  src.cpcv.pipeline  INFO    [ 67/84]          ar_logistic (seed=0) F1=0.516  AUC=0.502  LL=0.7176 (0.0s)
20:13:57  src.cpcv.pipeline  INFO    [ 68/84]          ar_logistic (seed=1) F1=0.516  AUC=0.502  LL=0.7176 (0.0s)
20:13:57  src.cpcv.pipeline  INFO    [ 69/84]          ar_logistic (seed=2) F1=0.516  AUC=0.502  LL=0.7176 (0.0s)
20:13:57  src.cpcv.preprocessing  INFO  Feature selection skipped (AR Logistic uses lagged returns only)
20:13:57  src.cpcv.pipeline  INFO    Preprocessing: FFD + scaling only (no feature selection), train=457 + val=98 + cal=98, test=292
20:13:57  src.cpcv.pipeline  INFO    AR Logistic lags: [1, 2, 3, 4, 5, 6, 7, 14, 21, 30]
20:13:57  src.cpcv.pipeline  INFO    [ 70/84]          ar_logistic (seed=0) F1=0.530  AUC=0.525  LL=0.7148 (0.0s)
20:13:57  src.cpcv.pipeline  INFO    [ 71/84]          ar_logistic (seed=1) F1=0.530  AUC=0.525  LL=0.7148 (0.0s)
20:13:57  src.cpcv.pipeline  INFO    [ 72/84]          ar_logistic (seed=2) F1=0.530  AUC=0.525  LL=0.7148 (0.0s)
20:13:58  src.cpcv.preprocessing  INFO  Feature selection skipped (AR Logistic uses lagged returns only)
20:13:58  src.cpcv.pipeline  INFO    Preprocessing: FFD + scaling only (no feature selection), train=464 + val=100 + cal=100, test=292
20:13:58  src.cpcv.pipeline  INFO    AR Logistic lags: [1, 2, 3, 4, 5, 6, 7, 14, 21, 30]
20:13:58  src.cpcv.pipeline  INFO    [ 73/84]          ar_logistic (seed=0) F1=0.369  AUC=0.551  LL=0.6776 (0.0s)
20:13:58  src.cpcv.pipeline  INFO    [ 74/84]          ar_logistic (seed=1) F1=0.369  AUC=0.551  LL=0.6776 (0.0s)
20:13:58  src.cpcv.pipeline  INFO    [ 75/84]          ar_logistic (seed=2) F1=0.369  AUC=0.551  LL=0.6776 (0.0s)
20:13:58  src.cpcv.preprocessing  INFO  Feature selection skipped (AR Logistic uses lagged returns only)
20:13:58  src.cpcv.pipeline  INFO    Preprocessing: FFD + scaling only (no feature selection), train=465 + val=100 + cal=100, test=292
20:13:58  src.cpcv.pipeline  INFO    AR Logistic lags: [1, 2, 3, 4, 5, 6, 7, 14, 21, 30]
20:13:58  src.cpcv.pipeline  INFO    [ 76/84]          ar_logistic (seed=0) F1=0.449  AUC=0.463  LL=0.7393 (0.0s)
20:13:58  src.cpcv.pipeline  INFO    [ 77/84]          ar_logistic (seed=1) F1=0.449  AUC=0.463  LL=0.7393 (0.0s)
20:13:58  src.cpcv.pipeline  INFO    [ 78/84]          ar_logistic (seed=2) F1=0.449  AUC=0.463  LL=0.7393 (0.0s)
20:13:58  src.cpcv.preprocessing  INFO  Feature selection skipped (AR Logistic uses lagged returns only)
20:13:58  src.cpcv.pipeline  INFO    Preprocessing: FFD + scaling only (no feature selection), train=464 + val=100 + cal=100, test=292
20:13:58  src.cpcv.pipeline  INFO    AR Logistic lags: [1, 2, 3, 4, 5, 6, 7, 14, 21, 30]
20:13:58  src.cpcv.pipeline  INFO    [ 79/84]          ar_logistic (seed=0) F1=0.345  AUC=0.501  LL=0.7049 (0.0s)
20:13:58  src.cpcv.pipeline  INFO    [ 80/84]          ar_logistic (seed=1) F1=0.345  AUC=0.501  LL=0.7049 (0.0s)
20:13:58  src.cpcv.pipeline  INFO    [ 81/84]          ar_logistic (seed=2) F1=0.345  AUC=0.501  LL=0.7049 (0.0s)
20:13:59  src.cpcv.preprocessing  INFO  Feature selection skipped (AR Logistic uses lagged returns only)
20:13:59  src.cpcv.pipeline  INFO    Preprocessing: FFD + scaling only (no feature selection), train=473 + val=101 + cal=102, test=292
20:13:59  src.cpcv.pipeline  INFO    AR Logistic lags: [1, 2, 3, 4, 5, 6, 7, 14, 21, 30]
20:13:59  src.cpcv.pipeline  INFO    [ 82/84]          ar_logistic (seed=0) F1=0.364  AUC=0.441  LL=0.7194 (0.0s)
20:13:59  src.cpcv.pipeline  INFO    [ 83/84]          ar_logistic (seed=1) F1=0.364  AUC=0.441  LL=0.7194 (0.0s)
20:13:59  src.cpcv.pipeline  INFO    [ 84/84]          ar_logistic (seed=2) F1=0.364  AUC=0.441  LL=0.7194 (0.0s)
20:13:59  src.cpcv.pipeline  INFO  ============================================================
20:13:59  src.cpcv.pipeline  INFO  CPCV Pipeline Complete
20:13:59  src.cpcv.pipeline  INFO  ============================================================
20:13:59  src.cpcv.pipeline  INFO    Total time:     10.7s (0.2m)
20:13:59  src.cpcv.pipeline  INFO    Tasks:          84 succeeded, 0 failed
20:13:59  src.cpcv.pipeline  INFO    Results keys:   84 (model, split, seed) entries
20:13:59  src.cpcv.pipeline  INFO    Backtest paths: 7
20:13:59  src.cpcv.pipeline  INFO  ============================================================
20:14:00  src.cpcv.pipeline  INFO  ============================================================
20:14:00  src.cpcv.pipeline  INFO  CPCV Pipeline
20:14:00  src.cpcv.pipeline  INFO  ============================================================
20:14:00  src.cpcv.pipeline  INFO    Models:         ['logistic']
20:14:00  src.cpcv.pipeline  INFO    Seeds/fold:     3
20:14:00  src.cpcv.pipeline  INFO    Groups (N):     8
20:14:00  src.cpcv.pipeline  INFO    Test groups (k):2
20:14:00  src.cpcv.pipeline  INFO    Embargo:        1.0%
20:14:00  src.cpcv.pipeline  INFO    FFD columns:    ['atr']
20:14:00  src.cpcv.pipeline  INFO    Samples:        1168
20:14:00  src.cpcv.pipeline  INFO    Features:       73
20:14:00  src.cpcv.pipeline  INFO    Splits:         28, Paths: 7
20:14:00  src.cpcv.pipeline  INFO    Tuning:         NESTED (per-split) — ['logistic'] [30 trials]
20:14:00  src.cpcv.pipeline  INFO  ============================================================
20:14:00  src.cpcv.preprocessing  INFO  Computing MDA (Random Forest)...
20:14:37  src.cpcv.preprocessing  INFO  Computing MDA (Logistic Regression)...
20:14:38  src.cpcv.preprocessing  INFO  Multi-model MDA: 31/73 passed (MDA > 0), 42 eliminated
20:14:38  src.cpcv.preprocessing  INFO    Capped at 10 features (top_k_frac=0.15)
20:14:38  src.cpcv.preprocessing  INFO    Selected (10): ['eth_btc_ratio', 'jarque_bera', 'log_returns', 'log_returns_lag6', 'macd_hist', 'natgas_ret_30', 'smt_exp', 'variance_ratio', 'vix', 'yield_curve_2y10y']
20:14:38  src.cpcv.pipeline  INFO    Preprocessing: 10 features selected, train=605 + val=130 + cal=130, test=93
20:14:39  src.cpcv.tuning  INFO  Tuning (1 model) — Optuna TPE + Purged K-Fold (inner: 3 folds, embargo=10 obs)
20:14:39  src.cpcv.tuning  INFO    [tuning] logistic: 3 purged K-fold splits, 30 Optuna trials (TPE)
20:14:39  src.cpcv.tuning  INFO      logistic: 19 completed, 11 pruned (of 30 total) — best log_loss=0.6787, params={'C': 0.054502936945582565, 'penalty': 'l1'}
20:14:39  src.cpcv.tuning  INFO    [tuning] logistic done in 0.8s — best log_loss=0.6787
20:14:39  src.cpcv.tuning  INFO  Tuning total: 0.8s
20:14:39  src.cpcv.pipeline  INFO      applied logistic: {'C': 0.054502936945582565, 'penalty': 'l1'}
20:14:39  src.cpcv.pipeline  INFO    [  1/84]             logistic (seed=0) F1=0.548  AUC=0.547  LL=0.6567 (0.0s)
20:14:39  src.cpcv.pipeline  INFO    [  2/84]             logistic (seed=1) F1=0.548  AUC=0.547  LL=0.6567 (0.0s)
20:14:39  src.cpcv.pipeline  INFO    [  3/84]             logistic (seed=2) F1=0.548  AUC=0.547  LL=0.6567 (0.0s)
20:14:40  src.cpcv.preprocessing  INFO  Computing MDA (Random Forest)...
20:15:16  src.cpcv.preprocessing  INFO  Computing MDA (Logistic Regression)...
20:15:17  src.cpcv.preprocessing  INFO  Multi-model MDA: 39/73 passed (MDA > 0), 34 eliminated
20:15:17  src.cpcv.preprocessing  INFO    Capped at 10 features (top_k_frac=0.15)
20:15:17  src.cpcv.preprocessing  INFO    Selected (10): ['copper_ret_14', 'ema_ratio_50_200', 'gold_ret_30', 'log_returns', 'natgas_ret_30', 'oil_ret_30', 'roc_14', 'silver_ret_30', 'stoch_d', 'yz_vol']
20:15:18  src.cpcv.pipeline  INFO    Preprocessing: 10 features selected, train=566 + val=121 + cal=122, test=146
20:15:18  src.cpcv.tuning  INFO  Tuning (1 model) — Optuna TPE + Purged K-Fold (inner: 3 folds, embargo=10 obs)
20:15:18  src.cpcv.tuning  INFO    [tuning] logistic: 3 purged K-fold splits, 30 Optuna trials (TPE)
20:15:18  src.cpcv.tuning  INFO      logistic: 20 completed, 10 pruned (of 30 total) — best log_loss=0.6903, params={'C': 0.005237475777730619, 'penalty': 'l2'}
20:15:18  src.cpcv.tuning  INFO    [tuning] logistic done in 0.5s — best log_loss=0.6903
20:15:18  src.cpcv.tuning  INFO  Tuning total: 0.5s
20:15:18  src.cpcv.pipeline  INFO      applied logistic: {'C': 0.005237475777730619, 'penalty': 'l2'}
20:15:18  src.cpcv.pipeline  INFO    [  4/84]             logistic (seed=0) F1=0.408  AUC=0.481  LL=0.7317 (0.0s)
20:15:18  src.cpcv.pipeline  INFO    [  5/84]             logistic (seed=1) F1=0.408  AUC=0.481  LL=0.7317 (0.0s)
20:15:18  src.cpcv.pipeline  INFO    [  6/84]             logistic (seed=2) F1=0.408  AUC=0.481  LL=0.7317 (0.0s)
20:15:18  src.cpcv.preprocessing  INFO  Computing MDA (Random Forest)...
20:15:55  src.cpcv.preprocessing  INFO  Computing MDA (Logistic Regression)...
20:15:57  src.cpcv.preprocessing  INFO  Multi-model MDA: 36/73 passed (MDA > 0), 37 eliminated
20:15:57  src.cpcv.preprocessing  INFO    Capped at 10 features (top_k_frac=0.15)
20:15:57  src.cpcv.preprocessing  INFO    Selected (10): ['cci_14', 'dxy_roc_30', 'ema_ratio_20_50', 'eth_btc_ratio', 'log_returns', 'log_returns_lag1', 'log_returns_lag6', 'mvrv', 'natgas_ret_30', 'smt_poly1']
20:15:57  src.cpcv.pipeline  INFO    Preprocessing: 10 features selected, train=567 + val=122 + cal=122, test=146
20:15:57  src.cpcv.tuning  INFO  Tuning (1 model) — Optuna TPE + Purged K-Fold (inner: 3 folds, embargo=10 obs)
20:15:57  src.cpcv.tuning  INFO    [tuning] logistic: 3 purged K-fold splits, 30 Optuna trials (TPE)
20:15:57  src.cpcv.tuning  INFO      logistic: 16 completed, 14 pruned (of 30 total) — best log_loss=0.6822, params={'C': 0.08921188862809247, 'penalty': 'l1'}
20:15:57  src.cpcv.tuning  INFO    [tuning] logistic done in 0.6s — best log_loss=0.6822
20:15:57  src.cpcv.tuning  INFO  Tuning total: 0.6s
20:15:57  src.cpcv.pipeline  INFO      applied logistic: {'C': 0.08921188862809247, 'penalty': 'l1'}
20:15:57  src.cpcv.pipeline  INFO    [  7/84]             logistic (seed=0) F1=0.423  AUC=0.516  LL=0.7169 (0.0s)
20:15:57  src.cpcv.pipeline  INFO    [  8/84]             logistic (seed=1) F1=0.423  AUC=0.516  LL=0.7169 (0.0s)
20:15:57  src.cpcv.pipeline  INFO    [  9/84]             logistic (seed=2) F1=0.423  AUC=0.516  LL=0.7169 (0.0s)
20:15:57  src.cpcv.preprocessing  INFO  Computing MDA (Random Forest)...
20:16:34  src.cpcv.preprocessing  INFO  Computing MDA (Logistic Regression)...
20:16:35  src.cpcv.preprocessing  INFO  Multi-model MDA: 39/73 passed (MDA > 0), 34 eliminated
20:16:35  src.cpcv.preprocessing  INFO    Capped at 10 features (top_k_frac=0.15)
20:16:35  src.cpcv.preprocessing  INFO    Selected (10): ['atr', 'eth_btc_ratio', 'hashrate_roc_30', 'lz_complexity', 'mvrv', 'natgas_ret_30', 'sadf', 'sp500_ret_14', 'variance_ratio', 'vix']
20:16:36  src.cpcv.pipeline  INFO    Preprocessing: 10 features selected, train=567 + val=122 + cal=122, test=146
20:16:36  src.cpcv.tuning  INFO  Tuning (1 model) — Optuna TPE + Purged K-Fold (inner: 3 folds, embargo=10 obs)
20:16:36  src.cpcv.tuning  INFO    [tuning] logistic: 3 purged K-fold splits, 30 Optuna trials (TPE)
20:16:36  src.cpcv.tuning  INFO      logistic: 15 completed, 15 pruned (of 30 total) — best log_loss=0.6899, params={'C': 0.054502936945582565, 'penalty': 'l1'}
20:16:36  src.cpcv.tuning  INFO    [tuning] logistic done in 0.5s — best log_loss=0.6899
20:16:36  src.cpcv.tuning  INFO  Tuning total: 0.5s
20:16:36  src.cpcv.pipeline  INFO      applied logistic: {'C': 0.054502936945582565, 'penalty': 'l1'}
20:16:36  src.cpcv.pipeline  INFO    [ 10/84]             logistic (seed=0) F1=0.587  AUC=0.570  LL=0.6858 (0.0s)
20:16:36  src.cpcv.pipeline  INFO    [ 11/84]             logistic (seed=1) F1=0.587  AUC=0.570  LL=0.6858 (0.0s)
20:16:36  src.cpcv.pipeline  INFO    [ 12/84]             logistic (seed=2) F1=0.587  AUC=0.570  LL=0.6858 (0.0s)
20:16:36  src.cpcv.preprocessing  INFO  Computing MDA (Random Forest)...
20:17:13  src.cpcv.preprocessing  INFO  Computing MDA (Logistic Regression)...
20:17:14  src.cpcv.preprocessing  INFO  Multi-model MDA: 36/73 passed (MDA > 0), 37 eliminated
20:17:14  src.cpcv.preprocessing  INFO    Capped at 10 features (top_k_frac=0.15)
20:17:14  src.cpcv.preprocessing  INFO    Selected (10): ['active_addr_roc_14', 'eth_btc_ratio', 'exchange_supply_pct', 'log_returns_lag1', 'log_returns_lag5', 'oil_ret_14', 'roc_14', 'skewness', 'smt_exp', 'vix']
20:17:14  src.cpcv.pipeline  INFO    Preprocessing: 10 features selected, train=567 + val=122 + cal=122, test=146
20:17:14  src.cpcv.tuning  INFO  Tuning (1 model) — Optuna TPE + Purged K-Fold (inner: 3 folds, embargo=10 obs)
20:17:14  src.cpcv.tuning  INFO    [tuning] logistic: 3 purged K-fold splits, 30 Optuna trials (TPE)
20:17:15  src.cpcv.tuning  INFO      logistic: 12 completed, 18 pruned (of 30 total) — best log_loss=0.6875, params={'C': 0.22100524297771743, 'penalty': 'l1'}
20:17:15  src.cpcv.tuning  INFO    [tuning] logistic done in 0.4s — best log_loss=0.6875
20:17:15  src.cpcv.tuning  INFO  Tuning total: 0.4s
20:17:15  src.cpcv.pipeline  INFO      applied logistic: {'C': 0.22100524297771743, 'penalty': 'l1'}
20:17:15  src.cpcv.pipeline  INFO    [ 13/84]             logistic (seed=0) F1=0.397  AUC=0.527  LL=0.7419 (0.0s)
20:17:15  src.cpcv.pipeline  INFO    [ 14/84]             logistic (seed=1) F1=0.397  AUC=0.527  LL=0.7419 (0.0s)
20:17:15  src.cpcv.pipeline  INFO    [ 15/84]             logistic (seed=2) F1=0.397  AUC=0.527  LL=0.7419 (0.0s)
20:17:15  src.cpcv.preprocessing  INFO  Computing MDA (Random Forest)...
20:17:52  src.cpcv.preprocessing  INFO  Computing MDA (Logistic Regression)...
20:17:53  src.cpcv.preprocessing  INFO  Multi-model MDA: 40/73 passed (MDA > 0), 33 eliminated
20:17:53  src.cpcv.preprocessing  INFO    Capped at 10 features (top_k_frac=0.15)
20:17:53  src.cpcv.preprocessing  INFO    Selected (10): ['atr', 'eth_btc_ratio', 'jarque_bera', 'kurtosis', 'log_returns_lag30', 'silver_ret_30', 'variance_ratio', 'vol_term_7_30', 'vwma_ratio_20_50', 'yield_curve_2y10y']
20:17:53  src.cpcv.pipeline  INFO    Preprocessing: 10 features selected, train=567 + val=122 + cal=122, test=146
20:17:53  src.cpcv.tuning  INFO  Tuning (1 model) — Optuna TPE + Purged K-Fold (inner: 3 folds, embargo=10 obs)
20:17:53  src.cpcv.tuning  INFO    [tuning] logistic: 3 purged K-fold splits, 30 Optuna trials (TPE)
20:17:54  src.cpcv.tuning  INFO      logistic: 15 completed, 15 pruned (of 30 total) — best log_loss=0.6829, params={'C': 0.017670169402947963, 'penalty': 'l1'}
20:17:54  src.cpcv.tuning  INFO    [tuning] logistic done in 0.8s — best log_loss=0.6829
20:17:54  src.cpcv.tuning  INFO  Tuning total: 0.8s
20:17:54  src.cpcv.pipeline  INFO      applied logistic: {'C': 0.017670169402947963, 'penalty': 'l1'}
20:17:54  src.cpcv.pipeline  INFO    [ 16/84]             logistic (seed=0) F1=0.502  AUC=0.522  LL=0.6845 (0.0s)
20:17:54  src.cpcv.pipeline  INFO    [ 17/84]             logistic (seed=1) F1=0.502  AUC=0.522  LL=0.6845 (0.0s)
20:17:54  src.cpcv.pipeline  INFO    [ 18/84]             logistic (seed=2) F1=0.502  AUC=0.522  LL=0.6845 (0.0s)
20:17:54  src.cpcv.preprocessing  INFO  Computing MDA (Random Forest)...
20:18:32  src.cpcv.preprocessing  INFO  Computing MDA (Logistic Regression)...
20:18:33  src.cpcv.preprocessing  INFO  Multi-model MDA: 40/73 passed (MDA > 0), 33 eliminated
20:18:33  src.cpcv.preprocessing  INFO    Capped at 10 features (top_k_frac=0.15)
20:18:33  src.cpcv.preprocessing  INFO    Selected (10): ['chaikin_osc', 'copper_ret_14', 'hashrate_roc_30', 'hurst', 'log_returns', 'us10y', 'variance_ratio', 'vix', 'williams_r', 'yield_curve_2y10y']
20:18:33  src.cpcv.pipeline  INFO    Preprocessing: 10 features selected, train=575 + val=123 + cal=124, test=146
20:18:33  src.cpcv.tuning  INFO  Tuning (1 model) — Optuna TPE + Purged K-Fold (inner: 3 folds, embargo=10 obs)
20:18:33  src.cpcv.tuning  INFO    [tuning] logistic: 3 purged K-fold splits, 30 Optuna trials (TPE)
20:18:34  src.cpcv.tuning  INFO      logistic: 22 completed, 8 pruned (of 30 total) — best log_loss=0.6931, params={'C': 0.017670169402947963, 'penalty': 'l1'}
20:18:34  src.cpcv.tuning  INFO    [tuning] logistic done in 0.5s — best log_loss=0.6931
20:18:34  src.cpcv.tuning  INFO  Tuning total: 0.5s
20:18:34  src.cpcv.pipeline  INFO      applied logistic: {'C': 0.017670169402947963, 'penalty': 'l1'}
20:18:34  src.cpcv.pipeline  INFO    [ 19/84]             logistic (seed=0) F1=0.360  AUC=0.500  LL=0.6855 (0.0s)
20:18:34  src.cpcv.pipeline  INFO    [ 20/84]             logistic (seed=1) F1=0.360  AUC=0.500  LL=0.6855 (0.0s)
20:18:34  src.cpcv.pipeline  INFO    [ 21/84]             logistic (seed=2) F1=0.360  AUC=0.500  LL=0.6855 (0.0s)
20:18:34  src.cpcv.preprocessing  INFO  Computing MDA (Random Forest)...
20:19:08  src.cpcv.preprocessing  INFO  Computing MDA (Logistic Regression)...
20:19:09  src.cpcv.preprocessing  INFO  Multi-model MDA: 37/73 passed (MDA > 0), 36 eliminated
20:19:09  src.cpcv.preprocessing  INFO    Capped at 10 features (top_k_frac=0.15)
20:19:09  src.cpcv.preprocessing  INFO    Selected (10): ['dxy_roc_30', 'gold_ret_30', 'log_returns', 'log_returns_lag2', 'log_returns_lag4', 'natgas_ret_30', 'obv', 'rsi', 'tx_count_roc_14', 'us2y']
20:19:09  src.cpcv.pipeline  INFO    Preprocessing: 10 features selected, train=503 + val=108 + cal=108, test=239
20:19:09  src.cpcv.tuning  INFO  Tuning (1 model) — Optuna TPE + Purged K-Fold (inner: 3 folds, embargo=10 obs)
20:19:09  src.cpcv.tuning  INFO    [tuning] logistic: 3 purged K-fold splits, 30 Optuna trials (TPE)
20:19:10  src.cpcv.tuning  INFO      logistic: 24 completed, 6 pruned (of 30 total) — best log_loss=0.6927, params={'C': 0.0017608122450511671, 'penalty': 'l2'}
20:19:10  src.cpcv.tuning  INFO    [tuning] logistic done in 0.5s — best log_loss=0.6927
20:19:10  src.cpcv.tuning  INFO  Tuning total: 0.5s
20:19:10  src.cpcv.pipeline  INFO      applied logistic: {'C': 0.0017608122450511671, 'penalty': 'l2'}
20:19:10  src.cpcv.pipeline  INFO    [ 22/84]             logistic (seed=0) F1=0.349  AUC=0.550  LL=0.6922 (0.0s)
20:19:10  src.cpcv.pipeline  INFO    [ 23/84]             logistic (seed=1) F1=0.349  AUC=0.550  LL=0.6922 (0.0s)
20:19:10  src.cpcv.pipeline  INFO    [ 24/84]             logistic (seed=2) F1=0.349  AUC=0.550  LL=0.6922 (0.0s)
20:19:10  src.cpcv.preprocessing  INFO  Computing MDA (Random Forest)...
20:19:43  src.cpcv.preprocessing  INFO  Computing MDA (Logistic Regression)...
20:19:45  src.cpcv.preprocessing  INFO  Multi-model MDA: 38/73 passed (MDA > 0), 35 eliminated
20:19:45  src.cpcv.preprocessing  INFO    Capped at 10 features (top_k_frac=0.15)
20:19:45  src.cpcv.preprocessing  INFO    Selected (10): ['cci_14', 'dxy_roc_30', 'eth_btc_ratio', 'hashrate_roc_30', 'log_returns_lag2', 'log_returns_lag6', 'macd', 'macd_hist', 'natgas_ret_30', 'negentropy']
20:19:45  src.cpcv.pipeline  INFO    Preprocessing: 10 features selected, train=494 + val=106 + cal=107, test=239
20:19:45  src.cpcv.tuning  INFO  Tuning (1 model) — Optuna TPE + Purged K-Fold (inner: 3 folds, embargo=10 obs)
20:19:45  src.cpcv.tuning  INFO    [tuning] logistic: 3 purged K-fold splits, 30 Optuna trials (TPE)
20:19:45  src.cpcv.tuning  INFO      logistic: 27 completed, 3 pruned (of 30 total) — best log_loss=0.6849, params={'C': 0.01836706903841569, 'penalty': 'l2'}
20:19:45  src.cpcv.tuning  INFO    [tuning] logistic done in 0.6s — best log_loss=0.6849
20:19:45  src.cpcv.tuning  INFO  Tuning total: 0.6s
20:19:45  src.cpcv.pipeline  INFO      applied logistic: {'C': 0.01836706903841569, 'penalty': 'l2'}
20:19:45  src.cpcv.pipeline  INFO    [ 25/84]             logistic (seed=0) F1=0.462  AUC=0.492  LL=0.7419 (0.0s)
20:19:45  src.cpcv.pipeline  INFO    [ 26/84]             logistic (seed=1) F1=0.462  AUC=0.492  LL=0.7419 (0.0s)
20:19:45  src.cpcv.pipeline  INFO    [ 27/84]             logistic (seed=2) F1=0.462  AUC=0.492  LL=0.7419 (0.0s)
20:19:46  src.cpcv.preprocessing  INFO  Computing MDA (Random Forest)...
20:20:20  src.cpcv.preprocessing  INFO  Computing MDA (Logistic Regression)...
20:20:22  src.cpcv.preprocessing  INFO  Multi-model MDA: 37/73 passed (MDA > 0), 36 eliminated
20:20:22  src.cpcv.preprocessing  INFO    Capped at 10 features (top_k_frac=0.15)
20:20:22  src.cpcv.preprocessing  INFO    Selected (10): ['chaikin_osc', 'dxy_roc_30', 'eth_btc_ratio', 'hashrate_roc_30', 'jarque_bera', 'log_returns_lag4', 'natgas_ret_30', 'rsi', 'smt_exp', 'sp500_ret_14']
20:20:22  src.cpcv.pipeline  INFO    Preprocessing: 10 features selected, train=494 + val=106 + cal=107, test=239
20:20:22  src.cpcv.tuning  INFO  Tuning (1 model) — Optuna TPE + Purged K-Fold (inner: 3 folds, embargo=10 obs)
20:20:22  src.cpcv.tuning  INFO    [tuning] logistic: 3 purged K-fold splits, 30 Optuna trials (TPE)
20:20:22  src.cpcv.tuning  INFO      logistic: 22 completed, 8 pruned (of 30 total) — best log_loss=0.6807, params={'C': 0.054502936945582565, 'penalty': 'l1'}
20:20:22  src.cpcv.tuning  INFO    [tuning] logistic done in 0.9s — best log_loss=0.6807
20:20:22  src.cpcv.tuning  INFO  Tuning total: 0.9s
20:20:22  src.cpcv.pipeline  INFO      applied logistic: {'C': 0.054502936945582565, 'penalty': 'l1'}
20:20:22  src.cpcv.pipeline  INFO    [ 28/84]             logistic (seed=0) F1=0.479  AUC=0.572  LL=0.7037 (0.0s)
20:20:22  src.cpcv.pipeline  INFO    [ 29/84]             logistic (seed=1) F1=0.479  AUC=0.572  LL=0.7037 (0.0s)
20:20:22  src.cpcv.pipeline  INFO    [ 30/84]             logistic (seed=2) F1=0.479  AUC=0.572  LL=0.7037 (0.0s)
20:20:23  src.cpcv.preprocessing  INFO  Computing MDA (Random Forest)...
20:20:58  src.cpcv.preprocessing  INFO  Computing MDA (Logistic Regression)...
20:20:59  src.cpcv.preprocessing  INFO  Multi-model MDA: 37/73 passed (MDA > 0), 36 eliminated
20:20:59  src.cpcv.preprocessing  INFO    Capped at 10 features (top_k_frac=0.15)
20:20:59  src.cpcv.preprocessing  INFO    Selected (10): ['cci_14', 'ema_ratio_20_50', 'jarque_bera', 'log_returns', 'log_returns_lag6', 'mfi_14', 'natgas_ret_14', 'natgas_ret_30', 'skewness', 'sp500_ret_14']
20:20:59  src.cpcv.pipeline  INFO    Preprocessing: 10 features selected, train=494 + val=106 + cal=107, test=239
20:20:59  src.cpcv.tuning  INFO  Tuning (1 model) — Optuna TPE + Purged K-Fold (inner: 3 folds, embargo=10 obs)
20:20:59  src.cpcv.tuning  INFO    [tuning] logistic: 3 purged K-fold splits, 30 Optuna trials (TPE)
20:21:00  src.cpcv.tuning  INFO      logistic: 26 completed, 4 pruned (of 30 total) — best log_loss=0.6755, params={'C': 0.12173252504194051, 'penalty': 'l1'}
20:21:00  src.cpcv.tuning  INFO    [tuning] logistic done in 0.6s — best log_loss=0.6755
20:21:00  src.cpcv.tuning  INFO  Tuning total: 0.6s
20:21:00  src.cpcv.pipeline  INFO      applied logistic: {'C': 0.12173252504194051, 'penalty': 'l1'}
20:21:00  src.cpcv.pipeline  INFO    [ 31/84]             logistic (seed=0) F1=0.514  AUC=0.532  LL=0.7000 (0.0s)
20:21:00  src.cpcv.pipeline  INFO    [ 32/84]             logistic (seed=1) F1=0.514  AUC=0.531  LL=0.7000 (0.0s)
20:21:00  src.cpcv.pipeline  INFO    [ 33/84]             logistic (seed=2) F1=0.514  AUC=0.532  LL=0.7001 (0.0s)
20:21:00  src.cpcv.preprocessing  INFO  Computing MDA (Random Forest)...
20:21:35  src.cpcv.preprocessing  INFO  Computing MDA (Logistic Regression)...
20:21:36  src.cpcv.preprocessing  INFO  Multi-model MDA: 34/73 passed (MDA > 0), 39 eliminated
20:21:36  src.cpcv.preprocessing  INFO    Capped at 10 features (top_k_frac=0.15)
20:21:36  src.cpcv.preprocessing  INFO    Selected (10): ['atr', 'eth_btc_ratio', 'fee_per_tx', 'jarque_bera', 'oil_ret_14', 'skewness', 'sp500_ret_30', 'variance_ratio', 'vol_term_7_30', 'yield_curve_10y30y']
20:21:36  src.cpcv.pipeline  INFO    Preprocessing: 10 features selected, train=494 + val=106 + cal=107, test=239
20:21:36  src.cpcv.tuning  INFO  Tuning (1 model) — Optuna TPE + Purged K-Fold (inner: 3 folds, embargo=10 obs)
20:21:36  src.cpcv.tuning  INFO    [tuning] logistic: 3 purged K-fold splits, 30 Optuna trials (TPE)
20:21:37  src.cpcv.tuning  INFO      logistic: 22 completed, 8 pruned (of 30 total) — best log_loss=0.6803, params={'C': 0.0006138059553178155, 'penalty': 'l2'}
20:21:37  src.cpcv.tuning  INFO    [tuning] logistic done in 0.8s — best log_loss=0.6803
20:21:37  src.cpcv.tuning  INFO  Tuning total: 0.8s
20:21:37  src.cpcv.pipeline  INFO      applied logistic: {'C': 0.0006138059553178155, 'penalty': 'l2'}
20:21:37  src.cpcv.pipeline  INFO    [ 34/84]             logistic (seed=0) F1=0.521  AUC=0.508  LL=0.7104 (0.0s)
20:21:37  src.cpcv.pipeline  INFO    [ 35/84]             logistic (seed=1) F1=0.521  AUC=0.508  LL=0.7104 (0.0s)
20:21:37  src.cpcv.pipeline  INFO    [ 36/84]             logistic (seed=2) F1=0.521  AUC=0.508  LL=0.7104 (0.0s)
20:21:37  src.cpcv.preprocessing  INFO  Computing MDA (Random Forest)...
20:22:12  src.cpcv.preprocessing  INFO  Computing MDA (Logistic Regression)...
20:22:13  src.cpcv.preprocessing  INFO  Multi-model MDA: 39/73 passed (MDA > 0), 34 eliminated
20:22:13  src.cpcv.preprocessing  INFO    Capped at 10 features (top_k_frac=0.15)
20:22:13  src.cpcv.preprocessing  INFO    Selected (10): ['dxy_roc_30', 'eth_btc_ratio', 'jarque_bera', 'log_returns_lag3', 'macd_hist', 'obv', 'oil_ret_14', 'sadf', 'williams_r', 'yz_vol']
20:22:13  src.cpcv.pipeline  INFO    Preprocessing: 10 features selected, train=502 + val=108 + cal=108, test=239
20:22:13  src.cpcv.tuning  INFO  Tuning (1 model) — Optuna TPE + Purged K-Fold (inner: 3 folds, embargo=10 obs)
20:22:13  src.cpcv.tuning  INFO    [tuning] logistic: 3 purged K-fold splits, 30 Optuna trials (TPE)
20:22:14  src.cpcv.tuning  INFO      logistic: 19 completed, 11 pruned (of 30 total) — best log_loss=0.6809, params={'C': 0.025943055296597954, 'penalty': 'l1'}
20:22:14  src.cpcv.tuning  INFO    [tuning] logistic done in 0.7s — best log_loss=0.6809
20:22:14  src.cpcv.tuning  INFO  Tuning total: 0.7s
20:22:14  src.cpcv.pipeline  INFO      applied logistic: {'C': 0.025943055296597954, 'penalty': 'l1'}
20:22:14  src.cpcv.pipeline  INFO    [ 37/84]             logistic (seed=0) F1=0.371  AUC=0.617  LL=0.6771 (0.0s)
20:22:14  src.cpcv.pipeline  INFO    [ 38/84]             logistic (seed=1) F1=0.371  AUC=0.617  LL=0.6771 (0.0s)
20:22:14  src.cpcv.pipeline  INFO    [ 39/84]             logistic (seed=2) F1=0.371  AUC=0.617  LL=0.6771 (0.0s)
20:22:14  src.cpcv.preprocessing  INFO  Computing MDA (Random Forest)...
20:22:48  src.cpcv.preprocessing  INFO  Computing MDA (Logistic Regression)...
20:22:49  src.cpcv.preprocessing  INFO  Multi-model MDA: 37/73 passed (MDA > 0), 36 eliminated
20:22:49  src.cpcv.preprocessing  INFO    Capped at 10 features (top_k_frac=0.15)
20:22:49  src.cpcv.preprocessing  INFO    Selected (10): ['eth_btc_ratio', 'log_returns_lag6', 'macd_hist', 'obv', 'oil_ret_30', 'silver_ret_30', 'sp500_ret_30', 'stoch_d', 'vol_term_30_90', 'yield_curve_2y10y']
20:22:49  src.cpcv.pipeline  INFO    Preprocessing: 10 features selected, train=464 + val=99 + cal=100, test=292
20:22:49  src.cpcv.tuning  INFO  Tuning (1 model) — Optuna TPE + Purged K-Fold (inner: 3 folds, embargo=10 obs)
20:22:49  src.cpcv.tuning  INFO    [tuning] logistic: 3 purged K-fold splits, 30 Optuna trials (TPE)
20:22:50  src.cpcv.tuning  INFO      logistic: 20 completed, 10 pruned (of 30 total) — best log_loss=0.6754, params={'C': 0.12647598951788191, 'penalty': 'l1'}
20:22:50  src.cpcv.tuning  INFO    [tuning] logistic done in 0.5s — best log_loss=0.6754
20:22:50  src.cpcv.tuning  INFO  Tuning total: 0.5s
20:22:50  src.cpcv.pipeline  INFO      applied logistic: {'C': 0.12647598951788191, 'penalty': 'l1'}
20:22:50  src.cpcv.pipeline  INFO    [ 40/84]             logistic (seed=0) F1=0.488  AUC=0.546  LL=0.7305 (0.0s)
20:22:50  src.cpcv.pipeline  INFO    [ 41/84]             logistic (seed=1) F1=0.488  AUC=0.546  LL=0.7305 (0.0s)
20:22:50  src.cpcv.pipeline  INFO    [ 42/84]             logistic (seed=2) F1=0.488  AUC=0.546  LL=0.7305 (0.0s)
20:22:50  src.cpcv.preprocessing  INFO  Computing MDA (Random Forest)...
20:23:25  src.cpcv.preprocessing  INFO  Computing MDA (Logistic Regression)...
20:23:26  src.cpcv.preprocessing  INFO  Multi-model MDA: 39/73 passed (MDA > 0), 34 eliminated
20:23:26  src.cpcv.preprocessing  INFO    Capped at 10 features (top_k_frac=0.15)
20:23:26  src.cpcv.preprocessing  INFO    Selected (10): ['ema_ratio_20_50', 'eth_btc_ratio', 'issuance_ntv', 'log_returns_lag4', 'mvrv', 'oil_ret_14', 'roc_14', 'stoch_d', 'us2y', 'yield_curve_10y30y']
20:23:26  src.cpcv.pipeline  INFO    Preprocessing: 10 features selected, train=455 + val=98 + cal=98, test=292
20:23:26  src.cpcv.tuning  INFO  Tuning (1 model) — Optuna TPE + Purged K-Fold (inner: 3 folds, embargo=10 obs)
20:23:26  src.cpcv.tuning  INFO    [tuning] logistic: 3 purged K-fold splits, 30 Optuna trials (TPE)
20:23:27  src.cpcv.tuning  INFO      logistic: 24 completed, 6 pruned (of 30 total) — best log_loss=0.6931, params={'C': 0.017670169402947963, 'penalty': 'l1'}
20:23:27  src.cpcv.tuning  INFO    [tuning] logistic done in 0.5s — best log_loss=0.6931
20:23:27  src.cpcv.tuning  INFO  Tuning total: 0.5s
20:23:27  src.cpcv.pipeline  INFO      applied logistic: {'C': 0.017670169402947963, 'penalty': 'l1'}
20:23:27  src.cpcv.pipeline  INFO    [ 43/84]             logistic (seed=0) F1=0.350  AUC=0.500  LL=0.6904 (0.0s)
20:23:27  src.cpcv.pipeline  INFO    [ 44/84]             logistic (seed=1) F1=0.350  AUC=0.500  LL=0.6904 (0.0s)
20:23:27  src.cpcv.pipeline  INFO    [ 45/84]             logistic (seed=2) F1=0.350  AUC=0.500  LL=0.6904 (0.0s)
20:23:27  src.cpcv.preprocessing  INFO  Computing MDA (Random Forest)...
20:24:02  src.cpcv.preprocessing  INFO  Computing MDA (Logistic Regression)...
20:24:03  src.cpcv.preprocessing  INFO  Multi-model MDA: 30/73 passed (MDA > 0), 43 eliminated
20:24:03  src.cpcv.preprocessing  INFO    Capped at 10 features (top_k_frac=0.15)
20:24:03  src.cpcv.preprocessing  INFO    Selected (10): ['ema_ratio_50_200', 'log_returns_lag2', 'log_returns_lag7', 'natgas_ret_14', 'rsi', 'skewness', 'sp500_ret_14', 'us10y', 'us2y', 'yield_curve_10y30y']
20:24:04  src.cpcv.pipeline  INFO    Preprocessing: 10 features selected, train=455 + val=98 + cal=98, test=292
20:24:04  src.cpcv.tuning  INFO  Tuning (1 model) — Optuna TPE + Purged K-Fold (inner: 3 folds, embargo=10 obs)
20:24:04  src.cpcv.tuning  INFO    [tuning] logistic: 3 purged K-fold splits, 30 Optuna trials (TPE)
20:24:04  src.cpcv.tuning  INFO      logistic: 15 completed, 15 pruned (of 30 total) — best log_loss=0.6921, params={'C': 0.002399524683310171, 'penalty': 'l2'}
20:24:04  src.cpcv.tuning  INFO    [tuning] logistic done in 0.6s — best log_loss=0.6921
20:24:04  src.cpcv.tuning  INFO  Tuning total: 0.6s
20:24:04  src.cpcv.pipeline  INFO      applied logistic: {'C': 0.002399524683310171, 'penalty': 'l2'}
20:24:04  src.cpcv.pipeline  INFO    [ 46/84]             logistic (seed=0) F1=0.482  AUC=0.506  LL=0.7396 (0.0s)
20:24:04  src.cpcv.pipeline  INFO    [ 47/84]             logistic (seed=1) F1=0.482  AUC=0.506  LL=0.7396 (0.0s)
20:24:04  src.cpcv.pipeline  INFO    [ 48/84]             logistic (seed=2) F1=0.482  AUC=0.506  LL=0.7396 (0.0s)
20:24:05  src.cpcv.preprocessing  INFO  Computing MDA (Random Forest)...
20:24:39  src.cpcv.preprocessing  INFO  Computing MDA (Logistic Regression)...
20:24:40  src.cpcv.preprocessing  INFO  Multi-model MDA: 37/73 passed (MDA > 0), 36 eliminated
20:24:40  src.cpcv.preprocessing  INFO    Capped at 10 features (top_k_frac=0.15)
20:24:40  src.cpcv.preprocessing  INFO    Selected (10): ['exchange_supply_pct', 'jarque_bera', 'log_returns_lag5', 'lz_complexity', 'nasdaq_ret_14', 'oil_ret_14', 'rsi', 'sadf', 'silver_ret_30', 'smt_exp']
20:24:41  src.cpcv.pipeline  INFO    Preprocessing: 10 features selected, train=455 + val=98 + cal=98, test=292
20:24:41  src.cpcv.tuning  INFO  Tuning (1 model) — Optuna TPE + Purged K-Fold (inner: 3 folds, embargo=10 obs)
20:24:41  src.cpcv.tuning  INFO    [tuning] logistic: 3 purged K-fold splits, 30 Optuna trials (TPE)
20:24:41  src.cpcv.tuning  INFO      logistic: 29 completed, 1 pruned (of 30 total) — best log_loss=0.6816, params={'C': 0.0021079758632756426, 'penalty': 'l2'}
20:24:41  src.cpcv.tuning  INFO    [tuning] logistic done in 0.9s — best log_loss=0.6816
20:24:41  src.cpcv.tuning  INFO  Tuning total: 0.9s
20:24:41  src.cpcv.pipeline  INFO      applied logistic: {'C': 0.0021079758632756426, 'penalty': 'l2'}
20:24:41  src.cpcv.pipeline  INFO    [ 49/84]             logistic (seed=0) F1=0.466  AUC=0.503  LL=0.6983 (0.0s)
20:24:41  src.cpcv.pipeline  INFO    [ 50/84]             logistic (seed=1) F1=0.466  AUC=0.503  LL=0.6983 (0.0s)
20:24:41  src.cpcv.pipeline  INFO    [ 51/84]             logistic (seed=2) F1=0.466  AUC=0.503  LL=0.6983 (0.0s)
20:24:42  src.cpcv.preprocessing  INFO  Computing MDA (Random Forest)...
20:25:17  src.cpcv.preprocessing  INFO  Computing MDA (Logistic Regression)...
20:25:18  src.cpcv.preprocessing  INFO  Multi-model MDA: 40/73 passed (MDA > 0), 33 eliminated
20:25:18  src.cpcv.preprocessing  INFO    Capped at 10 features (top_k_frac=0.15)
20:25:18  src.cpcv.preprocessing  INFO    Selected (10): ['exchange_supply_pct', 'fee_per_tx', 'gk_vol', 'jarque_bera', 'kurtosis', 'log_returns_lag1', 'macd_hist', 'natgas_ret_30', 'obv', 'sadf']
20:25:18  src.cpcv.pipeline  INFO    Preprocessing: 10 features selected, train=463 + val=99 + cal=100, test=292
20:25:18  src.cpcv.tuning  INFO  Tuning (1 model) — Optuna TPE + Purged K-Fold (inner: 3 folds, embargo=10 obs)
20:25:18  src.cpcv.tuning  INFO    [tuning] logistic: 3 purged K-fold splits, 30 Optuna trials (TPE)
20:25:19  src.cpcv.tuning  INFO      logistic: 27 completed, 3 pruned (of 30 total) — best log_loss=0.6839, params={'C': 0.0012953887073261802, 'penalty': 'l2'}
20:25:19  src.cpcv.tuning  INFO    [tuning] logistic done in 0.8s — best log_loss=0.6839
20:25:19  src.cpcv.tuning  INFO  Tuning total: 0.8s
20:25:19  src.cpcv.pipeline  INFO      applied logistic: {'C': 0.0012953887073261802, 'penalty': 'l2'}
20:25:19  src.cpcv.pipeline  INFO    [ 52/84]             logistic (seed=0) F1=0.338  AUC=0.469  LL=0.8004 (0.0s)
20:25:19  src.cpcv.pipeline  INFO    [ 53/84]             logistic (seed=1) F1=0.338  AUC=0.469  LL=0.8004 (0.0s)
20:25:19  src.cpcv.pipeline  INFO    [ 54/84]             logistic (seed=2) F1=0.338  AUC=0.469  LL=0.8004 (0.0s)
20:25:19  src.cpcv.preprocessing  INFO  Computing MDA (Random Forest)...
20:25:52  src.cpcv.preprocessing  INFO  Computing MDA (Logistic Regression)...
20:25:54  src.cpcv.preprocessing  INFO  Multi-model MDA: 39/73 passed (MDA > 0), 34 eliminated
20:25:54  src.cpcv.preprocessing  INFO    Capped at 10 features (top_k_frac=0.15)
20:25:54  src.cpcv.preprocessing  INFO    Selected (10): ['copper_ret_14', 'eth_btc_ratio', 'kurtosis', 'log_returns_lag14', 'log_returns_lag3', 'log_returns_lag7', 'lz_complexity', 'oil_ret_14', 'skewness', 'sp500_ret_30']
20:25:54  src.cpcv.pipeline  INFO    Preprocessing: 10 features selected, train=465 + val=100 + cal=100, test=292
20:25:54  src.cpcv.tuning  INFO  Tuning (1 model) — Optuna TPE + Purged K-Fold (inner: 3 folds, embargo=10 obs)
20:25:54  src.cpcv.tuning  INFO    [tuning] logistic: 3 purged K-fold splits, 30 Optuna trials (TPE)
20:25:54  src.cpcv.tuning  INFO      logistic: 17 completed, 13 pruned (of 30 total) — best log_loss=0.6887, params={'C': 0.12173252504194051, 'penalty': 'l1'}
20:25:54  src.cpcv.tuning  INFO    [tuning] logistic done in 0.5s — best log_loss=0.6887
20:25:54  src.cpcv.tuning  INFO  Tuning total: 0.5s
20:25:54  src.cpcv.pipeline  INFO      applied logistic: {'C': 0.12173252504194051, 'penalty': 'l1'}
20:25:54  src.cpcv.pipeline  INFO    [ 55/84]             logistic (seed=0) F1=0.564  AUC=0.545  LL=0.6877 (0.0s)
20:25:54  src.cpcv.pipeline  INFO    [ 56/84]             logistic (seed=1) F1=0.564  AUC=0.545  LL=0.6877 (0.0s)
20:25:54  src.cpcv.pipeline  INFO    [ 57/84]             logistic (seed=2) F1=0.564  AUC=0.545  LL=0.6877 (0.0s)
20:25:54  src.cpcv.preprocessing  INFO  Computing MDA (Random Forest)...
20:26:28  src.cpcv.preprocessing  INFO  Computing MDA (Logistic Regression)...
20:26:29  src.cpcv.preprocessing  INFO  Multi-model MDA: 38/73 passed (MDA > 0), 35 eliminated
20:26:29  src.cpcv.preprocessing  INFO    Capped at 10 features (top_k_frac=0.15)
20:26:29  src.cpcv.preprocessing  INFO    Selected (10): ['ema_ratio_20_50', 'log_returns_lag30', 'log_returns_lag5', 'log_returns_lag6', 'mvrv', 'silver_ret_14', 'skewness', 'us10y', 'variance_ratio', 'vix']
20:26:29  src.cpcv.pipeline  INFO    Preprocessing: 10 features selected, train=457 + val=98 + cal=98, test=292
20:26:29  src.cpcv.tuning  INFO  Tuning (1 model) — Optuna TPE + Purged K-Fold (inner: 3 folds, embargo=10 obs)
20:26:29  src.cpcv.tuning  INFO    [tuning] logistic: 3 purged K-fold splits, 30 Optuna trials (TPE)
20:26:30  src.cpcv.tuning  INFO      logistic: 19 completed, 11 pruned (of 30 total) — best log_loss=0.6812, params={'C': 0.09734546742988194, 'penalty': 'l1'}
20:26:30  src.cpcv.tuning  INFO    [tuning] logistic done in 0.5s — best log_loss=0.6812
20:26:30  src.cpcv.tuning  INFO  Tuning total: 0.5s
20:26:30  src.cpcv.pipeline  INFO      applied logistic: {'C': 0.09734546742988194, 'penalty': 'l1'}
20:26:30  src.cpcv.pipeline  INFO    [ 58/84]             logistic (seed=0) F1=0.499  AUC=0.553  LL=0.6989 (0.0s)
20:26:30  src.cpcv.pipeline  INFO    [ 59/84]             logistic (seed=1) F1=0.499  AUC=0.553  LL=0.6989 (0.0s)
20:26:30  src.cpcv.pipeline  INFO    [ 60/84]             logistic (seed=2) F1=0.499  AUC=0.553  LL=0.6989 (0.0s)
20:26:30  src.cpcv.preprocessing  INFO  Computing MDA (Random Forest)...
20:27:03  src.cpcv.preprocessing  INFO  Computing MDA (Logistic Regression)...
20:27:04  src.cpcv.preprocessing  INFO  Multi-model MDA: 37/73 passed (MDA > 0), 36 eliminated
20:27:04  src.cpcv.preprocessing  INFO    Capped at 10 features (top_k_frac=0.15)
20:27:04  src.cpcv.preprocessing  INFO    Selected (10): ['eth_btc_ratio', 'gold_ret_30', 'kurtosis', 'log_returns_lag7', 'macd_hist', 'realized_vol', 'silver_ret_30', 'variance_ratio', 'williams_r', 'yield_curve_2y10y']
20:27:04  src.cpcv.pipeline  INFO    Preprocessing: 10 features selected, train=457 + val=98 + cal=98, test=292
20:27:04  src.cpcv.tuning  INFO  Tuning (1 model) — Optuna TPE + Purged K-Fold (inner: 3 folds, embargo=10 obs)
20:27:04  src.cpcv.tuning  INFO    [tuning] logistic: 3 purged K-fold splits, 30 Optuna trials (TPE)
20:27:05  src.cpcv.tuning  INFO      logistic: 20 completed, 10 pruned (of 30 total) — best log_loss=0.6835, params={'C': 0.015568627744339964, 'penalty': 'l2'}
20:27:05  src.cpcv.tuning  INFO    [tuning] logistic done in 0.5s — best log_loss=0.6835
20:27:05  src.cpcv.tuning  INFO  Tuning total: 0.5s
20:27:05  src.cpcv.pipeline  INFO      applied logistic: {'C': 0.015568627744339964, 'penalty': 'l2'}
20:27:05  src.cpcv.pipeline  INFO    [ 61/84]             logistic (seed=0) F1=0.481  AUC=0.483  LL=0.7099 (0.0s)
20:27:05  src.cpcv.pipeline  INFO    [ 62/84]             logistic (seed=1) F1=0.481  AUC=0.483  LL=0.7099 (0.0s)
20:27:05  src.cpcv.pipeline  INFO    [ 63/84]             logistic (seed=2) F1=0.481  AUC=0.483  LL=0.7099 (0.0s)
20:27:05  src.cpcv.preprocessing  INFO  Computing MDA (Random Forest)...
20:27:38  src.cpcv.preprocessing  INFO  Computing MDA (Logistic Regression)...
20:27:39  src.cpcv.preprocessing  INFO  Multi-model MDA: 38/73 passed (MDA > 0), 35 eliminated
20:27:39  src.cpcv.preprocessing  INFO    Capped at 10 features (top_k_frac=0.15)
20:27:39  src.cpcv.preprocessing  INFO    Selected (10): ['eth_btc_ratio', 'exchange_supply_pct', 'log_returns_lag1', 'log_returns_lag5', 'log_returns_lag6', 'oil_ret_14', 'smt_poly1', 'sp500_ret_30', 'yield_curve_10y30y', 'yz_vol']
20:27:39  src.cpcv.pipeline  INFO    Preprocessing: 10 features selected, train=464 + val=100 + cal=100, test=292
20:27:39  src.cpcv.tuning  INFO  Tuning (1 model) — Optuna TPE + Purged K-Fold (inner: 3 folds, embargo=10 obs)
20:27:40  src.cpcv.tuning  INFO    [tuning] logistic: 3 purged K-fold splits, 30 Optuna trials (TPE)
20:27:40  src.cpcv.tuning  INFO      logistic: 24 completed, 6 pruned (of 30 total) — best log_loss=0.6788, params={'C': 0.012646849417632259, 'penalty': 'l2'}
20:27:40  src.cpcv.tuning  INFO    [tuning] logistic done in 0.6s — best log_loss=0.6788
20:27:40  src.cpcv.tuning  INFO  Tuning total: 0.6s
20:27:40  src.cpcv.pipeline  INFO      applied logistic: {'C': 0.012646849417632259, 'penalty': 'l2'}
20:27:40  src.cpcv.pipeline  INFO    [ 64/84]             logistic (seed=0) F1=0.357  AUC=0.505  LL=0.7186 (0.0s)
20:27:40  src.cpcv.pipeline  INFO    [ 65/84]             logistic (seed=1) F1=0.357  AUC=0.505  LL=0.7186 (0.0s)
20:27:40  src.cpcv.pipeline  INFO    [ 66/84]             logistic (seed=2) F1=0.357  AUC=0.505  LL=0.7186 (0.0s)
20:27:40  src.cpcv.preprocessing  INFO  Computing MDA (Random Forest)...
20:28:14  src.cpcv.preprocessing  INFO  Computing MDA (Logistic Regression)...
20:28:15  src.cpcv.preprocessing  INFO  Multi-model MDA: 38/73 passed (MDA > 0), 35 eliminated
20:28:15  src.cpcv.preprocessing  INFO    Capped at 10 features (top_k_frac=0.15)
20:28:15  src.cpcv.preprocessing  INFO    Selected (10): ['ema_ratio_20_50', 'log_returns_lag2', 'log_returns_lag6', 'macd', 'macd_hist', 'mfi_14', 'net_exchange_flow', 'obv', 'sadf', 'smt_exp']
20:28:15  src.cpcv.pipeline  INFO    Preprocessing: 10 features selected, train=465 + val=100 + cal=100, test=292
20:28:15  src.cpcv.tuning  INFO  Tuning (1 model) — Optuna TPE + Purged K-Fold (inner: 3 folds, embargo=10 obs)
20:28:15  src.cpcv.tuning  INFO    [tuning] logistic: 3 purged K-fold splits, 30 Optuna trials (TPE)
20:28:15  src.cpcv.tuning  INFO      logistic: 22 completed, 8 pruned (of 30 total) — best log_loss=0.6931, params={'C': 0.017670169402947963, 'penalty': 'l1'}
20:28:15  src.cpcv.tuning  INFO    [tuning] logistic done in 0.5s — best log_loss=0.6931
20:28:15  src.cpcv.tuning  INFO  Tuning total: 0.5s
20:28:15  src.cpcv.pipeline  INFO      applied logistic: {'C': 0.017670169402947963, 'penalty': 'l1'}
20:28:15  src.cpcv.pipeline  INFO    [ 67/84]             logistic (seed=0) F1=0.355  AUC=0.500  LL=0.6898 (0.0s)
20:28:15  src.cpcv.pipeline  INFO    [ 68/84]             logistic (seed=1) F1=0.355  AUC=0.500  LL=0.6898 (0.0s)
20:28:15  src.cpcv.pipeline  INFO    [ 69/84]             logistic (seed=2) F1=0.355  AUC=0.500  LL=0.6898 (0.0s)
20:28:16  src.cpcv.preprocessing  INFO  Computing MDA (Random Forest)...
20:28:48  src.cpcv.preprocessing  INFO  Computing MDA (Logistic Regression)...
20:28:49  src.cpcv.preprocessing  INFO  Multi-model MDA: 40/73 passed (MDA > 0), 33 eliminated
20:28:49  src.cpcv.preprocessing  INFO    Capped at 10 features (top_k_frac=0.15)
20:28:49  src.cpcv.preprocessing  INFO    Selected (10): ['bb_width', 'eth_btc_ratio', 'gk_vol', 'gold_ret_30', 'hurst', 'log_returns_lag1', 'log_returns_lag21', 'log_returns_lag4', 'silver_ret_30', 'yield_curve_10y30y']
20:28:49  src.cpcv.pipeline  INFO    Preprocessing: 10 features selected, train=457 + val=98 + cal=98, test=292
20:28:49  src.cpcv.tuning  INFO  Tuning (1 model) — Optuna TPE + Purged K-Fold (inner: 3 folds, embargo=10 obs)
20:28:49  src.cpcv.tuning  INFO    [tuning] logistic: 3 purged K-fold splits, 30 Optuna trials (TPE)
20:28:50  src.cpcv.tuning  INFO      logistic: 20 completed, 10 pruned (of 30 total) — best log_loss=0.6751, params={'C': 0.03510115742439468, 'penalty': 'l2'}
20:28:50  src.cpcv.tuning  INFO    [tuning] logistic done in 0.6s — best log_loss=0.6751
20:28:50  src.cpcv.tuning  INFO  Tuning total: 0.6s
20:28:50  src.cpcv.pipeline  INFO      applied logistic: {'C': 0.03510115742439468, 'penalty': 'l2'}
20:28:50  src.cpcv.pipeline  INFO    [ 70/84]             logistic (seed=0) F1=0.520  AUC=0.539  LL=0.6945 (0.0s)
20:28:50  src.cpcv.pipeline  INFO    [ 71/84]             logistic (seed=1) F1=0.520  AUC=0.539  LL=0.6945 (0.0s)
20:28:50  src.cpcv.pipeline  INFO    [ 72/84]             logistic (seed=2) F1=0.520  AUC=0.539  LL=0.6945 (0.0s)
20:28:50  src.cpcv.preprocessing  INFO  Computing MDA (Random Forest)...
20:29:24  src.cpcv.preprocessing  INFO  Computing MDA (Logistic Regression)...
20:29:25  src.cpcv.preprocessing  INFO  Multi-model MDA: 41/73 passed (MDA > 0), 32 eliminated
20:29:25  src.cpcv.preprocessing  INFO    Capped at 10 features (top_k_frac=0.15)
20:29:25  src.cpcv.preprocessing  INFO    Selected (10): ['ema_ratio_50_200', 'gk_vol', 'log_returns_lag1', 'log_returns_lag14', 'log_returns_lag21', 'log_returns_lag3', 'log_returns_lag30', 'nasdaq_ret_30', 'smt_poly1', 'vol_term_7_30']
20:29:25  src.cpcv.pipeline  INFO    Preprocessing: 10 features selected, train=464 + val=100 + cal=100, test=292
20:29:25  src.cpcv.tuning  INFO  Tuning (1 model) — Optuna TPE + Purged K-Fold (inner: 3 folds, embargo=10 obs)
20:29:25  src.cpcv.tuning  INFO    [tuning] logistic: 3 purged K-fold splits, 30 Optuna trials (TPE)
20:29:26  src.cpcv.tuning  INFO      logistic: 26 completed, 4 pruned (of 30 total) — best log_loss=0.6931, params={'C': 0.017670169402947963, 'penalty': 'l1'}
20:29:26  src.cpcv.tuning  INFO    [tuning] logistic done in 0.5s — best log_loss=0.6931
20:29:26  src.cpcv.tuning  INFO  Tuning total: 0.5s
20:29:26  src.cpcv.pipeline  INFO      applied logistic: {'C': 0.017670169402947963, 'penalty': 'l1'}
20:29:26  src.cpcv.pipeline  INFO    [ 73/84]             logistic (seed=0) F1=0.369  AUC=0.500  LL=0.6788 (0.0s)
20:29:26  src.cpcv.pipeline  INFO    [ 74/84]             logistic (seed=1) F1=0.369  AUC=0.500  LL=0.6788 (0.0s)
20:29:26  src.cpcv.pipeline  INFO    [ 75/84]             logistic (seed=2) F1=0.369  AUC=0.500  LL=0.6788 (0.0s)
20:29:26  src.cpcv.preprocessing  INFO  Computing MDA (Random Forest)...
20:29:59  src.cpcv.preprocessing  INFO  Computing MDA (Logistic Regression)...
20:30:00  src.cpcv.preprocessing  INFO  Multi-model MDA: 39/73 passed (MDA > 0), 34 eliminated
20:30:00  src.cpcv.preprocessing  INFO    Capped at 10 features (top_k_frac=0.15)
20:30:00  src.cpcv.preprocessing  INFO    Selected (10): ['dxy_roc_30', 'ema_ratio_50_200', 'gold_ret_14', 'kurtosis', 'log_returns', 'log_returns_lag2', 'log_returns_lag5', 'log_returns_lag6', 'smt_poly1', 'vix']
20:30:00  src.cpcv.pipeline  INFO    Preprocessing: 10 features selected, train=465 + val=100 + cal=100, test=292
20:30:00  src.cpcv.tuning  INFO  Tuning (1 model) — Optuna TPE + Purged K-Fold (inner: 3 folds, embargo=10 obs)
20:30:00  src.cpcv.tuning  INFO    [tuning] logistic: 3 purged K-fold splits, 30 Optuna trials (TPE)
20:30:00  src.cpcv.tuning  INFO      logistic: 18 completed, 12 pruned (of 30 total) — best log_loss=0.6883, params={'C': 0.13355234397279042, 'penalty': 'l1'}
20:30:00  src.cpcv.tuning  INFO    [tuning] logistic done in 0.4s — best log_loss=0.6883
20:30:00  src.cpcv.tuning  INFO  Tuning total: 0.4s
20:30:00  src.cpcv.pipeline  INFO      applied logistic: {'C': 0.13355234397279042, 'penalty': 'l1'}
20:30:00  src.cpcv.pipeline  INFO    [ 76/84]             logistic (seed=0) F1=0.505  AUC=0.517  LL=0.7265 (0.0s)
20:30:00  src.cpcv.pipeline  INFO    [ 77/84]             logistic (seed=1) F1=0.505  AUC=0.517  LL=0.7265 (0.0s)
20:30:00  src.cpcv.pipeline  INFO    [ 78/84]             logistic (seed=2) F1=0.505  AUC=0.517  LL=0.7265 (0.0s)
20:30:01  src.cpcv.preprocessing  INFO  Computing MDA (Random Forest)...
20:30:34  src.cpcv.preprocessing  INFO  Computing MDA (Logistic Regression)...
20:30:35  src.cpcv.preprocessing  INFO  Multi-model MDA: 31/73 passed (MDA > 0), 42 eliminated
20:30:35  src.cpcv.preprocessing  INFO    Capped at 10 features (top_k_frac=0.15)
20:30:35  src.cpcv.preprocessing  INFO    Selected (10): ['active_addr_roc_14', 'bb_width', 'exchange_supply_pct', 'gold_ret_14', 'log_returns_lag6', 'log_returns_lag7', 'natgas_ret_14', 'shannon_entropy', 'us10y', 'vix']
20:30:35  src.cpcv.pipeline  INFO    Preprocessing: 10 features selected, train=464 + val=100 + cal=100, test=292
20:30:35  src.cpcv.tuning  INFO  Tuning (1 model) — Optuna TPE + Purged K-Fold (inner: 3 folds, embargo=10 obs)
20:30:35  src.cpcv.tuning  INFO    [tuning] logistic: 3 purged K-fold splits, 30 Optuna trials (TPE)
20:30:35  src.cpcv.tuning  INFO      logistic: 17 completed, 13 pruned (of 30 total) — best log_loss=0.6883, params={'C': 0.12251106720354762, 'penalty': 'l1'}
20:30:35  src.cpcv.tuning  INFO    [tuning] logistic done in 0.4s — best log_loss=0.6883
20:30:35  src.cpcv.tuning  INFO  Tuning total: 0.4s
20:30:35  src.cpcv.pipeline  INFO      applied logistic: {'C': 0.12251106720354762, 'penalty': 'l1'}
20:30:35  src.cpcv.pipeline  INFO    [ 79/84]             logistic (seed=0) F1=0.350  AUC=0.522  LL=0.7342 (0.0s)
20:30:35  src.cpcv.pipeline  INFO    [ 80/84]             logistic (seed=1) F1=0.350  AUC=0.522  LL=0.7342 (0.0s)
20:30:35  src.cpcv.pipeline  INFO    [ 81/84]             logistic (seed=2) F1=0.350  AUC=0.522  LL=0.7342 (0.0s)
20:30:36  src.cpcv.preprocessing  INFO  Computing MDA (Random Forest)...
20:31:09  src.cpcv.preprocessing  INFO  Computing MDA (Logistic Regression)...
20:31:10  src.cpcv.preprocessing  INFO  Multi-model MDA: 38/73 passed (MDA > 0), 35 eliminated
20:31:10  src.cpcv.preprocessing  INFO    Capped at 10 features (top_k_frac=0.15)
20:31:10  src.cpcv.preprocessing  INFO    Selected (10): ['dxy_roc_30', 'exchange_supply_pct', 'hurst', 'log_returns_lag1', 'log_returns_lag4', 'roc_14', 'silver_ret_30', 'smt_exp', 'yield_curve_2y10y', 'yz_vol']
20:31:10  src.cpcv.pipeline  INFO    Preprocessing: 10 features selected, train=473 + val=101 + cal=102, test=292
20:31:10  src.cpcv.tuning  INFO  Tuning (1 model) — Optuna TPE + Purged K-Fold (inner: 3 folds, embargo=10 obs)
20:31:10  src.cpcv.tuning  INFO    [tuning] logistic: 3 purged K-fold splits, 30 Optuna trials (TPE)
20:31:10  src.cpcv.tuning  INFO      logistic: 27 completed, 3 pruned (of 30 total) — best log_loss=0.6931, params={'C': 0.017670169402947963, 'penalty': 'l1'}
20:31:10  src.cpcv.tuning  INFO    [tuning] logistic done in 0.5s — best log_loss=0.6931
20:31:10  src.cpcv.tuning  INFO  Tuning total: 0.5s
20:31:10  src.cpcv.pipeline  INFO      applied logistic: {'C': 0.017670169402947963, 'penalty': 'l1'}
20:31:10  src.cpcv.pipeline  INFO    [ 82/84]             logistic (seed=0) F1=0.305  AUC=0.500  LL=0.7101 (0.0s)
20:31:10  src.cpcv.pipeline  INFO    [ 83/84]             logistic (seed=1) F1=0.305  AUC=0.500  LL=0.7101 (0.0s)
20:31:10  src.cpcv.pipeline  INFO    [ 84/84]             logistic (seed=2) F1=0.305  AUC=0.500  LL=0.7101 (0.0s)
20:31:10  src.cpcv.pipeline  INFO  ============================================================
20:31:10  src.cpcv.pipeline  INFO  CPCV Pipeline Complete
20:31:10  src.cpcv.pipeline  INFO  ============================================================
20:31:10  src.cpcv.pipeline  INFO    Total time:     1030.7s (17.2m)
20:31:10  src.cpcv.pipeline  INFO    Tasks:          84 succeeded, 0 failed
20:31:10  src.cpcv.pipeline  INFO    Results keys:   84 (model, split, seed) entries
20:31:10  src.cpcv.pipeline  INFO    Backtest paths: 7
20:31:10  src.cpcv.pipeline  INFO    Tuning:         nested (per-split), 28 splits tuned, models=['logistic']
20:31:10  src.cpcv.pipeline  INFO  ============================================================
20:31:11  src.cpcv.pipeline  INFO  ============================================================
20:31:11  src.cpcv.pipeline  INFO  CPCV Pipeline
20:31:11  src.cpcv.pipeline  INFO  ============================================================
20:31:11  src.cpcv.pipeline  INFO    Models:         ['random_forest', 'xgboost']
20:31:11  src.cpcv.pipeline  INFO    Seeds/fold:     3
20:31:11  src.cpcv.pipeline  INFO    Groups (N):     8
20:31:11  src.cpcv.pipeline  INFO    Test groups (k):2
20:31:11  src.cpcv.pipeline  INFO    Embargo:        1.0%
20:31:11  src.cpcv.pipeline  INFO    FFD columns:    ['atr']
20:31:11  src.cpcv.pipeline  INFO    Samples:        1168
20:31:11  src.cpcv.pipeline  INFO    Features:       73
20:31:11  src.cpcv.pipeline  INFO    Splits:         28, Paths: 7
20:31:11  src.cpcv.pipeline  INFO    Tuning:         NESTED (per-split) — ['random_forest', 'xgboost'] [30 trials]
20:31:11  src.cpcv.pipeline  INFO  ============================================================
20:31:11  src.cpcv.preprocessing  INFO  Computing MDA (Random Forest)...
20:31:47  src.cpcv.preprocessing  INFO  Computing MDA (Logistic Regression)...
20:31:49  src.cpcv.preprocessing  INFO  Multi-model MDA: 31/73 passed (MDA > 0), 42 eliminated
20:31:49  src.cpcv.preprocessing  INFO    Capped at 10 features (top_k_frac=0.15)
20:31:49  src.cpcv.preprocessing  INFO    Selected (10): ['eth_btc_ratio', 'jarque_bera', 'log_returns', 'log_returns_lag6', 'macd_hist', 'natgas_ret_30', 'smt_exp', 'variance_ratio', 'vix', 'yield_curve_2y10y']
20:31:49  src.cpcv.pipeline  INFO    Preprocessing: 10 features selected, train=605 + val=130 + cal=130, test=93
20:31:49  src.cpcv.tuning  INFO  Tuning (2 models) — Optuna TPE + Purged K-Fold (inner: 3 folds, embargo=10 obs)
20:31:49  src.cpcv.tuning  INFO    [tuning] random_forest: 3 purged K-fold splits, 30 Optuna trials (TPE)
20:32:47  src.cpcv.tuning  INFO      random_forest: 30 completed, 0 pruned (of 30 total) — best log_loss=0.6858, params={'n_estimators': 250, 'max_depth': 2, 'min_samples_leaf': 15, 'max_features': 'sqrt'}
20:32:47  src.cpcv.tuning  INFO    [tuning] random_forest done in 58.5s — best log_loss=0.6858
20:32:47  src.cpcv.tuning  INFO    [tuning] xgboost: 3 purged K-fold splits, 30 Optuna trials (TPE)
20:32:52  src.cpcv.tuning  INFO      xgboost: 23 completed, 7 pruned (of 30 total) — best log_loss=0.6831, params={'max_depth': 1, 'learning_rate': 0.10473757076889623, 'min_child_weight': 11, 'subsample': 0.734793733388615, 'colsample_bytree': 0.6627364708298777, 'gamma': 0.027946976527462516, 'reg_alpha': 6.0860170778596224e-05, 'reg_lambda': 3.965796842719817e-08}
20:32:52  src.cpcv.tuning  INFO    [tuning] xgboost done in 5.4s — best log_loss=0.6831
20:32:52  src.cpcv.tuning  INFO  Tuning total: 63.9s
20:32:52  src.cpcv.pipeline  INFO      applied random_forest: {'n_estimators': 250, 'max_depth': 2, 'min_samples_leaf': 15, 'max_features': 'sqrt'}
20:32:52  src.cpcv.pipeline  INFO      applied xgboost: {'max_depth': 1, 'learning_rate': 0.10473757076889623, 'min_child_weight': 11, 'subsample': 0.734793733388615, 'colsample_bytree': 0.6627364708298777, 'gamma': 0.027946976527462516, 'reg_alpha': 6.0860170778596224e-05, 'reg_lambda': 3.965796842719817e-08}
20:32:53  src.cpcv.models.tree_models  INFO  RandomForest fitted: 605 samples, 10 features, 250 trees.
20:32:54  src.cpcv.pipeline  INFO    [  1/168]        random_forest (seed=0) F1=0.554  AUC=0.543  LL=0.7358 (1.2s)
20:32:54  src.cpcv.models.tree_models  INFO  RandomForest fitted: 605 samples, 10 features, 250 trees.
20:32:55  src.cpcv.pipeline  INFO    [  2/168]        random_forest (seed=1) F1=0.562  AUC=0.529  LL=0.7163 (0.9s)
20:32:55  src.cpcv.models.tree_models  INFO  RandomForest fitted: 605 samples, 10 features, 250 trees.
20:32:56  src.cpcv.pipeline  INFO    [  3/168]        random_forest (seed=2) F1=0.547  AUC=0.532  LL=0.8013 (1.0s)
20:32:56  src.cpcv.models.tree_models  INFO  XGBoost fitted: 605 samples, early stopped at iteration 13/300.
20:32:56  src.cpcv.pipeline  INFO    [  4/168]              xgboost (seed=0) F1=0.524  AUC=0.542  LL=0.6936 (0.1s)
20:32:56  src.cpcv.models.tree_models  INFO  XGBoost fitted: 605 samples, early stopped at iteration 20/300.
20:32:56  src.cpcv.pipeline  INFO    [  5/168]              xgboost (seed=1) F1=0.501  AUC=0.525  LL=0.7816 (0.1s)
20:32:56  src.cpcv.models.tree_models  INFO  XGBoost fitted: 605 samples, early stopped at iteration 4/300.
20:32:56  src.cpcv.pipeline  INFO    [  6/168]              xgboost (seed=2) F1=0.388  AUC=0.575  LL=0.6725 (0.1s)
20:32:56  src.cpcv.preprocessing  INFO  Computing MDA (Random Forest)...
20:33:34  src.cpcv.preprocessing  INFO  Computing MDA (Logistic Regression)...
20:33:35  src.cpcv.preprocessing  INFO  Multi-model MDA: 39/73 passed (MDA > 0), 34 eliminated
20:33:35  src.cpcv.preprocessing  INFO    Capped at 10 features (top_k_frac=0.15)
20:33:35  src.cpcv.preprocessing  INFO    Selected (10): ['copper_ret_14', 'ema_ratio_50_200', 'gold_ret_30', 'log_returns', 'natgas_ret_30', 'oil_ret_30', 'roc_14', 'silver_ret_30', 'stoch_d', 'yz_vol']
20:33:35  src.cpcv.pipeline  INFO    Preprocessing: 10 features selected, train=566 + val=121 + cal=122, test=146
20:33:35  src.cpcv.tuning  INFO  Tuning (2 models) — Optuna TPE + Purged K-Fold (inner: 3 folds, embargo=10 obs)
20:33:35  src.cpcv.tuning  INFO    [tuning] random_forest: 3 purged K-fold splits, 30 Optuna trials (TPE)
20:34:15  src.cpcv.tuning  INFO      random_forest: 14 completed, 16 pruned (of 30 total) — best log_loss=0.6960, params={'n_estimators': 200, 'max_depth': 2, 'min_samples_leaf': 22, 'max_features': 'log2'}
20:34:15  src.cpcv.tuning  INFO    [tuning] random_forest done in 40.0s — best log_loss=0.6960
20:34:15  src.cpcv.tuning  INFO    [tuning] xgboost: 3 purged K-fold splits, 30 Optuna trials (TPE)
20:34:19  src.cpcv.tuning  INFO      xgboost: 11 completed, 19 pruned (of 30 total) — best log_loss=0.6860, params={'max_depth': 2, 'learning_rate': 0.29624391726268573, 'min_child_weight': 36, 'subsample': 0.7750797833473411, 'colsample_bytree': 0.6940274315186068, 'gamma': 0.026575685053122352, 'reg_alpha': 0.022987744336891387, 'reg_lambda': 1.1390153224054467e-08}
20:34:19  src.cpcv.tuning  INFO    [tuning] xgboost done in 4.1s — best log_loss=0.6860
20:34:19  src.cpcv.tuning  INFO  Tuning total: 44.1s
20:34:19  src.cpcv.pipeline  INFO      applied random_forest: {'n_estimators': 200, 'max_depth': 2, 'min_samples_leaf': 22, 'max_features': 'log2'}
20:34:19  src.cpcv.pipeline  INFO      applied xgboost: {'max_depth': 2, 'learning_rate': 0.29624391726268573, 'min_child_weight': 36, 'subsample': 0.7750797833473411, 'colsample_bytree': 0.6940274315186068, 'gamma': 0.026575685053122352, 'reg_alpha': 0.022987744336891387, 'reg_lambda': 1.1390153224054467e-08}
20:34:20  src.cpcv.models.tree_models  INFO  RandomForest fitted: 566 samples, 10 features, 200 trees.
20:34:20  src.cpcv.pipeline  INFO    [  7/168]        random_forest (seed=0) F1=0.344  AUC=0.540  LL=0.7132 (0.6s)
20:34:20  src.cpcv.models.tree_models  INFO  RandomForest fitted: 566 samples, 10 features, 200 trees.
20:34:21  src.cpcv.pipeline  INFO    [  8/168]        random_forest (seed=1) F1=0.344  AUC=0.513  LL=0.7110 (0.6s)
20:34:21  src.cpcv.models.tree_models  INFO  RandomForest fitted: 566 samples, 10 features, 200 trees.
20:34:21  src.cpcv.pipeline  INFO    [  9/168]        random_forest (seed=2) F1=0.311  AUC=0.511  LL=0.7044 (0.6s)
20:34:21  src.cpcv.models.tree_models  INFO  XGBoost fitted: 566 samples, early stopped at iteration 0/300.
20:34:21  src.cpcv.pipeline  INFO    [ 10/168]              xgboost (seed=0) F1=0.440  AUC=0.491  LL=0.7273 (0.0s)
20:34:21  src.cpcv.models.tree_models  INFO  XGBoost fitted: 566 samples, early stopped at iteration 1/300.
20:34:21  src.cpcv.pipeline  INFO    [ 11/168]              xgboost (seed=1) F1=0.370  AUC=0.505  LL=0.7094 (0.0s)
20:34:21  src.cpcv.models.tree_models  INFO  XGBoost fitted: 566 samples, early stopped at iteration 0/300.
20:34:21  src.cpcv.pipeline  INFO    [ 12/168]              xgboost (seed=2) F1=0.488  AUC=0.495  LL=0.6960 (0.0s)
20:34:22  src.cpcv.preprocessing  INFO  Computing MDA (Random Forest)...
20:34:59  src.cpcv.preprocessing  INFO  Computing MDA (Logistic Regression)...
20:35:01  src.cpcv.preprocessing  INFO  Multi-model MDA: 36/73 passed (MDA > 0), 37 eliminated
20:35:01  src.cpcv.preprocessing  INFO    Capped at 10 features (top_k_frac=0.15)
20:35:01  src.cpcv.preprocessing  INFO    Selected (10): ['cci_14', 'dxy_roc_30', 'ema_ratio_20_50', 'eth_btc_ratio', 'log_returns', 'log_returns_lag1', 'log_returns_lag6', 'mvrv', 'natgas_ret_30', 'smt_poly1']
20:35:01  src.cpcv.pipeline  INFO    Preprocessing: 10 features selected, train=567 + val=122 + cal=122, test=146
20:35:01  src.cpcv.tuning  INFO  Tuning (2 models) — Optuna TPE + Purged K-Fold (inner: 3 folds, embargo=10 obs)
20:35:01  src.cpcv.tuning  INFO    [tuning] random_forest: 3 purged K-fold splits, 30 Optuna trials (TPE)
20:35:48  src.cpcv.tuning  INFO      random_forest: 19 completed, 11 pruned (of 30 total) — best log_loss=0.6816, params={'n_estimators': 200, 'max_depth': 2, 'min_samples_leaf': 16, 'max_features': 'log2'}
20:35:48  src.cpcv.tuning  INFO    [tuning] random_forest done in 47.6s — best log_loss=0.6816
20:35:48  src.cpcv.tuning  INFO    [tuning] xgboost: 3 purged K-fold splits, 30 Optuna trials (TPE)
20:35:53  src.cpcv.tuning  INFO      xgboost: 18 completed, 12 pruned (of 30 total) — best log_loss=0.6739, params={'max_depth': 2, 'learning_rate': 0.27676950463906685, 'min_child_weight': 10, 'subsample': 0.841015504089603, 'colsample_bytree': 0.8777718346547334, 'gamma': 0.14619288156723512, 'reg_alpha': 0.0010267872387722113, 'reg_lambda': 0.9922201967566802}
20:35:53  src.cpcv.tuning  INFO    [tuning] xgboost done in 4.8s — best log_loss=0.6739
20:35:53  src.cpcv.tuning  INFO  Tuning total: 52.4s
20:35:53  src.cpcv.pipeline  INFO      applied random_forest: {'n_estimators': 200, 'max_depth': 2, 'min_samples_leaf': 16, 'max_features': 'log2'}
20:35:53  src.cpcv.pipeline  INFO      applied xgboost: {'max_depth': 2, 'learning_rate': 0.27676950463906685, 'min_child_weight': 10, 'subsample': 0.841015504089603, 'colsample_bytree': 0.8777718346547334, 'gamma': 0.14619288156723512, 'reg_alpha': 0.0010267872387722113, 'reg_lambda': 0.9922201967566802}
20:35:54  src.cpcv.models.tree_models  INFO  RandomForest fitted: 567 samples, 10 features, 200 trees.
20:35:54  src.cpcv.pipeline  INFO    [ 13/168]        random_forest (seed=0) F1=0.354  AUC=0.522  LL=0.6898 (0.8s)
20:35:55  src.cpcv.models.tree_models  INFO  RandomForest fitted: 567 samples, 10 features, 200 trees.
20:35:55  src.cpcv.pipeline  INFO    [ 14/168]        random_forest (seed=1) F1=0.387  AUC=0.505  LL=0.6904 (0.8s)
20:35:55  src.cpcv.models.tree_models  INFO  RandomForest fitted: 567 samples, 10 features, 200 trees.
20:35:55  src.cpcv.pipeline  INFO    [ 15/168]        random_forest (seed=2) F1=0.354  AUC=0.487  LL=0.7007 (0.8s)
20:35:56  src.cpcv.models.tree_models  INFO  XGBoost fitted: 567 samples, early stopped at iteration 13/300.
20:35:56  src.cpcv.pipeline  INFO    [ 16/168]              xgboost (seed=0) F1=0.351  AUC=0.460  LL=0.6919 (0.1s)
20:35:56  src.cpcv.models.tree_models  INFO  XGBoost fitted: 567 samples, early stopped at iteration 11/300.
20:35:56  src.cpcv.pipeline  INFO    [ 17/168]              xgboost (seed=1) F1=0.385  AUC=0.503  LL=0.6910 (0.1s)
20:35:56  src.cpcv.models.tree_models  INFO  XGBoost fitted: 567 samples, early stopped at iteration 6/300.
20:35:56  src.cpcv.pipeline  INFO    [ 18/168]              xgboost (seed=2) F1=0.405  AUC=0.419  LL=0.6989 (0.1s)
20:35:56  src.cpcv.preprocessing  INFO  Computing MDA (Random Forest)...
20:36:34  src.cpcv.preprocessing  INFO  Computing MDA (Logistic Regression)...
20:36:35  src.cpcv.preprocessing  INFO  Multi-model MDA: 39/73 passed (MDA > 0), 34 eliminated
20:36:35  src.cpcv.preprocessing  INFO    Capped at 10 features (top_k_frac=0.15)
20:36:35  src.cpcv.preprocessing  INFO    Selected (10): ['atr', 'eth_btc_ratio', 'hashrate_roc_30', 'lz_complexity', 'mvrv', 'natgas_ret_30', 'sadf', 'sp500_ret_14', 'variance_ratio', 'vix']
20:36:35  src.cpcv.pipeline  INFO    Preprocessing: 10 features selected, train=567 + val=122 + cal=122, test=146
20:36:35  src.cpcv.tuning  INFO  Tuning (2 models) — Optuna TPE + Purged K-Fold (inner: 3 folds, embargo=10 obs)
20:36:35  src.cpcv.tuning  INFO    [tuning] random_forest: 3 purged K-fold splits, 30 Optuna trials (TPE)
20:37:21  src.cpcv.tuning  INFO      random_forest: 18 completed, 12 pruned (of 30 total) — best log_loss=0.6936, params={'n_estimators': 150, 'max_depth': 2, 'min_samples_leaf': 27, 'max_features': 'log2'}
20:37:21  src.cpcv.tuning  INFO    [tuning] random_forest done in 45.9s — best log_loss=0.6936
20:37:21  src.cpcv.tuning  INFO    [tuning] xgboost: 3 purged K-fold splits, 30 Optuna trials (TPE)
20:37:25  src.cpcv.tuning  INFO      xgboost: 20 completed, 10 pruned (of 30 total) — best log_loss=0.6890, params={'max_depth': 1, 'learning_rate': 0.04323444823345436, 'min_child_weight': 11, 'subsample': 0.9572067685840517, 'colsample_bytree': 0.8571389722362222, 'gamma': 0.10316978220772074, 'reg_alpha': 3.379888479756669e-07, 'reg_lambda': 0.1473357711352491}
20:37:25  src.cpcv.tuning  INFO    [tuning] xgboost done in 4.4s — best log_loss=0.6890
20:37:25  src.cpcv.tuning  INFO  Tuning total: 50.3s
20:37:25  src.cpcv.pipeline  INFO      applied random_forest: {'n_estimators': 150, 'max_depth': 2, 'min_samples_leaf': 27, 'max_features': 'log2'}
20:37:25  src.cpcv.pipeline  INFO      applied xgboost: {'max_depth': 1, 'learning_rate': 0.04323444823345436, 'min_child_weight': 11, 'subsample': 0.9572067685840517, 'colsample_bytree': 0.8571389722362222, 'gamma': 0.10316978220772074, 'reg_alpha': 3.379888479756669e-07, 'reg_lambda': 0.1473357711352491}
20:37:26  src.cpcv.models.tree_models  INFO  RandomForest fitted: 567 samples, 10 features, 150 trees.
20:37:26  src.cpcv.pipeline  INFO    [ 19/168]        random_forest (seed=0) F1=0.585  AUC=0.629  LL=0.6637 (0.6s)
20:37:26  src.cpcv.models.tree_models  INFO  RandomForest fitted: 567 samples, 10 features, 150 trees.
20:37:26  src.cpcv.pipeline  INFO    [ 20/168]        random_forest (seed=1) F1=0.537  AUC=0.623  LL=0.6709 (0.6s)
20:37:27  src.cpcv.models.tree_models  INFO  RandomForest fitted: 567 samples, 10 features, 150 trees.
20:37:27  src.cpcv.pipeline  INFO    [ 21/168]        random_forest (seed=2) F1=0.542  AUC=0.620  LL=0.6701 (0.6s)
20:37:27  src.cpcv.models.tree_models  INFO  XGBoost fitted: 567 samples, early stopped at iteration 26/300.
20:37:27  src.cpcv.pipeline  INFO    [ 22/168]              xgboost (seed=0) F1=0.556  AUC=0.578  LL=0.6739 (0.1s)
20:37:27  src.cpcv.models.tree_models  INFO  XGBoost fitted: 567 samples, early stopped at iteration 35/300.
20:37:27  src.cpcv.pipeline  INFO    [ 23/168]              xgboost (seed=1) F1=0.465  AUC=0.594  LL=0.6712 (0.1s)
20:37:27  src.cpcv.models.tree_models  INFO  XGBoost fitted: 567 samples, early stopped at iteration 22/300.
20:37:27  src.cpcv.pipeline  INFO    [ 24/168]              xgboost (seed=2) F1=0.465  AUC=0.582  LL=0.6761 (0.1s)
20:37:28  src.cpcv.preprocessing  INFO  Computing MDA (Random Forest)...
20:38:04  src.cpcv.preprocessing  INFO  Computing MDA (Logistic Regression)...
20:38:06  src.cpcv.preprocessing  INFO  Multi-model MDA: 36/73 passed (MDA > 0), 37 eliminated
20:38:06  src.cpcv.preprocessing  INFO    Capped at 10 features (top_k_frac=0.15)
20:38:06  src.cpcv.preprocessing  INFO    Selected (10): ['active_addr_roc_14', 'eth_btc_ratio', 'exchange_supply_pct', 'log_returns_lag1', 'log_returns_lag5', 'oil_ret_14', 'roc_14', 'skewness', 'smt_exp', 'vix']
20:38:06  src.cpcv.pipeline  INFO    Preprocessing: 10 features selected, train=567 + val=122 + cal=122, test=146
20:38:06  src.cpcv.tuning  INFO  Tuning (2 models) — Optuna TPE + Purged K-Fold (inner: 3 folds, embargo=10 obs)
20:38:06  src.cpcv.tuning  INFO    [tuning] random_forest: 3 purged K-fold splits, 30 Optuna trials (TPE)
20:38:49  src.cpcv.tuning  INFO      random_forest: 11 completed, 19 pruned (of 30 total) — best log_loss=0.6818, params={'n_estimators': 250, 'max_depth': 2, 'min_samples_leaf': 28, 'max_features': 'sqrt'}
20:38:49  src.cpcv.tuning  INFO    [tuning] random_forest done in 43.6s — best log_loss=0.6818
20:38:49  src.cpcv.tuning  INFO    [tuning] xgboost: 3 purged K-fold splits, 30 Optuna trials (TPE)
20:38:55  src.cpcv.tuning  INFO      xgboost: 11 completed, 19 pruned (of 30 total) — best log_loss=0.6771, params={'max_depth': 1, 'learning_rate': 0.06568486595879065, 'min_child_weight': 10, 'subsample': 0.8909333630712857, 'colsample_bytree': 0.6489057263725578, 'gamma': 0.8693801653136928, 'reg_alpha': 1.6807021528737714e-07, 'reg_lambda': 9.293728026657766e-08}
20:38:55  src.cpcv.tuning  INFO    [tuning] xgboost done in 5.1s — best log_loss=0.6771
20:38:55  src.cpcv.tuning  INFO  Tuning total: 48.8s
20:38:55  src.cpcv.pipeline  INFO      applied random_forest: {'n_estimators': 250, 'max_depth': 2, 'min_samples_leaf': 28, 'max_features': 'sqrt'}
20:38:55  src.cpcv.pipeline  INFO      applied xgboost: {'max_depth': 1, 'learning_rate': 0.06568486595879065, 'min_child_weight': 10, 'subsample': 0.8909333630712857, 'colsample_bytree': 0.6489057263725578, 'gamma': 0.8693801653136928, 'reg_alpha': 1.6807021528737714e-07, 'reg_lambda': 9.293728026657766e-08}
20:38:55  src.cpcv.models.tree_models  INFO  RandomForest fitted: 567 samples, 10 features, 250 trees.
20:38:56  src.cpcv.pipeline  INFO    [ 25/168]        random_forest (seed=0) F1=0.567  AUC=0.605  LL=0.6806 (1.0s)
20:38:56  src.cpcv.models.tree_models  INFO  RandomForest fitted: 567 samples, 10 features, 250 trees.
20:38:56  src.cpcv.pipeline  INFO    [ 26/168]        random_forest (seed=1) F1=0.561  AUC=0.597  LL=0.6796 (1.0s)
20:38:57  src.cpcv.models.tree_models  INFO  RandomForest fitted: 567 samples, 10 features, 250 trees.
20:38:57  src.cpcv.pipeline  INFO    [ 27/168]        random_forest (seed=2) F1=0.497  AUC=0.571  LL=0.6888 (0.9s)
20:38:57  src.cpcv.models.tree_models  INFO  XGBoost fitted: 567 samples, early stopped at iteration 0/300.
20:38:57  src.cpcv.pipeline  INFO    [ 28/168]              xgboost (seed=0) F1=0.330  AUC=0.666  LL=0.6949 (0.0s)
20:38:57  src.cpcv.models.tree_models  INFO  XGBoost fitted: 567 samples, early stopped at iteration 0/300.
20:38:58  src.cpcv.pipeline  INFO    [ 29/168]              xgboost (seed=1) F1=0.330  AUC=0.549  LL=0.6822 (0.1s)
20:38:58  src.cpcv.models.tree_models  INFO  XGBoost fitted: 567 samples, early stopped at iteration 0/300.
20:38:58  src.cpcv.pipeline  INFO    [ 30/168]              xgboost (seed=2) F1=0.551  AUC=0.556  LL=0.7679 (0.0s)
20:38:58  src.cpcv.preprocessing  INFO  Computing MDA (Random Forest)...
20:39:35  src.cpcv.preprocessing  INFO  Computing MDA (Logistic Regression)...
20:39:36  src.cpcv.preprocessing  INFO  Multi-model MDA: 40/73 passed (MDA > 0), 33 eliminated
20:39:36  src.cpcv.preprocessing  INFO    Capped at 10 features (top_k_frac=0.15)
20:39:36  src.cpcv.preprocessing  INFO    Selected (10): ['atr', 'eth_btc_ratio', 'jarque_bera', 'kurtosis', 'log_returns_lag30', 'silver_ret_30', 'variance_ratio', 'vol_term_7_30', 'vwma_ratio_20_50', 'yield_curve_2y10y']
20:39:36  src.cpcv.pipeline  INFO    Preprocessing: 10 features selected, train=567 + val=122 + cal=122, test=146
20:39:36  src.cpcv.tuning  INFO  Tuning (2 models) — Optuna TPE + Purged K-Fold (inner: 3 folds, embargo=10 obs)
20:39:36  src.cpcv.tuning  INFO    [tuning] random_forest: 3 purged K-fold splits, 30 Optuna trials (TPE)
20:40:22  src.cpcv.tuning  INFO      random_forest: 24 completed, 6 pruned (of 30 total) — best log_loss=0.6777, params={'n_estimators': 150, 'max_depth': 3, 'min_samples_leaf': 26, 'max_features': 'log2'}
20:40:22  src.cpcv.tuning  INFO    [tuning] random_forest done in 45.2s — best log_loss=0.6777
20:40:22  src.cpcv.tuning  INFO    [tuning] xgboost: 3 purged K-fold splits, 30 Optuna trials (TPE)
20:40:30  src.cpcv.tuning  INFO      xgboost: 15 completed, 15 pruned (of 30 total) — best log_loss=0.6701, params={'max_depth': 1, 'learning_rate': 0.08036072862972768, 'min_child_weight': 12, 'subsample': 0.8513232765331883, 'colsample_bytree': 0.6031679116388441, 'gamma': 0.09745787408768385, 'reg_alpha': 0.0001273618270595642, 'reg_lambda': 8.209656758006839e-05}
20:40:30  src.cpcv.tuning  INFO    [tuning] xgboost done in 8.1s — best log_loss=0.6701
20:40:30  src.cpcv.tuning  INFO  Tuning total: 53.3s
20:40:30  src.cpcv.pipeline  INFO      applied random_forest: {'n_estimators': 150, 'max_depth': 3, 'min_samples_leaf': 26, 'max_features': 'log2'}
20:40:30  src.cpcv.pipeline  INFO      applied xgboost: {'max_depth': 1, 'learning_rate': 0.08036072862972768, 'min_child_weight': 12, 'subsample': 0.8513232765331883, 'colsample_bytree': 0.6031679116388441, 'gamma': 0.09745787408768385, 'reg_alpha': 0.0001273618270595642, 'reg_lambda': 8.209656758006839e-05}
20:40:30  src.cpcv.models.tree_models  INFO  RandomForest fitted: 567 samples, 10 features, 150 trees.
20:40:30  src.cpcv.pipeline  INFO    [ 31/168]        random_forest (seed=0) F1=0.466  AUC=0.474  LL=0.7218 (0.5s)
20:40:31  src.cpcv.models.tree_models  INFO  RandomForest fitted: 567 samples, 10 features, 150 trees.
20:40:31  src.cpcv.pipeline  INFO    [ 32/168]        random_forest (seed=1) F1=0.464  AUC=0.456  LL=0.7408 (0.4s)
20:40:31  src.cpcv.models.tree_models  INFO  RandomForest fitted: 567 samples, 10 features, 150 trees.
20:40:31  src.cpcv.pipeline  INFO    [ 33/168]        random_forest (seed=2) F1=0.479  AUC=0.491  LL=0.7236 (0.5s)
20:40:31  src.cpcv.models.tree_models  INFO  XGBoost fitted: 567 samples, early stopped at iteration 77/300.
20:40:31  src.cpcv.pipeline  INFO    [ 34/168]              xgboost (seed=0) F1=0.473  AUC=0.464  LL=0.7158 (0.1s)
20:40:31  src.cpcv.models.tree_models  INFO  XGBoost fitted: 567 samples, early stopped at iteration 91/300.
20:40:31  src.cpcv.pipeline  INFO    [ 35/168]              xgboost (seed=1) F1=0.465  AUC=0.441  LL=0.7245 (0.1s)
20:40:31  src.cpcv.models.tree_models  INFO  XGBoost fitted: 567 samples, early stopped at iteration 149/300.
20:40:31  src.cpcv.pipeline  INFO    [ 36/168]              xgboost (seed=2) F1=0.459  AUC=0.445  LL=0.7314 (0.1s)
20:40:32  src.cpcv.preprocessing  INFO  Computing MDA (Random Forest)...
20:41:09  src.cpcv.preprocessing  INFO  Computing MDA (Logistic Regression)...
20:41:10  src.cpcv.preprocessing  INFO  Multi-model MDA: 40/73 passed (MDA > 0), 33 eliminated
20:41:10  src.cpcv.preprocessing  INFO    Capped at 10 features (top_k_frac=0.15)
20:41:10  src.cpcv.preprocessing  INFO    Selected (10): ['chaikin_osc', 'copper_ret_14', 'hashrate_roc_30', 'hurst', 'log_returns', 'us10y', 'variance_ratio', 'vix', 'williams_r', 'yield_curve_2y10y']
20:41:10  src.cpcv.pipeline  INFO    Preprocessing: 10 features selected, train=575 + val=123 + cal=124, test=146
20:41:10  src.cpcv.tuning  INFO  Tuning (2 models) — Optuna TPE + Purged K-Fold (inner: 3 folds, embargo=10 obs)
20:41:10  src.cpcv.tuning  INFO    [tuning] random_forest: 3 purged K-fold splits, 30 Optuna trials (TPE)
20:41:56  src.cpcv.tuning  INFO      random_forest: 12 completed, 18 pruned (of 30 total) — best log_loss=0.7045, params={'n_estimators': 250, 'max_depth': 2, 'min_samples_leaf': 28, 'max_features': 'sqrt'}
20:41:56  src.cpcv.tuning  INFO    [tuning] random_forest done in 46.2s — best log_loss=0.7045
20:41:56  src.cpcv.tuning  INFO    [tuning] xgboost: 3 purged K-fold splits, 30 Optuna trials (TPE)
20:42:00  src.cpcv.tuning  INFO      xgboost: 16 completed, 14 pruned (of 30 total) — best log_loss=0.6898, params={'max_depth': 3, 'learning_rate': 0.0347772184114833, 'min_child_weight': 16, 'subsample': 0.7879259337101081, 'colsample_bytree': 0.9106559788360594, 'gamma': 0.4120757670265673, 'reg_alpha': 1.0007308114820945e-07, 'reg_lambda': 8.03806103896627}
20:42:00  src.cpcv.tuning  INFO    [tuning] xgboost done in 3.7s — best log_loss=0.6898
20:42:00  src.cpcv.tuning  INFO  Tuning total: 49.9s
20:42:00  src.cpcv.pipeline  INFO      applied random_forest: {'n_estimators': 250, 'max_depth': 2, 'min_samples_leaf': 28, 'max_features': 'sqrt'}
20:42:00  src.cpcv.pipeline  INFO      applied xgboost: {'max_depth': 3, 'learning_rate': 0.0347772184114833, 'min_child_weight': 16, 'subsample': 0.7879259337101081, 'colsample_bytree': 0.9106559788360594, 'gamma': 0.4120757670265673, 'reg_alpha': 1.0007308114820945e-07, 'reg_lambda': 8.03806103896627}
20:42:01  src.cpcv.models.tree_models  INFO  RandomForest fitted: 575 samples, 10 features, 250 trees.
20:42:01  src.cpcv.pipeline  INFO    [ 37/168]        random_forest (seed=0) F1=0.444  AUC=0.429  LL=0.7264 (0.8s)
20:42:02  src.cpcv.models.tree_models  INFO  RandomForest fitted: 575 samples, 10 features, 250 trees.
20:42:02  src.cpcv.pipeline  INFO    [ 38/168]        random_forest (seed=1) F1=0.399  AUC=0.418  LL=0.7289 (0.8s)
20:42:02  src.cpcv.models.tree_models  INFO  RandomForest fitted: 575 samples, 10 features, 250 trees.
20:42:03  src.cpcv.pipeline  INFO    [ 39/168]        random_forest (seed=2) F1=0.430  AUC=0.423  LL=0.7248 (0.9s)
20:42:03  src.cpcv.models.tree_models  INFO  XGBoost fitted: 575 samples, early stopped at iteration 70/300.
20:42:03  src.cpcv.pipeline  INFO    [ 40/168]              xgboost (seed=0) F1=0.385  AUC=0.392  LL=0.7201 (0.1s)
20:42:03  src.cpcv.models.tree_models  INFO  XGBoost fitted: 575 samples, early stopped at iteration 80/300.
20:42:03  src.cpcv.pipeline  INFO    [ 41/168]              xgboost (seed=1) F1=0.382  AUC=0.401  LL=0.7154 (0.1s)
20:42:03  src.cpcv.models.tree_models  INFO  XGBoost fitted: 575 samples, early stopped at iteration 46/300.
20:42:03  src.cpcv.pipeline  INFO    [ 42/168]              xgboost (seed=2) F1=0.366  AUC=0.407  LL=0.7096 (0.1s)
20:42:03  src.cpcv.preprocessing  INFO  Computing MDA (Random Forest)...
20:42:37  src.cpcv.preprocessing  INFO  Computing MDA (Logistic Regression)...
20:42:39  src.cpcv.preprocessing  INFO  Multi-model MDA: 37/73 passed (MDA > 0), 36 eliminated
20:42:39  src.cpcv.preprocessing  INFO    Capped at 10 features (top_k_frac=0.15)
20:42:39  src.cpcv.preprocessing  INFO    Selected (10): ['dxy_roc_30', 'gold_ret_30', 'log_returns', 'log_returns_lag2', 'log_returns_lag4', 'natgas_ret_30', 'obv', 'rsi', 'tx_count_roc_14', 'us2y']
20:42:39  src.cpcv.pipeline  INFO    Preprocessing: 10 features selected, train=503 + val=108 + cal=108, test=239
20:42:39  src.cpcv.tuning  INFO  Tuning (2 models) — Optuna TPE + Purged K-Fold (inner: 3 folds, embargo=10 obs)
20:42:39  src.cpcv.tuning  INFO    [tuning] random_forest: 3 purged K-fold splits, 30 Optuna trials (TPE)
20:43:28  src.cpcv.tuning  INFO      random_forest: 28 completed, 2 pruned (of 30 total) — best log_loss=0.6950, params={'n_estimators': 200, 'max_depth': 2, 'min_samples_leaf': 22, 'max_features': 'log2'}
20:43:28  src.cpcv.tuning  INFO    [tuning] random_forest done in 48.9s — best log_loss=0.6950
20:43:28  src.cpcv.tuning  INFO    [tuning] xgboost: 3 purged K-fold splits, 30 Optuna trials (TPE)
20:43:32  src.cpcv.tuning  INFO      xgboost: 14 completed, 16 pruned (of 30 total) — best log_loss=0.6840, params={'max_depth': 1, 'learning_rate': 0.05388108577817234, 'min_child_weight': 11, 'subsample': 0.9637281608315128, 'colsample_bytree': 0.7035119926400067, 'gamma': 0.21137059440645725, 'reg_alpha': 6.388511557344611e-06, 'reg_lambda': 0.0004793052550782129}
20:43:32  src.cpcv.tuning  INFO    [tuning] xgboost done in 4.4s — best log_loss=0.6840
20:43:32  src.cpcv.tuning  INFO  Tuning total: 53.4s
20:43:32  src.cpcv.pipeline  INFO      applied random_forest: {'n_estimators': 200, 'max_depth': 2, 'min_samples_leaf': 22, 'max_features': 'log2'}
20:43:32  src.cpcv.pipeline  INFO      applied xgboost: {'max_depth': 1, 'learning_rate': 0.05388108577817234, 'min_child_weight': 11, 'subsample': 0.9637281608315128, 'colsample_bytree': 0.7035119926400067, 'gamma': 0.21137059440645725, 'reg_alpha': 6.388511557344611e-06, 'reg_lambda': 0.0004793052550782129}
20:43:33  src.cpcv.models.tree_models  INFO  RandomForest fitted: 503 samples, 10 features, 200 trees.
20:43:33  src.cpcv.pipeline  INFO    [ 43/168]        random_forest (seed=0) F1=0.347  AUC=0.504  LL=0.6919 (0.7s)
20:43:33  src.cpcv.models.tree_models  INFO  RandomForest fitted: 503 samples, 10 features, 200 trees.
20:43:33  src.cpcv.pipeline  INFO    [ 44/168]        random_forest (seed=1) F1=0.347  AUC=0.510  LL=0.6915 (0.6s)
20:43:34  src.cpcv.models.tree_models  INFO  RandomForest fitted: 503 samples, 10 features, 200 trees.
20:43:34  src.cpcv.pipeline  INFO    [ 45/168]        random_forest (seed=2) F1=0.347  AUC=0.525  LL=0.6907 (0.6s)
20:43:34  src.cpcv.models.tree_models  INFO  XGBoost fitted: 503 samples, early stopped at iteration 0/300.
20:43:34  src.cpcv.pipeline  INFO    [ 46/168]              xgboost (seed=0) F1=0.347  AUC=0.500  LL=0.6921 (0.0s)
20:43:34  src.cpcv.models.tree_models  INFO  XGBoost fitted: 503 samples, early stopped at iteration 6/300.
20:43:34  src.cpcv.pipeline  INFO    [ 47/168]              xgboost (seed=1) F1=0.319  AUC=0.506  LL=0.7000 (0.0s)
20:43:34  src.cpcv.models.tree_models  INFO  XGBoost fitted: 503 samples, early stopped at iteration 0/300.
20:43:34  src.cpcv.pipeline  INFO    [ 48/168]              xgboost (seed=2) F1=0.447  AUC=0.520  LL=0.6913 (0.0s)
20:43:34  src.cpcv.preprocessing  INFO  Computing MDA (Random Forest)...
20:44:08  src.cpcv.preprocessing  INFO  Computing MDA (Logistic Regression)...
20:44:09  src.cpcv.preprocessing  INFO  Multi-model MDA: 38/73 passed (MDA > 0), 35 eliminated
20:44:09  src.cpcv.preprocessing  INFO    Capped at 10 features (top_k_frac=0.15)
20:44:09  src.cpcv.preprocessing  INFO    Selected (10): ['cci_14', 'dxy_roc_30', 'eth_btc_ratio', 'hashrate_roc_30', 'log_returns_lag2', 'log_returns_lag6', 'macd', 'macd_hist', 'natgas_ret_30', 'negentropy']
20:44:09  src.cpcv.pipeline  INFO    Preprocessing: 10 features selected, train=494 + val=106 + cal=107, test=239
20:44:09  src.cpcv.tuning  INFO  Tuning (2 models) — Optuna TPE + Purged K-Fold (inner: 3 folds, embargo=10 obs)
20:44:09  src.cpcv.tuning  INFO    [tuning] random_forest: 3 purged K-fold splits, 30 Optuna trials (TPE)
20:44:59  src.cpcv.tuning  INFO      random_forest: 30 completed, 0 pruned (of 30 total) — best log_loss=0.6820, params={'n_estimators': 250, 'max_depth': 3, 'min_samples_leaf': 15, 'max_features': 'log2'}
20:44:59  src.cpcv.tuning  INFO    [tuning] random_forest done in 50.1s — best log_loss=0.6820
20:44:59  src.cpcv.tuning  INFO    [tuning] xgboost: 3 purged K-fold splits, 30 Optuna trials (TPE)
20:45:04  src.cpcv.tuning  INFO      xgboost: 21 completed, 9 pruned (of 30 total) — best log_loss=0.6804, params={'max_depth': 1, 'learning_rate': 0.08420556650516142, 'min_child_weight': 17, 'subsample': 0.9465721727676275, 'colsample_bytree': 0.7601965633164084, 'gamma': 0.3332103333641682, 'reg_alpha': 0.00014422243561457965, 'reg_lambda': 2.8699154437817864e-08}
20:45:04  src.cpcv.tuning  INFO    [tuning] xgboost done in 4.4s — best log_loss=0.6804
20:45:04  src.cpcv.tuning  INFO  Tuning total: 54.5s
20:45:04  src.cpcv.pipeline  INFO      applied random_forest: {'n_estimators': 250, 'max_depth': 3, 'min_samples_leaf': 15, 'max_features': 'log2'}
20:45:04  src.cpcv.pipeline  INFO      applied xgboost: {'max_depth': 1, 'learning_rate': 0.08420556650516142, 'min_child_weight': 17, 'subsample': 0.9465721727676275, 'colsample_bytree': 0.7601965633164084, 'gamma': 0.3332103333641682, 'reg_alpha': 0.00014422243561457965, 'reg_lambda': 2.8699154437817864e-08}
20:45:04  src.cpcv.models.tree_models  INFO  RandomForest fitted: 494 samples, 10 features, 250 trees.
20:45:05  src.cpcv.pipeline  INFO    [ 49/168]        random_forest (seed=0) F1=0.476  AUC=0.485  LL=0.7305 (0.9s)
20:45:05  src.cpcv.models.tree_models  INFO  RandomForest fitted: 494 samples, 10 features, 250 trees.
20:45:05  src.cpcv.pipeline  INFO    [ 50/168]        random_forest (seed=1) F1=0.474  AUC=0.472  LL=0.6952 (0.8s)
20:45:06  src.cpcv.models.tree_models  INFO  RandomForest fitted: 494 samples, 10 features, 250 trees.
20:45:06  src.cpcv.pipeline  INFO    [ 51/168]        random_forest (seed=2) F1=0.464  AUC=0.484  LL=0.7028 (0.8s)
20:45:06  src.cpcv.models.tree_models  INFO  XGBoost fitted: 494 samples, early stopped at iteration 41/300.
20:45:06  src.cpcv.pipeline  INFO    [ 52/168]              xgboost (seed=0) F1=0.485  AUC=0.483  LL=0.7266 (0.1s)
20:45:06  src.cpcv.models.tree_models  INFO  XGBoost fitted: 494 samples, early stopped at iteration 47/300.
20:45:06  src.cpcv.pipeline  INFO    [ 53/168]              xgboost (seed=1) F1=0.443  AUC=0.480  LL=0.7224 (0.1s)
20:45:06  src.cpcv.models.tree_models  INFO  XGBoost fitted: 494 samples, early stopped at iteration 46/300.
20:45:07  src.cpcv.pipeline  INFO    [ 54/168]              xgboost (seed=2) F1=0.497  AUC=0.490  LL=0.7099 (0.1s)
20:45:07  src.cpcv.preprocessing  INFO  Computing MDA (Random Forest)...
20:45:41  src.cpcv.preprocessing  INFO  Computing MDA (Logistic Regression)...
20:45:42  src.cpcv.preprocessing  INFO  Multi-model MDA: 37/73 passed (MDA > 0), 36 eliminated
20:45:42  src.cpcv.preprocessing  INFO    Capped at 10 features (top_k_frac=0.15)
20:45:42  src.cpcv.preprocessing  INFO    Selected (10): ['chaikin_osc', 'dxy_roc_30', 'eth_btc_ratio', 'hashrate_roc_30', 'jarque_bera', 'log_returns_lag4', 'natgas_ret_30', 'rsi', 'smt_exp', 'sp500_ret_14']
20:45:42  src.cpcv.pipeline  INFO    Preprocessing: 10 features selected, train=494 + val=106 + cal=107, test=239
20:45:42  src.cpcv.tuning  INFO  Tuning (2 models) — Optuna TPE + Purged K-Fold (inner: 3 folds, embargo=10 obs)
20:45:42  src.cpcv.tuning  INFO    [tuning] random_forest: 3 purged K-fold splits, 30 Optuna trials (TPE)
20:46:29  src.cpcv.tuning  INFO      random_forest: 27 completed, 3 pruned (of 30 total) — best log_loss=0.6863, params={'n_estimators': 150, 'max_depth': 2, 'min_samples_leaf': 24, 'max_features': 'log2'}
20:46:29  src.cpcv.tuning  INFO    [tuning] random_forest done in 47.7s — best log_loss=0.6863
20:46:29  src.cpcv.tuning  INFO    [tuning] xgboost: 3 purged K-fold splits, 30 Optuna trials (TPE)
20:46:34  src.cpcv.tuning  INFO      xgboost: 25 completed, 5 pruned (of 30 total) — best log_loss=0.6850, params={'max_depth': 1, 'learning_rate': 0.06333268775321843, 'min_child_weight': 15, 'subsample': 0.9208787923016158, 'colsample_bytree': 0.6298202574719083, 'gamma': 0.9413993046829938, 'reg_alpha': 0.08916674715636537, 'reg_lambda': 6.143857495033091e-07}
20:46:34  src.cpcv.tuning  INFO    [tuning] xgboost done in 4.4s — best log_loss=0.6850
20:46:34  src.cpcv.tuning  INFO  Tuning total: 52.0s
20:46:34  src.cpcv.pipeline  INFO      applied random_forest: {'n_estimators': 150, 'max_depth': 2, 'min_samples_leaf': 24, 'max_features': 'log2'}
20:46:34  src.cpcv.pipeline  INFO      applied xgboost: {'max_depth': 1, 'learning_rate': 0.06333268775321843, 'min_child_weight': 15, 'subsample': 0.9208787923016158, 'colsample_bytree': 0.6298202574719083, 'gamma': 0.9413993046829938, 'reg_alpha': 0.08916674715636537, 'reg_lambda': 6.143857495033091e-07}
20:46:34  src.cpcv.models.tree_models  INFO  RandomForest fitted: 494 samples, 10 features, 150 trees.
20:46:34  src.cpcv.pipeline  INFO    [ 55/168]        random_forest (seed=0) F1=0.556  AUC=0.566  LL=0.6924 (0.5s)
20:46:35  src.cpcv.models.tree_models  INFO  RandomForest fitted: 494 samples, 10 features, 150 trees.
20:46:35  src.cpcv.pipeline  INFO    [ 56/168]        random_forest (seed=1) F1=0.568  AUC=0.580  LL=0.6877 (0.4s)
20:46:35  src.cpcv.models.tree_models  INFO  RandomForest fitted: 494 samples, 10 features, 150 trees.
20:46:35  src.cpcv.pipeline  INFO    [ 57/168]        random_forest (seed=2) F1=0.554  AUC=0.583  LL=0.6975 (0.4s)
20:46:35  src.cpcv.models.tree_models  INFO  XGBoost fitted: 494 samples, early stopped at iteration 10/300.
20:46:35  src.cpcv.pipeline  INFO    [ 58/168]              xgboost (seed=0) F1=0.310  AUC=0.522  LL=0.9861 (0.0s)
20:46:35  src.cpcv.models.tree_models  INFO  XGBoost fitted: 494 samples, early stopped at iteration 11/300.
20:46:35  src.cpcv.pipeline  INFO    [ 59/168]              xgboost (seed=1) F1=0.563  AUC=0.568  LL=0.9735 (0.1s)
20:46:35  src.cpcv.models.tree_models  INFO  XGBoost fitted: 494 samples, early stopped at iteration 10/300.
20:46:35  src.cpcv.pipeline  INFO    [ 60/168]              xgboost (seed=2) F1=0.431  AUC=0.538  LL=0.8036 (0.0s)
20:46:36  src.cpcv.preprocessing  INFO  Computing MDA (Random Forest)...
20:47:09  src.cpcv.preprocessing  INFO  Computing MDA (Logistic Regression)...
20:47:11  src.cpcv.preprocessing  INFO  Multi-model MDA: 37/73 passed (MDA > 0), 36 eliminated
20:47:11  src.cpcv.preprocessing  INFO    Capped at 10 features (top_k_frac=0.15)
20:47:11  src.cpcv.preprocessing  INFO    Selected (10): ['cci_14', 'ema_ratio_20_50', 'jarque_bera', 'log_returns', 'log_returns_lag6', 'mfi_14', 'natgas_ret_14', 'natgas_ret_30', 'skewness', 'sp500_ret_14']
20:47:11  src.cpcv.pipeline  INFO    Preprocessing: 10 features selected, train=494 + val=106 + cal=107, test=239
20:47:11  src.cpcv.tuning  INFO  Tuning (2 models) — Optuna TPE + Purged K-Fold (inner: 3 folds, embargo=10 obs)
20:47:11  src.cpcv.tuning  INFO    [tuning] random_forest: 3 purged K-fold splits, 30 Optuna trials (TPE)
20:47:50  src.cpcv.tuning  INFO      random_forest: 16 completed, 14 pruned (of 30 total) — best log_loss=0.6867, params={'n_estimators': 150, 'max_depth': 2, 'min_samples_leaf': 15, 'max_features': 'log2'}
20:47:50  src.cpcv.tuning  INFO    [tuning] random_forest done in 39.5s — best log_loss=0.6867
20:47:50  src.cpcv.tuning  INFO    [tuning] xgboost: 3 purged K-fold splits, 30 Optuna trials (TPE)
20:47:54  src.cpcv.tuning  INFO      xgboost: 17 completed, 13 pruned (of 30 total) — best log_loss=0.6867, params={'max_depth': 1, 'learning_rate': 0.04000192789455315, 'min_child_weight': 19, 'subsample': 0.890782844809731, 'colsample_bytree': 0.6990420388186908, 'gamma': 0.12254178115142712, 'reg_alpha': 0.7368257037626049, 'reg_lambda': 8.875021667945243e-07}
20:47:54  src.cpcv.tuning  INFO    [tuning] xgboost done in 4.1s — best log_loss=0.6867
20:47:54  src.cpcv.tuning  INFO  Tuning total: 43.6s
20:47:54  src.cpcv.pipeline  INFO      applied random_forest: {'n_estimators': 150, 'max_depth': 2, 'min_samples_leaf': 15, 'max_features': 'log2'}
20:47:54  src.cpcv.pipeline  INFO      applied xgboost: {'max_depth': 1, 'learning_rate': 0.04000192789455315, 'min_child_weight': 19, 'subsample': 0.890782844809731, 'colsample_bytree': 0.6990420388186908, 'gamma': 0.12254178115142712, 'reg_alpha': 0.7368257037626049, 'reg_lambda': 8.875021667945243e-07}
20:47:55  src.cpcv.models.tree_models  INFO  RandomForest fitted: 494 samples, 10 features, 150 trees.
20:47:55  src.cpcv.pipeline  INFO    [ 61/168]        random_forest (seed=0) F1=0.523  AUC=0.558  LL=0.6890 (0.6s)
20:47:55  src.cpcv.models.tree_models  INFO  RandomForest fitted: 494 samples, 10 features, 150 trees.
20:47:55  src.cpcv.pipeline  INFO    [ 62/168]        random_forest (seed=1) F1=0.539  AUC=0.564  LL=0.6859 (0.6s)
20:47:56  src.cpcv.models.tree_models  INFO  RandomForest fitted: 494 samples, 10 features, 150 trees.
20:47:56  src.cpcv.pipeline  INFO    [ 63/168]        random_forest (seed=2) F1=0.547  AUC=0.554  LL=0.6856 (0.6s)
20:47:56  src.cpcv.models.tree_models  INFO  XGBoost fitted: 494 samples, early stopped at iteration 16/300.
20:47:56  src.cpcv.pipeline  INFO    [ 64/168]              xgboost (seed=0) F1=0.519  AUC=0.534  LL=0.7027 (0.1s)
20:47:56  src.cpcv.models.tree_models  INFO  XGBoost fitted: 494 samples, early stopped at iteration 8/300.
20:47:56  src.cpcv.pipeline  INFO    [ 65/168]              xgboost (seed=1) F1=0.527  AUC=0.531  LL=0.7035 (0.1s)
20:47:56  src.cpcv.models.tree_models  INFO  XGBoost fitted: 494 samples, early stopped at iteration 9/300.
20:47:56  src.cpcv.pipeline  INFO    [ 66/168]              xgboost (seed=2) F1=0.544  AUC=0.536  LL=0.7012 (0.1s)
20:47:56  src.cpcv.preprocessing  INFO  Computing MDA (Random Forest)...
20:48:30  src.cpcv.preprocessing  INFO  Computing MDA (Logistic Regression)...
20:48:31  src.cpcv.preprocessing  INFO  Multi-model MDA: 34/73 passed (MDA > 0), 39 eliminated
20:48:31  src.cpcv.preprocessing  INFO    Capped at 10 features (top_k_frac=0.15)
20:48:31  src.cpcv.preprocessing  INFO    Selected (10): ['atr', 'eth_btc_ratio', 'fee_per_tx', 'jarque_bera', 'oil_ret_14', 'skewness', 'sp500_ret_30', 'variance_ratio', 'vol_term_7_30', 'yield_curve_10y30y']
20:48:32  src.cpcv.pipeline  INFO    Preprocessing: 10 features selected, train=494 + val=106 + cal=107, test=239
20:48:32  src.cpcv.tuning  INFO  Tuning (2 models) — Optuna TPE + Purged K-Fold (inner: 3 folds, embargo=10 obs)
20:48:32  src.cpcv.tuning  INFO    [tuning] random_forest: 3 purged K-fold splits, 30 Optuna trials (TPE)
20:49:10  src.cpcv.tuning  INFO      random_forest: 13 completed, 17 pruned (of 30 total) — best log_loss=0.6745, params={'n_estimators': 200, 'max_depth': 2, 'min_samples_leaf': 22, 'max_features': 'log2'}
20:49:10  src.cpcv.tuning  INFO    [tuning] random_forest done in 38.6s — best log_loss=0.6745
20:49:10  src.cpcv.tuning  INFO    [tuning] xgboost: 3 purged K-fold splits, 30 Optuna trials (TPE)
20:49:15  src.cpcv.tuning  INFO      xgboost: 12 completed, 18 pruned (of 30 total) — best log_loss=0.6658, params={'max_depth': 1, 'learning_rate': 0.05388108577817234, 'min_child_weight': 11, 'subsample': 0.9637281608315128, 'colsample_bytree': 0.7035119926400067, 'gamma': 0.21137059440645725, 'reg_alpha': 6.388511557344611e-06, 'reg_lambda': 0.0004793052550782129}
20:49:15  src.cpcv.tuning  INFO    [tuning] xgboost done in 5.2s — best log_loss=0.6658
20:49:15  src.cpcv.tuning  INFO  Tuning total: 43.9s
20:49:15  src.cpcv.pipeline  INFO      applied random_forest: {'n_estimators': 200, 'max_depth': 2, 'min_samples_leaf': 22, 'max_features': 'log2'}
20:49:15  src.cpcv.pipeline  INFO      applied xgboost: {'max_depth': 1, 'learning_rate': 0.05388108577817234, 'min_child_weight': 11, 'subsample': 0.9637281608315128, 'colsample_bytree': 0.7035119926400067, 'gamma': 0.21137059440645725, 'reg_alpha': 6.388511557344611e-06, 'reg_lambda': 0.0004793052550782129}
20:49:16  src.cpcv.models.tree_models  INFO  RandomForest fitted: 494 samples, 10 features, 200 trees.
20:49:16  src.cpcv.pipeline  INFO    [ 67/168]        random_forest (seed=0) F1=0.445  AUC=0.480  LL=0.7997 (0.7s)
20:49:16  src.cpcv.models.tree_models  INFO  RandomForest fitted: 494 samples, 10 features, 200 trees.
20:49:17  src.cpcv.pipeline  INFO    [ 68/168]        random_forest (seed=1) F1=0.419  AUC=0.503  LL=0.7814 (0.6s)
20:49:17  src.cpcv.models.tree_models  INFO  RandomForest fitted: 494 samples, 10 features, 200 trees.
20:49:17  src.cpcv.pipeline  INFO    [ 69/168]        random_forest (seed=2) F1=0.429  AUC=0.502  LL=0.7979 (0.5s)
20:49:17  src.cpcv.models.tree_models  INFO  XGBoost fitted: 494 samples, early stopped at iteration 49/300.
20:49:17  src.cpcv.pipeline  INFO    [ 70/168]              xgboost (seed=0) F1=0.466  AUC=0.467  LL=0.8138 (0.1s)
20:49:17  src.cpcv.models.tree_models  INFO  XGBoost fitted: 494 samples, early stopped at iteration 30/300.
20:49:17  src.cpcv.pipeline  INFO    [ 71/168]              xgboost (seed=1) F1=0.468  AUC=0.478  LL=0.7589 (0.1s)
20:49:17  src.cpcv.models.tree_models  INFO  XGBoost fitted: 494 samples, early stopped at iteration 44/300.
20:49:17  src.cpcv.pipeline  INFO    [ 72/168]              xgboost (seed=2) F1=0.473  AUC=0.488  LL=0.8357 (0.1s)
20:49:18  src.cpcv.preprocessing  INFO  Computing MDA (Random Forest)...
20:49:52  src.cpcv.preprocessing  INFO  Computing MDA (Logistic Regression)...
20:49:53  src.cpcv.preprocessing  INFO  Multi-model MDA: 39/73 passed (MDA > 0), 34 eliminated
20:49:53  src.cpcv.preprocessing  INFO    Capped at 10 features (top_k_frac=0.15)
20:49:53  src.cpcv.preprocessing  INFO    Selected (10): ['dxy_roc_30', 'eth_btc_ratio', 'jarque_bera', 'log_returns_lag3', 'macd_hist', 'obv', 'oil_ret_14', 'sadf', 'williams_r', 'yz_vol']
20:49:53  src.cpcv.pipeline  INFO    Preprocessing: 10 features selected, train=502 + val=108 + cal=108, test=239
20:49:53  src.cpcv.tuning  INFO  Tuning (2 models) — Optuna TPE + Purged K-Fold (inner: 3 folds, embargo=10 obs)
20:49:53  src.cpcv.tuning  INFO    [tuning] random_forest: 3 purged K-fold splits, 30 Optuna trials (TPE)
20:50:31  src.cpcv.tuning  INFO      random_forest: 10 completed, 20 pruned (of 30 total) — best log_loss=0.6755, params={'n_estimators': 150, 'max_depth': 5, 'min_samples_leaf': 35, 'max_features': 'log2'}
20:50:31  src.cpcv.tuning  INFO    [tuning] random_forest done in 37.6s — best log_loss=0.6755
20:50:31  src.cpcv.tuning  INFO    [tuning] xgboost: 3 purged K-fold splits, 30 Optuna trials (TPE)
20:50:38  src.cpcv.tuning  INFO      xgboost: 18 completed, 12 pruned (of 30 total) — best log_loss=0.6744, params={'max_depth': 1, 'learning_rate': 0.06333268775321843, 'min_child_weight': 15, 'subsample': 0.9208787923016158, 'colsample_bytree': 0.6298202574719083, 'gamma': 0.9413993046829938, 'reg_alpha': 0.08916674715636537, 'reg_lambda': 6.143857495033091e-07}
20:50:38  src.cpcv.tuning  INFO    [tuning] xgboost done in 7.0s — best log_loss=0.6744
20:50:38  src.cpcv.tuning  INFO  Tuning total: 44.5s
20:50:38  src.cpcv.pipeline  INFO      applied random_forest: {'n_estimators': 150, 'max_depth': 5, 'min_samples_leaf': 35, 'max_features': 'log2'}
20:50:38  src.cpcv.pipeline  INFO      applied xgboost: {'max_depth': 1, 'learning_rate': 0.06333268775321843, 'min_child_weight': 15, 'subsample': 0.9208787923016158, 'colsample_bytree': 0.6298202574719083, 'gamma': 0.9413993046829938, 'reg_alpha': 0.08916674715636537, 'reg_lambda': 6.143857495033091e-07}
20:50:38  src.cpcv.models.tree_models  INFO  RandomForest fitted: 502 samples, 10 features, 150 trees.
20:50:38  src.cpcv.pipeline  INFO    [ 73/168]        random_forest (seed=0) F1=0.540  AUC=0.534  LL=0.6973 (0.5s)
20:50:38  src.cpcv.models.tree_models  INFO  RandomForest fitted: 502 samples, 10 features, 150 trees.
20:50:39  src.cpcv.pipeline  INFO    [ 74/168]        random_forest (seed=1) F1=0.517  AUC=0.543  LL=0.6842 (0.5s)
20:50:39  src.cpcv.models.tree_models  INFO  RandomForest fitted: 502 samples, 10 features, 150 trees.
20:50:39  src.cpcv.pipeline  INFO    [ 75/168]        random_forest (seed=2) F1=0.551  AUC=0.568  LL=0.6813 (0.5s)
20:50:39  src.cpcv.models.tree_models  INFO  XGBoost fitted: 502 samples, early stopped at iteration 81/300.
20:50:39  src.cpcv.pipeline  INFO    [ 76/168]              xgboost (seed=0) F1=0.536  AUC=0.540  LL=0.6849 (0.1s)
20:50:39  src.cpcv.models.tree_models  INFO  XGBoost fitted: 502 samples, early stopped at iteration 85/300.
20:50:39  src.cpcv.pipeline  INFO    [ 77/168]              xgboost (seed=1) F1=0.545  AUC=0.539  LL=0.6930 (0.1s)
20:50:39  src.cpcv.models.tree_models  INFO  XGBoost fitted: 502 samples, early stopped at iteration 164/300.
20:50:39  src.cpcv.pipeline  INFO    [ 78/168]              xgboost (seed=2) F1=0.539  AUC=0.521  LL=0.7012 (0.1s)
20:50:40  src.cpcv.preprocessing  INFO  Computing MDA (Random Forest)...
20:51:14  src.cpcv.preprocessing  INFO  Computing MDA (Logistic Regression)...
20:51:15  src.cpcv.preprocessing  INFO  Multi-model MDA: 37/73 passed (MDA > 0), 36 eliminated
20:51:15  src.cpcv.preprocessing  INFO    Capped at 10 features (top_k_frac=0.15)
20:51:15  src.cpcv.preprocessing  INFO    Selected (10): ['eth_btc_ratio', 'log_returns_lag6', 'macd_hist', 'obv', 'oil_ret_30', 'silver_ret_30', 'sp500_ret_30', 'stoch_d', 'vol_term_30_90', 'yield_curve_2y10y']
20:51:15  src.cpcv.pipeline  INFO    Preprocessing: 10 features selected, train=464 + val=99 + cal=100, test=292
20:51:15  src.cpcv.tuning  INFO  Tuning (2 models) — Optuna TPE + Purged K-Fold (inner: 3 folds, embargo=10 obs)
20:51:15  src.cpcv.tuning  INFO    [tuning] random_forest: 3 purged K-fold splits, 30 Optuna trials (TPE)
20:51:58  src.cpcv.tuning  INFO      random_forest: 16 completed, 14 pruned (of 30 total) — best log_loss=0.6855, params={'n_estimators': 200, 'max_depth': 3, 'min_samples_leaf': 17, 'max_features': 'log2'}
20:51:58  src.cpcv.tuning  INFO    [tuning] random_forest done in 43.1s — best log_loss=0.6855
20:51:58  src.cpcv.tuning  INFO    [tuning] xgboost: 3 purged K-fold splits, 30 Optuna trials (TPE)
20:52:03  src.cpcv.tuning  INFO      xgboost: 16 completed, 14 pruned (of 30 total) — best log_loss=0.6795, params={'max_depth': 1, 'learning_rate': 0.1525644701125519, 'min_child_weight': 35, 'subsample': 0.8799250051056635, 'colsample_bytree': 0.774439933428912, 'gamma': 0.10316978220772074, 'reg_alpha': 9.895037986900042e-06, 'reg_lambda': 1.9531104648788534e-08}
20:52:03  src.cpcv.tuning  INFO    [tuning] xgboost done in 4.4s — best log_loss=0.6795
20:52:03  src.cpcv.tuning  INFO  Tuning total: 47.5s
20:52:03  src.cpcv.pipeline  INFO      applied random_forest: {'n_estimators': 200, 'max_depth': 3, 'min_samples_leaf': 17, 'max_features': 'log2'}
20:52:03  src.cpcv.pipeline  INFO      applied xgboost: {'max_depth': 1, 'learning_rate': 0.1525644701125519, 'min_child_weight': 35, 'subsample': 0.8799250051056635, 'colsample_bytree': 0.774439933428912, 'gamma': 0.10316978220772074, 'reg_alpha': 9.895037986900042e-06, 'reg_lambda': 1.9531104648788534e-08}
20:52:03  src.cpcv.models.tree_models  INFO  RandomForest fitted: 464 samples, 10 features, 200 trees.
20:52:03  src.cpcv.pipeline  INFO    [ 79/168]        random_forest (seed=0) F1=0.524  AUC=0.518  LL=0.6939 (0.7s)
20:52:04  src.cpcv.models.tree_models  INFO  RandomForest fitted: 464 samples, 10 features, 200 trees.
20:52:04  src.cpcv.pipeline  INFO    [ 80/168]        random_forest (seed=1) F1=0.508  AUC=0.522  LL=0.6908 (0.6s)
20:52:04  src.cpcv.models.tree_models  INFO  RandomForest fitted: 464 samples, 10 features, 200 trees.
20:52:05  src.cpcv.pipeline  INFO    [ 81/168]        random_forest (seed=2) F1=0.521  AUC=0.514  LL=0.6952 (0.6s)
20:52:05  src.cpcv.models.tree_models  INFO  XGBoost fitted: 464 samples, early stopped at iteration 36/300.
20:52:05  src.cpcv.pipeline  INFO    [ 82/168]              xgboost (seed=0) F1=0.356  AUC=0.522  LL=0.6931 (0.1s)
20:52:05  src.cpcv.models.tree_models  INFO  XGBoost fitted: 464 samples, early stopped at iteration 17/300.
20:52:05  src.cpcv.pipeline  INFO    [ 83/168]              xgboost (seed=1) F1=0.456  AUC=0.532  LL=0.6919 (0.1s)
20:52:05  src.cpcv.models.tree_models  INFO  XGBoost fitted: 464 samples, early stopped at iteration 23/300.
20:52:05  src.cpcv.pipeline  INFO    [ 84/168]              xgboost (seed=2) F1=0.336  AUC=0.517  LL=0.6937 (0.1s)
20:52:05  src.cpcv.preprocessing  INFO  Computing MDA (Random Forest)...
20:52:39  src.cpcv.preprocessing  INFO  Computing MDA (Logistic Regression)...
20:52:41  src.cpcv.preprocessing  INFO  Multi-model MDA: 39/73 passed (MDA > 0), 34 eliminated
20:52:41  src.cpcv.preprocessing  INFO    Capped at 10 features (top_k_frac=0.15)
20:52:41  src.cpcv.preprocessing  INFO    Selected (10): ['ema_ratio_20_50', 'eth_btc_ratio', 'issuance_ntv', 'log_returns_lag4', 'mvrv', 'oil_ret_14', 'roc_14', 'stoch_d', 'us2y', 'yield_curve_10y30y']
20:52:41  src.cpcv.pipeline  INFO    Preprocessing: 10 features selected, train=455 + val=98 + cal=98, test=292
20:52:41  src.cpcv.tuning  INFO  Tuning (2 models) — Optuna TPE + Purged K-Fold (inner: 3 folds, embargo=10 obs)
20:52:41  src.cpcv.tuning  INFO    [tuning] random_forest: 3 purged K-fold splits, 30 Optuna trials (TPE)
20:53:23  src.cpcv.tuning  INFO      random_forest: 16 completed, 14 pruned (of 30 total) — best log_loss=0.6961, params={'n_estimators': 200, 'max_depth': 2, 'min_samples_leaf': 18, 'max_features': 'log2'}
20:53:23  src.cpcv.tuning  INFO    [tuning] random_forest done in 42.0s — best log_loss=0.6961
20:53:23  src.cpcv.tuning  INFO    [tuning] xgboost: 3 purged K-fold splits, 30 Optuna trials (TPE)
20:53:27  src.cpcv.tuning  INFO      xgboost: 11 completed, 19 pruned (of 30 total) — best log_loss=0.6901, params={'max_depth': 2, 'learning_rate': 0.14447746112718687, 'min_child_weight': 18, 'subsample': 0.8056937753654446, 'colsample_bytree': 0.836965827544817, 'gamma': 0.012385137298860933, 'reg_alpha': 0.0029369981104377003, 'reg_lambda': 3.425445902633376e-07}
20:53:27  src.cpcv.tuning  INFO    [tuning] xgboost done in 4.0s — best log_loss=0.6901
20:53:27  src.cpcv.tuning  INFO  Tuning total: 46.0s
20:53:27  src.cpcv.pipeline  INFO      applied random_forest: {'n_estimators': 200, 'max_depth': 2, 'min_samples_leaf': 18, 'max_features': 'log2'}
20:53:27  src.cpcv.pipeline  INFO      applied xgboost: {'max_depth': 2, 'learning_rate': 0.14447746112718687, 'min_child_weight': 18, 'subsample': 0.8056937753654446, 'colsample_bytree': 0.836965827544817, 'gamma': 0.012385137298860933, 'reg_alpha': 0.0029369981104377003, 'reg_lambda': 3.425445902633376e-07}
20:53:27  src.cpcv.models.tree_models  INFO  RandomForest fitted: 455 samples, 10 features, 200 trees.
20:53:27  src.cpcv.pipeline  INFO    [ 85/168]        random_forest (seed=0) F1=0.438  AUC=0.397  LL=0.7659 (0.9s)
20:53:28  src.cpcv.models.tree_models  INFO  RandomForest fitted: 455 samples, 10 features, 200 trees.
20:53:28  src.cpcv.pipeline  INFO    [ 86/168]        random_forest (seed=1) F1=0.428  AUC=0.390  LL=0.7429 (0.7s)
20:53:29  src.cpcv.models.tree_models  INFO  RandomForest fitted: 455 samples, 10 features, 200 trees.
20:53:29  src.cpcv.pipeline  INFO    [ 87/168]        random_forest (seed=2) F1=0.438  AUC=0.401  LL=0.7486 (0.7s)
20:53:29  src.cpcv.models.tree_models  INFO  XGBoost fitted: 455 samples, early stopped at iteration 8/300.
20:53:29  src.cpcv.pipeline  INFO    [ 88/168]              xgboost (seed=0) F1=0.413  AUC=0.392  LL=0.7844 (0.0s)
20:53:29  src.cpcv.models.tree_models  INFO  XGBoost fitted: 455 samples, early stopped at iteration 4/300.
20:53:29  src.cpcv.pipeline  INFO    [ 89/168]              xgboost (seed=1) F1=0.372  AUC=0.420  LL=0.7131 (0.0s)
20:53:29  src.cpcv.models.tree_models  INFO  XGBoost fitted: 455 samples, early stopped at iteration 18/300.
20:53:29  src.cpcv.pipeline  INFO    [ 90/168]              xgboost (seed=2) F1=0.386  AUC=0.389  LL=0.7130 (0.1s)
20:53:29  src.cpcv.preprocessing  INFO  Computing MDA (Random Forest)...
20:54:03  src.cpcv.preprocessing  INFO  Computing MDA (Logistic Regression)...
20:54:04  src.cpcv.preprocessing  INFO  Multi-model MDA: 30/73 passed (MDA > 0), 43 eliminated
20:54:04  src.cpcv.preprocessing  INFO    Capped at 10 features (top_k_frac=0.15)
20:54:04  src.cpcv.preprocessing  INFO    Selected (10): ['ema_ratio_50_200', 'log_returns_lag2', 'log_returns_lag7', 'natgas_ret_14', 'rsi', 'skewness', 'sp500_ret_14', 'us10y', 'us2y', 'yield_curve_10y30y']
20:54:04  src.cpcv.pipeline  INFO    Preprocessing: 10 features selected, train=455 + val=98 + cal=98, test=292
20:54:04  src.cpcv.tuning  INFO  Tuning (2 models) — Optuna TPE + Purged K-Fold (inner: 3 folds, embargo=10 obs)
20:54:04  src.cpcv.tuning  INFO    [tuning] random_forest: 3 purged K-fold splits, 30 Optuna trials (TPE)
20:54:50  src.cpcv.tuning  INFO      random_forest: 20 completed, 10 pruned (of 30 total) — best log_loss=0.6844, params={'n_estimators': 200, 'max_depth': 2, 'min_samples_leaf': 40, 'max_features': 'log2'}
20:54:50  src.cpcv.tuning  INFO    [tuning] random_forest done in 45.7s — best log_loss=0.6844
20:54:50  src.cpcv.tuning  INFO    [tuning] xgboost: 3 purged K-fold splits, 30 Optuna trials (TPE)
20:54:55  src.cpcv.tuning  INFO      xgboost: 13 completed, 17 pruned (of 30 total) — best log_loss=0.6728, params={'max_depth': 2, 'learning_rate': 0.14447746112718687, 'min_child_weight': 18, 'subsample': 0.8056937753654446, 'colsample_bytree': 0.836965827544817, 'gamma': 0.012385137298860933, 'reg_alpha': 0.0029369981104377003, 'reg_lambda': 3.425445902633376e-07}
20:54:55  src.cpcv.tuning  INFO    [tuning] xgboost done in 5.6s — best log_loss=0.6728
20:54:55  src.cpcv.tuning  INFO  Tuning total: 51.3s
20:54:55  src.cpcv.pipeline  INFO      applied random_forest: {'n_estimators': 200, 'max_depth': 2, 'min_samples_leaf': 40, 'max_features': 'log2'}
20:54:55  src.cpcv.pipeline  INFO      applied xgboost: {'max_depth': 2, 'learning_rate': 0.14447746112718687, 'min_child_weight': 18, 'subsample': 0.8056937753654446, 'colsample_bytree': 0.836965827544817, 'gamma': 0.012385137298860933, 'reg_alpha': 0.0029369981104377003, 'reg_lambda': 3.425445902633376e-07}
20:54:56  src.cpcv.models.tree_models  INFO  RandomForest fitted: 455 samples, 10 features, 200 trees.
20:54:56  src.cpcv.pipeline  INFO    [ 91/168]        random_forest (seed=0) F1=0.483  AUC=0.540  LL=0.6987 (0.8s)
20:54:57  src.cpcv.models.tree_models  INFO  RandomForest fitted: 455 samples, 10 features, 200 trees.
20:54:57  src.cpcv.pipeline  INFO    [ 92/168]        random_forest (seed=1) F1=0.486  AUC=0.538  LL=0.6980 (0.8s)
20:54:57  src.cpcv.models.tree_models  INFO  RandomForest fitted: 455 samples, 10 features, 200 trees.
20:54:58  src.cpcv.pipeline  INFO    [ 93/168]        random_forest (seed=2) F1=0.475  AUC=0.529  LL=0.6974 (0.6s)
20:54:58  src.cpcv.models.tree_models  INFO  XGBoost fitted: 455 samples, early stopped at iteration 34/300.
20:54:58  src.cpcv.pipeline  INFO    [ 94/168]              xgboost (seed=0) F1=0.496  AUC=0.520  LL=0.6972 (0.1s)
20:54:58  src.cpcv.models.tree_models  INFO  XGBoost fitted: 455 samples, early stopped at iteration 0/300.
20:54:58  src.cpcv.pipeline  INFO    [ 95/168]              xgboost (seed=1) F1=0.445  AUC=0.495  LL=0.7031 (0.0s)
20:54:58  src.cpcv.models.tree_models  INFO  XGBoost fitted: 455 samples, early stopped at iteration 35/300.
20:54:58  src.cpcv.pipeline  INFO    [ 96/168]              xgboost (seed=2) F1=0.491  AUC=0.512  LL=0.7078 (0.1s)
20:54:58  src.cpcv.preprocessing  INFO  Computing MDA (Random Forest)...
20:55:32  src.cpcv.preprocessing  INFO  Computing MDA (Logistic Regression)...
20:55:33  src.cpcv.preprocessing  INFO  Multi-model MDA: 37/73 passed (MDA > 0), 36 eliminated
20:55:33  src.cpcv.preprocessing  INFO    Capped at 10 features (top_k_frac=0.15)
20:55:33  src.cpcv.preprocessing  INFO    Selected (10): ['exchange_supply_pct', 'jarque_bera', 'log_returns_lag5', 'lz_complexity', 'nasdaq_ret_14', 'oil_ret_14', 'rsi', 'sadf', 'silver_ret_30', 'smt_exp']
20:55:33  src.cpcv.pipeline  INFO    Preprocessing: 10 features selected, train=455 + val=98 + cal=98, test=292
20:55:33  src.cpcv.tuning  INFO  Tuning (2 models) — Optuna TPE + Purged K-Fold (inner: 3 folds, embargo=10 obs)
20:55:33  src.cpcv.tuning  INFO    [tuning] random_forest: 3 purged K-fold splits, 30 Optuna trials (TPE)
20:56:24  src.cpcv.tuning  INFO      random_forest: 30 completed, 0 pruned (of 30 total) — best log_loss=0.6842, params={'n_estimators': 200, 'max_depth': 3, 'min_samples_leaf': 26, 'max_features': 'sqrt'}
20:56:24  src.cpcv.tuning  INFO    [tuning] random_forest done in 50.5s — best log_loss=0.6842
20:56:24  src.cpcv.tuning  INFO    [tuning] xgboost: 3 purged K-fold splits, 30 Optuna trials (TPE)
20:56:30  src.cpcv.tuning  INFO      xgboost: 22 completed, 8 pruned (of 30 total) — best log_loss=0.6826, params={'max_depth': 1, 'learning_rate': 0.05388108577817234, 'min_child_weight': 11, 'subsample': 0.9637281608315128, 'colsample_bytree': 0.7035119926400067, 'gamma': 0.21137059440645725, 'reg_alpha': 6.388511557344611e-06, 'reg_lambda': 0.0004793052550782129}
20:56:30  src.cpcv.tuning  INFO    [tuning] xgboost done in 5.9s — best log_loss=0.6826
20:56:30  src.cpcv.tuning  INFO  Tuning total: 56.4s
20:56:30  src.cpcv.pipeline  INFO      applied random_forest: {'n_estimators': 200, 'max_depth': 3, 'min_samples_leaf': 26, 'max_features': 'sqrt'}
20:56:30  src.cpcv.pipeline  INFO      applied xgboost: {'max_depth': 1, 'learning_rate': 0.05388108577817234, 'min_child_weight': 11, 'subsample': 0.9637281608315128, 'colsample_bytree': 0.7035119926400067, 'gamma': 0.21137059440645725, 'reg_alpha': 6.388511557344611e-06, 'reg_lambda': 0.0004793052550782129}
20:56:30  src.cpcv.models.tree_models  INFO  RandomForest fitted: 455 samples, 10 features, 200 trees.
20:56:30  src.cpcv.pipeline  INFO    [ 97/168]        random_forest (seed=0) F1=0.544  AUC=0.539  LL=0.7102 (0.7s)
20:56:31  src.cpcv.models.tree_models  INFO  RandomForest fitted: 455 samples, 10 features, 200 trees.
20:56:31  src.cpcv.pipeline  INFO    [ 98/168]        random_forest (seed=1) F1=0.504  AUC=0.512  LL=0.7160 (0.6s)
20:56:31  src.cpcv.models.tree_models  INFO  RandomForest fitted: 455 samples, 10 features, 200 trees.
20:56:32  src.cpcv.pipeline  INFO    [ 99/168]        random_forest (seed=2) F1=0.532  AUC=0.514  LL=0.7343 (0.6s)
20:56:32  src.cpcv.models.tree_models  INFO  XGBoost fitted: 455 samples, early stopped at iteration 8/300.
20:56:32  src.cpcv.pipeline  INFO    [100/168]              xgboost (seed=0) F1=0.488  AUC=0.505  LL=0.7128 (0.0s)
20:56:32  src.cpcv.models.tree_models  INFO  XGBoost fitted: 455 samples, early stopped at iteration 23/300.
20:56:32  src.cpcv.pipeline  INFO    [101/168]              xgboost (seed=1) F1=0.520  AUC=0.521  LL=0.7184 (0.1s)
20:56:32  src.cpcv.models.tree_models  INFO  XGBoost fitted: 455 samples, early stopped at iteration 16/300.
20:56:32  src.cpcv.pipeline  INFO    [102/168]              xgboost (seed=2) F1=0.523  AUC=0.516  LL=0.7197 (0.1s)
20:56:32  src.cpcv.preprocessing  INFO  Computing MDA (Random Forest)...
20:57:05  src.cpcv.preprocessing  INFO  Computing MDA (Logistic Regression)...
20:57:07  src.cpcv.preprocessing  INFO  Multi-model MDA: 40/73 passed (MDA > 0), 33 eliminated
20:57:07  src.cpcv.preprocessing  INFO    Capped at 10 features (top_k_frac=0.15)
20:57:07  src.cpcv.preprocessing  INFO    Selected (10): ['exchange_supply_pct', 'fee_per_tx', 'gk_vol', 'jarque_bera', 'kurtosis', 'log_returns_lag1', 'macd_hist', 'natgas_ret_30', 'obv', 'sadf']
20:57:07  src.cpcv.pipeline  INFO    Preprocessing: 10 features selected, train=463 + val=99 + cal=100, test=292
20:57:07  src.cpcv.tuning  INFO  Tuning (2 models) — Optuna TPE + Purged K-Fold (inner: 3 folds, embargo=10 obs)
20:57:07  src.cpcv.tuning  INFO    [tuning] random_forest: 3 purged K-fold splits, 30 Optuna trials (TPE)
20:58:01  src.cpcv.tuning  INFO      random_forest: 30 completed, 0 pruned (of 30 total) — best log_loss=0.6830, params={'n_estimators': 200, 'max_depth': 4, 'min_samples_leaf': 30, 'max_features': 'sqrt'}
20:58:01  src.cpcv.tuning  INFO    [tuning] random_forest done in 54.3s — best log_loss=0.6830
20:58:01  src.cpcv.tuning  INFO    [tuning] xgboost: 3 purged K-fold splits, 30 Optuna trials (TPE)
20:58:08  src.cpcv.tuning  INFO      xgboost: 28 completed, 2 pruned (of 30 total) — best log_loss=0.6703, params={'max_depth': 1, 'learning_rate': 0.06201896466302784, 'min_child_weight': 14, 'subsample': 0.9957868498862466, 'colsample_bytree': 0.7851073037724142, 'gamma': 0.8693801653136928, 'reg_alpha': 4.7995442120702527e-05, 'reg_lambda': 2.9972543545864732e-06}
20:58:08  src.cpcv.tuning  INFO    [tuning] xgboost done in 6.9s — best log_loss=0.6703
20:58:08  src.cpcv.tuning  INFO  Tuning total: 61.2s
20:58:08  src.cpcv.pipeline  INFO      applied random_forest: {'n_estimators': 200, 'max_depth': 4, 'min_samples_leaf': 30, 'max_features': 'sqrt'}
20:58:08  src.cpcv.pipeline  INFO      applied xgboost: {'max_depth': 1, 'learning_rate': 0.06201896466302784, 'min_child_weight': 14, 'subsample': 0.9957868498862466, 'colsample_bytree': 0.7851073037724142, 'gamma': 0.8693801653136928, 'reg_alpha': 4.7995442120702527e-05, 'reg_lambda': 2.9972543545864732e-06}
20:58:08  src.cpcv.models.tree_models  INFO  RandomForest fitted: 463 samples, 10 features, 200 trees.
20:58:09  src.cpcv.pipeline  INFO    [103/168]        random_forest (seed=0) F1=0.398  AUC=0.511  LL=0.7167 (0.7s)
20:58:09  src.cpcv.models.tree_models  INFO  RandomForest fitted: 463 samples, 10 features, 200 trees.
20:58:09  src.cpcv.pipeline  INFO    [104/168]        random_forest (seed=1) F1=0.427  AUC=0.494  LL=0.7301 (0.6s)
20:58:10  src.cpcv.models.tree_models  INFO  RandomForest fitted: 463 samples, 10 features, 200 trees.
20:58:10  src.cpcv.pipeline  INFO    [105/168]        random_forest (seed=2) F1=0.398  AUC=0.497  LL=0.7265 (0.7s)
20:58:10  src.cpcv.models.tree_models  INFO  XGBoost fitted: 463 samples, early stopped at iteration 49/300.
20:58:10  src.cpcv.pipeline  INFO    [106/168]              xgboost (seed=0) F1=0.361  AUC=0.498  LL=0.7224 (0.1s)
20:58:10  src.cpcv.models.tree_models  INFO  XGBoost fitted: 463 samples, early stopped at iteration 79/300.
20:58:10  src.cpcv.pipeline  INFO    [107/168]              xgboost (seed=1) F1=0.361  AUC=0.500  LL=0.7260 (0.1s)
20:58:10  src.cpcv.models.tree_models  INFO  XGBoost fitted: 463 samples, early stopped at iteration 82/300.
20:58:10  src.cpcv.pipeline  INFO    [108/168]              xgboost (seed=2) F1=0.359  AUC=0.490  LL=0.7288 (0.1s)
20:58:11  src.cpcv.preprocessing  INFO  Computing MDA (Random Forest)...
20:58:45  src.cpcv.preprocessing  INFO  Computing MDA (Logistic Regression)...
20:58:46  src.cpcv.preprocessing  INFO  Multi-model MDA: 39/73 passed (MDA > 0), 34 eliminated
20:58:46  src.cpcv.preprocessing  INFO    Capped at 10 features (top_k_frac=0.15)
20:58:46  src.cpcv.preprocessing  INFO    Selected (10): ['copper_ret_14', 'eth_btc_ratio', 'kurtosis', 'log_returns_lag14', 'log_returns_lag3', 'log_returns_lag7', 'lz_complexity', 'oil_ret_14', 'skewness', 'sp500_ret_30']
20:58:46  src.cpcv.pipeline  INFO    Preprocessing: 10 features selected, train=465 + val=100 + cal=100, test=292
20:58:46  src.cpcv.tuning  INFO  Tuning (2 models) — Optuna TPE + Purged K-Fold (inner: 3 folds, embargo=10 obs)
20:58:46  src.cpcv.tuning  INFO    [tuning] random_forest: 3 purged K-fold splits, 30 Optuna trials (TPE)
20:59:30  src.cpcv.tuning  INFO      random_forest: 13 completed, 17 pruned (of 30 total) — best log_loss=0.6922, params={'n_estimators': 250, 'max_depth': 2, 'min_samples_leaf': 28, 'max_features': 'sqrt'}
20:59:30  src.cpcv.tuning  INFO    [tuning] random_forest done in 44.0s — best log_loss=0.6922
20:59:30  src.cpcv.tuning  INFO    [tuning] xgboost: 3 purged K-fold splits, 30 Optuna trials (TPE)
20:59:34  src.cpcv.tuning  INFO      xgboost: 13 completed, 17 pruned (of 30 total) — best log_loss=0.6856, params={'max_depth': 1, 'learning_rate': 0.05066279925177419, 'min_child_weight': 16, 'subsample': 0.9783238879894852, 'colsample_bytree': 0.6133578302780329, 'gamma': 0.9321025261507412, 'reg_alpha': 3.916754593973678e-05, 'reg_lambda': 0.0037653511867646863}
20:59:34  src.cpcv.tuning  INFO    [tuning] xgboost done in 3.9s — best log_loss=0.6856
20:59:34  src.cpcv.tuning  INFO  Tuning total: 47.9s
20:59:34  src.cpcv.pipeline  INFO      applied random_forest: {'n_estimators': 250, 'max_depth': 2, 'min_samples_leaf': 28, 'max_features': 'sqrt'}
20:59:34  src.cpcv.pipeline  INFO      applied xgboost: {'max_depth': 1, 'learning_rate': 0.05066279925177419, 'min_child_weight': 16, 'subsample': 0.9783238879894852, 'colsample_bytree': 0.6133578302780329, 'gamma': 0.9321025261507412, 'reg_alpha': 3.916754593973678e-05, 'reg_lambda': 0.0037653511867646863}
20:59:35  src.cpcv.models.tree_models  INFO  RandomForest fitted: 465 samples, 10 features, 250 trees.
20:59:35  src.cpcv.pipeline  INFO    [109/168]        random_forest (seed=0) F1=0.445  AUC=0.410  LL=0.7151 (0.8s)
20:59:35  src.cpcv.models.tree_models  INFO  RandomForest fitted: 465 samples, 10 features, 250 trees.
20:59:35  src.cpcv.pipeline  INFO    [110/168]        random_forest (seed=1) F1=0.417  AUC=0.409  LL=0.7066 (0.7s)
20:59:36  src.cpcv.models.tree_models  INFO  RandomForest fitted: 465 samples, 10 features, 250 trees.
20:59:36  src.cpcv.pipeline  INFO    [111/168]        random_forest (seed=2) F1=0.421  AUC=0.411  LL=0.7062 (0.7s)
20:59:36  src.cpcv.models.tree_models  INFO  XGBoost fitted: 465 samples, early stopped at iteration 6/300.
20:59:36  src.cpcv.pipeline  INFO    [112/168]              xgboost (seed=0) F1=0.430  AUC=0.424  LL=0.6981 (0.0s)
20:59:36  src.cpcv.models.tree_models  INFO  XGBoost fitted: 465 samples, early stopped at iteration 20/300.
20:59:36  src.cpcv.pipeline  INFO    [113/168]              xgboost (seed=1) F1=0.445  AUC=0.407  LL=0.7005 (0.1s)
20:59:36  src.cpcv.models.tree_models  INFO  XGBoost fitted: 465 samples, early stopped at iteration 10/300.
20:59:36  src.cpcv.pipeline  INFO    [114/168]              xgboost (seed=2) F1=0.439  AUC=0.416  LL=0.6949 (0.0s)
20:59:37  src.cpcv.preprocessing  INFO  Computing MDA (Random Forest)...
21:00:10  src.cpcv.preprocessing  INFO  Computing MDA (Logistic Regression)...
21:00:11  src.cpcv.preprocessing  INFO  Multi-model MDA: 38/73 passed (MDA > 0), 35 eliminated
21:00:11  src.cpcv.preprocessing  INFO    Capped at 10 features (top_k_frac=0.15)
21:00:11  src.cpcv.preprocessing  INFO    Selected (10): ['ema_ratio_20_50', 'log_returns_lag30', 'log_returns_lag5', 'log_returns_lag6', 'mvrv', 'silver_ret_14', 'skewness', 'us10y', 'variance_ratio', 'vix']
21:00:11  src.cpcv.pipeline  INFO    Preprocessing: 10 features selected, train=457 + val=98 + cal=98, test=292
21:00:11  src.cpcv.tuning  INFO  Tuning (2 models) — Optuna TPE + Purged K-Fold (inner: 3 folds, embargo=10 obs)
21:00:11  src.cpcv.tuning  INFO    [tuning] random_forest: 3 purged K-fold splits, 30 Optuna trials (TPE)
21:00:50  src.cpcv.tuning  INFO      random_forest: 14 completed, 16 pruned (of 30 total) — best log_loss=0.6803, params={'n_estimators': 200, 'max_depth': 2, 'min_samples_leaf': 16, 'max_features': 'log2'}
21:00:50  src.cpcv.tuning  INFO    [tuning] random_forest done in 39.2s — best log_loss=0.6803
21:00:50  src.cpcv.tuning  INFO    [tuning] xgboost: 3 purged K-fold splits, 30 Optuna trials (TPE)
21:00:55  src.cpcv.tuning  INFO      xgboost: 12 completed, 18 pruned (of 30 total) — best log_loss=0.6787, params={'max_depth': 1, 'learning_rate': 0.04323444823345436, 'min_child_weight': 11, 'subsample': 0.9572067685840517, 'colsample_bytree': 0.8571389722362222, 'gamma': 0.10316978220772074, 'reg_alpha': 3.379888479756669e-07, 'reg_lambda': 0.1473357711352491}
21:00:55  src.cpcv.tuning  INFO    [tuning] xgboost done in 4.1s — best log_loss=0.6787
21:00:55  src.cpcv.tuning  INFO  Tuning total: 43.4s
21:00:55  src.cpcv.pipeline  INFO      applied random_forest: {'n_estimators': 200, 'max_depth': 2, 'min_samples_leaf': 16, 'max_features': 'log2'}
21:00:55  src.cpcv.pipeline  INFO      applied xgboost: {'max_depth': 1, 'learning_rate': 0.04323444823345436, 'min_child_weight': 11, 'subsample': 0.9572067685840517, 'colsample_bytree': 0.8571389722362222, 'gamma': 0.10316978220772074, 'reg_alpha': 3.379888479756669e-07, 'reg_lambda': 0.1473357711352491}
21:00:55  src.cpcv.models.tree_models  INFO  RandomForest fitted: 457 samples, 10 features, 200 trees.
21:00:55  src.cpcv.pipeline  INFO    [115/168]        random_forest (seed=0) F1=0.522  AUC=0.541  LL=0.7374 (0.8s)
21:00:56  src.cpcv.models.tree_models  INFO  RandomForest fitted: 457 samples, 10 features, 200 trees.
21:00:56  src.cpcv.pipeline  INFO    [116/168]        random_forest (seed=1) F1=0.515  AUC=0.534  LL=0.7318 (0.7s)
21:00:57  src.cpcv.models.tree_models  INFO  RandomForest fitted: 457 samples, 10 features, 200 trees.
21:00:57  src.cpcv.pipeline  INFO    [117/168]        random_forest (seed=2) F1=0.530  AUC=0.544  LL=0.7425 (0.8s)
21:00:57  src.cpcv.models.tree_models  INFO  XGBoost fitted: 457 samples, early stopped at iteration 0/300.
21:00:57  src.cpcv.pipeline  INFO    [118/168]              xgboost (seed=0) F1=0.541  AUC=0.543  LL=0.7582 (0.1s)
21:00:57  src.cpcv.models.tree_models  INFO  XGBoost fitted: 457 samples, early stopped at iteration 0/300.
21:00:57  src.cpcv.pipeline  INFO    [119/168]              xgboost (seed=1) F1=0.541  AUC=0.543  LL=0.7582 (0.1s)
21:00:57  src.cpcv.models.tree_models  INFO  XGBoost fitted: 457 samples, early stopped at iteration 0/300.
21:00:57  src.cpcv.pipeline  INFO    [120/168]              xgboost (seed=2) F1=0.541  AUC=0.543  LL=0.7582 (0.1s)
21:00:57  src.cpcv.preprocessing  INFO  Computing MDA (Random Forest)...
21:01:32  src.cpcv.preprocessing  INFO  Computing MDA (Logistic Regression)...
21:01:33  src.cpcv.preprocessing  INFO  Multi-model MDA: 37/73 passed (MDA > 0), 36 eliminated
21:01:33  src.cpcv.preprocessing  INFO    Capped at 10 features (top_k_frac=0.15)
21:01:33  src.cpcv.preprocessing  INFO    Selected (10): ['eth_btc_ratio', 'gold_ret_30', 'kurtosis', 'log_returns_lag7', 'macd_hist', 'realized_vol', 'silver_ret_30', 'variance_ratio', 'williams_r', 'yield_curve_2y10y']
21:01:33  src.cpcv.pipeline  INFO    Preprocessing: 10 features selected, train=457 + val=98 + cal=98, test=292
21:01:33  src.cpcv.tuning  INFO  Tuning (2 models) — Optuna TPE + Purged K-Fold (inner: 3 folds, embargo=10 obs)
21:01:33  src.cpcv.tuning  INFO    [tuning] random_forest: 3 purged K-fold splits, 30 Optuna trials (TPE)
21:02:20  src.cpcv.tuning  INFO      random_forest: 15 completed, 15 pruned (of 30 total) — best log_loss=0.6702, params={'n_estimators': 200, 'max_depth': 3, 'min_samples_leaf': 35, 'max_features': 'sqrt'}
21:02:20  src.cpcv.tuning  INFO    [tuning] random_forest done in 47.2s — best log_loss=0.6702
21:02:20  src.cpcv.tuning  INFO    [tuning] xgboost: 3 purged K-fold splits, 30 Optuna trials (TPE)
21:02:28  src.cpcv.tuning  INFO      xgboost: 18 completed, 12 pruned (of 30 total) — best log_loss=0.6601, params={'max_depth': 1, 'learning_rate': 0.06333268775321843, 'min_child_weight': 15, 'subsample': 0.9208787923016158, 'colsample_bytree': 0.6298202574719083, 'gamma': 0.9413993046829938, 'reg_alpha': 0.08916674715636537, 'reg_lambda': 6.143857495033091e-07}
21:02:28  src.cpcv.tuning  INFO    [tuning] xgboost done in 7.9s — best log_loss=0.6601
21:02:28  src.cpcv.tuning  INFO  Tuning total: 55.1s
21:02:28  src.cpcv.pipeline  INFO      applied random_forest: {'n_estimators': 200, 'max_depth': 3, 'min_samples_leaf': 35, 'max_features': 'sqrt'}
21:02:28  src.cpcv.pipeline  INFO      applied xgboost: {'max_depth': 1, 'learning_rate': 0.06333268775321843, 'min_child_weight': 15, 'subsample': 0.9208787923016158, 'colsample_bytree': 0.6298202574719083, 'gamma': 0.9413993046829938, 'reg_alpha': 0.08916674715636537, 'reg_lambda': 6.143857495033091e-07}
21:02:29  src.cpcv.models.tree_models  INFO  RandomForest fitted: 457 samples, 10 features, 200 trees.
21:02:29  src.cpcv.pipeline  INFO    [121/168]        random_forest (seed=0) F1=0.467  AUC=0.469  LL=0.7191 (0.8s)
21:02:30  src.cpcv.models.tree_models  INFO  RandomForest fitted: 457 samples, 10 features, 200 trees.
21:02:30  src.cpcv.pipeline  INFO    [122/168]        random_forest (seed=1) F1=0.468  AUC=0.479  LL=0.7168 (0.7s)
21:02:30  src.cpcv.models.tree_models  INFO  RandomForest fitted: 457 samples, 10 features, 200 trees.
21:02:30  src.cpcv.pipeline  INFO    [123/168]        random_forest (seed=2) F1=0.494  AUC=0.484  LL=0.7132 (0.6s)
21:02:30  src.cpcv.models.tree_models  INFO  XGBoost fitted: 457 samples, early stopped at iteration 33/300.
21:02:30  src.cpcv.pipeline  INFO    [124/168]              xgboost (seed=0) F1=0.489  AUC=0.462  LL=0.7017 (0.1s)
21:02:30  src.cpcv.models.tree_models  INFO  XGBoost fitted: 457 samples, early stopped at iteration 54/300.
21:02:30  src.cpcv.pipeline  INFO    [125/168]              xgboost (seed=1) F1=0.509  AUC=0.480  LL=0.6997 (0.1s)
21:02:31  src.cpcv.models.tree_models  INFO  XGBoost fitted: 457 samples, early stopped at iteration 109/300.
21:02:31  src.cpcv.pipeline  INFO    [126/168]              xgboost (seed=2) F1=0.473  AUC=0.496  LL=0.7026 (0.1s)
21:02:31  src.cpcv.preprocessing  INFO  Computing MDA (Random Forest)...
21:03:05  src.cpcv.preprocessing  INFO  Computing MDA (Logistic Regression)...
21:03:06  src.cpcv.preprocessing  INFO  Multi-model MDA: 38/73 passed (MDA > 0), 35 eliminated
21:03:06  src.cpcv.preprocessing  INFO    Capped at 10 features (top_k_frac=0.15)
21:03:06  src.cpcv.preprocessing  INFO    Selected (10): ['eth_btc_ratio', 'exchange_supply_pct', 'log_returns_lag1', 'log_returns_lag5', 'log_returns_lag6', 'oil_ret_14', 'smt_poly1', 'sp500_ret_30', 'yield_curve_10y30y', 'yz_vol']
21:03:06  src.cpcv.pipeline  INFO    Preprocessing: 10 features selected, train=464 + val=100 + cal=100, test=292
21:03:06  src.cpcv.tuning  INFO  Tuning (2 models) — Optuna TPE + Purged K-Fold (inner: 3 folds, embargo=10 obs)
21:03:06  src.cpcv.tuning  INFO    [tuning] random_forest: 3 purged K-fold splits, 30 Optuna trials (TPE)
21:03:51  src.cpcv.tuning  INFO      random_forest: 17 completed, 13 pruned (of 30 total) — best log_loss=0.6700, params={'n_estimators': 250, 'max_depth': 2, 'min_samples_leaf': 28, 'max_features': 'sqrt'}
21:03:51  src.cpcv.tuning  INFO    [tuning] random_forest done in 45.2s — best log_loss=0.6700
21:03:51  src.cpcv.tuning  INFO    [tuning] xgboost: 3 purged K-fold splits, 30 Optuna trials (TPE)
21:03:58  src.cpcv.tuning  INFO      xgboost: 19 completed, 11 pruned (of 30 total) — best log_loss=0.6686, params={'max_depth': 2, 'learning_rate': 0.15442244400779714, 'min_child_weight': 13, 'subsample': 0.8874917313639691, 'colsample_bytree': 0.6826688215141917, 'gamma': 0.01615467344017514, 'reg_alpha': 0.000467752384631114, 'reg_lambda': 4.7815266396276554e-05}
21:03:58  src.cpcv.tuning  INFO    [tuning] xgboost done in 6.8s — best log_loss=0.6686
21:03:58  src.cpcv.tuning  INFO  Tuning total: 52.0s
21:03:58  src.cpcv.pipeline  INFO      applied random_forest: {'n_estimators': 250, 'max_depth': 2, 'min_samples_leaf': 28, 'max_features': 'sqrt'}
21:03:58  src.cpcv.pipeline  INFO      applied xgboost: {'max_depth': 2, 'learning_rate': 0.15442244400779714, 'min_child_weight': 13, 'subsample': 0.8874917313639691, 'colsample_bytree': 0.6826688215141917, 'gamma': 0.01615467344017514, 'reg_alpha': 0.000467752384631114, 'reg_lambda': 4.7815266396276554e-05}
21:03:59  src.cpcv.models.tree_models  INFO  RandomForest fitted: 464 samples, 10 features, 250 trees.
21:03:59  src.cpcv.pipeline  INFO    [127/168]        random_forest (seed=0) F1=0.355  AUC=0.501  LL=0.6879 (0.7s)
21:03:59  src.cpcv.models.tree_models  INFO  RandomForest fitted: 464 samples, 10 features, 250 trees.
21:03:59  src.cpcv.pipeline  INFO    [128/168]        random_forest (seed=1) F1=0.493  AUC=0.510  LL=0.6931 (0.7s)
21:04:00  src.cpcv.models.tree_models  INFO  RandomForest fitted: 464 samples, 10 features, 250 trees.
21:04:00  src.cpcv.pipeline  INFO    [129/168]        random_forest (seed=2) F1=0.357  AUC=0.506  LL=0.6872 (0.7s)
21:04:00  src.cpcv.models.tree_models  INFO  XGBoost fitted: 464 samples, early stopped at iteration 15/300.
21:04:00  src.cpcv.pipeline  INFO    [130/168]              xgboost (seed=0) F1=0.501  AUC=0.503  LL=0.6997 (0.1s)
21:04:00  src.cpcv.models.tree_models  INFO  XGBoost fitted: 464 samples, early stopped at iteration 6/300.
21:04:00  src.cpcv.pipeline  INFO    [131/168]              xgboost (seed=1) F1=0.357  AUC=0.501  LL=0.6888 (0.1s)
21:04:00  src.cpcv.models.tree_models  INFO  XGBoost fitted: 464 samples, early stopped at iteration 2/300.
21:04:00  src.cpcv.pipeline  INFO    [132/168]              xgboost (seed=2) F1=0.467  AUC=0.513  LL=0.6907 (0.0s)
21:04:01  src.cpcv.preprocessing  INFO  Computing MDA (Random Forest)...
21:04:35  src.cpcv.preprocessing  INFO  Computing MDA (Logistic Regression)...
21:04:36  src.cpcv.preprocessing  INFO  Multi-model MDA: 38/73 passed (MDA > 0), 35 eliminated
21:04:36  src.cpcv.preprocessing  INFO    Capped at 10 features (top_k_frac=0.15)
21:04:36  src.cpcv.preprocessing  INFO    Selected (10): ['ema_ratio_20_50', 'log_returns_lag2', 'log_returns_lag6', 'macd', 'macd_hist', 'mfi_14', 'net_exchange_flow', 'obv', 'sadf', 'smt_exp']
21:04:36  src.cpcv.pipeline  INFO    Preprocessing: 10 features selected, train=465 + val=100 + cal=100, test=292
21:04:36  src.cpcv.tuning  INFO  Tuning (2 models) — Optuna TPE + Purged K-Fold (inner: 3 folds, embargo=10 obs)
21:04:36  src.cpcv.tuning  INFO    [tuning] random_forest: 3 purged K-fold splits, 30 Optuna trials (TPE)
21:05:25  src.cpcv.tuning  INFO      random_forest: 27 completed, 3 pruned (of 30 total) — best log_loss=0.6942, params={'n_estimators': 200, 'max_depth': 2, 'min_samples_leaf': 16, 'max_features': 'log2'}
21:05:25  src.cpcv.tuning  INFO    [tuning] random_forest done in 48.2s — best log_loss=0.6942
21:05:25  src.cpcv.tuning  INFO    [tuning] xgboost: 3 purged K-fold splits, 30 Optuna trials (TPE)
21:05:28  src.cpcv.tuning  INFO      xgboost: 11 completed, 19 pruned (of 30 total) — best log_loss=0.6823, params={'max_depth': 2, 'learning_rate': 0.2906266624159857, 'min_child_weight': 39, 'subsample': 0.8450885038057636, 'colsample_bytree': 0.683876573056799, 'gamma': 0.020467925361943886, 'reg_alpha': 6.619320044021083e-08, 'reg_lambda': 0.5789187912057165}
21:05:28  src.cpcv.tuning  INFO    [tuning] xgboost done in 3.6s — best log_loss=0.6823
21:05:28  src.cpcv.tuning  INFO  Tuning total: 51.8s
21:05:28  src.cpcv.pipeline  INFO      applied random_forest: {'n_estimators': 200, 'max_depth': 2, 'min_samples_leaf': 16, 'max_features': 'log2'}
21:05:28  src.cpcv.pipeline  INFO      applied xgboost: {'max_depth': 2, 'learning_rate': 0.2906266624159857, 'min_child_weight': 39, 'subsample': 0.8450885038057636, 'colsample_bytree': 0.683876573056799, 'gamma': 0.020467925361943886, 'reg_alpha': 6.619320044021083e-08, 'reg_lambda': 0.5789187912057165}
21:05:29  src.cpcv.models.tree_models  INFO  RandomForest fitted: 465 samples, 10 features, 200 trees.
21:05:29  src.cpcv.pipeline  INFO    [133/168]        random_forest (seed=0) F1=0.496  AUC=0.570  LL=0.6815 (0.8s)
21:05:30  src.cpcv.models.tree_models  INFO  RandomForest fitted: 465 samples, 10 features, 200 trees.
21:05:30  src.cpcv.pipeline  INFO    [134/168]        random_forest (seed=1) F1=0.508  AUC=0.572  LL=0.6811 (0.6s)
21:05:30  src.cpcv.models.tree_models  INFO  RandomForest fitted: 465 samples, 10 features, 200 trees.
21:05:30  src.cpcv.pipeline  INFO    [135/168]        random_forest (seed=2) F1=0.472  AUC=0.555  LL=0.6841 (0.6s)
21:05:30  src.cpcv.models.tree_models  INFO  XGBoost fitted: 465 samples, early stopped at iteration 0/300.
21:05:30  src.cpcv.pipeline  INFO    [136/168]              xgboost (seed=0) F1=0.355  AUC=0.485  LL=0.6907 (0.0s)
21:05:30  src.cpcv.models.tree_models  INFO  XGBoost fitted: 465 samples, early stopped at iteration 0/300.
21:05:30  src.cpcv.pipeline  INFO    [137/168]              xgboost (seed=1) F1=0.355  AUC=0.500  LL=0.6898 (0.0s)
21:05:30  src.cpcv.models.tree_models  INFO  XGBoost fitted: 465 samples, early stopped at iteration 4/300.
21:05:30  src.cpcv.pipeline  INFO    [138/168]              xgboost (seed=2) F1=0.458  AUC=0.507  LL=0.6903 (0.0s)
21:05:31  src.cpcv.preprocessing  INFO  Computing MDA (Random Forest)...
21:06:04  src.cpcv.preprocessing  INFO  Computing MDA (Logistic Regression)...
21:06:05  src.cpcv.preprocessing  INFO  Multi-model MDA: 40/73 passed (MDA > 0), 33 eliminated
21:06:05  src.cpcv.preprocessing  INFO    Capped at 10 features (top_k_frac=0.15)
21:06:05  src.cpcv.preprocessing  INFO    Selected (10): ['bb_width', 'eth_btc_ratio', 'gk_vol', 'gold_ret_30', 'hurst', 'log_returns_lag1', 'log_returns_lag21', 'log_returns_lag4', 'silver_ret_30', 'yield_curve_10y30y']
21:06:05  src.cpcv.pipeline  INFO    Preprocessing: 10 features selected, train=457 + val=98 + cal=98, test=292
21:06:05  src.cpcv.tuning  INFO  Tuning (2 models) — Optuna TPE + Purged K-Fold (inner: 3 folds, embargo=10 obs)
21:06:05  src.cpcv.tuning  INFO    [tuning] random_forest: 3 purged K-fold splits, 30 Optuna trials (TPE)
21:06:52  src.cpcv.tuning  INFO      random_forest: 25 completed, 5 pruned (of 30 total) — best log_loss=0.6653, params={'n_estimators': 150, 'max_depth': 3, 'min_samples_leaf': 15, 'max_features': 'log2'}
21:06:52  src.cpcv.tuning  INFO    [tuning] random_forest done in 47.5s — best log_loss=0.6653
21:06:53  src.cpcv.tuning  INFO    [tuning] xgboost: 3 purged K-fold splits, 30 Optuna trials (TPE)
21:07:02  src.cpcv.tuning  INFO      xgboost: 18 completed, 12 pruned (of 30 total) — best log_loss=0.6660, params={'max_depth': 1, 'learning_rate': 0.06333268775321843, 'min_child_weight': 15, 'subsample': 0.9208787923016158, 'colsample_bytree': 0.6298202574719083, 'gamma': 0.9413993046829938, 'reg_alpha': 0.08916674715636537, 'reg_lambda': 6.143857495033091e-07}
21:07:02  src.cpcv.tuning  INFO    [tuning] xgboost done in 9.1s — best log_loss=0.6660
21:07:02  src.cpcv.tuning  INFO  Tuning total: 56.5s
21:07:02  src.cpcv.pipeline  INFO      applied random_forest: {'n_estimators': 150, 'max_depth': 3, 'min_samples_leaf': 15, 'max_features': 'log2'}
21:07:02  src.cpcv.pipeline  INFO      applied xgboost: {'max_depth': 1, 'learning_rate': 0.06333268775321843, 'min_child_weight': 15, 'subsample': 0.9208787923016158, 'colsample_bytree': 0.6298202574719083, 'gamma': 0.9413993046829938, 'reg_alpha': 0.08916674715636537, 'reg_lambda': 6.143857495033091e-07}
21:07:02  src.cpcv.models.tree_models  INFO  RandomForest fitted: 457 samples, 10 features, 150 trees.
21:07:02  src.cpcv.pipeline  INFO    [139/168]        random_forest (seed=0) F1=0.440  AUC=0.515  LL=0.6848 (0.5s)
21:07:02  src.cpcv.models.tree_models  INFO  RandomForest fitted: 457 samples, 10 features, 150 trees.
21:07:03  src.cpcv.pipeline  INFO    [140/168]        random_forest (seed=1) F1=0.498  AUC=0.514  LL=0.6856 (0.5s)
21:07:03  src.cpcv.models.tree_models  INFO  RandomForest fitted: 457 samples, 10 features, 150 trees.
21:07:03  src.cpcv.pipeline  INFO    [141/168]        random_forest (seed=2) F1=0.473  AUC=0.515  LL=0.6841 (0.4s)
21:07:03  src.cpcv.models.tree_models  INFO  XGBoost fitted: 457 samples, early stopped at iteration 103/300.
21:07:03  src.cpcv.pipeline  INFO    [142/168]              xgboost (seed=0) F1=0.482  AUC=0.481  LL=0.6945 (0.1s)
21:07:03  src.cpcv.models.tree_models  INFO  XGBoost fitted: 457 samples, early stopped at iteration 115/300.
21:07:03  src.cpcv.pipeline  INFO    [143/168]              xgboost (seed=1) F1=0.491  AUC=0.483  LL=0.6907 (0.1s)
21:07:03  src.cpcv.models.tree_models  INFO  XGBoost fitted: 457 samples, early stopped at iteration 105/300.
21:07:03  src.cpcv.pipeline  INFO    [144/168]              xgboost (seed=2) F1=0.371  AUC=0.479  LL=0.6868 (0.1s)
21:07:04  src.cpcv.preprocessing  INFO  Computing MDA (Random Forest)...
21:07:38  src.cpcv.preprocessing  INFO  Computing MDA (Logistic Regression)...
21:07:39  src.cpcv.preprocessing  INFO  Multi-model MDA: 41/73 passed (MDA > 0), 32 eliminated
21:07:39  src.cpcv.preprocessing  INFO    Capped at 10 features (top_k_frac=0.15)
21:07:39  src.cpcv.preprocessing  INFO    Selected (10): ['ema_ratio_50_200', 'gk_vol', 'log_returns_lag1', 'log_returns_lag14', 'log_returns_lag21', 'log_returns_lag3', 'log_returns_lag30', 'nasdaq_ret_30', 'smt_poly1', 'vol_term_7_30']
21:07:39  src.cpcv.pipeline  INFO    Preprocessing: 10 features selected, train=464 + val=100 + cal=100, test=292
21:07:39  src.cpcv.tuning  INFO  Tuning (2 models) — Optuna TPE + Purged K-Fold (inner: 3 folds, embargo=10 obs)
21:07:39  src.cpcv.tuning  INFO    [tuning] random_forest: 3 purged K-fold splits, 30 Optuna trials (TPE)
21:08:29  src.cpcv.tuning  INFO      random_forest: 30 completed, 0 pruned (of 30 total) — best log_loss=0.6890, params={'n_estimators': 100, 'max_depth': 3, 'min_samples_leaf': 28, 'max_features': 'sqrt'}
21:08:29  src.cpcv.tuning  INFO    [tuning] random_forest done in 50.1s — best log_loss=0.6890
21:08:29  src.cpcv.tuning  INFO    [tuning] xgboost: 3 purged K-fold splits, 30 Optuna trials (TPE)
21:08:34  src.cpcv.tuning  INFO      xgboost: 28 completed, 2 pruned (of 30 total) — best log_loss=0.6762, params={'max_depth': 2, 'learning_rate': 0.20472233150167904, 'min_child_weight': 25, 'subsample': 0.7588481657319116, 'colsample_bytree': 0.7516729880950248, 'gamma': 0.22314111847138274, 'reg_alpha': 0.01243363598134035, 'reg_lambda': 0.00015392261318812638}
21:08:34  src.cpcv.tuning  INFO    [tuning] xgboost done in 4.9s — best log_loss=0.6762
21:08:34  src.cpcv.tuning  INFO  Tuning total: 54.9s
21:08:34  src.cpcv.pipeline  INFO      applied random_forest: {'n_estimators': 100, 'max_depth': 3, 'min_samples_leaf': 28, 'max_features': 'sqrt'}
21:08:34  src.cpcv.pipeline  INFO      applied xgboost: {'max_depth': 2, 'learning_rate': 0.20472233150167904, 'min_child_weight': 25, 'subsample': 0.7588481657319116, 'colsample_bytree': 0.7516729880950248, 'gamma': 0.22314111847138274, 'reg_alpha': 0.01243363598134035, 'reg_lambda': 0.00015392261318812638}
21:08:34  src.cpcv.models.tree_models  INFO  RandomForest fitted: 464 samples, 10 features, 100 trees.
21:08:35  src.cpcv.pipeline  INFO    [145/168]        random_forest (seed=0) F1=0.369  AUC=0.485  LL=0.6806 (0.4s)
21:08:35  src.cpcv.models.tree_models  INFO  RandomForest fitted: 464 samples, 10 features, 100 trees.
21:08:35  src.cpcv.pipeline  INFO    [146/168]        random_forest (seed=1) F1=0.369  AUC=0.501  LL=0.6791 (0.4s)
21:08:35  src.cpcv.models.tree_models  INFO  RandomForest fitted: 464 samples, 10 features, 100 trees.
21:08:35  src.cpcv.pipeline  INFO    [147/168]        random_forest (seed=2) F1=0.369  AUC=0.485  LL=0.6802 (0.3s)
21:08:35  src.cpcv.models.tree_models  INFO  XGBoost fitted: 464 samples, early stopped at iteration 22/300.
21:08:35  src.cpcv.pipeline  INFO    [148/168]              xgboost (seed=0) F1=0.369  AUC=0.464  LL=0.6842 (0.1s)
21:08:35  src.cpcv.models.tree_models  INFO  XGBoost fitted: 464 samples, early stopped at iteration 36/300.
21:08:35  src.cpcv.pipeline  INFO    [149/168]              xgboost (seed=1) F1=0.369  AUC=0.480  LL=0.6869 (0.1s)
21:08:35  src.cpcv.models.tree_models  INFO  XGBoost fitted: 464 samples, early stopped at iteration 22/300.
21:08:35  src.cpcv.pipeline  INFO    [150/168]              xgboost (seed=2) F1=0.369  AUC=0.483  LL=0.6832 (0.1s)
21:08:36  src.cpcv.preprocessing  INFO  Computing MDA (Random Forest)...
21:09:10  src.cpcv.preprocessing  INFO  Computing MDA (Logistic Regression)...
21:09:11  src.cpcv.preprocessing  INFO  Multi-model MDA: 39/73 passed (MDA > 0), 34 eliminated
21:09:11  src.cpcv.preprocessing  INFO    Capped at 10 features (top_k_frac=0.15)
21:09:11  src.cpcv.preprocessing  INFO    Selected (10): ['dxy_roc_30', 'ema_ratio_50_200', 'gold_ret_14', 'kurtosis', 'log_returns', 'log_returns_lag2', 'log_returns_lag5', 'log_returns_lag6', 'smt_poly1', 'vix']
21:09:11  src.cpcv.pipeline  INFO    Preprocessing: 10 features selected, train=465 + val=100 + cal=100, test=292
21:09:11  src.cpcv.tuning  INFO  Tuning (2 models) — Optuna TPE + Purged K-Fold (inner: 3 folds, embargo=10 obs)
21:09:11  src.cpcv.tuning  INFO    [tuning] random_forest: 3 purged K-fold splits, 30 Optuna trials (TPE)
21:09:53  src.cpcv.tuning  INFO      random_forest: 13 completed, 17 pruned (of 30 total) — best log_loss=0.6848, params={'n_estimators': 250, 'max_depth': 2, 'min_samples_leaf': 18, 'max_features': 'log2'}
21:09:53  src.cpcv.tuning  INFO    [tuning] random_forest done in 41.6s — best log_loss=0.6848
21:09:53  src.cpcv.tuning  INFO    [tuning] xgboost: 3 purged K-fold splits, 30 Optuna trials (TPE)
21:09:57  src.cpcv.tuning  INFO      xgboost: 14 completed, 16 pruned (of 30 total) — best log_loss=0.6855, params={'max_depth': 1, 'learning_rate': 0.05958389350068958, 'min_child_weight': 27, 'subsample': 0.7164916560792167, 'colsample_bytree': 0.8447411578889518, 'gamma': 0.01901024531987036, 'reg_alpha': 4.258943089524393e-06, 'reg_lambda': 1.9826980964985924e-05}
21:09:57  src.cpcv.tuning  INFO    [tuning] xgboost done in 4.5s — best log_loss=0.6855
21:09:57  src.cpcv.tuning  INFO  Tuning total: 46.1s
21:09:57  src.cpcv.pipeline  INFO      applied random_forest: {'n_estimators': 250, 'max_depth': 2, 'min_samples_leaf': 18, 'max_features': 'log2'}
21:09:57  src.cpcv.pipeline  INFO      applied xgboost: {'max_depth': 1, 'learning_rate': 0.05958389350068958, 'min_child_weight': 27, 'subsample': 0.7164916560792167, 'colsample_bytree': 0.8447411578889518, 'gamma': 0.01901024531987036, 'reg_alpha': 4.258943089524393e-06, 'reg_lambda': 1.9826980964985924e-05}
21:09:58  src.cpcv.models.tree_models  INFO  RandomForest fitted: 465 samples, 10 features, 250 trees.
21:09:58  src.cpcv.pipeline  INFO    [151/168]        random_forest (seed=0) F1=0.494  AUC=0.521  LL=0.7352 (0.7s)
21:09:59  src.cpcv.models.tree_models  INFO  RandomForest fitted: 465 samples, 10 features, 250 trees.
21:09:59  src.cpcv.pipeline  INFO    [152/168]        random_forest (seed=1) F1=0.502  AUC=0.526  LL=0.7141 (0.7s)
21:09:59  src.cpcv.models.tree_models  INFO  RandomForest fitted: 465 samples, 10 features, 250 trees.
21:10:00  src.cpcv.pipeline  INFO    [153/168]        random_forest (seed=2) F1=0.489  AUC=0.523  LL=0.7290 (0.7s)
21:10:00  src.cpcv.models.tree_models  INFO  XGBoost fitted: 465 samples, early stopped at iteration 15/300.
21:10:00  src.cpcv.pipeline  INFO    [154/168]              xgboost (seed=0) F1=0.345  AUC=0.517  LL=0.6910 (0.1s)
21:10:00  src.cpcv.models.tree_models  INFO  XGBoost fitted: 465 samples, early stopped at iteration 14/300.
21:10:00  src.cpcv.pipeline  INFO    [155/168]              xgboost (seed=1) F1=0.345  AUC=0.476  LL=0.6919 (0.1s)
21:10:00  src.cpcv.models.tree_models  INFO  XGBoost fitted: 465 samples, early stopped at iteration 6/300.
21:10:00  src.cpcv.pipeline  INFO    [156/168]              xgboost (seed=2) F1=0.345  AUC=0.471  LL=0.6923 (0.0s)
21:10:00  src.cpcv.preprocessing  INFO  Computing MDA (Random Forest)...
21:10:34  src.cpcv.preprocessing  INFO  Computing MDA (Logistic Regression)...
21:10:35  src.cpcv.preprocessing  INFO  Multi-model MDA: 31/73 passed (MDA > 0), 42 eliminated
21:10:35  src.cpcv.preprocessing  INFO    Capped at 10 features (top_k_frac=0.15)
21:10:35  src.cpcv.preprocessing  INFO    Selected (10): ['active_addr_roc_14', 'bb_width', 'exchange_supply_pct', 'gold_ret_14', 'log_returns_lag6', 'log_returns_lag7', 'natgas_ret_14', 'shannon_entropy', 'us10y', 'vix']
21:10:35  src.cpcv.pipeline  INFO    Preprocessing: 10 features selected, train=464 + val=100 + cal=100, test=292
21:10:35  src.cpcv.tuning  INFO  Tuning (2 models) — Optuna TPE + Purged K-Fold (inner: 3 folds, embargo=10 obs)
21:10:35  src.cpcv.tuning  INFO    [tuning] random_forest: 3 purged K-fold splits, 30 Optuna trials (TPE)
21:11:20  src.cpcv.tuning  INFO      random_forest: 21 completed, 9 pruned (of 30 total) — best log_loss=0.6906, params={'n_estimators': 200, 'max_depth': 2, 'min_samples_leaf': 40, 'max_features': 'log2'}
21:11:20  src.cpcv.tuning  INFO    [tuning] random_forest done in 44.4s — best log_loss=0.6906
21:11:20  src.cpcv.tuning  INFO    [tuning] xgboost: 3 purged K-fold splits, 30 Optuna trials (TPE)
21:11:26  src.cpcv.tuning  INFO      xgboost: 16 completed, 14 pruned (of 30 total) — best log_loss=0.6798, params={'max_depth': 1, 'learning_rate': 0.05958389350068958, 'min_child_weight': 27, 'subsample': 0.7164916560792167, 'colsample_bytree': 0.8447411578889518, 'gamma': 0.01901024531987036, 'reg_alpha': 4.258943089524393e-06, 'reg_lambda': 1.9826980964985924e-05}
21:11:26  src.cpcv.tuning  INFO    [tuning] xgboost done in 6.4s — best log_loss=0.6798
21:11:26  src.cpcv.tuning  INFO  Tuning total: 50.8s
21:11:26  src.cpcv.pipeline  INFO      applied random_forest: {'n_estimators': 200, 'max_depth': 2, 'min_samples_leaf': 40, 'max_features': 'log2'}
21:11:26  src.cpcv.pipeline  INFO      applied xgboost: {'max_depth': 1, 'learning_rate': 0.05958389350068958, 'min_child_weight': 27, 'subsample': 0.7164916560792167, 'colsample_bytree': 0.8447411578889518, 'gamma': 0.01901024531987036, 'reg_alpha': 4.258943089524393e-06, 'reg_lambda': 1.9826980964985924e-05}
21:11:27  src.cpcv.models.tree_models  INFO  RandomForest fitted: 464 samples, 10 features, 200 trees.
21:11:27  src.cpcv.pipeline  INFO    [157/168]        random_forest (seed=0) F1=0.352  AUC=0.465  LL=0.7033 (0.9s)
21:11:28  src.cpcv.models.tree_models  INFO  RandomForest fitted: 464 samples, 10 features, 200 trees.
21:11:28  src.cpcv.pipeline  INFO    [158/168]        random_forest (seed=1) F1=0.385  AUC=0.465  LL=0.7053 (0.9s)
21:11:29  src.cpcv.models.tree_models  INFO  RandomForest fitted: 464 samples, 10 features, 200 trees.
21:11:29  src.cpcv.pipeline  INFO    [159/168]        random_forest (seed=2) F1=0.377  AUC=0.466  LL=0.7035 (0.7s)
21:11:29  src.cpcv.models.tree_models  INFO  XGBoost fitted: 464 samples, early stopped at iteration 47/300.
21:11:29  src.cpcv.pipeline  INFO    [160/168]              xgboost (seed=0) F1=0.345  AUC=0.491  LL=0.7020 (0.1s)
21:11:29  src.cpcv.models.tree_models  INFO  XGBoost fitted: 464 samples, early stopped at iteration 13/300.
21:11:29  src.cpcv.pipeline  INFO    [161/168]              xgboost (seed=1) F1=0.345  AUC=0.506  LL=0.7066 (0.1s)
21:11:29  src.cpcv.models.tree_models  INFO  XGBoost fitted: 464 samples, early stopped at iteration 13/300.
21:11:29  src.cpcv.pipeline  INFO    [162/168]              xgboost (seed=2) F1=0.345  AUC=0.484  LL=0.7018 (0.1s)
21:11:29  src.cpcv.preprocessing  INFO  Computing MDA (Random Forest)...
21:12:03  src.cpcv.preprocessing  INFO  Computing MDA (Logistic Regression)...
21:12:04  src.cpcv.preprocessing  INFO  Multi-model MDA: 38/73 passed (MDA > 0), 35 eliminated
21:12:04  src.cpcv.preprocessing  INFO    Capped at 10 features (top_k_frac=0.15)
21:12:04  src.cpcv.preprocessing  INFO    Selected (10): ['dxy_roc_30', 'exchange_supply_pct', 'hurst', 'log_returns_lag1', 'log_returns_lag4', 'roc_14', 'silver_ret_30', 'smt_exp', 'yield_curve_2y10y', 'yz_vol']
21:12:04  src.cpcv.pipeline  INFO    Preprocessing: 10 features selected, train=473 + val=101 + cal=102, test=292
21:12:04  src.cpcv.tuning  INFO  Tuning (2 models) — Optuna TPE + Purged K-Fold (inner: 3 folds, embargo=10 obs)
21:12:04  src.cpcv.tuning  INFO    [tuning] random_forest: 3 purged K-fold splits, 30 Optuna trials (TPE)
21:12:56  src.cpcv.tuning  INFO      random_forest: 30 completed, 0 pruned (of 30 total) — best log_loss=0.7008, params={'n_estimators': 200, 'max_depth': 2, 'min_samples_leaf': 22, 'max_features': 'log2'}
21:12:56  src.cpcv.tuning  INFO    [tuning] random_forest done in 52.1s — best log_loss=0.7008
21:12:56  src.cpcv.tuning  INFO    [tuning] xgboost: 3 purged K-fold splits, 30 Optuna trials (TPE)
21:13:02  src.cpcv.tuning  INFO      xgboost: 27 completed, 3 pruned (of 30 total) — best log_loss=0.6878, params={'max_depth': 1, 'learning_rate': 0.2521267904777921, 'min_child_weight': 49, 'subsample': 0.9233589392465844, 'colsample_bytree': 0.7218455076693483, 'gamma': 0.015679933916723017, 'reg_alpha': 0.014391207615728067, 'reg_lambda': 9.148975058772307e-05}
21:13:02  src.cpcv.tuning  INFO    [tuning] xgboost done in 5.6s — best log_loss=0.6878
21:13:02  src.cpcv.tuning  INFO  Tuning total: 57.7s
21:13:02  src.cpcv.pipeline  INFO      applied random_forest: {'n_estimators': 200, 'max_depth': 2, 'min_samples_leaf': 22, 'max_features': 'log2'}
21:13:02  src.cpcv.pipeline  INFO      applied xgboost: {'max_depth': 1, 'learning_rate': 0.2521267904777921, 'min_child_weight': 49, 'subsample': 0.9233589392465844, 'colsample_bytree': 0.7218455076693483, 'gamma': 0.015679933916723017, 'reg_alpha': 0.014391207615728067, 'reg_lambda': 9.148975058772307e-05}
21:13:02  src.cpcv.models.tree_models  INFO  RandomForest fitted: 473 samples, 10 features, 200 trees.
21:13:03  src.cpcv.pipeline  INFO    [163/168]        random_forest (seed=0) F1=0.305  AUC=0.511  LL=0.7098 (0.6s)
21:13:03  src.cpcv.models.tree_models  INFO  RandomForest fitted: 473 samples, 10 features, 200 trees.
21:13:03  src.cpcv.pipeline  INFO    [164/168]        random_forest (seed=1) F1=0.323  AUC=0.477  LL=0.7149 (0.6s)
21:13:04  src.cpcv.models.tree_models  INFO  RandomForest fitted: 473 samples, 10 features, 200 trees.
21:13:04  src.cpcv.pipeline  INFO    [165/168]        random_forest (seed=2) F1=0.305  AUC=0.534  LL=0.7088 (0.6s)
21:13:04  src.cpcv.models.tree_models  INFO  XGBoost fitted: 473 samples, early stopped at iteration 17/300.
21:13:04  src.cpcv.pipeline  INFO    [166/168]              xgboost (seed=0) F1=0.444  AUC=0.494  LL=0.7256 (0.0s)
21:13:04  src.cpcv.models.tree_models  INFO  XGBoost fitted: 473 samples, early stopped at iteration 7/300.
21:13:04  src.cpcv.pipeline  INFO    [167/168]              xgboost (seed=1) F1=0.445  AUC=0.482  LL=0.7366 (0.0s)
21:13:04  src.cpcv.models.tree_models  INFO  XGBoost fitted: 473 samples, early stopped at iteration 0/300.
21:13:04  src.cpcv.pipeline  INFO    [168/168]              xgboost (seed=2) F1=0.305  AUC=0.428  LL=0.7206 (0.0s)
21:13:04  src.cpcv.pipeline  INFO  ============================================================
21:13:04  src.cpcv.pipeline  INFO  CPCV Pipeline Complete
21:13:04  src.cpcv.pipeline  INFO  ============================================================
21:13:04  src.cpcv.pipeline  INFO    Total time:     2513.1s (41.9m)
21:13:04  src.cpcv.pipeline  INFO    Tasks:          168 succeeded, 0 failed
21:13:04  src.cpcv.pipeline  INFO    Results keys:   168 (model, split, seed) entries
21:13:04  src.cpcv.pipeline  INFO    Backtest paths: 7
21:13:04  src.cpcv.pipeline  INFO    Tuning:         nested (per-split), 28 splits tuned, models=['random_forest', 'xgboost']
21:13:04  src.cpcv.pipeline  INFO  ============================================================
21:13:04  src.cpcv.pipeline  INFO  ============================================================
21:13:04  src.cpcv.pipeline  INFO  CPCV Pipeline
21:13:04  src.cpcv.pipeline  INFO  ============================================================
21:13:04  src.cpcv.pipeline  INFO    Models:         ['lstm']
21:13:04  src.cpcv.pipeline  INFO    Seeds/fold:     3
21:13:04  src.cpcv.pipeline  INFO    Groups (N):     8
21:13:04  src.cpcv.pipeline  INFO    Test groups (k):2
21:13:04  src.cpcv.pipeline  INFO    Embargo:        1.0%
21:13:04  src.cpcv.pipeline  INFO    FFD columns:    ['atr']
21:13:04  src.cpcv.pipeline  INFO    Samples:        1168
21:13:04  src.cpcv.pipeline  INFO    Features:       73
21:13:04  src.cpcv.pipeline  INFO    Splits:         28, Paths: 7
21:13:04  src.cpcv.pipeline  INFO    Tuning:         NESTED (per-split) — ['lstm'] [30 trials]
21:13:04  src.cpcv.pipeline  INFO  ============================================================
21:13:05  src.cpcv.preprocessing  INFO  Computing MDA (Random Forest)...
21:13:43  src.cpcv.preprocessing  INFO  Computing MDA (Logistic Regression)...
21:13:44  src.cpcv.preprocessing  INFO  Multi-model MDA: 31/73 passed (MDA > 0), 42 eliminated
21:13:44  src.cpcv.preprocessing  INFO    Capped at 10 features (top_k_frac=0.15)
21:13:44  src.cpcv.preprocessing  INFO    Selected (10): ['eth_btc_ratio', 'jarque_bera', 'log_returns', 'log_returns_lag6', 'macd_hist', 'natgas_ret_30', 'smt_exp', 'variance_ratio', 'vix', 'yield_curve_2y10y']
21:13:44  src.cpcv.pipeline  INFO    Preprocessing: 10 features selected, train=605 + val=130 + cal=130, test=93
21:13:44  src.cpcv.tuning  INFO  Tuning (1 model) — Optuna TPE + Purged K-Fold (inner: 3 folds, embargo=10 obs)
21:13:45  src.cpcv.tuning  INFO    [tuning] lstm: 3 purged K-fold splits, 30 Optuna trials (TPE)
21:14:50  src.cpcv.tuning  INFO      lstm: 29 completed, 1 pruned (of 30 total) — best log_loss=0.6868, params={'hidden_size': 32, 'dropout': 0.496936426886748, 'learning_rate': 0.013513720151519389}
21:14:50  src.cpcv.tuning  INFO    [tuning] lstm done in 65.5s — best log_loss=0.6868
21:14:50  src.cpcv.tuning  INFO  Tuning total: 65.5s
21:14:50  src.cpcv.pipeline  INFO      applied lstm: {'hidden_size': 32, 'num_layers': 1, 'dropout': 0.496936426886748, 'learning_rate': 0.013513720151519389}
21:14:51  src.cpcv.pipeline  INFO    [  1/84]                 lstm (seed=0) F1=0.385  AUC=0.472  LL=0.7552 (1.0s)
21:14:52  src.cpcv.pipeline  INFO    [  2/84]                 lstm (seed=1) F1=0.450  AUC=0.497  LL=0.7016 (1.2s)
21:14:53  src.cpcv.pipeline  INFO    [  3/84]                 lstm (seed=2) F1=0.315  AUC=0.504  LL=0.7722 (1.2s)
21:14:54  src.cpcv.preprocessing  INFO  Computing MDA (Random Forest)...
21:15:32  src.cpcv.preprocessing  INFO  Computing MDA (Logistic Regression)...
21:15:33  src.cpcv.preprocessing  INFO  Multi-model MDA: 39/73 passed (MDA > 0), 34 eliminated
21:15:33  src.cpcv.preprocessing  INFO    Capped at 10 features (top_k_frac=0.15)
21:15:33  src.cpcv.preprocessing  INFO    Selected (10): ['copper_ret_14', 'ema_ratio_50_200', 'gold_ret_30', 'log_returns', 'natgas_ret_30', 'oil_ret_30', 'roc_14', 'silver_ret_30', 'stoch_d', 'yz_vol']
21:15:33  src.cpcv.pipeline  INFO    Preprocessing: 10 features selected, train=566 + val=121 + cal=122, test=146
21:15:33  src.cpcv.tuning  INFO  Tuning (1 model) — Optuna TPE + Purged K-Fold (inner: 3 folds, embargo=10 obs)
21:15:33  src.cpcv.tuning  INFO    [tuning] lstm: 3 purged K-fold splits, 30 Optuna trials (TPE)
21:16:21  src.cpcv.tuning  INFO      lstm: 20 completed, 10 pruned (of 30 total) — best log_loss=0.6834, params={'hidden_size': 32, 'dropout': 0.24435168766012888, 'learning_rate': 0.028501676436111626}
21:16:21  src.cpcv.tuning  INFO    [tuning] lstm done in 48.0s — best log_loss=0.6834
21:16:21  src.cpcv.tuning  INFO  Tuning total: 48.0s
21:16:21  src.cpcv.pipeline  INFO      applied lstm: {'hidden_size': 32, 'num_layers': 1, 'dropout': 0.24435168766012888, 'learning_rate': 0.028501676436111626}
21:16:23  src.cpcv.pipeline  INFO    [  4/84]                 lstm (seed=0) F1=0.391  AUC=0.396  LL=0.8656 (1.4s)
21:16:24  src.cpcv.pipeline  INFO    [  5/84]                 lstm (seed=1) F1=0.369  AUC=0.467  LL=0.8432 (1.6s)
21:16:26  src.cpcv.pipeline  INFO    [  6/84]                 lstm (seed=2) F1=0.352  AUC=0.430  LL=1.0033 (2.0s)
21:16:27  src.cpcv.preprocessing  INFO  Computing MDA (Random Forest)...
21:17:04  src.cpcv.preprocessing  INFO  Computing MDA (Logistic Regression)...
21:17:05  src.cpcv.preprocessing  INFO  Multi-model MDA: 36/73 passed (MDA > 0), 37 eliminated
21:17:05  src.cpcv.preprocessing  INFO    Capped at 10 features (top_k_frac=0.15)
21:17:05  src.cpcv.preprocessing  INFO    Selected (10): ['cci_14', 'dxy_roc_30', 'ema_ratio_20_50', 'eth_btc_ratio', 'log_returns', 'log_returns_lag1', 'log_returns_lag6', 'mvrv', 'natgas_ret_30', 'smt_poly1']
21:17:05  src.cpcv.pipeline  INFO    Preprocessing: 10 features selected, train=567 + val=122 + cal=122, test=146
21:17:05  src.cpcv.tuning  INFO  Tuning (1 model) — Optuna TPE + Purged K-Fold (inner: 3 folds, embargo=10 obs)
21:17:05  src.cpcv.tuning  INFO    [tuning] lstm: 3 purged K-fold splits, 30 Optuna trials (TPE)
21:18:09  src.cpcv.tuning  INFO      lstm: 23 completed, 7 pruned (of 30 total) — best log_loss=0.6715, params={'hidden_size': 16, 'dropout': 0.49581046186005445, 'learning_rate': 0.022362985414277146}
21:18:09  src.cpcv.tuning  INFO    [tuning] lstm done in 63.8s — best log_loss=0.6715
21:18:09  src.cpcv.tuning  INFO  Tuning total: 63.8s
21:18:09  src.cpcv.pipeline  INFO      applied lstm: {'hidden_size': 16, 'num_layers': 1, 'dropout': 0.49581046186005445, 'learning_rate': 0.022362985414277146}
21:18:11  src.cpcv.pipeline  INFO    [  7/84]                 lstm (seed=0) F1=0.474  AUC=0.553  LL=0.6995 (1.5s)
21:18:12  src.cpcv.pipeline  INFO    [  8/84]                 lstm (seed=1) F1=0.477  AUC=0.502  LL=0.6953 (1.3s)
21:18:13  src.cpcv.pipeline  INFO    [  9/84]                 lstm (seed=2) F1=0.482  AUC=0.558  LL=0.6967 (1.3s)
21:18:14  src.cpcv.preprocessing  INFO  Computing MDA (Random Forest)...
21:18:51  src.cpcv.preprocessing  INFO  Computing MDA (Logistic Regression)...
21:18:53  src.cpcv.preprocessing  INFO  Multi-model MDA: 39/73 passed (MDA > 0), 34 eliminated
21:18:53  src.cpcv.preprocessing  INFO    Capped at 10 features (top_k_frac=0.15)
21:18:53  src.cpcv.preprocessing  INFO    Selected (10): ['atr', 'eth_btc_ratio', 'hashrate_roc_30', 'lz_complexity', 'mvrv', 'natgas_ret_30', 'sadf', 'sp500_ret_14', 'variance_ratio', 'vix']
21:18:53  src.cpcv.pipeline  INFO    Preprocessing: 10 features selected, train=567 + val=122 + cal=122, test=146
21:18:53  src.cpcv.tuning  INFO  Tuning (1 model) — Optuna TPE + Purged K-Fold (inner: 3 folds, embargo=10 obs)
21:18:53  src.cpcv.tuning  INFO    [tuning] lstm: 3 purged K-fold splits, 30 Optuna trials (TPE)
21:19:41  src.cpcv.tuning  INFO      lstm: 26 completed, 4 pruned (of 30 total) — best log_loss=0.6833, params={'hidden_size': 16, 'dropout': 0.2603823878728176, 'learning_rate': 0.0006028196084470234}
21:19:41  src.cpcv.tuning  INFO    [tuning] lstm done in 48.4s — best log_loss=0.6833
21:19:41  src.cpcv.tuning  INFO  Tuning total: 48.4s
21:19:41  src.cpcv.pipeline  INFO      applied lstm: {'hidden_size': 16, 'num_layers': 1, 'dropout': 0.2603823878728176, 'learning_rate': 0.0006028196084470234}
21:19:42  src.cpcv.pipeline  INFO    [ 10/84]                 lstm (seed=0) F1=0.638  AUC=0.637  LL=0.6761 (0.8s)
21:19:43  src.cpcv.pipeline  INFO    [ 11/84]                 lstm (seed=1) F1=0.475  AUC=0.480  LL=0.7389 (0.9s)
21:19:44  src.cpcv.pipeline  INFO    [ 12/84]                 lstm (seed=2) F1=0.593  AUC=0.613  LL=0.6791 (0.9s)
21:19:44  src.cpcv.preprocessing  INFO  Computing MDA (Random Forest)...
21:20:22  src.cpcv.preprocessing  INFO  Computing MDA (Logistic Regression)...
21:20:23  src.cpcv.preprocessing  INFO  Multi-model MDA: 36/73 passed (MDA > 0), 37 eliminated
21:20:23  src.cpcv.preprocessing  INFO    Capped at 10 features (top_k_frac=0.15)
21:20:23  src.cpcv.preprocessing  INFO    Selected (10): ['active_addr_roc_14', 'eth_btc_ratio', 'exchange_supply_pct', 'log_returns_lag1', 'log_returns_lag5', 'oil_ret_14', 'roc_14', 'skewness', 'smt_exp', 'vix']
21:20:23  src.cpcv.pipeline  INFO    Preprocessing: 10 features selected, train=567 + val=122 + cal=122, test=146
21:20:23  src.cpcv.tuning  INFO  Tuning (1 model) — Optuna TPE + Purged K-Fold (inner: 3 folds, embargo=10 obs)
21:20:23  src.cpcv.tuning  INFO    [tuning] lstm: 3 purged K-fold splits, 30 Optuna trials (TPE)
21:21:08  src.cpcv.tuning  INFO      lstm: 12 completed, 18 pruned (of 30 total) — best log_loss=0.6696, params={'hidden_size': 32, 'dropout': 0.10580684063534358, 'learning_rate': 0.028168262317655422}
21:21:08  src.cpcv.tuning  INFO    [tuning] lstm done in 44.7s — best log_loss=0.6696
21:21:08  src.cpcv.tuning  INFO  Tuning total: 44.7s
21:21:08  src.cpcv.pipeline  INFO      applied lstm: {'hidden_size': 32, 'num_layers': 1, 'dropout': 0.10580684063534358, 'learning_rate': 0.028168262317655422}
21:21:09  src.cpcv.pipeline  INFO    [ 13/84]                 lstm (seed=0) F1=0.348  AUC=0.498  LL=0.8463 (0.9s)
21:21:10  src.cpcv.pipeline  INFO    [ 14/84]                 lstm (seed=1) F1=0.457  AUC=0.481  LL=0.7291 (1.1s)
21:21:11  src.cpcv.pipeline  INFO    [ 15/84]                 lstm (seed=2) F1=0.461  AUC=0.493  LL=0.8217 (0.9s)
21:21:11  src.cpcv.preprocessing  INFO  Computing MDA (Random Forest)...
21:21:49  src.cpcv.preprocessing  INFO  Computing MDA (Logistic Regression)...
21:21:50  src.cpcv.preprocessing  INFO  Multi-model MDA: 40/73 passed (MDA > 0), 33 eliminated
21:21:50  src.cpcv.preprocessing  INFO    Capped at 10 features (top_k_frac=0.15)
21:21:50  src.cpcv.preprocessing  INFO    Selected (10): ['atr', 'eth_btc_ratio', 'jarque_bera', 'kurtosis', 'log_returns_lag30', 'silver_ret_30', 'variance_ratio', 'vol_term_7_30', 'vwma_ratio_20_50', 'yield_curve_2y10y']
21:21:50  src.cpcv.pipeline  INFO    Preprocessing: 10 features selected, train=567 + val=122 + cal=122, test=146
21:21:50  src.cpcv.tuning  INFO  Tuning (1 model) — Optuna TPE + Purged K-Fold (inner: 3 folds, embargo=10 obs)
21:21:50  src.cpcv.tuning  INFO    [tuning] lstm: 3 purged K-fold splits, 30 Optuna trials (TPE)
21:22:38  src.cpcv.tuning  INFO      lstm: 13 completed, 17 pruned (of 30 total) — best log_loss=0.6694, params={'hidden_size': 32, 'dropout': 0.10239887318232696, 'learning_rate': 0.041376293143363024}
21:22:38  src.cpcv.tuning  INFO    [tuning] lstm done in 47.6s — best log_loss=0.6694
21:22:38  src.cpcv.tuning  INFO  Tuning total: 47.6s
21:22:38  src.cpcv.pipeline  INFO      applied lstm: {'hidden_size': 32, 'num_layers': 1, 'dropout': 0.10239887318232696, 'learning_rate': 0.041376293143363024}
21:22:39  src.cpcv.pipeline  INFO    [ 16/84]                 lstm (seed=0) F1=0.531  AUC=0.559  LL=0.7606 (0.9s)
21:22:39  src.cpcv.pipeline  INFO    [ 17/84]                 lstm (seed=1) F1=0.549  AUC=0.578  LL=0.6955 (0.9s)
21:22:40  src.cpcv.pipeline  INFO    [ 18/84]                 lstm (seed=2) F1=0.374  AUC=0.598  LL=0.7788 (1.0s)
21:22:41  src.cpcv.preprocessing  INFO  Computing MDA (Random Forest)...
21:23:19  src.cpcv.preprocessing  INFO  Computing MDA (Logistic Regression)...
21:23:20  src.cpcv.preprocessing  INFO  Multi-model MDA: 40/73 passed (MDA > 0), 33 eliminated
21:23:20  src.cpcv.preprocessing  INFO    Capped at 10 features (top_k_frac=0.15)
21:23:20  src.cpcv.preprocessing  INFO    Selected (10): ['chaikin_osc', 'copper_ret_14', 'hashrate_roc_30', 'hurst', 'log_returns', 'us10y', 'variance_ratio', 'vix', 'williams_r', 'yield_curve_2y10y']
21:23:20  src.cpcv.pipeline  INFO    Preprocessing: 10 features selected, train=575 + val=123 + cal=124, test=146
21:23:20  src.cpcv.tuning  INFO  Tuning (1 model) — Optuna TPE + Purged K-Fold (inner: 3 folds, embargo=10 obs)
21:23:20  src.cpcv.tuning  INFO    [tuning] lstm: 3 purged K-fold splits, 30 Optuna trials (TPE)
21:24:16  src.cpcv.tuning  INFO      lstm: 13 completed, 17 pruned (of 30 total) — best log_loss=0.6882, params={'hidden_size': 32, 'dropout': 0.11681121979641913, 'learning_rate': 0.04939080022995369}
21:24:16  src.cpcv.tuning  INFO    [tuning] lstm done in 56.3s — best log_loss=0.6882
21:24:16  src.cpcv.tuning  INFO  Tuning total: 56.3s
21:24:16  src.cpcv.pipeline  INFO      applied lstm: {'hidden_size': 32, 'num_layers': 1, 'dropout': 0.11681121979641913, 'learning_rate': 0.04939080022995369}
21:24:17  src.cpcv.pipeline  INFO    [ 19/84]                 lstm (seed=0) F1=0.351  AUC=0.528  LL=0.6936 (1.2s)
21:24:19  src.cpcv.pipeline  INFO    [ 20/84]                 lstm (seed=1) F1=0.351  AUC=0.568  LL=0.6928 (1.6s)
21:24:21  src.cpcv.pipeline  INFO    [ 21/84]                 lstm (seed=2) F1=0.351  AUC=0.567  LL=0.6926 (1.7s)
21:24:21  src.cpcv.preprocessing  INFO  Computing MDA (Random Forest)...
21:24:57  src.cpcv.preprocessing  INFO  Computing MDA (Logistic Regression)...
21:24:59  src.cpcv.preprocessing  INFO  Multi-model MDA: 37/73 passed (MDA > 0), 36 eliminated
21:24:59  src.cpcv.preprocessing  INFO    Capped at 10 features (top_k_frac=0.15)
21:24:59  src.cpcv.preprocessing  INFO    Selected (10): ['dxy_roc_30', 'gold_ret_30', 'log_returns', 'log_returns_lag2', 'log_returns_lag4', 'natgas_ret_30', 'obv', 'rsi', 'tx_count_roc_14', 'us2y']
21:24:59  src.cpcv.pipeline  INFO    Preprocessing: 10 features selected, train=503 + val=108 + cal=108, test=239
21:24:59  src.cpcv.tuning  INFO  Tuning (1 model) — Optuna TPE + Purged K-Fold (inner: 3 folds, embargo=10 obs)
21:24:59  src.cpcv.tuning  INFO    [tuning] lstm: 3 purged K-fold splits, 30 Optuna trials (TPE)
21:25:59  src.cpcv.tuning  INFO      lstm: 22 completed, 8 pruned (of 30 total) — best log_loss=0.6961, params={'hidden_size': 16, 'dropout': 0.4947230783299529, 'learning_rate': 0.0005369910790012357}
21:25:59  src.cpcv.tuning  INFO    [tuning] lstm done in 60.7s — best log_loss=0.6961
21:25:59  src.cpcv.tuning  INFO  Tuning total: 60.7s
21:25:59  src.cpcv.pipeline  INFO      applied lstm: {'hidden_size': 16, 'num_layers': 1, 'dropout': 0.4947230783299529, 'learning_rate': 0.0005369910790012357}
21:26:00  src.cpcv.pipeline  INFO    [ 22/84]                 lstm (seed=0) F1=0.494  AUC=0.495  LL=0.7101 (0.9s)
21:26:01  src.cpcv.pipeline  INFO    [ 23/84]                 lstm (seed=1) F1=0.337  AUC=0.467  LL=0.6942 (1.0s)
21:26:02  src.cpcv.pipeline  INFO    [ 24/84]                 lstm (seed=2) F1=0.555  AUC=0.591  LL=0.6853 (0.8s)
21:26:02  src.cpcv.preprocessing  INFO  Computing MDA (Random Forest)...
21:26:37  src.cpcv.preprocessing  INFO  Computing MDA (Logistic Regression)...
21:26:38  src.cpcv.preprocessing  INFO  Multi-model MDA: 38/73 passed (MDA > 0), 35 eliminated
21:26:38  src.cpcv.preprocessing  INFO    Capped at 10 features (top_k_frac=0.15)
21:26:38  src.cpcv.preprocessing  INFO    Selected (10): ['cci_14', 'dxy_roc_30', 'eth_btc_ratio', 'hashrate_roc_30', 'log_returns_lag2', 'log_returns_lag6', 'macd', 'macd_hist', 'natgas_ret_30', 'negentropy']
21:26:38  src.cpcv.pipeline  INFO    Preprocessing: 10 features selected, train=494 + val=106 + cal=107, test=239
21:26:38  src.cpcv.tuning  INFO  Tuning (1 model) — Optuna TPE + Purged K-Fold (inner: 3 folds, embargo=10 obs)
21:26:38  src.cpcv.tuning  INFO    [tuning] lstm: 3 purged K-fold splits, 30 Optuna trials (TPE)
21:27:25  src.cpcv.tuning  INFO      lstm: 27 completed, 3 pruned (of 30 total) — best log_loss=0.6914, params={'hidden_size': 16, 'dropout': 0.40778158543564924, 'learning_rate': 0.03065490594364193}
21:27:25  src.cpcv.tuning  INFO    [tuning] lstm done in 47.3s — best log_loss=0.6914
21:27:25  src.cpcv.tuning  INFO  Tuning total: 47.3s
21:27:25  src.cpcv.pipeline  INFO      applied lstm: {'hidden_size': 16, 'num_layers': 1, 'dropout': 0.40778158543564924, 'learning_rate': 0.03065490594364193}
21:27:27  src.cpcv.pipeline  INFO    [ 25/84]                 lstm (seed=0) F1=0.474  AUC=0.498  LL=0.7611 (1.7s)
21:27:28  src.cpcv.pipeline  INFO    [ 26/84]                 lstm (seed=1) F1=0.504  AUC=0.504  LL=0.6901 (1.0s)
21:27:29  src.cpcv.pipeline  INFO    [ 27/84]                 lstm (seed=2) F1=0.446  AUC=0.465  LL=0.6930 (0.9s)
21:27:29  src.cpcv.preprocessing  INFO  Computing MDA (Random Forest)...
21:28:03  src.cpcv.preprocessing  INFO  Computing MDA (Logistic Regression)...
21:28:04  src.cpcv.preprocessing  INFO  Multi-model MDA: 37/73 passed (MDA > 0), 36 eliminated
21:28:04  src.cpcv.preprocessing  INFO    Capped at 10 features (top_k_frac=0.15)
21:28:04  src.cpcv.preprocessing  INFO    Selected (10): ['chaikin_osc', 'dxy_roc_30', 'eth_btc_ratio', 'hashrate_roc_30', 'jarque_bera', 'log_returns_lag4', 'natgas_ret_30', 'rsi', 'smt_exp', 'sp500_ret_14']
21:28:04  src.cpcv.pipeline  INFO    Preprocessing: 10 features selected, train=494 + val=106 + cal=107, test=239
21:28:04  src.cpcv.tuning  INFO  Tuning (1 model) — Optuna TPE + Purged K-Fold (inner: 3 folds, embargo=10 obs)
21:28:04  src.cpcv.tuning  INFO    [tuning] lstm: 3 purged K-fold splits, 30 Optuna trials (TPE)
21:28:49  src.cpcv.tuning  INFO      lstm: 17 completed, 13 pruned (of 30 total) — best log_loss=0.6791, params={'hidden_size': 16, 'dropout': 0.36545620557188213, 'learning_rate': 0.027123069932448108}
21:28:49  src.cpcv.tuning  INFO    [tuning] lstm done in 45.0s — best log_loss=0.6791
21:28:49  src.cpcv.tuning  INFO  Tuning total: 45.0s
21:28:49  src.cpcv.pipeline  INFO      applied lstm: {'hidden_size': 16, 'num_layers': 1, 'dropout': 0.36545620557188213, 'learning_rate': 0.027123069932448108}
21:28:50  src.cpcv.pipeline  INFO    [ 28/84]                 lstm (seed=0) F1=0.536  AUC=0.602  LL=0.6802 (0.8s)
21:28:51  src.cpcv.pipeline  INFO    [ 29/84]                 lstm (seed=1) F1=0.557  AUC=0.584  LL=0.6859 (0.7s)
21:28:52  src.cpcv.pipeline  INFO    [ 30/84]                 lstm (seed=2) F1=0.520  AUC=0.545  LL=0.6805 (1.1s)
21:28:52  src.cpcv.preprocessing  INFO  Computing MDA (Random Forest)...
21:29:28  src.cpcv.preprocessing  INFO  Computing MDA (Logistic Regression)...
21:29:29  src.cpcv.preprocessing  INFO  Multi-model MDA: 37/73 passed (MDA > 0), 36 eliminated
21:29:29  src.cpcv.preprocessing  INFO    Capped at 10 features (top_k_frac=0.15)
21:29:29  src.cpcv.preprocessing  INFO    Selected (10): ['cci_14', 'ema_ratio_20_50', 'jarque_bera', 'log_returns', 'log_returns_lag6', 'mfi_14', 'natgas_ret_14', 'natgas_ret_30', 'skewness', 'sp500_ret_14']
21:29:29  src.cpcv.pipeline  INFO    Preprocessing: 10 features selected, train=494 + val=106 + cal=107, test=239
21:29:29  src.cpcv.tuning  INFO  Tuning (1 model) — Optuna TPE + Purged K-Fold (inner: 3 folds, embargo=10 obs)
21:29:29  src.cpcv.tuning  INFO    [tuning] lstm: 3 purged K-fold splits, 30 Optuna trials (TPE)
21:30:07  src.cpcv.tuning  INFO      lstm: 11 completed, 19 pruned (of 30 total) — best log_loss=0.6767, params={'hidden_size': 32, 'dropout': 0.14739654498897523, 'learning_rate': 0.01656392530030097}
21:30:07  src.cpcv.tuning  INFO    [tuning] lstm done in 37.7s — best log_loss=0.6767
21:30:07  src.cpcv.tuning  INFO  Tuning total: 37.7s
21:30:07  src.cpcv.pipeline  INFO      applied lstm: {'hidden_size': 32, 'num_layers': 1, 'dropout': 0.14739654498897523, 'learning_rate': 0.01656392530030097}
21:30:07  src.cpcv.pipeline  INFO    [ 31/84]                 lstm (seed=0) F1=0.469  AUC=0.469  LL=0.7205 (0.7s)
21:30:08  src.cpcv.pipeline  INFO    [ 32/84]                 lstm (seed=1) F1=0.472  AUC=0.520  LL=0.7000 (0.8s)
21:30:09  src.cpcv.pipeline  INFO    [ 33/84]                 lstm (seed=2) F1=0.498  AUC=0.527  LL=0.7212 (0.9s)
21:30:09  src.cpcv.preprocessing  INFO  Computing MDA (Random Forest)...
21:30:44  src.cpcv.preprocessing  INFO  Computing MDA (Logistic Regression)...
21:30:45  src.cpcv.preprocessing  INFO  Multi-model MDA: 34/73 passed (MDA > 0), 39 eliminated
21:30:45  src.cpcv.preprocessing  INFO    Capped at 10 features (top_k_frac=0.15)
21:30:45  src.cpcv.preprocessing  INFO    Selected (10): ['atr', 'eth_btc_ratio', 'fee_per_tx', 'jarque_bera', 'oil_ret_14', 'skewness', 'sp500_ret_30', 'variance_ratio', 'vol_term_7_30', 'yield_curve_10y30y']
21:30:45  src.cpcv.pipeline  INFO    Preprocessing: 10 features selected, train=494 + val=106 + cal=107, test=239
21:30:45  src.cpcv.tuning  INFO  Tuning (1 model) — Optuna TPE + Purged K-Fold (inner: 3 folds, embargo=10 obs)
21:30:45  src.cpcv.tuning  INFO    [tuning] lstm: 3 purged K-fold splits, 30 Optuna trials (TPE)
21:31:27  src.cpcv.tuning  INFO      lstm: 12 completed, 18 pruned (of 30 total) — best log_loss=0.6845, params={'hidden_size': 32, 'dropout': 0.3067603469645904, 'learning_rate': 0.02692297340710045}
21:31:27  src.cpcv.tuning  INFO    [tuning] lstm done in 41.3s — best log_loss=0.6845
21:31:27  src.cpcv.tuning  INFO  Tuning total: 41.3s
21:31:27  src.cpcv.pipeline  INFO      applied lstm: {'hidden_size': 32, 'num_layers': 1, 'dropout': 0.3067603469645904, 'learning_rate': 0.02692297340710045}
21:31:27  src.cpcv.pipeline  INFO    [ 34/84]                 lstm (seed=0) F1=0.363  AUC=0.516  LL=0.6871 (0.8s)
21:31:29  src.cpcv.pipeline  INFO    [ 35/84]                 lstm (seed=1) F1=0.523  AUC=0.561  LL=0.6867 (1.4s)
21:31:30  src.cpcv.pipeline  INFO    [ 36/84]                 lstm (seed=2) F1=0.363  AUC=0.526  LL=0.6864 (0.9s)
21:31:30  src.cpcv.preprocessing  INFO  Computing MDA (Random Forest)...
21:32:05  src.cpcv.preprocessing  INFO  Computing MDA (Logistic Regression)...
21:32:06  src.cpcv.preprocessing  INFO  Multi-model MDA: 39/73 passed (MDA > 0), 34 eliminated
21:32:06  src.cpcv.preprocessing  INFO    Capped at 10 features (top_k_frac=0.15)
21:32:06  src.cpcv.preprocessing  INFO    Selected (10): ['dxy_roc_30', 'eth_btc_ratio', 'jarque_bera', 'log_returns_lag3', 'macd_hist', 'obv', 'oil_ret_14', 'sadf', 'williams_r', 'yz_vol']
21:32:06  src.cpcv.pipeline  INFO    Preprocessing: 10 features selected, train=502 + val=108 + cal=108, test=239
21:32:06  src.cpcv.tuning  INFO  Tuning (1 model) — Optuna TPE + Purged K-Fold (inner: 3 folds, embargo=10 obs)
21:32:06  src.cpcv.tuning  INFO    [tuning] lstm: 3 purged K-fold splits, 30 Optuna trials (TPE)
21:32:43  src.cpcv.tuning  INFO      lstm: 16 completed, 14 pruned (of 30 total) — best log_loss=0.6877, params={'hidden_size': 16, 'dropout': 0.49581046186005445, 'learning_rate': 0.022362985414277146}
21:32:43  src.cpcv.tuning  INFO    [tuning] lstm done in 37.2s — best log_loss=0.6877
21:32:43  src.cpcv.tuning  INFO  Tuning total: 37.2s
21:32:43  src.cpcv.pipeline  INFO      applied lstm: {'hidden_size': 16, 'num_layers': 1, 'dropout': 0.49581046186005445, 'learning_rate': 0.022362985414277146}
21:32:44  src.cpcv.pipeline  INFO    [ 37/84]                 lstm (seed=0) F1=0.363  AUC=0.518  LL=0.6837 (0.9s)
21:32:45  src.cpcv.pipeline  INFO    [ 38/84]                 lstm (seed=1) F1=0.363  AUC=0.487  LL=0.6851 (0.9s)
21:32:46  src.cpcv.pipeline  INFO    [ 39/84]                 lstm (seed=2) F1=0.363  AUC=0.516  LL=0.6850 (0.8s)
21:32:46  src.cpcv.preprocessing  INFO  Computing MDA (Random Forest)...
21:33:20  src.cpcv.preprocessing  INFO  Computing MDA (Logistic Regression)...
21:33:21  src.cpcv.preprocessing  INFO  Multi-model MDA: 37/73 passed (MDA > 0), 36 eliminated
21:33:21  src.cpcv.preprocessing  INFO    Capped at 10 features (top_k_frac=0.15)
21:33:21  src.cpcv.preprocessing  INFO    Selected (10): ['eth_btc_ratio', 'log_returns_lag6', 'macd_hist', 'obv', 'oil_ret_30', 'silver_ret_30', 'sp500_ret_30', 'stoch_d', 'vol_term_30_90', 'yield_curve_2y10y']
21:33:21  src.cpcv.pipeline  INFO    Preprocessing: 10 features selected, train=464 + val=99 + cal=100, test=292
21:33:21  src.cpcv.tuning  INFO  Tuning (1 model) — Optuna TPE + Purged K-Fold (inner: 3 folds, embargo=10 obs)
21:33:21  src.cpcv.tuning  INFO    [tuning] lstm: 3 purged K-fold splits, 30 Optuna trials (TPE)
21:34:13  src.cpcv.tuning  INFO      lstm: 26 completed, 4 pruned (of 30 total) — best log_loss=0.6772, params={'hidden_size': 16, 'dropout': 0.26687980096994773, 'learning_rate': 0.0016205719900237883}
21:34:13  src.cpcv.tuning  INFO    [tuning] lstm done in 51.8s — best log_loss=0.6772
21:34:13  src.cpcv.tuning  INFO  Tuning total: 51.8s
21:34:13  src.cpcv.pipeline  INFO      applied lstm: {'hidden_size': 16, 'num_layers': 1, 'dropout': 0.26687980096994773, 'learning_rate': 0.0016205719900237883}
21:34:14  src.cpcv.pipeline  INFO    [ 40/84]                 lstm (seed=0) F1=0.395  AUC=0.503  LL=0.6970 (0.9s)
21:34:15  src.cpcv.pipeline  INFO    [ 41/84]                 lstm (seed=1) F1=0.337  AUC=0.533  LL=0.6956 (0.8s)
21:34:15  src.cpcv.pipeline  INFO    [ 42/84]                 lstm (seed=2) F1=0.396  AUC=0.540  LL=0.7047 (0.8s)
21:34:16  src.cpcv.preprocessing  INFO  Computing MDA (Random Forest)...
21:34:50  src.cpcv.preprocessing  INFO  Computing MDA (Logistic Regression)...
21:34:52  src.cpcv.preprocessing  INFO  Multi-model MDA: 39/73 passed (MDA > 0), 34 eliminated
21:34:52  src.cpcv.preprocessing  INFO    Capped at 10 features (top_k_frac=0.15)
21:34:52  src.cpcv.preprocessing  INFO    Selected (10): ['ema_ratio_20_50', 'eth_btc_ratio', 'issuance_ntv', 'log_returns_lag4', 'mvrv', 'oil_ret_14', 'roc_14', 'stoch_d', 'us2y', 'yield_curve_10y30y']
21:34:52  src.cpcv.pipeline  INFO    Preprocessing: 10 features selected, train=455 + val=98 + cal=98, test=292
21:34:52  src.cpcv.tuning  INFO  Tuning (1 model) — Optuna TPE + Purged K-Fold (inner: 3 folds, embargo=10 obs)
21:34:52  src.cpcv.tuning  INFO    [tuning] lstm: 3 purged K-fold splits, 30 Optuna trials (TPE)
21:35:35  src.cpcv.tuning  INFO      lstm: 19 completed, 11 pruned (of 30 total) — best log_loss=0.6925, params={'hidden_size': 32, 'dropout': 0.3647200321483784, 'learning_rate': 0.0061143440483018415}
21:35:35  src.cpcv.tuning  INFO    [tuning] lstm done in 43.1s — best log_loss=0.6925
21:35:35  src.cpcv.tuning  INFO  Tuning total: 43.1s
21:35:35  src.cpcv.pipeline  INFO      applied lstm: {'hidden_size': 32, 'num_layers': 1, 'dropout': 0.3647200321483784, 'learning_rate': 0.0061143440483018415}
21:35:36  src.cpcv.pipeline  INFO    [ 43/84]                 lstm (seed=0) F1=0.351  AUC=0.516  LL=0.6897 (0.9s)
21:35:37  src.cpcv.pipeline  INFO    [ 44/84]                 lstm (seed=1) F1=0.351  AUC=0.579  LL=0.6880 (1.2s)
21:35:37  src.cpcv.pipeline  INFO    [ 45/84]                 lstm (seed=2) F1=0.400  AUC=0.405  LL=0.7792 (0.7s)
21:35:38  src.cpcv.preprocessing  INFO  Computing MDA (Random Forest)...
21:36:12  src.cpcv.preprocessing  INFO  Computing MDA (Logistic Regression)...
21:36:13  src.cpcv.preprocessing  INFO  Multi-model MDA: 30/73 passed (MDA > 0), 43 eliminated
21:36:13  src.cpcv.preprocessing  INFO    Capped at 10 features (top_k_frac=0.15)
21:36:13  src.cpcv.preprocessing  INFO    Selected (10): ['ema_ratio_50_200', 'log_returns_lag2', 'log_returns_lag7', 'natgas_ret_14', 'rsi', 'skewness', 'sp500_ret_14', 'us10y', 'us2y', 'yield_curve_10y30y']
21:36:13  src.cpcv.pipeline  INFO    Preprocessing: 10 features selected, train=455 + val=98 + cal=98, test=292
21:36:13  src.cpcv.tuning  INFO  Tuning (1 model) — Optuna TPE + Purged K-Fold (inner: 3 folds, embargo=10 obs)
21:36:13  src.cpcv.tuning  INFO    [tuning] lstm: 3 purged K-fold splits, 30 Optuna trials (TPE)
21:37:09  src.cpcv.tuning  INFO      lstm: 18 completed, 12 pruned (of 30 total) — best log_loss=0.6870, params={'hidden_size': 16, 'dropout': 0.37732634676298366, 'learning_rate': 0.0007580619804466104}
21:37:09  src.cpcv.tuning  INFO    [tuning] lstm done in 55.9s — best log_loss=0.6870
21:37:09  src.cpcv.tuning  INFO  Tuning total: 55.9s
21:37:09  src.cpcv.pipeline  INFO      applied lstm: {'hidden_size': 16, 'num_layers': 1, 'dropout': 0.37732634676298366, 'learning_rate': 0.0007580619804466104}
21:37:10  src.cpcv.pipeline  INFO    [ 46/84]                 lstm (seed=0) F1=0.324  AUC=0.588  LL=0.6979 (0.7s)
21:37:11  src.cpcv.pipeline  INFO    [ 47/84]                 lstm (seed=1) F1=0.324  AUC=0.524  LL=0.7005 (0.8s)
21:37:13  src.cpcv.pipeline  INFO    [ 48/84]                 lstm (seed=2) F1=0.456  AUC=0.487  LL=0.7574 (2.5s)
21:37:14  src.cpcv.preprocessing  INFO  Computing MDA (Random Forest)...
21:37:48  src.cpcv.preprocessing  INFO  Computing MDA (Logistic Regression)...
21:37:49  src.cpcv.preprocessing  INFO  Multi-model MDA: 37/73 passed (MDA > 0), 36 eliminated
21:37:49  src.cpcv.preprocessing  INFO    Capped at 10 features (top_k_frac=0.15)
21:37:49  src.cpcv.preprocessing  INFO    Selected (10): ['exchange_supply_pct', 'jarque_bera', 'log_returns_lag5', 'lz_complexity', 'nasdaq_ret_14', 'oil_ret_14', 'rsi', 'sadf', 'silver_ret_30', 'smt_exp']
21:37:49  src.cpcv.pipeline  INFO    Preprocessing: 10 features selected, train=455 + val=98 + cal=98, test=292
21:37:49  src.cpcv.tuning  INFO  Tuning (1 model) — Optuna TPE + Purged K-Fold (inner: 3 folds, embargo=10 obs)
21:37:49  src.cpcv.tuning  INFO    [tuning] lstm: 3 purged K-fold splits, 30 Optuna trials (TPE)
21:38:48  src.cpcv.tuning  INFO      lstm: 30 completed, 0 pruned (of 30 total) — best log_loss=0.6743, params={'hidden_size': 16, 'dropout': 0.34986626193949305, 'learning_rate': 0.00020492157910388634}
21:38:48  src.cpcv.tuning  INFO    [tuning] lstm done in 58.5s — best log_loss=0.6743
21:38:48  src.cpcv.tuning  INFO  Tuning total: 58.5s
21:38:48  src.cpcv.pipeline  INFO      applied lstm: {'hidden_size': 16, 'num_layers': 1, 'dropout': 0.34986626193949305, 'learning_rate': 0.00020492157910388634}
21:38:50  src.cpcv.pipeline  INFO    [ 49/84]                 lstm (seed=0) F1=0.446  AUC=0.461  LL=0.7225 (1.7s)
21:38:53  src.cpcv.pipeline  INFO    [ 50/84]                 lstm (seed=1) F1=0.444  AUC=0.441  LL=0.7665 (3.2s)
21:38:57  src.cpcv.pipeline  INFO    [ 51/84]                 lstm (seed=2) F1=0.479  AUC=0.491  LL=0.7749 (4.7s)
21:38:58  src.cpcv.preprocessing  INFO  Computing MDA (Random Forest)...
21:39:33  src.cpcv.preprocessing  INFO  Computing MDA (Logistic Regression)...
21:39:34  src.cpcv.preprocessing  INFO  Multi-model MDA: 40/73 passed (MDA > 0), 33 eliminated
21:39:34  src.cpcv.preprocessing  INFO    Capped at 10 features (top_k_frac=0.15)
21:39:34  src.cpcv.preprocessing  INFO    Selected (10): ['exchange_supply_pct', 'fee_per_tx', 'gk_vol', 'jarque_bera', 'kurtosis', 'log_returns_lag1', 'macd_hist', 'natgas_ret_30', 'obv', 'sadf']
21:39:34  src.cpcv.pipeline  INFO    Preprocessing: 10 features selected, train=463 + val=99 + cal=100, test=292
21:39:34  src.cpcv.tuning  INFO  Tuning (1 model) — Optuna TPE + Purged K-Fold (inner: 3 folds, embargo=10 obs)
21:39:34  src.cpcv.tuning  INFO    [tuning] lstm: 3 purged K-fold splits, 30 Optuna trials (TPE)
21:40:18  src.cpcv.tuning  INFO      lstm: 27 completed, 3 pruned (of 30 total) — best log_loss=0.6798, params={'hidden_size': 32, 'dropout': 0.3951123558535912, 'learning_rate': 0.046330453959872155}
21:40:18  src.cpcv.tuning  INFO    [tuning] lstm done in 43.4s — best log_loss=0.6798
21:40:18  src.cpcv.tuning  INFO  Tuning total: 43.4s
21:40:18  src.cpcv.pipeline  INFO      applied lstm: {'hidden_size': 32, 'num_layers': 1, 'dropout': 0.3951123558535912, 'learning_rate': 0.046330453959872155}
21:40:18  src.cpcv.pipeline  INFO    [ 52/84]                 lstm (seed=0) F1=0.340  AUC=0.485  LL=0.7150 (1.0s)
21:40:19  src.cpcv.pipeline  INFO    [ 53/84]                 lstm (seed=1) F1=0.340  AUC=0.471  LL=0.7113 (0.8s)
21:40:21  src.cpcv.pipeline  INFO    [ 54/84]                 lstm (seed=2) F1=0.340  AUC=0.455  LL=0.7037 (1.2s)
21:40:21  src.cpcv.preprocessing  INFO  Computing MDA (Random Forest)...
21:40:58  src.cpcv.preprocessing  INFO  Computing MDA (Logistic Regression)...
21:40:59  src.cpcv.preprocessing  INFO  Multi-model MDA: 39/73 passed (MDA > 0), 34 eliminated
21:40:59  src.cpcv.preprocessing  INFO    Capped at 10 features (top_k_frac=0.15)
21:40:59  src.cpcv.preprocessing  INFO    Selected (10): ['copper_ret_14', 'eth_btc_ratio', 'kurtosis', 'log_returns_lag14', 'log_returns_lag3', 'log_returns_lag7', 'lz_complexity', 'oil_ret_14', 'skewness', 'sp500_ret_30']
21:40:59  src.cpcv.pipeline  INFO    Preprocessing: 10 features selected, train=465 + val=100 + cal=100, test=292
21:40:59  src.cpcv.tuning  INFO  Tuning (1 model) — Optuna TPE + Purged K-Fold (inner: 3 folds, embargo=10 obs)
21:40:59  src.cpcv.tuning  INFO    [tuning] lstm: 3 purged K-fold splits, 30 Optuna trials (TPE)
21:41:39  src.cpcv.tuning  INFO      lstm: 19 completed, 11 pruned (of 30 total) — best log_loss=0.6895, params={'hidden_size': 16, 'dropout': 0.2216968971838151, 'learning_rate': 0.002607965659809585}
21:41:39  src.cpcv.tuning  INFO    [tuning] lstm done in 40.4s — best log_loss=0.6895
21:41:39  src.cpcv.tuning  INFO  Tuning total: 40.4s
21:41:39  src.cpcv.pipeline  INFO      applied lstm: {'hidden_size': 16, 'num_layers': 1, 'dropout': 0.2216968971838151, 'learning_rate': 0.002607965659809585}
21:41:40  src.cpcv.pipeline  INFO    [ 55/84]                 lstm (seed=0) F1=0.541  AUC=0.565  LL=0.7385 (0.8s)
21:41:41  src.cpcv.pipeline  INFO    [ 56/84]                 lstm (seed=1) F1=0.363  AUC=0.507  LL=0.6840 (1.0s)
21:41:42  src.cpcv.pipeline  INFO    [ 57/84]                 lstm (seed=2) F1=0.363  AUC=0.526  LL=0.6838 (0.8s)
21:41:42  src.cpcv.preprocessing  INFO  Computing MDA (Random Forest)...
21:42:16  src.cpcv.preprocessing  INFO  Computing MDA (Logistic Regression)...
21:42:17  src.cpcv.preprocessing  INFO  Multi-model MDA: 38/73 passed (MDA > 0), 35 eliminated
21:42:17  src.cpcv.preprocessing  INFO    Capped at 10 features (top_k_frac=0.15)
21:42:17  src.cpcv.preprocessing  INFO    Selected (10): ['ema_ratio_20_50', 'log_returns_lag30', 'log_returns_lag5', 'log_returns_lag6', 'mvrv', 'silver_ret_14', 'skewness', 'us10y', 'variance_ratio', 'vix']
21:42:17  src.cpcv.pipeline  INFO    Preprocessing: 10 features selected, train=457 + val=98 + cal=98, test=292
21:42:17  src.cpcv.tuning  INFO  Tuning (1 model) — Optuna TPE + Purged K-Fold (inner: 3 folds, embargo=10 obs)
21:42:17  src.cpcv.tuning  INFO    [tuning] lstm: 3 purged K-fold splits, 30 Optuna trials (TPE)
21:42:59  src.cpcv.tuning  INFO      lstm: 12 completed, 18 pruned (of 30 total) — best log_loss=0.6809, params={'hidden_size': 32, 'dropout': 0.4183728704773903, 'learning_rate': 0.002852079035290685}
21:42:59  src.cpcv.tuning  INFO    [tuning] lstm done in 41.7s — best log_loss=0.6809
21:42:59  src.cpcv.tuning  INFO  Tuning total: 41.7s
21:42:59  src.cpcv.pipeline  INFO      applied lstm: {'hidden_size': 32, 'num_layers': 1, 'dropout': 0.4183728704773903, 'learning_rate': 0.002852079035290685}
21:43:00  src.cpcv.pipeline  INFO    [ 58/84]                 lstm (seed=0) F1=0.472  AUC=0.532  LL=0.8012 (1.1s)
21:43:01  src.cpcv.pipeline  INFO    [ 59/84]                 lstm (seed=1) F1=0.489  AUC=0.520  LL=0.8066 (1.1s)
21:43:02  src.cpcv.pipeline  INFO    [ 60/84]                 lstm (seed=2) F1=0.491  AUC=0.488  LL=0.7253 (0.8s)
21:43:02  src.cpcv.preprocessing  INFO  Computing MDA (Random Forest)...
21:43:37  src.cpcv.preprocessing  INFO  Computing MDA (Logistic Regression)...
21:43:38  src.cpcv.preprocessing  INFO  Multi-model MDA: 37/73 passed (MDA > 0), 36 eliminated
21:43:38  src.cpcv.preprocessing  INFO    Capped at 10 features (top_k_frac=0.15)
21:43:38  src.cpcv.preprocessing  INFO    Selected (10): ['eth_btc_ratio', 'gold_ret_30', 'kurtosis', 'log_returns_lag7', 'macd_hist', 'realized_vol', 'silver_ret_30', 'variance_ratio', 'williams_r', 'yield_curve_2y10y']
21:43:38  src.cpcv.pipeline  INFO    Preprocessing: 10 features selected, train=457 + val=98 + cal=98, test=292
21:43:38  src.cpcv.tuning  INFO  Tuning (1 model) — Optuna TPE + Purged K-Fold (inner: 3 folds, embargo=10 obs)
21:43:38  src.cpcv.tuning  INFO    [tuning] lstm: 3 purged K-fold splits, 30 Optuna trials (TPE)
21:44:18  src.cpcv.tuning  INFO      lstm: 11 completed, 19 pruned (of 30 total) — best log_loss=0.6616, params={'hidden_size': 32, 'dropout': 0.10823379771832098, 'learning_rate': 0.04147225000481637}
21:44:18  src.cpcv.tuning  INFO    [tuning] lstm done in 40.3s — best log_loss=0.6616
21:44:18  src.cpcv.tuning  INFO  Tuning total: 40.3s
21:44:18  src.cpcv.pipeline  INFO      applied lstm: {'hidden_size': 32, 'num_layers': 1, 'dropout': 0.10823379771832098, 'learning_rate': 0.04147225000481637}
21:44:19  src.cpcv.pipeline  INFO    [ 61/84]                 lstm (seed=0) F1=0.404  AUC=0.500  LL=0.6977 (0.7s)
21:44:19  src.cpcv.pipeline  INFO    [ 62/84]                 lstm (seed=1) F1=0.468  AUC=0.507  LL=0.7091 (0.8s)
21:44:20  src.cpcv.pipeline  INFO    [ 63/84]                 lstm (seed=2) F1=0.477  AUC=0.504  LL=0.7391 (0.9s)
21:44:21  src.cpcv.preprocessing  INFO  Computing MDA (Random Forest)...
21:44:57  src.cpcv.preprocessing  INFO  Computing MDA (Logistic Regression)...
21:44:58  src.cpcv.preprocessing  INFO  Multi-model MDA: 38/73 passed (MDA > 0), 35 eliminated
21:44:58  src.cpcv.preprocessing  INFO    Capped at 10 features (top_k_frac=0.15)
21:44:58  src.cpcv.preprocessing  INFO    Selected (10): ['eth_btc_ratio', 'exchange_supply_pct', 'log_returns_lag1', 'log_returns_lag5', 'log_returns_lag6', 'oil_ret_14', 'smt_poly1', 'sp500_ret_30', 'yield_curve_10y30y', 'yz_vol']
21:44:58  src.cpcv.pipeline  INFO    Preprocessing: 10 features selected, train=464 + val=100 + cal=100, test=292
21:44:58  src.cpcv.tuning  INFO  Tuning (1 model) — Optuna TPE + Purged K-Fold (inner: 3 folds, embargo=10 obs)
21:44:58  src.cpcv.tuning  INFO    [tuning] lstm: 3 purged K-fold splits, 30 Optuna trials (TPE)
21:45:44  src.cpcv.tuning  INFO      lstm: 19 completed, 11 pruned (of 30 total) — best log_loss=0.6686, params={'hidden_size': 16, 'dropout': 0.335333074693347, 'learning_rate': 0.00501903476041361}
21:45:44  src.cpcv.tuning  INFO    [tuning] lstm done in 45.6s — best log_loss=0.6686
21:45:44  src.cpcv.tuning  INFO  Tuning total: 45.6s
21:45:44  src.cpcv.pipeline  INFO      applied lstm: {'hidden_size': 16, 'num_layers': 1, 'dropout': 0.335333074693347, 'learning_rate': 0.00501903476041361}
21:45:44  src.cpcv.pipeline  INFO    [ 64/84]                 lstm (seed=0) F1=0.353  AUC=0.500  LL=0.7376 (0.7s)
21:45:45  src.cpcv.pipeline  INFO    [ 65/84]                 lstm (seed=1) F1=0.353  AUC=0.478  LL=0.7422 (1.0s)
21:45:46  src.cpcv.pipeline  INFO    [ 66/84]                 lstm (seed=2) F1=0.353  AUC=0.504  LL=0.7018 (0.8s)
21:45:46  src.cpcv.preprocessing  INFO  Computing MDA (Random Forest)...
21:46:20  src.cpcv.preprocessing  INFO  Computing MDA (Logistic Regression)...
21:46:21  src.cpcv.preprocessing  INFO  Multi-model MDA: 38/73 passed (MDA > 0), 35 eliminated
21:46:21  src.cpcv.preprocessing  INFO    Capped at 10 features (top_k_frac=0.15)
21:46:21  src.cpcv.preprocessing  INFO    Selected (10): ['ema_ratio_20_50', 'log_returns_lag2', 'log_returns_lag6', 'macd', 'macd_hist', 'mfi_14', 'net_exchange_flow', 'obv', 'sadf', 'smt_exp']
21:46:21  src.cpcv.pipeline  INFO    Preprocessing: 10 features selected, train=465 + val=100 + cal=100, test=292
21:46:21  src.cpcv.tuning  INFO  Tuning (1 model) — Optuna TPE + Purged K-Fold (inner: 3 folds, embargo=10 obs)
21:46:21  src.cpcv.tuning  INFO    [tuning] lstm: 3 purged K-fold splits, 30 Optuna trials (TPE)
21:47:02  src.cpcv.tuning  INFO      lstm: 15 completed, 15 pruned (of 30 total) — best log_loss=0.6820, params={'hidden_size': 16, 'dropout': 0.3623274015135579, 'learning_rate': 0.0473395020587793}
21:47:02  src.cpcv.tuning  INFO    [tuning] lstm done in 40.4s — best log_loss=0.6820
21:47:02  src.cpcv.tuning  INFO  Tuning total: 40.4s
21:47:02  src.cpcv.pipeline  INFO      applied lstm: {'hidden_size': 16, 'num_layers': 1, 'dropout': 0.3623274015135579, 'learning_rate': 0.0473395020587793}
21:47:03  src.cpcv.pipeline  INFO    [ 67/84]                 lstm (seed=0) F1=0.356  AUC=0.440  LL=0.6909 (1.7s)
21:47:04  src.cpcv.pipeline  INFO    [ 68/84]                 lstm (seed=1) F1=0.356  AUC=0.555  LL=0.6875 (0.7s)
21:47:05  src.cpcv.pipeline  INFO    [ 69/84]                 lstm (seed=2) F1=0.481  AUC=0.446  LL=0.7117 (0.7s)
21:47:05  src.cpcv.preprocessing  INFO  Computing MDA (Random Forest)...
21:47:39  src.cpcv.preprocessing  INFO  Computing MDA (Logistic Regression)...
21:47:40  src.cpcv.preprocessing  INFO  Multi-model MDA: 40/73 passed (MDA > 0), 33 eliminated
21:47:40  src.cpcv.preprocessing  INFO    Capped at 10 features (top_k_frac=0.15)
21:47:40  src.cpcv.preprocessing  INFO    Selected (10): ['bb_width', 'eth_btc_ratio', 'gk_vol', 'gold_ret_30', 'hurst', 'log_returns_lag1', 'log_returns_lag21', 'log_returns_lag4', 'silver_ret_30', 'yield_curve_10y30y']
21:47:40  src.cpcv.pipeline  INFO    Preprocessing: 10 features selected, train=457 + val=98 + cal=98, test=292
21:47:40  src.cpcv.tuning  INFO  Tuning (1 model) — Optuna TPE + Purged K-Fold (inner: 3 folds, embargo=10 obs)
21:47:40  src.cpcv.tuning  INFO    [tuning] lstm: 3 purged K-fold splits, 30 Optuna trials (TPE)
21:48:27  src.cpcv.tuning  INFO      lstm: 22 completed, 8 pruned (of 30 total) — best log_loss=0.6773, params={'hidden_size': 32, 'dropout': 0.2565533407408433, 'learning_rate': 0.0011101288191020544}
21:48:27  src.cpcv.tuning  INFO    [tuning] lstm done in 46.7s — best log_loss=0.6773
21:48:27  src.cpcv.tuning  INFO  Tuning total: 46.7s
21:48:27  src.cpcv.pipeline  INFO      applied lstm: {'hidden_size': 32, 'num_layers': 1, 'dropout': 0.2565533407408433, 'learning_rate': 0.0011101288191020544}
21:48:28  src.cpcv.pipeline  INFO    [ 70/84]                 lstm (seed=0) F1=0.370  AUC=0.533  LL=0.6818 (1.0s)
21:48:29  src.cpcv.pipeline  INFO    [ 71/84]                 lstm (seed=1) F1=0.499  AUC=0.558  LL=0.7945 (0.9s)
21:48:30  src.cpcv.pipeline  INFO    [ 72/84]                 lstm (seed=2) F1=0.502  AUC=0.544  LL=0.9529 (0.8s)
21:48:30  src.cpcv.preprocessing  INFO  Computing MDA (Random Forest)...
21:49:03  src.cpcv.preprocessing  INFO  Computing MDA (Logistic Regression)...
21:49:05  src.cpcv.preprocessing  INFO  Multi-model MDA: 41/73 passed (MDA > 0), 32 eliminated
21:49:05  src.cpcv.preprocessing  INFO    Capped at 10 features (top_k_frac=0.15)
21:49:05  src.cpcv.preprocessing  INFO    Selected (10): ['ema_ratio_50_200', 'gk_vol', 'log_returns_lag1', 'log_returns_lag14', 'log_returns_lag21', 'log_returns_lag3', 'log_returns_lag30', 'nasdaq_ret_30', 'smt_poly1', 'vol_term_7_30']
21:49:05  src.cpcv.pipeline  INFO    Preprocessing: 10 features selected, train=464 + val=100 + cal=100, test=292
21:49:05  src.cpcv.tuning  INFO  Tuning (1 model) — Optuna TPE + Purged K-Fold (inner: 3 folds, embargo=10 obs)
21:49:05  src.cpcv.tuning  INFO    [tuning] lstm: 3 purged K-fold splits, 30 Optuna trials (TPE)
21:49:40  src.cpcv.tuning  INFO      lstm: 14 completed, 16 pruned (of 30 total) — best log_loss=0.6903, params={'hidden_size': 16, 'dropout': 0.25381774354739767, 'learning_rate': 0.03973629745637208}
21:49:40  src.cpcv.tuning  INFO    [tuning] lstm done in 35.1s — best log_loss=0.6903
21:49:40  src.cpcv.tuning  INFO  Tuning total: 35.1s
21:49:40  src.cpcv.pipeline  INFO      applied lstm: {'hidden_size': 16, 'num_layers': 1, 'dropout': 0.25381774354739767, 'learning_rate': 0.03973629745637208}
21:49:40  src.cpcv.pipeline  INFO    [ 73/84]                 lstm (seed=0) F1=0.397  AUC=0.478  LL=0.7173 (0.7s)
21:49:41  src.cpcv.pipeline  INFO    [ 74/84]                 lstm (seed=1) F1=0.370  AUC=0.453  LL=0.6786 (0.9s)
21:49:42  src.cpcv.pipeline  INFO    [ 75/84]                 lstm (seed=2) F1=0.370  AUC=0.493  LL=0.6778 (0.8s)
21:49:42  src.cpcv.preprocessing  INFO  Computing MDA (Random Forest)...
21:50:16  src.cpcv.preprocessing  INFO  Computing MDA (Logistic Regression)...
21:50:18  src.cpcv.preprocessing  INFO  Multi-model MDA: 39/73 passed (MDA > 0), 34 eliminated
21:50:18  src.cpcv.preprocessing  INFO    Capped at 10 features (top_k_frac=0.15)
21:50:18  src.cpcv.preprocessing  INFO    Selected (10): ['dxy_roc_30', 'ema_ratio_50_200', 'gold_ret_14', 'kurtosis', 'log_returns', 'log_returns_lag2', 'log_returns_lag5', 'log_returns_lag6', 'smt_poly1', 'vix']
21:50:18  src.cpcv.pipeline  INFO    Preprocessing: 10 features selected, train=465 + val=100 + cal=100, test=292
21:50:18  src.cpcv.tuning  INFO  Tuning (1 model) — Optuna TPE + Purged K-Fold (inner: 3 folds, embargo=10 obs)
21:50:18  src.cpcv.tuning  INFO    [tuning] lstm: 3 purged K-fold splits, 30 Optuna trials (TPE)
21:50:51  src.cpcv.tuning  INFO      lstm: 13 completed, 17 pruned (of 30 total) — best log_loss=0.6843, params={'hidden_size': 16, 'dropout': 0.36427980919947006, 'learning_rate': 0.04129016530987077}
21:50:51  src.cpcv.tuning  INFO    [tuning] lstm done in 32.8s — best log_loss=0.6843
21:50:51  src.cpcv.tuning  INFO  Tuning total: 32.9s
21:50:51  src.cpcv.pipeline  INFO      applied lstm: {'hidden_size': 16, 'num_layers': 1, 'dropout': 0.36427980919947006, 'learning_rate': 0.04129016530987077}
21:50:51  src.cpcv.pipeline  INFO    [ 76/84]                 lstm (seed=0) F1=0.449  AUC=0.527  LL=0.6978 (0.8s)
21:50:52  src.cpcv.pipeline  INFO    [ 77/84]                 lstm (seed=1) F1=0.430  AUC=0.503  LL=0.7072 (1.0s)
21:50:53  src.cpcv.pipeline  INFO    [ 78/84]                 lstm (seed=2) F1=0.340  AUC=0.492  LL=0.6959 (1.0s)
21:50:54  src.cpcv.preprocessing  INFO  Computing MDA (Random Forest)...
21:51:29  src.cpcv.preprocessing  INFO  Computing MDA (Logistic Regression)...
21:51:30  src.cpcv.preprocessing  INFO  Multi-model MDA: 31/73 passed (MDA > 0), 42 eliminated
21:51:30  src.cpcv.preprocessing  INFO    Capped at 10 features (top_k_frac=0.15)
21:51:30  src.cpcv.preprocessing  INFO    Selected (10): ['active_addr_roc_14', 'bb_width', 'exchange_supply_pct', 'gold_ret_14', 'log_returns_lag6', 'log_returns_lag7', 'natgas_ret_14', 'shannon_entropy', 'us10y', 'vix']
21:51:30  src.cpcv.pipeline  INFO    Preprocessing: 10 features selected, train=464 + val=100 + cal=100, test=292
21:51:30  src.cpcv.tuning  INFO  Tuning (1 model) — Optuna TPE + Purged K-Fold (inner: 3 folds, embargo=10 obs)
21:51:30  src.cpcv.tuning  INFO    [tuning] lstm: 3 purged K-fold splits, 30 Optuna trials (TPE)
21:52:07  src.cpcv.tuning  INFO      lstm: 18 completed, 12 pruned (of 30 total) — best log_loss=0.6827, params={'hidden_size': 16, 'dropout': 0.31278645110534087, 'learning_rate': 0.0004484843390738024}
21:52:07  src.cpcv.tuning  INFO    [tuning] lstm done in 37.5s — best log_loss=0.6827
21:52:07  src.cpcv.tuning  INFO  Tuning total: 37.5s
21:52:07  src.cpcv.pipeline  INFO      applied lstm: {'hidden_size': 16, 'num_layers': 1, 'dropout': 0.31278645110534087, 'learning_rate': 0.0004484843390738024}
21:52:08  src.cpcv.pipeline  INFO    [ 79/84]                 lstm (seed=0) F1=0.339  AUC=0.524  LL=0.7653 (0.9s)
21:52:11  src.cpcv.pipeline  INFO    [ 80/84]                 lstm (seed=1) F1=0.369  AUC=0.508  LL=0.7240 (2.4s)
21:52:13  src.cpcv.pipeline  INFO    [ 81/84]                 lstm (seed=2) F1=0.401  AUC=0.548  LL=0.7785 (2.0s)
21:52:13  src.cpcv.preprocessing  INFO  Computing MDA (Random Forest)...
21:52:47  src.cpcv.preprocessing  INFO  Computing MDA (Logistic Regression)...
21:52:48  src.cpcv.preprocessing  INFO  Multi-model MDA: 38/73 passed (MDA > 0), 35 eliminated
21:52:48  src.cpcv.preprocessing  INFO    Capped at 10 features (top_k_frac=0.15)
21:52:48  src.cpcv.preprocessing  INFO    Selected (10): ['dxy_roc_30', 'exchange_supply_pct', 'hurst', 'log_returns_lag1', 'log_returns_lag4', 'roc_14', 'silver_ret_30', 'smt_exp', 'yield_curve_2y10y', 'yz_vol']
21:52:48  src.cpcv.pipeline  INFO    Preprocessing: 10 features selected, train=473 + val=101 + cal=102, test=292
21:52:48  src.cpcv.tuning  INFO  Tuning (1 model) — Optuna TPE + Purged K-Fold (inner: 3 folds, embargo=10 obs)
21:52:48  src.cpcv.tuning  INFO    [tuning] lstm: 3 purged K-fold splits, 30 Optuna trials (TPE)
21:53:29  src.cpcv.tuning  INFO      lstm: 28 completed, 2 pruned (of 30 total) — best log_loss=0.6898, params={'hidden_size': 16, 'dropout': 0.37372242725919513, 'learning_rate': 0.020795457380677944}
21:53:29  src.cpcv.tuning  INFO    [tuning] lstm done in 40.5s — best log_loss=0.6898
21:53:29  src.cpcv.tuning  INFO  Tuning total: 40.5s
21:53:29  src.cpcv.pipeline  INFO      applied lstm: {'hidden_size': 16, 'num_layers': 1, 'dropout': 0.37372242725919513, 'learning_rate': 0.020795457380677944}
21:53:30  src.cpcv.pipeline  INFO    [ 82/84]                 lstm (seed=0) F1=0.302  AUC=0.441  LL=0.7116 (0.7s)
21:53:30  src.cpcv.pipeline  INFO    [ 83/84]                 lstm (seed=1) F1=0.302  AUC=0.493  LL=0.7115 (0.7s)
21:53:31  src.cpcv.pipeline  INFO    [ 84/84]                 lstm (seed=2) F1=0.302  AUC=0.468  LL=0.7116 (0.7s)
21:53:31  src.cpcv.pipeline  INFO  ============================================================
21:53:31  src.cpcv.pipeline  INFO  CPCV Pipeline Complete
21:53:31  src.cpcv.pipeline  INFO  ============================================================
21:53:31  src.cpcv.pipeline  INFO    Total time:     2426.6s (40.4m)
21:53:31  src.cpcv.pipeline  INFO    Tasks:          84 succeeded, 0 failed
21:53:31  src.cpcv.pipeline  INFO    Results keys:   84 (model, split, seed) entries
21:53:31  src.cpcv.pipeline  INFO    Backtest paths: 7
21:53:31  src.cpcv.pipeline  INFO    Tuning:         nested (per-split), 28 splits tuned, models=['lstm']
21:53:31  src.cpcv.pipeline  INFO  ============================================================
21:53:31  src.cpcv.pipeline  INFO  ============================================================
21:53:31  src.cpcv.pipeline  INFO  CPCV Pipeline
21:53:31  src.cpcv.pipeline  INFO  ============================================================
21:53:31  src.cpcv.pipeline  INFO    Models:         ['kan']
21:53:31  src.cpcv.pipeline  INFO    Seeds/fold:     3
21:53:31  src.cpcv.pipeline  INFO    Groups (N):     8
21:53:31  src.cpcv.pipeline  INFO    Test groups (k):2
21:53:31  src.cpcv.pipeline  INFO    Embargo:        1.0%
21:53:31  src.cpcv.pipeline  INFO    FFD columns:    ['atr']
21:53:31  src.cpcv.pipeline  INFO    Samples:        1168
21:53:31  src.cpcv.pipeline  INFO    Features:       73
21:53:31  src.cpcv.pipeline  INFO    Splits:         28, Paths: 7
21:53:31  src.cpcv.pipeline  INFO    Tuning:         NESTED (per-split) — ['kan'] [30 trials]
21:53:31  src.cpcv.pipeline  INFO  ============================================================
21:53:32  src.cpcv.preprocessing  INFO  Computing MDA (Random Forest)...
21:54:09  src.cpcv.preprocessing  INFO  Computing MDA (Logistic Regression)...
21:54:10  src.cpcv.preprocessing  INFO  Multi-model MDA: 31/73 passed (MDA > 0), 42 eliminated
21:54:10  src.cpcv.preprocessing  INFO    Capped at 10 features (top_k_frac=0.15)
21:54:10  src.cpcv.preprocessing  INFO    Selected (10): ['eth_btc_ratio', 'jarque_bera', 'log_returns', 'log_returns_lag6', 'macd_hist', 'natgas_ret_30', 'smt_exp', 'variance_ratio', 'vix', 'yield_curve_2y10y']
21:54:10  src.cpcv.pipeline  INFO    Preprocessing: 10 features selected, train=605 + val=130 + cal=130, test=93
21:54:10  src.cpcv.tuning  INFO  Tuning (1 model) — Optuna TPE + Purged K-Fold (inner: 3 folds, embargo=10 obs)
21:54:10  src.cpcv.tuning  INFO    [tuning] kan (efficient-kan + AdamW): 3 purged K-fold splits, 30 Optuna trials (TPE)
21:55:11  src.cpcv.tuning  INFO      kan: 28 completed, 2 pruned (of 30 total) — best log_loss=0.6823, params={'width1': 4, 'lr': 0.02157542543275253, 'weight_decay': 0.00017669891040550829, 'grid': 3}
21:55:11  src.cpcv.tuning  INFO    [tuning] kan done in 61.3s — best log_loss=0.6823
21:55:11  src.cpcv.tuning  INFO  Tuning total: 61.3s
21:55:11  src.cpcv.pipeline  INFO      applied kan: {'width1': 4, 'width2': 0, 'grid': 3, 'lr': 0.02157542543275253, 'weight_decay': 0.00017669891040550829}
21:55:12  src.cpcv.models.kan_model  INFO  KAN fitted: widths=[10, 4, 2], grid=3, epochs=21, val_acc=0.4769, val_loss=0.7983, logit_range=[-0.09, 0.08], device=cpu.
21:55:12  src.cpcv.pipeline  INFO    [  1/84]                  kan (seed=0) F1=0.388  AUC=0.612  LL=0.6639 (0.8s)
21:55:13  src.cpcv.models.kan_model  INFO  KAN fitted: widths=[10, 4, 2], grid=3, epochs=21, val_acc=0.5538, val_loss=0.7937, logit_range=[-0.07, 0.11], device=cpu.
21:55:13  src.cpcv.pipeline  INFO    [  2/84]                  kan (seed=1) F1=0.413  AUC=0.528  LL=0.7590 (0.3s)
21:55:13  src.cpcv.models.kan_model  INFO  KAN fitted: widths=[10, 4, 2], grid=3, epochs=21, val_acc=0.6308, val_loss=0.7895, logit_range=[-0.13, 0.12], device=cpu.
21:55:13  src.cpcv.pipeline  INFO    [  3/84]                  kan (seed=2) F1=0.388  AUC=0.544  LL=0.6729 (0.3s)
21:55:13  src.cpcv.preprocessing  INFO  Computing MDA (Random Forest)...
21:55:52  src.cpcv.preprocessing  INFO  Computing MDA (Logistic Regression)...
21:55:54  src.cpcv.preprocessing  INFO  Multi-model MDA: 39/73 passed (MDA > 0), 34 eliminated
21:55:54  src.cpcv.preprocessing  INFO    Capped at 10 features (top_k_frac=0.15)
21:55:54  src.cpcv.preprocessing  INFO    Selected (10): ['copper_ret_14', 'ema_ratio_50_200', 'gold_ret_30', 'log_returns', 'natgas_ret_30', 'oil_ret_30', 'roc_14', 'silver_ret_30', 'stoch_d', 'yz_vol']
21:55:54  src.cpcv.pipeline  INFO    Preprocessing: 10 features selected, train=566 + val=121 + cal=122, test=146
21:55:54  src.cpcv.tuning  INFO  Tuning (1 model) — Optuna TPE + Purged K-Fold (inner: 3 folds, embargo=10 obs)
21:55:54  src.cpcv.tuning  INFO    [tuning] kan (efficient-kan + AdamW): 3 purged K-fold splits, 30 Optuna trials (TPE)
21:56:39  src.cpcv.tuning  INFO      kan: 15 completed, 15 pruned (of 30 total) — best log_loss=0.6852, params={'width1': 3, 'lr': 0.048481424814875135, 'weight_decay': 0.001327654373628168, 'grid': 3}
21:56:39  src.cpcv.tuning  INFO    [tuning] kan done in 45.0s — best log_loss=0.6852
21:56:39  src.cpcv.tuning  INFO  Tuning total: 45.0s
21:56:39  src.cpcv.pipeline  INFO      applied kan: {'width1': 3, 'width2': 0, 'grid': 3, 'lr': 0.048481424814875135, 'weight_decay': 0.001327654373628168}
21:56:39  src.cpcv.models.kan_model  INFO  KAN fitted: widths=[10, 3, 2], grid=3, epochs=21, val_acc=0.3802, val_loss=0.7768, logit_range=[-0.09, 0.07], device=cpu.
21:56:39  src.cpcv.pipeline  INFO    [  4/84]                  kan (seed=0) F1=0.381  AUC=0.471  LL=0.7158 (0.3s)
21:56:39  src.cpcv.models.kan_model  INFO  KAN fitted: widths=[10, 3, 2], grid=3, epochs=21, val_acc=0.3719, val_loss=0.7779, logit_range=[-0.11, 0.05], device=cpu.
21:56:39  src.cpcv.pipeline  INFO    [  5/84]                  kan (seed=1) F1=0.345  AUC=0.469  LL=0.7623 (0.3s)
21:56:40  src.cpcv.models.kan_model  INFO  KAN fitted: widths=[10, 3, 2], grid=3, epochs=21, val_acc=0.4876, val_loss=0.7767, logit_range=[-0.13, 0.06], device=cpu.
21:56:40  src.cpcv.pipeline  INFO    [  6/84]                  kan (seed=2) F1=0.318  AUC=0.494  LL=0.6978 (0.3s)
21:56:40  src.cpcv.preprocessing  INFO  Computing MDA (Random Forest)...
21:57:17  src.cpcv.preprocessing  INFO  Computing MDA (Logistic Regression)...
21:57:18  src.cpcv.preprocessing  INFO  Multi-model MDA: 36/73 passed (MDA > 0), 37 eliminated
21:57:18  src.cpcv.preprocessing  INFO    Capped at 10 features (top_k_frac=0.15)
21:57:18  src.cpcv.preprocessing  INFO    Selected (10): ['cci_14', 'dxy_roc_30', 'ema_ratio_20_50', 'eth_btc_ratio', 'log_returns', 'log_returns_lag1', 'log_returns_lag6', 'mvrv', 'natgas_ret_30', 'smt_poly1']
21:57:18  src.cpcv.pipeline  INFO    Preprocessing: 10 features selected, train=567 + val=122 + cal=122, test=146
21:57:18  src.cpcv.tuning  INFO  Tuning (1 model) — Optuna TPE + Purged K-Fold (inner: 3 folds, embargo=10 obs)
21:57:18  src.cpcv.tuning  INFO    [tuning] kan (efficient-kan + AdamW): 3 purged K-fold splits, 30 Optuna trials (TPE)
21:58:18  src.cpcv.tuning  INFO      kan: 18 completed, 12 pruned (of 30 total) — best log_loss=0.6806, params={'width1': 5, 'lr': 0.032270820052530576, 'weight_decay': 0.0001460794186178328, 'grid': 3}
21:58:18  src.cpcv.tuning  INFO    [tuning] kan done in 60.0s — best log_loss=0.6806
21:58:18  src.cpcv.tuning  INFO  Tuning total: 60.0s
21:58:18  src.cpcv.pipeline  INFO      applied kan: {'width1': 5, 'width2': 0, 'grid': 3, 'lr': 0.032270820052530576, 'weight_decay': 0.0001460794186178328}
21:58:19  src.cpcv.models.kan_model  INFO  KAN fitted: widths=[10, 5, 2], grid=3, epochs=37, val_acc=0.6148, val_loss=0.7539, logit_range=[-0.54, 0.58], device=cpu.
21:58:19  src.cpcv.pipeline  INFO    [  7/84]                  kan (seed=0) F1=0.423  AUC=0.501  LL=0.6928 (0.5s)
21:58:19  src.cpcv.models.kan_model  INFO  KAN fitted: widths=[10, 5, 2], grid=3, epochs=30, val_acc=0.5984, val_loss=0.7516, logit_range=[-0.71, 0.77], device=cpu.
21:58:19  src.cpcv.pipeline  INFO    [  8/84]                  kan (seed=1) F1=0.395  AUC=0.514  LL=0.6898 (0.4s)
21:58:20  src.cpcv.models.kan_model  INFO  KAN fitted: widths=[10, 5, 2], grid=3, epochs=29, val_acc=0.5574, val_loss=0.7561, logit_range=[-0.50, 0.75], device=cpu.
21:58:20  src.cpcv.pipeline  INFO    [  9/84]                  kan (seed=2) F1=0.401  AUC=0.513  LL=0.6916 (0.5s)
21:58:20  src.cpcv.preprocessing  INFO  Computing MDA (Random Forest)...
21:58:59  src.cpcv.preprocessing  INFO  Computing MDA (Logistic Regression)...
21:59:00  src.cpcv.preprocessing  INFO  Multi-model MDA: 39/73 passed (MDA > 0), 34 eliminated
21:59:00  src.cpcv.preprocessing  INFO    Capped at 10 features (top_k_frac=0.15)
21:59:00  src.cpcv.preprocessing  INFO    Selected (10): ['atr', 'eth_btc_ratio', 'hashrate_roc_30', 'lz_complexity', 'mvrv', 'natgas_ret_30', 'sadf', 'sp500_ret_14', 'variance_ratio', 'vix']
21:59:00  src.cpcv.pipeline  INFO    Preprocessing: 10 features selected, train=567 + val=122 + cal=122, test=146
21:59:00  src.cpcv.tuning  INFO  Tuning (1 model) — Optuna TPE + Purged K-Fold (inner: 3 folds, embargo=10 obs)
21:59:00  src.cpcv.tuning  INFO    [tuning] kan (efficient-kan + AdamW): 3 purged K-fold splits, 30 Optuna trials (TPE)
21:59:34  src.cpcv.tuning  INFO      kan: 16 completed, 14 pruned (of 30 total) — best log_loss=0.6919, params={'width1': 2, 'lr': 0.0014678675342378574, 'weight_decay': 0.004489939207501898, 'grid': 3}
21:59:34  src.cpcv.tuning  INFO    [tuning] kan done in 33.9s — best log_loss=0.6919
21:59:34  src.cpcv.tuning  INFO  Tuning total: 33.9s
21:59:34  src.cpcv.pipeline  INFO      applied kan: {'width1': 2, 'width2': 0, 'grid': 3, 'lr': 0.0014678675342378574, 'weight_decay': 0.004489939207501898}
21:59:35  src.cpcv.models.kan_model  INFO  KAN fitted: widths=[10, 2, 2], grid=3, epochs=45, val_acc=0.6148, val_loss=0.7908, logit_range=[-0.08, 0.04], device=cpu.
21:59:35  src.cpcv.pipeline  INFO    [ 10/84]                  kan (seed=0) F1=0.379  AUC=0.565  LL=0.6835 (0.6s)
21:59:35  src.cpcv.models.kan_model  INFO  KAN fitted: widths=[10, 2, 2], grid=3, epochs=21, val_acc=0.6311, val_loss=0.7800, logit_range=[-0.10, 0.16], device=cpu.
21:59:35  src.cpcv.pipeline  INFO    [ 11/84]                  kan (seed=1) F1=0.379  AUC=0.428  LL=0.6842 (0.3s)
21:59:36  src.cpcv.models.kan_model  INFO  KAN fitted: widths=[10, 2, 2], grid=3, epochs=47, val_acc=0.4508, val_loss=0.7920, logit_range=[-0.10, 0.12], device=cpu.
21:59:36  src.cpcv.pipeline  INFO    [ 12/84]                  kan (seed=2) F1=0.418  AUC=0.570  LL=0.6630 (0.6s)
21:59:36  src.cpcv.preprocessing  INFO  Computing MDA (Random Forest)...
22:00:13  src.cpcv.preprocessing  INFO  Computing MDA (Logistic Regression)...
22:00:14  src.cpcv.preprocessing  INFO  Multi-model MDA: 36/73 passed (MDA > 0), 37 eliminated
22:00:14  src.cpcv.preprocessing  INFO    Capped at 10 features (top_k_frac=0.15)
22:00:14  src.cpcv.preprocessing  INFO    Selected (10): ['active_addr_roc_14', 'eth_btc_ratio', 'exchange_supply_pct', 'log_returns_lag1', 'log_returns_lag5', 'oil_ret_14', 'roc_14', 'skewness', 'smt_exp', 'vix']
22:00:14  src.cpcv.pipeline  INFO    Preprocessing: 10 features selected, train=567 + val=122 + cal=122, test=146
22:00:14  src.cpcv.tuning  INFO  Tuning (1 model) — Optuna TPE + Purged K-Fold (inner: 3 folds, embargo=10 obs)
22:00:14  src.cpcv.tuning  INFO    [tuning] kan (efficient-kan + AdamW): 3 purged K-fold splits, 30 Optuna trials (TPE)
22:01:18  src.cpcv.tuning  INFO      kan: 19 completed, 11 pruned (of 30 total) — best log_loss=0.6774, params={'width1': 6, 'lr': 0.046950726286190125, 'weight_decay': 1.0853512338297248e-05, 'grid': 5}
22:01:18  src.cpcv.tuning  INFO    [tuning] kan done in 63.8s — best log_loss=0.6774
22:01:18  src.cpcv.tuning  INFO  Tuning total: 63.8s
22:01:18  src.cpcv.pipeline  INFO      applied kan: {'width1': 6, 'width2': 0, 'grid': 5, 'lr': 0.046950726286190125, 'weight_decay': 1.0853512338297248e-05}
22:01:19  src.cpcv.models.kan_model  INFO  KAN fitted: widths=[10, 6, 2], grid=5, epochs=22, val_acc=0.6066, val_loss=0.7667, logit_range=[-0.28, 0.19], device=cpu.
22:01:19  src.cpcv.pipeline  INFO    [ 13/84]                  kan (seed=0) F1=0.423  AUC=0.469  LL=0.7649 (0.4s)
22:01:19  src.cpcv.models.kan_model  INFO  KAN fitted: widths=[10, 6, 2], grid=5, epochs=23, val_acc=0.5328, val_loss=0.7711, logit_range=[-0.18, 0.34], device=cpu.
22:01:19  src.cpcv.pipeline  INFO    [ 14/84]                  kan (seed=1) F1=0.457  AUC=0.502  LL=0.7103 (0.4s)
22:01:19  src.cpcv.models.kan_model  INFO  KAN fitted: widths=[10, 6, 2], grid=5, epochs=23, val_acc=0.5328, val_loss=0.7710, logit_range=[-0.27, 0.18], device=cpu.
22:01:19  src.cpcv.pipeline  INFO    [ 15/84]                  kan (seed=2) F1=0.451  AUC=0.500  LL=0.7153 (0.3s)
22:01:20  src.cpcv.preprocessing  INFO  Computing MDA (Random Forest)...
22:01:59  src.cpcv.preprocessing  INFO  Computing MDA (Logistic Regression)...
22:02:01  src.cpcv.preprocessing  INFO  Multi-model MDA: 40/73 passed (MDA > 0), 33 eliminated
22:02:01  src.cpcv.preprocessing  INFO    Capped at 10 features (top_k_frac=0.15)
22:02:01  src.cpcv.preprocessing  INFO    Selected (10): ['atr', 'eth_btc_ratio', 'jarque_bera', 'kurtosis', 'log_returns_lag30', 'silver_ret_30', 'variance_ratio', 'vol_term_7_30', 'vwma_ratio_20_50', 'yield_curve_2y10y']
22:02:01  src.cpcv.pipeline  INFO    Preprocessing: 10 features selected, train=567 + val=122 + cal=122, test=146
22:02:01  src.cpcv.tuning  INFO  Tuning (1 model) — Optuna TPE + Purged K-Fold (inner: 3 folds, embargo=10 obs)
22:02:01  src.cpcv.tuning  INFO    [tuning] kan (efficient-kan + AdamW): 3 purged K-fold splits, 30 Optuna trials (TPE)
22:03:06  src.cpcv.tuning  INFO      kan: 12 completed, 18 pruned (of 30 total) — best log_loss=0.6737, params={'width1': 2, 'lr': 0.005027074932238166, 'weight_decay': 0.0014626579161023774, 'grid': 5}
22:03:06  src.cpcv.tuning  INFO    [tuning] kan done in 65.7s — best log_loss=0.6737
22:03:06  src.cpcv.tuning  INFO  Tuning total: 65.7s
22:03:06  src.cpcv.pipeline  INFO      applied kan: {'width1': 2, 'width2': 0, 'grid': 5, 'lr': 0.005027074932238166, 'weight_decay': 0.0014626579161023774}
22:03:07  src.cpcv.models.kan_model  INFO  KAN fitted: widths=[10, 2, 2], grid=5, epochs=67, val_acc=0.6639, val_loss=0.7758, logit_range=[-0.72, 0.25], device=cpu.
22:03:07  src.cpcv.pipeline  INFO    [ 16/84]                  kan (seed=0) F1=0.500  AUC=0.486  LL=0.7238 (0.8s)
22:03:08  src.cpcv.models.kan_model  INFO  KAN fitted: widths=[10, 2, 2], grid=5, epochs=85, val_acc=0.6230, val_loss=0.7739, logit_range=[-0.49, 0.41], device=cpu.
22:03:08  src.cpcv.pipeline  INFO    [ 17/84]                  kan (seed=1) F1=0.487  AUC=0.478  LL=0.7049 (1.0s)
22:03:09  src.cpcv.models.kan_model  INFO  KAN fitted: widths=[10, 2, 2], grid=5, epochs=75, val_acc=0.6230, val_loss=0.7858, logit_range=[-0.51, 0.47], device=cpu.
22:03:09  src.cpcv.pipeline  INFO    [ 18/84]                  kan (seed=2) F1=0.483  AUC=0.467  LL=0.7412 (0.9s)
22:03:10  src.cpcv.preprocessing  INFO  Computing MDA (Random Forest)...
22:03:48  src.cpcv.preprocessing  INFO  Computing MDA (Logistic Regression)...
22:03:49  src.cpcv.preprocessing  INFO  Multi-model MDA: 40/73 passed (MDA > 0), 33 eliminated
22:03:49  src.cpcv.preprocessing  INFO    Capped at 10 features (top_k_frac=0.15)
22:03:49  src.cpcv.preprocessing  INFO    Selected (10): ['chaikin_osc', 'copper_ret_14', 'hashrate_roc_30', 'hurst', 'log_returns', 'us10y', 'variance_ratio', 'vix', 'williams_r', 'yield_curve_2y10y']
22:03:49  src.cpcv.pipeline  INFO    Preprocessing: 10 features selected, train=575 + val=123 + cal=124, test=146
22:03:49  src.cpcv.tuning  INFO  Tuning (1 model) — Optuna TPE + Purged K-Fold (inner: 3 folds, embargo=10 obs)
22:03:49  src.cpcv.tuning  INFO    [tuning] kan (efficient-kan + AdamW): 3 purged K-fold splits, 30 Optuna trials (TPE)
22:04:21  src.cpcv.tuning  INFO      kan: 20 completed, 10 pruned (of 30 total) — best log_loss=0.6920, params={'width1': 3, 'lr': 0.0005109031495434558, 'weight_decay': 0.001151678633751397, 'grid': 5}
22:04:21  src.cpcv.tuning  INFO    [tuning] kan done in 32.2s — best log_loss=0.6920
22:04:21  src.cpcv.tuning  INFO  Tuning total: 32.2s
22:04:21  src.cpcv.pipeline  INFO      applied kan: {'width1': 3, 'width2': 0, 'grid': 5, 'lr': 0.0005109031495434558, 'weight_decay': 0.001151678633751397}
22:04:22  src.cpcv.models.kan_model  INFO  KAN fitted: widths=[10, 3, 2], grid=5, epochs=21, val_acc=0.4472, val_loss=0.8584, logit_range=[-0.11, 0.16], device=cpu.
22:04:22  src.cpcv.pipeline  INFO    [ 19/84]                  kan (seed=0) F1=0.377  AUC=0.561  LL=0.6820 (0.3s)
22:04:22  src.cpcv.models.kan_model  INFO  KAN fitted: widths=[10, 3, 2], grid=5, epochs=21, val_acc=0.5366, val_loss=0.8598, logit_range=[-0.08, 0.05], device=cpu.
22:04:22  src.cpcv.pipeline  INFO    [ 20/84]                  kan (seed=1) F1=0.360  AUC=0.583  LL=0.6786 (0.5s)
22:04:23  src.cpcv.models.kan_model  INFO  KAN fitted: widths=[10, 3, 2], grid=5, epochs=21, val_acc=0.5203, val_loss=0.8529, logit_range=[-0.14, 0.11], device=cpu.
22:04:23  src.cpcv.pipeline  INFO    [ 21/84]                  kan (seed=2) F1=0.360  AUC=0.479  LL=0.6859 (0.4s)
22:04:23  src.cpcv.preprocessing  INFO  Computing MDA (Random Forest)...
22:04:59  src.cpcv.preprocessing  INFO  Computing MDA (Logistic Regression)...
22:05:00  src.cpcv.preprocessing  INFO  Multi-model MDA: 37/73 passed (MDA > 0), 36 eliminated
22:05:00  src.cpcv.preprocessing  INFO    Capped at 10 features (top_k_frac=0.15)
22:05:00  src.cpcv.preprocessing  INFO    Selected (10): ['dxy_roc_30', 'gold_ret_30', 'log_returns', 'log_returns_lag2', 'log_returns_lag4', 'natgas_ret_30', 'obv', 'rsi', 'tx_count_roc_14', 'us2y']
22:05:00  src.cpcv.pipeline  INFO    Preprocessing: 10 features selected, train=503 + val=108 + cal=108, test=239
22:05:00  src.cpcv.tuning  INFO  Tuning (1 model) — Optuna TPE + Purged K-Fold (inner: 3 folds, embargo=10 obs)
22:05:00  src.cpcv.tuning  INFO    [tuning] kan (efficient-kan + AdamW): 3 purged K-fold splits, 30 Optuna trials (TPE)
22:05:38  src.cpcv.tuning  INFO      kan: 14 completed, 16 pruned (of 30 total) — best log_loss=0.6916, params={'width1': 3, 'lr': 0.04947237614266775, 'weight_decay': 0.00010852532999186414, 'grid': 5}
22:05:38  src.cpcv.tuning  INFO    [tuning] kan done in 37.5s — best log_loss=0.6916
22:05:38  src.cpcv.tuning  INFO  Tuning total: 37.5s
22:05:38  src.cpcv.pipeline  INFO      applied kan: {'width1': 3, 'width2': 0, 'grid': 5, 'lr': 0.04947237614266775, 'weight_decay': 0.00010852532999186414}
22:05:38  src.cpcv.models.kan_model  INFO  KAN fitted: widths=[10, 3, 2], grid=5, epochs=22, val_acc=0.4259, val_loss=0.7492, logit_range=[-0.32, 0.14], device=cpu.
22:05:38  src.cpcv.pipeline  INFO    [ 22/84]                  kan (seed=0) F1=0.464  AUC=0.547  LL=0.6918 (0.3s)
22:05:38  src.cpcv.models.kan_model  INFO  KAN fitted: widths=[10, 3, 2], grid=5, epochs=21, val_acc=0.3796, val_loss=0.7671, logit_range=[-0.13, 0.19], device=cpu.
22:05:38  src.cpcv.pipeline  INFO    [ 23/84]                  kan (seed=1) F1=0.347  AUC=0.520  LL=0.6904 (0.3s)
22:05:39  src.cpcv.models.kan_model  INFO  KAN fitted: widths=[10, 3, 2], grid=5, epochs=21, val_acc=0.3796, val_loss=0.7531, logit_range=[-0.04, 0.14], device=cpu.
22:05:39  src.cpcv.pipeline  INFO    [ 24/84]                  kan (seed=2) F1=0.347  AUC=0.525  LL=0.6920 (0.3s)
22:05:39  src.cpcv.preprocessing  INFO  Computing MDA (Random Forest)...
22:06:13  src.cpcv.preprocessing  INFO  Computing MDA (Logistic Regression)...
22:06:14  src.cpcv.preprocessing  INFO  Multi-model MDA: 38/73 passed (MDA > 0), 35 eliminated
22:06:14  src.cpcv.preprocessing  INFO    Capped at 10 features (top_k_frac=0.15)
22:06:14  src.cpcv.preprocessing  INFO    Selected (10): ['cci_14', 'dxy_roc_30', 'eth_btc_ratio', 'hashrate_roc_30', 'log_returns_lag2', 'log_returns_lag6', 'macd', 'macd_hist', 'natgas_ret_30', 'negentropy']
22:06:14  src.cpcv.pipeline  INFO    Preprocessing: 10 features selected, train=494 + val=106 + cal=107, test=239
22:06:14  src.cpcv.tuning  INFO  Tuning (1 model) — Optuna TPE + Purged K-Fold (inner: 3 folds, embargo=10 obs)
22:06:14  src.cpcv.tuning  INFO    [tuning] kan (efficient-kan + AdamW): 3 purged K-fold splits, 30 Optuna trials (TPE)
22:07:12  src.cpcv.tuning  INFO      kan: 30 completed, 0 pruned (of 30 total) — best log_loss=0.6884, params={'width1': 5, 'lr': 0.023595707983387032, 'weight_decay': 0.00013201710447712978, 'grid': 3}
22:07:12  src.cpcv.tuning  INFO    [tuning] kan done in 57.9s — best log_loss=0.6884
22:07:12  src.cpcv.tuning  INFO  Tuning total: 57.9s
22:07:12  src.cpcv.pipeline  INFO      applied kan: {'width1': 5, 'width2': 0, 'grid': 3, 'lr': 0.023595707983387032, 'weight_decay': 0.00013201710447712978}
22:07:12  src.cpcv.models.kan_model  INFO  KAN fitted: widths=[10, 5, 2], grid=3, epochs=23, val_acc=0.5189, val_loss=0.7467, logit_range=[-0.13, 0.15], device=cpu.
22:07:12  src.cpcv.pipeline  INFO    [ 25/84]                  kan (seed=0) F1=0.368  AUC=0.473  LL=0.6917 (0.3s)
22:07:13  src.cpcv.models.kan_model  INFO  KAN fitted: widths=[10, 5, 2], grid=3, epochs=21, val_acc=0.5000, val_loss=0.7526, logit_range=[-0.15, 0.13], device=cpu.
22:07:13  src.cpcv.pipeline  INFO    [ 26/84]                  kan (seed=1) F1=0.570  AUC=0.575  LL=0.6833 (0.3s)
22:07:13  src.cpcv.models.kan_model  INFO  KAN fitted: widths=[10, 5, 2], grid=3, epochs=23, val_acc=0.4340, val_loss=0.7556, logit_range=[-0.15, 0.24], device=cpu.
22:07:13  src.cpcv.pipeline  INFO    [ 27/84]                  kan (seed=2) F1=0.368  AUC=0.521  LL=0.6903 (0.3s)
22:07:13  src.cpcv.preprocessing  INFO  Computing MDA (Random Forest)...
22:07:49  src.cpcv.preprocessing  INFO  Computing MDA (Logistic Regression)...
22:07:50  src.cpcv.preprocessing  INFO  Multi-model MDA: 37/73 passed (MDA > 0), 36 eliminated
22:07:50  src.cpcv.preprocessing  INFO    Capped at 10 features (top_k_frac=0.15)
22:07:50  src.cpcv.preprocessing  INFO    Selected (10): ['chaikin_osc', 'dxy_roc_30', 'eth_btc_ratio', 'hashrate_roc_30', 'jarque_bera', 'log_returns_lag4', 'natgas_ret_30', 'rsi', 'smt_exp', 'sp500_ret_14']
22:07:50  src.cpcv.pipeline  INFO    Preprocessing: 10 features selected, train=494 + val=106 + cal=107, test=239
22:07:50  src.cpcv.tuning  INFO  Tuning (1 model) — Optuna TPE + Purged K-Fold (inner: 3 folds, embargo=10 obs)
22:07:50  src.cpcv.tuning  INFO    [tuning] kan (efficient-kan + AdamW): 3 purged K-fold splits, 30 Optuna trials (TPE)
22:08:37  src.cpcv.tuning  INFO      kan: 22 completed, 8 pruned (of 30 total) — best log_loss=0.6883, params={'width1': 6, 'lr': 0.027036609582887033, 'weight_decay': 0.004221405337932536, 'grid': 3}
22:08:37  src.cpcv.tuning  INFO    [tuning] kan done in 46.9s — best log_loss=0.6883
22:08:37  src.cpcv.tuning  INFO  Tuning total: 46.9s
22:08:37  src.cpcv.pipeline  INFO      applied kan: {'width1': 6, 'width2': 0, 'grid': 3, 'lr': 0.027036609582887033, 'weight_decay': 0.004221405337932536}
22:08:38  src.cpcv.models.kan_model  INFO  KAN fitted: widths=[10, 6, 2], grid=3, epochs=21, val_acc=0.6132, val_loss=0.7481, logit_range=[-0.15, 0.09], device=cpu.
22:08:38  src.cpcv.pipeline  INFO    [ 28/84]                  kan (seed=0) F1=0.542  AUC=0.549  LL=0.6927 (0.3s)
22:08:38  src.cpcv.models.kan_model  INFO  KAN fitted: widths=[10, 6, 2], grid=3, epochs=22, val_acc=0.6038, val_loss=0.7510, logit_range=[-0.16, 0.08], device=cpu.
22:08:38  src.cpcv.pipeline  INFO    [ 29/84]                  kan (seed=1) F1=0.503  AUC=0.510  LL=0.6990 (0.3s)
22:08:38  src.cpcv.models.kan_model  INFO  KAN fitted: widths=[10, 6, 2], grid=3, epochs=22, val_acc=0.6132, val_loss=0.7472, logit_range=[-0.15, 0.15], device=cpu.
22:08:38  src.cpcv.pipeline  INFO    [ 30/84]                  kan (seed=2) F1=0.534  AUC=0.577  LL=0.6909 (0.3s)
22:08:39  src.cpcv.preprocessing  INFO  Computing MDA (Random Forest)...
22:09:13  src.cpcv.preprocessing  INFO  Computing MDA (Logistic Regression)...
22:09:14  src.cpcv.preprocessing  INFO  Multi-model MDA: 37/73 passed (MDA > 0), 36 eliminated
22:09:14  src.cpcv.preprocessing  INFO    Capped at 10 features (top_k_frac=0.15)
22:09:14  src.cpcv.preprocessing  INFO    Selected (10): ['cci_14', 'ema_ratio_20_50', 'jarque_bera', 'log_returns', 'log_returns_lag6', 'mfi_14', 'natgas_ret_14', 'natgas_ret_30', 'skewness', 'sp500_ret_14']
22:09:14  src.cpcv.pipeline  INFO    Preprocessing: 10 features selected, train=494 + val=106 + cal=107, test=239
22:09:14  src.cpcv.tuning  INFO  Tuning (1 model) — Optuna TPE + Purged K-Fold (inner: 3 folds, embargo=10 obs)
22:09:14  src.cpcv.tuning  INFO    [tuning] kan (efficient-kan + AdamW): 3 purged K-fold splits, 30 Optuna trials (TPE)
22:10:06  src.cpcv.tuning  INFO      kan: 19 completed, 11 pruned (of 30 total) — best log_loss=0.6843, params={'width1': 2, 'lr': 0.04761598235481374, 'weight_decay': 0.0009082778077715409, 'grid': 3}
22:10:06  src.cpcv.tuning  INFO    [tuning] kan done in 51.9s — best log_loss=0.6843
22:10:06  src.cpcv.tuning  INFO  Tuning total: 51.9s
22:10:06  src.cpcv.pipeline  INFO      applied kan: {'width1': 2, 'width2': 0, 'grid': 3, 'lr': 0.04761598235481374, 'weight_decay': 0.0009082778077715409}
22:10:06  src.cpcv.models.kan_model  INFO  KAN fitted: widths=[10, 2, 2], grid=3, epochs=21, val_acc=0.5094, val_loss=0.7434, logit_range=[-0.11, 0.09], device=cpu.
22:10:06  src.cpcv.pipeline  INFO    [ 31/84]                  kan (seed=0) F1=0.554  AUC=0.545  LL=0.6896 (0.3s)
22:10:06  src.cpcv.models.kan_model  INFO  KAN fitted: widths=[10, 2, 2], grid=3, epochs=21, val_acc=0.5094, val_loss=0.7466, logit_range=[-0.11, 0.18], device=cpu.
22:10:06  src.cpcv.pipeline  INFO    [ 32/84]                  kan (seed=1) F1=0.354  AUC=0.525  LL=0.6922 (0.3s)
22:10:07  src.cpcv.models.kan_model  INFO  KAN fitted: widths=[10, 2, 2], grid=3, epochs=22, val_acc=0.6132, val_loss=0.7406, logit_range=[-0.07, 0.28], device=cpu.
22:10:07  src.cpcv.pipeline  INFO    [ 33/84]                  kan (seed=2) F1=0.354  AUC=0.549  LL=0.6918 (0.3s)
22:10:07  src.cpcv.preprocessing  INFO  Computing MDA (Random Forest)...
22:10:41  src.cpcv.preprocessing  INFO  Computing MDA (Logistic Regression)...
22:10:42  src.cpcv.preprocessing  INFO  Multi-model MDA: 34/73 passed (MDA > 0), 39 eliminated
22:10:42  src.cpcv.preprocessing  INFO    Capped at 10 features (top_k_frac=0.15)
22:10:42  src.cpcv.preprocessing  INFO    Selected (10): ['atr', 'eth_btc_ratio', 'fee_per_tx', 'jarque_bera', 'oil_ret_14', 'skewness', 'sp500_ret_30', 'variance_ratio', 'vol_term_7_30', 'yield_curve_10y30y']
22:10:42  src.cpcv.pipeline  INFO    Preprocessing: 10 features selected, train=494 + val=106 + cal=107, test=239
22:10:42  src.cpcv.tuning  INFO  Tuning (1 model) — Optuna TPE + Purged K-Fold (inner: 3 folds, embargo=10 obs)
22:10:42  src.cpcv.tuning  INFO    [tuning] kan (efficient-kan + AdamW): 3 purged K-fold splits, 30 Optuna trials (TPE)
22:12:00  src.cpcv.tuning  INFO      kan: 14 completed, 16 pruned (of 30 total) — best log_loss=0.6680, params={'width1': 5, 'lr': 0.034578586332581755, 'weight_decay': 1.0281885572036885e-05, 'grid': 3}
22:12:00  src.cpcv.tuning  INFO    [tuning] kan done in 77.5s — best log_loss=0.6680
22:12:00  src.cpcv.tuning  INFO  Tuning total: 77.5s
22:12:00  src.cpcv.pipeline  INFO      applied kan: {'width1': 5, 'width2': 0, 'grid': 3, 'lr': 0.034578586332581755, 'weight_decay': 1.0281885572036885e-05}
22:12:00  src.cpcv.models.kan_model  INFO  KAN fitted: widths=[10, 5, 2], grid=3, epochs=29, val_acc=0.6321, val_loss=0.7371, logit_range=[-0.87, 0.71], device=cpu.
22:12:00  src.cpcv.pipeline  INFO    [ 34/84]                  kan (seed=0) F1=0.542  AUC=0.513  LL=0.7383 (0.4s)
22:12:01  src.cpcv.models.kan_model  INFO  KAN fitted: widths=[10, 5, 2], grid=3, epochs=28, val_acc=0.5755, val_loss=0.7398, logit_range=[-0.88, 0.46], device=cpu.
22:12:01  src.cpcv.pipeline  INFO    [ 35/84]                  kan (seed=1) F1=0.417  AUC=0.520  LL=0.7762 (0.4s)
22:12:01  src.cpcv.models.kan_model  INFO  KAN fitted: widths=[10, 5, 2], grid=3, epochs=30, val_acc=0.6038, val_loss=0.7460, logit_range=[-0.53, 0.46], device=cpu.
22:12:01  src.cpcv.pipeline  INFO    [ 36/84]                  kan (seed=2) F1=0.476  AUC=0.487  LL=0.7436 (0.4s)
22:12:02  src.cpcv.preprocessing  INFO  Computing MDA (Random Forest)...
22:12:36  src.cpcv.preprocessing  INFO  Computing MDA (Logistic Regression)...
22:12:37  src.cpcv.preprocessing  INFO  Multi-model MDA: 39/73 passed (MDA > 0), 34 eliminated
22:12:37  src.cpcv.preprocessing  INFO    Capped at 10 features (top_k_frac=0.15)
22:12:37  src.cpcv.preprocessing  INFO    Selected (10): ['dxy_roc_30', 'eth_btc_ratio', 'jarque_bera', 'log_returns_lag3', 'macd_hist', 'obv', 'oil_ret_14', 'sadf', 'williams_r', 'yz_vol']
22:12:37  src.cpcv.pipeline  INFO    Preprocessing: 10 features selected, train=502 + val=108 + cal=108, test=239
22:12:37  src.cpcv.tuning  INFO  Tuning (1 model) — Optuna TPE + Purged K-Fold (inner: 3 folds, embargo=10 obs)
22:12:37  src.cpcv.tuning  INFO    [tuning] kan (efficient-kan + AdamW): 3 purged K-fold splits, 30 Optuna trials (TPE)
22:13:21  src.cpcv.tuning  INFO      kan: 16 completed, 14 pruned (of 30 total) — best log_loss=0.6808, params={'width1': 2, 'lr': 0.045640509266847144, 'weight_decay': 3.165493757654852e-05, 'grid': 5}
22:13:21  src.cpcv.tuning  INFO    [tuning] kan done in 43.8s — best log_loss=0.6808
22:13:21  src.cpcv.tuning  INFO  Tuning total: 43.8s
22:13:21  src.cpcv.pipeline  INFO      applied kan: {'width1': 2, 'width2': 0, 'grid': 5, 'lr': 0.045640509266847144, 'weight_decay': 3.165493757654852e-05}
22:13:21  src.cpcv.models.kan_model  INFO  KAN fitted: widths=[10, 2, 2], grid=5, epochs=23, val_acc=0.5833, val_loss=0.8358, logit_range=[-0.45, 0.24], device=cpu.
22:13:21  src.cpcv.pipeline  INFO    [ 37/84]                  kan (seed=0) F1=0.458  AUC=0.486  LL=0.6842 (0.3s)
22:13:22  src.cpcv.models.kan_model  INFO  KAN fitted: widths=[10, 2, 2], grid=5, epochs=26, val_acc=0.5741, val_loss=0.8411, logit_range=[-0.44, 0.35], device=cpu.
22:13:22  src.cpcv.pipeline  INFO    [ 38/84]                  kan (seed=1) F1=0.461  AUC=0.500  LL=0.6834 (0.5s)
22:13:22  src.cpcv.models.kan_model  INFO  KAN fitted: widths=[10, 2, 2], grid=5, epochs=25, val_acc=0.5741, val_loss=0.8472, logit_range=[-0.47, 0.29], device=cpu.
22:13:22  src.cpcv.pipeline  INFO    [ 39/84]                  kan (seed=2) F1=0.371  AUC=0.484  LL=0.6805 (0.4s)
22:13:23  src.cpcv.preprocessing  INFO  Computing MDA (Random Forest)...
22:13:58  src.cpcv.preprocessing  INFO  Computing MDA (Logistic Regression)...
22:13:59  src.cpcv.preprocessing  INFO  Multi-model MDA: 37/73 passed (MDA > 0), 36 eliminated
22:13:59  src.cpcv.preprocessing  INFO    Capped at 10 features (top_k_frac=0.15)
22:13:59  src.cpcv.preprocessing  INFO    Selected (10): ['eth_btc_ratio', 'log_returns_lag6', 'macd_hist', 'obv', 'oil_ret_30', 'silver_ret_30', 'sp500_ret_30', 'stoch_d', 'vol_term_30_90', 'yield_curve_2y10y']
22:13:59  src.cpcv.pipeline  INFO    Preprocessing: 10 features selected, train=464 + val=99 + cal=100, test=292
22:13:59  src.cpcv.tuning  INFO  Tuning (1 model) — Optuna TPE + Purged K-Fold (inner: 3 folds, embargo=10 obs)
22:13:59  src.cpcv.tuning  INFO    [tuning] kan (efficient-kan + AdamW): 3 purged K-fold splits, 30 Optuna trials (TPE)
22:14:54  src.cpcv.tuning  INFO      kan: 19 completed, 11 pruned (of 30 total) — best log_loss=0.6886, params={'width1': 3, 'lr': 0.03984727409321968, 'weight_decay': 0.0009454306819536165, 'grid': 3}
22:14:54  src.cpcv.tuning  INFO    [tuning] kan done in 55.4s — best log_loss=0.6886
22:14:54  src.cpcv.tuning  INFO  Tuning total: 55.4s
22:14:54  src.cpcv.pipeline  INFO      applied kan: {'width1': 3, 'width2': 0, 'grid': 3, 'lr': 0.03984727409321968, 'weight_decay': 0.0009454306819536165}
22:14:55  src.cpcv.models.kan_model  INFO  KAN fitted: widths=[10, 3, 2], grid=3, epochs=21, val_acc=0.4646, val_loss=0.6963, logit_range=[-0.06, 0.13], device=cpu.
22:14:55  src.cpcv.pipeline  INFO    [ 40/84]                  kan (seed=0) F1=0.336  AUC=0.576  LL=0.6933 (0.4s)
22:14:55  src.cpcv.models.kan_model  INFO  KAN fitted: widths=[10, 3, 2], grid=3, epochs=35, val_acc=0.5758, val_loss=0.6957, logit_range=[-0.68, 0.50], device=cpu.
22:14:55  src.cpcv.pipeline  INFO    [ 41/84]                  kan (seed=1) F1=0.415  AUC=0.561  LL=0.6907 (0.6s)
22:14:56  src.cpcv.models.kan_model  INFO  KAN fitted: widths=[10, 3, 2], grid=3, epochs=21, val_acc=0.4545, val_loss=0.6986, logit_range=[-0.20, 0.07], device=cpu.
22:14:56  src.cpcv.pipeline  INFO    [ 42/84]                  kan (seed=2) F1=0.336  AUC=0.526  LL=0.6934 (0.4s)
22:14:56  src.cpcv.preprocessing  INFO  Computing MDA (Random Forest)...
22:15:31  src.cpcv.preprocessing  INFO  Computing MDA (Logistic Regression)...
22:15:32  src.cpcv.preprocessing  INFO  Multi-model MDA: 39/73 passed (MDA > 0), 34 eliminated
22:15:32  src.cpcv.preprocessing  INFO    Capped at 10 features (top_k_frac=0.15)
22:15:32  src.cpcv.preprocessing  INFO    Selected (10): ['ema_ratio_20_50', 'eth_btc_ratio', 'issuance_ntv', 'log_returns_lag4', 'mvrv', 'oil_ret_14', 'roc_14', 'stoch_d', 'us2y', 'yield_curve_10y30y']
22:15:32  src.cpcv.pipeline  INFO    Preprocessing: 10 features selected, train=455 + val=98 + cal=98, test=292
22:15:32  src.cpcv.tuning  INFO  Tuning (1 model) — Optuna TPE + Purged K-Fold (inner: 3 folds, embargo=10 obs)
22:15:32  src.cpcv.tuning  INFO    [tuning] kan (efficient-kan + AdamW): 3 purged K-fold splits, 30 Optuna trials (TPE)
22:15:59  src.cpcv.tuning  INFO      kan: 17 completed, 13 pruned (of 30 total) — best log_loss=0.6890, params={'width1': 2, 'lr': 0.04353010439152429, 'weight_decay': 0.001764971584817572, 'grid': 3}
22:15:59  src.cpcv.tuning  INFO    [tuning] kan done in 27.1s — best log_loss=0.6890
22:15:59  src.cpcv.tuning  INFO  Tuning total: 27.1s
22:15:59  src.cpcv.pipeline  INFO      applied kan: {'width1': 2, 'width2': 0, 'grid': 3, 'lr': 0.04353010439152429, 'weight_decay': 0.001764971584817572}
22:15:59  src.cpcv.models.kan_model  INFO  KAN fitted: widths=[10, 2, 2], grid=3, epochs=21, val_acc=0.5510, val_loss=0.7096, logit_range=[-0.09, 0.05], device=cpu.
22:15:59  src.cpcv.pipeline  INFO    [ 43/84]                  kan (seed=0) F1=0.429  AUC=0.567  LL=0.6891 (0.3s)
22:16:00  src.cpcv.models.kan_model  INFO  KAN fitted: widths=[10, 2, 2], grid=3, epochs=21, val_acc=0.4592, val_loss=0.7111, logit_range=[-0.08, 0.04], device=cpu.
22:16:00  src.cpcv.pipeline  INFO    [ 44/84]                  kan (seed=1) F1=0.350  AUC=0.597  LL=0.6900 (0.3s)
22:16:00  src.cpcv.models.kan_model  INFO  KAN fitted: widths=[10, 2, 2], grid=3, epochs=26, val_acc=0.5714, val_loss=0.7165, logit_range=[-0.29, 0.35], device=cpu.
22:16:00  src.cpcv.pipeline  INFO    [ 45/84]                  kan (seed=2) F1=0.350  AUC=0.628  LL=0.6880 (0.3s)
22:16:00  src.cpcv.preprocessing  INFO  Computing MDA (Random Forest)...
22:16:34  src.cpcv.preprocessing  INFO  Computing MDA (Logistic Regression)...
22:16:36  src.cpcv.preprocessing  INFO  Multi-model MDA: 30/73 passed (MDA > 0), 43 eliminated
22:16:36  src.cpcv.preprocessing  INFO    Capped at 10 features (top_k_frac=0.15)
22:16:36  src.cpcv.preprocessing  INFO    Selected (10): ['ema_ratio_50_200', 'log_returns_lag2', 'log_returns_lag7', 'natgas_ret_14', 'rsi', 'skewness', 'sp500_ret_14', 'us10y', 'us2y', 'yield_curve_10y30y']
22:16:36  src.cpcv.pipeline  INFO    Preprocessing: 10 features selected, train=455 + val=98 + cal=98, test=292
22:16:36  src.cpcv.tuning  INFO  Tuning (1 model) — Optuna TPE + Purged K-Fold (inner: 3 folds, embargo=10 obs)
22:16:36  src.cpcv.tuning  INFO    [tuning] kan (efficient-kan + AdamW): 3 purged K-fold splits, 30 Optuna trials (TPE)
22:17:29  src.cpcv.tuning  INFO      kan: 6 completed, 24 pruned (of 30 total) — best log_loss=0.6817, params={'width1': 3, 'lr': 0.03695629014742159, 'weight_decay': 0.004379297255670883, 'grid': 3}
22:17:29  src.cpcv.tuning  INFO    [tuning] kan done in 53.8s — best log_loss=0.6817
22:17:29  src.cpcv.tuning  INFO  Tuning total: 53.8s
22:17:29  src.cpcv.pipeline  INFO      applied kan: {'width1': 3, 'width2': 0, 'grid': 3, 'lr': 0.03695629014742159, 'weight_decay': 0.004379297255670883}
22:17:30  src.cpcv.models.kan_model  INFO  KAN fitted: widths=[10, 3, 2], grid=3, epochs=37, val_acc=0.5000, val_loss=0.6989, logit_range=[-0.48, 0.31], device=cpu.
22:17:30  src.cpcv.pipeline  INFO    [ 46/84]                  kan (seed=0) F1=0.464  AUC=0.488  LL=0.6977 (0.5s)
22:17:30  src.cpcv.models.kan_model  INFO  KAN fitted: widths=[10, 3, 2], grid=3, epochs=54, val_acc=0.5918, val_loss=0.6762, logit_range=[-0.50, 0.72], device=cpu.
22:17:31  src.cpcv.pipeline  INFO    [ 47/84]                  kan (seed=1) F1=0.419  AUC=0.469  LL=0.6961 (0.7s)
22:17:31  src.cpcv.models.kan_model  INFO  KAN fitted: widths=[10, 3, 2], grid=3, epochs=35, val_acc=0.5102, val_loss=0.7015, logit_range=[-0.35, 0.30], device=cpu.
22:17:31  src.cpcv.pipeline  INFO    [ 48/84]                  kan (seed=2) F1=0.523  AUC=0.497  LL=0.7425 (0.4s)
22:17:31  src.cpcv.preprocessing  INFO  Computing MDA (Random Forest)...
22:18:05  src.cpcv.preprocessing  INFO  Computing MDA (Logistic Regression)...
22:18:06  src.cpcv.preprocessing  INFO  Multi-model MDA: 37/73 passed (MDA > 0), 36 eliminated
22:18:06  src.cpcv.preprocessing  INFO    Capped at 10 features (top_k_frac=0.15)
22:18:06  src.cpcv.preprocessing  INFO    Selected (10): ['exchange_supply_pct', 'jarque_bera', 'log_returns_lag5', 'lz_complexity', 'nasdaq_ret_14', 'oil_ret_14', 'rsi', 'sadf', 'silver_ret_30', 'smt_exp']
22:18:06  src.cpcv.pipeline  INFO    Preprocessing: 10 features selected, train=455 + val=98 + cal=98, test=292
22:18:06  src.cpcv.tuning  INFO  Tuning (1 model) — Optuna TPE + Purged K-Fold (inner: 3 folds, embargo=10 obs)
22:18:06  src.cpcv.tuning  INFO    [tuning] kan (efficient-kan + AdamW): 3 purged K-fold splits, 30 Optuna trials (TPE)
22:19:11  src.cpcv.tuning  INFO      kan: 26 completed, 4 pruned (of 30 total) — best log_loss=0.6785, params={'width1': 4, 'lr': 0.0033860035133253005, 'weight_decay': 0.00047180582703304974, 'grid': 5}
22:19:11  src.cpcv.tuning  INFO    [tuning] kan done in 65.0s — best log_loss=0.6785
22:19:11  src.cpcv.tuning  INFO  Tuning total: 65.0s
22:19:11  src.cpcv.pipeline  INFO      applied kan: {'width1': 4, 'width2': 0, 'grid': 5, 'lr': 0.0033860035133253005, 'weight_decay': 0.00047180582703304974}
22:19:12  src.cpcv.models.kan_model  INFO  KAN fitted: widths=[10, 4, 2], grid=5, epochs=72, val_acc=0.5510, val_loss=0.7805, logit_range=[-0.40, 0.51], device=cpu.
22:19:12  src.cpcv.pipeline  INFO    [ 49/84]                  kan (seed=0) F1=0.447  AUC=0.514  LL=0.7027 (0.9s)
22:19:13  src.cpcv.models.kan_model  INFO  KAN fitted: widths=[10, 4, 2], grid=5, epochs=83, val_acc=0.5204, val_loss=0.7887, logit_range=[-0.40, 0.36], device=cpu.
22:19:13  src.cpcv.pipeline  INFO    [ 50/84]                  kan (seed=1) F1=0.452  AUC=0.509  LL=0.7068 (1.0s)
22:19:14  src.cpcv.models.kan_model  INFO  KAN fitted: widths=[10, 4, 2], grid=5, epochs=86, val_acc=0.5306, val_loss=0.7926, logit_range=[-0.58, 0.31], device=cpu.
22:19:14  src.cpcv.pipeline  INFO    [ 51/84]                  kan (seed=2) F1=0.431  AUC=0.506  LL=0.7027 (1.1s)
22:19:15  src.cpcv.preprocessing  INFO  Computing MDA (Random Forest)...
22:19:49  src.cpcv.preprocessing  INFO  Computing MDA (Logistic Regression)...
22:19:50  src.cpcv.preprocessing  INFO  Multi-model MDA: 40/73 passed (MDA > 0), 33 eliminated
22:19:50  src.cpcv.preprocessing  INFO    Capped at 10 features (top_k_frac=0.15)
22:19:50  src.cpcv.preprocessing  INFO    Selected (10): ['exchange_supply_pct', 'fee_per_tx', 'gk_vol', 'jarque_bera', 'kurtosis', 'log_returns_lag1', 'macd_hist', 'natgas_ret_30', 'obv', 'sadf']
22:19:50  src.cpcv.pipeline  INFO    Preprocessing: 10 features selected, train=463 + val=99 + cal=100, test=292
22:19:50  src.cpcv.tuning  INFO  Tuning (1 model) — Optuna TPE + Purged K-Fold (inner: 3 folds, embargo=10 obs)
22:19:50  src.cpcv.tuning  INFO    [tuning] kan (efficient-kan + AdamW): 3 purged K-fold splits, 30 Optuna trials (TPE)
22:21:00  src.cpcv.tuning  INFO      kan: 30 completed, 0 pruned (of 30 total) — best log_loss=0.6732, params={'width1': 2, 'lr': 0.04353010439152429, 'weight_decay': 0.001764971584817572, 'grid': 3}
22:21:00  src.cpcv.tuning  INFO    [tuning] kan done in 69.5s — best log_loss=0.6732
22:21:00  src.cpcv.tuning  INFO  Tuning total: 69.5s
22:21:00  src.cpcv.pipeline  INFO      applied kan: {'width1': 2, 'width2': 0, 'grid': 3, 'lr': 0.04353010439152429, 'weight_decay': 0.001764971584817572}
22:21:00  src.cpcv.models.kan_model  INFO  KAN fitted: widths=[10, 2, 2], grid=3, epochs=25, val_acc=0.6061, val_loss=0.8380, logit_range=[-0.46, 0.29], device=cpu.
22:21:00  src.cpcv.pipeline  INFO    [ 52/84]                  kan (seed=0) F1=0.339  AUC=0.473  LL=0.7235 (0.3s)
22:21:00  src.cpcv.models.kan_model  INFO  KAN fitted: widths=[10, 2, 2], grid=3, epochs=26, val_acc=0.6162, val_loss=0.8268, logit_range=[-0.52, 0.22], device=cpu.
22:21:00  src.cpcv.pipeline  INFO    [ 53/84]                  kan (seed=1) F1=0.346  AUC=0.471  LL=0.7483 (0.3s)
22:21:01  src.cpcv.models.kan_model  INFO  KAN fitted: widths=[10, 2, 2], grid=3, epochs=41, val_acc=0.5556, val_loss=0.8277, logit_range=[-0.72, 0.78], device=cpu.
22:21:01  src.cpcv.pipeline  INFO    [ 54/84]                  kan (seed=2) F1=0.339  AUC=0.478  LL=0.7199 (0.5s)
22:21:01  src.cpcv.preprocessing  INFO  Computing MDA (Random Forest)...
22:21:36  src.cpcv.preprocessing  INFO  Computing MDA (Logistic Regression)...
22:21:37  src.cpcv.preprocessing  INFO  Multi-model MDA: 39/73 passed (MDA > 0), 34 eliminated
22:21:37  src.cpcv.preprocessing  INFO    Capped at 10 features (top_k_frac=0.15)
22:21:37  src.cpcv.preprocessing  INFO    Selected (10): ['copper_ret_14', 'eth_btc_ratio', 'kurtosis', 'log_returns_lag14', 'log_returns_lag3', 'log_returns_lag7', 'lz_complexity', 'oil_ret_14', 'skewness', 'sp500_ret_30']
22:21:37  src.cpcv.pipeline  INFO    Preprocessing: 10 features selected, train=465 + val=100 + cal=100, test=292
22:21:37  src.cpcv.tuning  INFO  Tuning (1 model) — Optuna TPE + Purged K-Fold (inner: 3 folds, embargo=10 obs)
22:21:37  src.cpcv.tuning  INFO    [tuning] kan (efficient-kan + AdamW): 3 purged K-fold splits, 30 Optuna trials (TPE)
22:22:31  src.cpcv.tuning  INFO      kan: 18 completed, 12 pruned (of 30 total) — best log_loss=0.6835, params={'width1': 4, 'lr': 0.019171935519946566, 'weight_decay': 0.0006110798439007155, 'grid': 3}
22:22:31  src.cpcv.tuning  INFO    [tuning] kan done in 53.6s — best log_loss=0.6835
22:22:31  src.cpcv.tuning  INFO  Tuning total: 53.6s
22:22:31  src.cpcv.pipeline  INFO      applied kan: {'width1': 4, 'width2': 0, 'grid': 3, 'lr': 0.019171935519946566, 'weight_decay': 0.0006110798439007155}
22:22:31  src.cpcv.models.kan_model  INFO  KAN fitted: widths=[10, 4, 2], grid=3, epochs=21, val_acc=0.4600, val_loss=0.7135, logit_range=[-0.15, 0.13], device=cpu.
22:22:31  src.cpcv.pipeline  INFO    [ 55/84]                  kan (seed=0) F1=0.367  AUC=0.570  LL=0.6872 (0.3s)
22:22:31  src.cpcv.models.kan_model  INFO  KAN fitted: widths=[10, 4, 2], grid=3, epochs=21, val_acc=0.4700, val_loss=0.7154, logit_range=[-0.11, 0.13], device=cpu.
22:22:31  src.cpcv.pipeline  INFO    [ 56/84]                  kan (seed=1) F1=0.367  AUC=0.546  LL=0.6873 (0.3s)
22:22:32  src.cpcv.models.kan_model  INFO  KAN fitted: widths=[10, 4, 2], grid=3, epochs=22, val_acc=0.5800, val_loss=0.7113, logit_range=[-0.21, 0.19], device=cpu.
22:22:32  src.cpcv.pipeline  INFO    [ 57/84]                  kan (seed=2) F1=0.367  AUC=0.552  LL=0.6873 (0.3s)
22:22:32  src.cpcv.preprocessing  INFO  Computing MDA (Random Forest)...
22:23:06  src.cpcv.preprocessing  INFO  Computing MDA (Logistic Regression)...
22:23:07  src.cpcv.preprocessing  INFO  Multi-model MDA: 38/73 passed (MDA > 0), 35 eliminated
22:23:07  src.cpcv.preprocessing  INFO    Capped at 10 features (top_k_frac=0.15)
22:23:07  src.cpcv.preprocessing  INFO    Selected (10): ['ema_ratio_20_50', 'log_returns_lag30', 'log_returns_lag5', 'log_returns_lag6', 'mvrv', 'silver_ret_14', 'skewness', 'us10y', 'variance_ratio', 'vix']
22:23:07  src.cpcv.pipeline  INFO    Preprocessing: 10 features selected, train=457 + val=98 + cal=98, test=292
22:23:07  src.cpcv.tuning  INFO  Tuning (1 model) — Optuna TPE + Purged K-Fold (inner: 3 folds, embargo=10 obs)
22:23:07  src.cpcv.tuning  INFO    [tuning] kan (efficient-kan + AdamW): 3 purged K-fold splits, 30 Optuna trials (TPE)
22:24:30  src.cpcv.tuning  INFO      kan: 24 completed, 6 pruned (of 30 total) — best log_loss=0.6830, params={'width1': 4, 'lr': 0.003238875872015328, 'weight_decay': 9.99626689598344e-05, 'grid': 3}
22:24:30  src.cpcv.tuning  INFO    [tuning] kan done in 82.7s — best log_loss=0.6830
22:24:30  src.cpcv.tuning  INFO  Tuning total: 82.7s
22:24:30  src.cpcv.pipeline  INFO      applied kan: {'width1': 4, 'width2': 0, 'grid': 3, 'lr': 0.003238875872015328, 'weight_decay': 9.99626689598344e-05}
22:24:31  src.cpcv.models.kan_model  INFO  KAN fitted: widths=[10, 4, 2], grid=3, epochs=79, val_acc=0.5510, val_loss=0.7005, logit_range=[-0.23, 0.50], device=cpu.
22:24:31  src.cpcv.pipeline  INFO    [ 58/84]                  kan (seed=0) F1=0.491  AUC=0.565  LL=0.7021 (1.1s)
22:24:31  src.cpcv.models.kan_model  INFO  KAN fitted: widths=[10, 4, 2], grid=3, epochs=28, val_acc=0.4898, val_loss=0.7093, logit_range=[-0.11, 0.05], device=cpu.
22:24:31  src.cpcv.pipeline  INFO    [ 59/84]                  kan (seed=1) F1=0.342  AUC=0.456  LL=0.6926 (0.4s)
22:24:32  src.cpcv.models.kan_model  INFO  KAN fitted: widths=[10, 4, 2], grid=3, epochs=79, val_acc=0.5204, val_loss=0.7033, logit_range=[-0.27, 0.33], device=cpu.
22:24:32  src.cpcv.pipeline  INFO    [ 60/84]                  kan (seed=2) F1=0.480  AUC=0.549  LL=0.7059 (1.1s)
22:24:33  src.cpcv.preprocessing  INFO  Computing MDA (Random Forest)...
22:25:08  src.cpcv.preprocessing  INFO  Computing MDA (Logistic Regression)...
22:25:09  src.cpcv.preprocessing  INFO  Multi-model MDA: 37/73 passed (MDA > 0), 36 eliminated
22:25:09  src.cpcv.preprocessing  INFO    Capped at 10 features (top_k_frac=0.15)
22:25:09  src.cpcv.preprocessing  INFO    Selected (10): ['eth_btc_ratio', 'gold_ret_30', 'kurtosis', 'log_returns_lag7', 'macd_hist', 'realized_vol', 'silver_ret_30', 'variance_ratio', 'williams_r', 'yield_curve_2y10y']
22:25:09  src.cpcv.pipeline  INFO    Preprocessing: 10 features selected, train=457 + val=98 + cal=98, test=292
22:25:09  src.cpcv.tuning  INFO  Tuning (1 model) — Optuna TPE + Purged K-Fold (inner: 3 folds, embargo=10 obs)
22:25:09  src.cpcv.tuning  INFO    [tuning] kan (efficient-kan + AdamW): 3 purged K-fold splits, 30 Optuna trials (TPE)
22:26:13  src.cpcv.tuning  INFO      kan: 8 completed, 22 pruned (of 30 total) — best log_loss=0.6577, params={'width1': 2, 'lr': 0.04353010439152429, 'weight_decay': 0.001764971584817572, 'grid': 3}
22:26:13  src.cpcv.tuning  INFO    [tuning] kan done in 64.0s — best log_loss=0.6577
22:26:13  src.cpcv.tuning  INFO  Tuning total: 64.0s
22:26:13  src.cpcv.pipeline  INFO      applied kan: {'width1': 2, 'width2': 0, 'grid': 3, 'lr': 0.04353010439152429, 'weight_decay': 0.001764971584817572}
22:26:13  src.cpcv.models.kan_model  INFO  KAN fitted: widths=[10, 2, 2], grid=3, epochs=29, val_acc=0.6122, val_loss=0.7833, logit_range=[-1.01, 0.79], device=cpu.
22:26:13  src.cpcv.pipeline  INFO    [ 61/84]                  kan (seed=0) F1=0.496  AUC=0.510  LL=0.7110 (0.3s)
22:26:14  src.cpcv.models.kan_model  INFO  KAN fitted: widths=[10, 2, 2], grid=3, epochs=51, val_acc=0.5714, val_loss=0.7741, logit_range=[-1.72, 0.91], device=cpu.
22:26:14  src.cpcv.pipeline  INFO    [ 62/84]                  kan (seed=1) F1=0.475  AUC=0.507  LL=0.7259 (0.6s)
22:26:14  src.cpcv.models.kan_model  INFO  KAN fitted: widths=[10, 2, 2], grid=3, epochs=27, val_acc=0.5714, val_loss=0.7683, logit_range=[-0.76, 0.48], device=cpu.
22:26:14  src.cpcv.pipeline  INFO    [ 63/84]                  kan (seed=2) F1=0.474  AUC=0.503  LL=0.7001 (0.3s)
22:26:15  src.cpcv.preprocessing  INFO  Computing MDA (Random Forest)...
22:26:49  src.cpcv.preprocessing  INFO  Computing MDA (Logistic Regression)...
22:26:51  src.cpcv.preprocessing  INFO  Multi-model MDA: 38/73 passed (MDA > 0), 35 eliminated
22:26:51  src.cpcv.preprocessing  INFO    Capped at 10 features (top_k_frac=0.15)
22:26:51  src.cpcv.preprocessing  INFO    Selected (10): ['eth_btc_ratio', 'exchange_supply_pct', 'log_returns_lag1', 'log_returns_lag5', 'log_returns_lag6', 'oil_ret_14', 'smt_poly1', 'sp500_ret_30', 'yield_curve_10y30y', 'yz_vol']
22:26:51  src.cpcv.pipeline  INFO    Preprocessing: 10 features selected, train=464 + val=100 + cal=100, test=292
22:26:51  src.cpcv.tuning  INFO  Tuning (1 model) — Optuna TPE + Purged K-Fold (inner: 3 folds, embargo=10 obs)
22:26:51  src.cpcv.tuning  INFO    [tuning] kan (efficient-kan + AdamW): 3 purged K-fold splits, 30 Optuna trials (TPE)
22:27:57  src.cpcv.tuning  INFO      kan: 12 completed, 18 pruned (of 30 total) — best log_loss=0.6563, params={'width1': 3, 'lr': 0.036242401483819166, 'weight_decay': 0.0011696605767194826, 'grid': 5}
22:27:57  src.cpcv.tuning  INFO    [tuning] kan done in 66.8s — best log_loss=0.6563
22:27:57  src.cpcv.tuning  INFO  Tuning total: 66.8s
22:27:57  src.cpcv.pipeline  INFO      applied kan: {'width1': 3, 'width2': 0, 'grid': 5, 'lr': 0.036242401483819166, 'weight_decay': 0.0011696605767194826}
22:27:58  src.cpcv.models.kan_model  INFO  KAN fitted: widths=[10, 3, 2], grid=5, epochs=24, val_acc=0.5800, val_loss=0.8184, logit_range=[-0.44, 0.59], device=cpu.
22:27:58  src.cpcv.pipeline  INFO    [ 64/84]                  kan (seed=0) F1=0.357  AUC=0.509  LL=0.7146 (0.3s)
22:27:58  src.cpcv.models.kan_model  INFO  KAN fitted: widths=[10, 3, 2], grid=5, epochs=28, val_acc=0.5800, val_loss=0.8268, logit_range=[-0.35, 0.61], device=cpu.
22:27:58  src.cpcv.pipeline  INFO    [ 65/84]                  kan (seed=1) F1=0.357  AUC=0.492  LL=0.6972 (0.4s)
22:27:58  src.cpcv.models.kan_model  INFO  KAN fitted: widths=[10, 3, 2], grid=5, epochs=27, val_acc=0.6100, val_loss=0.8315, logit_range=[-0.70, 0.31], device=cpu.
22:27:58  src.cpcv.pipeline  INFO    [ 66/84]                  kan (seed=2) F1=0.357  AUC=0.497  LL=0.6937 (0.4s)
22:27:59  src.cpcv.preprocessing  INFO  Computing MDA (Random Forest)...
22:28:33  src.cpcv.preprocessing  INFO  Computing MDA (Logistic Regression)...
22:28:34  src.cpcv.preprocessing  INFO  Multi-model MDA: 38/73 passed (MDA > 0), 35 eliminated
22:28:34  src.cpcv.preprocessing  INFO    Capped at 10 features (top_k_frac=0.15)
22:28:34  src.cpcv.preprocessing  INFO    Selected (10): ['ema_ratio_20_50', 'log_returns_lag2', 'log_returns_lag6', 'macd', 'macd_hist', 'mfi_14', 'net_exchange_flow', 'obv', 'sadf', 'smt_exp']
22:28:34  src.cpcv.pipeline  INFO    Preprocessing: 10 features selected, train=465 + val=100 + cal=100, test=292
22:28:34  src.cpcv.tuning  INFO  Tuning (1 model) — Optuna TPE + Purged K-Fold (inner: 3 folds, embargo=10 obs)
22:28:34  src.cpcv.tuning  INFO    [tuning] kan (efficient-kan + AdamW): 3 purged K-fold splits, 30 Optuna trials (TPE)
22:29:13  src.cpcv.tuning  INFO      kan: 14 completed, 16 pruned (of 30 total) — best log_loss=0.6880, params={'width1': 4, 'lr': 0.022196344440182276, 'weight_decay': 0.000368510491516585, 'grid': 3}
22:29:13  src.cpcv.tuning  INFO    [tuning] kan done in 38.8s — best log_loss=0.6880
22:29:13  src.cpcv.tuning  INFO  Tuning total: 38.8s
22:29:13  src.cpcv.pipeline  INFO      applied kan: {'width1': 4, 'width2': 0, 'grid': 3, 'lr': 0.022196344440182276, 'weight_decay': 0.000368510491516585}
22:29:13  src.cpcv.models.kan_model  INFO  KAN fitted: widths=[10, 4, 2], grid=3, epochs=55, val_acc=0.7100, val_loss=0.6412, logit_range=[-1.04, 1.17], device=cpu.
22:29:13  src.cpcv.pipeline  INFO    [ 67/84]                  kan (seed=0) F1=0.464  AUC=0.468  LL=0.7130 (0.7s)
22:29:14  src.cpcv.models.kan_model  INFO  KAN fitted: widths=[10, 4, 2], grid=3, epochs=23, val_acc=0.5100, val_loss=0.7076, logit_range=[-0.14, 0.17], device=cpu.
22:29:14  src.cpcv.pipeline  INFO    [ 68/84]                  kan (seed=1) F1=0.355  AUC=0.530  LL=0.6891 (0.3s)
22:29:14  src.cpcv.models.kan_model  INFO  KAN fitted: widths=[10, 4, 2], grid=3, epochs=21, val_acc=0.4300, val_loss=0.7077, logit_range=[-0.12, 0.10], device=cpu.
22:29:14  src.cpcv.pipeline  INFO    [ 69/84]                  kan (seed=2) F1=0.355  AUC=0.505  LL=0.6898 (0.3s)
22:29:14  src.cpcv.preprocessing  INFO  Computing MDA (Random Forest)...
22:29:48  src.cpcv.preprocessing  INFO  Computing MDA (Logistic Regression)...
22:29:50  src.cpcv.preprocessing  INFO  Multi-model MDA: 40/73 passed (MDA > 0), 33 eliminated
22:29:50  src.cpcv.preprocessing  INFO    Capped at 10 features (top_k_frac=0.15)
22:29:50  src.cpcv.preprocessing  INFO    Selected (10): ['bb_width', 'eth_btc_ratio', 'gk_vol', 'gold_ret_30', 'hurst', 'log_returns_lag1', 'log_returns_lag21', 'log_returns_lag4', 'silver_ret_30', 'yield_curve_10y30y']
22:29:50  src.cpcv.pipeline  INFO    Preprocessing: 10 features selected, train=457 + val=98 + cal=98, test=292
22:29:50  src.cpcv.tuning  INFO  Tuning (1 model) — Optuna TPE + Purged K-Fold (inner: 3 folds, embargo=10 obs)
22:29:50  src.cpcv.tuning  INFO    [tuning] kan (efficient-kan + AdamW): 3 purged K-fold splits, 30 Optuna trials (TPE)
22:31:20  src.cpcv.tuning  INFO      kan: 21 completed, 9 pruned (of 30 total) — best log_loss=0.6703, params={'width1': 6, 'lr': 0.0029192142027078885, 'weight_decay': 0.0006449260636679395, 'grid': 3}
22:31:20  src.cpcv.tuning  INFO    [tuning] kan done in 90.2s — best log_loss=0.6703
22:31:20  src.cpcv.tuning  INFO  Tuning total: 90.2s
22:31:20  src.cpcv.pipeline  INFO      applied kan: {'width1': 6, 'width2': 0, 'grid': 3, 'lr': 0.0029192142027078885, 'weight_decay': 0.0006449260636679395}
22:31:21  src.cpcv.models.kan_model  INFO  KAN fitted: widths=[10, 6, 2], grid=3, epochs=76, val_acc=0.5408, val_loss=0.7782, logit_range=[-0.52, 0.50], device=cpu.
22:31:21  src.cpcv.pipeline  INFO    [ 70/84]                  kan (seed=0) F1=0.548  AUC=0.556  LL=0.6983 (1.0s)
22:31:23  src.cpcv.models.kan_model  INFO  KAN fitted: widths=[10, 6, 2], grid=3, epochs=111, val_acc=0.5918, val_loss=0.7734, logit_range=[-0.40, 0.43], device=cpu.
22:31:23  src.cpcv.pipeline  INFO    [ 71/84]                  kan (seed=1) F1=0.537  AUC=0.542  LL=0.6979 (1.9s)
22:31:24  src.cpcv.models.kan_model  INFO  KAN fitted: widths=[10, 6, 2], grid=3, epochs=79, val_acc=0.5612, val_loss=0.7792, logit_range=[-0.51, 0.41], device=cpu.
22:31:24  src.cpcv.pipeline  INFO    [ 72/84]                  kan (seed=2) F1=0.545  AUC=0.540  LL=0.6844 (1.6s)
22:31:25  src.cpcv.preprocessing  INFO  Computing MDA (Random Forest)...
22:32:00  src.cpcv.preprocessing  INFO  Computing MDA (Logistic Regression)...
22:32:01  src.cpcv.preprocessing  INFO  Multi-model MDA: 41/73 passed (MDA > 0), 32 eliminated
22:32:01  src.cpcv.preprocessing  INFO    Capped at 10 features (top_k_frac=0.15)
22:32:01  src.cpcv.preprocessing  INFO    Selected (10): ['ema_ratio_50_200', 'gk_vol', 'log_returns_lag1', 'log_returns_lag14', 'log_returns_lag21', 'log_returns_lag3', 'log_returns_lag30', 'nasdaq_ret_30', 'smt_poly1', 'vol_term_7_30']
22:32:01  src.cpcv.pipeline  INFO    Preprocessing: 10 features selected, train=464 + val=100 + cal=100, test=292
22:32:01  src.cpcv.tuning  INFO  Tuning (1 model) — Optuna TPE + Purged K-Fold (inner: 3 folds, embargo=10 obs)
22:32:01  src.cpcv.tuning  INFO    [tuning] kan (efficient-kan + AdamW): 3 purged K-fold splits, 30 Optuna trials (TPE)
22:32:48  src.cpcv.tuning  INFO      kan: 22 completed, 8 pruned (of 30 total) — best log_loss=0.6895, params={'width1': 3, 'lr': 0.028849190692018786, 'weight_decay': 0.00042585074580620615, 'grid': 5}
22:32:48  src.cpcv.tuning  INFO    [tuning] kan done in 46.9s — best log_loss=0.6895
22:32:48  src.cpcv.tuning  INFO  Tuning total: 46.9s
22:32:48  src.cpcv.pipeline  INFO      applied kan: {'width1': 3, 'width2': 0, 'grid': 5, 'lr': 0.028849190692018786, 'weight_decay': 0.00042585074580620615}
22:32:48  src.cpcv.models.kan_model  INFO  KAN fitted: widths=[10, 3, 2], grid=5, epochs=27, val_acc=0.5900, val_loss=0.8448, logit_range=[-0.33, 0.59], device=cpu.
22:32:48  src.cpcv.pipeline  INFO    [ 73/84]                  kan (seed=0) F1=0.369  AUC=0.459  LL=0.6818 (0.4s)
22:32:49  src.cpcv.models.kan_model  INFO  KAN fitted: widths=[10, 3, 2], grid=5, epochs=28, val_acc=0.6200, val_loss=0.8467, logit_range=[-0.56, 0.56], device=cpu.
22:32:49  src.cpcv.pipeline  INFO    [ 74/84]                  kan (seed=1) F1=0.369  AUC=0.449  LL=0.6819 (0.4s)
22:32:49  src.cpcv.models.kan_model  INFO  KAN fitted: widths=[10, 3, 2], grid=5, epochs=44, val_acc=0.6100, val_loss=0.8402, logit_range=[-1.02, 1.21], device=cpu.
22:32:49  src.cpcv.pipeline  INFO    [ 75/84]                  kan (seed=2) F1=0.369  AUC=0.451  LL=0.6810 (0.6s)
22:32:50  src.cpcv.preprocessing  INFO  Computing MDA (Random Forest)...
22:33:24  src.cpcv.preprocessing  INFO  Computing MDA (Logistic Regression)...
22:33:26  src.cpcv.preprocessing  INFO  Multi-model MDA: 39/73 passed (MDA > 0), 34 eliminated
22:33:26  src.cpcv.preprocessing  INFO    Capped at 10 features (top_k_frac=0.15)
22:33:26  src.cpcv.preprocessing  INFO    Selected (10): ['dxy_roc_30', 'ema_ratio_50_200', 'gold_ret_14', 'kurtosis', 'log_returns', 'log_returns_lag2', 'log_returns_lag5', 'log_returns_lag6', 'smt_poly1', 'vix']
22:33:26  src.cpcv.pipeline  INFO    Preprocessing: 10 features selected, train=465 + val=100 + cal=100, test=292
22:33:26  src.cpcv.tuning  INFO  Tuning (1 model) — Optuna TPE + Purged K-Fold (inner: 3 folds, embargo=10 obs)
22:33:26  src.cpcv.tuning  INFO    [tuning] kan (efficient-kan + AdamW): 3 purged K-fold splits, 30 Optuna trials (TPE)
22:34:00  src.cpcv.tuning  INFO      kan: 13 completed, 17 pruned (of 30 total) — best log_loss=0.6918, params={'width1': 4, 'lr': 0.024744090661319464, 'weight_decay': 0.001188631336543631, 'grid': 3}
22:34:00  src.cpcv.tuning  INFO    [tuning] kan done in 34.2s — best log_loss=0.6918
22:34:00  src.cpcv.tuning  INFO  Tuning total: 34.2s
22:34:00  src.cpcv.pipeline  INFO      applied kan: {'width1': 4, 'width2': 0, 'grid': 3, 'lr': 0.024744090661319464, 'weight_decay': 0.001188631336543631}
22:34:00  src.cpcv.models.kan_model  INFO  KAN fitted: widths=[10, 4, 2], grid=3, epochs=21, val_acc=0.4500, val_loss=0.7829, logit_range=[-0.10, 0.11], device=cpu.
22:34:00  src.cpcv.pipeline  INFO    [ 76/84]                  kan (seed=0) F1=0.345  AUC=0.496  LL=0.6918 (0.3s)
22:34:01  src.cpcv.models.kan_model  INFO  KAN fitted: widths=[10, 4, 2], grid=3, epochs=21, val_acc=0.4700, val_loss=0.7772, logit_range=[-0.10, 0.15], device=cpu.
22:34:01  src.cpcv.pipeline  INFO    [ 77/84]                  kan (seed=1) F1=0.345  AUC=0.455  LL=0.6919 (0.3s)
22:34:01  src.cpcv.models.kan_model  INFO  KAN fitted: widths=[10, 4, 2], grid=3, epochs=21, val_acc=0.4100, val_loss=0.7795, logit_range=[-0.09, 0.13], device=cpu.
22:34:01  src.cpcv.pipeline  INFO    [ 78/84]                  kan (seed=2) F1=0.345  AUC=0.490  LL=0.6918 (0.3s)
22:34:01  src.cpcv.preprocessing  INFO  Computing MDA (Random Forest)...
22:34:36  src.cpcv.preprocessing  INFO  Computing MDA (Logistic Regression)...
22:34:37  src.cpcv.preprocessing  INFO  Multi-model MDA: 31/73 passed (MDA > 0), 42 eliminated
22:34:37  src.cpcv.preprocessing  INFO    Capped at 10 features (top_k_frac=0.15)
22:34:37  src.cpcv.preprocessing  INFO    Selected (10): ['active_addr_roc_14', 'bb_width', 'exchange_supply_pct', 'gold_ret_14', 'log_returns_lag6', 'log_returns_lag7', 'natgas_ret_14', 'shannon_entropy', 'us10y', 'vix']
22:34:37  src.cpcv.pipeline  INFO    Preprocessing: 10 features selected, train=464 + val=100 + cal=100, test=292
22:34:37  src.cpcv.tuning  INFO  Tuning (1 model) — Optuna TPE + Purged K-Fold (inner: 3 folds, embargo=10 obs)
22:34:37  src.cpcv.tuning  INFO    [tuning] kan (efficient-kan + AdamW): 3 purged K-fold splits, 30 Optuna trials (TPE)
22:35:05  src.cpcv.tuning  INFO      kan: 21 completed, 9 pruned (of 30 total) — best log_loss=0.6837, params={'width1': 2, 'lr': 0.04480258046152357, 'weight_decay': 2.721960640512782e-05, 'grid': 5}
22:35:05  src.cpcv.tuning  INFO    [tuning] kan done in 28.7s — best log_loss=0.6837
22:35:05  src.cpcv.tuning  INFO  Tuning total: 28.7s
22:35:05  src.cpcv.pipeline  INFO      applied kan: {'width1': 2, 'width2': 0, 'grid': 5, 'lr': 0.04480258046152357, 'weight_decay': 2.721960640512782e-05}
22:35:06  src.cpcv.models.kan_model  INFO  KAN fitted: widths=[10, 2, 2], grid=5, epochs=23, val_acc=0.4700, val_loss=0.8788, logit_range=[-0.53, 0.38], device=cpu.
22:35:06  src.cpcv.pipeline  INFO    [ 79/84]                  kan (seed=0) F1=0.345  AUC=0.528  LL=0.7019 (0.3s)
22:35:06  src.cpcv.models.kan_model  INFO  KAN fitted: widths=[10, 2, 2], grid=5, epochs=46, val_acc=0.5400, val_loss=0.8528, logit_range=[-0.70, 0.61], device=cpu.
22:35:06  src.cpcv.pipeline  INFO    [ 80/84]                  kan (seed=1) F1=0.345  AUC=0.506  LL=0.7069 (0.5s)
22:35:07  src.cpcv.models.kan_model  INFO  KAN fitted: widths=[10, 2, 2], grid=5, epochs=35, val_acc=0.5400, val_loss=0.8639, logit_range=[-0.88, 0.70], device=cpu.
22:35:07  src.cpcv.pipeline  INFO    [ 81/84]                  kan (seed=2) F1=0.345  AUC=0.539  LL=0.7015 (0.4s)
22:35:07  src.cpcv.preprocessing  INFO  Computing MDA (Random Forest)...
22:35:42  src.cpcv.preprocessing  INFO  Computing MDA (Logistic Regression)...
22:35:43  src.cpcv.preprocessing  INFO  Multi-model MDA: 38/73 passed (MDA > 0), 35 eliminated
22:35:43  src.cpcv.preprocessing  INFO    Capped at 10 features (top_k_frac=0.15)
22:35:43  src.cpcv.preprocessing  INFO    Selected (10): ['dxy_roc_30', 'exchange_supply_pct', 'hurst', 'log_returns_lag1', 'log_returns_lag4', 'roc_14', 'silver_ret_30', 'smt_exp', 'yield_curve_2y10y', 'yz_vol']
22:35:43  src.cpcv.pipeline  INFO    Preprocessing: 10 features selected, train=473 + val=101 + cal=102, test=292
22:35:43  src.cpcv.tuning  INFO  Tuning (1 model) — Optuna TPE + Purged K-Fold (inner: 3 folds, embargo=10 obs)
22:35:43  src.cpcv.tuning  INFO    [tuning] kan (efficient-kan + AdamW): 3 purged K-fold splits, 30 Optuna trials (TPE)
22:36:30  src.cpcv.tuning  INFO      kan: 26 completed, 4 pruned (of 30 total) — best log_loss=0.6861, params={'width1': 4, 'lr': 0.0026374616323455754, 'weight_decay': 1.8891424288060116e-05, 'grid': 3}
22:36:30  src.cpcv.tuning  INFO    [tuning] kan done in 46.7s — best log_loss=0.6861
22:36:30  src.cpcv.tuning  INFO  Tuning total: 46.7s
22:36:30  src.cpcv.pipeline  INFO      applied kan: {'width1': 4, 'width2': 0, 'grid': 3, 'lr': 0.0026374616323455754, 'weight_decay': 1.8891424288060116e-05}
22:36:30  src.cpcv.models.kan_model  INFO  KAN fitted: widths=[10, 4, 2], grid=3, epochs=21, val_acc=0.5347, val_loss=0.7775, logit_range=[-0.09, 0.15], device=cpu.
22:36:30  src.cpcv.pipeline  INFO    [ 82/84]                  kan (seed=0) F1=0.305  AUC=0.567  LL=0.7101 (0.3s)
22:36:30  src.cpcv.models.kan_model  INFO  KAN fitted: widths=[10, 4, 2], grid=3, epochs=21, val_acc=0.5248, val_loss=0.7711, logit_range=[-0.10, 0.13], device=cpu.
22:36:30  src.cpcv.pipeline  INFO    [ 83/84]                  kan (seed=1) F1=0.305  AUC=0.585  LL=0.7100 (0.3s)
22:36:31  src.cpcv.models.kan_model  INFO  KAN fitted: widths=[10, 4, 2], grid=3, epochs=21, val_acc=0.4356, val_loss=0.7695, logit_range=[-0.08, 0.16], device=cpu.
22:36:31  src.cpcv.pipeline  INFO    [ 84/84]                  kan (seed=2) F1=0.305  AUC=0.518  LL=0.7096 (0.3s)
22:36:31  src.cpcv.pipeline  INFO  ============================================================
22:36:31  src.cpcv.pipeline  INFO  CPCV Pipeline Complete
22:36:31  src.cpcv.pipeline  INFO  ============================================================
22:36:31  src.cpcv.pipeline  INFO    Total time:     2579.4s (43.0m)
22:36:31  src.cpcv.pipeline  INFO    Tasks:          84 succeeded, 0 failed
22:36:31  src.cpcv.pipeline  INFO    Results keys:   84 (model, split, seed) entries
22:36:31  src.cpcv.pipeline  INFO    Backtest paths: 7
22:36:31  src.cpcv.pipeline  INFO    Tuning:         nested (per-split), 28 splits tuned, models=['kan']
22:36:31  src.cpcv.pipeline  INFO  ============================================================
22:37:08  src.post_cpcv.symbolic_extraction  INFO  Fold F1 scores: {0: '0.3963', 1: '0.3481', 2: '0.4066', 3: '0.3917', 4: '0.4437', 5: '0.4901', 6: '0.3653', 7: '0.3860', 8: '0.4353', 9: '0.5262', 10: '0.4208', 11: '0.4782', 12: '0.4302', 13: '0.3626', 14: '0.3762', 15: '0.4688', 16: '0.4435', 17: '0.3414', 18: '0.3666', 19: '0.4378', 20: '0.4815', 21: '0.3568', 22: '0.3918', 23: '0.5434', 24: '0.3693', 25: '0.3453', 26: '0.3453', 27: '0.3048'}
22:37:08  src.post_cpcv.symbolic_extraction  INFO  Selected fold: split 27 — last/most recent (F1=0.3048)
22:37:09  src.cpcv.cv  INFO  CPCV: 28 splits generated (N=8, k=2, embargo=11 obs).
22:37:09  src.post_cpcv.symbolic_extraction  INFO  Symbolic extraction feature subset: 3 feature(s) (overrides per-fold MDA selection).
22:37:09  src.post_cpcv.symbolic_extraction  INFO  Extraction data: 540 train, 135 val, 3 features (tanh-normalized).
22:37:11  src.post_cpcv.symbolic_extraction  INFO  Extraction Phase 1: Adam (600 steps, wd=0.0010, noise=0.050)
22:37:25  src.post_cpcv.symbolic_extraction  INFO  After Adam: train_acc=0.5759, val_acc=0.4815
22:37:25  src.post_cpcv.symbolic_extraction  WARNING  Adam phase val_acc=0.4815 < 0.5693 (majority baseline 0.5593 + 0.01 margin, floored at PYKAN_MIN_ACCURACY=0.53). PyKAN may not have learned meaningful patterns.
22:37:25  src.post_cpcv.symbolic_extraction  INFO  Extraction Phase 2a: LBFGS warmup (20 steps, no reg)
22:37:31  src.post_cpcv.symbolic_extraction  INFO  After LBFGS warmup: train_acc=0.6111, val_acc=0.4296
22:37:31  src.post_cpcv.symbolic_extraction  INFO  Extraction Phase 2b: LBFGS sparsity (20 steps, lamb=0.0020)
22:37:37  src.post_cpcv.symbolic_extraction  INFO  After LBFGS sparsity (final): train_acc=0.6500, val_acc=0.4667
22:37:37  src.post_cpcv.symbolic_extraction  INFO  KAN trained. Val accuracy: 0.4667, width: [[3, 0], [3, 0], [2, 0]]
22:37:37  src.post_cpcv.symbolic_extraction  INFO  Pre-prune edge analysis: 15/15 active (100.0%)
22:37:37  src.post_cpcv.symbolic_extraction  INFO  Pruned: [[3, 0], [3, 0], [2, 0]] → [[3, 0], [3, 0], [2, 0]]
22:37:40  src.post_cpcv.symbolic_extraction  INFO  Saved kan_pruned_network.png
22:37:41  src.post_cpcv.symbolic_extraction  INFO  Edge (0,0,0): x (R²=0.9911) ✓
22:37:41  src.post_cpcv.symbolic_extraction  INFO  Edge (0,0,1): cos (R²=1.0000) ✓
22:37:41  src.post_cpcv.symbolic_extraction  INFO  Edge (0,0,2): cos (R²=1.0000) ✓
22:37:42  src.post_cpcv.symbolic_extraction  INFO  Edge (0,1,0): x^4 (R²=0.9065) ✓
22:37:43  src.post_cpcv.symbolic_extraction  INFO  Edge (0,1,1): sin (R²=0.9854) ✓
22:37:43  src.post_cpcv.symbolic_extraction  INFO  Edge (0,1,2): x^4 (R²=0.7400) ✓
22:37:44  src.post_cpcv.symbolic_extraction  INFO  Edge (0,2,0): tanh (R²=0.9903) ✓
22:37:45  src.post_cpcv.symbolic_extraction  INFO  Edge (0,2,1): x^3 (R²=0.9926) ✓
22:37:46  src.post_cpcv.symbolic_extraction  INFO  Edge (0,2,2): arctan (R²=0.9928) ✓
22:37:46  src.post_cpcv.symbolic_extraction  INFO  Edge (1,0,0): x^2 (R²=0.7340) ✓
22:37:47  src.post_cpcv.symbolic_extraction  INFO  Edge (1,0,1): tanh (R²=0.9789) ✓
22:37:47  src.post_cpcv.symbolic_extraction  INFO  Edge (1,1,0): cos (R²=0.9998) ✓
22:37:48  src.post_cpcv.symbolic_extraction  INFO  Edge (1,1,1): sin (R²=0.9998) ✓
22:37:48  src.post_cpcv.symbolic_extraction  INFO  Edge (1,2,0): x^4 (R²=0.9593) ✓
22:37:49  src.post_cpcv.symbolic_extraction  INFO  Edge (1,2,1): x^4 (R²=0.9511) ✓
22:37:59  src.post_cpcv.symbolic_extraction  INFO  Saved kan_symbolified_network.png
22:38:30  src.post_cpcv.symbolic_extraction  WARNING  sympy.simplify timed out after 30s. Using unsimplified.
