18:20:03  src.pre_cpcv.data_loader  INFO  [data_loader] BTC-USD: 2014-11-01 → 2026-05-09 | 4208 rows | 0 warning(s)
18:20:07  src.pre_cpcv.labeling  INFO  Triple-barrier: 1270 events labeled. Class distribution: {1: 664, -1: 504, 0: 102}
18:20:09  src.pre_cpcv.labeling  WARNING  Dropped 102 row(s) belonging to rare class(es) [0] (< 8.5%).
18:20:11  src.pre_cpcv.sample_weights  INFO  Capped 12 weights at 2.84 (99% percentile).
18:20:13  src.pre_cpcv.features  INFO  Lag features: 10 columns, 4208 rows (lags=[1, 2, 3, 4, 5, 6, 7, 14, 21, 30]).
18:20:13  src.pre_cpcv.features  INFO  TA features: 25 columns, 4208 rows.
18:20:14  src.pre_cpcv.external_features  INFO  External features loaded from cache (29 cols).
18:20:15  src.pre_cpcv.features  INFO  Math features loaded from cache ({'jarque_bera', 'hurst', 'shannon_entropy', 'smt_poly1', 'negentropy', 'smt_exp', 'lz_complexity', 'sadf', 'variance_ratio'}).
18:20:15  src.pre_cpcv.features  INFO  symmetric log applied to: ['obv', 'chaikin_osc']
18:20:15  src.pre_cpcv.features  INFO  log applied to: ['atr'] (eps=1e-08)
18:20:48  src.pre_cpcv.alignment  WARNING  Remaining NaNs in 2 feature column(s) after alignment:
oil_ret_30    1
oil_ret_14    1
18:20:48  src.pre_cpcv.alignment  INFO  Alignment validation passed (1168 samples, 73 features).
18:20:50  src.cpcv.cv  INFO  CPCV: 28 splits generated (N=8, k=2, embargo=11 obs).
18:20:50  src.cpcv.cv  INFO  Path matrix: 7 paths, 8 groups, 28 splits.
18:20:55  src.cpcv.pipeline  INFO  ============================================================
18:20:55  src.cpcv.pipeline  INFO  CPCV Pipeline
18:20:55  src.cpcv.pipeline  INFO  ============================================================
18:20:55  src.cpcv.pipeline  INFO    Models:         ['ar_logistic']
18:20:55  src.cpcv.pipeline  INFO    Seeds/fold:     3
18:20:55  src.cpcv.pipeline  INFO    Groups (N):     8
18:20:55  src.cpcv.pipeline  INFO    Test groups (k):2
18:20:55  src.cpcv.pipeline  INFO    Embargo:        1.0%
18:20:55  src.cpcv.pipeline  INFO    FFD columns:    ['atr']
18:20:55  src.cpcv.pipeline  INFO    Samples:        1168
18:20:55  src.cpcv.pipeline  INFO    Features:       73
18:20:55  src.cpcv.pipeline  INFO    Splits:         28, Paths: 7
18:20:55  src.cpcv.pipeline  INFO    Tuning:         OFF
18:20:55  src.cpcv.pipeline  INFO  ============================================================
18:20:56  src.cpcv.preprocessing  INFO  Feature selection skipped (AR Logistic uses lagged returns only)
18:20:56  src.cpcv.pipeline  INFO    Preprocessing: FFD + scaling only (no feature selection), train=605 + val=130 + cal=130, test=93
18:20:56  src.cpcv.pipeline  INFO    AR Logistic lags: [1, 2, 3, 4, 5, 6, 7, 14, 21, 30]
18:20:56  src.cpcv.pipeline  INFO    [  1/84]          ar_logistic (seed=0) F1=0.530  AUC=0.542  LL=0.6804 (0.0s)
18:20:56  src.cpcv.pipeline  INFO    [  2/84]          ar_logistic (seed=1) F1=0.530  AUC=0.542  LL=0.6804 (0.0s)
18:20:56  src.cpcv.pipeline  INFO    [  3/84]          ar_logistic (seed=2) F1=0.530  AUC=0.542  LL=0.6804 (0.0s)
18:20:56  src.cpcv.preprocessing  INFO  Feature selection skipped (AR Logistic uses lagged returns only)
18:20:56  src.cpcv.pipeline  INFO    Preprocessing: FFD + scaling only (no feature selection), train=566 + val=121 + cal=122, test=146
18:20:56  src.cpcv.pipeline  INFO    AR Logistic lags: [1, 2, 3, 4, 5, 6, 7, 14, 21, 30]
18:20:56  src.cpcv.pipeline  INFO    [  4/84]          ar_logistic (seed=0) F1=0.488  AUC=0.515  LL=0.7238 (0.0s)
18:20:56  src.cpcv.pipeline  INFO    [  5/84]          ar_logistic (seed=1) F1=0.488  AUC=0.515  LL=0.7238 (0.0s)
18:20:56  src.cpcv.pipeline  INFO    [  6/84]          ar_logistic (seed=2) F1=0.488  AUC=0.515  LL=0.7238 (0.0s)
18:20:56  src.cpcv.preprocessing  INFO  Feature selection skipped (AR Logistic uses lagged returns only)
18:20:56  src.cpcv.pipeline  INFO    Preprocessing: FFD + scaling only (no feature selection), train=567 + val=122 + cal=122, test=146
18:20:56  src.cpcv.pipeline  INFO    AR Logistic lags: [1, 2, 3, 4, 5, 6, 7, 14, 21, 30]
18:20:56  src.cpcv.pipeline  INFO    [  7/84]          ar_logistic (seed=0) F1=0.534  AUC=0.533  LL=0.7168 (0.0s)
18:20:56  src.cpcv.pipeline  INFO    [  8/84]          ar_logistic (seed=1) F1=0.534  AUC=0.533  LL=0.7168 (0.0s)
18:20:57  src.cpcv.pipeline  INFO    [  9/84]          ar_logistic (seed=2) F1=0.534  AUC=0.533  LL=0.7168 (0.0s)
18:20:57  src.cpcv.preprocessing  INFO  Feature selection skipped (AR Logistic uses lagged returns only)
18:20:57  src.cpcv.pipeline  INFO    Preprocessing: FFD + scaling only (no feature selection), train=567 + val=122 + cal=122, test=146
18:20:57  src.cpcv.pipeline  INFO    AR Logistic lags: [1, 2, 3, 4, 5, 6, 7, 14, 21, 30]
18:20:57  src.cpcv.pipeline  INFO    [ 10/84]          ar_logistic (seed=0) F1=0.532  AUC=0.551  LL=0.6892 (0.0s)
18:20:57  src.cpcv.pipeline  INFO    [ 11/84]          ar_logistic (seed=1) F1=0.532  AUC=0.551  LL=0.6892 (0.0s)
18:20:57  src.cpcv.pipeline  INFO    [ 12/84]          ar_logistic (seed=2) F1=0.532  AUC=0.551  LL=0.6892 (0.0s)
18:20:57  src.cpcv.preprocessing  INFO  Feature selection skipped (AR Logistic uses lagged returns only)
18:20:57  src.cpcv.pipeline  INFO    Preprocessing: FFD + scaling only (no feature selection), train=567 + val=122 + cal=122, test=146
18:20:57  src.cpcv.pipeline  INFO    AR Logistic lags: [1, 2, 3, 4, 5, 6, 7, 14, 21, 30]
18:20:57  src.cpcv.pipeline  INFO    [ 13/84]          ar_logistic (seed=0) F1=0.442  AUC=0.434  LL=0.7532 (0.0s)
18:20:57  src.cpcv.pipeline  INFO    [ 14/84]          ar_logistic (seed=1) F1=0.442  AUC=0.434  LL=0.7532 (0.0s)
18:20:57  src.cpcv.pipeline  INFO    [ 15/84]          ar_logistic (seed=2) F1=0.442  AUC=0.434  LL=0.7532 (0.0s)
18:20:58  src.cpcv.preprocessing  INFO  Feature selection skipped (AR Logistic uses lagged returns only)
18:20:58  src.cpcv.pipeline  INFO    Preprocessing: FFD + scaling only (no feature selection), train=567 + val=122 + cal=122, test=146
18:20:58  src.cpcv.pipeline  INFO    AR Logistic lags: [1, 2, 3, 4, 5, 6, 7, 14, 21, 30]
18:20:58  src.cpcv.pipeline  INFO    [ 16/84]          ar_logistic (seed=0) F1=0.476  AUC=0.542  LL=0.6901 (0.0s)
18:20:58  src.cpcv.pipeline  INFO    [ 17/84]          ar_logistic (seed=1) F1=0.476  AUC=0.542  LL=0.6901 (0.0s)
18:20:58  src.cpcv.pipeline  INFO    [ 18/84]          ar_logistic (seed=2) F1=0.476  AUC=0.542  LL=0.6901 (0.0s)
18:20:58  src.cpcv.preprocessing  INFO  Feature selection skipped (AR Logistic uses lagged returns only)
18:20:58  src.cpcv.pipeline  INFO    Preprocessing: FFD + scaling only (no feature selection), train=575 + val=123 + cal=124, test=146
18:20:58  src.cpcv.pipeline  INFO    AR Logistic lags: [1, 2, 3, 4, 5, 6, 7, 14, 21, 30]
18:20:58  src.cpcv.pipeline  INFO    [ 19/84]          ar_logistic (seed=0) F1=0.377  AUC=0.594  LL=0.6808 (0.0s)
18:20:58  src.cpcv.pipeline  INFO    [ 20/84]          ar_logistic (seed=1) F1=0.377  AUC=0.594  LL=0.6808 (0.0s)
18:20:58  src.cpcv.pipeline  INFO    [ 21/84]          ar_logistic (seed=2) F1=0.377  AUC=0.594  LL=0.6808 (0.0s)
18:20:58  src.cpcv.preprocessing  INFO  Feature selection skipped (AR Logistic uses lagged returns only)
18:20:58  src.cpcv.pipeline  INFO    Preprocessing: FFD + scaling only (no feature selection), train=503 + val=108 + cal=108, test=239
18:20:58  src.cpcv.pipeline  INFO    AR Logistic lags: [1, 2, 3, 4, 5, 6, 7, 14, 21, 30]
18:20:58  src.cpcv.pipeline  INFO    [ 22/84]          ar_logistic (seed=0) F1=0.508  AUC=0.533  LL=0.6945 (0.0s)
18:20:58  src.cpcv.pipeline  INFO    [ 23/84]          ar_logistic (seed=1) F1=0.508  AUC=0.533  LL=0.6945 (0.0s)
18:20:58  src.cpcv.pipeline  INFO    [ 24/84]          ar_logistic (seed=2) F1=0.508  AUC=0.533  LL=0.6945 (0.0s)
18:20:59  src.cpcv.preprocessing  INFO  Feature selection skipped (AR Logistic uses lagged returns only)
18:20:59  src.cpcv.pipeline  INFO    Preprocessing: FFD + scaling only (no feature selection), train=494 + val=106 + cal=107, test=239
18:20:59  src.cpcv.pipeline  INFO    AR Logistic lags: [1, 2, 3, 4, 5, 6, 7, 14, 21, 30]
18:20:59  src.cpcv.pipeline  INFO    [ 25/84]          ar_logistic (seed=0) F1=0.532  AUC=0.551  LL=0.6977 (0.0s)
18:20:59  src.cpcv.pipeline  INFO    [ 26/84]          ar_logistic (seed=1) F1=0.532  AUC=0.551  LL=0.6977 (0.0s)
18:20:59  src.cpcv.pipeline  INFO    [ 27/84]          ar_logistic (seed=2) F1=0.532  AUC=0.551  LL=0.6977 (0.0s)
18:20:59  src.cpcv.preprocessing  INFO  Feature selection skipped (AR Logistic uses lagged returns only)
18:20:59  src.cpcv.pipeline  INFO    Preprocessing: FFD + scaling only (no feature selection), train=494 + val=106 + cal=107, test=239
18:20:59  src.cpcv.pipeline  INFO    AR Logistic lags: [1, 2, 3, 4, 5, 6, 7, 14, 21, 30]
18:20:59  src.cpcv.pipeline  INFO    [ 28/84]          ar_logistic (seed=0) F1=0.544  AUC=0.531  LL=0.6959 (0.0s)
18:20:59  src.cpcv.pipeline  INFO    [ 29/84]          ar_logistic (seed=1) F1=0.544  AUC=0.531  LL=0.6959 (0.0s)
18:20:59  src.cpcv.pipeline  INFO    [ 30/84]          ar_logistic (seed=2) F1=0.544  AUC=0.531  LL=0.6959 (0.0s)
18:20:59  src.cpcv.preprocessing  INFO  Feature selection skipped (AR Logistic uses lagged returns only)
18:20:59  src.cpcv.pipeline  INFO    Preprocessing: FFD + scaling only (no feature selection), train=494 + val=106 + cal=107, test=239
18:20:59  src.cpcv.pipeline  INFO    AR Logistic lags: [1, 2, 3, 4, 5, 6, 7, 14, 21, 30]
18:20:59  src.cpcv.pipeline  INFO    [ 31/84]          ar_logistic (seed=0) F1=0.435  AUC=0.467  LL=0.7194 (0.0s)
18:20:59  src.cpcv.pipeline  INFO    [ 32/84]          ar_logistic (seed=1) F1=0.435  AUC=0.467  LL=0.7194 (0.0s)
18:20:59  src.cpcv.pipeline  INFO    [ 33/84]          ar_logistic (seed=2) F1=0.435  AUC=0.467  LL=0.7194 (0.0s)
18:21:00  src.cpcv.preprocessing  INFO  Feature selection skipped (AR Logistic uses lagged returns only)
18:21:00  src.cpcv.pipeline  INFO    Preprocessing: FFD + scaling only (no feature selection), train=494 + val=106 + cal=107, test=239
18:21:00  src.cpcv.pipeline  INFO    AR Logistic lags: [1, 2, 3, 4, 5, 6, 7, 14, 21, 30]
18:21:00  src.cpcv.pipeline  INFO    [ 34/84]          ar_logistic (seed=0) F1=0.506  AUC=0.533  LL=0.6988 (0.0s)
18:21:00  src.cpcv.pipeline  INFO    [ 35/84]          ar_logistic (seed=1) F1=0.506  AUC=0.533  LL=0.6988 (0.0s)
18:21:00  src.cpcv.pipeline  INFO    [ 36/84]          ar_logistic (seed=2) F1=0.506  AUC=0.533  LL=0.6988 (0.0s)
18:21:00  src.cpcv.preprocessing  INFO  Feature selection skipped (AR Logistic uses lagged returns only)
18:21:00  src.cpcv.pipeline  INFO    Preprocessing: FFD + scaling only (no feature selection), train=502 + val=108 + cal=108, test=239
18:21:00  src.cpcv.pipeline  INFO    AR Logistic lags: [1, 2, 3, 4, 5, 6, 7, 14, 21, 30]
18:21:00  src.cpcv.pipeline  INFO    [ 37/84]          ar_logistic (seed=0) F1=0.391  AUC=0.555  LL=0.6724 (0.0s)
18:21:00  src.cpcv.pipeline  INFO    [ 38/84]          ar_logistic (seed=1) F1=0.391  AUC=0.555  LL=0.6724 (0.0s)
18:21:00  src.cpcv.pipeline  INFO    [ 39/84]          ar_logistic (seed=2) F1=0.391  AUC=0.555  LL=0.6724 (0.0s)
18:21:00  src.cpcv.preprocessing  INFO  Feature selection skipped (AR Logistic uses lagged returns only)
18:21:00  src.cpcv.pipeline  INFO    Preprocessing: FFD + scaling only (no feature selection), train=464 + val=99 + cal=100, test=292
18:21:00  src.cpcv.pipeline  INFO    AR Logistic lags: [1, 2, 3, 4, 5, 6, 7, 14, 21, 30]
18:21:00  src.cpcv.pipeline  INFO    [ 40/84]          ar_logistic (seed=0) F1=0.503  AUC=0.521  LL=0.7201 (0.0s)
18:21:00  src.cpcv.pipeline  INFO    [ 41/84]          ar_logistic (seed=1) F1=0.503  AUC=0.521  LL=0.7201 (0.0s)
18:21:00  src.cpcv.pipeline  INFO    [ 42/84]          ar_logistic (seed=2) F1=0.503  AUC=0.521  LL=0.7201 (0.0s)
18:21:01  src.cpcv.preprocessing  INFO  Feature selection skipped (AR Logistic uses lagged returns only)
18:21:01  src.cpcv.pipeline  INFO    Preprocessing: FFD + scaling only (no feature selection), train=455 + val=98 + cal=98, test=292
18:21:01  src.cpcv.pipeline  INFO    AR Logistic lags: [1, 2, 3, 4, 5, 6, 7, 14, 21, 30]
18:21:01  src.cpcv.pipeline  INFO    [ 43/84]          ar_logistic (seed=0) F1=0.518  AUC=0.511  LL=0.7325 (0.0s)
18:21:01  src.cpcv.pipeline  INFO    [ 44/84]          ar_logistic (seed=1) F1=0.518  AUC=0.511  LL=0.7325 (0.0s)
18:21:01  src.cpcv.pipeline  INFO    [ 45/84]          ar_logistic (seed=2) F1=0.518  AUC=0.511  LL=0.7325 (0.0s)
18:21:01  src.cpcv.preprocessing  INFO  Feature selection skipped (AR Logistic uses lagged returns only)
18:21:01  src.cpcv.pipeline  INFO    Preprocessing: FFD + scaling only (no feature selection), train=455 + val=98 + cal=98, test=292
18:21:01  src.cpcv.pipeline  INFO    AR Logistic lags: [1, 2, 3, 4, 5, 6, 7, 14, 21, 30]
18:21:01  src.cpcv.pipeline  INFO    [ 46/84]          ar_logistic (seed=0) F1=0.454  AUC=0.484  LL=0.7351 (0.0s)
18:21:01  src.cpcv.pipeline  INFO    [ 47/84]          ar_logistic (seed=1) F1=0.454  AUC=0.484  LL=0.7351 (0.0s)
18:21:01  src.cpcv.pipeline  INFO    [ 48/84]          ar_logistic (seed=2) F1=0.454  AUC=0.484  LL=0.7351 (0.0s)
18:21:01  src.cpcv.preprocessing  INFO  Feature selection skipped (AR Logistic uses lagged returns only)
18:21:01  src.cpcv.pipeline  INFO    Preprocessing: FFD + scaling only (no feature selection), train=455 + val=98 + cal=98, test=292
18:21:01  src.cpcv.pipeline  INFO    AR Logistic lags: [1, 2, 3, 4, 5, 6, 7, 14, 21, 30]
18:21:01  src.cpcv.pipeline  INFO    [ 49/84]          ar_logistic (seed=0) F1=0.538  AUC=0.543  LL=0.7191 (0.0s)
18:21:01  src.cpcv.pipeline  INFO    [ 50/84]          ar_logistic (seed=1) F1=0.538  AUC=0.543  LL=0.7191 (0.0s)
18:21:01  src.cpcv.pipeline  INFO    [ 51/84]          ar_logistic (seed=2) F1=0.538  AUC=0.543  LL=0.7191 (0.0s)
18:21:02  src.cpcv.preprocessing  INFO  Feature selection skipped (AR Logistic uses lagged returns only)
18:21:02  src.cpcv.pipeline  INFO    Preprocessing: FFD + scaling only (no feature selection), train=463 + val=99 + cal=100, test=292
18:21:02  src.cpcv.pipeline  INFO    AR Logistic lags: [1, 2, 3, 4, 5, 6, 7, 14, 21, 30]
18:21:02  src.cpcv.pipeline  INFO    [ 52/84]          ar_logistic (seed=0) F1=0.369  AUC=0.565  LL=0.7051 (0.0s)
18:21:02  src.cpcv.pipeline  INFO    [ 53/84]          ar_logistic (seed=1) F1=0.369  AUC=0.565  LL=0.7051 (0.0s)
18:21:02  src.cpcv.pipeline  INFO    [ 54/84]          ar_logistic (seed=2) F1=0.369  AUC=0.565  LL=0.7051 (0.0s)
18:21:02  src.cpcv.preprocessing  INFO  Feature selection skipped (AR Logistic uses lagged returns only)
18:21:02  src.cpcv.pipeline  INFO    Preprocessing: FFD + scaling only (no feature selection), train=465 + val=100 + cal=100, test=292
18:21:02  src.cpcv.pipeline  INFO    AR Logistic lags: [1, 2, 3, 4, 5, 6, 7, 14, 21, 30]
18:21:02  src.cpcv.pipeline  INFO    [ 55/84]          ar_logistic (seed=0) F1=0.500  AUC=0.521  LL=0.7049 (0.0s)
18:21:02  src.cpcv.pipeline  INFO    [ 56/84]          ar_logistic (seed=1) F1=0.500  AUC=0.521  LL=0.7049 (0.0s)
18:21:02  src.cpcv.pipeline  INFO    [ 57/84]          ar_logistic (seed=2) F1=0.500  AUC=0.521  LL=0.7049 (0.0s)
18:21:03  src.cpcv.preprocessing  INFO  Feature selection skipped (AR Logistic uses lagged returns only)
18:21:03  src.cpcv.pipeline  INFO    Preprocessing: FFD + scaling only (no feature selection), train=457 + val=98 + cal=98, test=292
18:21:03  src.cpcv.pipeline  INFO    AR Logistic lags: [1, 2, 3, 4, 5, 6, 7, 14, 21, 30]
18:21:03  src.cpcv.pipeline  INFO    [ 58/84]          ar_logistic (seed=0) F1=0.479  AUC=0.491  LL=0.7334 (0.0s)
18:21:03  src.cpcv.pipeline  INFO    [ 59/84]          ar_logistic (seed=1) F1=0.479  AUC=0.491  LL=0.7334 (0.0s)
18:21:03  src.cpcv.pipeline  INFO    [ 60/84]          ar_logistic (seed=2) F1=0.479  AUC=0.491  LL=0.7334 (0.0s)
18:21:03  src.cpcv.preprocessing  INFO  Feature selection skipped (AR Logistic uses lagged returns only)
18:21:03  src.cpcv.pipeline  INFO    Preprocessing: FFD + scaling only (no feature selection), train=457 + val=98 + cal=98, test=292
18:21:03  src.cpcv.pipeline  INFO    AR Logistic lags: [1, 2, 3, 4, 5, 6, 7, 14, 21, 30]
18:21:03  src.cpcv.pipeline  INFO    [ 61/84]          ar_logistic (seed=0) F1=0.479  AUC=0.529  LL=0.7145 (0.0s)
18:21:03  src.cpcv.pipeline  INFO    [ 62/84]          ar_logistic (seed=1) F1=0.479  AUC=0.529  LL=0.7145 (0.0s)
18:21:03  src.cpcv.pipeline  INFO    [ 63/84]          ar_logistic (seed=2) F1=0.479  AUC=0.529  LL=0.7145 (0.0s)
18:21:03  src.cpcv.preprocessing  INFO  Feature selection skipped (AR Logistic uses lagged returns only)
18:21:03  src.cpcv.pipeline  INFO    Preprocessing: FFD + scaling only (no feature selection), train=464 + val=100 + cal=100, test=292
18:21:03  src.cpcv.pipeline  INFO    AR Logistic lags: [1, 2, 3, 4, 5, 6, 7, 14, 21, 30]
18:21:03  src.cpcv.pipeline  INFO    [ 64/84]          ar_logistic (seed=0) F1=0.355  AUC=0.545  LL=0.6911 (0.0s)
18:21:03  src.cpcv.pipeline  INFO    [ 65/84]          ar_logistic (seed=1) F1=0.355  AUC=0.545  LL=0.6911 (0.0s)
18:21:03  src.cpcv.pipeline  INFO    [ 66/84]          ar_logistic (seed=2) F1=0.355  AUC=0.545  LL=0.6911 (0.0s)
18:21:04  src.cpcv.preprocessing  INFO  Feature selection skipped (AR Logistic uses lagged returns only)
18:21:04  src.cpcv.pipeline  INFO    Preprocessing: FFD + scaling only (no feature selection), train=465 + val=100 + cal=100, test=292
18:21:04  src.cpcv.pipeline  INFO    AR Logistic lags: [1, 2, 3, 4, 5, 6, 7, 14, 21, 30]
18:21:04  src.cpcv.pipeline  INFO    [ 67/84]          ar_logistic (seed=0) F1=0.516  AUC=0.502  LL=0.7176 (0.0s)
18:21:04  src.cpcv.pipeline  INFO    [ 68/84]          ar_logistic (seed=1) F1=0.516  AUC=0.502  LL=0.7176 (0.0s)
18:21:04  src.cpcv.pipeline  INFO    [ 69/84]          ar_logistic (seed=2) F1=0.516  AUC=0.502  LL=0.7176 (0.0s)
18:21:04  src.cpcv.preprocessing  INFO  Feature selection skipped (AR Logistic uses lagged returns only)
18:21:04  src.cpcv.pipeline  INFO    Preprocessing: FFD + scaling only (no feature selection), train=457 + val=98 + cal=98, test=292
18:21:04  src.cpcv.pipeline  INFO    AR Logistic lags: [1, 2, 3, 4, 5, 6, 7, 14, 21, 30]
18:21:04  src.cpcv.pipeline  INFO    [ 70/84]          ar_logistic (seed=0) F1=0.530  AUC=0.525  LL=0.7148 (0.0s)
18:21:04  src.cpcv.pipeline  INFO    [ 71/84]          ar_logistic (seed=1) F1=0.530  AUC=0.525  LL=0.7148 (0.0s)
18:21:04  src.cpcv.pipeline  INFO    [ 72/84]          ar_logistic (seed=2) F1=0.530  AUC=0.525  LL=0.7148 (0.0s)
18:21:05  src.cpcv.preprocessing  INFO  Feature selection skipped (AR Logistic uses lagged returns only)
18:21:05  src.cpcv.pipeline  INFO    Preprocessing: FFD + scaling only (no feature selection), train=464 + val=100 + cal=100, test=292
18:21:05  src.cpcv.pipeline  INFO    AR Logistic lags: [1, 2, 3, 4, 5, 6, 7, 14, 21, 30]
18:21:05  src.cpcv.pipeline  INFO    [ 73/84]          ar_logistic (seed=0) F1=0.369  AUC=0.551  LL=0.6776 (0.0s)
18:21:05  src.cpcv.pipeline  INFO    [ 74/84]          ar_logistic (seed=1) F1=0.369  AUC=0.551  LL=0.6776 (0.0s)
18:21:05  src.cpcv.pipeline  INFO    [ 75/84]          ar_logistic (seed=2) F1=0.369  AUC=0.551  LL=0.6776 (0.0s)
18:21:05  src.cpcv.preprocessing  INFO  Feature selection skipped (AR Logistic uses lagged returns only)
18:21:05  src.cpcv.pipeline  INFO    Preprocessing: FFD + scaling only (no feature selection), train=465 + val=100 + cal=100, test=292
18:21:05  src.cpcv.pipeline  INFO    AR Logistic lags: [1, 2, 3, 4, 5, 6, 7, 14, 21, 30]
18:21:05  src.cpcv.pipeline  INFO    [ 76/84]          ar_logistic (seed=0) F1=0.449  AUC=0.463  LL=0.7393 (0.0s)
18:21:05  src.cpcv.pipeline  INFO    [ 77/84]          ar_logistic (seed=1) F1=0.449  AUC=0.463  LL=0.7393 (0.0s)
18:21:05  src.cpcv.pipeline  INFO    [ 78/84]          ar_logistic (seed=2) F1=0.449  AUC=0.463  LL=0.7393 (0.0s)
18:21:06  src.cpcv.preprocessing  INFO  Feature selection skipped (AR Logistic uses lagged returns only)
18:21:06  src.cpcv.pipeline  INFO    Preprocessing: FFD + scaling only (no feature selection), train=464 + val=100 + cal=100, test=292
18:21:06  src.cpcv.pipeline  INFO    AR Logistic lags: [1, 2, 3, 4, 5, 6, 7, 14, 21, 30]
18:21:06  src.cpcv.pipeline  INFO    [ 79/84]          ar_logistic (seed=0) F1=0.345  AUC=0.501  LL=0.7049 (0.0s)
18:21:06  src.cpcv.pipeline  INFO    [ 80/84]          ar_logistic (seed=1) F1=0.345  AUC=0.501  LL=0.7049 (0.0s)
18:21:06  src.cpcv.pipeline  INFO    [ 81/84]          ar_logistic (seed=2) F1=0.345  AUC=0.501  LL=0.7049 (0.0s)
18:21:06  src.cpcv.preprocessing  INFO  Feature selection skipped (AR Logistic uses lagged returns only)
18:21:06  src.cpcv.pipeline  INFO    Preprocessing: FFD + scaling only (no feature selection), train=473 + val=101 + cal=102, test=292
18:21:06  src.cpcv.pipeline  INFO    AR Logistic lags: [1, 2, 3, 4, 5, 6, 7, 14, 21, 30]
18:21:06  src.cpcv.pipeline  INFO    [ 82/84]          ar_logistic (seed=0) F1=0.364  AUC=0.441  LL=0.7194 (0.0s)
18:21:06  src.cpcv.pipeline  INFO    [ 83/84]          ar_logistic (seed=1) F1=0.364  AUC=0.441  LL=0.7194 (0.0s)
18:21:06  src.cpcv.pipeline  INFO    [ 84/84]          ar_logistic (seed=2) F1=0.364  AUC=0.441  LL=0.7194 (0.0s)
18:21:06  src.cpcv.pipeline  INFO  ============================================================
18:21:06  src.cpcv.pipeline  INFO  CPCV Pipeline Complete
18:21:06  src.cpcv.pipeline  INFO  ============================================================
18:21:06  src.cpcv.pipeline  INFO    Total time:     11.1s (0.2m)
18:21:06  src.cpcv.pipeline  INFO    Tasks:          84 succeeded, 0 failed
18:21:06  src.cpcv.pipeline  INFO    Results keys:   84 (model, split, seed) entries
18:21:06  src.cpcv.pipeline  INFO    Backtest paths: 7
18:21:06  src.cpcv.pipeline  INFO  ============================================================
18:21:07  src.cpcv.pipeline  INFO  ============================================================
18:21:07  src.cpcv.pipeline  INFO  CPCV Pipeline
18:21:07  src.cpcv.pipeline  INFO  ============================================================
18:21:07  src.cpcv.pipeline  INFO    Models:         ['logistic']
18:21:07  src.cpcv.pipeline  INFO    Seeds/fold:     3
18:21:08  src.cpcv.pipeline  INFO    Groups (N):     8
18:21:08  src.cpcv.pipeline  INFO    Test groups (k):2
18:21:08  src.cpcv.pipeline  INFO    Embargo:        1.0%
18:21:08  src.cpcv.pipeline  INFO    FFD columns:    ['atr']
18:21:08  src.cpcv.pipeline  INFO    Samples:        1168
18:21:08  src.cpcv.pipeline  INFO    Features:       73
18:21:08  src.cpcv.pipeline  INFO    Splits:         28, Paths: 7
18:21:08  src.cpcv.pipeline  INFO    Tuning:         NESTED (per-split) — ['logistic'] [30 trials]
18:21:08  src.cpcv.pipeline  INFO  ============================================================
18:21:08  src.cpcv.preprocessing  INFO  Computing MDA (Random Forest)...
18:21:55  src.cpcv.preprocessing  INFO  Computing MDA (Logistic Regression)...
18:21:56  src.cpcv.preprocessing  INFO  Multi-model MDA: 31/73 passed (MDA > 0), 42 eliminated
18:21:56  src.cpcv.preprocessing  INFO    Capped at 14 features (top_k_frac=0.2)
18:21:56  src.cpcv.preprocessing  INFO    Selected (14): ['ema_ratio_20_50', 'eth_btc_ratio', 'exchange_supply_pct', 'jarque_bera', 'log_returns', 'log_returns_lag6', 'macd_hist', 'natgas_ret_30', 'skewness', 'smt_exp', 'sp500_ret_30', 'variance_ratio', 'vix', 'yield_curve_2y10y']
18:21:56  src.cpcv.pipeline  INFO    Preprocessing: 14 features selected, train=605 + val=130 + cal=130, test=93
18:21:56  src.cpcv.tuning  INFO  Tuning (1 model) — Optuna TPE + Purged K-Fold (inner: 3 folds, embargo=10 obs)
18:21:56  src.cpcv.tuning  INFO    [tuning] logistic: 3 purged K-fold splits, 30 Optuna trials (TPE)
18:21:57  src.cpcv.tuning  INFO      logistic: 21 completed, 9 pruned (of 30 total) — best log_loss=0.6768, params={'C': 0.054502936945582565, 'penalty': 'l1'}
18:21:57  src.cpcv.tuning  INFO    [tuning] logistic done in 0.7s — best log_loss=0.6768
18:21:57  src.cpcv.tuning  INFO  Tuning total: 0.7s
18:21:57  src.cpcv.pipeline  INFO      applied logistic: {'C': 0.054502936945582565, 'penalty': 'l1'}
18:21:57  src.cpcv.pipeline  INFO    [  1/84]             logistic (seed=0) F1=0.500  AUC=0.533  LL=0.6907 (0.0s)
18:21:57  src.cpcv.pipeline  INFO    [  2/84]             logistic (seed=1) F1=0.500  AUC=0.534  LL=0.6907 (0.0s)
18:21:57  src.cpcv.pipeline  INFO    [  3/84]             logistic (seed=2) F1=0.500  AUC=0.534  LL=0.6907 (0.0s)
18:21:57  src.cpcv.preprocessing  INFO  Computing MDA (Random Forest)...
18:22:39  src.cpcv.preprocessing  INFO  Computing MDA (Logistic Regression)...
18:22:40  src.cpcv.preprocessing  INFO  Multi-model MDA: 39/73 passed (MDA > 0), 34 eliminated
18:22:40  src.cpcv.preprocessing  INFO    Capped at 14 features (top_k_frac=0.2)
18:22:40  src.cpcv.preprocessing  INFO    Selected (14): ['cci_14', 'copper_ret_14', 'ema_ratio_50_200', 'gk_vol', 'gold_ret_30', 'log_returns', 'natgas_ret_30', 'oil_ret_14', 'oil_ret_30', 'roc_14', 'rsi', 'silver_ret_30', 'stoch_d', 'yz_vol']
18:22:40  src.cpcv.pipeline  INFO    Preprocessing: 14 features selected, train=566 + val=121 + cal=122, test=146
18:22:40  src.cpcv.tuning  INFO  Tuning (1 model) — Optuna TPE + Purged K-Fold (inner: 3 folds, embargo=10 obs)
18:22:40  src.cpcv.tuning  INFO    [tuning] logistic: 3 purged K-fold splits, 30 Optuna trials (TPE)
18:22:42  src.cpcv.tuning  INFO      logistic: 20 completed, 10 pruned (of 30 total) — best log_loss=0.6904, params={'C': 0.003409264942037956, 'penalty': 'l2'}
18:22:42  src.cpcv.tuning  INFO    [tuning] logistic done in 1.0s — best log_loss=0.6904
18:22:42  src.cpcv.tuning  INFO  Tuning total: 1.0s
18:22:42  src.cpcv.pipeline  INFO      applied logistic: {'C': 0.003409264942037956, 'penalty': 'l2'}
18:22:42  src.cpcv.pipeline  INFO    [  4/84]             logistic (seed=0) F1=0.365  AUC=0.512  LL=0.7025 (0.0s)
18:22:42  src.cpcv.pipeline  INFO    [  5/84]             logistic (seed=1) F1=0.365  AUC=0.512  LL=0.7025 (0.0s)
18:22:42  src.cpcv.pipeline  INFO    [  6/84]             logistic (seed=2) F1=0.365  AUC=0.512  LL=0.7025 (0.0s)
18:22:42  src.cpcv.preprocessing  INFO  Computing MDA (Random Forest)...
18:23:24  src.cpcv.preprocessing  INFO  Computing MDA (Logistic Regression)...
18:23:25  src.cpcv.preprocessing  INFO  Multi-model MDA: 36/73 passed (MDA > 0), 37 eliminated
18:23:25  src.cpcv.preprocessing  INFO    Capped at 14 features (top_k_frac=0.2)
18:23:25  src.cpcv.preprocessing  INFO    Selected (14): ['atr', 'cci_14', 'dxy_roc_30', 'ema_ratio_20_50', 'eth_btc_ratio', 'log_returns', 'log_returns_lag1', 'log_returns_lag5', 'log_returns_lag6', 'mvrv', 'natgas_ret_30', 'oil_ret_14', 'smt_poly1', 'stoch_d']
18:23:26  src.cpcv.pipeline  INFO    Preprocessing: 14 features selected, train=567 + val=122 + cal=122, test=146
18:23:26  src.cpcv.tuning  INFO  Tuning (1 model) — Optuna TPE + Purged K-Fold (inner: 3 folds, embargo=10 obs)
18:23:26  src.cpcv.tuning  INFO    [tuning] logistic: 3 purged K-fold splits, 30 Optuna trials (TPE)
18:23:26  src.cpcv.tuning  INFO      logistic: 15 completed, 15 pruned (of 30 total) — best log_loss=0.6822, params={'C': 0.09148995083972236, 'penalty': 'l1'}
18:23:26  src.cpcv.tuning  INFO    [tuning] logistic done in 0.7s — best log_loss=0.6822
18:23:26  src.cpcv.tuning  INFO  Tuning total: 0.7s
18:23:26  src.cpcv.pipeline  INFO      applied logistic: {'C': 0.09148995083972236, 'penalty': 'l1'}
18:23:26  src.cpcv.pipeline  INFO    [  7/84]             logistic (seed=0) F1=0.435  AUC=0.550  LL=0.7062 (0.0s)
18:23:26  src.cpcv.pipeline  INFO    [  8/84]             logistic (seed=1) F1=0.435  AUC=0.550  LL=0.7062 (0.0s)
18:23:26  src.cpcv.pipeline  INFO    [  9/84]             logistic (seed=2) F1=0.435  AUC=0.550  LL=0.7062 (0.0s)
18:23:27  src.cpcv.preprocessing  INFO  Computing MDA (Random Forest)...
18:24:09  src.cpcv.preprocessing  INFO  Computing MDA (Logistic Regression)...
18:24:11  src.cpcv.preprocessing  INFO  Multi-model MDA: 39/73 passed (MDA > 0), 34 eliminated
18:24:11  src.cpcv.preprocessing  INFO    Capped at 14 features (top_k_frac=0.2)
18:24:11  src.cpcv.preprocessing  INFO    Selected (14): ['atr', 'cci_14', 'eth_btc_ratio', 'hashrate_roc_30', 'log_returns_lag21', 'lz_complexity', 'mvrv', 'natgas_ret_30', 'realized_vol', 'sadf', 'sp500_ret_14', 'tx_count_roc_14', 'variance_ratio', 'vix']
18:24:11  src.cpcv.pipeline  INFO    Preprocessing: 14 features selected, train=567 + val=122 + cal=122, test=146
18:24:11  src.cpcv.tuning  INFO  Tuning (1 model) — Optuna TPE + Purged K-Fold (inner: 3 folds, embargo=10 obs)
18:24:11  src.cpcv.tuning  INFO    [tuning] logistic: 3 purged K-fold splits, 30 Optuna trials (TPE)
18:24:11  src.cpcv.tuning  INFO      logistic: 18 completed, 12 pruned (of 30 total) — best log_loss=0.6908, params={'C': 0.054502936945582565, 'penalty': 'l1'}
18:24:11  src.cpcv.tuning  INFO    [tuning] logistic done in 0.5s — best log_loss=0.6908
18:24:11  src.cpcv.tuning  INFO  Tuning total: 0.5s
18:24:11  src.cpcv.pipeline  INFO      applied logistic: {'C': 0.054502936945582565, 'penalty': 'l1'}
18:24:11  src.cpcv.pipeline  INFO    [ 10/84]             logistic (seed=0) F1=0.397  AUC=0.482  LL=0.6880 (0.0s)
18:24:11  src.cpcv.pipeline  INFO    [ 11/84]             logistic (seed=1) F1=0.397  AUC=0.482  LL=0.6880 (0.0s)
18:24:11  src.cpcv.pipeline  INFO    [ 12/84]             logistic (seed=2) F1=0.397  AUC=0.482  LL=0.6880 (0.0s)
18:24:12  src.cpcv.preprocessing  INFO  Computing MDA (Random Forest)...
18:24:57  src.cpcv.preprocessing  INFO  Computing MDA (Logistic Regression)...
18:24:58  src.cpcv.preprocessing  INFO  Multi-model MDA: 36/73 passed (MDA > 0), 37 eliminated
18:24:58  src.cpcv.preprocessing  INFO    Capped at 14 features (top_k_frac=0.2)
18:24:58  src.cpcv.preprocessing  INFO    Selected (14): ['active_addr_roc_14', 'atr', 'eth_btc_ratio', 'exchange_supply_pct', 'issuance_ntv', 'log_returns_lag1', 'log_returns_lag5', 'log_returns_lag7', 'obv', 'oil_ret_14', 'roc_14', 'skewness', 'smt_exp', 'vix']
18:24:58  src.cpcv.pipeline  INFO    Preprocessing: 14 features selected, train=567 + val=122 + cal=122, test=146
18:24:58  src.cpcv.tuning  INFO  Tuning (1 model) — Optuna TPE + Purged K-Fold (inner: 3 folds, embargo=10 obs)
18:24:58  src.cpcv.tuning  INFO    [tuning] logistic: 3 purged K-fold splits, 30 Optuna trials (TPE)
18:24:59  src.cpcv.tuning  INFO      logistic: 17 completed, 13 pruned (of 30 total) — best log_loss=0.6827, params={'C': 0.15517874583611974, 'penalty': 'l1'}
18:24:59  src.cpcv.tuning  INFO    [tuning] logistic done in 0.6s — best log_loss=0.6827
18:24:59  src.cpcv.tuning  INFO  Tuning total: 0.6s
18:24:59  src.cpcv.pipeline  INFO      applied logistic: {'C': 0.15517874583611974, 'penalty': 'l1'}
18:24:59  src.cpcv.pipeline  INFO    [ 13/84]             logistic (seed=0) F1=0.390  AUC=0.483  LL=0.8068 (0.0s)
18:24:59  src.cpcv.pipeline  INFO    [ 14/84]             logistic (seed=1) F1=0.390  AUC=0.483  LL=0.8068 (0.0s)
18:24:59  src.cpcv.pipeline  INFO    [ 15/84]             logistic (seed=2) F1=0.390  AUC=0.483  LL=0.8068 (0.0s)
18:24:59  src.cpcv.preprocessing  INFO  Computing MDA (Random Forest)...
18:25:42  src.cpcv.preprocessing  INFO  Computing MDA (Logistic Regression)...
18:25:44  src.cpcv.preprocessing  INFO  Multi-model MDA: 40/73 passed (MDA > 0), 33 eliminated
18:25:44  src.cpcv.preprocessing  INFO    Capped at 14 features (top_k_frac=0.2)
18:25:44  src.cpcv.preprocessing  INFO    Selected (14): ['atr', 'chaikin_osc', 'eth_btc_ratio', 'hashrate_roc_30', 'jarque_bera', 'kurtosis', 'log_returns_lag30', 'log_returns_lag6', 'obv', 'silver_ret_30', 'variance_ratio', 'vol_term_7_30', 'vwma_ratio_20_50', 'yield_curve_2y10y']
18:25:44  src.cpcv.pipeline  INFO    Preprocessing: 14 features selected, train=567 + val=122 + cal=122, test=146
18:25:44  src.cpcv.tuning  INFO  Tuning (1 model) — Optuna TPE + Purged K-Fold (inner: 3 folds, embargo=10 obs)
18:25:44  src.cpcv.tuning  INFO    [tuning] logistic: 3 purged K-fold splits, 30 Optuna trials (TPE)
18:25:44  src.cpcv.tuning  INFO      logistic: 15 completed, 15 pruned (of 30 total) — best log_loss=0.6829, params={'C': 0.017670169402947963, 'penalty': 'l1'}
18:25:44  src.cpcv.tuning  INFO    [tuning] logistic done in 0.7s — best log_loss=0.6829
18:25:44  src.cpcv.tuning  INFO  Tuning total: 0.7s
18:25:44  src.cpcv.pipeline  INFO      applied logistic: {'C': 0.017670169402947963, 'penalty': 'l1'}
18:25:44  src.cpcv.pipeline  INFO    [ 16/84]             logistic (seed=0) F1=0.502  AUC=0.522  LL=0.6845 (0.0s)
18:25:44  src.cpcv.pipeline  INFO    [ 17/84]             logistic (seed=1) F1=0.502  AUC=0.522  LL=0.6845 (0.0s)
18:25:44  src.cpcv.pipeline  INFO    [ 18/84]             logistic (seed=2) F1=0.502  AUC=0.522  LL=0.6845 (0.0s)
18:25:45  src.cpcv.preprocessing  INFO  Computing MDA (Random Forest)...
18:26:31  src.cpcv.preprocessing  INFO  Computing MDA (Logistic Regression)...
18:26:32  src.cpcv.preprocessing  INFO  Multi-model MDA: 40/73 passed (MDA > 0), 33 eliminated
18:26:32  src.cpcv.preprocessing  INFO    Capped at 14 features (top_k_frac=0.2)
18:26:32  src.cpcv.preprocessing  INFO    Selected (14): ['active_addr_roc_14', 'chaikin_osc', 'copper_ret_14', 'hashrate_roc_30', 'hurst', 'kurtosis', 'log_returns', 'log_returns_lag3', 'realized_vol', 'us10y', 'variance_ratio', 'vix', 'williams_r', 'yield_curve_2y10y']
18:26:32  src.cpcv.pipeline  INFO    Preprocessing: 14 features selected, train=575 + val=123 + cal=124, test=146
18:26:32  src.cpcv.tuning  INFO  Tuning (1 model) — Optuna TPE + Purged K-Fold (inner: 3 folds, embargo=10 obs)
18:26:32  src.cpcv.tuning  INFO    [tuning] logistic: 3 purged K-fold splits, 30 Optuna trials (TPE)
18:26:33  src.cpcv.tuning  INFO      logistic: 25 completed, 5 pruned (of 30 total) — best log_loss=0.6931, params={'C': 0.017670169402947963, 'penalty': 'l1'}
18:26:33  src.cpcv.tuning  INFO    [tuning] logistic done in 0.5s — best log_loss=0.6931
18:26:33  src.cpcv.tuning  INFO  Tuning total: 0.5s
18:26:33  src.cpcv.pipeline  INFO      applied logistic: {'C': 0.017670169402947963, 'penalty': 'l1'}
18:26:33  src.cpcv.pipeline  INFO    [ 19/84]             logistic (seed=0) F1=0.360  AUC=0.500  LL=0.6855 (0.0s)
18:26:33  src.cpcv.pipeline  INFO    [ 20/84]             logistic (seed=1) F1=0.360  AUC=0.500  LL=0.6855 (0.0s)
18:26:33  src.cpcv.pipeline  INFO    [ 21/84]             logistic (seed=2) F1=0.360  AUC=0.500  LL=0.6855 (0.0s)
18:26:33  src.cpcv.preprocessing  INFO  Computing MDA (Random Forest)...
18:27:12  src.cpcv.preprocessing  INFO  Computing MDA (Logistic Regression)...
18:27:13  src.cpcv.preprocessing  INFO  Multi-model MDA: 37/73 passed (MDA > 0), 36 eliminated
18:27:13  src.cpcv.preprocessing  INFO    Capped at 14 features (top_k_frac=0.2)
18:27:13  src.cpcv.preprocessing  INFO    Selected (14): ['dxy_roc_30', 'gold_ret_30', 'log_returns', 'log_returns_lag2', 'log_returns_lag4', 'natgas_ret_30', 'negentropy', 'obv', 'rsi', 'silver_ret_30', 'skewness', 'tx_count_roc_14', 'us10y', 'us2y']
18:27:13  src.cpcv.pipeline  INFO    Preprocessing: 14 features selected, train=503 + val=108 + cal=108, test=239
18:27:13  src.cpcv.tuning  INFO  Tuning (1 model) — Optuna TPE + Purged K-Fold (inner: 3 folds, embargo=10 obs)
18:27:13  src.cpcv.tuning  INFO    [tuning] logistic: 3 purged K-fold splits, 30 Optuna trials (TPE)
18:27:14  src.cpcv.tuning  INFO      logistic: 23 completed, 7 pruned (of 30 total) — best log_loss=0.6926, params={'C': 0.0012953887073261802, 'penalty': 'l2'}
18:27:14  src.cpcv.tuning  INFO    [tuning] logistic done in 0.6s — best log_loss=0.6926
18:27:14  src.cpcv.tuning  INFO  Tuning total: 0.6s
18:27:14  src.cpcv.pipeline  INFO      applied logistic: {'C': 0.0012953887073261802, 'penalty': 'l2'}
18:27:14  src.cpcv.pipeline  INFO    [ 22/84]             logistic (seed=0) F1=0.357  AUC=0.575  LL=0.7146 (0.0s)
18:27:14  src.cpcv.pipeline  INFO    [ 23/84]             logistic (seed=1) F1=0.357  AUC=0.575  LL=0.7146 (0.0s)
18:27:14  src.cpcv.pipeline  INFO    [ 24/84]             logistic (seed=2) F1=0.357  AUC=0.575  LL=0.7146 (0.0s)
18:27:14  src.cpcv.preprocessing  INFO  Computing MDA (Random Forest)...
18:27:53  src.cpcv.preprocessing  INFO  Computing MDA (Logistic Regression)...
18:27:55  src.cpcv.preprocessing  INFO  Multi-model MDA: 38/73 passed (MDA > 0), 35 eliminated
18:27:55  src.cpcv.preprocessing  INFO    Capped at 14 features (top_k_frac=0.2)
18:27:55  src.cpcv.preprocessing  INFO    Selected (14): ['cci_14', 'dxy_roc_30', 'eth_btc_ratio', 'hashrate_roc_30', 'jarque_bera', 'kurtosis', 'log_returns_lag2', 'log_returns_lag6', 'macd', 'macd_hist', 'natgas_ret_30', 'negentropy', 'us10y', 'vol_term_7_30']
18:27:55  src.cpcv.pipeline  INFO    Preprocessing: 14 features selected, train=494 + val=106 + cal=107, test=239
18:27:55  src.cpcv.tuning  INFO  Tuning (1 model) — Optuna TPE + Purged K-Fold (inner: 3 folds, embargo=10 obs)
18:27:55  src.cpcv.tuning  INFO    [tuning] logistic: 3 purged K-fold splits, 30 Optuna trials (TPE)
18:27:56  src.cpcv.tuning  INFO      logistic: 28 completed, 2 pruned (of 30 total) — best log_loss=0.6866, params={'C': 0.022411319470642815, 'penalty': 'l2'}
18:27:56  src.cpcv.tuning  INFO    [tuning] logistic done in 0.9s — best log_loss=0.6866
18:27:56  src.cpcv.tuning  INFO  Tuning total: 0.9s
18:27:56  src.cpcv.pipeline  INFO      applied logistic: {'C': 0.022411319470642815, 'penalty': 'l2'}
18:27:56  src.cpcv.pipeline  INFO    [ 25/84]             logistic (seed=0) F1=0.477  AUC=0.557  LL=0.7947 (0.0s)
18:27:56  src.cpcv.pipeline  INFO    [ 26/84]             logistic (seed=1) F1=0.477  AUC=0.557  LL=0.7947 (0.0s)
18:27:56  src.cpcv.pipeline  INFO    [ 27/84]             logistic (seed=2) F1=0.477  AUC=0.557  LL=0.7947 (0.0s)
18:27:57  src.cpcv.preprocessing  INFO  Computing MDA (Random Forest)...
18:28:34  src.cpcv.preprocessing  INFO  Computing MDA (Logistic Regression)...
18:28:36  src.cpcv.preprocessing  INFO  Multi-model MDA: 37/73 passed (MDA > 0), 36 eliminated
18:28:36  src.cpcv.preprocessing  INFO    Capped at 14 features (top_k_frac=0.2)
18:28:36  src.cpcv.preprocessing  INFO    Selected (14): ['cci_14', 'chaikin_osc', 'dxy_roc_30', 'eth_btc_ratio', 'gold_ret_14', 'hashrate_roc_30', 'jarque_bera', 'log_returns_lag4', 'natgas_ret_30', 'roc_14', 'rsi', 'smt_exp', 'sp500_ret_14', 'williams_r']
18:28:36  src.cpcv.pipeline  INFO    Preprocessing: 14 features selected, train=494 + val=106 + cal=107, test=239
18:28:36  src.cpcv.tuning  INFO  Tuning (1 model) — Optuna TPE + Purged K-Fold (inner: 3 folds, embargo=10 obs)
18:28:36  src.cpcv.tuning  INFO    [tuning] logistic: 3 purged K-fold splits, 30 Optuna trials (TPE)
18:28:36  src.cpcv.tuning  INFO      logistic: 22 completed, 8 pruned (of 30 total) — best log_loss=0.6807, params={'C': 0.054502936945582565, 'penalty': 'l1'}
18:28:36  src.cpcv.tuning  INFO    [tuning] logistic done in 0.8s — best log_loss=0.6807
18:28:36  src.cpcv.tuning  INFO  Tuning total: 0.8s
18:28:36  src.cpcv.pipeline  INFO      applied logistic: {'C': 0.054502936945582565, 'penalty': 'l1'}
18:28:36  src.cpcv.pipeline  INFO    [ 28/84]             logistic (seed=0) F1=0.479  AUC=0.572  LL=0.7037 (0.0s)
18:28:36  src.cpcv.pipeline  INFO    [ 29/84]             logistic (seed=1) F1=0.479  AUC=0.572  LL=0.7037 (0.0s)
18:28:36  src.cpcv.pipeline  INFO    [ 30/84]             logistic (seed=2) F1=0.479  AUC=0.572  LL=0.7037 (0.0s)
18:28:37  src.cpcv.preprocessing  INFO  Computing MDA (Random Forest)...
18:29:15  src.cpcv.preprocessing  INFO  Computing MDA (Logistic Regression)...
18:29:17  src.cpcv.preprocessing  INFO  Multi-model MDA: 37/73 passed (MDA > 0), 36 eliminated
18:29:17  src.cpcv.preprocessing  INFO    Capped at 14 features (top_k_frac=0.2)
18:29:17  src.cpcv.preprocessing  INFO    Selected (14): ['cci_14', 'ema_ratio_20_50', 'fee_per_tx', 'gold_ret_30', 'hashrate_roc_30', 'jarque_bera', 'log_returns', 'log_returns_lag6', 'mfi_14', 'natgas_ret_14', 'natgas_ret_30', 'silver_ret_30', 'skewness', 'sp500_ret_14']
18:29:17  src.cpcv.pipeline  INFO    Preprocessing: 14 features selected, train=494 + val=106 + cal=107, test=239
18:29:17  src.cpcv.tuning  INFO  Tuning (1 model) — Optuna TPE + Purged K-Fold (inner: 3 folds, embargo=10 obs)
18:29:17  src.cpcv.tuning  INFO    [tuning] logistic: 3 purged K-fold splits, 30 Optuna trials (TPE)
18:29:17  src.cpcv.tuning  INFO      logistic: 27 completed, 3 pruned (of 30 total) — best log_loss=0.6759, params={'C': 0.12647598951788191, 'penalty': 'l1'}
18:29:17  src.cpcv.tuning  INFO    [tuning] logistic done in 0.7s — best log_loss=0.6759
18:29:17  src.cpcv.tuning  INFO  Tuning total: 0.7s
18:29:17  src.cpcv.pipeline  INFO      applied logistic: {'C': 0.12647598951788191, 'penalty': 'l1'}
18:29:17  src.cpcv.pipeline  INFO    [ 31/84]             logistic (seed=0) F1=0.523  AUC=0.532  LL=0.7000 (0.0s)
18:29:17  src.cpcv.pipeline  INFO    [ 32/84]             logistic (seed=1) F1=0.523  AUC=0.532  LL=0.7000 (0.0s)
18:29:17  src.cpcv.pipeline  INFO    [ 33/84]             logistic (seed=2) F1=0.523  AUC=0.532  LL=0.7000 (0.0s)
18:29:18  src.cpcv.preprocessing  INFO  Computing MDA (Random Forest)...
18:29:58  src.cpcv.preprocessing  INFO  Computing MDA (Logistic Regression)...
18:29:59  src.cpcv.preprocessing  INFO  Multi-model MDA: 34/73 passed (MDA > 0), 39 eliminated
18:29:59  src.cpcv.preprocessing  INFO    Capped at 14 features (top_k_frac=0.2)
18:29:59  src.cpcv.preprocessing  INFO    Selected (14): ['atr', 'copper_ret_14', 'eth_btc_ratio', 'fee_per_tx', 'jarque_bera', 'log_returns_lag4', 'log_returns_lag6', 'oil_ret_14', 'skewness', 'sp500_ret_30', 'variance_ratio', 'vix', 'vol_term_7_30', 'yield_curve_10y30y']
18:29:59  src.cpcv.pipeline  INFO    Preprocessing: 14 features selected, train=494 + val=106 + cal=107, test=239
18:29:59  src.cpcv.tuning  INFO  Tuning (1 model) — Optuna TPE + Purged K-Fold (inner: 3 folds, embargo=10 obs)
18:29:59  src.cpcv.tuning  INFO    [tuning] logistic: 3 purged K-fold splits, 30 Optuna trials (TPE)
18:30:00  src.cpcv.tuning  INFO      logistic: 19 completed, 11 pruned (of 30 total) — best log_loss=0.6789, params={'C': 0.11480946414492552, 'penalty': 'l1'}
18:30:00  src.cpcv.tuning  INFO    [tuning] logistic done in 0.8s — best log_loss=0.6789
18:30:00  src.cpcv.tuning  INFO  Tuning total: 0.8s
18:30:00  src.cpcv.pipeline  INFO      applied logistic: {'C': 0.11480946414492552, 'penalty': 'l1'}
18:30:00  src.cpcv.pipeline  INFO    [ 34/84]             logistic (seed=0) F1=0.426  AUC=0.493  LL=0.6968 (0.0s)
18:30:00  src.cpcv.pipeline  INFO    [ 35/84]             logistic (seed=1) F1=0.426  AUC=0.493  LL=0.6968 (0.0s)
18:30:00  src.cpcv.pipeline  INFO    [ 36/84]             logistic (seed=2) F1=0.426  AUC=0.493  LL=0.6968 (0.0s)
18:30:00  src.cpcv.preprocessing  INFO  Computing MDA (Random Forest)...
18:30:39  src.cpcv.preprocessing  INFO  Computing MDA (Logistic Regression)...
18:30:40  src.cpcv.preprocessing  INFO  Multi-model MDA: 39/73 passed (MDA > 0), 34 eliminated
18:30:40  src.cpcv.preprocessing  INFO    Capped at 14 features (top_k_frac=0.2)
18:30:40  src.cpcv.preprocessing  INFO    Selected (14): ['dxy_roc_30', 'eth_btc_ratio', 'jarque_bera', 'kurtosis', 'log_returns_lag3', 'macd_hist', 'nasdaq_ret_30', 'obv', 'oil_ret_14', 'sadf', 'sp500_ret_30', 'williams_r', 'yield_curve_2y10y', 'yz_vol']
18:30:40  src.cpcv.pipeline  INFO    Preprocessing: 14 features selected, train=502 + val=108 + cal=108, test=239
18:30:40  src.cpcv.tuning  INFO  Tuning (1 model) — Optuna TPE + Purged K-Fold (inner: 3 folds, embargo=10 obs)
18:30:40  src.cpcv.tuning  INFO    [tuning] logistic: 3 purged K-fold splits, 30 Optuna trials (TPE)
18:30:41  src.cpcv.tuning  INFO      logistic: 18 completed, 12 pruned (of 30 total) — best log_loss=0.6833, params={'C': 0.00044900780221839606, 'penalty': 'l2'}
18:30:41  src.cpcv.tuning  INFO    [tuning] logistic done in 0.8s — best log_loss=0.6833
18:30:41  src.cpcv.tuning  INFO  Tuning total: 0.8s
18:30:41  src.cpcv.pipeline  INFO      applied logistic: {'C': 0.00044900780221839606, 'penalty': 'l2'}
18:30:41  src.cpcv.pipeline  INFO    [ 37/84]             logistic (seed=0) F1=0.371  AUC=0.552  LL=0.6788 (0.0s)
18:30:41  src.cpcv.pipeline  INFO    [ 38/84]             logistic (seed=1) F1=0.371  AUC=0.552  LL=0.6788 (0.0s)
18:30:41  src.cpcv.pipeline  INFO    [ 39/84]             logistic (seed=2) F1=0.371  AUC=0.552  LL=0.6788 (0.0s)
18:30:42  src.cpcv.preprocessing  INFO  Computing MDA (Random Forest)...
18:31:20  src.cpcv.preprocessing  INFO  Computing MDA (Logistic Regression)...
18:31:22  src.cpcv.preprocessing  INFO  Multi-model MDA: 37/73 passed (MDA > 0), 36 eliminated
18:31:22  src.cpcv.preprocessing  INFO    Capped at 14 features (top_k_frac=0.2)
18:31:22  src.cpcv.preprocessing  INFO    Selected (14): ['eth_btc_ratio', 'log_returns_lag2', 'log_returns_lag6', 'macd_hist', 'obv', 'oil_ret_30', 'roc_14', 'sadf', 'silver_ret_30', 'sp500_ret_30', 'stoch_d', 'vol_term_30_90', 'williams_r', 'yield_curve_2y10y']
18:31:22  src.cpcv.pipeline  INFO    Preprocessing: 14 features selected, train=464 + val=99 + cal=100, test=292
18:31:22  src.cpcv.tuning  INFO  Tuning (1 model) — Optuna TPE + Purged K-Fold (inner: 3 folds, embargo=10 obs)
18:31:22  src.cpcv.tuning  INFO    [tuning] logistic: 3 purged K-fold splits, 30 Optuna trials (TPE)
18:31:23  src.cpcv.tuning  INFO      logistic: 20 completed, 10 pruned (of 30 total) — best log_loss=0.6750, params={'C': 0.020357412412030994, 'penalty': 'l2'}
18:31:23  src.cpcv.tuning  INFO    [tuning] logistic done in 0.9s — best log_loss=0.6750
18:31:23  src.cpcv.tuning  INFO  Tuning total: 0.9s
18:31:23  src.cpcv.pipeline  INFO      applied logistic: {'C': 0.020357412412030994, 'penalty': 'l2'}
18:31:23  src.cpcv.pipeline  INFO    [ 40/84]             logistic (seed=0) F1=0.442  AUC=0.556  LL=0.7076 (0.0s)
18:31:23  src.cpcv.pipeline  INFO    [ 41/84]             logistic (seed=1) F1=0.442  AUC=0.556  LL=0.7076 (0.0s)
18:31:23  src.cpcv.pipeline  INFO    [ 42/84]             logistic (seed=2) F1=0.442  AUC=0.556  LL=0.7076 (0.0s)
18:31:23  src.cpcv.preprocessing  INFO  Computing MDA (Random Forest)...
18:32:03  src.cpcv.preprocessing  INFO  Computing MDA (Logistic Regression)...
18:32:04  src.cpcv.preprocessing  INFO  Multi-model MDA: 39/73 passed (MDA > 0), 34 eliminated
18:32:04  src.cpcv.preprocessing  INFO    Capped at 14 features (top_k_frac=0.2)
18:32:04  src.cpcv.preprocessing  INFO    Selected (14): ['ema_ratio_20_50', 'eth_btc_ratio', 'issuance_ntv', 'log_returns_lag4', 'mvrv', 'oil_ret_14', 'roc_14', 'skewness', 'sp500_ret_14', 'sp500_ret_30', 'stoch_d', 'us2y', 'yield_curve_10y30y', 'yield_curve_2y10y']
18:32:04  src.cpcv.pipeline  INFO    Preprocessing: 14 features selected, train=455 + val=98 + cal=98, test=292
18:32:04  src.cpcv.tuning  INFO  Tuning (1 model) — Optuna TPE + Purged K-Fold (inner: 3 folds, embargo=10 obs)
18:32:04  src.cpcv.tuning  INFO    [tuning] logistic: 3 purged K-fold splits, 30 Optuna trials (TPE)
18:32:05  src.cpcv.tuning  INFO      logistic: 22 completed, 8 pruned (of 30 total) — best log_loss=0.6931, params={'C': 0.017670169402947963, 'penalty': 'l1'}
18:32:05  src.cpcv.tuning  INFO    [tuning] logistic done in 0.5s — best log_loss=0.6931
18:32:05  src.cpcv.tuning  INFO  Tuning total: 0.5s
18:32:05  src.cpcv.pipeline  INFO      applied logistic: {'C': 0.017670169402947963, 'penalty': 'l1'}
18:32:05  src.cpcv.pipeline  INFO    [ 43/84]             logistic (seed=0) F1=0.350  AUC=0.500  LL=0.6904 (0.0s)
18:32:05  src.cpcv.pipeline  INFO    [ 44/84]             logistic (seed=1) F1=0.350  AUC=0.500  LL=0.6904 (0.0s)
18:32:05  src.cpcv.pipeline  INFO    [ 45/84]             logistic (seed=2) F1=0.350  AUC=0.500  LL=0.6904 (0.0s)
18:32:05  src.cpcv.preprocessing  INFO  Computing MDA (Random Forest)...
18:32:45  src.cpcv.preprocessing  INFO  Computing MDA (Logistic Regression)...
18:32:46  src.cpcv.preprocessing  INFO  Multi-model MDA: 30/73 passed (MDA > 0), 43 eliminated
18:32:46  src.cpcv.preprocessing  INFO    Capped at 14 features (top_k_frac=0.2)
18:32:46  src.cpcv.preprocessing  INFO    Selected (14): ['ema_ratio_50_200', 'log_returns', 'log_returns_lag2', 'log_returns_lag30', 'log_returns_lag7', 'natgas_ret_14', 'natgas_ret_30', 'rsi', 'skewness', 'sp500_ret_14', 'us10y', 'us2y', 'vix', 'yield_curve_10y30y']
18:32:46  src.cpcv.pipeline  INFO    Preprocessing: 14 features selected, train=455 + val=98 + cal=98, test=292
18:32:46  src.cpcv.tuning  INFO  Tuning (1 model) — Optuna TPE + Purged K-Fold (inner: 3 folds, embargo=10 obs)
18:32:46  src.cpcv.tuning  INFO    [tuning] logistic: 3 purged K-fold splits, 30 Optuna trials (TPE)
18:32:47  src.cpcv.tuning  INFO      logistic: 20 completed, 10 pruned (of 30 total) — best log_loss=0.6775, params={'C': 0.01836706903841569, 'penalty': 'l2'}
18:32:47  src.cpcv.tuning  INFO    [tuning] logistic done in 0.7s — best log_loss=0.6775
18:32:47  src.cpcv.tuning  INFO  Tuning total: 0.7s
18:32:47  src.cpcv.pipeline  INFO      applied logistic: {'C': 0.01836706903841569, 'penalty': 'l2'}
18:32:47  src.cpcv.pipeline  INFO    [ 46/84]             logistic (seed=0) F1=0.522  AUC=0.524  LL=0.7391 (0.0s)
18:32:47  src.cpcv.pipeline  INFO    [ 47/84]             logistic (seed=1) F1=0.522  AUC=0.524  LL=0.7391 (0.0s)
18:32:47  src.cpcv.pipeline  INFO    [ 48/84]             logistic (seed=2) F1=0.522  AUC=0.524  LL=0.7391 (0.0s)
18:32:47  src.cpcv.preprocessing  INFO  Computing MDA (Random Forest)...
18:33:27  src.cpcv.preprocessing  INFO  Computing MDA (Logistic Regression)...
18:33:29  src.cpcv.preprocessing  INFO  Multi-model MDA: 37/73 passed (MDA > 0), 36 eliminated
18:33:29  src.cpcv.preprocessing  INFO    Capped at 14 features (top_k_frac=0.2)
18:33:29  src.cpcv.preprocessing  INFO    Selected (14): ['dxy_roc_30', 'exchange_supply_pct', 'jarque_bera', 'log_returns_lag5', 'log_returns_lag6', 'lz_complexity', 'nasdaq_ret_14', 'nasdaq_ret_30', 'obv', 'oil_ret_14', 'rsi', 'sadf', 'silver_ret_30', 'smt_exp']
18:33:29  src.cpcv.pipeline  INFO    Preprocessing: 14 features selected, train=455 + val=98 + cal=98, test=292
18:33:29  src.cpcv.tuning  INFO  Tuning (1 model) — Optuna TPE + Purged K-Fold (inner: 3 folds, embargo=10 obs)
18:33:29  src.cpcv.tuning  INFO    [tuning] logistic: 3 purged K-fold splits, 30 Optuna trials (TPE)
18:33:30  src.cpcv.tuning  INFO      logistic: 26 completed, 4 pruned (of 30 total) — best log_loss=0.6817, params={'C': 0.0021079758632756426, 'penalty': 'l2'}
18:33:30  src.cpcv.tuning  INFO    [tuning] logistic done in 1.0s — best log_loss=0.6817
18:33:30  src.cpcv.tuning  INFO  Tuning total: 1.0s
18:33:30  src.cpcv.pipeline  INFO      applied logistic: {'C': 0.0021079758632756426, 'penalty': 'l2'}
18:33:30  src.cpcv.pipeline  INFO    [ 49/84]             logistic (seed=0) F1=0.405  AUC=0.480  LL=0.7017 (0.0s)
18:33:30  src.cpcv.pipeline  INFO    [ 50/84]             logistic (seed=1) F1=0.405  AUC=0.480  LL=0.7017 (0.0s)
18:33:30  src.cpcv.pipeline  INFO    [ 51/84]             logistic (seed=2) F1=0.405  AUC=0.480  LL=0.7017 (0.0s)
18:33:30  src.cpcv.preprocessing  INFO  Computing MDA (Random Forest)...
18:34:08  src.cpcv.preprocessing  INFO  Computing MDA (Logistic Regression)...
18:34:10  src.cpcv.preprocessing  INFO  Multi-model MDA: 40/73 passed (MDA > 0), 33 eliminated
18:34:10  src.cpcv.preprocessing  INFO    Capped at 14 features (top_k_frac=0.2)
18:34:10  src.cpcv.preprocessing  INFO    Selected (14): ['chaikin_osc', 'dxy_roc_30', 'exchange_supply_pct', 'fee_per_tx', 'gk_vol', 'jarque_bera', 'kurtosis', 'log_returns_lag1', 'macd_hist', 'natgas_ret_30', 'obv', 'roc_14', 'sadf', 'smt_exp']
18:34:10  src.cpcv.pipeline  INFO    Preprocessing: 14 features selected, train=463 + val=99 + cal=100, test=292
18:34:10  src.cpcv.tuning  INFO  Tuning (1 model) — Optuna TPE + Purged K-Fold (inner: 3 folds, embargo=10 obs)
18:34:10  src.cpcv.tuning  INFO    [tuning] logistic: 3 purged K-fold splits, 30 Optuna trials (TPE)
18:34:11  src.cpcv.tuning  INFO      logistic: 27 completed, 3 pruned (of 30 total) — best log_loss=0.6841, params={'C': 0.0012953887073261802, 'penalty': 'l2'}
18:34:11  src.cpcv.tuning  INFO    [tuning] logistic done in 1.0s — best log_loss=0.6841
18:34:11  src.cpcv.tuning  INFO  Tuning total: 1.0s
18:34:11  src.cpcv.pipeline  INFO      applied logistic: {'C': 0.0012953887073261802, 'penalty': 'l2'}
18:34:11  src.cpcv.pipeline  INFO    [ 52/84]             logistic (seed=0) F1=0.339  AUC=0.464  LL=0.7615 (0.0s)
18:34:11  src.cpcv.pipeline  INFO    [ 53/84]             logistic (seed=1) F1=0.339  AUC=0.464  LL=0.7615 (0.0s)
18:34:11  src.cpcv.pipeline  INFO    [ 54/84]             logistic (seed=2) F1=0.339  AUC=0.464  LL=0.7615 (0.0s)
18:34:11  src.cpcv.preprocessing  INFO  Computing MDA (Random Forest)...
18:34:50  src.cpcv.preprocessing  INFO  Computing MDA (Logistic Regression)...
18:34:51  src.cpcv.preprocessing  INFO  Multi-model MDA: 39/73 passed (MDA > 0), 34 eliminated
18:34:51  src.cpcv.preprocessing  INFO    Capped at 14 features (top_k_frac=0.2)
18:34:51  src.cpcv.preprocessing  INFO    Selected (14): ['copper_ret_14', 'eth_btc_ratio', 'kurtosis', 'log_returns_lag14', 'log_returns_lag2', 'log_returns_lag3', 'log_returns_lag7', 'lz_complexity', 'natgas_ret_30', 'oil_ret_14', 'rsi', 'skewness', 'smt_poly1', 'sp500_ret_30']
18:34:51  src.cpcv.pipeline  INFO    Preprocessing: 14 features selected, train=465 + val=100 + cal=100, test=292
18:34:51  src.cpcv.tuning  INFO  Tuning (1 model) — Optuna TPE + Purged K-Fold (inner: 3 folds, embargo=10 obs)
18:34:51  src.cpcv.tuning  INFO    [tuning] logistic: 3 purged K-fold splits, 30 Optuna trials (TPE)
18:34:52  src.cpcv.tuning  INFO      logistic: 21 completed, 9 pruned (of 30 total) — best log_loss=0.6845, params={'C': 0.11085678522672557, 'penalty': 'l1'}
18:34:52  src.cpcv.tuning  INFO    [tuning] logistic done in 0.8s — best log_loss=0.6845
18:34:52  src.cpcv.tuning  INFO  Tuning total: 0.8s
18:34:52  src.cpcv.pipeline  INFO      applied logistic: {'C': 0.11085678522672557, 'penalty': 'l1'}
18:34:52  src.cpcv.pipeline  INFO    [ 55/84]             logistic (seed=0) F1=0.535  AUC=0.529  LL=0.7072 (0.0s)
18:34:52  src.cpcv.pipeline  INFO    [ 56/84]             logistic (seed=1) F1=0.535  AUC=0.529  LL=0.7072 (0.0s)
18:34:52  src.cpcv.pipeline  INFO    [ 57/84]             logistic (seed=2) F1=0.535  AUC=0.529  LL=0.7072 (0.0s)
18:34:52  src.cpcv.preprocessing  INFO  Computing MDA (Random Forest)...
18:35:32  src.cpcv.preprocessing  INFO  Computing MDA (Logistic Regression)...
18:35:33  src.cpcv.preprocessing  INFO  Multi-model MDA: 38/73 passed (MDA > 0), 35 eliminated
18:35:33  src.cpcv.preprocessing  INFO    Capped at 14 features (top_k_frac=0.2)
18:35:33  src.cpcv.preprocessing  INFO    Selected (14): ['ema_ratio_20_50', 'log_returns_lag30', 'log_returns_lag5', 'log_returns_lag6', 'log_returns_lag7', 'mvrv', 'net_exchange_flow', 'oil_ret_14', 'silver_ret_14', 'skewness', 'sp500_ret_14', 'us10y', 'variance_ratio', 'vix']
18:35:33  src.cpcv.pipeline  INFO    Preprocessing: 14 features selected, train=457 + val=98 + cal=98, test=292
18:35:33  src.cpcv.tuning  INFO  Tuning (1 model) — Optuna TPE + Purged K-Fold (inner: 3 folds, embargo=10 obs)
18:35:34  src.cpcv.tuning  INFO    [tuning] logistic: 3 purged K-fold splits, 30 Optuna trials (TPE)
18:35:34  src.cpcv.tuning  INFO      logistic: 18 completed, 12 pruned (of 30 total) — best log_loss=0.6854, params={'C': 0.008157211142057481, 'penalty': 'l2'}
18:35:34  src.cpcv.tuning  INFO    [tuning] logistic done in 0.6s — best log_loss=0.6854
18:35:34  src.cpcv.tuning  INFO  Tuning total: 0.6s
18:35:34  src.cpcv.pipeline  INFO      applied logistic: {'C': 0.008157211142057481, 'penalty': 'l2'}
18:35:34  src.cpcv.pipeline  INFO    [ 58/84]             logistic (seed=0) F1=0.520  AUC=0.545  LL=0.7317 (0.0s)
18:35:34  src.cpcv.pipeline  INFO    [ 59/84]             logistic (seed=1) F1=0.520  AUC=0.545  LL=0.7317 (0.0s)
18:35:34  src.cpcv.pipeline  INFO    [ 60/84]             logistic (seed=2) F1=0.520  AUC=0.545  LL=0.7317 (0.0s)
18:35:34  src.cpcv.preprocessing  INFO  Computing MDA (Random Forest)...
18:36:13  src.cpcv.preprocessing  INFO  Computing MDA (Logistic Regression)...
18:36:14  src.cpcv.preprocessing  INFO  Multi-model MDA: 37/73 passed (MDA > 0), 36 eliminated
18:36:14  src.cpcv.preprocessing  INFO    Capped at 14 features (top_k_frac=0.2)
18:36:14  src.cpcv.preprocessing  INFO    Selected (14): ['eth_btc_ratio', 'gold_ret_30', 'kurtosis', 'log_returns_lag3', 'log_returns_lag6', 'log_returns_lag7', 'macd_hist', 'realized_vol', 'silver_ret_30', 'sp500_ret_30', 'stoch_k', 'variance_ratio', 'williams_r', 'yield_curve_2y10y']
18:36:14  src.cpcv.pipeline  INFO    Preprocessing: 14 features selected, train=457 + val=98 + cal=98, test=292
18:36:14  src.cpcv.tuning  INFO  Tuning (1 model) — Optuna TPE + Purged K-Fold (inner: 3 folds, embargo=10 obs)
18:36:14  src.cpcv.tuning  INFO    [tuning] logistic: 3 purged K-fold splits, 30 Optuna trials (TPE)
18:36:15  src.cpcv.tuning  INFO      logistic: 16 completed, 14 pruned (of 30 total) — best log_loss=0.6789, params={'C': 0.014975426755579157, 'penalty': 'l2'}
18:36:15  src.cpcv.tuning  INFO    [tuning] logistic done in 0.7s — best log_loss=0.6789
18:36:15  src.cpcv.tuning  INFO  Tuning total: 0.7s
18:36:15  src.cpcv.pipeline  INFO      applied logistic: {'C': 0.014975426755579157, 'penalty': 'l2'}
18:36:15  src.cpcv.pipeline  INFO    [ 61/84]             logistic (seed=0) F1=0.482  AUC=0.480  LL=0.7209 (0.0s)
18:36:15  src.cpcv.pipeline  INFO    [ 62/84]             logistic (seed=1) F1=0.482  AUC=0.480  LL=0.7209 (0.0s)
18:36:15  src.cpcv.pipeline  INFO    [ 63/84]             logistic (seed=2) F1=0.482  AUC=0.480  LL=0.7209 (0.0s)
18:36:15  src.cpcv.preprocessing  INFO  Computing MDA (Random Forest)...
18:36:55  src.cpcv.preprocessing  INFO  Computing MDA (Logistic Regression)...
18:36:57  src.cpcv.preprocessing  INFO  Multi-model MDA: 38/73 passed (MDA > 0), 35 eliminated
18:36:57  src.cpcv.preprocessing  INFO    Capped at 14 features (top_k_frac=0.2)
18:36:57  src.cpcv.preprocessing  INFO    Selected (14): ['active_addr_roc_14', 'bb_width', 'copper_ret_30', 'eth_btc_ratio', 'exchange_supply_pct', 'log_returns_lag1', 'log_returns_lag5', 'log_returns_lag6', 'oil_ret_14', 'silver_ret_30', 'smt_poly1', 'sp500_ret_30', 'yield_curve_10y30y', 'yz_vol']
18:36:57  src.cpcv.pipeline  INFO    Preprocessing: 14 features selected, train=464 + val=100 + cal=100, test=292
18:36:57  src.cpcv.tuning  INFO  Tuning (1 model) — Optuna TPE + Purged K-Fold (inner: 3 folds, embargo=10 obs)
18:36:57  src.cpcv.tuning  INFO    [tuning] logistic: 3 purged K-fold splits, 30 Optuna trials (TPE)
18:36:57  src.cpcv.tuning  INFO      logistic: 23 completed, 7 pruned (of 30 total) — best log_loss=0.6771, params={'C': 0.011619682550552358, 'penalty': 'l2'}
18:36:57  src.cpcv.tuning  INFO    [tuning] logistic done in 0.7s — best log_loss=0.6771
18:36:57  src.cpcv.tuning  INFO  Tuning total: 0.7s
18:36:57  src.cpcv.pipeline  INFO      applied logistic: {'C': 0.011619682550552358, 'penalty': 'l2'}
18:36:57  src.cpcv.pipeline  INFO    [ 64/84]             logistic (seed=0) F1=0.370  AUC=0.516  LL=0.7559 (0.0s)
18:36:57  src.cpcv.pipeline  INFO    [ 65/84]             logistic (seed=1) F1=0.370  AUC=0.516  LL=0.7559 (0.0s)
18:36:57  src.cpcv.pipeline  INFO    [ 66/84]             logistic (seed=2) F1=0.370  AUC=0.516  LL=0.7559 (0.0s)
18:36:58  src.cpcv.preprocessing  INFO  Computing MDA (Random Forest)...
18:37:36  src.cpcv.preprocessing  INFO  Computing MDA (Logistic Regression)...
18:37:37  src.cpcv.preprocessing  INFO  Multi-model MDA: 38/73 passed (MDA > 0), 35 eliminated
18:37:37  src.cpcv.preprocessing  INFO    Capped at 14 features (top_k_frac=0.2)
18:37:37  src.cpcv.preprocessing  INFO    Selected (14): ['cci_14', 'ema_ratio_20_50', 'fee_per_tx', 'log_returns_lag2', 'log_returns_lag5', 'log_returns_lag6', 'macd', 'macd_hist', 'mfi_14', 'net_exchange_flow', 'obv', 'sadf', 'smt_exp', 'vol_term_30_90']
18:37:37  src.cpcv.pipeline  INFO    Preprocessing: 14 features selected, train=465 + val=100 + cal=100, test=292
18:37:37  src.cpcv.tuning  INFO  Tuning (1 model) — Optuna TPE + Purged K-Fold (inner: 3 folds, embargo=10 obs)
18:37:37  src.cpcv.tuning  INFO    [tuning] logistic: 3 purged K-fold splits, 30 Optuna trials (TPE)
18:37:38  src.cpcv.tuning  INFO      logistic: 18 completed, 12 pruned (of 30 total) — best log_loss=0.6930, params={'C': 0.0012190680346095364, 'penalty': 'l2'}
18:37:38  src.cpcv.tuning  INFO    [tuning] logistic done in 0.7s — best log_loss=0.6930
18:37:38  src.cpcv.tuning  INFO  Tuning total: 0.7s
18:37:38  src.cpcv.pipeline  INFO      applied logistic: {'C': 0.0012190680346095364, 'penalty': 'l2'}
18:37:38  src.cpcv.pipeline  INFO    [ 67/84]             logistic (seed=0) F1=0.355  AUC=0.508  LL=0.6897 (0.0s)
18:37:38  src.cpcv.pipeline  INFO    [ 68/84]             logistic (seed=1) F1=0.355  AUC=0.508  LL=0.6897 (0.0s)
18:37:38  src.cpcv.pipeline  INFO    [ 69/84]             logistic (seed=2) F1=0.355  AUC=0.508  LL=0.6897 (0.0s)
18:37:38  src.cpcv.preprocessing  INFO  Computing MDA (Random Forest)...
18:38:17  src.cpcv.preprocessing  INFO  Computing MDA (Logistic Regression)...
18:38:18  src.cpcv.preprocessing  INFO  Multi-model MDA: 40/73 passed (MDA > 0), 33 eliminated
18:38:18  src.cpcv.preprocessing  INFO    Capped at 14 features (top_k_frac=0.2)
18:38:18  src.cpcv.preprocessing  INFO    Selected (14): ['bb_width', 'eth_btc_ratio', 'gk_vol', 'gold_ret_30', 'hashrate_roc_30', 'hurst', 'log_returns_lag1', 'log_returns_lag21', 'log_returns_lag4', 'log_returns_lag6', 'nasdaq_ret_14', 'silver_ret_30', 'smt_poly1', 'yield_curve_10y30y']
18:38:18  src.cpcv.pipeline  INFO    Preprocessing: 14 features selected, train=457 + val=98 + cal=98, test=292
18:38:18  src.cpcv.tuning  INFO  Tuning (1 model) — Optuna TPE + Purged K-Fold (inner: 3 folds, embargo=10 obs)
18:38:18  src.cpcv.tuning  INFO    [tuning] logistic: 3 purged K-fold splits, 30 Optuna trials (TPE)
18:38:19  src.cpcv.tuning  INFO      logistic: 20 completed, 10 pruned (of 30 total) — best log_loss=0.6791, params={'C': 0.01751953040196698, 'penalty': 'l2'}
18:38:19  src.cpcv.tuning  INFO    [tuning] logistic done in 0.6s — best log_loss=0.6791
18:38:19  src.cpcv.tuning  INFO  Tuning total: 0.6s
18:38:19  src.cpcv.pipeline  INFO      applied logistic: {'C': 0.01751953040196698, 'penalty': 'l2'}
18:38:19  src.cpcv.pipeline  INFO    [ 70/84]             logistic (seed=0) F1=0.489  AUC=0.527  LL=0.6937 (0.0s)
18:38:19  src.cpcv.pipeline  INFO    [ 71/84]             logistic (seed=1) F1=0.489  AUC=0.527  LL=0.6937 (0.0s)
18:38:19  src.cpcv.pipeline  INFO    [ 72/84]             logistic (seed=2) F1=0.489  AUC=0.527  LL=0.6937 (0.0s)
18:38:19  src.cpcv.preprocessing  INFO  Computing MDA (Random Forest)...
18:38:59  src.cpcv.preprocessing  INFO  Computing MDA (Logistic Regression)...
18:39:00  src.cpcv.preprocessing  INFO  Multi-model MDA: 41/73 passed (MDA > 0), 32 eliminated
18:39:00  src.cpcv.preprocessing  INFO    Capped at 14 features (top_k_frac=0.2)
18:39:00  src.cpcv.preprocessing  INFO    Selected (14): ['ema_ratio_50_200', 'gk_vol', 'log_returns_lag1', 'log_returns_lag14', 'log_returns_lag21', 'log_returns_lag3', 'log_returns_lag30', 'log_returns_lag4', 'nasdaq_ret_30', 'realized_vol', 'silver_ret_30', 'smt_poly1', 'tx_count_roc_14', 'vol_term_7_30']
18:39:00  src.cpcv.pipeline  INFO    Preprocessing: 14 features selected, train=464 + val=100 + cal=100, test=292
18:39:00  src.cpcv.tuning  INFO  Tuning (1 model) — Optuna TPE + Purged K-Fold (inner: 3 folds, embargo=10 obs)
18:39:00  src.cpcv.tuning  INFO    [tuning] logistic: 3 purged K-fold splits, 30 Optuna trials (TPE)
18:39:01  src.cpcv.tuning  INFO      logistic: 23 completed, 7 pruned (of 30 total) — best log_loss=0.6917, params={'C': 0.11085678522672557, 'penalty': 'l1'}
18:39:01  src.cpcv.tuning  INFO    [tuning] logistic done in 0.5s — best log_loss=0.6917
18:39:01  src.cpcv.tuning  INFO  Tuning total: 0.5s
18:39:01  src.cpcv.pipeline  INFO      applied logistic: {'C': 0.11085678522672557, 'penalty': 'l1'}
18:39:01  src.cpcv.pipeline  INFO    [ 73/84]             logistic (seed=0) F1=0.469  AUC=0.497  LL=0.6816 (0.0s)
18:39:01  src.cpcv.pipeline  INFO    [ 74/84]             logistic (seed=1) F1=0.469  AUC=0.497  LL=0.6816 (0.0s)
18:39:01  src.cpcv.pipeline  INFO    [ 75/84]             logistic (seed=2) F1=0.469  AUC=0.497  LL=0.6816 (0.0s)
18:39:01  src.cpcv.preprocessing  INFO  Computing MDA (Random Forest)...
18:39:39  src.cpcv.preprocessing  INFO  Computing MDA (Logistic Regression)...
18:39:40  src.cpcv.preprocessing  INFO  Multi-model MDA: 39/73 passed (MDA > 0), 34 eliminated
18:39:40  src.cpcv.preprocessing  INFO    Capped at 14 features (top_k_frac=0.2)
18:39:40  src.cpcv.preprocessing  INFO    Selected (14): ['cci_14', 'dxy_roc_30', 'ema_ratio_50_200', 'fee_per_tx', 'gk_vol', 'gold_ret_14', 'gold_ret_30', 'kurtosis', 'log_returns', 'log_returns_lag2', 'log_returns_lag5', 'log_returns_lag6', 'smt_poly1', 'vix']
18:39:40  src.cpcv.pipeline  INFO    Preprocessing: 14 features selected, train=465 + val=100 + cal=100, test=292
18:39:40  src.cpcv.tuning  INFO  Tuning (1 model) — Optuna TPE + Purged K-Fold (inner: 3 folds, embargo=10 obs)
18:39:40  src.cpcv.tuning  INFO    [tuning] logistic: 3 purged K-fold splits, 30 Optuna trials (TPE)
18:39:41  src.cpcv.tuning  INFO      logistic: 19 completed, 11 pruned (of 30 total) — best log_loss=0.6851, params={'C': 0.19199250652368005, 'penalty': 'l1'}
18:39:41  src.cpcv.tuning  INFO    [tuning] logistic done in 0.7s — best log_loss=0.6851
18:39:41  src.cpcv.tuning  INFO  Tuning total: 0.7s
18:39:41  src.cpcv.pipeline  INFO      applied logistic: {'C': 0.19199250652368005, 'penalty': 'l1'}
18:39:41  src.cpcv.pipeline  INFO    [ 76/84]             logistic (seed=0) F1=0.476  AUC=0.482  LL=0.7022 (0.0s)
18:39:41  src.cpcv.pipeline  INFO    [ 77/84]             logistic (seed=1) F1=0.476  AUC=0.482  LL=0.7022 (0.0s)
18:39:41  src.cpcv.pipeline  INFO    [ 78/84]             logistic (seed=2) F1=0.476  AUC=0.482  LL=0.7022 (0.0s)
18:39:41  src.cpcv.preprocessing  INFO  Computing MDA (Random Forest)...
18:40:18  src.cpcv.preprocessing  INFO  Computing MDA (Logistic Regression)...
18:40:19  src.cpcv.preprocessing  INFO  Multi-model MDA: 31/73 passed (MDA > 0), 42 eliminated
18:40:19  src.cpcv.preprocessing  INFO    Capped at 14 features (top_k_frac=0.2)
18:40:19  src.cpcv.preprocessing  INFO    Selected (14): ['active_addr_roc_14', 'bb_width', 'eth_btc_ratio', 'exchange_supply_pct', 'gold_ret_14', 'log_returns_lag1', 'log_returns_lag2', 'log_returns_lag6', 'log_returns_lag7', 'natgas_ret_14', 'shannon_entropy', 'stoch_k', 'us10y', 'vix']
18:40:19  src.cpcv.pipeline  INFO    Preprocessing: 14 features selected, train=464 + val=100 + cal=100, test=292
18:40:19  src.cpcv.tuning  INFO  Tuning (1 model) — Optuna TPE + Purged K-Fold (inner: 3 folds, embargo=10 obs)
18:40:19  src.cpcv.tuning  INFO    [tuning] logistic: 3 purged K-fold splits, 30 Optuna trials (TPE)
18:40:20  src.cpcv.tuning  INFO      logistic: 20 completed, 10 pruned (of 30 total) — best log_loss=0.6894, params={'C': 0.12173252504194051, 'penalty': 'l1'}
18:40:20  src.cpcv.tuning  INFO    [tuning] logistic done in 0.6s — best log_loss=0.6894
18:40:20  src.cpcv.tuning  INFO  Tuning total: 0.6s
18:40:20  src.cpcv.pipeline  INFO      applied logistic: {'C': 0.12173252504194051, 'penalty': 'l1'}
18:40:20  src.cpcv.pipeline  INFO    [ 79/84]             logistic (seed=0) F1=0.345  AUC=0.515  LL=0.7155 (0.0s)
18:40:20  src.cpcv.pipeline  INFO    [ 80/84]             logistic (seed=1) F1=0.345  AUC=0.515  LL=0.7155 (0.0s)
18:40:20  src.cpcv.pipeline  INFO    [ 81/84]             logistic (seed=2) F1=0.345  AUC=0.515  LL=0.7155 (0.0s)
18:40:20  src.cpcv.preprocessing  INFO  Computing MDA (Random Forest)...
18:41:00  src.cpcv.preprocessing  INFO  Computing MDA (Logistic Regression)...
18:41:01  src.cpcv.preprocessing  INFO  Multi-model MDA: 38/73 passed (MDA > 0), 35 eliminated
18:41:01  src.cpcv.preprocessing  INFO    Capped at 14 features (top_k_frac=0.2)
18:41:01  src.cpcv.preprocessing  INFO    Selected (14): ['dxy_roc_30', 'exchange_supply_pct', 'hurst', 'log_returns_lag1', 'log_returns_lag4', 'macd_signal', 'roc_14', 'silver_ret_30', 'skewness', 'smt_exp', 'stoch_d', 'williams_r', 'yield_curve_2y10y', 'yz_vol']
18:41:01  src.cpcv.pipeline  INFO    Preprocessing: 14 features selected, train=473 + val=101 + cal=102, test=292
18:41:01  src.cpcv.tuning  INFO  Tuning (1 model) — Optuna TPE + Purged K-Fold (inner: 3 folds, embargo=10 obs)
18:41:01  src.cpcv.tuning  INFO    [tuning] logistic: 3 purged K-fold splits, 30 Optuna trials (TPE)
18:41:02  src.cpcv.tuning  INFO      logistic: 27 completed, 3 pruned (of 30 total) — best log_loss=0.6931, params={'C': 0.017670169402947963, 'penalty': 'l1'}
18:41:02  src.cpcv.tuning  INFO    [tuning] logistic done in 0.6s — best log_loss=0.6931
18:41:02  src.cpcv.tuning  INFO  Tuning total: 0.6s
18:41:02  src.cpcv.pipeline  INFO      applied logistic: {'C': 0.017670169402947963, 'penalty': 'l1'}
18:41:02  src.cpcv.pipeline  INFO    [ 82/84]             logistic (seed=0) F1=0.305  AUC=0.500  LL=0.7101 (0.0s)
18:41:02  src.cpcv.pipeline  INFO    [ 83/84]             logistic (seed=1) F1=0.305  AUC=0.500  LL=0.7101 (0.0s)
18:41:02  src.cpcv.pipeline  INFO    [ 84/84]             logistic (seed=2) F1=0.305  AUC=0.500  LL=0.7101 (0.0s)
18:41:02  src.cpcv.pipeline  INFO  ============================================================
18:41:02  src.cpcv.pipeline  INFO  CPCV Pipeline Complete
18:41:02  src.cpcv.pipeline  INFO  ============================================================
18:41:02  src.cpcv.pipeline  INFO    Total time:     1194.2s (19.9m)
18:41:02  src.cpcv.pipeline  INFO    Tasks:          84 succeeded, 0 failed
18:41:02  src.cpcv.pipeline  INFO    Results keys:   84 (model, split, seed) entries
18:41:02  src.cpcv.pipeline  INFO    Backtest paths: 7
18:41:02  src.cpcv.pipeline  INFO    Tuning:         nested (per-split), 28 splits tuned, models=['logistic']
18:41:02  src.cpcv.pipeline  INFO  ============================================================
18:41:02  src.cpcv.pipeline  INFO  ============================================================
18:41:02  src.cpcv.pipeline  INFO  CPCV Pipeline
18:41:02  src.cpcv.pipeline  INFO  ============================================================
18:41:02  src.cpcv.pipeline  INFO    Models:         ['random_forest', 'xgboost']
18:41:02  src.cpcv.pipeline  INFO    Seeds/fold:     3
18:41:02  src.cpcv.pipeline  INFO    Groups (N):     8
18:41:02  src.cpcv.pipeline  INFO    Test groups (k):2
18:41:02  src.cpcv.pipeline  INFO    Embargo:        1.0%
18:41:02  src.cpcv.pipeline  INFO    FFD columns:    ['atr']
18:41:02  src.cpcv.pipeline  INFO    Samples:        1168
18:41:02  src.cpcv.pipeline  INFO    Features:       73
18:41:02  src.cpcv.pipeline  INFO    Splits:         28, Paths: 7
18:41:02  src.cpcv.pipeline  INFO    Tuning:         NESTED (per-split) — ['random_forest', 'xgboost'] [30 trials]
18:41:02  src.cpcv.pipeline  INFO  ============================================================
18:41:03  src.cpcv.preprocessing  INFO  Computing MDA (Random Forest)...
18:41:49  src.cpcv.preprocessing  INFO  Computing MDA (Logistic Regression)...
18:41:50  src.cpcv.preprocessing  INFO  Multi-model MDA: 31/73 passed (MDA > 0), 42 eliminated
18:41:50  src.cpcv.preprocessing  INFO    Capped at 14 features (top_k_frac=0.2)
18:41:50  src.cpcv.preprocessing  INFO    Selected (14): ['ema_ratio_20_50', 'eth_btc_ratio', 'exchange_supply_pct', 'jarque_bera', 'log_returns', 'log_returns_lag6', 'macd_hist', 'natgas_ret_30', 'skewness', 'smt_exp', 'sp500_ret_30', 'variance_ratio', 'vix', 'yield_curve_2y10y']
18:41:50  src.cpcv.pipeline  INFO    Preprocessing: 14 features selected, train=605 + val=130 + cal=130, test=93
18:41:50  src.cpcv.tuning  INFO  Tuning (2 models) — Optuna TPE + Purged K-Fold (inner: 3 folds, embargo=10 obs)
18:41:50  src.cpcv.tuning  INFO    [tuning] random_forest: 3 purged K-fold splits, 30 Optuna trials (TPE)
18:43:25  src.cpcv.tuning  INFO      random_forest: 30 completed, 0 pruned (of 30 total) — best log_loss=0.6849, params={'n_estimators': 250, 'max_depth': 3, 'min_samples_leaf': 15, 'max_features': 'log2'}
18:43:25  src.cpcv.tuning  INFO    [tuning] random_forest done in 94.6s — best log_loss=0.6849
18:43:25  src.cpcv.tuning  INFO    [tuning] xgboost: 3 purged K-fold splits, 30 Optuna trials (TPE)
18:43:33  src.cpcv.tuning  INFO      xgboost: 25 completed, 5 pruned (of 30 total) — best log_loss=0.6824, params={'max_depth': 1, 'learning_rate': 0.06965560262030884, 'min_child_weight': 10, 'subsample': 0.8303954763536694, 'colsample_bytree': 0.6354916063503345, 'gamma': 0.30534509037225294, 'reg_alpha': 0.035963890250872516, 'reg_lambda': 7.87701300552545e-05}
18:43:33  src.cpcv.tuning  INFO    [tuning] xgboost done in 8.3s — best log_loss=0.6824
18:43:33  src.cpcv.tuning  INFO  Tuning total: 102.9s
18:43:33  src.cpcv.pipeline  INFO      applied random_forest: {'n_estimators': 250, 'max_depth': 3, 'min_samples_leaf': 15, 'max_features': 'log2'}
18:43:33  src.cpcv.pipeline  INFO      applied xgboost: {'max_depth': 1, 'learning_rate': 0.06965560262030884, 'min_child_weight': 10, 'subsample': 0.8303954763536694, 'colsample_bytree': 0.6354916063503345, 'gamma': 0.30534509037225294, 'reg_alpha': 0.035963890250872516, 'reg_lambda': 7.87701300552545e-05}
18:43:34  src.cpcv.models.tree_models  INFO  RandomForest fitted: 605 samples, 14 features, 250 trees.
18:43:34  src.cpcv.pipeline  INFO    [  1/168]        random_forest (seed=0) F1=0.493  AUC=0.500  LL=0.8462 (1.4s)
18:43:35  src.cpcv.models.tree_models  INFO  RandomForest fitted: 605 samples, 14 features, 250 trees.
18:43:36  src.cpcv.pipeline  INFO    [  2/168]        random_forest (seed=1) F1=0.461  AUC=0.507  LL=0.7812 (1.2s)
18:43:37  src.cpcv.models.tree_models  INFO  RandomForest fitted: 605 samples, 14 features, 250 trees.
18:43:37  src.cpcv.pipeline  INFO    [  3/168]        random_forest (seed=2) F1=0.479  AUC=0.515  LL=0.8492 (1.3s)
18:43:37  src.cpcv.models.tree_models  INFO  XGBoost fitted: 605 samples, early stopped at iteration 30/300.
18:43:37  src.cpcv.pipeline  INFO    [  4/168]              xgboost (seed=0) F1=0.520  AUC=0.524  LL=0.8735 (0.1s)
18:43:37  src.cpcv.models.tree_models  INFO  XGBoost fitted: 605 samples, early stopped at iteration 40/300.
18:43:37  src.cpcv.pipeline  INFO    [  5/168]              xgboost (seed=1) F1=0.428  AUC=0.509  LL=0.8985 (0.1s)
18:43:37  src.cpcv.models.tree_models  INFO  XGBoost fitted: 605 samples, early stopped at iteration 8/300.
18:43:37  src.cpcv.pipeline  INFO    [  6/168]              xgboost (seed=2) F1=0.428  AUC=0.496  LL=2.0177 (0.1s)
18:43:38  src.cpcv.preprocessing  INFO  Computing MDA (Random Forest)...
18:44:32  src.cpcv.preprocessing  INFO  Computing MDA (Logistic Regression)...
18:44:34  src.cpcv.preprocessing  INFO  Multi-model MDA: 39/73 passed (MDA > 0), 34 eliminated
18:44:34  src.cpcv.preprocessing  INFO    Capped at 14 features (top_k_frac=0.2)
18:44:34  src.cpcv.preprocessing  INFO    Selected (14): ['cci_14', 'copper_ret_14', 'ema_ratio_50_200', 'gk_vol', 'gold_ret_30', 'log_returns', 'natgas_ret_30', 'oil_ret_14', 'oil_ret_30', 'roc_14', 'rsi', 'silver_ret_30', 'stoch_d', 'yz_vol']
18:44:34  src.cpcv.pipeline  INFO    Preprocessing: 14 features selected, train=566 + val=121 + cal=122, test=146
18:44:34  src.cpcv.tuning  INFO  Tuning (2 models) — Optuna TPE + Purged K-Fold (inner: 3 folds, embargo=10 obs)
18:44:34  src.cpcv.tuning  INFO    [tuning] random_forest: 3 purged K-fold splits, 30 Optuna trials (TPE)
18:45:33  src.cpcv.tuning  INFO      random_forest: 17 completed, 13 pruned (of 30 total) — best log_loss=0.6924, params={'n_estimators': 250, 'max_depth': 2, 'min_samples_leaf': 28, 'max_features': 'sqrt'}
18:45:33  src.cpcv.tuning  INFO    [tuning] random_forest done in 58.9s — best log_loss=0.6924
18:45:33  src.cpcv.tuning  INFO    [tuning] xgboost: 3 purged K-fold splits, 30 Optuna trials (TPE)
18:45:38  src.cpcv.tuning  INFO      xgboost: 12 completed, 18 pruned (of 30 total) — best log_loss=0.6823, params={'max_depth': 2, 'learning_rate': 0.29809911697393243, 'min_child_weight': 43, 'subsample': 0.8566880772987617, 'colsample_bytree': 0.7045301052546397, 'gamma': 0.010438120620105178, 'reg_alpha': 0.0001653282123997987, 'reg_lambda': 0.007483948702276168}
18:45:38  src.cpcv.tuning  INFO    [tuning] xgboost done in 5.0s — best log_loss=0.6823
18:45:38  src.cpcv.tuning  INFO  Tuning total: 63.9s
18:45:38  src.cpcv.pipeline  INFO      applied random_forest: {'n_estimators': 250, 'max_depth': 2, 'min_samples_leaf': 28, 'max_features': 'sqrt'}
18:45:38  src.cpcv.pipeline  INFO      applied xgboost: {'max_depth': 2, 'learning_rate': 0.29809911697393243, 'min_child_weight': 43, 'subsample': 0.8566880772987617, 'colsample_bytree': 0.7045301052546397, 'gamma': 0.010438120620105178, 'reg_alpha': 0.0001653282123997987, 'reg_lambda': 0.007483948702276168}
18:45:38  src.cpcv.models.tree_models  INFO  RandomForest fitted: 566 samples, 14 features, 250 trees.
18:45:39  src.cpcv.pipeline  INFO    [  7/168]        random_forest (seed=0) F1=0.390  AUC=0.535  LL=0.7119 (1.0s)
18:45:39  src.cpcv.models.tree_models  INFO  RandomForest fitted: 566 samples, 14 features, 250 trees.
18:45:39  src.cpcv.pipeline  INFO    [  8/168]        random_forest (seed=1) F1=0.374  AUC=0.531  LL=0.7066 (1.0s)
18:45:40  src.cpcv.models.tree_models  INFO  RandomForest fitted: 566 samples, 14 features, 250 trees.
18:45:40  src.cpcv.pipeline  INFO    [  9/168]        random_forest (seed=2) F1=0.382  AUC=0.533  LL=0.7092 (0.9s)
18:45:40  src.cpcv.models.tree_models  INFO  XGBoost fitted: 566 samples, early stopped at iteration 0/300.
18:45:40  src.cpcv.pipeline  INFO    [ 10/168]              xgboost (seed=0) F1=0.491  AUC=0.491  LL=0.6966 (0.1s)
18:45:40  src.cpcv.models.tree_models  INFO  XGBoost fitted: 566 samples, early stopped at iteration 1/300.
18:45:40  src.cpcv.pipeline  INFO    [ 11/168]              xgboost (seed=1) F1=0.395  AUC=0.514  LL=0.7175 (0.1s)
18:45:40  src.cpcv.models.tree_models  INFO  XGBoost fitted: 566 samples, early stopped at iteration 0/300.
18:45:41  src.cpcv.pipeline  INFO    [ 12/168]              xgboost (seed=2) F1=0.318  AUC=0.497  LL=0.7109 (0.1s)
18:45:41  src.cpcv.preprocessing  INFO  Computing MDA (Random Forest)...
18:46:27  src.cpcv.preprocessing  INFO  Computing MDA (Logistic Regression)...
18:46:29  src.cpcv.preprocessing  INFO  Multi-model MDA: 36/73 passed (MDA > 0), 37 eliminated
18:46:29  src.cpcv.preprocessing  INFO    Capped at 14 features (top_k_frac=0.2)
18:46:29  src.cpcv.preprocessing  INFO    Selected (14): ['atr', 'cci_14', 'dxy_roc_30', 'ema_ratio_20_50', 'eth_btc_ratio', 'log_returns', 'log_returns_lag1', 'log_returns_lag5', 'log_returns_lag6', 'mvrv', 'natgas_ret_30', 'oil_ret_14', 'smt_poly1', 'stoch_d']
18:46:29  src.cpcv.pipeline  INFO    Preprocessing: 14 features selected, train=567 + val=122 + cal=122, test=146
18:46:29  src.cpcv.tuning  INFO  Tuning (2 models) — Optuna TPE + Purged K-Fold (inner: 3 folds, embargo=10 obs)
18:46:29  src.cpcv.tuning  INFO    [tuning] random_forest: 3 purged K-fold splits, 30 Optuna trials (TPE)
18:47:31  src.cpcv.tuning  INFO      random_forest: 19 completed, 11 pruned (of 30 total) — best log_loss=0.6816, params={'n_estimators': 250, 'max_depth': 3, 'min_samples_leaf': 17, 'max_features': 'sqrt'}
18:47:31  src.cpcv.tuning  INFO    [tuning] random_forest done in 62.8s — best log_loss=0.6816
18:47:31  src.cpcv.tuning  INFO    [tuning] xgboost: 3 purged K-fold splits, 30 Optuna trials (TPE)
18:47:37  src.cpcv.tuning  INFO      xgboost: 13 completed, 17 pruned (of 30 total) — best log_loss=0.6801, params={'max_depth': 1, 'learning_rate': 0.04877572630404313, 'min_child_weight': 10, 'subsample': 0.9476077563455207, 'colsample_bytree': 0.8738445964974806, 'gamma': 0.03141763911388717, 'reg_alpha': 2.742916590338083e-07, 'reg_lambda': 5.765835785477878}
18:47:37  src.cpcv.tuning  INFO    [tuning] xgboost done in 5.8s — best log_loss=0.6801
18:47:37  src.cpcv.tuning  INFO  Tuning total: 68.6s
18:47:37  src.cpcv.pipeline  INFO      applied random_forest: {'n_estimators': 250, 'max_depth': 3, 'min_samples_leaf': 17, 'max_features': 'sqrt'}
18:47:37  src.cpcv.pipeline  INFO      applied xgboost: {'max_depth': 1, 'learning_rate': 0.04877572630404313, 'min_child_weight': 10, 'subsample': 0.9476077563455207, 'colsample_bytree': 0.8738445964974806, 'gamma': 0.03141763911388717, 'reg_alpha': 2.742916590338083e-07, 'reg_lambda': 5.765835785477878}
18:47:38  src.cpcv.models.tree_models  INFO  RandomForest fitted: 567 samples, 14 features, 250 trees.
18:47:38  src.cpcv.pipeline  INFO    [ 13/168]        random_forest (seed=0) F1=0.370  AUC=0.518  LL=0.6973 (1.0s)
18:47:39  src.cpcv.models.tree_models  INFO  RandomForest fitted: 567 samples, 14 features, 250 trees.
18:47:39  src.cpcv.pipeline  INFO    [ 14/168]        random_forest (seed=1) F1=0.364  AUC=0.506  LL=0.6974 (0.9s)
18:47:40  src.cpcv.models.tree_models  INFO  RandomForest fitted: 567 samples, 14 features, 250 trees.
18:47:40  src.cpcv.pipeline  INFO    [ 15/168]        random_forest (seed=2) F1=0.364  AUC=0.484  LL=0.7035 (0.9s)
18:47:40  src.cpcv.models.tree_models  INFO  XGBoost fitted: 567 samples, early stopped at iteration 18/300.
18:47:40  src.cpcv.pipeline  INFO    [ 16/168]              xgboost (seed=0) F1=0.354  AUC=0.488  LL=0.6897 (0.1s)
18:47:40  src.cpcv.models.tree_models  INFO  XGBoost fitted: 567 samples, early stopped at iteration 46/300.
18:47:40  src.cpcv.pipeline  INFO    [ 17/168]              xgboost (seed=1) F1=0.354  AUC=0.440  LL=0.6897 (0.1s)
18:47:40  src.cpcv.models.tree_models  INFO  XGBoost fitted: 567 samples, early stopped at iteration 18/300.
18:47:40  src.cpcv.pipeline  INFO    [ 18/168]              xgboost (seed=2) F1=0.445  AUC=0.511  LL=0.6883 (0.1s)
18:47:41  src.cpcv.preprocessing  INFO  Computing MDA (Random Forest)...
18:48:25  src.cpcv.preprocessing  INFO  Computing MDA (Logistic Regression)...
18:48:27  src.cpcv.preprocessing  INFO  Multi-model MDA: 39/73 passed (MDA > 0), 34 eliminated
18:48:27  src.cpcv.preprocessing  INFO    Capped at 14 features (top_k_frac=0.2)
18:48:27  src.cpcv.preprocessing  INFO    Selected (14): ['atr', 'cci_14', 'eth_btc_ratio', 'hashrate_roc_30', 'log_returns_lag21', 'lz_complexity', 'mvrv', 'natgas_ret_30', 'realized_vol', 'sadf', 'sp500_ret_14', 'tx_count_roc_14', 'variance_ratio', 'vix']
18:48:28  src.cpcv.pipeline  INFO    Preprocessing: 14 features selected, train=567 + val=122 + cal=122, test=146
18:48:28  src.cpcv.tuning  INFO  Tuning (2 models) — Optuna TPE + Purged K-Fold (inner: 3 folds, embargo=10 obs)
18:48:28  src.cpcv.tuning  INFO    [tuning] random_forest: 3 purged K-fold splits, 30 Optuna trials (TPE)
18:49:26  src.cpcv.tuning  INFO      random_forest: 27 completed, 3 pruned (of 30 total) — best log_loss=0.6912, params={'n_estimators': 100, 'max_depth': 2, 'min_samples_leaf': 33, 'max_features': 'sqrt'}
18:49:26  src.cpcv.tuning  INFO    [tuning] random_forest done in 58.8s — best log_loss=0.6912
18:49:26  src.cpcv.tuning  INFO    [tuning] xgboost: 3 purged K-fold splits, 30 Optuna trials (TPE)
18:49:31  src.cpcv.tuning  INFO      xgboost: 17 completed, 13 pruned (of 30 total) — best log_loss=0.6876, params={'max_depth': 1, 'learning_rate': 0.028310060673998678, 'min_child_weight': 10, 'subsample': 0.7184348852751731, 'colsample_bytree': 0.7628905526894346, 'gamma': 0.07153032024946847, 'reg_alpha': 7.476931580627821e-05, 'reg_lambda': 0.0037653511867646863}
18:49:31  src.cpcv.tuning  INFO    [tuning] xgboost done in 4.3s — best log_loss=0.6876
18:49:31  src.cpcv.tuning  INFO  Tuning total: 63.0s
18:49:31  src.cpcv.pipeline  INFO      applied random_forest: {'n_estimators': 100, 'max_depth': 2, 'min_samples_leaf': 33, 'max_features': 'sqrt'}
18:49:31  src.cpcv.pipeline  INFO      applied xgboost: {'max_depth': 1, 'learning_rate': 0.028310060673998678, 'min_child_weight': 10, 'subsample': 0.7184348852751731, 'colsample_bytree': 0.7628905526894346, 'gamma': 0.07153032024946847, 'reg_alpha': 7.476931580627821e-05, 'reg_lambda': 0.0037653511867646863}
18:49:31  src.cpcv.models.tree_models  INFO  RandomForest fitted: 567 samples, 14 features, 100 trees.
18:49:31  src.cpcv.pipeline  INFO    [ 19/168]        random_forest (seed=0) F1=0.533  AUC=0.554  LL=0.6742 (0.5s)
18:49:31  src.cpcv.models.tree_models  INFO  RandomForest fitted: 567 samples, 14 features, 100 trees.
18:49:31  src.cpcv.pipeline  INFO    [ 20/168]        random_forest (seed=1) F1=0.488  AUC=0.588  LL=0.6610 (0.4s)
18:49:32  src.cpcv.models.tree_models  INFO  RandomForest fitted: 567 samples, 14 features, 100 trees.
18:49:32  src.cpcv.pipeline  INFO    [ 21/168]        random_forest (seed=2) F1=0.406  AUC=0.497  LL=0.6772 (0.4s)
18:49:32  src.cpcv.models.tree_models  INFO  XGBoost fitted: 567 samples, early stopped at iteration 9/300.
18:49:32  src.cpcv.pipeline  INFO    [ 22/168]              xgboost (seed=0) F1=0.544  AUC=0.596  LL=0.6731 (0.1s)
18:49:32  src.cpcv.models.tree_models  INFO  XGBoost fitted: 567 samples, early stopped at iteration 34/300.
18:49:32  src.cpcv.pipeline  INFO    [ 23/168]              xgboost (seed=1) F1=0.452  AUC=0.515  LL=0.6770 (0.1s)
18:49:32  src.cpcv.models.tree_models  INFO  XGBoost fitted: 567 samples, early stopped at iteration 5/300.
18:49:32  src.cpcv.pipeline  INFO    [ 24/168]              xgboost (seed=2) F1=0.379  AUC=0.604  LL=0.6835 (0.1s)
18:49:32  src.cpcv.preprocessing  INFO  Computing MDA (Random Forest)...
18:50:16  src.cpcv.preprocessing  INFO  Computing MDA (Logistic Regression)...
18:50:18  src.cpcv.preprocessing  INFO  Multi-model MDA: 36/73 passed (MDA > 0), 37 eliminated
18:50:18  src.cpcv.preprocessing  INFO    Capped at 14 features (top_k_frac=0.2)
18:50:18  src.cpcv.preprocessing  INFO    Selected (14): ['active_addr_roc_14', 'atr', 'eth_btc_ratio', 'exchange_supply_pct', 'issuance_ntv', 'log_returns_lag1', 'log_returns_lag5', 'log_returns_lag7', 'obv', 'oil_ret_14', 'roc_14', 'skewness', 'smt_exp', 'vix']
18:50:18  src.cpcv.pipeline  INFO    Preprocessing: 14 features selected, train=567 + val=122 + cal=122, test=146
18:50:18  src.cpcv.tuning  INFO  Tuning (2 models) — Optuna TPE + Purged K-Fold (inner: 3 folds, embargo=10 obs)
18:50:18  src.cpcv.tuning  INFO    [tuning] random_forest: 3 purged K-fold splits, 30 Optuna trials (TPE)
18:51:12  src.cpcv.tuning  INFO      random_forest: 18 completed, 12 pruned (of 30 total) — best log_loss=0.6777, params={'n_estimators': 250, 'max_depth': 4, 'min_samples_leaf': 15, 'max_features': 'sqrt'}
18:51:12  src.cpcv.tuning  INFO    [tuning] random_forest done in 54.0s — best log_loss=0.6777
18:51:12  src.cpcv.tuning  INFO    [tuning] xgboost: 3 purged K-fold splits, 30 Optuna trials (TPE)
18:51:17  src.cpcv.tuning  INFO      xgboost: 13 completed, 17 pruned (of 30 total) — best log_loss=0.6747, params={'max_depth': 2, 'learning_rate': 0.09279453843446861, 'min_child_weight': 10, 'subsample': 0.9882175921905896, 'colsample_bytree': 0.9165877328999809, 'gamma': 0.13475030010391695, 'reg_alpha': 0.10130492013778475, 'reg_lambda': 0.007483948702276168}
18:51:17  src.cpcv.tuning  INFO    [tuning] xgboost done in 5.4s — best log_loss=0.6747
18:51:17  src.cpcv.tuning  INFO  Tuning total: 59.4s
18:51:17  src.cpcv.pipeline  INFO      applied random_forest: {'n_estimators': 250, 'max_depth': 4, 'min_samples_leaf': 15, 'max_features': 'sqrt'}
18:51:17  src.cpcv.pipeline  INFO      applied xgboost: {'max_depth': 2, 'learning_rate': 0.09279453843446861, 'min_child_weight': 10, 'subsample': 0.9882175921905896, 'colsample_bytree': 0.9165877328999809, 'gamma': 0.13475030010391695, 'reg_alpha': 0.10130492013778475, 'reg_lambda': 0.007483948702276168}
18:51:18  src.cpcv.models.tree_models  INFO  RandomForest fitted: 567 samples, 14 features, 250 trees.
18:51:18  src.cpcv.pipeline  INFO    [ 25/168]        random_forest (seed=0) F1=0.582  AUC=0.608  LL=0.6948 (0.9s)
18:51:19  src.cpcv.models.tree_models  INFO  RandomForest fitted: 567 samples, 14 features, 250 trees.
18:51:19  src.cpcv.pipeline  INFO    [ 26/168]        random_forest (seed=1) F1=0.541  AUC=0.582  LL=0.6952 (0.9s)
18:51:20  src.cpcv.models.tree_models  INFO  RandomForest fitted: 567 samples, 14 features, 250 trees.
18:51:20  src.cpcv.pipeline  INFO    [ 27/168]        random_forest (seed=2) F1=0.575  AUC=0.609  LL=0.6901 (0.9s)
18:51:20  src.cpcv.models.tree_models  INFO  XGBoost fitted: 567 samples, early stopped at iteration 0/300.
18:51:20  src.cpcv.pipeline  INFO    [ 28/168]              xgboost (seed=0) F1=0.330  AUC=0.381  LL=0.7564 (0.1s)
18:51:20  src.cpcv.models.tree_models  INFO  XGBoost fitted: 567 samples, early stopped at iteration 0/300.
18:51:20  src.cpcv.pipeline  INFO    [ 29/168]              xgboost (seed=1) F1=0.551  AUC=0.563  LL=0.7517 (0.1s)
18:51:20  src.cpcv.models.tree_models  INFO  XGBoost fitted: 567 samples, early stopped at iteration 0/300.
18:51:20  src.cpcv.pipeline  INFO    [ 30/168]              xgboost (seed=2) F1=0.551  AUC=0.563  LL=0.7525 (0.1s)
18:51:20  src.cpcv.preprocessing  INFO  Computing MDA (Random Forest)...
18:52:07  src.cpcv.preprocessing  INFO  Computing MDA (Logistic Regression)...
18:52:08  src.cpcv.preprocessing  INFO  Multi-model MDA: 40/73 passed (MDA > 0), 33 eliminated
18:52:08  src.cpcv.preprocessing  INFO    Capped at 14 features (top_k_frac=0.2)
18:52:08  src.cpcv.preprocessing  INFO    Selected (14): ['atr', 'chaikin_osc', 'eth_btc_ratio', 'hashrate_roc_30', 'jarque_bera', 'kurtosis', 'log_returns_lag30', 'log_returns_lag6', 'obv', 'silver_ret_30', 'variance_ratio', 'vol_term_7_30', 'vwma_ratio_20_50', 'yield_curve_2y10y']
18:52:08  src.cpcv.pipeline  INFO    Preprocessing: 14 features selected, train=567 + val=122 + cal=122, test=146
18:52:08  src.cpcv.tuning  INFO  Tuning (2 models) — Optuna TPE + Purged K-Fold (inner: 3 folds, embargo=10 obs)
18:52:08  src.cpcv.tuning  INFO    [tuning] random_forest: 3 purged K-fold splits, 30 Optuna trials (TPE)
18:52:59  src.cpcv.tuning  INFO      random_forest: 30 completed, 0 pruned (of 30 total) — best log_loss=0.6690, params={'n_estimators': 100, 'max_depth': 4, 'min_samples_leaf': 18, 'max_features': 'log2'}
18:52:59  src.cpcv.tuning  INFO    [tuning] random_forest done in 51.3s — best log_loss=0.6690
18:52:59  src.cpcv.tuning  INFO    [tuning] xgboost: 3 purged K-fold splits, 30 Optuna trials (TPE)
18:53:07  src.cpcv.tuning  INFO      xgboost: 21 completed, 9 pruned (of 30 total) — best log_loss=0.6627, params={'max_depth': 1, 'learning_rate': 0.18964660272040645, 'min_child_weight': 10, 'subsample': 0.8871975834497375, 'colsample_bytree': 0.6893523753600751, 'gamma': 0.026627925173913887, 'reg_alpha': 1.3008532995294286e-06, 'reg_lambda': 0.00042850711436968653}
18:53:07  src.cpcv.tuning  INFO    [tuning] xgboost done in 7.5s — best log_loss=0.6627
18:53:07  src.cpcv.tuning  INFO  Tuning total: 58.7s
18:53:07  src.cpcv.pipeline  INFO      applied random_forest: {'n_estimators': 100, 'max_depth': 4, 'min_samples_leaf': 18, 'max_features': 'log2'}
18:53:07  src.cpcv.pipeline  INFO      applied xgboost: {'max_depth': 1, 'learning_rate': 0.18964660272040645, 'min_child_weight': 10, 'subsample': 0.8871975834497375, 'colsample_bytree': 0.6893523753600751, 'gamma': 0.026627925173913887, 'reg_alpha': 1.3008532995294286e-06, 'reg_lambda': 0.00042850711436968653}
18:53:07  src.cpcv.models.tree_models  INFO  RandomForest fitted: 567 samples, 14 features, 100 trees.
18:53:07  src.cpcv.pipeline  INFO    [ 31/168]        random_forest (seed=0) F1=0.416  AUC=0.415  LL=0.7161 (0.4s)
18:53:08  src.cpcv.models.tree_models  INFO  RandomForest fitted: 567 samples, 14 features, 100 trees.
18:53:08  src.cpcv.pipeline  INFO    [ 32/168]        random_forest (seed=1) F1=0.451  AUC=0.447  LL=0.7181 (0.4s)
18:53:08  src.cpcv.models.tree_models  INFO  RandomForest fitted: 567 samples, 14 features, 100 trees.
18:53:08  src.cpcv.pipeline  INFO    [ 33/168]        random_forest (seed=2) F1=0.463  AUC=0.439  LL=0.7197 (0.4s)
18:53:08  src.cpcv.models.tree_models  INFO  XGBoost fitted: 567 samples, early stopped at iteration 43/300.
18:53:08  src.cpcv.pipeline  INFO    [ 34/168]              xgboost (seed=0) F1=0.410  AUC=0.418  LL=0.7563 (0.1s)
18:53:08  src.cpcv.models.tree_models  INFO  XGBoost fitted: 567 samples, early stopped at iteration 80/300.
18:53:08  src.cpcv.pipeline  INFO    [ 35/168]              xgboost (seed=1) F1=0.439  AUC=0.398  LL=0.7419 (0.1s)
18:53:08  src.cpcv.models.tree_models  INFO  XGBoost fitted: 567 samples, early stopped at iteration 31/300.
18:53:08  src.cpcv.pipeline  INFO    [ 36/168]              xgboost (seed=2) F1=0.473  AUC=0.451  LL=0.7296 (0.1s)
18:53:09  src.cpcv.preprocessing  INFO  Computing MDA (Random Forest)...
18:53:54  src.cpcv.preprocessing  INFO  Computing MDA (Logistic Regression)...
18:53:56  src.cpcv.preprocessing  INFO  Multi-model MDA: 40/73 passed (MDA > 0), 33 eliminated
18:53:56  src.cpcv.preprocessing  INFO    Capped at 14 features (top_k_frac=0.2)
18:53:56  src.cpcv.preprocessing  INFO    Selected (14): ['active_addr_roc_14', 'chaikin_osc', 'copper_ret_14', 'hashrate_roc_30', 'hurst', 'kurtosis', 'log_returns', 'log_returns_lag3', 'realized_vol', 'us10y', 'variance_ratio', 'vix', 'williams_r', 'yield_curve_2y10y']
18:53:56  src.cpcv.pipeline  INFO    Preprocessing: 14 features selected, train=575 + val=123 + cal=124, test=146
18:53:56  src.cpcv.tuning  INFO  Tuning (2 models) — Optuna TPE + Purged K-Fold (inner: 3 folds, embargo=10 obs)
18:53:56  src.cpcv.tuning  INFO    [tuning] random_forest: 3 purged K-fold splits, 30 Optuna trials (TPE)
18:54:52  src.cpcv.tuning  INFO      random_forest: 12 completed, 18 pruned (of 30 total) — best log_loss=0.6969, params={'n_estimators': 250, 'max_depth': 2, 'min_samples_leaf': 40, 'max_features': 'log2'}
18:54:52  src.cpcv.tuning  INFO    [tuning] random_forest done in 55.6s — best log_loss=0.6969
18:54:52  src.cpcv.tuning  INFO    [tuning] xgboost: 3 purged K-fold splits, 30 Optuna trials (TPE)
18:54:58  src.cpcv.tuning  INFO      xgboost: 22 completed, 8 pruned (of 30 total) — best log_loss=0.6851, params={'max_depth': 2, 'learning_rate': 0.11149788404099703, 'min_child_weight': 43, 'subsample': 0.7691735303447266, 'colsample_bytree': 0.9426941178471422, 'gamma': 0.03776933639535813, 'reg_alpha': 6.676114574784988e-07, 'reg_lambda': 0.000392728535545485}
18:54:58  src.cpcv.tuning  INFO    [tuning] xgboost done in 5.8s — best log_loss=0.6851
18:54:58  src.cpcv.tuning  INFO  Tuning total: 61.4s
18:54:58  src.cpcv.pipeline  INFO      applied random_forest: {'n_estimators': 250, 'max_depth': 2, 'min_samples_leaf': 40, 'max_features': 'log2'}
18:54:58  src.cpcv.pipeline  INFO      applied xgboost: {'max_depth': 2, 'learning_rate': 0.11149788404099703, 'min_child_weight': 43, 'subsample': 0.7691735303447266, 'colsample_bytree': 0.9426941178471422, 'gamma': 0.03776933639535813, 'reg_alpha': 6.676114574784988e-07, 'reg_lambda': 0.000392728535545485}
18:54:59  src.cpcv.models.tree_models  INFO  RandomForest fitted: 575 samples, 14 features, 250 trees.
18:54:59  src.cpcv.pipeline  INFO    [ 37/168]        random_forest (seed=0) F1=0.412  AUC=0.448  LL=0.7031 (0.9s)
18:55:00  src.cpcv.models.tree_models  INFO  RandomForest fitted: 575 samples, 14 features, 250 trees.
18:55:00  src.cpcv.pipeline  INFO    [ 38/168]        random_forest (seed=1) F1=0.366  AUC=0.436  LL=0.6951 (0.9s)
18:55:01  src.cpcv.models.tree_models  INFO  RandomForest fitted: 575 samples, 14 features, 250 trees.
18:55:01  src.cpcv.pipeline  INFO    [ 39/168]        random_forest (seed=2) F1=0.359  AUC=0.422  LL=0.7005 (1.0s)
18:55:01  src.cpcv.models.tree_models  INFO  XGBoost fitted: 575 samples, early stopped at iteration 25/300.
18:55:01  src.cpcv.pipeline  INFO    [ 40/168]              xgboost (seed=0) F1=0.360  AUC=0.477  LL=0.6867 (0.1s)
18:55:01  src.cpcv.models.tree_models  INFO  XGBoost fitted: 575 samples, early stopped at iteration 11/300.
18:55:01  src.cpcv.pipeline  INFO    [ 41/168]              xgboost (seed=1) F1=0.360  AUC=0.490  LL=0.6858 (0.1s)
18:55:01  src.cpcv.models.tree_models  INFO  XGBoost fitted: 575 samples, early stopped at iteration 60/300.
18:55:01  src.cpcv.pipeline  INFO    [ 42/168]              xgboost (seed=2) F1=0.360  AUC=0.474  LL=0.6867 (0.1s)
18:55:01  src.cpcv.preprocessing  INFO  Computing MDA (Random Forest)...
18:55:41  src.cpcv.preprocessing  INFO  Computing MDA (Logistic Regression)...
18:55:42  src.cpcv.preprocessing  INFO  Multi-model MDA: 37/73 passed (MDA > 0), 36 eliminated
18:55:42  src.cpcv.preprocessing  INFO    Capped at 14 features (top_k_frac=0.2)
18:55:42  src.cpcv.preprocessing  INFO    Selected (14): ['dxy_roc_30', 'gold_ret_30', 'log_returns', 'log_returns_lag2', 'log_returns_lag4', 'natgas_ret_30', 'negentropy', 'obv', 'rsi', 'silver_ret_30', 'skewness', 'tx_count_roc_14', 'us10y', 'us2y']
18:55:42  src.cpcv.pipeline  INFO    Preprocessing: 14 features selected, train=503 + val=108 + cal=108, test=239
18:55:42  src.cpcv.tuning  INFO  Tuning (2 models) — Optuna TPE + Purged K-Fold (inner: 3 folds, embargo=10 obs)
18:55:42  src.cpcv.tuning  INFO    [tuning] random_forest: 3 purged K-fold splits, 30 Optuna trials (TPE)
18:56:28  src.cpcv.tuning  INFO      random_forest: 21 completed, 9 pruned (of 30 total) — best log_loss=0.6916, params={'n_estimators': 100, 'max_depth': 3, 'min_samples_leaf': 19, 'max_features': 'log2'}
18:56:28  src.cpcv.tuning  INFO    [tuning] random_forest done in 45.5s — best log_loss=0.6916
18:56:28  src.cpcv.tuning  INFO    [tuning] xgboost: 3 purged K-fold splits, 30 Optuna trials (TPE)
18:56:34  src.cpcv.tuning  INFO      xgboost: 11 completed, 19 pruned (of 30 total) — best log_loss=0.6806, params={'max_depth': 2, 'learning_rate': 0.2536999076681772, 'min_child_weight': 40, 'subsample': 0.8394633936788146, 'colsample_bytree': 0.6624074561769746, 'gamma': 0.020511104188433976, 'reg_alpha': 3.3323645788192616e-08, 'reg_lambda': 0.6245760287469893}
18:56:34  src.cpcv.tuning  INFO    [tuning] xgboost done in 6.1s — best log_loss=0.6806
18:56:34  src.cpcv.tuning  INFO  Tuning total: 51.5s
18:56:34  src.cpcv.pipeline  INFO      applied random_forest: {'n_estimators': 100, 'max_depth': 3, 'min_samples_leaf': 19, 'max_features': 'log2'}
18:56:34  src.cpcv.pipeline  INFO      applied xgboost: {'max_depth': 2, 'learning_rate': 0.2536999076681772, 'min_child_weight': 40, 'subsample': 0.8394633936788146, 'colsample_bytree': 0.6624074561769746, 'gamma': 0.020511104188433976, 'reg_alpha': 3.3323645788192616e-08, 'reg_lambda': 0.6245760287469893}
18:56:34  src.cpcv.models.tree_models  INFO  RandomForest fitted: 503 samples, 14 features, 100 trees.
18:56:34  src.cpcv.pipeline  INFO    [ 43/168]        random_forest (seed=0) F1=0.450  AUC=0.494  LL=0.7129 (0.5s)
18:56:34  src.cpcv.models.tree_models  INFO  RandomForest fitted: 503 samples, 14 features, 100 trees.
18:56:34  src.cpcv.pipeline  INFO    [ 44/168]        random_forest (seed=1) F1=0.414  AUC=0.525  LL=0.6972 (0.4s)
18:56:35  src.cpcv.models.tree_models  INFO  RandomForest fitted: 503 samples, 14 features, 100 trees.
18:56:35  src.cpcv.pipeline  INFO    [ 45/168]        random_forest (seed=2) F1=0.395  AUC=0.539  LL=0.7015 (0.4s)
18:56:35  src.cpcv.models.tree_models  INFO  XGBoost fitted: 503 samples, early stopped at iteration 0/300.
18:56:35  src.cpcv.pipeline  INFO    [ 46/168]              xgboost (seed=0) F1=0.347  AUC=0.500  LL=0.6922 (0.1s)
18:56:35  src.cpcv.models.tree_models  INFO  XGBoost fitted: 503 samples, early stopped at iteration 0/300.
18:56:35  src.cpcv.pipeline  INFO    [ 47/168]              xgboost (seed=1) F1=0.347  AUC=0.500  LL=0.6922 (0.1s)
18:56:35  src.cpcv.models.tree_models  INFO  XGBoost fitted: 503 samples, early stopped at iteration 0/300.
18:56:35  src.cpcv.pipeline  INFO    [ 48/168]              xgboost (seed=2) F1=0.347  AUC=0.500  LL=0.6922 (0.1s)
18:56:35  src.cpcv.preprocessing  INFO  Computing MDA (Random Forest)...
18:57:14  src.cpcv.preprocessing  INFO  Computing MDA (Logistic Regression)...
18:57:15  src.cpcv.preprocessing  INFO  Multi-model MDA: 38/73 passed (MDA > 0), 35 eliminated
18:57:15  src.cpcv.preprocessing  INFO    Capped at 14 features (top_k_frac=0.2)
18:57:15  src.cpcv.preprocessing  INFO    Selected (14): ['cci_14', 'dxy_roc_30', 'eth_btc_ratio', 'hashrate_roc_30', 'jarque_bera', 'kurtosis', 'log_returns_lag2', 'log_returns_lag6', 'macd', 'macd_hist', 'natgas_ret_30', 'negentropy', 'us10y', 'vol_term_7_30']
18:57:15  src.cpcv.pipeline  INFO    Preprocessing: 14 features selected, train=494 + val=106 + cal=107, test=239
18:57:15  src.cpcv.tuning  INFO  Tuning (2 models) — Optuna TPE + Purged K-Fold (inner: 3 folds, embargo=10 obs)
18:57:16  src.cpcv.tuning  INFO    [tuning] random_forest: 3 purged K-fold splits, 30 Optuna trials (TPE)
18:58:16  src.cpcv.tuning  INFO      random_forest: 29 completed, 1 pruned (of 30 total) — best log_loss=0.6795, params={'n_estimators': 250, 'max_depth': 3, 'min_samples_leaf': 15, 'max_features': 'log2'}
18:58:16  src.cpcv.tuning  INFO    [tuning] random_forest done in 60.8s — best log_loss=0.6795
18:58:16  src.cpcv.tuning  INFO    [tuning] xgboost: 3 purged K-fold splits, 30 Optuna trials (TPE)
18:58:22  src.cpcv.tuning  INFO      xgboost: 20 completed, 10 pruned (of 30 total) — best log_loss=0.6696, params={'max_depth': 2, 'learning_rate': 0.11474454397192521, 'min_child_weight': 10, 'subsample': 0.998406612698974, 'colsample_bytree': 0.899463556436505, 'gamma': 0.12535839961816359, 'reg_alpha': 8.773472263092467e-05, 'reg_lambda': 0.007182107401662889}
18:58:22  src.cpcv.tuning  INFO    [tuning] xgboost done in 5.5s — best log_loss=0.6696
18:58:22  src.cpcv.tuning  INFO  Tuning total: 66.3s
18:58:22  src.cpcv.pipeline  INFO      applied random_forest: {'n_estimators': 250, 'max_depth': 3, 'min_samples_leaf': 15, 'max_features': 'log2'}
18:58:22  src.cpcv.pipeline  INFO      applied xgboost: {'max_depth': 2, 'learning_rate': 0.11474454397192521, 'min_child_weight': 10, 'subsample': 0.998406612698974, 'colsample_bytree': 0.899463556436505, 'gamma': 0.12535839961816359, 'reg_alpha': 8.773472263092467e-05, 'reg_lambda': 0.007182107401662889}
18:58:23  src.cpcv.models.tree_models  INFO  RandomForest fitted: 494 samples, 14 features, 250 trees.
18:58:23  src.cpcv.pipeline  INFO    [ 49/168]        random_forest (seed=0) F1=0.471  AUC=0.529  LL=0.7136 (1.3s)
18:58:24  src.cpcv.models.tree_models  INFO  RandomForest fitted: 494 samples, 14 features, 250 trees.
18:58:24  src.cpcv.pipeline  INFO    [ 50/168]        random_forest (seed=1) F1=0.501  AUC=0.524  LL=0.7481 (1.2s)
18:58:25  src.cpcv.models.tree_models  INFO  RandomForest fitted: 494 samples, 14 features, 250 trees.
18:58:26  src.cpcv.pipeline  INFO    [ 51/168]        random_forest (seed=2) F1=0.486  AUC=0.518  LL=0.6934 (1.3s)
18:58:26  src.cpcv.models.tree_models  INFO  XGBoost fitted: 494 samples, early stopped at iteration 6/300.
18:58:26  src.cpcv.pipeline  INFO    [ 52/168]              xgboost (seed=0) F1=0.521  AUC=0.549  LL=0.7009 (0.1s)
18:58:26  src.cpcv.models.tree_models  INFO  XGBoost fitted: 494 samples, early stopped at iteration 2/300.
18:58:26  src.cpcv.pipeline  INFO    [ 53/168]              xgboost (seed=1) F1=0.462  AUC=0.533  LL=0.7026 (0.1s)
18:58:26  src.cpcv.models.tree_models  INFO  XGBoost fitted: 494 samples, early stopped at iteration 6/300.
18:58:26  src.cpcv.pipeline  INFO    [ 54/168]              xgboost (seed=2) F1=0.485  AUC=0.521  LL=0.7348 (0.1s)
18:58:26  src.cpcv.preprocessing  INFO  Computing MDA (Random Forest)...
18:59:06  src.cpcv.preprocessing  INFO  Computing MDA (Logistic Regression)...
18:59:07  src.cpcv.preprocessing  INFO  Multi-model MDA: 37/73 passed (MDA > 0), 36 eliminated
18:59:07  src.cpcv.preprocessing  INFO    Capped at 14 features (top_k_frac=0.2)
18:59:07  src.cpcv.preprocessing  INFO    Selected (14): ['cci_14', 'chaikin_osc', 'dxy_roc_30', 'eth_btc_ratio', 'gold_ret_14', 'hashrate_roc_30', 'jarque_bera', 'log_returns_lag4', 'natgas_ret_30', 'roc_14', 'rsi', 'smt_exp', 'sp500_ret_14', 'williams_r']
18:59:07  src.cpcv.pipeline  INFO    Preprocessing: 14 features selected, train=494 + val=106 + cal=107, test=239
18:59:07  src.cpcv.tuning  INFO  Tuning (2 models) — Optuna TPE + Purged K-Fold (inner: 3 folds, embargo=10 obs)
18:59:07  src.cpcv.tuning  INFO    [tuning] random_forest: 3 purged K-fold splits, 30 Optuna trials (TPE)
19:00:02  src.cpcv.tuning  INFO      random_forest: 21 completed, 9 pruned (of 30 total) — best log_loss=0.6884, params={'n_estimators': 200, 'max_depth': 2, 'min_samples_leaf': 15, 'max_features': 'sqrt'}
19:00:02  src.cpcv.tuning  INFO    [tuning] random_forest done in 54.7s — best log_loss=0.6884
19:00:02  src.cpcv.tuning  INFO    [tuning] xgboost: 3 purged K-fold splits, 30 Optuna trials (TPE)
19:00:06  src.cpcv.tuning  INFO      xgboost: 19 completed, 11 pruned (of 30 total) — best log_loss=0.6854, params={'max_depth': 1, 'learning_rate': 0.06333268775321843, 'min_child_weight': 15, 'subsample': 0.9208787923016158, 'colsample_bytree': 0.6298202574719083, 'gamma': 0.9413993046829938, 'reg_alpha': 0.08916674715636537, 'reg_lambda': 6.143857495033091e-07}
19:00:06  src.cpcv.tuning  INFO    [tuning] xgboost done in 4.5s — best log_loss=0.6854
19:00:06  src.cpcv.tuning  INFO  Tuning total: 59.2s
19:00:06  src.cpcv.pipeline  INFO      applied random_forest: {'n_estimators': 200, 'max_depth': 2, 'min_samples_leaf': 15, 'max_features': 'sqrt'}
19:00:06  src.cpcv.pipeline  INFO      applied xgboost: {'max_depth': 1, 'learning_rate': 0.06333268775321843, 'min_child_weight': 15, 'subsample': 0.9208787923016158, 'colsample_bytree': 0.6298202574719083, 'gamma': 0.9413993046829938, 'reg_alpha': 0.08916674715636537, 'reg_lambda': 6.143857495033091e-07}
19:00:07  src.cpcv.models.tree_models  INFO  RandomForest fitted: 494 samples, 14 features, 200 trees.
19:00:07  src.cpcv.pipeline  INFO    [ 55/168]        random_forest (seed=0) F1=0.536  AUC=0.605  LL=0.7134 (0.7s)
19:00:07  src.cpcv.models.tree_models  INFO  RandomForest fitted: 494 samples, 14 features, 200 trees.
19:00:07  src.cpcv.pipeline  INFO    [ 56/168]        random_forest (seed=1) F1=0.519  AUC=0.587  LL=0.7065 (0.7s)
19:00:08  src.cpcv.models.tree_models  INFO  RandomForest fitted: 494 samples, 14 features, 200 trees.
19:00:08  src.cpcv.pipeline  INFO    [ 57/168]        random_forest (seed=2) F1=0.494  AUC=0.586  LL=0.7018 (0.6s)
19:00:08  src.cpcv.models.tree_models  INFO  XGBoost fitted: 494 samples, early stopped at iteration 10/300.
19:00:08  src.cpcv.pipeline  INFO    [ 58/168]              xgboost (seed=0) F1=0.414  AUC=0.571  LL=0.8407 (0.1s)
19:00:08  src.cpcv.models.tree_models  INFO  XGBoost fitted: 494 samples, early stopped at iteration 18/300.
19:00:08  src.cpcv.pipeline  INFO    [ 59/168]              xgboost (seed=1) F1=0.409  AUC=0.557  LL=0.8389 (0.1s)
19:00:08  src.cpcv.models.tree_models  INFO  XGBoost fitted: 494 samples, early stopped at iteration 7/300.
19:00:08  src.cpcv.pipeline  INFO    [ 60/168]              xgboost (seed=2) F1=0.341  AUC=0.530  LL=0.7799 (0.1s)
19:00:09  src.cpcv.preprocessing  INFO  Computing MDA (Random Forest)...
19:00:48  src.cpcv.preprocessing  INFO  Computing MDA (Logistic Regression)...
19:00:49  src.cpcv.preprocessing  INFO  Multi-model MDA: 37/73 passed (MDA > 0), 36 eliminated
19:00:49  src.cpcv.preprocessing  INFO    Capped at 14 features (top_k_frac=0.2)
19:00:49  src.cpcv.preprocessing  INFO    Selected (14): ['cci_14', 'ema_ratio_20_50', 'fee_per_tx', 'gold_ret_30', 'hashrate_roc_30', 'jarque_bera', 'log_returns', 'log_returns_lag6', 'mfi_14', 'natgas_ret_14', 'natgas_ret_30', 'silver_ret_30', 'skewness', 'sp500_ret_14']
19:00:49  src.cpcv.pipeline  INFO    Preprocessing: 14 features selected, train=494 + val=106 + cal=107, test=239
19:00:49  src.cpcv.tuning  INFO  Tuning (2 models) — Optuna TPE + Purged K-Fold (inner: 3 folds, embargo=10 obs)
19:00:49  src.cpcv.tuning  INFO    [tuning] random_forest: 3 purged K-fold splits, 30 Optuna trials (TPE)
19:01:44  src.cpcv.tuning  INFO      random_forest: 17 completed, 13 pruned (of 30 total) — best log_loss=0.6866, params={'n_estimators': 200, 'max_depth': 2, 'min_samples_leaf': 16, 'max_features': 'log2'}
19:01:44  src.cpcv.tuning  INFO    [tuning] random_forest done in 54.9s — best log_loss=0.6866
19:01:44  src.cpcv.tuning  INFO    [tuning] xgboost: 3 purged K-fold splits, 30 Optuna trials (TPE)
19:01:48  src.cpcv.tuning  INFO      xgboost: 12 completed, 18 pruned (of 30 total) — best log_loss=0.6862, params={'max_depth': 2, 'learning_rate': 0.2953167795440016, 'min_child_weight': 37, 'subsample': 0.8566880772987617, 'colsample_bytree': 0.6686533310966929, 'gamma': 0.23937191942813765, 'reg_alpha': 0.1495802168006707, 'reg_lambda': 0.012341345845574316}
19:01:48  src.cpcv.tuning  INFO    [tuning] xgboost done in 3.9s — best log_loss=0.6862
19:01:48  src.cpcv.tuning  INFO  Tuning total: 58.7s
19:01:48  src.cpcv.pipeline  INFO      applied random_forest: {'n_estimators': 200, 'max_depth': 2, 'min_samples_leaf': 16, 'max_features': 'log2'}
19:01:48  src.cpcv.pipeline  INFO      applied xgboost: {'max_depth': 2, 'learning_rate': 0.2953167795440016, 'min_child_weight': 37, 'subsample': 0.8566880772987617, 'colsample_bytree': 0.6686533310966929, 'gamma': 0.23937191942813765, 'reg_alpha': 0.1495802168006707, 'reg_lambda': 0.012341345845574316}
19:01:48  src.cpcv.models.tree_models  INFO  RandomForest fitted: 494 samples, 14 features, 200 trees.
19:01:48  src.cpcv.pipeline  INFO    [ 61/168]        random_forest (seed=0) F1=0.563  AUC=0.595  LL=0.6785 (0.7s)
19:01:49  src.cpcv.models.tree_models  INFO  RandomForest fitted: 494 samples, 14 features, 200 trees.
19:01:49  src.cpcv.pipeline  INFO    [ 62/168]        random_forest (seed=1) F1=0.570  AUC=0.557  LL=0.6878 (0.6s)
19:01:50  src.cpcv.models.tree_models  INFO  RandomForest fitted: 494 samples, 14 features, 200 trees.
19:01:50  src.cpcv.pipeline  INFO    [ 63/168]        random_forest (seed=2) F1=0.576  AUC=0.581  LL=0.6811 (0.6s)
19:01:50  src.cpcv.models.tree_models  INFO  XGBoost fitted: 494 samples, early stopped at iteration 2/300.
19:01:50  src.cpcv.pipeline  INFO    [ 64/168]              xgboost (seed=0) F1=0.544  AUC=0.554  LL=0.6897 (0.0s)
19:01:50  src.cpcv.models.tree_models  INFO  XGBoost fitted: 494 samples, early stopped at iteration 0/300.
19:01:50  src.cpcv.pipeline  INFO    [ 65/168]              xgboost (seed=1) F1=0.449  AUC=0.451  LL=0.7480 (0.0s)
19:01:50  src.cpcv.models.tree_models  INFO  XGBoost fitted: 494 samples, early stopped at iteration 0/300.
19:01:50  src.cpcv.pipeline  INFO    [ 66/168]              xgboost (seed=2) F1=0.512  AUC=0.513  LL=0.6926 (0.1s)
19:01:50  src.cpcv.preprocessing  INFO  Computing MDA (Random Forest)...
19:02:31  src.cpcv.preprocessing  INFO  Computing MDA (Logistic Regression)...
19:02:33  src.cpcv.preprocessing  INFO  Multi-model MDA: 34/73 passed (MDA > 0), 39 eliminated
19:02:33  src.cpcv.preprocessing  INFO    Capped at 14 features (top_k_frac=0.2)
19:02:33  src.cpcv.preprocessing  INFO    Selected (14): ['atr', 'copper_ret_14', 'eth_btc_ratio', 'fee_per_tx', 'jarque_bera', 'log_returns_lag4', 'log_returns_lag6', 'oil_ret_14', 'skewness', 'sp500_ret_30', 'variance_ratio', 'vix', 'vol_term_7_30', 'yield_curve_10y30y']
19:02:33  src.cpcv.pipeline  INFO    Preprocessing: 14 features selected, train=494 + val=106 + cal=107, test=239
19:02:33  src.cpcv.tuning  INFO  Tuning (2 models) — Optuna TPE + Purged K-Fold (inner: 3 folds, embargo=10 obs)
19:02:33  src.cpcv.tuning  INFO    [tuning] random_forest: 3 purged K-fold splits, 30 Optuna trials (TPE)
19:03:23  src.cpcv.tuning  INFO      random_forest: 15 completed, 15 pruned (of 30 total) — best log_loss=0.6722, params={'n_estimators': 200, 'max_depth': 3, 'min_samples_leaf': 15, 'max_features': 'log2'}
19:03:23  src.cpcv.tuning  INFO    [tuning] random_forest done in 49.8s — best log_loss=0.6722
19:03:23  src.cpcv.tuning  INFO    [tuning] xgboost: 3 purged K-fold splits, 30 Optuna trials (TPE)
19:03:30  src.cpcv.tuning  INFO      xgboost: 10 completed, 20 pruned (of 30 total) — best log_loss=0.6648, params={'max_depth': 1, 'learning_rate': 0.05388108577817234, 'min_child_weight': 11, 'subsample': 0.9637281608315128, 'colsample_bytree': 0.7035119926400067, 'gamma': 0.21137059440645725, 'reg_alpha': 6.388511557344611e-06, 'reg_lambda': 0.0004793052550782129}
19:03:30  src.cpcv.tuning  INFO    [tuning] xgboost done in 7.6s — best log_loss=0.6648
19:03:30  src.cpcv.tuning  INFO  Tuning total: 57.5s
19:03:30  src.cpcv.pipeline  INFO      applied random_forest: {'n_estimators': 200, 'max_depth': 3, 'min_samples_leaf': 15, 'max_features': 'log2'}
19:03:30  src.cpcv.pipeline  INFO      applied xgboost: {'max_depth': 1, 'learning_rate': 0.05388108577817234, 'min_child_weight': 11, 'subsample': 0.9637281608315128, 'colsample_bytree': 0.7035119926400067, 'gamma': 0.21137059440645725, 'reg_alpha': 6.388511557344611e-06, 'reg_lambda': 0.0004793052550782129}
19:03:31  src.cpcv.models.tree_models  INFO  RandomForest fitted: 494 samples, 14 features, 200 trees.
19:03:31  src.cpcv.pipeline  INFO    [ 67/168]        random_forest (seed=0) F1=0.436  AUC=0.470  LL=0.7624 (0.8s)
19:03:32  src.cpcv.models.tree_models  INFO  RandomForest fitted: 494 samples, 14 features, 200 trees.
19:03:32  src.cpcv.pipeline  INFO    [ 68/168]        random_forest (seed=1) F1=0.415  AUC=0.462  LL=0.7693 (0.8s)
19:03:33  src.cpcv.models.tree_models  INFO  RandomForest fitted: 494 samples, 14 features, 200 trees.
19:03:33  src.cpcv.pipeline  INFO    [ 69/168]        random_forest (seed=2) F1=0.463  AUC=0.467  LL=0.7593 (0.7s)
19:03:33  src.cpcv.models.tree_models  INFO  XGBoost fitted: 494 samples, early stopped at iteration 49/300.
19:03:33  src.cpcv.pipeline  INFO    [ 70/168]              xgboost (seed=0) F1=0.423  AUC=0.420  LL=0.7563 (0.1s)
19:03:33  src.cpcv.models.tree_models  INFO  XGBoost fitted: 494 samples, early stopped at iteration 50/300.
19:03:33  src.cpcv.pipeline  INFO    [ 71/168]              xgboost (seed=1) F1=0.409  AUC=0.419  LL=0.7565 (0.1s)
19:03:33  src.cpcv.models.tree_models  INFO  XGBoost fitted: 494 samples, early stopped at iteration 55/300.
19:03:33  src.cpcv.pipeline  INFO    [ 72/168]              xgboost (seed=2) F1=0.414  AUC=0.431  LL=0.7546 (0.1s)
19:03:33  src.cpcv.preprocessing  INFO  Computing MDA (Random Forest)...
19:04:12  src.cpcv.preprocessing  INFO  Computing MDA (Logistic Regression)...
19:04:14  src.cpcv.preprocessing  INFO  Multi-model MDA: 39/73 passed (MDA > 0), 34 eliminated
19:04:14  src.cpcv.preprocessing  INFO    Capped at 14 features (top_k_frac=0.2)
19:04:14  src.cpcv.preprocessing  INFO    Selected (14): ['dxy_roc_30', 'eth_btc_ratio', 'jarque_bera', 'kurtosis', 'log_returns_lag3', 'macd_hist', 'nasdaq_ret_30', 'obv', 'oil_ret_14', 'sadf', 'sp500_ret_30', 'williams_r', 'yield_curve_2y10y', 'yz_vol']
19:04:14  src.cpcv.pipeline  INFO    Preprocessing: 14 features selected, train=502 + val=108 + cal=108, test=239
19:04:14  src.cpcv.tuning  INFO  Tuning (2 models) — Optuna TPE + Purged K-Fold (inner: 3 folds, embargo=10 obs)
19:04:14  src.cpcv.tuning  INFO    [tuning] random_forest: 3 purged K-fold splits, 30 Optuna trials (TPE)
19:04:49  src.cpcv.tuning  INFO      random_forest: 14 completed, 16 pruned (of 30 total) — best log_loss=0.6796, params={'n_estimators': 100, 'max_depth': 2, 'min_samples_leaf': 32, 'max_features': 'log2'}
19:04:49  src.cpcv.tuning  INFO    [tuning] random_forest done in 35.2s — best log_loss=0.6796
19:04:49  src.cpcv.tuning  INFO    [tuning] xgboost: 3 purged K-fold splits, 30 Optuna trials (TPE)
19:04:58  src.cpcv.tuning  INFO      xgboost: 19 completed, 11 pruned (of 30 total) — best log_loss=0.6770, params={'max_depth': 2, 'learning_rate': 0.0173501476764208, 'min_child_weight': 14, 'subsample': 0.8506368820223655, 'colsample_bytree': 0.8096361971496496, 'gamma': 0.03180970705344433, 'reg_alpha': 0.010715845537224876, 'reg_lambda': 0.005691361824137141}
19:04:58  src.cpcv.tuning  INFO    [tuning] xgboost done in 9.0s — best log_loss=0.6770
19:04:58  src.cpcv.tuning  INFO  Tuning total: 44.3s
19:04:58  src.cpcv.pipeline  INFO      applied random_forest: {'n_estimators': 100, 'max_depth': 2, 'min_samples_leaf': 32, 'max_features': 'log2'}
19:04:58  src.cpcv.pipeline  INFO      applied xgboost: {'max_depth': 2, 'learning_rate': 0.0173501476764208, 'min_child_weight': 14, 'subsample': 0.8506368820223655, 'colsample_bytree': 0.8096361971496496, 'gamma': 0.03180970705344433, 'reg_alpha': 0.010715845537224876, 'reg_lambda': 0.005691361824137141}
19:04:58  src.cpcv.models.tree_models  INFO  RandomForest fitted: 502 samples, 14 features, 100 trees.
19:04:58  src.cpcv.pipeline  INFO    [ 73/168]        random_forest (seed=0) F1=0.404  AUC=0.538  LL=0.6739 (0.4s)
19:04:59  src.cpcv.models.tree_models  INFO  RandomForest fitted: 502 samples, 14 features, 100 trees.
19:04:59  src.cpcv.pipeline  INFO    [ 74/168]        random_forest (seed=1) F1=0.371  AUC=0.539  LL=0.6748 (0.4s)
19:04:59  src.cpcv.models.tree_models  INFO  RandomForest fitted: 502 samples, 14 features, 100 trees.
19:04:59  src.cpcv.pipeline  INFO    [ 75/168]        random_forest (seed=2) F1=0.371  AUC=0.559  LL=0.6739 (0.4s)
19:04:59  src.cpcv.models.tree_models  INFO  XGBoost fitted: 502 samples, early stopped at iteration 84/300.
19:04:59  src.cpcv.pipeline  INFO    [ 76/168]              xgboost (seed=0) F1=0.393  AUC=0.539  LL=0.6735 (0.1s)
19:04:59  src.cpcv.models.tree_models  INFO  XGBoost fitted: 502 samples, early stopped at iteration 114/300.
19:04:59  src.cpcv.pipeline  INFO    [ 77/168]              xgboost (seed=1) F1=0.485  AUC=0.539  LL=0.6746 (0.1s)
19:04:59  src.cpcv.models.tree_models  INFO  XGBoost fitted: 502 samples, early stopped at iteration 94/300.
19:04:59  src.cpcv.pipeline  INFO    [ 78/168]              xgboost (seed=2) F1=0.371  AUC=0.537  LL=0.6751 (0.1s)
19:05:00  src.cpcv.preprocessing  INFO  Computing MDA (Random Forest)...
19:05:39  src.cpcv.preprocessing  INFO  Computing MDA (Logistic Regression)...
19:05:40  src.cpcv.preprocessing  INFO  Multi-model MDA: 37/73 passed (MDA > 0), 36 eliminated
19:05:40  src.cpcv.preprocessing  INFO    Capped at 14 features (top_k_frac=0.2)
19:05:40  src.cpcv.preprocessing  INFO    Selected (14): ['eth_btc_ratio', 'log_returns_lag2', 'log_returns_lag6', 'macd_hist', 'obv', 'oil_ret_30', 'roc_14', 'sadf', 'silver_ret_30', 'sp500_ret_30', 'stoch_d', 'vol_term_30_90', 'williams_r', 'yield_curve_2y10y']
19:05:40  src.cpcv.pipeline  INFO    Preprocessing: 14 features selected, train=464 + val=99 + cal=100, test=292
19:05:40  src.cpcv.tuning  INFO  Tuning (2 models) — Optuna TPE + Purged K-Fold (inner: 3 folds, embargo=10 obs)
19:05:40  src.cpcv.tuning  INFO    [tuning] random_forest: 3 purged K-fold splits, 30 Optuna trials (TPE)
19:06:31  src.cpcv.tuning  INFO      random_forest: 28 completed, 2 pruned (of 30 total) — best log_loss=0.6814, params={'n_estimators': 150, 'max_depth': 3, 'min_samples_leaf': 15, 'max_features': 'sqrt'}
19:06:31  src.cpcv.tuning  INFO    [tuning] random_forest done in 50.4s — best log_loss=0.6814
19:06:31  src.cpcv.tuning  INFO    [tuning] xgboost: 3 purged K-fold splits, 30 Optuna trials (TPE)
19:06:37  src.cpcv.tuning  INFO      xgboost: 22 completed, 8 pruned (of 30 total) — best log_loss=0.6745, params={'max_depth': 2, 'learning_rate': 0.2925245510532896, 'min_child_weight': 37, 'subsample': 0.8248783613534459, 'colsample_bytree': 0.6684438826334655, 'gamma': 0.07327079769823357, 'reg_alpha': 1.3651831039275493e-08, 'reg_lambda': 0.3526010492819689}
19:06:37  src.cpcv.tuning  INFO    [tuning] xgboost done in 6.2s — best log_loss=0.6745
19:06:37  src.cpcv.tuning  INFO  Tuning total: 56.7s
19:06:37  src.cpcv.pipeline  INFO      applied random_forest: {'n_estimators': 150, 'max_depth': 3, 'min_samples_leaf': 15, 'max_features': 'sqrt'}
19:06:37  src.cpcv.pipeline  INFO      applied xgboost: {'max_depth': 2, 'learning_rate': 0.2925245510532896, 'min_child_weight': 37, 'subsample': 0.8248783613534459, 'colsample_bytree': 0.6684438826334655, 'gamma': 0.07327079769823357, 'reg_alpha': 1.3651831039275493e-08, 'reg_lambda': 0.3526010492819689}
19:06:37  src.cpcv.models.tree_models  INFO  RandomForest fitted: 464 samples, 14 features, 150 trees.
19:06:37  src.cpcv.pipeline  INFO    [ 79/168]        random_forest (seed=0) F1=0.490  AUC=0.531  LL=0.6954 (0.5s)
19:06:38  src.cpcv.models.tree_models  INFO  RandomForest fitted: 464 samples, 14 features, 150 trees.
19:06:38  src.cpcv.pipeline  INFO    [ 80/168]        random_forest (seed=1) F1=0.472  AUC=0.525  LL=0.6942 (0.5s)
19:06:38  src.cpcv.models.tree_models  INFO  RandomForest fitted: 464 samples, 14 features, 150 trees.
19:06:38  src.cpcv.pipeline  INFO    [ 81/168]        random_forest (seed=2) F1=0.496  AUC=0.523  LL=0.6932 (0.5s)
19:06:38  src.cpcv.models.tree_models  INFO  XGBoost fitted: 464 samples, early stopped at iteration 25/300.
19:06:38  src.cpcv.pipeline  INFO    [ 82/168]              xgboost (seed=0) F1=0.423  AUC=0.538  LL=0.6920 (0.1s)
19:06:38  src.cpcv.models.tree_models  INFO  XGBoost fitted: 464 samples, early stopped at iteration 11/300.
19:06:38  src.cpcv.pipeline  INFO    [ 83/168]              xgboost (seed=1) F1=0.348  AUC=0.516  LL=0.6937 (0.1s)
19:06:38  src.cpcv.models.tree_models  INFO  XGBoost fitted: 464 samples, early stopped at iteration 12/300.
19:06:38  src.cpcv.pipeline  INFO    [ 84/168]              xgboost (seed=2) F1=0.361  AUC=0.503  LL=0.6958 (0.1s)
19:06:39  src.cpcv.preprocessing  INFO  Computing MDA (Random Forest)...
19:07:17  src.cpcv.preprocessing  INFO  Computing MDA (Logistic Regression)...
19:07:18  src.cpcv.preprocessing  INFO  Multi-model MDA: 39/73 passed (MDA > 0), 34 eliminated
19:07:18  src.cpcv.preprocessing  INFO    Capped at 14 features (top_k_frac=0.2)
19:07:18  src.cpcv.preprocessing  INFO    Selected (14): ['ema_ratio_20_50', 'eth_btc_ratio', 'issuance_ntv', 'log_returns_lag4', 'mvrv', 'oil_ret_14', 'roc_14', 'skewness', 'sp500_ret_14', 'sp500_ret_30', 'stoch_d', 'us2y', 'yield_curve_10y30y', 'yield_curve_2y10y']
19:07:18  src.cpcv.pipeline  INFO    Preprocessing: 14 features selected, train=455 + val=98 + cal=98, test=292
19:07:18  src.cpcv.tuning  INFO  Tuning (2 models) — Optuna TPE + Purged K-Fold (inner: 3 folds, embargo=10 obs)
19:07:18  src.cpcv.tuning  INFO    [tuning] random_forest: 3 purged K-fold splits, 30 Optuna trials (TPE)
19:08:08  src.cpcv.tuning  INFO      random_forest: 18 completed, 12 pruned (of 30 total) — best log_loss=0.6969, params={'n_estimators': 150, 'max_depth': 2, 'min_samples_leaf': 17, 'max_features': 'log2'}
19:08:08  src.cpcv.tuning  INFO    [tuning] random_forest done in 49.3s — best log_loss=0.6969
19:08:08  src.cpcv.tuning  INFO    [tuning] xgboost: 3 purged K-fold splits, 30 Optuna trials (TPE)
19:08:12  src.cpcv.tuning  INFO      xgboost: 18 completed, 12 pruned (of 30 total) — best log_loss=0.6901, params={'max_depth': 2, 'learning_rate': 0.11741218815204144, 'min_child_weight': 10, 'subsample': 0.9476077563455207, 'colsample_bytree': 0.9361340161837138, 'gamma': 0.23633243436845722, 'reg_alpha': 0.03025262807687508, 'reg_lambda': 0.020071993110896087}
19:08:12  src.cpcv.tuning  INFO    [tuning] xgboost done in 4.1s — best log_loss=0.6901
19:08:12  src.cpcv.tuning  INFO  Tuning total: 53.4s
19:08:12  src.cpcv.pipeline  INFO      applied random_forest: {'n_estimators': 150, 'max_depth': 2, 'min_samples_leaf': 17, 'max_features': 'log2'}
19:08:12  src.cpcv.pipeline  INFO      applied xgboost: {'max_depth': 2, 'learning_rate': 0.11741218815204144, 'min_child_weight': 10, 'subsample': 0.9476077563455207, 'colsample_bytree': 0.9361340161837138, 'gamma': 0.23633243436845722, 'reg_alpha': 0.03025262807687508, 'reg_lambda': 0.020071993110896087}
19:08:12  src.cpcv.models.tree_models  INFO  RandomForest fitted: 455 samples, 14 features, 150 trees.
19:08:12  src.cpcv.pipeline  INFO    [ 85/168]        random_forest (seed=0) F1=0.350  AUC=0.615  LL=0.6901 (0.6s)
19:08:13  src.cpcv.models.tree_models  INFO  RandomForest fitted: 455 samples, 14 features, 150 trees.
19:08:13  src.cpcv.pipeline  INFO    [ 86/168]        random_forest (seed=1) F1=0.415  AUC=0.383  LL=0.7152 (0.5s)
19:08:13  src.cpcv.models.tree_models  INFO  RandomForest fitted: 455 samples, 14 features, 150 trees.
19:08:13  src.cpcv.pipeline  INFO    [ 87/168]        random_forest (seed=2) F1=0.426  AUC=0.392  LL=0.7140 (0.5s)
19:08:14  src.cpcv.models.tree_models  INFO  XGBoost fitted: 455 samples, early stopped at iteration 43/300.
19:08:14  src.cpcv.pipeline  INFO    [ 88/168]              xgboost (seed=0) F1=0.431  AUC=0.408  LL=0.7427 (0.1s)
19:08:14  src.cpcv.models.tree_models  INFO  XGBoost fitted: 455 samples, early stopped at iteration 37/300.
19:08:14  src.cpcv.pipeline  INFO    [ 89/168]              xgboost (seed=1) F1=0.448  AUC=0.399  LL=0.7447 (0.1s)
19:08:14  src.cpcv.models.tree_models  INFO  XGBoost fitted: 455 samples, early stopped at iteration 40/300.
19:08:14  src.cpcv.pipeline  INFO    [ 90/168]              xgboost (seed=2) F1=0.461  AUC=0.410  LL=0.7291 (0.1s)
19:08:14  src.cpcv.preprocessing  INFO  Computing MDA (Random Forest)...
19:08:58  src.cpcv.preprocessing  INFO  Computing MDA (Logistic Regression)...
19:08:59  src.cpcv.preprocessing  INFO  Multi-model MDA: 30/73 passed (MDA > 0), 43 eliminated
19:08:59  src.cpcv.preprocessing  INFO    Capped at 14 features (top_k_frac=0.2)
19:08:59  src.cpcv.preprocessing  INFO    Selected (14): ['ema_ratio_50_200', 'log_returns', 'log_returns_lag2', 'log_returns_lag30', 'log_returns_lag7', 'natgas_ret_14', 'natgas_ret_30', 'rsi', 'skewness', 'sp500_ret_14', 'us10y', 'us2y', 'vix', 'yield_curve_10y30y']
19:08:59  src.cpcv.pipeline  INFO    Preprocessing: 14 features selected, train=455 + val=98 + cal=98, test=292
19:08:59  src.cpcv.tuning  INFO  Tuning (2 models) — Optuna TPE + Purged K-Fold (inner: 3 folds, embargo=10 obs)
19:08:59  src.cpcv.tuning  INFO    [tuning] random_forest: 3 purged K-fold splits, 30 Optuna trials (TPE)
19:09:45  src.cpcv.tuning  INFO      random_forest: 23 completed, 7 pruned (of 30 total) — best log_loss=0.6831, params={'n_estimators': 150, 'max_depth': 3, 'min_samples_leaf': 24, 'max_features': 'sqrt'}
19:09:45  src.cpcv.tuning  INFO    [tuning] random_forest done in 45.8s — best log_loss=0.6831
19:09:45  src.cpcv.tuning  INFO    [tuning] xgboost: 3 purged K-fold splits, 30 Optuna trials (TPE)
19:09:50  src.cpcv.tuning  INFO      xgboost: 16 completed, 14 pruned (of 30 total) — best log_loss=0.6727, params={'max_depth': 2, 'learning_rate': 0.13401400352031906, 'min_child_weight': 20, 'subsample': 0.7632648351136759, 'colsample_bytree': 0.7774258664096698, 'gamma': 0.20993870432003853, 'reg_alpha': 0.0004530781170200396, 'reg_lambda': 0.0028130208641218603}
19:09:50  src.cpcv.tuning  INFO    [tuning] xgboost done in 5.5s — best log_loss=0.6727
19:09:50  src.cpcv.tuning  INFO  Tuning total: 51.3s
19:09:50  src.cpcv.pipeline  INFO      applied random_forest: {'n_estimators': 150, 'max_depth': 3, 'min_samples_leaf': 24, 'max_features': 'sqrt'}
19:09:50  src.cpcv.pipeline  INFO      applied xgboost: {'max_depth': 2, 'learning_rate': 0.13401400352031906, 'min_child_weight': 20, 'subsample': 0.7632648351136759, 'colsample_bytree': 0.7774258664096698, 'gamma': 0.20993870432003853, 'reg_alpha': 0.0004530781170200396, 'reg_lambda': 0.0028130208641218603}
19:09:51  src.cpcv.models.tree_models  INFO  RandomForest fitted: 455 samples, 14 features, 150 trees.
19:09:51  src.cpcv.pipeline  INFO    [ 91/168]        random_forest (seed=0) F1=0.463  AUC=0.556  LL=0.7027 (0.5s)
19:09:51  src.cpcv.models.tree_models  INFO  RandomForest fitted: 455 samples, 14 features, 150 trees.
19:09:51  src.cpcv.pipeline  INFO    [ 92/168]        random_forest (seed=1) F1=0.505  AUC=0.555  LL=0.6992 (0.5s)
19:09:52  src.cpcv.models.tree_models  INFO  RandomForest fitted: 455 samples, 14 features, 150 trees.
19:09:52  src.cpcv.pipeline  INFO    [ 93/168]        random_forest (seed=2) F1=0.515  AUC=0.569  LL=0.6956 (0.7s)
19:09:52  src.cpcv.models.tree_models  INFO  XGBoost fitted: 455 samples, early stopped at iteration 3/300.
19:09:52  src.cpcv.pipeline  INFO    [ 94/168]              xgboost (seed=0) F1=0.448  AUC=0.516  LL=0.6963 (0.1s)
19:09:52  src.cpcv.models.tree_models  INFO  XGBoost fitted: 455 samples, early stopped at iteration 18/300.
19:09:52  src.cpcv.pipeline  INFO    [ 95/168]              xgboost (seed=1) F1=0.483  AUC=0.526  LL=0.7072 (0.1s)
19:09:52  src.cpcv.models.tree_models  INFO  XGBoost fitted: 455 samples, early stopped at iteration 2/300.
19:09:52  src.cpcv.pipeline  INFO    [ 96/168]              xgboost (seed=2) F1=0.519  AUC=0.575  LL=0.6895 (0.1s)
19:09:53  src.cpcv.preprocessing  INFO  Computing MDA (Random Forest)...
19:10:34  src.cpcv.preprocessing  INFO  Computing MDA (Logistic Regression)...
19:10:35  src.cpcv.preprocessing  INFO  Multi-model MDA: 37/73 passed (MDA > 0), 36 eliminated
19:10:35  src.cpcv.preprocessing  INFO    Capped at 14 features (top_k_frac=0.2)
19:10:35  src.cpcv.preprocessing  INFO    Selected (14): ['dxy_roc_30', 'exchange_supply_pct', 'jarque_bera', 'log_returns_lag5', 'log_returns_lag6', 'lz_complexity', 'nasdaq_ret_14', 'nasdaq_ret_30', 'obv', 'oil_ret_14', 'rsi', 'sadf', 'silver_ret_30', 'smt_exp']
19:10:35  src.cpcv.pipeline  INFO    Preprocessing: 14 features selected, train=455 + val=98 + cal=98, test=292
19:10:35  src.cpcv.tuning  INFO  Tuning (2 models) — Optuna TPE + Purged K-Fold (inner: 3 folds, embargo=10 obs)
19:10:35  src.cpcv.tuning  INFO    [tuning] random_forest: 3 purged K-fold splits, 30 Optuna trials (TPE)
19:11:36  src.cpcv.tuning  INFO      random_forest: 30 completed, 0 pruned (of 30 total) — best log_loss=0.6873, params={'n_estimators': 200, 'max_depth': 3, 'min_samples_leaf': 15, 'max_features': 'log2'}
19:11:36  src.cpcv.tuning  INFO    [tuning] random_forest done in 61.0s — best log_loss=0.6873
19:11:36  src.cpcv.tuning  INFO    [tuning] xgboost: 3 purged K-fold splits, 30 Optuna trials (TPE)
19:11:43  src.cpcv.tuning  INFO      xgboost: 27 completed, 3 pruned (of 30 total) — best log_loss=0.6801, params={'max_depth': 2, 'learning_rate': 0.2536999076681772, 'min_child_weight': 40, 'subsample': 0.8394633936788146, 'colsample_bytree': 0.6624074561769746, 'gamma': 0.020511104188433976, 'reg_alpha': 3.3323645788192616e-08, 'reg_lambda': 0.6245760287469893}
19:11:43  src.cpcv.tuning  INFO    [tuning] xgboost done in 7.0s — best log_loss=0.6801
19:11:43  src.cpcv.tuning  INFO  Tuning total: 68.1s
19:11:43  src.cpcv.pipeline  INFO      applied random_forest: {'n_estimators': 200, 'max_depth': 3, 'min_samples_leaf': 15, 'max_features': 'log2'}
19:11:43  src.cpcv.pipeline  INFO      applied xgboost: {'max_depth': 2, 'learning_rate': 0.2536999076681772, 'min_child_weight': 40, 'subsample': 0.8394633936788146, 'colsample_bytree': 0.6624074561769746, 'gamma': 0.020511104188433976, 'reg_alpha': 3.3323645788192616e-08, 'reg_lambda': 0.6245760287469893}
19:11:44  src.cpcv.models.tree_models  INFO  RandomForest fitted: 455 samples, 14 features, 200 trees.
19:11:44  src.cpcv.pipeline  INFO    [ 97/168]        random_forest (seed=0) F1=0.457  AUC=0.539  LL=0.7122 (0.7s)
19:11:44  src.cpcv.models.tree_models  INFO  RandomForest fitted: 455 samples, 14 features, 200 trees.
19:11:45  src.cpcv.pipeline  INFO    [ 98/168]        random_forest (seed=1) F1=0.480  AUC=0.541  LL=0.7163 (0.7s)
19:11:45  src.cpcv.models.tree_models  INFO  RandomForest fitted: 455 samples, 14 features, 200 trees.
19:11:45  src.cpcv.pipeline  INFO    [ 99/168]        random_forest (seed=2) F1=0.488  AUC=0.542  LL=0.7102 (0.7s)
19:11:45  src.cpcv.models.tree_models  INFO  XGBoost fitted: 455 samples, early stopped at iteration 25/300.
19:11:45  src.cpcv.pipeline  INFO    [100/168]              xgboost (seed=0) F1=0.346  AUC=0.531  LL=0.6926 (0.1s)
19:11:45  src.cpcv.models.tree_models  INFO  XGBoost fitted: 455 samples, early stopped at iteration 29/300.
19:11:45  src.cpcv.pipeline  INFO    [101/168]              xgboost (seed=1) F1=0.488  AUC=0.534  LL=0.6924 (0.1s)
19:11:45  src.cpcv.models.tree_models  INFO  XGBoost fitted: 455 samples, early stopped at iteration 43/300.
19:11:45  src.cpcv.pipeline  INFO    [102/168]              xgboost (seed=2) F1=0.460  AUC=0.529  LL=0.6939 (0.1s)
19:11:46  src.cpcv.preprocessing  INFO  Computing MDA (Random Forest)...
19:12:26  src.cpcv.preprocessing  INFO  Computing MDA (Logistic Regression)...
19:12:28  src.cpcv.preprocessing  INFO  Multi-model MDA: 40/73 passed (MDA > 0), 33 eliminated
19:12:28  src.cpcv.preprocessing  INFO    Capped at 14 features (top_k_frac=0.2)
19:12:28  src.cpcv.preprocessing  INFO    Selected (14): ['chaikin_osc', 'dxy_roc_30', 'exchange_supply_pct', 'fee_per_tx', 'gk_vol', 'jarque_bera', 'kurtosis', 'log_returns_lag1', 'macd_hist', 'natgas_ret_30', 'obv', 'roc_14', 'sadf', 'smt_exp']
19:12:28  src.cpcv.pipeline  INFO    Preprocessing: 14 features selected, train=463 + val=99 + cal=100, test=292
19:12:28  src.cpcv.tuning  INFO  Tuning (2 models) — Optuna TPE + Purged K-Fold (inner: 3 folds, embargo=10 obs)
19:12:28  src.cpcv.tuning  INFO    [tuning] random_forest: 3 purged K-fold splits, 30 Optuna trials (TPE)
19:13:13  src.cpcv.tuning  INFO      random_forest: 30 completed, 0 pruned (of 30 total) — best log_loss=0.6820, params={'n_estimators': 100, 'max_depth': 2, 'min_samples_leaf': 36, 'max_features': 'log2'}
19:13:13  src.cpcv.tuning  INFO    [tuning] random_forest done in 44.7s — best log_loss=0.6820
19:13:13  src.cpcv.tuning  INFO    [tuning] xgboost: 3 purged K-fold splits, 30 Optuna trials (TPE)
19:13:20  src.cpcv.tuning  INFO      xgboost: 25 completed, 5 pruned (of 30 total) — best log_loss=0.6652, params={'max_depth': 1, 'learning_rate': 0.06333268775321843, 'min_child_weight': 15, 'subsample': 0.9208787923016158, 'colsample_bytree': 0.6298202574719083, 'gamma': 0.9413993046829938, 'reg_alpha': 0.08916674715636537, 'reg_lambda': 6.143857495033091e-07}
19:13:20  src.cpcv.tuning  INFO    [tuning] xgboost done in 7.3s — best log_loss=0.6652
19:13:20  src.cpcv.tuning  INFO  Tuning total: 52.0s
19:13:20  src.cpcv.pipeline  INFO      applied random_forest: {'n_estimators': 100, 'max_depth': 2, 'min_samples_leaf': 36, 'max_features': 'log2'}
19:13:20  src.cpcv.pipeline  INFO      applied xgboost: {'max_depth': 1, 'learning_rate': 0.06333268775321843, 'min_child_weight': 15, 'subsample': 0.9208787923016158, 'colsample_bytree': 0.6298202574719083, 'gamma': 0.9413993046829938, 'reg_alpha': 0.08916674715636537, 'reg_lambda': 6.143857495033091e-07}
19:13:20  src.cpcv.models.tree_models  INFO  RandomForest fitted: 463 samples, 14 features, 100 trees.
19:13:21  src.cpcv.pipeline  INFO    [103/168]        random_forest (seed=0) F1=0.370  AUC=0.505  LL=0.7231 (0.4s)
19:13:21  src.cpcv.models.tree_models  INFO  RandomForest fitted: 463 samples, 14 features, 100 trees.
19:13:21  src.cpcv.pipeline  INFO    [104/168]        random_forest (seed=1) F1=0.384  AUC=0.490  LL=0.7224 (0.4s)
19:13:21  src.cpcv.models.tree_models  INFO  RandomForest fitted: 463 samples, 14 features, 100 trees.
19:13:21  src.cpcv.pipeline  INFO    [105/168]        random_forest (seed=2) F1=0.412  AUC=0.516  LL=0.7195 (0.4s)
19:13:21  src.cpcv.models.tree_models  INFO  XGBoost fitted: 463 samples, early stopped at iteration 77/300.
19:13:21  src.cpcv.pipeline  INFO    [106/168]              xgboost (seed=0) F1=0.400  AUC=0.509  LL=0.7245 (0.1s)
19:13:21  src.cpcv.models.tree_models  INFO  XGBoost fitted: 463 samples, early stopped at iteration 26/300.
19:13:21  src.cpcv.pipeline  INFO    [107/168]              xgboost (seed=1) F1=0.339  AUC=0.490  LL=0.7174 (0.1s)
19:13:22  src.cpcv.models.tree_models  INFO  XGBoost fitted: 463 samples, early stopped at iteration 120/300.
19:13:22  src.cpcv.pipeline  INFO    [108/168]              xgboost (seed=2) F1=0.428  AUC=0.500  LL=0.7271 (0.1s)
19:13:22  src.cpcv.preprocessing  INFO  Computing MDA (Random Forest)...
19:14:03  src.cpcv.preprocessing  INFO  Computing MDA (Logistic Regression)...
19:14:05  src.cpcv.preprocessing  INFO  Multi-model MDA: 39/73 passed (MDA > 0), 34 eliminated
19:14:05  src.cpcv.preprocessing  INFO    Capped at 14 features (top_k_frac=0.2)
19:14:05  src.cpcv.preprocessing  INFO    Selected (14): ['copper_ret_14', 'eth_btc_ratio', 'kurtosis', 'log_returns_lag14', 'log_returns_lag2', 'log_returns_lag3', 'log_returns_lag7', 'lz_complexity', 'natgas_ret_30', 'oil_ret_14', 'rsi', 'skewness', 'smt_poly1', 'sp500_ret_30']
19:14:05  src.cpcv.pipeline  INFO    Preprocessing: 14 features selected, train=465 + val=100 + cal=100, test=292
19:14:05  src.cpcv.tuning  INFO  Tuning (2 models) — Optuna TPE + Purged K-Fold (inner: 3 folds, embargo=10 obs)
19:14:05  src.cpcv.tuning  INFO    [tuning] random_forest: 3 purged K-fold splits, 30 Optuna trials (TPE)
19:15:02  src.cpcv.tuning  INFO      random_forest: 18 completed, 12 pruned (of 30 total) — best log_loss=0.6890, params={'n_estimators': 250, 'max_depth': 2, 'min_samples_leaf': 26, 'max_features': 'log2'}
19:15:02  src.cpcv.tuning  INFO    [tuning] random_forest done in 56.9s — best log_loss=0.6890
19:15:02  src.cpcv.tuning  INFO    [tuning] xgboost: 3 purged K-fold splits, 30 Optuna trials (TPE)
19:15:06  src.cpcv.tuning  INFO      xgboost: 15 completed, 15 pruned (of 30 total) — best log_loss=0.6837, params={'max_depth': 1, 'learning_rate': 0.1187151277900057, 'min_child_weight': 13, 'subsample': 0.8470040423786364, 'colsample_bytree': 0.6023414518865325, 'gamma': 0.12978117922572416, 'reg_alpha': 0.0008849299239384577, 'reg_lambda': 0.004051311558496045}
19:15:06  src.cpcv.tuning  INFO    [tuning] xgboost done in 4.1s — best log_loss=0.6837
19:15:06  src.cpcv.tuning  INFO  Tuning total: 61.1s
19:15:06  src.cpcv.pipeline  INFO      applied random_forest: {'n_estimators': 250, 'max_depth': 2, 'min_samples_leaf': 26, 'max_features': 'log2'}
19:15:06  src.cpcv.pipeline  INFO      applied xgboost: {'max_depth': 1, 'learning_rate': 0.1187151277900057, 'min_child_weight': 13, 'subsample': 0.8470040423786364, 'colsample_bytree': 0.6023414518865325, 'gamma': 0.12978117922572416, 'reg_alpha': 0.0008849299239384577, 'reg_lambda': 0.004051311558496045}
19:15:06  src.cpcv.models.tree_models  INFO  RandomForest fitted: 465 samples, 14 features, 250 trees.
19:15:07  src.cpcv.pipeline  INFO    [109/168]        random_forest (seed=0) F1=0.497  AUC=0.602  LL=0.6781 (0.9s)
19:15:07  src.cpcv.models.tree_models  INFO  RandomForest fitted: 465 samples, 14 features, 250 trees.
19:15:07  src.cpcv.pipeline  INFO    [110/168]        random_forest (seed=1) F1=0.367  AUC=0.580  LL=0.6865 (0.8s)
19:15:08  src.cpcv.models.tree_models  INFO  RandomForest fitted: 465 samples, 14 features, 250 trees.
19:15:08  src.cpcv.pipeline  INFO    [111/168]        random_forest (seed=2) F1=0.442  AUC=0.585  LL=0.6842 (0.8s)
19:15:08  src.cpcv.models.tree_models  INFO  XGBoost fitted: 465 samples, early stopped at iteration 2/300.
19:15:08  src.cpcv.pipeline  INFO    [112/168]              xgboost (seed=0) F1=0.507  AUC=0.533  LL=0.6831 (0.1s)
19:15:08  src.cpcv.models.tree_models  INFO  XGBoost fitted: 465 samples, early stopped at iteration 1/300.
19:15:08  src.cpcv.pipeline  INFO    [113/168]              xgboost (seed=1) F1=0.367  AUC=0.506  LL=0.6876 (0.1s)
19:15:08  src.cpcv.models.tree_models  INFO  XGBoost fitted: 465 samples, early stopped at iteration 3/300.
19:15:08  src.cpcv.pipeline  INFO    [114/168]              xgboost (seed=2) F1=0.430  AUC=0.429  LL=0.6945 (0.1s)
19:15:09  src.cpcv.preprocessing  INFO  Computing MDA (Random Forest)...
19:15:50  src.cpcv.preprocessing  INFO  Computing MDA (Logistic Regression)...
19:15:51  src.cpcv.preprocessing  INFO  Multi-model MDA: 38/73 passed (MDA > 0), 35 eliminated
19:15:51  src.cpcv.preprocessing  INFO    Capped at 14 features (top_k_frac=0.2)
19:15:51  src.cpcv.preprocessing  INFO    Selected (14): ['ema_ratio_20_50', 'log_returns_lag30', 'log_returns_lag5', 'log_returns_lag6', 'log_returns_lag7', 'mvrv', 'net_exchange_flow', 'oil_ret_14', 'silver_ret_14', 'skewness', 'sp500_ret_14', 'us10y', 'variance_ratio', 'vix']
19:15:51  src.cpcv.pipeline  INFO    Preprocessing: 14 features selected, train=457 + val=98 + cal=98, test=292
19:15:51  src.cpcv.tuning  INFO  Tuning (2 models) — Optuna TPE + Purged K-Fold (inner: 3 folds, embargo=10 obs)
19:15:51  src.cpcv.tuning  INFO    [tuning] random_forest: 3 purged K-fold splits, 30 Optuna trials (TPE)
19:16:44  src.cpcv.tuning  INFO      random_forest: 17 completed, 13 pruned (of 30 total) — best log_loss=0.6808, params={'n_estimators': 250, 'max_depth': 3, 'min_samples_leaf': 15, 'max_features': 'log2'}
19:16:44  src.cpcv.tuning  INFO    [tuning] random_forest done in 53.0s — best log_loss=0.6808
19:16:44  src.cpcv.tuning  INFO    [tuning] xgboost: 3 purged K-fold splits, 30 Optuna trials (TPE)
19:16:48  src.cpcv.tuning  INFO      xgboost: 13 completed, 17 pruned (of 30 total) — best log_loss=0.6796, params={'max_depth': 1, 'learning_rate': 0.05388108577817234, 'min_child_weight': 11, 'subsample': 0.9637281608315128, 'colsample_bytree': 0.7035119926400067, 'gamma': 0.21137059440645725, 'reg_alpha': 6.388511557344611e-06, 'reg_lambda': 0.0004793052550782129}
19:16:48  src.cpcv.tuning  INFO    [tuning] xgboost done in 4.2s — best log_loss=0.6796
19:16:48  src.cpcv.tuning  INFO  Tuning total: 57.2s
19:16:48  src.cpcv.pipeline  INFO      applied random_forest: {'n_estimators': 250, 'max_depth': 3, 'min_samples_leaf': 15, 'max_features': 'log2'}
19:16:48  src.cpcv.pipeline  INFO      applied xgboost: {'max_depth': 1, 'learning_rate': 0.05388108577817234, 'min_child_weight': 11, 'subsample': 0.9637281608315128, 'colsample_bytree': 0.7035119926400067, 'gamma': 0.21137059440645725, 'reg_alpha': 6.388511557344611e-06, 'reg_lambda': 0.0004793052550782129}
19:16:49  src.cpcv.models.tree_models  INFO  RandomForest fitted: 457 samples, 14 features, 250 trees.
19:16:49  src.cpcv.pipeline  INFO    [115/168]        random_forest (seed=0) F1=0.522  AUC=0.544  LL=0.7315 (0.9s)
19:16:50  src.cpcv.models.tree_models  INFO  RandomForest fitted: 457 samples, 14 features, 250 trees.
19:16:50  src.cpcv.pipeline  INFO    [116/168]        random_forest (seed=1) F1=0.522  AUC=0.538  LL=0.7293 (0.9s)
19:16:51  src.cpcv.models.tree_models  INFO  RandomForest fitted: 457 samples, 14 features, 250 trees.
19:16:51  src.cpcv.pipeline  INFO    [117/168]        random_forest (seed=2) F1=0.518  AUC=0.541  LL=0.7214 (0.8s)
19:16:51  src.cpcv.models.tree_models  INFO  XGBoost fitted: 457 samples, early stopped at iteration 0/300.
19:16:51  src.cpcv.pipeline  INFO    [118/168]              xgboost (seed=0) F1=0.541  AUC=0.543  LL=0.7582 (0.1s)
19:16:51  src.cpcv.models.tree_models  INFO  XGBoost fitted: 457 samples, early stopped at iteration 0/300.
19:16:51  src.cpcv.pipeline  INFO    [119/168]              xgboost (seed=1) F1=0.541  AUC=0.543  LL=0.7582 (0.1s)
19:16:51  src.cpcv.models.tree_models  INFO  XGBoost fitted: 457 samples, early stopped at iteration 0/300.
19:16:51  src.cpcv.pipeline  INFO    [120/168]              xgboost (seed=2) F1=0.541  AUC=0.543  LL=0.7582 (0.1s)
19:16:52  src.cpcv.preprocessing  INFO  Computing MDA (Random Forest)...
19:17:32  src.cpcv.preprocessing  INFO  Computing MDA (Logistic Regression)...
19:17:34  src.cpcv.preprocessing  INFO  Multi-model MDA: 37/73 passed (MDA > 0), 36 eliminated
19:17:34  src.cpcv.preprocessing  INFO    Capped at 14 features (top_k_frac=0.2)
19:17:34  src.cpcv.preprocessing  INFO    Selected (14): ['eth_btc_ratio', 'gold_ret_30', 'kurtosis', 'log_returns_lag3', 'log_returns_lag6', 'log_returns_lag7', 'macd_hist', 'realized_vol', 'silver_ret_30', 'sp500_ret_30', 'stoch_k', 'variance_ratio', 'williams_r', 'yield_curve_2y10y']
19:17:34  src.cpcv.pipeline  INFO    Preprocessing: 14 features selected, train=457 + val=98 + cal=98, test=292
19:17:34  src.cpcv.tuning  INFO  Tuning (2 models) — Optuna TPE + Purged K-Fold (inner: 3 folds, embargo=10 obs)
19:17:34  src.cpcv.tuning  INFO    [tuning] random_forest: 3 purged K-fold splits, 30 Optuna trials (TPE)
19:18:29  src.cpcv.tuning  INFO      random_forest: 20 completed, 10 pruned (of 30 total) — best log_loss=0.6724, params={'n_estimators': 250, 'max_depth': 3, 'min_samples_leaf': 17, 'max_features': 'sqrt'}
19:18:29  src.cpcv.tuning  INFO    [tuning] random_forest done in 55.5s — best log_loss=0.6724
19:18:29  src.cpcv.tuning  INFO    [tuning] xgboost: 3 purged K-fold splits, 30 Optuna trials (TPE)
19:18:35  src.cpcv.tuning  INFO      xgboost: 17 completed, 13 pruned (of 30 total) — best log_loss=0.6620, params={'max_depth': 2, 'learning_rate': 0.07514453212002577, 'min_child_weight': 14, 'subsample': 0.6469777700571244, 'colsample_bytree': 0.8105178454309602, 'gamma': 0.010331974118868124, 'reg_alpha': 0.007004637440723065, 'reg_lambda': 8.30631578704971e-08}
19:18:35  src.cpcv.tuning  INFO    [tuning] xgboost done in 6.3s — best log_loss=0.6620
19:18:35  src.cpcv.tuning  INFO  Tuning total: 61.8s
19:18:35  src.cpcv.pipeline  INFO      applied random_forest: {'n_estimators': 250, 'max_depth': 3, 'min_samples_leaf': 17, 'max_features': 'sqrt'}
19:18:35  src.cpcv.pipeline  INFO      applied xgboost: {'max_depth': 2, 'learning_rate': 0.07514453212002577, 'min_child_weight': 14, 'subsample': 0.6469777700571244, 'colsample_bytree': 0.8105178454309602, 'gamma': 0.010331974118868124, 'reg_alpha': 0.007004637440723065, 'reg_lambda': 8.30631578704971e-08}
19:18:36  src.cpcv.models.tree_models  INFO  RandomForest fitted: 457 samples, 14 features, 250 trees.
19:18:36  src.cpcv.pipeline  INFO    [121/168]        random_forest (seed=0) F1=0.462  AUC=0.475  LL=0.7239 (0.9s)
19:18:37  src.cpcv.models.tree_models  INFO  RandomForest fitted: 457 samples, 14 features, 250 trees.
19:18:37  src.cpcv.pipeline  INFO    [122/168]        random_forest (seed=1) F1=0.466  AUC=0.476  LL=0.7259 (0.8s)
19:18:38  src.cpcv.models.tree_models  INFO  RandomForest fitted: 457 samples, 14 features, 250 trees.
19:18:38  src.cpcv.pipeline  INFO    [123/168]        random_forest (seed=2) F1=0.462  AUC=0.471  LL=0.7207 (0.8s)
19:18:38  src.cpcv.models.tree_models  INFO  XGBoost fitted: 457 samples, early stopped at iteration 49/300.
19:18:38  src.cpcv.pipeline  INFO    [124/168]              xgboost (seed=0) F1=0.471  AUC=0.474  LL=0.6967 (0.1s)
19:18:38  src.cpcv.models.tree_models  INFO  XGBoost fitted: 457 samples, early stopped at iteration 19/300.
19:18:38  src.cpcv.pipeline  INFO    [125/168]              xgboost (seed=1) F1=0.519  AUC=0.538  LL=0.6871 (0.1s)
19:18:38  src.cpcv.models.tree_models  INFO  XGBoost fitted: 457 samples, early stopped at iteration 135/300.
19:18:38  src.cpcv.pipeline  INFO    [126/168]              xgboost (seed=2) F1=0.357  AUC=0.527  LL=0.6877 (0.2s)
19:18:39  src.cpcv.preprocessing  INFO  Computing MDA (Random Forest)...
19:19:18  src.cpcv.preprocessing  INFO  Computing MDA (Logistic Regression)...
19:19:19  src.cpcv.preprocessing  INFO  Multi-model MDA: 38/73 passed (MDA > 0), 35 eliminated
19:19:19  src.cpcv.preprocessing  INFO    Capped at 14 features (top_k_frac=0.2)
19:19:19  src.cpcv.preprocessing  INFO    Selected (14): ['active_addr_roc_14', 'bb_width', 'copper_ret_30', 'eth_btc_ratio', 'exchange_supply_pct', 'log_returns_lag1', 'log_returns_lag5', 'log_returns_lag6', 'oil_ret_14', 'silver_ret_30', 'smt_poly1', 'sp500_ret_30', 'yield_curve_10y30y', 'yz_vol']
19:19:19  src.cpcv.pipeline  INFO    Preprocessing: 14 features selected, train=464 + val=100 + cal=100, test=292
19:19:19  src.cpcv.tuning  INFO  Tuning (2 models) — Optuna TPE + Purged K-Fold (inner: 3 folds, embargo=10 obs)
19:19:19  src.cpcv.tuning  INFO    [tuning] random_forest: 3 purged K-fold splits, 30 Optuna trials (TPE)
19:20:02  src.cpcv.tuning  INFO      random_forest: 19 completed, 11 pruned (of 30 total) — best log_loss=0.6676, params={'n_estimators': 100, 'max_depth': 4, 'min_samples_leaf': 19, 'max_features': 'sqrt'}
19:20:02  src.cpcv.tuning  INFO    [tuning] random_forest done in 43.1s — best log_loss=0.6676
19:20:02  src.cpcv.tuning  INFO    [tuning] xgboost: 3 purged K-fold splits, 30 Optuna trials (TPE)
19:20:09  src.cpcv.tuning  INFO      xgboost: 24 completed, 6 pruned (of 30 total) — best log_loss=0.6581, params={'max_depth': 2, 'learning_rate': 0.16078214997697196, 'min_child_weight': 23, 'subsample': 0.8611719000163913, 'colsample_bytree': 0.7886369489536518, 'gamma': 0.13151583258187696, 'reg_alpha': 0.0008635533556226491, 'reg_lambda': 8.247163212250302e-07}
19:20:09  src.cpcv.tuning  INFO    [tuning] xgboost done in 7.1s — best log_loss=0.6581
19:20:09  src.cpcv.tuning  INFO  Tuning total: 50.2s
19:20:09  src.cpcv.pipeline  INFO      applied random_forest: {'n_estimators': 100, 'max_depth': 4, 'min_samples_leaf': 19, 'max_features': 'sqrt'}
19:20:09  src.cpcv.pipeline  INFO      applied xgboost: {'max_depth': 2, 'learning_rate': 0.16078214997697196, 'min_child_weight': 23, 'subsample': 0.8611719000163913, 'colsample_bytree': 0.7886369489536518, 'gamma': 0.13151583258187696, 'reg_alpha': 0.0008635533556226491, 'reg_lambda': 8.247163212250302e-07}
19:20:10  src.cpcv.models.tree_models  INFO  RandomForest fitted: 464 samples, 14 features, 100 trees.
19:20:10  src.cpcv.pipeline  INFO    [127/168]        random_forest (seed=0) F1=0.357  AUC=0.477  LL=0.7117 (0.4s)
19:20:10  src.cpcv.models.tree_models  INFO  RandomForest fitted: 464 samples, 14 features, 100 trees.
19:20:10  src.cpcv.pipeline  INFO    [128/168]        random_forest (seed=1) F1=0.357  AUC=0.463  LL=0.6985 (0.4s)
19:20:10  src.cpcv.models.tree_models  INFO  RandomForest fitted: 464 samples, 14 features, 100 trees.
19:20:10  src.cpcv.pipeline  INFO    [129/168]        random_forest (seed=2) F1=0.357  AUC=0.523  LL=0.6870 (0.4s)
19:20:10  src.cpcv.models.tree_models  INFO  XGBoost fitted: 464 samples, early stopped at iteration 57/300.
19:20:10  src.cpcv.pipeline  INFO    [130/168]              xgboost (seed=0) F1=0.357  AUC=0.518  LL=0.7126 (0.1s)
19:20:11  src.cpcv.models.tree_models  INFO  XGBoost fitted: 464 samples, early stopped at iteration 40/300.
19:20:11  src.cpcv.pipeline  INFO    [131/168]              xgboost (seed=1) F1=0.357  AUC=0.530  LL=0.6985 (0.1s)
19:20:11  src.cpcv.models.tree_models  INFO  XGBoost fitted: 464 samples, early stopped at iteration 34/300.
19:20:11  src.cpcv.pipeline  INFO    [132/168]              xgboost (seed=2) F1=0.357  AUC=0.480  LL=0.6911 (0.1s)
19:20:11  src.cpcv.preprocessing  INFO  Computing MDA (Random Forest)...
19:20:51  src.cpcv.preprocessing  INFO  Computing MDA (Logistic Regression)...
19:20:52  src.cpcv.preprocessing  INFO  Multi-model MDA: 38/73 passed (MDA > 0), 35 eliminated
19:20:52  src.cpcv.preprocessing  INFO    Capped at 14 features (top_k_frac=0.2)
19:20:52  src.cpcv.preprocessing  INFO    Selected (14): ['cci_14', 'ema_ratio_20_50', 'fee_per_tx', 'log_returns_lag2', 'log_returns_lag5', 'log_returns_lag6', 'macd', 'macd_hist', 'mfi_14', 'net_exchange_flow', 'obv', 'sadf', 'smt_exp', 'vol_term_30_90']
19:20:52  src.cpcv.pipeline  INFO    Preprocessing: 14 features selected, train=465 + val=100 + cal=100, test=292
19:20:52  src.cpcv.tuning  INFO  Tuning (2 models) — Optuna TPE + Purged K-Fold (inner: 3 folds, embargo=10 obs)
19:20:52  src.cpcv.tuning  INFO    [tuning] random_forest: 3 purged K-fold splits, 30 Optuna trials (TPE)
19:21:50  src.cpcv.tuning  INFO      random_forest: 29 completed, 1 pruned (of 30 total) — best log_loss=0.6922, params={'n_estimators': 200, 'max_depth': 2, 'min_samples_leaf': 40, 'max_features': 'log2'}
19:21:50  src.cpcv.tuning  INFO    [tuning] random_forest done in 57.3s — best log_loss=0.6922
19:21:50  src.cpcv.tuning  INFO    [tuning] xgboost: 3 purged K-fold splits, 30 Optuna trials (TPE)
19:21:54  src.cpcv.tuning  INFO      xgboost: 15 completed, 15 pruned (of 30 total) — best log_loss=0.6823, params={'max_depth': 3, 'learning_rate': 0.2929265022359419, 'min_child_weight': 43, 'subsample': 0.847032592153181, 'colsample_bytree': 0.7230159735959386, 'gamma': 0.022296976017210243, 'reg_alpha': 8.616003178007054e-07, 'reg_lambda': 1.493656852319989e-06}
19:21:54  src.cpcv.tuning  INFO    [tuning] xgboost done in 4.7s — best log_loss=0.6823
19:21:54  src.cpcv.tuning  INFO  Tuning total: 62.0s
19:21:54  src.cpcv.pipeline  INFO      applied random_forest: {'n_estimators': 200, 'max_depth': 2, 'min_samples_leaf': 40, 'max_features': 'log2'}
19:21:54  src.cpcv.pipeline  INFO      applied xgboost: {'max_depth': 3, 'learning_rate': 0.2929265022359419, 'min_child_weight': 43, 'subsample': 0.847032592153181, 'colsample_bytree': 0.7230159735959386, 'gamma': 0.022296976017210243, 'reg_alpha': 8.616003178007054e-07, 'reg_lambda': 1.493656852319989e-06}
19:21:55  src.cpcv.models.tree_models  INFO  RandomForest fitted: 465 samples, 14 features, 200 trees.
19:21:55  src.cpcv.pipeline  INFO    [133/168]        random_forest (seed=0) F1=0.355  AUC=0.520  LL=0.6891 (1.0s)
19:21:56  src.cpcv.models.tree_models  INFO  RandomForest fitted: 465 samples, 14 features, 200 trees.
19:21:56  src.cpcv.pipeline  INFO    [134/168]        random_forest (seed=1) F1=0.355  AUC=0.474  LL=0.6904 (0.9s)
19:21:57  src.cpcv.models.tree_models  INFO  RandomForest fitted: 465 samples, 14 features, 200 trees.
19:21:57  src.cpcv.pipeline  INFO    [135/168]        random_forest (seed=2) F1=0.355  AUC=0.476  LL=0.6901 (0.9s)
19:21:57  src.cpcv.models.tree_models  INFO  XGBoost fitted: 465 samples, early stopped at iteration 0/300.
19:21:57  src.cpcv.pipeline  INFO    [136/168]              xgboost (seed=0) F1=0.355  AUC=0.484  LL=0.6907 (0.1s)
19:21:57  src.cpcv.models.tree_models  INFO  XGBoost fitted: 465 samples, early stopped at iteration 2/300.
19:21:57  src.cpcv.pipeline  INFO    [137/168]              xgboost (seed=1) F1=0.436  AUC=0.535  LL=0.6848 (0.1s)
19:21:57  src.cpcv.models.tree_models  INFO  XGBoost fitted: 465 samples, early stopped at iteration 0/300.
19:21:57  src.cpcv.pipeline  INFO    [138/168]              xgboost (seed=2) F1=0.355  AUC=0.485  LL=0.6907 (0.1s)
19:21:58  src.cpcv.preprocessing  INFO  Computing MDA (Random Forest)...
19:22:38  src.cpcv.preprocessing  INFO  Computing MDA (Logistic Regression)...
19:22:39  src.cpcv.preprocessing  INFO  Multi-model MDA: 40/73 passed (MDA > 0), 33 eliminated
19:22:39  src.cpcv.preprocessing  INFO    Capped at 14 features (top_k_frac=0.2)
19:22:39  src.cpcv.preprocessing  INFO    Selected (14): ['bb_width', 'eth_btc_ratio', 'gk_vol', 'gold_ret_30', 'hashrate_roc_30', 'hurst', 'log_returns_lag1', 'log_returns_lag21', 'log_returns_lag4', 'log_returns_lag6', 'nasdaq_ret_14', 'silver_ret_30', 'smt_poly1', 'yield_curve_10y30y']
19:22:39  src.cpcv.pipeline  INFO    Preprocessing: 14 features selected, train=457 + val=98 + cal=98, test=292
19:22:39  src.cpcv.tuning  INFO  Tuning (2 models) — Optuna TPE + Purged K-Fold (inner: 3 folds, embargo=10 obs)
19:22:39  src.cpcv.tuning  INFO    [tuning] random_forest: 3 purged K-fold splits, 30 Optuna trials (TPE)
19:23:37  src.cpcv.tuning  INFO      random_forest: 29 completed, 1 pruned (of 30 total) — best log_loss=0.6701, params={'n_estimators': 150, 'max_depth': 5, 'min_samples_leaf': 22, 'max_features': 'log2'}
19:23:37  src.cpcv.tuning  INFO    [tuning] random_forest done in 57.9s — best log_loss=0.6701
19:23:37  src.cpcv.tuning  INFO    [tuning] xgboost: 3 purged K-fold splits, 30 Optuna trials (TPE)
19:23:45  src.cpcv.tuning  INFO      xgboost: 14 completed, 16 pruned (of 30 total) — best log_loss=0.6700, params={'max_depth': 1, 'learning_rate': 0.27453851664801854, 'min_child_weight': 22, 'subsample': 0.6939607271543884, 'colsample_bytree': 0.6477639824328912, 'gamma': 0.05550225253549277, 'reg_alpha': 9.111367082657967e-08, 'reg_lambda': 0.33748285468946615}
19:23:45  src.cpcv.tuning  INFO    [tuning] xgboost done in 8.1s — best log_loss=0.6700
19:23:45  src.cpcv.tuning  INFO  Tuning total: 66.0s
19:23:45  src.cpcv.pipeline  INFO      applied random_forest: {'n_estimators': 150, 'max_depth': 5, 'min_samples_leaf': 22, 'max_features': 'log2'}
19:23:45  src.cpcv.pipeline  INFO      applied xgboost: {'max_depth': 1, 'learning_rate': 0.27453851664801854, 'min_child_weight': 22, 'subsample': 0.6939607271543884, 'colsample_bytree': 0.6477639824328912, 'gamma': 0.05550225253549277, 'reg_alpha': 9.111367082657967e-08, 'reg_lambda': 0.33748285468946615}
19:23:46  src.cpcv.models.tree_models  INFO  RandomForest fitted: 457 samples, 14 features, 150 trees.
19:23:46  src.cpcv.pipeline  INFO    [139/168]        random_forest (seed=0) F1=0.408  AUC=0.498  LL=0.6850 (0.6s)
19:23:46  src.cpcv.models.tree_models  INFO  RandomForest fitted: 457 samples, 14 features, 150 trees.
19:23:46  src.cpcv.pipeline  INFO    [140/168]        random_forest (seed=1) F1=0.369  AUC=0.510  LL=0.6842 (0.6s)
19:23:47  src.cpcv.models.tree_models  INFO  RandomForest fitted: 457 samples, 14 features, 150 trees.
19:23:47  src.cpcv.pipeline  INFO    [141/168]        random_forest (seed=2) F1=0.368  AUC=0.503  LL=0.6846 (0.6s)
19:23:47  src.cpcv.models.tree_models  INFO  XGBoost fitted: 457 samples, early stopped at iteration 22/300.
19:23:47  src.cpcv.pipeline  INFO    [142/168]              xgboost (seed=0) F1=0.474  AUC=0.494  LL=0.6937 (0.1s)
19:23:47  src.cpcv.models.tree_models  INFO  XGBoost fitted: 457 samples, early stopped at iteration 15/300.
19:23:47  src.cpcv.pipeline  INFO    [143/168]              xgboost (seed=1) F1=0.458  AUC=0.478  LL=0.6914 (0.1s)
19:23:47  src.cpcv.models.tree_models  INFO  XGBoost fitted: 457 samples, early stopped at iteration 28/300.
19:23:47  src.cpcv.pipeline  INFO    [144/168]              xgboost (seed=2) F1=0.473  AUC=0.494  LL=0.6889 (0.1s)
19:23:48  src.cpcv.preprocessing  INFO  Computing MDA (Random Forest)...
19:24:33  src.cpcv.preprocessing  INFO  Computing MDA (Logistic Regression)...
19:24:35  src.cpcv.preprocessing  INFO  Multi-model MDA: 41/73 passed (MDA > 0), 32 eliminated
19:24:35  src.cpcv.preprocessing  INFO    Capped at 14 features (top_k_frac=0.2)
19:24:35  src.cpcv.preprocessing  INFO    Selected (14): ['ema_ratio_50_200', 'gk_vol', 'log_returns_lag1', 'log_returns_lag14', 'log_returns_lag21', 'log_returns_lag3', 'log_returns_lag30', 'log_returns_lag4', 'nasdaq_ret_30', 'realized_vol', 'silver_ret_30', 'smt_poly1', 'tx_count_roc_14', 'vol_term_7_30']
19:24:35  src.cpcv.pipeline  INFO    Preprocessing: 14 features selected, train=464 + val=100 + cal=100, test=292
19:24:35  src.cpcv.tuning  INFO  Tuning (2 models) — Optuna TPE + Purged K-Fold (inner: 3 folds, embargo=10 obs)
19:24:35  src.cpcv.tuning  INFO    [tuning] random_forest: 3 purged K-fold splits, 30 Optuna trials (TPE)
19:25:18  src.cpcv.tuning  INFO      random_forest: 29 completed, 1 pruned (of 30 total) — best log_loss=0.6879, params={'n_estimators': 100, 'max_depth': 3, 'min_samples_leaf': 30, 'max_features': 'sqrt'}
19:25:18  src.cpcv.tuning  INFO    [tuning] random_forest done in 43.8s — best log_loss=0.6879
19:25:18  src.cpcv.tuning  INFO    [tuning] xgboost: 3 purged K-fold splits, 30 Optuna trials (TPE)
19:25:24  src.cpcv.tuning  INFO      xgboost: 26 completed, 4 pruned (of 30 total) — best log_loss=0.6821, params={'max_depth': 3, 'learning_rate': 0.13437958884435458, 'min_child_weight': 25, 'subsample': 0.9518003183552279, 'colsample_bytree': 0.7727431143998708, 'gamma': 0.2685722374046279, 'reg_alpha': 3.8180203637824014e-05, 'reg_lambda': 0.2041475808495035}
19:25:24  src.cpcv.tuning  INFO    [tuning] xgboost done in 5.4s — best log_loss=0.6821
19:25:24  src.cpcv.tuning  INFO  Tuning total: 49.1s
19:25:24  src.cpcv.pipeline  INFO      applied random_forest: {'n_estimators': 100, 'max_depth': 3, 'min_samples_leaf': 30, 'max_features': 'sqrt'}
19:25:24  src.cpcv.pipeline  INFO      applied xgboost: {'max_depth': 3, 'learning_rate': 0.13437958884435458, 'min_child_weight': 25, 'subsample': 0.9518003183552279, 'colsample_bytree': 0.7727431143998708, 'gamma': 0.2685722374046279, 'reg_alpha': 3.8180203637824014e-05, 'reg_lambda': 0.2041475808495035}
19:25:24  src.cpcv.models.tree_models  INFO  RandomForest fitted: 464 samples, 14 features, 100 trees.
19:25:24  src.cpcv.pipeline  INFO    [145/168]        random_forest (seed=0) F1=0.369  AUC=0.487  LL=0.6800 (0.5s)
19:25:25  src.cpcv.models.tree_models  INFO  RandomForest fitted: 464 samples, 14 features, 100 trees.
19:25:25  src.cpcv.pipeline  INFO    [146/168]        random_forest (seed=1) F1=0.369  AUC=0.492  LL=0.6815 (0.5s)
19:25:25  src.cpcv.models.tree_models  INFO  RandomForest fitted: 464 samples, 14 features, 100 trees.
19:25:25  src.cpcv.pipeline  INFO    [147/168]        random_forest (seed=2) F1=0.369  AUC=0.493  LL=0.6816 (0.5s)
19:25:25  src.cpcv.models.tree_models  INFO  XGBoost fitted: 464 samples, early stopped at iteration 48/300.
19:25:26  src.cpcv.pipeline  INFO    [148/168]              xgboost (seed=0) F1=0.369  AUC=0.479  LL=0.6908 (0.1s)
19:25:26  src.cpcv.models.tree_models  INFO  XGBoost fitted: 464 samples, early stopped at iteration 49/300.
19:25:26  src.cpcv.pipeline  INFO    [149/168]              xgboost (seed=1) F1=0.369  AUC=0.493  LL=0.6827 (0.1s)
19:25:26  src.cpcv.models.tree_models  INFO  XGBoost fitted: 464 samples, early stopped at iteration 93/300.
19:25:26  src.cpcv.pipeline  INFO    [150/168]              xgboost (seed=2) F1=0.369  AUC=0.481  LL=0.6847 (0.2s)
19:25:26  src.cpcv.preprocessing  INFO  Computing MDA (Random Forest)...
19:26:07  src.cpcv.preprocessing  INFO  Computing MDA (Logistic Regression)...
19:26:09  src.cpcv.preprocessing  INFO  Multi-model MDA: 39/73 passed (MDA > 0), 34 eliminated
19:26:09  src.cpcv.preprocessing  INFO    Capped at 14 features (top_k_frac=0.2)
19:26:09  src.cpcv.preprocessing  INFO    Selected (14): ['cci_14', 'dxy_roc_30', 'ema_ratio_50_200', 'fee_per_tx', 'gk_vol', 'gold_ret_14', 'gold_ret_30', 'kurtosis', 'log_returns', 'log_returns_lag2', 'log_returns_lag5', 'log_returns_lag6', 'smt_poly1', 'vix']
19:26:09  src.cpcv.pipeline  INFO    Preprocessing: 14 features selected, train=465 + val=100 + cal=100, test=292
19:26:09  src.cpcv.tuning  INFO  Tuning (2 models) — Optuna TPE + Purged K-Fold (inner: 3 folds, embargo=10 obs)
19:26:09  src.cpcv.tuning  INFO    [tuning] random_forest: 3 purged K-fold splits, 30 Optuna trials (TPE)
19:27:09  src.cpcv.tuning  INFO      random_forest: 22 completed, 8 pruned (of 30 total) — best log_loss=0.6869, params={'n_estimators': 250, 'max_depth': 2, 'min_samples_leaf': 19, 'max_features': 'log2'}
19:27:09  src.cpcv.tuning  INFO    [tuning] random_forest done in 60.1s — best log_loss=0.6869
19:27:09  src.cpcv.tuning  INFO    [tuning] xgboost: 3 purged K-fold splits, 30 Optuna trials (TPE)
19:27:13  src.cpcv.tuning  INFO      xgboost: 22 completed, 8 pruned (of 30 total) — best log_loss=0.6830, params={'max_depth': 3, 'learning_rate': 0.06530555158582778, 'min_child_weight': 25, 'subsample': 0.734668610363764, 'colsample_bytree': 0.83445433467569, 'gamma': 0.06279209930838969, 'reg_alpha': 0.000179649519485956, 'reg_lambda': 0.0037653511867646863}
19:27:13  src.cpcv.tuning  INFO    [tuning] xgboost done in 4.7s — best log_loss=0.6830
19:27:13  src.cpcv.tuning  INFO  Tuning total: 64.9s
19:27:13  src.cpcv.pipeline  INFO      applied random_forest: {'n_estimators': 250, 'max_depth': 2, 'min_samples_leaf': 19, 'max_features': 'log2'}
19:27:13  src.cpcv.pipeline  INFO      applied xgboost: {'max_depth': 3, 'learning_rate': 0.06530555158582778, 'min_child_weight': 25, 'subsample': 0.734668610363764, 'colsample_bytree': 0.83445433467569, 'gamma': 0.06279209930838969, 'reg_alpha': 0.000179649519485956, 'reg_lambda': 0.0037653511867646863}
19:27:14  src.cpcv.models.tree_models  INFO  RandomForest fitted: 465 samples, 14 features, 250 trees.
19:27:14  src.cpcv.pipeline  INFO    [151/168]        random_forest (seed=0) F1=0.473  AUC=0.532  LL=0.7045 (0.9s)
19:27:15  src.cpcv.models.tree_models  INFO  RandomForest fitted: 465 samples, 14 features, 250 trees.
19:27:15  src.cpcv.pipeline  INFO    [152/168]        random_forest (seed=1) F1=0.468  AUC=0.544  LL=0.7005 (0.8s)
19:27:16  src.cpcv.models.tree_models  INFO  RandomForest fitted: 465 samples, 14 features, 250 trees.
19:27:16  src.cpcv.pipeline  INFO    [153/168]        random_forest (seed=2) F1=0.495  AUC=0.537  LL=0.7034 (0.8s)
19:27:16  src.cpcv.models.tree_models  INFO  XGBoost fitted: 465 samples, early stopped at iteration 0/300.
19:27:16  src.cpcv.pipeline  INFO    [154/168]              xgboost (seed=0) F1=0.467  AUC=0.470  LL=0.6991 (0.1s)
19:27:16  src.cpcv.models.tree_models  INFO  XGBoost fitted: 465 samples, early stopped at iteration 0/300.
19:27:16  src.cpcv.pipeline  INFO    [155/168]              xgboost (seed=1) F1=0.345  AUC=0.514  LL=0.6917 (0.1s)
19:27:16  src.cpcv.models.tree_models  INFO  XGBoost fitted: 465 samples, early stopped at iteration 0/300.
19:27:16  src.cpcv.pipeline  INFO    [156/168]              xgboost (seed=2) F1=0.345  AUC=0.502  LL=0.6918 (0.1s)
19:27:16  src.cpcv.preprocessing  INFO  Computing MDA (Random Forest)...
19:27:56  src.cpcv.preprocessing  INFO  Computing MDA (Logistic Regression)...
19:27:58  src.cpcv.preprocessing  INFO  Multi-model MDA: 31/73 passed (MDA > 0), 42 eliminated
19:27:58  src.cpcv.preprocessing  INFO    Capped at 14 features (top_k_frac=0.2)
19:27:58  src.cpcv.preprocessing  INFO    Selected (14): ['active_addr_roc_14', 'bb_width', 'eth_btc_ratio', 'exchange_supply_pct', 'gold_ret_14', 'log_returns_lag1', 'log_returns_lag2', 'log_returns_lag6', 'log_returns_lag7', 'natgas_ret_14', 'shannon_entropy', 'stoch_k', 'us10y', 'vix']
19:27:58  src.cpcv.pipeline  INFO    Preprocessing: 14 features selected, train=464 + val=100 + cal=100, test=292
19:27:58  src.cpcv.tuning  INFO  Tuning (2 models) — Optuna TPE + Purged K-Fold (inner: 3 folds, embargo=10 obs)
19:27:58  src.cpcv.tuning  INFO    [tuning] random_forest: 3 purged K-fold splits, 30 Optuna trials (TPE)
19:28:45  src.cpcv.tuning  INFO      random_forest: 23 completed, 7 pruned (of 30 total) — best log_loss=0.6848, params={'n_estimators': 150, 'max_depth': 2, 'min_samples_leaf': 40, 'max_features': 'log2'}
19:28:45  src.cpcv.tuning  INFO    [tuning] random_forest done in 46.9s — best log_loss=0.6848
19:28:45  src.cpcv.tuning  INFO    [tuning] xgboost: 3 purged K-fold splits, 30 Optuna trials (TPE)
19:28:51  src.cpcv.tuning  INFO      xgboost: 19 completed, 11 pruned (of 30 total) — best log_loss=0.6698, params={'max_depth': 2, 'learning_rate': 0.09719442732457283, 'min_child_weight': 22, 'subsample': 0.7400028246550391, 'colsample_bytree': 0.7886369489536518, 'gamma': 0.057455894550295684, 'reg_alpha': 0.0005844317258424099, 'reg_lambda': 0.016756638283609265}
19:28:51  src.cpcv.tuning  INFO    [tuning] xgboost done in 6.1s — best log_loss=0.6698
19:28:51  src.cpcv.tuning  INFO  Tuning total: 53.0s
19:28:51  src.cpcv.pipeline  INFO      applied random_forest: {'n_estimators': 150, 'max_depth': 2, 'min_samples_leaf': 40, 'max_features': 'log2'}
19:28:51  src.cpcv.pipeline  INFO      applied xgboost: {'max_depth': 2, 'learning_rate': 0.09719442732457283, 'min_child_weight': 22, 'subsample': 0.7400028246550391, 'colsample_bytree': 0.7886369489536518, 'gamma': 0.057455894550295684, 'reg_alpha': 0.0005844317258424099, 'reg_lambda': 0.016756638283609265}
19:28:51  src.cpcv.models.tree_models  INFO  RandomForest fitted: 464 samples, 14 features, 150 trees.
19:28:51  src.cpcv.pipeline  INFO    [157/168]        random_forest (seed=0) F1=0.345  AUC=0.426  LL=0.7101 (0.6s)
19:28:52  src.cpcv.models.tree_models  INFO  RandomForest fitted: 464 samples, 14 features, 150 trees.
19:28:52  src.cpcv.pipeline  INFO    [158/168]        random_forest (seed=1) F1=0.345  AUC=0.416  LL=0.7027 (0.5s)
19:28:52  src.cpcv.models.tree_models  INFO  RandomForest fitted: 464 samples, 14 features, 150 trees.
19:28:53  src.cpcv.pipeline  INFO    [159/168]        random_forest (seed=2) F1=0.347  AUC=0.431  LL=0.7082 (0.8s)
19:28:53  src.cpcv.models.tree_models  INFO  XGBoost fitted: 464 samples, early stopped at iteration 17/300.
19:28:53  src.cpcv.pipeline  INFO    [160/168]              xgboost (seed=0) F1=0.345  AUC=0.468  LL=0.7031 (0.1s)
19:28:53  src.cpcv.models.tree_models  INFO  XGBoost fitted: 464 samples, early stopped at iteration 3/300.
19:28:53  src.cpcv.pipeline  INFO    [161/168]              xgboost (seed=1) F1=0.418  AUC=0.447  LL=0.7199 (0.1s)
19:28:53  src.cpcv.models.tree_models  INFO  XGBoost fitted: 464 samples, early stopped at iteration 13/300.
19:28:53  src.cpcv.pipeline  INFO    [162/168]              xgboost (seed=2) F1=0.345  AUC=0.450  LL=0.7026 (0.1s)
19:28:53  src.cpcv.preprocessing  INFO  Computing MDA (Random Forest)...
19:29:34  src.cpcv.preprocessing  INFO  Computing MDA (Logistic Regression)...
19:29:36  src.cpcv.preprocessing  INFO  Multi-model MDA: 38/73 passed (MDA > 0), 35 eliminated
19:29:36  src.cpcv.preprocessing  INFO    Capped at 14 features (top_k_frac=0.2)
19:29:36  src.cpcv.preprocessing  INFO    Selected (14): ['dxy_roc_30', 'exchange_supply_pct', 'hurst', 'log_returns_lag1', 'log_returns_lag4', 'macd_signal', 'roc_14', 'silver_ret_30', 'skewness', 'smt_exp', 'stoch_d', 'williams_r', 'yield_curve_2y10y', 'yz_vol']
19:29:36  src.cpcv.pipeline  INFO    Preprocessing: 14 features selected, train=473 + val=101 + cal=102, test=292
19:29:36  src.cpcv.tuning  INFO  Tuning (2 models) — Optuna TPE + Purged K-Fold (inner: 3 folds, embargo=10 obs)
19:29:36  src.cpcv.tuning  INFO    [tuning] random_forest: 3 purged K-fold splits, 30 Optuna trials (TPE)
19:30:38  src.cpcv.tuning  INFO      random_forest: 30 completed, 0 pruned (of 30 total) — best log_loss=0.6972, params={'n_estimators': 250, 'max_depth': 2, 'min_samples_leaf': 15, 'max_features': 'sqrt'}
19:30:38  src.cpcv.tuning  INFO    [tuning] random_forest done in 62.7s — best log_loss=0.6972
19:30:38  src.cpcv.tuning  INFO    [tuning] xgboost: 3 purged K-fold splits, 30 Optuna trials (TPE)
19:30:43  src.cpcv.tuning  INFO      xgboost: 28 completed, 2 pruned (of 30 total) — best log_loss=0.6917, params={'max_depth': 1, 'learning_rate': 0.05388108577817234, 'min_child_weight': 11, 'subsample': 0.9637281608315128, 'colsample_bytree': 0.7035119926400067, 'gamma': 0.21137059440645725, 'reg_alpha': 6.388511557344611e-06, 'reg_lambda': 0.0004793052550782129}
19:30:43  src.cpcv.tuning  INFO    [tuning] xgboost done in 5.0s — best log_loss=0.6917
19:30:43  src.cpcv.tuning  INFO  Tuning total: 67.7s
19:30:43  src.cpcv.pipeline  INFO      applied random_forest: {'n_estimators': 250, 'max_depth': 2, 'min_samples_leaf': 15, 'max_features': 'sqrt'}
19:30:43  src.cpcv.pipeline  INFO      applied xgboost: {'max_depth': 1, 'learning_rate': 0.05388108577817234, 'min_child_weight': 11, 'subsample': 0.9637281608315128, 'colsample_bytree': 0.7035119926400067, 'gamma': 0.21137059440645725, 'reg_alpha': 6.388511557344611e-06, 'reg_lambda': 0.0004793052550782129}
19:30:44  src.cpcv.models.tree_models  INFO  RandomForest fitted: 473 samples, 14 features, 250 trees.
19:30:44  src.cpcv.pipeline  INFO    [163/168]        random_forest (seed=0) F1=0.385  AUC=0.481  LL=0.7154 (0.8s)
19:30:45  src.cpcv.models.tree_models  INFO  RandomForest fitted: 473 samples, 14 features, 250 trees.
19:30:45  src.cpcv.pipeline  INFO    [164/168]        random_forest (seed=1) F1=0.347  AUC=0.475  LL=0.7164 (0.8s)
19:30:46  src.cpcv.models.tree_models  INFO  RandomForest fitted: 473 samples, 14 features, 250 trees.
19:30:46  src.cpcv.pipeline  INFO    [165/168]        random_forest (seed=2) F1=0.378  AUC=0.489  LL=0.7169 (0.8s)
19:30:46  src.cpcv.models.tree_models  INFO  XGBoost fitted: 473 samples, early stopped at iteration 1/300.
19:30:46  src.cpcv.pipeline  INFO    [166/168]              xgboost (seed=0) F1=0.305  AUC=0.503  LL=0.7265 (0.1s)
19:30:46  src.cpcv.models.tree_models  INFO  XGBoost fitted: 473 samples, early stopped at iteration 0/300.
19:30:46  src.cpcv.pipeline  INFO    [167/168]              xgboost (seed=1) F1=0.305  AUC=0.498  LL=0.7067 (0.1s)
19:30:46  src.cpcv.models.tree_models  INFO  XGBoost fitted: 473 samples, early stopped at iteration 0/300.
19:30:46  src.cpcv.pipeline  INFO    [168/168]              xgboost (seed=2) F1=0.305  AUC=0.498  LL=0.7067 (0.0s)
19:30:46  src.cpcv.pipeline  INFO  ============================================================
19:30:46  src.cpcv.pipeline  INFO  CPCV Pipeline Complete
19:30:46  src.cpcv.pipeline  INFO  ============================================================
19:30:46  src.cpcv.pipeline  INFO    Total time:     2983.6s (49.7m)
19:30:46  src.cpcv.pipeline  INFO    Tasks:          168 succeeded, 0 failed
19:30:46  src.cpcv.pipeline  INFO    Results keys:   168 (model, split, seed) entries
19:30:46  src.cpcv.pipeline  INFO    Backtest paths: 7
19:30:46  src.cpcv.pipeline  INFO    Tuning:         nested (per-split), 28 splits tuned, models=['random_forest', 'xgboost']
19:30:46  src.cpcv.pipeline  INFO  ============================================================
19:30:47  src.cpcv.pipeline  INFO  ============================================================
19:30:47  src.cpcv.pipeline  INFO  CPCV Pipeline
19:30:47  src.cpcv.pipeline  INFO  ============================================================
19:30:47  src.cpcv.pipeline  INFO    Models:         ['lstm']
19:30:47  src.cpcv.pipeline  INFO    Seeds/fold:     3
19:30:47  src.cpcv.pipeline  INFO    Groups (N):     8
19:30:47  src.cpcv.pipeline  INFO    Test groups (k):2
19:30:47  src.cpcv.pipeline  INFO    Embargo:        1.0%
19:30:47  src.cpcv.pipeline  INFO    FFD columns:    ['atr']
19:30:47  src.cpcv.pipeline  INFO    Samples:        1168
19:30:47  src.cpcv.pipeline  INFO    Features:       73
19:30:47  src.cpcv.pipeline  INFO    Splits:         28, Paths: 7
19:30:47  src.cpcv.pipeline  INFO    Tuning:         NESTED (per-split) — ['lstm'] [30 trials]
19:30:47  src.cpcv.pipeline  INFO  ============================================================
19:30:47  src.cpcv.preprocessing  INFO  Computing MDA (Random Forest)...
19:31:34  src.cpcv.preprocessing  INFO  Computing MDA (Logistic Regression)...
19:31:35  src.cpcv.preprocessing  INFO  Multi-model MDA: 31/73 passed (MDA > 0), 42 eliminated
19:31:35  src.cpcv.preprocessing  INFO    Capped at 14 features (top_k_frac=0.2)
19:31:35  src.cpcv.preprocessing  INFO    Selected (14): ['ema_ratio_20_50', 'eth_btc_ratio', 'exchange_supply_pct', 'jarque_bera', 'log_returns', 'log_returns_lag6', 'macd_hist', 'natgas_ret_30', 'skewness', 'smt_exp', 'sp500_ret_30', 'variance_ratio', 'vix', 'yield_curve_2y10y']
19:31:35  src.cpcv.pipeline  INFO    Preprocessing: 14 features selected, train=605 + val=130 + cal=130, test=93
19:31:35  src.cpcv.tuning  INFO  Tuning (1 model) — Optuna TPE + Purged K-Fold (inner: 3 folds, embargo=10 obs)
19:31:35  src.cpcv.tuning  INFO    [tuning] lstm: 3 purged K-fold splits, 30 Optuna trials (TPE)
19:32:49  src.cpcv.tuning  INFO      lstm: 28 completed, 2 pruned (of 30 total) — best log_loss=0.6821, params={'hidden_size': 8, 'dropout': 0.466953867292609, 'learning_rate': 0.038989159990370274}
19:32:49  src.cpcv.tuning  INFO    [tuning] lstm done in 74.4s — best log_loss=0.6821
19:32:49  src.cpcv.tuning  INFO  Tuning total: 74.4s
19:32:49  src.cpcv.pipeline  INFO      applied lstm: {'hidden_size': 8, 'num_layers': 1, 'dropout': 0.466953867292609, 'learning_rate': 0.038989159990370274}
19:32:51  src.cpcv.pipeline  INFO    [  1/84]                 lstm (seed=0) F1=0.292  AUC=0.582  LL=1.2239 (1.8s)
19:32:53  src.cpcv.pipeline  INFO    [  2/84]                 lstm (seed=1) F1=0.370  AUC=0.516  LL=0.6898 (1.4s)
19:32:54  src.cpcv.pipeline  INFO    [  3/84]                 lstm (seed=2) F1=0.292  AUC=0.492  LL=0.8169 (1.4s)
19:32:54  src.cpcv.preprocessing  INFO  Computing MDA (Random Forest)...
19:33:40  src.cpcv.preprocessing  INFO  Computing MDA (Logistic Regression)...
19:33:41  src.cpcv.preprocessing  INFO  Multi-model MDA: 39/73 passed (MDA > 0), 34 eliminated
19:33:41  src.cpcv.preprocessing  INFO    Capped at 14 features (top_k_frac=0.2)
19:33:41  src.cpcv.preprocessing  INFO    Selected (14): ['cci_14', 'copper_ret_14', 'ema_ratio_50_200', 'gk_vol', 'gold_ret_30', 'log_returns', 'natgas_ret_30', 'oil_ret_14', 'oil_ret_30', 'roc_14', 'rsi', 'silver_ret_30', 'stoch_d', 'yz_vol']
19:33:42  src.cpcv.pipeline  INFO    Preprocessing: 14 features selected, train=566 + val=121 + cal=122, test=146
19:33:42  src.cpcv.tuning  INFO  Tuning (1 model) — Optuna TPE + Purged K-Fold (inner: 3 folds, embargo=10 obs)
19:33:42  src.cpcv.tuning  INFO    [tuning] lstm: 3 purged K-fold splits, 30 Optuna trials (TPE)
19:34:52  src.cpcv.tuning  INFO      lstm: 24 completed, 6 pruned (of 30 total) — best log_loss=0.6796, params={'hidden_size': 8, 'dropout': 0.32279682206658294, 'learning_rate': 0.04722243491534861}
19:34:52  src.cpcv.tuning  INFO    [tuning] lstm done in 70.8s — best log_loss=0.6796
19:34:52  src.cpcv.tuning  INFO  Tuning total: 70.8s
19:34:52  src.cpcv.pipeline  INFO      applied lstm: {'hidden_size': 8, 'num_layers': 1, 'dropout': 0.32279682206658294, 'learning_rate': 0.04722243491534861}
19:34:54  src.cpcv.pipeline  INFO    [  4/84]                 lstm (seed=0) F1=0.500  AUC=0.505  LL=0.8952 (1.4s)
19:34:55  src.cpcv.pipeline  INFO    [  5/84]                 lstm (seed=1) F1=0.397  AUC=0.458  LL=0.7078 (1.5s)
19:34:57  src.cpcv.pipeline  INFO    [  6/84]                 lstm (seed=2) F1=0.462  AUC=0.436  LL=0.7089 (1.5s)
19:34:57  src.cpcv.preprocessing  INFO  Computing MDA (Random Forest)...
19:35:43  src.cpcv.preprocessing  INFO  Computing MDA (Logistic Regression)...
19:35:44  src.cpcv.preprocessing  INFO  Multi-model MDA: 36/73 passed (MDA > 0), 37 eliminated
19:35:44  src.cpcv.preprocessing  INFO    Capped at 14 features (top_k_frac=0.2)
19:35:44  src.cpcv.preprocessing  INFO    Selected (14): ['atr', 'cci_14', 'dxy_roc_30', 'ema_ratio_20_50', 'eth_btc_ratio', 'log_returns', 'log_returns_lag1', 'log_returns_lag5', 'log_returns_lag6', 'mvrv', 'natgas_ret_30', 'oil_ret_14', 'smt_poly1', 'stoch_d']
19:35:44  src.cpcv.pipeline  INFO    Preprocessing: 14 features selected, train=567 + val=122 + cal=122, test=146
19:35:44  src.cpcv.tuning  INFO  Tuning (1 model) — Optuna TPE + Purged K-Fold (inner: 3 folds, embargo=10 obs)
19:35:44  src.cpcv.tuning  INFO    [tuning] lstm: 3 purged K-fold splits, 30 Optuna trials (TPE)
19:36:44  src.cpcv.tuning  INFO      lstm: 15 completed, 15 pruned (of 30 total) — best log_loss=0.6817, params={'hidden_size': 8, 'dropout': 0.4968578463950409, 'learning_rate': 0.022362985414277146}
19:36:44  src.cpcv.tuning  INFO    [tuning] lstm done in 60.0s — best log_loss=0.6817
19:36:44  src.cpcv.tuning  INFO  Tuning total: 60.0s
19:36:44  src.cpcv.pipeline  INFO      applied lstm: {'hidden_size': 8, 'num_layers': 1, 'dropout': 0.4968578463950409, 'learning_rate': 0.022362985414277146}
19:36:45  src.cpcv.pipeline  INFO    [  7/84]                 lstm (seed=0) F1=0.345  AUC=0.487  LL=0.6920 (1.1s)
19:36:47  src.cpcv.pipeline  INFO    [  8/84]                 lstm (seed=1) F1=0.539  AUC=0.532  LL=0.7014 (1.4s)
19:36:48  src.cpcv.pipeline  INFO    [  9/84]                 lstm (seed=2) F1=0.392  AUC=0.540  LL=0.7078 (1.1s)
19:36:48  src.cpcv.preprocessing  INFO  Computing MDA (Random Forest)...
19:37:35  src.cpcv.preprocessing  INFO  Computing MDA (Logistic Regression)...
19:37:36  src.cpcv.preprocessing  INFO  Multi-model MDA: 39/73 passed (MDA > 0), 34 eliminated
19:37:36  src.cpcv.preprocessing  INFO    Capped at 14 features (top_k_frac=0.2)
19:37:36  src.cpcv.preprocessing  INFO    Selected (14): ['atr', 'cci_14', 'eth_btc_ratio', 'hashrate_roc_30', 'log_returns_lag21', 'lz_complexity', 'mvrv', 'natgas_ret_30', 'realized_vol', 'sadf', 'sp500_ret_14', 'tx_count_roc_14', 'variance_ratio', 'vix']
19:37:36  src.cpcv.pipeline  INFO    Preprocessing: 14 features selected, train=567 + val=122 + cal=122, test=146
19:37:36  src.cpcv.tuning  INFO  Tuning (1 model) — Optuna TPE + Purged K-Fold (inner: 3 folds, embargo=10 obs)
19:37:36  src.cpcv.tuning  INFO    [tuning] lstm: 3 purged K-fold splits, 30 Optuna trials (TPE)
19:38:37  src.cpcv.tuning  INFO      lstm: 21 completed, 9 pruned (of 30 total) — best log_loss=0.6868, params={'hidden_size': 8, 'dropout': 0.468451537029021, 'learning_rate': 0.017296626730762425}
19:38:37  src.cpcv.tuning  INFO    [tuning] lstm done in 60.6s — best log_loss=0.6868
19:38:37  src.cpcv.tuning  INFO  Tuning total: 60.6s
19:38:37  src.cpcv.pipeline  INFO      applied lstm: {'hidden_size': 8, 'num_layers': 1, 'dropout': 0.468451537029021, 'learning_rate': 0.017296626730762425}
19:38:38  src.cpcv.pipeline  INFO    [ 10/84]                 lstm (seed=0) F1=0.390  AUC=0.435  LL=0.6988 (1.0s)
19:38:39  src.cpcv.pipeline  INFO    [ 11/84]                 lstm (seed=1) F1=0.362  AUC=0.405  LL=0.7215 (1.0s)
19:38:40  src.cpcv.pipeline  INFO    [ 12/84]                 lstm (seed=2) F1=0.506  AUC=0.497  LL=0.6900 (1.3s)
19:38:40  src.cpcv.preprocessing  INFO  Computing MDA (Random Forest)...
19:39:27  src.cpcv.preprocessing  INFO  Computing MDA (Logistic Regression)...
19:39:29  src.cpcv.preprocessing  INFO  Multi-model MDA: 36/73 passed (MDA > 0), 37 eliminated
19:39:29  src.cpcv.preprocessing  INFO    Capped at 14 features (top_k_frac=0.2)
19:39:29  src.cpcv.preprocessing  INFO    Selected (14): ['active_addr_roc_14', 'atr', 'eth_btc_ratio', 'exchange_supply_pct', 'issuance_ntv', 'log_returns_lag1', 'log_returns_lag5', 'log_returns_lag7', 'obv', 'oil_ret_14', 'roc_14', 'skewness', 'smt_exp', 'vix']
19:39:29  src.cpcv.pipeline  INFO    Preprocessing: 14 features selected, train=567 + val=122 + cal=122, test=146
19:39:29  src.cpcv.tuning  INFO  Tuning (1 model) — Optuna TPE + Purged K-Fold (inner: 3 folds, embargo=10 obs)
19:39:29  src.cpcv.tuning  INFO    [tuning] lstm: 3 purged K-fold splits, 30 Optuna trials (TPE)
19:40:25  src.cpcv.tuning  INFO      lstm: 15 completed, 15 pruned (of 30 total) — best log_loss=0.6722, params={'hidden_size': 8, 'dropout': 0.3616896573131581, 'learning_rate': 0.02823170649143091}
19:40:25  src.cpcv.tuning  INFO    [tuning] lstm done in 56.1s — best log_loss=0.6722
19:40:25  src.cpcv.tuning  INFO  Tuning total: 56.1s
19:40:25  src.cpcv.pipeline  INFO      applied lstm: {'hidden_size': 8, 'num_layers': 1, 'dropout': 0.3616896573131581, 'learning_rate': 0.02823170649143091}
19:40:27  src.cpcv.pipeline  INFO    [ 13/84]                 lstm (seed=0) F1=0.458  AUC=0.437  LL=0.7814 (2.2s)
19:40:29  src.cpcv.pipeline  INFO    [ 14/84]                 lstm (seed=1) F1=0.517  AUC=0.525  LL=0.7368 (1.9s)
19:40:30  src.cpcv.pipeline  INFO    [ 15/84]                 lstm (seed=2) F1=0.476  AUC=0.458  LL=0.6952 (1.2s)
19:40:30  src.cpcv.preprocessing  INFO  Computing MDA (Random Forest)...
19:41:15  src.cpcv.preprocessing  INFO  Computing MDA (Logistic Regression)...
19:41:17  src.cpcv.preprocessing  INFO  Multi-model MDA: 40/73 passed (MDA > 0), 33 eliminated
19:41:17  src.cpcv.preprocessing  INFO    Capped at 14 features (top_k_frac=0.2)
19:41:17  src.cpcv.preprocessing  INFO    Selected (14): ['atr', 'chaikin_osc', 'eth_btc_ratio', 'hashrate_roc_30', 'jarque_bera', 'kurtosis', 'log_returns_lag30', 'log_returns_lag6', 'obv', 'silver_ret_30', 'variance_ratio', 'vol_term_7_30', 'vwma_ratio_20_50', 'yield_curve_2y10y']
19:41:17  src.cpcv.pipeline  INFO    Preprocessing: 14 features selected, train=567 + val=122 + cal=122, test=146
19:41:17  src.cpcv.tuning  INFO  Tuning (1 model) — Optuna TPE + Purged K-Fold (inner: 3 folds, embargo=10 obs)
19:41:17  src.cpcv.tuning  INFO    [tuning] lstm: 3 purged K-fold splits, 30 Optuna trials (TPE)
19:42:31  src.cpcv.tuning  INFO      lstm: 21 completed, 9 pruned (of 30 total) — best log_loss=0.6740, params={'hidden_size': 8, 'dropout': 0.40345918432683797, 'learning_rate': 0.021801817063143117}
19:42:31  src.cpcv.tuning  INFO    [tuning] lstm done in 74.6s — best log_loss=0.6740
19:42:31  src.cpcv.tuning  INFO  Tuning total: 74.6s
19:42:31  src.cpcv.pipeline  INFO      applied lstm: {'hidden_size': 8, 'num_layers': 1, 'dropout': 0.40345918432683797, 'learning_rate': 0.021801817063143117}
19:42:32  src.cpcv.pipeline  INFO    [ 16/84]                 lstm (seed=0) F1=0.364  AUC=0.570  LL=0.6881 (1.0s)
19:42:33  src.cpcv.pipeline  INFO    [ 17/84]                 lstm (seed=1) F1=0.502  AUC=0.560  LL=0.7349 (1.0s)
19:42:34  src.cpcv.pipeline  INFO    [ 18/84]                 lstm (seed=2) F1=0.507  AUC=0.580  LL=0.6975 (1.0s)
19:42:35  src.cpcv.preprocessing  INFO  Computing MDA (Random Forest)...
19:43:20  src.cpcv.preprocessing  INFO  Computing MDA (Logistic Regression)...
19:43:21  src.cpcv.preprocessing  INFO  Multi-model MDA: 40/73 passed (MDA > 0), 33 eliminated
19:43:21  src.cpcv.preprocessing  INFO    Capped at 14 features (top_k_frac=0.2)
19:43:21  src.cpcv.preprocessing  INFO    Selected (14): ['active_addr_roc_14', 'chaikin_osc', 'copper_ret_14', 'hashrate_roc_30', 'hurst', 'kurtosis', 'log_returns', 'log_returns_lag3', 'realized_vol', 'us10y', 'variance_ratio', 'vix', 'williams_r', 'yield_curve_2y10y']
19:43:21  src.cpcv.pipeline  INFO    Preprocessing: 14 features selected, train=575 + val=123 + cal=124, test=146
19:43:21  src.cpcv.tuning  INFO  Tuning (1 model) — Optuna TPE + Purged K-Fold (inner: 3 folds, embargo=10 obs)
19:43:21  src.cpcv.tuning  INFO    [tuning] lstm: 3 purged K-fold splits, 30 Optuna trials (TPE)
19:44:15  src.cpcv.tuning  INFO      lstm: 15 completed, 15 pruned (of 30 total) — best log_loss=0.6874, params={'hidden_size': 16, 'dropout': 0.2043551304765077, 'learning_rate': 0.028168262317655422}
19:44:15  src.cpcv.tuning  INFO    [tuning] lstm done in 54.2s — best log_loss=0.6874
19:44:15  src.cpcv.tuning  INFO  Tuning total: 54.2s
19:44:15  src.cpcv.pipeline  INFO      applied lstm: {'hidden_size': 16, 'num_layers': 1, 'dropout': 0.2043551304765077, 'learning_rate': 0.028168262317655422}
19:44:17  src.cpcv.pipeline  INFO    [ 19/84]                 lstm (seed=0) F1=0.351  AUC=0.581  LL=0.6908 (1.3s)
19:44:18  src.cpcv.pipeline  INFO    [ 20/84]                 lstm (seed=1) F1=0.351  AUC=0.564  LL=0.6897 (1.1s)
19:44:19  src.cpcv.pipeline  INFO    [ 21/84]                 lstm (seed=2) F1=0.348  AUC=0.498  LL=0.7050 (1.1s)
19:44:19  src.cpcv.preprocessing  INFO  Computing MDA (Random Forest)...
19:45:02  src.cpcv.preprocessing  INFO  Computing MDA (Logistic Regression)...
19:45:03  src.cpcv.preprocessing  INFO  Multi-model MDA: 37/73 passed (MDA > 0), 36 eliminated
19:45:03  src.cpcv.preprocessing  INFO    Capped at 14 features (top_k_frac=0.2)
19:45:03  src.cpcv.preprocessing  INFO    Selected (14): ['dxy_roc_30', 'gold_ret_30', 'log_returns', 'log_returns_lag2', 'log_returns_lag4', 'natgas_ret_30', 'negentropy', 'obv', 'rsi', 'silver_ret_30', 'skewness', 'tx_count_roc_14', 'us10y', 'us2y']
19:45:03  src.cpcv.pipeline  INFO    Preprocessing: 14 features selected, train=503 + val=108 + cal=108, test=239
19:45:03  src.cpcv.tuning  INFO  Tuning (1 model) — Optuna TPE + Purged K-Fold (inner: 3 folds, embargo=10 obs)
19:45:03  src.cpcv.tuning  INFO    [tuning] lstm: 3 purged K-fold splits, 30 Optuna trials (TPE)
19:45:52  src.cpcv.tuning  INFO      lstm: 20 completed, 10 pruned (of 30 total) — best log_loss=0.6821, params={'hidden_size': 8, 'dropout': 0.35545971025819184, 'learning_rate': 0.018354506076514166}
19:45:52  src.cpcv.tuning  INFO    [tuning] lstm done in 48.3s — best log_loss=0.6821
19:45:52  src.cpcv.tuning  INFO  Tuning total: 48.3s
19:45:52  src.cpcv.pipeline  INFO      applied lstm: {'hidden_size': 8, 'num_layers': 1, 'dropout': 0.35545971025819184, 'learning_rate': 0.018354506076514166}
19:45:53  src.cpcv.pipeline  INFO    [ 22/84]                 lstm (seed=0) F1=0.337  AUC=0.583  LL=0.6933 (1.4s)
19:45:55  src.cpcv.pipeline  INFO    [ 23/84]                 lstm (seed=1) F1=0.444  AUC=0.515  LL=0.6955 (1.6s)
19:45:56  src.cpcv.pipeline  INFO    [ 24/84]                 lstm (seed=2) F1=0.399  AUC=0.578  LL=0.7114 (1.5s)
19:45:57  src.cpcv.preprocessing  INFO  Computing MDA (Random Forest)...
19:46:38  src.cpcv.preprocessing  INFO  Computing MDA (Logistic Regression)...
19:46:39  src.cpcv.preprocessing  INFO  Multi-model MDA: 38/73 passed (MDA > 0), 35 eliminated
19:46:39  src.cpcv.preprocessing  INFO    Capped at 14 features (top_k_frac=0.2)
19:46:39  src.cpcv.preprocessing  INFO    Selected (14): ['cci_14', 'dxy_roc_30', 'eth_btc_ratio', 'hashrate_roc_30', 'jarque_bera', 'kurtosis', 'log_returns_lag2', 'log_returns_lag6', 'macd', 'macd_hist', 'natgas_ret_30', 'negentropy', 'us10y', 'vol_term_7_30']
19:46:39  src.cpcv.pipeline  INFO    Preprocessing: 14 features selected, train=494 + val=106 + cal=107, test=239
19:46:39  src.cpcv.tuning  INFO  Tuning (1 model) — Optuna TPE + Purged K-Fold (inner: 3 folds, embargo=10 obs)
19:46:39  src.cpcv.tuning  INFO    [tuning] lstm: 3 purged K-fold splits, 30 Optuna trials (TPE)
19:47:40  src.cpcv.tuning  INFO      lstm: 20 completed, 10 pruned (of 30 total) — best log_loss=0.6911, params={'hidden_size': 8, 'dropout': 0.49754082124249444, 'learning_rate': 0.025191630722620987}
19:47:40  src.cpcv.tuning  INFO    [tuning] lstm done in 61.0s — best log_loss=0.6911
19:47:40  src.cpcv.tuning  INFO  Tuning total: 61.0s
19:47:40  src.cpcv.pipeline  INFO      applied lstm: {'hidden_size': 8, 'num_layers': 1, 'dropout': 0.49754082124249444, 'learning_rate': 0.025191630722620987}
19:47:42  src.cpcv.pipeline  INFO    [ 25/84]                 lstm (seed=0) F1=0.468  AUC=0.533  LL=0.6870 (2.4s)
19:47:44  src.cpcv.pipeline  INFO    [ 26/84]                 lstm (seed=1) F1=0.437  AUC=0.506  LL=0.7011 (1.1s)
19:47:45  src.cpcv.pipeline  INFO    [ 27/84]                 lstm (seed=2) F1=0.360  AUC=0.505  LL=0.6871 (1.5s)
19:47:45  src.cpcv.preprocessing  INFO  Computing MDA (Random Forest)...
19:48:27  src.cpcv.preprocessing  INFO  Computing MDA (Logistic Regression)...
19:48:29  src.cpcv.preprocessing  INFO  Multi-model MDA: 37/73 passed (MDA > 0), 36 eliminated
19:48:29  src.cpcv.preprocessing  INFO    Capped at 14 features (top_k_frac=0.2)
19:48:29  src.cpcv.preprocessing  INFO    Selected (14): ['cci_14', 'chaikin_osc', 'dxy_roc_30', 'eth_btc_ratio', 'gold_ret_14', 'hashrate_roc_30', 'jarque_bera', 'log_returns_lag4', 'natgas_ret_30', 'roc_14', 'rsi', 'smt_exp', 'sp500_ret_14', 'williams_r']
19:48:29  src.cpcv.pipeline  INFO    Preprocessing: 14 features selected, train=494 + val=106 + cal=107, test=239
19:48:29  src.cpcv.tuning  INFO  Tuning (1 model) — Optuna TPE + Purged K-Fold (inner: 3 folds, embargo=10 obs)
19:48:29  src.cpcv.tuning  INFO    [tuning] lstm: 3 purged K-fold splits, 30 Optuna trials (TPE)
19:49:11  src.cpcv.tuning  INFO      lstm: 7 completed, 23 pruned (of 30 total) — best log_loss=0.6761, params={'hidden_size': 8, 'dropout': 0.4852142919229748, 'learning_rate': 0.009454306819536176}
19:49:11  src.cpcv.tuning  INFO    [tuning] lstm done in 42.3s — best log_loss=0.6761
19:49:11  src.cpcv.tuning  INFO  Tuning total: 42.3s
19:49:11  src.cpcv.pipeline  INFO      applied lstm: {'hidden_size': 8, 'num_layers': 1, 'dropout': 0.4852142919229748, 'learning_rate': 0.009454306819536176}
19:49:12  src.cpcv.pipeline  INFO    [ 28/84]                 lstm (seed=0) F1=0.486  AUC=0.554  LL=0.6987 (1.0s)
19:49:13  src.cpcv.pipeline  INFO    [ 29/84]                 lstm (seed=1) F1=0.492  AUC=0.494  LL=0.6903 (1.0s)
19:49:14  src.cpcv.pipeline  INFO    [ 30/84]                 lstm (seed=2) F1=0.501  AUC=0.579  LL=0.7331 (1.1s)
19:49:15  src.cpcv.preprocessing  INFO  Computing MDA (Random Forest)...
19:49:57  src.cpcv.preprocessing  INFO  Computing MDA (Logistic Regression)...
19:49:58  src.cpcv.preprocessing  INFO  Multi-model MDA: 37/73 passed (MDA > 0), 36 eliminated
19:49:58  src.cpcv.preprocessing  INFO    Capped at 14 features (top_k_frac=0.2)
19:49:58  src.cpcv.preprocessing  INFO    Selected (14): ['cci_14', 'ema_ratio_20_50', 'fee_per_tx', 'gold_ret_30', 'hashrate_roc_30', 'jarque_bera', 'log_returns', 'log_returns_lag6', 'mfi_14', 'natgas_ret_14', 'natgas_ret_30', 'silver_ret_30', 'skewness', 'sp500_ret_14']
19:49:58  src.cpcv.pipeline  INFO    Preprocessing: 14 features selected, train=494 + val=106 + cal=107, test=239
19:49:58  src.cpcv.tuning  INFO  Tuning (1 model) — Optuna TPE + Purged K-Fold (inner: 3 folds, embargo=10 obs)
19:49:58  src.cpcv.tuning  INFO    [tuning] lstm: 3 purged K-fold splits, 30 Optuna trials (TPE)
19:50:54  src.cpcv.tuning  INFO      lstm: 19 completed, 11 pruned (of 30 total) — best log_loss=0.6765, params={'hidden_size': 16, 'dropout': 0.3768795505537278, 'learning_rate': 0.03660485691819791}
19:50:54  src.cpcv.tuning  INFO    [tuning] lstm done in 56.0s — best log_loss=0.6765
19:50:54  src.cpcv.tuning  INFO  Tuning total: 56.0s
19:50:54  src.cpcv.pipeline  INFO      applied lstm: {'hidden_size': 16, 'num_layers': 1, 'dropout': 0.3768795505537278, 'learning_rate': 0.03660485691819791}
19:50:56  src.cpcv.pipeline  INFO    [ 31/84]                 lstm (seed=0) F1=0.345  AUC=0.513  LL=0.6917 (1.3s)
19:50:57  src.cpcv.pipeline  INFO    [ 32/84]                 lstm (seed=1) F1=0.464  AUC=0.548  LL=0.6961 (1.2s)
19:50:58  src.cpcv.pipeline  INFO    [ 33/84]                 lstm (seed=2) F1=0.536  AUC=0.546  LL=0.7112 (1.3s)
19:50:59  src.cpcv.preprocessing  INFO  Computing MDA (Random Forest)...
19:51:40  src.cpcv.preprocessing  INFO  Computing MDA (Logistic Regression)...
19:51:41  src.cpcv.preprocessing  INFO  Multi-model MDA: 34/73 passed (MDA > 0), 39 eliminated
19:51:41  src.cpcv.preprocessing  INFO    Capped at 14 features (top_k_frac=0.2)
19:51:41  src.cpcv.preprocessing  INFO    Selected (14): ['atr', 'copper_ret_14', 'eth_btc_ratio', 'fee_per_tx', 'jarque_bera', 'log_returns_lag4', 'log_returns_lag6', 'oil_ret_14', 'skewness', 'sp500_ret_30', 'variance_ratio', 'vix', 'vol_term_7_30', 'yield_curve_10y30y']
19:51:41  src.cpcv.pipeline  INFO    Preprocessing: 14 features selected, train=494 + val=106 + cal=107, test=239
19:51:41  src.cpcv.tuning  INFO  Tuning (1 model) — Optuna TPE + Purged K-Fold (inner: 3 folds, embargo=10 obs)
19:51:41  src.cpcv.tuning  INFO    [tuning] lstm: 3 purged K-fold splits, 30 Optuna trials (TPE)
19:52:43  src.cpcv.tuning  INFO      lstm: 16 completed, 14 pruned (of 30 total) — best log_loss=0.6738, params={'hidden_size': 8, 'dropout': 0.3542284324393026, 'learning_rate': 0.018260470919585034}
19:52:43  src.cpcv.tuning  INFO    [tuning] lstm done in 61.9s — best log_loss=0.6738
19:52:43  src.cpcv.tuning  INFO  Tuning total: 61.9s
19:52:43  src.cpcv.pipeline  INFO      applied lstm: {'hidden_size': 8, 'num_layers': 1, 'dropout': 0.3542284324393026, 'learning_rate': 0.018260470919585034}
19:52:44  src.cpcv.pipeline  INFO    [ 34/84]                 lstm (seed=0) F1=0.322  AUC=0.519  LL=0.8519 (1.2s)
19:52:45  src.cpcv.pipeline  INFO    [ 35/84]                 lstm (seed=1) F1=0.510  AUC=0.534  LL=0.7284 (1.0s)
19:52:46  src.cpcv.pipeline  INFO    [ 36/84]                 lstm (seed=2) F1=0.428  AUC=0.458  LL=0.6996 (0.8s)
19:52:46  src.cpcv.preprocessing  INFO  Computing MDA (Random Forest)...
19:53:26  src.cpcv.preprocessing  INFO  Computing MDA (Logistic Regression)...
19:53:28  src.cpcv.preprocessing  INFO  Multi-model MDA: 39/73 passed (MDA > 0), 34 eliminated
19:53:28  src.cpcv.preprocessing  INFO    Capped at 14 features (top_k_frac=0.2)
19:53:28  src.cpcv.preprocessing  INFO    Selected (14): ['dxy_roc_30', 'eth_btc_ratio', 'jarque_bera', 'kurtosis', 'log_returns_lag3', 'macd_hist', 'nasdaq_ret_30', 'obv', 'oil_ret_14', 'sadf', 'sp500_ret_30', 'williams_r', 'yield_curve_2y10y', 'yz_vol']
19:53:28  src.cpcv.pipeline  INFO    Preprocessing: 14 features selected, train=502 + val=108 + cal=108, test=239
19:53:28  src.cpcv.tuning  INFO  Tuning (1 model) — Optuna TPE + Purged K-Fold (inner: 3 folds, embargo=10 obs)
19:53:28  src.cpcv.tuning  INFO    [tuning] lstm: 3 purged K-fold splits, 30 Optuna trials (TPE)
19:54:18  src.cpcv.tuning  INFO      lstm: 16 completed, 14 pruned (of 30 total) — best log_loss=0.6874, params={'hidden_size': 16, 'dropout': 0.2032639475530097, 'learning_rate': 0.04492804320059423}
19:54:18  src.cpcv.tuning  INFO    [tuning] lstm done in 50.4s — best log_loss=0.6874
19:54:18  src.cpcv.tuning  INFO  Tuning total: 50.4s
19:54:18  src.cpcv.pipeline  INFO      applied lstm: {'hidden_size': 16, 'num_layers': 1, 'dropout': 0.2032639475530097, 'learning_rate': 0.04492804320059423}
19:54:20  src.cpcv.pipeline  INFO    [ 37/84]                 lstm (seed=0) F1=0.363  AUC=0.488  LL=0.6835 (1.4s)
19:54:21  src.cpcv.pipeline  INFO    [ 38/84]                 lstm (seed=1) F1=0.481  AUC=0.517  LL=0.6897 (1.0s)
19:54:22  src.cpcv.pipeline  INFO    [ 39/84]                 lstm (seed=2) F1=0.363  AUC=0.469  LL=0.6855 (1.3s)
19:54:22  src.cpcv.preprocessing  INFO  Computing MDA (Random Forest)...
19:55:04  src.cpcv.preprocessing  INFO  Computing MDA (Logistic Regression)...
19:55:05  src.cpcv.preprocessing  INFO  Multi-model MDA: 37/73 passed (MDA > 0), 36 eliminated
19:55:05  src.cpcv.preprocessing  INFO    Capped at 14 features (top_k_frac=0.2)
19:55:05  src.cpcv.preprocessing  INFO    Selected (14): ['eth_btc_ratio', 'log_returns_lag2', 'log_returns_lag6', 'macd_hist', 'obv', 'oil_ret_30', 'roc_14', 'sadf', 'silver_ret_30', 'sp500_ret_30', 'stoch_d', 'vol_term_30_90', 'williams_r', 'yield_curve_2y10y']
19:55:05  src.cpcv.pipeline  INFO    Preprocessing: 14 features selected, train=464 + val=99 + cal=100, test=292
19:55:05  src.cpcv.tuning  INFO  Tuning (1 model) — Optuna TPE + Purged K-Fold (inner: 3 folds, embargo=10 obs)
19:55:05  src.cpcv.tuning  INFO    [tuning] lstm: 3 purged K-fold splits, 30 Optuna trials (TPE)
19:55:52  src.cpcv.tuning  INFO      lstm: 18 completed, 12 pruned (of 30 total) — best log_loss=0.6851, params={'hidden_size': 8, 'dropout': 0.41365590664780355, 'learning_rate': 0.04839964507282664}
19:55:52  src.cpcv.tuning  INFO    [tuning] lstm done in 47.2s — best log_loss=0.6851
19:55:52  src.cpcv.tuning  INFO  Tuning total: 47.2s
19:55:52  src.cpcv.pipeline  INFO      applied lstm: {'hidden_size': 8, 'num_layers': 1, 'dropout': 0.41365590664780355, 'learning_rate': 0.04839964507282664}
19:55:54  src.cpcv.pipeline  INFO    [ 40/84]                 lstm (seed=0) F1=0.462  AUC=0.496  LL=0.7219 (1.4s)
19:55:55  src.cpcv.pipeline  INFO    [ 41/84]                 lstm (seed=1) F1=0.337  AUC=0.561  LL=0.6949 (1.6s)
19:55:57  src.cpcv.pipeline  INFO    [ 42/84]                 lstm (seed=2) F1=0.358  AUC=0.500  LL=0.6969 (1.6s)
19:55:57  src.cpcv.preprocessing  INFO  Computing MDA (Random Forest)...
19:56:37  src.cpcv.preprocessing  INFO  Computing MDA (Logistic Regression)...
19:56:39  src.cpcv.preprocessing  INFO  Multi-model MDA: 39/73 passed (MDA > 0), 34 eliminated
19:56:39  src.cpcv.preprocessing  INFO    Capped at 14 features (top_k_frac=0.2)
19:56:39  src.cpcv.preprocessing  INFO    Selected (14): ['ema_ratio_20_50', 'eth_btc_ratio', 'issuance_ntv', 'log_returns_lag4', 'mvrv', 'oil_ret_14', 'roc_14', 'skewness', 'sp500_ret_14', 'sp500_ret_30', 'stoch_d', 'us2y', 'yield_curve_10y30y', 'yield_curve_2y10y']
19:56:39  src.cpcv.pipeline  INFO    Preprocessing: 14 features selected, train=455 + val=98 + cal=98, test=292
19:56:39  src.cpcv.tuning  INFO  Tuning (1 model) — Optuna TPE + Purged K-Fold (inner: 3 folds, embargo=10 obs)
19:56:39  src.cpcv.tuning  INFO    [tuning] lstm: 3 purged K-fold splits, 30 Optuna trials (TPE)
19:57:25  src.cpcv.tuning  INFO      lstm: 14 completed, 16 pruned (of 30 total) — best log_loss=0.6846, params={'hidden_size': 16, 'dropout': 0.335852876374427, 'learning_rate': 0.04967931340641835}
19:57:25  src.cpcv.tuning  INFO    [tuning] lstm done in 46.4s — best log_loss=0.6846
19:57:25  src.cpcv.tuning  INFO  Tuning total: 46.4s
19:57:25  src.cpcv.pipeline  INFO      applied lstm: {'hidden_size': 16, 'num_layers': 1, 'dropout': 0.335852876374427, 'learning_rate': 0.04967931340641835}
19:57:26  src.cpcv.pipeline  INFO    [ 43/84]                 lstm (seed=0) F1=0.484  AUC=0.544  LL=0.6991 (1.5s)
19:57:28  src.cpcv.pipeline  INFO    [ 44/84]                 lstm (seed=1) F1=0.487  AUC=0.501  LL=0.6947 (1.8s)
19:57:29  src.cpcv.pipeline  INFO    [ 45/84]                 lstm (seed=2) F1=0.478  AUC=0.573  LL=0.7404 (1.1s)
19:57:30  src.cpcv.preprocessing  INFO  Computing MDA (Random Forest)...
19:58:09  src.cpcv.preprocessing  INFO  Computing MDA (Logistic Regression)...
19:58:10  src.cpcv.preprocessing  INFO  Multi-model MDA: 30/73 passed (MDA > 0), 43 eliminated
19:58:10  src.cpcv.preprocessing  INFO    Capped at 14 features (top_k_frac=0.2)
19:58:10  src.cpcv.preprocessing  INFO    Selected (14): ['ema_ratio_50_200', 'log_returns', 'log_returns_lag2', 'log_returns_lag30', 'log_returns_lag7', 'natgas_ret_14', 'natgas_ret_30', 'rsi', 'skewness', 'sp500_ret_14', 'us10y', 'us2y', 'vix', 'yield_curve_10y30y']
19:58:11  src.cpcv.pipeline  INFO    Preprocessing: 14 features selected, train=455 + val=98 + cal=98, test=292
19:58:11  src.cpcv.tuning  INFO  Tuning (1 model) — Optuna TPE + Purged K-Fold (inner: 3 folds, embargo=10 obs)
19:58:11  src.cpcv.tuning  INFO    [tuning] lstm: 3 purged K-fold splits, 30 Optuna trials (TPE)
19:58:54  src.cpcv.tuning  INFO      lstm: 12 completed, 18 pruned (of 30 total) — best log_loss=0.6821, params={'hidden_size': 8, 'dropout': 0.3872250581517096, 'learning_rate': 0.013031452999306192}
19:58:54  src.cpcv.tuning  INFO    [tuning] lstm done in 43.6s — best log_loss=0.6821
19:58:54  src.cpcv.tuning  INFO  Tuning total: 43.6s
19:58:54  src.cpcv.pipeline  INFO      applied lstm: {'hidden_size': 8, 'num_layers': 1, 'dropout': 0.3872250581517096, 'learning_rate': 0.013031452999306192}
19:58:56  src.cpcv.pipeline  INFO    [ 46/84]                 lstm (seed=0) F1=0.494  AUC=0.566  LL=0.6997 (1.9s)
19:58:57  src.cpcv.pipeline  INFO    [ 47/84]                 lstm (seed=1) F1=0.556  AUC=0.567  LL=0.6932 (1.1s)
19:58:58  src.cpcv.pipeline  INFO    [ 48/84]                 lstm (seed=2) F1=0.376  AUC=0.518  LL=0.7836 (0.7s)
19:58:58  src.cpcv.preprocessing  INFO  Computing MDA (Random Forest)...
19:59:39  src.cpcv.preprocessing  INFO  Computing MDA (Logistic Regression)...
19:59:40  src.cpcv.preprocessing  INFO  Multi-model MDA: 37/73 passed (MDA > 0), 36 eliminated
19:59:40  src.cpcv.preprocessing  INFO    Capped at 14 features (top_k_frac=0.2)
19:59:40  src.cpcv.preprocessing  INFO    Selected (14): ['dxy_roc_30', 'exchange_supply_pct', 'jarque_bera', 'log_returns_lag5', 'log_returns_lag6', 'lz_complexity', 'nasdaq_ret_14', 'nasdaq_ret_30', 'obv', 'oil_ret_14', 'rsi', 'sadf', 'silver_ret_30', 'smt_exp']
19:59:40  src.cpcv.pipeline  INFO    Preprocessing: 14 features selected, train=455 + val=98 + cal=98, test=292
19:59:40  src.cpcv.tuning  INFO  Tuning (1 model) — Optuna TPE + Purged K-Fold (inner: 3 folds, embargo=10 obs)
19:59:40  src.cpcv.tuning  INFO    [tuning] lstm: 3 purged K-fold splits, 30 Optuna trials (TPE)
20:00:31  src.cpcv.tuning  INFO      lstm: 21 completed, 9 pruned (of 30 total) — best log_loss=0.6751, params={'hidden_size': 16, 'dropout': 0.2032639475530097, 'learning_rate': 0.04492804320059423}
20:00:31  src.cpcv.tuning  INFO    [tuning] lstm done in 50.8s — best log_loss=0.6751
20:00:31  src.cpcv.tuning  INFO  Tuning total: 50.8s
20:00:31  src.cpcv.pipeline  INFO      applied lstm: {'hidden_size': 16, 'num_layers': 1, 'dropout': 0.2032639475530097, 'learning_rate': 0.04492804320059423}
20:00:32  src.cpcv.pipeline  INFO    [ 49/84]                 lstm (seed=0) F1=0.378  AUC=0.412  LL=0.7325 (0.9s)
20:00:32  src.cpcv.pipeline  INFO    [ 50/84]                 lstm (seed=1) F1=0.340  AUC=0.482  LL=0.6944 (0.8s)
20:00:33  src.cpcv.pipeline  INFO    [ 51/84]                 lstm (seed=2) F1=0.405  AUC=0.439  LL=0.7029 (1.0s)
20:00:34  src.cpcv.preprocessing  INFO  Computing MDA (Random Forest)...
20:01:13  src.cpcv.preprocessing  INFO  Computing MDA (Logistic Regression)...
20:01:14  src.cpcv.preprocessing  INFO  Multi-model MDA: 40/73 passed (MDA > 0), 33 eliminated
20:01:14  src.cpcv.preprocessing  INFO    Capped at 14 features (top_k_frac=0.2)
20:01:14  src.cpcv.preprocessing  INFO    Selected (14): ['chaikin_osc', 'dxy_roc_30', 'exchange_supply_pct', 'fee_per_tx', 'gk_vol', 'jarque_bera', 'kurtosis', 'log_returns_lag1', 'macd_hist', 'natgas_ret_30', 'obv', 'roc_14', 'sadf', 'smt_exp']
20:01:14  src.cpcv.pipeline  INFO    Preprocessing: 14 features selected, train=463 + val=99 + cal=100, test=292
20:01:14  src.cpcv.tuning  INFO  Tuning (1 model) — Optuna TPE + Purged K-Fold (inner: 3 folds, embargo=10 obs)
20:01:14  src.cpcv.tuning  INFO    [tuning] lstm: 3 purged K-fold splits, 30 Optuna trials (TPE)
20:02:10  src.cpcv.tuning  INFO      lstm: 23 completed, 7 pruned (of 30 total) — best log_loss=0.6782, params={'hidden_size': 8, 'dropout': 0.3722218557021118, 'learning_rate': 0.035259183244774964}
20:02:10  src.cpcv.tuning  INFO    [tuning] lstm done in 55.6s — best log_loss=0.6782
20:02:10  src.cpcv.tuning  INFO  Tuning total: 55.6s
20:02:10  src.cpcv.pipeline  INFO      applied lstm: {'hidden_size': 8, 'num_layers': 1, 'dropout': 0.3722218557021118, 'learning_rate': 0.035259183244774964}
20:02:11  src.cpcv.pipeline  INFO    [ 52/84]                 lstm (seed=0) F1=0.340  AUC=0.486  LL=0.7219 (1.0s)
20:02:12  src.cpcv.pipeline  INFO    [ 53/84]                 lstm (seed=1) F1=0.340  AUC=0.446  LL=0.7047 (1.0s)
20:02:13  src.cpcv.pipeline  INFO    [ 54/84]                 lstm (seed=2) F1=0.340  AUC=0.484  LL=0.7040 (1.0s)
20:02:13  src.cpcv.preprocessing  INFO  Computing MDA (Random Forest)...
20:02:54  src.cpcv.preprocessing  INFO  Computing MDA (Logistic Regression)...
20:02:56  src.cpcv.preprocessing  INFO  Multi-model MDA: 39/73 passed (MDA > 0), 34 eliminated
20:02:56  src.cpcv.preprocessing  INFO    Capped at 14 features (top_k_frac=0.2)
20:02:56  src.cpcv.preprocessing  INFO    Selected (14): ['copper_ret_14', 'eth_btc_ratio', 'kurtosis', 'log_returns_lag14', 'log_returns_lag2', 'log_returns_lag3', 'log_returns_lag7', 'lz_complexity', 'natgas_ret_30', 'oil_ret_14', 'rsi', 'skewness', 'smt_poly1', 'sp500_ret_30']
20:02:56  src.cpcv.pipeline  INFO    Preprocessing: 14 features selected, train=465 + val=100 + cal=100, test=292
20:02:56  src.cpcv.tuning  INFO  Tuning (1 model) — Optuna TPE + Purged K-Fold (inner: 3 folds, embargo=10 obs)
20:02:56  src.cpcv.tuning  INFO    [tuning] lstm: 3 purged K-fold splits, 30 Optuna trials (TPE)
20:03:44  src.cpcv.tuning  INFO      lstm: 14 completed, 16 pruned (of 30 total) — best log_loss=0.6742, params={'hidden_size': 8, 'dropout': 0.33567746801602333, 'learning_rate': 0.049390802674934925}
20:03:44  src.cpcv.tuning  INFO    [tuning] lstm done in 47.5s — best log_loss=0.6742
20:03:44  src.cpcv.tuning  INFO  Tuning total: 47.5s
20:03:44  src.cpcv.pipeline  INFO      applied lstm: {'hidden_size': 8, 'num_layers': 1, 'dropout': 0.33567746801602333, 'learning_rate': 0.049390802674934925}
20:03:45  src.cpcv.pipeline  INFO    [ 55/84]                 lstm (seed=0) F1=0.485  AUC=0.501  LL=0.7393 (1.0s)
20:03:45  src.cpcv.pipeline  INFO    [ 56/84]                 lstm (seed=1) F1=0.363  AUC=0.475  LL=0.6844 (0.9s)
20:03:46  src.cpcv.pipeline  INFO    [ 57/84]                 lstm (seed=2) F1=0.363  AUC=0.563  LL=0.6835 (1.0s)
20:03:47  src.cpcv.preprocessing  INFO  Computing MDA (Random Forest)...
20:04:28  src.cpcv.preprocessing  INFO  Computing MDA (Logistic Regression)...
20:04:30  src.cpcv.preprocessing  INFO  Multi-model MDA: 38/73 passed (MDA > 0), 35 eliminated
20:04:30  src.cpcv.preprocessing  INFO    Capped at 14 features (top_k_frac=0.2)
20:04:30  src.cpcv.preprocessing  INFO    Selected (14): ['ema_ratio_20_50', 'log_returns_lag30', 'log_returns_lag5', 'log_returns_lag6', 'log_returns_lag7', 'mvrv', 'net_exchange_flow', 'oil_ret_14', 'silver_ret_14', 'skewness', 'sp500_ret_14', 'us10y', 'variance_ratio', 'vix']
20:04:30  src.cpcv.pipeline  INFO    Preprocessing: 14 features selected, train=457 + val=98 + cal=98, test=292
20:04:30  src.cpcv.tuning  INFO  Tuning (1 model) — Optuna TPE + Purged K-Fold (inner: 3 folds, embargo=10 obs)
20:04:30  src.cpcv.tuning  INFO    [tuning] lstm: 3 purged K-fold splits, 30 Optuna trials (TPE)
20:05:17  src.cpcv.tuning  INFO      lstm: 17 completed, 13 pruned (of 30 total) — best log_loss=0.6776, params={'hidden_size': 8, 'dropout': 0.43331348105208223, 'learning_rate': 0.02692297340710045}
20:05:17  src.cpcv.tuning  INFO    [tuning] lstm done in 47.2s — best log_loss=0.6776
20:05:17  src.cpcv.tuning  INFO  Tuning total: 47.2s
20:05:17  src.cpcv.pipeline  INFO      applied lstm: {'hidden_size': 8, 'num_layers': 1, 'dropout': 0.43331348105208223, 'learning_rate': 0.02692297340710045}
20:05:18  src.cpcv.pipeline  INFO    [ 58/84]                 lstm (seed=0) F1=0.423  AUC=0.549  LL=0.8084 (0.8s)
20:05:19  src.cpcv.pipeline  INFO    [ 59/84]                 lstm (seed=1) F1=0.406  AUC=0.491  LL=0.7613 (0.9s)
20:05:20  src.cpcv.pipeline  INFO    [ 60/84]                 lstm (seed=2) F1=0.452  AUC=0.520  LL=0.7383 (0.9s)
20:05:20  src.cpcv.preprocessing  INFO  Computing MDA (Random Forest)...
20:06:02  src.cpcv.preprocessing  INFO  Computing MDA (Logistic Regression)...
20:06:03  src.cpcv.preprocessing  INFO  Multi-model MDA: 37/73 passed (MDA > 0), 36 eliminated
20:06:03  src.cpcv.preprocessing  INFO    Capped at 14 features (top_k_frac=0.2)
20:06:03  src.cpcv.preprocessing  INFO    Selected (14): ['eth_btc_ratio', 'gold_ret_30', 'kurtosis', 'log_returns_lag3', 'log_returns_lag6', 'log_returns_lag7', 'macd_hist', 'realized_vol', 'silver_ret_30', 'sp500_ret_30', 'stoch_k', 'variance_ratio', 'williams_r', 'yield_curve_2y10y']
20:06:03  src.cpcv.pipeline  INFO    Preprocessing: 14 features selected, train=457 + val=98 + cal=98, test=292
20:06:03  src.cpcv.tuning  INFO  Tuning (1 model) — Optuna TPE + Purged K-Fold (inner: 3 folds, embargo=10 obs)
20:06:03  src.cpcv.tuning  INFO    [tuning] lstm: 3 purged K-fold splits, 30 Optuna trials (TPE)
20:06:52  src.cpcv.tuning  INFO      lstm: 11 completed, 19 pruned (of 30 total) — best log_loss=0.6687, params={'hidden_size': 8, 'dropout': 0.4852142919229748, 'learning_rate': 0.009454306819536176}
20:06:52  src.cpcv.tuning  INFO    [tuning] lstm done in 49.6s — best log_loss=0.6687
20:06:52  src.cpcv.tuning  INFO  Tuning total: 49.6s
20:06:52  src.cpcv.pipeline  INFO      applied lstm: {'hidden_size': 8, 'num_layers': 1, 'dropout': 0.4852142919229748, 'learning_rate': 0.009454306819536176}
20:06:54  src.cpcv.pipeline  INFO    [ 61/84]                 lstm (seed=0) F1=0.493  AUC=0.549  LL=0.7530 (1.3s)
20:06:55  src.cpcv.pipeline  INFO    [ 62/84]                 lstm (seed=1) F1=0.461  AUC=0.508  LL=0.7387 (1.3s)
20:06:58  src.cpcv.pipeline  INFO    [ 63/84]                 lstm (seed=2) F1=0.518  AUC=0.575  LL=0.7289 (2.9s)
20:06:58  src.cpcv.preprocessing  INFO  Computing MDA (Random Forest)...
20:07:45  src.cpcv.preprocessing  INFO  Computing MDA (Logistic Regression)...
20:07:46  src.cpcv.preprocessing  INFO  Multi-model MDA: 38/73 passed (MDA > 0), 35 eliminated
20:07:46  src.cpcv.preprocessing  INFO    Capped at 14 features (top_k_frac=0.2)
20:07:46  src.cpcv.preprocessing  INFO    Selected (14): ['active_addr_roc_14', 'bb_width', 'copper_ret_30', 'eth_btc_ratio', 'exchange_supply_pct', 'log_returns_lag1', 'log_returns_lag5', 'log_returns_lag6', 'oil_ret_14', 'silver_ret_30', 'smt_poly1', 'sp500_ret_30', 'yield_curve_10y30y', 'yz_vol']
20:07:46  src.cpcv.pipeline  INFO    Preprocessing: 14 features selected, train=464 + val=100 + cal=100, test=292
20:07:46  src.cpcv.tuning  INFO  Tuning (1 model) — Optuna TPE + Purged K-Fold (inner: 3 folds, embargo=10 obs)
20:07:46  src.cpcv.tuning  INFO    [tuning] lstm: 3 purged K-fold splits, 30 Optuna trials (TPE)
20:08:38  src.cpcv.tuning  INFO      lstm: 18 completed, 12 pruned (of 30 total) — best log_loss=0.6764, params={'hidden_size': 16, 'dropout': 0.32385921979365445, 'learning_rate': 0.009945820782524237}
20:08:38  src.cpcv.tuning  INFO    [tuning] lstm done in 51.9s — best log_loss=0.6764
20:08:38  src.cpcv.tuning  INFO  Tuning total: 51.9s
20:08:38  src.cpcv.pipeline  INFO      applied lstm: {'hidden_size': 16, 'num_layers': 1, 'dropout': 0.32385921979365445, 'learning_rate': 0.009945820782524237}
20:08:39  src.cpcv.pipeline  INFO    [ 64/84]                 lstm (seed=0) F1=0.353  AUC=0.499  LL=0.7049 (0.9s)
20:08:40  src.cpcv.pipeline  INFO    [ 65/84]                 lstm (seed=1) F1=0.353  AUC=0.574  LL=0.7084 (0.9s)
20:08:41  src.cpcv.pipeline  INFO    [ 66/84]                 lstm (seed=2) F1=0.353  AUC=0.515  LL=0.7390 (1.0s)
20:08:41  src.cpcv.preprocessing  INFO  Computing MDA (Random Forest)...
20:09:21  src.cpcv.preprocessing  INFO  Computing MDA (Logistic Regression)...
20:09:23  src.cpcv.preprocessing  INFO  Multi-model MDA: 38/73 passed (MDA > 0), 35 eliminated
20:09:23  src.cpcv.preprocessing  INFO    Capped at 14 features (top_k_frac=0.2)
20:09:23  src.cpcv.preprocessing  INFO    Selected (14): ['cci_14', 'ema_ratio_20_50', 'fee_per_tx', 'log_returns_lag2', 'log_returns_lag5', 'log_returns_lag6', 'macd', 'macd_hist', 'mfi_14', 'net_exchange_flow', 'obv', 'sadf', 'smt_exp', 'vol_term_30_90']
20:09:23  src.cpcv.pipeline  INFO    Preprocessing: 14 features selected, train=465 + val=100 + cal=100, test=292
20:09:23  src.cpcv.tuning  INFO  Tuning (1 model) — Optuna TPE + Purged K-Fold (inner: 3 folds, embargo=10 obs)
20:09:23  src.cpcv.tuning  INFO    [tuning] lstm: 3 purged K-fold splits, 30 Optuna trials (TPE)
20:10:17  src.cpcv.tuning  INFO      lstm: 17 completed, 13 pruned (of 30 total) — best log_loss=0.6895, params={'hidden_size': 16, 'dropout': 0.4951672006830229, 'learning_rate': 0.033251206284778526}
20:10:17  src.cpcv.tuning  INFO    [tuning] lstm done in 54.2s — best log_loss=0.6895
20:10:17  src.cpcv.tuning  INFO  Tuning total: 54.2s
20:10:17  src.cpcv.pipeline  INFO      applied lstm: {'hidden_size': 16, 'num_layers': 1, 'dropout': 0.4951672006830229, 'learning_rate': 0.033251206284778526}
20:10:18  src.cpcv.pipeline  INFO    [ 67/84]                 lstm (seed=0) F1=0.356  AUC=0.435  LL=0.6881 (1.2s)
20:10:19  src.cpcv.pipeline  INFO    [ 68/84]                 lstm (seed=1) F1=0.356  AUC=0.441  LL=0.6902 (1.0s)
20:10:20  src.cpcv.pipeline  INFO    [ 69/84]                 lstm (seed=2) F1=0.356  AUC=0.509  LL=0.6877 (0.9s)
20:10:20  src.cpcv.preprocessing  INFO  Computing MDA (Random Forest)...
20:11:02  src.cpcv.preprocessing  INFO  Computing MDA (Logistic Regression)...
20:11:03  src.cpcv.preprocessing  INFO  Multi-model MDA: 40/73 passed (MDA > 0), 33 eliminated
20:11:03  src.cpcv.preprocessing  INFO    Capped at 14 features (top_k_frac=0.2)
20:11:03  src.cpcv.preprocessing  INFO    Selected (14): ['bb_width', 'eth_btc_ratio', 'gk_vol', 'gold_ret_30', 'hashrate_roc_30', 'hurst', 'log_returns_lag1', 'log_returns_lag21', 'log_returns_lag4', 'log_returns_lag6', 'nasdaq_ret_14', 'silver_ret_30', 'smt_poly1', 'yield_curve_10y30y']
20:11:03  src.cpcv.pipeline  INFO    Preprocessing: 14 features selected, train=457 + val=98 + cal=98, test=292
20:11:03  src.cpcv.tuning  INFO  Tuning (1 model) — Optuna TPE + Purged K-Fold (inner: 3 folds, embargo=10 obs)
20:11:03  src.cpcv.tuning  INFO    [tuning] lstm: 3 purged K-fold splits, 30 Optuna trials (TPE)
20:11:57  src.cpcv.tuning  INFO      lstm: 17 completed, 13 pruned (of 30 total) — best log_loss=0.6803, params={'hidden_size': 16, 'dropout': 0.22320386537461584, 'learning_rate': 0.014415463504434022}
20:11:57  src.cpcv.tuning  INFO    [tuning] lstm done in 53.9s — best log_loss=0.6803
20:11:57  src.cpcv.tuning  INFO  Tuning total: 53.9s
20:11:57  src.cpcv.pipeline  INFO      applied lstm: {'hidden_size': 16, 'num_layers': 1, 'dropout': 0.22320386537461584, 'learning_rate': 0.014415463504434022}
20:11:58  src.cpcv.pipeline  INFO    [ 70/84]                 lstm (seed=0) F1=0.370  AUC=0.540  LL=0.6821 (0.8s)
20:11:59  src.cpcv.pipeline  INFO    [ 71/84]                 lstm (seed=1) F1=0.539  AUC=0.550  LL=0.6806 (0.9s)
20:12:00  src.cpcv.pipeline  INFO    [ 72/84]                 lstm (seed=2) F1=0.541  AUC=0.540  LL=0.6891 (0.8s)
20:12:00  src.cpcv.preprocessing  INFO  Computing MDA (Random Forest)...
20:12:40  src.cpcv.preprocessing  INFO  Computing MDA (Logistic Regression)...
20:12:41  src.cpcv.preprocessing  INFO  Multi-model MDA: 41/73 passed (MDA > 0), 32 eliminated
20:12:41  src.cpcv.preprocessing  INFO    Capped at 14 features (top_k_frac=0.2)
20:12:41  src.cpcv.preprocessing  INFO    Selected (14): ['ema_ratio_50_200', 'gk_vol', 'log_returns_lag1', 'log_returns_lag14', 'log_returns_lag21', 'log_returns_lag3', 'log_returns_lag30', 'log_returns_lag4', 'nasdaq_ret_30', 'realized_vol', 'silver_ret_30', 'smt_poly1', 'tx_count_roc_14', 'vol_term_7_30']
20:12:41  src.cpcv.pipeline  INFO    Preprocessing: 14 features selected, train=464 + val=100 + cal=100, test=292
20:12:41  src.cpcv.tuning  INFO  Tuning (1 model) — Optuna TPE + Purged K-Fold (inner: 3 folds, embargo=10 obs)
20:12:42  src.cpcv.tuning  INFO    [tuning] lstm: 3 purged K-fold splits, 30 Optuna trials (TPE)
20:13:21  src.cpcv.tuning  INFO      lstm: 13 completed, 17 pruned (of 30 total) — best log_loss=0.6955, params={'hidden_size': 16, 'dropout': 0.20174565862100655, 'learning_rate': 0.04492226065529691}
20:13:21  src.cpcv.tuning  INFO    [tuning] lstm done in 39.4s — best log_loss=0.6955
20:13:21  src.cpcv.tuning  INFO  Tuning total: 39.4s
20:13:21  src.cpcv.pipeline  INFO      applied lstm: {'hidden_size': 16, 'num_layers': 1, 'dropout': 0.20174565862100655, 'learning_rate': 0.04492226065529691}
20:13:22  src.cpcv.pipeline  INFO    [ 73/84]                 lstm (seed=0) F1=0.370  AUC=0.458  LL=0.6795 (1.3s)
20:13:23  src.cpcv.pipeline  INFO    [ 74/84]                 lstm (seed=1) F1=0.370  AUC=0.528  LL=0.6776 (1.2s)
20:13:25  src.cpcv.pipeline  INFO    [ 75/84]                 lstm (seed=2) F1=0.370  AUC=0.459  LL=0.6810 (1.3s)
20:13:25  src.cpcv.preprocessing  INFO  Computing MDA (Random Forest)...
20:14:05  src.cpcv.preprocessing  INFO  Computing MDA (Logistic Regression)...
20:14:07  src.cpcv.preprocessing  INFO  Multi-model MDA: 39/73 passed (MDA > 0), 34 eliminated
20:14:07  src.cpcv.preprocessing  INFO    Capped at 14 features (top_k_frac=0.2)
20:14:07  src.cpcv.preprocessing  INFO    Selected (14): ['cci_14', 'dxy_roc_30', 'ema_ratio_50_200', 'fee_per_tx', 'gk_vol', 'gold_ret_14', 'gold_ret_30', 'kurtosis', 'log_returns', 'log_returns_lag2', 'log_returns_lag5', 'log_returns_lag6', 'smt_poly1', 'vix']
20:14:07  src.cpcv.pipeline  INFO    Preprocessing: 14 features selected, train=465 + val=100 + cal=100, test=292
20:14:07  src.cpcv.tuning  INFO  Tuning (1 model) — Optuna TPE + Purged K-Fold (inner: 3 folds, embargo=10 obs)
20:14:07  src.cpcv.tuning  INFO    [tuning] lstm: 3 purged K-fold splits, 30 Optuna trials (TPE)
20:14:49  src.cpcv.tuning  INFO      lstm: 12 completed, 18 pruned (of 30 total) — best log_loss=0.6937, params={'hidden_size': 16, 'dropout': 0.4393444695713194, 'learning_rate': 0.03478575546680561}
20:14:49  src.cpcv.tuning  INFO    [tuning] lstm done in 42.5s — best log_loss=0.6937
20:14:49  src.cpcv.tuning  INFO  Tuning total: 42.5s
20:14:49  src.cpcv.pipeline  INFO      applied lstm: {'hidden_size': 16, 'num_layers': 1, 'dropout': 0.4393444695713194, 'learning_rate': 0.03478575546680561}
20:14:50  src.cpcv.pipeline  INFO    [ 76/84]                 lstm (seed=0) F1=0.348  AUC=0.471  LL=0.7002 (0.8s)
20:14:51  src.cpcv.pipeline  INFO    [ 77/84]                 lstm (seed=1) F1=0.481  AUC=0.510  LL=0.7444 (1.3s)
20:14:52  src.cpcv.pipeline  INFO    [ 78/84]                 lstm (seed=2) F1=0.501  AUC=0.528  LL=0.7346 (0.9s)
20:14:53  src.cpcv.preprocessing  INFO  Computing MDA (Random Forest)...
20:15:35  src.cpcv.preprocessing  INFO  Computing MDA (Logistic Regression)...
20:15:36  src.cpcv.preprocessing  INFO  Multi-model MDA: 31/73 passed (MDA > 0), 42 eliminated
20:15:36  src.cpcv.preprocessing  INFO    Capped at 14 features (top_k_frac=0.2)
20:15:36  src.cpcv.preprocessing  INFO    Selected (14): ['active_addr_roc_14', 'bb_width', 'eth_btc_ratio', 'exchange_supply_pct', 'gold_ret_14', 'log_returns_lag1', 'log_returns_lag2', 'log_returns_lag6', 'log_returns_lag7', 'natgas_ret_14', 'shannon_entropy', 'stoch_k', 'us10y', 'vix']
20:15:36  src.cpcv.pipeline  INFO    Preprocessing: 14 features selected, train=464 + val=100 + cal=100, test=292
20:15:36  src.cpcv.tuning  INFO  Tuning (1 model) — Optuna TPE + Purged K-Fold (inner: 3 folds, embargo=10 obs)
20:15:36  src.cpcv.tuning  INFO    [tuning] lstm: 3 purged K-fold splits, 30 Optuna trials (TPE)
20:16:30  src.cpcv.tuning  INFO      lstm: 25 completed, 5 pruned (of 30 total) — best log_loss=0.6801, params={'hidden_size': 16, 'dropout': 0.20617534828874073, 'learning_rate': 0.04147225000481637}
20:16:30  src.cpcv.tuning  INFO    [tuning] lstm done in 54.1s — best log_loss=0.6801
20:16:30  src.cpcv.tuning  INFO  Tuning total: 54.1s
20:16:30  src.cpcv.pipeline  INFO      applied lstm: {'hidden_size': 16, 'num_layers': 1, 'dropout': 0.20617534828874073, 'learning_rate': 0.04147225000481637}
20:16:32  src.cpcv.pipeline  INFO    [ 79/84]                 lstm (seed=0) F1=0.407  AUC=0.588  LL=0.7559 (1.1s)
20:16:32  src.cpcv.pipeline  INFO    [ 80/84]                 lstm (seed=1) F1=0.437  AUC=0.528  LL=0.7408 (0.8s)
20:16:33  src.cpcv.pipeline  INFO    [ 81/84]                 lstm (seed=2) F1=0.340  AUC=0.551  LL=0.7018 (0.9s)
20:16:34  src.cpcv.preprocessing  INFO  Computing MDA (Random Forest)...
20:17:13  src.cpcv.preprocessing  INFO  Computing MDA (Logistic Regression)...
20:17:14  src.cpcv.preprocessing  INFO  Multi-model MDA: 38/73 passed (MDA > 0), 35 eliminated
20:17:14  src.cpcv.preprocessing  INFO    Capped at 14 features (top_k_frac=0.2)
20:17:14  src.cpcv.preprocessing  INFO    Selected (14): ['dxy_roc_30', 'exchange_supply_pct', 'hurst', 'log_returns_lag1', 'log_returns_lag4', 'macd_signal', 'roc_14', 'silver_ret_30', 'skewness', 'smt_exp', 'stoch_d', 'williams_r', 'yield_curve_2y10y', 'yz_vol']
20:17:14  src.cpcv.pipeline  INFO    Preprocessing: 14 features selected, train=473 + val=101 + cal=102, test=292
20:17:14  src.cpcv.tuning  INFO  Tuning (1 model) — Optuna TPE + Purged K-Fold (inner: 3 folds, embargo=10 obs)
20:17:14  src.cpcv.tuning  INFO    [tuning] lstm: 3 purged K-fold splits, 30 Optuna trials (TPE)
20:18:00  src.cpcv.tuning  INFO      lstm: 17 completed, 13 pruned (of 30 total) — best log_loss=0.6794, params={'hidden_size': 8, 'dropout': 0.3982098568996024, 'learning_rate': 0.04129016530987077}
20:18:00  src.cpcv.tuning  INFO    [tuning] lstm done in 45.2s — best log_loss=0.6794
20:18:00  src.cpcv.tuning  INFO  Tuning total: 45.2s
20:18:00  src.cpcv.pipeline  INFO      applied lstm: {'hidden_size': 8, 'num_layers': 1, 'dropout': 0.3982098568996024, 'learning_rate': 0.04129016530987077}
20:18:01  src.cpcv.pipeline  INFO    [ 82/84]                 lstm (seed=0) F1=0.369  AUC=0.509  LL=0.7125 (1.7s)
20:18:02  src.cpcv.pipeline  INFO    [ 83/84]                 lstm (seed=1) F1=0.302  AUC=0.525  LL=0.7112 (0.9s)
20:18:03  src.cpcv.pipeline  INFO    [ 84/84]                 lstm (seed=2) F1=0.302  AUC=0.531  LL=0.7115 (0.9s)
20:18:03  src.cpcv.pipeline  INFO  ============================================================
20:18:03  src.cpcv.pipeline  INFO  CPCV Pipeline Complete
20:18:03  src.cpcv.pipeline  INFO  ============================================================
20:18:03  src.cpcv.pipeline  INFO    Total time:     2836.4s (47.3m)
20:18:03  src.cpcv.pipeline  INFO    Tasks:          84 succeeded, 0 failed
20:18:03  src.cpcv.pipeline  INFO    Results keys:   84 (model, split, seed) entries
20:18:03  src.cpcv.pipeline  INFO    Backtest paths: 7
20:18:03  src.cpcv.pipeline  INFO    Tuning:         nested (per-split), 28 splits tuned, models=['lstm']
20:18:03  src.cpcv.pipeline  INFO  ============================================================
20:18:04  src.cpcv.pipeline  INFO  ============================================================
20:18:04  src.cpcv.pipeline  INFO  CPCV Pipeline
20:18:04  src.cpcv.pipeline  INFO  ============================================================
20:18:04  src.cpcv.pipeline  INFO    Models:         ['kan']
20:18:04  src.cpcv.pipeline  INFO    Seeds/fold:     3
20:18:04  src.cpcv.pipeline  INFO    Groups (N):     8
20:18:04  src.cpcv.pipeline  INFO    Test groups (k):2
20:18:04  src.cpcv.pipeline  INFO    Embargo:        1.0%
20:18:04  src.cpcv.pipeline  INFO    FFD columns:    ['atr']
20:18:04  src.cpcv.pipeline  INFO    Samples:        1168
20:18:04  src.cpcv.pipeline  INFO    Features:       73
20:18:04  src.cpcv.pipeline  INFO    Splits:         28, Paths: 7
20:18:04  src.cpcv.pipeline  INFO    Tuning:         NESTED (per-split) — ['kan'] [30 trials]
20:18:04  src.cpcv.pipeline  INFO  ============================================================
20:18:04  src.cpcv.preprocessing  INFO  Computing MDA (Random Forest)...
20:18:48  src.cpcv.preprocessing  INFO  Computing MDA (Logistic Regression)...
20:18:50  src.cpcv.preprocessing  INFO  Multi-model MDA: 31/73 passed (MDA > 0), 42 eliminated
20:18:50  src.cpcv.preprocessing  INFO    Capped at 14 features (top_k_frac=0.2)
20:18:50  src.cpcv.preprocessing  INFO    Selected (14): ['ema_ratio_20_50', 'eth_btc_ratio', 'exchange_supply_pct', 'jarque_bera', 'log_returns', 'log_returns_lag6', 'macd_hist', 'natgas_ret_30', 'skewness', 'smt_exp', 'sp500_ret_30', 'variance_ratio', 'vix', 'yield_curve_2y10y']
20:18:50  src.cpcv.pipeline  INFO    Preprocessing: 14 features selected, train=605 + val=130 + cal=130, test=93
20:18:50  src.cpcv.tuning  INFO  Tuning (1 model) — Optuna TPE + Purged K-Fold (inner: 3 folds, embargo=10 obs)
20:18:50  src.cpcv.tuning  INFO    [tuning] kan (efficient-kan + AdamW): 3 purged K-fold splits, 30 Optuna trials (TPE)
20:20:08  src.cpcv.tuning  INFO      kan: 27 completed, 3 pruned (of 30 total) — best log_loss=0.6819, params={'width1': 5, 'lr': 0.02209653154246255, 'weight_decay': 2.20154863980105e-05, 'grid': 5}
20:20:08  src.cpcv.tuning  INFO    [tuning] kan done in 78.6s — best log_loss=0.6819
20:20:08  src.cpcv.tuning  INFO  Tuning total: 78.6s
20:20:08  src.cpcv.pipeline  INFO      applied kan: {'width1': 5, 'width2': 0, 'grid': 5, 'lr': 0.02209653154246255, 'weight_decay': 2.20154863980105e-05}
20:20:09  src.cpcv.models.kan_model  INFO  KAN fitted: widths=[14, 5, 2], grid=5, epochs=21, val_acc=0.4615, val_loss=0.7992, logit_range=[-0.06, 0.13], device=cpu.
20:20:09  src.cpcv.pipeline  INFO    [  1/84]                  kan (seed=0) F1=0.388  AUC=0.376  LL=0.6729 (0.4s)
20:20:09  src.cpcv.models.kan_model  INFO  KAN fitted: widths=[14, 5, 2], grid=5, epochs=21, val_acc=0.4846, val_loss=0.7980, logit_range=[-0.11, 0.10], device=cpu.
20:20:09  src.cpcv.pipeline  INFO    [  2/84]                  kan (seed=1) F1=0.438  AUC=0.465  LL=0.6702 (0.4s)
20:20:10  src.cpcv.models.kan_model  INFO  KAN fitted: widths=[14, 5, 2], grid=5, epochs=21, val_acc=0.4692, val_loss=0.7976, logit_range=[-0.08, 0.06], device=cpu.
20:20:10  src.cpcv.pipeline  INFO    [  3/84]                  kan (seed=2) F1=0.388  AUC=0.456  LL=0.6644 (0.5s)
20:20:10  src.cpcv.preprocessing  INFO  Computing MDA (Random Forest)...
20:20:56  src.cpcv.preprocessing  INFO  Computing MDA (Logistic Regression)...
20:20:58  src.cpcv.preprocessing  INFO  Multi-model MDA: 39/73 passed (MDA > 0), 34 eliminated
20:20:58  src.cpcv.preprocessing  INFO    Capped at 14 features (top_k_frac=0.2)
20:20:58  src.cpcv.preprocessing  INFO    Selected (14): ['cci_14', 'copper_ret_14', 'ema_ratio_50_200', 'gk_vol', 'gold_ret_30', 'log_returns', 'natgas_ret_30', 'oil_ret_14', 'oil_ret_30', 'roc_14', 'rsi', 'silver_ret_30', 'stoch_d', 'yz_vol']
20:20:58  src.cpcv.pipeline  INFO    Preprocessing: 14 features selected, train=566 + val=121 + cal=122, test=146
20:20:58  src.cpcv.tuning  INFO  Tuning (1 model) — Optuna TPE + Purged K-Fold (inner: 3 folds, embargo=10 obs)
20:20:58  src.cpcv.tuning  INFO    [tuning] kan (efficient-kan + AdamW): 3 purged K-fold splits, 30 Optuna trials (TPE)
20:21:50  src.cpcv.tuning  INFO      kan: 10 completed, 20 pruned (of 30 total) — best log_loss=0.6878, params={'width1': 2, 'lr': 0.014390933605060814, 'weight_decay': 0.00044266220622755714, 'grid': 3}
20:21:50  src.cpcv.tuning  INFO    [tuning] kan done in 52.2s — best log_loss=0.6878
20:21:50  src.cpcv.tuning  INFO  Tuning total: 52.2s
20:21:50  src.cpcv.pipeline  INFO      applied kan: {'width1': 2, 'width2': 0, 'grid': 3, 'lr': 0.014390933605060814, 'weight_decay': 0.00044266220622755714}
20:21:51  src.cpcv.models.kan_model  INFO  KAN fitted: widths=[14, 2, 2], grid=3, epochs=21, val_acc=0.5207, val_loss=0.7715, logit_range=[-0.09, 0.08], device=cpu.
20:21:51  src.cpcv.pipeline  INFO    [  4/84]                  kan (seed=0) F1=0.518  AUC=0.500  LL=0.7635 (0.4s)
20:21:51  src.cpcv.models.kan_model  INFO  KAN fitted: widths=[14, 2, 2], grid=3, epochs=21, val_acc=0.4628, val_loss=0.7772, logit_range=[-0.10, 0.10], device=cpu.
20:21:51  src.cpcv.pipeline  INFO    [  5/84]                  kan (seed=1) F1=0.318  AUC=0.551  LL=0.6977 (0.4s)
20:21:51  src.cpcv.models.kan_model  INFO  KAN fitted: widths=[14, 2, 2], grid=3, epochs=21, val_acc=0.4711, val_loss=0.7753, logit_range=[-0.11, 0.07], device=cpu.
20:21:51  src.cpcv.pipeline  INFO    [  6/84]                  kan (seed=2) F1=0.318  AUC=0.585  LL=0.6949 (0.4s)
20:21:52  src.cpcv.preprocessing  INFO  Computing MDA (Random Forest)...
20:22:36  src.cpcv.preprocessing  INFO  Computing MDA (Logistic Regression)...
20:22:38  src.cpcv.preprocessing  INFO  Multi-model MDA: 36/73 passed (MDA > 0), 37 eliminated
20:22:38  src.cpcv.preprocessing  INFO    Capped at 14 features (top_k_frac=0.2)
20:22:38  src.cpcv.preprocessing  INFO    Selected (14): ['atr', 'cci_14', 'dxy_roc_30', 'ema_ratio_20_50', 'eth_btc_ratio', 'log_returns', 'log_returns_lag1', 'log_returns_lag5', 'log_returns_lag6', 'mvrv', 'natgas_ret_30', 'oil_ret_14', 'smt_poly1', 'stoch_d']
20:22:38  src.cpcv.pipeline  INFO    Preprocessing: 14 features selected, train=567 + val=122 + cal=122, test=146
20:22:38  src.cpcv.tuning  INFO  Tuning (1 model) — Optuna TPE + Purged K-Fold (inner: 3 folds, embargo=10 obs)
20:22:38  src.cpcv.tuning  INFO    [tuning] kan (efficient-kan + AdamW): 3 purged K-fold splits, 30 Optuna trials (TPE)
20:24:16  src.cpcv.tuning  INFO      kan: 16 completed, 14 pruned (of 30 total) — best log_loss=0.6886, params={'width1': 5, 'lr': 0.001254057843022616, 'weight_decay': 0.0002442886696734996, 'grid': 3}
20:24:16  src.cpcv.tuning  INFO    [tuning] kan done in 98.5s — best log_loss=0.6886
20:24:16  src.cpcv.tuning  INFO  Tuning total: 98.5s
20:24:16  src.cpcv.pipeline  INFO      applied kan: {'width1': 5, 'width2': 0, 'grid': 3, 'lr': 0.001254057843022616, 'weight_decay': 0.0002442886696734996}
20:24:19  src.cpcv.models.kan_model  INFO  KAN fitted: widths=[14, 5, 2], grid=3, epochs=157, val_acc=0.5410, val_loss=0.7724, logit_range=[-0.45, 0.43], device=cpu.
20:24:19  src.cpcv.pipeline  INFO    [  7/84]                  kan (seed=0) F1=0.432  AUC=0.525  LL=0.6878 (2.8s)
20:24:22  src.cpcv.models.kan_model  INFO  KAN fitted: widths=[14, 5, 2], grid=3, epochs=165, val_acc=0.5820, val_loss=0.7665, logit_range=[-0.48, 0.44], device=cpu.
20:24:22  src.cpcv.pipeline  INFO    [  8/84]                  kan (seed=1) F1=0.456  AUC=0.542  LL=0.6864 (3.0s)
20:24:22  src.cpcv.models.kan_model  INFO  KAN fitted: widths=[14, 5, 2], grid=3, epochs=21, val_acc=0.5082, val_loss=0.7851, logit_range=[-0.12, 0.10], device=cpu.
20:24:22  src.cpcv.pipeline  INFO    [  9/84]                  kan (seed=2) F1=0.354  AUC=0.429  LL=0.6900 (0.5s)
20:24:23  src.cpcv.preprocessing  INFO  Computing MDA (Random Forest)...
20:25:09  src.cpcv.preprocessing  INFO  Computing MDA (Logistic Regression)...
20:25:10  src.cpcv.preprocessing  INFO  Multi-model MDA: 39/73 passed (MDA > 0), 34 eliminated
20:25:10  src.cpcv.preprocessing  INFO    Capped at 14 features (top_k_frac=0.2)
20:25:10  src.cpcv.preprocessing  INFO    Selected (14): ['atr', 'cci_14', 'eth_btc_ratio', 'hashrate_roc_30', 'log_returns_lag21', 'lz_complexity', 'mvrv', 'natgas_ret_30', 'realized_vol', 'sadf', 'sp500_ret_14', 'tx_count_roc_14', 'variance_ratio', 'vix']
20:25:10  src.cpcv.pipeline  INFO    Preprocessing: 14 features selected, train=567 + val=122 + cal=122, test=146
20:25:10  src.cpcv.tuning  INFO  Tuning (1 model) — Optuna TPE + Purged K-Fold (inner: 3 folds, embargo=10 obs)
20:25:10  src.cpcv.tuning  INFO    [tuning] kan (efficient-kan + AdamW): 3 purged K-fold splits, 30 Optuna trials (TPE)
20:25:46  src.cpcv.tuning  INFO      kan: 15 completed, 15 pruned (of 30 total) — best log_loss=0.6924, params={'width1': 3, 'lr': 0.02701635469110654, 'weight_decay': 0.0005114606753030168, 'grid': 3}
20:25:46  src.cpcv.tuning  INFO    [tuning] kan done in 35.1s — best log_loss=0.6924
20:25:46  src.cpcv.tuning  INFO  Tuning total: 35.1s
20:25:46  src.cpcv.pipeline  INFO      applied kan: {'width1': 3, 'width2': 0, 'grid': 3, 'lr': 0.02701635469110654, 'weight_decay': 0.0005114606753030168}
20:25:46  src.cpcv.models.kan_model  INFO  KAN fitted: widths=[14, 3, 2], grid=3, epochs=21, val_acc=0.4344, val_loss=0.7965, logit_range=[-0.17, 0.14], device=cpu.
20:25:46  src.cpcv.pipeline  INFO    [ 10/84]                  kan (seed=0) F1=0.545  AUC=0.595  LL=0.6757 (0.4s)
20:25:46  src.cpcv.models.kan_model  INFO  KAN fitted: widths=[14, 3, 2], grid=3, epochs=21, val_acc=0.4180, val_loss=0.7932, logit_range=[-0.15, 0.07], device=cpu.
20:25:46  src.cpcv.pipeline  INFO    [ 11/84]                  kan (seed=1) F1=0.379  AUC=0.585  LL=0.6831 (0.4s)
20:25:47  src.cpcv.models.kan_model  INFO  KAN fitted: widths=[14, 3, 2], grid=3, epochs=22, val_acc=0.5246, val_loss=0.7885, logit_range=[-0.16, 0.08], device=cpu.
20:25:47  src.cpcv.pipeline  INFO    [ 12/84]                  kan (seed=2) F1=0.376  AUC=0.484  LL=0.6850 (0.4s)
20:25:47  src.cpcv.preprocessing  INFO  Computing MDA (Random Forest)...
20:26:33  src.cpcv.preprocessing  INFO  Computing MDA (Logistic Regression)...
20:26:35  src.cpcv.preprocessing  INFO  Multi-model MDA: 36/73 passed (MDA > 0), 37 eliminated
20:26:35  src.cpcv.preprocessing  INFO    Capped at 14 features (top_k_frac=0.2)
20:26:35  src.cpcv.preprocessing  INFO    Selected (14): ['active_addr_roc_14', 'atr', 'eth_btc_ratio', 'exchange_supply_pct', 'issuance_ntv', 'log_returns_lag1', 'log_returns_lag5', 'log_returns_lag7', 'obv', 'oil_ret_14', 'roc_14', 'skewness', 'smt_exp', 'vix']
20:26:35  src.cpcv.pipeline  INFO    Preprocessing: 14 features selected, train=567 + val=122 + cal=122, test=146
20:26:35  src.cpcv.tuning  INFO  Tuning (1 model) — Optuna TPE + Purged K-Fold (inner: 3 folds, embargo=10 obs)
20:26:35  src.cpcv.tuning  INFO    [tuning] kan (efficient-kan + AdamW): 3 purged K-fold splits, 30 Optuna trials (TPE)
20:28:03  src.cpcv.tuning  INFO      kan: 19 completed, 11 pruned (of 30 total) — best log_loss=0.6756, params={'width1': 4, 'lr': 0.03046719539238538, 'weight_decay': 0.0011967351136363206, 'grid': 5}
20:28:03  src.cpcv.tuning  INFO    [tuning] kan done in 88.1s — best log_loss=0.6756
20:28:03  src.cpcv.tuning  INFO  Tuning total: 88.1s
20:28:03  src.cpcv.pipeline  INFO      applied kan: {'width1': 4, 'width2': 0, 'grid': 5, 'lr': 0.03046719539238538, 'weight_decay': 0.0011967351136363206}
20:28:03  src.cpcv.models.kan_model  INFO  KAN fitted: widths=[14, 4, 2], grid=5, epochs=25, val_acc=0.6148, val_loss=0.7641, logit_range=[-0.29, 0.47], device=cpu.
20:28:03  src.cpcv.pipeline  INFO    [ 13/84]                  kan (seed=0) F1=0.432  AUC=0.469  LL=0.7286 (0.5s)
20:28:04  src.cpcv.models.kan_model  INFO  KAN fitted: widths=[14, 4, 2], grid=5, epochs=24, val_acc=0.5164, val_loss=0.7730, logit_range=[-0.27, 0.38], device=cpu.
20:28:04  src.cpcv.pipeline  INFO    [ 14/84]                  kan (seed=1) F1=0.413  AUC=0.445  LL=0.7453 (0.4s)
20:28:04  src.cpcv.models.kan_model  INFO  KAN fitted: widths=[14, 4, 2], grid=5, epochs=24, val_acc=0.6311, val_loss=0.7623, logit_range=[-0.39, 0.23], device=cpu.
20:28:04  src.cpcv.pipeline  INFO    [ 15/84]                  kan (seed=2) F1=0.431  AUC=0.439  LL=0.7469 (0.5s)
20:28:05  src.cpcv.preprocessing  INFO  Computing MDA (Random Forest)...
20:28:49  src.cpcv.preprocessing  INFO  Computing MDA (Logistic Regression)...
20:28:50  src.cpcv.preprocessing  INFO  Multi-model MDA: 40/73 passed (MDA > 0), 33 eliminated
20:28:50  src.cpcv.preprocessing  INFO    Capped at 14 features (top_k_frac=0.2)
20:28:50  src.cpcv.preprocessing  INFO    Selected (14): ['atr', 'chaikin_osc', 'eth_btc_ratio', 'hashrate_roc_30', 'jarque_bera', 'kurtosis', 'log_returns_lag30', 'log_returns_lag6', 'obv', 'silver_ret_30', 'variance_ratio', 'vol_term_7_30', 'vwma_ratio_20_50', 'yield_curve_2y10y']
20:28:50  src.cpcv.pipeline  INFO    Preprocessing: 14 features selected, train=567 + val=122 + cal=122, test=146
20:28:50  src.cpcv.tuning  INFO  Tuning (1 model) — Optuna TPE + Purged K-Fold (inner: 3 folds, embargo=10 obs)
20:28:50  src.cpcv.tuning  INFO    [tuning] kan (efficient-kan + AdamW): 3 purged K-fold splits, 30 Optuna trials (TPE)
20:30:13  src.cpcv.tuning  INFO      kan: 15 completed, 15 pruned (of 30 total) — best log_loss=0.6794, params={'width1': 5, 'lr': 0.015282209098537102, 'weight_decay': 0.0013042175848813496, 'grid': 3}
20:30:13  src.cpcv.tuning  INFO    [tuning] kan done in 82.3s — best log_loss=0.6794
20:30:13  src.cpcv.tuning  INFO  Tuning total: 82.3s
20:30:13  src.cpcv.pipeline  INFO      applied kan: {'width1': 5, 'width2': 0, 'grid': 3, 'lr': 0.015282209098537102, 'weight_decay': 0.0013042175848813496}
20:30:13  src.cpcv.models.kan_model  INFO  KAN fitted: widths=[14, 5, 2], grid=3, epochs=51, val_acc=0.5656, val_loss=0.7825, logit_range=[-0.88, 0.42], device=cpu.
20:30:13  src.cpcv.pipeline  INFO    [ 16/84]                  kan (seed=0) F1=0.486  AUC=0.493  LL=0.7235 (0.9s)
20:30:14  src.cpcv.models.kan_model  INFO  KAN fitted: widths=[14, 5, 2], grid=3, epochs=34, val_acc=0.5656, val_loss=0.7721, logit_range=[-0.63, 0.69], device=cpu.
20:30:14  src.cpcv.pipeline  INFO    [ 17/84]                  kan (seed=1) F1=0.519  AUC=0.513  LL=0.7127 (0.6s)
20:30:15  src.cpcv.models.kan_model  INFO  KAN fitted: widths=[14, 5, 2], grid=3, epochs=51, val_acc=0.5574, val_loss=0.7831, logit_range=[-0.62, 0.81], device=cpu.
20:30:15  src.cpcv.pipeline  INFO    [ 18/84]                  kan (seed=2) F1=0.513  AUC=0.514  LL=0.7140 (1.0s)
20:30:15  src.cpcv.preprocessing  INFO  Computing MDA (Random Forest)...
20:31:02  src.cpcv.preprocessing  INFO  Computing MDA (Logistic Regression)...
20:31:04  src.cpcv.preprocessing  INFO  Multi-model MDA: 40/73 passed (MDA > 0), 33 eliminated
20:31:04  src.cpcv.preprocessing  INFO    Capped at 14 features (top_k_frac=0.2)
20:31:04  src.cpcv.preprocessing  INFO    Selected (14): ['active_addr_roc_14', 'chaikin_osc', 'copper_ret_14', 'hashrate_roc_30', 'hurst', 'kurtosis', 'log_returns', 'log_returns_lag3', 'realized_vol', 'us10y', 'variance_ratio', 'vix', 'williams_r', 'yield_curve_2y10y']
20:31:04  src.cpcv.pipeline  INFO    Preprocessing: 14 features selected, train=575 + val=123 + cal=124, test=146
20:31:04  src.cpcv.tuning  INFO  Tuning (1 model) — Optuna TPE + Purged K-Fold (inner: 3 folds, embargo=10 obs)
20:31:04  src.cpcv.tuning  INFO    [tuning] kan (efficient-kan + AdamW): 3 purged K-fold splits, 30 Optuna trials (TPE)
20:31:53  src.cpcv.tuning  INFO      kan: 22 completed, 8 pruned (of 30 total) — best log_loss=0.6883, params={'width1': 5, 'lr': 0.045731335092218973, 'weight_decay': 0.0005569671940395738, 'grid': 5}
20:31:53  src.cpcv.tuning  INFO    [tuning] kan done in 49.0s — best log_loss=0.6883
20:31:53  src.cpcv.tuning  INFO  Tuning total: 49.0s
20:31:53  src.cpcv.pipeline  INFO      applied kan: {'width1': 5, 'width2': 0, 'grid': 5, 'lr': 0.045731335092218973, 'weight_decay': 0.0005569671940395738}
20:31:53  src.cpcv.models.kan_model  INFO  KAN fitted: widths=[14, 5, 2], grid=5, epochs=21, val_acc=0.4553, val_loss=0.8691, logit_range=[-0.20, 0.20], device=cpu.
20:31:53  src.cpcv.pipeline  INFO    [ 19/84]                  kan (seed=0) F1=0.360  AUC=0.565  LL=0.6853 (0.5s)
20:31:54  src.cpcv.models.kan_model  INFO  KAN fitted: widths=[14, 5, 2], grid=5, epochs=21, val_acc=0.5447, val_loss=0.8642, logit_range=[-0.18, 0.15], device=cpu.
20:31:54  src.cpcv.pipeline  INFO    [ 20/84]                  kan (seed=1) F1=0.360  AUC=0.546  LL=0.6854 (0.5s)
20:31:54  src.cpcv.models.kan_model  INFO  KAN fitted: widths=[14, 5, 2], grid=5, epochs=21, val_acc=0.5041, val_loss=0.8545, logit_range=[-0.15, 0.06], device=cpu.
20:31:54  src.cpcv.pipeline  INFO    [ 21/84]                  kan (seed=2) F1=0.360  AUC=0.456  LL=0.6889 (0.6s)
20:31:55  src.cpcv.preprocessing  INFO  Computing MDA (Random Forest)...
20:32:35  src.cpcv.preprocessing  INFO  Computing MDA (Logistic Regression)...
20:32:37  src.cpcv.preprocessing  INFO  Multi-model MDA: 37/73 passed (MDA > 0), 36 eliminated
20:32:37  src.cpcv.preprocessing  INFO    Capped at 14 features (top_k_frac=0.2)
20:32:37  src.cpcv.preprocessing  INFO    Selected (14): ['dxy_roc_30', 'gold_ret_30', 'log_returns', 'log_returns_lag2', 'log_returns_lag4', 'natgas_ret_30', 'negentropy', 'obv', 'rsi', 'silver_ret_30', 'skewness', 'tx_count_roc_14', 'us10y', 'us2y']
20:32:37  src.cpcv.pipeline  INFO    Preprocessing: 14 features selected, train=503 + val=108 + cal=108, test=239
20:32:37  src.cpcv.tuning  INFO  Tuning (1 model) — Optuna TPE + Purged K-Fold (inner: 3 folds, embargo=10 obs)
20:32:37  src.cpcv.tuning  INFO    [tuning] kan (efficient-kan + AdamW): 3 purged K-fold splits, 30 Optuna trials (TPE)
20:33:40  src.cpcv.tuning  INFO      kan: 12 completed, 18 pruned (of 30 total) — best log_loss=0.6884, params={'width1': 3, 'lr': 0.0008088251864664997, 'weight_decay': 0.0005694427322095432, 'grid': 5}
20:33:40  src.cpcv.tuning  INFO    [tuning] kan done in 63.9s — best log_loss=0.6884
20:33:40  src.cpcv.tuning  INFO  Tuning total: 63.9s
20:33:40  src.cpcv.pipeline  INFO      applied kan: {'width1': 3, 'width2': 0, 'grid': 5, 'lr': 0.0008088251864664997, 'weight_decay': 0.0005694427322095432}
20:33:41  src.cpcv.models.kan_model  INFO  KAN fitted: widths=[14, 3, 2], grid=5, epochs=21, val_acc=0.6111, val_loss=0.7406, logit_range=[-0.23, 0.10], device=cpu.
20:33:41  src.cpcv.pipeline  INFO    [ 22/84]                  kan (seed=0) F1=0.479  AUC=0.492  LL=0.6984 (0.4s)
20:33:41  src.cpcv.models.kan_model  INFO  KAN fitted: widths=[14, 3, 2], grid=5, epochs=21, val_acc=0.4907, val_loss=0.7499, logit_range=[-0.20, 0.05], device=cpu.
20:33:41  src.cpcv.pipeline  INFO    [ 23/84]                  kan (seed=1) F1=0.347  AUC=0.431  LL=0.6924 (0.4s)
20:33:42  src.cpcv.models.kan_model  INFO  KAN fitted: widths=[14, 3, 2], grid=5, epochs=21, val_acc=0.5741, val_loss=0.7545, logit_range=[-0.15, 0.21], device=cpu.
20:33:42  src.cpcv.pipeline  INFO    [ 24/84]                  kan (seed=2) F1=0.347  AUC=0.458  LL=0.6926 (0.4s)
20:33:42  src.cpcv.preprocessing  INFO  Computing MDA (Random Forest)...
20:34:21  src.cpcv.preprocessing  INFO  Computing MDA (Logistic Regression)...
20:34:23  src.cpcv.preprocessing  INFO  Multi-model MDA: 38/73 passed (MDA > 0), 35 eliminated
20:34:23  src.cpcv.preprocessing  INFO    Capped at 14 features (top_k_frac=0.2)
20:34:23  src.cpcv.preprocessing  INFO    Selected (14): ['cci_14', 'dxy_roc_30', 'eth_btc_ratio', 'hashrate_roc_30', 'jarque_bera', 'kurtosis', 'log_returns_lag2', 'log_returns_lag6', 'macd', 'macd_hist', 'natgas_ret_30', 'negentropy', 'us10y', 'vol_term_7_30']
20:34:23  src.cpcv.pipeline  INFO    Preprocessing: 14 features selected, train=494 + val=106 + cal=107, test=239
20:34:23  src.cpcv.tuning  INFO  Tuning (1 model) — Optuna TPE + Purged K-Fold (inner: 3 folds, embargo=10 obs)
20:34:23  src.cpcv.tuning  INFO    [tuning] kan (efficient-kan + AdamW): 3 purged K-fold splits, 30 Optuna trials (TPE)
20:35:20  src.cpcv.tuning  INFO      kan: 20 completed, 10 pruned (of 30 total) — best log_loss=0.6850, params={'width1': 2, 'lr': 0.02128875488932692, 'weight_decay': 3.577551054863405e-05, 'grid': 3}
20:35:20  src.cpcv.tuning  INFO    [tuning] kan done in 57.3s — best log_loss=0.6850
20:35:20  src.cpcv.tuning  INFO  Tuning total: 57.3s
20:35:20  src.cpcv.pipeline  INFO      applied kan: {'width1': 2, 'width2': 0, 'grid': 3, 'lr': 0.02128875488932692, 'weight_decay': 3.577551054863405e-05}
20:35:21  src.cpcv.models.kan_model  INFO  KAN fitted: widths=[14, 2, 2], grid=3, epochs=21, val_acc=0.4340, val_loss=0.7542, logit_range=[-0.11, 0.11], device=cpu.
20:35:21  src.cpcv.pipeline  INFO    [ 25/84]                  kan (seed=0) F1=0.483  AUC=0.504  LL=0.6855 (0.3s)
20:35:21  src.cpcv.models.kan_model  INFO  KAN fitted: widths=[14, 2, 2], grid=3, epochs=21, val_acc=0.5000, val_loss=0.7493, logit_range=[-0.10, 0.05], device=cpu.
20:35:21  src.cpcv.pipeline  INFO    [ 26/84]                  kan (seed=1) F1=0.552  AUC=0.593  LL=0.6902 (0.3s)
20:35:21  src.cpcv.models.kan_model  INFO  KAN fitted: widths=[14, 2, 2], grid=3, epochs=22, val_acc=0.4057, val_loss=0.7514, logit_range=[-0.08, 0.08], device=cpu.
20:35:21  src.cpcv.pipeline  INFO    [ 27/84]                  kan (seed=2) F1=0.530  AUC=0.549  LL=0.6855 (0.3s)
20:35:22  src.cpcv.preprocessing  INFO  Computing MDA (Random Forest)...
20:36:04  src.cpcv.preprocessing  INFO  Computing MDA (Logistic Regression)...
20:36:05  src.cpcv.preprocessing  INFO  Multi-model MDA: 37/73 passed (MDA > 0), 36 eliminated
20:36:05  src.cpcv.preprocessing  INFO    Capped at 14 features (top_k_frac=0.2)
20:36:05  src.cpcv.preprocessing  INFO    Selected (14): ['cci_14', 'chaikin_osc', 'dxy_roc_30', 'eth_btc_ratio', 'gold_ret_14', 'hashrate_roc_30', 'jarque_bera', 'log_returns_lag4', 'natgas_ret_30', 'roc_14', 'rsi', 'smt_exp', 'sp500_ret_14', 'williams_r']
20:36:05  src.cpcv.pipeline  INFO    Preprocessing: 14 features selected, train=494 + val=106 + cal=107, test=239
20:36:05  src.cpcv.tuning  INFO  Tuning (1 model) — Optuna TPE + Purged K-Fold (inner: 3 folds, embargo=10 obs)
20:36:05  src.cpcv.tuning  INFO    [tuning] kan (efficient-kan + AdamW): 3 purged K-fold splits, 30 Optuna trials (TPE)
20:36:38  src.cpcv.tuning  INFO      kan: 14 completed, 16 pruned (of 30 total) — best log_loss=0.6909, params={'width1': 2, 'lr': 0.04500194188151303, 'weight_decay': 3.0258445175002385e-05, 'grid': 3}
20:36:38  src.cpcv.tuning  INFO    [tuning] kan done in 32.8s — best log_loss=0.6909
20:36:38  src.cpcv.tuning  INFO  Tuning total: 32.8s
20:36:38  src.cpcv.pipeline  INFO      applied kan: {'width1': 2, 'width2': 0, 'grid': 3, 'lr': 0.04500194188151303, 'weight_decay': 3.0258445175002385e-05}
20:36:38  src.cpcv.models.kan_model  INFO  KAN fitted: widths=[14, 2, 2], grid=3, epochs=22, val_acc=0.6038, val_loss=0.7533, logit_range=[-0.22, 0.28], device=cpu.
20:36:38  src.cpcv.pipeline  INFO    [ 28/84]                  kan (seed=0) F1=0.532  AUC=0.561  LL=0.6895 (0.3s)
20:36:38  src.cpcv.models.kan_model  INFO  KAN fitted: widths=[14, 2, 2], grid=3, epochs=22, val_acc=0.5660, val_loss=0.7518, logit_range=[-0.22, 0.13], device=cpu.
20:36:38  src.cpcv.pipeline  INFO    [ 29/84]                  kan (seed=1) F1=0.382  AUC=0.524  LL=0.6909 (0.4s)
20:36:39  src.cpcv.models.kan_model  INFO  KAN fitted: widths=[14, 2, 2], grid=3, epochs=21, val_acc=0.6132, val_loss=0.7478, logit_range=[-0.21, 0.07], device=cpu.
20:36:39  src.cpcv.pipeline  INFO    [ 30/84]                  kan (seed=2) F1=0.382  AUC=0.552  LL=0.6905 (0.3s)
20:36:39  src.cpcv.preprocessing  INFO  Computing MDA (Random Forest)...
20:37:20  src.cpcv.preprocessing  INFO  Computing MDA (Logistic Regression)...
20:37:21  src.cpcv.preprocessing  INFO  Multi-model MDA: 37/73 passed (MDA > 0), 36 eliminated
20:37:21  src.cpcv.preprocessing  INFO    Capped at 14 features (top_k_frac=0.2)
20:37:21  src.cpcv.preprocessing  INFO    Selected (14): ['cci_14', 'ema_ratio_20_50', 'fee_per_tx', 'gold_ret_30', 'hashrate_roc_30', 'jarque_bera', 'log_returns', 'log_returns_lag6', 'mfi_14', 'natgas_ret_14', 'natgas_ret_30', 'silver_ret_30', 'skewness', 'sp500_ret_14']
20:37:21  src.cpcv.pipeline  INFO    Preprocessing: 14 features selected, train=494 + val=106 + cal=107, test=239
20:37:21  src.cpcv.tuning  INFO  Tuning (1 model) — Optuna TPE + Purged K-Fold (inner: 3 folds, embargo=10 obs)
20:37:21  src.cpcv.tuning  INFO    [tuning] kan (efficient-kan + AdamW): 3 purged K-fold splits, 30 Optuna trials (TPE)
20:38:28  src.cpcv.tuning  INFO      kan: 13 completed, 17 pruned (of 30 total) — best log_loss=0.6852, params={'width1': 5, 'lr': 0.017148336606632175, 'weight_decay': 0.0004898491725707815, 'grid': 3}
20:38:28  src.cpcv.tuning  INFO    [tuning] kan done in 67.1s — best log_loss=0.6852
20:38:28  src.cpcv.tuning  INFO  Tuning total: 67.1s
20:38:28  src.cpcv.pipeline  INFO      applied kan: {'width1': 5, 'width2': 0, 'grid': 3, 'lr': 0.017148336606632175, 'weight_decay': 0.0004898491725707815}
20:38:29  src.cpcv.models.kan_model  INFO  KAN fitted: widths=[14, 5, 2], grid=3, epochs=22, val_acc=0.5000, val_loss=0.7491, logit_range=[-0.20, 0.16], device=cpu.
20:38:29  src.cpcv.pipeline  INFO    [ 31/84]                  kan (seed=0) F1=0.500  AUC=0.564  LL=0.6831 (0.5s)
20:38:29  src.cpcv.models.kan_model  INFO  KAN fitted: widths=[14, 5, 2], grid=3, epochs=21, val_acc=0.5849, val_loss=0.7410, logit_range=[-0.12, 0.12], device=cpu.
20:38:29  src.cpcv.pipeline  INFO    [ 32/84]                  kan (seed=1) F1=0.354  AUC=0.543  LL=0.6921 (0.5s)
20:38:30  src.cpcv.models.kan_model  INFO  KAN fitted: widths=[14, 5, 2], grid=3, epochs=21, val_acc=0.5755, val_loss=0.7405, logit_range=[-0.17, 0.16], device=cpu.
20:38:30  src.cpcv.pipeline  INFO    [ 33/84]                  kan (seed=2) F1=0.537  AUC=0.603  LL=0.6843 (0.5s)
20:38:30  src.cpcv.preprocessing  INFO  Computing MDA (Random Forest)...
20:39:10  src.cpcv.preprocessing  INFO  Computing MDA (Logistic Regression)...
20:39:11  src.cpcv.preprocessing  INFO  Multi-model MDA: 34/73 passed (MDA > 0), 39 eliminated
20:39:11  src.cpcv.preprocessing  INFO    Capped at 14 features (top_k_frac=0.2)
20:39:11  src.cpcv.preprocessing  INFO    Selected (14): ['atr', 'copper_ret_14', 'eth_btc_ratio', 'fee_per_tx', 'jarque_bera', 'log_returns_lag4', 'log_returns_lag6', 'oil_ret_14', 'skewness', 'sp500_ret_30', 'variance_ratio', 'vix', 'vol_term_7_30', 'yield_curve_10y30y']
20:39:11  src.cpcv.pipeline  INFO    Preprocessing: 14 features selected, train=494 + val=106 + cal=107, test=239
20:39:11  src.cpcv.tuning  INFO  Tuning (1 model) — Optuna TPE + Purged K-Fold (inner: 3 folds, embargo=10 obs)
20:39:11  src.cpcv.tuning  INFO    [tuning] kan (efficient-kan + AdamW): 3 purged K-fold splits, 30 Optuna trials (TPE)
20:40:29  src.cpcv.tuning  INFO      kan: 10 completed, 20 pruned (of 30 total) — best log_loss=0.6647, params={'width1': 2, 'lr': 0.04353010439152429, 'weight_decay': 0.001764971584817572, 'grid': 3}
20:40:29  src.cpcv.tuning  INFO    [tuning] kan done in 78.1s — best log_loss=0.6647
20:40:29  src.cpcv.tuning  INFO  Tuning total: 78.1s
20:40:29  src.cpcv.pipeline  INFO      applied kan: {'width1': 2, 'width2': 0, 'grid': 3, 'lr': 0.04353010439152429, 'weight_decay': 0.001764971584817572}
20:40:30  src.cpcv.models.kan_model  INFO  KAN fitted: widths=[14, 2, 2], grid=3, epochs=28, val_acc=0.6415, val_loss=0.7322, logit_range=[-1.01, 0.71], device=cpu.
20:40:30  src.cpcv.pipeline  INFO    [ 34/84]                  kan (seed=0) F1=0.414  AUC=0.457  LL=0.7609 (0.5s)
20:40:30  src.cpcv.models.kan_model  INFO  KAN fitted: widths=[14, 2, 2], grid=3, epochs=31, val_acc=0.6415, val_loss=0.7448, logit_range=[-0.99, 0.46], device=cpu.
20:40:30  src.cpcv.pipeline  INFO    [ 35/84]                  kan (seed=1) F1=0.400  AUC=0.427  LL=0.7331 (0.5s)
20:40:31  src.cpcv.models.kan_model  INFO  KAN fitted: widths=[14, 2, 2], grid=3, epochs=35, val_acc=0.6604, val_loss=0.7394, logit_range=[-0.99, 0.67], device=cpu.
20:40:31  src.cpcv.pipeline  INFO    [ 36/84]                  kan (seed=2) F1=0.387  AUC=0.436  LL=0.7391 (0.6s)
20:40:31  src.cpcv.preprocessing  INFO  Computing MDA (Random Forest)...
20:41:12  src.cpcv.preprocessing  INFO  Computing MDA (Logistic Regression)...
20:41:13  src.cpcv.preprocessing  INFO  Multi-model MDA: 39/73 passed (MDA > 0), 34 eliminated
20:41:13  src.cpcv.preprocessing  INFO    Capped at 14 features (top_k_frac=0.2)
20:41:13  src.cpcv.preprocessing  INFO    Selected (14): ['dxy_roc_30', 'eth_btc_ratio', 'jarque_bera', 'kurtosis', 'log_returns_lag3', 'macd_hist', 'nasdaq_ret_30', 'obv', 'oil_ret_14', 'sadf', 'sp500_ret_30', 'williams_r', 'yield_curve_2y10y', 'yz_vol']
20:41:13  src.cpcv.pipeline  INFO    Preprocessing: 14 features selected, train=502 + val=108 + cal=108, test=239
20:41:13  src.cpcv.tuning  INFO  Tuning (1 model) — Optuna TPE + Purged K-Fold (inner: 3 folds, embargo=10 obs)
20:41:13  src.cpcv.tuning  INFO    [tuning] kan (efficient-kan + AdamW): 3 purged K-fold splits, 30 Optuna trials (TPE)
20:42:08  src.cpcv.tuning  INFO      kan: 17 completed, 13 pruned (of 30 total) — best log_loss=0.6880, params={'width1': 6, 'lr': 0.01824220727181061, 'weight_decay': 0.00014169543745774167, 'grid': 3}
20:42:08  src.cpcv.tuning  INFO    [tuning] kan done in 54.4s — best log_loss=0.6880
20:42:08  src.cpcv.tuning  INFO  Tuning total: 54.4s
20:42:08  src.cpcv.pipeline  INFO      applied kan: {'width1': 6, 'width2': 0, 'grid': 3, 'lr': 0.01824220727181061, 'weight_decay': 0.00014169543745774167}
20:42:08  src.cpcv.models.kan_model  INFO  KAN fitted: widths=[14, 6, 2], grid=3, epochs=26, val_acc=0.5648, val_loss=0.8474, logit_range=[-0.24, 0.30], device=cpu.
20:42:08  src.cpcv.pipeline  INFO    [ 37/84]                  kan (seed=0) F1=0.371  AUC=0.547  LL=0.6767 (0.5s)
20:42:09  src.cpcv.models.kan_model  INFO  KAN fitted: widths=[14, 6, 2], grid=3, epochs=29, val_acc=0.5741, val_loss=0.8436, logit_range=[-0.40, 0.36], device=cpu.
20:42:09  src.cpcv.pipeline  INFO    [ 38/84]                  kan (seed=1) F1=0.371  AUC=0.507  LL=0.6770 (0.6s)
20:42:09  src.cpcv.models.kan_model  INFO  KAN fitted: widths=[14, 6, 2], grid=3, epochs=27, val_acc=0.5648, val_loss=0.8451, logit_range=[-0.44, 0.35], device=cpu.
20:42:09  src.cpcv.pipeline  INFO    [ 39/84]                  kan (seed=2) F1=0.371  AUC=0.508  LL=0.6761 (0.5s)
20:42:10  src.cpcv.preprocessing  INFO  Computing MDA (Random Forest)...
20:42:50  src.cpcv.preprocessing  INFO  Computing MDA (Logistic Regression)...
20:42:51  src.cpcv.preprocessing  INFO  Multi-model MDA: 37/73 passed (MDA > 0), 36 eliminated
20:42:51  src.cpcv.preprocessing  INFO    Capped at 14 features (top_k_frac=0.2)
20:42:51  src.cpcv.preprocessing  INFO    Selected (14): ['eth_btc_ratio', 'log_returns_lag2', 'log_returns_lag6', 'macd_hist', 'obv', 'oil_ret_30', 'roc_14', 'sadf', 'silver_ret_30', 'sp500_ret_30', 'stoch_d', 'vol_term_30_90', 'williams_r', 'yield_curve_2y10y']
20:42:51  src.cpcv.pipeline  INFO    Preprocessing: 14 features selected, train=464 + val=99 + cal=100, test=292
20:42:51  src.cpcv.tuning  INFO  Tuning (1 model) — Optuna TPE + Purged K-Fold (inner: 3 folds, embargo=10 obs)
20:42:51  src.cpcv.tuning  INFO    [tuning] kan (efficient-kan + AdamW): 3 purged K-fold splits, 30 Optuna trials (TPE)
20:44:47  src.cpcv.tuning  INFO      kan: 20 completed, 10 pruned (of 30 total) — best log_loss=0.6846, params={'width1': 2, 'lr': 0.002634019124626176, 'weight_decay': 0.00018408623974403097, 'grid': 3}
20:44:47  src.cpcv.tuning  INFO    [tuning] kan done in 116.0s — best log_loss=0.6846
20:44:47  src.cpcv.tuning  INFO  Tuning total: 116.0s
20:44:47  src.cpcv.pipeline  INFO      applied kan: {'width1': 2, 'width2': 0, 'grid': 3, 'lr': 0.002634019124626176, 'weight_decay': 0.00018408623974403097}
20:44:48  src.cpcv.models.kan_model  INFO  KAN fitted: widths=[14, 2, 2], grid=3, epochs=51, val_acc=0.3636, val_loss=0.6968, logit_range=[-0.11, 0.07], device=cpu.
20:44:48  src.cpcv.pipeline  INFO    [ 40/84]                  kan (seed=0) F1=0.336  AUC=0.414  LL=0.6974 (0.8s)
20:44:48  src.cpcv.models.kan_model  INFO  KAN fitted: widths=[14, 2, 2], grid=3, epochs=21, val_acc=0.4949, val_loss=0.6951, logit_range=[-0.05, 0.06], device=cpu.
20:44:48  src.cpcv.pipeline  INFO    [ 41/84]                  kan (seed=1) F1=0.487  AUC=0.515  LL=0.6931 (0.3s)
20:44:48  src.cpcv.models.kan_model  INFO  KAN fitted: widths=[14, 2, 2], grid=3, epochs=21, val_acc=0.4747, val_loss=0.6950, logit_range=[-0.10, 0.09], device=cpu.
20:44:48  src.cpcv.pipeline  INFO    [ 42/84]                  kan (seed=2) F1=0.336  AUC=0.447  LL=0.6959 (0.3s)
20:44:49  src.cpcv.preprocessing  INFO  Computing MDA (Random Forest)...
20:45:30  src.cpcv.preprocessing  INFO  Computing MDA (Logistic Regression)...
20:45:31  src.cpcv.preprocessing  INFO  Multi-model MDA: 39/73 passed (MDA > 0), 34 eliminated
20:45:31  src.cpcv.preprocessing  INFO    Capped at 14 features (top_k_frac=0.2)
20:45:31  src.cpcv.preprocessing  INFO    Selected (14): ['ema_ratio_20_50', 'eth_btc_ratio', 'issuance_ntv', 'log_returns_lag4', 'mvrv', 'oil_ret_14', 'roc_14', 'skewness', 'sp500_ret_14', 'sp500_ret_30', 'stoch_d', 'us2y', 'yield_curve_10y30y', 'yield_curve_2y10y']
20:45:31  src.cpcv.pipeline  INFO    Preprocessing: 14 features selected, train=455 + val=98 + cal=98, test=292
20:45:31  src.cpcv.tuning  INFO  Tuning (1 model) — Optuna TPE + Purged K-Fold (inner: 3 folds, embargo=10 obs)
20:45:31  src.cpcv.tuning  INFO    [tuning] kan (efficient-kan + AdamW): 3 purged K-fold splits, 30 Optuna trials (TPE)
20:46:15  src.cpcv.tuning  INFO      kan: 18 completed, 12 pruned (of 30 total) — best log_loss=0.6899, params={'width1': 6, 'lr': 0.0015758832997723642, 'weight_decay': 3.354371604764885e-05, 'grid': 3}
20:46:15  src.cpcv.tuning  INFO    [tuning] kan done in 44.4s — best log_loss=0.6899
20:46:15  src.cpcv.tuning  INFO  Tuning total: 44.4s
20:46:15  src.cpcv.pipeline  INFO      applied kan: {'width1': 6, 'width2': 0, 'grid': 3, 'lr': 0.0015758832997723642, 'weight_decay': 3.354371604764885e-05}
20:46:16  src.cpcv.models.kan_model  INFO  KAN fitted: widths=[14, 6, 2], grid=3, epochs=21, val_acc=0.4388, val_loss=0.7122, logit_range=[-0.04, 0.09], device=cpu.
20:46:16  src.cpcv.pipeline  INFO    [ 43/84]                  kan (seed=0) F1=0.524  AUC=0.642  LL=0.6724 (0.4s)
20:46:16  src.cpcv.models.kan_model  INFO  KAN fitted: widths=[14, 6, 2], grid=3, epochs=21, val_acc=0.4490, val_loss=0.7133, logit_range=[-0.04, 0.10], device=cpu.
20:46:16  src.cpcv.pipeline  INFO    [ 44/84]                  kan (seed=1) F1=0.350  AUC=0.581  LL=0.6901 (0.4s)
20:46:16  src.cpcv.models.kan_model  INFO  KAN fitted: widths=[14, 6, 2], grid=3, epochs=21, val_acc=0.5408, val_loss=0.7075, logit_range=[-0.16, 0.06], device=cpu.
20:46:17  src.cpcv.pipeline  INFO    [ 45/84]                  kan (seed=2) F1=0.578  AUC=0.608  LL=0.6776 (0.4s)
20:46:17  src.cpcv.preprocessing  INFO  Computing MDA (Random Forest)...
20:46:58  src.cpcv.preprocessing  INFO  Computing MDA (Logistic Regression)...
20:46:59  src.cpcv.preprocessing  INFO  Multi-model MDA: 30/73 passed (MDA > 0), 43 eliminated
20:46:59  src.cpcv.preprocessing  INFO    Capped at 14 features (top_k_frac=0.2)
20:46:59  src.cpcv.preprocessing  INFO    Selected (14): ['ema_ratio_50_200', 'log_returns', 'log_returns_lag2', 'log_returns_lag30', 'log_returns_lag7', 'natgas_ret_14', 'natgas_ret_30', 'rsi', 'skewness', 'sp500_ret_14', 'us10y', 'us2y', 'vix', 'yield_curve_10y30y']
20:46:59  src.cpcv.pipeline  INFO    Preprocessing: 14 features selected, train=455 + val=98 + cal=98, test=292
20:46:59  src.cpcv.tuning  INFO  Tuning (1 model) — Optuna TPE + Purged K-Fold (inner: 3 folds, embargo=10 obs)
20:46:59  src.cpcv.tuning  INFO    [tuning] kan (efficient-kan + AdamW): 3 purged K-fold splits, 30 Optuna trials (TPE)
20:48:38  src.cpcv.tuning  INFO      kan: 26 completed, 4 pruned (of 30 total) — best log_loss=0.6773, params={'width1': 5, 'lr': 0.03334115743026767, 'weight_decay': 1.805423703530021e-05, 'grid': 5}
20:48:38  src.cpcv.tuning  INFO    [tuning] kan done in 99.0s — best log_loss=0.6773
20:48:38  src.cpcv.tuning  INFO  Tuning total: 99.0s
20:48:38  src.cpcv.pipeline  INFO      applied kan: {'width1': 5, 'width2': 0, 'grid': 5, 'lr': 0.03334115743026767, 'weight_decay': 1.805423703530021e-05}
20:48:38  src.cpcv.models.kan_model  INFO  KAN fitted: widths=[14, 5, 2], grid=5, epochs=21, val_acc=0.4898, val_loss=0.6982, logit_range=[-0.12, 0.14], device=cpu.
20:48:38  src.cpcv.pipeline  INFO    [ 46/84]                  kan (seed=0) F1=0.518  AUC=0.546  LL=0.7025 (0.4s)
20:48:39  src.cpcv.models.kan_model  INFO  KAN fitted: widths=[14, 5, 2], grid=5, epochs=21, val_acc=0.3980, val_loss=0.7001, logit_range=[-0.15, 0.12], device=cpu.
20:48:39  src.cpcv.pipeline  INFO    [ 47/84]                  kan (seed=1) F1=0.493  AUC=0.533  LL=0.7256 (0.4s)
20:48:39  src.cpcv.models.kan_model  INFO  KAN fitted: widths=[14, 5, 2], grid=5, epochs=21, val_acc=0.4490, val_loss=0.7011, logit_range=[-0.21, 0.14], device=cpu.
20:48:39  src.cpcv.pipeline  INFO    [ 48/84]                  kan (seed=2) F1=0.324  AUC=0.504  LL=0.6967 (0.4s)
20:48:40  src.cpcv.preprocessing  INFO  Computing MDA (Random Forest)...
20:49:19  src.cpcv.preprocessing  INFO  Computing MDA (Logistic Regression)...
20:49:21  src.cpcv.preprocessing  INFO  Multi-model MDA: 37/73 passed (MDA > 0), 36 eliminated
20:49:21  src.cpcv.preprocessing  INFO    Capped at 14 features (top_k_frac=0.2)
20:49:21  src.cpcv.preprocessing  INFO    Selected (14): ['dxy_roc_30', 'exchange_supply_pct', 'jarque_bera', 'log_returns_lag5', 'log_returns_lag6', 'lz_complexity', 'nasdaq_ret_14', 'nasdaq_ret_30', 'obv', 'oil_ret_14', 'rsi', 'sadf', 'silver_ret_30', 'smt_exp']
20:49:21  src.cpcv.pipeline  INFO    Preprocessing: 14 features selected, train=455 + val=98 + cal=98, test=292
20:49:21  src.cpcv.tuning  INFO  Tuning (1 model) — Optuna TPE + Purged K-Fold (inner: 3 folds, embargo=10 obs)
20:49:21  src.cpcv.tuning  INFO    [tuning] kan (efficient-kan + AdamW): 3 purged K-fold splits, 30 Optuna trials (TPE)
20:51:04  src.cpcv.tuning  INFO      kan: 30 completed, 0 pruned (of 30 total) — best log_loss=0.6821, params={'width1': 3, 'lr': 0.0038780965114012756, 'weight_decay': 0.0014971571736442225, 'grid': 5}
20:51:04  src.cpcv.tuning  INFO    [tuning] kan done in 103.3s — best log_loss=0.6821
20:51:04  src.cpcv.tuning  INFO  Tuning total: 103.3s
20:51:04  src.cpcv.pipeline  INFO      applied kan: {'width1': 3, 'width2': 0, 'grid': 5, 'lr': 0.0038780965114012756, 'weight_decay': 0.0014971571736442225}
20:51:05  src.cpcv.models.kan_model  INFO  KAN fitted: widths=[14, 3, 2], grid=5, epochs=62, val_acc=0.6327, val_loss=0.7692, logit_range=[-0.40, 0.55], device=cpu.
20:51:05  src.cpcv.pipeline  INFO    [ 49/84]                  kan (seed=0) F1=0.377  AUC=0.447  LL=0.7007 (1.0s)
20:51:06  src.cpcv.models.kan_model  INFO  KAN fitted: widths=[14, 3, 2], grid=5, epochs=64, val_acc=0.6429, val_loss=0.7673, logit_range=[-0.32, 0.28], device=cpu.
20:51:06  src.cpcv.pipeline  INFO    [ 50/84]                  kan (seed=1) F1=0.368  AUC=0.426  LL=0.7081 (1.0s)
20:51:07  src.cpcv.models.kan_model  INFO  KAN fitted: widths=[14, 3, 2], grid=5, epochs=63, val_acc=0.5204, val_loss=0.7753, logit_range=[-0.43, 0.46], device=cpu.
20:51:07  src.cpcv.pipeline  INFO    [ 51/84]                  kan (seed=2) F1=0.354  AUC=0.432  LL=0.7046 (1.0s)
20:51:07  src.cpcv.preprocessing  INFO  Computing MDA (Random Forest)...
20:51:47  src.cpcv.preprocessing  INFO  Computing MDA (Logistic Regression)...
20:51:48  src.cpcv.preprocessing  INFO  Multi-model MDA: 40/73 passed (MDA > 0), 33 eliminated
20:51:48  src.cpcv.preprocessing  INFO    Capped at 14 features (top_k_frac=0.2)
20:51:48  src.cpcv.preprocessing  INFO    Selected (14): ['chaikin_osc', 'dxy_roc_30', 'exchange_supply_pct', 'fee_per_tx', 'gk_vol', 'jarque_bera', 'kurtosis', 'log_returns_lag1', 'macd_hist', 'natgas_ret_30', 'obv', 'roc_14', 'sadf', 'smt_exp']
20:51:48  src.cpcv.pipeline  INFO    Preprocessing: 14 features selected, train=463 + val=99 + cal=100, test=292
20:51:48  src.cpcv.tuning  INFO  Tuning (1 model) — Optuna TPE + Purged K-Fold (inner: 3 folds, embargo=10 obs)
20:51:48  src.cpcv.tuning  INFO    [tuning] kan (efficient-kan + AdamW): 3 purged K-fold splits, 30 Optuna trials (TPE)
20:53:50  src.cpcv.tuning  INFO      kan: 30 completed, 0 pruned (of 30 total) — best log_loss=0.6823, params={'width1': 3, 'lr': 0.0008049326671881333, 'weight_decay': 0.00039185319669018275, 'grid': 5}
20:53:50  src.cpcv.tuning  INFO    [tuning] kan done in 121.8s — best log_loss=0.6823
20:53:50  src.cpcv.tuning  INFO  Tuning total: 121.8s
20:53:50  src.cpcv.pipeline  INFO      applied kan: {'width1': 3, 'width2': 0, 'grid': 5, 'lr': 0.0008049326671881333, 'weight_decay': 0.00039185319669018275}
20:53:53  src.cpcv.models.kan_model  INFO  KAN fitted: widths=[14, 3, 2], grid=5, epochs=166, val_acc=0.5455, val_loss=0.8405, logit_range=[-0.24, 0.37], device=cpu.
20:53:53  src.cpcv.pipeline  INFO    [ 52/84]                  kan (seed=0) F1=0.384  AUC=0.487  LL=0.8333 (3.3s)
20:53:57  src.cpcv.models.kan_model  INFO  KAN fitted: widths=[14, 3, 2], grid=5, epochs=200, val_acc=0.6061, val_loss=0.8454, logit_range=[-0.24, 0.27], device=cpu.
20:53:57  src.cpcv.pipeline  INFO    [ 53/84]                  kan (seed=1) F1=0.335  AUC=0.486  LL=0.7399 (3.9s)
20:54:00  src.cpcv.models.kan_model  INFO  KAN fitted: widths=[14, 3, 2], grid=5, epochs=200, val_acc=0.5253, val_loss=0.8409, logit_range=[-0.29, 0.35], device=cpu.
20:54:01  src.cpcv.pipeline  INFO    [ 54/84]                  kan (seed=2) F1=0.354  AUC=0.489  LL=0.7272 (3.2s)
20:54:01  src.cpcv.preprocessing  INFO  Computing MDA (Random Forest)...
20:54:41  src.cpcv.preprocessing  INFO  Computing MDA (Logistic Regression)...
20:54:42  src.cpcv.preprocessing  INFO  Multi-model MDA: 39/73 passed (MDA > 0), 34 eliminated
20:54:42  src.cpcv.preprocessing  INFO    Capped at 14 features (top_k_frac=0.2)
20:54:42  src.cpcv.preprocessing  INFO    Selected (14): ['copper_ret_14', 'eth_btc_ratio', 'kurtosis', 'log_returns_lag14', 'log_returns_lag2', 'log_returns_lag3', 'log_returns_lag7', 'lz_complexity', 'natgas_ret_30', 'oil_ret_14', 'rsi', 'skewness', 'smt_poly1', 'sp500_ret_30']
20:54:42  src.cpcv.pipeline  INFO    Preprocessing: 14 features selected, train=465 + val=100 + cal=100, test=292
20:54:42  src.cpcv.tuning  INFO  Tuning (1 model) — Optuna TPE + Purged K-Fold (inner: 3 folds, embargo=10 obs)
20:54:42  src.cpcv.tuning  INFO    [tuning] kan (efficient-kan + AdamW): 3 purged K-fold splits, 30 Optuna trials (TPE)
20:55:58  src.cpcv.tuning  INFO      kan: 15 completed, 15 pruned (of 30 total) — best log_loss=0.6849, params={'width1': 5, 'lr': 0.00916038623831982, 'weight_decay': 0.0004898491725707815, 'grid': 3}
20:55:58  src.cpcv.tuning  INFO    [tuning] kan done in 76.5s — best log_loss=0.6849
20:55:58  src.cpcv.tuning  INFO  Tuning total: 76.5s
20:55:58  src.cpcv.pipeline  INFO      applied kan: {'width1': 5, 'width2': 0, 'grid': 3, 'lr': 0.00916038623831982, 'weight_decay': 0.0004898491725707815}
20:55:59  src.cpcv.models.kan_model  INFO  KAN fitted: widths=[14, 5, 2], grid=3, epochs=21, val_acc=0.5300, val_loss=0.7129, logit_range=[-0.08, 0.15], device=cpu.
20:55:59  src.cpcv.pipeline  INFO    [ 55/84]                  kan (seed=0) F1=0.367  AUC=0.533  LL=0.6875 (0.5s)
20:55:59  src.cpcv.models.kan_model  INFO  KAN fitted: widths=[14, 5, 2], grid=3, epochs=21, val_acc=0.6400, val_loss=0.6983, logit_range=[-0.13, 0.13], device=cpu.
20:55:59  src.cpcv.pipeline  INFO    [ 56/84]                  kan (seed=1) F1=0.367  AUC=0.525  LL=0.6875 (0.5s)
20:56:00  src.cpcv.models.kan_model  INFO  KAN fitted: widths=[14, 5, 2], grid=3, epochs=21, val_acc=0.5100, val_loss=0.7068, logit_range=[-0.09, 0.10], device=cpu.
20:56:00  src.cpcv.pipeline  INFO    [ 57/84]                  kan (seed=2) F1=0.437  AUC=0.495  LL=0.6891 (0.5s)
20:56:00  src.cpcv.preprocessing  INFO  Computing MDA (Random Forest)...
20:56:40  src.cpcv.preprocessing  INFO  Computing MDA (Logistic Regression)...
20:56:41  src.cpcv.preprocessing  INFO  Multi-model MDA: 38/73 passed (MDA > 0), 35 eliminated
20:56:41  src.cpcv.preprocessing  INFO    Capped at 14 features (top_k_frac=0.2)
20:56:41  src.cpcv.preprocessing  INFO    Selected (14): ['ema_ratio_20_50', 'log_returns_lag30', 'log_returns_lag5', 'log_returns_lag6', 'log_returns_lag7', 'mvrv', 'net_exchange_flow', 'oil_ret_14', 'silver_ret_14', 'skewness', 'sp500_ret_14', 'us10y', 'variance_ratio', 'vix']
20:56:41  src.cpcv.pipeline  INFO    Preprocessing: 14 features selected, train=457 + val=98 + cal=98, test=292
20:56:41  src.cpcv.tuning  INFO  Tuning (1 model) — Optuna TPE + Purged K-Fold (inner: 3 folds, embargo=10 obs)
20:56:41  src.cpcv.tuning  INFO    [tuning] kan (efficient-kan + AdamW): 3 purged K-fold splits, 30 Optuna trials (TPE)
20:57:54  src.cpcv.tuning  INFO      kan: 14 completed, 16 pruned (of 30 total) — best log_loss=0.6816, params={'width1': 5, 'lr': 0.03334115743026767, 'weight_decay': 0.000578250662146681, 'grid': 5}
20:57:54  src.cpcv.tuning  INFO    [tuning] kan done in 72.3s — best log_loss=0.6816
20:57:54  src.cpcv.tuning  INFO  Tuning total: 72.3s
20:57:54  src.cpcv.pipeline  INFO      applied kan: {'width1': 5, 'width2': 0, 'grid': 5, 'lr': 0.03334115743026767, 'weight_decay': 0.000578250662146681}
20:57:54  src.cpcv.models.kan_model  INFO  KAN fitted: widths=[14, 5, 2], grid=5, epochs=21, val_acc=0.5408, val_loss=0.7088, logit_range=[-0.12, 0.13], device=cpu.
20:57:54  src.cpcv.pipeline  INFO    [ 58/84]                  kan (seed=0) F1=0.497  AUC=0.488  LL=0.7180 (0.5s)
20:57:55  src.cpcv.models.kan_model  INFO  KAN fitted: widths=[14, 5, 2], grid=5, epochs=21, val_acc=0.4694, val_loss=0.7069, logit_range=[-0.15, 0.10], device=cpu.
20:57:55  src.cpcv.pipeline  INFO    [ 59/84]                  kan (seed=1) F1=0.423  AUC=0.503  LL=0.7396 (0.6s)
20:57:55  src.cpcv.models.kan_model  INFO  KAN fitted: widths=[14, 5, 2], grid=5, epochs=21, val_acc=0.5816, val_loss=0.7036, logit_range=[-0.17, 0.06], device=cpu.
20:57:55  src.cpcv.pipeline  INFO    [ 60/84]                  kan (seed=2) F1=0.400  AUC=0.529  LL=0.6959 (0.5s)
20:57:56  src.cpcv.preprocessing  INFO  Computing MDA (Random Forest)...
20:58:36  src.cpcv.preprocessing  INFO  Computing MDA (Logistic Regression)...
20:58:37  src.cpcv.preprocessing  INFO  Multi-model MDA: 37/73 passed (MDA > 0), 36 eliminated
20:58:37  src.cpcv.preprocessing  INFO    Capped at 14 features (top_k_frac=0.2)
20:58:37  src.cpcv.preprocessing  INFO    Selected (14): ['eth_btc_ratio', 'gold_ret_30', 'kurtosis', 'log_returns_lag3', 'log_returns_lag6', 'log_returns_lag7', 'macd_hist', 'realized_vol', 'silver_ret_30', 'sp500_ret_30', 'stoch_k', 'variance_ratio', 'williams_r', 'yield_curve_2y10y']
20:58:37  src.cpcv.pipeline  INFO    Preprocessing: 14 features selected, train=457 + val=98 + cal=98, test=292
20:58:37  src.cpcv.tuning  INFO  Tuning (1 model) — Optuna TPE + Purged K-Fold (inner: 3 folds, embargo=10 obs)
20:58:37  src.cpcv.tuning  INFO    [tuning] kan (efficient-kan + AdamW): 3 purged K-fold splits, 30 Optuna trials (TPE)
20:59:55  src.cpcv.tuning  INFO      kan: 10 completed, 20 pruned (of 30 total) — best log_loss=0.6674, params={'width1': 3, 'lr': 0.04919994023607683, 'weight_decay': 0.001896168723409351, 'grid': 5}
20:59:55  src.cpcv.tuning  INFO    [tuning] kan done in 78.3s — best log_loss=0.6674
20:59:55  src.cpcv.tuning  INFO  Tuning total: 78.3s
20:59:55  src.cpcv.pipeline  INFO      applied kan: {'width1': 3, 'width2': 0, 'grid': 5, 'lr': 0.04919994023607683, 'weight_decay': 0.001896168723409351}
20:59:56  src.cpcv.models.kan_model  INFO  KAN fitted: widths=[14, 3, 2], grid=5, epochs=24, val_acc=0.5510, val_loss=0.7873, logit_range=[-0.43, 1.35], device=cpu.
20:59:56  src.cpcv.pipeline  INFO    [ 61/84]                  kan (seed=0) F1=0.502  AUC=0.513  LL=0.6959 (0.6s)
20:59:56  src.cpcv.models.kan_model  INFO  KAN fitted: widths=[14, 3, 2], grid=5, epochs=21, val_acc=0.5204, val_loss=0.8016, logit_range=[-0.12, 0.10], device=cpu.
20:59:56  src.cpcv.pipeline  INFO    [ 62/84]                  kan (seed=1) F1=0.423  AUC=0.492  LL=0.6908 (0.5s)
20:59:57  src.cpcv.models.kan_model  INFO  KAN fitted: widths=[14, 3, 2], grid=5, epochs=24, val_acc=0.5510, val_loss=0.7765, logit_range=[-0.57, 0.69], device=cpu.
20:59:57  src.cpcv.pipeline  INFO    [ 63/84]                  kan (seed=2) F1=0.450  AUC=0.505  LL=0.6929 (0.5s)
20:59:57  src.cpcv.preprocessing  INFO  Computing MDA (Random Forest)...
21:00:37  src.cpcv.preprocessing  INFO  Computing MDA (Logistic Regression)...
21:00:38  src.cpcv.preprocessing  INFO  Multi-model MDA: 38/73 passed (MDA > 0), 35 eliminated
21:00:38  src.cpcv.preprocessing  INFO    Capped at 14 features (top_k_frac=0.2)
21:00:38  src.cpcv.preprocessing  INFO    Selected (14): ['active_addr_roc_14', 'bb_width', 'copper_ret_30', 'eth_btc_ratio', 'exchange_supply_pct', 'log_returns_lag1', 'log_returns_lag5', 'log_returns_lag6', 'oil_ret_14', 'silver_ret_30', 'smt_poly1', 'sp500_ret_30', 'yield_curve_10y30y', 'yz_vol']
21:00:38  src.cpcv.pipeline  INFO    Preprocessing: 14 features selected, train=464 + val=100 + cal=100, test=292
21:00:38  src.cpcv.tuning  INFO  Tuning (1 model) — Optuna TPE + Purged K-Fold (inner: 3 folds, embargo=10 obs)
21:00:38  src.cpcv.tuning  INFO    [tuning] kan (efficient-kan + AdamW): 3 purged K-fold splits, 30 Optuna trials (TPE)
21:03:06  src.cpcv.tuning  INFO      kan: 18 completed, 12 pruned (of 30 total) — best log_loss=0.6614, params={'width1': 6, 'lr': 0.001504321303893368, 'weight_decay': 3.115976286675903e-05, 'grid': 3}
21:03:06  src.cpcv.tuning  INFO    [tuning] kan done in 148.2s — best log_loss=0.6614
21:03:06  src.cpcv.tuning  INFO  Tuning total: 148.2s
21:03:06  src.cpcv.pipeline  INFO      applied kan: {'width1': 6, 'width2': 0, 'grid': 3, 'lr': 0.001504321303893368, 'weight_decay': 3.115976286675903e-05}
21:03:08  src.cpcv.models.kan_model  INFO  KAN fitted: widths=[14, 6, 2], grid=3, epochs=134, val_acc=0.5500, val_loss=0.8233, logit_range=[-0.49, 0.71], device=cpu.
21:03:08  src.cpcv.pipeline  INFO    [ 64/84]                  kan (seed=0) F1=0.361  AUC=0.512  LL=0.7359 (2.3s)
21:03:11  src.cpcv.models.kan_model  INFO  KAN fitted: widths=[14, 6, 2], grid=3, epochs=134, val_acc=0.5800, val_loss=0.8143, logit_range=[-0.65, 0.43], device=cpu.
21:03:11  src.cpcv.pipeline  INFO    [ 65/84]                  kan (seed=1) F1=0.364  AUC=0.527  LL=0.7681 (2.3s)
21:03:13  src.cpcv.models.kan_model  INFO  KAN fitted: widths=[14, 6, 2], grid=3, epochs=136, val_acc=0.5700, val_loss=0.8239, logit_range=[-0.72, 0.48], device=cpu.
21:03:13  src.cpcv.pipeline  INFO    [ 66/84]                  kan (seed=2) F1=0.359  AUC=0.516  LL=0.7543 (2.4s)
21:03:13  src.cpcv.preprocessing  INFO  Computing MDA (Random Forest)...
21:03:53  src.cpcv.preprocessing  INFO  Computing MDA (Logistic Regression)...
21:03:55  src.cpcv.preprocessing  INFO  Multi-model MDA: 38/73 passed (MDA > 0), 35 eliminated
21:03:55  src.cpcv.preprocessing  INFO    Capped at 14 features (top_k_frac=0.2)
21:03:55  src.cpcv.preprocessing  INFO    Selected (14): ['cci_14', 'ema_ratio_20_50', 'fee_per_tx', 'log_returns_lag2', 'log_returns_lag5', 'log_returns_lag6', 'macd', 'macd_hist', 'mfi_14', 'net_exchange_flow', 'obv', 'sadf', 'smt_exp', 'vol_term_30_90']
21:03:55  src.cpcv.pipeline  INFO    Preprocessing: 14 features selected, train=465 + val=100 + cal=100, test=292
21:03:55  src.cpcv.tuning  INFO  Tuning (1 model) — Optuna TPE + Purged K-Fold (inner: 3 folds, embargo=10 obs)
21:03:55  src.cpcv.tuning  INFO    [tuning] kan (efficient-kan + AdamW): 3 purged K-fold splits, 30 Optuna trials (TPE)
21:04:46  src.cpcv.tuning  INFO      kan: 17 completed, 13 pruned (of 30 total) — best log_loss=0.6904, params={'width1': 2, 'lr': 0.04353010439152429, 'weight_decay': 0.001764971584817572, 'grid': 3}
21:04:46  src.cpcv.tuning  INFO    [tuning] kan done in 51.2s — best log_loss=0.6904
21:04:46  src.cpcv.tuning  INFO  Tuning total: 51.2s
21:04:46  src.cpcv.pipeline  INFO      applied kan: {'width1': 2, 'width2': 0, 'grid': 3, 'lr': 0.04353010439152429, 'weight_decay': 0.001764971584817572}
21:04:47  src.cpcv.models.kan_model  INFO  KAN fitted: widths=[14, 2, 2], grid=3, epochs=21, val_acc=0.5600, val_loss=0.7020, logit_range=[-0.19, 0.19], device=cpu.
21:04:47  src.cpcv.pipeline  INFO    [ 67/84]                  kan (seed=0) F1=0.435  AUC=0.515  LL=0.6901 (0.3s)
21:04:47  src.cpcv.models.kan_model  INFO  KAN fitted: widths=[14, 2, 2], grid=3, epochs=21, val_acc=0.5900, val_loss=0.7035, logit_range=[-0.24, 0.06], device=cpu.
21:04:47  src.cpcv.pipeline  INFO    [ 68/84]                  kan (seed=1) F1=0.355  AUC=0.519  LL=0.6898 (0.3s)
21:04:48  src.cpcv.models.kan_model  INFO  KAN fitted: widths=[14, 2, 2], grid=3, epochs=53, val_acc=0.6500, val_loss=0.6808, logit_range=[-1.34, 1.00], device=cpu.
21:04:48  src.cpcv.pipeline  INFO    [ 69/84]                  kan (seed=2) F1=0.496  AUC=0.505  LL=0.7026 (0.8s)
21:04:48  src.cpcv.preprocessing  INFO  Computing MDA (Random Forest)...
21:05:28  src.cpcv.preprocessing  INFO  Computing MDA (Logistic Regression)...
21:05:30  src.cpcv.preprocessing  INFO  Multi-model MDA: 40/73 passed (MDA > 0), 33 eliminated
21:05:30  src.cpcv.preprocessing  INFO    Capped at 14 features (top_k_frac=0.2)
21:05:30  src.cpcv.preprocessing  INFO    Selected (14): ['bb_width', 'eth_btc_ratio', 'gk_vol', 'gold_ret_30', 'hashrate_roc_30', 'hurst', 'log_returns_lag1', 'log_returns_lag21', 'log_returns_lag4', 'log_returns_lag6', 'nasdaq_ret_14', 'silver_ret_30', 'smt_poly1', 'yield_curve_10y30y']
21:05:30  src.cpcv.pipeline  INFO    Preprocessing: 14 features selected, train=457 + val=98 + cal=98, test=292
21:05:30  src.cpcv.tuning  INFO  Tuning (1 model) — Optuna TPE + Purged K-Fold (inner: 3 folds, embargo=10 obs)
21:05:30  src.cpcv.tuning  INFO    [tuning] kan (efficient-kan + AdamW): 3 purged K-fold splits, 30 Optuna trials (TPE)
21:06:51  src.cpcv.tuning  INFO      kan: 23 completed, 7 pruned (of 30 total) — best log_loss=0.6709, params={'width1': 3, 'lr': 0.04688392914464725, 'weight_decay': 0.00041281032319200094, 'grid': 5}
21:06:51  src.cpcv.tuning  INFO    [tuning] kan done in 80.5s — best log_loss=0.6709
21:06:51  src.cpcv.tuning  INFO  Tuning total: 80.5s
21:06:51  src.cpcv.pipeline  INFO      applied kan: {'width1': 3, 'width2': 0, 'grid': 5, 'lr': 0.04688392914464725, 'weight_decay': 0.00041281032319200094}
21:06:51  src.cpcv.models.kan_model  INFO  KAN fitted: widths=[14, 3, 2], grid=5, epochs=23, val_acc=0.5510, val_loss=0.7796, logit_range=[-0.25, 0.79], device=cpu.
21:06:51  src.cpcv.pipeline  INFO    [ 70/84]                  kan (seed=0) F1=0.498  AUC=0.536  LL=0.6849 (0.4s)
21:06:51  src.cpcv.models.kan_model  INFO  KAN fitted: widths=[14, 3, 2], grid=5, epochs=24, val_acc=0.6020, val_loss=0.7754, logit_range=[-0.54, 0.51], device=cpu.
21:06:51  src.cpcv.pipeline  INFO    [ 71/84]                  kan (seed=1) F1=0.502  AUC=0.540  LL=0.6870 (0.4s)
21:06:52  src.cpcv.models.kan_model  INFO  KAN fitted: widths=[14, 3, 2], grid=5, epochs=24, val_acc=0.6122, val_loss=0.7819, logit_range=[-0.54, 0.60], device=cpu.
21:06:52  src.cpcv.pipeline  INFO    [ 72/84]                  kan (seed=2) F1=0.416  AUC=0.513  LL=0.6846 (0.4s)
21:06:52  src.cpcv.preprocessing  INFO  Computing MDA (Random Forest)...
21:07:33  src.cpcv.preprocessing  INFO  Computing MDA (Logistic Regression)...
21:07:34  src.cpcv.preprocessing  INFO  Multi-model MDA: 41/73 passed (MDA > 0), 32 eliminated
21:07:34  src.cpcv.preprocessing  INFO    Capped at 14 features (top_k_frac=0.2)
21:07:34  src.cpcv.preprocessing  INFO    Selected (14): ['ema_ratio_50_200', 'gk_vol', 'log_returns_lag1', 'log_returns_lag14', 'log_returns_lag21', 'log_returns_lag3', 'log_returns_lag30', 'log_returns_lag4', 'nasdaq_ret_30', 'realized_vol', 'silver_ret_30', 'smt_poly1', 'tx_count_roc_14', 'vol_term_7_30']
21:07:34  src.cpcv.pipeline  INFO    Preprocessing: 14 features selected, train=464 + val=100 + cal=100, test=292
21:07:34  src.cpcv.tuning  INFO  Tuning (1 model) — Optuna TPE + Purged K-Fold (inner: 3 folds, embargo=10 obs)
21:07:34  src.cpcv.tuning  INFO    [tuning] kan (efficient-kan + AdamW): 3 purged K-fold splits, 30 Optuna trials (TPE)
21:08:17  src.cpcv.tuning  INFO      kan: 22 completed, 8 pruned (of 30 total) — best log_loss=0.6897, params={'width1': 4, 'lr': 0.024171763961863796, 'weight_decay': 3.326889406504915e-05, 'grid': 5}
21:08:17  src.cpcv.tuning  INFO    [tuning] kan done in 42.4s — best log_loss=0.6897
21:08:17  src.cpcv.tuning  INFO  Tuning total: 42.4s
21:08:17  src.cpcv.pipeline  INFO      applied kan: {'width1': 4, 'width2': 0, 'grid': 5, 'lr': 0.024171763961863796, 'weight_decay': 3.326889406504915e-05}
21:08:17  src.cpcv.models.kan_model  INFO  KAN fitted: widths=[14, 4, 2], grid=5, epochs=27, val_acc=0.5700, val_loss=0.8444, logit_range=[-0.46, 0.49], device=cpu.
21:08:17  src.cpcv.pipeline  INFO    [ 73/84]                  kan (seed=0) F1=0.369  AUC=0.488  LL=0.6792 (0.5s)
21:08:18  src.cpcv.models.kan_model  INFO  KAN fitted: widths=[14, 4, 2], grid=5, epochs=40, val_acc=0.6000, val_loss=0.8491, logit_range=[-0.83, 1.13], device=cpu.
21:08:18  src.cpcv.pipeline  INFO    [ 74/84]                  kan (seed=1) F1=0.369  AUC=0.469  LL=0.6803 (0.7s)
21:08:18  src.cpcv.models.kan_model  INFO  KAN fitted: widths=[14, 4, 2], grid=5, epochs=28, val_acc=0.5900, val_loss=0.8419, logit_range=[-0.53, 0.49], device=cpu.
21:08:18  src.cpcv.pipeline  INFO    [ 75/84]                  kan (seed=2) F1=0.369  AUC=0.462  LL=0.6815 (0.5s)
21:08:19  src.cpcv.preprocessing  INFO  Computing MDA (Random Forest)...
21:09:00  src.cpcv.preprocessing  INFO  Computing MDA (Logistic Regression)...
21:09:01  src.cpcv.preprocessing  INFO  Multi-model MDA: 39/73 passed (MDA > 0), 34 eliminated
21:09:01  src.cpcv.preprocessing  INFO    Capped at 14 features (top_k_frac=0.2)
21:09:01  src.cpcv.preprocessing  INFO    Selected (14): ['cci_14', 'dxy_roc_30', 'ema_ratio_50_200', 'fee_per_tx', 'gk_vol', 'gold_ret_14', 'gold_ret_30', 'kurtosis', 'log_returns', 'log_returns_lag2', 'log_returns_lag5', 'log_returns_lag6', 'smt_poly1', 'vix']
21:09:01  src.cpcv.pipeline  INFO    Preprocessing: 14 features selected, train=465 + val=100 + cal=100, test=292
21:09:01  src.cpcv.tuning  INFO  Tuning (1 model) — Optuna TPE + Purged K-Fold (inner: 3 folds, embargo=10 obs)
21:09:01  src.cpcv.tuning  INFO    [tuning] kan (efficient-kan + AdamW): 3 purged K-fold splits, 30 Optuna trials (TPE)
21:10:21  src.cpcv.tuning  INFO      kan: 16 completed, 14 pruned (of 30 total) — best log_loss=0.6847, params={'width1': 2, 'lr': 0.005227285465316269, 'weight_decay': 6.129512072415656e-05, 'grid': 3}
21:10:21  src.cpcv.tuning  INFO    [tuning] kan done in 80.1s — best log_loss=0.6847
21:10:21  src.cpcv.tuning  INFO  Tuning total: 80.1s
21:10:21  src.cpcv.pipeline  INFO      applied kan: {'width1': 2, 'width2': 0, 'grid': 3, 'lr': 0.005227285465316269, 'weight_decay': 6.129512072415656e-05}
21:10:22  src.cpcv.models.kan_model  INFO  KAN fitted: widths=[14, 2, 2], grid=3, epochs=21, val_acc=0.5900, val_loss=0.7534, logit_range=[-0.16, 0.11], device=cpu.
21:10:22  src.cpcv.pipeline  INFO    [ 76/84]                  kan (seed=0) F1=0.345  AUC=0.487  LL=0.6918 (0.3s)
21:10:22  src.cpcv.models.kan_model  INFO  KAN fitted: widths=[14, 2, 2], grid=3, epochs=21, val_acc=0.4000, val_loss=0.7777, logit_range=[-0.10, 0.07], device=cpu.
21:10:22  src.cpcv.pipeline  INFO    [ 77/84]                  kan (seed=1) F1=0.477  AUC=0.532  LL=0.6908 (0.4s)
21:10:23  src.cpcv.models.kan_model  INFO  KAN fitted: widths=[14, 2, 2], grid=3, epochs=21, val_acc=0.5600, val_loss=0.7704, logit_range=[-0.13, 0.04], device=cpu.
21:10:23  src.cpcv.pipeline  INFO    [ 78/84]                  kan (seed=2) F1=0.345  AUC=0.513  LL=0.6917 (0.6s)
21:10:23  src.cpcv.preprocessing  INFO  Computing MDA (Random Forest)...
21:11:05  src.cpcv.preprocessing  INFO  Computing MDA (Logistic Regression)...
21:11:06  src.cpcv.preprocessing  INFO  Multi-model MDA: 31/73 passed (MDA > 0), 42 eliminated
21:11:06  src.cpcv.preprocessing  INFO    Capped at 14 features (top_k_frac=0.2)
21:11:06  src.cpcv.preprocessing  INFO    Selected (14): ['active_addr_roc_14', 'bb_width', 'eth_btc_ratio', 'exchange_supply_pct', 'gold_ret_14', 'log_returns_lag1', 'log_returns_lag2', 'log_returns_lag6', 'log_returns_lag7', 'natgas_ret_14', 'shannon_entropy', 'stoch_k', 'us10y', 'vix']
21:11:06  src.cpcv.pipeline  INFO    Preprocessing: 14 features selected, train=464 + val=100 + cal=100, test=292
21:11:06  src.cpcv.tuning  INFO  Tuning (1 model) — Optuna TPE + Purged K-Fold (inner: 3 folds, embargo=10 obs)
21:11:06  src.cpcv.tuning  INFO    [tuning] kan (efficient-kan + AdamW): 3 purged K-fold splits, 30 Optuna trials (TPE)
21:11:59  src.cpcv.tuning  INFO      kan: 14 completed, 16 pruned (of 30 total) — best log_loss=0.6782, params={'width1': 4, 'lr': 0.023810591774533946, 'weight_decay': 0.0013177790560844145, 'grid': 3}
21:11:59  src.cpcv.tuning  INFO    [tuning] kan done in 53.5s — best log_loss=0.6782
21:11:59  src.cpcv.tuning  INFO  Tuning total: 53.5s
21:11:59  src.cpcv.pipeline  INFO      applied kan: {'width1': 4, 'width2': 0, 'grid': 3, 'lr': 0.023810591774533946, 'weight_decay': 0.0013177790560844145}
21:12:00  src.cpcv.models.kan_model  INFO  KAN fitted: widths=[14, 4, 2], grid=3, epochs=21, val_acc=0.4500, val_loss=0.8659, logit_range=[-0.18, 0.28], device=cpu.
21:12:00  src.cpcv.pipeline  INFO    [ 79/84]                  kan (seed=0) F1=0.345  AUC=0.502  LL=0.7115 (0.4s)
21:12:00  src.cpcv.models.kan_model  INFO  KAN fitted: widths=[14, 4, 2], grid=3, epochs=21, val_acc=0.5700, val_loss=0.8556, logit_range=[-0.18, 0.18], device=cpu.
21:12:00  src.cpcv.pipeline  INFO    [ 80/84]                  kan (seed=1) F1=0.345  AUC=0.543  LL=0.7052 (0.4s)
21:12:01  src.cpcv.models.kan_model  INFO  KAN fitted: widths=[14, 4, 2], grid=3, epochs=26, val_acc=0.5000, val_loss=0.8669, logit_range=[-0.54, 0.57], device=cpu.
21:12:01  src.cpcv.pipeline  INFO    [ 81/84]                  kan (seed=2) F1=0.345  AUC=0.550  LL=0.7025 (0.5s)
21:12:01  src.cpcv.preprocessing  INFO  Computing MDA (Random Forest)...
21:12:40  src.cpcv.preprocessing  INFO  Computing MDA (Logistic Regression)...
21:12:42  src.cpcv.preprocessing  INFO  Multi-model MDA: 38/73 passed (MDA > 0), 35 eliminated
21:12:42  src.cpcv.preprocessing  INFO    Capped at 14 features (top_k_frac=0.2)
21:12:42  src.cpcv.preprocessing  INFO    Selected (14): ['dxy_roc_30', 'exchange_supply_pct', 'hurst', 'log_returns_lag1', 'log_returns_lag4', 'macd_signal', 'roc_14', 'silver_ret_30', 'skewness', 'smt_exp', 'stoch_d', 'williams_r', 'yield_curve_2y10y', 'yz_vol']
21:12:42  src.cpcv.pipeline  INFO    Preprocessing: 14 features selected, train=473 + val=101 + cal=102, test=292
21:12:42  src.cpcv.tuning  INFO  Tuning (1 model) — Optuna TPE + Purged K-Fold (inner: 3 folds, embargo=10 obs)
21:12:42  src.cpcv.tuning  INFO    [tuning] kan (efficient-kan + AdamW): 3 purged K-fold splits, 30 Optuna trials (TPE)
21:13:28  src.cpcv.tuning  INFO      kan: 25 completed, 5 pruned (of 30 total) — best log_loss=0.6880, params={'width1': 6, 'lr': 0.023905576955389873, 'weight_decay': 0.00013045972511597313, 'grid': 5}
21:13:28  src.cpcv.tuning  INFO    [tuning] kan done in 46.2s — best log_loss=0.6880
21:13:28  src.cpcv.tuning  INFO  Tuning total: 46.2s
21:13:28  src.cpcv.pipeline  INFO      applied kan: {'width1': 6, 'width2': 0, 'grid': 5, 'lr': 0.023905576955389873, 'weight_decay': 0.00013045972511597313}
21:13:28  src.cpcv.models.kan_model  INFO  KAN fitted: widths=[14, 6, 2], grid=5, epochs=21, val_acc=0.5842, val_loss=0.7735, logit_range=[-0.06, 0.05], device=cpu.
21:13:28  src.cpcv.pipeline  INFO    [ 82/84]                  kan (seed=0) F1=0.305  AUC=0.541  LL=0.7100 (0.5s)
21:13:29  src.cpcv.models.kan_model  INFO  KAN fitted: widths=[14, 6, 2], grid=5, epochs=21, val_acc=0.5149, val_loss=0.7953, logit_range=[-0.10, 0.33], device=cpu.
21:13:29  src.cpcv.pipeline  INFO    [ 83/84]                  kan (seed=1) F1=0.305  AUC=0.504  LL=0.7100 (0.5s)
21:13:29  src.cpcv.models.kan_model  INFO  KAN fitted: widths=[14, 6, 2], grid=5, epochs=21, val_acc=0.5347, val_loss=0.7808, logit_range=[-0.18, 0.13], device=cpu.
21:13:29  src.cpcv.pipeline  INFO    [ 84/84]                  kan (seed=2) F1=0.305  AUC=0.538  LL=0.7101 (0.5s)
21:13:29  src.cpcv.pipeline  INFO  ============================================================
21:13:29  src.cpcv.pipeline  INFO  CPCV Pipeline Complete
21:13:29  src.cpcv.pipeline  INFO  ============================================================
21:13:29  src.cpcv.pipeline  INFO    Total time:     3325.9s (55.4m)
21:13:29  src.cpcv.pipeline  INFO    Tasks:          84 succeeded, 0 failed
21:13:29  src.cpcv.pipeline  INFO    Results keys:   84 (model, split, seed) entries
21:13:29  src.cpcv.pipeline  INFO    Backtest paths: 7
21:13:29  src.cpcv.pipeline  INFO    Tuning:         nested (per-split), 28 splits tuned, models=['kan']
21:13:29  src.cpcv.pipeline  INFO  ============================================================
21:14:09  src.post_cpcv.symbolic_extraction  INFO  Fold F1 scores: {0: '0.4047', 1: '0.3846', 2: '0.4139', 3: '0.4331', 4: '0.4254', 5: '0.5063', 6: '0.3596', 7: '0.3909', 8: '0.5216', 9: '0.4322', 10: '0.4638', 11: '0.4003', 12: '0.3711', 13: '0.3865', 14: '0.4837', 15: '0.4450', 16: '0.3665', 17: '0.3578', 18: '0.3900', 19: '0.4400', 20: '0.4584', 21: '0.3615', 22: '0.4288', 23: '0.4720', 24: '0.3693', 25: '0.3893', 26: '0.3453', 27: '0.3048'}
21:14:09  src.post_cpcv.symbolic_extraction  INFO  Selected fold: split 27 — last/most recent (F1=0.3048)
21:14:10  src.cpcv.cv  INFO  CPCV: 28 splits generated (N=8, k=2, embargo=11 obs).
21:14:10  src.post_cpcv.symbolic_extraction  INFO  Symbolic extraction feature subset: 3 feature(s) (overrides per-fold MDA selection).
21:14:10  src.post_cpcv.symbolic_extraction  INFO  Extraction data: 540 train, 135 val, 3 features (tanh-normalized).
21:14:11  src.post_cpcv.symbolic_extraction  INFO  Extraction Phase 1: Adam (600 steps, wd=0.0010, noise=0.050)
21:14:29  src.post_cpcv.symbolic_extraction  INFO  After Adam: train_acc=0.5759, val_acc=0.4815
21:14:29  src.post_cpcv.symbolic_extraction  WARNING  Adam phase val_acc=0.4815 < 0.5693 (majority baseline 0.5593 + 0.01 margin, floored at PYKAN_MIN_ACCURACY=0.53). PyKAN may not have learned meaningful patterns.
21:14:29  src.post_cpcv.symbolic_extraction  INFO  Extraction Phase 2a: LBFGS warmup (20 steps, no reg)
21:14:36  src.post_cpcv.symbolic_extraction  INFO  After LBFGS warmup: train_acc=0.6111, val_acc=0.4296
21:14:36  src.post_cpcv.symbolic_extraction  INFO  Extraction Phase 2b: LBFGS sparsity (20 steps, lamb=0.0020)
21:14:43  src.post_cpcv.symbolic_extraction  INFO  After LBFGS sparsity: train_acc=0.6500, val_acc=0.4667
21:14:43  src.post_cpcv.symbolic_extraction  INFO  KAN trained. Val accuracy: 0.4667, width: [[3, 0], [3, 0], [2, 0]]
21:14:43  src.post_cpcv.symbolic_extraction  INFO  Pre-prune edge analysis: 15/15 active (100.0%)
21:14:43  src.post_cpcv.symbolic_extraction  INFO  Pruned: [[3, 0], [3, 0], [2, 0]] → [[3, 0], [3, 0], [2, 0]]
21:14:45  src.post_cpcv.symbolic_extraction  INFO  Saved kan_pruned_network.png
21:14:45  src.post_cpcv.symbolic_extraction  INFO  Activation check: logit_diff std=0.7075, range=[-2.392, 2.025]
21:14:46  src.post_cpcv.symbolic_extraction  INFO  Edge (0,0,0): x (R²=0.9911) ✓
21:14:46  src.post_cpcv.symbolic_extraction  INFO  Edge (0,0,1): cos (R²=1.0000) ✓
21:14:46  src.post_cpcv.symbolic_extraction  INFO  Edge (0,0,2): cos (R²=1.0000) ✓
21:14:48  src.post_cpcv.symbolic_extraction  INFO  Edge (0,1,0): x^4 (R²=0.9065) ✓
21:14:48  src.post_cpcv.symbolic_extraction  INFO  Edge (0,1,1): sin (R²=0.9854) ✓
21:14:49  src.post_cpcv.symbolic_extraction  INFO  Edge (0,1,2): x^4 (R²=0.7400) ✓
21:14:50  src.post_cpcv.symbolic_extraction  INFO  Edge (0,2,0): tanh (R²=0.9903) ✓
21:14:51  src.post_cpcv.symbolic_extraction  INFO  Edge (0,2,1): x^3 (R²=0.9926) ✓
21:14:52  src.post_cpcv.symbolic_extraction  INFO  Edge (0,2,2): arctan (R²=0.9928) ✓
21:14:53  src.post_cpcv.symbolic_extraction  INFO  Edge (1,0,0): x^2 (R²=0.7340) ✓
21:14:55  src.post_cpcv.symbolic_extraction  INFO  Edge (1,0,1): tanh (R²=0.9789) ✓
21:14:55  src.post_cpcv.symbolic_extraction  INFO  Edge (1,1,0): cos (R²=0.9998) ✓
21:14:56  src.post_cpcv.symbolic_extraction  INFO  Edge (1,1,1): sin (R²=0.9998) ✓
21:14:57  src.post_cpcv.symbolic_extraction  INFO  Edge (1,2,0): x^4 (R²=0.9593) ✓
21:14:58  src.post_cpcv.symbolic_extraction  INFO  Edge (1,2,1): x^4 (R²=0.9511) ✓
21:14:58  src.post_cpcv.symbolic_extraction  INFO  Top edge (0,0,2): cos (R²=1.0000)
21:14:58  src.post_cpcv.symbolic_extraction  INFO  Top edge (0,0,1): cos (R²=1.0000)
21:14:58  src.post_cpcv.symbolic_extraction  INFO  Top edge (1,1,1): sin (R²=0.9998)
21:14:58  src.post_cpcv.symbolic_extraction  INFO  Top edge (1,1,0): cos (R²=0.9998)
21:14:58  src.post_cpcv.symbolic_extraction  INFO  Top edge (0,2,2): arctan (R²=0.9928)
21:15:08  src.post_cpcv.symbolic_extraction  INFO  Saved kan_symbolified_network.png
