20:38:40  src.pre_cpcv.data_loader  INFO  [data_loader] BTC-USD: 2014-11-01 → 2026-04-30 | 4199 rows | 0 warning(s)
20:38:44  src.pre_cpcv.labeling  INFO  Triple-barrier: 1266 events labeled. Class distribution: {1: 661, -1: 498, 0: 107}
20:38:46  src.pre_cpcv.labeling  WARNING  Dropped 107 row(s) belonging to rare class(es) [0] (< 8.5%).
20:38:48  src.pre_cpcv.sample_weights  INFO  Capped 12 weights at 2.83 (99% percentile).
20:38:50  src.pre_cpcv.features  INFO  Lag features: 6 columns, 4199 rows (lags=[1, 2, 3, 7, 14, 30]).
20:38:50  src.pre_cpcv.features  INFO  TA features: 25 columns, 4199 rows.
20:38:51  src.pre_cpcv.external_features  INFO  External features loaded from cache (22 cols).
20:38:51  src.pre_cpcv.features  INFO  Math features loaded from cache ({'shannon_entropy', 'variance_ratio', 'negentropy', 'hurst', 'smt_poly1', 'smt_exp', 'sadf', 'jarque_bera', 'lz_complexity'}).
20:38:52  src.pre_cpcv.features  INFO  Log-transformed columns: signed=['obv', 'chaikin_osc'], unsigned=['atr']
20:39:20  src.pre_cpcv.alignment  WARNING  Remaining NaNs in 1 feature column(s) after alignment:
oil_ret_30    1
20:39:20  src.pre_cpcv.alignment  INFO  Alignment validation passed (1159 samples, 62 features).
20:39:21  src.cpcv.cv  INFO  CPCV: 28 splits generated (N=8, k=2, embargo=11 obs).
20:39:21  src.cpcv.cv  INFO  Path matrix: 7 paths, 8 groups, 28 splits.
20:39:25  src.cpcv.pipeline  INFO  ============================================================
20:39:25  src.cpcv.pipeline  INFO  CPCV Pipeline
20:39:25  src.cpcv.pipeline  INFO  ============================================================
20:39:25  src.cpcv.pipeline  INFO    Models:         ['ar_logistic']
20:39:25  src.cpcv.pipeline  INFO    Seeds/fold:     3
20:39:25  src.cpcv.pipeline  INFO    Groups (N):     8
20:39:25  src.cpcv.pipeline  INFO    Test groups (k):2
20:39:25  src.cpcv.pipeline  INFO    Embargo:        1.0%
20:39:25  src.cpcv.pipeline  INFO    FFD columns:    ['atr']
20:39:25  src.cpcv.pipeline  INFO    Samples:        1159
20:39:25  src.cpcv.pipeline  INFO    Features:       62
20:39:25  src.cpcv.pipeline  INFO    Splits:         28, Paths: 7
20:39:25  src.cpcv.pipeline  INFO    Tuning:         OFF
20:39:25  src.cpcv.pipeline  INFO  ============================================================
20:39:26  src.cpcv.preprocessing  INFO  Feature selection skipped (AR Logistic uses lagged returns only)
20:39:26  src.cpcv.pipeline  INFO    Preprocessing: FFD + scaling only (no feature selection), train=688 + cal=172, test=89
20:39:26  src.cpcv.pipeline  INFO    AR Logistic lags: [1, 2, 3, 7, 14, 30]
20:39:26  src.cpcv.pipeline  INFO    [  1/84]          ar_logistic (seed=0) F1=0.540  AUC=0.567  LL=0.6932 (0.0s)
20:39:26  src.cpcv.pipeline  INFO    [  2/84]          ar_logistic (seed=1) F1=0.540  AUC=0.567  LL=0.6932 (0.0s)
20:39:26  src.cpcv.pipeline  INFO    [  3/84]          ar_logistic (seed=2) F1=0.540  AUC=0.567  LL=0.6932 (0.0s)
20:39:26  src.cpcv.preprocessing  INFO  Feature selection skipped (AR Logistic uses lagged returns only)
20:39:26  src.cpcv.pipeline  INFO    Preprocessing: FFD + scaling only (no feature selection), train=643 + cal=161, test=144
20:39:26  src.cpcv.pipeline  INFO    AR Logistic lags: [1, 2, 3, 7, 14, 30]
20:39:26  src.cpcv.pipeline  INFO    [  4/84]          ar_logistic (seed=0) F1=0.446  AUC=0.507  LL=0.7297 (0.0s)
20:39:26  src.cpcv.pipeline  INFO    [  5/84]          ar_logistic (seed=1) F1=0.446  AUC=0.507  LL=0.7297 (0.0s)
20:39:26  src.cpcv.pipeline  INFO    [  6/84]          ar_logistic (seed=2) F1=0.446  AUC=0.507  LL=0.7297 (0.0s)
20:39:26  src.cpcv.preprocessing  INFO  Feature selection skipped (AR Logistic uses lagged returns only)
20:39:26  src.cpcv.pipeline  INFO    Preprocessing: FFD + scaling only (no feature selection), train=644 + cal=161, test=144
20:39:26  src.cpcv.pipeline  INFO    AR Logistic lags: [1, 2, 3, 7, 14, 30]
20:39:26  src.cpcv.pipeline  INFO    [  7/84]          ar_logistic (seed=0) F1=0.454  AUC=0.529  LL=0.6957 (0.0s)
20:39:26  src.cpcv.pipeline  INFO    [  8/84]          ar_logistic (seed=1) F1=0.454  AUC=0.529  LL=0.6957 (0.0s)
20:39:27  src.cpcv.pipeline  INFO    [  9/84]          ar_logistic (seed=2) F1=0.454  AUC=0.529  LL=0.6957 (0.0s)
20:39:27  src.cpcv.preprocessing  INFO  Feature selection skipped (AR Logistic uses lagged returns only)
20:39:27  src.cpcv.pipeline  INFO    Preprocessing: FFD + scaling only (no feature selection), train=644 + cal=161, test=144
20:39:27  src.cpcv.pipeline  INFO    AR Logistic lags: [1, 2, 3, 7, 14, 30]
20:39:27  src.cpcv.pipeline  INFO    [ 10/84]          ar_logistic (seed=0) F1=0.374  AUC=0.439  LL=0.6796 (0.0s)
20:39:27  src.cpcv.pipeline  INFO    [ 11/84]          ar_logistic (seed=1) F1=0.374  AUC=0.439  LL=0.6796 (0.0s)
20:39:27  src.cpcv.pipeline  INFO    [ 12/84]          ar_logistic (seed=2) F1=0.374  AUC=0.439  LL=0.6796 (0.0s)
20:39:27  src.cpcv.preprocessing  INFO  Feature selection skipped (AR Logistic uses lagged returns only)
20:39:27  src.cpcv.pipeline  INFO    Preprocessing: FFD + scaling only (no feature selection), train=642 + cal=161, test=144
20:39:27  src.cpcv.pipeline  INFO    AR Logistic lags: [1, 2, 3, 7, 14, 30]
20:39:27  src.cpcv.pipeline  INFO    [ 13/84]          ar_logistic (seed=0) F1=0.408  AUC=0.404  LL=0.7585 (0.0s)
20:39:27  src.cpcv.pipeline  INFO    [ 14/84]          ar_logistic (seed=1) F1=0.408  AUC=0.404  LL=0.7585 (0.0s)
20:39:27  src.cpcv.pipeline  INFO    [ 15/84]          ar_logistic (seed=2) F1=0.408  AUC=0.404  LL=0.7585 (0.0s)
20:39:28  src.cpcv.preprocessing  INFO  Feature selection skipped (AR Logistic uses lagged returns only)
20:39:28  src.cpcv.pipeline  INFO    Preprocessing: FFD + scaling only (no feature selection), train=643 + cal=161, test=144
20:39:28  src.cpcv.pipeline  INFO    AR Logistic lags: [1, 2, 3, 7, 14, 30]
20:39:28  src.cpcv.pipeline  INFO    [ 16/84]          ar_logistic (seed=0) F1=0.556  AUC=0.605  LL=0.6817 (0.0s)
20:39:28  src.cpcv.pipeline  INFO    [ 17/84]          ar_logistic (seed=1) F1=0.556  AUC=0.605  LL=0.6817 (0.0s)
20:39:28  src.cpcv.pipeline  INFO    [ 18/84]          ar_logistic (seed=2) F1=0.556  AUC=0.605  LL=0.6817 (0.0s)
20:39:28  src.cpcv.preprocessing  INFO  Feature selection skipped (AR Logistic uses lagged returns only)
20:39:28  src.cpcv.pipeline  INFO    Preprocessing: FFD + scaling only (no feature selection), train=644 + cal=162, test=151
20:39:28  src.cpcv.pipeline  INFO    AR Logistic lags: [1, 2, 3, 7, 14, 30]
20:39:28  src.cpcv.pipeline  INFO    [ 19/84]          ar_logistic (seed=0) F1=0.507  AUC=0.570  LL=0.6822 (0.0s)
20:39:28  src.cpcv.pipeline  INFO    [ 20/84]          ar_logistic (seed=1) F1=0.507  AUC=0.570  LL=0.6822 (0.0s)
20:39:28  src.cpcv.pipeline  INFO    [ 21/84]          ar_logistic (seed=2) F1=0.507  AUC=0.570  LL=0.6822 (0.0s)
20:39:28  src.cpcv.preprocessing  INFO  Feature selection skipped (AR Logistic uses lagged returns only)
20:39:28  src.cpcv.pipeline  INFO    Preprocessing: FFD + scaling only (no feature selection), train=572 + cal=144, test=233
20:39:28  src.cpcv.pipeline  INFO    AR Logistic lags: [1, 2, 3, 7, 14, 30]
20:39:28  src.cpcv.pipeline  INFO    [ 22/84]          ar_logistic (seed=0) F1=0.529  AUC=0.540  LL=0.7380 (0.0s)
20:39:28  src.cpcv.pipeline  INFO    [ 23/84]          ar_logistic (seed=1) F1=0.529  AUC=0.540  LL=0.7380 (0.0s)
20:39:28  src.cpcv.pipeline  INFO    [ 24/84]          ar_logistic (seed=2) F1=0.529  AUC=0.540  LL=0.7380 (0.0s)
20:39:29  src.cpcv.preprocessing  INFO  Feature selection skipped (AR Logistic uses lagged returns only)
20:39:29  src.cpcv.pipeline  INFO    Preprocessing: FFD + scaling only (no feature selection), train=564 + cal=141, test=233
20:39:29  src.cpcv.pipeline  INFO    AR Logistic lags: [1, 2, 3, 7, 14, 30]
20:39:29  src.cpcv.pipeline  INFO    [ 25/84]          ar_logistic (seed=0) F1=0.526  AUC=0.555  LL=0.7140 (0.0s)
20:39:29  src.cpcv.pipeline  INFO    [ 26/84]          ar_logistic (seed=1) F1=0.526  AUC=0.555  LL=0.7140 (0.0s)
20:39:29  src.cpcv.pipeline  INFO    [ 27/84]          ar_logistic (seed=2) F1=0.526  AUC=0.555  LL=0.7140 (0.0s)
20:39:29  src.cpcv.preprocessing  INFO  Feature selection skipped (AR Logistic uses lagged returns only)
20:39:29  src.cpcv.pipeline  INFO    Preprocessing: FFD + scaling only (no feature selection), train=564 + cal=141, test=233
20:39:29  src.cpcv.pipeline  INFO    AR Logistic lags: [1, 2, 3, 7, 14, 30]
20:39:29  src.cpcv.pipeline  INFO    [ 28/84]          ar_logistic (seed=0) F1=0.550  AUC=0.532  LL=0.7055 (0.0s)
20:39:29  src.cpcv.pipeline  INFO    [ 29/84]          ar_logistic (seed=1) F1=0.550  AUC=0.532  LL=0.7055 (0.0s)
20:39:29  src.cpcv.pipeline  INFO    [ 30/84]          ar_logistic (seed=2) F1=0.550  AUC=0.532  LL=0.7055 (0.0s)
20:39:30  src.cpcv.preprocessing  INFO  Feature selection skipped (AR Logistic uses lagged returns only)
20:39:30  src.cpcv.pipeline  INFO    Preprocessing: FFD + scaling only (no feature selection), train=562 + cal=141, test=233
20:39:30  src.cpcv.pipeline  INFO    AR Logistic lags: [1, 2, 3, 7, 14, 30]
20:39:30  src.cpcv.pipeline  INFO    [ 31/84]          ar_logistic (seed=0) F1=0.428  AUC=0.439  LL=0.7641 (0.0s)
20:39:30  src.cpcv.pipeline  INFO    [ 32/84]          ar_logistic (seed=1) F1=0.428  AUC=0.439  LL=0.7641 (0.0s)
20:39:30  src.cpcv.pipeline  INFO    [ 33/84]          ar_logistic (seed=2) F1=0.428  AUC=0.439  LL=0.7641 (0.0s)
20:39:30  src.cpcv.preprocessing  INFO  Feature selection skipped (AR Logistic uses lagged returns only)
20:39:30  src.cpcv.pipeline  INFO    Preprocessing: FFD + scaling only (no feature selection), train=563 + cal=141, test=233
20:39:30  src.cpcv.pipeline  INFO    AR Logistic lags: [1, 2, 3, 7, 14, 30]
20:39:30  src.cpcv.pipeline  INFO    [ 34/84]          ar_logistic (seed=0) F1=0.565  AUC=0.584  LL=0.7043 (0.0s)
20:39:30  src.cpcv.pipeline  INFO    [ 35/84]          ar_logistic (seed=1) F1=0.565  AUC=0.584  LL=0.7043 (0.0s)
20:39:30  src.cpcv.pipeline  INFO    [ 36/84]          ar_logistic (seed=2) F1=0.565  AUC=0.584  LL=0.7043 (0.0s)
20:39:30  src.cpcv.preprocessing  INFO  Feature selection skipped (AR Logistic uses lagged returns only)
20:39:30  src.cpcv.pipeline  INFO    Preprocessing: FFD + scaling only (no feature selection), train=564 + cal=142, test=240
20:39:30  src.cpcv.pipeline  INFO    AR Logistic lags: [1, 2, 3, 7, 14, 30]
20:39:30  src.cpcv.pipeline  INFO    [ 37/84]          ar_logistic (seed=0) F1=0.485  AUC=0.597  LL=0.6752 (0.0s)
20:39:30  src.cpcv.pipeline  INFO    [ 38/84]          ar_logistic (seed=1) F1=0.485  AUC=0.597  LL=0.6752 (0.0s)
20:39:30  src.cpcv.pipeline  INFO    [ 39/84]          ar_logistic (seed=2) F1=0.485  AUC=0.597  LL=0.6752 (0.0s)
20:39:31  src.cpcv.preprocessing  INFO  Feature selection skipped (AR Logistic uses lagged returns only)
20:39:31  src.cpcv.pipeline  INFO    Preprocessing: FFD + scaling only (no feature selection), train=528 + cal=132, test=288
20:39:31  src.cpcv.pipeline  INFO    AR Logistic lags: [1, 2, 3, 7, 14, 30]
20:39:31  src.cpcv.pipeline  INFO    [ 40/84]          ar_logistic (seed=0) F1=0.502  AUC=0.523  LL=0.7144 (0.0s)
20:39:31  src.cpcv.pipeline  INFO    [ 41/84]          ar_logistic (seed=1) F1=0.502  AUC=0.523  LL=0.7144 (0.0s)
20:39:31  src.cpcv.pipeline  INFO    [ 42/84]          ar_logistic (seed=2) F1=0.502  AUC=0.523  LL=0.7144 (0.0s)
20:39:31  src.cpcv.preprocessing  INFO  Feature selection skipped (AR Logistic uses lagged returns only)
20:39:31  src.cpcv.pipeline  INFO    Preprocessing: FFD + scaling only (no feature selection), train=519 + cal=130, test=288
20:39:31  src.cpcv.pipeline  INFO    AR Logistic lags: [1, 2, 3, 7, 14, 30]
20:39:31  src.cpcv.pipeline  INFO    [ 43/84]          ar_logistic (seed=0) F1=0.407  AUC=0.450  LL=0.6986 (0.0s)
20:39:31  src.cpcv.pipeline  INFO    [ 44/84]          ar_logistic (seed=1) F1=0.407  AUC=0.450  LL=0.6986 (0.0s)
20:39:31  src.cpcv.pipeline  INFO    [ 45/84]          ar_logistic (seed=2) F1=0.407  AUC=0.450  LL=0.6986 (0.0s)
20:39:32  src.cpcv.preprocessing  INFO  Feature selection skipped (AR Logistic uses lagged returns only)
20:39:32  src.cpcv.pipeline  INFO    Preprocessing: FFD + scaling only (no feature selection), train=517 + cal=130, test=288
20:39:32  src.cpcv.pipeline  INFO    AR Logistic lags: [1, 2, 3, 7, 14, 30]
20:39:32  src.cpcv.pipeline  INFO    [ 46/84]          ar_logistic (seed=0) F1=0.475  AUC=0.478  LL=0.7489 (0.0s)
20:39:32  src.cpcv.pipeline  INFO    [ 47/84]          ar_logistic (seed=1) F1=0.475  AUC=0.478  LL=0.7489 (0.0s)
20:39:32  src.cpcv.pipeline  INFO    [ 48/84]          ar_logistic (seed=2) F1=0.475  AUC=0.478  LL=0.7489 (0.0s)
20:39:32  src.cpcv.preprocessing  INFO  Feature selection skipped (AR Logistic uses lagged returns only)
20:39:32  src.cpcv.pipeline  INFO    Preprocessing: FFD + scaling only (no feature selection), train=518 + cal=130, test=288
20:39:32  src.cpcv.pipeline  INFO    AR Logistic lags: [1, 2, 3, 7, 14, 30]
20:39:32  src.cpcv.pipeline  INFO    [ 49/84]          ar_logistic (seed=0) F1=0.511  AUC=0.526  LL=0.7135 (0.0s)
20:39:32  src.cpcv.pipeline  INFO    [ 50/84]          ar_logistic (seed=1) F1=0.511  AUC=0.526  LL=0.7135 (0.0s)
20:39:32  src.cpcv.pipeline  INFO    [ 51/84]          ar_logistic (seed=2) F1=0.511  AUC=0.526  LL=0.7135 (0.0s)
20:39:32  src.cpcv.preprocessing  INFO  Feature selection skipped (AR Logistic uses lagged returns only)
20:39:32  src.cpcv.pipeline  INFO    Preprocessing: FFD + scaling only (no feature selection), train=520 + cal=130, test=295
20:39:32  src.cpcv.pipeline  INFO    AR Logistic lags: [1, 2, 3, 7, 14, 30]
20:39:32  src.cpcv.pipeline  INFO    [ 52/84]          ar_logistic (seed=0) F1=0.495  AUC=0.535  LL=0.6981 (0.0s)
20:39:32  src.cpcv.pipeline  INFO    [ 53/84]          ar_logistic (seed=1) F1=0.495  AUC=0.535  LL=0.6981 (0.0s)
20:39:32  src.cpcv.pipeline  INFO    [ 54/84]          ar_logistic (seed=2) F1=0.495  AUC=0.535  LL=0.6981 (0.0s)
20:39:33  src.cpcv.preprocessing  INFO  Feature selection skipped (AR Logistic uses lagged returns only)
20:39:33  src.cpcv.pipeline  INFO    Preprocessing: FFD + scaling only (no feature selection), train=528 + cal=133, test=288
20:39:33  src.cpcv.pipeline  INFO    AR Logistic lags: [1, 2, 3, 7, 14, 30]
20:39:33  src.cpcv.pipeline  INFO    [ 55/84]          ar_logistic (seed=0) F1=0.439  AUC=0.468  LL=0.6925 (0.0s)
20:39:33  src.cpcv.pipeline  INFO    [ 56/84]          ar_logistic (seed=1) F1=0.439  AUC=0.468  LL=0.6925 (0.0s)
20:39:33  src.cpcv.pipeline  INFO    [ 57/84]          ar_logistic (seed=2) F1=0.439  AUC=0.468  LL=0.6925 (0.0s)
20:39:33  src.cpcv.preprocessing  INFO  Feature selection skipped (AR Logistic uses lagged returns only)
20:39:33  src.cpcv.pipeline  INFO    Preprocessing: FFD + scaling only (no feature selection), train=518 + cal=130, test=288
20:39:33  src.cpcv.pipeline  INFO    AR Logistic lags: [1, 2, 3, 7, 14, 30]
20:39:33  src.cpcv.pipeline  INFO    [ 58/84]          ar_logistic (seed=0) F1=0.463  AUC=0.484  LL=0.7401 (0.0s)
20:39:33  src.cpcv.pipeline  INFO    [ 59/84]          ar_logistic (seed=1) F1=0.463  AUC=0.484  LL=0.7401 (0.0s)
20:39:33  src.cpcv.pipeline  INFO    [ 60/84]          ar_logistic (seed=2) F1=0.463  AUC=0.484  LL=0.7401 (0.0s)
20:39:33  src.cpcv.preprocessing  INFO  Feature selection skipped (AR Logistic uses lagged returns only)
20:39:33  src.cpcv.pipeline  INFO    Preprocessing: FFD + scaling only (no feature selection), train=519 + cal=130, test=288
20:39:33  src.cpcv.pipeline  INFO    AR Logistic lags: [1, 2, 3, 7, 14, 30]
20:39:33  src.cpcv.pipeline  INFO    [ 61/84]          ar_logistic (seed=0) F1=0.517  AUC=0.567  LL=0.6946 (0.0s)
20:39:33  src.cpcv.pipeline  INFO    [ 62/84]          ar_logistic (seed=1) F1=0.517  AUC=0.567  LL=0.6946 (0.0s)
20:39:33  src.cpcv.pipeline  INFO    [ 63/84]          ar_logistic (seed=2) F1=0.517  AUC=0.567  LL=0.6946 (0.0s)
20:39:34  src.cpcv.preprocessing  INFO  Feature selection skipped (AR Logistic uses lagged returns only)
20:39:34  src.cpcv.pipeline  INFO    Preprocessing: FFD + scaling only (no feature selection), train=520 + cal=131, test=295
20:39:34  src.cpcv.pipeline  INFO    AR Logistic lags: [1, 2, 3, 7, 14, 30]
20:39:34  src.cpcv.pipeline  INFO    [ 64/84]          ar_logistic (seed=0) F1=0.493  AUC=0.532  LL=0.6947 (0.0s)
20:39:34  src.cpcv.pipeline  INFO    [ 65/84]          ar_logistic (seed=1) F1=0.493  AUC=0.532  LL=0.6947 (0.0s)
20:39:34  src.cpcv.pipeline  INFO    [ 66/84]          ar_logistic (seed=2) F1=0.493  AUC=0.532  LL=0.6947 (0.0s)
20:39:34  src.cpcv.preprocessing  INFO  Feature selection skipped (AR Logistic uses lagged returns only)
20:39:34  src.cpcv.pipeline  INFO    Preprocessing: FFD + scaling only (no feature selection), train=528 + cal=133, test=288
20:39:34  src.cpcv.pipeline  INFO    AR Logistic lags: [1, 2, 3, 7, 14, 30]
20:39:34  src.cpcv.pipeline  INFO    [ 67/84]          ar_logistic (seed=0) F1=0.517  AUC=0.508  LL=0.7194 (0.0s)
20:39:34  src.cpcv.pipeline  INFO    [ 68/84]          ar_logistic (seed=1) F1=0.517  AUC=0.508  LL=0.7194 (0.0s)
20:39:34  src.cpcv.pipeline  INFO    [ 69/84]          ar_logistic (seed=2) F1=0.517  AUC=0.508  LL=0.7194 (0.0s)
20:39:34  src.cpcv.preprocessing  INFO  Feature selection skipped (AR Logistic uses lagged returns only)
20:39:34  src.cpcv.pipeline  INFO    Preprocessing: FFD + scaling only (no feature selection), train=519 + cal=130, test=288
20:39:34  src.cpcv.pipeline  INFO    AR Logistic lags: [1, 2, 3, 7, 14, 30]
20:39:34  src.cpcv.pipeline  INFO    [ 70/84]          ar_logistic (seed=0) F1=0.459  AUC=0.481  LL=0.6910 (0.0s)
20:39:34  src.cpcv.pipeline  INFO    [ 71/84]          ar_logistic (seed=1) F1=0.459  AUC=0.481  LL=0.6910 (0.0s)
20:39:34  src.cpcv.pipeline  INFO    [ 72/84]          ar_logistic (seed=2) F1=0.459  AUC=0.481  LL=0.6910 (0.0s)
20:39:35  src.cpcv.preprocessing  INFO  Feature selection skipped (AR Logistic uses lagged returns only)
20:39:35  src.cpcv.pipeline  INFO    Preprocessing: FFD + scaling only (no feature selection), train=520 + cal=131, test=295
20:39:35  src.cpcv.pipeline  INFO    AR Logistic lags: [1, 2, 3, 7, 14, 30]
20:39:35  src.cpcv.pipeline  INFO    [ 73/84]          ar_logistic (seed=0) F1=0.448  AUC=0.467  LL=0.6955 (0.0s)
20:39:35  src.cpcv.pipeline  INFO    [ 74/84]          ar_logistic (seed=1) F1=0.448  AUC=0.467  LL=0.6955 (0.0s)
20:39:35  src.cpcv.pipeline  INFO    [ 75/84]          ar_logistic (seed=2) F1=0.448  AUC=0.467  LL=0.6955 (0.0s)
20:39:35  src.cpcv.preprocessing  INFO  Feature selection skipped (AR Logistic uses lagged returns only)
20:39:35  src.cpcv.pipeline  INFO    Preprocessing: FFD + scaling only (no feature selection), train=527 + cal=132, test=288
20:39:35  src.cpcv.pipeline  INFO    AR Logistic lags: [1, 2, 3, 7, 14, 30]
20:39:35  src.cpcv.pipeline  INFO    [ 76/84]          ar_logistic (seed=0) F1=0.466  AUC=0.481  LL=0.7306 (0.0s)
20:39:35  src.cpcv.pipeline  INFO    [ 77/84]          ar_logistic (seed=1) F1=0.466  AUC=0.481  LL=0.7306 (0.0s)
20:39:35  src.cpcv.pipeline  INFO    [ 78/84]          ar_logistic (seed=2) F1=0.466  AUC=0.481  LL=0.7306 (0.0s)
20:39:36  src.cpcv.preprocessing  INFO  Feature selection skipped (AR Logistic uses lagged returns only)
20:39:36  src.cpcv.pipeline  INFO    Preprocessing: FFD + scaling only (no feature selection), train=519 + cal=130, test=295
20:39:36  src.cpcv.pipeline  INFO    AR Logistic lags: [1, 2, 3, 7, 14, 30]
20:39:36  src.cpcv.pipeline  INFO    [ 79/84]          ar_logistic (seed=0) F1=0.429  AUC=0.489  LL=0.6999 (0.0s)
20:39:36  src.cpcv.pipeline  INFO    [ 80/84]          ar_logistic (seed=1) F1=0.429  AUC=0.489  LL=0.6999 (0.0s)
20:39:36  src.cpcv.pipeline  INFO    [ 81/84]          ar_logistic (seed=2) F1=0.429  AUC=0.489  LL=0.6999 (0.0s)
20:39:36  src.cpcv.preprocessing  INFO  Feature selection skipped (AR Logistic uses lagged returns only)
20:39:36  src.cpcv.pipeline  INFO    Preprocessing: FFD + scaling only (no feature selection), train=531 + cal=133, test=295
20:39:36  src.cpcv.pipeline  INFO    AR Logistic lags: [1, 2, 3, 7, 14, 30]
20:39:36  src.cpcv.pipeline  INFO    [ 82/84]          ar_logistic (seed=0) F1=0.454  AUC=0.417  LL=0.7255 (0.0s)
20:39:36  src.cpcv.pipeline  INFO    [ 83/84]          ar_logistic (seed=1) F1=0.454  AUC=0.417  LL=0.7255 (0.0s)
20:39:36  src.cpcv.pipeline  INFO    [ 84/84]          ar_logistic (seed=2) F1=0.454  AUC=0.417  LL=0.7255 (0.0s)
20:39:36  src.cpcv.pipeline  INFO  ============================================================
20:39:36  src.cpcv.pipeline  INFO  CPCV Pipeline Complete
20:39:36  src.cpcv.pipeline  INFO  ============================================================
20:39:36  src.cpcv.pipeline  INFO    Total time:     10.6s (0.2m)
20:39:36  src.cpcv.pipeline  INFO    Tasks:          84 succeeded, 0 failed
20:39:36  src.cpcv.pipeline  INFO    Results keys:   84 (model, split, seed) entries
20:39:36  src.cpcv.pipeline  INFO    Backtest paths: 7
20:39:36  src.cpcv.pipeline  INFO  ============================================================
20:39:37  src.cpcv.pipeline  INFO  ============================================================
20:39:37  src.cpcv.pipeline  INFO  CPCV Pipeline
20:39:37  src.cpcv.pipeline  INFO  ============================================================
20:39:37  src.cpcv.pipeline  INFO    Models:         ['logistic']
20:39:37  src.cpcv.pipeline  INFO    Seeds/fold:     3
20:39:37  src.cpcv.pipeline  INFO    Groups (N):     8
20:39:37  src.cpcv.pipeline  INFO    Test groups (k):2
20:39:37  src.cpcv.pipeline  INFO    Embargo:        1.0%
20:39:37  src.cpcv.pipeline  INFO    FFD columns:    ['atr']
20:39:37  src.cpcv.pipeline  INFO    Samples:        1159
20:39:37  src.cpcv.pipeline  INFO    Features:       62
20:39:37  src.cpcv.pipeline  INFO    Splits:         28, Paths: 7
20:39:37  src.cpcv.pipeline  INFO    Tuning:         NESTED (per-split) — ['logistic'] [30 trials]
20:39:37  src.cpcv.pipeline  INFO  ============================================================
20:39:37  src.cpcv.preprocessing  INFO  Computing MDA (Random Forest)...
20:40:13  src.cpcv.preprocessing  INFO  Computing MDA (Logistic Regression)...
20:40:14  src.cpcv.preprocessing  INFO  Multi-model MDA: 16/62 passed (MDA > 0), 46 eliminated
20:40:14  src.cpcv.preprocessing  INFO    Selected (16): ['chaikin_osc', 'dxy_roc_30', 'exchange_supply_pct', 'gk_vol', 'jarque_bera', 'log_returns', 'log_returns_lag1', 'log_returns_lag7', 'roc_14', 'silver_ret_30', 'stoch_d', 'us10y', 'us2y', 'variance_ratio', 'vol_term_7_30', 'yield_curve_10y30y']
20:40:14  src.cpcv.pipeline  INFO    Preprocessing: 16 features selected, train=688 + cal=172, test=89
20:40:14  src.cpcv.tuning  INFO  Tuning (1 model) — Optuna TPE + Purged K-Fold (inner: 3 folds, embargo=10 obs)
20:40:14  src.cpcv.tuning  INFO    [tuning] logistic: 3 purged K-fold splits, 30 Optuna trials (TPE)
20:40:15  src.cpcv.tuning  INFO      logistic: 14 completed, 16 pruned (of 30 total) — best log_loss=0.6851, params={'C': 0.054502936945582565, 'penalty': 'l1'}
20:40:15  src.cpcv.tuning  INFO    [tuning] logistic done in 0.7s — best log_loss=0.6851
20:40:15  src.cpcv.tuning  INFO  Tuning total: 0.7s
20:40:15  src.cpcv.pipeline  INFO      applied logistic: {'C': 0.054502936945582565, 'penalty': 'l1'}
20:40:15  src.cpcv.pipeline  INFO    [  1/84]             logistic (seed=0) F1=0.502  AUC=0.508  LL=0.6794 (0.0s)
20:40:15  src.cpcv.pipeline  INFO    [  2/84]             logistic (seed=1) F1=0.502  AUC=0.508  LL=0.6794 (0.0s)
20:40:15  src.cpcv.pipeline  INFO    [  3/84]             logistic (seed=2) F1=0.502  AUC=0.508  LL=0.6794 (0.0s)
20:40:15  src.cpcv.preprocessing  INFO  Computing MDA (Random Forest)...
20:40:51  src.cpcv.preprocessing  INFO  Computing MDA (Logistic Regression)...
20:40:52  src.cpcv.preprocessing  INFO  Multi-model MDA: 49/62 passed (MDA > 0), 13 eliminated
20:40:52  src.cpcv.preprocessing  INFO    Capped at 18 features (top_k_frac=0.3)
20:40:52  src.cpcv.preprocessing  INFO    Selected (18): ['atr', 'bb_width', 'dxy_roc_30', 'ema_ratio_50_200', 'issuance_ntv', 'log_returns', 'macd_hist', 'nasdaq_ret_30', 'oil_ret_30', 'realized_vol', 'shannon_entropy', 'skewness', 'smt_exp', 'smt_poly1', 'stoch_d', 'tx_count_roc_14', 'us2y', 'yield_curve_2y10y']
20:40:52  src.cpcv.pipeline  INFO    Preprocessing: 18 features selected, train=643 + cal=161, test=144
20:40:52  src.cpcv.tuning  INFO  Tuning (1 model) — Optuna TPE + Purged K-Fold (inner: 3 folds, embargo=10 obs)
20:40:52  src.cpcv.tuning  INFO    [tuning] logistic: 3 purged K-fold splits, 30 Optuna trials (TPE)
20:40:53  src.cpcv.tuning  INFO      logistic: 23 completed, 7 pruned (of 30 total) — best log_loss=0.6931, params={'C': 0.017670169402947963, 'penalty': 'l1'}
20:40:53  src.cpcv.tuning  INFO    [tuning] logistic done in 0.5s — best log_loss=0.6931
20:40:53  src.cpcv.tuning  INFO  Tuning total: 0.5s
20:40:53  src.cpcv.pipeline  INFO      applied logistic: {'C': 0.017670169402947963, 'penalty': 'l1'}
20:40:53  src.cpcv.pipeline  INFO    [  4/84]             logistic (seed=0) F1=0.311  AUC=0.500  LL=0.7091 (0.0s)
20:40:53  src.cpcv.pipeline  INFO    [  5/84]             logistic (seed=1) F1=0.311  AUC=0.500  LL=0.7091 (0.0s)
20:40:53  src.cpcv.pipeline  INFO    [  6/84]             logistic (seed=2) F1=0.311  AUC=0.500  LL=0.7091 (0.0s)
20:40:53  src.cpcv.preprocessing  INFO  Computing MDA (Random Forest)...
20:41:28  src.cpcv.preprocessing  INFO  Computing MDA (Logistic Regression)...
20:41:29  src.cpcv.preprocessing  WARNING  Only 3 features with MDA > 0. Taking top 5 by MDA value.
20:41:29  src.cpcv.preprocessing  INFO  Multi-model MDA: 3/62 passed (MDA > 0), 59 eliminated
20:41:29  src.cpcv.preprocessing  INFO    Selected (5): ['jarque_bera', 'log_returns_lag1', 'oil_ret_30', 'roc_14', 'stoch_d']
20:41:29  src.cpcv.pipeline  INFO    Preprocessing: 5 features selected, train=644 + cal=161, test=144
20:41:29  src.cpcv.tuning  INFO  Tuning (1 model) — Optuna TPE + Purged K-Fold (inner: 3 folds, embargo=10 obs)
20:41:29  src.cpcv.tuning  INFO    [tuning] logistic: 3 purged K-fold splits, 30 Optuna trials (TPE)
20:41:29  src.cpcv.tuning  INFO      logistic: 12 completed, 18 pruned (of 30 total) — best log_loss=0.6924, params={'C': 0.054502936945582565, 'penalty': 'l1'}
20:41:29  src.cpcv.tuning  INFO    [tuning] logistic done in 0.5s — best log_loss=0.6924
20:41:29  src.cpcv.tuning  INFO  Tuning total: 0.5s
20:41:29  src.cpcv.pipeline  INFO      applied logistic: {'C': 0.054502936945582565, 'penalty': 'l1'}
20:41:29  src.cpcv.pipeline  INFO    [  7/84]             logistic (seed=0) F1=0.440  AUC=0.649  LL=0.6489 (0.0s)
20:41:29  src.cpcv.pipeline  INFO    [  8/84]             logistic (seed=1) F1=0.440  AUC=0.649  LL=0.6489 (0.0s)
20:41:29  src.cpcv.pipeline  INFO    [  9/84]             logistic (seed=2) F1=0.440  AUC=0.649  LL=0.6489 (0.0s)
20:41:30  src.cpcv.preprocessing  INFO  Computing MDA (Random Forest)...
20:42:06  src.cpcv.preprocessing  INFO  Computing MDA (Logistic Regression)...
20:42:07  src.cpcv.preprocessing  INFO  Multi-model MDA: 36/62 passed (MDA > 0), 26 eliminated
20:42:07  src.cpcv.preprocessing  INFO    Capped at 18 features (top_k_frac=0.3)
20:42:07  src.cpcv.preprocessing  INFO    Selected (18): ['active_addr_roc_14', 'atr', 'bb_width', 'dxy_roc_30', 'jarque_bera', 'log_returns_lag2', 'log_returns_lag30', 'macd_hist', 'mvrv', 'net_exchange_flow', 'obv', 'oil_ret_30', 'sadf', 'smt_exp', 'sp500_ret_30', 'stoch_d', 'vix', 'yield_curve_10y30y']
20:42:07  src.cpcv.pipeline  INFO    Preprocessing: 18 features selected, train=644 + cal=161, test=144
20:42:07  src.cpcv.tuning  INFO  Tuning (1 model) — Optuna TPE + Purged K-Fold (inner: 3 folds, embargo=10 obs)
20:42:07  src.cpcv.tuning  INFO    [tuning] logistic: 3 purged K-fold splits, 30 Optuna trials (TPE)
20:42:07  src.cpcv.tuning  INFO      logistic: 19 completed, 11 pruned (of 30 total) — best log_loss=0.6873, params={'C': 0.0003998412138823017, 'penalty': 'l2'}
20:42:07  src.cpcv.tuning  INFO    [tuning] logistic done in 0.8s — best log_loss=0.6873
20:42:07  src.cpcv.tuning  INFO  Tuning total: 0.8s
20:42:07  src.cpcv.pipeline  INFO      applied logistic: {'C': 0.0003998412138823017, 'penalty': 'l2'}
20:42:08  src.cpcv.pipeline  INFO    [ 10/84]             logistic (seed=0) F1=0.374  AUC=0.503  LL=0.6777 (0.0s)
20:42:08  src.cpcv.pipeline  INFO    [ 11/84]             logistic (seed=1) F1=0.374  AUC=0.503  LL=0.6777 (0.0s)
20:42:08  src.cpcv.pipeline  INFO    [ 12/84]             logistic (seed=2) F1=0.374  AUC=0.503  LL=0.6777 (0.0s)
20:42:08  src.cpcv.preprocessing  INFO  Computing MDA (Random Forest)...
20:42:43  src.cpcv.preprocessing  INFO  Computing MDA (Logistic Regression)...
20:42:44  src.cpcv.preprocessing  INFO  Multi-model MDA: 45/62 passed (MDA > 0), 17 eliminated
20:42:44  src.cpcv.preprocessing  INFO    Capped at 18 features (top_k_frac=0.3)
20:42:44  src.cpcv.preprocessing  INFO    Selected (18): ['bb_width', 'eth_btc_ratio', 'exchange_supply_pct', 'jarque_bera', 'kurtosis', 'log_returns', 'log_returns_lag30', 'macd_hist', 'mfi_14', 'mvrv', 'natgas_ret_30', 'obv', 'realized_vol', 'rsi', 'sadf', 'skewness', 'yield_curve_10y30y', 'yz_vol']
20:42:44  src.cpcv.pipeline  INFO    Preprocessing: 18 features selected, train=642 + cal=161, test=144
20:42:44  src.cpcv.tuning  INFO  Tuning (1 model) — Optuna TPE + Purged K-Fold (inner: 3 folds, embargo=10 obs)
20:42:44  src.cpcv.tuning  INFO    [tuning] logistic: 3 purged K-fold splits, 30 Optuna trials (TPE)
20:42:45  src.cpcv.tuning  INFO      logistic: 28 completed, 2 pruned (of 30 total) — best log_loss=0.6837, params={'C': 0.025943055296597954, 'penalty': 'l1'}
20:42:45  src.cpcv.tuning  INFO    [tuning] logistic done in 1.0s — best log_loss=0.6837
20:42:45  src.cpcv.tuning  INFO  Tuning total: 1.0s
20:42:45  src.cpcv.pipeline  INFO      applied logistic: {'C': 0.025943055296597954, 'penalty': 'l1'}
20:42:45  src.cpcv.pipeline  INFO    [ 13/84]             logistic (seed=0) F1=0.336  AUC=0.462  LL=0.6978 (0.0s)
20:42:45  src.cpcv.pipeline  INFO    [ 14/84]             logistic (seed=1) F1=0.336  AUC=0.462  LL=0.6978 (0.0s)
20:42:45  src.cpcv.pipeline  INFO    [ 15/84]             logistic (seed=2) F1=0.336  AUC=0.462  LL=0.6978 (0.0s)
20:42:46  src.cpcv.preprocessing  INFO  Computing MDA (Random Forest)...
20:43:23  src.cpcv.preprocessing  INFO  Computing MDA (Logistic Regression)...
20:43:24  src.cpcv.preprocessing  INFO  Multi-model MDA: 22/62 passed (MDA > 0), 40 eliminated
20:43:24  src.cpcv.preprocessing  INFO    Capped at 18 features (top_k_frac=0.3)
20:43:24  src.cpcv.preprocessing  INFO    Selected (18): ['chaikin_osc', 'dxy_roc_30', 'eth_btc_ratio', 'gold_ret_30', 'hashrate_roc_30', 'jarque_bera', 'kurtosis', 'macd', 'macd_signal', 'net_exchange_flow', 'obv', 'oil_ret_30', 'roc_14', 'shannon_entropy', 'smt_poly1', 'sp500_ret_30', 'stoch_k', 'yield_curve_10y30y']
20:43:24  src.cpcv.pipeline  INFO    Preprocessing: 18 features selected, train=643 + cal=161, test=144
20:43:24  src.cpcv.tuning  INFO  Tuning (1 model) — Optuna TPE + Purged K-Fold (inner: 3 folds, embargo=10 obs)
20:43:24  src.cpcv.tuning  INFO    [tuning] logistic: 3 purged K-fold splits, 30 Optuna trials (TPE)
20:43:25  src.cpcv.tuning  INFO      logistic: 24 completed, 6 pruned (of 30 total) — best log_loss=0.6833, params={'C': 0.017670169402947963, 'penalty': 'l1'}
20:43:25  src.cpcv.tuning  INFO    [tuning] logistic done in 0.9s — best log_loss=0.6833
20:43:25  src.cpcv.tuning  INFO  Tuning total: 0.9s
20:43:25  src.cpcv.pipeline  INFO      applied logistic: {'C': 0.017670169402947963, 'penalty': 'l1'}
20:43:25  src.cpcv.pipeline  INFO    [ 16/84]             logistic (seed=0) F1=0.473  AUC=0.517  LL=0.6835 (0.0s)
20:43:25  src.cpcv.pipeline  INFO    [ 17/84]             logistic (seed=1) F1=0.473  AUC=0.517  LL=0.6835 (0.0s)
20:43:25  src.cpcv.pipeline  INFO    [ 18/84]             logistic (seed=2) F1=0.473  AUC=0.517  LL=0.6835 (0.0s)
20:43:25  src.cpcv.preprocessing  INFO  Computing MDA (Random Forest)...
20:44:02  src.cpcv.preprocessing  INFO  Computing MDA (Logistic Regression)...
20:44:03  src.cpcv.preprocessing  INFO  Multi-model MDA: 29/62 passed (MDA > 0), 33 eliminated
20:44:03  src.cpcv.preprocessing  INFO    Capped at 18 features (top_k_frac=0.3)
20:44:03  src.cpcv.preprocessing  INFO    Selected (18): ['active_addr_roc_14', 'atr', 'bb_width', 'copper_ret_30', 'eth_btc_ratio', 'gold_ret_30', 'hurst', 'kurtosis', 'log_returns_lag1', 'log_returns_lag14', 'macd', 'macd_signal', 'net_exchange_flow', 'sadf', 'skewness', 'vol_term_30_90', 'williams_r', 'yield_curve_10y30y']
20:44:03  src.cpcv.pipeline  INFO    Preprocessing: 18 features selected, train=644 + cal=162, test=151
20:44:03  src.cpcv.tuning  INFO  Tuning (1 model) — Optuna TPE + Purged K-Fold (inner: 3 folds, embargo=10 obs)
20:44:03  src.cpcv.tuning  INFO    [tuning] logistic: 3 purged K-fold splits, 30 Optuna trials (TPE)
20:44:04  src.cpcv.tuning  INFO      logistic: 17 completed, 13 pruned (of 30 total) — best log_loss=0.6854, params={'C': 0.100177425156941, 'penalty': 'l1'}
20:44:04  src.cpcv.tuning  INFO    [tuning] logistic done in 0.6s — best log_loss=0.6854
20:44:04  src.cpcv.tuning  INFO  Tuning total: 0.6s
20:44:04  src.cpcv.pipeline  INFO      applied logistic: {'C': 0.100177425156941, 'penalty': 'l1'}
20:44:04  src.cpcv.pipeline  INFO    [ 19/84]             logistic (seed=0) F1=0.452  AUC=0.461  LL=0.7185 (0.0s)
20:44:04  src.cpcv.pipeline  INFO    [ 20/84]             logistic (seed=1) F1=0.452  AUC=0.461  LL=0.7185 (0.0s)
20:44:04  src.cpcv.pipeline  INFO    [ 21/84]             logistic (seed=2) F1=0.452  AUC=0.461  LL=0.7185 (0.0s)
20:44:04  src.cpcv.preprocessing  INFO  Computing MDA (Random Forest)...
20:44:37  src.cpcv.preprocessing  INFO  Computing MDA (Logistic Regression)...
20:44:38  src.cpcv.preprocessing  INFO  Multi-model MDA: 27/62 passed (MDA > 0), 35 eliminated
20:44:38  src.cpcv.preprocessing  INFO    Capped at 18 features (top_k_frac=0.3)
20:44:38  src.cpcv.preprocessing  INFO    Selected (18): ['cci_14', 'chaikin_osc', 'dxy_roc_30', 'eth_btc_ratio', 'gk_vol', 'gold_ret_30', 'hashrate_roc_30', 'hurst', 'jarque_bera', 'log_returns_lag1', 'log_returns_lag14', 'lz_complexity', 'roc_14', 'sadf', 'stoch_k', 'williams_r', 'yield_curve_2y10y', 'yz_vol']
20:44:38  src.cpcv.pipeline  INFO    Preprocessing: 18 features selected, train=572 + cal=144, test=233
20:44:38  src.cpcv.tuning  INFO  Tuning (1 model) — Optuna TPE + Purged K-Fold (inner: 3 folds, embargo=10 obs)
20:44:38  src.cpcv.tuning  INFO    [tuning] logistic: 3 purged K-fold splits, 30 Optuna trials (TPE)
20:44:39  src.cpcv.tuning  INFO      logistic: 14 completed, 16 pruned (of 30 total) — best log_loss=0.6839, params={'C': 0.054502936945582565, 'penalty': 'l1'}
20:44:39  src.cpcv.tuning  INFO    [tuning] logistic done in 0.8s — best log_loss=0.6839
20:44:39  src.cpcv.tuning  INFO  Tuning total: 0.8s
20:44:39  src.cpcv.pipeline  INFO      applied logistic: {'C': 0.054502936945582565, 'penalty': 'l1'}
20:44:39  src.cpcv.pipeline  INFO    [ 22/84]             logistic (seed=0) F1=0.515  AUC=0.541  LL=0.7105 (0.0s)
20:44:39  src.cpcv.pipeline  INFO    [ 23/84]             logistic (seed=1) F1=0.515  AUC=0.541  LL=0.7105 (0.0s)
20:44:39  src.cpcv.pipeline  INFO    [ 24/84]             logistic (seed=2) F1=0.515  AUC=0.541  LL=0.7105 (0.0s)
20:44:39  src.cpcv.preprocessing  INFO  Computing MDA (Random Forest)...
20:45:12  src.cpcv.preprocessing  INFO  Computing MDA (Logistic Regression)...
20:45:13  src.cpcv.preprocessing  INFO  Multi-model MDA: 53/62 passed (MDA > 0), 9 eliminated
20:45:13  src.cpcv.preprocessing  INFO    Capped at 18 features (top_k_frac=0.3)
20:45:13  src.cpcv.preprocessing  INFO    Selected (18): ['copper_ret_30', 'eth_btc_ratio', 'gk_vol', 'log_returns_lag3', 'macd', 'macd_hist', 'mvrv', 'net_exchange_flow', 'realized_vol', 'sadf', 'silver_ret_30', 'skewness', 'smt_exp', 'stoch_k', 'variance_ratio', 'vix', 'vol_term_30_90', 'vol_term_7_30']
20:45:13  src.cpcv.pipeline  INFO    Preprocessing: 18 features selected, train=564 + cal=141, test=233
20:45:13  src.cpcv.tuning  INFO  Tuning (1 model) — Optuna TPE + Purged K-Fold (inner: 3 folds, embargo=10 obs)
20:45:13  src.cpcv.tuning  INFO    [tuning] logistic: 3 purged K-fold splits, 30 Optuna trials (TPE)
20:45:14  src.cpcv.tuning  INFO      logistic: 24 completed, 6 pruned (of 30 total) — best log_loss=0.6858, params={'C': 0.12647598951788191, 'penalty': 'l1'}
20:45:14  src.cpcv.tuning  INFO    [tuning] logistic done in 0.6s — best log_loss=0.6858
20:45:14  src.cpcv.tuning  INFO  Tuning total: 0.6s
20:45:14  src.cpcv.pipeline  INFO      applied logistic: {'C': 0.12647598951788191, 'penalty': 'l1'}
20:45:14  src.cpcv.pipeline  INFO    [ 25/84]             logistic (seed=0) F1=0.496  AUC=0.496  LL=0.7198 (0.0s)
20:45:14  src.cpcv.pipeline  INFO    [ 26/84]             logistic (seed=1) F1=0.496  AUC=0.496  LL=0.7198 (0.0s)
20:45:14  src.cpcv.pipeline  INFO    [ 27/84]             logistic (seed=2) F1=0.496  AUC=0.496  LL=0.7198 (0.0s)
20:45:14  src.cpcv.preprocessing  INFO  Computing MDA (Random Forest)...
20:45:46  src.cpcv.preprocessing  INFO  Computing MDA (Logistic Regression)...
20:45:47  src.cpcv.preprocessing  INFO  Multi-model MDA: 38/62 passed (MDA > 0), 24 eliminated
20:45:47  src.cpcv.preprocessing  INFO    Capped at 18 features (top_k_frac=0.3)
20:45:47  src.cpcv.preprocessing  INFO    Selected (18): ['bb_width', 'cci_14', 'ema_ratio_50_200', 'exchange_supply_pct', 'gk_vol', 'jarque_bera', 'log_returns', 'log_returns_lag1', 'mvrv', 'natgas_ret_30', 'roc_14', 'sadf', 'silver_ret_30', 'smt_poly1', 'sp500_ret_30', 'stoch_k', 'tx_count_roc_14', 'williams_r']
20:45:47  src.cpcv.pipeline  INFO    Preprocessing: 18 features selected, train=564 + cal=141, test=233
20:45:47  src.cpcv.tuning  INFO  Tuning (1 model) — Optuna TPE + Purged K-Fold (inner: 3 folds, embargo=10 obs)
20:45:47  src.cpcv.tuning  INFO    [tuning] logistic: 3 purged K-fold splits, 30 Optuna trials (TPE)
20:45:48  src.cpcv.tuning  INFO      logistic: 27 completed, 3 pruned (of 30 total) — best log_loss=0.6825, params={'C': 0.054502936945582565, 'penalty': 'l1'}
20:45:48  src.cpcv.tuning  INFO    [tuning] logistic done in 0.8s — best log_loss=0.6825
20:45:48  src.cpcv.tuning  INFO  Tuning total: 0.8s
20:45:48  src.cpcv.pipeline  INFO      applied logistic: {'C': 0.054502936945582565, 'penalty': 'l1'}
20:45:48  src.cpcv.pipeline  INFO    [ 28/84]             logistic (seed=0) F1=0.431  AUC=0.540  LL=0.6702 (0.0s)
20:45:48  src.cpcv.pipeline  INFO    [ 29/84]             logistic (seed=1) F1=0.431  AUC=0.540  LL=0.6702 (0.0s)
20:45:48  src.cpcv.pipeline  INFO    [ 30/84]             logistic (seed=2) F1=0.431  AUC=0.540  LL=0.6702 (0.0s)
20:45:48  src.cpcv.preprocessing  INFO  Computing MDA (Random Forest)...
20:46:21  src.cpcv.preprocessing  INFO  Computing MDA (Logistic Regression)...
20:46:22  src.cpcv.preprocessing  INFO  Multi-model MDA: 31/62 passed (MDA > 0), 31 eliminated
20:46:22  src.cpcv.preprocessing  INFO    Capped at 18 features (top_k_frac=0.3)
20:46:22  src.cpcv.preprocessing  INFO    Selected (18): ['active_addr_roc_14', 'dxy_roc_30', 'eth_btc_ratio', 'exchange_supply_pct', 'kurtosis', 'log_returns_lag1', 'log_returns_lag3', 'mfi_14', 'natgas_ret_30', 'obv', 'roc_14', 'rsi', 'sadf', 'stoch_k', 'variance_ratio', 'vix', 'vol_term_30_90', 'yield_curve_2y10y']
20:46:22  src.cpcv.pipeline  INFO    Preprocessing: 18 features selected, train=562 + cal=141, test=233
20:46:22  src.cpcv.tuning  INFO  Tuning (1 model) — Optuna TPE + Purged K-Fold (inner: 3 folds, embargo=10 obs)
20:46:22  src.cpcv.tuning  INFO    [tuning] logistic: 3 purged K-fold splits, 30 Optuna trials (TPE)
20:46:23  src.cpcv.tuning  INFO      logistic: 17 completed, 13 pruned (of 30 total) — best log_loss=0.6859, params={'C': 0.12173252504194051, 'penalty': 'l1'}
20:46:23  src.cpcv.tuning  INFO    [tuning] logistic done in 0.6s — best log_loss=0.6859
20:46:23  src.cpcv.tuning  INFO  Tuning total: 0.6s
20:46:23  src.cpcv.pipeline  INFO      applied logistic: {'C': 0.12173252504194051, 'penalty': 'l1'}
20:46:23  src.cpcv.pipeline  INFO    [ 31/84]             logistic (seed=0) F1=0.441  AUC=0.442  LL=0.7202 (0.0s)
20:46:23  src.cpcv.pipeline  INFO    [ 32/84]             logistic (seed=1) F1=0.441  AUC=0.442  LL=0.7201 (0.0s)
20:46:23  src.cpcv.pipeline  INFO    [ 33/84]             logistic (seed=2) F1=0.441  AUC=0.442  LL=0.7201 (0.0s)
20:46:23  src.cpcv.preprocessing  INFO  Computing MDA (Random Forest)...
20:46:57  src.cpcv.preprocessing  INFO  Computing MDA (Logistic Regression)...
20:46:58  src.cpcv.preprocessing  INFO  Multi-model MDA: 34/62 passed (MDA > 0), 28 eliminated
20:46:58  src.cpcv.preprocessing  INFO    Capped at 18 features (top_k_frac=0.3)
20:46:58  src.cpcv.preprocessing  INFO    Selected (18): ['active_addr_roc_14', 'bb_width', 'chaikin_osc', 'ema_ratio_50_200', 'issuance_ntv', 'kurtosis', 'log_returns_lag7', 'mfi_14', 'nasdaq_ret_30', 'negentropy', 'shannon_entropy', 'silver_ret_30', 'skewness', 'sp500_ret_30', 'us10y', 'vix', 'vol_term_7_30', 'yield_curve_2y10y']
20:46:58  src.cpcv.pipeline  INFO    Preprocessing: 18 features selected, train=563 + cal=141, test=233
20:46:58  src.cpcv.tuning  INFO  Tuning (1 model) — Optuna TPE + Purged K-Fold (inner: 3 folds, embargo=10 obs)
20:46:58  src.cpcv.tuning  INFO    [tuning] logistic: 3 purged K-fold splits, 30 Optuna trials (TPE)
20:46:58  src.cpcv.tuning  INFO      logistic: 22 completed, 8 pruned (of 30 total) — best log_loss=0.6809, params={'C': 0.013715673651577548, 'penalty': 'l2'}
20:46:58  src.cpcv.tuning  INFO    [tuning] logistic done in 0.7s — best log_loss=0.6809
20:46:58  src.cpcv.tuning  INFO  Tuning total: 0.7s
20:46:58  src.cpcv.pipeline  INFO      applied logistic: {'C': 0.013715673651577548, 'penalty': 'l2'}
20:46:58  src.cpcv.pipeline  INFO    [ 34/84]             logistic (seed=0) F1=0.502  AUC=0.572  LL=0.7016 (0.0s)
20:46:58  src.cpcv.pipeline  INFO    [ 35/84]             logistic (seed=1) F1=0.502  AUC=0.572  LL=0.7016 (0.0s)
20:46:58  src.cpcv.pipeline  INFO    [ 36/84]             logistic (seed=2) F1=0.502  AUC=0.572  LL=0.7016 (0.0s)
20:46:59  src.cpcv.preprocessing  INFO  Computing MDA (Random Forest)...
20:47:31  src.cpcv.preprocessing  INFO  Computing MDA (Logistic Regression)...
20:47:32  src.cpcv.preprocessing  INFO  Multi-model MDA: 25/62 passed (MDA > 0), 37 eliminated
20:47:32  src.cpcv.preprocessing  INFO    Capped at 18 features (top_k_frac=0.3)
20:47:32  src.cpcv.preprocessing  INFO    Selected (18): ['bb_width', 'eth_btc_ratio', 'jarque_bera', 'kurtosis', 'log_returns', 'log_returns_lag2', 'lz_complexity', 'macd_hist', 'macd_signal', 'rsi', 'sadf', 'skewness', 'tx_count_roc_14', 'us10y', 'us2y', 'vix', 'yield_curve_10y30y', 'yield_curve_2y10y']
20:47:32  src.cpcv.pipeline  INFO    Preprocessing: 18 features selected, train=564 + cal=142, test=240
20:47:32  src.cpcv.tuning  INFO  Tuning (1 model) — Optuna TPE + Purged K-Fold (inner: 3 folds, embargo=10 obs)
20:47:32  src.cpcv.tuning  INFO    [tuning] logistic: 3 purged K-fold splits, 30 Optuna trials (TPE)
20:47:33  src.cpcv.tuning  INFO      logistic: 24 completed, 6 pruned (of 30 total) — best log_loss=0.6816, params={'C': 0.025943055296597954, 'penalty': 'l1'}
20:47:33  src.cpcv.tuning  INFO    [tuning] logistic done in 0.8s — best log_loss=0.6816
20:47:33  src.cpcv.tuning  INFO  Tuning total: 0.8s
20:47:33  src.cpcv.pipeline  INFO      applied logistic: {'C': 0.025943055296597954, 'penalty': 'l1'}
20:47:33  src.cpcv.pipeline  INFO    [ 37/84]             logistic (seed=0) F1=0.373  AUC=0.597  LL=0.6807 (0.0s)
20:47:33  src.cpcv.pipeline  INFO    [ 38/84]             logistic (seed=1) F1=0.373  AUC=0.597  LL=0.6807 (0.0s)
20:47:33  src.cpcv.pipeline  INFO    [ 39/84]             logistic (seed=2) F1=0.373  AUC=0.597  LL=0.6807 (0.0s)
20:47:33  src.cpcv.preprocessing  INFO  Computing MDA (Random Forest)...
20:48:06  src.cpcv.preprocessing  INFO  Computing MDA (Logistic Regression)...
20:48:07  src.cpcv.preprocessing  INFO  Multi-model MDA: 42/62 passed (MDA > 0), 20 eliminated
20:48:07  src.cpcv.preprocessing  INFO    Capped at 18 features (top_k_frac=0.3)
20:48:07  src.cpcv.preprocessing  INFO    Selected (18): ['chaikin_osc', 'gold_ret_30', 'jarque_bera', 'kurtosis', 'log_returns_lag3', 'log_returns_lag7', 'macd', 'macd_hist', 'obv', 'realized_vol', 'silver_ret_30', 'skewness', 'sp500_ret_30', 'tx_count_roc_14', 'vol_term_30_90', 'vol_term_7_30', 'vwma_ratio_20_50', 'williams_r']
20:48:07  src.cpcv.pipeline  INFO    Preprocessing: 18 features selected, train=528 + cal=132, test=288
20:48:07  src.cpcv.tuning  INFO  Tuning (1 model) — Optuna TPE + Purged K-Fold (inner: 3 folds, embargo=10 obs)
20:48:07  src.cpcv.tuning  INFO    [tuning] logistic: 3 purged K-fold splits, 30 Optuna trials (TPE)
20:48:08  src.cpcv.tuning  INFO      logistic: 27 completed, 3 pruned (of 30 total) — best log_loss=0.6912, params={'C': 0.004149092600782365, 'penalty': 'l2'}
20:48:08  src.cpcv.tuning  INFO    [tuning] logistic done in 0.7s — best log_loss=0.6912
20:48:08  src.cpcv.tuning  INFO  Tuning total: 0.7s
20:48:08  src.cpcv.pipeline  INFO      applied logistic: {'C': 0.004149092600782365, 'penalty': 'l2'}
20:48:08  src.cpcv.pipeline  INFO    [ 40/84]             logistic (seed=0) F1=0.344  AUC=0.586  LL=0.9688 (0.0s)
20:48:08  src.cpcv.pipeline  INFO    [ 41/84]             logistic (seed=1) F1=0.344  AUC=0.586  LL=0.9688 (0.0s)
20:48:08  src.cpcv.pipeline  INFO    [ 42/84]             logistic (seed=2) F1=0.344  AUC=0.586  LL=0.9688 (0.0s)
20:48:08  src.cpcv.preprocessing  INFO  Computing MDA (Random Forest)...
20:48:39  src.cpcv.preprocessing  INFO  Computing MDA (Logistic Regression)...
20:48:40  src.cpcv.preprocessing  INFO  Multi-model MDA: 17/62 passed (MDA > 0), 45 eliminated
20:48:40  src.cpcv.preprocessing  INFO    Selected (17): ['atr', 'cci_14', 'eth_btc_ratio', 'hashrate_roc_30', 'hurst', 'issuance_ntv', 'log_returns_lag1', 'natgas_ret_30', 'negentropy', 'realized_vol', 'sadf', 'stoch_k', 'us10y', 'vol_term_7_30', 'vwma_ratio_20_50', 'williams_r', 'yield_curve_2y10y']
20:48:40  src.cpcv.pipeline  INFO    Preprocessing: 17 features selected, train=519 + cal=130, test=288
20:48:40  src.cpcv.tuning  INFO  Tuning (1 model) — Optuna TPE + Purged K-Fold (inner: 3 folds, embargo=10 obs)
20:48:40  src.cpcv.tuning  INFO    [tuning] logistic: 3 purged K-fold splits, 30 Optuna trials (TPE)
20:48:41  src.cpcv.tuning  INFO      logistic: 17 completed, 13 pruned (of 30 total) — best log_loss=0.6927, params={'C': 0.054502936945582565, 'penalty': 'l1'}
20:48:41  src.cpcv.tuning  INFO    [tuning] logistic done in 0.6s — best log_loss=0.6927
20:48:41  src.cpcv.tuning  INFO  Tuning total: 0.6s
20:48:41  src.cpcv.pipeline  INFO      applied logistic: {'C': 0.054502936945582565, 'penalty': 'l1'}
20:48:41  src.cpcv.pipeline  INFO    [ 43/84]             logistic (seed=0) F1=0.372  AUC=0.453  LL=0.7505 (0.0s)
20:48:41  src.cpcv.pipeline  INFO    [ 44/84]             logistic (seed=1) F1=0.372  AUC=0.453  LL=0.7505 (0.0s)
20:48:41  src.cpcv.pipeline  INFO    [ 45/84]             logistic (seed=2) F1=0.372  AUC=0.453  LL=0.7505 (0.0s)
20:48:41  src.cpcv.preprocessing  INFO  Computing MDA (Random Forest)...
20:49:14  src.cpcv.preprocessing  INFO  Computing MDA (Logistic Regression)...
20:49:15  src.cpcv.preprocessing  INFO  Multi-model MDA: 39/62 passed (MDA > 0), 23 eliminated
20:49:15  src.cpcv.preprocessing  INFO    Capped at 18 features (top_k_frac=0.3)
20:49:15  src.cpcv.preprocessing  INFO    Selected (18): ['cci_14', 'copper_ret_30', 'ema_ratio_20_50', 'fee_per_tx', 'log_returns_lag1', 'log_returns_lag2', 'log_returns_lag30', 'natgas_ret_30', 'net_exchange_flow', 'obv', 'oil_ret_30', 'sadf', 'silver_ret_30', 'skewness', 'stoch_k', 'vol_term_30_90', 'vwma_ratio_20_50', 'yield_curve_10y30y']
20:49:15  src.cpcv.pipeline  INFO    Preprocessing: 18 features selected, train=517 + cal=130, test=288
20:49:15  src.cpcv.tuning  INFO  Tuning (1 model) — Optuna TPE + Purged K-Fold (inner: 3 folds, embargo=10 obs)
20:49:15  src.cpcv.tuning  INFO    [tuning] logistic: 3 purged K-fold splits, 30 Optuna trials (TPE)
20:49:15  src.cpcv.tuning  INFO      logistic: 29 completed, 1 pruned (of 30 total) — best log_loss=0.6929, params={'C': 0.00080524961581442, 'penalty': 'l2'}
20:49:15  src.cpcv.tuning  INFO    [tuning] logistic done in 0.7s — best log_loss=0.6929
20:49:15  src.cpcv.tuning  INFO  Tuning total: 0.7s
20:49:15  src.cpcv.pipeline  INFO      applied logistic: {'C': 0.00080524961581442, 'penalty': 'l2'}
20:49:15  src.cpcv.pipeline  INFO    [ 46/84]             logistic (seed=0) F1=0.442  AUC=0.459  LL=0.7895 (0.0s)
20:49:15  src.cpcv.pipeline  INFO    [ 47/84]             logistic (seed=1) F1=0.442  AUC=0.459  LL=0.7895 (0.0s)
20:49:16  src.cpcv.pipeline  INFO    [ 48/84]             logistic (seed=2) F1=0.442  AUC=0.459  LL=0.7895 (0.0s)
20:49:16  src.cpcv.preprocessing  INFO  Computing MDA (Random Forest)...
20:49:48  src.cpcv.preprocessing  INFO  Computing MDA (Logistic Regression)...
20:49:49  src.cpcv.preprocessing  INFO  Multi-model MDA: 35/62 passed (MDA > 0), 27 eliminated
20:49:49  src.cpcv.preprocessing  INFO    Capped at 18 features (top_k_frac=0.3)
20:49:49  src.cpcv.preprocessing  INFO    Selected (18): ['atr', 'gk_vol', 'jarque_bera', 'log_returns_lag2', 'log_returns_lag3', 'log_returns_lag7', 'macd_hist', 'macd_signal', 'mfi_14', 'rsi', 'sadf', 'skewness', 'stoch_k', 'tx_count_roc_14', 'vol_term_30_90', 'vwma_ratio_20_50', 'williams_r', 'yz_vol']
20:49:49  src.cpcv.pipeline  INFO    Preprocessing: 18 features selected, train=518 + cal=130, test=288
20:49:49  src.cpcv.tuning  INFO  Tuning (1 model) — Optuna TPE + Purged K-Fold (inner: 3 folds, embargo=10 obs)
20:49:49  src.cpcv.tuning  INFO    [tuning] logistic: 3 purged K-fold splits, 30 Optuna trials (TPE)
20:49:50  src.cpcv.tuning  INFO      logistic: 18 completed, 12 pruned (of 30 total) — best log_loss=0.6810, params={'C': 0.002399524683310171, 'penalty': 'l2'}
20:49:50  src.cpcv.tuning  INFO    [tuning] logistic done in 0.8s — best log_loss=0.6810
20:49:50  src.cpcv.tuning  INFO  Tuning total: 0.8s
20:49:50  src.cpcv.pipeline  INFO      applied logistic: {'C': 0.002399524683310171, 'penalty': 'l2'}
20:49:50  src.cpcv.pipeline  INFO    [ 49/84]             logistic (seed=0) F1=0.437  AUC=0.461  LL=0.7644 (0.0s)
20:49:50  src.cpcv.pipeline  INFO    [ 50/84]             logistic (seed=1) F1=0.437  AUC=0.461  LL=0.7644 (0.0s)
20:49:50  src.cpcv.pipeline  INFO    [ 51/84]             logistic (seed=2) F1=0.437  AUC=0.461  LL=0.7644 (0.0s)
20:49:50  src.cpcv.preprocessing  INFO  Computing MDA (Random Forest)...
20:50:23  src.cpcv.preprocessing  INFO  Computing MDA (Logistic Regression)...
20:50:24  src.cpcv.preprocessing  INFO  Multi-model MDA: 35/62 passed (MDA > 0), 27 eliminated
20:50:24  src.cpcv.preprocessing  INFO    Capped at 18 features (top_k_frac=0.3)
20:50:24  src.cpcv.preprocessing  INFO    Selected (18): ['atr', 'bb_width', 'cci_14', 'exchange_supply_pct', 'hurst', 'log_returns', 'log_returns_lag3', 'macd_hist', 'mfi_14', 'net_exchange_flow', 'realized_vol', 'skewness', 'variance_ratio', 'vix', 'vol_term_30_90', 'vwma_ratio_20_50', 'yield_curve_10y30y', 'yz_vol']
20:50:24  src.cpcv.pipeline  INFO    Preprocessing: 18 features selected, train=520 + cal=130, test=295
20:50:24  src.cpcv.tuning  INFO  Tuning (1 model) — Optuna TPE + Purged K-Fold (inner: 3 folds, embargo=10 obs)
20:50:24  src.cpcv.tuning  INFO    [tuning] logistic: 3 purged K-fold splits, 30 Optuna trials (TPE)
20:50:24  src.cpcv.tuning  INFO      logistic: 21 completed, 9 pruned (of 30 total) — best log_loss=0.6809, params={'C': 0.12173252504194051, 'penalty': 'l1'}
20:50:24  src.cpcv.tuning  INFO    [tuning] logistic done in 0.6s — best log_loss=0.6809
20:50:24  src.cpcv.tuning  INFO  Tuning total: 0.6s
20:50:24  src.cpcv.pipeline  INFO      applied logistic: {'C': 0.12173252504194051, 'penalty': 'l1'}
20:50:24  src.cpcv.pipeline  INFO    [ 52/84]             logistic (seed=0) F1=0.336  AUC=0.479  LL=0.7101 (0.0s)
20:50:24  src.cpcv.pipeline  INFO    [ 53/84]             logistic (seed=1) F1=0.336  AUC=0.479  LL=0.7101 (0.0s)
20:50:24  src.cpcv.pipeline  INFO    [ 54/84]             logistic (seed=2) F1=0.336  AUC=0.479  LL=0.7101 (0.0s)
20:50:25  src.cpcv.preprocessing  INFO  Computing MDA (Random Forest)...
20:50:57  src.cpcv.preprocessing  INFO  Computing MDA (Logistic Regression)...
20:50:58  src.cpcv.preprocessing  INFO  Multi-model MDA: 21/62 passed (MDA > 0), 41 eliminated
20:50:58  src.cpcv.preprocessing  INFO    Capped at 18 features (top_k_frac=0.3)
20:50:58  src.cpcv.preprocessing  INFO    Selected (18): ['eth_btc_ratio', 'gold_ret_30', 'hurst', 'log_returns', 'log_returns_lag1', 'log_returns_lag2', 'log_returns_lag7', 'lz_complexity', 'mvrv', 'natgas_ret_30', 'negentropy', 'realized_vol', 'sadf', 'stoch_d', 'tx_count_roc_14', 'vix', 'yield_curve_10y30y', 'yz_vol']
20:50:58  src.cpcv.pipeline  INFO    Preprocessing: 18 features selected, train=528 + cal=133, test=288
20:50:58  src.cpcv.tuning  INFO  Tuning (1 model) — Optuna TPE + Purged K-Fold (inner: 3 folds, embargo=10 obs)
20:50:58  src.cpcv.tuning  INFO    [tuning] logistic: 3 purged K-fold splits, 30 Optuna trials (TPE)
20:50:58  src.cpcv.tuning  INFO      logistic: 22 completed, 8 pruned (of 30 total) — best log_loss=0.6920, params={'C': 0.054502936945582565, 'penalty': 'l1'}
20:50:58  src.cpcv.tuning  INFO    [tuning] logistic done in 0.6s — best log_loss=0.6920
20:50:58  src.cpcv.tuning  INFO  Tuning total: 0.6s
20:50:58  src.cpcv.pipeline  INFO      applied logistic: {'C': 0.054502936945582565, 'penalty': 'l1'}
20:50:58  src.cpcv.pipeline  INFO    [ 55/84]             logistic (seed=0) F1=0.383  AUC=0.532  LL=0.6801 (0.0s)
20:50:59  src.cpcv.pipeline  INFO    [ 56/84]             logistic (seed=1) F1=0.383  AUC=0.532  LL=0.6801 (0.0s)
20:50:59  src.cpcv.pipeline  INFO    [ 57/84]             logistic (seed=2) F1=0.383  AUC=0.532  LL=0.6801 (0.0s)
20:50:59  src.cpcv.preprocessing  INFO  Computing MDA (Random Forest)...
20:51:31  src.cpcv.preprocessing  INFO  Computing MDA (Logistic Regression)...
20:51:32  src.cpcv.preprocessing  INFO  Multi-model MDA: 19/62 passed (MDA > 0), 43 eliminated
20:51:32  src.cpcv.preprocessing  INFO    Capped at 18 features (top_k_frac=0.3)
20:51:32  src.cpcv.preprocessing  INFO    Selected (18): ['copper_ret_30', 'eth_btc_ratio', 'exchange_supply_pct', 'gold_ret_30', 'hurst', 'issuance_ntv', 'jarque_bera', 'kurtosis', 'mfi_14', 'natgas_ret_30', 'negentropy', 'net_exchange_flow', 'obv', 'oil_ret_30', 'roc_14', 'shannon_entropy', 'skewness', 'us2y']
20:51:32  src.cpcv.pipeline  INFO    Preprocessing: 18 features selected, train=518 + cal=130, test=288
20:51:32  src.cpcv.tuning  INFO  Tuning (1 model) — Optuna TPE + Purged K-Fold (inner: 3 folds, embargo=10 obs)
20:51:32  src.cpcv.tuning  INFO    [tuning] logistic: 3 purged K-fold splits, 30 Optuna trials (TPE)
20:51:33  src.cpcv.tuning  INFO      logistic: 20 completed, 10 pruned (of 30 total) — best log_loss=0.6889, params={'C': 0.06489800003437514, 'penalty': 'l1'}
20:51:33  src.cpcv.tuning  INFO    [tuning] logistic done in 0.5s — best log_loss=0.6889
20:51:33  src.cpcv.tuning  INFO  Tuning total: 0.5s
20:51:33  src.cpcv.pipeline  INFO      applied logistic: {'C': 0.06489800003437514, 'penalty': 'l1'}
20:51:33  src.cpcv.pipeline  INFO    [ 58/84]             logistic (seed=0) F1=0.509  AUC=0.524  LL=0.6966 (0.0s)
20:51:33  src.cpcv.pipeline  INFO    [ 59/84]             logistic (seed=1) F1=0.509  AUC=0.524  LL=0.6966 (0.0s)
20:51:33  src.cpcv.pipeline  INFO    [ 60/84]             logistic (seed=2) F1=0.509  AUC=0.524  LL=0.6966 (0.0s)
20:51:33  src.cpcv.preprocessing  INFO  Computing MDA (Random Forest)...
20:52:06  src.cpcv.preprocessing  INFO  Computing MDA (Logistic Regression)...
20:52:07  src.cpcv.preprocessing  INFO  Multi-model MDA: 32/62 passed (MDA > 0), 30 eliminated
20:52:07  src.cpcv.preprocessing  INFO    Capped at 18 features (top_k_frac=0.3)
20:52:07  src.cpcv.preprocessing  INFO    Selected (18): ['bb_width', 'chaikin_osc', 'copper_ret_30', 'eth_btc_ratio', 'exchange_supply_pct', 'fee_per_tx', 'gold_ret_30', 'jarque_bera', 'log_returns_lag14', 'log_returns_lag3', 'macd_hist', 'net_exchange_flow', 'oil_ret_30', 'roc_14', 'silver_ret_30', 'skewness', 'tx_count_roc_14', 'vol_term_7_30']
20:52:07  src.cpcv.pipeline  INFO    Preprocessing: 18 features selected, train=519 + cal=130, test=288
20:52:07  src.cpcv.tuning  INFO  Tuning (1 model) — Optuna TPE + Purged K-Fold (inner: 3 folds, embargo=10 obs)
20:52:07  src.cpcv.tuning  INFO    [tuning] logistic: 3 purged K-fold splits, 30 Optuna trials (TPE)
20:52:07  src.cpcv.tuning  INFO      logistic: 19 completed, 11 pruned (of 30 total) — best log_loss=0.6881, params={'C': 0.008394442225711854, 'penalty': 'l2'}
20:52:07  src.cpcv.tuning  INFO    [tuning] logistic done in 0.6s — best log_loss=0.6881
20:52:07  src.cpcv.tuning  INFO  Tuning total: 0.6s
20:52:07  src.cpcv.pipeline  INFO      applied logistic: {'C': 0.008394442225711854, 'penalty': 'l2'}
20:52:07  src.cpcv.pipeline  INFO    [ 61/84]             logistic (seed=0) F1=0.446  AUC=0.419  LL=0.8717 (0.0s)
20:52:07  src.cpcv.pipeline  INFO    [ 62/84]             logistic (seed=1) F1=0.446  AUC=0.419  LL=0.8717 (0.0s)
20:52:07  src.cpcv.pipeline  INFO    [ 63/84]             logistic (seed=2) F1=0.446  AUC=0.419  LL=0.8717 (0.0s)
20:52:08  src.cpcv.preprocessing  INFO  Computing MDA (Random Forest)...
20:52:40  src.cpcv.preprocessing  INFO  Computing MDA (Logistic Regression)...
20:52:41  src.cpcv.preprocessing  INFO  Multi-model MDA: 33/62 passed (MDA > 0), 29 eliminated
20:52:41  src.cpcv.preprocessing  INFO    Capped at 18 features (top_k_frac=0.3)
20:52:41  src.cpcv.preprocessing  INFO    Selected (18): ['bb_width', 'cci_14', 'ema_ratio_20_50', 'eth_btc_ratio', 'exchange_supply_pct', 'fee_per_tx', 'gk_vol', 'hurst', 'log_returns_lag1', 'roc_14', 'shannon_entropy', 'silver_ret_30', 'smt_poly1', 'sp500_ret_30', 'tx_count_roc_14', 'us10y', 'vol_term_30_90', 'yz_vol']
20:52:41  src.cpcv.pipeline  INFO    Preprocessing: 18 features selected, train=520 + cal=131, test=295
20:52:41  src.cpcv.tuning  INFO  Tuning (1 model) — Optuna TPE + Purged K-Fold (inner: 3 folds, embargo=10 obs)
20:52:41  src.cpcv.tuning  INFO    [tuning] logistic: 3 purged K-fold splits, 30 Optuna trials (TPE)
20:52:42  src.cpcv.tuning  INFO      logistic: 22 completed, 8 pruned (of 30 total) — best log_loss=0.6899, params={'C': 0.003409264942037956, 'penalty': 'l2'}
20:52:42  src.cpcv.tuning  INFO    [tuning] logistic done in 0.6s — best log_loss=0.6899
20:52:42  src.cpcv.tuning  INFO  Tuning total: 0.6s
20:52:42  src.cpcv.pipeline  INFO      applied logistic: {'C': 0.003409264942037956, 'penalty': 'l2'}
20:52:42  src.cpcv.pipeline  INFO    [ 64/84]             logistic (seed=0) F1=0.360  AUC=0.523  LL=0.6849 (0.0s)
20:52:42  src.cpcv.pipeline  INFO    [ 65/84]             logistic (seed=1) F1=0.360  AUC=0.523  LL=0.6849 (0.0s)
20:52:42  src.cpcv.pipeline  INFO    [ 66/84]             logistic (seed=2) F1=0.360  AUC=0.523  LL=0.6849 (0.0s)
20:52:42  src.cpcv.preprocessing  INFO  Computing MDA (Random Forest)...
20:53:15  src.cpcv.preprocessing  INFO  Computing MDA (Logistic Regression)...
20:53:17  src.cpcv.preprocessing  INFO  Multi-model MDA: 31/62 passed (MDA > 0), 31 eliminated
20:53:17  src.cpcv.preprocessing  INFO    Capped at 18 features (top_k_frac=0.3)
20:53:17  src.cpcv.preprocessing  INFO    Selected (18): ['active_addr_roc_14', 'atr', 'cci_14', 'ema_ratio_20_50', 'exchange_supply_pct', 'kurtosis', 'log_returns_lag7', 'lz_complexity', 'macd', 'macd_hist', 'mvrv', 'nasdaq_ret_30', 'natgas_ret_30', 'negentropy', 'roc_14', 'rsi', 'skewness', 'us2y']
20:53:17  src.cpcv.pipeline  INFO    Preprocessing: 18 features selected, train=528 + cal=133, test=288
20:53:17  src.cpcv.tuning  INFO  Tuning (1 model) — Optuna TPE + Purged K-Fold (inner: 3 folds, embargo=10 obs)
20:53:17  src.cpcv.tuning  INFO    [tuning] logistic: 3 purged K-fold splits, 30 Optuna trials (TPE)
20:53:17  src.cpcv.tuning  INFO      logistic: 21 completed, 9 pruned (of 30 total) — best log_loss=0.6874, params={'C': 0.12173252504194051, 'penalty': 'l1'}
20:53:17  src.cpcv.tuning  INFO    [tuning] logistic done in 0.5s — best log_loss=0.6874
20:53:17  src.cpcv.tuning  INFO  Tuning total: 0.5s
20:53:17  src.cpcv.pipeline  INFO      applied logistic: {'C': 0.12173252504194051, 'penalty': 'l1'}
20:53:17  src.cpcv.pipeline  INFO    [ 67/84]             logistic (seed=0) F1=0.356  AUC=0.463  LL=0.6885 (0.0s)
20:53:17  src.cpcv.pipeline  INFO    [ 68/84]             logistic (seed=1) F1=0.356  AUC=0.463  LL=0.6885 (0.0s)
20:53:17  src.cpcv.pipeline  INFO    [ 69/84]             logistic (seed=2) F1=0.356  AUC=0.463  LL=0.6885 (0.0s)
20:53:17  src.cpcv.preprocessing  INFO  Computing MDA (Random Forest)...
20:53:49  src.cpcv.preprocessing  INFO  Computing MDA (Logistic Regression)...
20:53:50  src.cpcv.preprocessing  INFO  Multi-model MDA: 40/62 passed (MDA > 0), 22 eliminated
20:53:50  src.cpcv.preprocessing  INFO    Capped at 18 features (top_k_frac=0.3)
20:53:50  src.cpcv.preprocessing  INFO    Selected (18): ['eth_btc_ratio', 'gk_vol', 'hurst', 'kurtosis', 'macd', 'nasdaq_ret_30', 'oil_ret_30', 'roc_14', 'rsi', 'sadf', 'silver_ret_30', 'skewness', 'smt_exp', 'vix', 'vwma_ratio_20_50', 'williams_r', 'yield_curve_10y30y', 'yz_vol']
20:53:50  src.cpcv.pipeline  INFO    Preprocessing: 18 features selected, train=519 + cal=130, test=288
20:53:50  src.cpcv.tuning  INFO  Tuning (1 model) — Optuna TPE + Purged K-Fold (inner: 3 folds, embargo=10 obs)
20:53:50  src.cpcv.tuning  INFO    [tuning] logistic: 3 purged K-fold splits, 30 Optuna trials (TPE)
20:53:51  src.cpcv.tuning  INFO      logistic: 19 completed, 11 pruned (of 30 total) — best log_loss=0.6831, params={'C': 0.030308385244152494, 'penalty': 'l2'}
20:53:51  src.cpcv.tuning  INFO    [tuning] logistic done in 0.6s — best log_loss=0.6831
20:53:51  src.cpcv.tuning  INFO  Tuning total: 0.6s
20:53:51  src.cpcv.pipeline  INFO      applied logistic: {'C': 0.030308385244152494, 'penalty': 'l2'}
20:53:51  src.cpcv.pipeline  INFO    [ 70/84]             logistic (seed=0) F1=0.520  AUC=0.554  LL=0.6825 (0.0s)
20:53:51  src.cpcv.pipeline  INFO    [ 71/84]             logistic (seed=1) F1=0.520  AUC=0.554  LL=0.6825 (0.0s)
20:53:51  src.cpcv.pipeline  INFO    [ 72/84]             logistic (seed=2) F1=0.520  AUC=0.554  LL=0.6825 (0.0s)
20:53:51  src.cpcv.preprocessing  INFO  Computing MDA (Random Forest)...
20:54:24  src.cpcv.preprocessing  INFO  Computing MDA (Logistic Regression)...
20:54:25  src.cpcv.preprocessing  INFO  Multi-model MDA: 18/62 passed (MDA > 0), 44 eliminated
20:54:25  src.cpcv.preprocessing  INFO    Selected (18): ['active_addr_roc_14', 'dxy_roc_30', 'eth_btc_ratio', 'exchange_supply_pct', 'hurst', 'kurtosis', 'log_returns_lag3', 'lz_complexity', 'macd_signal', 'nasdaq_ret_30', 'sadf', 'skewness', 'smt_poly1', 'tx_count_roc_14', 'us2y', 'vol_term_30_90', 'williams_r', 'yz_vol']
20:54:25  src.cpcv.pipeline  INFO    Preprocessing: 18 features selected, train=520 + cal=131, test=295
20:54:25  src.cpcv.tuning  INFO  Tuning (1 model) — Optuna TPE + Purged K-Fold (inner: 3 folds, embargo=10 obs)
20:54:25  src.cpcv.tuning  INFO    [tuning] logistic: 3 purged K-fold splits, 30 Optuna trials (TPE)
20:54:26  src.cpcv.tuning  INFO      logistic: 25 completed, 5 pruned (of 30 total) — best log_loss=0.6931, params={'C': 0.017670169402947963, 'penalty': 'l1'}
20:54:26  src.cpcv.tuning  INFO    [tuning] logistic done in 0.5s — best log_loss=0.6931
20:54:26  src.cpcv.tuning  INFO  Tuning total: 0.5s
20:54:26  src.cpcv.pipeline  INFO      applied logistic: {'C': 0.017670169402947963, 'penalty': 'l1'}
20:54:26  src.cpcv.pipeline  INFO    [ 73/84]             logistic (seed=0) F1=0.366  AUC=0.500  LL=0.6850 (0.0s)
20:54:26  src.cpcv.pipeline  INFO    [ 74/84]             logistic (seed=1) F1=0.366  AUC=0.500  LL=0.6850 (0.0s)
20:54:26  src.cpcv.pipeline  INFO    [ 75/84]             logistic (seed=2) F1=0.366  AUC=0.500  LL=0.6850 (0.0s)
20:54:26  src.cpcv.preprocessing  INFO  Computing MDA (Random Forest)...
20:54:58  src.cpcv.preprocessing  INFO  Computing MDA (Logistic Regression)...
20:54:59  src.cpcv.preprocessing  INFO  Multi-model MDA: 41/62 passed (MDA > 0), 21 eliminated
20:54:59  src.cpcv.preprocessing  INFO    Capped at 18 features (top_k_frac=0.3)
20:54:59  src.cpcv.preprocessing  INFO    Selected (18): ['active_addr_roc_14', 'eth_btc_ratio', 'exchange_supply_pct', 'kurtosis', 'log_returns', 'log_returns_lag14', 'macd', 'mfi_14', 'mvrv', 'negentropy', 'roc_14', 'silver_ret_30', 'smt_exp', 'smt_poly1', 'tx_count_roc_14', 'vix', 'vwma_ratio_20_50', 'yz_vol']
20:54:59  src.cpcv.pipeline  INFO    Preprocessing: 18 features selected, train=527 + cal=132, test=288
20:54:59  src.cpcv.tuning  INFO  Tuning (1 model) — Optuna TPE + Purged K-Fold (inner: 3 folds, embargo=10 obs)
20:54:59  src.cpcv.tuning  INFO    [tuning] logistic: 3 purged K-fold splits, 30 Optuna trials (TPE)
20:55:00  src.cpcv.tuning  INFO      logistic: 13 completed, 17 pruned (of 30 total) — best log_loss=0.6922, params={'C': 0.054502936945582565, 'penalty': 'l1'}
20:55:00  src.cpcv.tuning  INFO    [tuning] logistic done in 0.6s — best log_loss=0.6922
20:55:00  src.cpcv.tuning  INFO  Tuning total: 0.6s
20:55:00  src.cpcv.pipeline  INFO      applied logistic: {'C': 0.054502936945582565, 'penalty': 'l1'}
20:55:00  src.cpcv.pipeline  INFO    [ 76/84]             logistic (seed=0) F1=0.502  AUC=0.486  LL=0.7131 (0.0s)
20:55:00  src.cpcv.pipeline  INFO    [ 77/84]             logistic (seed=1) F1=0.502  AUC=0.486  LL=0.7131 (0.0s)
20:55:00  src.cpcv.pipeline  INFO    [ 78/84]             logistic (seed=2) F1=0.502  AUC=0.486  LL=0.7131 (0.0s)
20:55:00  src.cpcv.preprocessing  INFO  Computing MDA (Random Forest)...
20:55:32  src.cpcv.preprocessing  INFO  Computing MDA (Logistic Regression)...
20:55:33  src.cpcv.preprocessing  INFO  Multi-model MDA: 32/62 passed (MDA > 0), 30 eliminated
20:55:33  src.cpcv.preprocessing  INFO    Capped at 18 features (top_k_frac=0.3)
20:55:33  src.cpcv.preprocessing  INFO    Selected (18): ['atr', 'bb_width', 'eth_btc_ratio', 'exchange_supply_pct', 'hashrate_roc_30', 'log_returns_lag1', 'log_returns_lag14', 'log_returns_lag3', 'lz_complexity', 'mfi_14', 'natgas_ret_30', 'skewness', 'us10y', 'us2y', 'vix', 'yield_curve_10y30y', 'yield_curve_2y10y', 'yz_vol']
20:55:33  src.cpcv.pipeline  INFO    Preprocessing: 18 features selected, train=519 + cal=130, test=295
20:55:33  src.cpcv.tuning  INFO  Tuning (1 model) — Optuna TPE + Purged K-Fold (inner: 3 folds, embargo=10 obs)
20:55:33  src.cpcv.tuning  INFO    [tuning] logistic: 3 purged K-fold splits, 30 Optuna trials (TPE)
20:55:33  src.cpcv.tuning  INFO      logistic: 19 completed, 11 pruned (of 30 total) — best log_loss=0.6731, params={'C': 0.15517874583611974, 'penalty': 'l1'}
20:55:33  src.cpcv.tuning  INFO    [tuning] logistic done in 0.7s — best log_loss=0.6731
20:55:33  src.cpcv.tuning  INFO  Tuning total: 0.7s
20:55:33  src.cpcv.pipeline  INFO      applied logistic: {'C': 0.15517874583611974, 'penalty': 'l1'}
20:55:33  src.cpcv.pipeline  INFO    [ 79/84]             logistic (seed=0) F1=0.397  AUC=0.517  LL=0.6898 (0.0s)
20:55:33  src.cpcv.pipeline  INFO    [ 80/84]             logistic (seed=1) F1=0.397  AUC=0.517  LL=0.6898 (0.0s)
20:55:33  src.cpcv.pipeline  INFO    [ 81/84]             logistic (seed=2) F1=0.397  AUC=0.517  LL=0.6898 (0.0s)
20:55:34  src.cpcv.preprocessing  INFO  Computing MDA (Random Forest)...
20:56:06  src.cpcv.preprocessing  INFO  Computing MDA (Logistic Regression)...
20:56:07  src.cpcv.preprocessing  INFO  Multi-model MDA: 13/62 passed (MDA > 0), 49 eliminated
20:56:07  src.cpcv.preprocessing  INFO    Selected (13): ['chaikin_osc', 'eth_btc_ratio', 'exchange_supply_pct', 'gk_vol', 'kurtosis', 'log_returns', 'nasdaq_ret_30', 'realized_vol', 'roc_14', 'smt_exp', 'smt_poly1', 'sp500_ret_30', 'us10y']
20:56:07  src.cpcv.pipeline  INFO    Preprocessing: 13 features selected, train=531 + cal=133, test=295
20:56:07  src.cpcv.tuning  INFO  Tuning (1 model) — Optuna TPE + Purged K-Fold (inner: 3 folds, embargo=10 obs)
20:56:07  src.cpcv.tuning  INFO    [tuning] logistic: 3 purged K-fold splits, 30 Optuna trials (TPE)
20:56:08  src.cpcv.tuning  INFO      logistic: 22 completed, 8 pruned (of 30 total) — best log_loss=0.6853, params={'C': 0.08791634582014668, 'penalty': 'l1'}
20:56:08  src.cpcv.tuning  INFO    [tuning] logistic done in 0.5s — best log_loss=0.6853
20:56:08  src.cpcv.tuning  INFO  Tuning total: 0.5s
20:56:08  src.cpcv.pipeline  INFO      applied logistic: {'C': 0.08791634582014668, 'penalty': 'l1'}
20:56:08  src.cpcv.pipeline  INFO    [ 82/84]             logistic (seed=0) F1=0.304  AUC=0.482  LL=0.9062 (0.0s)
20:56:08  src.cpcv.pipeline  INFO    [ 83/84]             logistic (seed=1) F1=0.304  AUC=0.482  LL=0.9061 (0.0s)
20:56:08  src.cpcv.pipeline  INFO    [ 84/84]             logistic (seed=2) F1=0.304  AUC=0.482  LL=0.9061 (0.0s)
20:56:08  src.cpcv.pipeline  INFO  ============================================================
20:56:08  src.cpcv.pipeline  INFO  CPCV Pipeline Complete
20:56:08  src.cpcv.pipeline  INFO  ============================================================
20:56:08  src.cpcv.pipeline  INFO    Total time:     991.0s (16.5m)
20:56:08  src.cpcv.pipeline  INFO    Tasks:          84 succeeded, 0 failed
20:56:08  src.cpcv.pipeline  INFO    Results keys:   84 (model, split, seed) entries
20:56:08  src.cpcv.pipeline  INFO    Backtest paths: 7
20:56:08  src.cpcv.pipeline  INFO    Tuning:         nested (per-split), 28 splits tuned, models=['logistic']
20:56:08  src.cpcv.pipeline  INFO  ============================================================
20:56:08  src.cpcv.pipeline  INFO  ============================================================
20:56:08  src.cpcv.pipeline  INFO  CPCV Pipeline
20:56:08  src.cpcv.pipeline  INFO  ============================================================
20:56:08  src.cpcv.pipeline  INFO    Models:         ['random_forest', 'xgboost']
20:56:08  src.cpcv.pipeline  INFO    Seeds/fold:     3
20:56:08  src.cpcv.pipeline  INFO    Groups (N):     8
20:56:08  src.cpcv.pipeline  INFO    Test groups (k):2
20:56:08  src.cpcv.pipeline  INFO    Embargo:        1.0%
20:56:08  src.cpcv.pipeline  INFO    FFD columns:    ['atr']
20:56:08  src.cpcv.pipeline  INFO    Samples:        1159
20:56:08  src.cpcv.pipeline  INFO    Features:       62
20:56:08  src.cpcv.pipeline  INFO    Splits:         28, Paths: 7
20:56:08  src.cpcv.pipeline  INFO    Tuning:         NESTED (per-split) — ['random_forest', 'xgboost'] [30 trials]
20:56:08  src.cpcv.pipeline  INFO  ============================================================
20:56:09  src.cpcv.preprocessing  INFO  Computing MDA (Random Forest)...
20:56:44  src.cpcv.preprocessing  INFO  Computing MDA (Logistic Regression)...
20:56:45  src.cpcv.preprocessing  INFO  Multi-model MDA: 16/62 passed (MDA > 0), 46 eliminated
20:56:45  src.cpcv.preprocessing  INFO    Selected (16): ['chaikin_osc', 'dxy_roc_30', 'exchange_supply_pct', 'gk_vol', 'jarque_bera', 'log_returns', 'log_returns_lag1', 'log_returns_lag7', 'roc_14', 'silver_ret_30', 'stoch_d', 'us10y', 'us2y', 'variance_ratio', 'vol_term_7_30', 'yield_curve_10y30y']
20:56:45  src.cpcv.pipeline  INFO    Preprocessing: 16 features selected, train=688 + cal=172, test=89
20:56:45  src.cpcv.tuning  INFO  Tuning (2 models) — Optuna TPE + Purged K-Fold (inner: 3 folds, embargo=10 obs)
20:56:45  src.cpcv.tuning  INFO    [tuning] random_forest: 3 purged K-fold splits, 30 Optuna trials (TPE)
20:57:41  src.cpcv.tuning  INFO      random_forest: 20 completed, 10 pruned (of 30 total) — best log_loss=0.7012, params={'n_estimators': 200, 'max_depth': 2, 'min_samples_leaf': 16, 'max_features': 'log2'}
20:57:41  src.cpcv.tuning  INFO    [tuning] random_forest done in 55.3s — best log_loss=0.7012
20:57:41  src.cpcv.tuning  INFO    [tuning] xgboost: 3 purged K-fold splits, 30 Optuna trials (TPE)
20:57:46  src.cpcv.tuning  INFO      xgboost: 23 completed, 7 pruned (of 30 total) — best log_loss=0.6869, params={'max_depth': 2, 'learning_rate': 0.14447746112718687, 'min_child_weight': 10, 'subsample': 0.8056937753654446, 'colsample_bytree': 0.836965827544817, 'gamma': 2.3528990899815284e-08, 'reg_alpha': 0.0029369981104377003, 'reg_lambda': 3.425445902633376e-07}
20:57:46  src.cpcv.tuning  INFO    [tuning] xgboost done in 5.1s — best log_loss=0.6869
20:57:46  src.cpcv.tuning  INFO  Tuning total: 60.3s
20:57:46  src.cpcv.pipeline  INFO      applied random_forest: {'n_estimators': 200, 'max_depth': 2, 'min_samples_leaf': 16, 'max_features': 'log2'}
20:57:46  src.cpcv.pipeline  INFO      applied xgboost: {'max_depth': 2, 'learning_rate': 0.14447746112718687, 'min_child_weight': 10, 'subsample': 0.8056937753654446, 'colsample_bytree': 0.836965827544817, 'gamma': 2.3528990899815284e-08, 'reg_alpha': 0.0029369981104377003, 'reg_lambda': 3.425445902633376e-07}
20:57:46  src.cpcv.models.tree_models  INFO  RandomForest fitted: 688 samples, 16 features, 200 trees.
20:57:47  src.cpcv.pipeline  INFO    [  1/168]        random_forest (seed=0) F1=0.399  AUC=0.554  LL=0.6470 (0.8s)
20:57:47  src.cpcv.models.tree_models  INFO  RandomForest fitted: 688 samples, 16 features, 200 trees.
20:57:47  src.cpcv.pipeline  INFO    [  2/168]        random_forest (seed=1) F1=0.399  AUC=0.547  LL=0.6510 (0.9s)
20:57:48  src.cpcv.models.tree_models  INFO  RandomForest fitted: 688 samples, 16 features, 200 trees.
20:57:48  src.cpcv.pipeline  INFO    [  3/168]        random_forest (seed=2) F1=0.399  AUC=0.541  LL=0.6430 (0.8s)
20:57:48  src.cpcv.models.tree_models  INFO  XGBoost fitted: 688 samples, early stopped at iteration 12/300.
20:57:48  src.cpcv.pipeline  INFO    [  4/168]              xgboost (seed=0) F1=0.399  AUC=0.519  LL=0.6437 (0.1s)
20:57:48  src.cpcv.models.tree_models  INFO  XGBoost fitted: 688 samples, early stopped at iteration 2/300.
20:57:48  src.cpcv.pipeline  INFO    [  5/168]              xgboost (seed=1) F1=0.620  AUC=0.586  LL=0.6322 (0.1s)
20:57:48  src.cpcv.models.tree_models  INFO  XGBoost fitted: 688 samples, early stopped at iteration 1/300.
20:57:48  src.cpcv.pipeline  INFO    [  6/168]              xgboost (seed=2) F1=0.399  AUC=0.429  LL=0.6795 (0.1s)
20:57:49  src.cpcv.preprocessing  INFO  Computing MDA (Random Forest)...
20:58:25  src.cpcv.preprocessing  INFO  Computing MDA (Logistic Regression)...
20:58:26  src.cpcv.preprocessing  INFO  Multi-model MDA: 49/62 passed (MDA > 0), 13 eliminated
20:58:26  src.cpcv.preprocessing  INFO    Capped at 18 features (top_k_frac=0.3)
20:58:26  src.cpcv.preprocessing  INFO    Selected (18): ['atr', 'bb_width', 'dxy_roc_30', 'ema_ratio_50_200', 'issuance_ntv', 'log_returns', 'macd_hist', 'nasdaq_ret_30', 'oil_ret_30', 'realized_vol', 'shannon_entropy', 'skewness', 'smt_exp', 'smt_poly1', 'stoch_d', 'tx_count_roc_14', 'us2y', 'yield_curve_2y10y']
20:58:26  src.cpcv.pipeline  INFO    Preprocessing: 18 features selected, train=643 + cal=161, test=144
20:58:26  src.cpcv.tuning  INFO  Tuning (2 models) — Optuna TPE + Purged K-Fold (inner: 3 folds, embargo=10 obs)
20:58:26  src.cpcv.tuning  INFO    [tuning] random_forest: 3 purged K-fold splits, 30 Optuna trials (TPE)
20:59:12  src.cpcv.tuning  INFO      random_forest: 15 completed, 15 pruned (of 30 total) — best log_loss=0.7047, params={'n_estimators': 100, 'max_depth': 2, 'min_samples_leaf': 17, 'max_features': 'log2'}
20:59:12  src.cpcv.tuning  INFO    [tuning] random_forest done in 45.9s — best log_loss=0.7047
20:59:12  src.cpcv.tuning  INFO    [tuning] xgboost: 3 purged K-fold splits, 30 Optuna trials (TPE)
20:59:16  src.cpcv.tuning  INFO      xgboost: 15 completed, 15 pruned (of 30 total) — best log_loss=0.6876, params={'max_depth': 1, 'learning_rate': 0.18073809936134494, 'min_child_weight': 15, 'subsample': 0.6420990979753988, 'colsample_bytree': 0.608125982364071, 'gamma': 0.02366152235555977, 'reg_alpha': 1.0773211985551843e-07, 'reg_lambda': 4.962149723840253e-05}
20:59:16  src.cpcv.tuning  INFO    [tuning] xgboost done in 3.9s — best log_loss=0.6876
20:59:16  src.cpcv.tuning  INFO  Tuning total: 49.8s
20:59:16  src.cpcv.pipeline  INFO      applied random_forest: {'n_estimators': 100, 'max_depth': 2, 'min_samples_leaf': 17, 'max_features': 'log2'}
20:59:16  src.cpcv.pipeline  INFO      applied xgboost: {'max_depth': 1, 'learning_rate': 0.18073809936134494, 'min_child_weight': 15, 'subsample': 0.6420990979753988, 'colsample_bytree': 0.608125982364071, 'gamma': 0.02366152235555977, 'reg_alpha': 1.0773211985551843e-07, 'reg_lambda': 4.962149723840253e-05}
20:59:16  src.cpcv.models.tree_models  INFO  RandomForest fitted: 643 samples, 18 features, 100 trees.
20:59:16  src.cpcv.pipeline  INFO    [  7/168]        random_forest (seed=0) F1=0.304  AUC=0.452  LL=0.8105 (0.5s)
20:59:17  src.cpcv.models.tree_models  INFO  RandomForest fitted: 643 samples, 18 features, 100 trees.
20:59:17  src.cpcv.pipeline  INFO    [  8/168]        random_forest (seed=1) F1=0.311  AUC=0.470  LL=0.7338 (0.4s)
20:59:17  src.cpcv.models.tree_models  INFO  RandomForest fitted: 643 samples, 18 features, 100 trees.
20:59:17  src.cpcv.pipeline  INFO    [  9/168]        random_forest (seed=2) F1=0.339  AUC=0.461  LL=0.7511 (0.4s)
20:59:17  src.cpcv.models.tree_models  INFO  XGBoost fitted: 643 samples, early stopped at iteration 1/300.
20:59:17  src.cpcv.pipeline  INFO    [ 10/168]              xgboost (seed=0) F1=0.450  AUC=0.443  LL=0.7798 (0.0s)
20:59:17  src.cpcv.models.tree_models  INFO  XGBoost fitted: 643 samples, early stopped at iteration 31/300.
20:59:17  src.cpcv.pipeline  INFO    [ 11/168]              xgboost (seed=1) F1=0.432  AUC=0.419  LL=0.7867 (0.1s)
20:59:17  src.cpcv.models.tree_models  INFO  XGBoost fitted: 643 samples, early stopped at iteration 11/300.
20:59:17  src.cpcv.pipeline  INFO    [ 12/168]              xgboost (seed=2) F1=0.345  AUC=0.483  LL=0.7751 (0.1s)
20:59:18  src.cpcv.preprocessing  INFO  Computing MDA (Random Forest)...
20:59:55  src.cpcv.preprocessing  INFO  Computing MDA (Logistic Regression)...
20:59:56  src.cpcv.preprocessing  WARNING  Only 3 features with MDA > 0. Taking top 5 by MDA value.
20:59:56  src.cpcv.preprocessing  INFO  Multi-model MDA: 3/62 passed (MDA > 0), 59 eliminated
20:59:56  src.cpcv.preprocessing  INFO    Selected (5): ['jarque_bera', 'log_returns_lag1', 'oil_ret_30', 'roc_14', 'stoch_d']
20:59:56  src.cpcv.pipeline  INFO    Preprocessing: 5 features selected, train=644 + cal=161, test=144
20:59:56  src.cpcv.tuning  INFO  Tuning (2 models) — Optuna TPE + Purged K-Fold (inner: 3 folds, embargo=10 obs)
20:59:56  src.cpcv.tuning  INFO    [tuning] random_forest: 3 purged K-fold splits, 30 Optuna trials (TPE)
21:00:52  src.cpcv.tuning  INFO      random_forest: 17 completed, 13 pruned (of 30 total) — best log_loss=0.6994, params={'n_estimators': 200, 'max_depth': 2, 'min_samples_leaf': 18, 'max_features': 'log2'}
21:00:52  src.cpcv.tuning  INFO    [tuning] random_forest done in 55.5s — best log_loss=0.6994
21:00:52  src.cpcv.tuning  INFO    [tuning] xgboost: 3 purged K-fold splits, 30 Optuna trials (TPE)
21:00:55  src.cpcv.tuning  INFO      xgboost: 11 completed, 19 pruned (of 30 total) — best log_loss=0.6896, params={'max_depth': 2, 'learning_rate': 0.11917291932037626, 'min_child_weight': 8, 'subsample': 0.8984712502090799, 'colsample_bytree': 0.7478530490567594, 'gamma': 8.011766282232821e-08, 'reg_alpha': 0.009052510948714442, 'reg_lambda': 5.559690078008033e-07}
21:00:55  src.cpcv.tuning  INFO    [tuning] xgboost done in 3.3s — best log_loss=0.6896
21:00:55  src.cpcv.tuning  INFO  Tuning total: 58.8s
21:00:55  src.cpcv.pipeline  INFO      applied random_forest: {'n_estimators': 200, 'max_depth': 2, 'min_samples_leaf': 18, 'max_features': 'log2'}
21:00:55  src.cpcv.pipeline  INFO      applied xgboost: {'max_depth': 2, 'learning_rate': 0.11917291932037626, 'min_child_weight': 8, 'subsample': 0.8984712502090799, 'colsample_bytree': 0.7478530490567594, 'gamma': 8.011766282232821e-08, 'reg_alpha': 0.009052510948714442, 'reg_lambda': 5.559690078008033e-07}
21:00:56  src.cpcv.models.tree_models  INFO  RandomForest fitted: 644 samples, 5 features, 200 trees.
21:00:56  src.cpcv.pipeline  INFO    [ 13/168]        random_forest (seed=0) F1=0.393  AUC=0.404  LL=0.7297 (0.9s)
21:00:57  src.cpcv.models.tree_models  INFO  RandomForest fitted: 644 samples, 5 features, 200 trees.
21:00:57  src.cpcv.pipeline  INFO    [ 14/168]        random_forest (seed=1) F1=0.373  AUC=0.382  LL=0.7318 (0.9s)
21:00:58  src.cpcv.models.tree_models  INFO  RandomForest fitted: 644 samples, 5 features, 200 trees.
21:00:58  src.cpcv.pipeline  INFO    [ 15/168]        random_forest (seed=2) F1=0.392  AUC=0.393  LL=0.7366 (0.8s)
21:00:58  src.cpcv.models.tree_models  INFO  XGBoost fitted: 644 samples, early stopped at iteration 24/300.
21:00:58  src.cpcv.pipeline  INFO    [ 16/168]              xgboost (seed=0) F1=0.383  AUC=0.372  LL=0.7754 (0.1s)
21:00:58  src.cpcv.models.tree_models  INFO  XGBoost fitted: 644 samples, early stopped at iteration 15/300.
21:00:58  src.cpcv.pipeline  INFO    [ 17/168]              xgboost (seed=1) F1=0.378  AUC=0.391  LL=0.7779 (0.1s)
21:00:58  src.cpcv.models.tree_models  INFO  XGBoost fitted: 644 samples, early stopped at iteration 30/300.
21:00:58  src.cpcv.pipeline  INFO    [ 18/168]              xgboost (seed=2) F1=0.403  AUC=0.403  LL=0.7796 (0.1s)
21:00:58  src.cpcv.preprocessing  INFO  Computing MDA (Random Forest)...
21:01:35  src.cpcv.preprocessing  INFO  Computing MDA (Logistic Regression)...
21:01:36  src.cpcv.preprocessing  INFO  Multi-model MDA: 36/62 passed (MDA > 0), 26 eliminated
21:01:36  src.cpcv.preprocessing  INFO    Capped at 18 features (top_k_frac=0.3)
21:01:36  src.cpcv.preprocessing  INFO    Selected (18): ['active_addr_roc_14', 'atr', 'bb_width', 'dxy_roc_30', 'jarque_bera', 'log_returns_lag2', 'log_returns_lag30', 'macd_hist', 'mvrv', 'net_exchange_flow', 'obv', 'oil_ret_30', 'sadf', 'smt_exp', 'sp500_ret_30', 'stoch_d', 'vix', 'yield_curve_10y30y']
21:01:36  src.cpcv.pipeline  INFO    Preprocessing: 18 features selected, train=644 + cal=161, test=144
21:01:36  src.cpcv.tuning  INFO  Tuning (2 models) — Optuna TPE + Purged K-Fold (inner: 3 folds, embargo=10 obs)
21:01:36  src.cpcv.tuning  INFO    [tuning] random_forest: 3 purged K-fold splits, 30 Optuna trials (TPE)
21:02:32  src.cpcv.tuning  INFO      random_forest: 22 completed, 8 pruned (of 30 total) — best log_loss=0.6981, params={'n_estimators': 150, 'max_depth': 2, 'min_samples_leaf': 17, 'max_features': 'log2'}
21:02:32  src.cpcv.tuning  INFO    [tuning] random_forest done in 56.2s — best log_loss=0.6981
21:02:32  src.cpcv.tuning  INFO    [tuning] xgboost: 3 purged K-fold splits, 30 Optuna trials (TPE)
21:02:36  src.cpcv.tuning  INFO      xgboost: 20 completed, 10 pruned (of 30 total) — best log_loss=0.6833, params={'max_depth': 2, 'learning_rate': 0.19827917146791513, 'min_child_weight': 30, 'subsample': 0.6000765093059042, 'colsample_bytree': 0.6602569006701084, 'gamma': 3.3414567722522346e-06, 'reg_alpha': 7.245290399613106e-08, 'reg_lambda': 0.0007731600045726094}
21:02:36  src.cpcv.tuning  INFO    [tuning] xgboost done in 3.9s — best log_loss=0.6833
21:02:36  src.cpcv.tuning  INFO  Tuning total: 60.1s
21:02:36  src.cpcv.pipeline  INFO      applied random_forest: {'n_estimators': 150, 'max_depth': 2, 'min_samples_leaf': 17, 'max_features': 'log2'}
21:02:36  src.cpcv.pipeline  INFO      applied xgboost: {'max_depth': 2, 'learning_rate': 0.19827917146791513, 'min_child_weight': 30, 'subsample': 0.6000765093059042, 'colsample_bytree': 0.6602569006701084, 'gamma': 3.3414567722522346e-06, 'reg_alpha': 7.245290399613106e-08, 'reg_lambda': 0.0007731600045726094}
21:02:37  src.cpcv.models.tree_models  INFO  RandomForest fitted: 644 samples, 18 features, 150 trees.
21:02:37  src.cpcv.pipeline  INFO    [ 19/168]        random_forest (seed=0) F1=0.374  AUC=0.495  LL=0.6768 (0.6s)
21:02:37  src.cpcv.models.tree_models  INFO  RandomForest fitted: 644 samples, 18 features, 150 trees.
21:02:37  src.cpcv.pipeline  INFO    [ 20/168]        random_forest (seed=1) F1=0.374  AUC=0.518  LL=0.6763 (0.5s)
21:02:38  src.cpcv.models.tree_models  INFO  RandomForest fitted: 644 samples, 18 features, 150 trees.
21:02:38  src.cpcv.pipeline  INFO    [ 21/168]        random_forest (seed=2) F1=0.374  AUC=0.526  LL=0.6759 (0.5s)
21:02:38  src.cpcv.models.tree_models  INFO  XGBoost fitted: 644 samples, early stopped at iteration 7/300.
21:02:38  src.cpcv.pipeline  INFO    [ 22/168]              xgboost (seed=0) F1=0.385  AUC=0.485  LL=0.6855 (0.1s)
21:02:38  src.cpcv.models.tree_models  INFO  XGBoost fitted: 644 samples, early stopped at iteration 0/300.
21:02:38  src.cpcv.pipeline  INFO    [ 23/168]              xgboost (seed=1) F1=0.374  AUC=0.445  LL=0.6834 (0.1s)
21:02:38  src.cpcv.models.tree_models  INFO  XGBoost fitted: 644 samples, early stopped at iteration 1/300.
21:02:38  src.cpcv.pipeline  INFO    [ 24/168]              xgboost (seed=2) F1=0.374  AUC=0.589  LL=0.6681 (0.1s)
21:02:38  src.cpcv.preprocessing  INFO  Computing MDA (Random Forest)...
21:03:14  src.cpcv.preprocessing  INFO  Computing MDA (Logistic Regression)...
21:03:15  src.cpcv.preprocessing  INFO  Multi-model MDA: 45/62 passed (MDA > 0), 17 eliminated
21:03:15  src.cpcv.preprocessing  INFO    Capped at 18 features (top_k_frac=0.3)
21:03:15  src.cpcv.preprocessing  INFO    Selected (18): ['bb_width', 'eth_btc_ratio', 'exchange_supply_pct', 'jarque_bera', 'kurtosis', 'log_returns', 'log_returns_lag30', 'macd_hist', 'mfi_14', 'mvrv', 'natgas_ret_30', 'obv', 'realized_vol', 'rsi', 'sadf', 'skewness', 'yield_curve_10y30y', 'yz_vol']
21:03:15  src.cpcv.pipeline  INFO    Preprocessing: 18 features selected, train=642 + cal=161, test=144
21:03:15  src.cpcv.tuning  INFO  Tuning (2 models) — Optuna TPE + Purged K-Fold (inner: 3 folds, embargo=10 obs)
21:03:15  src.cpcv.tuning  INFO    [tuning] random_forest: 3 purged K-fold splits, 30 Optuna trials (TPE)
21:04:19  src.cpcv.tuning  INFO      random_forest: 24 completed, 6 pruned (of 30 total) — best log_loss=0.6928, params={'n_estimators': 250, 'max_depth': 2, 'min_samples_leaf': 24, 'max_features': 'log2'}
21:04:19  src.cpcv.tuning  INFO    [tuning] random_forest done in 63.6s — best log_loss=0.6928
21:04:19  src.cpcv.tuning  INFO    [tuning] xgboost: 3 purged K-fold splits, 30 Optuna trials (TPE)
21:04:23  src.cpcv.tuning  INFO      xgboost: 10 completed, 20 pruned (of 30 total) — best log_loss=0.6861, params={'max_depth': 1, 'learning_rate': 0.14743416658105277, 'min_child_weight': 15, 'subsample': 0.7851657112799381, 'colsample_bytree': 0.7064653424270623, 'gamma': 1.318484806804321e-07, 'reg_alpha': 0.541375377807275, 'reg_lambda': 0.010993417108982812}
21:04:23  src.cpcv.tuning  INFO    [tuning] xgboost done in 3.7s — best log_loss=0.6861
21:04:23  src.cpcv.tuning  INFO  Tuning total: 67.3s
21:04:23  src.cpcv.pipeline  INFO      applied random_forest: {'n_estimators': 250, 'max_depth': 2, 'min_samples_leaf': 24, 'max_features': 'log2'}
21:04:23  src.cpcv.pipeline  INFO      applied xgboost: {'max_depth': 1, 'learning_rate': 0.14743416658105277, 'min_child_weight': 15, 'subsample': 0.7851657112799381, 'colsample_bytree': 0.7064653424270623, 'gamma': 1.318484806804321e-07, 'reg_alpha': 0.541375377807275, 'reg_lambda': 0.010993417108982812}
21:04:24  src.cpcv.models.tree_models  INFO  RandomForest fitted: 642 samples, 18 features, 250 trees.
21:04:24  src.cpcv.pipeline  INFO    [ 25/168]        random_forest (seed=0) F1=0.534  AUC=0.583  LL=0.6825 (1.0s)
21:04:25  src.cpcv.models.tree_models  INFO  RandomForest fitted: 642 samples, 18 features, 250 trees.
21:04:25  src.cpcv.pipeline  INFO    [ 26/168]        random_forest (seed=1) F1=0.499  AUC=0.556  LL=0.6887 (1.0s)
21:04:26  src.cpcv.models.tree_models  INFO  RandomForest fitted: 642 samples, 18 features, 250 trees.
21:04:26  src.cpcv.pipeline  INFO    [ 27/168]        random_forest (seed=2) F1=0.493  AUC=0.586  LL=0.6869 (1.1s)
21:04:26  src.cpcv.models.tree_models  INFO  XGBoost fitted: 642 samples, early stopped at iteration 9/300.
21:04:26  src.cpcv.pipeline  INFO    [ 28/168]              xgboost (seed=0) F1=0.524  AUC=0.606  LL=0.6784 (0.1s)
21:04:26  src.cpcv.models.tree_models  INFO  XGBoost fitted: 642 samples, early stopped at iteration 14/300.
21:04:26  src.cpcv.pipeline  INFO    [ 29/168]              xgboost (seed=1) F1=0.592  AUC=0.598  LL=0.6760 (0.1s)
21:04:26  src.cpcv.models.tree_models  INFO  XGBoost fitted: 642 samples, early stopped at iteration 5/300.
21:04:26  src.cpcv.pipeline  INFO    [ 30/168]              xgboost (seed=2) F1=0.510  AUC=0.539  LL=0.6941 (0.1s)
21:04:26  src.cpcv.preprocessing  INFO  Computing MDA (Random Forest)...
21:05:04  src.cpcv.preprocessing  INFO  Computing MDA (Logistic Regression)...
21:05:05  src.cpcv.preprocessing  INFO  Multi-model MDA: 22/62 passed (MDA > 0), 40 eliminated
21:05:05  src.cpcv.preprocessing  INFO    Capped at 18 features (top_k_frac=0.3)
21:05:05  src.cpcv.preprocessing  INFO    Selected (18): ['chaikin_osc', 'dxy_roc_30', 'eth_btc_ratio', 'gold_ret_30', 'hashrate_roc_30', 'jarque_bera', 'kurtosis', 'macd', 'macd_signal', 'net_exchange_flow', 'obv', 'oil_ret_30', 'roc_14', 'shannon_entropy', 'smt_poly1', 'sp500_ret_30', 'stoch_k', 'yield_curve_10y30y']
21:05:05  src.cpcv.pipeline  INFO    Preprocessing: 18 features selected, train=643 + cal=161, test=144
21:05:05  src.cpcv.tuning  INFO  Tuning (2 models) — Optuna TPE + Purged K-Fold (inner: 3 folds, embargo=10 obs)
21:05:05  src.cpcv.tuning  INFO    [tuning] random_forest: 3 purged K-fold splits, 30 Optuna trials (TPE)
21:06:10  src.cpcv.tuning  INFO      random_forest: 29 completed, 1 pruned (of 30 total) — best log_loss=0.6860, params={'n_estimators': 200, 'max_depth': 2, 'min_samples_leaf': 23, 'max_features': 'log2'}
21:06:10  src.cpcv.tuning  INFO    [tuning] random_forest done in 64.4s — best log_loss=0.6860
21:06:10  src.cpcv.tuning  INFO    [tuning] xgboost: 3 purged K-fold splits, 30 Optuna trials (TPE)
21:06:15  src.cpcv.tuning  INFO      xgboost: 19 completed, 11 pruned (of 30 total) — best log_loss=0.6787, params={'max_depth': 1, 'learning_rate': 0.08241997252821873, 'min_child_weight': 6, 'subsample': 0.7421703647090487, 'colsample_bytree': 0.6396385209694045, 'gamma': 0.8468788956055794, 'reg_alpha': 0.1323612490944096, 'reg_lambda': 0.00014269858315696157}
21:06:15  src.cpcv.tuning  INFO    [tuning] xgboost done in 5.2s — best log_loss=0.6787
21:06:15  src.cpcv.tuning  INFO  Tuning total: 69.6s
21:06:15  src.cpcv.pipeline  INFO      applied random_forest: {'n_estimators': 200, 'max_depth': 2, 'min_samples_leaf': 23, 'max_features': 'log2'}
21:06:15  src.cpcv.pipeline  INFO      applied xgboost: {'max_depth': 1, 'learning_rate': 0.08241997252821873, 'min_child_weight': 6, 'subsample': 0.7421703647090487, 'colsample_bytree': 0.6396385209694045, 'gamma': 0.8468788956055794, 'reg_alpha': 0.1323612490944096, 'reg_lambda': 0.00014269858315696157}
21:06:15  src.cpcv.models.tree_models  INFO  RandomForest fitted: 643 samples, 18 features, 200 trees.
21:06:16  src.cpcv.pipeline  INFO    [ 31/168]        random_forest (seed=0) F1=0.512  AUC=0.467  LL=0.6989 (0.8s)
21:06:16  src.cpcv.models.tree_models  INFO  RandomForest fitted: 643 samples, 18 features, 200 trees.
21:06:16  src.cpcv.pipeline  INFO    [ 32/168]        random_forest (seed=1) F1=0.514  AUC=0.491  LL=0.6945 (0.7s)
21:06:17  src.cpcv.models.tree_models  INFO  RandomForest fitted: 643 samples, 18 features, 200 trees.
21:06:17  src.cpcv.pipeline  INFO    [ 33/168]        random_forest (seed=2) F1=0.492  AUC=0.488  LL=0.6972 (0.7s)
21:06:17  src.cpcv.models.tree_models  INFO  XGBoost fitted: 643 samples, early stopped at iteration 13/300.
21:06:17  src.cpcv.pipeline  INFO    [ 34/168]              xgboost (seed=0) F1=0.498  AUC=0.496  LL=0.7259 (0.1s)
21:06:17  src.cpcv.models.tree_models  INFO  XGBoost fitted: 643 samples, early stopped at iteration 2/300.
21:06:17  src.cpcv.pipeline  INFO    [ 35/168]              xgboost (seed=1) F1=0.385  AUC=0.487  LL=0.7143 (0.1s)
21:06:17  src.cpcv.models.tree_models  INFO  XGBoost fitted: 643 samples, early stopped at iteration 11/300.
21:06:17  src.cpcv.pipeline  INFO    [ 36/168]              xgboost (seed=2) F1=0.472  AUC=0.492  LL=0.7121 (0.1s)
21:06:18  src.cpcv.preprocessing  INFO  Computing MDA (Random Forest)...
21:06:55  src.cpcv.preprocessing  INFO  Computing MDA (Logistic Regression)...
21:06:56  src.cpcv.preprocessing  INFO  Multi-model MDA: 29/62 passed (MDA > 0), 33 eliminated
21:06:56  src.cpcv.preprocessing  INFO    Capped at 18 features (top_k_frac=0.3)
21:06:56  src.cpcv.preprocessing  INFO    Selected (18): ['active_addr_roc_14', 'atr', 'bb_width', 'copper_ret_30', 'eth_btc_ratio', 'gold_ret_30', 'hurst', 'kurtosis', 'log_returns_lag1', 'log_returns_lag14', 'macd', 'macd_signal', 'net_exchange_flow', 'sadf', 'skewness', 'vol_term_30_90', 'williams_r', 'yield_curve_10y30y']
21:06:56  src.cpcv.pipeline  INFO    Preprocessing: 18 features selected, train=644 + cal=162, test=151
21:06:56  src.cpcv.tuning  INFO  Tuning (2 models) — Optuna TPE + Purged K-Fold (inner: 3 folds, embargo=10 obs)
21:06:56  src.cpcv.tuning  INFO    [tuning] random_forest: 3 purged K-fold splits, 30 Optuna trials (TPE)
21:07:52  src.cpcv.tuning  INFO      random_forest: 21 completed, 9 pruned (of 30 total) — best log_loss=0.6796, params={'n_estimators': 200, 'max_depth': 3, 'min_samples_leaf': 15, 'max_features': 'log2'}
21:07:52  src.cpcv.tuning  INFO    [tuning] random_forest done in 56.0s — best log_loss=0.6796
21:07:52  src.cpcv.tuning  INFO    [tuning] xgboost: 3 purged K-fold splits, 30 Optuna trials (TPE)
21:07:57  src.cpcv.tuning  INFO      xgboost: 14 completed, 16 pruned (of 30 total) — best log_loss=0.6778, params={'max_depth': 2, 'learning_rate': 0.11114989443094977, 'min_child_weight': 5, 'subsample': 0.9879639408647978, 'colsample_bytree': 0.9329770563201687, 'gamma': 4.997040685255803e-07, 'reg_alpha': 4.329370014459266e-07, 'reg_lambda': 4.4734294104626844e-07}
21:07:57  src.cpcv.tuning  INFO    [tuning] xgboost done in 4.7s — best log_loss=0.6778
21:07:57  src.cpcv.tuning  INFO  Tuning total: 60.7s
21:07:57  src.cpcv.pipeline  INFO      applied random_forest: {'n_estimators': 200, 'max_depth': 3, 'min_samples_leaf': 15, 'max_features': 'log2'}
21:07:57  src.cpcv.pipeline  INFO      applied xgboost: {'max_depth': 2, 'learning_rate': 0.11114989443094977, 'min_child_weight': 5, 'subsample': 0.9879639408647978, 'colsample_bytree': 0.9329770563201687, 'gamma': 4.997040685255803e-07, 'reg_alpha': 4.329370014459266e-07, 'reg_lambda': 4.4734294104626844e-07}
21:07:58  src.cpcv.models.tree_models  INFO  RandomForest fitted: 644 samples, 18 features, 200 trees.
21:07:58  src.cpcv.pipeline  INFO    [ 37/168]        random_forest (seed=0) F1=0.496  AUC=0.501  LL=0.6912 (1.0s)
21:07:59  src.cpcv.models.tree_models  INFO  RandomForest fitted: 644 samples, 18 features, 200 trees.
21:07:59  src.cpcv.pipeline  INFO    [ 38/168]        random_forest (seed=1) F1=0.418  AUC=0.487  LL=0.6903 (0.9s)
21:07:59  src.cpcv.models.tree_models  INFO  RandomForest fitted: 644 samples, 18 features, 200 trees.
21:08:00  src.cpcv.pipeline  INFO    [ 39/168]        random_forest (seed=2) F1=0.482  AUC=0.500  LL=0.6900 (0.7s)
21:08:00  src.cpcv.models.tree_models  INFO  XGBoost fitted: 644 samples, early stopped at iteration 8/300.
21:08:00  src.cpcv.pipeline  INFO    [ 40/168]              xgboost (seed=0) F1=0.461  AUC=0.480  LL=0.6957 (0.1s)
21:08:00  src.cpcv.models.tree_models  INFO  XGBoost fitted: 644 samples, early stopped at iteration 8/300.
21:08:00  src.cpcv.pipeline  INFO    [ 41/168]              xgboost (seed=1) F1=0.462  AUC=0.480  LL=0.6984 (0.0s)
21:08:00  src.cpcv.models.tree_models  INFO  XGBoost fitted: 644 samples, early stopped at iteration 6/300.
21:08:00  src.cpcv.pipeline  INFO    [ 42/168]              xgboost (seed=2) F1=0.453  AUC=0.444  LL=0.6981 (0.1s)
21:08:00  src.cpcv.preprocessing  INFO  Computing MDA (Random Forest)...
21:08:33  src.cpcv.preprocessing  INFO  Computing MDA (Logistic Regression)...
21:08:34  src.cpcv.preprocessing  INFO  Multi-model MDA: 27/62 passed (MDA > 0), 35 eliminated
21:08:34  src.cpcv.preprocessing  INFO    Capped at 18 features (top_k_frac=0.3)
21:08:34  src.cpcv.preprocessing  INFO    Selected (18): ['cci_14', 'chaikin_osc', 'dxy_roc_30', 'eth_btc_ratio', 'gk_vol', 'gold_ret_30', 'hashrate_roc_30', 'hurst', 'jarque_bera', 'log_returns_lag1', 'log_returns_lag14', 'lz_complexity', 'roc_14', 'sadf', 'stoch_k', 'williams_r', 'yield_curve_2y10y', 'yz_vol']
21:08:34  src.cpcv.pipeline  INFO    Preprocessing: 18 features selected, train=572 + cal=144, test=233
21:08:34  src.cpcv.tuning  INFO  Tuning (2 models) — Optuna TPE + Purged K-Fold (inner: 3 folds, embargo=10 obs)
21:08:34  src.cpcv.tuning  INFO    [tuning] random_forest: 3 purged K-fold splits, 30 Optuna trials (TPE)
21:09:31  src.cpcv.tuning  INFO      random_forest: 29 completed, 1 pruned (of 30 total) — best log_loss=0.6870, params={'n_estimators': 250, 'max_depth': 3, 'min_samples_leaf': 17, 'max_features': 'sqrt'}
21:09:31  src.cpcv.tuning  INFO    [tuning] random_forest done in 57.5s — best log_loss=0.6870
21:09:31  src.cpcv.tuning  INFO    [tuning] xgboost: 3 purged K-fold splits, 30 Optuna trials (TPE)
21:09:36  src.cpcv.tuning  INFO      xgboost: 18 completed, 12 pruned (of 30 total) — best log_loss=0.6797, params={'max_depth': 2, 'learning_rate': 0.2536999076681772, 'min_child_weight': 24, 'subsample': 0.8394633936788146, 'colsample_bytree': 0.6624074561769746, 'gamma': 1.7699302940633311e-07, 'reg_alpha': 3.3323645788192616e-08, 'reg_lambda': 0.6245760287469893}
21:09:36  src.cpcv.tuning  INFO    [tuning] xgboost done in 4.6s — best log_loss=0.6797
21:09:36  src.cpcv.tuning  INFO  Tuning total: 62.1s
21:09:36  src.cpcv.pipeline  INFO      applied random_forest: {'n_estimators': 250, 'max_depth': 3, 'min_samples_leaf': 17, 'max_features': 'sqrt'}
21:09:36  src.cpcv.pipeline  INFO      applied xgboost: {'max_depth': 2, 'learning_rate': 0.2536999076681772, 'min_child_weight': 24, 'subsample': 0.8394633936788146, 'colsample_bytree': 0.6624074561769746, 'gamma': 1.7699302940633311e-07, 'reg_alpha': 3.3323645788192616e-08, 'reg_lambda': 0.6245760287469893}
21:09:37  src.cpcv.models.tree_models  INFO  RandomForest fitted: 572 samples, 18 features, 250 trees.
21:09:37  src.cpcv.pipeline  INFO    [ 43/168]        random_forest (seed=0) F1=0.464  AUC=0.575  LL=0.6843 (0.9s)
21:09:37  src.cpcv.models.tree_models  INFO  RandomForest fitted: 572 samples, 18 features, 250 trees.
21:09:38  src.cpcv.pipeline  INFO    [ 44/168]        random_forest (seed=1) F1=0.367  AUC=0.576  LL=0.6867 (0.9s)
21:09:38  src.cpcv.models.tree_models  INFO  RandomForest fitted: 572 samples, 18 features, 250 trees.
21:09:39  src.cpcv.pipeline  INFO    [ 45/168]        random_forest (seed=2) F1=0.499  AUC=0.581  LL=0.6821 (0.9s)
21:09:39  src.cpcv.models.tree_models  INFO  XGBoost fitted: 572 samples, early stopped at iteration 8/300.
21:09:39  src.cpcv.pipeline  INFO    [ 46/168]              xgboost (seed=0) F1=0.399  AUC=0.552  LL=0.6972 (0.1s)
21:09:39  src.cpcv.models.tree_models  INFO  XGBoost fitted: 572 samples, early stopped at iteration 1/300.
21:09:39  src.cpcv.pipeline  INFO    [ 47/168]              xgboost (seed=1) F1=0.347  AUC=0.529  LL=0.6908 (0.0s)
21:09:39  src.cpcv.models.tree_models  INFO  XGBoost fitted: 572 samples, early stopped at iteration 3/300.
21:09:39  src.cpcv.pipeline  INFO    [ 48/168]              xgboost (seed=2) F1=0.347  AUC=0.529  LL=0.6904 (0.1s)
21:09:39  src.cpcv.preprocessing  INFO  Computing MDA (Random Forest)...
21:10:12  src.cpcv.preprocessing  INFO  Computing MDA (Logistic Regression)...
21:10:13  src.cpcv.preprocessing  INFO  Multi-model MDA: 53/62 passed (MDA > 0), 9 eliminated
21:10:13  src.cpcv.preprocessing  INFO    Capped at 18 features (top_k_frac=0.3)
21:10:13  src.cpcv.preprocessing  INFO    Selected (18): ['copper_ret_30', 'eth_btc_ratio', 'gk_vol', 'log_returns_lag3', 'macd', 'macd_hist', 'mvrv', 'net_exchange_flow', 'realized_vol', 'sadf', 'silver_ret_30', 'skewness', 'smt_exp', 'stoch_k', 'variance_ratio', 'vix', 'vol_term_30_90', 'vol_term_7_30']
21:10:13  src.cpcv.pipeline  INFO    Preprocessing: 18 features selected, train=564 + cal=141, test=233
21:10:13  src.cpcv.tuning  INFO  Tuning (2 models) — Optuna TPE + Purged K-Fold (inner: 3 folds, embargo=10 obs)
21:10:13  src.cpcv.tuning  INFO    [tuning] random_forest: 3 purged K-fold splits, 30 Optuna trials (TPE)
21:11:07  src.cpcv.tuning  INFO      random_forest: 23 completed, 7 pruned (of 30 total) — best log_loss=0.6895, params={'n_estimators': 200, 'max_depth': 2, 'min_samples_leaf': 25, 'max_features': 'log2'}
21:11:07  src.cpcv.tuning  INFO    [tuning] random_forest done in 54.6s — best log_loss=0.6895
21:11:07  src.cpcv.tuning  INFO    [tuning] xgboost: 3 purged K-fold splits, 30 Optuna trials (TPE)
21:11:12  src.cpcv.tuning  INFO      xgboost: 25 completed, 5 pruned (of 30 total) — best log_loss=0.6805, params={'max_depth': 1, 'learning_rate': 0.2952373789004209, 'min_child_weight': 30, 'subsample': 0.8725367117849426, 'colsample_bytree': 0.7652027460142048, 'gamma': 1.893038585985663e-05, 'reg_alpha': 7.15524708993688e-05, 'reg_lambda': 0.0037653511867646863}
21:11:12  src.cpcv.tuning  INFO    [tuning] xgboost done in 4.8s — best log_loss=0.6805
21:11:12  src.cpcv.tuning  INFO  Tuning total: 59.4s
21:11:12  src.cpcv.pipeline  INFO      applied random_forest: {'n_estimators': 200, 'max_depth': 2, 'min_samples_leaf': 25, 'max_features': 'log2'}
21:11:12  src.cpcv.pipeline  INFO      applied xgboost: {'max_depth': 1, 'learning_rate': 0.2952373789004209, 'min_child_weight': 30, 'subsample': 0.8725367117849426, 'colsample_bytree': 0.7652027460142048, 'gamma': 1.893038585985663e-05, 'reg_alpha': 7.15524708993688e-05, 'reg_lambda': 0.0037653511867646863}
21:11:13  src.cpcv.models.tree_models  INFO  RandomForest fitted: 564 samples, 18 features, 200 trees.
21:11:13  src.cpcv.pipeline  INFO    [ 49/168]        random_forest (seed=0) F1=0.451  AUC=0.467  LL=0.7530 (0.7s)
21:11:14  src.cpcv.models.tree_models  INFO  RandomForest fitted: 564 samples, 18 features, 200 trees.
21:11:14  src.cpcv.pipeline  INFO    [ 50/168]        random_forest (seed=1) F1=0.475  AUC=0.461  LL=0.7671 (0.7s)
21:11:14  src.cpcv.models.tree_models  INFO  RandomForest fitted: 564 samples, 18 features, 200 trees.
21:11:14  src.cpcv.pipeline  INFO    [ 51/168]        random_forest (seed=2) F1=0.471  AUC=0.472  LL=0.7338 (0.7s)
21:11:15  src.cpcv.models.tree_models  INFO  XGBoost fitted: 564 samples, early stopped at iteration 13/300.
21:11:15  src.cpcv.pipeline  INFO    [ 52/168]              xgboost (seed=0) F1=0.480  AUC=0.472  LL=0.7062 (0.1s)
21:11:15  src.cpcv.models.tree_models  INFO  XGBoost fitted: 564 samples, early stopped at iteration 26/300.
21:11:15  src.cpcv.pipeline  INFO    [ 53/168]              xgboost (seed=1) F1=0.511  AUC=0.475  LL=0.7416 (0.1s)
21:11:15  src.cpcv.models.tree_models  INFO  XGBoost fitted: 564 samples, early stopped at iteration 3/300.
21:11:15  src.cpcv.pipeline  INFO    [ 54/168]              xgboost (seed=2) F1=0.488  AUC=0.492  LL=0.7164 (0.1s)
21:11:15  src.cpcv.preprocessing  INFO  Computing MDA (Random Forest)...
21:11:48  src.cpcv.preprocessing  INFO  Computing MDA (Logistic Regression)...
21:11:49  src.cpcv.preprocessing  INFO  Multi-model MDA: 38/62 passed (MDA > 0), 24 eliminated
21:11:49  src.cpcv.preprocessing  INFO    Capped at 18 features (top_k_frac=0.3)
21:11:49  src.cpcv.preprocessing  INFO    Selected (18): ['bb_width', 'cci_14', 'ema_ratio_50_200', 'exchange_supply_pct', 'gk_vol', 'jarque_bera', 'log_returns', 'log_returns_lag1', 'mvrv', 'natgas_ret_30', 'roc_14', 'sadf', 'silver_ret_30', 'smt_poly1', 'sp500_ret_30', 'stoch_k', 'tx_count_roc_14', 'williams_r']
21:11:49  src.cpcv.pipeline  INFO    Preprocessing: 18 features selected, train=564 + cal=141, test=233
21:11:49  src.cpcv.tuning  INFO  Tuning (2 models) — Optuna TPE + Purged K-Fold (inner: 3 folds, embargo=10 obs)
21:11:49  src.cpcv.tuning  INFO    [tuning] random_forest: 3 purged K-fold splits, 30 Optuna trials (TPE)
21:12:45  src.cpcv.tuning  INFO      random_forest: 28 completed, 2 pruned (of 30 total) — best log_loss=0.6953, params={'n_estimators': 250, 'max_depth': 2, 'min_samples_leaf': 15, 'max_features': 'log2'}
21:12:45  src.cpcv.tuning  INFO    [tuning] random_forest done in 56.5s — best log_loss=0.6953
21:12:45  src.cpcv.tuning  INFO    [tuning] xgboost: 3 purged K-fold splits, 30 Optuna trials (TPE)
21:12:49  src.cpcv.tuning  INFO      xgboost: 19 completed, 11 pruned (of 30 total) — best log_loss=0.6885, params={'max_depth': 2, 'learning_rate': 0.09142310765849798, 'min_child_weight': 13, 'subsample': 0.8440799401107898, 'colsample_bytree': 0.749162844628581, 'gamma': 0.00043752055496466813, 'reg_alpha': 7.269686898551404e-08, 'reg_lambda': 1.7202499044291567e-05}
21:12:49  src.cpcv.tuning  INFO    [tuning] xgboost done in 3.8s — best log_loss=0.6885
21:12:49  src.cpcv.tuning  INFO  Tuning total: 60.3s
21:12:49  src.cpcv.pipeline  INFO      applied random_forest: {'n_estimators': 250, 'max_depth': 2, 'min_samples_leaf': 15, 'max_features': 'log2'}
21:12:49  src.cpcv.pipeline  INFO      applied xgboost: {'max_depth': 2, 'learning_rate': 0.09142310765849798, 'min_child_weight': 13, 'subsample': 0.8440799401107898, 'colsample_bytree': 0.749162844628581, 'gamma': 0.00043752055496466813, 'reg_alpha': 7.269686898551404e-08, 'reg_lambda': 1.7202499044291567e-05}
21:12:50  src.cpcv.models.tree_models  INFO  RandomForest fitted: 564 samples, 18 features, 250 trees.
21:12:50  src.cpcv.pipeline  INFO    [ 55/168]        random_forest (seed=0) F1=0.404  AUC=0.536  LL=0.6597 (0.9s)
21:12:51  src.cpcv.models.tree_models  INFO  RandomForest fitted: 564 samples, 18 features, 250 trees.
21:12:51  src.cpcv.pipeline  INFO    [ 56/168]        random_forest (seed=1) F1=0.440  AUC=0.534  LL=0.6604 (1.0s)
21:12:52  src.cpcv.models.tree_models  INFO  RandomForest fitted: 564 samples, 18 features, 250 trees.
21:12:52  src.cpcv.pipeline  INFO    [ 57/168]        random_forest (seed=2) F1=0.473  AUC=0.550  LL=0.6596 (1.0s)
21:12:52  src.cpcv.models.tree_models  INFO  XGBoost fitted: 564 samples, early stopped at iteration 4/300.
21:12:52  src.cpcv.pipeline  INFO    [ 58/168]              xgboost (seed=0) F1=0.427  AUC=0.527  LL=0.6650 (0.1s)
21:12:52  src.cpcv.models.tree_models  INFO  XGBoost fitted: 564 samples, early stopped at iteration 2/300.
21:12:52  src.cpcv.pipeline  INFO    [ 59/168]              xgboost (seed=1) F1=0.412  AUC=0.492  LL=0.6732 (0.1s)
21:12:52  src.cpcv.models.tree_models  INFO  XGBoost fitted: 564 samples, early stopped at iteration 2/300.
21:12:52  src.cpcv.pipeline  INFO    [ 60/168]              xgboost (seed=2) F1=0.427  AUC=0.515  LL=0.6665 (0.1s)
21:12:52  src.cpcv.preprocessing  INFO  Computing MDA (Random Forest)...
21:13:25  src.cpcv.preprocessing  INFO  Computing MDA (Logistic Regression)...
21:13:26  src.cpcv.preprocessing  INFO  Multi-model MDA: 31/62 passed (MDA > 0), 31 eliminated
21:13:26  src.cpcv.preprocessing  INFO    Capped at 18 features (top_k_frac=0.3)
21:13:26  src.cpcv.preprocessing  INFO    Selected (18): ['active_addr_roc_14', 'dxy_roc_30', 'eth_btc_ratio', 'exchange_supply_pct', 'kurtosis', 'log_returns_lag1', 'log_returns_lag3', 'mfi_14', 'natgas_ret_30', 'obv', 'roc_14', 'rsi', 'sadf', 'stoch_k', 'variance_ratio', 'vix', 'vol_term_30_90', 'yield_curve_2y10y']
21:13:26  src.cpcv.pipeline  INFO    Preprocessing: 18 features selected, train=562 + cal=141, test=233
21:13:26  src.cpcv.tuning  INFO  Tuning (2 models) — Optuna TPE + Purged K-Fold (inner: 3 folds, embargo=10 obs)
21:13:26  src.cpcv.tuning  INFO    [tuning] random_forest: 3 purged K-fold splits, 30 Optuna trials (TPE)
21:14:11  src.cpcv.tuning  INFO      random_forest: 16 completed, 14 pruned (of 30 total) — best log_loss=0.6874, params={'n_estimators': 200, 'max_depth': 2, 'min_samples_leaf': 16, 'max_features': 'log2'}
21:14:11  src.cpcv.tuning  INFO    [tuning] random_forest done in 45.1s — best log_loss=0.6874
21:14:11  src.cpcv.tuning  INFO    [tuning] xgboost: 3 purged K-fold splits, 30 Optuna trials (TPE)
21:14:15  src.cpcv.tuning  INFO      xgboost: 13 completed, 17 pruned (of 30 total) — best log_loss=0.6844, params={'max_depth': 1, 'learning_rate': 0.03414392715578559, 'min_child_weight': 5, 'subsample': 0.9477848690993755, 'colsample_bytree': 0.6750130525733469, 'gamma': 4.4910392764459054e-05, 'reg_alpha': 0.000530682116518373, 'reg_lambda': 1.1145446390668579e-08}
21:14:15  src.cpcv.tuning  INFO    [tuning] xgboost done in 3.9s — best log_loss=0.6844
21:14:15  src.cpcv.tuning  INFO  Tuning total: 49.0s
21:14:15  src.cpcv.pipeline  INFO      applied random_forest: {'n_estimators': 200, 'max_depth': 2, 'min_samples_leaf': 16, 'max_features': 'log2'}
21:14:15  src.cpcv.pipeline  INFO      applied xgboost: {'max_depth': 1, 'learning_rate': 0.03414392715578559, 'min_child_weight': 5, 'subsample': 0.9477848690993755, 'colsample_bytree': 0.6750130525733469, 'gamma': 4.4910392764459054e-05, 'reg_alpha': 0.000530682116518373, 'reg_lambda': 1.1145446390668579e-08}
21:14:16  src.cpcv.models.tree_models  INFO  RandomForest fitted: 562 samples, 18 features, 200 trees.
21:14:16  src.cpcv.pipeline  INFO    [ 61/168]        random_forest (seed=0) F1=0.533  AUC=0.546  LL=0.6852 (0.7s)
21:14:17  src.cpcv.models.tree_models  INFO  RandomForest fitted: 562 samples, 18 features, 200 trees.
21:14:17  src.cpcv.pipeline  INFO    [ 62/168]        random_forest (seed=1) F1=0.521  AUC=0.553  LL=0.6818 (0.7s)
21:14:17  src.cpcv.models.tree_models  INFO  RandomForest fitted: 562 samples, 18 features, 200 trees.
21:14:17  src.cpcv.pipeline  INFO    [ 63/168]        random_forest (seed=2) F1=0.538  AUC=0.583  LL=0.6771 (0.7s)
21:14:17  src.cpcv.models.tree_models  INFO  XGBoost fitted: 562 samples, early stopped at iteration 42/300.
21:14:17  src.cpcv.pipeline  INFO    [ 64/168]              xgboost (seed=0) F1=0.470  AUC=0.494  LL=0.7089 (0.1s)
21:14:18  src.cpcv.models.tree_models  INFO  XGBoost fitted: 562 samples, early stopped at iteration 40/300.
21:14:18  src.cpcv.pipeline  INFO    [ 65/168]              xgboost (seed=1) F1=0.470  AUC=0.495  LL=0.7020 (0.1s)
21:14:18  src.cpcv.models.tree_models  INFO  XGBoost fitted: 562 samples, early stopped at iteration 99/300.
21:14:18  src.cpcv.pipeline  INFO    [ 66/168]              xgboost (seed=2) F1=0.497  AUC=0.525  LL=0.6908 (0.1s)
21:14:18  src.cpcv.preprocessing  INFO  Computing MDA (Random Forest)...
21:14:50  src.cpcv.preprocessing  INFO  Computing MDA (Logistic Regression)...
21:14:51  src.cpcv.preprocessing  INFO  Multi-model MDA: 34/62 passed (MDA > 0), 28 eliminated
21:14:51  src.cpcv.preprocessing  INFO    Capped at 18 features (top_k_frac=0.3)
21:14:51  src.cpcv.preprocessing  INFO    Selected (18): ['active_addr_roc_14', 'bb_width', 'chaikin_osc', 'ema_ratio_50_200', 'issuance_ntv', 'kurtosis', 'log_returns_lag7', 'mfi_14', 'nasdaq_ret_30', 'negentropy', 'shannon_entropy', 'silver_ret_30', 'skewness', 'sp500_ret_30', 'us10y', 'vix', 'vol_term_7_30', 'yield_curve_2y10y']
21:14:51  src.cpcv.pipeline  INFO    Preprocessing: 18 features selected, train=563 + cal=141, test=233
21:14:51  src.cpcv.tuning  INFO  Tuning (2 models) — Optuna TPE + Purged K-Fold (inner: 3 folds, embargo=10 obs)
21:14:51  src.cpcv.tuning  INFO    [tuning] random_forest: 3 purged K-fold splits, 30 Optuna trials (TPE)
21:15:38  src.cpcv.tuning  INFO      random_forest: 16 completed, 14 pruned (of 30 total) — best log_loss=0.6802, params={'n_estimators': 200, 'max_depth': 5, 'min_samples_leaf': 30, 'max_features': 'sqrt'}
21:15:38  src.cpcv.tuning  INFO    [tuning] random_forest done in 46.9s — best log_loss=0.6802
21:15:38  src.cpcv.tuning  INFO    [tuning] xgboost: 3 purged K-fold splits, 30 Optuna trials (TPE)
21:15:43  src.cpcv.tuning  INFO      xgboost: 12 completed, 18 pruned (of 30 total) — best log_loss=0.6708, params={'max_depth': 1, 'learning_rate': 0.15267655681449194, 'min_child_weight': 17, 'subsample': 0.8578694741072341, 'colsample_bytree': 0.7926819325261493, 'gamma': 2.6765194709714365e-06, 'reg_alpha': 1.7754789920320204e-07, 'reg_lambda': 0.008950304267585337}
21:15:43  src.cpcv.tuning  INFO    [tuning] xgboost done in 4.5s — best log_loss=0.6708
21:15:43  src.cpcv.tuning  INFO  Tuning total: 51.4s
21:15:43  src.cpcv.pipeline  INFO      applied random_forest: {'n_estimators': 200, 'max_depth': 5, 'min_samples_leaf': 30, 'max_features': 'sqrt'}
21:15:43  src.cpcv.pipeline  INFO      applied xgboost: {'max_depth': 1, 'learning_rate': 0.15267655681449194, 'min_child_weight': 17, 'subsample': 0.8578694741072341, 'colsample_bytree': 0.7926819325261493, 'gamma': 2.6765194709714365e-06, 'reg_alpha': 1.7754789920320204e-07, 'reg_lambda': 0.008950304267585337}
21:15:43  src.cpcv.models.tree_models  INFO  RandomForest fitted: 563 samples, 18 features, 200 trees.
21:15:44  src.cpcv.pipeline  INFO    [ 67/168]        random_forest (seed=0) F1=0.495  AUC=0.554  LL=0.6801 (0.8s)
21:15:44  src.cpcv.models.tree_models  INFO  RandomForest fitted: 563 samples, 18 features, 200 trees.
21:15:44  src.cpcv.pipeline  INFO    [ 68/168]        random_forest (seed=1) F1=0.512  AUC=0.557  LL=0.6862 (0.7s)
21:15:45  src.cpcv.models.tree_models  INFO  RandomForest fitted: 563 samples, 18 features, 200 trees.
21:15:45  src.cpcv.pipeline  INFO    [ 69/168]        random_forest (seed=2) F1=0.479  AUC=0.558  LL=0.6815 (0.7s)
21:15:45  src.cpcv.models.tree_models  INFO  XGBoost fitted: 563 samples, early stopped at iteration 0/300.
21:15:45  src.cpcv.pipeline  INFO    [ 70/168]              xgboost (seed=0) F1=0.374  AUC=0.553  LL=0.6811 (0.1s)
21:15:45  src.cpcv.models.tree_models  INFO  XGBoost fitted: 563 samples, early stopped at iteration 0/300.
21:15:45  src.cpcv.pipeline  INFO    [ 71/168]              xgboost (seed=1) F1=0.374  AUC=0.550  LL=0.6770 (0.1s)
21:15:45  src.cpcv.models.tree_models  INFO  XGBoost fitted: 563 samples, early stopped at iteration 0/300.
21:15:45  src.cpcv.pipeline  INFO    [ 72/168]              xgboost (seed=2) F1=0.374  AUC=0.553  LL=0.6810 (0.0s)
21:15:46  src.cpcv.preprocessing  INFO  Computing MDA (Random Forest)...
21:16:19  src.cpcv.preprocessing  INFO  Computing MDA (Logistic Regression)...
21:16:20  src.cpcv.preprocessing  INFO  Multi-model MDA: 25/62 passed (MDA > 0), 37 eliminated
21:16:20  src.cpcv.preprocessing  INFO    Capped at 18 features (top_k_frac=0.3)
21:16:20  src.cpcv.preprocessing  INFO    Selected (18): ['bb_width', 'eth_btc_ratio', 'jarque_bera', 'kurtosis', 'log_returns', 'log_returns_lag2', 'lz_complexity', 'macd_hist', 'macd_signal', 'rsi', 'sadf', 'skewness', 'tx_count_roc_14', 'us10y', 'us2y', 'vix', 'yield_curve_10y30y', 'yield_curve_2y10y']
21:16:20  src.cpcv.pipeline  INFO    Preprocessing: 18 features selected, train=564 + cal=142, test=240
21:16:20  src.cpcv.tuning  INFO  Tuning (2 models) — Optuna TPE + Purged K-Fold (inner: 3 folds, embargo=10 obs)
21:16:20  src.cpcv.tuning  INFO    [tuning] random_forest: 3 purged K-fold splits, 30 Optuna trials (TPE)
21:17:12  src.cpcv.tuning  INFO      random_forest: 17 completed, 13 pruned (of 30 total) — best log_loss=0.6819, params={'n_estimators': 250, 'max_depth': 3, 'min_samples_leaf': 17, 'max_features': 'sqrt'}
21:17:12  src.cpcv.tuning  INFO    [tuning] random_forest done in 51.9s — best log_loss=0.6819
21:17:12  src.cpcv.tuning  INFO    [tuning] xgboost: 3 purged K-fold splits, 30 Optuna trials (TPE)
21:17:17  src.cpcv.tuning  INFO      xgboost: 15 completed, 15 pruned (of 30 total) — best log_loss=0.6782, params={'max_depth': 3, 'learning_rate': 0.031620992185587594, 'min_child_weight': 12, 'subsample': 0.998406612698974, 'colsample_bytree': 0.6311266405228668, 'gamma': 3.7942382272140934e-05, 'reg_alpha': 9.166719725065998e-05, 'reg_lambda': 0.015653258870230637}
21:17:17  src.cpcv.tuning  INFO    [tuning] xgboost done in 4.9s — best log_loss=0.6782
21:17:17  src.cpcv.tuning  INFO  Tuning total: 56.7s
21:17:17  src.cpcv.pipeline  INFO      applied random_forest: {'n_estimators': 250, 'max_depth': 3, 'min_samples_leaf': 17, 'max_features': 'sqrt'}
21:17:17  src.cpcv.pipeline  INFO      applied xgboost: {'max_depth': 3, 'learning_rate': 0.031620992185587594, 'min_child_weight': 12, 'subsample': 0.998406612698974, 'colsample_bytree': 0.6311266405228668, 'gamma': 3.7942382272140934e-05, 'reg_alpha': 9.166719725065998e-05, 'reg_lambda': 0.015653258870230637}
21:17:17  src.cpcv.models.tree_models  INFO  RandomForest fitted: 564 samples, 18 features, 250 trees.
21:17:18  src.cpcv.pipeline  INFO    [ 73/168]        random_forest (seed=0) F1=0.373  AUC=0.569  LL=0.6699 (0.9s)
21:17:18  src.cpcv.models.tree_models  INFO  RandomForest fitted: 564 samples, 18 features, 250 trees.
21:17:18  src.cpcv.pipeline  INFO    [ 74/168]        random_forest (seed=1) F1=0.373  AUC=0.570  LL=0.6696 (0.8s)
21:17:19  src.cpcv.models.tree_models  INFO  RandomForest fitted: 564 samples, 18 features, 250 trees.
21:17:19  src.cpcv.pipeline  INFO    [ 75/168]        random_forest (seed=2) F1=0.373  AUC=0.571  LL=0.6714 (0.8s)
21:17:19  src.cpcv.models.tree_models  INFO  XGBoost fitted: 564 samples, early stopped at iteration 0/300.
21:17:19  src.cpcv.pipeline  INFO    [ 76/168]              xgboost (seed=0) F1=0.471  AUC=0.483  LL=0.8206 (0.1s)
21:17:19  src.cpcv.models.tree_models  INFO  XGBoost fitted: 564 samples, early stopped at iteration 0/300.
21:17:19  src.cpcv.pipeline  INFO    [ 77/168]              xgboost (seed=1) F1=0.443  AUC=0.478  LL=0.6845 (0.1s)
21:17:19  src.cpcv.models.tree_models  INFO  XGBoost fitted: 564 samples, early stopped at iteration 0/300.
21:17:19  src.cpcv.pipeline  INFO    [ 78/168]              xgboost (seed=2) F1=0.499  AUC=0.556  LL=0.6829 (0.1s)
21:17:20  src.cpcv.preprocessing  INFO  Computing MDA (Random Forest)...
21:17:52  src.cpcv.preprocessing  INFO  Computing MDA (Logistic Regression)...
21:17:53  src.cpcv.preprocessing  INFO  Multi-model MDA: 42/62 passed (MDA > 0), 20 eliminated
21:17:53  src.cpcv.preprocessing  INFO    Capped at 18 features (top_k_frac=0.3)
21:17:53  src.cpcv.preprocessing  INFO    Selected (18): ['chaikin_osc', 'gold_ret_30', 'jarque_bera', 'kurtosis', 'log_returns_lag3', 'log_returns_lag7', 'macd', 'macd_hist', 'obv', 'realized_vol', 'silver_ret_30', 'skewness', 'sp500_ret_30', 'tx_count_roc_14', 'vol_term_30_90', 'vol_term_7_30', 'vwma_ratio_20_50', 'williams_r']
21:17:53  src.cpcv.pipeline  INFO    Preprocessing: 18 features selected, train=528 + cal=132, test=288
21:17:53  src.cpcv.tuning  INFO  Tuning (2 models) — Optuna TPE + Purged K-Fold (inner: 3 folds, embargo=10 obs)
21:17:53  src.cpcv.tuning  INFO    [tuning] random_forest: 3 purged K-fold splits, 30 Optuna trials (TPE)
21:18:48  src.cpcv.tuning  INFO      random_forest: 29 completed, 1 pruned (of 30 total) — best log_loss=0.6950, params={'n_estimators': 250, 'max_depth': 2, 'min_samples_leaf': 18, 'max_features': 'log2'}
21:18:48  src.cpcv.tuning  INFO    [tuning] random_forest done in 55.2s — best log_loss=0.6950
21:18:48  src.cpcv.tuning  INFO    [tuning] xgboost: 3 purged K-fold splits, 30 Optuna trials (TPE)
21:18:53  src.cpcv.tuning  INFO      xgboost: 22 completed, 8 pruned (of 30 total) — best log_loss=0.6908, params={'max_depth': 1, 'learning_rate': 0.01947558230629543, 'min_child_weight': 6, 'subsample': 0.7301321323053057, 'colsample_bytree': 0.7554709158757928, 'gamma': 1.481809088646707e-06, 'reg_alpha': 0.28749982347407854, 'reg_lambda': 1.6247252885719427e-05}
21:18:53  src.cpcv.tuning  INFO    [tuning] xgboost done in 4.5s — best log_loss=0.6908
21:18:53  src.cpcv.tuning  INFO  Tuning total: 59.8s
21:18:53  src.cpcv.pipeline  INFO      applied random_forest: {'n_estimators': 250, 'max_depth': 2, 'min_samples_leaf': 18, 'max_features': 'log2'}
21:18:53  src.cpcv.pipeline  INFO      applied xgboost: {'max_depth': 1, 'learning_rate': 0.01947558230629543, 'min_child_weight': 6, 'subsample': 0.7301321323053057, 'colsample_bytree': 0.7554709158757928, 'gamma': 1.481809088646707e-06, 'reg_alpha': 0.28749982347407854, 'reg_lambda': 1.6247252885719427e-05}
21:18:54  src.cpcv.models.tree_models  INFO  RandomForest fitted: 528 samples, 18 features, 250 trees.
21:18:54  src.cpcv.pipeline  INFO    [ 79/168]        random_forest (seed=0) F1=0.365  AUC=0.497  LL=0.7665 (1.2s)
21:18:55  src.cpcv.models.tree_models  INFO  RandomForest fitted: 528 samples, 18 features, 250 trees.
21:18:55  src.cpcv.pipeline  INFO    [ 80/168]        random_forest (seed=1) F1=0.367  AUC=0.499  LL=0.7882 (1.2s)
21:18:56  src.cpcv.models.tree_models  INFO  RandomForest fitted: 528 samples, 18 features, 250 trees.
21:18:56  src.cpcv.pipeline  INFO    [ 81/168]        random_forest (seed=2) F1=0.372  AUC=0.520  LL=0.7476 (1.1s)
21:18:57  src.cpcv.models.tree_models  INFO  XGBoost fitted: 528 samples, early stopped at iteration 272/300.
21:18:57  src.cpcv.pipeline  INFO    [ 82/168]              xgboost (seed=0) F1=0.379  AUC=0.490  LL=0.7968 (0.2s)
21:18:57  src.cpcv.models.tree_models  INFO  XGBoost fitted: 528 samples, early stopped at iteration 240/300.
21:18:57  src.cpcv.pipeline  INFO    [ 83/168]              xgboost (seed=1) F1=0.365  AUC=0.492  LL=0.8040 (0.2s)
21:18:57  src.cpcv.models.tree_models  INFO  XGBoost fitted: 528 samples, early stopped at iteration 194/300.
21:18:57  src.cpcv.pipeline  INFO    [ 84/168]              xgboost (seed=2) F1=0.377  AUC=0.504  LL=0.7729 (0.2s)
21:18:57  src.cpcv.preprocessing  INFO  Computing MDA (Random Forest)...
21:19:29  src.cpcv.preprocessing  INFO  Computing MDA (Logistic Regression)...
21:19:30  src.cpcv.preprocessing  INFO  Multi-model MDA: 17/62 passed (MDA > 0), 45 eliminated
21:19:30  src.cpcv.preprocessing  INFO    Selected (17): ['atr', 'cci_14', 'eth_btc_ratio', 'hashrate_roc_30', 'hurst', 'issuance_ntv', 'log_returns_lag1', 'natgas_ret_30', 'negentropy', 'realized_vol', 'sadf', 'stoch_k', 'us10y', 'vol_term_7_30', 'vwma_ratio_20_50', 'williams_r', 'yield_curve_2y10y']
21:19:30  src.cpcv.pipeline  INFO    Preprocessing: 17 features selected, train=519 + cal=130, test=288
21:19:30  src.cpcv.tuning  INFO  Tuning (2 models) — Optuna TPE + Purged K-Fold (inner: 3 folds, embargo=10 obs)
21:19:30  src.cpcv.tuning  INFO    [tuning] random_forest: 3 purged K-fold splits, 30 Optuna trials (TPE)
21:20:15  src.cpcv.tuning  INFO      random_forest: 18 completed, 12 pruned (of 30 total) — best log_loss=0.6981, params={'n_estimators': 200, 'max_depth': 2, 'min_samples_leaf': 16, 'max_features': 'log2'}
21:20:15  src.cpcv.tuning  INFO    [tuning] random_forest done in 44.7s — best log_loss=0.6981
21:20:15  src.cpcv.tuning  INFO    [tuning] xgboost: 3 purged K-fold splits, 30 Optuna trials (TPE)
21:20:19  src.cpcv.tuning  INFO      xgboost: 22 completed, 8 pruned (of 30 total) — best log_loss=0.6837, params={'max_depth': 3, 'learning_rate': 0.2989873063577071, 'min_child_weight': 24, 'subsample': 0.8208104960302075, 'colsample_bytree': 0.784742422714677, 'gamma': 8.232626750931548e-06, 'reg_alpha': 1.5634305688931684e-08, 'reg_lambda': 0.02390047263487465}
21:20:19  src.cpcv.tuning  INFO    [tuning] xgboost done in 4.1s — best log_loss=0.6837
21:20:19  src.cpcv.tuning  INFO  Tuning total: 48.7s
21:20:19  src.cpcv.pipeline  INFO      applied random_forest: {'n_estimators': 200, 'max_depth': 2, 'min_samples_leaf': 16, 'max_features': 'log2'}
21:20:19  src.cpcv.pipeline  INFO      applied xgboost: {'max_depth': 3, 'learning_rate': 0.2989873063577071, 'min_child_weight': 24, 'subsample': 0.8208104960302075, 'colsample_bytree': 0.784742422714677, 'gamma': 8.232626750931548e-06, 'reg_alpha': 1.5634305688931684e-08, 'reg_lambda': 0.02390047263487465}
21:20:20  src.cpcv.models.tree_models  INFO  RandomForest fitted: 519 samples, 17 features, 200 trees.
21:20:20  src.cpcv.pipeline  INFO    [ 85/168]        random_forest (seed=0) F1=0.447  AUC=0.547  LL=0.7011 (0.8s)
21:20:21  src.cpcv.models.tree_models  INFO  RandomForest fitted: 519 samples, 17 features, 200 trees.
21:20:21  src.cpcv.pipeline  INFO    [ 86/168]        random_forest (seed=1) F1=0.454  AUC=0.534  LL=0.7075 (0.7s)
21:20:21  src.cpcv.models.tree_models  INFO  RandomForest fitted: 519 samples, 17 features, 200 trees.
21:20:22  src.cpcv.pipeline  INFO    [ 87/168]        random_forest (seed=2) F1=0.463  AUC=0.535  LL=0.7094 (0.9s)
21:20:22  src.cpcv.models.tree_models  INFO  XGBoost fitted: 519 samples, early stopped at iteration 9/300.
21:20:22  src.cpcv.pipeline  INFO    [ 88/168]              xgboost (seed=0) F1=0.432  AUC=0.567  LL=0.6905 (0.1s)
21:20:22  src.cpcv.models.tree_models  INFO  XGBoost fitted: 519 samples, early stopped at iteration 10/300.
21:20:22  src.cpcv.pipeline  INFO    [ 89/168]              xgboost (seed=1) F1=0.446  AUC=0.553  LL=0.6890 (0.1s)
21:20:22  src.cpcv.models.tree_models  INFO  XGBoost fitted: 519 samples, early stopped at iteration 3/300.
21:20:22  src.cpcv.pipeline  INFO    [ 90/168]              xgboost (seed=2) F1=0.483  AUC=0.483  LL=0.7517 (0.1s)
21:20:22  src.cpcv.preprocessing  INFO  Computing MDA (Random Forest)...
21:20:56  src.cpcv.preprocessing  INFO  Computing MDA (Logistic Regression)...
21:20:57  src.cpcv.preprocessing  INFO  Multi-model MDA: 39/62 passed (MDA > 0), 23 eliminated
21:20:57  src.cpcv.preprocessing  INFO    Capped at 18 features (top_k_frac=0.3)
21:20:57  src.cpcv.preprocessing  INFO    Selected (18): ['cci_14', 'copper_ret_30', 'ema_ratio_20_50', 'fee_per_tx', 'log_returns_lag1', 'log_returns_lag2', 'log_returns_lag30', 'natgas_ret_30', 'net_exchange_flow', 'obv', 'oil_ret_30', 'sadf', 'silver_ret_30', 'skewness', 'stoch_k', 'vol_term_30_90', 'vwma_ratio_20_50', 'yield_curve_10y30y']
21:20:57  src.cpcv.pipeline  INFO    Preprocessing: 18 features selected, train=517 + cal=130, test=288
21:20:57  src.cpcv.tuning  INFO  Tuning (2 models) — Optuna TPE + Purged K-Fold (inner: 3 folds, embargo=10 obs)
21:20:57  src.cpcv.tuning  INFO    [tuning] random_forest: 3 purged K-fold splits, 30 Optuna trials (TPE)
21:21:43  src.cpcv.tuning  INFO      random_forest: 30 completed, 0 pruned (of 30 total) — best log_loss=0.6924, params={'n_estimators': 100, 'max_depth': 5, 'min_samples_leaf': 16, 'max_features': 'sqrt'}
21:21:43  src.cpcv.tuning  INFO    [tuning] random_forest done in 45.8s — best log_loss=0.6924
21:21:43  src.cpcv.tuning  INFO    [tuning] xgboost: 3 purged K-fold splits, 30 Optuna trials (TPE)
21:21:48  src.cpcv.tuning  INFO      xgboost: 30 completed, 0 pruned (of 30 total) — best log_loss=0.6813, params={'max_depth': 2, 'learning_rate': 0.11114989443094977, 'min_child_weight': 5, 'subsample': 0.9879639408647978, 'colsample_bytree': 0.9329770563201687, 'gamma': 4.997040685255803e-07, 'reg_alpha': 4.329370014459266e-07, 'reg_lambda': 4.4734294104626844e-07}
21:21:48  src.cpcv.tuning  INFO    [tuning] xgboost done in 4.8s — best log_loss=0.6813
21:21:48  src.cpcv.tuning  INFO  Tuning total: 50.6s
21:21:48  src.cpcv.pipeline  INFO      applied random_forest: {'n_estimators': 100, 'max_depth': 5, 'min_samples_leaf': 16, 'max_features': 'sqrt'}
21:21:48  src.cpcv.pipeline  INFO      applied xgboost: {'max_depth': 2, 'learning_rate': 0.11114989443094977, 'min_child_weight': 5, 'subsample': 0.9879639408647978, 'colsample_bytree': 0.9329770563201687, 'gamma': 4.997040685255803e-07, 'reg_alpha': 4.329370014459266e-07, 'reg_lambda': 4.4734294104626844e-07}
21:21:48  src.cpcv.models.tree_models  INFO  RandomForest fitted: 517 samples, 18 features, 100 trees.
21:21:48  src.cpcv.pipeline  INFO    [ 91/168]        random_forest (seed=0) F1=0.433  AUC=0.503  LL=0.7352 (0.4s)
21:21:48  src.cpcv.models.tree_models  INFO  RandomForest fitted: 517 samples, 18 features, 100 trees.
21:21:49  src.cpcv.pipeline  INFO    [ 92/168]        random_forest (seed=1) F1=0.405  AUC=0.477  LL=0.7363 (0.4s)
21:21:49  src.cpcv.models.tree_models  INFO  RandomForest fitted: 517 samples, 18 features, 100 trees.
21:21:49  src.cpcv.pipeline  INFO    [ 93/168]        random_forest (seed=2) F1=0.479  AUC=0.510  LL=0.7198 (0.4s)
21:21:49  src.cpcv.models.tree_models  INFO  XGBoost fitted: 517 samples, early stopped at iteration 20/300.
21:21:49  src.cpcv.pipeline  INFO    [ 94/168]              xgboost (seed=0) F1=0.423  AUC=0.497  LL=0.7247 (0.1s)
21:21:49  src.cpcv.models.tree_models  INFO  XGBoost fitted: 517 samples, early stopped at iteration 40/300.
21:21:49  src.cpcv.pipeline  INFO    [ 95/168]              xgboost (seed=1) F1=0.400  AUC=0.487  LL=0.7405 (0.1s)
21:21:49  src.cpcv.models.tree_models  INFO  XGBoost fitted: 517 samples, early stopped at iteration 32/300.
21:21:49  src.cpcv.pipeline  INFO    [ 96/168]              xgboost (seed=2) F1=0.446  AUC=0.511  LL=0.7308 (0.1s)
21:21:49  src.cpcv.preprocessing  INFO  Computing MDA (Random Forest)...
21:22:23  src.cpcv.preprocessing  INFO  Computing MDA (Logistic Regression)...
21:22:24  src.cpcv.preprocessing  INFO  Multi-model MDA: 35/62 passed (MDA > 0), 27 eliminated
21:22:24  src.cpcv.preprocessing  INFO    Capped at 18 features (top_k_frac=0.3)
21:22:24  src.cpcv.preprocessing  INFO    Selected (18): ['atr', 'gk_vol', 'jarque_bera', 'log_returns_lag2', 'log_returns_lag3', 'log_returns_lag7', 'macd_hist', 'macd_signal', 'mfi_14', 'rsi', 'sadf', 'skewness', 'stoch_k', 'tx_count_roc_14', 'vol_term_30_90', 'vwma_ratio_20_50', 'williams_r', 'yz_vol']
21:22:24  src.cpcv.pipeline  INFO    Preprocessing: 18 features selected, train=518 + cal=130, test=288
21:22:24  src.cpcv.tuning  INFO  Tuning (2 models) — Optuna TPE + Purged K-Fold (inner: 3 folds, embargo=10 obs)
21:22:24  src.cpcv.tuning  INFO    [tuning] random_forest: 3 purged K-fold splits, 30 Optuna trials (TPE)
21:23:07  src.cpcv.tuning  INFO      random_forest: 30 completed, 0 pruned (of 30 total) — best log_loss=0.6794, params={'n_estimators': 100, 'max_depth': 5, 'min_samples_leaf': 24, 'max_features': 'log2'}
21:23:07  src.cpcv.tuning  INFO    [tuning] random_forest done in 42.4s — best log_loss=0.6794
21:23:07  src.cpcv.tuning  INFO    [tuning] xgboost: 3 purged K-fold splits, 30 Optuna trials (TPE)
21:23:12  src.cpcv.tuning  INFO      xgboost: 30 completed, 0 pruned (of 30 total) — best log_loss=0.6777, params={'max_depth': 2, 'learning_rate': 0.10005999190311972, 'min_child_weight': 19, 'subsample': 0.6889640185593752, 'colsample_bytree': 0.6589045438667185, 'gamma': 4.76221841834922e-07, 'reg_alpha': 0.0004530781170200396, 'reg_lambda': 0.6419147052053724}
21:23:12  src.cpcv.tuning  INFO    [tuning] xgboost done in 5.4s — best log_loss=0.6777
21:23:12  src.cpcv.tuning  INFO  Tuning total: 47.8s
21:23:12  src.cpcv.pipeline  INFO      applied random_forest: {'n_estimators': 100, 'max_depth': 5, 'min_samples_leaf': 24, 'max_features': 'log2'}
21:23:12  src.cpcv.pipeline  INFO      applied xgboost: {'max_depth': 2, 'learning_rate': 0.10005999190311972, 'min_child_weight': 19, 'subsample': 0.6889640185593752, 'colsample_bytree': 0.6589045438667185, 'gamma': 4.76221841834922e-07, 'reg_alpha': 0.0004530781170200396, 'reg_lambda': 0.6419147052053724}
21:23:12  src.cpcv.models.tree_models  INFO  RandomForest fitted: 518 samples, 18 features, 100 trees.
21:23:12  src.cpcv.pipeline  INFO    [ 97/168]        random_forest (seed=0) F1=0.454  AUC=0.495  LL=0.7478 (0.4s)
21:23:13  src.cpcv.models.tree_models  INFO  RandomForest fitted: 518 samples, 18 features, 100 trees.
21:23:13  src.cpcv.pipeline  INFO    [ 98/168]        random_forest (seed=1) F1=0.451  AUC=0.493  LL=0.7581 (0.4s)
21:23:13  src.cpcv.models.tree_models  INFO  RandomForest fitted: 518 samples, 18 features, 100 trees.
21:23:13  src.cpcv.pipeline  INFO    [ 99/168]        random_forest (seed=2) F1=0.454  AUC=0.497  LL=0.7386 (0.4s)
21:23:13  src.cpcv.models.tree_models  INFO  XGBoost fitted: 518 samples, early stopped at iteration 33/300.
21:23:13  src.cpcv.pipeline  INFO    [100/168]              xgboost (seed=0) F1=0.465  AUC=0.477  LL=0.7680 (0.1s)
21:23:13  src.cpcv.models.tree_models  INFO  XGBoost fitted: 518 samples, early stopped at iteration 7/300.
21:23:13  src.cpcv.pipeline  INFO    [101/168]              xgboost (seed=1) F1=0.427  AUC=0.465  LL=0.7442 (0.1s)
21:23:13  src.cpcv.models.tree_models  INFO  XGBoost fitted: 518 samples, early stopped at iteration 6/300.
21:23:13  src.cpcv.pipeline  INFO    [102/168]              xgboost (seed=2) F1=0.448  AUC=0.484  LL=0.7346 (0.1s)
21:23:14  src.cpcv.preprocessing  INFO  Computing MDA (Random Forest)...
21:23:46  src.cpcv.preprocessing  INFO  Computing MDA (Logistic Regression)...
21:23:47  src.cpcv.preprocessing  INFO  Multi-model MDA: 35/62 passed (MDA > 0), 27 eliminated
21:23:47  src.cpcv.preprocessing  INFO    Capped at 18 features (top_k_frac=0.3)
21:23:47  src.cpcv.preprocessing  INFO    Selected (18): ['atr', 'bb_width', 'cci_14', 'exchange_supply_pct', 'hurst', 'log_returns', 'log_returns_lag3', 'macd_hist', 'mfi_14', 'net_exchange_flow', 'realized_vol', 'skewness', 'variance_ratio', 'vix', 'vol_term_30_90', 'vwma_ratio_20_50', 'yield_curve_10y30y', 'yz_vol']
21:23:47  src.cpcv.pipeline  INFO    Preprocessing: 18 features selected, train=520 + cal=130, test=295
21:23:47  src.cpcv.tuning  INFO  Tuning (2 models) — Optuna TPE + Purged K-Fold (inner: 3 folds, embargo=10 obs)
21:23:47  src.cpcv.tuning  INFO    [tuning] random_forest: 3 purged K-fold splits, 30 Optuna trials (TPE)
21:24:45  src.cpcv.tuning  INFO      random_forest: 30 completed, 0 pruned (of 30 total) — best log_loss=0.6830, params={'n_estimators': 250, 'max_depth': 3, 'min_samples_leaf': 17, 'max_features': 'sqrt'}
21:24:45  src.cpcv.tuning  INFO    [tuning] random_forest done in 58.2s — best log_loss=0.6830
21:24:45  src.cpcv.tuning  INFO    [tuning] xgboost: 3 purged K-fold splits, 30 Optuna trials (TPE)
21:24:50  src.cpcv.tuning  INFO      xgboost: 29 completed, 1 pruned (of 30 total) — best log_loss=0.6768, params={'max_depth': 3, 'learning_rate': 0.14640944492298597, 'min_child_weight': 18, 'subsample': 0.6045024286177675, 'colsample_bytree': 0.793793301749126, 'gamma': 6.156999788465914e-06, 'reg_alpha': 0.01151838860321398, 'reg_lambda': 5.3370203550130966e-05}
21:24:50  src.cpcv.tuning  INFO    [tuning] xgboost done in 5.0s — best log_loss=0.6768
21:24:50  src.cpcv.tuning  INFO  Tuning total: 63.2s
21:24:50  src.cpcv.pipeline  INFO      applied random_forest: {'n_estimators': 250, 'max_depth': 3, 'min_samples_leaf': 17, 'max_features': 'sqrt'}
21:24:50  src.cpcv.pipeline  INFO      applied xgboost: {'max_depth': 3, 'learning_rate': 0.14640944492298597, 'min_child_weight': 18, 'subsample': 0.6045024286177675, 'colsample_bytree': 0.793793301749126, 'gamma': 6.156999788465914e-06, 'reg_alpha': 0.01151838860321398, 'reg_lambda': 5.3370203550130966e-05}
21:24:51  src.cpcv.models.tree_models  INFO  RandomForest fitted: 520 samples, 18 features, 250 trees.
21:24:51  src.cpcv.pipeline  INFO    [103/168]        random_forest (seed=0) F1=0.368  AUC=0.467  LL=0.7122 (0.9s)
21:24:52  src.cpcv.models.tree_models  INFO  RandomForest fitted: 520 samples, 18 features, 250 trees.
21:24:52  src.cpcv.pipeline  INFO    [104/168]        random_forest (seed=1) F1=0.353  AUC=0.455  LL=0.7067 (1.0s)
21:24:53  src.cpcv.models.tree_models  INFO  RandomForest fitted: 520 samples, 18 features, 250 trees.
21:24:53  src.cpcv.pipeline  INFO    [105/168]        random_forest (seed=2) F1=0.355  AUC=0.464  LL=0.7083 (1.0s)
21:24:53  src.cpcv.models.tree_models  INFO  XGBoost fitted: 520 samples, early stopped at iteration 0/300.
21:24:53  src.cpcv.pipeline  INFO    [106/168]              xgboost (seed=0) F1=0.338  AUC=0.449  LL=0.7044 (0.1s)
21:24:53  src.cpcv.models.tree_models  INFO  XGBoost fitted: 520 samples, early stopped at iteration 5/300.
21:24:53  src.cpcv.pipeline  INFO    [107/168]              xgboost (seed=1) F1=0.352  AUC=0.445  LL=0.7059 (0.1s)
21:24:53  src.cpcv.models.tree_models  INFO  XGBoost fitted: 520 samples, early stopped at iteration 2/300.
21:24:53  src.cpcv.pipeline  INFO    [108/168]              xgboost (seed=2) F1=0.343  AUC=0.451  LL=0.7095 (0.1s)
21:24:53  src.cpcv.preprocessing  INFO  Computing MDA (Random Forest)...
21:25:27  src.cpcv.preprocessing  INFO  Computing MDA (Logistic Regression)...
21:25:28  src.cpcv.preprocessing  INFO  Multi-model MDA: 21/62 passed (MDA > 0), 41 eliminated
21:25:28  src.cpcv.preprocessing  INFO    Capped at 18 features (top_k_frac=0.3)
21:25:28  src.cpcv.preprocessing  INFO    Selected (18): ['eth_btc_ratio', 'gold_ret_30', 'hurst', 'log_returns', 'log_returns_lag1', 'log_returns_lag2', 'log_returns_lag7', 'lz_complexity', 'mvrv', 'natgas_ret_30', 'negentropy', 'realized_vol', 'sadf', 'stoch_d', 'tx_count_roc_14', 'vix', 'yield_curve_10y30y', 'yz_vol']
21:25:28  src.cpcv.pipeline  INFO    Preprocessing: 18 features selected, train=528 + cal=133, test=288
21:25:28  src.cpcv.tuning  INFO  Tuning (2 models) — Optuna TPE + Purged K-Fold (inner: 3 folds, embargo=10 obs)
21:25:28  src.cpcv.tuning  INFO    [tuning] random_forest: 3 purged K-fold splits, 30 Optuna trials (TPE)
21:26:28  src.cpcv.tuning  INFO      random_forest: 30 completed, 0 pruned (of 30 total) — best log_loss=0.6854, params={'n_estimators': 250, 'max_depth': 3, 'min_samples_leaf': 22, 'max_features': 'sqrt'}
21:26:28  src.cpcv.tuning  INFO    [tuning] random_forest done in 60.3s — best log_loss=0.6854
21:26:28  src.cpcv.tuning  INFO    [tuning] xgboost: 3 purged K-fold splits, 30 Optuna trials (TPE)
21:26:33  src.cpcv.tuning  INFO      xgboost: 28 completed, 2 pruned (of 30 total) — best log_loss=0.6786, params={'max_depth': 2, 'learning_rate': 0.11114989443094977, 'min_child_weight': 5, 'subsample': 0.9879639408647978, 'colsample_bytree': 0.9329770563201687, 'gamma': 4.997040685255803e-07, 'reg_alpha': 4.329370014459266e-07, 'reg_lambda': 4.4734294104626844e-07}
21:26:33  src.cpcv.tuning  INFO    [tuning] xgboost done in 4.6s — best log_loss=0.6786
21:26:33  src.cpcv.tuning  INFO  Tuning total: 64.9s
21:26:33  src.cpcv.pipeline  INFO      applied random_forest: {'n_estimators': 250, 'max_depth': 3, 'min_samples_leaf': 22, 'max_features': 'sqrt'}
21:26:33  src.cpcv.pipeline  INFO      applied xgboost: {'max_depth': 2, 'learning_rate': 0.11114989443094977, 'min_child_weight': 5, 'subsample': 0.9879639408647978, 'colsample_bytree': 0.9329770563201687, 'gamma': 4.997040685255803e-07, 'reg_alpha': 4.329370014459266e-07, 'reg_lambda': 4.4734294104626844e-07}
21:26:34  src.cpcv.models.tree_models  INFO  RandomForest fitted: 528 samples, 18 features, 250 trees.
21:26:34  src.cpcv.pipeline  INFO    [109/168]        random_forest (seed=0) F1=0.409  AUC=0.545  LL=0.6775 (0.9s)
21:26:34  src.cpcv.models.tree_models  INFO  RandomForest fitted: 528 samples, 18 features, 250 trees.
21:26:35  src.cpcv.pipeline  INFO    [110/168]        random_forest (seed=1) F1=0.394  AUC=0.553  LL=0.6742 (0.9s)
21:26:35  src.cpcv.models.tree_models  INFO  RandomForest fitted: 528 samples, 18 features, 250 trees.
21:26:35  src.cpcv.pipeline  INFO    [111/168]        random_forest (seed=2) F1=0.409  AUC=0.530  LL=0.6776 (0.8s)
21:26:35  src.cpcv.models.tree_models  INFO  XGBoost fitted: 528 samples, early stopped at iteration 1/300.
21:26:35  src.cpcv.pipeline  INFO    [112/168]              xgboost (seed=0) F1=0.501  AUC=0.509  LL=0.6907 (0.1s)
21:26:35  src.cpcv.models.tree_models  INFO  XGBoost fitted: 528 samples, early stopped at iteration 0/300.
21:26:35  src.cpcv.pipeline  INFO    [113/168]              xgboost (seed=1) F1=0.434  AUC=0.520  LL=0.6792 (0.1s)
21:26:36  src.cpcv.models.tree_models  INFO  XGBoost fitted: 528 samples, early stopped at iteration 0/300.
21:26:36  src.cpcv.pipeline  INFO    [114/168]              xgboost (seed=2) F1=0.368  AUC=0.481  LL=0.6874 (0.1s)
21:26:36  src.cpcv.preprocessing  INFO  Computing MDA (Random Forest)...
21:27:08  src.cpcv.preprocessing  INFO  Computing MDA (Logistic Regression)...
21:27:09  src.cpcv.preprocessing  INFO  Multi-model MDA: 19/62 passed (MDA > 0), 43 eliminated
21:27:09  src.cpcv.preprocessing  INFO    Capped at 18 features (top_k_frac=0.3)
21:27:09  src.cpcv.preprocessing  INFO    Selected (18): ['copper_ret_30', 'eth_btc_ratio', 'exchange_supply_pct', 'gold_ret_30', 'hurst', 'issuance_ntv', 'jarque_bera', 'kurtosis', 'mfi_14', 'natgas_ret_30', 'negentropy', 'net_exchange_flow', 'obv', 'oil_ret_30', 'roc_14', 'shannon_entropy', 'skewness', 'us2y']
21:27:09  src.cpcv.pipeline  INFO    Preprocessing: 18 features selected, train=518 + cal=130, test=288
21:27:09  src.cpcv.tuning  INFO  Tuning (2 models) — Optuna TPE + Purged K-Fold (inner: 3 folds, embargo=10 obs)
21:27:09  src.cpcv.tuning  INFO    [tuning] random_forest: 3 purged K-fold splits, 30 Optuna trials (TPE)
21:27:56  src.cpcv.tuning  INFO      random_forest: 16 completed, 14 pruned (of 30 total) — best log_loss=0.6884, params={'n_estimators': 200, 'max_depth': 2, 'min_samples_leaf': 16, 'max_features': 'log2'}
21:27:56  src.cpcv.tuning  INFO    [tuning] random_forest done in 46.5s — best log_loss=0.6884
21:27:56  src.cpcv.tuning  INFO    [tuning] xgboost: 3 purged K-fold splits, 30 Optuna trials (TPE)
21:27:59  src.cpcv.tuning  INFO      xgboost: 8 completed, 22 pruned (of 30 total) — best log_loss=0.6827, params={'max_depth': 3, 'learning_rate': 0.29482327084290944, 'min_child_weight': 23, 'subsample': 0.8234098923117161, 'colsample_bytree': 0.6098821354452019, 'gamma': 1.4472395743747607e-05, 'reg_alpha': 4.077391468444027e-08, 'reg_lambda': 2.6306125320577083}
21:27:59  src.cpcv.tuning  INFO    [tuning] xgboost done in 3.4s — best log_loss=0.6827
21:27:59  src.cpcv.tuning  INFO  Tuning total: 49.8s
21:27:59  src.cpcv.pipeline  INFO      applied random_forest: {'n_estimators': 200, 'max_depth': 2, 'min_samples_leaf': 16, 'max_features': 'log2'}
21:27:59  src.cpcv.pipeline  INFO      applied xgboost: {'max_depth': 3, 'learning_rate': 0.29482327084290944, 'min_child_weight': 23, 'subsample': 0.8234098923117161, 'colsample_bytree': 0.6098821354452019, 'gamma': 1.4472395743747607e-05, 'reg_alpha': 4.077391468444027e-08, 'reg_lambda': 2.6306125320577083}
21:28:00  src.cpcv.models.tree_models  INFO  RandomForest fitted: 518 samples, 18 features, 200 trees.
21:28:00  src.cpcv.pipeline  INFO    [115/168]        random_forest (seed=0) F1=0.482  AUC=0.513  LL=0.6989 (0.8s)
21:28:00  src.cpcv.models.tree_models  INFO  RandomForest fitted: 518 samples, 18 features, 200 trees.
21:28:01  src.cpcv.pipeline  INFO    [116/168]        random_forest (seed=1) F1=0.509  AUC=0.525  LL=0.7056 (0.7s)
21:28:01  src.cpcv.models.tree_models  INFO  RandomForest fitted: 518 samples, 18 features, 200 trees.
21:28:01  src.cpcv.pipeline  INFO    [117/168]        random_forest (seed=2) F1=0.486  AUC=0.494  LL=0.6988 (0.7s)
21:28:01  src.cpcv.models.tree_models  INFO  XGBoost fitted: 518 samples, early stopped at iteration 4/300.
21:28:01  src.cpcv.pipeline  INFO    [118/168]              xgboost (seed=0) F1=0.430  AUC=0.469  LL=0.6973 (0.1s)
21:28:01  src.cpcv.models.tree_models  INFO  XGBoost fitted: 518 samples, early stopped at iteration 4/300.
21:28:01  src.cpcv.pipeline  INFO    [119/168]              xgboost (seed=1) F1=0.516  AUC=0.506  LL=0.7122 (0.1s)
21:28:01  src.cpcv.models.tree_models  INFO  XGBoost fitted: 518 samples, early stopped at iteration 6/300.
21:28:01  src.cpcv.pipeline  INFO    [120/168]              xgboost (seed=2) F1=0.357  AUC=0.467  LL=0.6923 (0.1s)
21:28:02  src.cpcv.preprocessing  INFO  Computing MDA (Random Forest)...
21:28:34  src.cpcv.preprocessing  INFO  Computing MDA (Logistic Regression)...
21:28:35  src.cpcv.preprocessing  INFO  Multi-model MDA: 32/62 passed (MDA > 0), 30 eliminated
21:28:35  src.cpcv.preprocessing  INFO    Capped at 18 features (top_k_frac=0.3)
21:28:35  src.cpcv.preprocessing  INFO    Selected (18): ['bb_width', 'chaikin_osc', 'copper_ret_30', 'eth_btc_ratio', 'exchange_supply_pct', 'fee_per_tx', 'gold_ret_30', 'jarque_bera', 'log_returns_lag14', 'log_returns_lag3', 'macd_hist', 'net_exchange_flow', 'oil_ret_30', 'roc_14', 'silver_ret_30', 'skewness', 'tx_count_roc_14', 'vol_term_7_30']
21:28:35  src.cpcv.pipeline  INFO    Preprocessing: 18 features selected, train=519 + cal=130, test=288
21:28:35  src.cpcv.tuning  INFO  Tuning (2 models) — Optuna TPE + Purged K-Fold (inner: 3 folds, embargo=10 obs)
21:28:35  src.cpcv.tuning  INFO    [tuning] random_forest: 3 purged K-fold splits, 30 Optuna trials (TPE)
21:29:30  src.cpcv.tuning  INFO      random_forest: 16 completed, 14 pruned (of 30 total) — best log_loss=0.6866, params={'n_estimators': 250, 'max_depth': 2, 'min_samples_leaf': 15, 'max_features': 'sqrt'}
21:29:30  src.cpcv.tuning  INFO    [tuning] random_forest done in 54.6s — best log_loss=0.6866
21:29:30  src.cpcv.tuning  INFO    [tuning] xgboost: 3 purged K-fold splits, 30 Optuna trials (TPE)
21:29:33  src.cpcv.tuning  INFO      xgboost: 8 completed, 22 pruned (of 30 total) — best log_loss=0.6809, params={'max_depth': 2, 'learning_rate': 0.1847653614581402, 'min_child_weight': 13, 'subsample': 0.8505915654206465, 'colsample_bytree': 0.800088384752053, 'gamma': 6.064709021823581e-07, 'reg_alpha': 5.415942384949896e-07, 'reg_lambda': 0.1473357711352491}
21:29:33  src.cpcv.tuning  INFO    [tuning] xgboost done in 3.8s — best log_loss=0.6809
21:29:33  src.cpcv.tuning  INFO  Tuning total: 58.3s
21:29:33  src.cpcv.pipeline  INFO      applied random_forest: {'n_estimators': 250, 'max_depth': 2, 'min_samples_leaf': 15, 'max_features': 'sqrt'}
21:29:33  src.cpcv.pipeline  INFO      applied xgboost: {'max_depth': 2, 'learning_rate': 0.1847653614581402, 'min_child_weight': 13, 'subsample': 0.8505915654206465, 'colsample_bytree': 0.800088384752053, 'gamma': 6.064709021823581e-07, 'reg_alpha': 5.415942384949896e-07, 'reg_lambda': 0.1473357711352491}
21:29:34  src.cpcv.models.tree_models  INFO  RandomForest fitted: 519 samples, 18 features, 250 trees.
21:29:34  src.cpcv.pipeline  INFO    [121/168]        random_forest (seed=0) F1=0.435  AUC=0.453  LL=0.7245 (0.9s)
21:29:35  src.cpcv.models.tree_models  INFO  RandomForest fitted: 519 samples, 18 features, 250 trees.
21:29:35  src.cpcv.pipeline  INFO    [122/168]        random_forest (seed=1) F1=0.395  AUC=0.456  LL=0.7229 (0.8s)
21:29:36  src.cpcv.models.tree_models  INFO  RandomForest fitted: 519 samples, 18 features, 250 trees.
21:29:36  src.cpcv.pipeline  INFO    [123/168]        random_forest (seed=2) F1=0.433  AUC=0.451  LL=0.7367 (0.9s)
21:29:36  src.cpcv.models.tree_models  INFO  XGBoost fitted: 519 samples, early stopped at iteration 11/300.
21:29:36  src.cpcv.pipeline  INFO    [124/168]              xgboost (seed=0) F1=0.452  AUC=0.481  LL=0.7348 (0.1s)
21:29:36  src.cpcv.models.tree_models  INFO  XGBoost fitted: 519 samples, early stopped at iteration 17/300.
21:29:36  src.cpcv.pipeline  INFO    [125/168]              xgboost (seed=1) F1=0.460  AUC=0.521  LL=0.6908 (0.1s)
21:29:36  src.cpcv.models.tree_models  INFO  XGBoost fitted: 519 samples, early stopped at iteration 3/300.
21:29:36  src.cpcv.pipeline  INFO    [126/168]              xgboost (seed=2) F1=0.462  AUC=0.459  LL=0.7253 (0.1s)
21:29:37  src.cpcv.preprocessing  INFO  Computing MDA (Random Forest)...
21:30:10  src.cpcv.preprocessing  INFO  Computing MDA (Logistic Regression)...
21:30:11  src.cpcv.preprocessing  INFO  Multi-model MDA: 33/62 passed (MDA > 0), 29 eliminated
21:30:11  src.cpcv.preprocessing  INFO    Capped at 18 features (top_k_frac=0.3)
21:30:11  src.cpcv.preprocessing  INFO    Selected (18): ['bb_width', 'cci_14', 'ema_ratio_20_50', 'eth_btc_ratio', 'exchange_supply_pct', 'fee_per_tx', 'gk_vol', 'hurst', 'log_returns_lag1', 'roc_14', 'shannon_entropy', 'silver_ret_30', 'smt_poly1', 'sp500_ret_30', 'tx_count_roc_14', 'us10y', 'vol_term_30_90', 'yz_vol']
21:30:11  src.cpcv.pipeline  INFO    Preprocessing: 18 features selected, train=520 + cal=131, test=295
21:30:11  src.cpcv.tuning  INFO  Tuning (2 models) — Optuna TPE + Purged K-Fold (inner: 3 folds, embargo=10 obs)
21:30:11  src.cpcv.tuning  INFO    [tuning] random_forest: 3 purged K-fold splits, 30 Optuna trials (TPE)
21:30:59  src.cpcv.tuning  INFO      random_forest: 17 completed, 13 pruned (of 30 total) — best log_loss=0.6777, params={'n_estimators': 200, 'max_depth': 2, 'min_samples_leaf': 31, 'max_features': 'log2'}
21:30:59  src.cpcv.tuning  INFO    [tuning] random_forest done in 47.7s — best log_loss=0.6777
21:30:59  src.cpcv.tuning  INFO    [tuning] xgboost: 3 purged K-fold splits, 30 Optuna trials (TPE)
21:31:05  src.cpcv.tuning  INFO      xgboost: 20 completed, 10 pruned (of 30 total) — best log_loss=0.6694, params={'max_depth': 3, 'learning_rate': 0.035629889744658604, 'min_child_weight': 13, 'subsample': 0.8614723189048554, 'colsample_bytree': 0.7309962350571283, 'gamma': 3.281387055294937e-05, 'reg_alpha': 0.02164001249730466, 'reg_lambda': 0.07148735592884962}
21:31:05  src.cpcv.tuning  INFO    [tuning] xgboost done in 5.9s — best log_loss=0.6694
21:31:05  src.cpcv.tuning  INFO  Tuning total: 53.6s
21:31:05  src.cpcv.pipeline  INFO      applied random_forest: {'n_estimators': 200, 'max_depth': 2, 'min_samples_leaf': 31, 'max_features': 'log2'}
21:31:05  src.cpcv.pipeline  INFO      applied xgboost: {'max_depth': 3, 'learning_rate': 0.035629889744658604, 'min_child_weight': 13, 'subsample': 0.8614723189048554, 'colsample_bytree': 0.7309962350571283, 'gamma': 3.281387055294937e-05, 'reg_alpha': 0.02164001249730466, 'reg_lambda': 0.07148735592884962}
21:31:05  src.cpcv.models.tree_models  INFO  RandomForest fitted: 520 samples, 18 features, 200 trees.
21:31:05  src.cpcv.pipeline  INFO    [127/168]        random_forest (seed=0) F1=0.466  AUC=0.481  LL=0.7008 (0.7s)
21:31:06  src.cpcv.models.tree_models  INFO  RandomForest fitted: 520 samples, 18 features, 200 trees.
21:31:06  src.cpcv.pipeline  INFO    [128/168]        random_forest (seed=1) F1=0.504  AUC=0.491  LL=0.7200 (0.7s)
21:31:07  src.cpcv.models.tree_models  INFO  RandomForest fitted: 520 samples, 18 features, 200 trees.
21:31:07  src.cpcv.pipeline  INFO    [129/168]        random_forest (seed=2) F1=0.490  AUC=0.488  LL=0.6972 (0.8s)
21:31:07  src.cpcv.models.tree_models  INFO  XGBoost fitted: 520 samples, early stopped at iteration 1/300.
21:31:07  src.cpcv.pipeline  INFO    [130/168]              xgboost (seed=0) F1=0.360  AUC=0.477  LL=0.6869 (0.1s)
21:31:07  src.cpcv.models.tree_models  INFO  XGBoost fitted: 520 samples, early stopped at iteration 2/300.
21:31:07  src.cpcv.pipeline  INFO    [131/168]              xgboost (seed=1) F1=0.360  AUC=0.501  LL=0.6869 (0.1s)
21:31:07  src.cpcv.models.tree_models  INFO  XGBoost fitted: 520 samples, early stopped at iteration 1/300.
21:31:07  src.cpcv.pipeline  INFO    [132/168]              xgboost (seed=2) F1=0.360  AUC=0.513  LL=0.6869 (0.1s)
21:31:07  src.cpcv.preprocessing  INFO  Computing MDA (Random Forest)...
21:31:39  src.cpcv.preprocessing  INFO  Computing MDA (Logistic Regression)...
21:31:40  src.cpcv.preprocessing  INFO  Multi-model MDA: 31/62 passed (MDA > 0), 31 eliminated
21:31:40  src.cpcv.preprocessing  INFO    Capped at 18 features (top_k_frac=0.3)
21:31:40  src.cpcv.preprocessing  INFO    Selected (18): ['active_addr_roc_14', 'atr', 'cci_14', 'ema_ratio_20_50', 'exchange_supply_pct', 'kurtosis', 'log_returns_lag7', 'lz_complexity', 'macd', 'macd_hist', 'mvrv', 'nasdaq_ret_30', 'natgas_ret_30', 'negentropy', 'roc_14', 'rsi', 'skewness', 'us2y']
21:31:40  src.cpcv.pipeline  INFO    Preprocessing: 18 features selected, train=528 + cal=133, test=288
21:31:40  src.cpcv.tuning  INFO  Tuning (2 models) — Optuna TPE + Purged K-Fold (inner: 3 folds, embargo=10 obs)
21:31:40  src.cpcv.tuning  INFO    [tuning] random_forest: 3 purged K-fold splits, 30 Optuna trials (TPE)
21:32:22  src.cpcv.tuning  INFO      random_forest: 10 completed, 20 pruned (of 30 total) — best log_loss=0.6969, params={'n_estimators': 250, 'max_depth': 2, 'min_samples_leaf': 40, 'max_features': 'log2'}
21:32:22  src.cpcv.tuning  INFO    [tuning] random_forest done in 42.0s — best log_loss=0.6969
21:32:22  src.cpcv.tuning  INFO    [tuning] xgboost: 3 purged K-fold splits, 30 Optuna trials (TPE)
21:32:26  src.cpcv.tuning  INFO      xgboost: 11 completed, 19 pruned (of 30 total) — best log_loss=0.6838, params={'max_depth': 1, 'learning_rate': 0.08104364328011747, 'min_child_weight': 18, 'subsample': 0.7649011048051568, 'colsample_bytree': 0.9648216666789045, 'gamma': 2.321622488956692e-07, 'reg_alpha': 1.2537123712612529e-05, 'reg_lambda': 0.00041493920000016315}
21:32:26  src.cpcv.tuning  INFO    [tuning] xgboost done in 4.0s — best log_loss=0.6838
21:32:26  src.cpcv.tuning  INFO  Tuning total: 46.0s
21:32:26  src.cpcv.pipeline  INFO      applied random_forest: {'n_estimators': 250, 'max_depth': 2, 'min_samples_leaf': 40, 'max_features': 'log2'}
21:32:26  src.cpcv.pipeline  INFO      applied xgboost: {'max_depth': 1, 'learning_rate': 0.08104364328011747, 'min_child_weight': 18, 'subsample': 0.7649011048051568, 'colsample_bytree': 0.9648216666789045, 'gamma': 2.321622488956692e-07, 'reg_alpha': 1.2537123712612529e-05, 'reg_lambda': 0.00041493920000016315}
21:32:27  src.cpcv.models.tree_models  INFO  RandomForest fitted: 528 samples, 18 features, 250 trees.
21:32:27  src.cpcv.pipeline  INFO    [133/168]        random_forest (seed=0) F1=0.407  AUC=0.507  LL=0.6886 (1.0s)
21:32:28  src.cpcv.models.tree_models  INFO  RandomForest fitted: 528 samples, 18 features, 250 trees.
21:32:28  src.cpcv.pipeline  INFO    [134/168]        random_forest (seed=1) F1=0.373  AUC=0.473  LL=0.6908 (0.9s)
21:32:29  src.cpcv.models.tree_models  INFO  RandomForest fitted: 528 samples, 18 features, 250 trees.
21:32:29  src.cpcv.pipeline  INFO    [135/168]        random_forest (seed=2) F1=0.384  AUC=0.477  LL=0.6918 (0.9s)
21:32:29  src.cpcv.models.tree_models  INFO  XGBoost fitted: 528 samples, early stopped at iteration 2/300.
21:32:29  src.cpcv.pipeline  INFO    [136/168]              xgboost (seed=0) F1=0.356  AUC=0.561  LL=0.6830 (0.1s)
21:32:29  src.cpcv.models.tree_models  INFO  XGBoost fitted: 528 samples, early stopped at iteration 2/300.
21:32:29  src.cpcv.pipeline  INFO    [137/168]              xgboost (seed=1) F1=0.356  AUC=0.513  LL=0.6878 (0.1s)
21:32:29  src.cpcv.models.tree_models  INFO  XGBoost fitted: 528 samples, early stopped at iteration 10/300.
21:32:29  src.cpcv.pipeline  INFO    [138/168]              xgboost (seed=2) F1=0.413  AUC=0.462  LL=0.6942 (0.1s)
21:32:29  src.cpcv.preprocessing  INFO  Computing MDA (Random Forest)...
21:33:02  src.cpcv.preprocessing  INFO  Computing MDA (Logistic Regression)...
21:33:03  src.cpcv.preprocessing  INFO  Multi-model MDA: 40/62 passed (MDA > 0), 22 eliminated
21:33:03  src.cpcv.preprocessing  INFO    Capped at 18 features (top_k_frac=0.3)
21:33:03  src.cpcv.preprocessing  INFO    Selected (18): ['eth_btc_ratio', 'gk_vol', 'hurst', 'kurtosis', 'macd', 'nasdaq_ret_30', 'oil_ret_30', 'roc_14', 'rsi', 'sadf', 'silver_ret_30', 'skewness', 'smt_exp', 'vix', 'vwma_ratio_20_50', 'williams_r', 'yield_curve_10y30y', 'yz_vol']
21:33:03  src.cpcv.pipeline  INFO    Preprocessing: 18 features selected, train=519 + cal=130, test=288
21:33:03  src.cpcv.tuning  INFO  Tuning (2 models) — Optuna TPE + Purged K-Fold (inner: 3 folds, embargo=10 obs)
21:33:03  src.cpcv.tuning  INFO    [tuning] random_forest: 3 purged K-fold splits, 30 Optuna trials (TPE)
21:33:51  src.cpcv.tuning  INFO      random_forest: 20 completed, 10 pruned (of 30 total) — best log_loss=0.6766, params={'n_estimators': 200, 'max_depth': 5, 'min_samples_leaf': 18, 'max_features': 'log2'}
21:33:51  src.cpcv.tuning  INFO    [tuning] random_forest done in 47.8s — best log_loss=0.6766
21:33:51  src.cpcv.tuning  INFO    [tuning] xgboost: 3 purged K-fold splits, 30 Optuna trials (TPE)
21:33:57  src.cpcv.tuning  INFO      xgboost: 9 completed, 21 pruned (of 30 total) — best log_loss=0.6656, params={'max_depth': 2, 'learning_rate': 0.2936518486811384, 'min_child_weight': 18, 'subsample': 0.764321447048622, 'colsample_bytree': 0.8622917419242879, 'gamma': 7.260399224882248e-05, 'reg_alpha': 0.0004216289451032701, 'reg_lambda': 9.372376458918428e-08}
21:33:57  src.cpcv.tuning  INFO    [tuning] xgboost done in 5.6s — best log_loss=0.6656
21:33:57  src.cpcv.tuning  INFO  Tuning total: 53.4s
21:33:57  src.cpcv.pipeline  INFO      applied random_forest: {'n_estimators': 200, 'max_depth': 5, 'min_samples_leaf': 18, 'max_features': 'log2'}
21:33:57  src.cpcv.pipeline  INFO      applied xgboost: {'max_depth': 2, 'learning_rate': 0.2936518486811384, 'min_child_weight': 18, 'subsample': 0.764321447048622, 'colsample_bytree': 0.8622917419242879, 'gamma': 7.260399224882248e-05, 'reg_alpha': 0.0004216289451032701, 'reg_lambda': 9.372376458918428e-08}
21:33:57  src.cpcv.models.tree_models  INFO  RandomForest fitted: 519 samples, 18 features, 200 trees.
21:33:58  src.cpcv.pipeline  INFO    [139/168]        random_forest (seed=0) F1=0.461  AUC=0.555  LL=0.6801 (0.8s)
21:33:58  src.cpcv.models.tree_models  INFO  RandomForest fitted: 519 samples, 18 features, 200 trees.
21:33:58  src.cpcv.pipeline  INFO    [140/168]        random_forest (seed=1) F1=0.476  AUC=0.540  LL=0.6822 (0.8s)
21:33:59  src.cpcv.models.tree_models  INFO  RandomForest fitted: 519 samples, 18 features, 200 trees.
21:33:59  src.cpcv.pipeline  INFO    [141/168]        random_forest (seed=2) F1=0.486  AUC=0.551  LL=0.6795 (0.7s)
21:33:59  src.cpcv.models.tree_models  INFO  XGBoost fitted: 519 samples, early stopped at iteration 8/300.
21:33:59  src.cpcv.pipeline  INFO    [142/168]              xgboost (seed=0) F1=0.535  AUC=0.551  LL=0.6849 (0.1s)
21:33:59  src.cpcv.models.tree_models  INFO  XGBoost fitted: 519 samples, early stopped at iteration 0/300.
21:33:59  src.cpcv.pipeline  INFO    [143/168]              xgboost (seed=1) F1=0.492  AUC=0.525  LL=0.6820 (0.0s)
21:33:59  src.cpcv.models.tree_models  INFO  XGBoost fitted: 519 samples, early stopped at iteration 0/300.
21:33:59  src.cpcv.pipeline  INFO    [144/168]              xgboost (seed=2) F1=0.463  AUC=0.462  LL=0.6999 (0.0s)
21:34:00  src.cpcv.preprocessing  INFO  Computing MDA (Random Forest)...
21:34:31  src.cpcv.preprocessing  INFO  Computing MDA (Logistic Regression)...
21:34:32  src.cpcv.preprocessing  INFO  Multi-model MDA: 18/62 passed (MDA > 0), 44 eliminated
21:34:32  src.cpcv.preprocessing  INFO    Selected (18): ['active_addr_roc_14', 'dxy_roc_30', 'eth_btc_ratio', 'exchange_supply_pct', 'hurst', 'kurtosis', 'log_returns_lag3', 'lz_complexity', 'macd_signal', 'nasdaq_ret_30', 'sadf', 'skewness', 'smt_poly1', 'tx_count_roc_14', 'us2y', 'vol_term_30_90', 'williams_r', 'yz_vol']
21:34:32  src.cpcv.pipeline  INFO    Preprocessing: 18 features selected, train=520 + cal=131, test=295
21:34:32  src.cpcv.tuning  INFO  Tuning (2 models) — Optuna TPE + Purged K-Fold (inner: 3 folds, embargo=10 obs)
21:34:32  src.cpcv.tuning  INFO    [tuning] random_forest: 3 purged K-fold splits, 30 Optuna trials (TPE)
21:35:08  src.cpcv.tuning  INFO      random_forest: 16 completed, 14 pruned (of 30 total) — best log_loss=0.6789, params={'n_estimators': 100, 'max_depth': 3, 'min_samples_leaf': 29, 'max_features': 'sqrt'}
21:35:08  src.cpcv.tuning  INFO    [tuning] random_forest done in 36.0s — best log_loss=0.6789
21:35:08  src.cpcv.tuning  INFO    [tuning] xgboost: 3 purged K-fold splits, 30 Optuna trials (TPE)
21:35:13  src.cpcv.tuning  INFO      xgboost: 16 completed, 14 pruned (of 30 total) — best log_loss=0.6675, params={'max_depth': 2, 'learning_rate': 0.10781135193503111, 'min_child_weight': 11, 'subsample': 0.6271907229330482, 'colsample_bytree': 0.8885130277630665, 'gamma': 1.1536165201613692e-08, 'reg_alpha': 0.0001653282123997987, 'reg_lambda': 1.4359690912042223e-06}
21:35:13  src.cpcv.tuning  INFO    [tuning] xgboost done in 4.8s — best log_loss=0.6675
21:35:13  src.cpcv.tuning  INFO  Tuning total: 40.9s
21:35:13  src.cpcv.pipeline  INFO      applied random_forest: {'n_estimators': 100, 'max_depth': 3, 'min_samples_leaf': 29, 'max_features': 'sqrt'}
21:35:13  src.cpcv.pipeline  INFO      applied xgboost: {'max_depth': 2, 'learning_rate': 0.10781135193503111, 'min_child_weight': 11, 'subsample': 0.6271907229330482, 'colsample_bytree': 0.8885130277630665, 'gamma': 1.1536165201613692e-08, 'reg_alpha': 0.0001653282123997987, 'reg_lambda': 1.4359690912042223e-06}
21:35:13  src.cpcv.models.tree_models  INFO  RandomForest fitted: 520 samples, 18 features, 100 trees.
21:35:13  src.cpcv.pipeline  INFO    [145/168]        random_forest (seed=0) F1=0.395  AUC=0.535  LL=0.6814 (0.4s)
21:35:14  src.cpcv.models.tree_models  INFO  RandomForest fitted: 520 samples, 18 features, 100 trees.
21:35:14  src.cpcv.pipeline  INFO    [146/168]        random_forest (seed=1) F1=0.399  AUC=0.533  LL=0.6801 (0.4s)
21:35:14  src.cpcv.models.tree_models  INFO  RandomForest fitted: 520 samples, 18 features, 100 trees.
21:35:14  src.cpcv.pipeline  INFO    [147/168]        random_forest (seed=2) F1=0.366  AUC=0.463  LL=0.6877 (0.4s)
21:35:14  src.cpcv.models.tree_models  INFO  XGBoost fitted: 520 samples, early stopped at iteration 6/300.
21:35:14  src.cpcv.pipeline  INFO    [148/168]              xgboost (seed=0) F1=0.519  AUC=0.534  LL=0.6916 (0.1s)
21:35:14  src.cpcv.models.tree_models  INFO  XGBoost fitted: 520 samples, early stopped at iteration 0/300.
21:35:14  src.cpcv.pipeline  INFO    [149/168]              xgboost (seed=1) F1=0.366  AUC=0.509  LL=0.6850 (0.0s)
21:35:14  src.cpcv.models.tree_models  INFO  XGBoost fitted: 520 samples, early stopped at iteration 0/300.
21:35:14  src.cpcv.pipeline  INFO    [150/168]              xgboost (seed=2) F1=0.366  AUC=0.548  LL=0.6852 (0.0s)
21:35:15  src.cpcv.preprocessing  INFO  Computing MDA (Random Forest)...
21:35:46  src.cpcv.preprocessing  INFO  Computing MDA (Logistic Regression)...
21:35:47  src.cpcv.preprocessing  INFO  Multi-model MDA: 41/62 passed (MDA > 0), 21 eliminated
21:35:47  src.cpcv.preprocessing  INFO    Capped at 18 features (top_k_frac=0.3)
21:35:47  src.cpcv.preprocessing  INFO    Selected (18): ['active_addr_roc_14', 'eth_btc_ratio', 'exchange_supply_pct', 'kurtosis', 'log_returns', 'log_returns_lag14', 'macd', 'mfi_14', 'mvrv', 'negentropy', 'roc_14', 'silver_ret_30', 'smt_exp', 'smt_poly1', 'tx_count_roc_14', 'vix', 'vwma_ratio_20_50', 'yz_vol']
21:35:47  src.cpcv.pipeline  INFO    Preprocessing: 18 features selected, train=527 + cal=132, test=288
21:35:47  src.cpcv.tuning  INFO  Tuning (2 models) — Optuna TPE + Purged K-Fold (inner: 3 folds, embargo=10 obs)
21:35:47  src.cpcv.tuning  INFO    [tuning] random_forest: 3 purged K-fold splits, 30 Optuna trials (TPE)
21:36:37  src.cpcv.tuning  INFO      random_forest: 16 completed, 14 pruned (of 30 total) — best log_loss=0.6858, params={'n_estimators': 250, 'max_depth': 2, 'min_samples_leaf': 24, 'max_features': 'log2'}
21:36:37  src.cpcv.tuning  INFO    [tuning] random_forest done in 49.4s — best log_loss=0.6858
21:36:37  src.cpcv.tuning  INFO    [tuning] xgboost: 3 purged K-fold splits, 30 Optuna trials (TPE)
21:36:41  src.cpcv.tuning  INFO      xgboost: 18 completed, 12 pruned (of 30 total) — best log_loss=0.6829, params={'max_depth': 1, 'learning_rate': 0.17834788873410443, 'min_child_weight': 10, 'subsample': 0.838831819003057, 'colsample_bytree': 0.6528673108628101, 'gamma': 3.592051636044651e-07, 'reg_alpha': 2.33712215148731e-06, 'reg_lambda': 9.222647290440284}
21:36:41  src.cpcv.tuning  INFO    [tuning] xgboost done in 4.3s — best log_loss=0.6829
21:36:41  src.cpcv.tuning  INFO  Tuning total: 53.7s
21:36:41  src.cpcv.pipeline  INFO      applied random_forest: {'n_estimators': 250, 'max_depth': 2, 'min_samples_leaf': 24, 'max_features': 'log2'}
21:36:41  src.cpcv.pipeline  INFO      applied xgboost: {'max_depth': 1, 'learning_rate': 0.17834788873410443, 'min_child_weight': 10, 'subsample': 0.838831819003057, 'colsample_bytree': 0.6528673108628101, 'gamma': 3.592051636044651e-07, 'reg_alpha': 2.33712215148731e-06, 'reg_lambda': 9.222647290440284}
21:36:42  src.cpcv.models.tree_models  INFO  RandomForest fitted: 527 samples, 18 features, 250 trees.
21:36:42  src.cpcv.pipeline  INFO    [151/168]        random_forest (seed=0) F1=0.532  AUC=0.550  LL=0.6946 (0.9s)
21:36:43  src.cpcv.models.tree_models  INFO  RandomForest fitted: 527 samples, 18 features, 250 trees.
21:36:43  src.cpcv.pipeline  INFO    [152/168]        random_forest (seed=1) F1=0.525  AUC=0.552  LL=0.6913 (0.9s)
21:36:44  src.cpcv.models.tree_models  INFO  RandomForest fitted: 527 samples, 18 features, 250 trees.
21:36:44  src.cpcv.pipeline  INFO    [153/168]        random_forest (seed=2) F1=0.523  AUC=0.556  LL=0.6899 (0.9s)
21:36:44  src.cpcv.models.tree_models  INFO  XGBoost fitted: 527 samples, early stopped at iteration 26/300.
21:36:44  src.cpcv.pipeline  INFO    [154/168]              xgboost (seed=0) F1=0.575  AUC=0.581  LL=0.6889 (0.1s)
21:36:44  src.cpcv.models.tree_models  INFO  XGBoost fitted: 527 samples, early stopped at iteration 22/300.
21:36:44  src.cpcv.pipeline  INFO    [155/168]              xgboost (seed=1) F1=0.522  AUC=0.558  LL=0.6913 (0.1s)
21:36:44  src.cpcv.models.tree_models  INFO  XGBoost fitted: 527 samples, early stopped at iteration 13/300.
21:36:44  src.cpcv.pipeline  INFO    [156/168]              xgboost (seed=2) F1=0.464  AUC=0.540  LL=0.7010 (0.0s)
21:36:44  src.cpcv.preprocessing  INFO  Computing MDA (Random Forest)...
21:37:17  src.cpcv.preprocessing  INFO  Computing MDA (Logistic Regression)...
21:37:18  src.cpcv.preprocessing  INFO  Multi-model MDA: 32/62 passed (MDA > 0), 30 eliminated
21:37:18  src.cpcv.preprocessing  INFO    Capped at 18 features (top_k_frac=0.3)
21:37:18  src.cpcv.preprocessing  INFO    Selected (18): ['atr', 'bb_width', 'eth_btc_ratio', 'exchange_supply_pct', 'hashrate_roc_30', 'log_returns_lag1', 'log_returns_lag14', 'log_returns_lag3', 'lz_complexity', 'mfi_14', 'natgas_ret_30', 'skewness', 'us10y', 'us2y', 'vix', 'yield_curve_10y30y', 'yield_curve_2y10y', 'yz_vol']
21:37:18  src.cpcv.pipeline  INFO    Preprocessing: 18 features selected, train=519 + cal=130, test=295
21:37:18  src.cpcv.tuning  INFO  Tuning (2 models) — Optuna TPE + Purged K-Fold (inner: 3 folds, embargo=10 obs)
21:37:18  src.cpcv.tuning  INFO    [tuning] random_forest: 3 purged K-fold splits, 30 Optuna trials (TPE)
21:38:03  src.cpcv.tuning  INFO      random_forest: 15 completed, 15 pruned (of 30 total) — best log_loss=0.6907, params={'n_estimators': 200, 'max_depth': 2, 'min_samples_leaf': 24, 'max_features': 'log2'}
21:38:03  src.cpcv.tuning  INFO    [tuning] random_forest done in 45.8s — best log_loss=0.6907
21:38:03  src.cpcv.tuning  INFO    [tuning] xgboost: 3 purged K-fold splits, 30 Optuna trials (TPE)
21:38:08  src.cpcv.tuning  INFO      xgboost: 14 completed, 16 pruned (of 30 total) — best log_loss=0.6784, params={'max_depth': 2, 'learning_rate': 0.11569234059786476, 'min_child_weight': 5, 'subsample': 0.7760975920640389, 'colsample_bytree': 0.8163366616422776, 'gamma': 0.0003715637994997209, 'reg_alpha': 5.970826690614986e-05, 'reg_lambda': 0.002113061911376968}
21:38:08  src.cpcv.tuning  INFO    [tuning] xgboost done in 4.8s — best log_loss=0.6784
21:38:08  src.cpcv.tuning  INFO  Tuning total: 50.6s
21:38:08  src.cpcv.pipeline  INFO      applied random_forest: {'n_estimators': 200, 'max_depth': 2, 'min_samples_leaf': 24, 'max_features': 'log2'}
21:38:08  src.cpcv.pipeline  INFO      applied xgboost: {'max_depth': 2, 'learning_rate': 0.11569234059786476, 'min_child_weight': 5, 'subsample': 0.7760975920640389, 'colsample_bytree': 0.8163366616422776, 'gamma': 0.0003715637994997209, 'reg_alpha': 5.970826690614986e-05, 'reg_lambda': 0.002113061911376968}
21:38:09  src.cpcv.models.tree_models  INFO  RandomForest fitted: 519 samples, 18 features, 200 trees.
21:38:09  src.cpcv.pipeline  INFO    [157/168]        random_forest (seed=0) F1=0.473  AUC=0.567  LL=0.6924 (0.7s)
21:38:10  src.cpcv.models.tree_models  INFO  RandomForest fitted: 519 samples, 18 features, 200 trees.
21:38:10  src.cpcv.pipeline  INFO    [158/168]        random_forest (seed=1) F1=0.475  AUC=0.574  LL=0.6855 (0.8s)
21:38:10  src.cpcv.models.tree_models  INFO  RandomForest fitted: 519 samples, 18 features, 200 trees.
21:38:10  src.cpcv.pipeline  INFO    [159/168]        random_forest (seed=2) F1=0.482  AUC=0.590  LL=0.6928 (0.8s)
21:38:10  src.cpcv.models.tree_models  INFO  XGBoost fitted: 519 samples, early stopped at iteration 4/300.
21:38:11  src.cpcv.pipeline  INFO    [160/168]              xgboost (seed=0) F1=0.556  AUC=0.585  LL=0.7953 (0.1s)
21:38:11  src.cpcv.models.tree_models  INFO  XGBoost fitted: 519 samples, early stopped at iteration 4/300.
21:38:11  src.cpcv.pipeline  INFO    [161/168]              xgboost (seed=1) F1=0.548  AUC=0.546  LL=0.6883 (0.1s)
21:38:11  src.cpcv.models.tree_models  INFO  XGBoost fitted: 519 samples, early stopped at iteration 5/300.
21:38:11  src.cpcv.pipeline  INFO    [162/168]              xgboost (seed=2) F1=0.539  AUC=0.574  LL=0.6816 (0.1s)
21:38:11  src.cpcv.preprocessing  INFO  Computing MDA (Random Forest)...
21:38:43  src.cpcv.preprocessing  INFO  Computing MDA (Logistic Regression)...
21:38:44  src.cpcv.preprocessing  INFO  Multi-model MDA: 13/62 passed (MDA > 0), 49 eliminated
21:38:44  src.cpcv.preprocessing  INFO    Selected (13): ['chaikin_osc', 'eth_btc_ratio', 'exchange_supply_pct', 'gk_vol', 'kurtosis', 'log_returns', 'nasdaq_ret_30', 'realized_vol', 'roc_14', 'smt_exp', 'smt_poly1', 'sp500_ret_30', 'us10y']
21:38:44  src.cpcv.pipeline  INFO    Preprocessing: 13 features selected, train=531 + cal=133, test=295
21:38:44  src.cpcv.tuning  INFO  Tuning (2 models) — Optuna TPE + Purged K-Fold (inner: 3 folds, embargo=10 obs)
21:38:44  src.cpcv.tuning  INFO    [tuning] random_forest: 3 purged K-fold splits, 30 Optuna trials (TPE)
21:39:33  src.cpcv.tuning  INFO      random_forest: 30 completed, 0 pruned (of 30 total) — best log_loss=0.6776, params={'n_estimators': 150, 'max_depth': 3, 'min_samples_leaf': 26, 'max_features': 'log2'}
21:39:33  src.cpcv.tuning  INFO    [tuning] random_forest done in 48.5s — best log_loss=0.6776
21:39:33  src.cpcv.tuning  INFO    [tuning] xgboost: 3 purged K-fold splits, 30 Optuna trials (TPE)
21:39:38  src.cpcv.tuning  INFO      xgboost: 21 completed, 9 pruned (of 30 total) — best log_loss=0.6665, params={'max_depth': 2, 'learning_rate': 0.19598681885818753, 'min_child_weight': 12, 'subsample': 0.6793845708468756, 'colsample_bytree': 0.8635159097607085, 'gamma': 0.00043576477816748493, 'reg_alpha': 1.3438697052016084, 'reg_lambda': 4.779634747758857e-06}
21:39:38  src.cpcv.tuning  INFO    [tuning] xgboost done in 4.9s — best log_loss=0.6665
21:39:38  src.cpcv.tuning  INFO  Tuning total: 53.5s
21:39:38  src.cpcv.pipeline  INFO      applied random_forest: {'n_estimators': 150, 'max_depth': 3, 'min_samples_leaf': 26, 'max_features': 'log2'}
21:39:38  src.cpcv.pipeline  INFO      applied xgboost: {'max_depth': 2, 'learning_rate': 0.19598681885818753, 'min_child_weight': 12, 'subsample': 0.6793845708468756, 'colsample_bytree': 0.8635159097607085, 'gamma': 0.00043576477816748493, 'reg_alpha': 1.3438697052016084, 'reg_lambda': 4.779634747758857e-06}
21:39:38  src.cpcv.models.tree_models  INFO  RandomForest fitted: 531 samples, 13 features, 150 trees.
21:39:38  src.cpcv.pipeline  INFO    [163/168]        random_forest (seed=0) F1=0.445  AUC=0.478  LL=0.7389 (0.6s)
21:39:39  src.cpcv.models.tree_models  INFO  RandomForest fitted: 531 samples, 13 features, 150 trees.
21:39:39  src.cpcv.pipeline  INFO    [164/168]        random_forest (seed=1) F1=0.497  AUC=0.489  LL=0.7409 (0.5s)
21:39:39  src.cpcv.models.tree_models  INFO  RandomForest fitted: 531 samples, 13 features, 150 trees.
21:39:39  src.cpcv.pipeline  INFO    [165/168]        random_forest (seed=2) F1=0.491  AUC=0.482  LL=0.7514 (0.5s)
21:39:39  src.cpcv.models.tree_models  INFO  XGBoost fitted: 531 samples, early stopped at iteration 22/300.
21:39:39  src.cpcv.pipeline  INFO    [166/168]              xgboost (seed=0) F1=0.460  AUC=0.461  LL=0.7506 (0.1s)
21:39:39  src.cpcv.models.tree_models  INFO  XGBoost fitted: 531 samples, early stopped at iteration 19/300.
21:39:39  src.cpcv.pipeline  INFO    [167/168]              xgboost (seed=1) F1=0.455  AUC=0.481  LL=0.7544 (0.1s)
21:39:40  src.cpcv.models.tree_models  INFO  XGBoost fitted: 531 samples, early stopped at iteration 19/300.
21:39:40  src.cpcv.pipeline  INFO    [168/168]              xgboost (seed=2) F1=0.461  AUC=0.450  LL=0.7973 (0.1s)
21:39:40  src.cpcv.pipeline  INFO  ============================================================
21:39:40  src.cpcv.pipeline  INFO  CPCV Pipeline Complete
21:39:40  src.cpcv.pipeline  INFO  ============================================================
21:39:40  src.cpcv.pipeline  INFO    Total time:     2611.1s (43.5m)
21:39:40  src.cpcv.pipeline  INFO    Tasks:          168 succeeded, 0 failed
21:39:40  src.cpcv.pipeline  INFO    Results keys:   168 (model, split, seed) entries
21:39:40  src.cpcv.pipeline  INFO    Backtest paths: 7
21:39:40  src.cpcv.pipeline  INFO    Tuning:         nested (per-split), 28 splits tuned, models=['random_forest', 'xgboost']
21:39:40  src.cpcv.pipeline  INFO  ============================================================
21:39:40  src.cpcv.pipeline  INFO  ============================================================
21:39:40  src.cpcv.pipeline  INFO  CPCV Pipeline
21:39:40  src.cpcv.pipeline  INFO  ============================================================
21:39:40  src.cpcv.pipeline  INFO    Models:         ['lstm']
21:39:40  src.cpcv.pipeline  INFO    Seeds/fold:     2
21:39:40  src.cpcv.pipeline  INFO    Groups (N):     8
21:39:40  src.cpcv.pipeline  INFO    Test groups (k):2
21:39:40  src.cpcv.pipeline  INFO    Embargo:        1.0%
21:39:40  src.cpcv.pipeline  INFO    FFD columns:    ['atr']
21:39:40  src.cpcv.pipeline  INFO    Samples:        1159
21:39:40  src.cpcv.pipeline  INFO    Features:       62
21:39:40  src.cpcv.pipeline  INFO    Splits:         28, Paths: 7
21:39:40  src.cpcv.pipeline  INFO    Tuning:         NESTED (per-split) — ['lstm'] [30 trials]
21:39:40  src.cpcv.pipeline  INFO  ============================================================
21:39:40  src.cpcv.preprocessing  INFO  Computing MDA (Random Forest)...
21:40:17  src.cpcv.preprocessing  INFO  Computing MDA (Logistic Regression)...
21:40:18  src.cpcv.preprocessing  INFO  Multi-model MDA: 16/62 passed (MDA > 0), 46 eliminated
21:40:18  src.cpcv.preprocessing  INFO    Selected (16): ['chaikin_osc', 'dxy_roc_30', 'exchange_supply_pct', 'gk_vol', 'jarque_bera', 'log_returns', 'log_returns_lag1', 'log_returns_lag7', 'roc_14', 'silver_ret_30', 'stoch_d', 'us10y', 'us2y', 'variance_ratio', 'vol_term_7_30', 'yield_curve_10y30y']
21:40:18  src.cpcv.pipeline  INFO    Preprocessing: 16 features selected, train=688 + cal=172, test=89
21:40:18  src.cpcv.tuning  INFO  Tuning (1 model) — Optuna TPE + Purged K-Fold (inner: 3 folds, embargo=10 obs)
21:40:18  src.cpcv.tuning  INFO    [tuning] lstm: 3 purged K-fold splits, 30 Optuna trials (TPE)
21:41:22  src.cpcv.tuning  INFO      lstm: 29 completed, 1 pruned (of 30 total) — best log_loss=0.6849, params={'hidden_size': 32, 'dropout': 0.4537285853775057, 'learning_rate': 0.0259962993920689}
21:41:22  src.cpcv.tuning  INFO    [tuning] lstm done in 64.2s — best log_loss=0.6849
21:41:22  src.cpcv.tuning  INFO  Tuning total: 64.2s
21:41:22  src.cpcv.pipeline  INFO      applied lstm: {'hidden_size': 32, 'num_layers': 1, 'dropout': 0.4537285853775057, 'learning_rate': 0.0259962993920689}
21:41:23  src.cpcv.pipeline  INFO    [  1/56]                 lstm (seed=0) F1=0.387  AUC=0.499  LL=0.6646 (1.5s)
21:41:25  src.cpcv.pipeline  INFO    [  2/56]                 lstm (seed=1) F1=0.465  AUC=0.499  LL=0.6748 (1.5s)
21:41:25  src.cpcv.preprocessing  INFO  Computing MDA (Random Forest)...
21:42:01  src.cpcv.preprocessing  INFO  Computing MDA (Logistic Regression)...
21:42:03  src.cpcv.preprocessing  INFO  Multi-model MDA: 49/62 passed (MDA > 0), 13 eliminated
21:42:03  src.cpcv.preprocessing  INFO    Capped at 18 features (top_k_frac=0.3)
21:42:03  src.cpcv.preprocessing  INFO    Selected (18): ['atr', 'bb_width', 'dxy_roc_30', 'ema_ratio_50_200', 'issuance_ntv', 'log_returns', 'macd_hist', 'nasdaq_ret_30', 'oil_ret_30', 'realized_vol', 'shannon_entropy', 'skewness', 'smt_exp', 'smt_poly1', 'stoch_d', 'tx_count_roc_14', 'us2y', 'yield_curve_2y10y']
21:42:03  src.cpcv.pipeline  INFO    Preprocessing: 18 features selected, train=643 + cal=161, test=144
21:42:03  src.cpcv.tuning  INFO  Tuning (1 model) — Optuna TPE + Purged K-Fold (inner: 3 folds, embargo=10 obs)
21:42:03  src.cpcv.tuning  INFO    [tuning] lstm: 3 purged K-fold splits, 30 Optuna trials (TPE)
21:43:01  src.cpcv.tuning  INFO      lstm: 23 completed, 7 pruned (of 30 total) — best log_loss=0.6901, params={'hidden_size': 16, 'dropout': 0.3357350441352325, 'learning_rate': 0.03221873115687962}
21:43:01  src.cpcv.tuning  INFO    [tuning] lstm done in 58.4s — best log_loss=0.6901
21:43:01  src.cpcv.tuning  INFO  Tuning total: 58.4s
21:43:01  src.cpcv.pipeline  INFO      applied lstm: {'hidden_size': 16, 'num_layers': 1, 'dropout': 0.3357350441352325, 'learning_rate': 0.03221873115687962}
21:43:02  src.cpcv.pipeline  INFO    [  3/56]                 lstm (seed=0) F1=0.380  AUC=0.462  LL=1.0193 (1.2s)
21:43:04  src.cpcv.pipeline  INFO    [  4/56]                 lstm (seed=1) F1=0.510  AUC=0.487  LL=0.7879 (1.3s)
21:43:04  src.cpcv.preprocessing  INFO  Computing MDA (Random Forest)...
21:43:40  src.cpcv.preprocessing  INFO  Computing MDA (Logistic Regression)...
21:43:41  src.cpcv.preprocessing  WARNING  Only 3 features with MDA > 0. Taking top 5 by MDA value.
21:43:41  src.cpcv.preprocessing  INFO  Multi-model MDA: 3/62 passed (MDA > 0), 59 eliminated
21:43:41  src.cpcv.preprocessing  INFO    Selected (5): ['jarque_bera', 'log_returns_lag1', 'oil_ret_30', 'roc_14', 'stoch_d']
21:43:41  src.cpcv.pipeline  INFO    Preprocessing: 5 features selected, train=644 + cal=161, test=144
21:43:41  src.cpcv.tuning  INFO  Tuning (1 model) — Optuna TPE + Purged K-Fold (inner: 3 folds, embargo=10 obs)
21:43:41  src.cpcv.tuning  INFO    [tuning] lstm: 3 purged K-fold splits, 30 Optuna trials (TPE)
21:44:47  src.cpcv.tuning  INFO      lstm: 26 completed, 4 pruned (of 30 total) — best log_loss=0.6906, params={'hidden_size': 16, 'dropout': 0.4575094081328347, 'learning_rate': 0.0497350597857154}
21:44:47  src.cpcv.tuning  INFO    [tuning] lstm done in 65.3s — best log_loss=0.6906
21:44:47  src.cpcv.tuning  INFO  Tuning total: 65.3s
21:44:47  src.cpcv.pipeline  INFO      applied lstm: {'hidden_size': 16, 'num_layers': 1, 'dropout': 0.4575094081328347, 'learning_rate': 0.0497350597857154}
21:44:48  src.cpcv.pipeline  INFO    [  5/56]                 lstm (seed=0) F1=0.366  AUC=0.463  LL=0.7109 (1.4s)
21:44:50  src.cpcv.pipeline  INFO    [  6/56]                 lstm (seed=1) F1=0.358  AUC=0.505  LL=0.6886 (1.7s)
21:44:50  src.cpcv.preprocessing  INFO  Computing MDA (Random Forest)...
21:45:27  src.cpcv.preprocessing  INFO  Computing MDA (Logistic Regression)...
21:45:28  src.cpcv.preprocessing  INFO  Multi-model MDA: 36/62 passed (MDA > 0), 26 eliminated
21:45:28  src.cpcv.preprocessing  INFO    Capped at 18 features (top_k_frac=0.3)
21:45:28  src.cpcv.preprocessing  INFO    Selected (18): ['active_addr_roc_14', 'atr', 'bb_width', 'dxy_roc_30', 'jarque_bera', 'log_returns_lag2', 'log_returns_lag30', 'macd_hist', 'mvrv', 'net_exchange_flow', 'obv', 'oil_ret_30', 'sadf', 'smt_exp', 'sp500_ret_30', 'stoch_d', 'vix', 'yield_curve_10y30y']
21:45:28  src.cpcv.pipeline  INFO    Preprocessing: 18 features selected, train=644 + cal=161, test=144
21:45:28  src.cpcv.tuning  INFO  Tuning (1 model) — Optuna TPE + Purged K-Fold (inner: 3 folds, embargo=10 obs)
21:45:28  src.cpcv.tuning  INFO    [tuning] lstm: 3 purged K-fold splits, 30 Optuna trials (TPE)
21:46:22  src.cpcv.tuning  INFO      lstm: 24 completed, 6 pruned (of 30 total) — best log_loss=0.6974, params={'hidden_size': 32, 'dropout': 0.1474459034553357, 'learning_rate': 0.04528162016801672}
21:46:22  src.cpcv.tuning  INFO    [tuning] lstm done in 53.3s — best log_loss=0.6974
21:46:22  src.cpcv.tuning  INFO  Tuning total: 53.3s
21:46:22  src.cpcv.pipeline  INFO      applied lstm: {'hidden_size': 32, 'num_layers': 1, 'dropout': 0.1474459034553357, 'learning_rate': 0.04528162016801672}
21:46:23  src.cpcv.pipeline  INFO    [  7/56]                 lstm (seed=0) F1=0.376  AUC=0.530  LL=0.6749 (1.3s)
21:46:24  src.cpcv.pipeline  INFO    [  8/56]                 lstm (seed=1) F1=0.405  AUC=0.453  LL=2.7044 (1.4s)
21:46:25  src.cpcv.preprocessing  INFO  Computing MDA (Random Forest)...
21:47:01  src.cpcv.preprocessing  INFO  Computing MDA (Logistic Regression)...
21:47:02  src.cpcv.preprocessing  INFO  Multi-model MDA: 45/62 passed (MDA > 0), 17 eliminated
21:47:02  src.cpcv.preprocessing  INFO    Capped at 18 features (top_k_frac=0.3)
21:47:02  src.cpcv.preprocessing  INFO    Selected (18): ['bb_width', 'eth_btc_ratio', 'exchange_supply_pct', 'jarque_bera', 'kurtosis', 'log_returns', 'log_returns_lag30', 'macd_hist', 'mfi_14', 'mvrv', 'natgas_ret_30', 'obv', 'realized_vol', 'rsi', 'sadf', 'skewness', 'yield_curve_10y30y', 'yz_vol']
21:47:02  src.cpcv.pipeline  INFO    Preprocessing: 18 features selected, train=642 + cal=161, test=144
21:47:02  src.cpcv.tuning  INFO  Tuning (1 model) — Optuna TPE + Purged K-Fold (inner: 3 folds, embargo=10 obs)
21:47:02  src.cpcv.tuning  INFO    [tuning] lstm: 3 purged K-fold splits, 30 Optuna trials (TPE)
21:47:50  src.cpcv.tuning  INFO      lstm: 13 completed, 17 pruned (of 30 total) — best log_loss=0.6818, params={'hidden_size': 16, 'dropout': 0.38355611103792886, 'learning_rate': 0.04953857205156343}
21:47:50  src.cpcv.tuning  INFO    [tuning] lstm done in 48.0s — best log_loss=0.6818
21:47:50  src.cpcv.tuning  INFO  Tuning total: 48.0s
21:47:50  src.cpcv.pipeline  INFO      applied lstm: {'hidden_size': 16, 'num_layers': 1, 'dropout': 0.38355611103792886, 'learning_rate': 0.04953857205156343}
21:47:53  src.cpcv.pipeline  INFO    [  9/56]                 lstm (seed=0) F1=0.468  AUC=0.507  LL=0.7220 (2.3s)
21:47:54  src.cpcv.pipeline  INFO    [ 10/56]                 lstm (seed=1) F1=0.385  AUC=0.410  LL=0.7563 (1.5s)
21:47:55  src.cpcv.preprocessing  INFO  Computing MDA (Random Forest)...
21:48:32  src.cpcv.preprocessing  INFO  Computing MDA (Logistic Regression)...
21:48:34  src.cpcv.preprocessing  INFO  Multi-model MDA: 22/62 passed (MDA > 0), 40 eliminated
21:48:34  src.cpcv.preprocessing  INFO    Capped at 18 features (top_k_frac=0.3)
21:48:34  src.cpcv.preprocessing  INFO    Selected (18): ['chaikin_osc', 'dxy_roc_30', 'eth_btc_ratio', 'gold_ret_30', 'hashrate_roc_30', 'jarque_bera', 'kurtosis', 'macd', 'macd_signal', 'net_exchange_flow', 'obv', 'oil_ret_30', 'roc_14', 'shannon_entropy', 'smt_poly1', 'sp500_ret_30', 'stoch_k', 'yield_curve_10y30y']
21:48:34  src.cpcv.pipeline  INFO    Preprocessing: 18 features selected, train=643 + cal=161, test=144
21:48:34  src.cpcv.tuning  INFO  Tuning (1 model) — Optuna TPE + Purged K-Fold (inner: 3 folds, embargo=10 obs)
21:48:34  src.cpcv.tuning  INFO    [tuning] lstm: 3 purged K-fold splits, 30 Optuna trials (TPE)
21:49:33  src.cpcv.tuning  INFO      lstm: 19 completed, 11 pruned (of 30 total) — best log_loss=0.6803, params={'hidden_size': 16, 'dropout': 0.3310529746177677, 'learning_rate': 0.026404597738093942}
21:49:33  src.cpcv.tuning  INFO    [tuning] lstm done in 59.2s — best log_loss=0.6803
21:49:33  src.cpcv.tuning  INFO  Tuning total: 59.2s
21:49:33  src.cpcv.pipeline  INFO      applied lstm: {'hidden_size': 16, 'num_layers': 1, 'dropout': 0.3310529746177677, 'learning_rate': 0.026404597738093942}
21:49:34  src.cpcv.pipeline  INFO    [ 11/56]                 lstm (seed=0) F1=0.412  AUC=0.450  LL=0.6934 (1.1s)
21:49:35  src.cpcv.pipeline  INFO    [ 12/56]                 lstm (seed=1) F1=0.549  AUC=0.527  LL=0.7031 (1.0s)
21:49:35  src.cpcv.preprocessing  INFO  Computing MDA (Random Forest)...
21:50:12  src.cpcv.preprocessing  INFO  Computing MDA (Logistic Regression)...
21:50:13  src.cpcv.preprocessing  INFO  Multi-model MDA: 29/62 passed (MDA > 0), 33 eliminated
21:50:13  src.cpcv.preprocessing  INFO    Capped at 18 features (top_k_frac=0.3)
21:50:13  src.cpcv.preprocessing  INFO    Selected (18): ['active_addr_roc_14', 'atr', 'bb_width', 'copper_ret_30', 'eth_btc_ratio', 'gold_ret_30', 'hurst', 'kurtosis', 'log_returns_lag1', 'log_returns_lag14', 'macd', 'macd_signal', 'net_exchange_flow', 'sadf', 'skewness', 'vol_term_30_90', 'williams_r', 'yield_curve_10y30y']
21:50:13  src.cpcv.pipeline  INFO    Preprocessing: 18 features selected, train=644 + cal=162, test=151
21:50:13  src.cpcv.tuning  INFO  Tuning (1 model) — Optuna TPE + Purged K-Fold (inner: 3 folds, embargo=10 obs)
21:50:13  src.cpcv.tuning  INFO    [tuning] lstm: 3 purged K-fold splits, 30 Optuna trials (TPE)
21:51:12  src.cpcv.tuning  INFO      lstm: 14 completed, 16 pruned (of 30 total) — best log_loss=0.6802, params={'hidden_size': 16, 'dropout': 0.3495278448712192, 'learning_rate': 0.03193767777900797}
21:51:12  src.cpcv.tuning  INFO    [tuning] lstm done in 59.0s — best log_loss=0.6802
21:51:12  src.cpcv.tuning  INFO  Tuning total: 59.0s
21:51:12  src.cpcv.pipeline  INFO      applied lstm: {'hidden_size': 16, 'num_layers': 1, 'dropout': 0.3495278448712192, 'learning_rate': 0.03193767777900797}
21:51:13  src.cpcv.pipeline  INFO    [ 13/56]                 lstm (seed=0) F1=0.355  AUC=0.532  LL=0.6879 (1.2s)
21:51:14  src.cpcv.pipeline  INFO    [ 14/56]                 lstm (seed=1) F1=0.355  AUC=0.424  LL=0.6913 (1.1s)
21:51:14  src.cpcv.preprocessing  INFO  Computing MDA (Random Forest)...
21:51:48  src.cpcv.preprocessing  INFO  Computing MDA (Logistic Regression)...
21:51:49  src.cpcv.preprocessing  INFO  Multi-model MDA: 27/62 passed (MDA > 0), 35 eliminated
21:51:49  src.cpcv.preprocessing  INFO    Capped at 18 features (top_k_frac=0.3)
21:51:49  src.cpcv.preprocessing  INFO    Selected (18): ['cci_14', 'chaikin_osc', 'dxy_roc_30', 'eth_btc_ratio', 'gk_vol', 'gold_ret_30', 'hashrate_roc_30', 'hurst', 'jarque_bera', 'log_returns_lag1', 'log_returns_lag14', 'lz_complexity', 'roc_14', 'sadf', 'stoch_k', 'williams_r', 'yield_curve_2y10y', 'yz_vol']
21:51:49  src.cpcv.pipeline  INFO    Preprocessing: 18 features selected, train=572 + cal=144, test=233
21:51:49  src.cpcv.tuning  INFO  Tuning (1 model) — Optuna TPE + Purged K-Fold (inner: 3 folds, embargo=10 obs)
21:51:49  src.cpcv.tuning  INFO    [tuning] lstm: 3 purged K-fold splits, 30 Optuna trials (TPE)
21:52:37  src.cpcv.tuning  INFO      lstm: 21 completed, 9 pruned (of 30 total) — best log_loss=0.6873, params={'hidden_size': 16, 'dropout': 0.3496334108689461, 'learning_rate': 0.013031452999306192}
21:52:37  src.cpcv.tuning  INFO    [tuning] lstm done in 48.0s — best log_loss=0.6873
21:52:37  src.cpcv.tuning  INFO  Tuning total: 48.0s
21:52:37  src.cpcv.pipeline  INFO      applied lstm: {'hidden_size': 16, 'num_layers': 1, 'dropout': 0.3496334108689461, 'learning_rate': 0.013031452999306192}
21:52:38  src.cpcv.pipeline  INFO    [ 15/56]                 lstm (seed=0) F1=0.435  AUC=0.514  LL=0.7222 (1.1s)
21:52:39  src.cpcv.pipeline  INFO    [ 16/56]                 lstm (seed=1) F1=0.386  AUC=0.470  LL=0.6987 (0.9s)
21:52:39  src.cpcv.preprocessing  INFO  Computing MDA (Random Forest)...
21:53:12  src.cpcv.preprocessing  INFO  Computing MDA (Logistic Regression)...
21:53:13  src.cpcv.preprocessing  INFO  Multi-model MDA: 53/62 passed (MDA > 0), 9 eliminated
21:53:13  src.cpcv.preprocessing  INFO    Capped at 18 features (top_k_frac=0.3)
21:53:13  src.cpcv.preprocessing  INFO    Selected (18): ['copper_ret_30', 'eth_btc_ratio', 'gk_vol', 'log_returns_lag3', 'macd', 'macd_hist', 'mvrv', 'net_exchange_flow', 'realized_vol', 'sadf', 'silver_ret_30', 'skewness', 'smt_exp', 'stoch_k', 'variance_ratio', 'vix', 'vol_term_30_90', 'vol_term_7_30']
21:53:13  src.cpcv.pipeline  INFO    Preprocessing: 18 features selected, train=564 + cal=141, test=233
21:53:13  src.cpcv.tuning  INFO  Tuning (1 model) — Optuna TPE + Purged K-Fold (inner: 3 folds, embargo=10 obs)
21:53:13  src.cpcv.tuning  INFO    [tuning] lstm: 3 purged K-fold splits, 30 Optuna trials (TPE)
21:54:05  src.cpcv.tuning  INFO      lstm: 16 completed, 14 pruned (of 30 total) — best log_loss=0.6771, params={'hidden_size': 16, 'dropout': 0.22463540546039984, 'learning_rate': 0.0056060113291336875}
21:54:05  src.cpcv.tuning  INFO    [tuning] lstm done in 51.8s — best log_loss=0.6771
21:54:05  src.cpcv.tuning  INFO  Tuning total: 51.8s
21:54:05  src.cpcv.pipeline  INFO      applied lstm: {'hidden_size': 16, 'num_layers': 1, 'dropout': 0.22463540546039984, 'learning_rate': 0.0056060113291336875}
21:54:06  src.cpcv.pipeline  INFO    [ 17/56]                 lstm (seed=0) F1=0.463  AUC=0.469  LL=0.7709 (1.0s)
21:54:07  src.cpcv.pipeline  INFO    [ 18/56]                 lstm (seed=1) F1=0.460  AUC=0.505  LL=0.7660 (0.9s)
21:54:07  src.cpcv.preprocessing  INFO  Computing MDA (Random Forest)...
21:54:39  src.cpcv.preprocessing  INFO  Computing MDA (Logistic Regression)...
21:54:41  src.cpcv.preprocessing  INFO  Multi-model MDA: 38/62 passed (MDA > 0), 24 eliminated
21:54:41  src.cpcv.preprocessing  INFO    Capped at 18 features (top_k_frac=0.3)
21:54:41  src.cpcv.preprocessing  INFO    Selected (18): ['bb_width', 'cci_14', 'ema_ratio_50_200', 'exchange_supply_pct', 'gk_vol', 'jarque_bera', 'log_returns', 'log_returns_lag1', 'mvrv', 'natgas_ret_30', 'roc_14', 'sadf', 'silver_ret_30', 'smt_poly1', 'sp500_ret_30', 'stoch_k', 'tx_count_roc_14', 'williams_r']
21:54:41  src.cpcv.pipeline  INFO    Preprocessing: 18 features selected, train=564 + cal=141, test=233
21:54:41  src.cpcv.tuning  INFO  Tuning (1 model) — Optuna TPE + Purged K-Fold (inner: 3 folds, embargo=10 obs)
21:54:41  src.cpcv.tuning  INFO    [tuning] lstm: 3 purged K-fold splits, 30 Optuna trials (TPE)
21:55:27  src.cpcv.tuning  INFO      lstm: 24 completed, 6 pruned (of 30 total) — best log_loss=0.6912, params={'hidden_size': 16, 'dropout': 0.13732797228329346, 'learning_rate': 0.02803235427911012}
21:55:27  src.cpcv.tuning  INFO    [tuning] lstm done in 46.7s — best log_loss=0.6912
21:55:27  src.cpcv.tuning  INFO  Tuning total: 46.7s
21:55:27  src.cpcv.pipeline  INFO      applied lstm: {'hidden_size': 16, 'num_layers': 1, 'dropout': 0.13732797228329346, 'learning_rate': 0.02803235427911012}
21:55:28  src.cpcv.pipeline  INFO    [ 19/56]                 lstm (seed=0) F1=0.475  AUC=0.502  LL=0.7856 (1.0s)
21:55:29  src.cpcv.pipeline  INFO    [ 20/56]                 lstm (seed=1) F1=0.379  AUC=0.459  LL=0.6812 (0.9s)
21:55:30  src.cpcv.preprocessing  INFO  Computing MDA (Random Forest)...
21:56:02  src.cpcv.preprocessing  INFO  Computing MDA (Logistic Regression)...
21:56:03  src.cpcv.preprocessing  INFO  Multi-model MDA: 31/62 passed (MDA > 0), 31 eliminated
21:56:03  src.cpcv.preprocessing  INFO    Capped at 18 features (top_k_frac=0.3)
21:56:03  src.cpcv.preprocessing  INFO    Selected (18): ['active_addr_roc_14', 'dxy_roc_30', 'eth_btc_ratio', 'exchange_supply_pct', 'kurtosis', 'log_returns_lag1', 'log_returns_lag3', 'mfi_14', 'natgas_ret_30', 'obv', 'roc_14', 'rsi', 'sadf', 'stoch_k', 'variance_ratio', 'vix', 'vol_term_30_90', 'yield_curve_2y10y']
21:56:03  src.cpcv.pipeline  INFO    Preprocessing: 18 features selected, train=562 + cal=141, test=233
21:56:03  src.cpcv.tuning  INFO  Tuning (1 model) — Optuna TPE + Purged K-Fold (inner: 3 folds, embargo=10 obs)
21:56:03  src.cpcv.tuning  INFO    [tuning] lstm: 3 purged K-fold splits, 30 Optuna trials (TPE)
21:56:53  src.cpcv.tuning  INFO      lstm: 12 completed, 18 pruned (of 30 total) — best log_loss=0.6926, params={'hidden_size': 16, 'dropout': 0.43111490378301615, 'learning_rate': 0.0028108916544820096}
21:56:53  src.cpcv.tuning  INFO    [tuning] lstm done in 49.5s — best log_loss=0.6926
21:56:53  src.cpcv.tuning  INFO  Tuning total: 49.5s
21:56:53  src.cpcv.pipeline  INFO      applied lstm: {'hidden_size': 16, 'num_layers': 1, 'dropout': 0.43111490378301615, 'learning_rate': 0.0028108916544820096}
21:56:54  src.cpcv.pipeline  INFO    [ 21/56]                 lstm (seed=0) F1=0.452  AUC=0.459  LL=0.7709 (1.2s)
21:56:55  src.cpcv.pipeline  INFO    [ 22/56]                 lstm (seed=1) F1=0.428  AUC=0.464  LL=0.6933 (1.3s)
21:56:56  src.cpcv.preprocessing  INFO  Computing MDA (Random Forest)...
21:57:28  src.cpcv.preprocessing  INFO  Computing MDA (Logistic Regression)...
21:57:29  src.cpcv.preprocessing  INFO  Multi-model MDA: 34/62 passed (MDA > 0), 28 eliminated
21:57:29  src.cpcv.preprocessing  INFO    Capped at 18 features (top_k_frac=0.3)
21:57:29  src.cpcv.preprocessing  INFO    Selected (18): ['active_addr_roc_14', 'bb_width', 'chaikin_osc', 'ema_ratio_50_200', 'issuance_ntv', 'kurtosis', 'log_returns_lag7', 'mfi_14', 'nasdaq_ret_30', 'negentropy', 'shannon_entropy', 'silver_ret_30', 'skewness', 'sp500_ret_30', 'us10y', 'vix', 'vol_term_7_30', 'yield_curve_2y10y']
21:57:29  src.cpcv.pipeline  INFO    Preprocessing: 18 features selected, train=563 + cal=141, test=233
21:57:29  src.cpcv.tuning  INFO  Tuning (1 model) — Optuna TPE + Purged K-Fold (inner: 3 folds, embargo=10 obs)
21:57:29  src.cpcv.tuning  INFO    [tuning] lstm: 3 purged K-fold splits, 30 Optuna trials (TPE)
21:58:08  src.cpcv.tuning  INFO      lstm: 15 completed, 15 pruned (of 30 total) — best log_loss=0.6830, params={'hidden_size': 16, 'dropout': 0.49581046186005445, 'learning_rate': 0.022362985414277146}
21:58:08  src.cpcv.tuning  INFO    [tuning] lstm done in 38.7s — best log_loss=0.6830
21:58:08  src.cpcv.tuning  INFO  Tuning total: 38.7s
21:58:08  src.cpcv.pipeline  INFO      applied lstm: {'hidden_size': 16, 'num_layers': 1, 'dropout': 0.49581046186005445, 'learning_rate': 0.022362985414277146}
21:58:09  src.cpcv.pipeline  INFO    [ 23/56]                 lstm (seed=0) F1=0.408  AUC=0.552  LL=0.6766 (1.0s)
21:58:10  src.cpcv.pipeline  INFO    [ 24/56]                 lstm (seed=1) F1=0.450  AUC=0.514  LL=0.7052 (1.2s)
21:58:11  src.cpcv.preprocessing  INFO  Computing MDA (Random Forest)...
21:58:43  src.cpcv.preprocessing  INFO  Computing MDA (Logistic Regression)...
21:58:44  src.cpcv.preprocessing  INFO  Multi-model MDA: 25/62 passed (MDA > 0), 37 eliminated
21:58:44  src.cpcv.preprocessing  INFO    Capped at 18 features (top_k_frac=0.3)
21:58:44  src.cpcv.preprocessing  INFO    Selected (18): ['bb_width', 'eth_btc_ratio', 'jarque_bera', 'kurtosis', 'log_returns', 'log_returns_lag2', 'lz_complexity', 'macd_hist', 'macd_signal', 'rsi', 'sadf', 'skewness', 'tx_count_roc_14', 'us10y', 'us2y', 'vix', 'yield_curve_10y30y', 'yield_curve_2y10y']
21:58:44  src.cpcv.pipeline  INFO    Preprocessing: 18 features selected, train=564 + cal=142, test=240
21:58:44  src.cpcv.tuning  INFO  Tuning (1 model) — Optuna TPE + Purged K-Fold (inner: 3 folds, embargo=10 obs)
21:58:44  src.cpcv.tuning  INFO    [tuning] lstm: 3 purged K-fold splits, 30 Optuna trials (TPE)
21:59:38  src.cpcv.tuning  INFO      lstm: 26 completed, 4 pruned (of 30 total) — best log_loss=0.6863, params={'hidden_size': 32, 'dropout': 0.23893581198506167, 'learning_rate': 0.01215700373925036}
21:59:38  src.cpcv.tuning  INFO    [tuning] lstm done in 54.0s — best log_loss=0.6863
21:59:38  src.cpcv.tuning  INFO  Tuning total: 54.0s
21:59:38  src.cpcv.pipeline  INFO      applied lstm: {'hidden_size': 32, 'num_layers': 1, 'dropout': 0.23893581198506167, 'learning_rate': 0.01215700373925036}
21:59:39  src.cpcv.pipeline  INFO    [ 25/56]                 lstm (seed=0) F1=0.519  AUC=0.523  LL=0.6994 (1.0s)
21:59:40  src.cpcv.pipeline  INFO    [ 26/56]                 lstm (seed=1) F1=0.416  AUC=0.487  LL=0.7154 (1.0s)
21:59:40  src.cpcv.preprocessing  INFO  Computing MDA (Random Forest)...
22:00:12  src.cpcv.preprocessing  INFO  Computing MDA (Logistic Regression)...
22:00:13  src.cpcv.preprocessing  INFO  Multi-model MDA: 42/62 passed (MDA > 0), 20 eliminated
22:00:13  src.cpcv.preprocessing  INFO    Capped at 18 features (top_k_frac=0.3)
22:00:13  src.cpcv.preprocessing  INFO    Selected (18): ['chaikin_osc', 'gold_ret_30', 'jarque_bera', 'kurtosis', 'log_returns_lag3', 'log_returns_lag7', 'macd', 'macd_hist', 'obv', 'realized_vol', 'silver_ret_30', 'skewness', 'sp500_ret_30', 'tx_count_roc_14', 'vol_term_30_90', 'vol_term_7_30', 'vwma_ratio_20_50', 'williams_r']
22:00:13  src.cpcv.pipeline  INFO    Preprocessing: 18 features selected, train=528 + cal=132, test=288
22:00:13  src.cpcv.tuning  INFO  Tuning (1 model) — Optuna TPE + Purged K-Fold (inner: 3 folds, embargo=10 obs)
22:00:13  src.cpcv.tuning  INFO    [tuning] lstm: 3 purged K-fold splits, 30 Optuna trials (TPE)
22:00:49  src.cpcv.tuning  INFO      lstm: 13 completed, 17 pruned (of 30 total) — best log_loss=0.6718, params={'hidden_size': 32, 'dropout': 0.14085070598258398, 'learning_rate': 0.028758049242497682}
22:00:49  src.cpcv.tuning  INFO    [tuning] lstm done in 35.7s — best log_loss=0.6718
22:00:49  src.cpcv.tuning  INFO  Tuning total: 35.7s
22:00:49  src.cpcv.pipeline  INFO      applied lstm: {'hidden_size': 32, 'num_layers': 1, 'dropout': 0.14085070598258398, 'learning_rate': 0.028758049242497682}
22:00:50  src.cpcv.pipeline  INFO    [ 27/56]                 lstm (seed=0) F1=0.438  AUC=0.490  LL=0.9503 (1.1s)
22:00:51  src.cpcv.pipeline  INFO    [ 28/56]                 lstm (seed=1) F1=0.419  AUC=0.503  LL=0.7698 (1.2s)
22:00:52  src.cpcv.preprocessing  INFO  Computing MDA (Random Forest)...
22:01:25  src.cpcv.preprocessing  INFO  Computing MDA (Logistic Regression)...
22:01:26  src.cpcv.preprocessing  INFO  Multi-model MDA: 17/62 passed (MDA > 0), 45 eliminated
22:01:26  src.cpcv.preprocessing  INFO    Selected (17): ['atr', 'cci_14', 'eth_btc_ratio', 'hashrate_roc_30', 'hurst', 'issuance_ntv', 'log_returns_lag1', 'natgas_ret_30', 'negentropy', 'realized_vol', 'sadf', 'stoch_k', 'us10y', 'vol_term_7_30', 'vwma_ratio_20_50', 'williams_r', 'yield_curve_2y10y']
22:01:26  src.cpcv.pipeline  INFO    Preprocessing: 17 features selected, train=519 + cal=130, test=288
22:01:26  src.cpcv.tuning  INFO  Tuning (1 model) — Optuna TPE + Purged K-Fold (inner: 3 folds, embargo=10 obs)
22:01:26  src.cpcv.tuning  INFO    [tuning] lstm: 3 purged K-fold splits, 30 Optuna trials (TPE)
22:02:08  src.cpcv.tuning  INFO      lstm: 14 completed, 16 pruned (of 30 total) — best log_loss=0.6840, params={'hidden_size': 32, 'dropout': 0.10831320560910748, 'learning_rate': 0.04972487102260587}
22:02:08  src.cpcv.tuning  INFO    [tuning] lstm done in 42.0s — best log_loss=0.6840
22:02:08  src.cpcv.tuning  INFO  Tuning total: 42.0s
22:02:08  src.cpcv.pipeline  INFO      applied lstm: {'hidden_size': 32, 'num_layers': 1, 'dropout': 0.10831320560910748, 'learning_rate': 0.04972487102260587}
22:02:09  src.cpcv.pipeline  INFO    [ 29/56]                 lstm (seed=0) F1=0.476  AUC=0.517  LL=0.7528 (1.4s)
22:02:11  src.cpcv.pipeline  INFO    [ 30/56]                 lstm (seed=1) F1=0.441  AUC=0.488  LL=0.7057 (1.1s)
22:02:11  src.cpcv.preprocessing  INFO  Computing MDA (Random Forest)...
22:02:44  src.cpcv.preprocessing  INFO  Computing MDA (Logistic Regression)...
22:02:45  src.cpcv.preprocessing  INFO  Multi-model MDA: 39/62 passed (MDA > 0), 23 eliminated
22:02:45  src.cpcv.preprocessing  INFO    Capped at 18 features (top_k_frac=0.3)
22:02:45  src.cpcv.preprocessing  INFO    Selected (18): ['cci_14', 'copper_ret_30', 'ema_ratio_20_50', 'fee_per_tx', 'log_returns_lag1', 'log_returns_lag2', 'log_returns_lag30', 'natgas_ret_30', 'net_exchange_flow', 'obv', 'oil_ret_30', 'sadf', 'silver_ret_30', 'skewness', 'stoch_k', 'vol_term_30_90', 'vwma_ratio_20_50', 'yield_curve_10y30y']
22:02:45  src.cpcv.pipeline  INFO    Preprocessing: 18 features selected, train=517 + cal=130, test=288
22:02:45  src.cpcv.tuning  INFO  Tuning (1 model) — Optuna TPE + Purged K-Fold (inner: 3 folds, embargo=10 obs)
22:02:45  src.cpcv.tuning  INFO    [tuning] lstm: 3 purged K-fold splits, 30 Optuna trials (TPE)
22:03:34  src.cpcv.tuning  INFO      lstm: 29 completed, 1 pruned (of 30 total) — best log_loss=0.6855, params={'hidden_size': 32, 'dropout': 0.2811371684992361, 'learning_rate': 0.04967931340641835}
22:03:34  src.cpcv.tuning  INFO    [tuning] lstm done in 49.5s — best log_loss=0.6855
22:03:34  src.cpcv.tuning  INFO  Tuning total: 49.5s
22:03:34  src.cpcv.pipeline  INFO      applied lstm: {'hidden_size': 32, 'num_layers': 1, 'dropout': 0.2811371684992361, 'learning_rate': 0.04967931340641835}
22:03:35  src.cpcv.pipeline  INFO    [ 31/56]                 lstm (seed=0) F1=0.455  AUC=0.466  LL=0.7607 (1.3s)
22:03:36  src.cpcv.pipeline  INFO    [ 32/56]                 lstm (seed=1) F1=0.471  AUC=0.509  LL=0.7505 (1.0s)
22:03:37  src.cpcv.preprocessing  INFO  Computing MDA (Random Forest)...
22:04:09  src.cpcv.preprocessing  INFO  Computing MDA (Logistic Regression)...
22:04:10  src.cpcv.preprocessing  INFO  Multi-model MDA: 35/62 passed (MDA > 0), 27 eliminated
22:04:10  src.cpcv.preprocessing  INFO    Capped at 18 features (top_k_frac=0.3)
22:04:10  src.cpcv.preprocessing  INFO    Selected (18): ['atr', 'gk_vol', 'jarque_bera', 'log_returns_lag2', 'log_returns_lag3', 'log_returns_lag7', 'macd_hist', 'macd_signal', 'mfi_14', 'rsi', 'sadf', 'skewness', 'stoch_k', 'tx_count_roc_14', 'vol_term_30_90', 'vwma_ratio_20_50', 'williams_r', 'yz_vol']
22:04:10  src.cpcv.pipeline  INFO    Preprocessing: 18 features selected, train=518 + cal=130, test=288
22:04:10  src.cpcv.tuning  INFO  Tuning (1 model) — Optuna TPE + Purged K-Fold (inner: 3 folds, embargo=10 obs)
22:04:10  src.cpcv.tuning  INFO    [tuning] lstm: 3 purged K-fold splits, 30 Optuna trials (TPE)
22:05:10  src.cpcv.tuning  INFO      lstm: 23 completed, 7 pruned (of 30 total) — best log_loss=0.6907, params={'hidden_size': 32, 'dropout': 0.2380663375602068, 'learning_rate': 0.0026454331209520765}
22:05:10  src.cpcv.tuning  INFO    [tuning] lstm done in 59.1s — best log_loss=0.6907
22:05:10  src.cpcv.tuning  INFO  Tuning total: 59.1s
22:05:10  src.cpcv.pipeline  INFO      applied lstm: {'hidden_size': 32, 'num_layers': 1, 'dropout': 0.2380663375602068, 'learning_rate': 0.0026454331209520765}
22:05:11  src.cpcv.pipeline  INFO    [ 33/56]                 lstm (seed=0) F1=0.460  AUC=0.475  LL=0.6956 (1.1s)
22:05:12  src.cpcv.pipeline  INFO    [ 34/56]                 lstm (seed=1) F1=0.483  AUC=0.513  LL=0.6973 (1.3s)
22:05:12  src.cpcv.preprocessing  INFO  Computing MDA (Random Forest)...
22:05:45  src.cpcv.preprocessing  INFO  Computing MDA (Logistic Regression)...
22:05:46  src.cpcv.preprocessing  INFO  Multi-model MDA: 35/62 passed (MDA > 0), 27 eliminated
22:05:46  src.cpcv.preprocessing  INFO    Capped at 18 features (top_k_frac=0.3)
22:05:46  src.cpcv.preprocessing  INFO    Selected (18): ['atr', 'bb_width', 'cci_14', 'exchange_supply_pct', 'hurst', 'log_returns', 'log_returns_lag3', 'macd_hist', 'mfi_14', 'net_exchange_flow', 'realized_vol', 'skewness', 'variance_ratio', 'vix', 'vol_term_30_90', 'vwma_ratio_20_50', 'yield_curve_10y30y', 'yz_vol']
22:05:46  src.cpcv.pipeline  INFO    Preprocessing: 18 features selected, train=520 + cal=130, test=295
22:05:46  src.cpcv.tuning  INFO  Tuning (1 model) — Optuna TPE + Purged K-Fold (inner: 3 folds, embargo=10 obs)
22:05:46  src.cpcv.tuning  INFO    [tuning] lstm: 3 purged K-fold splits, 30 Optuna trials (TPE)
22:06:34  src.cpcv.tuning  INFO      lstm: 26 completed, 4 pruned (of 30 total) — best log_loss=0.6815, params={'hidden_size': 16, 'dropout': 0.14720826340302984, 'learning_rate': 0.019258086421489358}
22:06:34  src.cpcv.tuning  INFO    [tuning] lstm done in 47.9s — best log_loss=0.6815
22:06:34  src.cpcv.tuning  INFO  Tuning total: 47.9s
22:06:34  src.cpcv.pipeline  INFO      applied lstm: {'hidden_size': 16, 'num_layers': 1, 'dropout': 0.14720826340302984, 'learning_rate': 0.019258086421489358}
22:06:35  src.cpcv.pipeline  INFO    [ 35/56]                 lstm (seed=0) F1=0.341  AUC=0.504  LL=0.6960 (0.8s)
22:06:35  src.cpcv.pipeline  INFO    [ 36/56]                 lstm (seed=1) F1=0.385  AUC=0.484  LL=0.7552 (0.8s)
22:06:36  src.cpcv.preprocessing  INFO  Computing MDA (Random Forest)...
22:07:09  src.cpcv.preprocessing  INFO  Computing MDA (Logistic Regression)...
22:07:10  src.cpcv.preprocessing  INFO  Multi-model MDA: 21/62 passed (MDA > 0), 41 eliminated
22:07:10  src.cpcv.preprocessing  INFO    Capped at 18 features (top_k_frac=0.3)
22:07:10  src.cpcv.preprocessing  INFO    Selected (18): ['eth_btc_ratio', 'gold_ret_30', 'hurst', 'log_returns', 'log_returns_lag1', 'log_returns_lag2', 'log_returns_lag7', 'lz_complexity', 'mvrv', 'natgas_ret_30', 'negentropy', 'realized_vol', 'sadf', 'stoch_d', 'tx_count_roc_14', 'vix', 'yield_curve_10y30y', 'yz_vol']
22:07:10  src.cpcv.pipeline  INFO    Preprocessing: 18 features selected, train=528 + cal=133, test=288
22:07:10  src.cpcv.tuning  INFO  Tuning (1 model) — Optuna TPE + Purged K-Fold (inner: 3 folds, embargo=10 obs)
22:07:10  src.cpcv.tuning  INFO    [tuning] lstm: 3 purged K-fold splits, 30 Optuna trials (TPE)
22:07:59  src.cpcv.tuning  INFO      lstm: 22 completed, 8 pruned (of 30 total) — best log_loss=0.6972, params={'hidden_size': 16, 'dropout': 0.36427980919947006, 'learning_rate': 0.04129016530987077}
22:07:59  src.cpcv.tuning  INFO    [tuning] lstm done in 48.2s — best log_loss=0.6972
22:07:59  src.cpcv.tuning  INFO  Tuning total: 48.2s
22:07:59  src.cpcv.pipeline  INFO      applied lstm: {'hidden_size': 16, 'num_layers': 1, 'dropout': 0.36427980919947006, 'learning_rate': 0.04129016530987077}
22:08:00  src.cpcv.pipeline  INFO    [ 37/56]                 lstm (seed=0) F1=0.535  AUC=0.565  LL=0.6760 (1.2s)
22:08:01  src.cpcv.pipeline  INFO    [ 38/56]                 lstm (seed=1) F1=0.424  AUC=0.477  LL=0.7733 (0.9s)
22:08:01  src.cpcv.preprocessing  INFO  Computing MDA (Random Forest)...
22:08:33  src.cpcv.preprocessing  INFO  Computing MDA (Logistic Regression)...
22:08:34  src.cpcv.preprocessing  INFO  Multi-model MDA: 19/62 passed (MDA > 0), 43 eliminated
22:08:34  src.cpcv.preprocessing  INFO    Capped at 18 features (top_k_frac=0.3)
22:08:34  src.cpcv.preprocessing  INFO    Selected (18): ['copper_ret_30', 'eth_btc_ratio', 'exchange_supply_pct', 'gold_ret_30', 'hurst', 'issuance_ntv', 'jarque_bera', 'kurtosis', 'mfi_14', 'natgas_ret_30', 'negentropy', 'net_exchange_flow', 'obv', 'oil_ret_30', 'roc_14', 'shannon_entropy', 'skewness', 'us2y']
22:08:34  src.cpcv.pipeline  INFO    Preprocessing: 18 features selected, train=518 + cal=130, test=288
22:08:34  src.cpcv.tuning  INFO  Tuning (1 model) — Optuna TPE + Purged K-Fold (inner: 3 folds, embargo=10 obs)
22:08:34  src.cpcv.tuning  INFO    [tuning] lstm: 3 purged K-fold splits, 30 Optuna trials (TPE)
22:09:19  src.cpcv.tuning  INFO      lstm: 18 completed, 12 pruned (of 30 total) — best log_loss=0.6754, params={'hidden_size': 16, 'dropout': 0.3078081189251924, 'learning_rate': 0.04880386206459651}
22:09:19  src.cpcv.tuning  INFO    [tuning] lstm done in 44.7s — best log_loss=0.6754
22:09:19  src.cpcv.tuning  INFO  Tuning total: 44.7s
22:09:19  src.cpcv.pipeline  INFO      applied lstm: {'hidden_size': 16, 'num_layers': 1, 'dropout': 0.3078081189251924, 'learning_rate': 0.04880386206459651}
22:09:20  src.cpcv.pipeline  INFO    [ 39/56]                 lstm (seed=0) F1=0.449  AUC=0.407  LL=0.7797 (1.0s)
22:09:21  src.cpcv.pipeline  INFO    [ 40/56]                 lstm (seed=1) F1=0.509  AUC=0.538  LL=0.7019 (1.0s)
22:09:21  src.cpcv.preprocessing  INFO  Computing MDA (Random Forest)...
22:09:54  src.cpcv.preprocessing  INFO  Computing MDA (Logistic Regression)...
22:09:55  src.cpcv.preprocessing  INFO  Multi-model MDA: 32/62 passed (MDA > 0), 30 eliminated
22:09:55  src.cpcv.preprocessing  INFO    Capped at 18 features (top_k_frac=0.3)
22:09:55  src.cpcv.preprocessing  INFO    Selected (18): ['bb_width', 'chaikin_osc', 'copper_ret_30', 'eth_btc_ratio', 'exchange_supply_pct', 'fee_per_tx', 'gold_ret_30', 'jarque_bera', 'log_returns_lag14', 'log_returns_lag3', 'macd_hist', 'net_exchange_flow', 'oil_ret_30', 'roc_14', 'silver_ret_30', 'skewness', 'tx_count_roc_14', 'vol_term_7_30']
22:09:55  src.cpcv.pipeline  INFO    Preprocessing: 18 features selected, train=519 + cal=130, test=288
22:09:55  src.cpcv.tuning  INFO  Tuning (1 model) — Optuna TPE + Purged K-Fold (inner: 3 folds, embargo=10 obs)
22:09:55  src.cpcv.tuning  INFO    [tuning] lstm: 3 purged K-fold splits, 30 Optuna trials (TPE)
22:10:34  src.cpcv.tuning  INFO      lstm: 7 completed, 23 pruned (of 30 total) — best log_loss=0.6923, params={'hidden_size': 16, 'dropout': 0.4983540452967986, 'learning_rate': 0.010403859844084073}
22:10:34  src.cpcv.tuning  INFO    [tuning] lstm done in 38.5s — best log_loss=0.6923
22:10:34  src.cpcv.tuning  INFO  Tuning total: 38.5s
22:10:34  src.cpcv.pipeline  INFO      applied lstm: {'hidden_size': 16, 'num_layers': 1, 'dropout': 0.4983540452967986, 'learning_rate': 0.010403859844084073}
22:10:35  src.cpcv.pipeline  INFO    [ 41/56]                 lstm (seed=0) F1=0.473  AUC=0.460  LL=0.7402 (1.0s)
22:10:35  src.cpcv.pipeline  INFO    [ 42/56]                 lstm (seed=1) F1=0.472  AUC=0.456  LL=0.7003 (0.9s)
22:10:36  src.cpcv.preprocessing  INFO  Computing MDA (Random Forest)...
22:11:09  src.cpcv.preprocessing  INFO  Computing MDA (Logistic Regression)...
22:11:10  src.cpcv.preprocessing  INFO  Multi-model MDA: 33/62 passed (MDA > 0), 29 eliminated
22:11:10  src.cpcv.preprocessing  INFO    Capped at 18 features (top_k_frac=0.3)
22:11:10  src.cpcv.preprocessing  INFO    Selected (18): ['bb_width', 'cci_14', 'ema_ratio_20_50', 'eth_btc_ratio', 'exchange_supply_pct', 'fee_per_tx', 'gk_vol', 'hurst', 'log_returns_lag1', 'roc_14', 'shannon_entropy', 'silver_ret_30', 'smt_poly1', 'sp500_ret_30', 'tx_count_roc_14', 'us10y', 'vol_term_30_90', 'yz_vol']
22:11:10  src.cpcv.pipeline  INFO    Preprocessing: 18 features selected, train=520 + cal=131, test=295
22:11:10  src.cpcv.tuning  INFO  Tuning (1 model) — Optuna TPE + Purged K-Fold (inner: 3 folds, embargo=10 obs)
22:11:10  src.cpcv.tuning  INFO    [tuning] lstm: 3 purged K-fold splits, 30 Optuna trials (TPE)
22:12:03  src.cpcv.tuning  INFO      lstm: 28 completed, 2 pruned (of 30 total) — best log_loss=0.6810, params={'hidden_size': 32, 'dropout': 0.4995248912678551, 'learning_rate': 0.026500102680296976}
22:12:03  src.cpcv.tuning  INFO    [tuning] lstm done in 52.6s — best log_loss=0.6810
22:12:03  src.cpcv.tuning  INFO  Tuning total: 52.6s
22:12:03  src.cpcv.pipeline  INFO      applied lstm: {'hidden_size': 32, 'num_layers': 1, 'dropout': 0.4995248912678551, 'learning_rate': 0.026500102680296976}
22:12:04  src.cpcv.pipeline  INFO    [ 43/56]                 lstm (seed=0) F1=0.358  AUC=0.552  LL=0.6862 (1.0s)
22:12:05  src.cpcv.pipeline  INFO    [ 44/56]                 lstm (seed=1) F1=0.358  AUC=0.476  LL=0.6924 (1.0s)
22:12:05  src.cpcv.preprocessing  INFO  Computing MDA (Random Forest)...
22:12:37  src.cpcv.preprocessing  INFO  Computing MDA (Logistic Regression)...
22:12:38  src.cpcv.preprocessing  INFO  Multi-model MDA: 31/62 passed (MDA > 0), 31 eliminated
22:12:38  src.cpcv.preprocessing  INFO    Capped at 18 features (top_k_frac=0.3)
22:12:38  src.cpcv.preprocessing  INFO    Selected (18): ['active_addr_roc_14', 'atr', 'cci_14', 'ema_ratio_20_50', 'exchange_supply_pct', 'kurtosis', 'log_returns_lag7', 'lz_complexity', 'macd', 'macd_hist', 'mvrv', 'nasdaq_ret_30', 'natgas_ret_30', 'negentropy', 'roc_14', 'rsi', 'skewness', 'us2y']
22:12:38  src.cpcv.pipeline  INFO    Preprocessing: 18 features selected, train=528 + cal=133, test=288
22:12:38  src.cpcv.tuning  INFO  Tuning (1 model) — Optuna TPE + Purged K-Fold (inner: 3 folds, embargo=10 obs)
22:12:38  src.cpcv.tuning  INFO    [tuning] lstm: 3 purged K-fold splits, 30 Optuna trials (TPE)
22:13:17  src.cpcv.tuning  INFO      lstm: 9 completed, 21 pruned (of 30 total) — best log_loss=0.6866, params={'hidden_size': 32, 'dropout': 0.10239887318232696, 'learning_rate': 0.041376293143363024}
22:13:17  src.cpcv.tuning  INFO    [tuning] lstm done in 39.4s — best log_loss=0.6866
22:13:17  src.cpcv.tuning  INFO  Tuning total: 39.4s
22:13:17  src.cpcv.pipeline  INFO      applied lstm: {'hidden_size': 32, 'num_layers': 1, 'dropout': 0.10239887318232696, 'learning_rate': 0.041376293143363024}
22:13:19  src.cpcv.pipeline  INFO    [ 45/56]                 lstm (seed=0) F1=0.356  AUC=0.520  LL=0.6895 (1.0s)
22:13:20  src.cpcv.pipeline  INFO    [ 46/56]                 lstm (seed=1) F1=0.444  AUC=0.447  LL=0.7247 (1.4s)
22:13:20  src.cpcv.preprocessing  INFO  Computing MDA (Random Forest)...
22:13:54  src.cpcv.preprocessing  INFO  Computing MDA (Logistic Regression)...
22:13:55  src.cpcv.preprocessing  INFO  Multi-model MDA: 40/62 passed (MDA > 0), 22 eliminated
22:13:55  src.cpcv.preprocessing  INFO    Capped at 18 features (top_k_frac=0.3)
22:13:55  src.cpcv.preprocessing  INFO    Selected (18): ['eth_btc_ratio', 'gk_vol', 'hurst', 'kurtosis', 'macd', 'nasdaq_ret_30', 'oil_ret_30', 'roc_14', 'rsi', 'sadf', 'silver_ret_30', 'skewness', 'smt_exp', 'vix', 'vwma_ratio_20_50', 'williams_r', 'yield_curve_10y30y', 'yz_vol']
22:13:55  src.cpcv.pipeline  INFO    Preprocessing: 18 features selected, train=519 + cal=130, test=288
22:13:55  src.cpcv.tuning  INFO  Tuning (1 model) — Optuna TPE + Purged K-Fold (inner: 3 folds, embargo=10 obs)
22:13:55  src.cpcv.tuning  INFO    [tuning] lstm: 3 purged K-fold splits, 30 Optuna trials (TPE)
22:14:46  src.cpcv.tuning  INFO      lstm: 19 completed, 11 pruned (of 30 total) — best log_loss=0.6853, params={'hidden_size': 32, 'dropout': 0.189590166438511, 'learning_rate': 0.0030850627327711727}
22:14:46  src.cpcv.tuning  INFO    [tuning] lstm done in 50.8s — best log_loss=0.6853
22:14:46  src.cpcv.tuning  INFO  Tuning total: 50.8s
22:14:46  src.cpcv.pipeline  INFO      applied lstm: {'hidden_size': 32, 'num_layers': 1, 'dropout': 0.189590166438511, 'learning_rate': 0.0030850627327711727}
22:14:47  src.cpcv.pipeline  INFO    [ 47/56]                 lstm (seed=0) F1=0.484  AUC=0.541  LL=0.7323 (1.1s)
22:14:48  src.cpcv.pipeline  INFO    [ 48/56]                 lstm (seed=1) F1=0.512  AUC=0.532  LL=0.7303 (0.9s)
22:14:48  src.cpcv.preprocessing  INFO  Computing MDA (Random Forest)...
22:15:21  src.cpcv.preprocessing  INFO  Computing MDA (Logistic Regression)...
22:15:22  src.cpcv.preprocessing  INFO  Multi-model MDA: 18/62 passed (MDA > 0), 44 eliminated
22:15:22  src.cpcv.preprocessing  INFO    Selected (18): ['active_addr_roc_14', 'dxy_roc_30', 'eth_btc_ratio', 'exchange_supply_pct', 'hurst', 'kurtosis', 'log_returns_lag3', 'lz_complexity', 'macd_signal', 'nasdaq_ret_30', 'sadf', 'skewness', 'smt_poly1', 'tx_count_roc_14', 'us2y', 'vol_term_30_90', 'williams_r', 'yz_vol']
22:15:22  src.cpcv.pipeline  INFO    Preprocessing: 18 features selected, train=520 + cal=131, test=295
22:15:22  src.cpcv.tuning  INFO  Tuning (1 model) — Optuna TPE + Purged K-Fold (inner: 3 folds, embargo=10 obs)
22:15:22  src.cpcv.tuning  INFO    [tuning] lstm: 3 purged K-fold splits, 30 Optuna trials (TPE)
22:16:08  src.cpcv.tuning  INFO      lstm: 16 completed, 14 pruned (of 30 total) — best log_loss=0.6880, params={'hidden_size': 16, 'dropout': 0.30585143751657484, 'learning_rate': 0.017713448128253147}
22:16:08  src.cpcv.tuning  INFO    [tuning] lstm done in 45.7s — best log_loss=0.6880
22:16:08  src.cpcv.tuning  INFO  Tuning total: 45.7s
22:16:08  src.cpcv.pipeline  INFO      applied lstm: {'hidden_size': 16, 'num_layers': 1, 'dropout': 0.30585143751657484, 'learning_rate': 0.017713448128253147}
22:16:09  src.cpcv.pipeline  INFO    [ 49/56]                 lstm (seed=0) F1=0.366  AUC=0.509  LL=0.6842 (1.0s)
22:16:10  src.cpcv.pipeline  INFO    [ 50/56]                 lstm (seed=1) F1=0.366  AUC=0.497  LL=0.6823 (0.9s)
22:16:10  src.cpcv.preprocessing  INFO  Computing MDA (Random Forest)...
22:16:42  src.cpcv.preprocessing  INFO  Computing MDA (Logistic Regression)...
22:16:43  src.cpcv.preprocessing  INFO  Multi-model MDA: 41/62 passed (MDA > 0), 21 eliminated
22:16:43  src.cpcv.preprocessing  INFO    Capped at 18 features (top_k_frac=0.3)
22:16:43  src.cpcv.preprocessing  INFO    Selected (18): ['active_addr_roc_14', 'eth_btc_ratio', 'exchange_supply_pct', 'kurtosis', 'log_returns', 'log_returns_lag14', 'macd', 'mfi_14', 'mvrv', 'negentropy', 'roc_14', 'silver_ret_30', 'smt_exp', 'smt_poly1', 'tx_count_roc_14', 'vix', 'vwma_ratio_20_50', 'yz_vol']
22:16:43  src.cpcv.pipeline  INFO    Preprocessing: 18 features selected, train=527 + cal=132, test=288
22:16:43  src.cpcv.tuning  INFO  Tuning (1 model) — Optuna TPE + Purged K-Fold (inner: 3 folds, embargo=10 obs)
22:16:43  src.cpcv.tuning  INFO    [tuning] lstm: 3 purged K-fold splits, 30 Optuna trials (TPE)
22:17:17  src.cpcv.tuning  INFO      lstm: 5 completed, 25 pruned (of 30 total) — best log_loss=0.6848, params={'hidden_size': 16, 'dropout': 0.4960270161229775, 'learning_rate': 0.0081634858314061}
22:17:17  src.cpcv.tuning  INFO    [tuning] lstm done in 34.4s — best log_loss=0.6848
22:17:17  src.cpcv.tuning  INFO  Tuning total: 34.4s
22:17:17  src.cpcv.pipeline  INFO      applied lstm: {'hidden_size': 16, 'num_layers': 1, 'dropout': 0.4960270161229775, 'learning_rate': 0.0081634858314061}
22:17:19  src.cpcv.pipeline  INFO    [ 51/56]                 lstm (seed=0) F1=0.528  AUC=0.535  LL=0.7214 (1.2s)
22:17:20  src.cpcv.pipeline  INFO    [ 52/56]                 lstm (seed=1) F1=0.491  AUC=0.545  LL=0.7155 (0.9s)
22:17:20  src.cpcv.preprocessing  INFO  Computing MDA (Random Forest)...
22:17:54  src.cpcv.preprocessing  INFO  Computing MDA (Logistic Regression)...
22:17:55  src.cpcv.preprocessing  INFO  Multi-model MDA: 32/62 passed (MDA > 0), 30 eliminated
22:17:55  src.cpcv.preprocessing  INFO    Capped at 18 features (top_k_frac=0.3)
22:17:55  src.cpcv.preprocessing  INFO    Selected (18): ['atr', 'bb_width', 'eth_btc_ratio', 'exchange_supply_pct', 'hashrate_roc_30', 'log_returns_lag1', 'log_returns_lag14', 'log_returns_lag3', 'lz_complexity', 'mfi_14', 'natgas_ret_30', 'skewness', 'us10y', 'us2y', 'vix', 'yield_curve_10y30y', 'yield_curve_2y10y', 'yz_vol']
22:17:55  src.cpcv.pipeline  INFO    Preprocessing: 18 features selected, train=519 + cal=130, test=295
22:17:55  src.cpcv.tuning  INFO  Tuning (1 model) — Optuna TPE + Purged K-Fold (inner: 3 folds, embargo=10 obs)
22:17:55  src.cpcv.tuning  INFO    [tuning] lstm: 3 purged K-fold splits, 30 Optuna trials (TPE)
22:18:41  src.cpcv.tuning  INFO      lstm: 19 completed, 11 pruned (of 30 total) — best log_loss=0.6720, params={'hidden_size': 16, 'dropout': 0.38949610247807, 'learning_rate': 0.047480907937169}
22:18:41  src.cpcv.tuning  INFO    [tuning] lstm done in 46.2s — best log_loss=0.6720
22:18:41  src.cpcv.tuning  INFO  Tuning total: 46.2s
22:18:41  src.cpcv.pipeline  INFO      applied lstm: {'hidden_size': 16, 'num_layers': 1, 'dropout': 0.38949610247807, 'learning_rate': 0.047480907937169}
22:18:42  src.cpcv.pipeline  INFO    [ 53/56]                 lstm (seed=0) F1=0.460  AUC=0.496  LL=0.7854 (1.0s)
22:18:43  src.cpcv.pipeline  INFO    [ 54/56]                 lstm (seed=1) F1=0.477  AUC=0.490  LL=0.7278 (1.0s)
22:18:44  src.cpcv.preprocessing  INFO  Computing MDA (Random Forest)...
22:19:16  src.cpcv.preprocessing  INFO  Computing MDA (Logistic Regression)...
22:19:18  src.cpcv.preprocessing  INFO  Multi-model MDA: 13/62 passed (MDA > 0), 49 eliminated
22:19:18  src.cpcv.preprocessing  INFO    Selected (13): ['chaikin_osc', 'eth_btc_ratio', 'exchange_supply_pct', 'gk_vol', 'kurtosis', 'log_returns', 'nasdaq_ret_30', 'realized_vol', 'roc_14', 'smt_exp', 'smt_poly1', 'sp500_ret_30', 'us10y']
22:19:18  src.cpcv.pipeline  INFO    Preprocessing: 13 features selected, train=531 + cal=133, test=295
22:19:18  src.cpcv.tuning  INFO  Tuning (1 model) — Optuna TPE + Purged K-Fold (inner: 3 folds, embargo=10 obs)
22:19:18  src.cpcv.tuning  INFO    [tuning] lstm: 3 purged K-fold splits, 30 Optuna trials (TPE)
22:20:01  src.cpcv.tuning  INFO      lstm: 12 completed, 18 pruned (of 30 total) — best log_loss=0.6880, params={'hidden_size': 32, 'dropout': 0.402139415085817, 'learning_rate': 0.03229718662626613}
22:20:01  src.cpcv.tuning  INFO    [tuning] lstm done in 43.1s — best log_loss=0.6880
22:20:01  src.cpcv.tuning  INFO  Tuning total: 43.1s
22:20:01  src.cpcv.pipeline  INFO      applied lstm: {'hidden_size': 32, 'num_layers': 1, 'dropout': 0.402139415085817, 'learning_rate': 0.03229718662626613}
22:20:02  src.cpcv.pipeline  INFO    [ 55/56]                 lstm (seed=0) F1=0.442  AUC=0.490  LL=0.7559 (1.4s)
22:20:03  src.cpcv.pipeline  INFO    [ 56/56]                 lstm (seed=1) F1=0.476  AUC=0.479  LL=0.7035 (1.0s)
22:20:03  src.cpcv.pipeline  INFO  ============================================================
22:20:03  src.cpcv.pipeline  INFO  CPCV Pipeline Complete
22:20:03  src.cpcv.pipeline  INFO  ============================================================
22:20:03  src.cpcv.pipeline  INFO    Total time:     2422.9s (40.4m)
22:20:03  src.cpcv.pipeline  INFO    Tasks:          56 succeeded, 0 failed
22:20:03  src.cpcv.pipeline  INFO    Results keys:   56 (model, split, seed) entries
22:20:03  src.cpcv.pipeline  INFO    Backtest paths: 7
22:20:03  src.cpcv.pipeline  INFO    Tuning:         nested (per-split), 28 splits tuned, models=['lstm']
22:20:03  src.cpcv.pipeline  INFO  ============================================================
22:20:04  src.cpcv.pipeline  INFO  ============================================================
22:20:04  src.cpcv.pipeline  INFO  CPCV Pipeline
22:20:04  src.cpcv.pipeline  INFO  ============================================================
22:20:04  src.cpcv.pipeline  INFO    Models:         ['kan']
22:20:04  src.cpcv.pipeline  INFO    Seeds/fold:     2
22:20:04  src.cpcv.pipeline  INFO    Groups (N):     8
22:20:04  src.cpcv.pipeline  INFO    Test groups (k):2
22:20:04  src.cpcv.pipeline  INFO    Embargo:        1.0%
22:20:04  src.cpcv.pipeline  INFO    FFD columns:    ['atr']
22:20:04  src.cpcv.pipeline  INFO    Samples:        1159
22:20:04  src.cpcv.pipeline  INFO    Features:       62
22:20:04  src.cpcv.pipeline  INFO    Splits:         28, Paths: 7
22:20:04  src.cpcv.pipeline  INFO    Tuning:         NESTED (per-split) — ['kan'] [30 trials]
22:20:04  src.cpcv.pipeline  INFO  ============================================================
22:20:04  src.cpcv.preprocessing  INFO  Computing MDA (Random Forest)...
22:20:40  src.cpcv.preprocessing  INFO  Computing MDA (Logistic Regression)...
22:20:41  src.cpcv.preprocessing  INFO  Multi-model MDA: 16/62 passed (MDA > 0), 46 eliminated
22:20:41  src.cpcv.preprocessing  INFO    Selected (16): ['chaikin_osc', 'dxy_roc_30', 'exchange_supply_pct', 'gk_vol', 'jarque_bera', 'log_returns', 'log_returns_lag1', 'log_returns_lag7', 'roc_14', 'silver_ret_30', 'stoch_d', 'us10y', 'us2y', 'variance_ratio', 'vol_term_7_30', 'yield_curve_10y30y']
22:20:41  src.cpcv.pipeline  INFO    Preprocessing: 16 features selected, train=688 + cal=172, test=89
22:20:41  src.cpcv.tuning  INFO  Tuning (1 model) — Optuna TPE + Purged K-Fold (inner: 3 folds, embargo=10 obs)
22:20:41  src.cpcv.tuning  INFO    [tuning] kan (efficient-kan + AdamW): 3 purged K-fold splits, 30 Optuna trials (TPE)
22:22:11  src.cpcv.tuning  INFO      kan: 27 completed, 3 pruned (of 30 total) — best log_loss=0.6875, params={'width1': 3, 'lr': 0.006399833473977464, 'weight_decay': 1.0345683193325077e-05, 'grid': 5}
22:22:11  src.cpcv.tuning  INFO    [tuning] kan done in 90.6s — best log_loss=0.6875
22:22:11  src.cpcv.tuning  INFO  Tuning total: 90.6s
22:22:11  src.cpcv.pipeline  INFO      applied kan: {'width1': 3, 'width2': 0, 'grid': 5, 'lr': 0.006399833473977464, 'weight_decay': 1.0345683193325077e-05}
22:22:12  src.cpcv.models.kan_model  INFO  KAN fitted: widths=[16, 3, 2], grid=5, epochs=21, val_acc=0.5640, val_loss=0.6918, logit_range=[-0.16, 0.14], device=cpu.
22:22:12  src.cpcv.pipeline  INFO    [  1/56]                  kan (seed=0) F1=0.426  AUC=0.406  LL=0.7658 (0.4s)
22:22:12  src.cpcv.models.kan_model  INFO  KAN fitted: widths=[16, 3, 2], grid=5, epochs=22, val_acc=0.5523, val_loss=0.6933, logit_range=[-0.08, 0.06], device=cpu.
22:22:12  src.cpcv.pipeline  INFO    [  2/56]                  kan (seed=1) F1=0.429  AUC=0.510  LL=0.6671 (0.4s)
22:22:12  src.cpcv.preprocessing  INFO  Computing MDA (Random Forest)...
22:22:48  src.cpcv.preprocessing  INFO  Computing MDA (Logistic Regression)...
22:22:49  src.cpcv.preprocessing  INFO  Multi-model MDA: 49/62 passed (MDA > 0), 13 eliminated
22:22:49  src.cpcv.preprocessing  INFO    Capped at 18 features (top_k_frac=0.3)
22:22:49  src.cpcv.preprocessing  INFO    Selected (18): ['atr', 'bb_width', 'dxy_roc_30', 'ema_ratio_50_200', 'issuance_ntv', 'log_returns', 'macd_hist', 'nasdaq_ret_30', 'oil_ret_30', 'realized_vol', 'shannon_entropy', 'skewness', 'smt_exp', 'smt_poly1', 'stoch_d', 'tx_count_roc_14', 'us2y', 'yield_curve_2y10y']
22:22:49  src.cpcv.pipeline  INFO    Preprocessing: 18 features selected, train=643 + cal=161, test=144
22:22:49  src.cpcv.tuning  INFO  Tuning (1 model) — Optuna TPE + Purged K-Fold (inner: 3 folds, embargo=10 obs)
22:22:49  src.cpcv.tuning  INFO    [tuning] kan (efficient-kan + AdamW): 3 purged K-fold splits, 30 Optuna trials (TPE)
22:23:35  src.cpcv.tuning  INFO      kan: 17 completed, 13 pruned (of 30 total) — best log_loss=0.6901, params={'width1': 2, 'lr': 0.04353010439152429, 'weight_decay': 0.001764971584817572, 'grid': 3}
22:23:35  src.cpcv.tuning  INFO    [tuning] kan done in 46.1s — best log_loss=0.6901
22:23:35  src.cpcv.tuning  INFO  Tuning total: 46.1s
22:23:35  src.cpcv.pipeline  INFO      applied kan: {'width1': 2, 'width2': 0, 'grid': 3, 'lr': 0.04353010439152429, 'weight_decay': 0.001764971584817572}
22:23:36  src.cpcv.models.kan_model  INFO  KAN fitted: widths=[18, 2, 2], grid=3, epochs=22, val_acc=0.4472, val_loss=0.6928, logit_range=[-0.25, 0.10], device=cpu.
22:23:36  src.cpcv.pipeline  INFO    [  3/56]                  kan (seed=0) F1=0.311  AUC=0.485  LL=0.7381 (0.5s)
22:23:36  src.cpcv.models.kan_model  INFO  KAN fitted: widths=[18, 2, 2], grid=3, epochs=21, val_acc=0.4658, val_loss=0.6969, logit_range=[-0.23, 0.25], device=cpu.
22:23:36  src.cpcv.pipeline  INFO    [  4/56]                  kan (seed=1) F1=0.311  AUC=0.485  LL=0.7196 (0.4s)
22:23:36  src.cpcv.preprocessing  INFO  Computing MDA (Random Forest)...
22:24:12  src.cpcv.preprocessing  INFO  Computing MDA (Logistic Regression)...
22:24:13  src.cpcv.preprocessing  WARNING  Only 3 features with MDA > 0. Taking top 5 by MDA value.
22:24:13  src.cpcv.preprocessing  INFO  Multi-model MDA: 3/62 passed (MDA > 0), 59 eliminated
22:24:13  src.cpcv.preprocessing  INFO    Selected (5): ['jarque_bera', 'log_returns_lag1', 'oil_ret_30', 'roc_14', 'stoch_d']
22:24:13  src.cpcv.pipeline  INFO    Preprocessing: 5 features selected, train=644 + cal=161, test=144
22:24:13  src.cpcv.tuning  INFO  Tuning (1 model) — Optuna TPE + Purged K-Fold (inner: 3 folds, embargo=10 obs)
22:24:13  src.cpcv.tuning  INFO    [tuning] kan (efficient-kan + AdamW): 3 purged K-fold splits, 30 Optuna trials (TPE)
22:24:47  src.cpcv.tuning  INFO      kan: 23 completed, 7 pruned (of 30 total) — best log_loss=0.6903, params={'width1': 6, 'lr': 0.0007345362772818524, 'weight_decay': 1.688181122810249e-05, 'grid': 3}
22:24:47  src.cpcv.tuning  INFO    [tuning] kan done in 33.3s — best log_loss=0.6903
22:24:47  src.cpcv.tuning  INFO  Tuning total: 33.3s
22:24:47  src.cpcv.pipeline  INFO      applied kan: {'width1': 6, 'width2': 0, 'grid': 3, 'lr': 0.0007345362772818524, 'weight_decay': 1.688181122810249e-05}
22:24:47  src.cpcv.models.kan_model  INFO  KAN fitted: widths=[5, 6, 2], grid=3, epochs=24, val_acc=0.4845, val_loss=0.6947, logit_range=[-0.10, 0.12], device=cpu.
22:24:47  src.cpcv.pipeline  INFO    [  5/56]                  kan (seed=0) F1=0.363  AUC=0.501  LL=0.6840 (0.5s)
22:24:48  src.cpcv.models.kan_model  INFO  KAN fitted: widths=[5, 6, 2], grid=3, epochs=30, val_acc=0.5031, val_loss=0.6943, logit_range=[-0.12, 0.10], device=cpu.
22:24:48  src.cpcv.pipeline  INFO    [  6/56]                  kan (seed=1) F1=0.363  AUC=0.419  LL=0.6843 (0.5s)
22:24:48  src.cpcv.preprocessing  INFO  Computing MDA (Random Forest)...
22:25:25  src.cpcv.preprocessing  INFO  Computing MDA (Logistic Regression)...
22:25:26  src.cpcv.preprocessing  INFO  Multi-model MDA: 36/62 passed (MDA > 0), 26 eliminated
22:25:26  src.cpcv.preprocessing  INFO    Capped at 18 features (top_k_frac=0.3)
22:25:26  src.cpcv.preprocessing  INFO    Selected (18): ['active_addr_roc_14', 'atr', 'bb_width', 'dxy_roc_30', 'jarque_bera', 'log_returns_lag2', 'log_returns_lag30', 'macd_hist', 'mvrv', 'net_exchange_flow', 'obv', 'oil_ret_30', 'sadf', 'smt_exp', 'sp500_ret_30', 'stoch_d', 'vix', 'yield_curve_10y30y']
22:25:26  src.cpcv.pipeline  INFO    Preprocessing: 18 features selected, train=644 + cal=161, test=144
22:25:26  src.cpcv.tuning  INFO  Tuning (1 model) — Optuna TPE + Purged K-Fold (inner: 3 folds, embargo=10 obs)
22:25:26  src.cpcv.tuning  INFO    [tuning] kan (efficient-kan + AdamW): 3 purged K-fold splits, 30 Optuna trials (TPE)
22:26:14  src.cpcv.tuning  INFO      kan: 17 completed, 13 pruned (of 30 total) — best log_loss=0.6910, params={'width1': 4, 'lr': 0.0010687180009028208, 'weight_decay': 0.00015519394414496986, 'grid': 3}
22:26:14  src.cpcv.tuning  INFO    [tuning] kan done in 47.6s — best log_loss=0.6910
22:26:14  src.cpcv.tuning  INFO  Tuning total: 47.6s
22:26:14  src.cpcv.pipeline  INFO      applied kan: {'width1': 4, 'width2': 0, 'grid': 3, 'lr': 0.0010687180009028208, 'weight_decay': 0.00015519394414496986}
22:26:14  src.cpcv.models.kan_model  INFO  KAN fitted: widths=[18, 4, 2], grid=3, epochs=21, val_acc=0.5776, val_loss=0.6929, logit_range=[-0.10, 0.18], device=cpu.
22:26:14  src.cpcv.pipeline  INFO    [  7/56]                  kan (seed=0) F1=0.374  AUC=0.573  LL=0.6738 (0.4s)
22:26:14  src.cpcv.models.kan_model  INFO  KAN fitted: widths=[18, 4, 2], grid=3, epochs=21, val_acc=0.5093, val_loss=0.6930, logit_range=[-0.10, 0.14], device=cpu.
22:26:14  src.cpcv.pipeline  INFO    [  8/56]                  kan (seed=1) F1=0.374  AUC=0.492  LL=0.6810 (0.4s)
22:26:15  src.cpcv.preprocessing  INFO  Computing MDA (Random Forest)...
22:26:50  src.cpcv.preprocessing  INFO  Computing MDA (Logistic Regression)...
22:26:51  src.cpcv.preprocessing  INFO  Multi-model MDA: 45/62 passed (MDA > 0), 17 eliminated
22:26:51  src.cpcv.preprocessing  INFO    Capped at 18 features (top_k_frac=0.3)
22:26:51  src.cpcv.preprocessing  INFO    Selected (18): ['bb_width', 'eth_btc_ratio', 'exchange_supply_pct', 'jarque_bera', 'kurtosis', 'log_returns', 'log_returns_lag30', 'macd_hist', 'mfi_14', 'mvrv', 'natgas_ret_30', 'obv', 'realized_vol', 'rsi', 'sadf', 'skewness', 'yield_curve_10y30y', 'yz_vol']
22:26:51  src.cpcv.pipeline  INFO    Preprocessing: 18 features selected, train=642 + cal=161, test=144
22:26:51  src.cpcv.tuning  INFO  Tuning (1 model) — Optuna TPE + Purged K-Fold (inner: 3 folds, embargo=10 obs)
22:26:51  src.cpcv.tuning  INFO    [tuning] kan (efficient-kan + AdamW): 3 purged K-fold splits, 30 Optuna trials (TPE)
22:27:52  src.cpcv.tuning  INFO      kan: 16 completed, 14 pruned (of 30 total) — best log_loss=0.6876, params={'width1': 6, 'lr': 0.002033281656757397, 'weight_decay': 1.834907204905544e-05, 'grid': 3}
22:27:52  src.cpcv.tuning  INFO    [tuning] kan done in 60.4s — best log_loss=0.6876
22:27:52  src.cpcv.tuning  INFO  Tuning total: 60.4s
22:27:52  src.cpcv.pipeline  INFO      applied kan: {'width1': 6, 'width2': 0, 'grid': 3, 'lr': 0.002033281656757397, 'weight_decay': 1.834907204905544e-05}
22:27:52  src.cpcv.models.kan_model  INFO  KAN fitted: widths=[18, 6, 2], grid=3, epochs=21, val_acc=0.5466, val_loss=0.6934, logit_range=[-0.14, 0.14], device=cpu.
22:27:52  src.cpcv.pipeline  INFO    [  9/56]                  kan (seed=0) F1=0.397  AUC=0.394  LL=0.7176 (0.6s)
22:27:53  src.cpcv.models.kan_model  INFO  KAN fitted: widths=[18, 6, 2], grid=3, epochs=21, val_acc=0.4596, val_loss=0.6960, logit_range=[-0.08, 0.05], device=cpu.
22:27:53  src.cpcv.pipeline  INFO    [ 10/56]                  kan (seed=1) F1=0.336  AUC=0.566  LL=0.6972 (0.5s)
22:27:53  src.cpcv.preprocessing  INFO  Computing MDA (Random Forest)...
22:28:29  src.cpcv.preprocessing  INFO  Computing MDA (Logistic Regression)...
22:28:31  src.cpcv.preprocessing  INFO  Multi-model MDA: 22/62 passed (MDA > 0), 40 eliminated
22:28:31  src.cpcv.preprocessing  INFO    Capped at 18 features (top_k_frac=0.3)
22:28:31  src.cpcv.preprocessing  INFO    Selected (18): ['chaikin_osc', 'dxy_roc_30', 'eth_btc_ratio', 'gold_ret_30', 'hashrate_roc_30', 'jarque_bera', 'kurtosis', 'macd', 'macd_signal', 'net_exchange_flow', 'obv', 'oil_ret_30', 'roc_14', 'shannon_entropy', 'smt_poly1', 'sp500_ret_30', 'stoch_k', 'yield_curve_10y30y']
22:28:31  src.cpcv.pipeline  INFO    Preprocessing: 18 features selected, train=643 + cal=161, test=144
22:28:31  src.cpcv.tuning  INFO  Tuning (1 model) — Optuna TPE + Purged K-Fold (inner: 3 folds, embargo=10 obs)
22:28:31  src.cpcv.tuning  INFO    [tuning] kan (efficient-kan + AdamW): 3 purged K-fold splits, 30 Optuna trials (TPE)
22:29:51  src.cpcv.tuning  INFO      kan: 27 completed, 3 pruned (of 30 total) — best log_loss=0.6878, params={'width1': 6, 'lr': 0.007277591895628733, 'weight_decay': 0.004964499679768522, 'grid': 5}
22:29:51  src.cpcv.tuning  INFO    [tuning] kan done in 80.3s — best log_loss=0.6878
22:29:51  src.cpcv.tuning  INFO  Tuning total: 80.3s
22:29:51  src.cpcv.pipeline  INFO      applied kan: {'width1': 6, 'width2': 0, 'grid': 5, 'lr': 0.007277591895628733, 'weight_decay': 0.004964499679768522}
22:29:52  src.cpcv.models.kan_model  INFO  KAN fitted: widths=[18, 6, 2], grid=5, epochs=34, val_acc=0.5093, val_loss=0.6881, logit_range=[-0.27, 0.19], device=cpu.
22:29:52  src.cpcv.pipeline  INFO    [ 11/56]                  kan (seed=0) F1=0.437  AUC=0.429  LL=0.7030 (0.7s)
22:29:52  src.cpcv.models.kan_model  INFO  KAN fitted: widths=[18, 6, 2], grid=5, epochs=27, val_acc=0.4783, val_loss=0.6900, logit_range=[-0.20, 0.14], device=cpu.
22:29:52  src.cpcv.pipeline  INFO    [ 12/56]                  kan (seed=1) F1=0.463  AUC=0.429  LL=0.6973 (0.7s)
22:29:53  src.cpcv.preprocessing  INFO  Computing MDA (Random Forest)...
22:30:29  src.cpcv.preprocessing  INFO  Computing MDA (Logistic Regression)...
22:30:30  src.cpcv.preprocessing  INFO  Multi-model MDA: 29/62 passed (MDA > 0), 33 eliminated
22:30:30  src.cpcv.preprocessing  INFO    Capped at 18 features (top_k_frac=0.3)
22:30:30  src.cpcv.preprocessing  INFO    Selected (18): ['active_addr_roc_14', 'atr', 'bb_width', 'copper_ret_30', 'eth_btc_ratio', 'gold_ret_30', 'hurst', 'kurtosis', 'log_returns_lag1', 'log_returns_lag14', 'macd', 'macd_signal', 'net_exchange_flow', 'sadf', 'skewness', 'vol_term_30_90', 'williams_r', 'yield_curve_10y30y']
22:30:30  src.cpcv.pipeline  INFO    Preprocessing: 18 features selected, train=644 + cal=162, test=151
22:30:30  src.cpcv.tuning  INFO  Tuning (1 model) — Optuna TPE + Purged K-Fold (inner: 3 folds, embargo=10 obs)
22:30:30  src.cpcv.tuning  INFO    [tuning] kan (efficient-kan + AdamW): 3 purged K-fold splits, 30 Optuna trials (TPE)
22:31:23  src.cpcv.tuning  INFO      kan: 10 completed, 20 pruned (of 30 total) — best log_loss=0.6820, params={'width1': 3, 'lr': 0.03695629014742159, 'weight_decay': 0.004379297255670883, 'grid': 3}
22:31:23  src.cpcv.tuning  INFO    [tuning] kan done in 52.1s — best log_loss=0.6820
22:31:23  src.cpcv.tuning  INFO  Tuning total: 52.1s
22:31:23  src.cpcv.pipeline  INFO      applied kan: {'width1': 3, 'width2': 0, 'grid': 3, 'lr': 0.03695629014742159, 'weight_decay': 0.004379297255670883}
22:31:23  src.cpcv.models.kan_model  INFO  KAN fitted: widths=[18, 3, 2], grid=3, epochs=21, val_acc=0.4444, val_loss=0.6945, logit_range=[-0.16, 0.21], device=cpu.
22:31:23  src.cpcv.pipeline  INFO    [ 13/56]                  kan (seed=0) F1=0.357  AUC=0.567  LL=0.6894 (0.4s)
22:31:23  src.cpcv.models.kan_model  INFO  KAN fitted: widths=[18, 3, 2], grid=3, epochs=22, val_acc=0.4506, val_loss=0.6929, logit_range=[-0.15, 0.07], device=cpu.
22:31:23  src.cpcv.pipeline  INFO    [ 14/56]                  kan (seed=1) F1=0.357  AUC=0.385  LL=0.6898 (0.4s)
22:31:24  src.cpcv.preprocessing  INFO  Computing MDA (Random Forest)...
22:31:55  src.cpcv.preprocessing  INFO  Computing MDA (Logistic Regression)...
22:31:57  src.cpcv.preprocessing  INFO  Multi-model MDA: 27/62 passed (MDA > 0), 35 eliminated
22:31:57  src.cpcv.preprocessing  INFO    Capped at 18 features (top_k_frac=0.3)
22:31:57  src.cpcv.preprocessing  INFO    Selected (18): ['cci_14', 'chaikin_osc', 'dxy_roc_30', 'eth_btc_ratio', 'gk_vol', 'gold_ret_30', 'hashrate_roc_30', 'hurst', 'jarque_bera', 'log_returns_lag1', 'log_returns_lag14', 'lz_complexity', 'roc_14', 'sadf', 'stoch_k', 'williams_r', 'yield_curve_2y10y', 'yz_vol']
22:31:57  src.cpcv.pipeline  INFO    Preprocessing: 18 features selected, train=572 + cal=144, test=233
22:31:57  src.cpcv.tuning  INFO  Tuning (1 model) — Optuna TPE + Purged K-Fold (inner: 3 folds, embargo=10 obs)
22:31:57  src.cpcv.tuning  INFO    [tuning] kan (efficient-kan + AdamW): 3 purged K-fold splits, 30 Optuna trials (TPE)
22:32:41  src.cpcv.tuning  INFO      kan: 19 completed, 11 pruned (of 30 total) — best log_loss=0.6869, params={'width1': 2, 'lr': 0.01897753104717914, 'weight_decay': 0.001674601122955787, 'grid': 3}
22:32:41  src.cpcv.tuning  INFO    [tuning] kan done in 44.2s — best log_loss=0.6869
22:32:41  src.cpcv.tuning  INFO  Tuning total: 44.2s
22:32:41  src.cpcv.pipeline  INFO      applied kan: {'width1': 2, 'width2': 0, 'grid': 3, 'lr': 0.01897753104717914, 'weight_decay': 0.001674601122955787}
22:32:41  src.cpcv.models.kan_model  INFO  KAN fitted: widths=[18, 2, 2], grid=3, epochs=30, val_acc=0.5208, val_loss=0.6924, logit_range=[-0.45, 0.40], device=cpu.
22:32:41  src.cpcv.pipeline  INFO    [ 15/56]                  kan (seed=0) F1=0.429  AUC=0.555  LL=0.6930 (0.5s)
22:32:42  src.cpcv.models.kan_model  INFO  KAN fitted: widths=[18, 2, 2], grid=3, epochs=23, val_acc=0.5625, val_loss=0.6890, logit_range=[-0.11, 0.14], device=cpu.
22:32:42  src.cpcv.pipeline  INFO    [ 16/56]                  kan (seed=1) F1=0.371  AUC=0.521  LL=0.7150 (0.4s)
22:32:42  src.cpcv.preprocessing  INFO  Computing MDA (Random Forest)...
22:33:15  src.cpcv.preprocessing  INFO  Computing MDA (Logistic Regression)...
22:33:16  src.cpcv.preprocessing  INFO  Multi-model MDA: 53/62 passed (MDA > 0), 9 eliminated
22:33:16  src.cpcv.preprocessing  INFO    Capped at 18 features (top_k_frac=0.3)
22:33:16  src.cpcv.preprocessing  INFO    Selected (18): ['copper_ret_30', 'eth_btc_ratio', 'gk_vol', 'log_returns_lag3', 'macd', 'macd_hist', 'mvrv', 'net_exchange_flow', 'realized_vol', 'sadf', 'silver_ret_30', 'skewness', 'smt_exp', 'stoch_k', 'variance_ratio', 'vix', 'vol_term_30_90', 'vol_term_7_30']
22:33:16  src.cpcv.pipeline  INFO    Preprocessing: 18 features selected, train=564 + cal=141, test=233
22:33:16  src.cpcv.tuning  INFO  Tuning (1 model) — Optuna TPE + Purged K-Fold (inner: 3 folds, embargo=10 obs)
22:33:16  src.cpcv.tuning  INFO    [tuning] kan (efficient-kan + AdamW): 3 purged K-fold splits, 30 Optuna trials (TPE)
22:34:40  src.cpcv.tuning  INFO      kan: 14 completed, 16 pruned (of 30 total) — best log_loss=0.6852, params={'width1': 2, 'lr': 0.013515435271253614, 'weight_decay': 0.00046490390852635063, 'grid': 3}
22:34:40  src.cpcv.tuning  INFO    [tuning] kan done in 84.2s — best log_loss=0.6852
22:34:40  src.cpcv.tuning  INFO  Tuning total: 84.2s
22:34:40  src.cpcv.pipeline  INFO      applied kan: {'width1': 2, 'width2': 0, 'grid': 3, 'lr': 0.013515435271253614, 'weight_decay': 0.00046490390852635063}
22:34:41  src.cpcv.models.kan_model  INFO  KAN fitted: widths=[18, 2, 2], grid=3, epochs=58, val_acc=0.6170, val_loss=0.6663, logit_range=[-1.02, 0.57], device=cpu.
22:34:41  src.cpcv.pipeline  INFO    [ 17/56]                  kan (seed=0) F1=0.486  AUC=0.459  LL=0.7400 (1.0s)
22:34:42  src.cpcv.models.kan_model  INFO  KAN fitted: widths=[18, 2, 2], grid=3, epochs=46, val_acc=0.6383, val_loss=0.6647, logit_range=[-0.50, 0.57], device=cpu.
22:34:42  src.cpcv.pipeline  INFO    [ 18/56]                  kan (seed=1) F1=0.511  AUC=0.496  LL=0.7216 (0.8s)
22:34:42  src.cpcv.preprocessing  INFO  Computing MDA (Random Forest)...
22:35:15  src.cpcv.preprocessing  INFO  Computing MDA (Logistic Regression)...
22:35:16  src.cpcv.preprocessing  INFO  Multi-model MDA: 38/62 passed (MDA > 0), 24 eliminated
22:35:16  src.cpcv.preprocessing  INFO    Capped at 18 features (top_k_frac=0.3)
22:35:16  src.cpcv.preprocessing  INFO    Selected (18): ['bb_width', 'cci_14', 'ema_ratio_50_200', 'exchange_supply_pct', 'gk_vol', 'jarque_bera', 'log_returns', 'log_returns_lag1', 'mvrv', 'natgas_ret_30', 'roc_14', 'sadf', 'silver_ret_30', 'smt_poly1', 'sp500_ret_30', 'stoch_k', 'tx_count_roc_14', 'williams_r']
22:35:16  src.cpcv.pipeline  INFO    Preprocessing: 18 features selected, train=564 + cal=141, test=233
22:35:16  src.cpcv.tuning  INFO  Tuning (1 model) — Optuna TPE + Purged K-Fold (inner: 3 folds, embargo=10 obs)
22:35:16  src.cpcv.tuning  INFO    [tuning] kan (efficient-kan + AdamW): 3 purged K-fold splits, 30 Optuna trials (TPE)
22:36:05  src.cpcv.tuning  INFO      kan: 29 completed, 1 pruned (of 30 total) — best log_loss=0.6893, params={'width1': 5, 'lr': 0.03361560122743827, 'weight_decay': 0.004176686180605627, 'grid': 5}
22:36:05  src.cpcv.tuning  INFO    [tuning] kan done in 49.2s — best log_loss=0.6893
22:36:05  src.cpcv.tuning  INFO  Tuning total: 49.2s
22:36:05  src.cpcv.pipeline  INFO      applied kan: {'width1': 5, 'width2': 0, 'grid': 5, 'lr': 0.03361560122743827, 'weight_decay': 0.004176686180605627}
22:36:06  src.cpcv.models.kan_model  INFO  KAN fitted: widths=[18, 5, 2], grid=5, epochs=23, val_acc=0.5177, val_loss=0.6899, logit_range=[-0.24, 0.33], device=cpu.
22:36:06  src.cpcv.pipeline  INFO    [ 19/56]                  kan (seed=0) F1=0.557  AUC=0.593  LL=0.6678 (0.5s)
22:36:06  src.cpcv.models.kan_model  INFO  KAN fitted: widths=[18, 5, 2], grid=5, epochs=23, val_acc=0.5035, val_loss=0.6909, logit_range=[-0.23, 0.26], device=cpu.
22:36:06  src.cpcv.pipeline  INFO    [ 20/56]                  kan (seed=1) F1=0.498  AUC=0.543  LL=0.6666 (0.5s)
22:36:07  src.cpcv.preprocessing  INFO  Computing MDA (Random Forest)...
22:36:38  src.cpcv.preprocessing  INFO  Computing MDA (Logistic Regression)...
22:36:39  src.cpcv.preprocessing  INFO  Multi-model MDA: 31/62 passed (MDA > 0), 31 eliminated
22:36:39  src.cpcv.preprocessing  INFO    Capped at 18 features (top_k_frac=0.3)
22:36:39  src.cpcv.preprocessing  INFO    Selected (18): ['active_addr_roc_14', 'dxy_roc_30', 'eth_btc_ratio', 'exchange_supply_pct', 'kurtosis', 'log_returns_lag1', 'log_returns_lag3', 'mfi_14', 'natgas_ret_30', 'obv', 'roc_14', 'rsi', 'sadf', 'stoch_k', 'variance_ratio', 'vix', 'vol_term_30_90', 'yield_curve_2y10y']
22:36:39  src.cpcv.pipeline  INFO    Preprocessing: 18 features selected, train=562 + cal=141, test=233
22:36:39  src.cpcv.tuning  INFO  Tuning (1 model) — Optuna TPE + Purged K-Fold (inner: 3 folds, embargo=10 obs)
22:36:39  src.cpcv.tuning  INFO    [tuning] kan (efficient-kan + AdamW): 3 purged K-fold splits, 30 Optuna trials (TPE)
22:37:16  src.cpcv.tuning  INFO      kan: 20 completed, 10 pruned (of 30 total) — best log_loss=0.6892, params={'width1': 4, 'lr': 0.032681320414828685, 'weight_decay': 0.004197101651236213, 'grid': 3}
22:37:16  src.cpcv.tuning  INFO    [tuning] kan done in 37.0s — best log_loss=0.6892
22:37:16  src.cpcv.tuning  INFO  Tuning total: 37.0s
22:37:16  src.cpcv.pipeline  INFO      applied kan: {'width1': 4, 'width2': 0, 'grid': 3, 'lr': 0.032681320414828685, 'weight_decay': 0.004197101651236213}
22:37:16  src.cpcv.models.kan_model  INFO  KAN fitted: widths=[18, 4, 2], grid=3, epochs=21, val_acc=0.5390, val_loss=0.6931, logit_range=[-0.10, 0.21], device=cpu.
22:37:17  src.cpcv.pipeline  INFO    [ 21/56]                  kan (seed=0) F1=0.469  AUC=0.534  LL=0.6868 (0.4s)
22:37:17  src.cpcv.models.kan_model  INFO  KAN fitted: widths=[18, 4, 2], grid=3, epochs=22, val_acc=0.5106, val_loss=0.7006, logit_range=[-0.15, 0.29], device=cpu.
22:37:17  src.cpcv.pipeline  INFO    [ 22/56]                  kan (seed=1) F1=0.362  AUC=0.556  LL=0.6849 (0.4s)
22:37:17  src.cpcv.preprocessing  INFO  Computing MDA (Random Forest)...
22:37:49  src.cpcv.preprocessing  INFO  Computing MDA (Logistic Regression)...
22:37:50  src.cpcv.preprocessing  INFO  Multi-model MDA: 34/62 passed (MDA > 0), 28 eliminated
22:37:50  src.cpcv.preprocessing  INFO    Capped at 18 features (top_k_frac=0.3)
22:37:50  src.cpcv.preprocessing  INFO    Selected (18): ['active_addr_roc_14', 'bb_width', 'chaikin_osc', 'ema_ratio_50_200', 'issuance_ntv', 'kurtosis', 'log_returns_lag7', 'mfi_14', 'nasdaq_ret_30', 'negentropy', 'shannon_entropy', 'silver_ret_30', 'skewness', 'sp500_ret_30', 'us10y', 'vix', 'vol_term_7_30', 'yield_curve_2y10y']
22:37:50  src.cpcv.pipeline  INFO    Preprocessing: 18 features selected, train=563 + cal=141, test=233
22:37:50  src.cpcv.tuning  INFO  Tuning (1 model) — Optuna TPE + Purged K-Fold (inner: 3 folds, embargo=10 obs)
22:37:50  src.cpcv.tuning  INFO    [tuning] kan (efficient-kan + AdamW): 3 purged K-fold splits, 30 Optuna trials (TPE)
22:39:10  src.cpcv.tuning  INFO      kan: 15 completed, 15 pruned (of 30 total) — best log_loss=0.6695, params={'width1': 4, 'lr': 0.008788103197437272, 'weight_decay': 0.000139398978858144, 'grid': 3}
22:39:10  src.cpcv.tuning  INFO    [tuning] kan done in 80.5s — best log_loss=0.6695
22:39:10  src.cpcv.tuning  INFO  Tuning total: 80.5s
22:39:10  src.cpcv.pipeline  INFO      applied kan: {'width1': 4, 'width2': 0, 'grid': 3, 'lr': 0.008788103197437272, 'weight_decay': 0.000139398978858144}
22:39:11  src.cpcv.models.kan_model  INFO  KAN fitted: widths=[18, 4, 2], grid=3, epochs=25, val_acc=0.4610, val_loss=0.6924, logit_range=[-0.23, 0.10], device=cpu.
22:39:11  src.cpcv.pipeline  INFO    [ 23/56]                  kan (seed=0) F1=0.505  AUC=0.543  LL=0.6818 (0.5s)
22:39:11  src.cpcv.models.kan_model  INFO  KAN fitted: widths=[18, 4, 2], grid=3, epochs=21, val_acc=0.4823, val_loss=0.6944, logit_range=[-0.13, 0.11], device=cpu.
22:39:11  src.cpcv.pipeline  INFO    [ 24/56]                  kan (seed=1) F1=0.374  AUC=0.557  LL=0.6741 (0.4s)
22:39:12  src.cpcv.preprocessing  INFO  Computing MDA (Random Forest)...
22:39:44  src.cpcv.preprocessing  INFO  Computing MDA (Logistic Regression)...
22:39:45  src.cpcv.preprocessing  INFO  Multi-model MDA: 25/62 passed (MDA > 0), 37 eliminated
22:39:45  src.cpcv.preprocessing  INFO    Capped at 18 features (top_k_frac=0.3)
22:39:45  src.cpcv.preprocessing  INFO    Selected (18): ['bb_width', 'eth_btc_ratio', 'jarque_bera', 'kurtosis', 'log_returns', 'log_returns_lag2', 'lz_complexity', 'macd_hist', 'macd_signal', 'rsi', 'sadf', 'skewness', 'tx_count_roc_14', 'us10y', 'us2y', 'vix', 'yield_curve_10y30y', 'yield_curve_2y10y']
22:39:45  src.cpcv.pipeline  INFO    Preprocessing: 18 features selected, train=564 + cal=142, test=240
22:39:45  src.cpcv.tuning  INFO  Tuning (1 model) — Optuna TPE + Purged K-Fold (inner: 3 folds, embargo=10 obs)
22:39:45  src.cpcv.tuning  INFO    [tuning] kan (efficient-kan + AdamW): 3 purged K-fold splits, 30 Optuna trials (TPE)
22:41:06  src.cpcv.tuning  INFO      kan: 21 completed, 9 pruned (of 30 total) — best log_loss=0.6830, params={'width1': 6, 'lr': 0.014989291095615252, 'weight_decay': 5.935242049646819e-05, 'grid': 5}
22:41:06  src.cpcv.tuning  INFO    [tuning] kan done in 80.9s — best log_loss=0.6830
22:41:06  src.cpcv.tuning  INFO  Tuning total: 80.9s
22:41:06  src.cpcv.pipeline  INFO      applied kan: {'width1': 6, 'width2': 0, 'grid': 5, 'lr': 0.014989291095615252, 'weight_decay': 5.935242049646819e-05}
22:41:06  src.cpcv.models.kan_model  INFO  KAN fitted: widths=[18, 6, 2], grid=5, epochs=21, val_acc=0.4648, val_loss=0.6937, logit_range=[-0.12, 0.04], device=cpu.
22:41:06  src.cpcv.pipeline  INFO    [ 25/56]                  kan (seed=0) F1=0.373  AUC=0.477  LL=0.6790 (0.4s)
22:41:06  src.cpcv.models.kan_model  INFO  KAN fitted: widths=[18, 6, 2], grid=5, epochs=21, val_acc=0.4577, val_loss=0.6962, logit_range=[-0.05, 0.15], device=cpu.
22:41:07  src.cpcv.pipeline  INFO    [ 26/56]                  kan (seed=1) F1=0.373  AUC=0.566  LL=0.6787 (0.5s)
22:41:07  src.cpcv.preprocessing  INFO  Computing MDA (Random Forest)...
22:41:38  src.cpcv.preprocessing  INFO  Computing MDA (Logistic Regression)...
22:41:39  src.cpcv.preprocessing  INFO  Multi-model MDA: 42/62 passed (MDA > 0), 20 eliminated
22:41:39  src.cpcv.preprocessing  INFO    Capped at 18 features (top_k_frac=0.3)
22:41:39  src.cpcv.preprocessing  INFO    Selected (18): ['chaikin_osc', 'gold_ret_30', 'jarque_bera', 'kurtosis', 'log_returns_lag3', 'log_returns_lag7', 'macd', 'macd_hist', 'obv', 'realized_vol', 'silver_ret_30', 'skewness', 'sp500_ret_30', 'tx_count_roc_14', 'vol_term_30_90', 'vol_term_7_30', 'vwma_ratio_20_50', 'williams_r']
22:41:39  src.cpcv.pipeline  INFO    Preprocessing: 18 features selected, train=528 + cal=132, test=288
22:41:39  src.cpcv.tuning  INFO  Tuning (1 model) — Optuna TPE + Purged K-Fold (inner: 3 folds, embargo=10 obs)
22:41:39  src.cpcv.tuning  INFO    [tuning] kan (efficient-kan + AdamW): 3 purged K-fold splits, 30 Optuna trials (TPE)
22:42:31  src.cpcv.tuning  INFO      kan: 22 completed, 8 pruned (of 30 total) — best log_loss=0.6891, params={'width1': 2, 'lr': 0.006909714346097642, 'weight_decay': 0.0001389072302235244, 'grid': 5}
22:42:31  src.cpcv.tuning  INFO    [tuning] kan done in 51.8s — best log_loss=0.6891
22:42:31  src.cpcv.tuning  INFO  Tuning total: 51.8s
22:42:31  src.cpcv.pipeline  INFO      applied kan: {'width1': 2, 'width2': 0, 'grid': 5, 'lr': 0.006909714346097642, 'weight_decay': 0.0001389072302235244}
22:42:32  src.cpcv.models.kan_model  INFO  KAN fitted: widths=[18, 2, 2], grid=5, epochs=69, val_acc=0.5909, val_loss=0.6690, logit_range=[-0.86, 0.64], device=cpu.
22:42:32  src.cpcv.pipeline  INFO    [ 27/56]                  kan (seed=0) F1=0.459  AUC=0.547  LL=0.7239 (1.1s)
22:42:33  src.cpcv.models.kan_model  INFO  KAN fitted: widths=[18, 2, 2], grid=5, epochs=62, val_acc=0.6061, val_loss=0.6662, logit_range=[-0.72, 0.48], device=cpu.
22:42:33  src.cpcv.pipeline  INFO    [ 28/56]                  kan (seed=1) F1=0.445  AUC=0.541  LL=0.7388 (1.0s)
22:42:33  src.cpcv.preprocessing  INFO  Computing MDA (Random Forest)...
22:43:05  src.cpcv.preprocessing  INFO  Computing MDA (Logistic Regression)...
22:43:06  src.cpcv.preprocessing  INFO  Multi-model MDA: 17/62 passed (MDA > 0), 45 eliminated
22:43:06  src.cpcv.preprocessing  INFO    Selected (17): ['atr', 'cci_14', 'eth_btc_ratio', 'hashrate_roc_30', 'hurst', 'issuance_ntv', 'log_returns_lag1', 'natgas_ret_30', 'negentropy', 'realized_vol', 'sadf', 'stoch_k', 'us10y', 'vol_term_7_30', 'vwma_ratio_20_50', 'williams_r', 'yield_curve_2y10y']
22:43:06  src.cpcv.pipeline  INFO    Preprocessing: 17 features selected, train=519 + cal=130, test=288
22:43:06  src.cpcv.tuning  INFO  Tuning (1 model) — Optuna TPE + Purged K-Fold (inner: 3 folds, embargo=10 obs)
22:43:06  src.cpcv.tuning  INFO    [tuning] kan (efficient-kan + AdamW): 3 purged K-fold splits, 30 Optuna trials (TPE)
22:43:44  src.cpcv.tuning  INFO      kan: 18 completed, 12 pruned (of 30 total) — best log_loss=0.6914, params={'width1': 3, 'lr': 0.0075906169787849885, 'weight_decay': 0.0022129771149944763, 'grid': 5}
22:43:44  src.cpcv.tuning  INFO    [tuning] kan done in 38.0s — best log_loss=0.6914
22:43:44  src.cpcv.tuning  INFO  Tuning total: 38.0s
22:43:44  src.cpcv.pipeline  INFO      applied kan: {'width1': 3, 'width2': 0, 'grid': 5, 'lr': 0.0075906169787849885, 'weight_decay': 0.0022129771149944763}
22:43:45  src.cpcv.models.kan_model  INFO  KAN fitted: widths=[17, 3, 2], grid=5, epochs=32, val_acc=0.5538, val_loss=0.6897, logit_range=[-0.16, 0.24], device=cpu.
22:43:45  src.cpcv.pipeline  INFO    [ 29/56]                  kan (seed=0) F1=0.344  AUC=0.514  LL=0.7006 (0.7s)
22:43:46  src.cpcv.models.kan_model  INFO  KAN fitted: widths=[17, 3, 2], grid=5, epochs=55, val_acc=0.5308, val_loss=0.6877, logit_range=[-0.18, 0.36], device=cpu.
22:43:46  src.cpcv.pipeline  INFO    [ 30/56]                  kan (seed=1) F1=0.386  AUC=0.456  LL=0.7227 (1.1s)
22:43:46  src.cpcv.preprocessing  INFO  Computing MDA (Random Forest)...
22:44:18  src.cpcv.preprocessing  INFO  Computing MDA (Logistic Regression)...
22:44:19  src.cpcv.preprocessing  INFO  Multi-model MDA: 39/62 passed (MDA > 0), 23 eliminated
22:44:19  src.cpcv.preprocessing  INFO    Capped at 18 features (top_k_frac=0.3)
22:44:19  src.cpcv.preprocessing  INFO    Selected (18): ['cci_14', 'copper_ret_30', 'ema_ratio_20_50', 'fee_per_tx', 'log_returns_lag1', 'log_returns_lag2', 'log_returns_lag30', 'natgas_ret_30', 'net_exchange_flow', 'obv', 'oil_ret_30', 'sadf', 'silver_ret_30', 'skewness', 'stoch_k', 'vol_term_30_90', 'vwma_ratio_20_50', 'yield_curve_10y30y']
22:44:19  src.cpcv.pipeline  INFO    Preprocessing: 18 features selected, train=517 + cal=130, test=288
22:44:19  src.cpcv.tuning  INFO  Tuning (1 model) — Optuna TPE + Purged K-Fold (inner: 3 folds, embargo=10 obs)
22:44:19  src.cpcv.tuning  INFO    [tuning] kan (efficient-kan + AdamW): 3 purged K-fold splits, 30 Optuna trials (TPE)
22:45:49  src.cpcv.tuning  INFO      kan: 30 completed, 0 pruned (of 30 total) — best log_loss=0.6891, params={'width1': 2, 'lr': 0.000737633779383727, 'weight_decay': 0.0007159293895253705, 'grid': 5}
22:45:49  src.cpcv.tuning  INFO    [tuning] kan done in 89.8s — best log_loss=0.6891
22:45:49  src.cpcv.tuning  INFO  Tuning total: 89.8s
22:45:49  src.cpcv.pipeline  INFO      applied kan: {'width1': 2, 'width2': 0, 'grid': 5, 'lr': 0.000737633779383727, 'weight_decay': 0.0007159293895253705}
22:45:52  src.cpcv.models.kan_model  INFO  KAN fitted: widths=[18, 2, 2], grid=5, epochs=200, val_acc=0.5462, val_loss=0.6732, logit_range=[-0.33, 0.23], device=cpu.
22:45:53  src.cpcv.pipeline  INFO    [ 31/56]                  kan (seed=0) F1=0.426  AUC=0.496  LL=0.8051 (3.3s)
22:45:56  src.cpcv.models.kan_model  INFO  KAN fitted: widths=[18, 2, 2], grid=5, epochs=200, val_acc=0.5462, val_loss=0.6817, logit_range=[-0.27, 0.13], device=cpu.
22:45:56  src.cpcv.pipeline  INFO    [ 32/56]                  kan (seed=1) F1=0.487  AUC=0.527  LL=0.7143 (3.7s)
22:45:57  src.cpcv.preprocessing  INFO  Computing MDA (Random Forest)...
22:46:28  src.cpcv.preprocessing  INFO  Computing MDA (Logistic Regression)...
22:46:29  src.cpcv.preprocessing  INFO  Multi-model MDA: 35/62 passed (MDA > 0), 27 eliminated
22:46:29  src.cpcv.preprocessing  INFO    Capped at 18 features (top_k_frac=0.3)
22:46:29  src.cpcv.preprocessing  INFO    Selected (18): ['atr', 'gk_vol', 'jarque_bera', 'log_returns_lag2', 'log_returns_lag3', 'log_returns_lag7', 'macd_hist', 'macd_signal', 'mfi_14', 'rsi', 'sadf', 'skewness', 'stoch_k', 'tx_count_roc_14', 'vol_term_30_90', 'vwma_ratio_20_50', 'williams_r', 'yz_vol']
22:46:29  src.cpcv.pipeline  INFO    Preprocessing: 18 features selected, train=518 + cal=130, test=288
22:46:29  src.cpcv.tuning  INFO  Tuning (1 model) — Optuna TPE + Purged K-Fold (inner: 3 folds, embargo=10 obs)
22:46:29  src.cpcv.tuning  INFO    [tuning] kan (efficient-kan + AdamW): 3 purged K-fold splits, 30 Optuna trials (TPE)
22:47:44  src.cpcv.tuning  INFO      kan: 28 completed, 2 pruned (of 30 total) — best log_loss=0.6820, params={'width1': 3, 'lr': 0.02477368696404872, 'weight_decay': 0.0011041328740294476, 'grid': 3}
22:47:44  src.cpcv.tuning  INFO    [tuning] kan done in 74.3s — best log_loss=0.6820
22:47:44  src.cpcv.tuning  INFO  Tuning total: 74.3s
22:47:44  src.cpcv.pipeline  INFO      applied kan: {'width1': 3, 'width2': 0, 'grid': 3, 'lr': 0.02477368696404872, 'weight_decay': 0.0011041328740294476}
22:47:44  src.cpcv.models.kan_model  INFO  KAN fitted: widths=[18, 3, 2], grid=3, epochs=24, val_acc=0.5385, val_loss=0.6828, logit_range=[-0.18, 0.55], device=cpu.
22:47:44  src.cpcv.pipeline  INFO    [ 33/56]                  kan (seed=0) F1=0.456  AUC=0.470  LL=0.7210 (0.4s)
22:47:45  src.cpcv.models.kan_model  INFO  KAN fitted: widths=[18, 3, 2], grid=3, epochs=24, val_acc=0.4692, val_loss=0.6861, logit_range=[-0.35, 0.22], device=cpu.
22:47:45  src.cpcv.pipeline  INFO    [ 34/56]                  kan (seed=1) F1=0.401  AUC=0.432  LL=0.7462 (0.4s)
22:47:45  src.cpcv.preprocessing  INFO  Computing MDA (Random Forest)...
22:48:18  src.cpcv.preprocessing  INFO  Computing MDA (Logistic Regression)...
22:48:19  src.cpcv.preprocessing  INFO  Multi-model MDA: 35/62 passed (MDA > 0), 27 eliminated
22:48:19  src.cpcv.preprocessing  INFO    Capped at 18 features (top_k_frac=0.3)
22:48:19  src.cpcv.preprocessing  INFO    Selected (18): ['atr', 'bb_width', 'cci_14', 'exchange_supply_pct', 'hurst', 'log_returns', 'log_returns_lag3', 'macd_hist', 'mfi_14', 'net_exchange_flow', 'realized_vol', 'skewness', 'variance_ratio', 'vix', 'vol_term_30_90', 'vwma_ratio_20_50', 'yield_curve_10y30y', 'yz_vol']
22:48:19  src.cpcv.pipeline  INFO    Preprocessing: 18 features selected, train=520 + cal=130, test=295
22:48:19  src.cpcv.tuning  INFO  Tuning (1 model) — Optuna TPE + Purged K-Fold (inner: 3 folds, embargo=10 obs)
22:48:19  src.cpcv.tuning  INFO    [tuning] kan (efficient-kan + AdamW): 3 purged K-fold splits, 30 Optuna trials (TPE)
22:49:21  src.cpcv.tuning  INFO      kan: 27 completed, 3 pruned (of 30 total) — best log_loss=0.6860, params={'width1': 2, 'lr': 0.04870646982539715, 'weight_decay': 0.0013058668013759675, 'grid': 5}
22:49:21  src.cpcv.tuning  INFO    [tuning] kan done in 62.2s — best log_loss=0.6860
22:49:21  src.cpcv.tuning  INFO  Tuning total: 62.2s
22:49:21  src.cpcv.pipeline  INFO      applied kan: {'width1': 2, 'width2': 0, 'grid': 5, 'lr': 0.04870646982539715, 'weight_decay': 0.0013058668013759675}
22:49:21  src.cpcv.models.kan_model  INFO  KAN fitted: widths=[18, 2, 2], grid=5, epochs=22, val_acc=0.4615, val_loss=0.6929, logit_range=[-0.16, 0.11], device=cpu.
22:49:21  src.cpcv.pipeline  INFO    [ 35/56]                  kan (seed=0) F1=0.336  AUC=0.480  LL=0.6953 (0.4s)
22:49:22  src.cpcv.models.kan_model  INFO  KAN fitted: widths=[18, 2, 2], grid=5, epochs=21, val_acc=0.4615, val_loss=0.6924, logit_range=[-0.11, 0.02], device=cpu.
22:49:22  src.cpcv.pipeline  INFO    [ 36/56]                  kan (seed=1) F1=0.336  AUC=0.426  LL=0.6955 (0.5s)
22:49:22  src.cpcv.preprocessing  INFO  Computing MDA (Random Forest)...
22:49:54  src.cpcv.preprocessing  INFO  Computing MDA (Logistic Regression)...
22:49:56  src.cpcv.preprocessing  INFO  Multi-model MDA: 21/62 passed (MDA > 0), 41 eliminated
22:49:56  src.cpcv.preprocessing  INFO    Capped at 18 features (top_k_frac=0.3)
22:49:56  src.cpcv.preprocessing  INFO    Selected (18): ['eth_btc_ratio', 'gold_ret_30', 'hurst', 'log_returns', 'log_returns_lag1', 'log_returns_lag2', 'log_returns_lag7', 'lz_complexity', 'mvrv', 'natgas_ret_30', 'negentropy', 'realized_vol', 'sadf', 'stoch_d', 'tx_count_roc_14', 'vix', 'yield_curve_10y30y', 'yz_vol']
22:49:56  src.cpcv.pipeline  INFO    Preprocessing: 18 features selected, train=528 + cal=133, test=288
22:49:56  src.cpcv.tuning  INFO  Tuning (1 model) — Optuna TPE + Purged K-Fold (inner: 3 folds, embargo=10 obs)
22:49:56  src.cpcv.tuning  INFO    [tuning] kan (efficient-kan + AdamW): 3 purged K-fold splits, 30 Optuna trials (TPE)
22:50:47  src.cpcv.tuning  INFO      kan: 25 completed, 5 pruned (of 30 total) — best log_loss=0.6928, params={'width1': 2, 'lr': 0.0008492246965773998, 'weight_decay': 0.0004577353218152435, 'grid': 5}
22:50:47  src.cpcv.tuning  INFO    [tuning] kan done in 51.4s — best log_loss=0.6928
22:50:47  src.cpcv.tuning  INFO  Tuning total: 51.4s
22:50:47  src.cpcv.pipeline  INFO      applied kan: {'width1': 2, 'width2': 0, 'grid': 5, 'lr': 0.0008492246965773998, 'weight_decay': 0.0004577353218152435}
22:50:47  src.cpcv.models.kan_model  INFO  KAN fitted: widths=[18, 2, 2], grid=5, epochs=21, val_acc=0.4586, val_loss=0.6931, logit_range=[-0.13, 0.12], device=cpu.
22:50:47  src.cpcv.pipeline  INFO    [ 37/56]                  kan (seed=0) F1=0.368  AUC=0.503  LL=0.6839 (0.4s)
22:50:48  src.cpcv.models.kan_model  INFO  KAN fitted: widths=[18, 2, 2], grid=5, epochs=21, val_acc=0.5188, val_loss=0.6926, logit_range=[-0.11, 0.09], device=cpu.
22:50:48  src.cpcv.pipeline  INFO    [ 38/56]                  kan (seed=1) F1=0.368  AUC=0.513  LL=0.6796 (0.4s)
22:50:48  src.cpcv.preprocessing  INFO  Computing MDA (Random Forest)...
22:51:21  src.cpcv.preprocessing  INFO  Computing MDA (Logistic Regression)...
22:51:22  src.cpcv.preprocessing  INFO  Multi-model MDA: 19/62 passed (MDA > 0), 43 eliminated
22:51:22  src.cpcv.preprocessing  INFO    Capped at 18 features (top_k_frac=0.3)
22:51:22  src.cpcv.preprocessing  INFO    Selected (18): ['copper_ret_30', 'eth_btc_ratio', 'exchange_supply_pct', 'gold_ret_30', 'hurst', 'issuance_ntv', 'jarque_bera', 'kurtosis', 'mfi_14', 'natgas_ret_30', 'negentropy', 'net_exchange_flow', 'obv', 'oil_ret_30', 'roc_14', 'shannon_entropy', 'skewness', 'us2y']
22:51:22  src.cpcv.pipeline  INFO    Preprocessing: 18 features selected, train=518 + cal=130, test=288
22:51:22  src.cpcv.tuning  INFO  Tuning (1 model) — Optuna TPE + Purged K-Fold (inner: 3 folds, embargo=10 obs)
22:51:22  src.cpcv.tuning  INFO    [tuning] kan (efficient-kan + AdamW): 3 purged K-fold splits, 30 Optuna trials (TPE)
22:52:41  src.cpcv.tuning  INFO      kan: 16 completed, 14 pruned (of 30 total) — best log_loss=0.6825, params={'width1': 6, 'lr': 0.002033281656757397, 'weight_decay': 1.834907204905544e-05, 'grid': 3}
22:52:41  src.cpcv.tuning  INFO    [tuning] kan done in 79.4s — best log_loss=0.6825
22:52:41  src.cpcv.tuning  INFO  Tuning total: 79.4s
22:52:41  src.cpcv.pipeline  INFO      applied kan: {'width1': 6, 'width2': 0, 'grid': 3, 'lr': 0.002033281656757397, 'weight_decay': 1.834907204905544e-05}
22:52:42  src.cpcv.models.kan_model  INFO  KAN fitted: widths=[18, 6, 2], grid=3, epochs=21, val_acc=0.4538, val_loss=0.6967, logit_range=[-0.08, 0.10], device=cpu.
22:52:42  src.cpcv.pipeline  INFO    [ 39/56]                  kan (seed=0) F1=0.350  AUC=0.512  LL=0.6902 (0.5s)
22:52:42  src.cpcv.models.kan_model  INFO  KAN fitted: widths=[18, 6, 2], grid=3, epochs=21, val_acc=0.5308, val_loss=0.6967, logit_range=[-0.16, 0.05], device=cpu.
22:52:42  src.cpcv.pipeline  INFO    [ 40/56]                  kan (seed=1) F1=0.350  AUC=0.537  LL=0.6903 (0.5s)
22:52:43  src.cpcv.preprocessing  INFO  Computing MDA (Random Forest)...
22:53:15  src.cpcv.preprocessing  INFO  Computing MDA (Logistic Regression)...
22:53:16  src.cpcv.preprocessing  INFO  Multi-model MDA: 32/62 passed (MDA > 0), 30 eliminated
22:53:16  src.cpcv.preprocessing  INFO    Capped at 18 features (top_k_frac=0.3)
22:53:16  src.cpcv.preprocessing  INFO    Selected (18): ['bb_width', 'chaikin_osc', 'copper_ret_30', 'eth_btc_ratio', 'exchange_supply_pct', 'fee_per_tx', 'gold_ret_30', 'jarque_bera', 'log_returns_lag14', 'log_returns_lag3', 'macd_hist', 'net_exchange_flow', 'oil_ret_30', 'roc_14', 'silver_ret_30', 'skewness', 'tx_count_roc_14', 'vol_term_7_30']
22:53:16  src.cpcv.pipeline  INFO    Preprocessing: 18 features selected, train=519 + cal=130, test=288
22:53:16  src.cpcv.tuning  INFO  Tuning (1 model) — Optuna TPE + Purged K-Fold (inner: 3 folds, embargo=10 obs)
22:53:16  src.cpcv.tuning  INFO    [tuning] kan (efficient-kan + AdamW): 3 purged K-fold splits, 30 Optuna trials (TPE)
22:54:17  src.cpcv.tuning  INFO      kan: 25 completed, 5 pruned (of 30 total) — best log_loss=0.6861, params={'width1': 6, 'lr': 0.0033786130658936867, 'weight_decay': 2.3299354371195333e-05, 'grid': 5}
22:54:17  src.cpcv.tuning  INFO    [tuning] kan done in 61.7s — best log_loss=0.6861
22:54:17  src.cpcv.tuning  INFO  Tuning total: 61.7s
22:54:17  src.cpcv.pipeline  INFO      applied kan: {'width1': 6, 'width2': 0, 'grid': 5, 'lr': 0.0033786130658936867, 'weight_decay': 2.3299354371195333e-05}
22:54:19  src.cpcv.models.kan_model  INFO  KAN fitted: widths=[18, 6, 2], grid=5, epochs=66, val_acc=0.5385, val_loss=0.6770, logit_range=[-0.49, 0.55], device=cpu.
22:54:19  src.cpcv.pipeline  INFO    [ 41/56]                  kan (seed=0) F1=0.461  AUC=0.481  LL=0.7087 (1.2s)
22:54:20  src.cpcv.models.kan_model  INFO  KAN fitted: widths=[18, 6, 2], grid=5, epochs=62, val_acc=0.5538, val_loss=0.6800, logit_range=[-0.43, 0.41], device=cpu.
22:54:20  src.cpcv.pipeline  INFO    [ 42/56]                  kan (seed=1) F1=0.411  AUC=0.477  LL=0.7052 (1.1s)
22:54:20  src.cpcv.preprocessing  INFO  Computing MDA (Random Forest)...
22:54:52  src.cpcv.preprocessing  INFO  Computing MDA (Logistic Regression)...
22:54:54  src.cpcv.preprocessing  INFO  Multi-model MDA: 33/62 passed (MDA > 0), 29 eliminated
22:54:54  src.cpcv.preprocessing  INFO    Capped at 18 features (top_k_frac=0.3)
22:54:54  src.cpcv.preprocessing  INFO    Selected (18): ['bb_width', 'cci_14', 'ema_ratio_20_50', 'eth_btc_ratio', 'exchange_supply_pct', 'fee_per_tx', 'gk_vol', 'hurst', 'log_returns_lag1', 'roc_14', 'shannon_entropy', 'silver_ret_30', 'smt_poly1', 'sp500_ret_30', 'tx_count_roc_14', 'us10y', 'vol_term_30_90', 'yz_vol']
22:54:54  src.cpcv.pipeline  INFO    Preprocessing: 18 features selected, train=520 + cal=131, test=295
22:54:54  src.cpcv.tuning  INFO  Tuning (1 model) — Optuna TPE + Purged K-Fold (inner: 3 folds, embargo=10 obs)
22:54:54  src.cpcv.tuning  INFO    [tuning] kan (efficient-kan + AdamW): 3 purged K-fold splits, 30 Optuna trials (TPE)
22:56:06  src.cpcv.tuning  INFO      kan: 28 completed, 2 pruned (of 30 total) — best log_loss=0.6686, params={'width1': 3, 'lr': 0.04817062794948781, 'weight_decay': 0.001151678633751397, 'grid': 5}
22:56:06  src.cpcv.tuning  INFO    [tuning] kan done in 72.6s — best log_loss=0.6686
22:56:06  src.cpcv.tuning  INFO  Tuning total: 72.6s
22:56:06  src.cpcv.pipeline  INFO      applied kan: {'width1': 3, 'width2': 0, 'grid': 5, 'lr': 0.04817062794948781, 'weight_decay': 0.001151678633751397}
22:56:07  src.cpcv.models.kan_model  INFO  KAN fitted: widths=[18, 3, 2], grid=5, epochs=21, val_acc=0.4656, val_loss=0.6938, logit_range=[-0.26, 0.06], device=cpu.
22:56:07  src.cpcv.pipeline  INFO    [ 43/56]                  kan (seed=0) F1=0.360  AUC=0.483  LL=0.6869 (0.5s)
22:56:07  src.cpcv.models.kan_model  INFO  KAN fitted: widths=[18, 3, 2], grid=5, epochs=21, val_acc=0.4962, val_loss=0.6932, logit_range=[-0.13, 0.10], device=cpu.
22:56:07  src.cpcv.pipeline  INFO    [ 44/56]                  kan (seed=1) F1=0.360  AUC=0.530  LL=0.6860 (0.4s)
22:56:07  src.cpcv.preprocessing  INFO  Computing MDA (Random Forest)...
22:56:40  src.cpcv.preprocessing  INFO  Computing MDA (Logistic Regression)...
22:56:41  src.cpcv.preprocessing  INFO  Multi-model MDA: 31/62 passed (MDA > 0), 31 eliminated
22:56:41  src.cpcv.preprocessing  INFO    Capped at 18 features (top_k_frac=0.3)
22:56:41  src.cpcv.preprocessing  INFO    Selected (18): ['active_addr_roc_14', 'atr', 'cci_14', 'ema_ratio_20_50', 'exchange_supply_pct', 'kurtosis', 'log_returns_lag7', 'lz_complexity', 'macd', 'macd_hist', 'mvrv', 'nasdaq_ret_30', 'natgas_ret_30', 'negentropy', 'roc_14', 'rsi', 'skewness', 'us2y']
22:56:41  src.cpcv.pipeline  INFO    Preprocessing: 18 features selected, train=528 + cal=133, test=288
22:56:41  src.cpcv.tuning  INFO  Tuning (1 model) — Optuna TPE + Purged K-Fold (inner: 3 folds, embargo=10 obs)
22:56:41  src.cpcv.tuning  INFO    [tuning] kan (efficient-kan + AdamW): 3 purged K-fold splits, 30 Optuna trials (TPE)
22:57:41  src.cpcv.tuning  INFO      kan: 17 completed, 13 pruned (of 30 total) — best log_loss=0.6854, params={'width1': 5, 'lr': 0.00916038623831982, 'weight_decay': 0.0004898491725707815, 'grid': 3}
22:57:41  src.cpcv.tuning  INFO    [tuning] kan done in 60.0s — best log_loss=0.6854
22:57:41  src.cpcv.tuning  INFO  Tuning total: 60.0s
22:57:41  src.cpcv.pipeline  INFO      applied kan: {'width1': 5, 'width2': 0, 'grid': 3, 'lr': 0.00916038623831982, 'weight_decay': 0.0004898491725707815}
22:57:42  src.cpcv.models.kan_model  INFO  KAN fitted: widths=[18, 5, 2], grid=3, epochs=53, val_acc=0.5639, val_loss=0.6897, logit_range=[-0.47, 0.73], device=cpu.
22:57:42  src.cpcv.pipeline  INFO    [ 45/56]                  kan (seed=0) F1=0.485  AUC=0.480  LL=0.7058 (1.0s)
22:57:42  src.cpcv.models.kan_model  INFO  KAN fitted: widths=[18, 5, 2], grid=3, epochs=31, val_acc=0.5865, val_loss=0.6899, logit_range=[-0.34, 0.22], device=cpu.
22:57:42  src.cpcv.pipeline  INFO    [ 46/56]                  kan (seed=1) F1=0.402  AUC=0.500  LL=0.6959 (0.6s)
22:57:43  src.cpcv.preprocessing  INFO  Computing MDA (Random Forest)...
22:58:15  src.cpcv.preprocessing  INFO  Computing MDA (Logistic Regression)...
22:58:16  src.cpcv.preprocessing  INFO  Multi-model MDA: 40/62 passed (MDA > 0), 22 eliminated
22:58:16  src.cpcv.preprocessing  INFO    Capped at 18 features (top_k_frac=0.3)
22:58:16  src.cpcv.preprocessing  INFO    Selected (18): ['eth_btc_ratio', 'gk_vol', 'hurst', 'kurtosis', 'macd', 'nasdaq_ret_30', 'oil_ret_30', 'roc_14', 'rsi', 'sadf', 'silver_ret_30', 'skewness', 'smt_exp', 'vix', 'vwma_ratio_20_50', 'williams_r', 'yield_curve_10y30y', 'yz_vol']
22:58:16  src.cpcv.pipeline  INFO    Preprocessing: 18 features selected, train=519 + cal=130, test=288
22:58:16  src.cpcv.tuning  INFO  Tuning (1 model) — Optuna TPE + Purged K-Fold (inner: 3 folds, embargo=10 obs)
22:58:16  src.cpcv.tuning  INFO    [tuning] kan (efficient-kan + AdamW): 3 purged K-fold splits, 30 Optuna trials (TPE)
22:59:25  src.cpcv.tuning  INFO      kan: 19 completed, 11 pruned (of 30 total) — best log_loss=0.6755, params={'width1': 4, 'lr': 0.04701535929664652, 'weight_decay': 0.00042925898570877124, 'grid': 3}
22:59:25  src.cpcv.tuning  INFO    [tuning] kan done in 69.3s — best log_loss=0.6755
22:59:25  src.cpcv.tuning  INFO  Tuning total: 69.3s
22:59:25  src.cpcv.pipeline  INFO      applied kan: {'width1': 4, 'width2': 0, 'grid': 3, 'lr': 0.04701535929664652, 'weight_decay': 0.00042925898570877124}
22:59:26  src.cpcv.models.kan_model  INFO  KAN fitted: widths=[18, 4, 2], grid=3, epochs=22, val_acc=0.5308, val_loss=0.6876, logit_range=[-0.34, 0.24], device=cpu.
22:59:26  src.cpcv.pipeline  INFO    [ 47/56]                  kan (seed=0) F1=0.511  AUC=0.530  LL=0.6920 (0.5s)
22:59:26  src.cpcv.models.kan_model  INFO  KAN fitted: widths=[18, 4, 2], grid=3, epochs=23, val_acc=0.5462, val_loss=0.6911, logit_range=[-0.26, 0.26], device=cpu.
22:59:26  src.cpcv.pipeline  INFO    [ 48/56]                  kan (seed=1) F1=0.516  AUC=0.534  LL=0.6857 (0.5s)
22:59:27  src.cpcv.preprocessing  INFO  Computing MDA (Random Forest)...
22:59:59  src.cpcv.preprocessing  INFO  Computing MDA (Logistic Regression)...
23:00:00  src.cpcv.preprocessing  INFO  Multi-model MDA: 18/62 passed (MDA > 0), 44 eliminated
23:00:00  src.cpcv.preprocessing  INFO    Selected (18): ['active_addr_roc_14', 'dxy_roc_30', 'eth_btc_ratio', 'exchange_supply_pct', 'hurst', 'kurtosis', 'log_returns_lag3', 'lz_complexity', 'macd_signal', 'nasdaq_ret_30', 'sadf', 'skewness', 'smt_poly1', 'tx_count_roc_14', 'us2y', 'vol_term_30_90', 'williams_r', 'yz_vol']
23:00:00  src.cpcv.pipeline  INFO    Preprocessing: 18 features selected, train=520 + cal=131, test=295
23:00:00  src.cpcv.tuning  INFO  Tuning (1 model) — Optuna TPE + Purged K-Fold (inner: 3 folds, embargo=10 obs)
23:00:00  src.cpcv.tuning  INFO    [tuning] kan (efficient-kan + AdamW): 3 purged K-fold splits, 30 Optuna trials (TPE)
23:01:03  src.cpcv.tuning  INFO      kan: 16 completed, 14 pruned (of 30 total) — best log_loss=0.6902, params={'width1': 2, 'lr': 0.0008310147257182523, 'weight_decay': 0.0004995042554502161, 'grid': 3}
23:01:03  src.cpcv.tuning  INFO    [tuning] kan done in 62.6s — best log_loss=0.6902
23:01:03  src.cpcv.tuning  INFO  Tuning total: 62.6s
23:01:03  src.cpcv.pipeline  INFO      applied kan: {'width1': 2, 'width2': 0, 'grid': 3, 'lr': 0.0008310147257182523, 'weight_decay': 0.0004995042554502161}
23:01:04  src.cpcv.models.kan_model  INFO  KAN fitted: widths=[18, 2, 2], grid=3, epochs=63, val_acc=0.5038, val_loss=0.6908, logit_range=[-0.24, 0.13], device=cpu.
23:01:04  src.cpcv.pipeline  INFO    [ 49/56]                  kan (seed=0) F1=0.436  AUC=0.531  LL=0.6850 (1.1s)
23:01:06  src.cpcv.models.kan_model  INFO  KAN fitted: widths=[18, 2, 2], grid=3, epochs=136, val_acc=0.4809, val_loss=0.6961, logit_range=[-0.14, 0.19], device=cpu.
23:01:06  src.cpcv.pipeline  INFO    [ 50/56]                  kan (seed=1) F1=0.366  AUC=0.515  LL=0.6849 (2.1s)
23:01:06  src.cpcv.preprocessing  INFO  Computing MDA (Random Forest)...
23:01:38  src.cpcv.preprocessing  INFO  Computing MDA (Logistic Regression)...
23:01:39  src.cpcv.preprocessing  INFO  Multi-model MDA: 41/62 passed (MDA > 0), 21 eliminated
23:01:39  src.cpcv.preprocessing  INFO    Capped at 18 features (top_k_frac=0.3)
23:01:39  src.cpcv.preprocessing  INFO    Selected (18): ['active_addr_roc_14', 'eth_btc_ratio', 'exchange_supply_pct', 'kurtosis', 'log_returns', 'log_returns_lag14', 'macd', 'mfi_14', 'mvrv', 'negentropy', 'roc_14', 'silver_ret_30', 'smt_exp', 'smt_poly1', 'tx_count_roc_14', 'vix', 'vwma_ratio_20_50', 'yz_vol']
23:01:39  src.cpcv.pipeline  INFO    Preprocessing: 18 features selected, train=527 + cal=132, test=288
23:01:39  src.cpcv.tuning  INFO  Tuning (1 model) — Optuna TPE + Purged K-Fold (inner: 3 folds, embargo=10 obs)
23:01:39  src.cpcv.tuning  INFO    [tuning] kan (efficient-kan + AdamW): 3 purged K-fold splits, 30 Optuna trials (TPE)
23:02:44  src.cpcv.tuning  INFO      kan: 18 completed, 12 pruned (of 30 total) — best log_loss=0.6883, params={'width1': 5, 'lr': 0.00315142656939999, 'weight_decay': 3.162353967452621e-05, 'grid': 3}
23:02:44  src.cpcv.tuning  INFO    [tuning] kan done in 65.2s — best log_loss=0.6883
23:02:44  src.cpcv.tuning  INFO  Tuning total: 65.2s
23:02:44  src.cpcv.pipeline  INFO      applied kan: {'width1': 5, 'width2': 0, 'grid': 3, 'lr': 0.00315142656939999, 'weight_decay': 3.162353967452621e-05}
23:02:45  src.cpcv.models.kan_model  INFO  KAN fitted: widths=[18, 5, 2], grid=3, epochs=77, val_acc=0.5682, val_loss=0.6853, logit_range=[-0.39, 0.37], device=cpu.
23:02:45  src.cpcv.pipeline  INFO    [ 51/56]                  kan (seed=0) F1=0.471  AUC=0.513  LL=0.6999 (1.4s)
23:02:47  src.cpcv.models.kan_model  INFO  KAN fitted: widths=[18, 5, 2], grid=3, epochs=71, val_acc=0.5833, val_loss=0.6821, logit_range=[-0.46, 0.34], device=cpu.
23:02:47  src.cpcv.pipeline  INFO    [ 52/56]                  kan (seed=1) F1=0.541  AUC=0.543  LL=0.6938 (1.4s)
23:02:47  src.cpcv.preprocessing  INFO  Computing MDA (Random Forest)...
23:03:20  src.cpcv.preprocessing  INFO  Computing MDA (Logistic Regression)...
23:03:21  src.cpcv.preprocessing  INFO  Multi-model MDA: 32/62 passed (MDA > 0), 30 eliminated
23:03:21  src.cpcv.preprocessing  INFO    Capped at 18 features (top_k_frac=0.3)
23:03:21  src.cpcv.preprocessing  INFO    Selected (18): ['atr', 'bb_width', 'eth_btc_ratio', 'exchange_supply_pct', 'hashrate_roc_30', 'log_returns_lag1', 'log_returns_lag14', 'log_returns_lag3', 'lz_complexity', 'mfi_14', 'natgas_ret_30', 'skewness', 'us10y', 'us2y', 'vix', 'yield_curve_10y30y', 'yield_curve_2y10y', 'yz_vol']
23:03:21  src.cpcv.pipeline  INFO    Preprocessing: 18 features selected, train=519 + cal=130, test=295
23:03:21  src.cpcv.tuning  INFO  Tuning (1 model) — Optuna TPE + Purged K-Fold (inner: 3 folds, embargo=10 obs)
23:03:21  src.cpcv.tuning  INFO    [tuning] kan (efficient-kan + AdamW): 3 purged K-fold splits, 30 Optuna trials (TPE)
23:04:15  src.cpcv.tuning  INFO      kan: 20 completed, 10 pruned (of 30 total) — best log_loss=0.6785, params={'width1': 3, 'lr': 0.03984727409321968, 'weight_decay': 0.0009454306819536165, 'grid': 3}
23:04:15  src.cpcv.tuning  INFO    [tuning] kan done in 53.8s — best log_loss=0.6785
23:04:15  src.cpcv.tuning  INFO  Tuning total: 53.8s
23:04:15  src.cpcv.pipeline  INFO      applied kan: {'width1': 3, 'width2': 0, 'grid': 3, 'lr': 0.03984727409321968, 'weight_decay': 0.0009454306819536165}
23:04:15  src.cpcv.models.kan_model  INFO  KAN fitted: widths=[18, 3, 2], grid=3, epochs=22, val_acc=0.4846, val_loss=0.6913, logit_range=[-0.08, 0.38], device=cpu.
23:04:15  src.cpcv.pipeline  INFO    [ 53/56]                  kan (seed=0) F1=0.414  AUC=0.521  LL=0.6907 (0.4s)
23:04:16  src.cpcv.models.kan_model  INFO  KAN fitted: widths=[18, 3, 2], grid=3, epochs=23, val_acc=0.4769, val_loss=0.6914, logit_range=[-0.24, 0.09], device=cpu.
23:04:16  src.cpcv.pipeline  INFO    [ 54/56]                  kan (seed=1) F1=0.357  AUC=0.504  LL=0.7060 (0.4s)
23:04:16  src.cpcv.preprocessing  INFO  Computing MDA (Random Forest)...
23:04:47  src.cpcv.preprocessing  INFO  Computing MDA (Logistic Regression)...
23:04:48  src.cpcv.preprocessing  INFO  Multi-model MDA: 13/62 passed (MDA > 0), 49 eliminated
23:04:48  src.cpcv.preprocessing  INFO    Selected (13): ['chaikin_osc', 'eth_btc_ratio', 'exchange_supply_pct', 'gk_vol', 'kurtosis', 'log_returns', 'nasdaq_ret_30', 'realized_vol', 'roc_14', 'smt_exp', 'smt_poly1', 'sp500_ret_30', 'us10y']
23:04:48  src.cpcv.pipeline  INFO    Preprocessing: 13 features selected, train=531 + cal=133, test=295
23:04:48  src.cpcv.tuning  INFO  Tuning (1 model) — Optuna TPE + Purged K-Fold (inner: 3 folds, embargo=10 obs)
23:04:48  src.cpcv.tuning  INFO    [tuning] kan (efficient-kan + AdamW): 3 purged K-fold splits, 30 Optuna trials (TPE)
23:05:46  src.cpcv.tuning  INFO      kan: 24 completed, 6 pruned (of 30 total) — best log_loss=0.6859, params={'width1': 3, 'lr': 0.007416251952225563, 'weight_decay': 0.00048587632193100545, 'grid': 5}
23:05:46  src.cpcv.tuning  INFO    [tuning] kan done in 58.0s — best log_loss=0.6859
23:05:46  src.cpcv.tuning  INFO  Tuning total: 58.0s
23:05:46  src.cpcv.pipeline  INFO      applied kan: {'width1': 3, 'width2': 0, 'grid': 5, 'lr': 0.007416251952225563, 'weight_decay': 0.00048587632193100545}
23:05:47  src.cpcv.models.kan_model  INFO  KAN fitted: widths=[13, 3, 2], grid=5, epochs=58, val_acc=0.4887, val_loss=0.6650, logit_range=[-0.34, 0.38], device=cpu.
23:05:47  src.cpcv.pipeline  INFO    [ 55/56]                  kan (seed=0) F1=0.479  AUC=0.461  LL=0.7362 (0.9s)
23:05:48  src.cpcv.models.kan_model  INFO  KAN fitted: widths=[13, 3, 2], grid=5, epochs=56, val_acc=0.5338, val_loss=0.6713, logit_range=[-0.49, 0.38], device=cpu.
23:05:48  src.cpcv.pipeline  INFO    [ 56/56]                  kan (seed=1) F1=0.505  AUC=0.504  LL=0.7101 (0.9s)
23:05:48  src.cpcv.pipeline  INFO  ============================================================
23:05:48  src.cpcv.pipeline  INFO  CPCV Pipeline Complete
23:05:48  src.cpcv.pipeline  INFO  ============================================================
23:05:48  src.cpcv.pipeline  INFO    Total time:     2744.7s (45.7m)
23:05:48  src.cpcv.pipeline  INFO    Tasks:          56 succeeded, 0 failed
23:05:48  src.cpcv.pipeline  INFO    Results keys:   56 (model, split, seed) entries
23:05:48  src.cpcv.pipeline  INFO    Backtest paths: 7
23:05:48  src.cpcv.pipeline  INFO    Tuning:         nested (per-split), 28 splits tuned, models=['kan']
23:05:48  src.cpcv.pipeline  INFO  ============================================================
23:06:27  src.post_cpcv.symbolic_extraction  INFO  Fold F1 scores: {0: '0.4272', 1: '0.3110', 2: '0.3628', 3: '0.3739', 4: '0.3667', 5: '0.4499', 6: '0.3574', 7: '0.4000', 8: '0.4986', 9: '0.5276', 10: '0.4155', 11: '0.4395', 12: '0.3734', 13: '0.4524', 14: '0.3653', 15: '0.4563', 16: '0.4283', 17: '0.3356', 18: '0.3684', 19: '0.3499', 20: '0.4359', 21: '0.3601', 22: '0.4432', 23: '0.5138', 24: '0.4006', 25: '0.5063', 26: '0.3853', 27: '0.4920'}
23:06:27  src.post_cpcv.symbolic_extraction  INFO  Selected fold: split 27 — last/most recent (F1=0.4920)
23:06:29  src.cpcv.cv  INFO  CPCV: 28 splits generated (N=8, k=2, embargo=11 obs).
23:06:29  src.post_cpcv.symbolic_extraction  INFO  Symbolic extraction feature subset: 5 feature(s) (overrides per-fold MDA selection).
23:06:29  src.post_cpcv.symbolic_extraction  INFO  Extraction data: 530 train, 133 val, 5 features (tanh-normalized).
23:06:30  src.post_cpcv.symbolic_extraction  INFO  Extraction Phase 1: Adam (600 steps, wd=0.0010, noise=0.050)
23:06:45  src.post_cpcv.symbolic_extraction  INFO  After Adam: train_acc=0.6698, val_acc=0.6015
23:06:45  src.post_cpcv.symbolic_extraction  INFO  Extraction Phase 2a: LBFGS warmup (20 steps, no reg)
23:06:51  src.post_cpcv.symbolic_extraction  INFO  After LBFGS warmup: train_acc=0.6811, val_acc=0.5789
23:06:51  src.post_cpcv.symbolic_extraction  INFO  Extraction Phase 2b: LBFGS sparsity (20 steps, lamb=0.0020)
23:06:58  src.post_cpcv.symbolic_extraction  INFO  After LBFGS sparsity (final): train_acc=0.7057, val_acc=0.5489
23:06:58  src.post_cpcv.symbolic_extraction  INFO  KAN trained. Val accuracy: 0.5489, width: [[5, 0], [2, 0], [2, 0]]
23:06:58  src.post_cpcv.symbolic_extraction  INFO  Pre-prune edge analysis: 14/14 active (100.0%)
23:06:58  src.post_cpcv.symbolic_extraction  INFO  Pruned: [[5, 0], [2, 0], [2, 0]] → [[5, 0], [2, 0], [2, 0]]
23:07:00  src.post_cpcv.symbolic_extraction  INFO  Saved kan_pruned_network.png
23:07:00  src.post_cpcv.symbolic_extraction  INFO  Edge (0,0,0): x^2 (R²=0.9999) ✓
23:07:01  src.post_cpcv.symbolic_extraction  INFO  Edge (0,0,1): cos (R²=1.0000) ✓
23:07:02  src.post_cpcv.symbolic_extraction  INFO  Edge (0,1,0): x^3 (R²=0.9892) ✓
23:07:02  src.post_cpcv.symbolic_extraction  INFO  Edge (0,1,1): sin (R²=0.9981) ✓
23:07:03  src.post_cpcv.symbolic_extraction  INFO  Edge (0,2,0): x^3 (R²=0.9394) ✓
23:07:03  src.post_cpcv.symbolic_extraction  INFO  Edge (0,2,1): cos (R²=1.0000) ✓
23:07:04  src.post_cpcv.symbolic_extraction  INFO  Edge (0,3,0): cos (R²=0.9999) ✓
23:07:04  src.post_cpcv.symbolic_extraction  INFO  Edge (0,3,1): exp (R²=1.0000) ✓
23:07:05  src.post_cpcv.symbolic_extraction  INFO  Edge (0,4,0): x^4 (R²=0.7897) ✓
23:07:06  src.post_cpcv.symbolic_extraction  INFO  Edge (0,4,1): tanh (R²=0.9962) ✓
23:07:06  src.post_cpcv.symbolic_extraction  INFO  Edge (1,0,0): cos (R²=0.9999) ✓
23:07:06  src.post_cpcv.symbolic_extraction  INFO  Edge (1,0,1): cos (R²=0.9999) ✓
23:07:07  src.post_cpcv.symbolic_extraction  INFO  Edge (1,1,0): tanh (R²=0.8694) ✓
23:07:08  src.post_cpcv.symbolic_extraction  INFO  Edge (1,1,1): sin (R²=0.6575) ✓
23:07:17  src.post_cpcv.symbolic_extraction  INFO  Saved kan_symbolified_network.png
23:07:48  src.post_cpcv.symbolic_extraction  WARNING  sympy.simplify timed out after 30s. Using unsimplified.
