11:31:07  src.pre_cpcv.data_loader  INFO  [data_loader] BTC-USD: 2014-11-01 → 2026-05-09 | 4208 rows | 0 warning(s)
11:31:12  src.pre_cpcv.labeling  INFO  Triple-barrier: 1270 events labeled. Class distribution: {1: 664, -1: 504, 0: 102}
11:31:13  src.pre_cpcv.labeling  WARNING  Dropped 102 row(s) belonging to rare class(es) [0] (< 8.5%).
11:31:15  src.pre_cpcv.sample_weights  INFO  Capped 12 weights at 2.84 (99% percentile).
11:31:17  src.pre_cpcv.features  INFO  Lag features: 10 columns, 4208 rows (lags=[1, 2, 3, 4, 5, 6, 7, 14, 21, 30]).
11:31:17  src.pre_cpcv.features  INFO  TA features: 25 columns, 4208 rows.
11:31:18  src.pre_cpcv.external_features  INFO  External features loaded from cache (29 cols).
11:31:19  src.pre_cpcv.features  INFO  Math features loaded from cache ({'shannon_entropy', 'hurst', 'sadf', 'jarque_bera', 'negentropy', 'smt_poly1', 'lz_complexity', 'variance_ratio', 'smt_exp'}).
11:31:19  src.pre_cpcv.features  INFO  symmetric log applied to: ['obv', 'chaikin_osc']
11:31:19  src.pre_cpcv.features  INFO  log applied to: ['atr'] (eps=1e-08)
11:31:47  src.pre_cpcv.alignment  WARNING  Remaining NaNs in 2 feature column(s) after alignment:
oil_ret_30    1
oil_ret_14    1
11:31:47  src.pre_cpcv.alignment  INFO  Alignment validation passed (1168 samples, 73 features).
11:31:49  src.cpcv.cv  INFO  CPCV: 28 splits generated (N=8, k=2, embargo=11 obs).
11:31:49  src.cpcv.cv  INFO  Path matrix: 7 paths, 8 groups, 28 splits.
11:31:53  src.cpcv.pipeline  INFO  ============================================================
11:31:53  src.cpcv.pipeline  INFO  CPCV Pipeline
11:31:53  src.cpcv.pipeline  INFO  ============================================================
11:31:53  src.cpcv.pipeline  INFO    Models:         ['ar_logistic']
11:31:53  src.cpcv.pipeline  INFO    Seeds/fold:     3
11:31:53  src.cpcv.pipeline  INFO    Groups (N):     8
11:31:53  src.cpcv.pipeline  INFO    Test groups (k):2
11:31:53  src.cpcv.pipeline  INFO    Embargo:        1.0%
11:31:53  src.cpcv.pipeline  INFO    FFD columns:    ['atr']
11:31:53  src.cpcv.pipeline  INFO    Samples:        1168
11:31:53  src.cpcv.pipeline  INFO    Features:       73
11:31:53  src.cpcv.pipeline  INFO    Splits:         28, Paths: 7
11:31:53  src.cpcv.pipeline  INFO    Tuning:         OFF
11:31:53  src.cpcv.pipeline  INFO  ============================================================
11:31:54  src.cpcv.preprocessing  INFO  Feature selection skipped (AR Logistic uses lagged returns only)
11:31:54  src.cpcv.pipeline  INFO    Preprocessing: FFD + scaling only (no feature selection), train=605 + val=130 + cal=130, test=93
11:31:54  src.cpcv.pipeline  INFO    AR Logistic lags: [1, 2, 3, 4, 5, 6, 7, 14, 21, 30]
11:31:54  src.cpcv.pipeline  INFO    [  1/84]          ar_logistic (seed=0) F1=0.530  AUC=0.542  LL=0.6804 (0.0s)
11:31:54  src.cpcv.pipeline  INFO    [  2/84]          ar_logistic (seed=1) F1=0.530  AUC=0.542  LL=0.6804 (0.0s)
11:31:54  src.cpcv.pipeline  INFO    [  3/84]          ar_logistic (seed=2) F1=0.530  AUC=0.542  LL=0.6804 (0.0s)
11:31:54  src.cpcv.preprocessing  INFO  Feature selection skipped (AR Logistic uses lagged returns only)
11:31:54  src.cpcv.pipeline  INFO    Preprocessing: FFD + scaling only (no feature selection), train=566 + val=121 + cal=122, test=146
11:31:54  src.cpcv.pipeline  INFO    AR Logistic lags: [1, 2, 3, 4, 5, 6, 7, 14, 21, 30]
11:31:54  src.cpcv.pipeline  INFO    [  4/84]          ar_logistic (seed=0) F1=0.488  AUC=0.515  LL=0.7238 (0.0s)
11:31:54  src.cpcv.pipeline  INFO    [  5/84]          ar_logistic (seed=1) F1=0.488  AUC=0.515  LL=0.7238 (0.0s)
11:31:54  src.cpcv.pipeline  INFO    [  6/84]          ar_logistic (seed=2) F1=0.488  AUC=0.515  LL=0.7238 (0.0s)
11:31:54  src.cpcv.preprocessing  INFO  Feature selection skipped (AR Logistic uses lagged returns only)
11:31:54  src.cpcv.pipeline  INFO    Preprocessing: FFD + scaling only (no feature selection), train=567 + val=122 + cal=122, test=146
11:31:54  src.cpcv.pipeline  INFO    AR Logistic lags: [1, 2, 3, 4, 5, 6, 7, 14, 21, 30]
11:31:54  src.cpcv.pipeline  INFO    [  7/84]          ar_logistic (seed=0) F1=0.534  AUC=0.533  LL=0.7168 (0.0s)
11:31:54  src.cpcv.pipeline  INFO    [  8/84]          ar_logistic (seed=1) F1=0.534  AUC=0.533  LL=0.7168 (0.0s)
11:31:54  src.cpcv.pipeline  INFO    [  9/84]          ar_logistic (seed=2) F1=0.534  AUC=0.533  LL=0.7168 (0.0s)
11:31:55  src.cpcv.preprocessing  INFO  Feature selection skipped (AR Logistic uses lagged returns only)
11:31:55  src.cpcv.pipeline  INFO    Preprocessing: FFD + scaling only (no feature selection), train=567 + val=122 + cal=122, test=146
11:31:55  src.cpcv.pipeline  INFO    AR Logistic lags: [1, 2, 3, 4, 5, 6, 7, 14, 21, 30]
11:31:55  src.cpcv.pipeline  INFO    [ 10/84]          ar_logistic (seed=0) F1=0.532  AUC=0.551  LL=0.6892 (0.0s)
11:31:55  src.cpcv.pipeline  INFO    [ 11/84]          ar_logistic (seed=1) F1=0.532  AUC=0.551  LL=0.6892 (0.0s)
11:31:55  src.cpcv.pipeline  INFO    [ 12/84]          ar_logistic (seed=2) F1=0.532  AUC=0.551  LL=0.6892 (0.0s)
11:31:55  src.cpcv.preprocessing  INFO  Feature selection skipped (AR Logistic uses lagged returns only)
11:31:55  src.cpcv.pipeline  INFO    Preprocessing: FFD + scaling only (no feature selection), train=567 + val=122 + cal=122, test=146
11:31:55  src.cpcv.pipeline  INFO    AR Logistic lags: [1, 2, 3, 4, 5, 6, 7, 14, 21, 30]
11:31:55  src.cpcv.pipeline  INFO    [ 13/84]          ar_logistic (seed=0) F1=0.442  AUC=0.434  LL=0.7532 (0.0s)
11:31:55  src.cpcv.pipeline  INFO    [ 14/84]          ar_logistic (seed=1) F1=0.442  AUC=0.434  LL=0.7532 (0.0s)
11:31:55  src.cpcv.pipeline  INFO    [ 15/84]          ar_logistic (seed=2) F1=0.442  AUC=0.434  LL=0.7532 (0.0s)
11:31:55  src.cpcv.preprocessing  INFO  Feature selection skipped (AR Logistic uses lagged returns only)
11:31:55  src.cpcv.pipeline  INFO    Preprocessing: FFD + scaling only (no feature selection), train=567 + val=122 + cal=122, test=146
11:31:55  src.cpcv.pipeline  INFO    AR Logistic lags: [1, 2, 3, 4, 5, 6, 7, 14, 21, 30]
11:31:55  src.cpcv.pipeline  INFO    [ 16/84]          ar_logistic (seed=0) F1=0.476  AUC=0.542  LL=0.6901 (0.0s)
11:31:55  src.cpcv.pipeline  INFO    [ 17/84]          ar_logistic (seed=1) F1=0.476  AUC=0.542  LL=0.6901 (0.0s)
11:31:55  src.cpcv.pipeline  INFO    [ 18/84]          ar_logistic (seed=2) F1=0.476  AUC=0.542  LL=0.6901 (0.0s)
11:31:56  src.cpcv.preprocessing  INFO  Feature selection skipped (AR Logistic uses lagged returns only)
11:31:56  src.cpcv.pipeline  INFO    Preprocessing: FFD + scaling only (no feature selection), train=575 + val=123 + cal=124, test=146
11:31:56  src.cpcv.pipeline  INFO    AR Logistic lags: [1, 2, 3, 4, 5, 6, 7, 14, 21, 30]
11:31:56  src.cpcv.pipeline  INFO    [ 19/84]          ar_logistic (seed=0) F1=0.377  AUC=0.594  LL=0.6808 (0.0s)
11:31:56  src.cpcv.pipeline  INFO    [ 20/84]          ar_logistic (seed=1) F1=0.377  AUC=0.594  LL=0.6808 (0.0s)
11:31:56  src.cpcv.pipeline  INFO    [ 21/84]          ar_logistic (seed=2) F1=0.377  AUC=0.594  LL=0.6808 (0.0s)
11:31:56  src.cpcv.preprocessing  INFO  Feature selection skipped (AR Logistic uses lagged returns only)
11:31:56  src.cpcv.pipeline  INFO    Preprocessing: FFD + scaling only (no feature selection), train=503 + val=108 + cal=108, test=239
11:31:56  src.cpcv.pipeline  INFO    AR Logistic lags: [1, 2, 3, 4, 5, 6, 7, 14, 21, 30]
11:31:56  src.cpcv.pipeline  INFO    [ 22/84]          ar_logistic (seed=0) F1=0.508  AUC=0.533  LL=0.6945 (0.0s)
11:31:56  src.cpcv.pipeline  INFO    [ 23/84]          ar_logistic (seed=1) F1=0.508  AUC=0.533  LL=0.6945 (0.0s)
11:31:56  src.cpcv.pipeline  INFO    [ 24/84]          ar_logistic (seed=2) F1=0.508  AUC=0.533  LL=0.6945 (0.0s)
11:31:56  src.cpcv.preprocessing  INFO  Feature selection skipped (AR Logistic uses lagged returns only)
11:31:56  src.cpcv.pipeline  INFO    Preprocessing: FFD + scaling only (no feature selection), train=494 + val=106 + cal=107, test=239
11:31:56  src.cpcv.pipeline  INFO    AR Logistic lags: [1, 2, 3, 4, 5, 6, 7, 14, 21, 30]
11:31:57  src.cpcv.pipeline  INFO    [ 25/84]          ar_logistic (seed=0) F1=0.532  AUC=0.551  LL=0.6977 (0.0s)
11:31:57  src.cpcv.pipeline  INFO    [ 26/84]          ar_logistic (seed=1) F1=0.532  AUC=0.551  LL=0.6977 (0.0s)
11:31:57  src.cpcv.pipeline  INFO    [ 27/84]          ar_logistic (seed=2) F1=0.532  AUC=0.551  LL=0.6977 (0.0s)
11:31:57  src.cpcv.preprocessing  INFO  Feature selection skipped (AR Logistic uses lagged returns only)
11:31:57  src.cpcv.pipeline  INFO    Preprocessing: FFD + scaling only (no feature selection), train=494 + val=106 + cal=107, test=239
11:31:57  src.cpcv.pipeline  INFO    AR Logistic lags: [1, 2, 3, 4, 5, 6, 7, 14, 21, 30]
11:31:57  src.cpcv.pipeline  INFO    [ 28/84]          ar_logistic (seed=0) F1=0.544  AUC=0.531  LL=0.6959 (0.0s)
11:31:57  src.cpcv.pipeline  INFO    [ 29/84]          ar_logistic (seed=1) F1=0.544  AUC=0.531  LL=0.6959 (0.0s)
11:31:57  src.cpcv.pipeline  INFO    [ 30/84]          ar_logistic (seed=2) F1=0.544  AUC=0.531  LL=0.6959 (0.0s)
11:31:57  src.cpcv.preprocessing  INFO  Feature selection skipped (AR Logistic uses lagged returns only)
11:31:57  src.cpcv.pipeline  INFO    Preprocessing: FFD + scaling only (no feature selection), train=494 + val=106 + cal=107, test=239
11:31:57  src.cpcv.pipeline  INFO    AR Logistic lags: [1, 2, 3, 4, 5, 6, 7, 14, 21, 30]
11:31:57  src.cpcv.pipeline  INFO    [ 31/84]          ar_logistic (seed=0) F1=0.435  AUC=0.467  LL=0.7194 (0.0s)
11:31:57  src.cpcv.pipeline  INFO    [ 32/84]          ar_logistic (seed=1) F1=0.435  AUC=0.467  LL=0.7194 (0.0s)
11:31:57  src.cpcv.pipeline  INFO    [ 33/84]          ar_logistic (seed=2) F1=0.435  AUC=0.467  LL=0.7194 (0.0s)
11:31:57  src.cpcv.preprocessing  INFO  Feature selection skipped (AR Logistic uses lagged returns only)
11:31:58  src.cpcv.pipeline  INFO    Preprocessing: FFD + scaling only (no feature selection), train=494 + val=106 + cal=107, test=239
11:31:58  src.cpcv.pipeline  INFO    AR Logistic lags: [1, 2, 3, 4, 5, 6, 7, 14, 21, 30]
11:31:58  src.cpcv.pipeline  INFO    [ 34/84]          ar_logistic (seed=0) F1=0.506  AUC=0.533  LL=0.6988 (0.0s)
11:31:58  src.cpcv.pipeline  INFO    [ 35/84]          ar_logistic (seed=1) F1=0.506  AUC=0.533  LL=0.6988 (0.0s)
11:31:58  src.cpcv.pipeline  INFO    [ 36/84]          ar_logistic (seed=2) F1=0.506  AUC=0.533  LL=0.6988 (0.0s)
11:31:58  src.cpcv.preprocessing  INFO  Feature selection skipped (AR Logistic uses lagged returns only)
11:31:58  src.cpcv.pipeline  INFO    Preprocessing: FFD + scaling only (no feature selection), train=502 + val=108 + cal=108, test=239
11:31:58  src.cpcv.pipeline  INFO    AR Logistic lags: [1, 2, 3, 4, 5, 6, 7, 14, 21, 30]
11:31:58  src.cpcv.pipeline  INFO    [ 37/84]          ar_logistic (seed=0) F1=0.391  AUC=0.555  LL=0.6724 (0.0s)
11:31:58  src.cpcv.pipeline  INFO    [ 38/84]          ar_logistic (seed=1) F1=0.391  AUC=0.555  LL=0.6724 (0.0s)
11:31:58  src.cpcv.pipeline  INFO    [ 39/84]          ar_logistic (seed=2) F1=0.391  AUC=0.555  LL=0.6724 (0.0s)
11:31:58  src.cpcv.preprocessing  INFO  Feature selection skipped (AR Logistic uses lagged returns only)
11:31:58  src.cpcv.pipeline  INFO    Preprocessing: FFD + scaling only (no feature selection), train=464 + val=99 + cal=100, test=292
11:31:58  src.cpcv.pipeline  INFO    AR Logistic lags: [1, 2, 3, 4, 5, 6, 7, 14, 21, 30]
11:31:58  src.cpcv.pipeline  INFO    [ 40/84]          ar_logistic (seed=0) F1=0.503  AUC=0.521  LL=0.7201 (0.0s)
11:31:58  src.cpcv.pipeline  INFO    [ 41/84]          ar_logistic (seed=1) F1=0.503  AUC=0.521  LL=0.7201 (0.0s)
11:31:58  src.cpcv.pipeline  INFO    [ 42/84]          ar_logistic (seed=2) F1=0.503  AUC=0.521  LL=0.7201 (0.0s)
11:31:59  src.cpcv.preprocessing  INFO  Feature selection skipped (AR Logistic uses lagged returns only)
11:31:59  src.cpcv.pipeline  INFO    Preprocessing: FFD + scaling only (no feature selection), train=455 + val=98 + cal=98, test=292
11:31:59  src.cpcv.pipeline  INFO    AR Logistic lags: [1, 2, 3, 4, 5, 6, 7, 14, 21, 30]
11:31:59  src.cpcv.pipeline  INFO    [ 43/84]          ar_logistic (seed=0) F1=0.518  AUC=0.511  LL=0.7325 (0.0s)
11:31:59  src.cpcv.pipeline  INFO    [ 44/84]          ar_logistic (seed=1) F1=0.518  AUC=0.511  LL=0.7325 (0.0s)
11:31:59  src.cpcv.pipeline  INFO    [ 45/84]          ar_logistic (seed=2) F1=0.518  AUC=0.511  LL=0.7325 (0.0s)
11:31:59  src.cpcv.preprocessing  INFO  Feature selection skipped (AR Logistic uses lagged returns only)
11:31:59  src.cpcv.pipeline  INFO    Preprocessing: FFD + scaling only (no feature selection), train=455 + val=98 + cal=98, test=292
11:31:59  src.cpcv.pipeline  INFO    AR Logistic lags: [1, 2, 3, 4, 5, 6, 7, 14, 21, 30]
11:31:59  src.cpcv.pipeline  INFO    [ 46/84]          ar_logistic (seed=0) F1=0.454  AUC=0.484  LL=0.7351 (0.0s)
11:31:59  src.cpcv.pipeline  INFO    [ 47/84]          ar_logistic (seed=1) F1=0.454  AUC=0.484  LL=0.7351 (0.0s)
11:31:59  src.cpcv.pipeline  INFO    [ 48/84]          ar_logistic (seed=2) F1=0.454  AUC=0.484  LL=0.7351 (0.0s)
11:31:59  src.cpcv.preprocessing  INFO  Feature selection skipped (AR Logistic uses lagged returns only)
11:31:59  src.cpcv.pipeline  INFO    Preprocessing: FFD + scaling only (no feature selection), train=455 + val=98 + cal=98, test=292
11:31:59  src.cpcv.pipeline  INFO    AR Logistic lags: [1, 2, 3, 4, 5, 6, 7, 14, 21, 30]
11:31:59  src.cpcv.pipeline  INFO    [ 49/84]          ar_logistic (seed=0) F1=0.538  AUC=0.543  LL=0.7191 (0.0s)
11:31:59  src.cpcv.pipeline  INFO    [ 50/84]          ar_logistic (seed=1) F1=0.538  AUC=0.543  LL=0.7191 (0.0s)
11:31:59  src.cpcv.pipeline  INFO    [ 51/84]          ar_logistic (seed=2) F1=0.538  AUC=0.543  LL=0.7191 (0.0s)
11:32:00  src.cpcv.preprocessing  INFO  Feature selection skipped (AR Logistic uses lagged returns only)
11:32:00  src.cpcv.pipeline  INFO    Preprocessing: FFD + scaling only (no feature selection), train=463 + val=99 + cal=100, test=292
11:32:00  src.cpcv.pipeline  INFO    AR Logistic lags: [1, 2, 3, 4, 5, 6, 7, 14, 21, 30]
11:32:00  src.cpcv.pipeline  INFO    [ 52/84]          ar_logistic (seed=0) F1=0.369  AUC=0.565  LL=0.7051 (0.0s)
11:32:00  src.cpcv.pipeline  INFO    [ 53/84]          ar_logistic (seed=1) F1=0.369  AUC=0.565  LL=0.7051 (0.0s)
11:32:00  src.cpcv.pipeline  INFO    [ 54/84]          ar_logistic (seed=2) F1=0.369  AUC=0.565  LL=0.7051 (0.0s)
11:32:00  src.cpcv.preprocessing  INFO  Feature selection skipped (AR Logistic uses lagged returns only)
11:32:00  src.cpcv.pipeline  INFO    Preprocessing: FFD + scaling only (no feature selection), train=465 + val=100 + cal=100, test=292
11:32:00  src.cpcv.pipeline  INFO    AR Logistic lags: [1, 2, 3, 4, 5, 6, 7, 14, 21, 30]
11:32:00  src.cpcv.pipeline  INFO    [ 55/84]          ar_logistic (seed=0) F1=0.500  AUC=0.521  LL=0.7049 (0.0s)
11:32:00  src.cpcv.pipeline  INFO    [ 56/84]          ar_logistic (seed=1) F1=0.500  AUC=0.521  LL=0.7049 (0.0s)
11:32:00  src.cpcv.pipeline  INFO    [ 57/84]          ar_logistic (seed=2) F1=0.500  AUC=0.521  LL=0.7049 (0.0s)
11:32:00  src.cpcv.preprocessing  INFO  Feature selection skipped (AR Logistic uses lagged returns only)
11:32:00  src.cpcv.pipeline  INFO    Preprocessing: FFD + scaling only (no feature selection), train=457 + val=98 + cal=98, test=292
11:32:00  src.cpcv.pipeline  INFO    AR Logistic lags: [1, 2, 3, 4, 5, 6, 7, 14, 21, 30]
11:32:00  src.cpcv.pipeline  INFO    [ 58/84]          ar_logistic (seed=0) F1=0.479  AUC=0.491  LL=0.7334 (0.0s)
11:32:00  src.cpcv.pipeline  INFO    [ 59/84]          ar_logistic (seed=1) F1=0.479  AUC=0.491  LL=0.7334 (0.0s)
11:32:00  src.cpcv.pipeline  INFO    [ 60/84]          ar_logistic (seed=2) F1=0.479  AUC=0.491  LL=0.7334 (0.0s)
11:32:01  src.cpcv.preprocessing  INFO  Feature selection skipped (AR Logistic uses lagged returns only)
11:32:01  src.cpcv.pipeline  INFO    Preprocessing: FFD + scaling only (no feature selection), train=457 + val=98 + cal=98, test=292
11:32:01  src.cpcv.pipeline  INFO    AR Logistic lags: [1, 2, 3, 4, 5, 6, 7, 14, 21, 30]
11:32:01  src.cpcv.pipeline  INFO    [ 61/84]          ar_logistic (seed=0) F1=0.479  AUC=0.529  LL=0.7145 (0.0s)
11:32:01  src.cpcv.pipeline  INFO    [ 62/84]          ar_logistic (seed=1) F1=0.479  AUC=0.529  LL=0.7145 (0.0s)
11:32:01  src.cpcv.pipeline  INFO    [ 63/84]          ar_logistic (seed=2) F1=0.479  AUC=0.529  LL=0.7145 (0.0s)
11:32:01  src.cpcv.preprocessing  INFO  Feature selection skipped (AR Logistic uses lagged returns only)
11:32:01  src.cpcv.pipeline  INFO    Preprocessing: FFD + scaling only (no feature selection), train=464 + val=100 + cal=100, test=292
11:32:01  src.cpcv.pipeline  INFO    AR Logistic lags: [1, 2, 3, 4, 5, 6, 7, 14, 21, 30]
11:32:01  src.cpcv.pipeline  INFO    [ 64/84]          ar_logistic (seed=0) F1=0.355  AUC=0.545  LL=0.6911 (0.0s)
11:32:01  src.cpcv.pipeline  INFO    [ 65/84]          ar_logistic (seed=1) F1=0.355  AUC=0.545  LL=0.6911 (0.0s)
11:32:01  src.cpcv.pipeline  INFO    [ 66/84]          ar_logistic (seed=2) F1=0.355  AUC=0.545  LL=0.6911 (0.0s)
11:32:01  src.cpcv.preprocessing  INFO  Feature selection skipped (AR Logistic uses lagged returns only)
11:32:01  src.cpcv.pipeline  INFO    Preprocessing: FFD + scaling only (no feature selection), train=465 + val=100 + cal=100, test=292
11:32:01  src.cpcv.pipeline  INFO    AR Logistic lags: [1, 2, 3, 4, 5, 6, 7, 14, 21, 30]
11:32:01  src.cpcv.pipeline  INFO    [ 67/84]          ar_logistic (seed=0) F1=0.516  AUC=0.502  LL=0.7176 (0.0s)
11:32:01  src.cpcv.pipeline  INFO    [ 68/84]          ar_logistic (seed=1) F1=0.516  AUC=0.502  LL=0.7176 (0.0s)
11:32:01  src.cpcv.pipeline  INFO    [ 69/84]          ar_logistic (seed=2) F1=0.516  AUC=0.502  LL=0.7176 (0.0s)
11:32:02  src.cpcv.preprocessing  INFO  Feature selection skipped (AR Logistic uses lagged returns only)
11:32:02  src.cpcv.pipeline  INFO    Preprocessing: FFD + scaling only (no feature selection), train=457 + val=98 + cal=98, test=292
11:32:02  src.cpcv.pipeline  INFO    AR Logistic lags: [1, 2, 3, 4, 5, 6, 7, 14, 21, 30]
11:32:02  src.cpcv.pipeline  INFO    [ 70/84]          ar_logistic (seed=0) F1=0.530  AUC=0.525  LL=0.7148 (0.0s)
11:32:02  src.cpcv.pipeline  INFO    [ 71/84]          ar_logistic (seed=1) F1=0.530  AUC=0.525  LL=0.7148 (0.0s)
11:32:02  src.cpcv.pipeline  INFO    [ 72/84]          ar_logistic (seed=2) F1=0.530  AUC=0.525  LL=0.7148 (0.0s)
11:32:02  src.cpcv.preprocessing  INFO  Feature selection skipped (AR Logistic uses lagged returns only)
11:32:02  src.cpcv.pipeline  INFO    Preprocessing: FFD + scaling only (no feature selection), train=464 + val=100 + cal=100, test=292
11:32:02  src.cpcv.pipeline  INFO    AR Logistic lags: [1, 2, 3, 4, 5, 6, 7, 14, 21, 30]
11:32:02  src.cpcv.pipeline  INFO    [ 73/84]          ar_logistic (seed=0) F1=0.369  AUC=0.551  LL=0.6776 (0.0s)
11:32:02  src.cpcv.pipeline  INFO    [ 74/84]          ar_logistic (seed=1) F1=0.369  AUC=0.551  LL=0.6776 (0.0s)
11:32:02  src.cpcv.pipeline  INFO    [ 75/84]          ar_logistic (seed=2) F1=0.369  AUC=0.551  LL=0.6776 (0.0s)
11:32:02  src.cpcv.preprocessing  INFO  Feature selection skipped (AR Logistic uses lagged returns only)
11:32:02  src.cpcv.pipeline  INFO    Preprocessing: FFD + scaling only (no feature selection), train=465 + val=100 + cal=100, test=292
11:32:02  src.cpcv.pipeline  INFO    AR Logistic lags: [1, 2, 3, 4, 5, 6, 7, 14, 21, 30]
11:32:02  src.cpcv.pipeline  INFO    [ 76/84]          ar_logistic (seed=0) F1=0.449  AUC=0.463  LL=0.7393 (0.0s)
11:32:02  src.cpcv.pipeline  INFO    [ 77/84]          ar_logistic (seed=1) F1=0.449  AUC=0.463  LL=0.7393 (0.0s)
11:32:02  src.cpcv.pipeline  INFO    [ 78/84]          ar_logistic (seed=2) F1=0.449  AUC=0.463  LL=0.7393 (0.0s)
11:32:03  src.cpcv.preprocessing  INFO  Feature selection skipped (AR Logistic uses lagged returns only)
11:32:03  src.cpcv.pipeline  INFO    Preprocessing: FFD + scaling only (no feature selection), train=464 + val=100 + cal=100, test=292
11:32:03  src.cpcv.pipeline  INFO    AR Logistic lags: [1, 2, 3, 4, 5, 6, 7, 14, 21, 30]
11:32:03  src.cpcv.pipeline  INFO    [ 79/84]          ar_logistic (seed=0) F1=0.345  AUC=0.501  LL=0.7049 (0.0s)
11:32:03  src.cpcv.pipeline  INFO    [ 80/84]          ar_logistic (seed=1) F1=0.345  AUC=0.501  LL=0.7049 (0.0s)
11:32:03  src.cpcv.pipeline  INFO    [ 81/84]          ar_logistic (seed=2) F1=0.345  AUC=0.501  LL=0.7049 (0.0s)
11:32:03  src.cpcv.preprocessing  INFO  Feature selection skipped (AR Logistic uses lagged returns only)
11:32:03  src.cpcv.pipeline  INFO    Preprocessing: FFD + scaling only (no feature selection), train=473 + val=101 + cal=102, test=292
11:32:03  src.cpcv.pipeline  INFO    AR Logistic lags: [1, 2, 3, 4, 5, 6, 7, 14, 21, 30]
11:32:03  src.cpcv.pipeline  INFO    [ 82/84]          ar_logistic (seed=0) F1=0.364  AUC=0.441  LL=0.7194 (0.0s)
11:32:03  src.cpcv.pipeline  INFO    [ 83/84]          ar_logistic (seed=1) F1=0.364  AUC=0.441  LL=0.7194 (0.0s)
11:32:03  src.cpcv.pipeline  INFO    [ 84/84]          ar_logistic (seed=2) F1=0.364  AUC=0.441  LL=0.7194 (0.0s)
11:32:03  src.cpcv.pipeline  INFO  ============================================================
11:32:03  src.cpcv.pipeline  INFO  CPCV Pipeline Complete
11:32:03  src.cpcv.pipeline  INFO  ============================================================
11:32:03  src.cpcv.pipeline  INFO    Total time:     9.8s (0.2m)
11:32:03  src.cpcv.pipeline  INFO    Tasks:          84 succeeded, 0 failed
11:32:03  src.cpcv.pipeline  INFO    Results keys:   84 (model, split, seed) entries
11:32:03  src.cpcv.pipeline  INFO    Backtest paths: 7
11:32:03  src.cpcv.pipeline  INFO  ============================================================
11:32:04  src.cpcv.pipeline  INFO  ============================================================
11:32:04  src.cpcv.pipeline  INFO  CPCV Pipeline
11:32:04  src.cpcv.pipeline  INFO  ============================================================
11:32:04  src.cpcv.pipeline  INFO    Models:         ['logistic']
11:32:04  src.cpcv.pipeline  INFO    Seeds/fold:     3
11:32:04  src.cpcv.pipeline  INFO    Groups (N):     8
11:32:04  src.cpcv.pipeline  INFO    Test groups (k):2
11:32:04  src.cpcv.pipeline  INFO    Embargo:        1.0%
11:32:04  src.cpcv.pipeline  INFO    FFD columns:    ['atr']
11:32:04  src.cpcv.pipeline  INFO    Samples:        1168
11:32:04  src.cpcv.pipeline  INFO    Features:       73
11:32:04  src.cpcv.pipeline  INFO    Splits:         28, Paths: 7
11:32:04  src.cpcv.pipeline  INFO    Tuning:         NESTED (per-split) — ['logistic'] [30 trials]
11:32:04  src.cpcv.pipeline  INFO  ============================================================
11:32:04  src.cpcv.preprocessing  INFO  Computing MDA (Random Forest)...
11:32:40  src.cpcv.preprocessing  INFO  Computing MDA (Logistic Regression)...
11:32:41  src.cpcv.preprocessing  INFO  Multi-model MDA: 31/73 passed (MDA > 0), 42 eliminated
11:32:41  src.cpcv.preprocessing  INFO    Capped at 14 features (top_k_frac=0.2)
11:32:41  src.cpcv.preprocessing  INFO    Selected (14): ['ema_ratio_20_50', 'eth_btc_ratio', 'exchange_supply_pct', 'jarque_bera', 'log_returns', 'log_returns_lag6', 'macd_hist', 'natgas_ret_30', 'skewness', 'smt_exp', 'sp500_ret_30', 'variance_ratio', 'vix', 'yield_curve_2y10y']
11:32:41  src.cpcv.pipeline  INFO    Preprocessing: 14 features selected, train=605 + val=130 + cal=130, test=93
11:32:42  src.cpcv.tuning  INFO  Tuning (1 model) — Optuna TPE + Purged K-Fold (inner: 3 folds, embargo=10 obs)
11:32:42  src.cpcv.tuning  INFO    [tuning] logistic: 3 purged K-fold splits, 30 Optuna trials (TPE)
11:32:42  src.cpcv.tuning  INFO      logistic: 21 completed, 9 pruned (of 30 total) — best log_loss=0.6768, params={'C': 0.054502936945582565, 'penalty': 'l1'}
11:32:42  src.cpcv.tuning  INFO    [tuning] logistic done in 0.9s — best log_loss=0.6768
11:32:42  src.cpcv.tuning  INFO  Tuning total: 0.9s
11:32:42  src.cpcv.pipeline  INFO      applied logistic: {'C': 0.054502936945582565, 'penalty': 'l1'}
11:32:42  src.cpcv.pipeline  INFO    [  1/84]             logistic (seed=0) F1=0.500  AUC=0.533  LL=0.6907 (0.0s)
11:32:42  src.cpcv.pipeline  INFO    [  2/84]             logistic (seed=1) F1=0.500  AUC=0.534  LL=0.6907 (0.0s)
11:32:42  src.cpcv.pipeline  INFO    [  3/84]             logistic (seed=2) F1=0.500  AUC=0.534  LL=0.6907 (0.0s)
11:32:43  src.cpcv.preprocessing  INFO  Computing MDA (Random Forest)...
11:33:19  src.cpcv.preprocessing  INFO  Computing MDA (Logistic Regression)...
11:33:21  src.cpcv.preprocessing  INFO  Multi-model MDA: 39/73 passed (MDA > 0), 34 eliminated
11:33:21  src.cpcv.preprocessing  INFO    Capped at 14 features (top_k_frac=0.2)
11:33:21  src.cpcv.preprocessing  INFO    Selected (14): ['cci_14', 'copper_ret_14', 'ema_ratio_50_200', 'gk_vol', 'gold_ret_30', 'log_returns', 'natgas_ret_30', 'oil_ret_14', 'oil_ret_30', 'roc_14', 'rsi', 'silver_ret_30', 'stoch_d', 'yz_vol']
11:33:21  src.cpcv.pipeline  INFO    Preprocessing: 14 features selected, train=566 + val=121 + cal=122, test=146
11:33:21  src.cpcv.tuning  INFO  Tuning (1 model) — Optuna TPE + Purged K-Fold (inner: 3 folds, embargo=10 obs)
11:33:21  src.cpcv.tuning  INFO    [tuning] logistic: 3 purged K-fold splits, 30 Optuna trials (TPE)
11:33:22  src.cpcv.tuning  INFO      logistic: 20 completed, 10 pruned (of 30 total) — best log_loss=0.6904, params={'C': 0.003409264942037956, 'penalty': 'l2'}
11:33:22  src.cpcv.tuning  INFO    [tuning] logistic done in 1.0s — best log_loss=0.6904
11:33:22  src.cpcv.tuning  INFO  Tuning total: 1.0s
11:33:22  src.cpcv.pipeline  INFO      applied logistic: {'C': 0.003409264942037956, 'penalty': 'l2'}
11:33:22  src.cpcv.pipeline  INFO    [  4/84]             logistic (seed=0) F1=0.365  AUC=0.512  LL=0.7025 (0.0s)
11:33:22  src.cpcv.pipeline  INFO    [  5/84]             logistic (seed=1) F1=0.365  AUC=0.512  LL=0.7025 (0.0s)
11:33:22  src.cpcv.pipeline  INFO    [  6/84]             logistic (seed=2) F1=0.365  AUC=0.512  LL=0.7025 (0.0s)
11:33:22  src.cpcv.preprocessing  INFO  Computing MDA (Random Forest)...
11:34:00  src.cpcv.preprocessing  INFO  Computing MDA (Logistic Regression)...
11:34:01  src.cpcv.preprocessing  INFO  Multi-model MDA: 36/73 passed (MDA > 0), 37 eliminated
11:34:01  src.cpcv.preprocessing  INFO    Capped at 14 features (top_k_frac=0.2)
11:34:01  src.cpcv.preprocessing  INFO    Selected (14): ['atr', 'cci_14', 'dxy_roc_30', 'ema_ratio_20_50', 'eth_btc_ratio', 'log_returns', 'log_returns_lag1', 'log_returns_lag5', 'log_returns_lag6', 'mvrv', 'natgas_ret_30', 'oil_ret_14', 'smt_poly1', 'stoch_d']
11:34:01  src.cpcv.pipeline  INFO    Preprocessing: 14 features selected, train=567 + val=122 + cal=122, test=146
11:34:01  src.cpcv.tuning  INFO  Tuning (1 model) — Optuna TPE + Purged K-Fold (inner: 3 folds, embargo=10 obs)
11:34:01  src.cpcv.tuning  INFO    [tuning] logistic: 3 purged K-fold splits, 30 Optuna trials (TPE)
11:34:02  src.cpcv.tuning  INFO      logistic: 15 completed, 15 pruned (of 30 total) — best log_loss=0.6822, params={'C': 0.09148995083972236, 'penalty': 'l1'}
11:34:02  src.cpcv.tuning  INFO    [tuning] logistic done in 0.5s — best log_loss=0.6822
11:34:02  src.cpcv.tuning  INFO  Tuning total: 0.5s
11:34:02  src.cpcv.pipeline  INFO      applied logistic: {'C': 0.09148995083972236, 'penalty': 'l1'}
11:34:02  src.cpcv.pipeline  INFO    [  7/84]             logistic (seed=0) F1=0.435  AUC=0.550  LL=0.7062 (0.0s)
11:34:02  src.cpcv.pipeline  INFO    [  8/84]             logistic (seed=1) F1=0.435  AUC=0.550  LL=0.7062 (0.0s)
11:34:02  src.cpcv.pipeline  INFO    [  9/84]             logistic (seed=2) F1=0.435  AUC=0.550  LL=0.7062 (0.0s)
11:34:02  src.cpcv.preprocessing  INFO  Computing MDA (Random Forest)...
11:34:39  src.cpcv.preprocessing  INFO  Computing MDA (Logistic Regression)...
11:34:40  src.cpcv.preprocessing  INFO  Multi-model MDA: 39/73 passed (MDA > 0), 34 eliminated
11:34:40  src.cpcv.preprocessing  INFO    Capped at 14 features (top_k_frac=0.2)
11:34:40  src.cpcv.preprocessing  INFO    Selected (14): ['atr', 'cci_14', 'eth_btc_ratio', 'hashrate_roc_30', 'log_returns_lag21', 'lz_complexity', 'mvrv', 'natgas_ret_30', 'realized_vol', 'sadf', 'sp500_ret_14', 'tx_count_roc_14', 'variance_ratio', 'vix']
11:34:40  src.cpcv.pipeline  INFO    Preprocessing: 14 features selected, train=567 + val=122 + cal=122, test=146
11:34:40  src.cpcv.tuning  INFO  Tuning (1 model) — Optuna TPE + Purged K-Fold (inner: 3 folds, embargo=10 obs)
11:34:40  src.cpcv.tuning  INFO    [tuning] logistic: 3 purged K-fold splits, 30 Optuna trials (TPE)
11:34:41  src.cpcv.tuning  INFO      logistic: 18 completed, 12 pruned (of 30 total) — best log_loss=0.6908, params={'C': 0.054502936945582565, 'penalty': 'l1'}
11:34:41  src.cpcv.tuning  INFO    [tuning] logistic done in 0.6s — best log_loss=0.6908
11:34:41  src.cpcv.tuning  INFO  Tuning total: 0.6s
11:34:41  src.cpcv.pipeline  INFO      applied logistic: {'C': 0.054502936945582565, 'penalty': 'l1'}
11:34:41  src.cpcv.pipeline  INFO    [ 10/84]             logistic (seed=0) F1=0.397  AUC=0.482  LL=0.6880 (0.0s)
11:34:41  src.cpcv.pipeline  INFO    [ 11/84]             logistic (seed=1) F1=0.397  AUC=0.482  LL=0.6880 (0.0s)
11:34:41  src.cpcv.pipeline  INFO    [ 12/84]             logistic (seed=2) F1=0.397  AUC=0.482  LL=0.6880 (0.0s)
11:34:41  src.cpcv.preprocessing  INFO  Computing MDA (Random Forest)...
11:35:19  src.cpcv.preprocessing  INFO  Computing MDA (Logistic Regression)...
11:35:20  src.cpcv.preprocessing  INFO  Multi-model MDA: 36/73 passed (MDA > 0), 37 eliminated
11:35:20  src.cpcv.preprocessing  INFO    Capped at 14 features (top_k_frac=0.2)
11:35:20  src.cpcv.preprocessing  INFO    Selected (14): ['active_addr_roc_14', 'atr', 'eth_btc_ratio', 'exchange_supply_pct', 'issuance_ntv', 'log_returns_lag1', 'log_returns_lag5', 'log_returns_lag7', 'obv', 'oil_ret_14', 'roc_14', 'skewness', 'smt_exp', 'vix']
11:35:20  src.cpcv.pipeline  INFO    Preprocessing: 14 features selected, train=567 + val=122 + cal=122, test=146
11:35:20  src.cpcv.tuning  INFO  Tuning (1 model) — Optuna TPE + Purged K-Fold (inner: 3 folds, embargo=10 obs)
11:35:20  src.cpcv.tuning  INFO    [tuning] logistic: 3 purged K-fold splits, 30 Optuna trials (TPE)
11:35:21  src.cpcv.tuning  INFO      logistic: 17 completed, 13 pruned (of 30 total) — best log_loss=0.6827, params={'C': 0.15517874583611974, 'penalty': 'l1'}
11:35:21  src.cpcv.tuning  INFO    [tuning] logistic done in 0.6s — best log_loss=0.6827
11:35:21  src.cpcv.tuning  INFO  Tuning total: 0.6s
11:35:21  src.cpcv.pipeline  INFO      applied logistic: {'C': 0.15517874583611974, 'penalty': 'l1'}
11:35:21  src.cpcv.pipeline  INFO    [ 13/84]             logistic (seed=0) F1=0.390  AUC=0.483  LL=0.8068 (0.0s)
11:35:21  src.cpcv.pipeline  INFO    [ 14/84]             logistic (seed=1) F1=0.390  AUC=0.483  LL=0.8068 (0.0s)
11:35:21  src.cpcv.pipeline  INFO    [ 15/84]             logistic (seed=2) F1=0.390  AUC=0.483  LL=0.8068 (0.0s)
11:35:21  src.cpcv.preprocessing  INFO  Computing MDA (Random Forest)...
11:35:59  src.cpcv.preprocessing  INFO  Computing MDA (Logistic Regression)...
11:36:01  src.cpcv.preprocessing  INFO  Multi-model MDA: 40/73 passed (MDA > 0), 33 eliminated
11:36:01  src.cpcv.preprocessing  INFO    Capped at 14 features (top_k_frac=0.2)
11:36:01  src.cpcv.preprocessing  INFO    Selected (14): ['atr', 'chaikin_osc', 'eth_btc_ratio', 'hashrate_roc_30', 'jarque_bera', 'kurtosis', 'log_returns_lag30', 'log_returns_lag6', 'obv', 'silver_ret_30', 'variance_ratio', 'vol_term_7_30', 'vwma_ratio_20_50', 'yield_curve_2y10y']
11:36:01  src.cpcv.pipeline  INFO    Preprocessing: 14 features selected, train=567 + val=122 + cal=122, test=146
11:36:01  src.cpcv.tuning  INFO  Tuning (1 model) — Optuna TPE + Purged K-Fold (inner: 3 folds, embargo=10 obs)
11:36:01  src.cpcv.tuning  INFO    [tuning] logistic: 3 purged K-fold splits, 30 Optuna trials (TPE)
11:36:02  src.cpcv.tuning  INFO      logistic: 15 completed, 15 pruned (of 30 total) — best log_loss=0.6829, params={'C': 0.017670169402947963, 'penalty': 'l1'}
11:36:02  src.cpcv.tuning  INFO    [tuning] logistic done in 0.7s — best log_loss=0.6829
11:36:02  src.cpcv.tuning  INFO  Tuning total: 0.7s
11:36:02  src.cpcv.pipeline  INFO      applied logistic: {'C': 0.017670169402947963, 'penalty': 'l1'}
11:36:02  src.cpcv.pipeline  INFO    [ 16/84]             logistic (seed=0) F1=0.502  AUC=0.522  LL=0.6845 (0.0s)
11:36:02  src.cpcv.pipeline  INFO    [ 17/84]             logistic (seed=1) F1=0.502  AUC=0.522  LL=0.6845 (0.0s)
11:36:02  src.cpcv.pipeline  INFO    [ 18/84]             logistic (seed=2) F1=0.502  AUC=0.522  LL=0.6845 (0.0s)
11:36:02  src.cpcv.preprocessing  INFO  Computing MDA (Random Forest)...
11:36:40  src.cpcv.preprocessing  INFO  Computing MDA (Logistic Regression)...
11:36:41  src.cpcv.preprocessing  INFO  Multi-model MDA: 40/73 passed (MDA > 0), 33 eliminated
11:36:41  src.cpcv.preprocessing  INFO    Capped at 14 features (top_k_frac=0.2)
11:36:41  src.cpcv.preprocessing  INFO    Selected (14): ['active_addr_roc_14', 'chaikin_osc', 'copper_ret_14', 'hashrate_roc_30', 'hurst', 'kurtosis', 'log_returns', 'log_returns_lag3', 'realized_vol', 'us10y', 'variance_ratio', 'vix', 'williams_r', 'yield_curve_2y10y']
11:36:41  src.cpcv.pipeline  INFO    Preprocessing: 14 features selected, train=575 + val=123 + cal=124, test=146
11:36:41  src.cpcv.tuning  INFO  Tuning (1 model) — Optuna TPE + Purged K-Fold (inner: 3 folds, embargo=10 obs)
11:36:41  src.cpcv.tuning  INFO    [tuning] logistic: 3 purged K-fold splits, 30 Optuna trials (TPE)
11:36:41  src.cpcv.tuning  INFO      logistic: 25 completed, 5 pruned (of 30 total) — best log_loss=0.6931, params={'C': 0.017670169402947963, 'penalty': 'l1'}
11:36:41  src.cpcv.tuning  INFO    [tuning] logistic done in 0.5s — best log_loss=0.6931
11:36:41  src.cpcv.tuning  INFO  Tuning total: 0.5s
11:36:41  src.cpcv.pipeline  INFO      applied logistic: {'C': 0.017670169402947963, 'penalty': 'l1'}
11:36:41  src.cpcv.pipeline  INFO    [ 19/84]             logistic (seed=0) F1=0.360  AUC=0.500  LL=0.6855 (0.0s)
11:36:41  src.cpcv.pipeline  INFO    [ 20/84]             logistic (seed=1) F1=0.360  AUC=0.500  LL=0.6855 (0.0s)
11:36:41  src.cpcv.pipeline  INFO    [ 21/84]             logistic (seed=2) F1=0.360  AUC=0.500  LL=0.6855 (0.0s)
11:36:42  src.cpcv.preprocessing  INFO  Computing MDA (Random Forest)...
11:37:15  src.cpcv.preprocessing  INFO  Computing MDA (Logistic Regression)...
11:37:16  src.cpcv.preprocessing  INFO  Multi-model MDA: 37/73 passed (MDA > 0), 36 eliminated
11:37:16  src.cpcv.preprocessing  INFO    Capped at 14 features (top_k_frac=0.2)
11:37:16  src.cpcv.preprocessing  INFO    Selected (14): ['dxy_roc_30', 'gold_ret_30', 'log_returns', 'log_returns_lag2', 'log_returns_lag4', 'natgas_ret_30', 'negentropy', 'obv', 'rsi', 'silver_ret_30', 'skewness', 'tx_count_roc_14', 'us10y', 'us2y']
11:37:16  src.cpcv.pipeline  INFO    Preprocessing: 14 features selected, train=503 + val=108 + cal=108, test=239
11:37:16  src.cpcv.tuning  INFO  Tuning (1 model) — Optuna TPE + Purged K-Fold (inner: 3 folds, embargo=10 obs)
11:37:16  src.cpcv.tuning  INFO    [tuning] logistic: 3 purged K-fold splits, 30 Optuna trials (TPE)
11:37:17  src.cpcv.tuning  INFO      logistic: 23 completed, 7 pruned (of 30 total) — best log_loss=0.6926, params={'C': 0.0012953887073261802, 'penalty': 'l2'}
11:37:17  src.cpcv.tuning  INFO    [tuning] logistic done in 0.6s — best log_loss=0.6926
11:37:17  src.cpcv.tuning  INFO  Tuning total: 0.6s
11:37:17  src.cpcv.pipeline  INFO      applied logistic: {'C': 0.0012953887073261802, 'penalty': 'l2'}
11:37:17  src.cpcv.pipeline  INFO    [ 22/84]             logistic (seed=0) F1=0.357  AUC=0.575  LL=0.7146 (0.0s)
11:37:17  src.cpcv.pipeline  INFO    [ 23/84]             logistic (seed=1) F1=0.357  AUC=0.575  LL=0.7146 (0.0s)
11:37:17  src.cpcv.pipeline  INFO    [ 24/84]             logistic (seed=2) F1=0.357  AUC=0.575  LL=0.7146 (0.0s)
11:37:17  src.cpcv.preprocessing  INFO  Computing MDA (Random Forest)...
11:37:52  src.cpcv.preprocessing  INFO  Computing MDA (Logistic Regression)...
11:37:53  src.cpcv.preprocessing  INFO  Multi-model MDA: 38/73 passed (MDA > 0), 35 eliminated
11:37:53  src.cpcv.preprocessing  INFO    Capped at 14 features (top_k_frac=0.2)
11:37:53  src.cpcv.preprocessing  INFO    Selected (14): ['cci_14', 'dxy_roc_30', 'eth_btc_ratio', 'hashrate_roc_30', 'jarque_bera', 'kurtosis', 'log_returns_lag2', 'log_returns_lag6', 'macd', 'macd_hist', 'natgas_ret_30', 'negentropy', 'us10y', 'vol_term_7_30']
11:37:53  src.cpcv.pipeline  INFO    Preprocessing: 14 features selected, train=494 + val=106 + cal=107, test=239
11:37:53  src.cpcv.tuning  INFO  Tuning (1 model) — Optuna TPE + Purged K-Fold (inner: 3 folds, embargo=10 obs)
11:37:53  src.cpcv.tuning  INFO    [tuning] logistic: 3 purged K-fold splits, 30 Optuna trials (TPE)
11:37:54  src.cpcv.tuning  INFO      logistic: 28 completed, 2 pruned (of 30 total) — best log_loss=0.6866, params={'C': 0.022411319470642815, 'penalty': 'l2'}
11:37:54  src.cpcv.tuning  INFO    [tuning] logistic done in 0.7s — best log_loss=0.6866
11:37:54  src.cpcv.tuning  INFO  Tuning total: 0.7s
11:37:54  src.cpcv.pipeline  INFO      applied logistic: {'C': 0.022411319470642815, 'penalty': 'l2'}
11:37:54  src.cpcv.pipeline  INFO    [ 25/84]             logistic (seed=0) F1=0.477  AUC=0.557  LL=0.7947 (0.0s)
11:37:54  src.cpcv.pipeline  INFO    [ 26/84]             logistic (seed=1) F1=0.477  AUC=0.557  LL=0.7947 (0.0s)
11:37:54  src.cpcv.pipeline  INFO    [ 27/84]             logistic (seed=2) F1=0.477  AUC=0.557  LL=0.7947 (0.0s)
11:37:54  src.cpcv.preprocessing  INFO  Computing MDA (Random Forest)...
11:38:27  src.cpcv.preprocessing  INFO  Computing MDA (Logistic Regression)...
11:38:28  src.cpcv.preprocessing  INFO  Multi-model MDA: 37/73 passed (MDA > 0), 36 eliminated
11:38:28  src.cpcv.preprocessing  INFO    Capped at 14 features (top_k_frac=0.2)
11:38:28  src.cpcv.preprocessing  INFO    Selected (14): ['cci_14', 'chaikin_osc', 'dxy_roc_30', 'eth_btc_ratio', 'gold_ret_14', 'hashrate_roc_30', 'jarque_bera', 'log_returns_lag4', 'natgas_ret_30', 'roc_14', 'rsi', 'smt_exp', 'sp500_ret_14', 'williams_r']
11:38:28  src.cpcv.pipeline  INFO    Preprocessing: 14 features selected, train=494 + val=106 + cal=107, test=239
11:38:28  src.cpcv.tuning  INFO  Tuning (1 model) — Optuna TPE + Purged K-Fold (inner: 3 folds, embargo=10 obs)
11:38:28  src.cpcv.tuning  INFO    [tuning] logistic: 3 purged K-fold splits, 30 Optuna trials (TPE)
11:38:29  src.cpcv.tuning  INFO      logistic: 22 completed, 8 pruned (of 30 total) — best log_loss=0.6807, params={'C': 0.054502936945582565, 'penalty': 'l1'}
11:38:29  src.cpcv.tuning  INFO    [tuning] logistic done in 0.8s — best log_loss=0.6807
11:38:29  src.cpcv.tuning  INFO  Tuning total: 0.8s
11:38:29  src.cpcv.pipeline  INFO      applied logistic: {'C': 0.054502936945582565, 'penalty': 'l1'}
11:38:29  src.cpcv.pipeline  INFO    [ 28/84]             logistic (seed=0) F1=0.479  AUC=0.572  LL=0.7037 (0.0s)
11:38:29  src.cpcv.pipeline  INFO    [ 29/84]             logistic (seed=1) F1=0.479  AUC=0.572  LL=0.7037 (0.0s)
11:38:29  src.cpcv.pipeline  INFO    [ 30/84]             logistic (seed=2) F1=0.479  AUC=0.572  LL=0.7037 (0.0s)
11:38:29  src.cpcv.preprocessing  INFO  Computing MDA (Random Forest)...
11:39:04  src.cpcv.preprocessing  INFO  Computing MDA (Logistic Regression)...
11:39:05  src.cpcv.preprocessing  INFO  Multi-model MDA: 37/73 passed (MDA > 0), 36 eliminated
11:39:05  src.cpcv.preprocessing  INFO    Capped at 14 features (top_k_frac=0.2)
11:39:05  src.cpcv.preprocessing  INFO    Selected (14): ['cci_14', 'ema_ratio_20_50', 'fee_per_tx', 'gold_ret_30', 'hashrate_roc_30', 'jarque_bera', 'log_returns', 'log_returns_lag6', 'mfi_14', 'natgas_ret_14', 'natgas_ret_30', 'silver_ret_30', 'skewness', 'sp500_ret_14']
11:39:05  src.cpcv.pipeline  INFO    Preprocessing: 14 features selected, train=494 + val=106 + cal=107, test=239
11:39:05  src.cpcv.tuning  INFO  Tuning (1 model) — Optuna TPE + Purged K-Fold (inner: 3 folds, embargo=10 obs)
11:39:05  src.cpcv.tuning  INFO    [tuning] logistic: 3 purged K-fold splits, 30 Optuna trials (TPE)
11:39:05  src.cpcv.tuning  INFO      logistic: 27 completed, 3 pruned (of 30 total) — best log_loss=0.6759, params={'C': 0.12647598951788191, 'penalty': 'l1'}
11:39:05  src.cpcv.tuning  INFO    [tuning] logistic done in 0.6s — best log_loss=0.6759
11:39:05  src.cpcv.tuning  INFO  Tuning total: 0.6s
11:39:05  src.cpcv.pipeline  INFO      applied logistic: {'C': 0.12647598951788191, 'penalty': 'l1'}
11:39:05  src.cpcv.pipeline  INFO    [ 31/84]             logistic (seed=0) F1=0.523  AUC=0.532  LL=0.7000 (0.0s)
11:39:06  src.cpcv.pipeline  INFO    [ 32/84]             logistic (seed=1) F1=0.523  AUC=0.532  LL=0.7000 (0.0s)
11:39:06  src.cpcv.pipeline  INFO    [ 33/84]             logistic (seed=2) F1=0.523  AUC=0.532  LL=0.7000 (0.0s)
11:39:06  src.cpcv.preprocessing  INFO  Computing MDA (Random Forest)...
11:39:39  src.cpcv.preprocessing  INFO  Computing MDA (Logistic Regression)...
11:39:41  src.cpcv.preprocessing  INFO  Multi-model MDA: 34/73 passed (MDA > 0), 39 eliminated
11:39:41  src.cpcv.preprocessing  INFO    Capped at 14 features (top_k_frac=0.2)
11:39:41  src.cpcv.preprocessing  INFO    Selected (14): ['atr', 'copper_ret_14', 'eth_btc_ratio', 'fee_per_tx', 'jarque_bera', 'log_returns_lag4', 'log_returns_lag6', 'oil_ret_14', 'skewness', 'sp500_ret_30', 'variance_ratio', 'vix', 'vol_term_7_30', 'yield_curve_10y30y']
11:39:41  src.cpcv.pipeline  INFO    Preprocessing: 14 features selected, train=494 + val=106 + cal=107, test=239
11:39:41  src.cpcv.tuning  INFO  Tuning (1 model) — Optuna TPE + Purged K-Fold (inner: 3 folds, embargo=10 obs)
11:39:41  src.cpcv.tuning  INFO    [tuning] logistic: 3 purged K-fold splits, 30 Optuna trials (TPE)
11:39:41  src.cpcv.tuning  INFO      logistic: 19 completed, 11 pruned (of 30 total) — best log_loss=0.6789, params={'C': 0.11480946414492552, 'penalty': 'l1'}
11:39:41  src.cpcv.tuning  INFO    [tuning] logistic done in 0.9s — best log_loss=0.6789
11:39:41  src.cpcv.tuning  INFO  Tuning total: 0.9s
11:39:41  src.cpcv.pipeline  INFO      applied logistic: {'C': 0.11480946414492552, 'penalty': 'l1'}
11:39:41  src.cpcv.pipeline  INFO    [ 34/84]             logistic (seed=0) F1=0.426  AUC=0.493  LL=0.6968 (0.0s)
11:39:41  src.cpcv.pipeline  INFO    [ 35/84]             logistic (seed=1) F1=0.426  AUC=0.493  LL=0.6968 (0.0s)
11:39:41  src.cpcv.pipeline  INFO    [ 36/84]             logistic (seed=2) F1=0.426  AUC=0.493  LL=0.6968 (0.0s)
11:39:42  src.cpcv.preprocessing  INFO  Computing MDA (Random Forest)...
11:40:15  src.cpcv.preprocessing  INFO  Computing MDA (Logistic Regression)...
11:40:17  src.cpcv.preprocessing  INFO  Multi-model MDA: 39/73 passed (MDA > 0), 34 eliminated
11:40:17  src.cpcv.preprocessing  INFO    Capped at 14 features (top_k_frac=0.2)
11:40:17  src.cpcv.preprocessing  INFO    Selected (14): ['dxy_roc_30', 'eth_btc_ratio', 'jarque_bera', 'kurtosis', 'log_returns_lag3', 'macd_hist', 'nasdaq_ret_30', 'obv', 'oil_ret_14', 'sadf', 'sp500_ret_30', 'williams_r', 'yield_curve_2y10y', 'yz_vol']
11:40:17  src.cpcv.pipeline  INFO    Preprocessing: 14 features selected, train=502 + val=108 + cal=108, test=239
11:40:17  src.cpcv.tuning  INFO  Tuning (1 model) — Optuna TPE + Purged K-Fold (inner: 3 folds, embargo=10 obs)
11:40:17  src.cpcv.tuning  INFO    [tuning] logistic: 3 purged K-fold splits, 30 Optuna trials (TPE)
11:40:17  src.cpcv.tuning  INFO      logistic: 18 completed, 12 pruned (of 30 total) — best log_loss=0.6833, params={'C': 0.00044900780221839606, 'penalty': 'l2'}
11:40:17  src.cpcv.tuning  INFO    [tuning] logistic done in 0.7s — best log_loss=0.6833
11:40:17  src.cpcv.tuning  INFO  Tuning total: 0.7s
11:40:17  src.cpcv.pipeline  INFO      applied logistic: {'C': 0.00044900780221839606, 'penalty': 'l2'}
11:40:17  src.cpcv.pipeline  INFO    [ 37/84]             logistic (seed=0) F1=0.371  AUC=0.552  LL=0.6788 (0.0s)
11:40:17  src.cpcv.pipeline  INFO    [ 38/84]             logistic (seed=1) F1=0.371  AUC=0.552  LL=0.6788 (0.0s)
11:40:17  src.cpcv.pipeline  INFO    [ 39/84]             logistic (seed=2) F1=0.371  AUC=0.552  LL=0.6788 (0.0s)
11:40:18  src.cpcv.preprocessing  INFO  Computing MDA (Random Forest)...
11:40:51  src.cpcv.preprocessing  INFO  Computing MDA (Logistic Regression)...
11:40:52  src.cpcv.preprocessing  INFO  Multi-model MDA: 37/73 passed (MDA > 0), 36 eliminated
11:40:52  src.cpcv.preprocessing  INFO    Capped at 14 features (top_k_frac=0.2)
11:40:52  src.cpcv.preprocessing  INFO    Selected (14): ['eth_btc_ratio', 'log_returns_lag2', 'log_returns_lag6', 'macd_hist', 'obv', 'oil_ret_30', 'roc_14', 'sadf', 'silver_ret_30', 'sp500_ret_30', 'stoch_d', 'vol_term_30_90', 'williams_r', 'yield_curve_2y10y']
11:40:52  src.cpcv.pipeline  INFO    Preprocessing: 14 features selected, train=464 + val=99 + cal=100, test=292
11:40:52  src.cpcv.tuning  INFO  Tuning (1 model) — Optuna TPE + Purged K-Fold (inner: 3 folds, embargo=10 obs)
11:40:52  src.cpcv.tuning  INFO    [tuning] logistic: 3 purged K-fold splits, 30 Optuna trials (TPE)
11:40:53  src.cpcv.tuning  INFO      logistic: 20 completed, 10 pruned (of 30 total) — best log_loss=0.6750, params={'C': 0.020357412412030994, 'penalty': 'l2'}
11:40:53  src.cpcv.tuning  INFO    [tuning] logistic done in 0.6s — best log_loss=0.6750
11:40:53  src.cpcv.tuning  INFO  Tuning total: 0.6s
11:40:53  src.cpcv.pipeline  INFO      applied logistic: {'C': 0.020357412412030994, 'penalty': 'l2'}
11:40:53  src.cpcv.pipeline  INFO    [ 40/84]             logistic (seed=0) F1=0.442  AUC=0.556  LL=0.7076 (0.0s)
11:40:53  src.cpcv.pipeline  INFO    [ 41/84]             logistic (seed=1) F1=0.442  AUC=0.556  LL=0.7076 (0.0s)
11:40:53  src.cpcv.pipeline  INFO    [ 42/84]             logistic (seed=2) F1=0.442  AUC=0.556  LL=0.7076 (0.0s)
11:40:53  src.cpcv.preprocessing  INFO  Computing MDA (Random Forest)...
11:41:27  src.cpcv.preprocessing  INFO  Computing MDA (Logistic Regression)...
11:41:28  src.cpcv.preprocessing  INFO  Multi-model MDA: 39/73 passed (MDA > 0), 34 eliminated
11:41:28  src.cpcv.preprocessing  INFO    Capped at 14 features (top_k_frac=0.2)
11:41:28  src.cpcv.preprocessing  INFO    Selected (14): ['ema_ratio_20_50', 'eth_btc_ratio', 'issuance_ntv', 'log_returns_lag4', 'mvrv', 'oil_ret_14', 'roc_14', 'skewness', 'sp500_ret_14', 'sp500_ret_30', 'stoch_d', 'us2y', 'yield_curve_10y30y', 'yield_curve_2y10y']
11:41:28  src.cpcv.pipeline  INFO    Preprocessing: 14 features selected, train=455 + val=98 + cal=98, test=292
11:41:28  src.cpcv.tuning  INFO  Tuning (1 model) — Optuna TPE + Purged K-Fold (inner: 3 folds, embargo=10 obs)
11:41:28  src.cpcv.tuning  INFO    [tuning] logistic: 3 purged K-fold splits, 30 Optuna trials (TPE)
11:41:28  src.cpcv.tuning  INFO      logistic: 22 completed, 8 pruned (of 30 total) — best log_loss=0.6931, params={'C': 0.017670169402947963, 'penalty': 'l1'}
11:41:28  src.cpcv.tuning  INFO    [tuning] logistic done in 0.5s — best log_loss=0.6931
11:41:28  src.cpcv.tuning  INFO  Tuning total: 0.5s
11:41:28  src.cpcv.pipeline  INFO      applied logistic: {'C': 0.017670169402947963, 'penalty': 'l1'}
11:41:28  src.cpcv.pipeline  INFO    [ 43/84]             logistic (seed=0) F1=0.350  AUC=0.500  LL=0.6904 (0.0s)
11:41:28  src.cpcv.pipeline  INFO    [ 44/84]             logistic (seed=1) F1=0.350  AUC=0.500  LL=0.6904 (0.0s)
11:41:28  src.cpcv.pipeline  INFO    [ 45/84]             logistic (seed=2) F1=0.350  AUC=0.500  LL=0.6904 (0.0s)
11:41:29  src.cpcv.preprocessing  INFO  Computing MDA (Random Forest)...
11:42:02  src.cpcv.preprocessing  INFO  Computing MDA (Logistic Regression)...
11:42:04  src.cpcv.preprocessing  INFO  Multi-model MDA: 30/73 passed (MDA > 0), 43 eliminated
11:42:04  src.cpcv.preprocessing  INFO    Capped at 14 features (top_k_frac=0.2)
11:42:04  src.cpcv.preprocessing  INFO    Selected (14): ['ema_ratio_50_200', 'log_returns', 'log_returns_lag2', 'log_returns_lag30', 'log_returns_lag7', 'natgas_ret_14', 'natgas_ret_30', 'rsi', 'skewness', 'sp500_ret_14', 'us10y', 'us2y', 'vix', 'yield_curve_10y30y']
11:42:04  src.cpcv.pipeline  INFO    Preprocessing: 14 features selected, train=455 + val=98 + cal=98, test=292
11:42:04  src.cpcv.tuning  INFO  Tuning (1 model) — Optuna TPE + Purged K-Fold (inner: 3 folds, embargo=10 obs)
11:42:04  src.cpcv.tuning  INFO    [tuning] logistic: 3 purged K-fold splits, 30 Optuna trials (TPE)
11:42:04  src.cpcv.tuning  INFO      logistic: 20 completed, 10 pruned (of 30 total) — best log_loss=0.6775, params={'C': 0.01836706903841569, 'penalty': 'l2'}
11:42:04  src.cpcv.tuning  INFO    [tuning] logistic done in 0.6s — best log_loss=0.6775
11:42:04  src.cpcv.tuning  INFO  Tuning total: 0.6s
11:42:04  src.cpcv.pipeline  INFO      applied logistic: {'C': 0.01836706903841569, 'penalty': 'l2'}
11:42:04  src.cpcv.pipeline  INFO    [ 46/84]             logistic (seed=0) F1=0.522  AUC=0.524  LL=0.7391 (0.0s)
11:42:04  src.cpcv.pipeline  INFO    [ 47/84]             logistic (seed=1) F1=0.522  AUC=0.524  LL=0.7391 (0.0s)
11:42:04  src.cpcv.pipeline  INFO    [ 48/84]             logistic (seed=2) F1=0.522  AUC=0.524  LL=0.7391 (0.0s)
11:42:05  src.cpcv.preprocessing  INFO  Computing MDA (Random Forest)...
11:42:38  src.cpcv.preprocessing  INFO  Computing MDA (Logistic Regression)...
11:42:39  src.cpcv.preprocessing  INFO  Multi-model MDA: 37/73 passed (MDA > 0), 36 eliminated
11:42:39  src.cpcv.preprocessing  INFO    Capped at 14 features (top_k_frac=0.2)
11:42:39  src.cpcv.preprocessing  INFO    Selected (14): ['dxy_roc_30', 'exchange_supply_pct', 'jarque_bera', 'log_returns_lag5', 'log_returns_lag6', 'lz_complexity', 'nasdaq_ret_14', 'nasdaq_ret_30', 'obv', 'oil_ret_14', 'rsi', 'sadf', 'silver_ret_30', 'smt_exp']
11:42:39  src.cpcv.pipeline  INFO    Preprocessing: 14 features selected, train=455 + val=98 + cal=98, test=292
11:42:39  src.cpcv.tuning  INFO  Tuning (1 model) — Optuna TPE + Purged K-Fold (inner: 3 folds, embargo=10 obs)
11:42:39  src.cpcv.tuning  INFO    [tuning] logistic: 3 purged K-fold splits, 30 Optuna trials (TPE)
11:42:40  src.cpcv.tuning  INFO      logistic: 26 completed, 4 pruned (of 30 total) — best log_loss=0.6817, params={'C': 0.0021079758632756426, 'penalty': 'l2'}
11:42:40  src.cpcv.tuning  INFO    [tuning] logistic done in 0.9s — best log_loss=0.6817
11:42:40  src.cpcv.tuning  INFO  Tuning total: 0.9s
11:42:40  src.cpcv.pipeline  INFO      applied logistic: {'C': 0.0021079758632756426, 'penalty': 'l2'}
11:42:40  src.cpcv.pipeline  INFO    [ 49/84]             logistic (seed=0) F1=0.405  AUC=0.480  LL=0.7017 (0.0s)
11:42:40  src.cpcv.pipeline  INFO    [ 50/84]             logistic (seed=1) F1=0.405  AUC=0.480  LL=0.7017 (0.0s)
11:42:40  src.cpcv.pipeline  INFO    [ 51/84]             logistic (seed=2) F1=0.405  AUC=0.480  LL=0.7017 (0.0s)
11:42:41  src.cpcv.preprocessing  INFO  Computing MDA (Random Forest)...
11:43:14  src.cpcv.preprocessing  INFO  Computing MDA (Logistic Regression)...
11:43:15  src.cpcv.preprocessing  INFO  Multi-model MDA: 40/73 passed (MDA > 0), 33 eliminated
11:43:15  src.cpcv.preprocessing  INFO    Capped at 14 features (top_k_frac=0.2)
11:43:15  src.cpcv.preprocessing  INFO    Selected (14): ['chaikin_osc', 'dxy_roc_30', 'exchange_supply_pct', 'fee_per_tx', 'gk_vol', 'jarque_bera', 'kurtosis', 'log_returns_lag1', 'macd_hist', 'natgas_ret_30', 'obv', 'roc_14', 'sadf', 'smt_exp']
11:43:15  src.cpcv.pipeline  INFO    Preprocessing: 14 features selected, train=463 + val=99 + cal=100, test=292
11:43:15  src.cpcv.tuning  INFO  Tuning (1 model) — Optuna TPE + Purged K-Fold (inner: 3 folds, embargo=10 obs)
11:43:15  src.cpcv.tuning  INFO    [tuning] logistic: 3 purged K-fold splits, 30 Optuna trials (TPE)
11:43:16  src.cpcv.tuning  INFO      logistic: 27 completed, 3 pruned (of 30 total) — best log_loss=0.6841, params={'C': 0.0012953887073261802, 'penalty': 'l2'}
11:43:16  src.cpcv.tuning  INFO    [tuning] logistic done in 0.9s — best log_loss=0.6841
11:43:16  src.cpcv.tuning  INFO  Tuning total: 0.9s
11:43:16  src.cpcv.pipeline  INFO      applied logistic: {'C': 0.0012953887073261802, 'penalty': 'l2'}
11:43:16  src.cpcv.pipeline  INFO    [ 52/84]             logistic (seed=0) F1=0.339  AUC=0.464  LL=0.7615 (0.0s)
11:43:16  src.cpcv.pipeline  INFO    [ 53/84]             logistic (seed=1) F1=0.339  AUC=0.464  LL=0.7615 (0.0s)
11:43:16  src.cpcv.pipeline  INFO    [ 54/84]             logistic (seed=2) F1=0.339  AUC=0.464  LL=0.7615 (0.0s)
11:43:16  src.cpcv.preprocessing  INFO  Computing MDA (Random Forest)...
11:43:51  src.cpcv.preprocessing  INFO  Computing MDA (Logistic Regression)...
11:43:52  src.cpcv.preprocessing  INFO  Multi-model MDA: 39/73 passed (MDA > 0), 34 eliminated
11:43:52  src.cpcv.preprocessing  INFO    Capped at 14 features (top_k_frac=0.2)
11:43:52  src.cpcv.preprocessing  INFO    Selected (14): ['copper_ret_14', 'eth_btc_ratio', 'kurtosis', 'log_returns_lag14', 'log_returns_lag2', 'log_returns_lag3', 'log_returns_lag7', 'lz_complexity', 'natgas_ret_30', 'oil_ret_14', 'rsi', 'skewness', 'smt_poly1', 'sp500_ret_30']
11:43:52  src.cpcv.pipeline  INFO    Preprocessing: 14 features selected, train=465 + val=100 + cal=100, test=292
11:43:52  src.cpcv.tuning  INFO  Tuning (1 model) — Optuna TPE + Purged K-Fold (inner: 3 folds, embargo=10 obs)
11:43:52  src.cpcv.tuning  INFO    [tuning] logistic: 3 purged K-fold splits, 30 Optuna trials (TPE)
11:43:53  src.cpcv.tuning  INFO      logistic: 21 completed, 9 pruned (of 30 total) — best log_loss=0.6845, params={'C': 0.11085678522672557, 'penalty': 'l1'}
11:43:53  src.cpcv.tuning  INFO    [tuning] logistic done in 0.5s — best log_loss=0.6845
11:43:53  src.cpcv.tuning  INFO  Tuning total: 0.5s
11:43:53  src.cpcv.pipeline  INFO      applied logistic: {'C': 0.11085678522672557, 'penalty': 'l1'}
11:43:53  src.cpcv.pipeline  INFO    [ 55/84]             logistic (seed=0) F1=0.535  AUC=0.529  LL=0.7072 (0.0s)
11:43:53  src.cpcv.pipeline  INFO    [ 56/84]             logistic (seed=1) F1=0.535  AUC=0.529  LL=0.7072 (0.0s)
11:43:53  src.cpcv.pipeline  INFO    [ 57/84]             logistic (seed=2) F1=0.535  AUC=0.529  LL=0.7072 (0.0s)
11:43:53  src.cpcv.preprocessing  INFO  Computing MDA (Random Forest)...
11:44:27  src.cpcv.preprocessing  INFO  Computing MDA (Logistic Regression)...
11:44:29  src.cpcv.preprocessing  INFO  Multi-model MDA: 38/73 passed (MDA > 0), 35 eliminated
11:44:29  src.cpcv.preprocessing  INFO    Capped at 14 features (top_k_frac=0.2)
11:44:29  src.cpcv.preprocessing  INFO    Selected (14): ['ema_ratio_20_50', 'log_returns_lag30', 'log_returns_lag5', 'log_returns_lag6', 'log_returns_lag7', 'mvrv', 'net_exchange_flow', 'oil_ret_14', 'silver_ret_14', 'skewness', 'sp500_ret_14', 'us10y', 'variance_ratio', 'vix']
11:44:29  src.cpcv.pipeline  INFO    Preprocessing: 14 features selected, train=457 + val=98 + cal=98, test=292
11:44:29  src.cpcv.tuning  INFO  Tuning (1 model) — Optuna TPE + Purged K-Fold (inner: 3 folds, embargo=10 obs)
11:44:29  src.cpcv.tuning  INFO    [tuning] logistic: 3 purged K-fold splits, 30 Optuna trials (TPE)
11:44:29  src.cpcv.tuning  INFO      logistic: 18 completed, 12 pruned (of 30 total) — best log_loss=0.6854, params={'C': 0.008157211142057481, 'penalty': 'l2'}
11:44:29  src.cpcv.tuning  INFO    [tuning] logistic done in 0.6s — best log_loss=0.6854
11:44:29  src.cpcv.tuning  INFO  Tuning total: 0.6s
11:44:29  src.cpcv.pipeline  INFO      applied logistic: {'C': 0.008157211142057481, 'penalty': 'l2'}
11:44:29  src.cpcv.pipeline  INFO    [ 58/84]             logistic (seed=0) F1=0.520  AUC=0.545  LL=0.7317 (0.0s)
11:44:29  src.cpcv.pipeline  INFO    [ 59/84]             logistic (seed=1) F1=0.520  AUC=0.545  LL=0.7317 (0.0s)
11:44:29  src.cpcv.pipeline  INFO    [ 60/84]             logistic (seed=2) F1=0.520  AUC=0.545  LL=0.7317 (0.0s)
11:44:29  src.cpcv.preprocessing  INFO  Computing MDA (Random Forest)...
11:45:03  src.cpcv.preprocessing  INFO  Computing MDA (Logistic Regression)...
11:45:05  src.cpcv.preprocessing  INFO  Multi-model MDA: 37/73 passed (MDA > 0), 36 eliminated
11:45:05  src.cpcv.preprocessing  INFO    Capped at 14 features (top_k_frac=0.2)
11:45:05  src.cpcv.preprocessing  INFO    Selected (14): ['eth_btc_ratio', 'gold_ret_30', 'kurtosis', 'log_returns_lag3', 'log_returns_lag6', 'log_returns_lag7', 'macd_hist', 'realized_vol', 'silver_ret_30', 'sp500_ret_30', 'stoch_k', 'variance_ratio', 'williams_r', 'yield_curve_2y10y']
11:45:05  src.cpcv.pipeline  INFO    Preprocessing: 14 features selected, train=457 + val=98 + cal=98, test=292
11:45:05  src.cpcv.tuning  INFO  Tuning (1 model) — Optuna TPE + Purged K-Fold (inner: 3 folds, embargo=10 obs)
11:45:05  src.cpcv.tuning  INFO    [tuning] logistic: 3 purged K-fold splits, 30 Optuna trials (TPE)
11:45:05  src.cpcv.tuning  INFO      logistic: 16 completed, 14 pruned (of 30 total) — best log_loss=0.6789, params={'C': 0.014975426755579157, 'penalty': 'l2'}
11:45:05  src.cpcv.tuning  INFO    [tuning] logistic done in 0.6s — best log_loss=0.6789
11:45:05  src.cpcv.tuning  INFO  Tuning total: 0.6s
11:45:05  src.cpcv.pipeline  INFO      applied logistic: {'C': 0.014975426755579157, 'penalty': 'l2'}
11:45:05  src.cpcv.pipeline  INFO    [ 61/84]             logistic (seed=0) F1=0.482  AUC=0.480  LL=0.7209 (0.0s)
11:45:05  src.cpcv.pipeline  INFO    [ 62/84]             logistic (seed=1) F1=0.482  AUC=0.480  LL=0.7209 (0.0s)
11:45:05  src.cpcv.pipeline  INFO    [ 63/84]             logistic (seed=2) F1=0.482  AUC=0.480  LL=0.7209 (0.0s)
11:45:06  src.cpcv.preprocessing  INFO  Computing MDA (Random Forest)...
11:45:40  src.cpcv.preprocessing  INFO  Computing MDA (Logistic Regression)...
11:45:41  src.cpcv.preprocessing  INFO  Multi-model MDA: 38/73 passed (MDA > 0), 35 eliminated
11:45:41  src.cpcv.preprocessing  INFO    Capped at 14 features (top_k_frac=0.2)
11:45:41  src.cpcv.preprocessing  INFO    Selected (14): ['active_addr_roc_14', 'bb_width', 'copper_ret_30', 'eth_btc_ratio', 'exchange_supply_pct', 'log_returns_lag1', 'log_returns_lag5', 'log_returns_lag6', 'oil_ret_14', 'silver_ret_30', 'smt_poly1', 'sp500_ret_30', 'yield_curve_10y30y', 'yz_vol']
11:45:41  src.cpcv.pipeline  INFO    Preprocessing: 14 features selected, train=464 + val=100 + cal=100, test=292
11:45:41  src.cpcv.tuning  INFO  Tuning (1 model) — Optuna TPE + Purged K-Fold (inner: 3 folds, embargo=10 obs)
11:45:41  src.cpcv.tuning  INFO    [tuning] logistic: 3 purged K-fold splits, 30 Optuna trials (TPE)
11:45:42  src.cpcv.tuning  INFO      logistic: 23 completed, 7 pruned (of 30 total) — best log_loss=0.6771, params={'C': 0.011619682550552358, 'penalty': 'l2'}
11:45:42  src.cpcv.tuning  INFO    [tuning] logistic done in 0.7s — best log_loss=0.6771
11:45:42  src.cpcv.tuning  INFO  Tuning total: 0.7s
11:45:42  src.cpcv.pipeline  INFO      applied logistic: {'C': 0.011619682550552358, 'penalty': 'l2'}
11:45:42  src.cpcv.pipeline  INFO    [ 64/84]             logistic (seed=0) F1=0.370  AUC=0.516  LL=0.7559 (0.0s)
11:45:42  src.cpcv.pipeline  INFO    [ 65/84]             logistic (seed=1) F1=0.370  AUC=0.516  LL=0.7559 (0.0s)
11:45:42  src.cpcv.pipeline  INFO    [ 66/84]             logistic (seed=2) F1=0.370  AUC=0.516  LL=0.7559 (0.0s)
11:45:42  src.cpcv.preprocessing  INFO  Computing MDA (Random Forest)...
11:46:17  src.cpcv.preprocessing  INFO  Computing MDA (Logistic Regression)...
11:46:18  src.cpcv.preprocessing  INFO  Multi-model MDA: 38/73 passed (MDA > 0), 35 eliminated
11:46:18  src.cpcv.preprocessing  INFO    Capped at 14 features (top_k_frac=0.2)
11:46:18  src.cpcv.preprocessing  INFO    Selected (14): ['cci_14', 'ema_ratio_20_50', 'fee_per_tx', 'log_returns_lag2', 'log_returns_lag5', 'log_returns_lag6', 'macd', 'macd_hist', 'mfi_14', 'net_exchange_flow', 'obv', 'sadf', 'smt_exp', 'vol_term_30_90']
11:46:18  src.cpcv.pipeline  INFO    Preprocessing: 14 features selected, train=465 + val=100 + cal=100, test=292
11:46:18  src.cpcv.tuning  INFO  Tuning (1 model) — Optuna TPE + Purged K-Fold (inner: 3 folds, embargo=10 obs)
11:46:18  src.cpcv.tuning  INFO    [tuning] logistic: 3 purged K-fold splits, 30 Optuna trials (TPE)
11:46:19  src.cpcv.tuning  INFO      logistic: 18 completed, 12 pruned (of 30 total) — best log_loss=0.6930, params={'C': 0.0012190680346095364, 'penalty': 'l2'}
11:46:19  src.cpcv.tuning  INFO    [tuning] logistic done in 0.6s — best log_loss=0.6930
11:46:19  src.cpcv.tuning  INFO  Tuning total: 0.6s
11:46:19  src.cpcv.pipeline  INFO      applied logistic: {'C': 0.0012190680346095364, 'penalty': 'l2'}
11:46:19  src.cpcv.pipeline  INFO    [ 67/84]             logistic (seed=0) F1=0.355  AUC=0.508  LL=0.6897 (0.0s)
11:46:19  src.cpcv.pipeline  INFO    [ 68/84]             logistic (seed=1) F1=0.355  AUC=0.508  LL=0.6897 (0.0s)
11:46:19  src.cpcv.pipeline  INFO    [ 69/84]             logistic (seed=2) F1=0.355  AUC=0.508  LL=0.6897 (0.0s)
11:46:19  src.cpcv.preprocessing  INFO  Computing MDA (Random Forest)...
11:46:54  src.cpcv.preprocessing  INFO  Computing MDA (Logistic Regression)...
11:46:55  src.cpcv.preprocessing  INFO  Multi-model MDA: 40/73 passed (MDA > 0), 33 eliminated
11:46:55  src.cpcv.preprocessing  INFO    Capped at 14 features (top_k_frac=0.2)
11:46:55  src.cpcv.preprocessing  INFO    Selected (14): ['bb_width', 'eth_btc_ratio', 'gk_vol', 'gold_ret_30', 'hashrate_roc_30', 'hurst', 'log_returns_lag1', 'log_returns_lag21', 'log_returns_lag4', 'log_returns_lag6', 'nasdaq_ret_14', 'silver_ret_30', 'smt_poly1', 'yield_curve_10y30y']
11:46:55  src.cpcv.pipeline  INFO    Preprocessing: 14 features selected, train=457 + val=98 + cal=98, test=292
11:46:55  src.cpcv.tuning  INFO  Tuning (1 model) — Optuna TPE + Purged K-Fold (inner: 3 folds, embargo=10 obs)
11:46:55  src.cpcv.tuning  INFO    [tuning] logistic: 3 purged K-fold splits, 30 Optuna trials (TPE)
11:46:56  src.cpcv.tuning  INFO      logistic: 20 completed, 10 pruned (of 30 total) — best log_loss=0.6791, params={'C': 0.01751953040196698, 'penalty': 'l2'}
11:46:56  src.cpcv.tuning  INFO    [tuning] logistic done in 0.6s — best log_loss=0.6791
11:46:56  src.cpcv.tuning  INFO  Tuning total: 0.6s
11:46:56  src.cpcv.pipeline  INFO      applied logistic: {'C': 0.01751953040196698, 'penalty': 'l2'}
11:46:56  src.cpcv.pipeline  INFO    [ 70/84]             logistic (seed=0) F1=0.489  AUC=0.527  LL=0.6937 (0.0s)
11:46:56  src.cpcv.pipeline  INFO    [ 71/84]             logistic (seed=1) F1=0.489  AUC=0.527  LL=0.6937 (0.0s)
11:46:56  src.cpcv.pipeline  INFO    [ 72/84]             logistic (seed=2) F1=0.489  AUC=0.527  LL=0.6937 (0.0s)
11:46:56  src.cpcv.preprocessing  INFO  Computing MDA (Random Forest)...
11:47:29  src.cpcv.preprocessing  INFO  Computing MDA (Logistic Regression)...
11:47:31  src.cpcv.preprocessing  INFO  Multi-model MDA: 41/73 passed (MDA > 0), 32 eliminated
11:47:31  src.cpcv.preprocessing  INFO    Capped at 14 features (top_k_frac=0.2)
11:47:31  src.cpcv.preprocessing  INFO    Selected (14): ['ema_ratio_50_200', 'gk_vol', 'log_returns_lag1', 'log_returns_lag14', 'log_returns_lag21', 'log_returns_lag3', 'log_returns_lag30', 'log_returns_lag4', 'nasdaq_ret_30', 'realized_vol', 'silver_ret_30', 'smt_poly1', 'tx_count_roc_14', 'vol_term_7_30']
11:47:31  src.cpcv.pipeline  INFO    Preprocessing: 14 features selected, train=464 + val=100 + cal=100, test=292
11:47:31  src.cpcv.tuning  INFO  Tuning (1 model) — Optuna TPE + Purged K-Fold (inner: 3 folds, embargo=10 obs)
11:47:31  src.cpcv.tuning  INFO    [tuning] logistic: 3 purged K-fold splits, 30 Optuna trials (TPE)
11:47:31  src.cpcv.tuning  INFO      logistic: 23 completed, 7 pruned (of 30 total) — best log_loss=0.6917, params={'C': 0.11085678522672557, 'penalty': 'l1'}
11:47:31  src.cpcv.tuning  INFO    [tuning] logistic done in 0.5s — best log_loss=0.6917
11:47:31  src.cpcv.tuning  INFO  Tuning total: 0.5s
11:47:31  src.cpcv.pipeline  INFO      applied logistic: {'C': 0.11085678522672557, 'penalty': 'l1'}
11:47:31  src.cpcv.pipeline  INFO    [ 73/84]             logistic (seed=0) F1=0.469  AUC=0.497  LL=0.6816 (0.0s)
11:47:31  src.cpcv.pipeline  INFO    [ 74/84]             logistic (seed=1) F1=0.469  AUC=0.497  LL=0.6816 (0.0s)
11:47:31  src.cpcv.pipeline  INFO    [ 75/84]             logistic (seed=2) F1=0.469  AUC=0.497  LL=0.6816 (0.0s)
11:47:32  src.cpcv.preprocessing  INFO  Computing MDA (Random Forest)...
11:48:06  src.cpcv.preprocessing  INFO  Computing MDA (Logistic Regression)...
11:48:07  src.cpcv.preprocessing  INFO  Multi-model MDA: 39/73 passed (MDA > 0), 34 eliminated
11:48:07  src.cpcv.preprocessing  INFO    Capped at 14 features (top_k_frac=0.2)
11:48:07  src.cpcv.preprocessing  INFO    Selected (14): ['cci_14', 'dxy_roc_30', 'ema_ratio_50_200', 'fee_per_tx', 'gk_vol', 'gold_ret_14', 'gold_ret_30', 'kurtosis', 'log_returns', 'log_returns_lag2', 'log_returns_lag5', 'log_returns_lag6', 'smt_poly1', 'vix']
11:48:07  src.cpcv.pipeline  INFO    Preprocessing: 14 features selected, train=465 + val=100 + cal=100, test=292
11:48:07  src.cpcv.tuning  INFO  Tuning (1 model) — Optuna TPE + Purged K-Fold (inner: 3 folds, embargo=10 obs)
11:48:07  src.cpcv.tuning  INFO    [tuning] logistic: 3 purged K-fold splits, 30 Optuna trials (TPE)
11:48:08  src.cpcv.tuning  INFO      logistic: 19 completed, 11 pruned (of 30 total) — best log_loss=0.6851, params={'C': 0.19199250652368005, 'penalty': 'l1'}
11:48:08  src.cpcv.tuning  INFO    [tuning] logistic done in 0.6s — best log_loss=0.6851
11:48:08  src.cpcv.tuning  INFO  Tuning total: 0.6s
11:48:08  src.cpcv.pipeline  INFO      applied logistic: {'C': 0.19199250652368005, 'penalty': 'l1'}
11:48:08  src.cpcv.pipeline  INFO    [ 76/84]             logistic (seed=0) F1=0.476  AUC=0.482  LL=0.7022 (0.0s)
11:48:08  src.cpcv.pipeline  INFO    [ 77/84]             logistic (seed=1) F1=0.476  AUC=0.482  LL=0.7022 (0.0s)
11:48:08  src.cpcv.pipeline  INFO    [ 78/84]             logistic (seed=2) F1=0.476  AUC=0.482  LL=0.7022 (0.0s)
11:48:08  src.cpcv.preprocessing  INFO  Computing MDA (Random Forest)...
11:48:44  src.cpcv.preprocessing  INFO  Computing MDA (Logistic Regression)...
11:48:45  src.cpcv.preprocessing  INFO  Multi-model MDA: 31/73 passed (MDA > 0), 42 eliminated
11:48:45  src.cpcv.preprocessing  INFO    Capped at 14 features (top_k_frac=0.2)
11:48:45  src.cpcv.preprocessing  INFO    Selected (14): ['active_addr_roc_14', 'bb_width', 'eth_btc_ratio', 'exchange_supply_pct', 'gold_ret_14', 'log_returns_lag1', 'log_returns_lag2', 'log_returns_lag6', 'log_returns_lag7', 'natgas_ret_14', 'shannon_entropy', 'stoch_k', 'us10y', 'vix']
11:48:45  src.cpcv.pipeline  INFO    Preprocessing: 14 features selected, train=464 + val=100 + cal=100, test=292
11:48:45  src.cpcv.tuning  INFO  Tuning (1 model) — Optuna TPE + Purged K-Fold (inner: 3 folds, embargo=10 obs)
11:48:45  src.cpcv.tuning  INFO    [tuning] logistic: 3 purged K-fold splits, 30 Optuna trials (TPE)
11:48:46  src.cpcv.tuning  INFO      logistic: 20 completed, 10 pruned (of 30 total) — best log_loss=0.6894, params={'C': 0.12173252504194051, 'penalty': 'l1'}
11:48:46  src.cpcv.tuning  INFO    [tuning] logistic done in 0.5s — best log_loss=0.6894
11:48:46  src.cpcv.tuning  INFO  Tuning total: 0.5s
11:48:46  src.cpcv.pipeline  INFO      applied logistic: {'C': 0.12173252504194051, 'penalty': 'l1'}
11:48:46  src.cpcv.pipeline  INFO    [ 79/84]             logistic (seed=0) F1=0.345  AUC=0.515  LL=0.7155 (0.0s)
11:48:46  src.cpcv.pipeline  INFO    [ 80/84]             logistic (seed=1) F1=0.345  AUC=0.515  LL=0.7155 (0.0s)
11:48:46  src.cpcv.pipeline  INFO    [ 81/84]             logistic (seed=2) F1=0.345  AUC=0.515  LL=0.7155 (0.0s)
11:48:46  src.cpcv.preprocessing  INFO  Computing MDA (Random Forest)...
11:49:20  src.cpcv.preprocessing  INFO  Computing MDA (Logistic Regression)...
11:49:22  src.cpcv.preprocessing  INFO  Multi-model MDA: 38/73 passed (MDA > 0), 35 eliminated
11:49:22  src.cpcv.preprocessing  INFO    Capped at 14 features (top_k_frac=0.2)
11:49:22  src.cpcv.preprocessing  INFO    Selected (14): ['dxy_roc_30', 'exchange_supply_pct', 'hurst', 'log_returns_lag1', 'log_returns_lag4', 'macd_signal', 'roc_14', 'silver_ret_30', 'skewness', 'smt_exp', 'stoch_d', 'williams_r', 'yield_curve_2y10y', 'yz_vol']
11:49:22  src.cpcv.pipeline  INFO    Preprocessing: 14 features selected, train=473 + val=101 + cal=102, test=292
11:49:22  src.cpcv.tuning  INFO  Tuning (1 model) — Optuna TPE + Purged K-Fold (inner: 3 folds, embargo=10 obs)
11:49:22  src.cpcv.tuning  INFO    [tuning] logistic: 3 purged K-fold splits, 30 Optuna trials (TPE)
11:49:22  src.cpcv.tuning  INFO      logistic: 27 completed, 3 pruned (of 30 total) — best log_loss=0.6931, params={'C': 0.017670169402947963, 'penalty': 'l1'}
11:49:22  src.cpcv.tuning  INFO    [tuning] logistic done in 0.6s — best log_loss=0.6931
11:49:22  src.cpcv.tuning  INFO  Tuning total: 0.6s
11:49:22  src.cpcv.pipeline  INFO      applied logistic: {'C': 0.017670169402947963, 'penalty': 'l1'}
11:49:22  src.cpcv.pipeline  INFO    [ 82/84]             logistic (seed=0) F1=0.305  AUC=0.500  LL=0.7101 (0.0s)
11:49:22  src.cpcv.pipeline  INFO    [ 83/84]             logistic (seed=1) F1=0.305  AUC=0.500  LL=0.7101 (0.0s)
11:49:22  src.cpcv.pipeline  INFO    [ 84/84]             logistic (seed=2) F1=0.305  AUC=0.500  LL=0.7101 (0.0s)
11:49:22  src.cpcv.pipeline  INFO  ============================================================
11:49:22  src.cpcv.pipeline  INFO  CPCV Pipeline Complete
11:49:22  src.cpcv.pipeline  INFO  ============================================================
11:49:22  src.cpcv.pipeline  INFO    Total time:     1038.2s (17.3m)
11:49:22  src.cpcv.pipeline  INFO    Tasks:          84 succeeded, 0 failed
11:49:22  src.cpcv.pipeline  INFO    Results keys:   84 (model, split, seed) entries
11:49:22  src.cpcv.pipeline  INFO    Backtest paths: 7
11:49:22  src.cpcv.pipeline  INFO    Tuning:         nested (per-split), 28 splits tuned, models=['logistic']
11:49:22  src.cpcv.pipeline  INFO  ============================================================
11:49:23  src.cpcv.pipeline  INFO  ============================================================
11:49:23  src.cpcv.pipeline  INFO  CPCV Pipeline
11:49:23  src.cpcv.pipeline  INFO  ============================================================
11:49:23  src.cpcv.pipeline  INFO    Models:         ['random_forest', 'xgboost']
11:49:23  src.cpcv.pipeline  INFO    Seeds/fold:     3
11:49:23  src.cpcv.pipeline  INFO    Groups (N):     8
11:49:23  src.cpcv.pipeline  INFO    Test groups (k):2
11:49:23  src.cpcv.pipeline  INFO    Embargo:        1.0%
11:49:23  src.cpcv.pipeline  INFO    FFD columns:    ['atr']
11:49:23  src.cpcv.pipeline  INFO    Samples:        1168
11:49:23  src.cpcv.pipeline  INFO    Features:       73
11:49:23  src.cpcv.pipeline  INFO    Splits:         28, Paths: 7
11:49:23  src.cpcv.pipeline  INFO    Tuning:         NESTED (per-split) — ['random_forest', 'xgboost'] [30 trials]
11:49:23  src.cpcv.pipeline  INFO  ============================================================
11:49:23  src.cpcv.preprocessing  INFO  Computing MDA (Random Forest)...
11:50:02  src.cpcv.preprocessing  INFO  Computing MDA (Logistic Regression)...
11:50:04  src.cpcv.preprocessing  INFO  Multi-model MDA: 31/73 passed (MDA > 0), 42 eliminated
11:50:04  src.cpcv.preprocessing  INFO    Capped at 14 features (top_k_frac=0.2)
11:50:04  src.cpcv.preprocessing  INFO    Selected (14): ['ema_ratio_20_50', 'eth_btc_ratio', 'exchange_supply_pct', 'jarque_bera', 'log_returns', 'log_returns_lag6', 'macd_hist', 'natgas_ret_30', 'skewness', 'smt_exp', 'sp500_ret_30', 'variance_ratio', 'vix', 'yield_curve_2y10y']
11:50:04  src.cpcv.pipeline  INFO    Preprocessing: 14 features selected, train=605 + val=130 + cal=130, test=93
11:50:04  src.cpcv.tuning  INFO  Tuning (2 models) — Optuna TPE + Purged K-Fold (inner: 3 folds, embargo=10 obs)
11:50:04  src.cpcv.tuning  INFO    [tuning] random_forest: 3 purged K-fold splits, 30 Optuna trials (TPE)
11:51:07  src.cpcv.tuning  INFO      random_forest: 30 completed, 0 pruned (of 30 total) — best log_loss=0.6849, params={'n_estimators': 250, 'max_depth': 3, 'min_samples_leaf': 15, 'max_features': 'log2'}
11:51:07  src.cpcv.tuning  INFO    [tuning] random_forest done in 63.0s — best log_loss=0.6849
11:51:07  src.cpcv.tuning  INFO    [tuning] xgboost: 3 purged K-fold splits, 30 Optuna trials (TPE)
11:51:12  src.cpcv.tuning  INFO      xgboost: 25 completed, 5 pruned (of 30 total) — best log_loss=0.6824, params={'max_depth': 1, 'learning_rate': 0.06965560262030884, 'min_child_weight': 10, 'subsample': 0.8303954763536694, 'colsample_bytree': 0.6354916063503345, 'gamma': 0.30534509037225294, 'reg_alpha': 0.035963890250872516, 'reg_lambda': 7.87701300552545e-05}
11:51:12  src.cpcv.tuning  INFO    [tuning] xgboost done in 5.0s — best log_loss=0.6824
11:51:12  src.cpcv.tuning  INFO  Tuning total: 68.0s
11:51:12  src.cpcv.pipeline  INFO      applied random_forest: {'n_estimators': 250, 'max_depth': 3, 'min_samples_leaf': 15, 'max_features': 'log2'}
11:51:12  src.cpcv.pipeline  INFO      applied xgboost: {'max_depth': 1, 'learning_rate': 0.06965560262030884, 'min_child_weight': 10, 'subsample': 0.8303954763536694, 'colsample_bytree': 0.6354916063503345, 'gamma': 0.30534509037225294, 'reg_alpha': 0.035963890250872516, 'reg_lambda': 7.87701300552545e-05}
11:51:12  src.cpcv.models.tree_models  INFO  RandomForest fitted: 605 samples, 14 features, 250 trees.
11:51:12  src.cpcv.pipeline  INFO    [  1/168]        random_forest (seed=0) F1=0.493  AUC=0.500  LL=0.8462 (0.8s)
11:51:13  src.cpcv.models.tree_models  INFO  RandomForest fitted: 605 samples, 14 features, 250 trees.
11:51:13  src.cpcv.pipeline  INFO    [  2/168]        random_forest (seed=1) F1=0.461  AUC=0.507  LL=0.7812 (0.8s)
11:51:14  src.cpcv.models.tree_models  INFO  RandomForest fitted: 605 samples, 14 features, 250 trees.
11:51:14  src.cpcv.pipeline  INFO    [  3/168]        random_forest (seed=2) F1=0.479  AUC=0.515  LL=0.8492 (0.8s)
11:51:14  src.cpcv.models.tree_models  INFO  XGBoost fitted: 605 samples, early stopped at iteration 30/300.
11:51:14  src.cpcv.pipeline  INFO    [  4/168]              xgboost (seed=0) F1=0.520  AUC=0.524  LL=0.8735 (0.1s)
11:51:14  src.cpcv.models.tree_models  INFO  XGBoost fitted: 605 samples, early stopped at iteration 40/300.
11:51:14  src.cpcv.pipeline  INFO    [  5/168]              xgboost (seed=1) F1=0.428  AUC=0.509  LL=0.8985 (0.1s)
11:51:14  src.cpcv.models.tree_models  INFO  XGBoost fitted: 605 samples, early stopped at iteration 8/300.
11:51:14  src.cpcv.pipeline  INFO    [  6/168]              xgboost (seed=2) F1=0.428  AUC=0.496  LL=2.0177 (0.1s)
11:51:15  src.cpcv.preprocessing  INFO  Computing MDA (Random Forest)...
11:51:55  src.cpcv.preprocessing  INFO  Computing MDA (Logistic Regression)...
11:51:56  src.cpcv.preprocessing  INFO  Multi-model MDA: 39/73 passed (MDA > 0), 34 eliminated
11:51:56  src.cpcv.preprocessing  INFO    Capped at 14 features (top_k_frac=0.2)
11:51:56  src.cpcv.preprocessing  INFO    Selected (14): ['cci_14', 'copper_ret_14', 'ema_ratio_50_200', 'gk_vol', 'gold_ret_30', 'log_returns', 'natgas_ret_30', 'oil_ret_14', 'oil_ret_30', 'roc_14', 'rsi', 'silver_ret_30', 'stoch_d', 'yz_vol']
11:51:56  src.cpcv.pipeline  INFO    Preprocessing: 14 features selected, train=566 + val=121 + cal=122, test=146
11:51:56  src.cpcv.tuning  INFO  Tuning (2 models) — Optuna TPE + Purged K-Fold (inner: 3 folds, embargo=10 obs)
11:51:56  src.cpcv.tuning  INFO    [tuning] random_forest: 3 purged K-fold splits, 30 Optuna trials (TPE)
11:52:45  src.cpcv.tuning  INFO      random_forest: 17 completed, 13 pruned (of 30 total) — best log_loss=0.6924, params={'n_estimators': 250, 'max_depth': 2, 'min_samples_leaf': 28, 'max_features': 'sqrt'}
11:52:45  src.cpcv.tuning  INFO    [tuning] random_forest done in 49.0s — best log_loss=0.6924
11:52:45  src.cpcv.tuning  INFO    [tuning] xgboost: 3 purged K-fold splits, 30 Optuna trials (TPE)
11:52:50  src.cpcv.tuning  INFO      xgboost: 12 completed, 18 pruned (of 30 total) — best log_loss=0.6823, params={'max_depth': 2, 'learning_rate': 0.29809911697393243, 'min_child_weight': 43, 'subsample': 0.8566880772987617, 'colsample_bytree': 0.7045301052546397, 'gamma': 0.010438120620105178, 'reg_alpha': 0.0001653282123997987, 'reg_lambda': 0.007483948702276168}
11:52:50  src.cpcv.tuning  INFO    [tuning] xgboost done in 4.5s — best log_loss=0.6823
11:52:50  src.cpcv.tuning  INFO  Tuning total: 53.4s
11:52:50  src.cpcv.pipeline  INFO      applied random_forest: {'n_estimators': 250, 'max_depth': 2, 'min_samples_leaf': 28, 'max_features': 'sqrt'}
11:52:50  src.cpcv.pipeline  INFO      applied xgboost: {'max_depth': 2, 'learning_rate': 0.29809911697393243, 'min_child_weight': 43, 'subsample': 0.8566880772987617, 'colsample_bytree': 0.7045301052546397, 'gamma': 0.010438120620105178, 'reg_alpha': 0.0001653282123997987, 'reg_lambda': 0.007483948702276168}
11:52:50  src.cpcv.models.tree_models  INFO  RandomForest fitted: 566 samples, 14 features, 250 trees.
11:52:51  src.cpcv.pipeline  INFO    [  7/168]        random_forest (seed=0) F1=0.390  AUC=0.535  LL=0.7119 (1.0s)
11:52:51  src.cpcv.models.tree_models  INFO  RandomForest fitted: 566 samples, 14 features, 250 trees.
11:52:52  src.cpcv.pipeline  INFO    [  8/168]        random_forest (seed=1) F1=0.374  AUC=0.531  LL=0.7066 (1.0s)
11:52:52  src.cpcv.models.tree_models  INFO  RandomForest fitted: 566 samples, 14 features, 250 trees.
11:52:52  src.cpcv.pipeline  INFO    [  9/168]        random_forest (seed=2) F1=0.382  AUC=0.533  LL=0.7092 (0.8s)
11:52:52  src.cpcv.models.tree_models  INFO  XGBoost fitted: 566 samples, early stopped at iteration 0/300.
11:52:52  src.cpcv.pipeline  INFO    [ 10/168]              xgboost (seed=0) F1=0.491  AUC=0.491  LL=0.6966 (0.0s)
11:52:52  src.cpcv.models.tree_models  INFO  XGBoost fitted: 566 samples, early stopped at iteration 1/300.
11:52:52  src.cpcv.pipeline  INFO    [ 11/168]              xgboost (seed=1) F1=0.395  AUC=0.514  LL=0.7175 (0.1s)
11:52:52  src.cpcv.models.tree_models  INFO  XGBoost fitted: 566 samples, early stopped at iteration 0/300.
11:52:53  src.cpcv.pipeline  INFO    [ 12/168]              xgboost (seed=2) F1=0.318  AUC=0.497  LL=0.7109 (0.0s)
11:52:53  src.cpcv.preprocessing  INFO  Computing MDA (Random Forest)...
11:53:31  src.cpcv.preprocessing  INFO  Computing MDA (Logistic Regression)...
11:53:32  src.cpcv.preprocessing  INFO  Multi-model MDA: 36/73 passed (MDA > 0), 37 eliminated
11:53:32  src.cpcv.preprocessing  INFO    Capped at 14 features (top_k_frac=0.2)
11:53:32  src.cpcv.preprocessing  INFO    Selected (14): ['atr', 'cci_14', 'dxy_roc_30', 'ema_ratio_20_50', 'eth_btc_ratio', 'log_returns', 'log_returns_lag1', 'log_returns_lag5', 'log_returns_lag6', 'mvrv', 'natgas_ret_30', 'oil_ret_14', 'smt_poly1', 'stoch_d']
11:53:32  src.cpcv.pipeline  INFO    Preprocessing: 14 features selected, train=567 + val=122 + cal=122, test=146
11:53:32  src.cpcv.tuning  INFO  Tuning (2 models) — Optuna TPE + Purged K-Fold (inner: 3 folds, embargo=10 obs)
11:53:32  src.cpcv.tuning  INFO    [tuning] random_forest: 3 purged K-fold splits, 30 Optuna trials (TPE)
11:54:25  src.cpcv.tuning  INFO      random_forest: 19 completed, 11 pruned (of 30 total) — best log_loss=0.6816, params={'n_estimators': 250, 'max_depth': 3, 'min_samples_leaf': 17, 'max_features': 'sqrt'}
11:54:25  src.cpcv.tuning  INFO    [tuning] random_forest done in 52.7s — best log_loss=0.6816
11:54:25  src.cpcv.tuning  INFO    [tuning] xgboost: 3 purged K-fold splits, 30 Optuna trials (TPE)
11:54:30  src.cpcv.tuning  INFO      xgboost: 13 completed, 17 pruned (of 30 total) — best log_loss=0.6801, params={'max_depth': 1, 'learning_rate': 0.04877572630404313, 'min_child_weight': 10, 'subsample': 0.9476077563455207, 'colsample_bytree': 0.8738445964974806, 'gamma': 0.03141763911388717, 'reg_alpha': 2.742916590338083e-07, 'reg_lambda': 5.765835785477878}
11:54:30  src.cpcv.tuning  INFO    [tuning] xgboost done in 5.2s — best log_loss=0.6801
11:54:30  src.cpcv.tuning  INFO  Tuning total: 57.9s
11:54:30  src.cpcv.pipeline  INFO      applied random_forest: {'n_estimators': 250, 'max_depth': 3, 'min_samples_leaf': 17, 'max_features': 'sqrt'}
11:54:30  src.cpcv.pipeline  INFO      applied xgboost: {'max_depth': 1, 'learning_rate': 0.04877572630404313, 'min_child_weight': 10, 'subsample': 0.9476077563455207, 'colsample_bytree': 0.8738445964974806, 'gamma': 0.03141763911388717, 'reg_alpha': 2.742916590338083e-07, 'reg_lambda': 5.765835785477878}
11:54:31  src.cpcv.models.tree_models  INFO  RandomForest fitted: 567 samples, 14 features, 250 trees.
11:54:31  src.cpcv.pipeline  INFO    [ 13/168]        random_forest (seed=0) F1=0.370  AUC=0.518  LL=0.6973 (0.8s)
11:54:32  src.cpcv.models.tree_models  INFO  RandomForest fitted: 567 samples, 14 features, 250 trees.
11:54:32  src.cpcv.pipeline  INFO    [ 14/168]        random_forest (seed=1) F1=0.364  AUC=0.506  LL=0.6974 (0.8s)
11:54:32  src.cpcv.models.tree_models  INFO  RandomForest fitted: 567 samples, 14 features, 250 trees.
11:54:33  src.cpcv.pipeline  INFO    [ 15/168]        random_forest (seed=2) F1=0.364  AUC=0.484  LL=0.7035 (0.8s)
11:54:33  src.cpcv.models.tree_models  INFO  XGBoost fitted: 567 samples, early stopped at iteration 18/300.
11:54:33  src.cpcv.pipeline  INFO    [ 16/168]              xgboost (seed=0) F1=0.354  AUC=0.488  LL=0.6897 (0.1s)
11:54:33  src.cpcv.models.tree_models  INFO  XGBoost fitted: 567 samples, early stopped at iteration 46/300.
11:54:33  src.cpcv.pipeline  INFO    [ 17/168]              xgboost (seed=1) F1=0.354  AUC=0.440  LL=0.6897 (0.1s)
11:54:33  src.cpcv.models.tree_models  INFO  XGBoost fitted: 567 samples, early stopped at iteration 18/300.
11:54:33  src.cpcv.pipeline  INFO    [ 18/168]              xgboost (seed=2) F1=0.445  AUC=0.511  LL=0.6883 (0.1s)
11:54:33  src.cpcv.preprocessing  INFO  Computing MDA (Random Forest)...
11:55:11  src.cpcv.preprocessing  INFO  Computing MDA (Logistic Regression)...
11:55:12  src.cpcv.preprocessing  INFO  Multi-model MDA: 39/73 passed (MDA > 0), 34 eliminated
11:55:12  src.cpcv.preprocessing  INFO    Capped at 14 features (top_k_frac=0.2)
11:55:12  src.cpcv.preprocessing  INFO    Selected (14): ['atr', 'cci_14', 'eth_btc_ratio', 'hashrate_roc_30', 'log_returns_lag21', 'lz_complexity', 'mvrv', 'natgas_ret_30', 'realized_vol', 'sadf', 'sp500_ret_14', 'tx_count_roc_14', 'variance_ratio', 'vix']
11:55:12  src.cpcv.pipeline  INFO    Preprocessing: 14 features selected, train=567 + val=122 + cal=122, test=146
11:55:12  src.cpcv.tuning  INFO  Tuning (2 models) — Optuna TPE + Purged K-Fold (inner: 3 folds, embargo=10 obs)
11:55:12  src.cpcv.tuning  INFO    [tuning] random_forest: 3 purged K-fold splits, 30 Optuna trials (TPE)
11:56:00  src.cpcv.tuning  INFO      random_forest: 27 completed, 3 pruned (of 30 total) — best log_loss=0.6912, params={'n_estimators': 100, 'max_depth': 2, 'min_samples_leaf': 33, 'max_features': 'sqrt'}
11:56:00  src.cpcv.tuning  INFO    [tuning] random_forest done in 47.9s — best log_loss=0.6912
11:56:00  src.cpcv.tuning  INFO    [tuning] xgboost: 3 purged K-fold splits, 30 Optuna trials (TPE)
11:56:04  src.cpcv.tuning  INFO      xgboost: 17 completed, 13 pruned (of 30 total) — best log_loss=0.6876, params={'max_depth': 1, 'learning_rate': 0.028310060673998678, 'min_child_weight': 10, 'subsample': 0.7184348852751731, 'colsample_bytree': 0.7628905526894346, 'gamma': 0.07153032024946847, 'reg_alpha': 7.476931580627821e-05, 'reg_lambda': 0.0037653511867646863}
11:56:04  src.cpcv.tuning  INFO    [tuning] xgboost done in 3.8s — best log_loss=0.6876
11:56:04  src.cpcv.tuning  INFO  Tuning total: 51.7s
11:56:04  src.cpcv.pipeline  INFO      applied random_forest: {'n_estimators': 100, 'max_depth': 2, 'min_samples_leaf': 33, 'max_features': 'sqrt'}
11:56:04  src.cpcv.pipeline  INFO      applied xgboost: {'max_depth': 1, 'learning_rate': 0.028310060673998678, 'min_child_weight': 10, 'subsample': 0.7184348852751731, 'colsample_bytree': 0.7628905526894346, 'gamma': 0.07153032024946847, 'reg_alpha': 7.476931580627821e-05, 'reg_lambda': 0.0037653511867646863}
11:56:04  src.cpcv.models.tree_models  INFO  RandomForest fitted: 567 samples, 14 features, 100 trees.
11:56:04  src.cpcv.pipeline  INFO    [ 19/168]        random_forest (seed=0) F1=0.533  AUC=0.554  LL=0.6742 (0.4s)
11:56:05  src.cpcv.models.tree_models  INFO  RandomForest fitted: 567 samples, 14 features, 100 trees.
11:56:05  src.cpcv.pipeline  INFO    [ 20/168]        random_forest (seed=1) F1=0.488  AUC=0.588  LL=0.6610 (0.3s)
11:56:05  src.cpcv.models.tree_models  INFO  RandomForest fitted: 567 samples, 14 features, 100 trees.
11:56:05  src.cpcv.pipeline  INFO    [ 21/168]        random_forest (seed=2) F1=0.406  AUC=0.497  LL=0.6772 (0.3s)
11:56:05  src.cpcv.models.tree_models  INFO  XGBoost fitted: 567 samples, early stopped at iteration 9/300.
11:56:05  src.cpcv.pipeline  INFO    [ 22/168]              xgboost (seed=0) F1=0.544  AUC=0.596  LL=0.6731 (0.1s)
11:56:05  src.cpcv.models.tree_models  INFO  XGBoost fitted: 567 samples, early stopped at iteration 34/300.
11:56:05  src.cpcv.pipeline  INFO    [ 23/168]              xgboost (seed=1) F1=0.452  AUC=0.515  LL=0.6770 (0.1s)
11:56:05  src.cpcv.models.tree_models  INFO  XGBoost fitted: 567 samples, early stopped at iteration 5/300.
11:56:05  src.cpcv.pipeline  INFO    [ 24/168]              xgboost (seed=2) F1=0.379  AUC=0.604  LL=0.6835 (0.0s)
11:56:05  src.cpcv.preprocessing  INFO  Computing MDA (Random Forest)...
11:56:43  src.cpcv.preprocessing  INFO  Computing MDA (Logistic Regression)...
11:56:44  src.cpcv.preprocessing  INFO  Multi-model MDA: 36/73 passed (MDA > 0), 37 eliminated
11:56:44  src.cpcv.preprocessing  INFO    Capped at 14 features (top_k_frac=0.2)
11:56:44  src.cpcv.preprocessing  INFO    Selected (14): ['active_addr_roc_14', 'atr', 'eth_btc_ratio', 'exchange_supply_pct', 'issuance_ntv', 'log_returns_lag1', 'log_returns_lag5', 'log_returns_lag7', 'obv', 'oil_ret_14', 'roc_14', 'skewness', 'smt_exp', 'vix']
11:56:44  src.cpcv.pipeline  INFO    Preprocessing: 14 features selected, train=567 + val=122 + cal=122, test=146
11:56:44  src.cpcv.tuning  INFO  Tuning (2 models) — Optuna TPE + Purged K-Fold (inner: 3 folds, embargo=10 obs)
11:56:44  src.cpcv.tuning  INFO    [tuning] random_forest: 3 purged K-fold splits, 30 Optuna trials (TPE)
11:57:29  src.cpcv.tuning  INFO      random_forest: 18 completed, 12 pruned (of 30 total) — best log_loss=0.6777, params={'n_estimators': 250, 'max_depth': 4, 'min_samples_leaf': 15, 'max_features': 'sqrt'}
11:57:29  src.cpcv.tuning  INFO    [tuning] random_forest done in 44.7s — best log_loss=0.6777
11:57:29  src.cpcv.tuning  INFO    [tuning] xgboost: 3 purged K-fold splits, 30 Optuna trials (TPE)
11:57:34  src.cpcv.tuning  INFO      xgboost: 13 completed, 17 pruned (of 30 total) — best log_loss=0.6747, params={'max_depth': 2, 'learning_rate': 0.09279453843446861, 'min_child_weight': 10, 'subsample': 0.9882175921905896, 'colsample_bytree': 0.9165877328999809, 'gamma': 0.13475030010391695, 'reg_alpha': 0.10130492013778475, 'reg_lambda': 0.007483948702276168}
11:57:34  src.cpcv.tuning  INFO    [tuning] xgboost done in 5.2s — best log_loss=0.6747
11:57:34  src.cpcv.tuning  INFO  Tuning total: 49.9s
11:57:34  src.cpcv.pipeline  INFO      applied random_forest: {'n_estimators': 250, 'max_depth': 4, 'min_samples_leaf': 15, 'max_features': 'sqrt'}
11:57:34  src.cpcv.pipeline  INFO      applied xgboost: {'max_depth': 2, 'learning_rate': 0.09279453843446861, 'min_child_weight': 10, 'subsample': 0.9882175921905896, 'colsample_bytree': 0.9165877328999809, 'gamma': 0.13475030010391695, 'reg_alpha': 0.10130492013778475, 'reg_lambda': 0.007483948702276168}
11:57:35  src.cpcv.models.tree_models  INFO  RandomForest fitted: 567 samples, 14 features, 250 trees.
11:57:35  src.cpcv.pipeline  INFO    [ 25/168]        random_forest (seed=0) F1=0.582  AUC=0.608  LL=0.6948 (0.8s)
11:57:36  src.cpcv.models.tree_models  INFO  RandomForest fitted: 567 samples, 14 features, 250 trees.
11:57:36  src.cpcv.pipeline  INFO    [ 26/168]        random_forest (seed=1) F1=0.541  AUC=0.582  LL=0.6952 (0.8s)
11:57:37  src.cpcv.models.tree_models  INFO  RandomForest fitted: 567 samples, 14 features, 250 trees.
11:57:37  src.cpcv.pipeline  INFO    [ 27/168]        random_forest (seed=2) F1=0.575  AUC=0.609  LL=0.6901 (0.8s)
11:57:37  src.cpcv.models.tree_models  INFO  XGBoost fitted: 567 samples, early stopped at iteration 0/300.
11:57:37  src.cpcv.pipeline  INFO    [ 28/168]              xgboost (seed=0) F1=0.330  AUC=0.381  LL=0.7564 (0.0s)
11:57:37  src.cpcv.models.tree_models  INFO  XGBoost fitted: 567 samples, early stopped at iteration 0/300.
11:57:37  src.cpcv.pipeline  INFO    [ 29/168]              xgboost (seed=1) F1=0.551  AUC=0.563  LL=0.7517 (0.0s)
11:57:37  src.cpcv.models.tree_models  INFO  XGBoost fitted: 567 samples, early stopped at iteration 0/300.
11:57:37  src.cpcv.pipeline  INFO    [ 30/168]              xgboost (seed=2) F1=0.551  AUC=0.563  LL=0.7525 (0.0s)
11:57:37  src.cpcv.preprocessing  INFO  Computing MDA (Random Forest)...
11:58:16  src.cpcv.preprocessing  INFO  Computing MDA (Logistic Regression)...
11:58:17  src.cpcv.preprocessing  INFO  Multi-model MDA: 40/73 passed (MDA > 0), 33 eliminated
11:58:17  src.cpcv.preprocessing  INFO    Capped at 14 features (top_k_frac=0.2)
11:58:17  src.cpcv.preprocessing  INFO    Selected (14): ['atr', 'chaikin_osc', 'eth_btc_ratio', 'hashrate_roc_30', 'jarque_bera', 'kurtosis', 'log_returns_lag30', 'log_returns_lag6', 'obv', 'silver_ret_30', 'variance_ratio', 'vol_term_7_30', 'vwma_ratio_20_50', 'yield_curve_2y10y']
11:58:17  src.cpcv.pipeline  INFO    Preprocessing: 14 features selected, train=567 + val=122 + cal=122, test=146
11:58:17  src.cpcv.tuning  INFO  Tuning (2 models) — Optuna TPE + Purged K-Fold (inner: 3 folds, embargo=10 obs)
11:58:17  src.cpcv.tuning  INFO    [tuning] random_forest: 3 purged K-fold splits, 30 Optuna trials (TPE)
11:59:01  src.cpcv.tuning  INFO      random_forest: 30 completed, 0 pruned (of 30 total) — best log_loss=0.6690, params={'n_estimators': 100, 'max_depth': 4, 'min_samples_leaf': 18, 'max_features': 'log2'}
11:59:01  src.cpcv.tuning  INFO    [tuning] random_forest done in 43.8s — best log_loss=0.6690
11:59:01  src.cpcv.tuning  INFO    [tuning] xgboost: 3 purged K-fold splits, 30 Optuna trials (TPE)
11:59:08  src.cpcv.tuning  INFO      xgboost: 21 completed, 9 pruned (of 30 total) — best log_loss=0.6627, params={'max_depth': 1, 'learning_rate': 0.18964660272040645, 'min_child_weight': 10, 'subsample': 0.8871975834497375, 'colsample_bytree': 0.6893523753600751, 'gamma': 0.026627925173913887, 'reg_alpha': 1.3008532995294286e-06, 'reg_lambda': 0.00042850711436968653}
11:59:08  src.cpcv.tuning  INFO    [tuning] xgboost done in 6.9s — best log_loss=0.6627
11:59:08  src.cpcv.tuning  INFO  Tuning total: 50.7s
11:59:08  src.cpcv.pipeline  INFO      applied random_forest: {'n_estimators': 100, 'max_depth': 4, 'min_samples_leaf': 18, 'max_features': 'log2'}
11:59:08  src.cpcv.pipeline  INFO      applied xgboost: {'max_depth': 1, 'learning_rate': 0.18964660272040645, 'min_child_weight': 10, 'subsample': 0.8871975834497375, 'colsample_bytree': 0.6893523753600751, 'gamma': 0.026627925173913887, 'reg_alpha': 1.3008532995294286e-06, 'reg_lambda': 0.00042850711436968653}
11:59:08  src.cpcv.models.tree_models  INFO  RandomForest fitted: 567 samples, 14 features, 100 trees.
11:59:08  src.cpcv.pipeline  INFO    [ 31/168]        random_forest (seed=0) F1=0.416  AUC=0.415  LL=0.7161 (0.4s)
11:59:09  src.cpcv.models.tree_models  INFO  RandomForest fitted: 567 samples, 14 features, 100 trees.
11:59:09  src.cpcv.pipeline  INFO    [ 32/168]        random_forest (seed=1) F1=0.451  AUC=0.447  LL=0.7181 (0.4s)
11:59:09  src.cpcv.models.tree_models  INFO  RandomForest fitted: 567 samples, 14 features, 100 trees.
11:59:09  src.cpcv.pipeline  INFO    [ 33/168]        random_forest (seed=2) F1=0.463  AUC=0.439  LL=0.7197 (0.4s)
11:59:09  src.cpcv.models.tree_models  INFO  XGBoost fitted: 567 samples, early stopped at iteration 43/300.
11:59:09  src.cpcv.pipeline  INFO    [ 34/168]              xgboost (seed=0) F1=0.410  AUC=0.418  LL=0.7563 (0.1s)
11:59:09  src.cpcv.models.tree_models  INFO  XGBoost fitted: 567 samples, early stopped at iteration 80/300.
11:59:09  src.cpcv.pipeline  INFO    [ 35/168]              xgboost (seed=1) F1=0.439  AUC=0.398  LL=0.7419 (0.1s)
11:59:09  src.cpcv.models.tree_models  INFO  XGBoost fitted: 567 samples, early stopped at iteration 31/300.
11:59:09  src.cpcv.pipeline  INFO    [ 36/168]              xgboost (seed=2) F1=0.473  AUC=0.451  LL=0.7296 (0.1s)
11:59:10  src.cpcv.preprocessing  INFO  Computing MDA (Random Forest)...
11:59:48  src.cpcv.preprocessing  INFO  Computing MDA (Logistic Regression)...
11:59:50  src.cpcv.preprocessing  INFO  Multi-model MDA: 40/73 passed (MDA > 0), 33 eliminated
11:59:50  src.cpcv.preprocessing  INFO    Capped at 14 features (top_k_frac=0.2)
11:59:50  src.cpcv.preprocessing  INFO    Selected (14): ['active_addr_roc_14', 'chaikin_osc', 'copper_ret_14', 'hashrate_roc_30', 'hurst', 'kurtosis', 'log_returns', 'log_returns_lag3', 'realized_vol', 'us10y', 'variance_ratio', 'vix', 'williams_r', 'yield_curve_2y10y']
11:59:50  src.cpcv.pipeline  INFO    Preprocessing: 14 features selected, train=575 + val=123 + cal=124, test=146
11:59:50  src.cpcv.tuning  INFO  Tuning (2 models) — Optuna TPE + Purged K-Fold (inner: 3 folds, embargo=10 obs)
11:59:50  src.cpcv.tuning  INFO    [tuning] random_forest: 3 purged K-fold splits, 30 Optuna trials (TPE)
12:00:38  src.cpcv.tuning  INFO      random_forest: 12 completed, 18 pruned (of 30 total) — best log_loss=0.6969, params={'n_estimators': 250, 'max_depth': 2, 'min_samples_leaf': 40, 'max_features': 'log2'}
12:00:38  src.cpcv.tuning  INFO    [tuning] random_forest done in 47.7s — best log_loss=0.6969
12:00:38  src.cpcv.tuning  INFO    [tuning] xgboost: 3 purged K-fold splits, 30 Optuna trials (TPE)
12:00:42  src.cpcv.tuning  INFO      xgboost: 22 completed, 8 pruned (of 30 total) — best log_loss=0.6851, params={'max_depth': 2, 'learning_rate': 0.11149788404099703, 'min_child_weight': 43, 'subsample': 0.7691735303447266, 'colsample_bytree': 0.9426941178471422, 'gamma': 0.03776933639535813, 'reg_alpha': 6.676114574784988e-07, 'reg_lambda': 0.000392728535545485}
12:00:42  src.cpcv.tuning  INFO    [tuning] xgboost done in 4.3s — best log_loss=0.6851
12:00:42  src.cpcv.tuning  INFO  Tuning total: 52.0s
12:00:42  src.cpcv.pipeline  INFO      applied random_forest: {'n_estimators': 250, 'max_depth': 2, 'min_samples_leaf': 40, 'max_features': 'log2'}
12:00:42  src.cpcv.pipeline  INFO      applied xgboost: {'max_depth': 2, 'learning_rate': 0.11149788404099703, 'min_child_weight': 43, 'subsample': 0.7691735303447266, 'colsample_bytree': 0.9426941178471422, 'gamma': 0.03776933639535813, 'reg_alpha': 6.676114574784988e-07, 'reg_lambda': 0.000392728535545485}
12:00:43  src.cpcv.models.tree_models  INFO  RandomForest fitted: 575 samples, 14 features, 250 trees.
12:00:43  src.cpcv.pipeline  INFO    [ 37/168]        random_forest (seed=0) F1=0.412  AUC=0.448  LL=0.7031 (1.0s)
12:00:44  src.cpcv.models.tree_models  INFO  RandomForest fitted: 575 samples, 14 features, 250 trees.
12:00:44  src.cpcv.pipeline  INFO    [ 38/168]        random_forest (seed=1) F1=0.366  AUC=0.436  LL=0.6951 (1.0s)
12:00:45  src.cpcv.models.tree_models  INFO  RandomForest fitted: 575 samples, 14 features, 250 trees.
12:00:45  src.cpcv.pipeline  INFO    [ 39/168]        random_forest (seed=2) F1=0.359  AUC=0.422  LL=0.7005 (1.1s)
12:00:45  src.cpcv.models.tree_models  INFO  XGBoost fitted: 575 samples, early stopped at iteration 25/300.
12:00:45  src.cpcv.pipeline  INFO    [ 40/168]              xgboost (seed=0) F1=0.360  AUC=0.477  LL=0.6867 (0.1s)
12:00:45  src.cpcv.models.tree_models  INFO  XGBoost fitted: 575 samples, early stopped at iteration 11/300.
12:00:45  src.cpcv.pipeline  INFO    [ 41/168]              xgboost (seed=1) F1=0.360  AUC=0.490  LL=0.6858 (0.1s)
12:00:45  src.cpcv.models.tree_models  INFO  XGBoost fitted: 575 samples, early stopped at iteration 60/300.
12:00:45  src.cpcv.pipeline  INFO    [ 42/168]              xgboost (seed=2) F1=0.360  AUC=0.474  LL=0.6867 (0.1s)
12:00:45  src.cpcv.preprocessing  INFO  Computing MDA (Random Forest)...
12:01:19  src.cpcv.preprocessing  INFO  Computing MDA (Logistic Regression)...
12:01:21  src.cpcv.preprocessing  INFO  Multi-model MDA: 37/73 passed (MDA > 0), 36 eliminated
12:01:21  src.cpcv.preprocessing  INFO    Capped at 14 features (top_k_frac=0.2)
12:01:21  src.cpcv.preprocessing  INFO    Selected (14): ['dxy_roc_30', 'gold_ret_30', 'log_returns', 'log_returns_lag2', 'log_returns_lag4', 'natgas_ret_30', 'negentropy', 'obv', 'rsi', 'silver_ret_30', 'skewness', 'tx_count_roc_14', 'us10y', 'us2y']
12:01:21  src.cpcv.pipeline  INFO    Preprocessing: 14 features selected, train=503 + val=108 + cal=108, test=239
12:01:21  src.cpcv.tuning  INFO  Tuning (2 models) — Optuna TPE + Purged K-Fold (inner: 3 folds, embargo=10 obs)
12:01:21  src.cpcv.tuning  INFO    [tuning] random_forest: 3 purged K-fold splits, 30 Optuna trials (TPE)
12:01:58  src.cpcv.tuning  INFO      random_forest: 21 completed, 9 pruned (of 30 total) — best log_loss=0.6916, params={'n_estimators': 100, 'max_depth': 3, 'min_samples_leaf': 19, 'max_features': 'log2'}
12:01:58  src.cpcv.tuning  INFO    [tuning] random_forest done in 36.8s — best log_loss=0.6916
12:01:58  src.cpcv.tuning  INFO    [tuning] xgboost: 3 purged K-fold splits, 30 Optuna trials (TPE)
12:02:03  src.cpcv.tuning  INFO      xgboost: 11 completed, 19 pruned (of 30 total) — best log_loss=0.6806, params={'max_depth': 2, 'learning_rate': 0.2536999076681772, 'min_child_weight': 40, 'subsample': 0.8394633936788146, 'colsample_bytree': 0.6624074561769746, 'gamma': 0.020511104188433976, 'reg_alpha': 3.3323645788192616e-08, 'reg_lambda': 0.6245760287469893}
12:02:03  src.cpcv.tuning  INFO    [tuning] xgboost done in 5.4s — best log_loss=0.6806
12:02:03  src.cpcv.tuning  INFO  Tuning total: 42.2s
12:02:03  src.cpcv.pipeline  INFO      applied random_forest: {'n_estimators': 100, 'max_depth': 3, 'min_samples_leaf': 19, 'max_features': 'log2'}
12:02:03  src.cpcv.pipeline  INFO      applied xgboost: {'max_depth': 2, 'learning_rate': 0.2536999076681772, 'min_child_weight': 40, 'subsample': 0.8394633936788146, 'colsample_bytree': 0.6624074561769746, 'gamma': 0.020511104188433976, 'reg_alpha': 3.3323645788192616e-08, 'reg_lambda': 0.6245760287469893}
12:02:03  src.cpcv.models.tree_models  INFO  RandomForest fitted: 503 samples, 14 features, 100 trees.
12:02:03  src.cpcv.pipeline  INFO    [ 43/168]        random_forest (seed=0) F1=0.450  AUC=0.494  LL=0.7129 (0.4s)
12:02:04  src.cpcv.models.tree_models  INFO  RandomForest fitted: 503 samples, 14 features, 100 trees.
12:02:04  src.cpcv.pipeline  INFO    [ 44/168]        random_forest (seed=1) F1=0.414  AUC=0.525  LL=0.6972 (0.3s)
12:02:04  src.cpcv.models.tree_models  INFO  RandomForest fitted: 503 samples, 14 features, 100 trees.
12:02:04  src.cpcv.pipeline  INFO    [ 45/168]        random_forest (seed=2) F1=0.395  AUC=0.539  LL=0.7015 (0.3s)
12:02:04  src.cpcv.models.tree_models  INFO  XGBoost fitted: 503 samples, early stopped at iteration 0/300.
12:02:04  src.cpcv.pipeline  INFO    [ 46/168]              xgboost (seed=0) F1=0.347  AUC=0.500  LL=0.6922 (0.0s)
12:02:04  src.cpcv.models.tree_models  INFO  XGBoost fitted: 503 samples, early stopped at iteration 0/300.
12:02:04  src.cpcv.pipeline  INFO    [ 47/168]              xgboost (seed=1) F1=0.347  AUC=0.500  LL=0.6922 (0.0s)
12:02:04  src.cpcv.models.tree_models  INFO  XGBoost fitted: 503 samples, early stopped at iteration 0/300.
12:02:04  src.cpcv.pipeline  INFO    [ 48/168]              xgboost (seed=2) F1=0.347  AUC=0.500  LL=0.6922 (0.0s)
12:02:04  src.cpcv.preprocessing  INFO  Computing MDA (Random Forest)...
12:02:38  src.cpcv.preprocessing  INFO  Computing MDA (Logistic Regression)...
12:02:39  src.cpcv.preprocessing  INFO  Multi-model MDA: 38/73 passed (MDA > 0), 35 eliminated
12:02:39  src.cpcv.preprocessing  INFO    Capped at 14 features (top_k_frac=0.2)
12:02:39  src.cpcv.preprocessing  INFO    Selected (14): ['cci_14', 'dxy_roc_30', 'eth_btc_ratio', 'hashrate_roc_30', 'jarque_bera', 'kurtosis', 'log_returns_lag2', 'log_returns_lag6', 'macd', 'macd_hist', 'natgas_ret_30', 'negentropy', 'us10y', 'vol_term_7_30']
12:02:39  src.cpcv.pipeline  INFO    Preprocessing: 14 features selected, train=494 + val=106 + cal=107, test=239
12:02:39  src.cpcv.tuning  INFO  Tuning (2 models) — Optuna TPE + Purged K-Fold (inner: 3 folds, embargo=10 obs)
12:02:39  src.cpcv.tuning  INFO    [tuning] random_forest: 3 purged K-fold splits, 30 Optuna trials (TPE)
12:03:30  src.cpcv.tuning  INFO      random_forest: 29 completed, 1 pruned (of 30 total) — best log_loss=0.6795, params={'n_estimators': 250, 'max_depth': 3, 'min_samples_leaf': 15, 'max_features': 'log2'}
12:03:30  src.cpcv.tuning  INFO    [tuning] random_forest done in 51.5s — best log_loss=0.6795
12:03:30  src.cpcv.tuning  INFO    [tuning] xgboost: 3 purged K-fold splits, 30 Optuna trials (TPE)
12:03:35  src.cpcv.tuning  INFO      xgboost: 20 completed, 10 pruned (of 30 total) — best log_loss=0.6696, params={'max_depth': 2, 'learning_rate': 0.11474454397192521, 'min_child_weight': 10, 'subsample': 0.998406612698974, 'colsample_bytree': 0.899463556436505, 'gamma': 0.12535839961816359, 'reg_alpha': 8.773472263092467e-05, 'reg_lambda': 0.007182107401662889}
12:03:35  src.cpcv.tuning  INFO    [tuning] xgboost done in 4.9s — best log_loss=0.6696
12:03:35  src.cpcv.tuning  INFO  Tuning total: 56.4s
12:03:35  src.cpcv.pipeline  INFO      applied random_forest: {'n_estimators': 250, 'max_depth': 3, 'min_samples_leaf': 15, 'max_features': 'log2'}
12:03:35  src.cpcv.pipeline  INFO      applied xgboost: {'max_depth': 2, 'learning_rate': 0.11474454397192521, 'min_child_weight': 10, 'subsample': 0.998406612698974, 'colsample_bytree': 0.899463556436505, 'gamma': 0.12535839961816359, 'reg_alpha': 8.773472263092467e-05, 'reg_lambda': 0.007182107401662889}
12:03:36  src.cpcv.models.tree_models  INFO  RandomForest fitted: 494 samples, 14 features, 250 trees.
12:03:36  src.cpcv.pipeline  INFO    [ 49/168]        random_forest (seed=0) F1=0.471  AUC=0.529  LL=0.7136 (0.9s)
12:03:37  src.cpcv.models.tree_models  INFO  RandomForest fitted: 494 samples, 14 features, 250 trees.
12:03:37  src.cpcv.pipeline  INFO    [ 50/168]        random_forest (seed=1) F1=0.501  AUC=0.524  LL=0.7481 (0.8s)
12:03:38  src.cpcv.models.tree_models  INFO  RandomForest fitted: 494 samples, 14 features, 250 trees.
12:03:38  src.cpcv.pipeline  INFO    [ 51/168]        random_forest (seed=2) F1=0.486  AUC=0.518  LL=0.6934 (0.7s)
12:03:38  src.cpcv.models.tree_models  INFO  XGBoost fitted: 494 samples, early stopped at iteration 6/300.
12:03:38  src.cpcv.pipeline  INFO    [ 52/168]              xgboost (seed=0) F1=0.521  AUC=0.549  LL=0.7009 (0.0s)
12:03:38  src.cpcv.models.tree_models  INFO  XGBoost fitted: 494 samples, early stopped at iteration 2/300.
12:03:38  src.cpcv.pipeline  INFO    [ 53/168]              xgboost (seed=1) F1=0.462  AUC=0.533  LL=0.7026 (0.1s)
12:03:38  src.cpcv.models.tree_models  INFO  XGBoost fitted: 494 samples, early stopped at iteration 6/300.
12:03:38  src.cpcv.pipeline  INFO    [ 54/168]              xgboost (seed=2) F1=0.485  AUC=0.521  LL=0.7348 (0.1s)
12:03:38  src.cpcv.preprocessing  INFO  Computing MDA (Random Forest)...
12:04:12  src.cpcv.preprocessing  INFO  Computing MDA (Logistic Regression)...
12:04:14  src.cpcv.preprocessing  INFO  Multi-model MDA: 37/73 passed (MDA > 0), 36 eliminated
12:04:14  src.cpcv.preprocessing  INFO    Capped at 14 features (top_k_frac=0.2)
12:04:14  src.cpcv.preprocessing  INFO    Selected (14): ['cci_14', 'chaikin_osc', 'dxy_roc_30', 'eth_btc_ratio', 'gold_ret_14', 'hashrate_roc_30', 'jarque_bera', 'log_returns_lag4', 'natgas_ret_30', 'roc_14', 'rsi', 'smt_exp', 'sp500_ret_14', 'williams_r']
12:04:14  src.cpcv.pipeline  INFO    Preprocessing: 14 features selected, train=494 + val=106 + cal=107, test=239
12:04:14  src.cpcv.tuning  INFO  Tuning (2 models) — Optuna TPE + Purged K-Fold (inner: 3 folds, embargo=10 obs)
12:04:14  src.cpcv.tuning  INFO    [tuning] random_forest: 3 purged K-fold splits, 30 Optuna trials (TPE)
12:04:59  src.cpcv.tuning  INFO      random_forest: 21 completed, 9 pruned (of 30 total) — best log_loss=0.6884, params={'n_estimators': 200, 'max_depth': 2, 'min_samples_leaf': 15, 'max_features': 'sqrt'}
12:04:59  src.cpcv.tuning  INFO    [tuning] random_forest done in 44.9s — best log_loss=0.6884
12:04:59  src.cpcv.tuning  INFO    [tuning] xgboost: 3 purged K-fold splits, 30 Optuna trials (TPE)
12:05:03  src.cpcv.tuning  INFO      xgboost: 19 completed, 11 pruned (of 30 total) — best log_loss=0.6854, params={'max_depth': 1, 'learning_rate': 0.06333268775321843, 'min_child_weight': 15, 'subsample': 0.9208787923016158, 'colsample_bytree': 0.6298202574719083, 'gamma': 0.9413993046829938, 'reg_alpha': 0.08916674715636537, 'reg_lambda': 6.143857495033091e-07}
12:05:03  src.cpcv.tuning  INFO    [tuning] xgboost done in 4.0s — best log_loss=0.6854
12:05:03  src.cpcv.tuning  INFO  Tuning total: 48.9s
12:05:03  src.cpcv.pipeline  INFO      applied random_forest: {'n_estimators': 200, 'max_depth': 2, 'min_samples_leaf': 15, 'max_features': 'sqrt'}
12:05:03  src.cpcv.pipeline  INFO      applied xgboost: {'max_depth': 1, 'learning_rate': 0.06333268775321843, 'min_child_weight': 15, 'subsample': 0.9208787923016158, 'colsample_bytree': 0.6298202574719083, 'gamma': 0.9413993046829938, 'reg_alpha': 0.08916674715636537, 'reg_lambda': 6.143857495033091e-07}
12:05:03  src.cpcv.models.tree_models  INFO  RandomForest fitted: 494 samples, 14 features, 200 trees.
12:05:03  src.cpcv.pipeline  INFO    [ 55/168]        random_forest (seed=0) F1=0.536  AUC=0.605  LL=0.7134 (0.6s)
12:05:04  src.cpcv.models.tree_models  INFO  RandomForest fitted: 494 samples, 14 features, 200 trees.
12:05:04  src.cpcv.pipeline  INFO    [ 56/168]        random_forest (seed=1) F1=0.519  AUC=0.587  LL=0.7065 (0.6s)
12:05:04  src.cpcv.models.tree_models  INFO  RandomForest fitted: 494 samples, 14 features, 200 trees.
12:05:04  src.cpcv.pipeline  INFO    [ 57/168]        random_forest (seed=2) F1=0.494  AUC=0.586  LL=0.7018 (0.6s)
12:05:04  src.cpcv.models.tree_models  INFO  XGBoost fitted: 494 samples, early stopped at iteration 10/300.
12:05:04  src.cpcv.pipeline  INFO    [ 58/168]              xgboost (seed=0) F1=0.414  AUC=0.571  LL=0.8407 (0.0s)
12:05:04  src.cpcv.models.tree_models  INFO  XGBoost fitted: 494 samples, early stopped at iteration 18/300.
12:05:04  src.cpcv.pipeline  INFO    [ 59/168]              xgboost (seed=1) F1=0.409  AUC=0.557  LL=0.8389 (0.1s)
12:05:04  src.cpcv.models.tree_models  INFO  XGBoost fitted: 494 samples, early stopped at iteration 7/300.
12:05:04  src.cpcv.pipeline  INFO    [ 60/168]              xgboost (seed=2) F1=0.341  AUC=0.530  LL=0.7799 (0.0s)
12:05:05  src.cpcv.preprocessing  INFO  Computing MDA (Random Forest)...
12:05:39  src.cpcv.preprocessing  INFO  Computing MDA (Logistic Regression)...
12:05:40  src.cpcv.preprocessing  INFO  Multi-model MDA: 37/73 passed (MDA > 0), 36 eliminated
12:05:40  src.cpcv.preprocessing  INFO    Capped at 14 features (top_k_frac=0.2)
12:05:40  src.cpcv.preprocessing  INFO    Selected (14): ['cci_14', 'ema_ratio_20_50', 'fee_per_tx', 'gold_ret_30', 'hashrate_roc_30', 'jarque_bera', 'log_returns', 'log_returns_lag6', 'mfi_14', 'natgas_ret_14', 'natgas_ret_30', 'silver_ret_30', 'skewness', 'sp500_ret_14']
12:05:40  src.cpcv.pipeline  INFO    Preprocessing: 14 features selected, train=494 + val=106 + cal=107, test=239
12:05:40  src.cpcv.tuning  INFO  Tuning (2 models) — Optuna TPE + Purged K-Fold (inner: 3 folds, embargo=10 obs)
12:05:40  src.cpcv.tuning  INFO    [tuning] random_forest: 3 purged K-fold splits, 30 Optuna trials (TPE)
12:06:24  src.cpcv.tuning  INFO      random_forest: 17 completed, 13 pruned (of 30 total) — best log_loss=0.6866, params={'n_estimators': 200, 'max_depth': 2, 'min_samples_leaf': 16, 'max_features': 'log2'}
12:06:24  src.cpcv.tuning  INFO    [tuning] random_forest done in 44.1s — best log_loss=0.6866
12:06:24  src.cpcv.tuning  INFO    [tuning] xgboost: 3 purged K-fold splits, 30 Optuna trials (TPE)
12:06:27  src.cpcv.tuning  INFO      xgboost: 12 completed, 18 pruned (of 30 total) — best log_loss=0.6862, params={'max_depth': 2, 'learning_rate': 0.2953167795440016, 'min_child_weight': 37, 'subsample': 0.8566880772987617, 'colsample_bytree': 0.6686533310966929, 'gamma': 0.23937191942813765, 'reg_alpha': 0.1495802168006707, 'reg_lambda': 0.012341345845574316}
12:06:27  src.cpcv.tuning  INFO    [tuning] xgboost done in 3.3s — best log_loss=0.6862
12:06:27  src.cpcv.tuning  INFO  Tuning total: 47.4s
12:06:27  src.cpcv.pipeline  INFO      applied random_forest: {'n_estimators': 200, 'max_depth': 2, 'min_samples_leaf': 16, 'max_features': 'log2'}
12:06:27  src.cpcv.pipeline  INFO      applied xgboost: {'max_depth': 2, 'learning_rate': 0.2953167795440016, 'min_child_weight': 37, 'subsample': 0.8566880772987617, 'colsample_bytree': 0.6686533310966929, 'gamma': 0.23937191942813765, 'reg_alpha': 0.1495802168006707, 'reg_lambda': 0.012341345845574316}
12:06:28  src.cpcv.models.tree_models  INFO  RandomForest fitted: 494 samples, 14 features, 200 trees.
12:06:28  src.cpcv.pipeline  INFO    [ 61/168]        random_forest (seed=0) F1=0.563  AUC=0.595  LL=0.6785 (0.6s)
12:06:29  src.cpcv.models.tree_models  INFO  RandomForest fitted: 494 samples, 14 features, 200 trees.
12:06:29  src.cpcv.pipeline  INFO    [ 62/168]        random_forest (seed=1) F1=0.570  AUC=0.557  LL=0.6878 (0.6s)
12:06:29  src.cpcv.models.tree_models  INFO  RandomForest fitted: 494 samples, 14 features, 200 trees.
12:06:29  src.cpcv.pipeline  INFO    [ 63/168]        random_forest (seed=2) F1=0.576  AUC=0.581  LL=0.6811 (0.6s)
12:06:29  src.cpcv.models.tree_models  INFO  XGBoost fitted: 494 samples, early stopped at iteration 2/300.
12:06:29  src.cpcv.pipeline  INFO    [ 64/168]              xgboost (seed=0) F1=0.544  AUC=0.554  LL=0.6897 (0.0s)
12:06:29  src.cpcv.models.tree_models  INFO  XGBoost fitted: 494 samples, early stopped at iteration 0/300.
12:06:29  src.cpcv.pipeline  INFO    [ 65/168]              xgboost (seed=1) F1=0.449  AUC=0.451  LL=0.7480 (0.0s)
12:06:29  src.cpcv.models.tree_models  INFO  XGBoost fitted: 494 samples, early stopped at iteration 0/300.
12:06:29  src.cpcv.pipeline  INFO    [ 66/168]              xgboost (seed=2) F1=0.512  AUC=0.513  LL=0.6926 (0.0s)
12:06:30  src.cpcv.preprocessing  INFO  Computing MDA (Random Forest)...
12:07:05  src.cpcv.preprocessing  INFO  Computing MDA (Logistic Regression)...
12:07:06  src.cpcv.preprocessing  INFO  Multi-model MDA: 34/73 passed (MDA > 0), 39 eliminated
12:07:06  src.cpcv.preprocessing  INFO    Capped at 14 features (top_k_frac=0.2)
12:07:06  src.cpcv.preprocessing  INFO    Selected (14): ['atr', 'copper_ret_14', 'eth_btc_ratio', 'fee_per_tx', 'jarque_bera', 'log_returns_lag4', 'log_returns_lag6', 'oil_ret_14', 'skewness', 'sp500_ret_30', 'variance_ratio', 'vix', 'vol_term_7_30', 'yield_curve_10y30y']
12:07:06  src.cpcv.pipeline  INFO    Preprocessing: 14 features selected, train=494 + val=106 + cal=107, test=239
12:07:06  src.cpcv.tuning  INFO  Tuning (2 models) — Optuna TPE + Purged K-Fold (inner: 3 folds, embargo=10 obs)
12:07:06  src.cpcv.tuning  INFO    [tuning] random_forest: 3 purged K-fold splits, 30 Optuna trials (TPE)
12:07:54  src.cpcv.tuning  INFO      random_forest: 15 completed, 15 pruned (of 30 total) — best log_loss=0.6722, params={'n_estimators': 200, 'max_depth': 3, 'min_samples_leaf': 15, 'max_features': 'log2'}
12:07:54  src.cpcv.tuning  INFO    [tuning] random_forest done in 48.1s — best log_loss=0.6722
12:07:54  src.cpcv.tuning  INFO    [tuning] xgboost: 3 purged K-fold splits, 30 Optuna trials (TPE)
12:07:59  src.cpcv.tuning  INFO      xgboost: 10 completed, 20 pruned (of 30 total) — best log_loss=0.6648, params={'max_depth': 1, 'learning_rate': 0.05388108577817234, 'min_child_weight': 11, 'subsample': 0.9637281608315128, 'colsample_bytree': 0.7035119926400067, 'gamma': 0.21137059440645725, 'reg_alpha': 6.388511557344611e-06, 'reg_lambda': 0.0004793052550782129}
12:07:59  src.cpcv.tuning  INFO    [tuning] xgboost done in 5.2s — best log_loss=0.6648
12:07:59  src.cpcv.tuning  INFO  Tuning total: 53.3s
12:07:59  src.cpcv.pipeline  INFO      applied random_forest: {'n_estimators': 200, 'max_depth': 3, 'min_samples_leaf': 15, 'max_features': 'log2'}
12:07:59  src.cpcv.pipeline  INFO      applied xgboost: {'max_depth': 1, 'learning_rate': 0.05388108577817234, 'min_child_weight': 11, 'subsample': 0.9637281608315128, 'colsample_bytree': 0.7035119926400067, 'gamma': 0.21137059440645725, 'reg_alpha': 6.388511557344611e-06, 'reg_lambda': 0.0004793052550782129}
12:08:00  src.cpcv.models.tree_models  INFO  RandomForest fitted: 494 samples, 14 features, 200 trees.
12:08:00  src.cpcv.pipeline  INFO    [ 67/168]        random_forest (seed=0) F1=0.436  AUC=0.470  LL=0.7624 (0.6s)
12:08:00  src.cpcv.models.tree_models  INFO  RandomForest fitted: 494 samples, 14 features, 200 trees.
12:08:00  src.cpcv.pipeline  INFO    [ 68/168]        random_forest (seed=1) F1=0.415  AUC=0.462  LL=0.7693 (0.6s)
12:08:01  src.cpcv.models.tree_models  INFO  RandomForest fitted: 494 samples, 14 features, 200 trees.
12:08:01  src.cpcv.pipeline  INFO    [ 69/168]        random_forest (seed=2) F1=0.463  AUC=0.467  LL=0.7593 (0.6s)
12:08:01  src.cpcv.models.tree_models  INFO  XGBoost fitted: 494 samples, early stopped at iteration 49/300.
12:08:01  src.cpcv.pipeline  INFO    [ 70/168]              xgboost (seed=0) F1=0.423  AUC=0.420  LL=0.7563 (0.1s)
12:08:01  src.cpcv.models.tree_models  INFO  XGBoost fitted: 494 samples, early stopped at iteration 50/300.
12:08:01  src.cpcv.pipeline  INFO    [ 71/168]              xgboost (seed=1) F1=0.409  AUC=0.419  LL=0.7565 (0.1s)
12:08:01  src.cpcv.models.tree_models  INFO  XGBoost fitted: 494 samples, early stopped at iteration 55/300.
12:08:01  src.cpcv.pipeline  INFO    [ 72/168]              xgboost (seed=2) F1=0.414  AUC=0.431  LL=0.7546 (0.1s)
12:08:02  src.cpcv.preprocessing  INFO  Computing MDA (Random Forest)...
12:08:35  src.cpcv.preprocessing  INFO  Computing MDA (Logistic Regression)...
12:08:37  src.cpcv.preprocessing  INFO  Multi-model MDA: 39/73 passed (MDA > 0), 34 eliminated
12:08:37  src.cpcv.preprocessing  INFO    Capped at 14 features (top_k_frac=0.2)
12:08:37  src.cpcv.preprocessing  INFO    Selected (14): ['dxy_roc_30', 'eth_btc_ratio', 'jarque_bera', 'kurtosis', 'log_returns_lag3', 'macd_hist', 'nasdaq_ret_30', 'obv', 'oil_ret_14', 'sadf', 'sp500_ret_30', 'williams_r', 'yield_curve_2y10y', 'yz_vol']
12:08:37  src.cpcv.pipeline  INFO    Preprocessing: 14 features selected, train=502 + val=108 + cal=108, test=239
12:08:37  src.cpcv.tuning  INFO  Tuning (2 models) — Optuna TPE + Purged K-Fold (inner: 3 folds, embargo=10 obs)
12:08:37  src.cpcv.tuning  INFO    [tuning] random_forest: 3 purged K-fold splits, 30 Optuna trials (TPE)
12:09:08  src.cpcv.tuning  INFO      random_forest: 14 completed, 16 pruned (of 30 total) — best log_loss=0.6796, params={'n_estimators': 100, 'max_depth': 2, 'min_samples_leaf': 32, 'max_features': 'log2'}
12:09:08  src.cpcv.tuning  INFO    [tuning] random_forest done in 30.7s — best log_loss=0.6796
12:09:08  src.cpcv.tuning  INFO    [tuning] xgboost: 3 purged K-fold splits, 30 Optuna trials (TPE)
12:09:14  src.cpcv.tuning  INFO      xgboost: 19 completed, 11 pruned (of 30 total) — best log_loss=0.6770, params={'max_depth': 2, 'learning_rate': 0.0173501476764208, 'min_child_weight': 14, 'subsample': 0.8506368820223655, 'colsample_bytree': 0.8096361971496496, 'gamma': 0.03180970705344433, 'reg_alpha': 0.010715845537224876, 'reg_lambda': 0.005691361824137141}
12:09:14  src.cpcv.tuning  INFO    [tuning] xgboost done in 6.3s — best log_loss=0.6770
12:09:14  src.cpcv.tuning  INFO  Tuning total: 37.0s
12:09:14  src.cpcv.pipeline  INFO      applied random_forest: {'n_estimators': 100, 'max_depth': 2, 'min_samples_leaf': 32, 'max_features': 'log2'}
12:09:14  src.cpcv.pipeline  INFO      applied xgboost: {'max_depth': 2, 'learning_rate': 0.0173501476764208, 'min_child_weight': 14, 'subsample': 0.8506368820223655, 'colsample_bytree': 0.8096361971496496, 'gamma': 0.03180970705344433, 'reg_alpha': 0.010715845537224876, 'reg_lambda': 0.005691361824137141}
12:09:14  src.cpcv.models.tree_models  INFO  RandomForest fitted: 502 samples, 14 features, 100 trees.
12:09:14  src.cpcv.pipeline  INFO    [ 73/168]        random_forest (seed=0) F1=0.404  AUC=0.538  LL=0.6739 (0.4s)
12:09:15  src.cpcv.models.tree_models  INFO  RandomForest fitted: 502 samples, 14 features, 100 trees.
12:09:15  src.cpcv.pipeline  INFO    [ 74/168]        random_forest (seed=1) F1=0.371  AUC=0.539  LL=0.6748 (0.3s)
12:09:15  src.cpcv.models.tree_models  INFO  RandomForest fitted: 502 samples, 14 features, 100 trees.
12:09:15  src.cpcv.pipeline  INFO    [ 75/168]        random_forest (seed=2) F1=0.371  AUC=0.559  LL=0.6739 (0.3s)
12:09:15  src.cpcv.models.tree_models  INFO  XGBoost fitted: 502 samples, early stopped at iteration 84/300.
12:09:15  src.cpcv.pipeline  INFO    [ 76/168]              xgboost (seed=0) F1=0.393  AUC=0.539  LL=0.6735 (0.1s)
12:09:15  src.cpcv.models.tree_models  INFO  XGBoost fitted: 502 samples, early stopped at iteration 114/300.
12:09:15  src.cpcv.pipeline  INFO    [ 77/168]              xgboost (seed=1) F1=0.485  AUC=0.539  LL=0.6746 (0.1s)
12:09:15  src.cpcv.models.tree_models  INFO  XGBoost fitted: 502 samples, early stopped at iteration 94/300.
12:09:15  src.cpcv.pipeline  INFO    [ 78/168]              xgboost (seed=2) F1=0.371  AUC=0.537  LL=0.6751 (0.1s)
12:09:16  src.cpcv.preprocessing  INFO  Computing MDA (Random Forest)...
12:09:50  src.cpcv.preprocessing  INFO  Computing MDA (Logistic Regression)...
12:09:52  src.cpcv.preprocessing  INFO  Multi-model MDA: 37/73 passed (MDA > 0), 36 eliminated
12:09:52  src.cpcv.preprocessing  INFO    Capped at 14 features (top_k_frac=0.2)
12:09:52  src.cpcv.preprocessing  INFO    Selected (14): ['eth_btc_ratio', 'log_returns_lag2', 'log_returns_lag6', 'macd_hist', 'obv', 'oil_ret_30', 'roc_14', 'sadf', 'silver_ret_30', 'sp500_ret_30', 'stoch_d', 'vol_term_30_90', 'williams_r', 'yield_curve_2y10y']
12:09:52  src.cpcv.pipeline  INFO    Preprocessing: 14 features selected, train=464 + val=99 + cal=100, test=292
12:09:52  src.cpcv.tuning  INFO  Tuning (2 models) — Optuna TPE + Purged K-Fold (inner: 3 folds, embargo=10 obs)
12:09:52  src.cpcv.tuning  INFO    [tuning] random_forest: 3 purged K-fold splits, 30 Optuna trials (TPE)
12:10:34  src.cpcv.tuning  INFO      random_forest: 28 completed, 2 pruned (of 30 total) — best log_loss=0.6814, params={'n_estimators': 150, 'max_depth': 3, 'min_samples_leaf': 15, 'max_features': 'sqrt'}
12:10:34  src.cpcv.tuning  INFO    [tuning] random_forest done in 42.0s — best log_loss=0.6814
12:10:34  src.cpcv.tuning  INFO    [tuning] xgboost: 3 purged K-fold splits, 30 Optuna trials (TPE)
12:10:39  src.cpcv.tuning  INFO      xgboost: 22 completed, 8 pruned (of 30 total) — best log_loss=0.6745, params={'max_depth': 2, 'learning_rate': 0.2925245510532896, 'min_child_weight': 37, 'subsample': 0.8248783613534459, 'colsample_bytree': 0.6684438826334655, 'gamma': 0.07327079769823357, 'reg_alpha': 1.3651831039275493e-08, 'reg_lambda': 0.3526010492819689}
12:10:39  src.cpcv.tuning  INFO    [tuning] xgboost done in 5.6s — best log_loss=0.6745
12:10:39  src.cpcv.tuning  INFO  Tuning total: 47.6s
12:10:39  src.cpcv.pipeline  INFO      applied random_forest: {'n_estimators': 150, 'max_depth': 3, 'min_samples_leaf': 15, 'max_features': 'sqrt'}
12:10:39  src.cpcv.pipeline  INFO      applied xgboost: {'max_depth': 2, 'learning_rate': 0.2925245510532896, 'min_child_weight': 37, 'subsample': 0.8248783613534459, 'colsample_bytree': 0.6684438826334655, 'gamma': 0.07327079769823357, 'reg_alpha': 1.3651831039275493e-08, 'reg_lambda': 0.3526010492819689}
12:10:40  src.cpcv.models.tree_models  INFO  RandomForest fitted: 464 samples, 14 features, 150 trees.
12:10:40  src.cpcv.pipeline  INFO    [ 79/168]        random_forest (seed=0) F1=0.490  AUC=0.531  LL=0.6954 (0.5s)
12:10:40  src.cpcv.models.tree_models  INFO  RandomForest fitted: 464 samples, 14 features, 150 trees.
12:10:40  src.cpcv.pipeline  INFO    [ 80/168]        random_forest (seed=1) F1=0.472  AUC=0.525  LL=0.6942 (0.4s)
12:10:41  src.cpcv.models.tree_models  INFO  RandomForest fitted: 464 samples, 14 features, 150 trees.
12:10:41  src.cpcv.pipeline  INFO    [ 81/168]        random_forest (seed=2) F1=0.496  AUC=0.523  LL=0.6932 (0.5s)
12:10:41  src.cpcv.models.tree_models  INFO  XGBoost fitted: 464 samples, early stopped at iteration 25/300.
12:10:41  src.cpcv.pipeline  INFO    [ 82/168]              xgboost (seed=0) F1=0.423  AUC=0.538  LL=0.6920 (0.1s)
12:10:41  src.cpcv.models.tree_models  INFO  XGBoost fitted: 464 samples, early stopped at iteration 11/300.
12:10:41  src.cpcv.pipeline  INFO    [ 83/168]              xgboost (seed=1) F1=0.348  AUC=0.516  LL=0.6937 (0.1s)
12:10:41  src.cpcv.models.tree_models  INFO  XGBoost fitted: 464 samples, early stopped at iteration 12/300.
12:10:41  src.cpcv.pipeline  INFO    [ 84/168]              xgboost (seed=2) F1=0.361  AUC=0.503  LL=0.6958 (0.1s)
12:10:41  src.cpcv.preprocessing  INFO  Computing MDA (Random Forest)...
12:11:15  src.cpcv.preprocessing  INFO  Computing MDA (Logistic Regression)...
12:11:16  src.cpcv.preprocessing  INFO  Multi-model MDA: 39/73 passed (MDA > 0), 34 eliminated
12:11:16  src.cpcv.preprocessing  INFO    Capped at 14 features (top_k_frac=0.2)
12:11:16  src.cpcv.preprocessing  INFO    Selected (14): ['ema_ratio_20_50', 'eth_btc_ratio', 'issuance_ntv', 'log_returns_lag4', 'mvrv', 'oil_ret_14', 'roc_14', 'skewness', 'sp500_ret_14', 'sp500_ret_30', 'stoch_d', 'us2y', 'yield_curve_10y30y', 'yield_curve_2y10y']
12:11:16  src.cpcv.pipeline  INFO    Preprocessing: 14 features selected, train=455 + val=98 + cal=98, test=292
12:11:16  src.cpcv.tuning  INFO  Tuning (2 models) — Optuna TPE + Purged K-Fold (inner: 3 folds, embargo=10 obs)
12:11:16  src.cpcv.tuning  INFO    [tuning] random_forest: 3 purged K-fold splits, 30 Optuna trials (TPE)
12:11:59  src.cpcv.tuning  INFO      random_forest: 18 completed, 12 pruned (of 30 total) — best log_loss=0.6969, params={'n_estimators': 150, 'max_depth': 2, 'min_samples_leaf': 17, 'max_features': 'log2'}
12:11:59  src.cpcv.tuning  INFO    [tuning] random_forest done in 42.9s — best log_loss=0.6969
12:11:59  src.cpcv.tuning  INFO    [tuning] xgboost: 3 purged K-fold splits, 30 Optuna trials (TPE)
12:12:03  src.cpcv.tuning  INFO      xgboost: 18 completed, 12 pruned (of 30 total) — best log_loss=0.6901, params={'max_depth': 2, 'learning_rate': 0.11741218815204144, 'min_child_weight': 10, 'subsample': 0.9476077563455207, 'colsample_bytree': 0.9361340161837138, 'gamma': 0.23633243436845722, 'reg_alpha': 0.03025262807687508, 'reg_lambda': 0.020071993110896087}
12:12:03  src.cpcv.tuning  INFO    [tuning] xgboost done in 3.7s — best log_loss=0.6901
12:12:03  src.cpcv.tuning  INFO  Tuning total: 46.6s
12:12:03  src.cpcv.pipeline  INFO      applied random_forest: {'n_estimators': 150, 'max_depth': 2, 'min_samples_leaf': 17, 'max_features': 'log2'}
12:12:03  src.cpcv.pipeline  INFO      applied xgboost: {'max_depth': 2, 'learning_rate': 0.11741218815204144, 'min_child_weight': 10, 'subsample': 0.9476077563455207, 'colsample_bytree': 0.9361340161837138, 'gamma': 0.23633243436845722, 'reg_alpha': 0.03025262807687508, 'reg_lambda': 0.020071993110896087}
12:12:03  src.cpcv.models.tree_models  INFO  RandomForest fitted: 455 samples, 14 features, 150 trees.
12:12:03  src.cpcv.pipeline  INFO    [ 85/168]        random_forest (seed=0) F1=0.350  AUC=0.615  LL=0.6901 (0.5s)
12:12:04  src.cpcv.models.tree_models  INFO  RandomForest fitted: 455 samples, 14 features, 150 trees.
12:12:04  src.cpcv.pipeline  INFO    [ 86/168]        random_forest (seed=1) F1=0.415  AUC=0.383  LL=0.7152 (0.5s)
12:12:04  src.cpcv.models.tree_models  INFO  RandomForest fitted: 455 samples, 14 features, 150 trees.
12:12:04  src.cpcv.pipeline  INFO    [ 87/168]        random_forest (seed=2) F1=0.426  AUC=0.392  LL=0.7140 (0.4s)
12:12:04  src.cpcv.models.tree_models  INFO  XGBoost fitted: 455 samples, early stopped at iteration 43/300.
12:12:04  src.cpcv.pipeline  INFO    [ 88/168]              xgboost (seed=0) F1=0.431  AUC=0.408  LL=0.7427 (0.1s)
12:12:04  src.cpcv.models.tree_models  INFO  XGBoost fitted: 455 samples, early stopped at iteration 37/300.
12:12:04  src.cpcv.pipeline  INFO    [ 89/168]              xgboost (seed=1) F1=0.448  AUC=0.399  LL=0.7447 (0.1s)
12:12:04  src.cpcv.models.tree_models  INFO  XGBoost fitted: 455 samples, early stopped at iteration 40/300.
12:12:04  src.cpcv.pipeline  INFO    [ 90/168]              xgboost (seed=2) F1=0.461  AUC=0.410  LL=0.7291 (0.1s)
12:12:05  src.cpcv.preprocessing  INFO  Computing MDA (Random Forest)...
12:12:38  src.cpcv.preprocessing  INFO  Computing MDA (Logistic Regression)...
12:12:40  src.cpcv.preprocessing  INFO  Multi-model MDA: 30/73 passed (MDA > 0), 43 eliminated
12:12:40  src.cpcv.preprocessing  INFO    Capped at 14 features (top_k_frac=0.2)
12:12:40  src.cpcv.preprocessing  INFO    Selected (14): ['ema_ratio_50_200', 'log_returns', 'log_returns_lag2', 'log_returns_lag30', 'log_returns_lag7', 'natgas_ret_14', 'natgas_ret_30', 'rsi', 'skewness', 'sp500_ret_14', 'us10y', 'us2y', 'vix', 'yield_curve_10y30y']
12:12:40  src.cpcv.pipeline  INFO    Preprocessing: 14 features selected, train=455 + val=98 + cal=98, test=292
12:12:40  src.cpcv.tuning  INFO  Tuning (2 models) — Optuna TPE + Purged K-Fold (inner: 3 folds, embargo=10 obs)
12:12:40  src.cpcv.tuning  INFO    [tuning] random_forest: 3 purged K-fold splits, 30 Optuna trials (TPE)
12:13:21  src.cpcv.tuning  INFO      random_forest: 23 completed, 7 pruned (of 30 total) — best log_loss=0.6831, params={'n_estimators': 150, 'max_depth': 3, 'min_samples_leaf': 24, 'max_features': 'sqrt'}
12:13:21  src.cpcv.tuning  INFO    [tuning] random_forest done in 41.8s — best log_loss=0.6831
12:13:21  src.cpcv.tuning  INFO    [tuning] xgboost: 3 purged K-fold splits, 30 Optuna trials (TPE)
12:13:26  src.cpcv.tuning  INFO      xgboost: 16 completed, 14 pruned (of 30 total) — best log_loss=0.6727, params={'max_depth': 2, 'learning_rate': 0.13401400352031906, 'min_child_weight': 20, 'subsample': 0.7632648351136759, 'colsample_bytree': 0.7774258664096698, 'gamma': 0.20993870432003853, 'reg_alpha': 0.0004530781170200396, 'reg_lambda': 0.0028130208641218603}
12:13:27  src.cpcv.tuning  INFO    [tuning] xgboost done in 5.1s — best log_loss=0.6727
12:13:27  src.cpcv.tuning  INFO  Tuning total: 46.9s
12:13:27  src.cpcv.pipeline  INFO      applied random_forest: {'n_estimators': 150, 'max_depth': 3, 'min_samples_leaf': 24, 'max_features': 'sqrt'}
12:13:27  src.cpcv.pipeline  INFO      applied xgboost: {'max_depth': 2, 'learning_rate': 0.13401400352031906, 'min_child_weight': 20, 'subsample': 0.7632648351136759, 'colsample_bytree': 0.7774258664096698, 'gamma': 0.20993870432003853, 'reg_alpha': 0.0004530781170200396, 'reg_lambda': 0.0028130208641218603}
12:13:27  src.cpcv.models.tree_models  INFO  RandomForest fitted: 455 samples, 14 features, 150 trees.
12:13:27  src.cpcv.pipeline  INFO    [ 91/168]        random_forest (seed=0) F1=0.463  AUC=0.556  LL=0.7027 (0.5s)
12:13:27  src.cpcv.models.tree_models  INFO  RandomForest fitted: 455 samples, 14 features, 150 trees.
12:13:28  src.cpcv.pipeline  INFO    [ 92/168]        random_forest (seed=1) F1=0.505  AUC=0.555  LL=0.6992 (0.5s)
12:13:28  src.cpcv.models.tree_models  INFO  RandomForest fitted: 455 samples, 14 features, 150 trees.
12:13:28  src.cpcv.pipeline  INFO    [ 93/168]        random_forest (seed=2) F1=0.515  AUC=0.569  LL=0.6956 (0.5s)
12:13:28  src.cpcv.models.tree_models  INFO  XGBoost fitted: 455 samples, early stopped at iteration 3/300.
12:13:28  src.cpcv.pipeline  INFO    [ 94/168]              xgboost (seed=0) F1=0.448  AUC=0.516  LL=0.6963 (0.0s)
12:13:28  src.cpcv.models.tree_models  INFO  XGBoost fitted: 455 samples, early stopped at iteration 18/300.
12:13:28  src.cpcv.pipeline  INFO    [ 95/168]              xgboost (seed=1) F1=0.483  AUC=0.526  LL=0.7072 (0.1s)
12:13:28  src.cpcv.models.tree_models  INFO  XGBoost fitted: 455 samples, early stopped at iteration 2/300.
12:13:28  src.cpcv.pipeline  INFO    [ 96/168]              xgboost (seed=2) F1=0.519  AUC=0.575  LL=0.6895 (0.0s)
12:13:29  src.cpcv.preprocessing  INFO  Computing MDA (Random Forest)...
12:14:02  src.cpcv.preprocessing  INFO  Computing MDA (Logistic Regression)...
12:14:04  src.cpcv.preprocessing  INFO  Multi-model MDA: 37/73 passed (MDA > 0), 36 eliminated
12:14:04  src.cpcv.preprocessing  INFO    Capped at 14 features (top_k_frac=0.2)
12:14:04  src.cpcv.preprocessing  INFO    Selected (14): ['dxy_roc_30', 'exchange_supply_pct', 'jarque_bera', 'log_returns_lag5', 'log_returns_lag6', 'lz_complexity', 'nasdaq_ret_14', 'nasdaq_ret_30', 'obv', 'oil_ret_14', 'rsi', 'sadf', 'silver_ret_30', 'smt_exp']
12:14:04  src.cpcv.pipeline  INFO    Preprocessing: 14 features selected, train=455 + val=98 + cal=98, test=292
12:14:04  src.cpcv.tuning  INFO  Tuning (2 models) — Optuna TPE + Purged K-Fold (inner: 3 folds, embargo=10 obs)
12:14:04  src.cpcv.tuning  INFO    [tuning] random_forest: 3 purged K-fold splits, 30 Optuna trials (TPE)
12:14:55  src.cpcv.tuning  INFO      random_forest: 30 completed, 0 pruned (of 30 total) — best log_loss=0.6873, params={'n_estimators': 200, 'max_depth': 3, 'min_samples_leaf': 15, 'max_features': 'log2'}
12:14:55  src.cpcv.tuning  INFO    [tuning] random_forest done in 51.5s — best log_loss=0.6873
12:14:55  src.cpcv.tuning  INFO    [tuning] xgboost: 3 purged K-fold splits, 30 Optuna trials (TPE)
12:15:01  src.cpcv.tuning  INFO      xgboost: 27 completed, 3 pruned (of 30 total) — best log_loss=0.6801, params={'max_depth': 2, 'learning_rate': 0.2536999076681772, 'min_child_weight': 40, 'subsample': 0.8394633936788146, 'colsample_bytree': 0.6624074561769746, 'gamma': 0.020511104188433976, 'reg_alpha': 3.3323645788192616e-08, 'reg_lambda': 0.6245760287469893}
12:15:01  src.cpcv.tuning  INFO    [tuning] xgboost done in 6.3s — best log_loss=0.6801
12:15:01  src.cpcv.tuning  INFO  Tuning total: 57.7s
12:15:01  src.cpcv.pipeline  INFO      applied random_forest: {'n_estimators': 200, 'max_depth': 3, 'min_samples_leaf': 15, 'max_features': 'log2'}
12:15:01  src.cpcv.pipeline  INFO      applied xgboost: {'max_depth': 2, 'learning_rate': 0.2536999076681772, 'min_child_weight': 40, 'subsample': 0.8394633936788146, 'colsample_bytree': 0.6624074561769746, 'gamma': 0.020511104188433976, 'reg_alpha': 3.3323645788192616e-08, 'reg_lambda': 0.6245760287469893}
12:15:02  src.cpcv.models.tree_models  INFO  RandomForest fitted: 455 samples, 14 features, 200 trees.
12:15:02  src.cpcv.pipeline  INFO    [ 97/168]        random_forest (seed=0) F1=0.457  AUC=0.539  LL=0.7122 (0.6s)
12:15:03  src.cpcv.models.tree_models  INFO  RandomForest fitted: 455 samples, 14 features, 200 trees.
12:15:03  src.cpcv.pipeline  INFO    [ 98/168]        random_forest (seed=1) F1=0.480  AUC=0.541  LL=0.7163 (0.6s)
12:15:03  src.cpcv.models.tree_models  INFO  RandomForest fitted: 455 samples, 14 features, 200 trees.
12:15:03  src.cpcv.pipeline  INFO    [ 99/168]        random_forest (seed=2) F1=0.488  AUC=0.542  LL=0.7102 (0.6s)
12:15:03  src.cpcv.models.tree_models  INFO  XGBoost fitted: 455 samples, early stopped at iteration 25/300.
12:15:03  src.cpcv.pipeline  INFO    [100/168]              xgboost (seed=0) F1=0.346  AUC=0.531  LL=0.6926 (0.1s)
12:15:03  src.cpcv.models.tree_models  INFO  XGBoost fitted: 455 samples, early stopped at iteration 29/300.
12:15:03  src.cpcv.pipeline  INFO    [101/168]              xgboost (seed=1) F1=0.488  AUC=0.534  LL=0.6924 (0.1s)
12:15:03  src.cpcv.models.tree_models  INFO  XGBoost fitted: 455 samples, early stopped at iteration 43/300.
12:15:03  src.cpcv.pipeline  INFO    [102/168]              xgboost (seed=2) F1=0.460  AUC=0.529  LL=0.6939 (0.1s)
12:15:04  src.cpcv.preprocessing  INFO  Computing MDA (Random Forest)...
12:15:37  src.cpcv.preprocessing  INFO  Computing MDA (Logistic Regression)...
12:15:39  src.cpcv.preprocessing  INFO  Multi-model MDA: 40/73 passed (MDA > 0), 33 eliminated
12:15:39  src.cpcv.preprocessing  INFO    Capped at 14 features (top_k_frac=0.2)
12:15:39  src.cpcv.preprocessing  INFO    Selected (14): ['chaikin_osc', 'dxy_roc_30', 'exchange_supply_pct', 'fee_per_tx', 'gk_vol', 'jarque_bera', 'kurtosis', 'log_returns_lag1', 'macd_hist', 'natgas_ret_30', 'obv', 'roc_14', 'sadf', 'smt_exp']
12:15:39  src.cpcv.pipeline  INFO    Preprocessing: 14 features selected, train=463 + val=99 + cal=100, test=292
12:15:39  src.cpcv.tuning  INFO  Tuning (2 models) — Optuna TPE + Purged K-Fold (inner: 3 folds, embargo=10 obs)
12:15:39  src.cpcv.tuning  INFO    [tuning] random_forest: 3 purged K-fold splits, 30 Optuna trials (TPE)
12:16:17  src.cpcv.tuning  INFO      random_forest: 30 completed, 0 pruned (of 30 total) — best log_loss=0.6820, params={'n_estimators': 100, 'max_depth': 2, 'min_samples_leaf': 36, 'max_features': 'log2'}
12:16:17  src.cpcv.tuning  INFO    [tuning] random_forest done in 38.6s — best log_loss=0.6820
12:16:17  src.cpcv.tuning  INFO    [tuning] xgboost: 3 purged K-fold splits, 30 Optuna trials (TPE)
12:16:24  src.cpcv.tuning  INFO      xgboost: 25 completed, 5 pruned (of 30 total) — best log_loss=0.6652, params={'max_depth': 1, 'learning_rate': 0.06333268775321843, 'min_child_weight': 15, 'subsample': 0.9208787923016158, 'colsample_bytree': 0.6298202574719083, 'gamma': 0.9413993046829938, 'reg_alpha': 0.08916674715636537, 'reg_lambda': 6.143857495033091e-07}
12:16:24  src.cpcv.tuning  INFO    [tuning] xgboost done in 6.5s — best log_loss=0.6652
12:16:24  src.cpcv.tuning  INFO  Tuning total: 45.1s
12:16:24  src.cpcv.pipeline  INFO      applied random_forest: {'n_estimators': 100, 'max_depth': 2, 'min_samples_leaf': 36, 'max_features': 'log2'}
12:16:24  src.cpcv.pipeline  INFO      applied xgboost: {'max_depth': 1, 'learning_rate': 0.06333268775321843, 'min_child_weight': 15, 'subsample': 0.9208787923016158, 'colsample_bytree': 0.6298202574719083, 'gamma': 0.9413993046829938, 'reg_alpha': 0.08916674715636537, 'reg_lambda': 6.143857495033091e-07}
12:16:24  src.cpcv.models.tree_models  INFO  RandomForest fitted: 463 samples, 14 features, 100 trees.
12:16:24  src.cpcv.pipeline  INFO    [103/168]        random_forest (seed=0) F1=0.370  AUC=0.505  LL=0.7231 (0.4s)
12:16:24  src.cpcv.models.tree_models  INFO  RandomForest fitted: 463 samples, 14 features, 100 trees.
12:16:24  src.cpcv.pipeline  INFO    [104/168]        random_forest (seed=1) F1=0.384  AUC=0.490  LL=0.7224 (0.3s)
12:16:25  src.cpcv.models.tree_models  INFO  RandomForest fitted: 463 samples, 14 features, 100 trees.
12:16:25  src.cpcv.pipeline  INFO    [105/168]        random_forest (seed=2) F1=0.412  AUC=0.516  LL=0.7195 (0.3s)
12:16:25  src.cpcv.models.tree_models  INFO  XGBoost fitted: 463 samples, early stopped at iteration 77/300.
12:16:25  src.cpcv.pipeline  INFO    [106/168]              xgboost (seed=0) F1=0.400  AUC=0.509  LL=0.7245 (0.1s)
12:16:25  src.cpcv.models.tree_models  INFO  XGBoost fitted: 463 samples, early stopped at iteration 26/300.
12:16:25  src.cpcv.pipeline  INFO    [107/168]              xgboost (seed=1) F1=0.339  AUC=0.490  LL=0.7174 (0.1s)
12:16:25  src.cpcv.models.tree_models  INFO  XGBoost fitted: 463 samples, early stopped at iteration 120/300.
12:16:25  src.cpcv.pipeline  INFO    [108/168]              xgboost (seed=2) F1=0.428  AUC=0.500  LL=0.7271 (0.1s)
12:16:25  src.cpcv.preprocessing  INFO  Computing MDA (Random Forest)...
12:17:00  src.cpcv.preprocessing  INFO  Computing MDA (Logistic Regression)...
12:17:01  src.cpcv.preprocessing  INFO  Multi-model MDA: 39/73 passed (MDA > 0), 34 eliminated
12:17:01  src.cpcv.preprocessing  INFO    Capped at 14 features (top_k_frac=0.2)
12:17:01  src.cpcv.preprocessing  INFO    Selected (14): ['copper_ret_14', 'eth_btc_ratio', 'kurtosis', 'log_returns_lag14', 'log_returns_lag2', 'log_returns_lag3', 'log_returns_lag7', 'lz_complexity', 'natgas_ret_30', 'oil_ret_14', 'rsi', 'skewness', 'smt_poly1', 'sp500_ret_30']
12:17:01  src.cpcv.pipeline  INFO    Preprocessing: 14 features selected, train=465 + val=100 + cal=100, test=292
12:17:01  src.cpcv.tuning  INFO  Tuning (2 models) — Optuna TPE + Purged K-Fold (inner: 3 folds, embargo=10 obs)
12:17:01  src.cpcv.tuning  INFO    [tuning] random_forest: 3 purged K-fold splits, 30 Optuna trials (TPE)
12:17:47  src.cpcv.tuning  INFO      random_forest: 18 completed, 12 pruned (of 30 total) — best log_loss=0.6890, params={'n_estimators': 250, 'max_depth': 2, 'min_samples_leaf': 26, 'max_features': 'log2'}
12:17:47  src.cpcv.tuning  INFO    [tuning] random_forest done in 46.1s — best log_loss=0.6890
12:17:47  src.cpcv.tuning  INFO    [tuning] xgboost: 3 purged K-fold splits, 30 Optuna trials (TPE)
12:17:51  src.cpcv.tuning  INFO      xgboost: 15 completed, 15 pruned (of 30 total) — best log_loss=0.6837, params={'max_depth': 1, 'learning_rate': 0.1187151277900057, 'min_child_weight': 13, 'subsample': 0.8470040423786364, 'colsample_bytree': 0.6023414518865325, 'gamma': 0.12978117922572416, 'reg_alpha': 0.0008849299239384577, 'reg_lambda': 0.004051311558496045}
12:17:51  src.cpcv.tuning  INFO    [tuning] xgboost done in 3.8s — best log_loss=0.6837
12:17:51  src.cpcv.tuning  INFO  Tuning total: 50.0s
12:17:51  src.cpcv.pipeline  INFO      applied random_forest: {'n_estimators': 250, 'max_depth': 2, 'min_samples_leaf': 26, 'max_features': 'log2'}
12:17:51  src.cpcv.pipeline  INFO      applied xgboost: {'max_depth': 1, 'learning_rate': 0.1187151277900057, 'min_child_weight': 13, 'subsample': 0.8470040423786364, 'colsample_bytree': 0.6023414518865325, 'gamma': 0.12978117922572416, 'reg_alpha': 0.0008849299239384577, 'reg_lambda': 0.004051311558496045}
12:17:52  src.cpcv.models.tree_models  INFO  RandomForest fitted: 465 samples, 14 features, 250 trees.
12:17:52  src.cpcv.pipeline  INFO    [109/168]        random_forest (seed=0) F1=0.497  AUC=0.602  LL=0.6781 (0.8s)
12:17:52  src.cpcv.models.tree_models  INFO  RandomForest fitted: 465 samples, 14 features, 250 trees.
12:17:53  src.cpcv.pipeline  INFO    [110/168]        random_forest (seed=1) F1=0.367  AUC=0.580  LL=0.6865 (0.7s)
12:17:53  src.cpcv.models.tree_models  INFO  RandomForest fitted: 465 samples, 14 features, 250 trees.
12:17:53  src.cpcv.pipeline  INFO    [111/168]        random_forest (seed=2) F1=0.442  AUC=0.585  LL=0.6842 (0.7s)
12:17:53  src.cpcv.models.tree_models  INFO  XGBoost fitted: 465 samples, early stopped at iteration 2/300.
12:17:53  src.cpcv.pipeline  INFO    [112/168]              xgboost (seed=0) F1=0.507  AUC=0.533  LL=0.6831 (0.0s)
12:17:53  src.cpcv.models.tree_models  INFO  XGBoost fitted: 465 samples, early stopped at iteration 1/300.
12:17:53  src.cpcv.pipeline  INFO    [113/168]              xgboost (seed=1) F1=0.367  AUC=0.506  LL=0.6876 (0.0s)
12:17:53  src.cpcv.models.tree_models  INFO  XGBoost fitted: 465 samples, early stopped at iteration 3/300.
12:17:53  src.cpcv.pipeline  INFO    [114/168]              xgboost (seed=2) F1=0.430  AUC=0.429  LL=0.6945 (0.0s)
12:17:54  src.cpcv.preprocessing  INFO  Computing MDA (Random Forest)...
12:18:27  src.cpcv.preprocessing  INFO  Computing MDA (Logistic Regression)...
12:18:28  src.cpcv.preprocessing  INFO  Multi-model MDA: 38/73 passed (MDA > 0), 35 eliminated
12:18:28  src.cpcv.preprocessing  INFO    Capped at 14 features (top_k_frac=0.2)
12:18:28  src.cpcv.preprocessing  INFO    Selected (14): ['ema_ratio_20_50', 'log_returns_lag30', 'log_returns_lag5', 'log_returns_lag6', 'log_returns_lag7', 'mvrv', 'net_exchange_flow', 'oil_ret_14', 'silver_ret_14', 'skewness', 'sp500_ret_14', 'us10y', 'variance_ratio', 'vix']
12:18:28  src.cpcv.pipeline  INFO    Preprocessing: 14 features selected, train=457 + val=98 + cal=98, test=292
12:18:28  src.cpcv.tuning  INFO  Tuning (2 models) — Optuna TPE + Purged K-Fold (inner: 3 folds, embargo=10 obs)
12:18:28  src.cpcv.tuning  INFO    [tuning] random_forest: 3 purged K-fold splits, 30 Optuna trials (TPE)
12:19:12  src.cpcv.tuning  INFO      random_forest: 17 completed, 13 pruned (of 30 total) — best log_loss=0.6808, params={'n_estimators': 250, 'max_depth': 3, 'min_samples_leaf': 15, 'max_features': 'log2'}
12:19:12  src.cpcv.tuning  INFO    [tuning] random_forest done in 43.7s — best log_loss=0.6808
12:19:12  src.cpcv.tuning  INFO    [tuning] xgboost: 3 purged K-fold splits, 30 Optuna trials (TPE)
12:19:15  src.cpcv.tuning  INFO      xgboost: 13 completed, 17 pruned (of 30 total) — best log_loss=0.6796, params={'max_depth': 1, 'learning_rate': 0.05388108577817234, 'min_child_weight': 11, 'subsample': 0.9637281608315128, 'colsample_bytree': 0.7035119926400067, 'gamma': 0.21137059440645725, 'reg_alpha': 6.388511557344611e-06, 'reg_lambda': 0.0004793052550782129}
12:19:15  src.cpcv.tuning  INFO    [tuning] xgboost done in 3.7s — best log_loss=0.6796
12:19:15  src.cpcv.tuning  INFO  Tuning total: 47.4s
12:19:15  src.cpcv.pipeline  INFO      applied random_forest: {'n_estimators': 250, 'max_depth': 3, 'min_samples_leaf': 15, 'max_features': 'log2'}
12:19:15  src.cpcv.pipeline  INFO      applied xgboost: {'max_depth': 1, 'learning_rate': 0.05388108577817234, 'min_child_weight': 11, 'subsample': 0.9637281608315128, 'colsample_bytree': 0.7035119926400067, 'gamma': 0.21137059440645725, 'reg_alpha': 6.388511557344611e-06, 'reg_lambda': 0.0004793052550782129}
12:19:16  src.cpcv.models.tree_models  INFO  RandomForest fitted: 457 samples, 14 features, 250 trees.
12:19:16  src.cpcv.pipeline  INFO    [115/168]        random_forest (seed=0) F1=0.522  AUC=0.544  LL=0.7315 (0.8s)
12:19:17  src.cpcv.models.tree_models  INFO  RandomForest fitted: 457 samples, 14 features, 250 trees.
12:19:17  src.cpcv.pipeline  INFO    [116/168]        random_forest (seed=1) F1=0.522  AUC=0.538  LL=0.7293 (0.7s)
12:19:17  src.cpcv.models.tree_models  INFO  RandomForest fitted: 457 samples, 14 features, 250 trees.
12:19:17  src.cpcv.pipeline  INFO    [117/168]        random_forest (seed=2) F1=0.518  AUC=0.541  LL=0.7214 (0.7s)
12:19:17  src.cpcv.models.tree_models  INFO  XGBoost fitted: 457 samples, early stopped at iteration 0/300.
12:19:17  src.cpcv.pipeline  INFO    [118/168]              xgboost (seed=0) F1=0.541  AUC=0.543  LL=0.7582 (0.0s)
12:19:18  src.cpcv.models.tree_models  INFO  XGBoost fitted: 457 samples, early stopped at iteration 0/300.
12:19:18  src.cpcv.pipeline  INFO    [119/168]              xgboost (seed=1) F1=0.541  AUC=0.543  LL=0.7582 (0.0s)
12:19:18  src.cpcv.models.tree_models  INFO  XGBoost fitted: 457 samples, early stopped at iteration 0/300.
12:19:18  src.cpcv.pipeline  INFO    [120/168]              xgboost (seed=2) F1=0.541  AUC=0.543  LL=0.7582 (0.0s)
12:19:18  src.cpcv.preprocessing  INFO  Computing MDA (Random Forest)...
12:19:52  src.cpcv.preprocessing  INFO  Computing MDA (Logistic Regression)...
12:19:53  src.cpcv.preprocessing  INFO  Multi-model MDA: 37/73 passed (MDA > 0), 36 eliminated
12:19:53  src.cpcv.preprocessing  INFO    Capped at 14 features (top_k_frac=0.2)
12:19:53  src.cpcv.preprocessing  INFO    Selected (14): ['eth_btc_ratio', 'gold_ret_30', 'kurtosis', 'log_returns_lag3', 'log_returns_lag6', 'log_returns_lag7', 'macd_hist', 'realized_vol', 'silver_ret_30', 'sp500_ret_30', 'stoch_k', 'variance_ratio', 'williams_r', 'yield_curve_2y10y']
12:19:53  src.cpcv.pipeline  INFO    Preprocessing: 14 features selected, train=457 + val=98 + cal=98, test=292
12:19:53  src.cpcv.tuning  INFO  Tuning (2 models) — Optuna TPE + Purged K-Fold (inner: 3 folds, embargo=10 obs)
12:19:53  src.cpcv.tuning  INFO    [tuning] random_forest: 3 purged K-fold splits, 30 Optuna trials (TPE)
12:20:40  src.cpcv.tuning  INFO      random_forest: 20 completed, 10 pruned (of 30 total) — best log_loss=0.6724, params={'n_estimators': 250, 'max_depth': 3, 'min_samples_leaf': 17, 'max_features': 'sqrt'}
12:20:40  src.cpcv.tuning  INFO    [tuning] random_forest done in 47.1s — best log_loss=0.6724
12:20:40  src.cpcv.tuning  INFO    [tuning] xgboost: 3 purged K-fold splits, 30 Optuna trials (TPE)
12:20:46  src.cpcv.tuning  INFO      xgboost: 17 completed, 13 pruned (of 30 total) — best log_loss=0.6620, params={'max_depth': 2, 'learning_rate': 0.07514453212002577, 'min_child_weight': 14, 'subsample': 0.6469777700571244, 'colsample_bytree': 0.8105178454309602, 'gamma': 0.010331974118868124, 'reg_alpha': 0.007004637440723065, 'reg_lambda': 8.30631578704971e-08}
12:20:46  src.cpcv.tuning  INFO    [tuning] xgboost done in 5.7s — best log_loss=0.6620
12:20:46  src.cpcv.tuning  INFO  Tuning total: 52.8s
12:20:46  src.cpcv.pipeline  INFO      applied random_forest: {'n_estimators': 250, 'max_depth': 3, 'min_samples_leaf': 17, 'max_features': 'sqrt'}
12:20:46  src.cpcv.pipeline  INFO      applied xgboost: {'max_depth': 2, 'learning_rate': 0.07514453212002577, 'min_child_weight': 14, 'subsample': 0.6469777700571244, 'colsample_bytree': 0.8105178454309602, 'gamma': 0.010331974118868124, 'reg_alpha': 0.007004637440723065, 'reg_lambda': 8.30631578704971e-08}
12:20:47  src.cpcv.models.tree_models  INFO  RandomForest fitted: 457 samples, 14 features, 250 trees.
12:20:47  src.cpcv.pipeline  INFO    [121/168]        random_forest (seed=0) F1=0.462  AUC=0.475  LL=0.7239 (0.9s)
12:20:47  src.cpcv.models.tree_models  INFO  RandomForest fitted: 457 samples, 14 features, 250 trees.
12:20:47  src.cpcv.pipeline  INFO    [122/168]        random_forest (seed=1) F1=0.466  AUC=0.476  LL=0.7259 (0.7s)
12:20:48  src.cpcv.models.tree_models  INFO  RandomForest fitted: 457 samples, 14 features, 250 trees.
12:20:48  src.cpcv.pipeline  INFO    [123/168]        random_forest (seed=2) F1=0.462  AUC=0.471  LL=0.7207 (0.7s)
12:20:48  src.cpcv.models.tree_models  INFO  XGBoost fitted: 457 samples, early stopped at iteration 49/300.
12:20:48  src.cpcv.pipeline  INFO    [124/168]              xgboost (seed=0) F1=0.471  AUC=0.474  LL=0.6967 (0.1s)
12:20:48  src.cpcv.models.tree_models  INFO  XGBoost fitted: 457 samples, early stopped at iteration 19/300.
12:20:48  src.cpcv.pipeline  INFO    [125/168]              xgboost (seed=1) F1=0.519  AUC=0.538  LL=0.6871 (0.1s)
12:20:48  src.cpcv.models.tree_models  INFO  XGBoost fitted: 457 samples, early stopped at iteration 135/300.
12:20:48  src.cpcv.pipeline  INFO    [126/168]              xgboost (seed=2) F1=0.357  AUC=0.527  LL=0.6877 (0.1s)
12:20:49  src.cpcv.preprocessing  INFO  Computing MDA (Random Forest)...
12:21:22  src.cpcv.preprocessing  INFO  Computing MDA (Logistic Regression)...
12:21:23  src.cpcv.preprocessing  INFO  Multi-model MDA: 38/73 passed (MDA > 0), 35 eliminated
12:21:23  src.cpcv.preprocessing  INFO    Capped at 14 features (top_k_frac=0.2)
12:21:23  src.cpcv.preprocessing  INFO    Selected (14): ['active_addr_roc_14', 'bb_width', 'copper_ret_30', 'eth_btc_ratio', 'exchange_supply_pct', 'log_returns_lag1', 'log_returns_lag5', 'log_returns_lag6', 'oil_ret_14', 'silver_ret_30', 'smt_poly1', 'sp500_ret_30', 'yield_curve_10y30y', 'yz_vol']
12:21:23  src.cpcv.pipeline  INFO    Preprocessing: 14 features selected, train=464 + val=100 + cal=100, test=292
12:21:23  src.cpcv.tuning  INFO  Tuning (2 models) — Optuna TPE + Purged K-Fold (inner: 3 folds, embargo=10 obs)
12:21:23  src.cpcv.tuning  INFO    [tuning] random_forest: 3 purged K-fold splits, 30 Optuna trials (TPE)
12:21:59  src.cpcv.tuning  INFO      random_forest: 19 completed, 11 pruned (of 30 total) — best log_loss=0.6676, params={'n_estimators': 100, 'max_depth': 4, 'min_samples_leaf': 19, 'max_features': 'sqrt'}
12:21:59  src.cpcv.tuning  INFO    [tuning] random_forest done in 35.9s — best log_loss=0.6676
12:21:59  src.cpcv.tuning  INFO    [tuning] xgboost: 3 purged K-fold splits, 30 Optuna trials (TPE)
12:22:06  src.cpcv.tuning  INFO      xgboost: 24 completed, 6 pruned (of 30 total) — best log_loss=0.6581, params={'max_depth': 2, 'learning_rate': 0.16078214997697196, 'min_child_weight': 23, 'subsample': 0.8611719000163913, 'colsample_bytree': 0.7886369489536518, 'gamma': 0.13151583258187696, 'reg_alpha': 0.0008635533556226491, 'reg_lambda': 8.247163212250302e-07}
12:22:06  src.cpcv.tuning  INFO    [tuning] xgboost done in 6.3s — best log_loss=0.6581
12:22:06  src.cpcv.tuning  INFO  Tuning total: 42.2s
12:22:06  src.cpcv.pipeline  INFO      applied random_forest: {'n_estimators': 100, 'max_depth': 4, 'min_samples_leaf': 19, 'max_features': 'sqrt'}
12:22:06  src.cpcv.pipeline  INFO      applied xgboost: {'max_depth': 2, 'learning_rate': 0.16078214997697196, 'min_child_weight': 23, 'subsample': 0.8611719000163913, 'colsample_bytree': 0.7886369489536518, 'gamma': 0.13151583258187696, 'reg_alpha': 0.0008635533556226491, 'reg_lambda': 8.247163212250302e-07}
12:22:06  src.cpcv.models.tree_models  INFO  RandomForest fitted: 464 samples, 14 features, 100 trees.
12:22:06  src.cpcv.pipeline  INFO    [127/168]        random_forest (seed=0) F1=0.357  AUC=0.477  LL=0.7117 (0.4s)
12:22:06  src.cpcv.models.tree_models  INFO  RandomForest fitted: 464 samples, 14 features, 100 trees.
12:22:06  src.cpcv.pipeline  INFO    [128/168]        random_forest (seed=1) F1=0.357  AUC=0.463  LL=0.6985 (0.3s)
12:22:07  src.cpcv.models.tree_models  INFO  RandomForest fitted: 464 samples, 14 features, 100 trees.
12:22:07  src.cpcv.pipeline  INFO    [129/168]        random_forest (seed=2) F1=0.357  AUC=0.523  LL=0.6870 (0.3s)
12:22:07  src.cpcv.models.tree_models  INFO  XGBoost fitted: 464 samples, early stopped at iteration 57/300.
12:22:07  src.cpcv.pipeline  INFO    [130/168]              xgboost (seed=0) F1=0.357  AUC=0.518  LL=0.7126 (0.1s)
12:22:07  src.cpcv.models.tree_models  INFO  XGBoost fitted: 464 samples, early stopped at iteration 40/300.
12:22:07  src.cpcv.pipeline  INFO    [131/168]              xgboost (seed=1) F1=0.357  AUC=0.530  LL=0.6985 (0.1s)
12:22:07  src.cpcv.models.tree_models  INFO  XGBoost fitted: 464 samples, early stopped at iteration 34/300.
12:22:07  src.cpcv.pipeline  INFO    [132/168]              xgboost (seed=2) F1=0.357  AUC=0.480  LL=0.6911 (0.1s)
12:22:07  src.cpcv.preprocessing  INFO  Computing MDA (Random Forest)...
12:22:41  src.cpcv.preprocessing  INFO  Computing MDA (Logistic Regression)...
12:22:42  src.cpcv.preprocessing  INFO  Multi-model MDA: 38/73 passed (MDA > 0), 35 eliminated
12:22:42  src.cpcv.preprocessing  INFO    Capped at 14 features (top_k_frac=0.2)
12:22:42  src.cpcv.preprocessing  INFO    Selected (14): ['cci_14', 'ema_ratio_20_50', 'fee_per_tx', 'log_returns_lag2', 'log_returns_lag5', 'log_returns_lag6', 'macd', 'macd_hist', 'mfi_14', 'net_exchange_flow', 'obv', 'sadf', 'smt_exp', 'vol_term_30_90']
12:22:42  src.cpcv.pipeline  INFO    Preprocessing: 14 features selected, train=465 + val=100 + cal=100, test=292
12:22:42  src.cpcv.tuning  INFO  Tuning (2 models) — Optuna TPE + Purged K-Fold (inner: 3 folds, embargo=10 obs)
12:22:42  src.cpcv.tuning  INFO    [tuning] random_forest: 3 purged K-fold splits, 30 Optuna trials (TPE)
12:23:28  src.cpcv.tuning  INFO      random_forest: 29 completed, 1 pruned (of 30 total) — best log_loss=0.6922, params={'n_estimators': 200, 'max_depth': 2, 'min_samples_leaf': 40, 'max_features': 'log2'}
12:23:28  src.cpcv.tuning  INFO    [tuning] random_forest done in 46.3s — best log_loss=0.6922
12:23:28  src.cpcv.tuning  INFO    [tuning] xgboost: 3 purged K-fold splits, 30 Optuna trials (TPE)
12:23:32  src.cpcv.tuning  INFO      xgboost: 15 completed, 15 pruned (of 30 total) — best log_loss=0.6823, params={'max_depth': 3, 'learning_rate': 0.2929265022359419, 'min_child_weight': 43, 'subsample': 0.847032592153181, 'colsample_bytree': 0.7230159735959386, 'gamma': 0.022296976017210243, 'reg_alpha': 8.616003178007054e-07, 'reg_lambda': 1.493656852319989e-06}
12:23:32  src.cpcv.tuning  INFO    [tuning] xgboost done in 3.7s — best log_loss=0.6823
12:23:32  src.cpcv.tuning  INFO  Tuning total: 50.1s
12:23:32  src.cpcv.pipeline  INFO      applied random_forest: {'n_estimators': 200, 'max_depth': 2, 'min_samples_leaf': 40, 'max_features': 'log2'}
12:23:32  src.cpcv.pipeline  INFO      applied xgboost: {'max_depth': 3, 'learning_rate': 0.2929265022359419, 'min_child_weight': 43, 'subsample': 0.847032592153181, 'colsample_bytree': 0.7230159735959386, 'gamma': 0.022296976017210243, 'reg_alpha': 8.616003178007054e-07, 'reg_lambda': 1.493656852319989e-06}
12:23:32  src.cpcv.models.tree_models  INFO  RandomForest fitted: 465 samples, 14 features, 200 trees.
12:23:33  src.cpcv.pipeline  INFO    [133/168]        random_forest (seed=0) F1=0.355  AUC=0.520  LL=0.6891 (0.7s)
12:23:33  src.cpcv.models.tree_models  INFO  RandomForest fitted: 465 samples, 14 features, 200 trees.
12:23:33  src.cpcv.pipeline  INFO    [134/168]        random_forest (seed=1) F1=0.355  AUC=0.474  LL=0.6904 (0.6s)
12:23:34  src.cpcv.models.tree_models  INFO  RandomForest fitted: 465 samples, 14 features, 200 trees.
12:23:34  src.cpcv.pipeline  INFO    [135/168]        random_forest (seed=2) F1=0.355  AUC=0.476  LL=0.6901 (0.6s)
12:23:34  src.cpcv.models.tree_models  INFO  XGBoost fitted: 465 samples, early stopped at iteration 0/300.
12:23:34  src.cpcv.pipeline  INFO    [136/168]              xgboost (seed=0) F1=0.355  AUC=0.484  LL=0.6907 (0.0s)
12:23:34  src.cpcv.models.tree_models  INFO  XGBoost fitted: 465 samples, early stopped at iteration 2/300.
12:23:34  src.cpcv.pipeline  INFO    [137/168]              xgboost (seed=1) F1=0.436  AUC=0.535  LL=0.6848 (0.1s)
12:23:34  src.cpcv.models.tree_models  INFO  XGBoost fitted: 465 samples, early stopped at iteration 0/300.
12:23:34  src.cpcv.pipeline  INFO    [138/168]              xgboost (seed=2) F1=0.355  AUC=0.485  LL=0.6907 (0.0s)
12:23:34  src.cpcv.preprocessing  INFO  Computing MDA (Random Forest)...
12:24:09  src.cpcv.preprocessing  INFO  Computing MDA (Logistic Regression)...
12:24:10  src.cpcv.preprocessing  INFO  Multi-model MDA: 40/73 passed (MDA > 0), 33 eliminated
12:24:10  src.cpcv.preprocessing  INFO    Capped at 14 features (top_k_frac=0.2)
12:24:10  src.cpcv.preprocessing  INFO    Selected (14): ['bb_width', 'eth_btc_ratio', 'gk_vol', 'gold_ret_30', 'hashrate_roc_30', 'hurst', 'log_returns_lag1', 'log_returns_lag21', 'log_returns_lag4', 'log_returns_lag6', 'nasdaq_ret_14', 'silver_ret_30', 'smt_poly1', 'yield_curve_10y30y']
12:24:10  src.cpcv.pipeline  INFO    Preprocessing: 14 features selected, train=457 + val=98 + cal=98, test=292
12:24:10  src.cpcv.tuning  INFO  Tuning (2 models) — Optuna TPE + Purged K-Fold (inner: 3 folds, embargo=10 obs)
12:24:10  src.cpcv.tuning  INFO    [tuning] random_forest: 3 purged K-fold splits, 30 Optuna trials (TPE)
12:24:59  src.cpcv.tuning  INFO      random_forest: 29 completed, 1 pruned (of 30 total) — best log_loss=0.6701, params={'n_estimators': 150, 'max_depth': 5, 'min_samples_leaf': 22, 'max_features': 'log2'}
12:24:59  src.cpcv.tuning  INFO    [tuning] random_forest done in 49.1s — best log_loss=0.6701
12:24:59  src.cpcv.tuning  INFO    [tuning] xgboost: 3 purged K-fold splits, 30 Optuna trials (TPE)
12:25:06  src.cpcv.tuning  INFO      xgboost: 14 completed, 16 pruned (of 30 total) — best log_loss=0.6700, params={'max_depth': 1, 'learning_rate': 0.27453851664801854, 'min_child_weight': 22, 'subsample': 0.6939607271543884, 'colsample_bytree': 0.6477639824328912, 'gamma': 0.05550225253549277, 'reg_alpha': 9.111367082657967e-08, 'reg_lambda': 0.33748285468946615}
12:25:06  src.cpcv.tuning  INFO    [tuning] xgboost done in 6.6s — best log_loss=0.6700
12:25:06  src.cpcv.tuning  INFO  Tuning total: 55.7s
12:25:06  src.cpcv.pipeline  INFO      applied random_forest: {'n_estimators': 150, 'max_depth': 5, 'min_samples_leaf': 22, 'max_features': 'log2'}
12:25:06  src.cpcv.pipeline  INFO      applied xgboost: {'max_depth': 1, 'learning_rate': 0.27453851664801854, 'min_child_weight': 22, 'subsample': 0.6939607271543884, 'colsample_bytree': 0.6477639824328912, 'gamma': 0.05550225253549277, 'reg_alpha': 9.111367082657967e-08, 'reg_lambda': 0.33748285468946615}
12:25:06  src.cpcv.models.tree_models  INFO  RandomForest fitted: 457 samples, 14 features, 150 trees.
12:25:06  src.cpcv.pipeline  INFO    [139/168]        random_forest (seed=0) F1=0.408  AUC=0.498  LL=0.6850 (0.5s)
12:25:07  src.cpcv.models.tree_models  INFO  RandomForest fitted: 457 samples, 14 features, 150 trees.
12:25:07  src.cpcv.pipeline  INFO    [140/168]        random_forest (seed=1) F1=0.369  AUC=0.510  LL=0.6842 (0.5s)
12:25:07  src.cpcv.models.tree_models  INFO  RandomForest fitted: 457 samples, 14 features, 150 trees.
12:25:07  src.cpcv.pipeline  INFO    [141/168]        random_forest (seed=2) F1=0.368  AUC=0.503  LL=0.6846 (0.5s)
12:25:07  src.cpcv.models.tree_models  INFO  XGBoost fitted: 457 samples, early stopped at iteration 22/300.
12:25:07  src.cpcv.pipeline  INFO    [142/168]              xgboost (seed=0) F1=0.474  AUC=0.494  LL=0.6937 (0.1s)
12:25:07  src.cpcv.models.tree_models  INFO  XGBoost fitted: 457 samples, early stopped at iteration 15/300.
12:25:07  src.cpcv.pipeline  INFO    [143/168]              xgboost (seed=1) F1=0.458  AUC=0.478  LL=0.6914 (0.1s)
12:25:07  src.cpcv.models.tree_models  INFO  XGBoost fitted: 457 samples, early stopped at iteration 28/300.
12:25:07  src.cpcv.pipeline  INFO    [144/168]              xgboost (seed=2) F1=0.473  AUC=0.494  LL=0.6889 (0.1s)
12:25:08  src.cpcv.preprocessing  INFO  Computing MDA (Random Forest)...
12:25:41  src.cpcv.preprocessing  INFO  Computing MDA (Logistic Regression)...
12:25:42  src.cpcv.preprocessing  INFO  Multi-model MDA: 41/73 passed (MDA > 0), 32 eliminated
12:25:42  src.cpcv.preprocessing  INFO    Capped at 14 features (top_k_frac=0.2)
12:25:42  src.cpcv.preprocessing  INFO    Selected (14): ['ema_ratio_50_200', 'gk_vol', 'log_returns_lag1', 'log_returns_lag14', 'log_returns_lag21', 'log_returns_lag3', 'log_returns_lag30', 'log_returns_lag4', 'nasdaq_ret_30', 'realized_vol', 'silver_ret_30', 'smt_poly1', 'tx_count_roc_14', 'vol_term_7_30']
12:25:42  src.cpcv.pipeline  INFO    Preprocessing: 14 features selected, train=464 + val=100 + cal=100, test=292
12:25:42  src.cpcv.tuning  INFO  Tuning (2 models) — Optuna TPE + Purged K-Fold (inner: 3 folds, embargo=10 obs)
12:25:42  src.cpcv.tuning  INFO    [tuning] random_forest: 3 purged K-fold splits, 30 Optuna trials (TPE)
12:26:20  src.cpcv.tuning  INFO      random_forest: 29 completed, 1 pruned (of 30 total) — best log_loss=0.6879, params={'n_estimators': 100, 'max_depth': 3, 'min_samples_leaf': 30, 'max_features': 'sqrt'}
12:26:20  src.cpcv.tuning  INFO    [tuning] random_forest done in 37.4s — best log_loss=0.6879
12:26:20  src.cpcv.tuning  INFO    [tuning] xgboost: 3 purged K-fold splits, 30 Optuna trials (TPE)
12:26:24  src.cpcv.tuning  INFO      xgboost: 26 completed, 4 pruned (of 30 total) — best log_loss=0.6821, params={'max_depth': 3, 'learning_rate': 0.13437958884435458, 'min_child_weight': 25, 'subsample': 0.9518003183552279, 'colsample_bytree': 0.7727431143998708, 'gamma': 0.2685722374046279, 'reg_alpha': 3.8180203637824014e-05, 'reg_lambda': 0.2041475808495035}
12:26:24  src.cpcv.tuning  INFO    [tuning] xgboost done in 4.5s — best log_loss=0.6821
12:26:24  src.cpcv.tuning  INFO  Tuning total: 41.9s
12:26:24  src.cpcv.pipeline  INFO      applied random_forest: {'n_estimators': 100, 'max_depth': 3, 'min_samples_leaf': 30, 'max_features': 'sqrt'}
12:26:24  src.cpcv.pipeline  INFO      applied xgboost: {'max_depth': 3, 'learning_rate': 0.13437958884435458, 'min_child_weight': 25, 'subsample': 0.9518003183552279, 'colsample_bytree': 0.7727431143998708, 'gamma': 0.2685722374046279, 'reg_alpha': 3.8180203637824014e-05, 'reg_lambda': 0.2041475808495035}
12:26:25  src.cpcv.models.tree_models  INFO  RandomForest fitted: 464 samples, 14 features, 100 trees.
12:26:25  src.cpcv.pipeline  INFO    [145/168]        random_forest (seed=0) F1=0.369  AUC=0.487  LL=0.6800 (0.4s)
12:26:25  src.cpcv.models.tree_models  INFO  RandomForest fitted: 464 samples, 14 features, 100 trees.
12:26:25  src.cpcv.pipeline  INFO    [146/168]        random_forest (seed=1) F1=0.369  AUC=0.492  LL=0.6815 (0.3s)
12:26:25  src.cpcv.models.tree_models  INFO  RandomForest fitted: 464 samples, 14 features, 100 trees.
12:26:25  src.cpcv.pipeline  INFO    [147/168]        random_forest (seed=2) F1=0.369  AUC=0.493  LL=0.6816 (0.3s)
12:26:25  src.cpcv.models.tree_models  INFO  XGBoost fitted: 464 samples, early stopped at iteration 48/300.
12:26:25  src.cpcv.pipeline  INFO    [148/168]              xgboost (seed=0) F1=0.369  AUC=0.479  LL=0.6908 (0.1s)
12:26:26  src.cpcv.models.tree_models  INFO  XGBoost fitted: 464 samples, early stopped at iteration 49/300.
12:26:26  src.cpcv.pipeline  INFO    [149/168]              xgboost (seed=1) F1=0.369  AUC=0.493  LL=0.6827 (0.1s)
12:26:26  src.cpcv.models.tree_models  INFO  XGBoost fitted: 464 samples, early stopped at iteration 93/300.
12:26:26  src.cpcv.pipeline  INFO    [150/168]              xgboost (seed=2) F1=0.369  AUC=0.481  LL=0.6847 (0.1s)
12:26:26  src.cpcv.preprocessing  INFO  Computing MDA (Random Forest)...
12:27:00  src.cpcv.preprocessing  INFO  Computing MDA (Logistic Regression)...
12:27:01  src.cpcv.preprocessing  INFO  Multi-model MDA: 39/73 passed (MDA > 0), 34 eliminated
12:27:01  src.cpcv.preprocessing  INFO    Capped at 14 features (top_k_frac=0.2)
12:27:01  src.cpcv.preprocessing  INFO    Selected (14): ['cci_14', 'dxy_roc_30', 'ema_ratio_50_200', 'fee_per_tx', 'gk_vol', 'gold_ret_14', 'gold_ret_30', 'kurtosis', 'log_returns', 'log_returns_lag2', 'log_returns_lag5', 'log_returns_lag6', 'smt_poly1', 'vix']
12:27:01  src.cpcv.pipeline  INFO    Preprocessing: 14 features selected, train=465 + val=100 + cal=100, test=292
12:27:01  src.cpcv.tuning  INFO  Tuning (2 models) — Optuna TPE + Purged K-Fold (inner: 3 folds, embargo=10 obs)
12:27:01  src.cpcv.tuning  INFO    [tuning] random_forest: 3 purged K-fold splits, 30 Optuna trials (TPE)
12:27:50  src.cpcv.tuning  INFO      random_forest: 22 completed, 8 pruned (of 30 total) — best log_loss=0.6869, params={'n_estimators': 250, 'max_depth': 2, 'min_samples_leaf': 19, 'max_features': 'log2'}
12:27:50  src.cpcv.tuning  INFO    [tuning] random_forest done in 48.7s — best log_loss=0.6869
12:27:50  src.cpcv.tuning  INFO    [tuning] xgboost: 3 purged K-fold splits, 30 Optuna trials (TPE)
12:27:54  src.cpcv.tuning  INFO      xgboost: 22 completed, 8 pruned (of 30 total) — best log_loss=0.6830, params={'max_depth': 3, 'learning_rate': 0.06530555158582778, 'min_child_weight': 25, 'subsample': 0.734668610363764, 'colsample_bytree': 0.83445433467569, 'gamma': 0.06279209930838969, 'reg_alpha': 0.000179649519485956, 'reg_lambda': 0.0037653511867646863}
12:27:54  src.cpcv.tuning  INFO    [tuning] xgboost done in 4.2s — best log_loss=0.6830
12:27:54  src.cpcv.tuning  INFO  Tuning total: 53.0s
12:27:54  src.cpcv.pipeline  INFO      applied random_forest: {'n_estimators': 250, 'max_depth': 2, 'min_samples_leaf': 19, 'max_features': 'log2'}
12:27:54  src.cpcv.pipeline  INFO      applied xgboost: {'max_depth': 3, 'learning_rate': 0.06530555158582778, 'min_child_weight': 25, 'subsample': 0.734668610363764, 'colsample_bytree': 0.83445433467569, 'gamma': 0.06279209930838969, 'reg_alpha': 0.000179649519485956, 'reg_lambda': 0.0037653511867646863}
12:27:55  src.cpcv.models.tree_models  INFO  RandomForest fitted: 465 samples, 14 features, 250 trees.
12:27:55  src.cpcv.pipeline  INFO    [151/168]        random_forest (seed=0) F1=0.473  AUC=0.532  LL=0.7045 (0.8s)
12:27:56  src.cpcv.models.tree_models  INFO  RandomForest fitted: 465 samples, 14 features, 250 trees.
12:27:56  src.cpcv.pipeline  INFO    [152/168]        random_forest (seed=1) F1=0.468  AUC=0.544  LL=0.7005 (0.9s)
12:27:57  src.cpcv.models.tree_models  INFO  RandomForest fitted: 465 samples, 14 features, 250 trees.
12:27:57  src.cpcv.pipeline  INFO    [153/168]        random_forest (seed=2) F1=0.495  AUC=0.537  LL=0.7034 (0.9s)
12:27:57  src.cpcv.models.tree_models  INFO  XGBoost fitted: 465 samples, early stopped at iteration 0/300.
12:27:57  src.cpcv.pipeline  INFO    [154/168]              xgboost (seed=0) F1=0.467  AUC=0.470  LL=0.6991 (0.0s)
12:27:57  src.cpcv.models.tree_models  INFO  XGBoost fitted: 465 samples, early stopped at iteration 0/300.
12:27:57  src.cpcv.pipeline  INFO    [155/168]              xgboost (seed=1) F1=0.345  AUC=0.514  LL=0.6917 (0.0s)
12:27:57  src.cpcv.models.tree_models  INFO  XGBoost fitted: 465 samples, early stopped at iteration 0/300.
12:27:57  src.cpcv.pipeline  INFO    [156/168]              xgboost (seed=2) F1=0.345  AUC=0.502  LL=0.6918 (0.0s)
12:27:57  src.cpcv.preprocessing  INFO  Computing MDA (Random Forest)...
12:28:30  src.cpcv.preprocessing  INFO  Computing MDA (Logistic Regression)...
12:28:32  src.cpcv.preprocessing  INFO  Multi-model MDA: 31/73 passed (MDA > 0), 42 eliminated
12:28:32  src.cpcv.preprocessing  INFO    Capped at 14 features (top_k_frac=0.2)
12:28:32  src.cpcv.preprocessing  INFO    Selected (14): ['active_addr_roc_14', 'bb_width', 'eth_btc_ratio', 'exchange_supply_pct', 'gold_ret_14', 'log_returns_lag1', 'log_returns_lag2', 'log_returns_lag6', 'log_returns_lag7', 'natgas_ret_14', 'shannon_entropy', 'stoch_k', 'us10y', 'vix']
12:28:32  src.cpcv.pipeline  INFO    Preprocessing: 14 features selected, train=464 + val=100 + cal=100, test=292
12:28:32  src.cpcv.tuning  INFO  Tuning (2 models) — Optuna TPE + Purged K-Fold (inner: 3 folds, embargo=10 obs)
12:28:32  src.cpcv.tuning  INFO    [tuning] random_forest: 3 purged K-fold splits, 30 Optuna trials (TPE)
12:29:12  src.cpcv.tuning  INFO      random_forest: 23 completed, 7 pruned (of 30 total) — best log_loss=0.6848, params={'n_estimators': 150, 'max_depth': 2, 'min_samples_leaf': 40, 'max_features': 'log2'}
12:29:12  src.cpcv.tuning  INFO    [tuning] random_forest done in 40.8s — best log_loss=0.6848
12:29:12  src.cpcv.tuning  INFO    [tuning] xgboost: 3 purged K-fold splits, 30 Optuna trials (TPE)
12:29:18  src.cpcv.tuning  INFO      xgboost: 19 completed, 11 pruned (of 30 total) — best log_loss=0.6698, params={'max_depth': 2, 'learning_rate': 0.09719442732457283, 'min_child_weight': 22, 'subsample': 0.7400028246550391, 'colsample_bytree': 0.7886369489536518, 'gamma': 0.057455894550295684, 'reg_alpha': 0.0005844317258424099, 'reg_lambda': 0.016756638283609265}
12:29:18  src.cpcv.tuning  INFO    [tuning] xgboost done in 5.3s — best log_loss=0.6698
12:29:18  src.cpcv.tuning  INFO  Tuning total: 46.1s
12:29:18  src.cpcv.pipeline  INFO      applied random_forest: {'n_estimators': 150, 'max_depth': 2, 'min_samples_leaf': 40, 'max_features': 'log2'}
12:29:18  src.cpcv.pipeline  INFO      applied xgboost: {'max_depth': 2, 'learning_rate': 0.09719442732457283, 'min_child_weight': 22, 'subsample': 0.7400028246550391, 'colsample_bytree': 0.7886369489536518, 'gamma': 0.057455894550295684, 'reg_alpha': 0.0005844317258424099, 'reg_lambda': 0.016756638283609265}
12:29:18  src.cpcv.models.tree_models  INFO  RandomForest fitted: 464 samples, 14 features, 150 trees.
12:29:18  src.cpcv.pipeline  INFO    [157/168]        random_forest (seed=0) F1=0.345  AUC=0.426  LL=0.7101 (0.5s)
12:29:19  src.cpcv.models.tree_models  INFO  RandomForest fitted: 464 samples, 14 features, 150 trees.
12:29:19  src.cpcv.pipeline  INFO    [158/168]        random_forest (seed=1) F1=0.345  AUC=0.416  LL=0.7027 (0.5s)
12:29:19  src.cpcv.models.tree_models  INFO  RandomForest fitted: 464 samples, 14 features, 150 trees.
12:29:19  src.cpcv.pipeline  INFO    [159/168]        random_forest (seed=2) F1=0.347  AUC=0.431  LL=0.7082 (0.5s)
12:29:19  src.cpcv.models.tree_models  INFO  XGBoost fitted: 464 samples, early stopped at iteration 17/300.
12:29:19  src.cpcv.pipeline  INFO    [160/168]              xgboost (seed=0) F1=0.345  AUC=0.468  LL=0.7031 (0.1s)
12:29:19  src.cpcv.models.tree_models  INFO  XGBoost fitted: 464 samples, early stopped at iteration 3/300.
12:29:19  src.cpcv.pipeline  INFO    [161/168]              xgboost (seed=1) F1=0.418  AUC=0.447  LL=0.7199 (0.1s)
12:29:19  src.cpcv.models.tree_models  INFO  XGBoost fitted: 464 samples, early stopped at iteration 13/300.
12:29:19  src.cpcv.pipeline  INFO    [162/168]              xgboost (seed=2) F1=0.345  AUC=0.450  LL=0.7026 (0.1s)
12:29:20  src.cpcv.preprocessing  INFO  Computing MDA (Random Forest)...
12:29:56  src.cpcv.preprocessing  INFO  Computing MDA (Logistic Regression)...
12:29:57  src.cpcv.preprocessing  INFO  Multi-model MDA: 38/73 passed (MDA > 0), 35 eliminated
12:29:57  src.cpcv.preprocessing  INFO    Capped at 14 features (top_k_frac=0.2)
12:29:57  src.cpcv.preprocessing  INFO    Selected (14): ['dxy_roc_30', 'exchange_supply_pct', 'hurst', 'log_returns_lag1', 'log_returns_lag4', 'macd_signal', 'roc_14', 'silver_ret_30', 'skewness', 'smt_exp', 'stoch_d', 'williams_r', 'yield_curve_2y10y', 'yz_vol']
12:29:57  src.cpcv.pipeline  INFO    Preprocessing: 14 features selected, train=473 + val=101 + cal=102, test=292
12:29:57  src.cpcv.tuning  INFO  Tuning (2 models) — Optuna TPE + Purged K-Fold (inner: 3 folds, embargo=10 obs)
12:29:57  src.cpcv.tuning  INFO    [tuning] random_forest: 3 purged K-fold splits, 30 Optuna trials (TPE)
12:30:52  src.cpcv.tuning  INFO      random_forest: 30 completed, 0 pruned (of 30 total) — best log_loss=0.6972, params={'n_estimators': 250, 'max_depth': 2, 'min_samples_leaf': 15, 'max_features': 'sqrt'}
12:30:52  src.cpcv.tuning  INFO    [tuning] random_forest done in 55.4s — best log_loss=0.6972
12:30:52  src.cpcv.tuning  INFO    [tuning] xgboost: 3 purged K-fold splits, 30 Optuna trials (TPE)
12:30:57  src.cpcv.tuning  INFO      xgboost: 28 completed, 2 pruned (of 30 total) — best log_loss=0.6917, params={'max_depth': 1, 'learning_rate': 0.05388108577817234, 'min_child_weight': 11, 'subsample': 0.9637281608315128, 'colsample_bytree': 0.7035119926400067, 'gamma': 0.21137059440645725, 'reg_alpha': 6.388511557344611e-06, 'reg_lambda': 0.0004793052550782129}
12:30:57  src.cpcv.tuning  INFO    [tuning] xgboost done in 4.6s — best log_loss=0.6917
12:30:57  src.cpcv.tuning  INFO  Tuning total: 59.9s
12:30:57  src.cpcv.pipeline  INFO      applied random_forest: {'n_estimators': 250, 'max_depth': 2, 'min_samples_leaf': 15, 'max_features': 'sqrt'}
12:30:57  src.cpcv.pipeline  INFO      applied xgboost: {'max_depth': 1, 'learning_rate': 0.05388108577817234, 'min_child_weight': 11, 'subsample': 0.9637281608315128, 'colsample_bytree': 0.7035119926400067, 'gamma': 0.21137059440645725, 'reg_alpha': 6.388511557344611e-06, 'reg_lambda': 0.0004793052550782129}
12:30:58  src.cpcv.models.tree_models  INFO  RandomForest fitted: 473 samples, 14 features, 250 trees.
12:30:58  src.cpcv.pipeline  INFO    [163/168]        random_forest (seed=0) F1=0.385  AUC=0.481  LL=0.7154 (1.0s)
12:30:59  src.cpcv.models.tree_models  INFO  RandomForest fitted: 473 samples, 14 features, 250 trees.
12:30:59  src.cpcv.pipeline  INFO    [164/168]        random_forest (seed=1) F1=0.347  AUC=0.475  LL=0.7164 (0.9s)
12:30:59  src.cpcv.models.tree_models  INFO  RandomForest fitted: 473 samples, 14 features, 250 trees.
12:30:59  src.cpcv.pipeline  INFO    [165/168]        random_forest (seed=2) F1=0.378  AUC=0.489  LL=0.7169 (0.8s)
12:30:59  src.cpcv.models.tree_models  INFO  XGBoost fitted: 473 samples, early stopped at iteration 1/300.
12:30:59  src.cpcv.pipeline  INFO    [166/168]              xgboost (seed=0) F1=0.305  AUC=0.503  LL=0.7265 (0.1s)
12:31:00  src.cpcv.models.tree_models  INFO  XGBoost fitted: 473 samples, early stopped at iteration 0/300.
12:31:00  src.cpcv.pipeline  INFO    [167/168]              xgboost (seed=1) F1=0.305  AUC=0.498  LL=0.7067 (0.0s)
12:31:00  src.cpcv.models.tree_models  INFO  XGBoost fitted: 473 samples, early stopped at iteration 0/300.
12:31:00  src.cpcv.pipeline  INFO    [168/168]              xgboost (seed=2) F1=0.305  AUC=0.498  LL=0.7067 (0.1s)
12:31:00  src.cpcv.pipeline  INFO  ============================================================
12:31:00  src.cpcv.pipeline  INFO  CPCV Pipeline Complete
12:31:00  src.cpcv.pipeline  INFO  ============================================================
12:31:00  src.cpcv.pipeline  INFO    Total time:     2496.8s (41.6m)
12:31:00  src.cpcv.pipeline  INFO    Tasks:          168 succeeded, 0 failed
12:31:00  src.cpcv.pipeline  INFO    Results keys:   168 (model, split, seed) entries
12:31:00  src.cpcv.pipeline  INFO    Backtest paths: 7
12:31:00  src.cpcv.pipeline  INFO    Tuning:         nested (per-split), 28 splits tuned, models=['random_forest', 'xgboost']
12:31:00  src.cpcv.pipeline  INFO  ============================================================
12:31:00  src.cpcv.pipeline  INFO  ============================================================
12:31:00  src.cpcv.pipeline  INFO  CPCV Pipeline
12:31:00  src.cpcv.pipeline  INFO  ============================================================
12:31:00  src.cpcv.pipeline  INFO    Models:         ['lstm']
12:31:00  src.cpcv.pipeline  INFO    Seeds/fold:     3
12:31:00  src.cpcv.pipeline  INFO    Groups (N):     8
12:31:00  src.cpcv.pipeline  INFO    Test groups (k):2
12:31:00  src.cpcv.pipeline  INFO    Embargo:        1.0%
12:31:00  src.cpcv.pipeline  INFO    FFD columns:    ['atr']
12:31:00  src.cpcv.pipeline  INFO    Samples:        1168
12:31:00  src.cpcv.pipeline  INFO    Features:       73
12:31:00  src.cpcv.pipeline  INFO    Splits:         28, Paths: 7
12:31:00  src.cpcv.pipeline  INFO    Tuning:         NESTED (per-split) — ['lstm'] [30 trials]
12:31:00  src.cpcv.pipeline  INFO  ============================================================
12:31:00  src.cpcv.preprocessing  INFO  Computing MDA (Random Forest)...
12:31:39  src.cpcv.preprocessing  INFO  Computing MDA (Logistic Regression)...
12:31:41  src.cpcv.preprocessing  INFO  Multi-model MDA: 31/73 passed (MDA > 0), 42 eliminated
12:31:41  src.cpcv.preprocessing  INFO    Capped at 14 features (top_k_frac=0.2)
12:31:41  src.cpcv.preprocessing  INFO    Selected (14): ['ema_ratio_20_50', 'eth_btc_ratio', 'exchange_supply_pct', 'jarque_bera', 'log_returns', 'log_returns_lag6', 'macd_hist', 'natgas_ret_30', 'skewness', 'smt_exp', 'sp500_ret_30', 'variance_ratio', 'vix', 'yield_curve_2y10y']
12:31:41  src.cpcv.pipeline  INFO    Preprocessing: 14 features selected, train=605 + val=130 + cal=130, test=93
12:31:41  src.cpcv.tuning  INFO  Tuning (1 model) — Optuna TPE + Purged K-Fold (inner: 3 folds, embargo=10 obs)
12:31:41  src.cpcv.tuning  INFO    [tuning] lstm: 3 purged K-fold splits, 30 Optuna trials (TPE)
12:32:44  src.cpcv.tuning  INFO      lstm: 28 completed, 2 pruned (of 30 total) — best log_loss=0.6821, params={'hidden_size': 8, 'dropout': 0.466953867292609, 'learning_rate': 0.038989159990370274}
12:32:44  src.cpcv.tuning  INFO    [tuning] lstm done in 62.7s — best log_loss=0.6821
12:32:44  src.cpcv.tuning  INFO  Tuning total: 62.7s
12:32:44  src.cpcv.pipeline  INFO      applied lstm: {'hidden_size': 8, 'num_layers': 1, 'dropout': 0.466953867292609, 'learning_rate': 0.038989159990370274}
12:32:45  src.cpcv.pipeline  INFO    [  1/84]                 lstm (seed=0) F1=0.292  AUC=0.582  LL=1.2239 (1.8s)
12:32:46  src.cpcv.pipeline  INFO    [  2/84]                 lstm (seed=1) F1=0.370  AUC=0.516  LL=0.6898 (1.0s)
12:32:47  src.cpcv.pipeline  INFO    [  3/84]                 lstm (seed=2) F1=0.292  AUC=0.492  LL=0.8169 (1.0s)
12:32:48  src.cpcv.preprocessing  INFO  Computing MDA (Random Forest)...
12:33:28  src.cpcv.preprocessing  INFO  Computing MDA (Logistic Regression)...
12:33:29  src.cpcv.preprocessing  INFO  Multi-model MDA: 39/73 passed (MDA > 0), 34 eliminated
12:33:29  src.cpcv.preprocessing  INFO    Capped at 14 features (top_k_frac=0.2)
12:33:29  src.cpcv.preprocessing  INFO    Selected (14): ['cci_14', 'copper_ret_14', 'ema_ratio_50_200', 'gk_vol', 'gold_ret_30', 'log_returns', 'natgas_ret_30', 'oil_ret_14', 'oil_ret_30', 'roc_14', 'rsi', 'silver_ret_30', 'stoch_d', 'yz_vol']
12:33:29  src.cpcv.pipeline  INFO    Preprocessing: 14 features selected, train=566 + val=121 + cal=122, test=146
12:33:29  src.cpcv.tuning  INFO  Tuning (1 model) — Optuna TPE + Purged K-Fold (inner: 3 folds, embargo=10 obs)
12:33:29  src.cpcv.tuning  INFO    [tuning] lstm: 3 purged K-fold splits, 30 Optuna trials (TPE)
12:34:32  src.cpcv.tuning  INFO      lstm: 24 completed, 6 pruned (of 30 total) — best log_loss=0.6796, params={'hidden_size': 8, 'dropout': 0.32279682206658294, 'learning_rate': 0.04722243491534861}
12:34:32  src.cpcv.tuning  INFO    [tuning] lstm done in 62.7s — best log_loss=0.6796
12:34:32  src.cpcv.tuning  INFO  Tuning total: 62.7s
12:34:32  src.cpcv.pipeline  INFO      applied lstm: {'hidden_size': 8, 'num_layers': 1, 'dropout': 0.32279682206658294, 'learning_rate': 0.04722243491534861}
12:34:33  src.cpcv.pipeline  INFO    [  4/84]                 lstm (seed=0) F1=0.500  AUC=0.505  LL=0.8952 (0.8s)
12:34:34  src.cpcv.pipeline  INFO    [  5/84]                 lstm (seed=1) F1=0.397  AUC=0.458  LL=0.7078 (0.9s)
12:34:35  src.cpcv.pipeline  INFO    [  6/84]                 lstm (seed=2) F1=0.462  AUC=0.436  LL=0.7089 (0.9s)
12:34:35  src.cpcv.preprocessing  INFO  Computing MDA (Random Forest)...
12:35:14  src.cpcv.preprocessing  INFO  Computing MDA (Logistic Regression)...
12:35:15  src.cpcv.preprocessing  INFO  Multi-model MDA: 36/73 passed (MDA > 0), 37 eliminated
12:35:15  src.cpcv.preprocessing  INFO    Capped at 14 features (top_k_frac=0.2)
12:35:15  src.cpcv.preprocessing  INFO    Selected (14): ['atr', 'cci_14', 'dxy_roc_30', 'ema_ratio_20_50', 'eth_btc_ratio', 'log_returns', 'log_returns_lag1', 'log_returns_lag5', 'log_returns_lag6', 'mvrv', 'natgas_ret_30', 'oil_ret_14', 'smt_poly1', 'stoch_d']
12:35:15  src.cpcv.pipeline  INFO    Preprocessing: 14 features selected, train=567 + val=122 + cal=122, test=146
12:35:15  src.cpcv.tuning  INFO  Tuning (1 model) — Optuna TPE + Purged K-Fold (inner: 3 folds, embargo=10 obs)
12:35:15  src.cpcv.tuning  INFO    [tuning] lstm: 3 purged K-fold splits, 30 Optuna trials (TPE)
12:36:04  src.cpcv.tuning  INFO      lstm: 15 completed, 15 pruned (of 30 total) — best log_loss=0.6817, params={'hidden_size': 8, 'dropout': 0.4968578463950409, 'learning_rate': 0.022362985414277146}
12:36:04  src.cpcv.tuning  INFO    [tuning] lstm done in 49.1s — best log_loss=0.6817
12:36:04  src.cpcv.tuning  INFO  Tuning total: 49.1s
12:36:04  src.cpcv.pipeline  INFO      applied lstm: {'hidden_size': 8, 'num_layers': 1, 'dropout': 0.4968578463950409, 'learning_rate': 0.022362985414277146}
12:36:05  src.cpcv.pipeline  INFO    [  7/84]                 lstm (seed=0) F1=0.345  AUC=0.487  LL=0.6920 (0.9s)
12:36:06  src.cpcv.pipeline  INFO    [  8/84]                 lstm (seed=1) F1=0.539  AUC=0.532  LL=0.7014 (1.2s)
12:36:07  src.cpcv.pipeline  INFO    [  9/84]                 lstm (seed=2) F1=0.392  AUC=0.540  LL=0.7078 (0.9s)
12:36:08  src.cpcv.preprocessing  INFO  Computing MDA (Random Forest)...
12:36:46  src.cpcv.preprocessing  INFO  Computing MDA (Logistic Regression)...
12:36:47  src.cpcv.preprocessing  INFO  Multi-model MDA: 39/73 passed (MDA > 0), 34 eliminated
12:36:47  src.cpcv.preprocessing  INFO    Capped at 14 features (top_k_frac=0.2)
12:36:47  src.cpcv.preprocessing  INFO    Selected (14): ['atr', 'cci_14', 'eth_btc_ratio', 'hashrate_roc_30', 'log_returns_lag21', 'lz_complexity', 'mvrv', 'natgas_ret_30', 'realized_vol', 'sadf', 'sp500_ret_14', 'tx_count_roc_14', 'variance_ratio', 'vix']
12:36:47  src.cpcv.pipeline  INFO    Preprocessing: 14 features selected, train=567 + val=122 + cal=122, test=146
12:36:47  src.cpcv.tuning  INFO  Tuning (1 model) — Optuna TPE + Purged K-Fold (inner: 3 folds, embargo=10 obs)
12:36:47  src.cpcv.tuning  INFO    [tuning] lstm: 3 purged K-fold splits, 30 Optuna trials (TPE)
12:37:36  src.cpcv.tuning  INFO      lstm: 21 completed, 9 pruned (of 30 total) — best log_loss=0.6868, params={'hidden_size': 8, 'dropout': 0.468451537029021, 'learning_rate': 0.017296626730762425}
12:37:36  src.cpcv.tuning  INFO    [tuning] lstm done in 49.0s — best log_loss=0.6868
12:37:36  src.cpcv.tuning  INFO  Tuning total: 49.0s
12:37:36  src.cpcv.pipeline  INFO      applied lstm: {'hidden_size': 8, 'num_layers': 1, 'dropout': 0.468451537029021, 'learning_rate': 0.017296626730762425}
12:37:37  src.cpcv.pipeline  INFO    [ 10/84]                 lstm (seed=0) F1=0.390  AUC=0.435  LL=0.6988 (0.8s)
12:37:38  src.cpcv.pipeline  INFO    [ 11/84]                 lstm (seed=1) F1=0.362  AUC=0.405  LL=0.7215 (0.8s)
12:37:39  src.cpcv.pipeline  INFO    [ 12/84]                 lstm (seed=2) F1=0.506  AUC=0.497  LL=0.6900 (1.0s)
12:37:39  src.cpcv.preprocessing  INFO  Computing MDA (Random Forest)...
12:38:18  src.cpcv.preprocessing  INFO  Computing MDA (Logistic Regression)...
12:38:20  src.cpcv.preprocessing  INFO  Multi-model MDA: 36/73 passed (MDA > 0), 37 eliminated
12:38:20  src.cpcv.preprocessing  INFO    Capped at 14 features (top_k_frac=0.2)
12:38:20  src.cpcv.preprocessing  INFO    Selected (14): ['active_addr_roc_14', 'atr', 'eth_btc_ratio', 'exchange_supply_pct', 'issuance_ntv', 'log_returns_lag1', 'log_returns_lag5', 'log_returns_lag7', 'obv', 'oil_ret_14', 'roc_14', 'skewness', 'smt_exp', 'vix']
12:38:20  src.cpcv.pipeline  INFO    Preprocessing: 14 features selected, train=567 + val=122 + cal=122, test=146
12:38:20  src.cpcv.tuning  INFO  Tuning (1 model) — Optuna TPE + Purged K-Fold (inner: 3 folds, embargo=10 obs)
12:38:20  src.cpcv.tuning  INFO    [tuning] lstm: 3 purged K-fold splits, 30 Optuna trials (TPE)
12:39:08  src.cpcv.tuning  INFO      lstm: 15 completed, 15 pruned (of 30 total) — best log_loss=0.6722, params={'hidden_size': 8, 'dropout': 0.3616896573131581, 'learning_rate': 0.02823170649143091}
12:39:08  src.cpcv.tuning  INFO    [tuning] lstm done in 48.4s — best log_loss=0.6722
12:39:08  src.cpcv.tuning  INFO  Tuning total: 48.4s
12:39:08  src.cpcv.pipeline  INFO      applied lstm: {'hidden_size': 8, 'num_layers': 1, 'dropout': 0.3616896573131581, 'learning_rate': 0.02823170649143091}
12:39:09  src.cpcv.pipeline  INFO    [ 13/84]                 lstm (seed=0) F1=0.458  AUC=0.437  LL=0.7814 (1.1s)
12:39:11  src.cpcv.pipeline  INFO    [ 14/84]                 lstm (seed=1) F1=0.517  AUC=0.525  LL=0.7368 (1.2s)
12:39:11  src.cpcv.pipeline  INFO    [ 15/84]                 lstm (seed=2) F1=0.476  AUC=0.458  LL=0.6952 (0.9s)
12:39:12  src.cpcv.preprocessing  INFO  Computing MDA (Random Forest)...
12:39:51  src.cpcv.preprocessing  INFO  Computing MDA (Logistic Regression)...
12:39:53  src.cpcv.preprocessing  INFO  Multi-model MDA: 40/73 passed (MDA > 0), 33 eliminated
12:39:53  src.cpcv.preprocessing  INFO    Capped at 14 features (top_k_frac=0.2)
12:39:53  src.cpcv.preprocessing  INFO    Selected (14): ['atr', 'chaikin_osc', 'eth_btc_ratio', 'hashrate_roc_30', 'jarque_bera', 'kurtosis', 'log_returns_lag30', 'log_returns_lag6', 'obv', 'silver_ret_30', 'variance_ratio', 'vol_term_7_30', 'vwma_ratio_20_50', 'yield_curve_2y10y']
12:39:53  src.cpcv.pipeline  INFO    Preprocessing: 14 features selected, train=567 + val=122 + cal=122, test=146
12:39:53  src.cpcv.tuning  INFO  Tuning (1 model) — Optuna TPE + Purged K-Fold (inner: 3 folds, embargo=10 obs)
12:39:53  src.cpcv.tuning  INFO    [tuning] lstm: 3 purged K-fold splits, 30 Optuna trials (TPE)
12:40:51  src.cpcv.tuning  INFO      lstm: 21 completed, 9 pruned (of 30 total) — best log_loss=0.6740, params={'hidden_size': 8, 'dropout': 0.40345918432683797, 'learning_rate': 0.021801817063143117}
12:40:51  src.cpcv.tuning  INFO    [tuning] lstm done in 58.2s — best log_loss=0.6740
12:40:51  src.cpcv.tuning  INFO  Tuning total: 58.2s
12:40:51  src.cpcv.pipeline  INFO      applied lstm: {'hidden_size': 8, 'num_layers': 1, 'dropout': 0.40345918432683797, 'learning_rate': 0.021801817063143117}
12:40:52  src.cpcv.pipeline  INFO    [ 16/84]                 lstm (seed=0) F1=0.364  AUC=0.570  LL=0.6881 (1.0s)
12:40:53  src.cpcv.pipeline  INFO    [ 17/84]                 lstm (seed=1) F1=0.502  AUC=0.560  LL=0.7349 (1.1s)
12:40:54  src.cpcv.pipeline  INFO    [ 18/84]                 lstm (seed=2) F1=0.507  AUC=0.580  LL=0.6975 (1.1s)
12:40:55  src.cpcv.preprocessing  INFO  Computing MDA (Random Forest)...
12:41:33  src.cpcv.preprocessing  INFO  Computing MDA (Logistic Regression)...
12:41:35  src.cpcv.preprocessing  INFO  Multi-model MDA: 40/73 passed (MDA > 0), 33 eliminated
12:41:35  src.cpcv.preprocessing  INFO    Capped at 14 features (top_k_frac=0.2)
12:41:35  src.cpcv.preprocessing  INFO    Selected (14): ['active_addr_roc_14', 'chaikin_osc', 'copper_ret_14', 'hashrate_roc_30', 'hurst', 'kurtosis', 'log_returns', 'log_returns_lag3', 'realized_vol', 'us10y', 'variance_ratio', 'vix', 'williams_r', 'yield_curve_2y10y']
12:41:35  src.cpcv.pipeline  INFO    Preprocessing: 14 features selected, train=575 + val=123 + cal=124, test=146
12:41:35  src.cpcv.tuning  INFO  Tuning (1 model) — Optuna TPE + Purged K-Fold (inner: 3 folds, embargo=10 obs)
12:41:35  src.cpcv.tuning  INFO    [tuning] lstm: 3 purged K-fold splits, 30 Optuna trials (TPE)
12:42:18  src.cpcv.tuning  INFO      lstm: 15 completed, 15 pruned (of 30 total) — best log_loss=0.6874, params={'hidden_size': 16, 'dropout': 0.2043551304765077, 'learning_rate': 0.028168262317655422}
12:42:18  src.cpcv.tuning  INFO    [tuning] lstm done in 43.1s — best log_loss=0.6874
12:42:18  src.cpcv.tuning  INFO  Tuning total: 43.1s
12:42:18  src.cpcv.pipeline  INFO      applied lstm: {'hidden_size': 16, 'num_layers': 1, 'dropout': 0.2043551304765077, 'learning_rate': 0.028168262317655422}
12:42:19  src.cpcv.pipeline  INFO    [ 19/84]                 lstm (seed=0) F1=0.351  AUC=0.581  LL=0.6908 (1.1s)
12:42:20  src.cpcv.pipeline  INFO    [ 20/84]                 lstm (seed=1) F1=0.351  AUC=0.564  LL=0.6897 (0.9s)
12:42:21  src.cpcv.pipeline  INFO    [ 21/84]                 lstm (seed=2) F1=0.348  AUC=0.498  LL=0.7050 (0.9s)
12:42:21  src.cpcv.preprocessing  INFO  Computing MDA (Random Forest)...
12:42:55  src.cpcv.preprocessing  INFO  Computing MDA (Logistic Regression)...
12:42:56  src.cpcv.preprocessing  INFO  Multi-model MDA: 37/73 passed (MDA > 0), 36 eliminated
12:42:56  src.cpcv.preprocessing  INFO    Capped at 14 features (top_k_frac=0.2)
12:42:56  src.cpcv.preprocessing  INFO    Selected (14): ['dxy_roc_30', 'gold_ret_30', 'log_returns', 'log_returns_lag2', 'log_returns_lag4', 'natgas_ret_30', 'negentropy', 'obv', 'rsi', 'silver_ret_30', 'skewness', 'tx_count_roc_14', 'us10y', 'us2y']
12:42:56  src.cpcv.pipeline  INFO    Preprocessing: 14 features selected, train=503 + val=108 + cal=108, test=239
12:42:56  src.cpcv.tuning  INFO  Tuning (1 model) — Optuna TPE + Purged K-Fold (inner: 3 folds, embargo=10 obs)
12:42:56  src.cpcv.tuning  INFO    [tuning] lstm: 3 purged K-fold splits, 30 Optuna trials (TPE)
12:43:36  src.cpcv.tuning  INFO      lstm: 20 completed, 10 pruned (of 30 total) — best log_loss=0.6821, params={'hidden_size': 8, 'dropout': 0.35545971025819184, 'learning_rate': 0.018354506076514166}
12:43:36  src.cpcv.tuning  INFO    [tuning] lstm done in 39.3s — best log_loss=0.6821
12:43:36  src.cpcv.tuning  INFO  Tuning total: 39.3s
12:43:36  src.cpcv.pipeline  INFO      applied lstm: {'hidden_size': 8, 'num_layers': 1, 'dropout': 0.35545971025819184, 'learning_rate': 0.018354506076514166}
12:43:36  src.cpcv.pipeline  INFO    [ 22/84]                 lstm (seed=0) F1=0.337  AUC=0.583  LL=0.6933 (0.7s)
12:43:37  src.cpcv.pipeline  INFO    [ 23/84]                 lstm (seed=1) F1=0.444  AUC=0.515  LL=0.6955 (1.0s)
12:43:38  src.cpcv.pipeline  INFO    [ 24/84]                 lstm (seed=2) F1=0.399  AUC=0.578  LL=0.7114 (0.9s)
12:43:39  src.cpcv.preprocessing  INFO  Computing MDA (Random Forest)...
12:44:13  src.cpcv.preprocessing  INFO  Computing MDA (Logistic Regression)...
12:44:14  src.cpcv.preprocessing  INFO  Multi-model MDA: 38/73 passed (MDA > 0), 35 eliminated
12:44:14  src.cpcv.preprocessing  INFO    Capped at 14 features (top_k_frac=0.2)
12:44:14  src.cpcv.preprocessing  INFO    Selected (14): ['cci_14', 'dxy_roc_30', 'eth_btc_ratio', 'hashrate_roc_30', 'jarque_bera', 'kurtosis', 'log_returns_lag2', 'log_returns_lag6', 'macd', 'macd_hist', 'natgas_ret_30', 'negentropy', 'us10y', 'vol_term_7_30']
12:44:14  src.cpcv.pipeline  INFO    Preprocessing: 14 features selected, train=494 + val=106 + cal=107, test=239
12:44:14  src.cpcv.tuning  INFO  Tuning (1 model) — Optuna TPE + Purged K-Fold (inner: 3 folds, embargo=10 obs)
12:44:14  src.cpcv.tuning  INFO    [tuning] lstm: 3 purged K-fold splits, 30 Optuna trials (TPE)
12:45:02  src.cpcv.tuning  INFO      lstm: 20 completed, 10 pruned (of 30 total) — best log_loss=0.6911, params={'hidden_size': 8, 'dropout': 0.49754082124249444, 'learning_rate': 0.025191630722620987}
12:45:02  src.cpcv.tuning  INFO    [tuning] lstm done in 48.1s — best log_loss=0.6911
12:45:02  src.cpcv.tuning  INFO  Tuning total: 48.1s
12:45:02  src.cpcv.pipeline  INFO      applied lstm: {'hidden_size': 8, 'num_layers': 1, 'dropout': 0.49754082124249444, 'learning_rate': 0.025191630722620987}
12:45:04  src.cpcv.pipeline  INFO    [ 25/84]                 lstm (seed=0) F1=0.468  AUC=0.533  LL=0.6870 (2.1s)
12:45:06  src.cpcv.pipeline  INFO    [ 26/84]                 lstm (seed=1) F1=0.437  AUC=0.506  LL=0.7011 (1.4s)
12:45:07  src.cpcv.pipeline  INFO    [ 27/84]                 lstm (seed=2) F1=0.360  AUC=0.505  LL=0.6871 (1.2s)
12:45:07  src.cpcv.preprocessing  INFO  Computing MDA (Random Forest)...
12:45:41  src.cpcv.preprocessing  INFO  Computing MDA (Logistic Regression)...
12:45:43  src.cpcv.preprocessing  INFO  Multi-model MDA: 37/73 passed (MDA > 0), 36 eliminated
12:45:43  src.cpcv.preprocessing  INFO    Capped at 14 features (top_k_frac=0.2)
12:45:43  src.cpcv.preprocessing  INFO    Selected (14): ['cci_14', 'chaikin_osc', 'dxy_roc_30', 'eth_btc_ratio', 'gold_ret_14', 'hashrate_roc_30', 'jarque_bera', 'log_returns_lag4', 'natgas_ret_30', 'roc_14', 'rsi', 'smt_exp', 'sp500_ret_14', 'williams_r']
12:45:43  src.cpcv.pipeline  INFO    Preprocessing: 14 features selected, train=494 + val=106 + cal=107, test=239
12:45:43  src.cpcv.tuning  INFO  Tuning (1 model) — Optuna TPE + Purged K-Fold (inner: 3 folds, embargo=10 obs)
12:45:43  src.cpcv.tuning  INFO    [tuning] lstm: 3 purged K-fold splits, 30 Optuna trials (TPE)
12:46:20  src.cpcv.tuning  INFO      lstm: 7 completed, 23 pruned (of 30 total) — best log_loss=0.6761, params={'hidden_size': 8, 'dropout': 0.4852142919229748, 'learning_rate': 0.009454306819536176}
12:46:20  src.cpcv.tuning  INFO    [tuning] lstm done in 37.4s — best log_loss=0.6761
12:46:20  src.cpcv.tuning  INFO  Tuning total: 37.4s
12:46:20  src.cpcv.pipeline  INFO      applied lstm: {'hidden_size': 8, 'num_layers': 1, 'dropout': 0.4852142919229748, 'learning_rate': 0.009454306819536176}
12:46:21  src.cpcv.pipeline  INFO    [ 28/84]                 lstm (seed=0) F1=0.486  AUC=0.554  LL=0.6987 (0.8s)
12:46:22  src.cpcv.pipeline  INFO    [ 29/84]                 lstm (seed=1) F1=0.492  AUC=0.494  LL=0.6903 (1.1s)
12:46:23  src.cpcv.pipeline  INFO    [ 30/84]                 lstm (seed=2) F1=0.501  AUC=0.579  LL=0.7331 (1.1s)
12:46:24  src.cpcv.preprocessing  INFO  Computing MDA (Random Forest)...
12:46:58  src.cpcv.preprocessing  INFO  Computing MDA (Logistic Regression)...
12:47:00  src.cpcv.preprocessing  INFO  Multi-model MDA: 37/73 passed (MDA > 0), 36 eliminated
12:47:00  src.cpcv.preprocessing  INFO    Capped at 14 features (top_k_frac=0.2)
12:47:00  src.cpcv.preprocessing  INFO    Selected (14): ['cci_14', 'ema_ratio_20_50', 'fee_per_tx', 'gold_ret_30', 'hashrate_roc_30', 'jarque_bera', 'log_returns', 'log_returns_lag6', 'mfi_14', 'natgas_ret_14', 'natgas_ret_30', 'silver_ret_30', 'skewness', 'sp500_ret_14']
12:47:00  src.cpcv.pipeline  INFO    Preprocessing: 14 features selected, train=494 + val=106 + cal=107, test=239
12:47:00  src.cpcv.tuning  INFO  Tuning (1 model) — Optuna TPE + Purged K-Fold (inner: 3 folds, embargo=10 obs)
12:47:00  src.cpcv.tuning  INFO    [tuning] lstm: 3 purged K-fold splits, 30 Optuna trials (TPE)
12:47:46  src.cpcv.tuning  INFO      lstm: 19 completed, 11 pruned (of 30 total) — best log_loss=0.6765, params={'hidden_size': 16, 'dropout': 0.3768795505537278, 'learning_rate': 0.03660485691819791}
12:47:46  src.cpcv.tuning  INFO    [tuning] lstm done in 46.3s — best log_loss=0.6765
12:47:46  src.cpcv.tuning  INFO  Tuning total: 46.3s
12:47:46  src.cpcv.pipeline  INFO      applied lstm: {'hidden_size': 16, 'num_layers': 1, 'dropout': 0.3768795505537278, 'learning_rate': 0.03660485691819791}
12:47:47  src.cpcv.pipeline  INFO    [ 31/84]                 lstm (seed=0) F1=0.345  AUC=0.513  LL=0.6917 (0.8s)
12:47:48  src.cpcv.pipeline  INFO    [ 32/84]                 lstm (seed=1) F1=0.464  AUC=0.548  LL=0.6961 (0.7s)
12:47:48  src.cpcv.pipeline  INFO    [ 33/84]                 lstm (seed=2) F1=0.536  AUC=0.546  LL=0.7112 (0.9s)
12:47:49  src.cpcv.preprocessing  INFO  Computing MDA (Random Forest)...
12:48:23  src.cpcv.preprocessing  INFO  Computing MDA (Logistic Regression)...
12:48:25  src.cpcv.preprocessing  INFO  Multi-model MDA: 34/73 passed (MDA > 0), 39 eliminated
12:48:25  src.cpcv.preprocessing  INFO    Capped at 14 features (top_k_frac=0.2)
12:48:25  src.cpcv.preprocessing  INFO    Selected (14): ['atr', 'copper_ret_14', 'eth_btc_ratio', 'fee_per_tx', 'jarque_bera', 'log_returns_lag4', 'log_returns_lag6', 'oil_ret_14', 'skewness', 'sp500_ret_30', 'variance_ratio', 'vix', 'vol_term_7_30', 'yield_curve_10y30y']
12:48:25  src.cpcv.pipeline  INFO    Preprocessing: 14 features selected, train=494 + val=106 + cal=107, test=239
12:48:25  src.cpcv.tuning  INFO  Tuning (1 model) — Optuna TPE + Purged K-Fold (inner: 3 folds, embargo=10 obs)
12:48:25  src.cpcv.tuning  INFO    [tuning] lstm: 3 purged K-fold splits, 30 Optuna trials (TPE)
12:49:17  src.cpcv.tuning  INFO      lstm: 16 completed, 14 pruned (of 30 total) — best log_loss=0.6738, params={'hidden_size': 8, 'dropout': 0.3542284324393026, 'learning_rate': 0.018260470919585034}
12:49:17  src.cpcv.tuning  INFO    [tuning] lstm done in 51.9s — best log_loss=0.6738
12:49:17  src.cpcv.tuning  INFO  Tuning total: 51.9s
12:49:17  src.cpcv.pipeline  INFO      applied lstm: {'hidden_size': 8, 'num_layers': 1, 'dropout': 0.3542284324393026, 'learning_rate': 0.018260470919585034}
12:49:18  src.cpcv.pipeline  INFO    [ 34/84]                 lstm (seed=0) F1=0.322  AUC=0.519  LL=0.8519 (1.0s)
12:49:18  src.cpcv.pipeline  INFO    [ 35/84]                 lstm (seed=1) F1=0.510  AUC=0.534  LL=0.7284 (0.8s)
12:49:19  src.cpcv.pipeline  INFO    [ 36/84]                 lstm (seed=2) F1=0.428  AUC=0.458  LL=0.6996 (0.7s)
12:49:19  src.cpcv.preprocessing  INFO  Computing MDA (Random Forest)...
12:49:55  src.cpcv.preprocessing  INFO  Computing MDA (Logistic Regression)...
12:49:56  src.cpcv.preprocessing  INFO  Multi-model MDA: 39/73 passed (MDA > 0), 34 eliminated
12:49:56  src.cpcv.preprocessing  INFO    Capped at 14 features (top_k_frac=0.2)
12:49:56  src.cpcv.preprocessing  INFO    Selected (14): ['dxy_roc_30', 'eth_btc_ratio', 'jarque_bera', 'kurtosis', 'log_returns_lag3', 'macd_hist', 'nasdaq_ret_30', 'obv', 'oil_ret_14', 'sadf', 'sp500_ret_30', 'williams_r', 'yield_curve_2y10y', 'yz_vol']
12:49:56  src.cpcv.pipeline  INFO    Preprocessing: 14 features selected, train=502 + val=108 + cal=108, test=239
12:49:56  src.cpcv.tuning  INFO  Tuning (1 model) — Optuna TPE + Purged K-Fold (inner: 3 folds, embargo=10 obs)
12:49:56  src.cpcv.tuning  INFO    [tuning] lstm: 3 purged K-fold splits, 30 Optuna trials (TPE)
12:50:39  src.cpcv.tuning  INFO      lstm: 16 completed, 14 pruned (of 30 total) — best log_loss=0.6874, params={'hidden_size': 16, 'dropout': 0.2032639475530097, 'learning_rate': 0.04492804320059423}
12:50:39  src.cpcv.tuning  INFO    [tuning] lstm done in 42.5s — best log_loss=0.6874
12:50:39  src.cpcv.tuning  INFO  Tuning total: 42.5s
12:50:39  src.cpcv.pipeline  INFO      applied lstm: {'hidden_size': 16, 'num_layers': 1, 'dropout': 0.2032639475530097, 'learning_rate': 0.04492804320059423}
12:50:40  src.cpcv.pipeline  INFO    [ 37/84]                 lstm (seed=0) F1=0.363  AUC=0.488  LL=0.6835 (1.2s)
12:50:41  src.cpcv.pipeline  INFO    [ 38/84]                 lstm (seed=1) F1=0.481  AUC=0.517  LL=0.6897 (0.9s)
12:50:42  src.cpcv.pipeline  INFO    [ 39/84]                 lstm (seed=2) F1=0.363  AUC=0.469  LL=0.6855 (1.0s)
12:50:42  src.cpcv.preprocessing  INFO  Computing MDA (Random Forest)...
12:51:17  src.cpcv.preprocessing  INFO  Computing MDA (Logistic Regression)...
12:51:18  src.cpcv.preprocessing  INFO  Multi-model MDA: 37/73 passed (MDA > 0), 36 eliminated
12:51:18  src.cpcv.preprocessing  INFO    Capped at 14 features (top_k_frac=0.2)
12:51:18  src.cpcv.preprocessing  INFO    Selected (14): ['eth_btc_ratio', 'log_returns_lag2', 'log_returns_lag6', 'macd_hist', 'obv', 'oil_ret_30', 'roc_14', 'sadf', 'silver_ret_30', 'sp500_ret_30', 'stoch_d', 'vol_term_30_90', 'williams_r', 'yield_curve_2y10y']
12:51:18  src.cpcv.pipeline  INFO    Preprocessing: 14 features selected, train=464 + val=99 + cal=100, test=292
12:51:18  src.cpcv.tuning  INFO  Tuning (1 model) — Optuna TPE + Purged K-Fold (inner: 3 folds, embargo=10 obs)
12:51:18  src.cpcv.tuning  INFO    [tuning] lstm: 3 purged K-fold splits, 30 Optuna trials (TPE)
12:51:58  src.cpcv.tuning  INFO      lstm: 18 completed, 12 pruned (of 30 total) — best log_loss=0.6851, params={'hidden_size': 8, 'dropout': 0.41365590664780355, 'learning_rate': 0.04839964507282664}
12:51:58  src.cpcv.tuning  INFO    [tuning] lstm done in 39.6s — best log_loss=0.6851
12:51:58  src.cpcv.tuning  INFO  Tuning total: 39.6s
12:51:58  src.cpcv.pipeline  INFO      applied lstm: {'hidden_size': 8, 'num_layers': 1, 'dropout': 0.41365590664780355, 'learning_rate': 0.04839964507282664}
12:51:58  src.cpcv.pipeline  INFO    [ 40/84]                 lstm (seed=0) F1=0.462  AUC=0.496  LL=0.7219 (0.9s)
12:51:59  src.cpcv.pipeline  INFO    [ 41/84]                 lstm (seed=1) F1=0.337  AUC=0.561  LL=0.6949 (1.0s)
12:52:00  src.cpcv.pipeline  INFO    [ 42/84]                 lstm (seed=2) F1=0.358  AUC=0.500  LL=0.6969 (0.8s)
12:52:01  src.cpcv.preprocessing  INFO  Computing MDA (Random Forest)...
12:52:34  src.cpcv.preprocessing  INFO  Computing MDA (Logistic Regression)...
12:52:35  src.cpcv.preprocessing  INFO  Multi-model MDA: 39/73 passed (MDA > 0), 34 eliminated
12:52:35  src.cpcv.preprocessing  INFO    Capped at 14 features (top_k_frac=0.2)
12:52:35  src.cpcv.preprocessing  INFO    Selected (14): ['ema_ratio_20_50', 'eth_btc_ratio', 'issuance_ntv', 'log_returns_lag4', 'mvrv', 'oil_ret_14', 'roc_14', 'skewness', 'sp500_ret_14', 'sp500_ret_30', 'stoch_d', 'us2y', 'yield_curve_10y30y', 'yield_curve_2y10y']
12:52:35  src.cpcv.pipeline  INFO    Preprocessing: 14 features selected, train=455 + val=98 + cal=98, test=292
12:52:35  src.cpcv.tuning  INFO  Tuning (1 model) — Optuna TPE + Purged K-Fold (inner: 3 folds, embargo=10 obs)
12:52:35  src.cpcv.tuning  INFO    [tuning] lstm: 3 purged K-fold splits, 30 Optuna trials (TPE)
12:53:14  src.cpcv.tuning  INFO      lstm: 14 completed, 16 pruned (of 30 total) — best log_loss=0.6846, params={'hidden_size': 16, 'dropout': 0.335852876374427, 'learning_rate': 0.04967931340641835}
12:53:14  src.cpcv.tuning  INFO    [tuning] lstm done in 38.5s — best log_loss=0.6846
12:53:14  src.cpcv.tuning  INFO  Tuning total: 38.5s
12:53:14  src.cpcv.pipeline  INFO      applied lstm: {'hidden_size': 16, 'num_layers': 1, 'dropout': 0.335852876374427, 'learning_rate': 0.04967931340641835}
12:53:15  src.cpcv.pipeline  INFO    [ 43/84]                 lstm (seed=0) F1=0.484  AUC=0.544  LL=0.6991 (0.8s)
12:53:16  src.cpcv.pipeline  INFO    [ 44/84]                 lstm (seed=1) F1=0.487  AUC=0.501  LL=0.6947 (1.2s)
12:53:17  src.cpcv.pipeline  INFO    [ 45/84]                 lstm (seed=2) F1=0.478  AUC=0.573  LL=0.7404 (0.7s)
12:53:17  src.cpcv.preprocessing  INFO  Computing MDA (Random Forest)...
12:53:52  src.cpcv.preprocessing  INFO  Computing MDA (Logistic Regression)...
12:53:53  src.cpcv.preprocessing  INFO  Multi-model MDA: 30/73 passed (MDA > 0), 43 eliminated
12:53:53  src.cpcv.preprocessing  INFO    Capped at 14 features (top_k_frac=0.2)
12:53:53  src.cpcv.preprocessing  INFO    Selected (14): ['ema_ratio_50_200', 'log_returns', 'log_returns_lag2', 'log_returns_lag30', 'log_returns_lag7', 'natgas_ret_14', 'natgas_ret_30', 'rsi', 'skewness', 'sp500_ret_14', 'us10y', 'us2y', 'vix', 'yield_curve_10y30y']
12:53:53  src.cpcv.pipeline  INFO    Preprocessing: 14 features selected, train=455 + val=98 + cal=98, test=292
12:53:53  src.cpcv.tuning  INFO  Tuning (1 model) — Optuna TPE + Purged K-Fold (inner: 3 folds, embargo=10 obs)
12:53:53  src.cpcv.tuning  INFO    [tuning] lstm: 3 purged K-fold splits, 30 Optuna trials (TPE)
12:54:30  src.cpcv.tuning  INFO      lstm: 12 completed, 18 pruned (of 30 total) — best log_loss=0.6821, params={'hidden_size': 8, 'dropout': 0.3872250581517096, 'learning_rate': 0.013031452999306192}
12:54:30  src.cpcv.tuning  INFO    [tuning] lstm done in 36.7s — best log_loss=0.6821
12:54:30  src.cpcv.tuning  INFO  Tuning total: 36.7s
12:54:30  src.cpcv.pipeline  INFO      applied lstm: {'hidden_size': 8, 'num_layers': 1, 'dropout': 0.3872250581517096, 'learning_rate': 0.013031452999306192}
12:54:31  src.cpcv.pipeline  INFO    [ 46/84]                 lstm (seed=0) F1=0.494  AUC=0.566  LL=0.6997 (1.1s)
12:54:32  src.cpcv.pipeline  INFO    [ 47/84]                 lstm (seed=1) F1=0.556  AUC=0.567  LL=0.6932 (0.7s)
12:54:32  src.cpcv.pipeline  INFO    [ 48/84]                 lstm (seed=2) F1=0.376  AUC=0.518  LL=0.7836 (0.7s)
12:54:33  src.cpcv.preprocessing  INFO  Computing MDA (Random Forest)...
12:55:07  src.cpcv.preprocessing  INFO  Computing MDA (Logistic Regression)...
12:55:09  src.cpcv.preprocessing  INFO  Multi-model MDA: 37/73 passed (MDA > 0), 36 eliminated
12:55:09  src.cpcv.preprocessing  INFO    Capped at 14 features (top_k_frac=0.2)
12:55:09  src.cpcv.preprocessing  INFO    Selected (14): ['dxy_roc_30', 'exchange_supply_pct', 'jarque_bera', 'log_returns_lag5', 'log_returns_lag6', 'lz_complexity', 'nasdaq_ret_14', 'nasdaq_ret_30', 'obv', 'oil_ret_14', 'rsi', 'sadf', 'silver_ret_30', 'smt_exp']
12:55:09  src.cpcv.pipeline  INFO    Preprocessing: 14 features selected, train=455 + val=98 + cal=98, test=292
12:55:09  src.cpcv.tuning  INFO  Tuning (1 model) — Optuna TPE + Purged K-Fold (inner: 3 folds, embargo=10 obs)
12:55:09  src.cpcv.tuning  INFO    [tuning] lstm: 3 purged K-fold splits, 30 Optuna trials (TPE)
12:55:52  src.cpcv.tuning  INFO      lstm: 21 completed, 9 pruned (of 30 total) — best log_loss=0.6751, params={'hidden_size': 16, 'dropout': 0.2032639475530097, 'learning_rate': 0.04492804320059423}
12:55:52  src.cpcv.tuning  INFO    [tuning] lstm done in 43.1s — best log_loss=0.6751
12:55:52  src.cpcv.tuning  INFO  Tuning total: 43.1s
12:55:52  src.cpcv.pipeline  INFO      applied lstm: {'hidden_size': 16, 'num_layers': 1, 'dropout': 0.2032639475530097, 'learning_rate': 0.04492804320059423}
12:55:53  src.cpcv.pipeline  INFO    [ 49/84]                 lstm (seed=0) F1=0.378  AUC=0.412  LL=0.7325 (0.8s)
12:55:53  src.cpcv.pipeline  INFO    [ 50/84]                 lstm (seed=1) F1=0.340  AUC=0.482  LL=0.6944 (0.8s)
12:55:54  src.cpcv.pipeline  INFO    [ 51/84]                 lstm (seed=2) F1=0.405  AUC=0.439  LL=0.7029 (1.0s)
12:55:55  src.cpcv.preprocessing  INFO  Computing MDA (Random Forest)...
12:56:30  src.cpcv.preprocessing  INFO  Computing MDA (Logistic Regression)...
12:56:31  src.cpcv.preprocessing  INFO  Multi-model MDA: 40/73 passed (MDA > 0), 33 eliminated
12:56:31  src.cpcv.preprocessing  INFO    Capped at 14 features (top_k_frac=0.2)
12:56:31  src.cpcv.preprocessing  INFO    Selected (14): ['chaikin_osc', 'dxy_roc_30', 'exchange_supply_pct', 'fee_per_tx', 'gk_vol', 'jarque_bera', 'kurtosis', 'log_returns_lag1', 'macd_hist', 'natgas_ret_30', 'obv', 'roc_14', 'sadf', 'smt_exp']
12:56:31  src.cpcv.pipeline  INFO    Preprocessing: 14 features selected, train=463 + val=99 + cal=100, test=292
12:56:31  src.cpcv.tuning  INFO  Tuning (1 model) — Optuna TPE + Purged K-Fold (inner: 3 folds, embargo=10 obs)
12:56:31  src.cpcv.tuning  INFO    [tuning] lstm: 3 purged K-fold splits, 30 Optuna trials (TPE)
12:57:17  src.cpcv.tuning  INFO      lstm: 23 completed, 7 pruned (of 30 total) — best log_loss=0.6782, params={'hidden_size': 8, 'dropout': 0.3722218557021118, 'learning_rate': 0.035259183244774964}
12:57:17  src.cpcv.tuning  INFO    [tuning] lstm done in 46.0s — best log_loss=0.6782
12:57:17  src.cpcv.tuning  INFO  Tuning total: 46.0s
12:57:17  src.cpcv.pipeline  INFO      applied lstm: {'hidden_size': 8, 'num_layers': 1, 'dropout': 0.3722218557021118, 'learning_rate': 0.035259183244774964}
12:57:18  src.cpcv.pipeline  INFO    [ 52/84]                 lstm (seed=0) F1=0.340  AUC=0.486  LL=0.7219 (0.9s)
12:57:19  src.cpcv.pipeline  INFO    [ 53/84]                 lstm (seed=1) F1=0.340  AUC=0.446  LL=0.7047 (0.8s)
12:57:19  src.cpcv.pipeline  INFO    [ 54/84]                 lstm (seed=2) F1=0.340  AUC=0.484  LL=0.7040 (0.8s)
12:57:20  src.cpcv.preprocessing  INFO  Computing MDA (Random Forest)...
12:57:55  src.cpcv.preprocessing  INFO  Computing MDA (Logistic Regression)...
12:57:56  src.cpcv.preprocessing  INFO  Multi-model MDA: 39/73 passed (MDA > 0), 34 eliminated
12:57:56  src.cpcv.preprocessing  INFO    Capped at 14 features (top_k_frac=0.2)
12:57:56  src.cpcv.preprocessing  INFO    Selected (14): ['copper_ret_14', 'eth_btc_ratio', 'kurtosis', 'log_returns_lag14', 'log_returns_lag2', 'log_returns_lag3', 'log_returns_lag7', 'lz_complexity', 'natgas_ret_30', 'oil_ret_14', 'rsi', 'skewness', 'smt_poly1', 'sp500_ret_30']
12:57:56  src.cpcv.pipeline  INFO    Preprocessing: 14 features selected, train=465 + val=100 + cal=100, test=292
12:57:56  src.cpcv.tuning  INFO  Tuning (1 model) — Optuna TPE + Purged K-Fold (inner: 3 folds, embargo=10 obs)
12:57:56  src.cpcv.tuning  INFO    [tuning] lstm: 3 purged K-fold splits, 30 Optuna trials (TPE)
12:58:37  src.cpcv.tuning  INFO      lstm: 14 completed, 16 pruned (of 30 total) — best log_loss=0.6742, params={'hidden_size': 8, 'dropout': 0.33567746801602333, 'learning_rate': 0.049390802674934925}
12:58:37  src.cpcv.tuning  INFO    [tuning] lstm done in 40.5s — best log_loss=0.6742
12:58:37  src.cpcv.tuning  INFO  Tuning total: 40.5s
12:58:37  src.cpcv.pipeline  INFO      applied lstm: {'hidden_size': 8, 'num_layers': 1, 'dropout': 0.33567746801602333, 'learning_rate': 0.049390802674934925}
12:58:38  src.cpcv.pipeline  INFO    [ 55/84]                 lstm (seed=0) F1=0.485  AUC=0.501  LL=0.7393 (1.0s)
12:58:39  src.cpcv.pipeline  INFO    [ 56/84]                 lstm (seed=1) F1=0.363  AUC=0.475  LL=0.6844 (1.0s)
12:58:39  src.cpcv.pipeline  INFO    [ 57/84]                 lstm (seed=2) F1=0.363  AUC=0.563  LL=0.6835 (1.0s)
12:58:40  src.cpcv.preprocessing  INFO  Computing MDA (Random Forest)...
12:59:14  src.cpcv.preprocessing  INFO  Computing MDA (Logistic Regression)...
12:59:15  src.cpcv.preprocessing  INFO  Multi-model MDA: 38/73 passed (MDA > 0), 35 eliminated
12:59:15  src.cpcv.preprocessing  INFO    Capped at 14 features (top_k_frac=0.2)
12:59:15  src.cpcv.preprocessing  INFO    Selected (14): ['ema_ratio_20_50', 'log_returns_lag30', 'log_returns_lag5', 'log_returns_lag6', 'log_returns_lag7', 'mvrv', 'net_exchange_flow', 'oil_ret_14', 'silver_ret_14', 'skewness', 'sp500_ret_14', 'us10y', 'variance_ratio', 'vix']
12:59:15  src.cpcv.pipeline  INFO    Preprocessing: 14 features selected, train=457 + val=98 + cal=98, test=292
12:59:15  src.cpcv.tuning  INFO  Tuning (1 model) — Optuna TPE + Purged K-Fold (inner: 3 folds, embargo=10 obs)
12:59:15  src.cpcv.tuning  INFO    [tuning] lstm: 3 purged K-fold splits, 30 Optuna trials (TPE)
12:59:56  src.cpcv.tuning  INFO      lstm: 17 completed, 13 pruned (of 30 total) — best log_loss=0.6776, params={'hidden_size': 8, 'dropout': 0.43331348105208223, 'learning_rate': 0.02692297340710045}
12:59:56  src.cpcv.tuning  INFO    [tuning] lstm done in 40.3s — best log_loss=0.6776
12:59:56  src.cpcv.tuning  INFO  Tuning total: 40.3s
12:59:56  src.cpcv.pipeline  INFO      applied lstm: {'hidden_size': 8, 'num_layers': 1, 'dropout': 0.43331348105208223, 'learning_rate': 0.02692297340710045}
12:59:56  src.cpcv.pipeline  INFO    [ 58/84]                 lstm (seed=0) F1=0.423  AUC=0.549  LL=0.8084 (0.8s)
12:59:57  src.cpcv.pipeline  INFO    [ 59/84]                 lstm (seed=1) F1=0.406  AUC=0.491  LL=0.7613 (0.8s)
12:59:58  src.cpcv.pipeline  INFO    [ 60/84]                 lstm (seed=2) F1=0.452  AUC=0.520  LL=0.7383 (0.7s)
12:59:58  src.cpcv.preprocessing  INFO  Computing MDA (Random Forest)...
13:00:32  src.cpcv.preprocessing  INFO  Computing MDA (Logistic Regression)...
13:00:33  src.cpcv.preprocessing  INFO  Multi-model MDA: 37/73 passed (MDA > 0), 36 eliminated
13:00:33  src.cpcv.preprocessing  INFO    Capped at 14 features (top_k_frac=0.2)
13:00:33  src.cpcv.preprocessing  INFO    Selected (14): ['eth_btc_ratio', 'gold_ret_30', 'kurtosis', 'log_returns_lag3', 'log_returns_lag6', 'log_returns_lag7', 'macd_hist', 'realized_vol', 'silver_ret_30', 'sp500_ret_30', 'stoch_k', 'variance_ratio', 'williams_r', 'yield_curve_2y10y']
13:00:33  src.cpcv.pipeline  INFO    Preprocessing: 14 features selected, train=457 + val=98 + cal=98, test=292
13:00:33  src.cpcv.tuning  INFO  Tuning (1 model) — Optuna TPE + Purged K-Fold (inner: 3 folds, embargo=10 obs)
13:00:33  src.cpcv.tuning  INFO    [tuning] lstm: 3 purged K-fold splits, 30 Optuna trials (TPE)
13:01:16  src.cpcv.tuning  INFO      lstm: 11 completed, 19 pruned (of 30 total) — best log_loss=0.6687, params={'hidden_size': 8, 'dropout': 0.4852142919229748, 'learning_rate': 0.009454306819536176}
13:01:16  src.cpcv.tuning  INFO    [tuning] lstm done in 42.9s — best log_loss=0.6687
13:01:16  src.cpcv.tuning  INFO  Tuning total: 42.9s
13:01:16  src.cpcv.pipeline  INFO      applied lstm: {'hidden_size': 8, 'num_layers': 1, 'dropout': 0.4852142919229748, 'learning_rate': 0.009454306819536176}
13:01:17  src.cpcv.pipeline  INFO    [ 61/84]                 lstm (seed=0) F1=0.493  AUC=0.549  LL=0.7530 (0.8s)
13:01:18  src.cpcv.pipeline  INFO    [ 62/84]                 lstm (seed=1) F1=0.461  AUC=0.508  LL=0.7387 (0.8s)
13:01:20  src.cpcv.pipeline  INFO    [ 63/84]                 lstm (seed=2) F1=0.518  AUC=0.575  LL=0.7289 (2.3s)
13:01:21  src.cpcv.preprocessing  INFO  Computing MDA (Random Forest)...
13:01:56  src.cpcv.preprocessing  INFO  Computing MDA (Logistic Regression)...
13:01:57  src.cpcv.preprocessing  INFO  Multi-model MDA: 38/73 passed (MDA > 0), 35 eliminated
13:01:57  src.cpcv.preprocessing  INFO    Capped at 14 features (top_k_frac=0.2)
13:01:57  src.cpcv.preprocessing  INFO    Selected (14): ['active_addr_roc_14', 'bb_width', 'copper_ret_30', 'eth_btc_ratio', 'exchange_supply_pct', 'log_returns_lag1', 'log_returns_lag5', 'log_returns_lag6', 'oil_ret_14', 'silver_ret_30', 'smt_poly1', 'sp500_ret_30', 'yield_curve_10y30y', 'yz_vol']
13:01:57  src.cpcv.pipeline  INFO    Preprocessing: 14 features selected, train=464 + val=100 + cal=100, test=292
13:01:57  src.cpcv.tuning  INFO  Tuning (1 model) — Optuna TPE + Purged K-Fold (inner: 3 folds, embargo=10 obs)
13:01:57  src.cpcv.tuning  INFO    [tuning] lstm: 3 purged K-fold splits, 30 Optuna trials (TPE)
13:02:39  src.cpcv.tuning  INFO      lstm: 18 completed, 12 pruned (of 30 total) — best log_loss=0.6764, params={'hidden_size': 16, 'dropout': 0.32385921979365445, 'learning_rate': 0.009945820782524237}
13:02:39  src.cpcv.tuning  INFO    [tuning] lstm done in 41.6s — best log_loss=0.6764
13:02:39  src.cpcv.tuning  INFO  Tuning total: 41.6s
13:02:39  src.cpcv.pipeline  INFO      applied lstm: {'hidden_size': 16, 'num_layers': 1, 'dropout': 0.32385921979365445, 'learning_rate': 0.009945820782524237}
13:02:40  src.cpcv.pipeline  INFO    [ 64/84]                 lstm (seed=0) F1=0.353  AUC=0.499  LL=0.7049 (0.7s)
13:02:40  src.cpcv.pipeline  INFO    [ 65/84]                 lstm (seed=1) F1=0.353  AUC=0.574  LL=0.7084 (0.8s)
13:02:41  src.cpcv.pipeline  INFO    [ 66/84]                 lstm (seed=2) F1=0.353  AUC=0.515  LL=0.7390 (0.9s)
13:02:42  src.cpcv.preprocessing  INFO  Computing MDA (Random Forest)...
13:03:17  src.cpcv.preprocessing  INFO  Computing MDA (Logistic Regression)...
13:03:18  src.cpcv.preprocessing  INFO  Multi-model MDA: 38/73 passed (MDA > 0), 35 eliminated
13:03:18  src.cpcv.preprocessing  INFO    Capped at 14 features (top_k_frac=0.2)
13:03:18  src.cpcv.preprocessing  INFO    Selected (14): ['cci_14', 'ema_ratio_20_50', 'fee_per_tx', 'log_returns_lag2', 'log_returns_lag5', 'log_returns_lag6', 'macd', 'macd_hist', 'mfi_14', 'net_exchange_flow', 'obv', 'sadf', 'smt_exp', 'vol_term_30_90']
13:03:18  src.cpcv.pipeline  INFO    Preprocessing: 14 features selected, train=465 + val=100 + cal=100, test=292
13:03:18  src.cpcv.tuning  INFO  Tuning (1 model) — Optuna TPE + Purged K-Fold (inner: 3 folds, embargo=10 obs)
13:03:18  src.cpcv.tuning  INFO    [tuning] lstm: 3 purged K-fold splits, 30 Optuna trials (TPE)
13:04:02  src.cpcv.tuning  INFO      lstm: 17 completed, 13 pruned (of 30 total) — best log_loss=0.6895, params={'hidden_size': 16, 'dropout': 0.4951672006830229, 'learning_rate': 0.033251206284778526}
13:04:02  src.cpcv.tuning  INFO    [tuning] lstm done in 44.3s — best log_loss=0.6895
13:04:02  src.cpcv.tuning  INFO  Tuning total: 44.3s
13:04:02  src.cpcv.pipeline  INFO      applied lstm: {'hidden_size': 16, 'num_layers': 1, 'dropout': 0.4951672006830229, 'learning_rate': 0.033251206284778526}
13:04:03  src.cpcv.pipeline  INFO    [ 67/84]                 lstm (seed=0) F1=0.356  AUC=0.435  LL=0.6881 (1.0s)
13:04:04  src.cpcv.pipeline  INFO    [ 68/84]                 lstm (seed=1) F1=0.356  AUC=0.441  LL=0.6902 (0.9s)
13:04:05  src.cpcv.pipeline  INFO    [ 69/84]                 lstm (seed=2) F1=0.356  AUC=0.509  LL=0.6877 (0.8s)
13:04:05  src.cpcv.preprocessing  INFO  Computing MDA (Random Forest)...
13:04:41  src.cpcv.preprocessing  INFO  Computing MDA (Logistic Regression)...
13:04:42  src.cpcv.preprocessing  INFO  Multi-model MDA: 40/73 passed (MDA > 0), 33 eliminated
13:04:42  src.cpcv.preprocessing  INFO    Capped at 14 features (top_k_frac=0.2)
13:04:42  src.cpcv.preprocessing  INFO    Selected (14): ['bb_width', 'eth_btc_ratio', 'gk_vol', 'gold_ret_30', 'hashrate_roc_30', 'hurst', 'log_returns_lag1', 'log_returns_lag21', 'log_returns_lag4', 'log_returns_lag6', 'nasdaq_ret_14', 'silver_ret_30', 'smt_poly1', 'yield_curve_10y30y']
13:04:42  src.cpcv.pipeline  INFO    Preprocessing: 14 features selected, train=457 + val=98 + cal=98, test=292
13:04:42  src.cpcv.tuning  INFO  Tuning (1 model) — Optuna TPE + Purged K-Fold (inner: 3 folds, embargo=10 obs)
13:04:42  src.cpcv.tuning  INFO    [tuning] lstm: 3 purged K-fold splits, 30 Optuna trials (TPE)
13:05:28  src.cpcv.tuning  INFO      lstm: 17 completed, 13 pruned (of 30 total) — best log_loss=0.6803, params={'hidden_size': 16, 'dropout': 0.22320386537461584, 'learning_rate': 0.014415463504434022}
13:05:28  src.cpcv.tuning  INFO    [tuning] lstm done in 45.9s — best log_loss=0.6803
13:05:28  src.cpcv.tuning  INFO  Tuning total: 45.9s
13:05:28  src.cpcv.pipeline  INFO      applied lstm: {'hidden_size': 16, 'num_layers': 1, 'dropout': 0.22320386537461584, 'learning_rate': 0.014415463504434022}
13:05:29  src.cpcv.pipeline  INFO    [ 70/84]                 lstm (seed=0) F1=0.370  AUC=0.540  LL=0.6821 (0.7s)
13:05:29  src.cpcv.pipeline  INFO    [ 71/84]                 lstm (seed=1) F1=0.539  AUC=0.550  LL=0.6806 (0.8s)
13:05:30  src.cpcv.pipeline  INFO    [ 72/84]                 lstm (seed=2) F1=0.541  AUC=0.540  LL=0.6891 (0.7s)
13:05:31  src.cpcv.preprocessing  INFO  Computing MDA (Random Forest)...
13:06:05  src.cpcv.preprocessing  INFO  Computing MDA (Logistic Regression)...
13:06:06  src.cpcv.preprocessing  INFO  Multi-model MDA: 41/73 passed (MDA > 0), 32 eliminated
13:06:06  src.cpcv.preprocessing  INFO    Capped at 14 features (top_k_frac=0.2)
13:06:06  src.cpcv.preprocessing  INFO    Selected (14): ['ema_ratio_50_200', 'gk_vol', 'log_returns_lag1', 'log_returns_lag14', 'log_returns_lag21', 'log_returns_lag3', 'log_returns_lag30', 'log_returns_lag4', 'nasdaq_ret_30', 'realized_vol', 'silver_ret_30', 'smt_poly1', 'tx_count_roc_14', 'vol_term_7_30']
13:06:06  src.cpcv.pipeline  INFO    Preprocessing: 14 features selected, train=464 + val=100 + cal=100, test=292
13:06:06  src.cpcv.tuning  INFO  Tuning (1 model) — Optuna TPE + Purged K-Fold (inner: 3 folds, embargo=10 obs)
13:06:06  src.cpcv.tuning  INFO    [tuning] lstm: 3 purged K-fold splits, 30 Optuna trials (TPE)
13:06:38  src.cpcv.tuning  INFO      lstm: 13 completed, 17 pruned (of 30 total) — best log_loss=0.6955, params={'hidden_size': 16, 'dropout': 0.20174565862100655, 'learning_rate': 0.04492226065529691}
13:06:38  src.cpcv.tuning  INFO    [tuning] lstm done in 32.2s — best log_loss=0.6955
13:06:38  src.cpcv.tuning  INFO  Tuning total: 32.2s
13:06:38  src.cpcv.pipeline  INFO      applied lstm: {'hidden_size': 16, 'num_layers': 1, 'dropout': 0.20174565862100655, 'learning_rate': 0.04492226065529691}
13:06:39  src.cpcv.pipeline  INFO    [ 73/84]                 lstm (seed=0) F1=0.370  AUC=0.458  LL=0.6795 (0.9s)
13:06:40  src.cpcv.pipeline  INFO    [ 74/84]                 lstm (seed=1) F1=0.370  AUC=0.528  LL=0.6776 (0.7s)
13:06:41  src.cpcv.pipeline  INFO    [ 75/84]                 lstm (seed=2) F1=0.370  AUC=0.459  LL=0.6810 (0.8s)
13:06:41  src.cpcv.preprocessing  INFO  Computing MDA (Random Forest)...
13:07:15  src.cpcv.preprocessing  INFO  Computing MDA (Logistic Regression)...
13:07:16  src.cpcv.preprocessing  INFO  Multi-model MDA: 39/73 passed (MDA > 0), 34 eliminated
13:07:16  src.cpcv.preprocessing  INFO    Capped at 14 features (top_k_frac=0.2)
13:07:16  src.cpcv.preprocessing  INFO    Selected (14): ['cci_14', 'dxy_roc_30', 'ema_ratio_50_200', 'fee_per_tx', 'gk_vol', 'gold_ret_14', 'gold_ret_30', 'kurtosis', 'log_returns', 'log_returns_lag2', 'log_returns_lag5', 'log_returns_lag6', 'smt_poly1', 'vix']
13:07:16  src.cpcv.pipeline  INFO    Preprocessing: 14 features selected, train=465 + val=100 + cal=100, test=292
13:07:16  src.cpcv.tuning  INFO  Tuning (1 model) — Optuna TPE + Purged K-Fold (inner: 3 folds, embargo=10 obs)
13:07:16  src.cpcv.tuning  INFO    [tuning] lstm: 3 purged K-fold splits, 30 Optuna trials (TPE)
13:07:53  src.cpcv.tuning  INFO      lstm: 12 completed, 18 pruned (of 30 total) — best log_loss=0.6937, params={'hidden_size': 16, 'dropout': 0.4393444695713194, 'learning_rate': 0.03478575546680561}
13:07:53  src.cpcv.tuning  INFO    [tuning] lstm done in 36.4s — best log_loss=0.6937
13:07:53  src.cpcv.tuning  INFO  Tuning total: 36.4s
13:07:53  src.cpcv.pipeline  INFO      applied lstm: {'hidden_size': 16, 'num_layers': 1, 'dropout': 0.4393444695713194, 'learning_rate': 0.03478575546680561}
13:07:54  src.cpcv.pipeline  INFO    [ 76/84]                 lstm (seed=0) F1=0.348  AUC=0.471  LL=0.7002 (0.8s)
13:07:55  src.cpcv.pipeline  INFO    [ 77/84]                 lstm (seed=1) F1=0.481  AUC=0.510  LL=0.7444 (1.2s)
13:07:56  src.cpcv.pipeline  INFO    [ 78/84]                 lstm (seed=2) F1=0.501  AUC=0.528  LL=0.7346 (0.8s)
13:07:56  src.cpcv.preprocessing  INFO  Computing MDA (Random Forest)...
13:08:30  src.cpcv.preprocessing  INFO  Computing MDA (Logistic Regression)...
13:08:31  src.cpcv.preprocessing  INFO  Multi-model MDA: 31/73 passed (MDA > 0), 42 eliminated
13:08:31  src.cpcv.preprocessing  INFO    Capped at 14 features (top_k_frac=0.2)
13:08:31  src.cpcv.preprocessing  INFO    Selected (14): ['active_addr_roc_14', 'bb_width', 'eth_btc_ratio', 'exchange_supply_pct', 'gold_ret_14', 'log_returns_lag1', 'log_returns_lag2', 'log_returns_lag6', 'log_returns_lag7', 'natgas_ret_14', 'shannon_entropy', 'stoch_k', 'us10y', 'vix']
13:08:31  src.cpcv.pipeline  INFO    Preprocessing: 14 features selected, train=464 + val=100 + cal=100, test=292
13:08:31  src.cpcv.tuning  INFO  Tuning (1 model) — Optuna TPE + Purged K-Fold (inner: 3 folds, embargo=10 obs)
13:08:31  src.cpcv.tuning  INFO    [tuning] lstm: 3 purged K-fold splits, 30 Optuna trials (TPE)
13:09:17  src.cpcv.tuning  INFO      lstm: 25 completed, 5 pruned (of 30 total) — best log_loss=0.6801, params={'hidden_size': 16, 'dropout': 0.20617534828874073, 'learning_rate': 0.04147225000481637}
13:09:17  src.cpcv.tuning  INFO    [tuning] lstm done in 45.5s — best log_loss=0.6801
13:09:17  src.cpcv.tuning  INFO  Tuning total: 45.5s
13:09:17  src.cpcv.pipeline  INFO      applied lstm: {'hidden_size': 16, 'num_layers': 1, 'dropout': 0.20617534828874073, 'learning_rate': 0.04147225000481637}
13:09:17  src.cpcv.pipeline  INFO    [ 79/84]                 lstm (seed=0) F1=0.407  AUC=0.588  LL=0.7559 (0.7s)
13:09:18  src.cpcv.pipeline  INFO    [ 80/84]                 lstm (seed=1) F1=0.437  AUC=0.528  LL=0.7408 (0.7s)
13:09:19  src.cpcv.pipeline  INFO    [ 81/84]                 lstm (seed=2) F1=0.340  AUC=0.551  LL=0.7018 (0.8s)
13:09:19  src.cpcv.preprocessing  INFO  Computing MDA (Random Forest)...
13:09:54  src.cpcv.preprocessing  INFO  Computing MDA (Logistic Regression)...
13:09:55  src.cpcv.preprocessing  INFO  Multi-model MDA: 38/73 passed (MDA > 0), 35 eliminated
13:09:55  src.cpcv.preprocessing  INFO    Capped at 14 features (top_k_frac=0.2)
13:09:55  src.cpcv.preprocessing  INFO    Selected (14): ['dxy_roc_30', 'exchange_supply_pct', 'hurst', 'log_returns_lag1', 'log_returns_lag4', 'macd_signal', 'roc_14', 'silver_ret_30', 'skewness', 'smt_exp', 'stoch_d', 'williams_r', 'yield_curve_2y10y', 'yz_vol']
13:09:55  src.cpcv.pipeline  INFO    Preprocessing: 14 features selected, train=473 + val=101 + cal=102, test=292
13:09:55  src.cpcv.tuning  INFO  Tuning (1 model) — Optuna TPE + Purged K-Fold (inner: 3 folds, embargo=10 obs)
13:09:55  src.cpcv.tuning  INFO    [tuning] lstm: 3 purged K-fold splits, 30 Optuna trials (TPE)
13:10:33  src.cpcv.tuning  INFO      lstm: 17 completed, 13 pruned (of 30 total) — best log_loss=0.6794, params={'hidden_size': 8, 'dropout': 0.3982098568996024, 'learning_rate': 0.04129016530987077}
13:10:33  src.cpcv.tuning  INFO    [tuning] lstm done in 37.4s — best log_loss=0.6794
13:10:33  src.cpcv.tuning  INFO  Tuning total: 37.4s
13:10:33  src.cpcv.pipeline  INFO      applied lstm: {'hidden_size': 8, 'num_layers': 1, 'dropout': 0.3982098568996024, 'learning_rate': 0.04129016530987077}
13:10:34  src.cpcv.pipeline  INFO    [ 82/84]                 lstm (seed=0) F1=0.369  AUC=0.509  LL=0.7125 (1.4s)
13:10:35  src.cpcv.pipeline  INFO    [ 83/84]                 lstm (seed=1) F1=0.302  AUC=0.525  LL=0.7112 (0.8s)
13:10:36  src.cpcv.pipeline  INFO    [ 84/84]                 lstm (seed=2) F1=0.302  AUC=0.531  LL=0.7115 (0.8s)
13:10:36  src.cpcv.pipeline  INFO  ============================================================
13:10:36  src.cpcv.pipeline  INFO  CPCV Pipeline Complete
13:10:36  src.cpcv.pipeline  INFO  ============================================================
13:10:36  src.cpcv.pipeline  INFO    Total time:     2375.5s (39.6m)
13:10:36  src.cpcv.pipeline  INFO    Tasks:          84 succeeded, 0 failed
13:10:36  src.cpcv.pipeline  INFO    Results keys:   84 (model, split, seed) entries
13:10:36  src.cpcv.pipeline  INFO    Backtest paths: 7
13:10:36  src.cpcv.pipeline  INFO    Tuning:         nested (per-split), 28 splits tuned, models=['lstm']
13:10:36  src.cpcv.pipeline  INFO  ============================================================
13:10:36  src.cpcv.pipeline  INFO  ============================================================
13:10:36  src.cpcv.pipeline  INFO  CPCV Pipeline
13:10:36  src.cpcv.pipeline  INFO  ============================================================
13:10:36  src.cpcv.pipeline  INFO    Models:         ['kan']
13:10:36  src.cpcv.pipeline  INFO    Seeds/fold:     3
13:10:36  src.cpcv.pipeline  INFO    Groups (N):     8
13:10:36  src.cpcv.pipeline  INFO    Test groups (k):2
13:10:36  src.cpcv.pipeline  INFO    Embargo:        1.0%
13:10:36  src.cpcv.pipeline  INFO    FFD columns:    ['atr']
13:10:36  src.cpcv.pipeline  INFO    Samples:        1168
13:10:36  src.cpcv.pipeline  INFO    Features:       73
13:10:36  src.cpcv.pipeline  INFO    Splits:         28, Paths: 7
13:10:36  src.cpcv.pipeline  INFO    Tuning:         NESTED (per-split) — ['kan'] [30 trials]
13:10:36  src.cpcv.pipeline  INFO  ============================================================
13:10:37  src.cpcv.preprocessing  INFO  Computing MDA (Random Forest)...
13:11:16  src.cpcv.preprocessing  INFO  Computing MDA (Logistic Regression)...
13:11:18  src.cpcv.preprocessing  INFO  Multi-model MDA: 31/73 passed (MDA > 0), 42 eliminated
13:11:18  src.cpcv.preprocessing  INFO    Capped at 14 features (top_k_frac=0.2)
13:11:18  src.cpcv.preprocessing  INFO    Selected (14): ['ema_ratio_20_50', 'eth_btc_ratio', 'exchange_supply_pct', 'jarque_bera', 'log_returns', 'log_returns_lag6', 'macd_hist', 'natgas_ret_30', 'skewness', 'smt_exp', 'sp500_ret_30', 'variance_ratio', 'vix', 'yield_curve_2y10y']
13:11:18  src.cpcv.pipeline  INFO    Preprocessing: 14 features selected, train=605 + val=130 + cal=130, test=93
13:11:18  src.cpcv.tuning  INFO  Tuning (1 model) — Optuna TPE + Purged K-Fold (inner: 3 folds, embargo=10 obs)
13:11:18  src.cpcv.tuning  INFO    [tuning] kan (efficient-kan + AdamW): 3 purged K-fold splits, 30 Optuna trials (TPE)
13:12:27  src.cpcv.tuning  INFO      kan: 27 completed, 3 pruned (of 30 total) — best log_loss=0.6819, params={'width1': 5, 'lr': 0.02209653154246255, 'weight_decay': 2.20154863980105e-05, 'grid': 5}
13:12:27  src.cpcv.tuning  INFO    [tuning] kan done in 69.0s — best log_loss=0.6819
13:12:27  src.cpcv.tuning  INFO  Tuning total: 69.0s
13:12:27  src.cpcv.pipeline  INFO      applied kan: {'width1': 5, 'width2': 0, 'grid': 5, 'lr': 0.02209653154246255, 'weight_decay': 2.20154863980105e-05}
13:12:27  src.cpcv.models.kan_model  INFO  KAN fitted: widths=[14, 5, 2], grid=5, epochs=21, val_acc=0.4615, val_loss=0.7992, logit_range=[-0.06, 0.13], device=cpu.
13:12:27  src.cpcv.pipeline  INFO    [  1/84]                  kan (seed=0) F1=0.388  AUC=0.376  LL=0.6729 (0.4s)
13:12:27  src.cpcv.models.kan_model  INFO  KAN fitted: widths=[14, 5, 2], grid=5, epochs=21, val_acc=0.4846, val_loss=0.7980, logit_range=[-0.11, 0.10], device=cpu.
13:12:28  src.cpcv.pipeline  INFO    [  2/84]                  kan (seed=1) F1=0.438  AUC=0.465  LL=0.6702 (0.4s)
13:12:28  src.cpcv.models.kan_model  INFO  KAN fitted: widths=[14, 5, 2], grid=5, epochs=21, val_acc=0.4692, val_loss=0.7976, logit_range=[-0.08, 0.06], device=cpu.
13:12:28  src.cpcv.pipeline  INFO    [  3/84]                  kan (seed=2) F1=0.388  AUC=0.456  LL=0.6644 (0.4s)
13:12:28  src.cpcv.preprocessing  INFO  Computing MDA (Random Forest)...
13:13:08  src.cpcv.preprocessing  INFO  Computing MDA (Logistic Regression)...
13:13:09  src.cpcv.preprocessing  INFO  Multi-model MDA: 39/73 passed (MDA > 0), 34 eliminated
13:13:09  src.cpcv.preprocessing  INFO    Capped at 14 features (top_k_frac=0.2)
13:13:09  src.cpcv.preprocessing  INFO    Selected (14): ['cci_14', 'copper_ret_14', 'ema_ratio_50_200', 'gk_vol', 'gold_ret_30', 'log_returns', 'natgas_ret_30', 'oil_ret_14', 'oil_ret_30', 'roc_14', 'rsi', 'silver_ret_30', 'stoch_d', 'yz_vol']
13:13:10  src.cpcv.pipeline  INFO    Preprocessing: 14 features selected, train=566 + val=121 + cal=122, test=146
13:13:10  src.cpcv.tuning  INFO  Tuning (1 model) — Optuna TPE + Purged K-Fold (inner: 3 folds, embargo=10 obs)
13:13:10  src.cpcv.tuning  INFO    [tuning] kan (efficient-kan + AdamW): 3 purged K-fold splits, 30 Optuna trials (TPE)
13:14:01  src.cpcv.tuning  INFO      kan: 10 completed, 20 pruned (of 30 total) — best log_loss=0.6878, params={'width1': 2, 'lr': 0.014390933605060814, 'weight_decay': 0.00044266220622755714, 'grid': 3}
13:14:01  src.cpcv.tuning  INFO    [tuning] kan done in 51.5s — best log_loss=0.6878
13:14:01  src.cpcv.tuning  INFO  Tuning total: 51.5s
13:14:01  src.cpcv.pipeline  INFO      applied kan: {'width1': 2, 'width2': 0, 'grid': 3, 'lr': 0.014390933605060814, 'weight_decay': 0.00044266220622755714}
13:14:01  src.cpcv.models.kan_model  INFO  KAN fitted: widths=[14, 2, 2], grid=3, epochs=21, val_acc=0.5207, val_loss=0.7715, logit_range=[-0.09, 0.08], device=cpu.
13:14:01  src.cpcv.pipeline  INFO    [  4/84]                  kan (seed=0) F1=0.518  AUC=0.500  LL=0.7635 (0.3s)
13:14:02  src.cpcv.models.kan_model  INFO  KAN fitted: widths=[14, 2, 2], grid=3, epochs=21, val_acc=0.4628, val_loss=0.7772, logit_range=[-0.10, 0.10], device=cpu.
13:14:02  src.cpcv.pipeline  INFO    [  5/84]                  kan (seed=1) F1=0.318  AUC=0.551  LL=0.6977 (0.3s)
13:14:02  src.cpcv.models.kan_model  INFO  KAN fitted: widths=[14, 2, 2], grid=3, epochs=21, val_acc=0.4711, val_loss=0.7753, logit_range=[-0.11, 0.07], device=cpu.
13:14:02  src.cpcv.pipeline  INFO    [  6/84]                  kan (seed=2) F1=0.318  AUC=0.585  LL=0.6949 (0.3s)
13:14:02  src.cpcv.preprocessing  INFO  Computing MDA (Random Forest)...
13:14:40  src.cpcv.preprocessing  INFO  Computing MDA (Logistic Regression)...
13:14:42  src.cpcv.preprocessing  INFO  Multi-model MDA: 36/73 passed (MDA > 0), 37 eliminated
13:14:42  src.cpcv.preprocessing  INFO    Capped at 14 features (top_k_frac=0.2)
13:14:42  src.cpcv.preprocessing  INFO    Selected (14): ['atr', 'cci_14', 'dxy_roc_30', 'ema_ratio_20_50', 'eth_btc_ratio', 'log_returns', 'log_returns_lag1', 'log_returns_lag5', 'log_returns_lag6', 'mvrv', 'natgas_ret_30', 'oil_ret_14', 'smt_poly1', 'stoch_d']
13:14:42  src.cpcv.pipeline  INFO    Preprocessing: 14 features selected, train=567 + val=122 + cal=122, test=146
13:14:42  src.cpcv.tuning  INFO  Tuning (1 model) — Optuna TPE + Purged K-Fold (inner: 3 folds, embargo=10 obs)
13:14:42  src.cpcv.tuning  INFO    [tuning] kan (efficient-kan + AdamW): 3 purged K-fold splits, 30 Optuna trials (TPE)
13:16:06  src.cpcv.tuning  INFO      kan: 16 completed, 14 pruned (of 30 total) — best log_loss=0.6886, params={'width1': 5, 'lr': 0.001254057843022616, 'weight_decay': 0.0002442886696734996, 'grid': 3}
13:16:06  src.cpcv.tuning  INFO    [tuning] kan done in 84.3s — best log_loss=0.6886
13:16:06  src.cpcv.tuning  INFO  Tuning total: 84.3s
13:16:06  src.cpcv.pipeline  INFO      applied kan: {'width1': 5, 'width2': 0, 'grid': 3, 'lr': 0.001254057843022616, 'weight_decay': 0.0002442886696734996}
13:16:09  src.cpcv.models.kan_model  INFO  KAN fitted: widths=[14, 5, 2], grid=3, epochs=157, val_acc=0.5410, val_loss=0.7724, logit_range=[-0.45, 0.43], device=cpu.
13:16:09  src.cpcv.pipeline  INFO    [  7/84]                  kan (seed=0) F1=0.432  AUC=0.525  LL=0.6878 (2.5s)
13:16:11  src.cpcv.models.kan_model  INFO  KAN fitted: widths=[14, 5, 2], grid=3, epochs=165, val_acc=0.5820, val_loss=0.7665, logit_range=[-0.48, 0.44], device=cpu.
13:16:11  src.cpcv.pipeline  INFO    [  8/84]                  kan (seed=1) F1=0.456  AUC=0.542  LL=0.6864 (2.6s)
13:16:12  src.cpcv.models.kan_model  INFO  KAN fitted: widths=[14, 5, 2], grid=3, epochs=21, val_acc=0.5082, val_loss=0.7851, logit_range=[-0.12, 0.10], device=cpu.
13:16:12  src.cpcv.pipeline  INFO    [  9/84]                  kan (seed=2) F1=0.354  AUC=0.429  LL=0.6900 (0.4s)
13:16:12  src.cpcv.preprocessing  INFO  Computing MDA (Random Forest)...
13:16:50  src.cpcv.preprocessing  INFO  Computing MDA (Logistic Regression)...
13:16:52  src.cpcv.preprocessing  INFO  Multi-model MDA: 39/73 passed (MDA > 0), 34 eliminated
13:16:52  src.cpcv.preprocessing  INFO    Capped at 14 features (top_k_frac=0.2)
13:16:52  src.cpcv.preprocessing  INFO    Selected (14): ['atr', 'cci_14', 'eth_btc_ratio', 'hashrate_roc_30', 'log_returns_lag21', 'lz_complexity', 'mvrv', 'natgas_ret_30', 'realized_vol', 'sadf', 'sp500_ret_14', 'tx_count_roc_14', 'variance_ratio', 'vix']
13:16:52  src.cpcv.pipeline  INFO    Preprocessing: 14 features selected, train=567 + val=122 + cal=122, test=146
13:16:52  src.cpcv.tuning  INFO  Tuning (1 model) — Optuna TPE + Purged K-Fold (inner: 3 folds, embargo=10 obs)
13:16:52  src.cpcv.tuning  INFO    [tuning] kan (efficient-kan + AdamW): 3 purged K-fold splits, 30 Optuna trials (TPE)
13:17:26  src.cpcv.tuning  INFO      kan: 15 completed, 15 pruned (of 30 total) — best log_loss=0.6924, params={'width1': 3, 'lr': 0.02701635469110654, 'weight_decay': 0.0005114606753030168, 'grid': 3}
13:17:26  src.cpcv.tuning  INFO    [tuning] kan done in 34.4s — best log_loss=0.6924
13:17:26  src.cpcv.tuning  INFO  Tuning total: 34.4s
13:17:26  src.cpcv.pipeline  INFO      applied kan: {'width1': 3, 'width2': 0, 'grid': 3, 'lr': 0.02701635469110654, 'weight_decay': 0.0005114606753030168}
13:17:27  src.cpcv.models.kan_model  INFO  KAN fitted: widths=[14, 3, 2], grid=3, epochs=21, val_acc=0.4344, val_loss=0.7965, logit_range=[-0.17, 0.14], device=cpu.
13:17:27  src.cpcv.pipeline  INFO    [ 10/84]                  kan (seed=0) F1=0.545  AUC=0.595  LL=0.6757 (0.4s)
13:17:27  src.cpcv.models.kan_model  INFO  KAN fitted: widths=[14, 3, 2], grid=3, epochs=21, val_acc=0.4180, val_loss=0.7932, logit_range=[-0.15, 0.07], device=cpu.
13:17:27  src.cpcv.pipeline  INFO    [ 11/84]                  kan (seed=1) F1=0.379  AUC=0.585  LL=0.6831 (0.4s)
13:17:27  src.cpcv.models.kan_model  INFO  KAN fitted: widths=[14, 3, 2], grid=3, epochs=22, val_acc=0.5246, val_loss=0.7885, logit_range=[-0.16, 0.08], device=cpu.
13:17:27  src.cpcv.pipeline  INFO    [ 12/84]                  kan (seed=2) F1=0.376  AUC=0.484  LL=0.6850 (0.4s)
13:17:28  src.cpcv.preprocessing  INFO  Computing MDA (Random Forest)...
13:18:07  src.cpcv.preprocessing  INFO  Computing MDA (Logistic Regression)...
13:18:08  src.cpcv.preprocessing  INFO  Multi-model MDA: 36/73 passed (MDA > 0), 37 eliminated
13:18:08  src.cpcv.preprocessing  INFO    Capped at 14 features (top_k_frac=0.2)
13:18:08  src.cpcv.preprocessing  INFO    Selected (14): ['active_addr_roc_14', 'atr', 'eth_btc_ratio', 'exchange_supply_pct', 'issuance_ntv', 'log_returns_lag1', 'log_returns_lag5', 'log_returns_lag7', 'obv', 'oil_ret_14', 'roc_14', 'skewness', 'smt_exp', 'vix']
13:18:08  src.cpcv.pipeline  INFO    Preprocessing: 14 features selected, train=567 + val=122 + cal=122, test=146
13:18:08  src.cpcv.tuning  INFO  Tuning (1 model) — Optuna TPE + Purged K-Fold (inner: 3 folds, embargo=10 obs)
13:18:09  src.cpcv.tuning  INFO    [tuning] kan (efficient-kan + AdamW): 3 purged K-fold splits, 30 Optuna trials (TPE)
13:19:29  src.cpcv.tuning  INFO      kan: 19 completed, 11 pruned (of 30 total) — best log_loss=0.6756, params={'width1': 4, 'lr': 0.03046719539238538, 'weight_decay': 0.0011967351136363206, 'grid': 5}
13:19:29  src.cpcv.tuning  INFO    [tuning] kan done in 81.0s — best log_loss=0.6756
13:19:29  src.cpcv.tuning  INFO  Tuning total: 81.0s
13:19:29  src.cpcv.pipeline  INFO      applied kan: {'width1': 4, 'width2': 0, 'grid': 5, 'lr': 0.03046719539238538, 'weight_decay': 0.0011967351136363206}
13:19:30  src.cpcv.models.kan_model  INFO  KAN fitted: widths=[14, 4, 2], grid=5, epochs=25, val_acc=0.6148, val_loss=0.7641, logit_range=[-0.29, 0.47], device=cpu.
13:19:30  src.cpcv.pipeline  INFO    [ 13/84]                  kan (seed=0) F1=0.432  AUC=0.469  LL=0.7286 (0.4s)
13:19:30  src.cpcv.models.kan_model  INFO  KAN fitted: widths=[14, 4, 2], grid=5, epochs=24, val_acc=0.5164, val_loss=0.7730, logit_range=[-0.27, 0.38], device=cpu.
13:19:30  src.cpcv.pipeline  INFO    [ 14/84]                  kan (seed=1) F1=0.413  AUC=0.445  LL=0.7453 (0.4s)
13:19:31  src.cpcv.models.kan_model  INFO  KAN fitted: widths=[14, 4, 2], grid=5, epochs=24, val_acc=0.6311, val_loss=0.7623, logit_range=[-0.39, 0.23], device=cpu.
13:19:31  src.cpcv.pipeline  INFO    [ 15/84]                  kan (seed=2) F1=0.431  AUC=0.439  LL=0.7469 (0.4s)
13:19:31  src.cpcv.preprocessing  INFO  Computing MDA (Random Forest)...
13:20:11  src.cpcv.preprocessing  INFO  Computing MDA (Logistic Regression)...
13:20:12  src.cpcv.preprocessing  INFO  Multi-model MDA: 40/73 passed (MDA > 0), 33 eliminated
13:20:12  src.cpcv.preprocessing  INFO    Capped at 14 features (top_k_frac=0.2)
13:20:12  src.cpcv.preprocessing  INFO    Selected (14): ['atr', 'chaikin_osc', 'eth_btc_ratio', 'hashrate_roc_30', 'jarque_bera', 'kurtosis', 'log_returns_lag30', 'log_returns_lag6', 'obv', 'silver_ret_30', 'variance_ratio', 'vol_term_7_30', 'vwma_ratio_20_50', 'yield_curve_2y10y']
13:20:12  src.cpcv.pipeline  INFO    Preprocessing: 14 features selected, train=567 + val=122 + cal=122, test=146
13:20:12  src.cpcv.tuning  INFO  Tuning (1 model) — Optuna TPE + Purged K-Fold (inner: 3 folds, embargo=10 obs)
13:20:12  src.cpcv.tuning  INFO    [tuning] kan (efficient-kan + AdamW): 3 purged K-fold splits, 30 Optuna trials (TPE)
13:21:24  src.cpcv.tuning  INFO      kan: 15 completed, 15 pruned (of 30 total) — best log_loss=0.6794, params={'width1': 5, 'lr': 0.015282209098537102, 'weight_decay': 0.0013042175848813496, 'grid': 3}
13:21:24  src.cpcv.tuning  INFO    [tuning] kan done in 72.0s — best log_loss=0.6794
13:21:24  src.cpcv.tuning  INFO  Tuning total: 72.0s
13:21:24  src.cpcv.pipeline  INFO      applied kan: {'width1': 5, 'width2': 0, 'grid': 3, 'lr': 0.015282209098537102, 'weight_decay': 0.0013042175848813496}
13:21:25  src.cpcv.models.kan_model  INFO  KAN fitted: widths=[14, 5, 2], grid=3, epochs=51, val_acc=0.5656, val_loss=0.7825, logit_range=[-0.88, 0.42], device=cpu.
13:21:25  src.cpcv.pipeline  INFO    [ 16/84]                  kan (seed=0) F1=0.486  AUC=0.493  LL=0.7235 (1.0s)
13:21:26  src.cpcv.models.kan_model  INFO  KAN fitted: widths=[14, 5, 2], grid=3, epochs=34, val_acc=0.5656, val_loss=0.7721, logit_range=[-0.63, 0.69], device=cpu.
13:21:26  src.cpcv.pipeline  INFO    [ 17/84]                  kan (seed=1) F1=0.519  AUC=0.513  LL=0.7127 (0.7s)
13:21:27  src.cpcv.models.kan_model  INFO  KAN fitted: widths=[14, 5, 2], grid=3, epochs=51, val_acc=0.5574, val_loss=0.7831, logit_range=[-0.62, 0.81], device=cpu.
13:21:27  src.cpcv.pipeline  INFO    [ 18/84]                  kan (seed=2) F1=0.513  AUC=0.514  LL=0.7140 (0.9s)
13:21:27  src.cpcv.preprocessing  INFO  Computing MDA (Random Forest)...
13:22:07  src.cpcv.preprocessing  INFO  Computing MDA (Logistic Regression)...
13:22:08  src.cpcv.preprocessing  INFO  Multi-model MDA: 40/73 passed (MDA > 0), 33 eliminated
13:22:08  src.cpcv.preprocessing  INFO    Capped at 14 features (top_k_frac=0.2)
13:22:08  src.cpcv.preprocessing  INFO    Selected (14): ['active_addr_roc_14', 'chaikin_osc', 'copper_ret_14', 'hashrate_roc_30', 'hurst', 'kurtosis', 'log_returns', 'log_returns_lag3', 'realized_vol', 'us10y', 'variance_ratio', 'vix', 'williams_r', 'yield_curve_2y10y']
13:22:08  src.cpcv.pipeline  INFO    Preprocessing: 14 features selected, train=575 + val=123 + cal=124, test=146
13:22:08  src.cpcv.tuning  INFO  Tuning (1 model) — Optuna TPE + Purged K-Fold (inner: 3 folds, embargo=10 obs)
13:22:08  src.cpcv.tuning  INFO    [tuning] kan (efficient-kan + AdamW): 3 purged K-fold splits, 30 Optuna trials (TPE)
13:22:53  src.cpcv.tuning  INFO      kan: 22 completed, 8 pruned (of 30 total) — best log_loss=0.6883, params={'width1': 5, 'lr': 0.045731335092218973, 'weight_decay': 0.0005569671940395738, 'grid': 5}
13:22:53  src.cpcv.tuning  INFO    [tuning] kan done in 44.6s — best log_loss=0.6883
13:22:53  src.cpcv.tuning  INFO  Tuning total: 44.6s
13:22:53  src.cpcv.pipeline  INFO      applied kan: {'width1': 5, 'width2': 0, 'grid': 5, 'lr': 0.045731335092218973, 'weight_decay': 0.0005569671940395738}
13:22:53  src.cpcv.models.kan_model  INFO  KAN fitted: widths=[14, 5, 2], grid=5, epochs=21, val_acc=0.4553, val_loss=0.8691, logit_range=[-0.20, 0.20], device=cpu.
13:22:53  src.cpcv.pipeline  INFO    [ 19/84]                  kan (seed=0) F1=0.360  AUC=0.565  LL=0.6853 (0.4s)
13:22:54  src.cpcv.models.kan_model  INFO  KAN fitted: widths=[14, 5, 2], grid=5, epochs=21, val_acc=0.5447, val_loss=0.8642, logit_range=[-0.18, 0.15], device=cpu.
13:22:54  src.cpcv.pipeline  INFO    [ 20/84]                  kan (seed=1) F1=0.360  AUC=0.546  LL=0.6854 (0.4s)
13:22:54  src.cpcv.models.kan_model  INFO  KAN fitted: widths=[14, 5, 2], grid=5, epochs=21, val_acc=0.5041, val_loss=0.8545, logit_range=[-0.15, 0.06], device=cpu.
13:22:54  src.cpcv.pipeline  INFO    [ 21/84]                  kan (seed=2) F1=0.360  AUC=0.456  LL=0.6889 (0.4s)
13:22:54  src.cpcv.preprocessing  INFO  Computing MDA (Random Forest)...
13:23:30  src.cpcv.preprocessing  INFO  Computing MDA (Logistic Regression)...
13:23:32  src.cpcv.preprocessing  INFO  Multi-model MDA: 37/73 passed (MDA > 0), 36 eliminated
13:23:32  src.cpcv.preprocessing  INFO    Capped at 14 features (top_k_frac=0.2)
13:23:32  src.cpcv.preprocessing  INFO    Selected (14): ['dxy_roc_30', 'gold_ret_30', 'log_returns', 'log_returns_lag2', 'log_returns_lag4', 'natgas_ret_30', 'negentropy', 'obv', 'rsi', 'silver_ret_30', 'skewness', 'tx_count_roc_14', 'us10y', 'us2y']
13:23:32  src.cpcv.pipeline  INFO    Preprocessing: 14 features selected, train=503 + val=108 + cal=108, test=239
13:23:32  src.cpcv.tuning  INFO  Tuning (1 model) — Optuna TPE + Purged K-Fold (inner: 3 folds, embargo=10 obs)
13:23:32  src.cpcv.tuning  INFO    [tuning] kan (efficient-kan + AdamW): 3 purged K-fold splits, 30 Optuna trials (TPE)
13:24:30  src.cpcv.tuning  INFO      kan: 12 completed, 18 pruned (of 30 total) — best log_loss=0.6884, params={'width1': 3, 'lr': 0.0008088251864664997, 'weight_decay': 0.0005694427322095432, 'grid': 5}
13:24:30  src.cpcv.tuning  INFO    [tuning] kan done in 58.9s — best log_loss=0.6884
13:24:30  src.cpcv.tuning  INFO  Tuning total: 58.9s
13:24:30  src.cpcv.pipeline  INFO      applied kan: {'width1': 3, 'width2': 0, 'grid': 5, 'lr': 0.0008088251864664997, 'weight_decay': 0.0005694427322095432}
13:24:31  src.cpcv.models.kan_model  INFO  KAN fitted: widths=[14, 3, 2], grid=5, epochs=21, val_acc=0.6111, val_loss=0.7406, logit_range=[-0.23, 0.10], device=cpu.
13:24:31  src.cpcv.pipeline  INFO    [ 22/84]                  kan (seed=0) F1=0.479  AUC=0.492  LL=0.6984 (0.3s)
13:24:31  src.cpcv.models.kan_model  INFO  KAN fitted: widths=[14, 3, 2], grid=5, epochs=21, val_acc=0.4907, val_loss=0.7499, logit_range=[-0.20, 0.05], device=cpu.
13:24:31  src.cpcv.pipeline  INFO    [ 23/84]                  kan (seed=1) F1=0.347  AUC=0.431  LL=0.6924 (0.3s)
13:24:31  src.cpcv.models.kan_model  INFO  KAN fitted: widths=[14, 3, 2], grid=5, epochs=21, val_acc=0.5741, val_loss=0.7545, logit_range=[-0.15, 0.21], device=cpu.
13:24:31  src.cpcv.pipeline  INFO    [ 24/84]                  kan (seed=2) F1=0.347  AUC=0.458  LL=0.6926 (0.3s)
13:24:32  src.cpcv.preprocessing  INFO  Computing MDA (Random Forest)...
13:25:06  src.cpcv.preprocessing  INFO  Computing MDA (Logistic Regression)...
13:25:08  src.cpcv.preprocessing  INFO  Multi-model MDA: 38/73 passed (MDA > 0), 35 eliminated
13:25:08  src.cpcv.preprocessing  INFO    Capped at 14 features (top_k_frac=0.2)
13:25:08  src.cpcv.preprocessing  INFO    Selected (14): ['cci_14', 'dxy_roc_30', 'eth_btc_ratio', 'hashrate_roc_30', 'jarque_bera', 'kurtosis', 'log_returns_lag2', 'log_returns_lag6', 'macd', 'macd_hist', 'natgas_ret_30', 'negentropy', 'us10y', 'vol_term_7_30']
13:25:08  src.cpcv.pipeline  INFO    Preprocessing: 14 features selected, train=494 + val=106 + cal=107, test=239
13:25:08  src.cpcv.tuning  INFO  Tuning (1 model) — Optuna TPE + Purged K-Fold (inner: 3 folds, embargo=10 obs)
13:25:08  src.cpcv.tuning  INFO    [tuning] kan (efficient-kan + AdamW): 3 purged K-fold splits, 30 Optuna trials (TPE)
13:25:58  src.cpcv.tuning  INFO      kan: 20 completed, 10 pruned (of 30 total) — best log_loss=0.6850, params={'width1': 2, 'lr': 0.02128875488932692, 'weight_decay': 3.577551054863405e-05, 'grid': 3}
13:25:58  src.cpcv.tuning  INFO    [tuning] kan done in 50.8s — best log_loss=0.6850
13:25:58  src.cpcv.tuning  INFO  Tuning total: 50.8s
13:25:58  src.cpcv.pipeline  INFO      applied kan: {'width1': 2, 'width2': 0, 'grid': 3, 'lr': 0.02128875488932692, 'weight_decay': 3.577551054863405e-05}
13:25:59  src.cpcv.models.kan_model  INFO  KAN fitted: widths=[14, 2, 2], grid=3, epochs=21, val_acc=0.4340, val_loss=0.7542, logit_range=[-0.11, 0.11], device=cpu.
13:25:59  src.cpcv.pipeline  INFO    [ 25/84]                  kan (seed=0) F1=0.483  AUC=0.504  LL=0.6855 (0.3s)
13:25:59  src.cpcv.models.kan_model  INFO  KAN fitted: widths=[14, 2, 2], grid=3, epochs=21, val_acc=0.5000, val_loss=0.7493, logit_range=[-0.10, 0.05], device=cpu.
13:25:59  src.cpcv.pipeline  INFO    [ 26/84]                  kan (seed=1) F1=0.552  AUC=0.593  LL=0.6902 (0.3s)
13:25:59  src.cpcv.models.kan_model  INFO  KAN fitted: widths=[14, 2, 2], grid=3, epochs=22, val_acc=0.4057, val_loss=0.7514, logit_range=[-0.08, 0.08], device=cpu.
13:25:59  src.cpcv.pipeline  INFO    [ 27/84]                  kan (seed=2) F1=0.530  AUC=0.549  LL=0.6855 (0.4s)
13:26:00  src.cpcv.preprocessing  INFO  Computing MDA (Random Forest)...
13:26:35  src.cpcv.preprocessing  INFO  Computing MDA (Logistic Regression)...
13:26:36  src.cpcv.preprocessing  INFO  Multi-model MDA: 37/73 passed (MDA > 0), 36 eliminated
13:26:36  src.cpcv.preprocessing  INFO    Capped at 14 features (top_k_frac=0.2)
13:26:36  src.cpcv.preprocessing  INFO    Selected (14): ['cci_14', 'chaikin_osc', 'dxy_roc_30', 'eth_btc_ratio', 'gold_ret_14', 'hashrate_roc_30', 'jarque_bera', 'log_returns_lag4', 'natgas_ret_30', 'roc_14', 'rsi', 'smt_exp', 'sp500_ret_14', 'williams_r']
13:26:36  src.cpcv.pipeline  INFO    Preprocessing: 14 features selected, train=494 + val=106 + cal=107, test=239
13:26:36  src.cpcv.tuning  INFO  Tuning (1 model) — Optuna TPE + Purged K-Fold (inner: 3 folds, embargo=10 obs)
13:26:36  src.cpcv.tuning  INFO    [tuning] kan (efficient-kan + AdamW): 3 purged K-fold splits, 30 Optuna trials (TPE)
13:27:05  src.cpcv.tuning  INFO      kan: 14 completed, 16 pruned (of 30 total) — best log_loss=0.6909, params={'width1': 2, 'lr': 0.04500194188151303, 'weight_decay': 3.0258445175002385e-05, 'grid': 3}
13:27:05  src.cpcv.tuning  INFO    [tuning] kan done in 29.0s — best log_loss=0.6909
13:27:05  src.cpcv.tuning  INFO  Tuning total: 29.0s
13:27:05  src.cpcv.pipeline  INFO      applied kan: {'width1': 2, 'width2': 0, 'grid': 3, 'lr': 0.04500194188151303, 'weight_decay': 3.0258445175002385e-05}
13:27:05  src.cpcv.models.kan_model  INFO  KAN fitted: widths=[14, 2, 2], grid=3, epochs=22, val_acc=0.6038, val_loss=0.7533, logit_range=[-0.22, 0.28], device=cpu.
13:27:05  src.cpcv.pipeline  INFO    [ 28/84]                  kan (seed=0) F1=0.532  AUC=0.561  LL=0.6895 (0.3s)
13:27:05  src.cpcv.models.kan_model  INFO  KAN fitted: widths=[14, 2, 2], grid=3, epochs=22, val_acc=0.5660, val_loss=0.7518, logit_range=[-0.22, 0.13], device=cpu.
13:27:06  src.cpcv.pipeline  INFO    [ 29/84]                  kan (seed=1) F1=0.382  AUC=0.524  LL=0.6909 (0.3s)
13:27:06  src.cpcv.models.kan_model  INFO  KAN fitted: widths=[14, 2, 2], grid=3, epochs=21, val_acc=0.6132, val_loss=0.7478, logit_range=[-0.21, 0.07], device=cpu.
13:27:06  src.cpcv.pipeline  INFO    [ 30/84]                  kan (seed=2) F1=0.382  AUC=0.552  LL=0.6905 (0.3s)
13:27:06  src.cpcv.preprocessing  INFO  Computing MDA (Random Forest)...
13:27:41  src.cpcv.preprocessing  INFO  Computing MDA (Logistic Regression)...
13:27:42  src.cpcv.preprocessing  INFO  Multi-model MDA: 37/73 passed (MDA > 0), 36 eliminated
13:27:42  src.cpcv.preprocessing  INFO    Capped at 14 features (top_k_frac=0.2)
13:27:42  src.cpcv.preprocessing  INFO    Selected (14): ['cci_14', 'ema_ratio_20_50', 'fee_per_tx', 'gold_ret_30', 'hashrate_roc_30', 'jarque_bera', 'log_returns', 'log_returns_lag6', 'mfi_14', 'natgas_ret_14', 'natgas_ret_30', 'silver_ret_30', 'skewness', 'sp500_ret_14']
13:27:42  src.cpcv.pipeline  INFO    Preprocessing: 14 features selected, train=494 + val=106 + cal=107, test=239
13:27:42  src.cpcv.tuning  INFO  Tuning (1 model) — Optuna TPE + Purged K-Fold (inner: 3 folds, embargo=10 obs)
13:27:42  src.cpcv.tuning  INFO    [tuning] kan (efficient-kan + AdamW): 3 purged K-fold splits, 30 Optuna trials (TPE)
13:28:40  src.cpcv.tuning  INFO      kan: 13 completed, 17 pruned (of 30 total) — best log_loss=0.6852, params={'width1': 5, 'lr': 0.017148336606632175, 'weight_decay': 0.0004898491725707815, 'grid': 3}
13:28:40  src.cpcv.tuning  INFO    [tuning] kan done in 57.4s — best log_loss=0.6852
13:28:40  src.cpcv.tuning  INFO  Tuning total: 57.4s
13:28:40  src.cpcv.pipeline  INFO      applied kan: {'width1': 5, 'width2': 0, 'grid': 3, 'lr': 0.017148336606632175, 'weight_decay': 0.0004898491725707815}
13:28:40  src.cpcv.models.kan_model  INFO  KAN fitted: widths=[14, 5, 2], grid=3, epochs=22, val_acc=0.5000, val_loss=0.7491, logit_range=[-0.20, 0.16], device=cpu.
13:28:40  src.cpcv.pipeline  INFO    [ 31/84]                  kan (seed=0) F1=0.500  AUC=0.564  LL=0.6831 (0.4s)
13:28:41  src.cpcv.models.kan_model  INFO  KAN fitted: widths=[14, 5, 2], grid=3, epochs=21, val_acc=0.5849, val_loss=0.7410, logit_range=[-0.12, 0.12], device=cpu.
13:28:41  src.cpcv.pipeline  INFO    [ 32/84]                  kan (seed=1) F1=0.354  AUC=0.543  LL=0.6921 (0.4s)
13:28:41  src.cpcv.models.kan_model  INFO  KAN fitted: widths=[14, 5, 2], grid=3, epochs=21, val_acc=0.5755, val_loss=0.7405, logit_range=[-0.17, 0.16], device=cpu.
13:28:41  src.cpcv.pipeline  INFO    [ 33/84]                  kan (seed=2) F1=0.537  AUC=0.603  LL=0.6843 (0.5s)
13:28:41  src.cpcv.preprocessing  INFO  Computing MDA (Random Forest)...
13:29:16  src.cpcv.preprocessing  INFO  Computing MDA (Logistic Regression)...
13:29:17  src.cpcv.preprocessing  INFO  Multi-model MDA: 34/73 passed (MDA > 0), 39 eliminated
13:29:17  src.cpcv.preprocessing  INFO    Capped at 14 features (top_k_frac=0.2)
13:29:17  src.cpcv.preprocessing  INFO    Selected (14): ['atr', 'copper_ret_14', 'eth_btc_ratio', 'fee_per_tx', 'jarque_bera', 'log_returns_lag4', 'log_returns_lag6', 'oil_ret_14', 'skewness', 'sp500_ret_30', 'variance_ratio', 'vix', 'vol_term_7_30', 'yield_curve_10y30y']
13:29:17  src.cpcv.pipeline  INFO    Preprocessing: 14 features selected, train=494 + val=106 + cal=107, test=239
13:29:17  src.cpcv.tuning  INFO  Tuning (1 model) — Optuna TPE + Purged K-Fold (inner: 3 folds, embargo=10 obs)
13:29:17  src.cpcv.tuning  INFO    [tuning] kan (efficient-kan + AdamW): 3 purged K-fold splits, 30 Optuna trials (TPE)
13:30:25  src.cpcv.tuning  INFO      kan: 10 completed, 20 pruned (of 30 total) — best log_loss=0.6647, params={'width1': 2, 'lr': 0.04353010439152429, 'weight_decay': 0.001764971584817572, 'grid': 3}
13:30:25  src.cpcv.tuning  INFO    [tuning] kan done in 67.5s — best log_loss=0.6647
13:30:25  src.cpcv.tuning  INFO  Tuning total: 67.5s
13:30:25  src.cpcv.pipeline  INFO      applied kan: {'width1': 2, 'width2': 0, 'grid': 3, 'lr': 0.04353010439152429, 'weight_decay': 0.001764971584817572}
13:30:25  src.cpcv.models.kan_model  INFO  KAN fitted: widths=[14, 2, 2], grid=3, epochs=28, val_acc=0.6415, val_loss=0.7322, logit_range=[-1.01, 0.71], device=cpu.
13:30:25  src.cpcv.pipeline  INFO    [ 34/84]                  kan (seed=0) F1=0.414  AUC=0.457  LL=0.7609 (0.4s)
13:30:26  src.cpcv.models.kan_model  INFO  KAN fitted: widths=[14, 2, 2], grid=3, epochs=31, val_acc=0.6415, val_loss=0.7448, logit_range=[-0.99, 0.46], device=cpu.
13:30:26  src.cpcv.pipeline  INFO    [ 35/84]                  kan (seed=1) F1=0.400  AUC=0.427  LL=0.7331 (0.4s)
13:30:26  src.cpcv.models.kan_model  INFO  KAN fitted: widths=[14, 2, 2], grid=3, epochs=35, val_acc=0.6604, val_loss=0.7394, logit_range=[-0.99, 0.67], device=cpu.
13:30:26  src.cpcv.pipeline  INFO    [ 36/84]                  kan (seed=2) F1=0.387  AUC=0.436  LL=0.7391 (0.5s)
13:30:27  src.cpcv.preprocessing  INFO  Computing MDA (Random Forest)...
13:31:01  src.cpcv.preprocessing  INFO  Computing MDA (Logistic Regression)...
13:31:02  src.cpcv.preprocessing  INFO  Multi-model MDA: 39/73 passed (MDA > 0), 34 eliminated
13:31:02  src.cpcv.preprocessing  INFO    Capped at 14 features (top_k_frac=0.2)
13:31:02  src.cpcv.preprocessing  INFO    Selected (14): ['dxy_roc_30', 'eth_btc_ratio', 'jarque_bera', 'kurtosis', 'log_returns_lag3', 'macd_hist', 'nasdaq_ret_30', 'obv', 'oil_ret_14', 'sadf', 'sp500_ret_30', 'williams_r', 'yield_curve_2y10y', 'yz_vol']
13:31:02  src.cpcv.pipeline  INFO    Preprocessing: 14 features selected, train=502 + val=108 + cal=108, test=239
13:31:02  src.cpcv.tuning  INFO  Tuning (1 model) — Optuna TPE + Purged K-Fold (inner: 3 folds, embargo=10 obs)
13:31:02  src.cpcv.tuning  INFO    [tuning] kan (efficient-kan + AdamW): 3 purged K-fold splits, 30 Optuna trials (TPE)
13:31:49  src.cpcv.tuning  INFO      kan: 17 completed, 13 pruned (of 30 total) — best log_loss=0.6880, params={'width1': 6, 'lr': 0.01824220727181061, 'weight_decay': 0.00014169543745774167, 'grid': 3}
13:31:49  src.cpcv.tuning  INFO    [tuning] kan done in 47.0s — best log_loss=0.6880
13:31:49  src.cpcv.tuning  INFO  Tuning total: 47.0s
13:31:49  src.cpcv.pipeline  INFO      applied kan: {'width1': 6, 'width2': 0, 'grid': 3, 'lr': 0.01824220727181061, 'weight_decay': 0.00014169543745774167}
13:31:50  src.cpcv.models.kan_model  INFO  KAN fitted: widths=[14, 6, 2], grid=3, epochs=26, val_acc=0.5648, val_loss=0.8474, logit_range=[-0.24, 0.30], device=cpu.
13:31:50  src.cpcv.pipeline  INFO    [ 37/84]                  kan (seed=0) F1=0.371  AUC=0.547  LL=0.6767 (0.5s)
13:31:50  src.cpcv.models.kan_model  INFO  KAN fitted: widths=[14, 6, 2], grid=3, epochs=29, val_acc=0.5741, val_loss=0.8436, logit_range=[-0.40, 0.36], device=cpu.
13:31:50  src.cpcv.pipeline  INFO    [ 38/84]                  kan (seed=1) F1=0.371  AUC=0.507  LL=0.6770 (0.5s)
13:31:50  src.cpcv.models.kan_model  INFO  KAN fitted: widths=[14, 6, 2], grid=3, epochs=27, val_acc=0.5648, val_loss=0.8451, logit_range=[-0.44, 0.35], device=cpu.
13:31:51  src.cpcv.pipeline  INFO    [ 39/84]                  kan (seed=2) F1=0.371  AUC=0.508  LL=0.6761 (0.5s)
13:31:51  src.cpcv.preprocessing  INFO  Computing MDA (Random Forest)...
13:32:25  src.cpcv.preprocessing  INFO  Computing MDA (Logistic Regression)...
13:32:26  src.cpcv.preprocessing  INFO  Multi-model MDA: 37/73 passed (MDA > 0), 36 eliminated
13:32:26  src.cpcv.preprocessing  INFO    Capped at 14 features (top_k_frac=0.2)
13:32:26  src.cpcv.preprocessing  INFO    Selected (14): ['eth_btc_ratio', 'log_returns_lag2', 'log_returns_lag6', 'macd_hist', 'obv', 'oil_ret_30', 'roc_14', 'sadf', 'silver_ret_30', 'sp500_ret_30', 'stoch_d', 'vol_term_30_90', 'williams_r', 'yield_curve_2y10y']
13:32:26  src.cpcv.pipeline  INFO    Preprocessing: 14 features selected, train=464 + val=99 + cal=100, test=292
13:32:26  src.cpcv.tuning  INFO  Tuning (1 model) — Optuna TPE + Purged K-Fold (inner: 3 folds, embargo=10 obs)
13:32:26  src.cpcv.tuning  INFO    [tuning] kan (efficient-kan + AdamW): 3 purged K-fold splits, 30 Optuna trials (TPE)
13:34:07  src.cpcv.tuning  INFO      kan: 20 completed, 10 pruned (of 30 total) — best log_loss=0.6846, params={'width1': 2, 'lr': 0.002634019124626176, 'weight_decay': 0.00018408623974403097, 'grid': 3}
13:34:07  src.cpcv.tuning  INFO    [tuning] kan done in 101.2s — best log_loss=0.6846
13:34:07  src.cpcv.tuning  INFO  Tuning total: 101.2s
13:34:07  src.cpcv.pipeline  INFO      applied kan: {'width1': 2, 'width2': 0, 'grid': 3, 'lr': 0.002634019124626176, 'weight_decay': 0.00018408623974403097}
13:34:08  src.cpcv.models.kan_model  INFO  KAN fitted: widths=[14, 2, 2], grid=3, epochs=51, val_acc=0.3636, val_loss=0.6968, logit_range=[-0.11, 0.07], device=cpu.
13:34:08  src.cpcv.pipeline  INFO    [ 40/84]                  kan (seed=0) F1=0.336  AUC=0.414  LL=0.6974 (0.7s)
13:34:08  src.cpcv.models.kan_model  INFO  KAN fitted: widths=[14, 2, 2], grid=3, epochs=21, val_acc=0.4949, val_loss=0.6951, logit_range=[-0.05, 0.06], device=cpu.
13:34:08  src.cpcv.pipeline  INFO    [ 41/84]                  kan (seed=1) F1=0.487  AUC=0.515  LL=0.6931 (0.3s)
13:34:09  src.cpcv.models.kan_model  INFO  KAN fitted: widths=[14, 2, 2], grid=3, epochs=21, val_acc=0.4747, val_loss=0.6950, logit_range=[-0.10, 0.09], device=cpu.
13:34:09  src.cpcv.pipeline  INFO    [ 42/84]                  kan (seed=2) F1=0.336  AUC=0.447  LL=0.6959 (0.3s)
13:34:09  src.cpcv.preprocessing  INFO  Computing MDA (Random Forest)...
13:34:43  src.cpcv.preprocessing  INFO  Computing MDA (Logistic Regression)...
13:34:45  src.cpcv.preprocessing  INFO  Multi-model MDA: 39/73 passed (MDA > 0), 34 eliminated
13:34:45  src.cpcv.preprocessing  INFO    Capped at 14 features (top_k_frac=0.2)
13:34:45  src.cpcv.preprocessing  INFO    Selected (14): ['ema_ratio_20_50', 'eth_btc_ratio', 'issuance_ntv', 'log_returns_lag4', 'mvrv', 'oil_ret_14', 'roc_14', 'skewness', 'sp500_ret_14', 'sp500_ret_30', 'stoch_d', 'us2y', 'yield_curve_10y30y', 'yield_curve_2y10y']
13:34:45  src.cpcv.pipeline  INFO    Preprocessing: 14 features selected, train=455 + val=98 + cal=98, test=292
13:34:45  src.cpcv.tuning  INFO  Tuning (1 model) — Optuna TPE + Purged K-Fold (inner: 3 folds, embargo=10 obs)
13:34:45  src.cpcv.tuning  INFO    [tuning] kan (efficient-kan + AdamW): 3 purged K-fold splits, 30 Optuna trials (TPE)
13:35:24  src.cpcv.tuning  INFO      kan: 18 completed, 12 pruned (of 30 total) — best log_loss=0.6899, params={'width1': 6, 'lr': 0.0015758832997723642, 'weight_decay': 3.354371604764885e-05, 'grid': 3}
13:35:24  src.cpcv.tuning  INFO    [tuning] kan done in 38.9s — best log_loss=0.6899
13:35:24  src.cpcv.tuning  INFO  Tuning total: 38.9s
13:35:24  src.cpcv.pipeline  INFO      applied kan: {'width1': 6, 'width2': 0, 'grid': 3, 'lr': 0.0015758832997723642, 'weight_decay': 3.354371604764885e-05}
13:35:24  src.cpcv.models.kan_model  INFO  KAN fitted: widths=[14, 6, 2], grid=3, epochs=21, val_acc=0.4388, val_loss=0.7122, logit_range=[-0.04, 0.09], device=cpu.
13:35:24  src.cpcv.pipeline  INFO    [ 43/84]                  kan (seed=0) F1=0.524  AUC=0.642  LL=0.6724 (0.4s)
13:35:25  src.cpcv.models.kan_model  INFO  KAN fitted: widths=[14, 6, 2], grid=3, epochs=21, val_acc=0.4490, val_loss=0.7133, logit_range=[-0.04, 0.10], device=cpu.
13:35:25  src.cpcv.pipeline  INFO    [ 44/84]                  kan (seed=1) F1=0.350  AUC=0.581  LL=0.6901 (0.4s)
13:35:25  src.cpcv.models.kan_model  INFO  KAN fitted: widths=[14, 6, 2], grid=3, epochs=21, val_acc=0.5408, val_loss=0.7075, logit_range=[-0.16, 0.06], device=cpu.
13:35:25  src.cpcv.pipeline  INFO    [ 45/84]                  kan (seed=2) F1=0.578  AUC=0.608  LL=0.6776 (0.4s)
13:35:25  src.cpcv.preprocessing  INFO  Computing MDA (Random Forest)...
13:36:00  src.cpcv.preprocessing  INFO  Computing MDA (Logistic Regression)...
13:36:01  src.cpcv.preprocessing  INFO  Multi-model MDA: 30/73 passed (MDA > 0), 43 eliminated
13:36:01  src.cpcv.preprocessing  INFO    Capped at 14 features (top_k_frac=0.2)
13:36:01  src.cpcv.preprocessing  INFO    Selected (14): ['ema_ratio_50_200', 'log_returns', 'log_returns_lag2', 'log_returns_lag30', 'log_returns_lag7', 'natgas_ret_14', 'natgas_ret_30', 'rsi', 'skewness', 'sp500_ret_14', 'us10y', 'us2y', 'vix', 'yield_curve_10y30y']
13:36:01  src.cpcv.pipeline  INFO    Preprocessing: 14 features selected, train=455 + val=98 + cal=98, test=292
13:36:01  src.cpcv.tuning  INFO  Tuning (1 model) — Optuna TPE + Purged K-Fold (inner: 3 folds, embargo=10 obs)
13:36:01  src.cpcv.tuning  INFO    [tuning] kan (efficient-kan + AdamW): 3 purged K-fold splits, 30 Optuna trials (TPE)
13:37:28  src.cpcv.tuning  INFO      kan: 26 completed, 4 pruned (of 30 total) — best log_loss=0.6773, params={'width1': 5, 'lr': 0.03334115743026767, 'weight_decay': 1.805423703530021e-05, 'grid': 5}
13:37:28  src.cpcv.tuning  INFO    [tuning] kan done in 86.7s — best log_loss=0.6773
13:37:28  src.cpcv.tuning  INFO  Tuning total: 86.7s
13:37:28  src.cpcv.pipeline  INFO      applied kan: {'width1': 5, 'width2': 0, 'grid': 5, 'lr': 0.03334115743026767, 'weight_decay': 1.805423703530021e-05}
13:37:28  src.cpcv.models.kan_model  INFO  KAN fitted: widths=[14, 5, 2], grid=5, epochs=21, val_acc=0.4898, val_loss=0.6982, logit_range=[-0.12, 0.14], device=cpu.
13:37:28  src.cpcv.pipeline  INFO    [ 46/84]                  kan (seed=0) F1=0.518  AUC=0.546  LL=0.7025 (0.4s)
13:37:29  src.cpcv.models.kan_model  INFO  KAN fitted: widths=[14, 5, 2], grid=5, epochs=21, val_acc=0.3980, val_loss=0.7001, logit_range=[-0.15, 0.12], device=cpu.
13:37:29  src.cpcv.pipeline  INFO    [ 47/84]                  kan (seed=1) F1=0.493  AUC=0.533  LL=0.7256 (0.4s)
13:37:29  src.cpcv.models.kan_model  INFO  KAN fitted: widths=[14, 5, 2], grid=5, epochs=21, val_acc=0.4490, val_loss=0.7011, logit_range=[-0.21, 0.14], device=cpu.
13:37:29  src.cpcv.pipeline  INFO    [ 48/84]                  kan (seed=2) F1=0.324  AUC=0.504  LL=0.6967 (0.3s)
13:37:29  src.cpcv.preprocessing  INFO  Computing MDA (Random Forest)...
13:38:05  src.cpcv.preprocessing  INFO  Computing MDA (Logistic Regression)...
13:38:06  src.cpcv.preprocessing  INFO  Multi-model MDA: 37/73 passed (MDA > 0), 36 eliminated
13:38:06  src.cpcv.preprocessing  INFO    Capped at 14 features (top_k_frac=0.2)
13:38:06  src.cpcv.preprocessing  INFO    Selected (14): ['dxy_roc_30', 'exchange_supply_pct', 'jarque_bera', 'log_returns_lag5', 'log_returns_lag6', 'lz_complexity', 'nasdaq_ret_14', 'nasdaq_ret_30', 'obv', 'oil_ret_14', 'rsi', 'sadf', 'silver_ret_30', 'smt_exp']
13:38:06  src.cpcv.pipeline  INFO    Preprocessing: 14 features selected, train=455 + val=98 + cal=98, test=292
13:38:06  src.cpcv.tuning  INFO  Tuning (1 model) — Optuna TPE + Purged K-Fold (inner: 3 folds, embargo=10 obs)
13:38:07  src.cpcv.tuning  INFO    [tuning] kan (efficient-kan + AdamW): 3 purged K-fold splits, 30 Optuna trials (TPE)
13:39:36  src.cpcv.tuning  INFO      kan: 30 completed, 0 pruned (of 30 total) — best log_loss=0.6821, params={'width1': 3, 'lr': 0.0038780965114012756, 'weight_decay': 0.0014971571736442225, 'grid': 5}
13:39:36  src.cpcv.tuning  INFO    [tuning] kan done in 89.2s — best log_loss=0.6821
13:39:36  src.cpcv.tuning  INFO  Tuning total: 89.2s
13:39:36  src.cpcv.pipeline  INFO      applied kan: {'width1': 3, 'width2': 0, 'grid': 5, 'lr': 0.0038780965114012756, 'weight_decay': 0.0014971571736442225}
13:39:37  src.cpcv.models.kan_model  INFO  KAN fitted: widths=[14, 3, 2], grid=5, epochs=62, val_acc=0.6327, val_loss=0.7692, logit_range=[-0.40, 0.55], device=cpu.
13:39:37  src.cpcv.pipeline  INFO    [ 49/84]                  kan (seed=0) F1=0.377  AUC=0.447  LL=0.7007 (1.0s)
13:39:38  src.cpcv.models.kan_model  INFO  KAN fitted: widths=[14, 3, 2], grid=5, epochs=64, val_acc=0.6429, val_loss=0.7673, logit_range=[-0.32, 0.28], device=cpu.
13:39:38  src.cpcv.pipeline  INFO    [ 50/84]                  kan (seed=1) F1=0.368  AUC=0.426  LL=0.7081 (1.0s)
13:39:39  src.cpcv.models.kan_model  INFO  KAN fitted: widths=[14, 3, 2], grid=5, epochs=63, val_acc=0.5204, val_loss=0.7753, logit_range=[-0.43, 0.46], device=cpu.
13:39:39  src.cpcv.pipeline  INFO    [ 51/84]                  kan (seed=2) F1=0.354  AUC=0.432  LL=0.7046 (0.9s)
13:39:39  src.cpcv.preprocessing  INFO  Computing MDA (Random Forest)...
13:40:14  src.cpcv.preprocessing  INFO  Computing MDA (Logistic Regression)...
13:40:15  src.cpcv.preprocessing  INFO  Multi-model MDA: 40/73 passed (MDA > 0), 33 eliminated
13:40:15  src.cpcv.preprocessing  INFO    Capped at 14 features (top_k_frac=0.2)
13:40:15  src.cpcv.preprocessing  INFO    Selected (14): ['chaikin_osc', 'dxy_roc_30', 'exchange_supply_pct', 'fee_per_tx', 'gk_vol', 'jarque_bera', 'kurtosis', 'log_returns_lag1', 'macd_hist', 'natgas_ret_30', 'obv', 'roc_14', 'sadf', 'smt_exp']
13:40:15  src.cpcv.pipeline  INFO    Preprocessing: 14 features selected, train=463 + val=99 + cal=100, test=292
13:40:15  src.cpcv.tuning  INFO  Tuning (1 model) — Optuna TPE + Purged K-Fold (inner: 3 folds, embargo=10 obs)
13:40:15  src.cpcv.tuning  INFO    [tuning] kan (efficient-kan + AdamW): 3 purged K-fold splits, 30 Optuna trials (TPE)
13:42:02  src.cpcv.tuning  INFO      kan: 30 completed, 0 pruned (of 30 total) — best log_loss=0.6823, params={'width1': 3, 'lr': 0.0008049326671881333, 'weight_decay': 0.00039185319669018275, 'grid': 5}
13:42:02  src.cpcv.tuning  INFO    [tuning] kan done in 106.9s — best log_loss=0.6823
13:42:02  src.cpcv.tuning  INFO  Tuning total: 106.9s
13:42:02  src.cpcv.pipeline  INFO      applied kan: {'width1': 3, 'width2': 0, 'grid': 5, 'lr': 0.0008049326671881333, 'weight_decay': 0.00039185319669018275}
13:42:05  src.cpcv.models.kan_model  INFO  KAN fitted: widths=[14, 3, 2], grid=5, epochs=166, val_acc=0.5455, val_loss=0.8405, logit_range=[-0.24, 0.37], device=cpu.
13:42:05  src.cpcv.pipeline  INFO    [ 52/84]                  kan (seed=0) F1=0.384  AUC=0.487  LL=0.8333 (2.4s)
13:42:07  src.cpcv.models.kan_model  INFO  KAN fitted: widths=[14, 3, 2], grid=5, epochs=200, val_acc=0.6061, val_loss=0.8454, logit_range=[-0.24, 0.27], device=cpu.
13:42:08  src.cpcv.pipeline  INFO    [ 53/84]                  kan (seed=1) F1=0.335  AUC=0.486  LL=0.7399 (2.9s)
13:42:10  src.cpcv.models.kan_model  INFO  KAN fitted: widths=[14, 3, 2], grid=5, epochs=200, val_acc=0.5253, val_loss=0.8409, logit_range=[-0.29, 0.35], device=cpu.
13:42:11  src.cpcv.pipeline  INFO    [ 54/84]                  kan (seed=2) F1=0.354  AUC=0.489  LL=0.7272 (3.0s)
13:42:11  src.cpcv.preprocessing  INFO  Computing MDA (Random Forest)...
13:42:45  src.cpcv.preprocessing  INFO  Computing MDA (Logistic Regression)...
13:42:46  src.cpcv.preprocessing  INFO  Multi-model MDA: 39/73 passed (MDA > 0), 34 eliminated
13:42:46  src.cpcv.preprocessing  INFO    Capped at 14 features (top_k_frac=0.2)
13:42:46  src.cpcv.preprocessing  INFO    Selected (14): ['copper_ret_14', 'eth_btc_ratio', 'kurtosis', 'log_returns_lag14', 'log_returns_lag2', 'log_returns_lag3', 'log_returns_lag7', 'lz_complexity', 'natgas_ret_30', 'oil_ret_14', 'rsi', 'skewness', 'smt_poly1', 'sp500_ret_30']
13:42:47  src.cpcv.pipeline  INFO    Preprocessing: 14 features selected, train=465 + val=100 + cal=100, test=292
13:42:47  src.cpcv.tuning  INFO  Tuning (1 model) — Optuna TPE + Purged K-Fold (inner: 3 folds, embargo=10 obs)
13:42:47  src.cpcv.tuning  INFO    [tuning] kan (efficient-kan + AdamW): 3 purged K-fold splits, 30 Optuna trials (TPE)
13:43:54  src.cpcv.tuning  INFO      kan: 15 completed, 15 pruned (of 30 total) — best log_loss=0.6849, params={'width1': 5, 'lr': 0.00916038623831982, 'weight_decay': 0.0004898491725707815, 'grid': 3}
13:43:54  src.cpcv.tuning  INFO    [tuning] kan done in 67.7s — best log_loss=0.6849
13:43:54  src.cpcv.tuning  INFO  Tuning total: 67.7s
13:43:54  src.cpcv.pipeline  INFO      applied kan: {'width1': 5, 'width2': 0, 'grid': 3, 'lr': 0.00916038623831982, 'weight_decay': 0.0004898491725707815}
13:43:54  src.cpcv.models.kan_model  INFO  KAN fitted: widths=[14, 5, 2], grid=3, epochs=21, val_acc=0.5300, val_loss=0.7129, logit_range=[-0.08, 0.15], device=cpu.
13:43:55  src.cpcv.pipeline  INFO    [ 55/84]                  kan (seed=0) F1=0.367  AUC=0.533  LL=0.6875 (0.4s)
13:43:55  src.cpcv.models.kan_model  INFO  KAN fitted: widths=[14, 5, 2], grid=3, epochs=21, val_acc=0.6400, val_loss=0.6983, logit_range=[-0.13, 0.13], device=cpu.
13:43:55  src.cpcv.pipeline  INFO    [ 56/84]                  kan (seed=1) F1=0.367  AUC=0.525  LL=0.6875 (0.4s)
13:43:55  src.cpcv.models.kan_model  INFO  KAN fitted: widths=[14, 5, 2], grid=3, epochs=21, val_acc=0.5100, val_loss=0.7068, logit_range=[-0.09, 0.10], device=cpu.
13:43:55  src.cpcv.pipeline  INFO    [ 57/84]                  kan (seed=2) F1=0.437  AUC=0.495  LL=0.6891 (0.4s)
13:43:56  src.cpcv.preprocessing  INFO  Computing MDA (Random Forest)...
13:44:30  src.cpcv.preprocessing  INFO  Computing MDA (Logistic Regression)...
13:44:31  src.cpcv.preprocessing  INFO  Multi-model MDA: 38/73 passed (MDA > 0), 35 eliminated
13:44:31  src.cpcv.preprocessing  INFO    Capped at 14 features (top_k_frac=0.2)
13:44:31  src.cpcv.preprocessing  INFO    Selected (14): ['ema_ratio_20_50', 'log_returns_lag30', 'log_returns_lag5', 'log_returns_lag6', 'log_returns_lag7', 'mvrv', 'net_exchange_flow', 'oil_ret_14', 'silver_ret_14', 'skewness', 'sp500_ret_14', 'us10y', 'variance_ratio', 'vix']
13:44:31  src.cpcv.pipeline  INFO    Preprocessing: 14 features selected, train=457 + val=98 + cal=98, test=292
13:44:31  src.cpcv.tuning  INFO  Tuning (1 model) — Optuna TPE + Purged K-Fold (inner: 3 folds, embargo=10 obs)
13:44:31  src.cpcv.tuning  INFO    [tuning] kan (efficient-kan + AdamW): 3 purged K-fold splits, 30 Optuna trials (TPE)
13:45:33  src.cpcv.tuning  INFO      kan: 14 completed, 16 pruned (of 30 total) — best log_loss=0.6816, params={'width1': 5, 'lr': 0.03334115743026767, 'weight_decay': 0.000578250662146681, 'grid': 5}
13:45:33  src.cpcv.tuning  INFO    [tuning] kan done in 61.5s — best log_loss=0.6816
13:45:33  src.cpcv.tuning  INFO  Tuning total: 61.5s
13:45:33  src.cpcv.pipeline  INFO      applied kan: {'width1': 5, 'width2': 0, 'grid': 5, 'lr': 0.03334115743026767, 'weight_decay': 0.000578250662146681}
13:45:33  src.cpcv.models.kan_model  INFO  KAN fitted: widths=[14, 5, 2], grid=5, epochs=21, val_acc=0.5408, val_loss=0.7088, logit_range=[-0.12, 0.13], device=cpu.
13:45:33  src.cpcv.pipeline  INFO    [ 58/84]                  kan (seed=0) F1=0.497  AUC=0.488  LL=0.7180 (0.4s)
13:45:34  src.cpcv.models.kan_model  INFO  KAN fitted: widths=[14, 5, 2], grid=5, epochs=21, val_acc=0.4694, val_loss=0.7069, logit_range=[-0.15, 0.10], device=cpu.
13:45:34  src.cpcv.pipeline  INFO    [ 59/84]                  kan (seed=1) F1=0.423  AUC=0.503  LL=0.7396 (0.4s)
13:45:34  src.cpcv.models.kan_model  INFO  KAN fitted: widths=[14, 5, 2], grid=5, epochs=21, val_acc=0.5816, val_loss=0.7036, logit_range=[-0.17, 0.06], device=cpu.
13:45:34  src.cpcv.pipeline  INFO    [ 60/84]                  kan (seed=2) F1=0.400  AUC=0.529  LL=0.6959 (0.4s)
13:45:34  src.cpcv.preprocessing  INFO  Computing MDA (Random Forest)...
13:46:10  src.cpcv.preprocessing  INFO  Computing MDA (Logistic Regression)...
13:46:11  src.cpcv.preprocessing  INFO  Multi-model MDA: 37/73 passed (MDA > 0), 36 eliminated
13:46:11  src.cpcv.preprocessing  INFO    Capped at 14 features (top_k_frac=0.2)
13:46:11  src.cpcv.preprocessing  INFO    Selected (14): ['eth_btc_ratio', 'gold_ret_30', 'kurtosis', 'log_returns_lag3', 'log_returns_lag6', 'log_returns_lag7', 'macd_hist', 'realized_vol', 'silver_ret_30', 'sp500_ret_30', 'stoch_k', 'variance_ratio', 'williams_r', 'yield_curve_2y10y']
13:46:11  src.cpcv.pipeline  INFO    Preprocessing: 14 features selected, train=457 + val=98 + cal=98, test=292
13:46:11  src.cpcv.tuning  INFO  Tuning (1 model) — Optuna TPE + Purged K-Fold (inner: 3 folds, embargo=10 obs)
13:46:11  src.cpcv.tuning  INFO    [tuning] kan (efficient-kan + AdamW): 3 purged K-fold splits, 30 Optuna trials (TPE)
13:47:19  src.cpcv.tuning  INFO      kan: 10 completed, 20 pruned (of 30 total) — best log_loss=0.6674, params={'width1': 3, 'lr': 0.04919994023607683, 'weight_decay': 0.001896168723409351, 'grid': 5}
13:47:19  src.cpcv.tuning  INFO    [tuning] kan done in 67.7s — best log_loss=0.6674
13:47:19  src.cpcv.tuning  INFO  Tuning total: 67.7s
13:47:19  src.cpcv.pipeline  INFO      applied kan: {'width1': 3, 'width2': 0, 'grid': 5, 'lr': 0.04919994023607683, 'weight_decay': 0.001896168723409351}
13:47:19  src.cpcv.models.kan_model  INFO  KAN fitted: widths=[14, 3, 2], grid=5, epochs=24, val_acc=0.5510, val_loss=0.7873, logit_range=[-0.43, 1.35], device=cpu.
13:47:19  src.cpcv.pipeline  INFO    [ 61/84]                  kan (seed=0) F1=0.502  AUC=0.513  LL=0.6959 (0.3s)
13:47:19  src.cpcv.models.kan_model  INFO  KAN fitted: widths=[14, 3, 2], grid=5, epochs=21, val_acc=0.5204, val_loss=0.8016, logit_range=[-0.12, 0.10], device=cpu.
13:47:20  src.cpcv.pipeline  INFO    [ 62/84]                  kan (seed=1) F1=0.423  AUC=0.492  LL=0.6908 (0.3s)
13:47:20  src.cpcv.models.kan_model  INFO  KAN fitted: widths=[14, 3, 2], grid=5, epochs=24, val_acc=0.5510, val_loss=0.7765, logit_range=[-0.57, 0.69], device=cpu.
13:47:20  src.cpcv.pipeline  INFO    [ 63/84]                  kan (seed=2) F1=0.450  AUC=0.505  LL=0.6929 (0.4s)
13:47:20  src.cpcv.preprocessing  INFO  Computing MDA (Random Forest)...
13:47:55  src.cpcv.preprocessing  INFO  Computing MDA (Logistic Regression)...
13:47:56  src.cpcv.preprocessing  INFO  Multi-model MDA: 38/73 passed (MDA > 0), 35 eliminated
13:47:56  src.cpcv.preprocessing  INFO    Capped at 14 features (top_k_frac=0.2)
13:47:56  src.cpcv.preprocessing  INFO    Selected (14): ['active_addr_roc_14', 'bb_width', 'copper_ret_30', 'eth_btc_ratio', 'exchange_supply_pct', 'log_returns_lag1', 'log_returns_lag5', 'log_returns_lag6', 'oil_ret_14', 'silver_ret_30', 'smt_poly1', 'sp500_ret_30', 'yield_curve_10y30y', 'yz_vol']
13:47:56  src.cpcv.pipeline  INFO    Preprocessing: 14 features selected, train=464 + val=100 + cal=100, test=292
13:47:56  src.cpcv.tuning  INFO  Tuning (1 model) — Optuna TPE + Purged K-Fold (inner: 3 folds, embargo=10 obs)
13:47:56  src.cpcv.tuning  INFO    [tuning] kan (efficient-kan + AdamW): 3 purged K-fold splits, 30 Optuna trials (TPE)
13:50:05  src.cpcv.tuning  INFO      kan: 18 completed, 12 pruned (of 30 total) — best log_loss=0.6614, params={'width1': 6, 'lr': 0.001504321303893368, 'weight_decay': 3.115976286675903e-05, 'grid': 3}
13:50:05  src.cpcv.tuning  INFO    [tuning] kan done in 129.2s — best log_loss=0.6614
13:50:05  src.cpcv.tuning  INFO  Tuning total: 129.2s
13:50:05  src.cpcv.pipeline  INFO      applied kan: {'width1': 6, 'width2': 0, 'grid': 3, 'lr': 0.001504321303893368, 'weight_decay': 3.115976286675903e-05}
13:50:07  src.cpcv.models.kan_model  INFO  KAN fitted: widths=[14, 6, 2], grid=3, epochs=134, val_acc=0.5500, val_loss=0.8233, logit_range=[-0.49, 0.71], device=cpu.
13:50:07  src.cpcv.pipeline  INFO    [ 64/84]                  kan (seed=0) F1=0.361  AUC=0.512  LL=0.7359 (2.1s)
13:50:10  src.cpcv.models.kan_model  INFO  KAN fitted: widths=[14, 6, 2], grid=3, epochs=134, val_acc=0.5800, val_loss=0.8143, logit_range=[-0.65, 0.43], device=cpu.
13:50:10  src.cpcv.pipeline  INFO    [ 65/84]                  kan (seed=1) F1=0.364  AUC=0.527  LL=0.7681 (2.1s)
13:50:12  src.cpcv.models.kan_model  INFO  KAN fitted: widths=[14, 6, 2], grid=3, epochs=136, val_acc=0.5700, val_loss=0.8239, logit_range=[-0.72, 0.48], device=cpu.
13:50:12  src.cpcv.pipeline  INFO    [ 66/84]                  kan (seed=2) F1=0.359  AUC=0.516  LL=0.7543 (2.3s)
13:50:12  src.cpcv.preprocessing  INFO  Computing MDA (Random Forest)...
13:50:48  src.cpcv.preprocessing  INFO  Computing MDA (Logistic Regression)...
13:50:49  src.cpcv.preprocessing  INFO  Multi-model MDA: 38/73 passed (MDA > 0), 35 eliminated
13:50:49  src.cpcv.preprocessing  INFO    Capped at 14 features (top_k_frac=0.2)
13:50:49  src.cpcv.preprocessing  INFO    Selected (14): ['cci_14', 'ema_ratio_20_50', 'fee_per_tx', 'log_returns_lag2', 'log_returns_lag5', 'log_returns_lag6', 'macd', 'macd_hist', 'mfi_14', 'net_exchange_flow', 'obv', 'sadf', 'smt_exp', 'vol_term_30_90']
13:50:49  src.cpcv.pipeline  INFO    Preprocessing: 14 features selected, train=465 + val=100 + cal=100, test=292
13:50:49  src.cpcv.tuning  INFO  Tuning (1 model) — Optuna TPE + Purged K-Fold (inner: 3 folds, embargo=10 obs)
13:50:49  src.cpcv.tuning  INFO    [tuning] kan (efficient-kan + AdamW): 3 purged K-fold splits, 30 Optuna trials (TPE)
13:51:35  src.cpcv.tuning  INFO      kan: 17 completed, 13 pruned (of 30 total) — best log_loss=0.6904, params={'width1': 2, 'lr': 0.04353010439152429, 'weight_decay': 0.001764971584817572, 'grid': 3}
13:51:35  src.cpcv.tuning  INFO    [tuning] kan done in 45.9s — best log_loss=0.6904
13:51:35  src.cpcv.tuning  INFO  Tuning total: 45.9s
13:51:35  src.cpcv.pipeline  INFO      applied kan: {'width1': 2, 'width2': 0, 'grid': 3, 'lr': 0.04353010439152429, 'weight_decay': 0.001764971584817572}
13:51:36  src.cpcv.models.kan_model  INFO  KAN fitted: widths=[14, 2, 2], grid=3, epochs=21, val_acc=0.5600, val_loss=0.7020, logit_range=[-0.19, 0.19], device=cpu.
13:51:36  src.cpcv.pipeline  INFO    [ 67/84]                  kan (seed=0) F1=0.435  AUC=0.515  LL=0.6901 (0.3s)
13:51:36  src.cpcv.models.kan_model  INFO  KAN fitted: widths=[14, 2, 2], grid=3, epochs=21, val_acc=0.5900, val_loss=0.7035, logit_range=[-0.24, 0.06], device=cpu.
13:51:36  src.cpcv.pipeline  INFO    [ 68/84]                  kan (seed=1) F1=0.355  AUC=0.519  LL=0.6898 (0.3s)
13:51:37  src.cpcv.models.kan_model  INFO  KAN fitted: widths=[14, 2, 2], grid=3, epochs=53, val_acc=0.6500, val_loss=0.6808, logit_range=[-1.34, 1.00], device=cpu.
13:51:37  src.cpcv.pipeline  INFO    [ 69/84]                  kan (seed=2) F1=0.496  AUC=0.505  LL=0.7026 (0.8s)
13:51:37  src.cpcv.preprocessing  INFO  Computing MDA (Random Forest)...
13:52:12  src.cpcv.preprocessing  INFO  Computing MDA (Logistic Regression)...
13:52:13  src.cpcv.preprocessing  INFO  Multi-model MDA: 40/73 passed (MDA > 0), 33 eliminated
13:52:13  src.cpcv.preprocessing  INFO    Capped at 14 features (top_k_frac=0.2)
13:52:13  src.cpcv.preprocessing  INFO    Selected (14): ['bb_width', 'eth_btc_ratio', 'gk_vol', 'gold_ret_30', 'hashrate_roc_30', 'hurst', 'log_returns_lag1', 'log_returns_lag21', 'log_returns_lag4', 'log_returns_lag6', 'nasdaq_ret_14', 'silver_ret_30', 'smt_poly1', 'yield_curve_10y30y']
13:52:13  src.cpcv.pipeline  INFO    Preprocessing: 14 features selected, train=457 + val=98 + cal=98, test=292
13:52:13  src.cpcv.tuning  INFO  Tuning (1 model) — Optuna TPE + Purged K-Fold (inner: 3 folds, embargo=10 obs)
13:52:13  src.cpcv.tuning  INFO    [tuning] kan (efficient-kan + AdamW): 3 purged K-fold splits, 30 Optuna trials (TPE)
13:53:24  src.cpcv.tuning  INFO      kan: 23 completed, 7 pruned (of 30 total) — best log_loss=0.6709, params={'width1': 3, 'lr': 0.04688392914464725, 'weight_decay': 0.00041281032319200094, 'grid': 5}
13:53:24  src.cpcv.tuning  INFO    [tuning] kan done in 71.3s — best log_loss=0.6709
13:53:24  src.cpcv.tuning  INFO  Tuning total: 71.3s
13:53:24  src.cpcv.pipeline  INFO      applied kan: {'width1': 3, 'width2': 0, 'grid': 5, 'lr': 0.04688392914464725, 'weight_decay': 0.00041281032319200094}
13:53:24  src.cpcv.models.kan_model  INFO  KAN fitted: widths=[14, 3, 2], grid=5, epochs=23, val_acc=0.5510, val_loss=0.7796, logit_range=[-0.25, 0.79], device=cpu.
13:53:24  src.cpcv.pipeline  INFO    [ 70/84]                  kan (seed=0) F1=0.498  AUC=0.536  LL=0.6849 (0.4s)
13:53:25  src.cpcv.models.kan_model  INFO  KAN fitted: widths=[14, 3, 2], grid=5, epochs=24, val_acc=0.6020, val_loss=0.7754, logit_range=[-0.54, 0.51], device=cpu.
13:53:25  src.cpcv.pipeline  INFO    [ 71/84]                  kan (seed=1) F1=0.502  AUC=0.540  LL=0.6870 (0.4s)
13:53:25  src.cpcv.models.kan_model  INFO  KAN fitted: widths=[14, 3, 2], grid=5, epochs=24, val_acc=0.6122, val_loss=0.7819, logit_range=[-0.54, 0.60], device=cpu.
13:53:25  src.cpcv.pipeline  INFO    [ 72/84]                  kan (seed=2) F1=0.416  AUC=0.513  LL=0.6846 (0.4s)
13:53:26  src.cpcv.preprocessing  INFO  Computing MDA (Random Forest)...
13:54:01  src.cpcv.preprocessing  INFO  Computing MDA (Logistic Regression)...
13:54:02  src.cpcv.preprocessing  INFO  Multi-model MDA: 41/73 passed (MDA > 0), 32 eliminated
13:54:02  src.cpcv.preprocessing  INFO    Capped at 14 features (top_k_frac=0.2)
13:54:02  src.cpcv.preprocessing  INFO    Selected (14): ['ema_ratio_50_200', 'gk_vol', 'log_returns_lag1', 'log_returns_lag14', 'log_returns_lag21', 'log_returns_lag3', 'log_returns_lag30', 'log_returns_lag4', 'nasdaq_ret_30', 'realized_vol', 'silver_ret_30', 'smt_poly1', 'tx_count_roc_14', 'vol_term_7_30']
13:54:02  src.cpcv.pipeline  INFO    Preprocessing: 14 features selected, train=464 + val=100 + cal=100, test=292
13:54:02  src.cpcv.tuning  INFO  Tuning (1 model) — Optuna TPE + Purged K-Fold (inner: 3 folds, embargo=10 obs)
13:54:02  src.cpcv.tuning  INFO    [tuning] kan (efficient-kan + AdamW): 3 purged K-fold splits, 30 Optuna trials (TPE)
13:54:42  src.cpcv.tuning  INFO      kan: 22 completed, 8 pruned (of 30 total) — best log_loss=0.6897, params={'width1': 4, 'lr': 0.024171763961863796, 'weight_decay': 3.326889406504915e-05, 'grid': 5}
13:54:42  src.cpcv.tuning  INFO    [tuning] kan done in 40.2s — best log_loss=0.6897
13:54:42  src.cpcv.tuning  INFO  Tuning total: 40.2s
13:54:42  src.cpcv.pipeline  INFO      applied kan: {'width1': 4, 'width2': 0, 'grid': 5, 'lr': 0.024171763961863796, 'weight_decay': 3.326889406504915e-05}
13:54:43  src.cpcv.models.kan_model  INFO  KAN fitted: widths=[14, 4, 2], grid=5, epochs=27, val_acc=0.5700, val_loss=0.8444, logit_range=[-0.46, 0.49], device=cpu.
13:54:43  src.cpcv.pipeline  INFO    [ 73/84]                  kan (seed=0) F1=0.369  AUC=0.488  LL=0.6792 (0.4s)
13:54:44  src.cpcv.models.kan_model  INFO  KAN fitted: widths=[14, 4, 2], grid=5, epochs=40, val_acc=0.6000, val_loss=0.8491, logit_range=[-0.83, 1.13], device=cpu.
13:54:44  src.cpcv.pipeline  INFO    [ 74/84]                  kan (seed=1) F1=0.369  AUC=0.469  LL=0.6803 (0.6s)
13:54:44  src.cpcv.models.kan_model  INFO  KAN fitted: widths=[14, 4, 2], grid=5, epochs=28, val_acc=0.5900, val_loss=0.8419, logit_range=[-0.53, 0.49], device=cpu.
13:54:44  src.cpcv.pipeline  INFO    [ 75/84]                  kan (seed=2) F1=0.369  AUC=0.462  LL=0.6815 (0.5s)
13:54:44  src.cpcv.preprocessing  INFO  Computing MDA (Random Forest)...
13:55:19  src.cpcv.preprocessing  INFO  Computing MDA (Logistic Regression)...
13:55:21  src.cpcv.preprocessing  INFO  Multi-model MDA: 39/73 passed (MDA > 0), 34 eliminated
13:55:21  src.cpcv.preprocessing  INFO    Capped at 14 features (top_k_frac=0.2)
13:55:21  src.cpcv.preprocessing  INFO    Selected (14): ['cci_14', 'dxy_roc_30', 'ema_ratio_50_200', 'fee_per_tx', 'gk_vol', 'gold_ret_14', 'gold_ret_30', 'kurtosis', 'log_returns', 'log_returns_lag2', 'log_returns_lag5', 'log_returns_lag6', 'smt_poly1', 'vix']
13:55:21  src.cpcv.pipeline  INFO    Preprocessing: 14 features selected, train=465 + val=100 + cal=100, test=292
13:55:21  src.cpcv.tuning  INFO  Tuning (1 model) — Optuna TPE + Purged K-Fold (inner: 3 folds, embargo=10 obs)
13:55:21  src.cpcv.tuning  INFO    [tuning] kan (efficient-kan + AdamW): 3 purged K-fold splits, 30 Optuna trials (TPE)
13:56:33  src.cpcv.tuning  INFO      kan: 16 completed, 14 pruned (of 30 total) — best log_loss=0.6847, params={'width1': 2, 'lr': 0.005227285465316269, 'weight_decay': 6.129512072415656e-05, 'grid': 3}
13:56:33  src.cpcv.tuning  INFO    [tuning] kan done in 72.4s — best log_loss=0.6847
13:56:33  src.cpcv.tuning  INFO  Tuning total: 72.4s
13:56:33  src.cpcv.pipeline  INFO      applied kan: {'width1': 2, 'width2': 0, 'grid': 3, 'lr': 0.005227285465316269, 'weight_decay': 6.129512072415656e-05}
13:56:33  src.cpcv.models.kan_model  INFO  KAN fitted: widths=[14, 2, 2], grid=3, epochs=21, val_acc=0.5900, val_loss=0.7534, logit_range=[-0.16, 0.11], device=cpu.
13:56:33  src.cpcv.pipeline  INFO    [ 76/84]                  kan (seed=0) F1=0.345  AUC=0.487  LL=0.6918 (0.3s)
13:56:34  src.cpcv.models.kan_model  INFO  KAN fitted: widths=[14, 2, 2], grid=3, epochs=21, val_acc=0.4000, val_loss=0.7777, logit_range=[-0.10, 0.07], device=cpu.
13:56:34  src.cpcv.pipeline  INFO    [ 77/84]                  kan (seed=1) F1=0.477  AUC=0.532  LL=0.6908 (0.3s)
13:56:34  src.cpcv.models.kan_model  INFO  KAN fitted: widths=[14, 2, 2], grid=3, epochs=21, val_acc=0.5600, val_loss=0.7704, logit_range=[-0.13, 0.04], device=cpu.
13:56:34  src.cpcv.pipeline  INFO    [ 78/84]                  kan (seed=2) F1=0.345  AUC=0.513  LL=0.6917 (0.3s)
13:56:34  src.cpcv.preprocessing  INFO  Computing MDA (Random Forest)...
13:57:10  src.cpcv.preprocessing  INFO  Computing MDA (Logistic Regression)...
13:57:11  src.cpcv.preprocessing  INFO  Multi-model MDA: 31/73 passed (MDA > 0), 42 eliminated
13:57:11  src.cpcv.preprocessing  INFO    Capped at 14 features (top_k_frac=0.2)
13:57:11  src.cpcv.preprocessing  INFO    Selected (14): ['active_addr_roc_14', 'bb_width', 'eth_btc_ratio', 'exchange_supply_pct', 'gold_ret_14', 'log_returns_lag1', 'log_returns_lag2', 'log_returns_lag6', 'log_returns_lag7', 'natgas_ret_14', 'shannon_entropy', 'stoch_k', 'us10y', 'vix']
13:57:11  src.cpcv.pipeline  INFO    Preprocessing: 14 features selected, train=464 + val=100 + cal=100, test=292
13:57:11  src.cpcv.tuning  INFO  Tuning (1 model) — Optuna TPE + Purged K-Fold (inner: 3 folds, embargo=10 obs)
13:57:11  src.cpcv.tuning  INFO    [tuning] kan (efficient-kan + AdamW): 3 purged K-fold splits, 30 Optuna trials (TPE)
13:58:00  src.cpcv.tuning  INFO      kan: 14 completed, 16 pruned (of 30 total) — best log_loss=0.6782, params={'width1': 4, 'lr': 0.023810591774533946, 'weight_decay': 0.0013177790560844145, 'grid': 3}
13:58:00  src.cpcv.tuning  INFO    [tuning] kan done in 48.8s — best log_loss=0.6782
13:58:00  src.cpcv.tuning  INFO  Tuning total: 48.8s
13:58:00  src.cpcv.pipeline  INFO      applied kan: {'width1': 4, 'width2': 0, 'grid': 3, 'lr': 0.023810591774533946, 'weight_decay': 0.0013177790560844145}
13:58:00  src.cpcv.models.kan_model  INFO  KAN fitted: widths=[14, 4, 2], grid=3, epochs=21, val_acc=0.4500, val_loss=0.8659, logit_range=[-0.18, 0.28], device=cpu.
13:58:00  src.cpcv.pipeline  INFO    [ 79/84]                  kan (seed=0) F1=0.345  AUC=0.502  LL=0.7115 (0.4s)
13:58:01  src.cpcv.models.kan_model  INFO  KAN fitted: widths=[14, 4, 2], grid=3, epochs=21, val_acc=0.5700, val_loss=0.8556, logit_range=[-0.18, 0.18], device=cpu.
13:58:01  src.cpcv.pipeline  INFO    [ 80/84]                  kan (seed=1) F1=0.345  AUC=0.543  LL=0.7052 (0.4s)
13:58:01  src.cpcv.models.kan_model  INFO  KAN fitted: widths=[14, 4, 2], grid=3, epochs=26, val_acc=0.5000, val_loss=0.8669, logit_range=[-0.54, 0.57], device=cpu.
13:58:01  src.cpcv.pipeline  INFO    [ 81/84]                  kan (seed=2) F1=0.345  AUC=0.550  LL=0.7025 (0.4s)
13:58:02  src.cpcv.preprocessing  INFO  Computing MDA (Random Forest)...
13:58:37  src.cpcv.preprocessing  INFO  Computing MDA (Logistic Regression)...
13:58:38  src.cpcv.preprocessing  INFO  Multi-model MDA: 38/73 passed (MDA > 0), 35 eliminated
13:58:38  src.cpcv.preprocessing  INFO    Capped at 14 features (top_k_frac=0.2)
13:58:38  src.cpcv.preprocessing  INFO    Selected (14): ['dxy_roc_30', 'exchange_supply_pct', 'hurst', 'log_returns_lag1', 'log_returns_lag4', 'macd_signal', 'roc_14', 'silver_ret_30', 'skewness', 'smt_exp', 'stoch_d', 'williams_r', 'yield_curve_2y10y', 'yz_vol']
13:58:38  src.cpcv.pipeline  INFO    Preprocessing: 14 features selected, train=473 + val=101 + cal=102, test=292
13:58:38  src.cpcv.tuning  INFO  Tuning (1 model) — Optuna TPE + Purged K-Fold (inner: 3 folds, embargo=10 obs)
13:58:38  src.cpcv.tuning  INFO    [tuning] kan (efficient-kan + AdamW): 3 purged K-fold splits, 30 Optuna trials (TPE)
13:59:18  src.cpcv.tuning  INFO      kan: 25 completed, 5 pruned (of 30 total) — best log_loss=0.6880, params={'width1': 6, 'lr': 0.023905576955389873, 'weight_decay': 0.00013045972511597313, 'grid': 5}
13:59:18  src.cpcv.tuning  INFO    [tuning] kan done in 39.7s — best log_loss=0.6880
13:59:18  src.cpcv.tuning  INFO  Tuning total: 39.7s
13:59:18  src.cpcv.pipeline  INFO      applied kan: {'width1': 6, 'width2': 0, 'grid': 5, 'lr': 0.023905576955389873, 'weight_decay': 0.00013045972511597313}
13:59:18  src.cpcv.models.kan_model  INFO  KAN fitted: widths=[14, 6, 2], grid=5, epochs=21, val_acc=0.5842, val_loss=0.7735, logit_range=[-0.06, 0.05], device=cpu.
13:59:18  src.cpcv.pipeline  INFO    [ 82/84]                  kan (seed=0) F1=0.305  AUC=0.541  LL=0.7100 (0.4s)
13:59:18  src.cpcv.models.kan_model  INFO  KAN fitted: widths=[14, 6, 2], grid=5, epochs=21, val_acc=0.5149, val_loss=0.7953, logit_range=[-0.10, 0.33], device=cpu.
13:59:18  src.cpcv.pipeline  INFO    [ 83/84]                  kan (seed=1) F1=0.305  AUC=0.504  LL=0.7100 (0.4s)
13:59:19  src.cpcv.models.kan_model  INFO  KAN fitted: widths=[14, 6, 2], grid=5, epochs=21, val_acc=0.5347, val_loss=0.7808, logit_range=[-0.18, 0.13], device=cpu.
13:59:19  src.cpcv.pipeline  INFO    [ 84/84]                  kan (seed=2) F1=0.305  AUC=0.538  LL=0.7101 (0.4s)
13:59:19  src.cpcv.pipeline  INFO  ============================================================
13:59:19  src.cpcv.pipeline  INFO  CPCV Pipeline Complete
13:59:19  src.cpcv.pipeline  INFO  ============================================================
13:59:19  src.cpcv.pipeline  INFO    Total time:     2922.5s (48.7m)
13:59:19  src.cpcv.pipeline  INFO    Tasks:          84 succeeded, 0 failed
13:59:19  src.cpcv.pipeline  INFO    Results keys:   84 (model, split, seed) entries
13:59:19  src.cpcv.pipeline  INFO    Backtest paths: 7
13:59:19  src.cpcv.pipeline  INFO    Tuning:         nested (per-split), 28 splits tuned, models=['kan']
13:59:19  src.cpcv.pipeline  INFO  ============================================================
13:59:59  src.post_cpcv.symbolic_extraction  INFO  Fold F1 scores: {0: '0.4047', 1: '0.3846', 2: '0.4139', 3: '0.4331', 4: '0.4254', 5: '0.5063', 6: '0.3596', 7: '0.3909', 8: '0.5216', 9: '0.4322', 10: '0.4638', 11: '0.4003', 12: '0.3711', 13: '0.3865', 14: '0.4837', 15: '0.4450', 16: '0.3665', 17: '0.3578', 18: '0.3900', 19: '0.4400', 20: '0.4584', 21: '0.3615', 22: '0.4288', 23: '0.4720', 24: '0.3693', 25: '0.3893', 26: '0.3453', 27: '0.3048'}
13:59:59  src.post_cpcv.symbolic_extraction  INFO  Selected fold: split 27 — last/most recent (F1=0.3048)
14:00:00  src.cpcv.cv  INFO  CPCV: 28 splits generated (N=8, k=2, embargo=11 obs).
14:00:00  src.post_cpcv.symbolic_extraction  INFO  Symbolic extraction feature subset: 3 feature(s) (overrides per-fold MDA selection).
14:00:00  src.post_cpcv.symbolic_extraction  INFO  Extraction data: 540 train, 135 val, 3 features (tanh-normalized).
14:00:01  src.post_cpcv.symbolic_extraction  INFO  Extraction Phase 1: Adam (600 steps, wd=0.0010, noise=0.050)
14:00:17  src.post_cpcv.symbolic_extraction  INFO  After Adam: train_acc=0.5759, val_acc=0.4815
14:00:17  src.post_cpcv.symbolic_extraction  WARNING  Adam phase val_acc=0.4815 < 0.5693 (majority baseline 0.5593 + 0.01 margin, floored at PYKAN_MIN_ACCURACY=0.53). PyKAN may not have learned meaningful patterns.
14:00:17  src.post_cpcv.symbolic_extraction  INFO  Extraction Phase 2a: LBFGS warmup (20 steps, no reg)
14:00:25  src.post_cpcv.symbolic_extraction  INFO  After LBFGS warmup: train_acc=0.6111, val_acc=0.4296
14:00:25  src.post_cpcv.symbolic_extraction  INFO  Extraction Phase 2b: LBFGS sparsity (20 steps, lamb=0.0020)
14:00:31  src.post_cpcv.symbolic_extraction  INFO  After LBFGS sparsity: train_acc=0.6500, val_acc=0.4667
14:00:31  src.post_cpcv.symbolic_extraction  INFO  KAN trained. Val accuracy: 0.4667, width: [[3, 0], [3, 0], [2, 0]]
14:00:31  src.post_cpcv.symbolic_extraction  INFO  Pre-prune edge analysis: 15/15 active (100.0%)
14:00:31  src.post_cpcv.symbolic_extraction  INFO  Pruned: [[3, 0], [3, 0], [2, 0]] → [[3, 0], [3, 0], [2, 0]]
14:00:34  src.post_cpcv.symbolic_extraction  INFO  Saved kan_pruned_network.png
14:00:34  src.post_cpcv.symbolic_extraction  INFO  Activation check: logit_diff std=0.7075, range=[-2.392, 2.025]
14:00:34  src.post_cpcv.symbolic_extraction  INFO  Edge (0,0,0): x (R²=0.9911) ✓
14:00:34  src.post_cpcv.symbolic_extraction  INFO  Edge (0,0,1): cos (R²=1.0000) ✓
14:00:34  src.post_cpcv.symbolic_extraction  INFO  Edge (0,0,2): cos (R²=1.0000) ✓
14:00:35  src.post_cpcv.symbolic_extraction  INFO  Edge (0,1,0): x^4 (R²=0.9065) ✓
14:00:36  src.post_cpcv.symbolic_extraction  INFO  Edge (0,1,1): sin (R²=0.9854) ✓
14:00:37  src.post_cpcv.symbolic_extraction  INFO  Edge (0,1,2): x^4 (R²=0.7400) ✓
14:00:38  src.post_cpcv.symbolic_extraction  INFO  Edge (0,2,0): tanh (R²=0.9903) ✓
14:00:38  src.post_cpcv.symbolic_extraction  INFO  Edge (0,2,1): x^3 (R²=0.9926) ✓
14:00:39  src.post_cpcv.symbolic_extraction  INFO  Edge (0,2,2): arctan (R²=0.9928) ✓
14:00:40  src.post_cpcv.symbolic_extraction  INFO  Edge (1,0,0): x^2 (R²=0.7340) ✓
14:00:41  src.post_cpcv.symbolic_extraction  INFO  Edge (1,0,1): tanh (R²=0.9789) ✓
14:00:41  src.post_cpcv.symbolic_extraction  INFO  Edge (1,1,0): cos (R²=0.9998) ✓
14:00:41  src.post_cpcv.symbolic_extraction  INFO  Edge (1,1,1): sin (R²=0.9998) ✓
14:00:42  src.post_cpcv.symbolic_extraction  INFO  Edge (1,2,0): x^4 (R²=0.9593) ✓
14:00:43  src.post_cpcv.symbolic_extraction  INFO  Edge (1,2,1): x^4 (R²=0.9511) ✓
14:00:43  src.post_cpcv.symbolic_extraction  INFO  Top edge (0,0,2): cos (R²=1.0000)
14:00:43  src.post_cpcv.symbolic_extraction  INFO  Top edge (0,0,1): cos (R²=1.0000)
14:00:43  src.post_cpcv.symbolic_extraction  INFO  Top edge (1,1,1): sin (R²=0.9998)
14:00:43  src.post_cpcv.symbolic_extraction  INFO  Top edge (1,1,0): cos (R²=0.9998)
14:00:43  src.post_cpcv.symbolic_extraction  INFO  Top edge (0,2,2): arctan (R²=0.9928)
14:00:52  src.post_cpcv.symbolic_extraction  INFO  Saved kan_symbolified_network.png
14:01:22  src.post_cpcv.symbolic_extraction  WARNING  sympy.simplify timed out after 30s. Using unsimplified.
