12:04:17  src.pre_cpcv.data_loader  INFO  [data_loader] BTC-USD: 2014-11-01 → 2026-04-30 | 4199 rows | 0 warning(s)
12:04:22  src.pre_cpcv.labeling  INFO  Triple-barrier: 1266 events labeled. Class distribution: {1: 661, -1: 498, 0: 107}
12:04:23  src.pre_cpcv.labeling  WARNING  Dropped 107 row(s) belonging to rare class(es) [0] (< 8.5%).
12:04:25  src.pre_cpcv.sample_weights  INFO  Capped 12 weights at 2.83 (99% percentile).
12:04:27  src.pre_cpcv.features  INFO  Lag features: 10 columns, 4199 rows (lags=[1, 2, 3, 4, 5, 6, 7, 14, 21, 30]).
12:04:27  src.pre_cpcv.features  INFO  TA features: 25 columns, 4199 rows.
12:04:29  src.pre_cpcv.external_features  INFO  External features loaded from cache (29 cols).
12:04:30  src.pre_cpcv.features  INFO  Math features loaded from cache ({'shannon_entropy', 'sadf', 'hurst', 'jarque_bera', 'variance_ratio', 'negentropy', 'smt_poly1', 'smt_exp', 'lz_complexity'}).
12:04:30  src.pre_cpcv.features  INFO  symmetric log applied to: ['obv', 'chaikin_osc']
12:04:30  src.pre_cpcv.features  INFO  log applied to: ['atr'] (eps=1e-08)
12:04:57  src.pre_cpcv.alignment  WARNING  Remaining NaNs in 2 feature column(s) after alignment:
oil_ret_30    1
oil_ret_14    1
12:04:57  src.pre_cpcv.alignment  INFO  Alignment validation passed (1159 samples, 73 features).
12:04:58  src.cpcv.cv  INFO  CPCV: 28 splits generated (N=8, k=2, embargo=11 obs).
12:04:58  src.cpcv.cv  INFO  Path matrix: 7 paths, 8 groups, 28 splits.
12:05:01  src.cpcv.pipeline  INFO  ============================================================
12:05:01  src.cpcv.pipeline  INFO  CPCV Pipeline
12:05:01  src.cpcv.pipeline  INFO  ============================================================
12:05:01  src.cpcv.pipeline  INFO    Models:         ['ar_logistic']
12:05:01  src.cpcv.pipeline  INFO    Seeds/fold:     3
12:05:01  src.cpcv.pipeline  INFO    Groups (N):     8
12:05:01  src.cpcv.pipeline  INFO    Test groups (k):2
12:05:01  src.cpcv.pipeline  INFO    Embargo:        1.0%
12:05:01  src.cpcv.pipeline  INFO    FFD columns:    ['atr']
12:05:01  src.cpcv.pipeline  INFO    Samples:        1159
12:05:01  src.cpcv.pipeline  INFO    Features:       73
12:05:01  src.cpcv.pipeline  INFO    Splits:         28, Paths: 7
12:05:01  src.cpcv.pipeline  INFO    Tuning:         OFF
12:05:01  src.cpcv.pipeline  INFO  ============================================================
12:05:02  src.cpcv.preprocessing  INFO  Feature selection skipped (AR Logistic uses lagged returns only)
12:05:02  src.cpcv.pipeline  INFO    Preprocessing: FFD + scaling only (no feature selection), train=688 + cal=172, test=89
12:05:02  src.cpcv.pipeline  INFO    AR Logistic lags: [1, 2, 3, 4, 5, 6, 7, 14, 21, 30]
12:05:02  src.cpcv.pipeline  INFO    [  1/84]          ar_logistic (seed=0) F1=0.519  AUC=0.521  LL=0.6685 (0.0s)
12:05:02  src.cpcv.pipeline  INFO    [  2/84]          ar_logistic (seed=1) F1=0.519  AUC=0.521  LL=0.6685 (0.0s)
12:05:02  src.cpcv.pipeline  INFO    [  3/84]          ar_logistic (seed=2) F1=0.519  AUC=0.521  LL=0.6685 (0.0s)
12:05:02  src.cpcv.preprocessing  INFO  Feature selection skipped (AR Logistic uses lagged returns only)
12:05:02  src.cpcv.pipeline  INFO    Preprocessing: FFD + scaling only (no feature selection), train=643 + cal=161, test=144
12:05:02  src.cpcv.pipeline  INFO    AR Logistic lags: [1, 2, 3, 4, 5, 6, 7, 14, 21, 30]
12:05:02  src.cpcv.pipeline  INFO    [  4/84]          ar_logistic (seed=0) F1=0.387  AUC=0.508  LL=0.7168 (0.0s)
12:05:02  src.cpcv.pipeline  INFO    [  5/84]          ar_logistic (seed=1) F1=0.387  AUC=0.508  LL=0.7168 (0.0s)
12:05:02  src.cpcv.pipeline  INFO    [  6/84]          ar_logistic (seed=2) F1=0.387  AUC=0.508  LL=0.7168 (0.0s)
12:05:03  src.cpcv.preprocessing  INFO  Feature selection skipped (AR Logistic uses lagged returns only)
12:05:03  src.cpcv.pipeline  INFO    Preprocessing: FFD + scaling only (no feature selection), train=644 + cal=161, test=144
12:05:03  src.cpcv.pipeline  INFO    AR Logistic lags: [1, 2, 3, 4, 5, 6, 7, 14, 21, 30]
12:05:03  src.cpcv.pipeline  INFO    [  7/84]          ar_logistic (seed=0) F1=0.396  AUC=0.542  LL=0.6888 (0.0s)
12:05:03  src.cpcv.pipeline  INFO    [  8/84]          ar_logistic (seed=1) F1=0.396  AUC=0.542  LL=0.6888 (0.0s)
12:05:03  src.cpcv.pipeline  INFO    [  9/84]          ar_logistic (seed=2) F1=0.396  AUC=0.542  LL=0.6888 (0.0s)
12:05:03  src.cpcv.preprocessing  INFO  Feature selection skipped (AR Logistic uses lagged returns only)
12:05:03  src.cpcv.pipeline  INFO    Preprocessing: FFD + scaling only (no feature selection), train=644 + cal=161, test=144
12:05:03  src.cpcv.pipeline  INFO    AR Logistic lags: [1, 2, 3, 4, 5, 6, 7, 14, 21, 30]
12:05:03  src.cpcv.pipeline  INFO    [ 10/84]          ar_logistic (seed=0) F1=0.374  AUC=0.469  LL=0.6782 (0.0s)
12:05:03  src.cpcv.pipeline  INFO    [ 11/84]          ar_logistic (seed=1) F1=0.374  AUC=0.469  LL=0.6782 (0.0s)
12:05:03  src.cpcv.pipeline  INFO    [ 12/84]          ar_logistic (seed=2) F1=0.374  AUC=0.469  LL=0.6782 (0.0s)
12:05:03  src.cpcv.preprocessing  INFO  Feature selection skipped (AR Logistic uses lagged returns only)
12:05:03  src.cpcv.pipeline  INFO    Preprocessing: FFD + scaling only (no feature selection), train=642 + cal=161, test=144
12:05:03  src.cpcv.pipeline  INFO    AR Logistic lags: [1, 2, 3, 4, 5, 6, 7, 14, 21, 30]
12:05:03  src.cpcv.pipeline  INFO    [ 13/84]          ar_logistic (seed=0) F1=0.328  AUC=0.396  LL=0.7300 (0.0s)
12:05:03  src.cpcv.pipeline  INFO    [ 14/84]          ar_logistic (seed=1) F1=0.328  AUC=0.396  LL=0.7300 (0.0s)
12:05:03  src.cpcv.pipeline  INFO    [ 15/84]          ar_logistic (seed=2) F1=0.328  AUC=0.396  LL=0.7300 (0.0s)
12:05:04  src.cpcv.preprocessing  INFO  Feature selection skipped (AR Logistic uses lagged returns only)
12:05:04  src.cpcv.pipeline  INFO    Preprocessing: FFD + scaling only (no feature selection), train=643 + cal=161, test=144
12:05:04  src.cpcv.pipeline  INFO    AR Logistic lags: [1, 2, 3, 4, 5, 6, 7, 14, 21, 30]
12:05:04  src.cpcv.pipeline  INFO    [ 16/84]          ar_logistic (seed=0) F1=0.538  AUC=0.568  LL=0.6838 (0.0s)
12:05:04  src.cpcv.pipeline  INFO    [ 17/84]          ar_logistic (seed=1) F1=0.538  AUC=0.568  LL=0.6838 (0.0s)
12:05:04  src.cpcv.pipeline  INFO    [ 18/84]          ar_logistic (seed=2) F1=0.538  AUC=0.568  LL=0.6838 (0.0s)
12:05:04  src.cpcv.preprocessing  INFO  Feature selection skipped (AR Logistic uses lagged returns only)
12:05:04  src.cpcv.pipeline  INFO    Preprocessing: FFD + scaling only (no feature selection), train=644 + cal=162, test=151
12:05:04  src.cpcv.pipeline  INFO    AR Logistic lags: [1, 2, 3, 4, 5, 6, 7, 14, 21, 30]
12:05:04  src.cpcv.pipeline  INFO    [ 19/84]          ar_logistic (seed=0) F1=0.549  AUC=0.565  LL=0.6832 (0.0s)
12:05:04  src.cpcv.pipeline  INFO    [ 20/84]          ar_logistic (seed=1) F1=0.549  AUC=0.565  LL=0.6832 (0.0s)
12:05:04  src.cpcv.pipeline  INFO    [ 21/84]          ar_logistic (seed=2) F1=0.549  AUC=0.565  LL=0.6832 (0.0s)
12:05:04  src.cpcv.preprocessing  INFO  Feature selection skipped (AR Logistic uses lagged returns only)
12:05:04  src.cpcv.pipeline  INFO    Preprocessing: FFD + scaling only (no feature selection), train=572 + cal=144, test=233
12:05:04  src.cpcv.pipeline  INFO    AR Logistic lags: [1, 2, 3, 4, 5, 6, 7, 14, 21, 30]
12:05:04  src.cpcv.pipeline  INFO    [ 22/84]          ar_logistic (seed=0) F1=0.513  AUC=0.506  LL=0.7127 (0.0s)
12:05:04  src.cpcv.pipeline  INFO    [ 23/84]          ar_logistic (seed=1) F1=0.513  AUC=0.506  LL=0.7127 (0.0s)
12:05:04  src.cpcv.pipeline  INFO    [ 24/84]          ar_logistic (seed=2) F1=0.513  AUC=0.506  LL=0.7127 (0.0s)
12:05:05  src.cpcv.preprocessing  INFO  Feature selection skipped (AR Logistic uses lagged returns only)
12:05:05  src.cpcv.pipeline  INFO    Preprocessing: FFD + scaling only (no feature selection), train=564 + cal=141, test=233
12:05:05  src.cpcv.pipeline  INFO    AR Logistic lags: [1, 2, 3, 4, 5, 6, 7, 14, 21, 30]
12:05:05  src.cpcv.pipeline  INFO    [ 25/84]          ar_logistic (seed=0) F1=0.534  AUC=0.546  LL=0.6917 (0.0s)
12:05:05  src.cpcv.pipeline  INFO    [ 26/84]          ar_logistic (seed=1) F1=0.534  AUC=0.546  LL=0.6917 (0.0s)
12:05:05  src.cpcv.pipeline  INFO    [ 27/84]          ar_logistic (seed=2) F1=0.534  AUC=0.546  LL=0.6917 (0.0s)
12:05:05  src.cpcv.preprocessing  INFO  Feature selection skipped (AR Logistic uses lagged returns only)
12:05:05  src.cpcv.pipeline  INFO    Preprocessing: FFD + scaling only (no feature selection), train=564 + cal=141, test=233
12:05:05  src.cpcv.pipeline  INFO    AR Logistic lags: [1, 2, 3, 4, 5, 6, 7, 14, 21, 30]
12:05:05  src.cpcv.pipeline  INFO    [ 28/84]          ar_logistic (seed=0) F1=0.475  AUC=0.519  LL=0.6799 (0.0s)
12:05:05  src.cpcv.pipeline  INFO    [ 29/84]          ar_logistic (seed=1) F1=0.475  AUC=0.519  LL=0.6799 (0.0s)
12:05:05  src.cpcv.pipeline  INFO    [ 30/84]          ar_logistic (seed=2) F1=0.475  AUC=0.519  LL=0.6799 (0.0s)
12:05:05  src.cpcv.preprocessing  INFO  Feature selection skipped (AR Logistic uses lagged returns only)
12:05:05  src.cpcv.pipeline  INFO    Preprocessing: FFD + scaling only (no feature selection), train=562 + cal=141, test=233
12:05:05  src.cpcv.pipeline  INFO    AR Logistic lags: [1, 2, 3, 4, 5, 6, 7, 14, 21, 30]
12:05:05  src.cpcv.pipeline  INFO    [ 31/84]          ar_logistic (seed=0) F1=0.416  AUC=0.447  LL=0.7250 (0.0s)
12:05:05  src.cpcv.pipeline  INFO    [ 32/84]          ar_logistic (seed=1) F1=0.416  AUC=0.447  LL=0.7250 (0.0s)
12:05:05  src.cpcv.pipeline  INFO    [ 33/84]          ar_logistic (seed=2) F1=0.416  AUC=0.447  LL=0.7250 (0.0s)
12:05:06  src.cpcv.preprocessing  INFO  Feature selection skipped (AR Logistic uses lagged returns only)
12:05:06  src.cpcv.pipeline  INFO    Preprocessing: FFD + scaling only (no feature selection), train=563 + cal=141, test=233
12:05:06  src.cpcv.pipeline  INFO    AR Logistic lags: [1, 2, 3, 4, 5, 6, 7, 14, 21, 30]
12:05:06  src.cpcv.pipeline  INFO    [ 34/84]          ar_logistic (seed=0) F1=0.531  AUC=0.538  LL=0.6873 (0.0s)
12:05:06  src.cpcv.pipeline  INFO    [ 35/84]          ar_logistic (seed=1) F1=0.531  AUC=0.538  LL=0.6873 (0.0s)
12:05:06  src.cpcv.pipeline  INFO    [ 36/84]          ar_logistic (seed=2) F1=0.531  AUC=0.538  LL=0.6873 (0.0s)
12:05:06  src.cpcv.preprocessing  INFO  Feature selection skipped (AR Logistic uses lagged returns only)
12:05:06  src.cpcv.pipeline  INFO    Preprocessing: FFD + scaling only (no feature selection), train=564 + cal=142, test=240
12:05:06  src.cpcv.pipeline  INFO    AR Logistic lags: [1, 2, 3, 4, 5, 6, 7, 14, 21, 30]
12:05:06  src.cpcv.pipeline  INFO    [ 37/84]          ar_logistic (seed=0) F1=0.503  AUC=0.534  LL=0.6817 (0.0s)
12:05:06  src.cpcv.pipeline  INFO    [ 38/84]          ar_logistic (seed=1) F1=0.503  AUC=0.534  LL=0.6817 (0.0s)
12:05:06  src.cpcv.pipeline  INFO    [ 39/84]          ar_logistic (seed=2) F1=0.503  AUC=0.534  LL=0.6817 (0.0s)
12:05:06  src.cpcv.preprocessing  INFO  Feature selection skipped (AR Logistic uses lagged returns only)
12:05:06  src.cpcv.pipeline  INFO    Preprocessing: FFD + scaling only (no feature selection), train=528 + cal=132, test=288
12:05:06  src.cpcv.pipeline  INFO    AR Logistic lags: [1, 2, 3, 4, 5, 6, 7, 14, 21, 30]
12:05:06  src.cpcv.pipeline  INFO    [ 40/84]          ar_logistic (seed=0) F1=0.493  AUC=0.509  LL=0.7145 (0.0s)
12:05:06  src.cpcv.pipeline  INFO    [ 41/84]          ar_logistic (seed=1) F1=0.493  AUC=0.509  LL=0.7145 (0.0s)
12:05:06  src.cpcv.pipeline  INFO    [ 42/84]          ar_logistic (seed=2) F1=0.493  AUC=0.509  LL=0.7145 (0.0s)
12:05:06  src.cpcv.preprocessing  INFO  Feature selection skipped (AR Logistic uses lagged returns only)
12:05:06  src.cpcv.pipeline  INFO    Preprocessing: FFD + scaling only (no feature selection), train=519 + cal=130, test=288
12:05:06  src.cpcv.pipeline  INFO    AR Logistic lags: [1, 2, 3, 4, 5, 6, 7, 14, 21, 30]
12:05:06  src.cpcv.pipeline  INFO    [ 43/84]          ar_logistic (seed=0) F1=0.459  AUC=0.480  LL=0.7012 (0.0s)
12:05:06  src.cpcv.pipeline  INFO    [ 44/84]          ar_logistic (seed=1) F1=0.459  AUC=0.480  LL=0.7012 (0.0s)
12:05:07  src.cpcv.pipeline  INFO    [ 45/84]          ar_logistic (seed=2) F1=0.459  AUC=0.480  LL=0.7012 (0.0s)
12:05:07  src.cpcv.preprocessing  INFO  Feature selection skipped (AR Logistic uses lagged returns only)
12:05:07  src.cpcv.pipeline  INFO    Preprocessing: FFD + scaling only (no feature selection), train=517 + cal=130, test=288
12:05:07  src.cpcv.pipeline  INFO    AR Logistic lags: [1, 2, 3, 4, 5, 6, 7, 14, 21, 30]
12:05:07  src.cpcv.pipeline  INFO    [ 46/84]          ar_logistic (seed=0) F1=0.445  AUC=0.449  LL=0.7357 (0.0s)
12:05:07  src.cpcv.pipeline  INFO    [ 47/84]          ar_logistic (seed=1) F1=0.445  AUC=0.449  LL=0.7357 (0.0s)
12:05:07  src.cpcv.pipeline  INFO    [ 48/84]          ar_logistic (seed=2) F1=0.445  AUC=0.449  LL=0.7357 (0.0s)
12:05:07  src.cpcv.preprocessing  INFO  Feature selection skipped (AR Logistic uses lagged returns only)
12:05:07  src.cpcv.pipeline  INFO    Preprocessing: FFD + scaling only (no feature selection), train=518 + cal=130, test=288
12:05:07  src.cpcv.pipeline  INFO    AR Logistic lags: [1, 2, 3, 4, 5, 6, 7, 14, 21, 30]
12:05:07  src.cpcv.pipeline  INFO    [ 49/84]          ar_logistic (seed=0) F1=0.491  AUC=0.508  LL=0.7061 (0.0s)
12:05:07  src.cpcv.pipeline  INFO    [ 50/84]          ar_logistic (seed=1) F1=0.491  AUC=0.508  LL=0.7061 (0.0s)
12:05:07  src.cpcv.pipeline  INFO    [ 51/84]          ar_logistic (seed=2) F1=0.491  AUC=0.508  LL=0.7061 (0.0s)
12:05:07  src.cpcv.preprocessing  INFO  Feature selection skipped (AR Logistic uses lagged returns only)
12:05:07  src.cpcv.pipeline  INFO    Preprocessing: FFD + scaling only (no feature selection), train=520 + cal=130, test=295
12:05:07  src.cpcv.pipeline  INFO    AR Logistic lags: [1, 2, 3, 4, 5, 6, 7, 14, 21, 30]
12:05:07  src.cpcv.pipeline  INFO    [ 52/84]          ar_logistic (seed=0) F1=0.507  AUC=0.531  LL=0.6980 (0.0s)
12:05:07  src.cpcv.pipeline  INFO    [ 53/84]          ar_logistic (seed=1) F1=0.507  AUC=0.531  LL=0.6980 (0.0s)
12:05:07  src.cpcv.pipeline  INFO    [ 54/84]          ar_logistic (seed=2) F1=0.507  AUC=0.531  LL=0.6980 (0.0s)
12:05:08  src.cpcv.preprocessing  INFO  Feature selection skipped (AR Logistic uses lagged returns only)
12:05:08  src.cpcv.pipeline  INFO    Preprocessing: FFD + scaling only (no feature selection), train=528 + cal=133, test=288
12:05:08  src.cpcv.pipeline  INFO    AR Logistic lags: [1, 2, 3, 4, 5, 6, 7, 14, 21, 30]
12:05:08  src.cpcv.pipeline  INFO    [ 55/84]          ar_logistic (seed=0) F1=0.446  AUC=0.519  LL=0.6889 (0.0s)
12:05:08  src.cpcv.pipeline  INFO    [ 56/84]          ar_logistic (seed=1) F1=0.446  AUC=0.519  LL=0.6889 (0.0s)
12:05:08  src.cpcv.pipeline  INFO    [ 57/84]          ar_logistic (seed=2) F1=0.446  AUC=0.519  LL=0.6889 (0.0s)
12:05:08  src.cpcv.preprocessing  INFO  Feature selection skipped (AR Logistic uses lagged returns only)
12:05:08  src.cpcv.pipeline  INFO    Preprocessing: FFD + scaling only (no feature selection), train=518 + cal=130, test=288
12:05:08  src.cpcv.pipeline  INFO    AR Logistic lags: [1, 2, 3, 4, 5, 6, 7, 14, 21, 30]
12:05:08  src.cpcv.pipeline  INFO    [ 58/84]          ar_logistic (seed=0) F1=0.438  AUC=0.491  LL=0.7241 (0.0s)
12:05:08  src.cpcv.pipeline  INFO    [ 59/84]          ar_logistic (seed=1) F1=0.438  AUC=0.491  LL=0.7241 (0.0s)
12:05:08  src.cpcv.pipeline  INFO    [ 60/84]          ar_logistic (seed=2) F1=0.438  AUC=0.491  LL=0.7241 (0.0s)
12:05:08  src.cpcv.preprocessing  INFO  Feature selection skipped (AR Logistic uses lagged returns only)
12:05:08  src.cpcv.pipeline  INFO    Preprocessing: FFD + scaling only (no feature selection), train=519 + cal=130, test=288
12:05:08  src.cpcv.pipeline  INFO    AR Logistic lags: [1, 2, 3, 4, 5, 6, 7, 14, 21, 30]
12:05:08  src.cpcv.pipeline  INFO    [ 61/84]          ar_logistic (seed=0) F1=0.507  AUC=0.561  LL=0.6935 (0.0s)
12:05:08  src.cpcv.pipeline  INFO    [ 62/84]          ar_logistic (seed=1) F1=0.507  AUC=0.561  LL=0.6935 (0.0s)
12:05:08  src.cpcv.pipeline  INFO    [ 63/84]          ar_logistic (seed=2) F1=0.507  AUC=0.561  LL=0.6935 (0.0s)
12:05:09  src.cpcv.preprocessing  INFO  Feature selection skipped (AR Logistic uses lagged returns only)
12:05:09  src.cpcv.pipeline  INFO    Preprocessing: FFD + scaling only (no feature selection), train=520 + cal=131, test=295
12:05:09  src.cpcv.pipeline  INFO    AR Logistic lags: [1, 2, 3, 4, 5, 6, 7, 14, 21, 30]
12:05:09  src.cpcv.pipeline  INFO    [ 64/84]          ar_logistic (seed=0) F1=0.484  AUC=0.551  LL=0.6887 (0.0s)
12:05:09  src.cpcv.pipeline  INFO    [ 65/84]          ar_logistic (seed=1) F1=0.484  AUC=0.551  LL=0.6887 (0.0s)
12:05:09  src.cpcv.pipeline  INFO    [ 66/84]          ar_logistic (seed=2) F1=0.484  AUC=0.551  LL=0.6887 (0.0s)
12:05:09  src.cpcv.preprocessing  INFO  Feature selection skipped (AR Logistic uses lagged returns only)
12:05:09  src.cpcv.pipeline  INFO    Preprocessing: FFD + scaling only (no feature selection), train=528 + cal=133, test=288
12:05:09  src.cpcv.pipeline  INFO    AR Logistic lags: [1, 2, 3, 4, 5, 6, 7, 14, 21, 30]
12:05:09  src.cpcv.pipeline  INFO    [ 67/84]          ar_logistic (seed=0) F1=0.461  AUC=0.494  LL=0.7072 (0.0s)
12:05:09  src.cpcv.pipeline  INFO    [ 68/84]          ar_logistic (seed=1) F1=0.461  AUC=0.494  LL=0.7072 (0.0s)
12:05:09  src.cpcv.pipeline  INFO    [ 69/84]          ar_logistic (seed=2) F1=0.461  AUC=0.494  LL=0.7072 (0.0s)
12:05:09  src.cpcv.preprocessing  INFO  Feature selection skipped (AR Logistic uses lagged returns only)
12:05:09  src.cpcv.pipeline  INFO    Preprocessing: FFD + scaling only (no feature selection), train=519 + cal=130, test=288
12:05:09  src.cpcv.pipeline  INFO    AR Logistic lags: [1, 2, 3, 4, 5, 6, 7, 14, 21, 30]
12:05:09  src.cpcv.pipeline  INFO    [ 70/84]          ar_logistic (seed=0) F1=0.495  AUC=0.531  LL=0.6863 (0.0s)
12:05:09  src.cpcv.pipeline  INFO    [ 71/84]          ar_logistic (seed=1) F1=0.495  AUC=0.531  LL=0.6863 (0.0s)
12:05:09  src.cpcv.pipeline  INFO    [ 72/84]          ar_logistic (seed=2) F1=0.495  AUC=0.531  LL=0.6863 (0.0s)
12:05:10  src.cpcv.preprocessing  INFO  Feature selection skipped (AR Logistic uses lagged returns only)
12:05:10  src.cpcv.pipeline  INFO    Preprocessing: FFD + scaling only (no feature selection), train=520 + cal=131, test=295
12:05:10  src.cpcv.pipeline  INFO    AR Logistic lags: [1, 2, 3, 4, 5, 6, 7, 14, 21, 30]
12:05:10  src.cpcv.pipeline  INFO    [ 73/84]          ar_logistic (seed=0) F1=0.485  AUC=0.524  LL=0.6869 (0.0s)
12:05:10  src.cpcv.pipeline  INFO    [ 74/84]          ar_logistic (seed=1) F1=0.485  AUC=0.524  LL=0.6869 (0.0s)
12:05:10  src.cpcv.pipeline  INFO    [ 75/84]          ar_logistic (seed=2) F1=0.485  AUC=0.524  LL=0.6869 (0.0s)
12:05:10  src.cpcv.preprocessing  INFO  Feature selection skipped (AR Logistic uses lagged returns only)
12:05:10  src.cpcv.pipeline  INFO    Preprocessing: FFD + scaling only (no feature selection), train=527 + cal=132, test=288
12:05:10  src.cpcv.pipeline  INFO    AR Logistic lags: [1, 2, 3, 4, 5, 6, 7, 14, 21, 30]
12:05:10  src.cpcv.pipeline  INFO    [ 76/84]          ar_logistic (seed=0) F1=0.452  AUC=0.486  LL=0.7167 (0.0s)
12:05:10  src.cpcv.pipeline  INFO    [ 77/84]          ar_logistic (seed=1) F1=0.452  AUC=0.486  LL=0.7167 (0.0s)
12:05:10  src.cpcv.pipeline  INFO    [ 78/84]          ar_logistic (seed=2) F1=0.452  AUC=0.486  LL=0.7167 (0.0s)
12:05:10  src.cpcv.preprocessing  INFO  Feature selection skipped (AR Logistic uses lagged returns only)
12:05:10  src.cpcv.pipeline  INFO    Preprocessing: FFD + scaling only (no feature selection), train=519 + cal=130, test=295
12:05:10  src.cpcv.pipeline  INFO    AR Logistic lags: [1, 2, 3, 4, 5, 6, 7, 14, 21, 30]
12:05:10  src.cpcv.pipeline  INFO    [ 79/84]          ar_logistic (seed=0) F1=0.440  AUC=0.486  LL=0.7012 (0.0s)
12:05:10  src.cpcv.pipeline  INFO    [ 80/84]          ar_logistic (seed=1) F1=0.440  AUC=0.486  LL=0.7012 (0.0s)
12:05:10  src.cpcv.pipeline  INFO    [ 81/84]          ar_logistic (seed=2) F1=0.440  AUC=0.486  LL=0.7012 (0.0s)
12:05:11  src.cpcv.preprocessing  INFO  Feature selection skipped (AR Logistic uses lagged returns only)
12:05:11  src.cpcv.pipeline  INFO    Preprocessing: FFD + scaling only (no feature selection), train=531 + cal=133, test=295
12:05:11  src.cpcv.pipeline  INFO    AR Logistic lags: [1, 2, 3, 4, 5, 6, 7, 14, 21, 30]
12:05:11  src.cpcv.pipeline  INFO    [ 82/84]          ar_logistic (seed=0) F1=0.444  AUC=0.420  LL=0.7190 (0.0s)
12:05:11  src.cpcv.pipeline  INFO    [ 83/84]          ar_logistic (seed=1) F1=0.444  AUC=0.420  LL=0.7190 (0.0s)
12:05:11  src.cpcv.pipeline  INFO    [ 84/84]          ar_logistic (seed=2) F1=0.444  AUC=0.420  LL=0.7190 (0.0s)
12:05:11  src.cpcv.pipeline  INFO  ============================================================
12:05:11  src.cpcv.pipeline  INFO  CPCV Pipeline Complete
12:05:11  src.cpcv.pipeline  INFO  ============================================================
12:05:11  src.cpcv.pipeline  INFO    Total time:     9.2s (0.2m)
12:05:11  src.cpcv.pipeline  INFO    Tasks:          84 succeeded, 0 failed
12:05:11  src.cpcv.pipeline  INFO    Results keys:   84 (model, split, seed) entries
12:05:11  src.cpcv.pipeline  INFO    Backtest paths: 7
12:05:11  src.cpcv.pipeline  INFO  ============================================================
12:05:11  src.cpcv.pipeline  INFO  ============================================================
12:05:11  src.cpcv.pipeline  INFO  CPCV Pipeline
12:05:11  src.cpcv.pipeline  INFO  ============================================================
12:05:11  src.cpcv.pipeline  INFO    Models:         ['logistic']
12:05:11  src.cpcv.pipeline  INFO    Seeds/fold:     3
12:05:11  src.cpcv.pipeline  INFO    Groups (N):     8
12:05:11  src.cpcv.pipeline  INFO    Test groups (k):2
12:05:11  src.cpcv.pipeline  INFO    Embargo:        1.0%
12:05:11  src.cpcv.pipeline  INFO    FFD columns:    ['atr']
12:05:11  src.cpcv.pipeline  INFO    Samples:        1159
12:05:11  src.cpcv.pipeline  INFO    Features:       73
12:05:11  src.cpcv.pipeline  INFO    Splits:         28, Paths: 7
12:05:11  src.cpcv.pipeline  INFO    Tuning:         NESTED (per-split) — ['logistic'] [30 trials]
12:05:11  src.cpcv.pipeline  INFO  ============================================================
12:05:12  src.cpcv.preprocessing  INFO  Computing MDA (Random Forest)...
12:05:47  src.cpcv.preprocessing  INFO  Computing MDA (Logistic Regression)...
12:05:48  src.cpcv.preprocessing  INFO  Multi-model MDA: 59/73 passed (MDA > 0), 14 eliminated
12:05:48  src.cpcv.preprocessing  INFO    Capped at 14 features (top_k_frac=0.2)
12:05:48  src.cpcv.preprocessing  INFO    Selected (14): ['eth_btc_ratio', 'exchange_supply_pct', 'gk_vol', 'gold_ret_30', 'jarque_bera', 'log_returns_lag1', 'log_returns_lag2', 'nasdaq_ret_14', 'natgas_ret_30', 'skewness', 'smt_exp', 'sp500_ret_14', 'us2y', 'variance_ratio']
12:05:48  src.cpcv.pipeline  INFO    Preprocessing: 14 features selected, train=688 + cal=172, test=89
12:05:49  src.cpcv.tuning  INFO  Tuning (1 model) — Optuna TPE + Purged K-Fold (inner: 3 folds, embargo=10 obs)
12:05:49  src.cpcv.tuning  INFO    [tuning] logistic: 3 purged K-fold splits, 30 Optuna trials (TPE)
12:05:50  src.cpcv.tuning  INFO      logistic: 16 completed, 14 pruned (of 30 total) — best log_loss=0.6816, params={'C': 0.054502936945582565, 'penalty': 'l1'}
12:05:50  src.cpcv.tuning  INFO    [tuning] logistic done in 0.7s — best log_loss=0.6816
12:05:50  src.cpcv.tuning  INFO  Tuning total: 0.7s
12:05:50  src.cpcv.pipeline  INFO      applied logistic: {'C': 0.054502936945582565, 'penalty': 'l1'}
12:05:50  src.cpcv.pipeline  INFO    [  1/84]             logistic (seed=0) F1=0.477  AUC=0.528  LL=0.6654 (0.0s)
12:05:50  src.cpcv.pipeline  INFO    [  2/84]             logistic (seed=1) F1=0.477  AUC=0.528  LL=0.6654 (0.0s)
12:05:50  src.cpcv.pipeline  INFO    [  3/84]             logistic (seed=2) F1=0.477  AUC=0.528  LL=0.6654 (0.0s)
12:05:50  src.cpcv.preprocessing  INFO  Computing MDA (Random Forest)...
12:06:25  src.cpcv.preprocessing  INFO  Computing MDA (Logistic Regression)...
12:06:26  src.cpcv.preprocessing  INFO  Multi-model MDA: 47/73 passed (MDA > 0), 26 eliminated
12:06:26  src.cpcv.preprocessing  INFO    Capped at 14 features (top_k_frac=0.2)
12:06:26  src.cpcv.preprocessing  INFO    Selected (14): ['bb_width', 'dxy_roc_30', 'ema_ratio_50_200', 'fee_per_tx', 'gold_ret_30', 'log_returns', 'macd_hist', 'natgas_ret_14', 'roc_14', 'sadf', 'shannon_entropy', 'silver_ret_30', 'vol_term_7_30', 'yield_curve_2y10y']
12:06:26  src.cpcv.pipeline  INFO    Preprocessing: 14 features selected, train=643 + cal=161, test=144
12:06:26  src.cpcv.tuning  INFO  Tuning (1 model) — Optuna TPE + Purged K-Fold (inner: 3 folds, embargo=10 obs)
12:06:26  src.cpcv.tuning  INFO    [tuning] logistic: 3 purged K-fold splits, 30 Optuna trials (TPE)
12:06:26  src.cpcv.tuning  INFO      logistic: 22 completed, 8 pruned (of 30 total) — best log_loss=0.6925, params={'C': 0.054502936945582565, 'penalty': 'l1'}
12:06:26  src.cpcv.tuning  INFO    [tuning] logistic done in 0.4s — best log_loss=0.6925
12:06:26  src.cpcv.tuning  INFO  Tuning total: 0.4s
12:06:26  src.cpcv.pipeline  INFO      applied logistic: {'C': 0.054502936945582565, 'penalty': 'l1'}
12:06:26  src.cpcv.pipeline  INFO    [  4/84]             logistic (seed=0) F1=0.311  AUC=0.534  LL=0.7270 (0.0s)
12:06:26  src.cpcv.pipeline  INFO    [  5/84]             logistic (seed=1) F1=0.311  AUC=0.534  LL=0.7270 (0.0s)
12:06:26  src.cpcv.pipeline  INFO    [  6/84]             logistic (seed=2) F1=0.311  AUC=0.534  LL=0.7270 (0.0s)
12:06:26  src.cpcv.preprocessing  INFO  Computing MDA (Random Forest)...
12:07:02  src.cpcv.preprocessing  INFO  Computing MDA (Logistic Regression)...
12:07:03  src.cpcv.preprocessing  INFO  Multi-model MDA: 26/73 passed (MDA > 0), 47 eliminated
12:07:03  src.cpcv.preprocessing  INFO    Capped at 14 features (top_k_frac=0.2)
12:07:03  src.cpcv.preprocessing  INFO    Selected (14): ['eth_btc_ratio', 'exchange_supply_pct', 'gold_ret_14', 'gold_ret_30', 'log_returns_lag1', 'log_returns_lag21', 'log_returns_lag4', 'log_returns_lag7', 'negentropy', 'obv', 'rsi', 'skewness', 'sp500_ret_30', 'stoch_d']
12:07:03  src.cpcv.pipeline  INFO    Preprocessing: 14 features selected, train=644 + cal=161, test=144
12:07:03  src.cpcv.tuning  INFO  Tuning (1 model) — Optuna TPE + Purged K-Fold (inner: 3 folds, embargo=10 obs)
12:07:03  src.cpcv.tuning  INFO    [tuning] logistic: 3 purged K-fold splits, 30 Optuna trials (TPE)
12:07:03  src.cpcv.tuning  INFO      logistic: 19 completed, 11 pruned (of 30 total) — best log_loss=0.6863, params={'C': 0.0960832887346359, 'penalty': 'l1'}
12:07:03  src.cpcv.tuning  INFO    [tuning] logistic done in 0.4s — best log_loss=0.6863
12:07:03  src.cpcv.tuning  INFO  Tuning total: 0.4s
12:07:03  src.cpcv.pipeline  INFO      applied logistic: {'C': 0.0960832887346359, 'penalty': 'l1'}
12:07:03  src.cpcv.pipeline  INFO    [  7/84]             logistic (seed=0) F1=0.476  AUC=0.536  LL=0.6980 (0.0s)
12:07:03  src.cpcv.pipeline  INFO    [  8/84]             logistic (seed=1) F1=0.476  AUC=0.536  LL=0.6980 (0.0s)
12:07:03  src.cpcv.pipeline  INFO    [  9/84]             logistic (seed=2) F1=0.476  AUC=0.536  LL=0.6980 (0.0s)
12:07:03  src.cpcv.preprocessing  INFO  Computing MDA (Random Forest)...
12:07:38  src.cpcv.preprocessing  INFO  Computing MDA (Logistic Regression)...
12:07:39  src.cpcv.preprocessing  INFO  Multi-model MDA: 18/73 passed (MDA > 0), 55 eliminated
12:07:39  src.cpcv.preprocessing  INFO    Capped at 14 features (top_k_frac=0.2)
12:07:39  src.cpcv.preprocessing  INFO    Selected (14): ['bb_width', 'eth_btc_ratio', 'jarque_bera', 'log_returns_lag21', 'log_returns_lag5', 'log_returns_lag6', 'macd_hist', 'mfi_14', 'mvrv', 'sadf', 'shannon_entropy', 'skewness', 'variance_ratio', 'vix']
12:07:39  src.cpcv.pipeline  INFO    Preprocessing: 14 features selected, train=644 + cal=161, test=144
12:07:39  src.cpcv.tuning  INFO  Tuning (1 model) — Optuna TPE + Purged K-Fold (inner: 3 folds, embargo=10 obs)
12:07:39  src.cpcv.tuning  INFO    [tuning] logistic: 3 purged K-fold splits, 30 Optuna trials (TPE)
12:07:40  src.cpcv.tuning  INFO      logistic: 27 completed, 3 pruned (of 30 total) — best log_loss=0.6866, params={'C': 0.00044900780221839487, 'penalty': 'l2'}
12:07:40  src.cpcv.tuning  INFO    [tuning] logistic done in 0.7s — best log_loss=0.6866
12:07:40  src.cpcv.tuning  INFO  Tuning total: 0.7s
12:07:40  src.cpcv.pipeline  INFO      applied logistic: {'C': 0.00044900780221839487, 'penalty': 'l2'}
12:07:40  src.cpcv.pipeline  INFO    [ 10/84]             logistic (seed=0) F1=0.368  AUC=0.566  LL=0.6727 (0.0s)
12:07:40  src.cpcv.pipeline  INFO    [ 11/84]             logistic (seed=1) F1=0.368  AUC=0.566  LL=0.6727 (0.0s)
12:07:40  src.cpcv.pipeline  INFO    [ 12/84]             logistic (seed=2) F1=0.368  AUC=0.566  LL=0.6727 (0.0s)
12:07:40  src.cpcv.preprocessing  INFO  Computing MDA (Random Forest)...
12:08:15  src.cpcv.preprocessing  INFO  Computing MDA (Logistic Regression)...
12:08:16  src.cpcv.preprocessing  INFO  Multi-model MDA: 11/73 passed (MDA > 0), 62 eliminated
12:08:16  src.cpcv.preprocessing  INFO    Selected (11): ['bb_width', 'copper_ret_30', 'eth_btc_ratio', 'exchange_supply_pct', 'mvrv', 'nasdaq_ret_14', 'rsi', 'silver_ret_14', 'skewness', 'vix', 'williams_r']
12:08:16  src.cpcv.pipeline  INFO    Preprocessing: 11 features selected, train=642 + cal=161, test=144
12:08:16  src.cpcv.tuning  INFO  Tuning (1 model) — Optuna TPE + Purged K-Fold (inner: 3 folds, embargo=10 obs)
12:08:16  src.cpcv.tuning  INFO    [tuning] logistic: 3 purged K-fold splits, 30 Optuna trials (TPE)
12:08:17  src.cpcv.tuning  INFO      logistic: 13 completed, 17 pruned (of 30 total) — best log_loss=0.6930, params={'C': 0.0006870101665590031, 'penalty': 'l2'}
12:08:17  src.cpcv.tuning  INFO    [tuning] logistic done in 0.5s — best log_loss=0.6930
12:08:17  src.cpcv.tuning  INFO  Tuning total: 0.5s
12:08:17  src.cpcv.pipeline  INFO      applied logistic: {'C': 0.0006870101665590031, 'penalty': 'l2'}
12:08:17  src.cpcv.pipeline  INFO    [ 13/84]             logistic (seed=0) F1=0.538  AUC=0.560  LL=0.6899 (0.0s)
12:08:17  src.cpcv.pipeline  INFO    [ 14/84]             logistic (seed=1) F1=0.538  AUC=0.560  LL=0.6899 (0.0s)
12:08:17  src.cpcv.pipeline  INFO    [ 15/84]             logistic (seed=2) F1=0.538  AUC=0.560  LL=0.6899 (0.0s)
12:08:17  src.cpcv.preprocessing  INFO  Computing MDA (Random Forest)...
12:08:51  src.cpcv.preprocessing  INFO  Computing MDA (Logistic Regression)...
12:08:53  src.cpcv.preprocessing  INFO  Multi-model MDA: 6/73 passed (MDA > 0), 67 eliminated
12:08:53  src.cpcv.preprocessing  INFO    Selected (6): ['ema_ratio_50_200', 'eth_btc_ratio', 'jarque_bera', 'kurtosis', 'skewness', 'sp500_ret_14']
12:08:53  src.cpcv.pipeline  INFO    Preprocessing: 6 features selected, train=643 + cal=161, test=144
12:08:53  src.cpcv.tuning  INFO  Tuning (1 model) — Optuna TPE + Purged K-Fold (inner: 3 folds, embargo=10 obs)
12:08:53  src.cpcv.tuning  INFO    [tuning] logistic: 3 purged K-fold splits, 30 Optuna trials (TPE)
12:08:53  src.cpcv.tuning  INFO      logistic: 16 completed, 14 pruned (of 30 total) — best log_loss=0.6796, params={'C': 97.26459853055177, 'penalty': 'l1'}
12:08:53  src.cpcv.tuning  INFO    [tuning] logistic done in 0.4s — best log_loss=0.6796
12:08:53  src.cpcv.tuning  INFO  Tuning total: 0.4s
12:08:53  src.cpcv.pipeline  INFO      applied logistic: {'C': 97.26459853055177, 'penalty': 'l1'}
12:08:53  src.cpcv.pipeline  INFO    [ 16/84]             logistic (seed=0) F1=0.444  AUC=0.453  LL=0.7336 (0.0s)
12:08:53  src.cpcv.pipeline  INFO    [ 17/84]             logistic (seed=1) F1=0.444  AUC=0.453  LL=0.7336 (0.0s)
12:08:53  src.cpcv.pipeline  INFO    [ 18/84]             logistic (seed=2) F1=0.444  AUC=0.453  LL=0.7336 (0.0s)
12:08:53  src.cpcv.preprocessing  INFO  Computing MDA (Random Forest)...
12:09:28  src.cpcv.preprocessing  INFO  Computing MDA (Logistic Regression)...
12:09:29  src.cpcv.preprocessing  INFO  Multi-model MDA: 26/73 passed (MDA > 0), 47 eliminated
12:09:29  src.cpcv.preprocessing  INFO    Capped at 14 features (top_k_frac=0.2)
12:09:29  src.cpcv.preprocessing  INFO    Selected (14): ['bb_width', 'gold_ret_14', 'kurtosis', 'log_returns_lag14', 'log_returns_lag4', 'log_returns_lag5', 'log_returns_lag6', 'macd_hist', 'mfi_14', 'natgas_ret_30', 'oil_ret_14', 'skewness', 'variance_ratio', 'vol_term_30_90']
12:09:29  src.cpcv.pipeline  INFO    Preprocessing: 14 features selected, train=644 + cal=162, test=151
12:09:29  src.cpcv.tuning  INFO  Tuning (1 model) — Optuna TPE + Purged K-Fold (inner: 3 folds, embargo=10 obs)
12:09:29  src.cpcv.tuning  INFO    [tuning] logistic: 3 purged K-fold splits, 30 Optuna trials (TPE)
12:09:30  src.cpcv.tuning  INFO      logistic: 20 completed, 10 pruned (of 30 total) — best log_loss=0.6816, params={'C': 0.016559137067153652, 'penalty': 'l2'}
12:09:30  src.cpcv.tuning  INFO    [tuning] logistic done in 0.5s — best log_loss=0.6816
12:09:30  src.cpcv.tuning  INFO  Tuning total: 0.5s
12:09:30  src.cpcv.pipeline  INFO      applied logistic: {'C': 0.016559137067153652, 'penalty': 'l2'}
12:09:30  src.cpcv.pipeline  INFO    [ 19/84]             logistic (seed=0) F1=0.549  AUC=0.577  LL=0.6884 (0.0s)
12:09:30  src.cpcv.pipeline  INFO    [ 20/84]             logistic (seed=1) F1=0.549  AUC=0.577  LL=0.6884 (0.0s)
12:09:30  src.cpcv.pipeline  INFO    [ 21/84]             logistic (seed=2) F1=0.549  AUC=0.577  LL=0.6884 (0.0s)
12:09:30  src.cpcv.preprocessing  INFO  Computing MDA (Random Forest)...
12:10:02  src.cpcv.preprocessing  INFO  Computing MDA (Logistic Regression)...
12:10:03  src.cpcv.preprocessing  INFO  Multi-model MDA: 66/73 passed (MDA > 0), 7 eliminated
12:10:03  src.cpcv.preprocessing  INFO    Capped at 14 features (top_k_frac=0.2)
12:10:03  src.cpcv.preprocessing  INFO    Selected (14): ['bb_width', 'dxy_roc_30', 'log_returns_lag30', 'macd_hist', 'nasdaq_ret_14', 'net_exchange_flow', 'oil_ret_14', 'realized_vol', 'sadf', 'silver_ret_30', 'sp500_ret_14', 'stoch_k', 'vwma_ratio_20_50', 'yield_curve_2y10y']
12:10:03  src.cpcv.pipeline  INFO    Preprocessing: 14 features selected, train=572 + cal=144, test=233
12:10:03  src.cpcv.tuning  INFO  Tuning (1 model) — Optuna TPE + Purged K-Fold (inner: 3 folds, embargo=10 obs)
12:10:03  src.cpcv.tuning  INFO    [tuning] logistic: 3 purged K-fold splits, 30 Optuna trials (TPE)
12:10:03  src.cpcv.tuning  INFO      logistic: 22 completed, 8 pruned (of 30 total) — best log_loss=0.6923, params={'C': 0.0021079758632756426, 'penalty': 'l2'}
12:10:03  src.cpcv.tuning  INFO    [tuning] logistic done in 0.6s — best log_loss=0.6923
12:10:03  src.cpcv.tuning  INFO  Tuning total: 0.6s
12:10:03  src.cpcv.pipeline  INFO      applied logistic: {'C': 0.0021079758632756426, 'penalty': 'l2'}
12:10:04  src.cpcv.pipeline  INFO    [ 22/84]             logistic (seed=0) F1=0.347  AUC=0.537  LL=0.6983 (0.0s)
12:10:04  src.cpcv.pipeline  INFO    [ 23/84]             logistic (seed=1) F1=0.347  AUC=0.537  LL=0.6983 (0.0s)
12:10:04  src.cpcv.pipeline  INFO    [ 24/84]             logistic (seed=2) F1=0.347  AUC=0.537  LL=0.6983 (0.0s)
12:10:04  src.cpcv.preprocessing  INFO  Computing MDA (Random Forest)...
12:10:35  src.cpcv.preprocessing  INFO  Computing MDA (Logistic Regression)...
12:10:36  src.cpcv.preprocessing  INFO  Multi-model MDA: 43/73 passed (MDA > 0), 30 eliminated
12:10:36  src.cpcv.preprocessing  INFO    Capped at 14 features (top_k_frac=0.2)
12:10:36  src.cpcv.preprocessing  INFO    Selected (14): ['atr', 'cci_14', 'copper_ret_14', 'dxy_roc_30', 'eth_btc_ratio', 'jarque_bera', 'log_returns_lag1', 'log_returns_lag2', 'log_returns_lag6', 'macd_signal', 'shannon_entropy', 'skewness', 'stoch_d', 'variance_ratio']
12:10:36  src.cpcv.pipeline  INFO    Preprocessing: 14 features selected, train=564 + cal=141, test=233
12:10:36  src.cpcv.tuning  INFO  Tuning (1 model) — Optuna TPE + Purged K-Fold (inner: 3 folds, embargo=10 obs)
12:10:36  src.cpcv.tuning  INFO    [tuning] logistic: 3 purged K-fold splits, 30 Optuna trials (TPE)
12:10:37  src.cpcv.tuning  INFO      logistic: 16 completed, 14 pruned (of 30 total) — best log_loss=0.6873, params={'C': 0.12173252504194051, 'penalty': 'l1'}
12:10:37  src.cpcv.tuning  INFO    [tuning] logistic done in 0.4s — best log_loss=0.6873
12:10:37  src.cpcv.tuning  INFO  Tuning total: 0.4s
12:10:37  src.cpcv.pipeline  INFO      applied logistic: {'C': 0.12173252504194051, 'penalty': 'l1'}
12:10:37  src.cpcv.pipeline  INFO    [ 25/84]             logistic (seed=0) F1=0.517  AUC=0.578  LL=0.7300 (0.0s)
12:10:37  src.cpcv.pipeline  INFO    [ 26/84]             logistic (seed=1) F1=0.517  AUC=0.578  LL=0.7300 (0.0s)
12:10:37  src.cpcv.pipeline  INFO    [ 27/84]             logistic (seed=2) F1=0.517  AUC=0.578  LL=0.7300 (0.0s)
12:10:37  src.cpcv.preprocessing  INFO  Computing MDA (Random Forest)...
12:11:09  src.cpcv.preprocessing  INFO  Computing MDA (Logistic Regression)...
12:11:10  src.cpcv.preprocessing  INFO  Multi-model MDA: 30/73 passed (MDA > 0), 43 eliminated
12:11:10  src.cpcv.preprocessing  INFO    Capped at 14 features (top_k_frac=0.2)
12:11:10  src.cpcv.preprocessing  INFO    Selected (14): ['chaikin_osc', 'ema_ratio_50_200', 'eth_btc_ratio', 'gk_vol', 'gold_ret_14', 'jarque_bera', 'log_returns_lag21', 'macd', 'macd_hist', 'natgas_ret_30', 'sp500_ret_30', 'us2y', 'vwma_ratio_20_50', 'yield_curve_2y10y']
12:11:10  src.cpcv.pipeline  INFO    Preprocessing: 14 features selected, train=564 + cal=141, test=233
12:11:10  src.cpcv.tuning  INFO  Tuning (1 model) — Optuna TPE + Purged K-Fold (inner: 3 folds, embargo=10 obs)
12:11:10  src.cpcv.tuning  INFO    [tuning] logistic: 3 purged K-fold splits, 30 Optuna trials (TPE)
12:11:10  src.cpcv.tuning  INFO      logistic: 27 completed, 3 pruned (of 30 total) — best log_loss=0.6824, params={'C': 0.038924971375872926, 'penalty': 'l1'}
12:11:10  src.cpcv.tuning  INFO    [tuning] logistic done in 0.6s — best log_loss=0.6824
12:11:10  src.cpcv.tuning  INFO  Tuning total: 0.6s
12:11:10  src.cpcv.pipeline  INFO      applied logistic: {'C': 0.038924971375872926, 'penalty': 'l1'}
12:11:10  src.cpcv.pipeline  INFO    [ 28/84]             logistic (seed=0) F1=0.460  AUC=0.575  LL=0.6730 (0.0s)
12:11:10  src.cpcv.pipeline  INFO    [ 29/84]             logistic (seed=1) F1=0.460  AUC=0.575  LL=0.6730 (0.0s)
12:11:10  src.cpcv.pipeline  INFO    [ 30/84]             logistic (seed=2) F1=0.460  AUC=0.575  LL=0.6730 (0.0s)
12:11:11  src.cpcv.preprocessing  INFO  Computing MDA (Random Forest)...
12:11:42  src.cpcv.preprocessing  INFO  Computing MDA (Logistic Regression)...
12:11:43  src.cpcv.preprocessing  INFO  Multi-model MDA: 25/73 passed (MDA > 0), 48 eliminated
12:11:43  src.cpcv.preprocessing  INFO    Capped at 14 features (top_k_frac=0.2)
12:11:43  src.cpcv.preprocessing  INFO    Selected (14): ['active_addr_roc_14', 'chaikin_osc', 'fee_per_tx', 'gk_vol', 'hashrate_roc_30', 'log_returns_lag1', 'log_returns_lag5', 'log_returns_lag7', 'macd_hist', 'mfi_14', 'net_exchange_flow', 'sp500_ret_14', 'stoch_k', 'vol_term_30_90']
12:11:43  src.cpcv.pipeline  INFO    Preprocessing: 14 features selected, train=562 + cal=141, test=233
12:11:43  src.cpcv.tuning  INFO  Tuning (1 model) — Optuna TPE + Purged K-Fold (inner: 3 folds, embargo=10 obs)
12:11:43  src.cpcv.tuning  INFO    [tuning] logistic: 3 purged K-fold splits, 30 Optuna trials (TPE)
12:11:44  src.cpcv.tuning  INFO      logistic: 25 completed, 5 pruned (of 30 total) — best log_loss=0.6851, params={'C': 0.12173252504194051, 'penalty': 'l1'}
12:11:44  src.cpcv.tuning  INFO    [tuning] logistic done in 0.4s — best log_loss=0.6851
12:11:44  src.cpcv.tuning  INFO  Tuning total: 0.4s
12:11:44  src.cpcv.pipeline  INFO      applied logistic: {'C': 0.12173252504194051, 'penalty': 'l1'}
12:11:44  src.cpcv.pipeline  INFO    [ 31/84]             logistic (seed=0) F1=0.367  AUC=0.436  LL=0.7114 (0.0s)
12:11:44  src.cpcv.pipeline  INFO    [ 32/84]             logistic (seed=1) F1=0.367  AUC=0.436  LL=0.7114 (0.0s)
12:11:44  src.cpcv.pipeline  INFO    [ 33/84]             logistic (seed=2) F1=0.367  AUC=0.436  LL=0.7114 (0.0s)
12:11:44  src.cpcv.preprocessing  INFO  Computing MDA (Random Forest)...
12:12:16  src.cpcv.preprocessing  INFO  Computing MDA (Logistic Regression)...
12:12:17  src.cpcv.preprocessing  INFO  Multi-model MDA: 32/73 passed (MDA > 0), 41 eliminated
12:12:17  src.cpcv.preprocessing  INFO    Capped at 14 features (top_k_frac=0.2)
12:12:17  src.cpcv.preprocessing  INFO    Selected (14): ['bb_width', 'copper_ret_14', 'copper_ret_30', 'dxy_roc_30', 'ema_ratio_20_50', 'eth_btc_ratio', 'fee_per_tx', 'log_returns_lag2', 'log_returns_lag7', 'macd_signal', 'mvrv', 'skewness', 'us2y', 'vix']
12:12:17  src.cpcv.pipeline  INFO    Preprocessing: 14 features selected, train=563 + cal=141, test=233
12:12:17  src.cpcv.tuning  INFO  Tuning (1 model) — Optuna TPE + Purged K-Fold (inner: 3 folds, embargo=10 obs)
12:12:17  src.cpcv.tuning  INFO    [tuning] logistic: 3 purged K-fold splits, 30 Optuna trials (TPE)
12:12:18  src.cpcv.tuning  INFO      logistic: 21 completed, 9 pruned (of 30 total) — best log_loss=0.6750, params={'C': 0.017004373164353256, 'penalty': 'l2'}
12:12:18  src.cpcv.tuning  INFO    [tuning] logistic done in 0.5s — best log_loss=0.6750
12:12:18  src.cpcv.tuning  INFO  Tuning total: 0.5s
12:12:18  src.cpcv.pipeline  INFO      applied logistic: {'C': 0.017004373164353256, 'penalty': 'l2'}
12:12:18  src.cpcv.pipeline  INFO    [ 34/84]             logistic (seed=0) F1=0.488  AUC=0.483  LL=0.7407 (0.0s)
12:12:18  src.cpcv.pipeline  INFO    [ 35/84]             logistic (seed=1) F1=0.488  AUC=0.483  LL=0.7407 (0.0s)
12:12:18  src.cpcv.pipeline  INFO    [ 36/84]             logistic (seed=2) F1=0.488  AUC=0.483  LL=0.7407 (0.0s)
12:12:18  src.cpcv.preprocessing  INFO  Computing MDA (Random Forest)...
12:12:50  src.cpcv.preprocessing  INFO  Computing MDA (Logistic Regression)...
12:12:51  src.cpcv.preprocessing  INFO  Multi-model MDA: 51/73 passed (MDA > 0), 22 eliminated
12:12:51  src.cpcv.preprocessing  INFO    Capped at 14 features (top_k_frac=0.2)
12:12:51  src.cpcv.preprocessing  INFO    Selected (14): ['copper_ret_14', 'eth_btc_ratio', 'gk_vol', 'kurtosis', 'log_returns', 'log_returns_lag21', 'log_returns_lag6', 'log_returns_lag7', 'mvrv', 'obv', 'roc_14', 'sp500_ret_30', 'us2y', 'yield_curve_2y10y']
12:12:51  src.cpcv.pipeline  INFO    Preprocessing: 14 features selected, train=564 + cal=142, test=240
12:12:51  src.cpcv.tuning  INFO  Tuning (1 model) — Optuna TPE + Purged K-Fold (inner: 3 folds, embargo=10 obs)
12:12:51  src.cpcv.tuning  INFO    [tuning] logistic: 3 purged K-fold splits, 30 Optuna trials (TPE)
12:12:51  src.cpcv.tuning  INFO      logistic: 20 completed, 10 pruned (of 30 total) — best log_loss=0.6919, params={'C': 0.0017608122450511671, 'penalty': 'l2'}
12:12:51  src.cpcv.tuning  INFO    [tuning] logistic done in 0.5s — best log_loss=0.6919
12:12:51  src.cpcv.tuning  INFO  Tuning total: 0.5s
12:12:51  src.cpcv.pipeline  INFO      applied logistic: {'C': 0.0017608122450511671, 'penalty': 'l2'}
12:12:51  src.cpcv.pipeline  INFO    [ 37/84]             logistic (seed=0) F1=0.422  AUC=0.432  LL=0.7093 (0.0s)
12:12:51  src.cpcv.pipeline  INFO    [ 38/84]             logistic (seed=1) F1=0.422  AUC=0.432  LL=0.7093 (0.0s)
12:12:51  src.cpcv.pipeline  INFO    [ 39/84]             logistic (seed=2) F1=0.422  AUC=0.432  LL=0.7093 (0.0s)
12:12:51  src.cpcv.preprocessing  INFO  Computing MDA (Random Forest)...
12:13:24  src.cpcv.preprocessing  INFO  Computing MDA (Logistic Regression)...
12:13:25  src.cpcv.preprocessing  INFO  Multi-model MDA: 47/73 passed (MDA > 0), 26 eliminated
12:13:25  src.cpcv.preprocessing  INFO    Capped at 14 features (top_k_frac=0.2)
12:13:25  src.cpcv.preprocessing  INFO    Selected (14): ['cci_14', 'copper_ret_14', 'copper_ret_30', 'log_returns_lag14', 'log_returns_lag2', 'log_returns_lag7', 'macd', 'negentropy', 'obv', 'realized_vol', 'rsi', 'sp500_ret_14', 'variance_ratio', 'vol_term_30_90']
12:13:25  src.cpcv.pipeline  INFO    Preprocessing: 14 features selected, train=528 + cal=132, test=288
12:13:25  src.cpcv.tuning  INFO  Tuning (1 model) — Optuna TPE + Purged K-Fold (inner: 3 folds, embargo=10 obs)
12:13:25  src.cpcv.tuning  INFO    [tuning] logistic: 3 purged K-fold splits, 30 Optuna trials (TPE)
12:13:25  src.cpcv.tuning  INFO      logistic: 24 completed, 6 pruned (of 30 total) — best log_loss=0.6869, params={'C': 0.12173252504194051, 'penalty': 'l1'}
12:13:25  src.cpcv.tuning  INFO    [tuning] logistic done in 0.5s — best log_loss=0.6869
12:13:25  src.cpcv.tuning  INFO  Tuning total: 0.5s
12:13:25  src.cpcv.pipeline  INFO      applied logistic: {'C': 0.12173252504194051, 'penalty': 'l1'}
12:13:25  src.cpcv.pipeline  INFO    [ 40/84]             logistic (seed=0) F1=0.338  AUC=0.506  LL=0.7748 (0.0s)
12:13:25  src.cpcv.pipeline  INFO    [ 41/84]             logistic (seed=1) F1=0.338  AUC=0.506  LL=0.7748 (0.0s)
12:13:25  src.cpcv.pipeline  INFO    [ 42/84]             logistic (seed=2) F1=0.338  AUC=0.506  LL=0.7748 (0.0s)
12:13:26  src.cpcv.preprocessing  INFO  Computing MDA (Random Forest)...
12:13:57  src.cpcv.preprocessing  INFO  Computing MDA (Logistic Regression)...
12:13:58  src.cpcv.preprocessing  INFO  Multi-model MDA: 45/73 passed (MDA > 0), 28 eliminated
12:13:58  src.cpcv.preprocessing  INFO    Capped at 14 features (top_k_frac=0.2)
12:13:58  src.cpcv.preprocessing  INFO    Selected (14): ['active_addr_roc_14', 'bb_width', 'ema_ratio_50_200', 'eth_btc_ratio', 'gold_ret_14', 'issuance_ntv', 'log_returns_lag2', 'mvrv', 'oil_ret_14', 'rsi', 'silver_ret_14', 'skewness', 'vol_term_30_90', 'yield_curve_10y30y']
12:13:58  src.cpcv.pipeline  INFO    Preprocessing: 14 features selected, train=519 + cal=130, test=288
12:13:58  src.cpcv.tuning  INFO  Tuning (1 model) — Optuna TPE + Purged K-Fold (inner: 3 folds, embargo=10 obs)
12:13:58  src.cpcv.tuning  INFO    [tuning] logistic: 3 purged K-fold splits, 30 Optuna trials (TPE)
12:13:59  src.cpcv.tuning  INFO      logistic: 24 completed, 6 pruned (of 30 total) — best log_loss=0.6919, params={'C': 0.005237475777730619, 'penalty': 'l2'}
12:13:59  src.cpcv.tuning  INFO    [tuning] logistic done in 0.5s — best log_loss=0.6919
12:13:59  src.cpcv.tuning  INFO  Tuning total: 0.5s
12:13:59  src.cpcv.pipeline  INFO      applied logistic: {'C': 0.005237475777730619, 'penalty': 'l2'}
12:13:59  src.cpcv.pipeline  INFO    [ 43/84]             logistic (seed=0) F1=0.344  AUC=0.570  LL=0.6913 (0.0s)
12:13:59  src.cpcv.pipeline  INFO    [ 44/84]             logistic (seed=1) F1=0.344  AUC=0.570  LL=0.6913 (0.0s)
12:13:59  src.cpcv.pipeline  INFO    [ 45/84]             logistic (seed=2) F1=0.344  AUC=0.570  LL=0.6913 (0.0s)
12:13:59  src.cpcv.preprocessing  INFO  Computing MDA (Random Forest)...
12:14:31  src.cpcv.preprocessing  INFO  Computing MDA (Logistic Regression)...
12:14:32  src.cpcv.preprocessing  INFO  Multi-model MDA: 58/73 passed (MDA > 0), 15 eliminated
12:14:32  src.cpcv.preprocessing  INFO    Capped at 14 features (top_k_frac=0.2)
12:14:32  src.cpcv.preprocessing  INFO    Selected (14): ['active_addr_roc_14', 'dxy_roc_30', 'ema_ratio_20_50', 'ema_ratio_50_200', 'hurst', 'log_returns_lag1', 'mvrv', 'natgas_ret_30', 'oil_ret_14', 'oil_ret_30', 'skewness', 'vol_term_30_90', 'yield_curve_10y30y', 'yz_vol']
12:14:32  src.cpcv.pipeline  INFO    Preprocessing: 14 features selected, train=517 + cal=130, test=288
12:14:32  src.cpcv.tuning  INFO  Tuning (1 model) — Optuna TPE + Purged K-Fold (inner: 3 folds, embargo=10 obs)
12:14:32  src.cpcv.tuning  INFO    [tuning] logistic: 3 purged K-fold splits, 30 Optuna trials (TPE)
12:14:32  src.cpcv.tuning  INFO      logistic: 28 completed, 2 pruned (of 30 total) — best log_loss=0.6926, params={'C': 0.0012953887073261802, 'penalty': 'l2'}
12:14:32  src.cpcv.tuning  INFO    [tuning] logistic done in 0.5s — best log_loss=0.6926
12:14:32  src.cpcv.tuning  INFO  Tuning total: 0.5s
12:14:32  src.cpcv.pipeline  INFO      applied logistic: {'C': 0.0012953887073261802, 'penalty': 'l2'}
12:14:32  src.cpcv.pipeline  INFO    [ 46/84]             logistic (seed=0) F1=0.337  AUC=0.500  LL=0.7005 (0.0s)
12:14:32  src.cpcv.pipeline  INFO    [ 47/84]             logistic (seed=1) F1=0.337  AUC=0.500  LL=0.7005 (0.0s)
12:14:32  src.cpcv.pipeline  INFO    [ 48/84]             logistic (seed=2) F1=0.337  AUC=0.500  LL=0.7005 (0.0s)
12:14:33  src.cpcv.preprocessing  INFO  Computing MDA (Random Forest)...
12:15:05  src.cpcv.preprocessing  INFO  Computing MDA (Logistic Regression)...
12:15:06  src.cpcv.preprocessing  INFO  Multi-model MDA: 27/73 passed (MDA > 0), 46 eliminated
12:15:06  src.cpcv.preprocessing  INFO    Capped at 14 features (top_k_frac=0.2)
12:15:06  src.cpcv.preprocessing  INFO    Selected (14): ['cci_14', 'copper_ret_14', 'ema_ratio_20_50', 'eth_btc_ratio', 'log_returns_lag3', 'net_exchange_flow', 'obv', 'oil_ret_14', 'sadf', 'skewness', 'smt_exp', 'vol_term_7_30', 'williams_r', 'yield_curve_2y10y']
12:15:06  src.cpcv.pipeline  INFO    Preprocessing: 14 features selected, train=518 + cal=130, test=288
12:15:06  src.cpcv.tuning  INFO  Tuning (1 model) — Optuna TPE + Purged K-Fold (inner: 3 folds, embargo=10 obs)
12:15:06  src.cpcv.tuning  INFO    [tuning] logistic: 3 purged K-fold splits, 30 Optuna trials (TPE)
12:15:06  src.cpcv.tuning  INFO      logistic: 24 completed, 6 pruned (of 30 total) — best log_loss=0.6916, params={'C': 0.005237475777730619, 'penalty': 'l2'}
12:15:06  src.cpcv.tuning  INFO    [tuning] logistic done in 0.5s — best log_loss=0.6916
12:15:06  src.cpcv.tuning  INFO  Tuning total: 0.5s
12:15:06  src.cpcv.pipeline  INFO      applied logistic: {'C': 0.005237475777730619, 'penalty': 'l2'}
12:15:06  src.cpcv.pipeline  INFO    [ 49/84]             logistic (seed=0) F1=0.448  AUC=0.444  LL=0.7035 (0.0s)
12:15:06  src.cpcv.pipeline  INFO    [ 50/84]             logistic (seed=1) F1=0.448  AUC=0.444  LL=0.7035 (0.0s)
12:15:06  src.cpcv.pipeline  INFO    [ 51/84]             logistic (seed=2) F1=0.448  AUC=0.444  LL=0.7035 (0.0s)
12:15:07  src.cpcv.preprocessing  INFO  Computing MDA (Random Forest)...
12:15:38  src.cpcv.preprocessing  INFO  Computing MDA (Logistic Regression)...
12:15:39  src.cpcv.preprocessing  INFO  Multi-model MDA: 28/73 passed (MDA > 0), 45 eliminated
12:15:39  src.cpcv.preprocessing  INFO    Capped at 14 features (top_k_frac=0.2)
12:15:39  src.cpcv.preprocessing  INFO    Selected (14): ['bb_width', 'exchange_supply_pct', 'gold_ret_30', 'hurst', 'log_returns_lag1', 'log_returns_lag5', 'macd', 'macd_hist', 'mfi_14', 'oil_ret_14', 'rsi', 'us10y', 'vix', 'vol_term_30_90']
12:15:39  src.cpcv.pipeline  INFO    Preprocessing: 14 features selected, train=520 + cal=130, test=295
12:15:39  src.cpcv.tuning  INFO  Tuning (1 model) — Optuna TPE + Purged K-Fold (inner: 3 folds, embargo=10 obs)
12:15:39  src.cpcv.tuning  INFO    [tuning] logistic: 3 purged K-fold splits, 30 Optuna trials (TPE)
12:15:40  src.cpcv.tuning  INFO      logistic: 26 completed, 4 pruned (of 30 total) — best log_loss=0.6901, params={'C': 0.003409264942037956, 'penalty': 'l2'}
12:15:40  src.cpcv.tuning  INFO    [tuning] logistic done in 0.5s — best log_loss=0.6901
12:15:40  src.cpcv.tuning  INFO  Tuning total: 0.5s
12:15:40  src.cpcv.pipeline  INFO      applied logistic: {'C': 0.003409264942037956, 'penalty': 'l2'}
12:15:40  src.cpcv.pipeline  INFO    [ 52/84]             logistic (seed=0) F1=0.376  AUC=0.479  LL=0.7075 (0.0s)
12:15:40  src.cpcv.pipeline  INFO    [ 53/84]             logistic (seed=1) F1=0.376  AUC=0.479  LL=0.7075 (0.0s)
12:15:40  src.cpcv.pipeline  INFO    [ 54/84]             logistic (seed=2) F1=0.376  AUC=0.479  LL=0.7075 (0.0s)
12:15:40  src.cpcv.preprocessing  INFO  Computing MDA (Random Forest)...
12:16:12  src.cpcv.preprocessing  INFO  Computing MDA (Logistic Regression)...
12:16:13  src.cpcv.preprocessing  INFO  Multi-model MDA: 45/73 passed (MDA > 0), 28 eliminated
12:16:13  src.cpcv.preprocessing  INFO    Capped at 14 features (top_k_frac=0.2)
12:16:13  src.cpcv.preprocessing  INFO    Selected (14): ['active_addr_roc_14', 'copper_ret_14', 'eth_btc_ratio', 'issuance_ntv', 'log_returns_lag1', 'log_returns_lag6', 'lz_complexity', 'macd_signal', 'mvrv', 'natgas_ret_30', 'negentropy', 'sp500_ret_30', 'stoch_k', 'vwma_ratio_20_50']
12:16:13  src.cpcv.pipeline  INFO    Preprocessing: 14 features selected, train=528 + cal=133, test=288
12:16:13  src.cpcv.tuning  INFO  Tuning (1 model) — Optuna TPE + Purged K-Fold (inner: 3 folds, embargo=10 obs)
12:16:13  src.cpcv.tuning  INFO    [tuning] logistic: 3 purged K-fold splits, 30 Optuna trials (TPE)
12:16:13  src.cpcv.tuning  INFO      logistic: 19 completed, 11 pruned (of 30 total) — best log_loss=0.6820, params={'C': 0.1728704015593456, 'penalty': 'l1'}
12:16:13  src.cpcv.tuning  INFO    [tuning] logistic done in 0.4s — best log_loss=0.6820
12:16:13  src.cpcv.tuning  INFO  Tuning total: 0.4s
12:16:13  src.cpcv.pipeline  INFO      applied logistic: {'C': 0.1728704015593456, 'penalty': 'l1'}
12:16:13  src.cpcv.pipeline  INFO    [ 55/84]             logistic (seed=0) F1=0.496  AUC=0.534  LL=0.6805 (0.0s)
12:16:13  src.cpcv.pipeline  INFO    [ 56/84]             logistic (seed=1) F1=0.496  AUC=0.534  LL=0.6805 (0.0s)
12:16:13  src.cpcv.pipeline  INFO    [ 57/84]             logistic (seed=2) F1=0.496  AUC=0.534  LL=0.6805 (0.0s)
12:16:14  src.cpcv.preprocessing  INFO  Computing MDA (Random Forest)...
12:16:45  src.cpcv.preprocessing  INFO  Computing MDA (Logistic Regression)...
12:16:46  src.cpcv.preprocessing  INFO  Multi-model MDA: 38/73 passed (MDA > 0), 35 eliminated
12:16:46  src.cpcv.preprocessing  INFO    Capped at 14 features (top_k_frac=0.2)
12:16:46  src.cpcv.preprocessing  INFO    Selected (14): ['active_addr_roc_14', 'bb_width', 'jarque_bera', 'log_returns', 'macd_hist', 'nasdaq_ret_30', 'realized_vol', 'silver_ret_30', 'skewness', 'stoch_d', 'us10y', 'vix', 'vwma_ratio_20_50', 'yield_curve_10y30y']
12:16:46  src.cpcv.pipeline  INFO    Preprocessing: 14 features selected, train=518 + cal=130, test=288
12:16:46  src.cpcv.tuning  INFO  Tuning (1 model) — Optuna TPE + Purged K-Fold (inner: 3 folds, embargo=10 obs)
12:16:46  src.cpcv.tuning  INFO    [tuning] logistic: 3 purged K-fold splits, 30 Optuna trials (TPE)
12:16:47  src.cpcv.tuning  INFO      logistic: 16 completed, 14 pruned (of 30 total) — best log_loss=0.6908, params={'C': 0.008936798467530713, 'penalty': 'l2'}
12:16:47  src.cpcv.tuning  INFO    [tuning] logistic done in 0.5s — best log_loss=0.6908
12:16:47  src.cpcv.tuning  INFO  Tuning total: 0.5s
12:16:47  src.cpcv.pipeline  INFO      applied logistic: {'C': 0.008936798467530713, 'penalty': 'l2'}
12:16:47  src.cpcv.pipeline  INFO    [ 58/84]             logistic (seed=0) F1=0.502  AUC=0.489  LL=0.9514 (0.0s)
12:16:47  src.cpcv.pipeline  INFO    [ 59/84]             logistic (seed=1) F1=0.502  AUC=0.489  LL=0.9514 (0.0s)
12:16:47  src.cpcv.pipeline  INFO    [ 60/84]             logistic (seed=2) F1=0.502  AUC=0.489  LL=0.9514 (0.0s)
12:16:47  src.cpcv.preprocessing  INFO  Computing MDA (Random Forest)...
12:17:18  src.cpcv.preprocessing  INFO  Computing MDA (Logistic Regression)...
12:17:19  src.cpcv.preprocessing  INFO  Multi-model MDA: 13/73 passed (MDA > 0), 60 eliminated
12:17:19  src.cpcv.preprocessing  INFO    Selected (13): ['bb_width', 'eth_btc_ratio', 'fee_per_tx', 'kurtosis', 'log_returns_lag30', 'log_returns_lag4', 'log_returns_lag5', 'nasdaq_ret_14', 'natgas_ret_14', 'skewness', 'us10y', 'variance_ratio', 'vol_term_7_30']
12:17:19  src.cpcv.pipeline  INFO    Preprocessing: 13 features selected, train=519 + cal=130, test=288
12:17:19  src.cpcv.tuning  INFO  Tuning (1 model) — Optuna TPE + Purged K-Fold (inner: 3 folds, embargo=10 obs)
12:17:19  src.cpcv.tuning  INFO    [tuning] logistic: 3 purged K-fold splits, 30 Optuna trials (TPE)
12:17:20  src.cpcv.tuning  INFO      logistic: 21 completed, 9 pruned (of 30 total) — best log_loss=0.6892, params={'C': 0.009123535883990374, 'penalty': 'l2'}
12:17:20  src.cpcv.tuning  INFO    [tuning] logistic done in 0.5s — best log_loss=0.6892
12:17:20  src.cpcv.tuning  INFO  Tuning total: 0.5s
12:17:20  src.cpcv.pipeline  INFO      applied logistic: {'C': 0.009123535883990374, 'penalty': 'l2'}
12:17:20  src.cpcv.pipeline  INFO    [ 61/84]             logistic (seed=0) F1=0.413  AUC=0.527  LL=0.6844 (0.0s)
12:17:20  src.cpcv.pipeline  INFO    [ 62/84]             logistic (seed=1) F1=0.413  AUC=0.527  LL=0.6844 (0.0s)
12:17:20  src.cpcv.pipeline  INFO    [ 63/84]             logistic (seed=2) F1=0.413  AUC=0.527  LL=0.6844 (0.0s)
12:17:20  src.cpcv.preprocessing  INFO  Computing MDA (Random Forest)...
12:17:45  src.cpcv.preprocessing  INFO  Computing MDA (Logistic Regression)...
12:17:46  src.cpcv.preprocessing  INFO  Multi-model MDA: 33/73 passed (MDA > 0), 40 eliminated
12:17:46  src.cpcv.preprocessing  INFO    Capped at 14 features (top_k_frac=0.2)
12:17:46  src.cpcv.preprocessing  INFO    Selected (14): ['bb_width', 'copper_ret_14', 'ema_ratio_50_200', 'eth_btc_ratio', 'kurtosis', 'log_returns_lag4', 'macd', 'macd_hist', 'nasdaq_ret_14', 'net_exchange_flow', 'realized_vol', 'sp500_ret_30', 'us10y', 'us2y']
12:17:46  src.cpcv.pipeline  INFO    Preprocessing: 14 features selected, train=520 + cal=131, test=295
12:17:46  src.cpcv.tuning  INFO  Tuning (1 model) — Optuna TPE + Purged K-Fold (inner: 3 folds, embargo=10 obs)
12:17:46  src.cpcv.tuning  INFO    [tuning] logistic: 3 purged K-fold splits, 30 Optuna trials (TPE)
12:17:46  src.cpcv.tuning  INFO      logistic: 20 completed, 10 pruned (of 30 total) — best log_loss=0.6917, params={'C': 0.054502936945582565, 'penalty': 'l1'}
12:17:46  src.cpcv.tuning  INFO    [tuning] logistic done in 0.4s — best log_loss=0.6917
12:17:46  src.cpcv.tuning  INFO  Tuning total: 0.4s
12:17:46  src.cpcv.pipeline  INFO      applied logistic: {'C': 0.054502936945582565, 'penalty': 'l1'}
12:17:46  src.cpcv.pipeline  INFO    [ 64/84]             logistic (seed=0) F1=0.360  AUC=0.488  LL=0.7721 (0.0s)
12:17:46  src.cpcv.pipeline  INFO    [ 65/84]             logistic (seed=1) F1=0.360  AUC=0.488  LL=0.7721 (0.0s)
12:17:46  src.cpcv.pipeline  INFO    [ 66/84]             logistic (seed=2) F1=0.360  AUC=0.488  LL=0.7721 (0.0s)
12:17:46  src.cpcv.preprocessing  INFO  Computing MDA (Random Forest)...
12:18:11  src.cpcv.preprocessing  INFO  Computing MDA (Logistic Regression)...
12:18:12  src.cpcv.preprocessing  INFO  Multi-model MDA: 31/73 passed (MDA > 0), 42 eliminated
12:18:12  src.cpcv.preprocessing  INFO    Capped at 14 features (top_k_frac=0.2)
12:18:12  src.cpcv.preprocessing  INFO    Selected (14): ['atr', 'bb_width', 'copper_ret_30', 'hashrate_roc_30', 'kurtosis', 'log_returns_lag5', 'nasdaq_ret_14', 'natgas_ret_30', 'roc_14', 'sadf', 'shannon_entropy', 'stoch_d', 'stoch_k', 'vol_term_7_30']
12:18:12  src.cpcv.pipeline  INFO    Preprocessing: 14 features selected, train=528 + cal=133, test=288
12:18:12  src.cpcv.tuning  INFO  Tuning (1 model) — Optuna TPE + Purged K-Fold (inner: 3 folds, embargo=10 obs)
12:18:12  src.cpcv.tuning  INFO    [tuning] logistic: 3 purged K-fold splits, 30 Optuna trials (TPE)
12:18:13  src.cpcv.tuning  INFO      logistic: 23 completed, 7 pruned (of 30 total) — best log_loss=0.6891, params={'C': 0.08712296271914044, 'penalty': 'l1'}
12:18:13  src.cpcv.tuning  INFO    [tuning] logistic done in 0.4s — best log_loss=0.6891
12:18:13  src.cpcv.tuning  INFO  Tuning total: 0.4s
12:18:13  src.cpcv.pipeline  INFO      applied logistic: {'C': 0.08712296271914044, 'penalty': 'l1'}
12:18:13  src.cpcv.pipeline  INFO    [ 67/84]             logistic (seed=0) F1=0.497  AUC=0.489  LL=0.6945 (0.0s)
12:18:13  src.cpcv.pipeline  INFO    [ 68/84]             logistic (seed=1) F1=0.497  AUC=0.489  LL=0.6945 (0.0s)
12:18:13  src.cpcv.pipeline  INFO    [ 69/84]             logistic (seed=2) F1=0.497  AUC=0.489  LL=0.6945 (0.0s)
12:18:13  src.cpcv.preprocessing  INFO  Computing MDA (Random Forest)...
12:18:36  src.cpcv.preprocessing  INFO  Computing MDA (Logistic Regression)...
12:18:37  src.cpcv.preprocessing  INFO  Multi-model MDA: 28/73 passed (MDA > 0), 45 eliminated
12:18:37  src.cpcv.preprocessing  INFO    Capped at 14 features (top_k_frac=0.2)
12:18:37  src.cpcv.preprocessing  INFO    Selected (14): ['bb_width', 'cci_14', 'copper_ret_14', 'dxy_roc_30', 'eth_btc_ratio', 'log_returns_lag1', 'log_returns_lag30', 'log_returns_lag7', 'nasdaq_ret_30', 'sadf', 'vol_term_30_90', 'vol_term_7_30', 'vwma_ratio_20_50', 'yield_curve_10y30y']
12:18:37  src.cpcv.pipeline  INFO    Preprocessing: 14 features selected, train=519 + cal=130, test=288
12:18:37  src.cpcv.tuning  INFO  Tuning (1 model) — Optuna TPE + Purged K-Fold (inner: 3 folds, embargo=10 obs)
12:18:37  src.cpcv.tuning  INFO    [tuning] logistic: 3 purged K-fold splits, 30 Optuna trials (TPE)
12:18:38  src.cpcv.tuning  INFO      logistic: 18 completed, 12 pruned (of 30 total) — best log_loss=0.6853, params={'C': 0.12173252504194051, 'penalty': 'l1'}
12:18:38  src.cpcv.tuning  INFO    [tuning] logistic done in 0.4s — best log_loss=0.6853
12:18:38  src.cpcv.tuning  INFO  Tuning total: 0.4s
12:18:38  src.cpcv.pipeline  INFO      applied logistic: {'C': 0.12173252504194051, 'penalty': 'l1'}
12:18:38  src.cpcv.pipeline  INFO    [ 70/84]             logistic (seed=0) F1=0.366  AUC=0.464  LL=0.6869 (0.0s)
12:18:38  src.cpcv.pipeline  INFO    [ 71/84]             logistic (seed=1) F1=0.366  AUC=0.464  LL=0.6869 (0.0s)
12:18:38  src.cpcv.pipeline  INFO    [ 72/84]             logistic (seed=2) F1=0.366  AUC=0.464  LL=0.6869 (0.0s)
12:18:38  src.cpcv.preprocessing  INFO  Computing MDA (Random Forest)...
12:19:02  src.cpcv.preprocessing  INFO  Computing MDA (Logistic Regression)...
12:19:03  src.cpcv.preprocessing  INFO  Multi-model MDA: 46/73 passed (MDA > 0), 27 eliminated
12:19:03  src.cpcv.preprocessing  INFO    Capped at 14 features (top_k_frac=0.2)
12:19:03  src.cpcv.preprocessing  INFO    Selected (14): ['bb_width', 'ema_ratio_50_200', 'exchange_supply_pct', 'hurst', 'issuance_ntv', 'log_returns_lag21', 'log_returns_lag4', 'natgas_ret_30', 'realized_vol', 'sadf', 'silver_ret_30', 'us2y', 'vwma_ratio_20_50', 'yield_curve_2y10y']
12:19:03  src.cpcv.pipeline  INFO    Preprocessing: 14 features selected, train=520 + cal=131, test=295
12:19:03  src.cpcv.tuning  INFO  Tuning (1 model) — Optuna TPE + Purged K-Fold (inner: 3 folds, embargo=10 obs)
12:19:03  src.cpcv.tuning  INFO    [tuning] logistic: 3 purged K-fold splits, 30 Optuna trials (TPE)
12:19:04  src.cpcv.tuning  INFO      logistic: 26 completed, 4 pruned (of 30 total) — best log_loss=0.6922, params={'C': 0.0012953887073261802, 'penalty': 'l2'}
12:19:04  src.cpcv.tuning  INFO    [tuning] logistic done in 0.6s — best log_loss=0.6922
12:19:04  src.cpcv.tuning  INFO  Tuning total: 0.6s
12:19:04  src.cpcv.pipeline  INFO      applied logistic: {'C': 0.0012953887073261802, 'penalty': 'l2'}
12:19:04  src.cpcv.pipeline  INFO    [ 73/84]             logistic (seed=0) F1=0.477  AUC=0.542  LL=0.6806 (0.0s)
12:19:04  src.cpcv.pipeline  INFO    [ 74/84]             logistic (seed=1) F1=0.477  AUC=0.542  LL=0.6806 (0.0s)
12:19:04  src.cpcv.pipeline  INFO    [ 75/84]             logistic (seed=2) F1=0.477  AUC=0.542  LL=0.6806 (0.0s)
12:19:04  src.cpcv.preprocessing  INFO  Computing MDA (Random Forest)...
12:19:28  src.cpcv.preprocessing  INFO  Computing MDA (Logistic Regression)...
12:19:29  src.cpcv.preprocessing  INFO  Multi-model MDA: 12/73 passed (MDA > 0), 61 eliminated
12:19:29  src.cpcv.preprocessing  INFO    Selected (12): ['active_addr_roc_14', 'eth_btc_ratio', 'kurtosis', 'log_returns', 'log_returns_lag21', 'log_returns_lag30', 'natgas_ret_30', 'roc_14', 'silver_ret_14', 'smt_exp', 'us2y', 'vwma_ratio_20_50']
12:19:29  src.cpcv.pipeline  INFO    Preprocessing: 12 features selected, train=527 + cal=132, test=288
12:19:29  src.cpcv.tuning  INFO  Tuning (1 model) — Optuna TPE + Purged K-Fold (inner: 3 folds, embargo=10 obs)
12:19:29  src.cpcv.tuning  INFO    [tuning] logistic: 3 purged K-fold splits, 30 Optuna trials (TPE)
12:19:29  src.cpcv.tuning  INFO      logistic: 23 completed, 7 pruned (of 30 total) — best log_loss=0.6931, params={'C': 0.023643827940790837, 'penalty': 'l1'}
12:19:29  src.cpcv.tuning  INFO    [tuning] logistic done in 0.4s — best log_loss=0.6931
12:19:29  src.cpcv.tuning  INFO  Tuning total: 0.4s
12:19:29  src.cpcv.pipeline  INFO      applied logistic: {'C': 0.023643827940790837, 'penalty': 'l1'}
12:19:29  src.cpcv.pipeline  INFO    [ 76/84]             logistic (seed=0) F1=0.347  AUC=0.520  LL=0.6919 (0.0s)
12:19:29  src.cpcv.pipeline  INFO    [ 77/84]             logistic (seed=1) F1=0.347  AUC=0.520  LL=0.6919 (0.0s)
12:19:29  src.cpcv.pipeline  INFO    [ 78/84]             logistic (seed=2) F1=0.347  AUC=0.520  LL=0.6919 (0.0s)
12:19:30  src.cpcv.preprocessing  INFO  Computing MDA (Random Forest)...
12:19:53  src.cpcv.preprocessing  INFO  Computing MDA (Logistic Regression)...
12:19:54  src.cpcv.preprocessing  INFO  Multi-model MDA: 44/73 passed (MDA > 0), 29 eliminated
12:19:54  src.cpcv.preprocessing  INFO    Capped at 14 features (top_k_frac=0.2)
12:19:54  src.cpcv.preprocessing  INFO    Selected (14): ['bb_width', 'exchange_supply_pct', 'gold_ret_30', 'kurtosis', 'log_returns_lag1', 'log_returns_lag3', 'log_returns_lag7', 'natgas_ret_14', 'natgas_ret_30', 'smt_poly1', 'us10y', 'us2y', 'yield_curve_10y30y', 'yield_curve_2y10y']
12:19:54  src.cpcv.pipeline  INFO    Preprocessing: 14 features selected, train=519 + cal=130, test=295
12:19:54  src.cpcv.tuning  INFO  Tuning (1 model) — Optuna TPE + Purged K-Fold (inner: 3 folds, embargo=10 obs)
12:19:54  src.cpcv.tuning  INFO    [tuning] logistic: 3 purged K-fold splits, 30 Optuna trials (TPE)
12:19:55  src.cpcv.tuning  INFO      logistic: 29 completed, 1 pruned (of 30 total) — best log_loss=0.6930, params={'C': 0.0005233735688962513, 'penalty': 'l2'}
12:19:55  src.cpcv.tuning  INFO    [tuning] logistic done in 0.6s — best log_loss=0.6930
12:19:55  src.cpcv.tuning  INFO  Tuning total: 0.6s
12:19:55  src.cpcv.pipeline  INFO      applied logistic: {'C': 0.0005233735688962513, 'penalty': 'l2'}
12:19:55  src.cpcv.pipeline  INFO    [ 79/84]             logistic (seed=0) F1=0.360  AUC=0.493  LL=0.6923 (0.0s)
12:19:55  src.cpcv.pipeline  INFO    [ 80/84]             logistic (seed=1) F1=0.360  AUC=0.493  LL=0.6923 (0.0s)
12:19:55  src.cpcv.pipeline  INFO    [ 81/84]             logistic (seed=2) F1=0.360  AUC=0.493  LL=0.6923 (0.0s)
12:19:55  src.cpcv.preprocessing  INFO  Computing MDA (Random Forest)...
12:20:20  src.cpcv.preprocessing  INFO  Computing MDA (Logistic Regression)...
12:20:21  src.cpcv.preprocessing  INFO  Multi-model MDA: 32/73 passed (MDA > 0), 41 eliminated
12:20:21  src.cpcv.preprocessing  INFO    Capped at 14 features (top_k_frac=0.2)
12:20:21  src.cpcv.preprocessing  INFO    Selected (14): ['ema_ratio_50_200', 'eth_btc_ratio', 'exchange_supply_pct', 'gk_vol', 'gold_ret_14', 'log_returns_lag21', 'mfi_14', 'roc_14', 'sp500_ret_30', 'stoch_d', 'us10y', 'us2y', 'vol_term_7_30', 'yield_curve_10y30y']
12:20:21  src.cpcv.pipeline  INFO    Preprocessing: 14 features selected, train=531 + cal=133, test=295
12:20:21  src.cpcv.tuning  INFO  Tuning (1 model) — Optuna TPE + Purged K-Fold (inner: 3 folds, embargo=10 obs)
12:20:21  src.cpcv.tuning  INFO    [tuning] logistic: 3 purged K-fold splits, 30 Optuna trials (TPE)
12:20:21  src.cpcv.tuning  INFO      logistic: 26 completed, 4 pruned (of 30 total) — best log_loss=0.6843, params={'C': 0.00869031828601422, 'penalty': 'l2'}
12:20:21  src.cpcv.tuning  INFO    [tuning] logistic done in 0.6s — best log_loss=0.6843
12:20:21  src.cpcv.tuning  INFO  Tuning total: 0.6s
12:20:21  src.cpcv.pipeline  INFO      applied logistic: {'C': 0.00869031828601422, 'penalty': 'l2'}
12:20:21  src.cpcv.pipeline  INFO    [ 82/84]             logistic (seed=0) F1=0.381  AUC=0.465  LL=0.8430 (0.0s)
12:20:21  src.cpcv.pipeline  INFO    [ 83/84]             logistic (seed=1) F1=0.381  AUC=0.465  LL=0.8430 (0.0s)
12:20:21  src.cpcv.pipeline  INFO    [ 84/84]             logistic (seed=2) F1=0.381  AUC=0.465  LL=0.8430 (0.0s)
12:20:21  src.cpcv.pipeline  INFO  ============================================================
12:20:21  src.cpcv.pipeline  INFO  CPCV Pipeline Complete
12:20:21  src.cpcv.pipeline  INFO  ============================================================
12:20:21  src.cpcv.pipeline  INFO    Total time:     910.0s (15.2m)
12:20:21  src.cpcv.pipeline  INFO    Tasks:          84 succeeded, 0 failed
12:20:21  src.cpcv.pipeline  INFO    Results keys:   84 (model, split, seed) entries
12:20:21  src.cpcv.pipeline  INFO    Backtest paths: 7
12:20:21  src.cpcv.pipeline  INFO    Tuning:         nested (per-split), 28 splits tuned, models=['logistic']
12:20:21  src.cpcv.pipeline  INFO  ============================================================
12:20:22  src.cpcv.pipeline  INFO  ============================================================
12:20:22  src.cpcv.pipeline  INFO  CPCV Pipeline
12:20:22  src.cpcv.pipeline  INFO  ============================================================
12:20:22  src.cpcv.pipeline  INFO    Models:         ['random_forest', 'xgboost']
12:20:22  src.cpcv.pipeline  INFO    Seeds/fold:     3
12:20:22  src.cpcv.pipeline  INFO    Groups (N):     8
12:20:22  src.cpcv.pipeline  INFO    Test groups (k):2
12:20:22  src.cpcv.pipeline  INFO    Embargo:        1.0%
12:20:22  src.cpcv.pipeline  INFO    FFD columns:    ['atr']
12:20:22  src.cpcv.pipeline  INFO    Samples:        1159
12:20:22  src.cpcv.pipeline  INFO    Features:       73
12:20:22  src.cpcv.pipeline  INFO    Splits:         28, Paths: 7
12:20:22  src.cpcv.pipeline  INFO    Tuning:         NESTED (per-split) — ['random_forest', 'xgboost'] [30 trials]
12:20:22  src.cpcv.pipeline  INFO  ============================================================
12:20:22  src.cpcv.preprocessing  INFO  Computing MDA (Random Forest)...
12:20:50  src.cpcv.preprocessing  INFO  Computing MDA (Logistic Regression)...
12:20:51  src.cpcv.preprocessing  INFO  Multi-model MDA: 59/73 passed (MDA > 0), 14 eliminated
12:20:51  src.cpcv.preprocessing  INFO    Capped at 14 features (top_k_frac=0.2)
12:20:51  src.cpcv.preprocessing  INFO    Selected (14): ['eth_btc_ratio', 'exchange_supply_pct', 'gk_vol', 'gold_ret_30', 'jarque_bera', 'log_returns_lag1', 'log_returns_lag2', 'nasdaq_ret_14', 'natgas_ret_30', 'skewness', 'smt_exp', 'sp500_ret_14', 'us2y', 'variance_ratio']
12:20:51  src.cpcv.pipeline  INFO    Preprocessing: 14 features selected, train=688 + cal=172, test=89
12:20:51  src.cpcv.tuning  INFO  Tuning (2 models) — Optuna TPE + Purged K-Fold (inner: 3 folds, embargo=10 obs)
12:20:51  src.cpcv.tuning  INFO    [tuning] random_forest: 3 purged K-fold splits, 30 Optuna trials (TPE)
12:21:38  src.cpcv.tuning  INFO      random_forest: 30 completed, 0 pruned (of 30 total) — best log_loss=0.6883, params={'n_estimators': 150, 'max_depth': 2, 'min_samples_leaf': 15, 'max_features': 'log2'}
12:21:38  src.cpcv.tuning  INFO    [tuning] random_forest done in 47.5s — best log_loss=0.6883
12:21:38  src.cpcv.tuning  INFO    [tuning] xgboost: 3 purged K-fold splits, 30 Optuna trials (TPE)
12:21:43  src.cpcv.tuning  INFO      xgboost: 26 completed, 4 pruned (of 30 total) — best log_loss=0.6851, params={'max_depth': 3, 'learning_rate': 0.10151907209478962, 'min_child_weight': 12, 'subsample': 0.8313875073239141, 'colsample_bytree': 0.8657497756709026, 'gamma': 0.000511399532987236, 'reg_alpha': 0.0009520066096323454, 'reg_lambda': 0.0341942008834286}
12:21:43  src.cpcv.tuning  INFO    [tuning] xgboost done in 4.6s — best log_loss=0.6851
12:21:43  src.cpcv.tuning  INFO  Tuning total: 52.0s
12:21:43  src.cpcv.pipeline  INFO      applied random_forest: {'n_estimators': 150, 'max_depth': 2, 'min_samples_leaf': 15, 'max_features': 'log2'}
12:21:43  src.cpcv.pipeline  INFO      applied xgboost: {'max_depth': 3, 'learning_rate': 0.10151907209478962, 'min_child_weight': 12, 'subsample': 0.8313875073239141, 'colsample_bytree': 0.8657497756709026, 'gamma': 0.000511399532987236, 'reg_alpha': 0.0009520066096323454, 'reg_lambda': 0.0341942008834286}
12:21:43  src.cpcv.models.tree_models  INFO  RandomForest fitted: 688 samples, 14 features, 150 trees.
12:21:43  src.cpcv.pipeline  INFO    [  1/168]        random_forest (seed=0) F1=0.458  AUC=0.490  LL=0.6603 (0.5s)
12:21:44  src.cpcv.models.tree_models  INFO  RandomForest fitted: 688 samples, 14 features, 150 trees.
12:21:44  src.cpcv.pipeline  INFO    [  2/168]        random_forest (seed=1) F1=0.566  AUC=0.522  LL=0.6643 (0.4s)
12:21:44  src.cpcv.models.tree_models  INFO  RandomForest fitted: 688 samples, 14 features, 150 trees.
12:21:44  src.cpcv.pipeline  INFO    [  3/168]        random_forest (seed=2) F1=0.539  AUC=0.486  LL=0.6898 (0.4s)
12:21:44  src.cpcv.models.tree_models  INFO  XGBoost fitted: 688 samples, early stopped at iteration 3/300.
12:21:44  src.cpcv.pipeline  INFO    [  4/168]              xgboost (seed=0) F1=0.561  AUC=0.611  LL=0.7672 (0.0s)
12:21:44  src.cpcv.models.tree_models  INFO  XGBoost fitted: 688 samples, early stopped at iteration 5/300.
12:21:44  src.cpcv.pipeline  INFO    [  5/168]              xgboost (seed=1) F1=0.574  AUC=0.543  LL=0.6608 (0.1s)
12:21:44  src.cpcv.models.tree_models  INFO  XGBoost fitted: 688 samples, early stopped at iteration 8/300.
12:21:44  src.cpcv.pipeline  INFO    [  6/168]              xgboost (seed=2) F1=0.560  AUC=0.558  LL=0.6405 (0.1s)
12:21:45  src.cpcv.preprocessing  INFO  Computing MDA (Random Forest)...
12:22:13  src.cpcv.preprocessing  INFO  Computing MDA (Logistic Regression)...
12:22:14  src.cpcv.preprocessing  INFO  Multi-model MDA: 47/73 passed (MDA > 0), 26 eliminated
12:22:14  src.cpcv.preprocessing  INFO    Capped at 14 features (top_k_frac=0.2)
12:22:14  src.cpcv.preprocessing  INFO    Selected (14): ['bb_width', 'dxy_roc_30', 'ema_ratio_50_200', 'fee_per_tx', 'gold_ret_30', 'log_returns', 'macd_hist', 'natgas_ret_14', 'roc_14', 'sadf', 'shannon_entropy', 'silver_ret_30', 'vol_term_7_30', 'yield_curve_2y10y']
12:22:14  src.cpcv.pipeline  INFO    Preprocessing: 14 features selected, train=643 + cal=161, test=144
12:22:14  src.cpcv.tuning  INFO  Tuning (2 models) — Optuna TPE + Purged K-Fold (inner: 3 folds, embargo=10 obs)
12:22:14  src.cpcv.tuning  INFO    [tuning] random_forest: 3 purged K-fold splits, 30 Optuna trials (TPE)
12:22:56  src.cpcv.tuning  INFO      random_forest: 16 completed, 14 pruned (of 30 total) — best log_loss=0.6999, params={'n_estimators': 200, 'max_depth': 2, 'min_samples_leaf': 16, 'max_features': 'log2'}
12:22:56  src.cpcv.tuning  INFO    [tuning] random_forest done in 42.7s — best log_loss=0.6999
12:22:56  src.cpcv.tuning  INFO    [tuning] xgboost: 3 purged K-fold splits, 30 Optuna trials (TPE)
12:23:00  src.cpcv.tuning  INFO      xgboost: 15 completed, 15 pruned (of 30 total) — best log_loss=0.6866, params={'max_depth': 1, 'learning_rate': 0.08420556650516142, 'min_child_weight': 5, 'subsample': 0.8578694741072341, 'colsample_bytree': 0.6052561262871233, 'gamma': 0.02499462286769372, 'reg_alpha': 0.0002207624019594462, 'reg_lambda': 0.0975199607573314}
12:23:00  src.cpcv.tuning  INFO    [tuning] xgboost done in 4.0s — best log_loss=0.6866
12:23:00  src.cpcv.tuning  INFO  Tuning total: 46.7s
12:23:00  src.cpcv.pipeline  INFO      applied random_forest: {'n_estimators': 200, 'max_depth': 2, 'min_samples_leaf': 16, 'max_features': 'log2'}
12:23:00  src.cpcv.pipeline  INFO      applied xgboost: {'max_depth': 1, 'learning_rate': 0.08420556650516142, 'min_child_weight': 5, 'subsample': 0.8578694741072341, 'colsample_bytree': 0.6052561262871233, 'gamma': 0.02499462286769372, 'reg_alpha': 0.0002207624019594462, 'reg_lambda': 0.0975199607573314}
12:23:01  src.cpcv.models.tree_models  INFO  RandomForest fitted: 643 samples, 14 features, 200 trees.
12:23:01  src.cpcv.pipeline  INFO    [  7/168]        random_forest (seed=0) F1=0.339  AUC=0.518  LL=0.7603 (0.6s)
12:23:01  src.cpcv.models.tree_models  INFO  RandomForest fitted: 643 samples, 14 features, 200 trees.
12:23:02  src.cpcv.pipeline  INFO    [  8/168]        random_forest (seed=1) F1=0.339  AUC=0.511  LL=0.7666 (0.6s)
12:23:02  src.cpcv.models.tree_models  INFO  RandomForest fitted: 643 samples, 14 features, 200 trees.
12:23:02  src.cpcv.pipeline  INFO    [  9/168]        random_forest (seed=2) F1=0.339  AUC=0.511  LL=0.7622 (0.6s)
12:23:02  src.cpcv.models.tree_models  INFO  XGBoost fitted: 643 samples, early stopped at iteration 2/300.
12:23:02  src.cpcv.pipeline  INFO    [ 10/168]              xgboost (seed=0) F1=0.443  AUC=0.538  LL=0.7580 (0.0s)
12:23:02  src.cpcv.models.tree_models  INFO  XGBoost fitted: 643 samples, early stopped at iteration 12/300.
12:23:02  src.cpcv.pipeline  INFO    [ 11/168]              xgboost (seed=1) F1=0.311  AUC=0.518  LL=0.7494 (0.1s)
12:23:02  src.cpcv.models.tree_models  INFO  XGBoost fitted: 643 samples, early stopped at iteration 21/300.
12:23:02  src.cpcv.pipeline  INFO    [ 12/168]              xgboost (seed=2) F1=0.345  AUC=0.531  LL=0.7897 (0.1s)
12:23:03  src.cpcv.preprocessing  INFO  Computing MDA (Random Forest)...
12:23:31  src.cpcv.preprocessing  INFO  Computing MDA (Logistic Regression)...
12:23:32  src.cpcv.preprocessing  INFO  Multi-model MDA: 26/73 passed (MDA > 0), 47 eliminated
12:23:32  src.cpcv.preprocessing  INFO    Capped at 14 features (top_k_frac=0.2)
12:23:32  src.cpcv.preprocessing  INFO    Selected (14): ['eth_btc_ratio', 'exchange_supply_pct', 'gold_ret_14', 'gold_ret_30', 'log_returns_lag1', 'log_returns_lag21', 'log_returns_lag4', 'log_returns_lag7', 'negentropy', 'obv', 'rsi', 'skewness', 'sp500_ret_30', 'stoch_d']
12:23:32  src.cpcv.pipeline  INFO    Preprocessing: 14 features selected, train=644 + cal=161, test=144
12:23:32  src.cpcv.tuning  INFO  Tuning (2 models) — Optuna TPE + Purged K-Fold (inner: 3 folds, embargo=10 obs)
12:23:32  src.cpcv.tuning  INFO    [tuning] random_forest: 3 purged K-fold splits, 30 Optuna trials (TPE)
12:24:10  src.cpcv.tuning  INFO      random_forest: 17 completed, 13 pruned (of 30 total) — best log_loss=0.6832, params={'n_estimators': 200, 'max_depth': 4, 'min_samples_leaf': 15, 'max_features': 'sqrt'}
12:24:10  src.cpcv.tuning  INFO    [tuning] random_forest done in 38.5s — best log_loss=0.6832
12:24:10  src.cpcv.tuning  INFO    [tuning] xgboost: 3 purged K-fold splits, 30 Optuna trials (TPE)
12:24:15  src.cpcv.tuning  INFO      xgboost: 15 completed, 15 pruned (of 30 total) — best log_loss=0.6729, params={'max_depth': 2, 'learning_rate': 0.11114989443094977, 'min_child_weight': 5, 'subsample': 0.9879639408647978, 'colsample_bytree': 0.9329770563201687, 'gamma': 4.997040685255803e-07, 'reg_alpha': 4.329370014459266e-07, 'reg_lambda': 4.4734294104626844e-07}
12:24:15  src.cpcv.tuning  INFO    [tuning] xgboost done in 5.3s — best log_loss=0.6729
12:24:15  src.cpcv.tuning  INFO  Tuning total: 43.8s
12:24:15  src.cpcv.pipeline  INFO      applied random_forest: {'n_estimators': 200, 'max_depth': 4, 'min_samples_leaf': 15, 'max_features': 'sqrt'}
12:24:15  src.cpcv.pipeline  INFO      applied xgboost: {'max_depth': 2, 'learning_rate': 0.11114989443094977, 'min_child_weight': 5, 'subsample': 0.9879639408647978, 'colsample_bytree': 0.9329770563201687, 'gamma': 4.997040685255803e-07, 'reg_alpha': 4.329370014459266e-07, 'reg_lambda': 4.4734294104626844e-07}
12:24:16  src.cpcv.models.tree_models  INFO  RandomForest fitted: 644 samples, 14 features, 200 trees.
12:24:16  src.cpcv.pipeline  INFO    [ 13/168]        random_forest (seed=0) F1=0.483  AUC=0.531  LL=0.7026 (0.6s)
12:24:17  src.cpcv.models.tree_models  INFO  RandomForest fitted: 644 samples, 14 features, 200 trees.
12:24:17  src.cpcv.pipeline  INFO    [ 14/168]        random_forest (seed=1) F1=0.498  AUC=0.548  LL=0.6973 (0.6s)
12:24:17  src.cpcv.models.tree_models  INFO  RandomForest fitted: 644 samples, 14 features, 200 trees.
12:24:17  src.cpcv.pipeline  INFO    [ 15/168]        random_forest (seed=2) F1=0.444  AUC=0.519  LL=0.6906 (0.6s)
12:24:17  src.cpcv.models.tree_models  INFO  XGBoost fitted: 644 samples, early stopped at iteration 27/300.
12:24:17  src.cpcv.pipeline  INFO    [ 16/168]              xgboost (seed=0) F1=0.330  AUC=0.416  LL=0.7228 (0.1s)
12:24:17  src.cpcv.models.tree_models  INFO  XGBoost fitted: 644 samples, early stopped at iteration 43/300.
12:24:17  src.cpcv.pipeline  INFO    [ 17/168]              xgboost (seed=1) F1=0.387  AUC=0.462  LL=0.7216 (0.1s)
12:24:17  src.cpcv.models.tree_models  INFO  XGBoost fitted: 644 samples, early stopped at iteration 34/300.
12:24:17  src.cpcv.pipeline  INFO    [ 18/168]              xgboost (seed=2) F1=0.377  AUC=0.422  LL=0.7415 (0.1s)
12:24:18  src.cpcv.preprocessing  INFO  Computing MDA (Random Forest)...
12:24:45  src.cpcv.preprocessing  INFO  Computing MDA (Logistic Regression)...
12:24:46  src.cpcv.preprocessing  INFO  Multi-model MDA: 18/73 passed (MDA > 0), 55 eliminated
12:24:46  src.cpcv.preprocessing  INFO    Capped at 14 features (top_k_frac=0.2)
12:24:46  src.cpcv.preprocessing  INFO    Selected (14): ['bb_width', 'eth_btc_ratio', 'jarque_bera', 'log_returns_lag21', 'log_returns_lag5', 'log_returns_lag6', 'macd_hist', 'mfi_14', 'mvrv', 'sadf', 'shannon_entropy', 'skewness', 'variance_ratio', 'vix']
12:24:46  src.cpcv.pipeline  INFO    Preprocessing: 14 features selected, train=644 + cal=161, test=144
12:24:46  src.cpcv.tuning  INFO  Tuning (2 models) — Optuna TPE + Purged K-Fold (inner: 3 folds, embargo=10 obs)
12:24:46  src.cpcv.tuning  INFO    [tuning] random_forest: 3 purged K-fold splits, 30 Optuna trials (TPE)
12:25:28  src.cpcv.tuning  INFO      random_forest: 15 completed, 15 pruned (of 30 total) — best log_loss=0.6902, params={'n_estimators': 200, 'max_depth': 2, 'min_samples_leaf': 16, 'max_features': 'log2'}
12:25:28  src.cpcv.tuning  INFO    [tuning] random_forest done in 41.8s — best log_loss=0.6902
12:25:28  src.cpcv.tuning  INFO    [tuning] xgboost: 3 purged K-fold splits, 30 Optuna trials (TPE)
12:25:32  src.cpcv.tuning  INFO      xgboost: 18 completed, 12 pruned (of 30 total) — best log_loss=0.6797, params={'max_depth': 2, 'learning_rate': 0.1978317948626639, 'min_child_weight': 10, 'subsample': 0.8638734683561723, 'colsample_bytree': 0.8742506764891784, 'gamma': 0.00010272026316701186, 'reg_alpha': 0.023112573218533803, 'reg_lambda': 3.4590868607011292e-06}
12:25:32  src.cpcv.tuning  INFO    [tuning] xgboost done in 4.0s — best log_loss=0.6797
12:25:32  src.cpcv.tuning  INFO  Tuning total: 45.7s
12:25:32  src.cpcv.pipeline  INFO      applied random_forest: {'n_estimators': 200, 'max_depth': 2, 'min_samples_leaf': 16, 'max_features': 'log2'}
12:25:32  src.cpcv.pipeline  INFO      applied xgboost: {'max_depth': 2, 'learning_rate': 0.1978317948626639, 'min_child_weight': 10, 'subsample': 0.8638734683561723, 'colsample_bytree': 0.8742506764891784, 'gamma': 0.00010272026316701186, 'reg_alpha': 0.023112573218533803, 'reg_lambda': 3.4590868607011292e-06}
12:25:33  src.cpcv.models.tree_models  INFO  RandomForest fitted: 644 samples, 14 features, 200 trees.
12:25:33  src.cpcv.pipeline  INFO    [ 19/168]        random_forest (seed=0) F1=0.421  AUC=0.610  LL=0.6647 (0.6s)
12:25:33  src.cpcv.models.tree_models  INFO  RandomForest fitted: 644 samples, 14 features, 200 trees.
12:25:33  src.cpcv.pipeline  INFO    [ 20/168]        random_forest (seed=1) F1=0.434  AUC=0.603  LL=0.6604 (0.6s)
12:25:34  src.cpcv.models.tree_models  INFO  RandomForest fitted: 644 samples, 14 features, 200 trees.
12:25:34  src.cpcv.pipeline  INFO    [ 21/168]        random_forest (seed=2) F1=0.457  AUC=0.588  LL=0.6625 (0.6s)
12:25:34  src.cpcv.models.tree_models  INFO  XGBoost fitted: 644 samples, early stopped at iteration 5/300.
12:25:34  src.cpcv.pipeline  INFO    [ 22/168]              xgboost (seed=0) F1=0.434  AUC=0.565  LL=0.6685 (0.0s)
12:25:34  src.cpcv.models.tree_models  INFO  XGBoost fitted: 644 samples, early stopped at iteration 10/300.
12:25:34  src.cpcv.pipeline  INFO    [ 23/168]              xgboost (seed=1) F1=0.410  AUC=0.579  LL=0.6679 (0.1s)
12:25:34  src.cpcv.models.tree_models  INFO  XGBoost fitted: 644 samples, early stopped at iteration 4/300.
12:25:34  src.cpcv.pipeline  INFO    [ 24/168]              xgboost (seed=2) F1=0.467  AUC=0.492  LL=0.6822 (0.1s)
12:25:34  src.cpcv.preprocessing  INFO  Computing MDA (Random Forest)...
12:26:02  src.cpcv.preprocessing  INFO  Computing MDA (Logistic Regression)...
12:26:03  src.cpcv.preprocessing  INFO  Multi-model MDA: 11/73 passed (MDA > 0), 62 eliminated
12:26:03  src.cpcv.preprocessing  INFO    Selected (11): ['bb_width', 'copper_ret_30', 'eth_btc_ratio', 'exchange_supply_pct', 'mvrv', 'nasdaq_ret_14', 'rsi', 'silver_ret_14', 'skewness', 'vix', 'williams_r']
12:26:03  src.cpcv.pipeline  INFO    Preprocessing: 11 features selected, train=642 + cal=161, test=144
12:26:03  src.cpcv.tuning  INFO  Tuning (2 models) — Optuna TPE + Purged K-Fold (inner: 3 folds, embargo=10 obs)
12:26:03  src.cpcv.tuning  INFO    [tuning] random_forest: 3 purged K-fold splits, 30 Optuna trials (TPE)
12:26:42  src.cpcv.tuning  INFO      random_forest: 15 completed, 15 pruned (of 30 total) — best log_loss=0.6894, params={'n_estimators': 150, 'max_depth': 2, 'min_samples_leaf': 15, 'max_features': 'log2'}
12:26:42  src.cpcv.tuning  INFO    [tuning] random_forest done in 38.6s — best log_loss=0.6894
12:26:42  src.cpcv.tuning  INFO    [tuning] xgboost: 3 purged K-fold splits, 30 Optuna trials (TPE)
12:26:46  src.cpcv.tuning  INFO      xgboost: 14 completed, 16 pruned (of 30 total) — best log_loss=0.6823, params={'max_depth': 1, 'learning_rate': 0.04323444823345436, 'min_child_weight': 8, 'subsample': 0.9572067685840517, 'colsample_bytree': 0.8571389722362222, 'gamma': 0.00011329482031728177, 'reg_alpha': 3.379888479756669e-07, 'reg_lambda': 0.1473357711352491}
12:26:46  src.cpcv.tuning  INFO    [tuning] xgboost done in 4.0s — best log_loss=0.6823
12:26:46  src.cpcv.tuning  INFO  Tuning total: 42.6s
12:26:46  src.cpcv.pipeline  INFO      applied random_forest: {'n_estimators': 150, 'max_depth': 2, 'min_samples_leaf': 15, 'max_features': 'log2'}
12:26:46  src.cpcv.pipeline  INFO      applied xgboost: {'max_depth': 1, 'learning_rate': 0.04323444823345436, 'min_child_weight': 8, 'subsample': 0.9572067685840517, 'colsample_bytree': 0.8571389722362222, 'gamma': 0.00011329482031728177, 'reg_alpha': 3.379888479756669e-07, 'reg_lambda': 0.1473357711352491}
12:26:46  src.cpcv.models.tree_models  INFO  RandomForest fitted: 642 samples, 11 features, 150 trees.
12:26:46  src.cpcv.pipeline  INFO    [ 25/168]        random_forest (seed=0) F1=0.541  AUC=0.584  LL=0.6873 (0.5s)
12:26:47  src.cpcv.models.tree_models  INFO  RandomForest fitted: 642 samples, 11 features, 150 trees.
12:26:47  src.cpcv.pipeline  INFO    [ 26/168]        random_forest (seed=1) F1=0.532  AUC=0.561  LL=0.6989 (0.5s)
12:26:47  src.cpcv.models.tree_models  INFO  RandomForest fitted: 642 samples, 11 features, 150 trees.
12:26:47  src.cpcv.pipeline  INFO    [ 27/168]        random_forest (seed=2) F1=0.533  AUC=0.565  LL=0.6933 (0.4s)
12:26:47  src.cpcv.models.tree_models  INFO  XGBoost fitted: 642 samples, early stopped at iteration 43/300.
12:26:47  src.cpcv.pipeline  INFO    [ 28/168]              xgboost (seed=0) F1=0.535  AUC=0.591  LL=0.6791 (0.1s)
12:26:47  src.cpcv.models.tree_models  INFO  XGBoost fitted: 642 samples, early stopped at iteration 25/300.
12:26:47  src.cpcv.pipeline  INFO    [ 29/168]              xgboost (seed=1) F1=0.565  AUC=0.590  LL=0.6760 (0.1s)
12:26:47  src.cpcv.models.tree_models  INFO  XGBoost fitted: 642 samples, early stopped at iteration 24/300.
12:26:47  src.cpcv.pipeline  INFO    [ 30/168]              xgboost (seed=2) F1=0.560  AUC=0.602  LL=0.6765 (0.1s)
12:26:48  src.cpcv.preprocessing  INFO  Computing MDA (Random Forest)...
12:27:16  src.cpcv.preprocessing  INFO  Computing MDA (Logistic Regression)...
12:27:17  src.cpcv.preprocessing  INFO  Multi-model MDA: 6/73 passed (MDA > 0), 67 eliminated
12:27:17  src.cpcv.preprocessing  INFO    Selected (6): ['ema_ratio_50_200', 'eth_btc_ratio', 'jarque_bera', 'kurtosis', 'skewness', 'sp500_ret_14']
12:27:17  src.cpcv.pipeline  INFO    Preprocessing: 6 features selected, train=643 + cal=161, test=144
12:27:17  src.cpcv.tuning  INFO  Tuning (2 models) — Optuna TPE + Purged K-Fold (inner: 3 folds, embargo=10 obs)
12:27:17  src.cpcv.tuning  INFO    [tuning] random_forest: 3 purged K-fold splits, 30 Optuna trials (TPE)
12:27:52  src.cpcv.tuning  INFO      random_forest: 16 completed, 14 pruned (of 30 total) — best log_loss=0.6836, params={'n_estimators': 150, 'max_depth': 2, 'min_samples_leaf': 38, 'max_features': 'log2'}
12:27:52  src.cpcv.tuning  INFO    [tuning] random_forest done in 35.3s — best log_loss=0.6836
12:27:52  src.cpcv.tuning  INFO    [tuning] xgboost: 3 purged K-fold splits, 30 Optuna trials (TPE)
12:27:57  src.cpcv.tuning  INFO      xgboost: 18 completed, 12 pruned (of 30 total) — best log_loss=0.6817, params={'max_depth': 1, 'learning_rate': 0.02483770709370649, 'min_child_weight': 11, 'subsample': 0.6995779135100955, 'colsample_bytree': 0.7485262047956132, 'gamma': 5.813289782270685e-06, 'reg_alpha': 0.15947557661771347, 'reg_lambda': 2.3296349936906354e-06}
12:27:57  src.cpcv.tuning  INFO    [tuning] xgboost done in 4.9s — best log_loss=0.6817
12:27:57  src.cpcv.tuning  INFO  Tuning total: 40.2s
12:27:57  src.cpcv.pipeline  INFO      applied random_forest: {'n_estimators': 150, 'max_depth': 2, 'min_samples_leaf': 38, 'max_features': 'log2'}
12:27:57  src.cpcv.pipeline  INFO      applied xgboost: {'max_depth': 1, 'learning_rate': 0.02483770709370649, 'min_child_weight': 11, 'subsample': 0.6995779135100955, 'colsample_bytree': 0.7485262047956132, 'gamma': 5.813289782270685e-06, 'reg_alpha': 0.15947557661771347, 'reg_lambda': 2.3296349936906354e-06}
12:27:58  src.cpcv.models.tree_models  INFO  RandomForest fitted: 643 samples, 6 features, 150 trees.
12:27:58  src.cpcv.pipeline  INFO    [ 31/168]        random_forest (seed=0) F1=0.440  AUC=0.449  LL=0.7232 (0.5s)
12:27:58  src.cpcv.models.tree_models  INFO  RandomForest fitted: 643 samples, 6 features, 150 trees.
12:27:58  src.cpcv.pipeline  INFO    [ 32/168]        random_forest (seed=1) F1=0.439  AUC=0.452  LL=0.7147 (0.4s)
12:27:58  src.cpcv.models.tree_models  INFO  RandomForest fitted: 643 samples, 6 features, 150 trees.
12:27:59  src.cpcv.pipeline  INFO    [ 33/168]        random_forest (seed=2) F1=0.437  AUC=0.459  LL=0.7087 (0.4s)
12:27:59  src.cpcv.models.tree_models  INFO  XGBoost fitted: 643 samples, early stopped at iteration 33/300.
12:27:59  src.cpcv.pipeline  INFO    [ 34/168]              xgboost (seed=0) F1=0.528  AUC=0.485  LL=0.7092 (0.1s)
12:27:59  src.cpcv.models.tree_models  INFO  XGBoost fitted: 643 samples, early stopped at iteration 26/300.
12:27:59  src.cpcv.pipeline  INFO    [ 35/168]              xgboost (seed=1) F1=0.499  AUC=0.469  LL=0.7046 (0.1s)
12:27:59  src.cpcv.models.tree_models  INFO  XGBoost fitted: 643 samples, early stopped at iteration 22/300.
12:27:59  src.cpcv.pipeline  INFO    [ 36/168]              xgboost (seed=2) F1=0.478  AUC=0.457  LL=0.7184 (0.1s)
12:27:59  src.cpcv.preprocessing  INFO  Computing MDA (Random Forest)...
12:28:28  src.cpcv.preprocessing  INFO  Computing MDA (Logistic Regression)...
12:28:29  src.cpcv.preprocessing  INFO  Multi-model MDA: 26/73 passed (MDA > 0), 47 eliminated
12:28:29  src.cpcv.preprocessing  INFO    Capped at 14 features (top_k_frac=0.2)
12:28:29  src.cpcv.preprocessing  INFO    Selected (14): ['bb_width', 'gold_ret_14', 'kurtosis', 'log_returns_lag14', 'log_returns_lag4', 'log_returns_lag5', 'log_returns_lag6', 'macd_hist', 'mfi_14', 'natgas_ret_30', 'oil_ret_14', 'skewness', 'variance_ratio', 'vol_term_30_90']
12:28:29  src.cpcv.pipeline  INFO    Preprocessing: 14 features selected, train=644 + cal=162, test=151
12:28:29  src.cpcv.tuning  INFO  Tuning (2 models) — Optuna TPE + Purged K-Fold (inner: 3 folds, embargo=10 obs)
12:28:29  src.cpcv.tuning  INFO    [tuning] random_forest: 3 purged K-fold splits, 30 Optuna trials (TPE)
12:29:14  src.cpcv.tuning  INFO      random_forest: 23 completed, 7 pruned (of 30 total) — best log_loss=0.6846, params={'n_estimators': 200, 'max_depth': 2, 'min_samples_leaf': 22, 'max_features': 'log2'}
12:29:14  src.cpcv.tuning  INFO    [tuning] random_forest done in 45.3s — best log_loss=0.6846
12:29:14  src.cpcv.tuning  INFO    [tuning] xgboost: 3 purged K-fold splits, 30 Optuna trials (TPE)
12:29:18  src.cpcv.tuning  INFO      xgboost: 20 completed, 10 pruned (of 30 total) — best log_loss=0.6766, params={'max_depth': 2, 'learning_rate': 0.27499948298566546, 'min_child_weight': 16, 'subsample': 0.8743441166444467, 'colsample_bytree': 0.8012364486139857, 'gamma': 2.2554441771031008e-07, 'reg_alpha': 1.5175298152273302, 'reg_lambda': 6.486540606875655e-08}
12:29:18  src.cpcv.tuning  INFO    [tuning] xgboost done in 4.0s — best log_loss=0.6766
12:29:18  src.cpcv.tuning  INFO  Tuning total: 49.3s
12:29:18  src.cpcv.pipeline  INFO      applied random_forest: {'n_estimators': 200, 'max_depth': 2, 'min_samples_leaf': 22, 'max_features': 'log2'}
12:29:18  src.cpcv.pipeline  INFO      applied xgboost: {'max_depth': 2, 'learning_rate': 0.27499948298566546, 'min_child_weight': 16, 'subsample': 0.8743441166444467, 'colsample_bytree': 0.8012364486139857, 'gamma': 2.2554441771031008e-07, 'reg_alpha': 1.5175298152273302, 'reg_lambda': 6.486540606875655e-08}
12:29:18  src.cpcv.models.tree_models  INFO  RandomForest fitted: 644 samples, 14 features, 200 trees.
12:29:19  src.cpcv.pipeline  INFO    [ 37/168]        random_forest (seed=0) F1=0.357  AUC=0.478  LL=0.6898 (0.6s)
12:29:19  src.cpcv.models.tree_models  INFO  RandomForest fitted: 644 samples, 14 features, 200 trees.
12:29:19  src.cpcv.pipeline  INFO    [ 38/168]        random_forest (seed=1) F1=0.357  AUC=0.462  LL=0.6902 (0.6s)
12:29:20  src.cpcv.models.tree_models  INFO  RandomForest fitted: 644 samples, 14 features, 200 trees.
12:29:20  src.cpcv.pipeline  INFO    [ 39/168]        random_forest (seed=2) F1=0.357  AUC=0.463  LL=0.6897 (0.6s)
12:29:20  src.cpcv.models.tree_models  INFO  XGBoost fitted: 644 samples, early stopped at iteration 0/300.
12:29:20  src.cpcv.pipeline  INFO    [ 40/168]              xgboost (seed=0) F1=0.505  AUC=0.498  LL=0.7016 (0.0s)
12:29:20  src.cpcv.models.tree_models  INFO  XGBoost fitted: 644 samples, early stopped at iteration 0/300.
12:29:20  src.cpcv.pipeline  INFO    [ 41/168]              xgboost (seed=1) F1=0.479  AUC=0.508  LL=0.6887 (0.0s)
12:29:20  src.cpcv.models.tree_models  INFO  XGBoost fitted: 644 samples, early stopped at iteration 1/300.
12:29:20  src.cpcv.pipeline  INFO    [ 42/168]              xgboost (seed=2) F1=0.357  AUC=0.466  LL=0.6897 (0.0s)
12:29:20  src.cpcv.preprocessing  INFO  Computing MDA (Random Forest)...
12:29:44  src.cpcv.preprocessing  INFO  Computing MDA (Logistic Regression)...
12:29:45  src.cpcv.preprocessing  INFO  Multi-model MDA: 66/73 passed (MDA > 0), 7 eliminated
12:29:45  src.cpcv.preprocessing  INFO    Capped at 14 features (top_k_frac=0.2)
12:29:45  src.cpcv.preprocessing  INFO    Selected (14): ['bb_width', 'dxy_roc_30', 'log_returns_lag30', 'macd_hist', 'nasdaq_ret_14', 'net_exchange_flow', 'oil_ret_14', 'realized_vol', 'sadf', 'silver_ret_30', 'sp500_ret_14', 'stoch_k', 'vwma_ratio_20_50', 'yield_curve_2y10y']
12:29:45  src.cpcv.pipeline  INFO    Preprocessing: 14 features selected, train=572 + cal=144, test=233
12:29:45  src.cpcv.tuning  INFO  Tuning (2 models) — Optuna TPE + Purged K-Fold (inner: 3 folds, embargo=10 obs)
12:29:45  src.cpcv.tuning  INFO    [tuning] random_forest: 3 purged K-fold splits, 30 Optuna trials (TPE)
12:30:22  src.cpcv.tuning  INFO      random_forest: 16 completed, 14 pruned (of 30 total) — best log_loss=0.6982, params={'n_estimators': 200, 'max_depth': 2, 'min_samples_leaf': 16, 'max_features': 'log2'}
12:30:22  src.cpcv.tuning  INFO    [tuning] random_forest done in 37.0s — best log_loss=0.6982
12:30:22  src.cpcv.tuning  INFO    [tuning] xgboost: 3 purged K-fold splits, 30 Optuna trials (TPE)
12:30:26  src.cpcv.tuning  INFO      xgboost: 14 completed, 16 pruned (of 30 total) — best log_loss=0.6914, params={'max_depth': 3, 'learning_rate': 0.015519728644547788, 'min_child_weight': 13, 'subsample': 0.6021895028943194, 'colsample_bytree': 0.9228980453949239, 'gamma': 0.0007774949819397312, 'reg_alpha': 1.7263331969751336e-06, 'reg_lambda': 1.5293365871440761e-07}
12:30:26  src.cpcv.tuning  INFO    [tuning] xgboost done in 3.5s — best log_loss=0.6914
12:30:26  src.cpcv.tuning  INFO  Tuning total: 40.5s
12:30:26  src.cpcv.pipeline  INFO      applied random_forest: {'n_estimators': 200, 'max_depth': 2, 'min_samples_leaf': 16, 'max_features': 'log2'}
12:30:26  src.cpcv.pipeline  INFO      applied xgboost: {'max_depth': 3, 'learning_rate': 0.015519728644547788, 'min_child_weight': 13, 'subsample': 0.6021895028943194, 'colsample_bytree': 0.9228980453949239, 'gamma': 0.0007774949819397312, 'reg_alpha': 1.7263331969751336e-06, 'reg_lambda': 1.5293365871440761e-07}
12:30:26  src.cpcv.models.tree_models  INFO  RandomForest fitted: 572 samples, 14 features, 200 trees.
12:30:27  src.cpcv.pipeline  INFO    [ 43/168]        random_forest (seed=0) F1=0.367  AUC=0.526  LL=0.7061 (0.6s)
12:30:27  src.cpcv.models.tree_models  INFO  RandomForest fitted: 572 samples, 14 features, 200 trees.
12:30:27  src.cpcv.pipeline  INFO    [ 44/168]        random_forest (seed=1) F1=0.377  AUC=0.535  LL=0.7043 (0.5s)
12:30:28  src.cpcv.models.tree_models  INFO  RandomForest fitted: 572 samples, 14 features, 200 trees.
12:30:28  src.cpcv.pipeline  INFO    [ 45/168]        random_forest (seed=2) F1=0.375  AUC=0.537  LL=0.7085 (0.5s)
12:30:28  src.cpcv.models.tree_models  INFO  XGBoost fitted: 572 samples, early stopped at iteration 10/300.
12:30:28  src.cpcv.pipeline  INFO    [ 46/168]              xgboost (seed=0) F1=0.347  AUC=0.478  LL=0.7007 (0.1s)
12:30:28  src.cpcv.models.tree_models  INFO  XGBoost fitted: 572 samples, early stopped at iteration 44/300.
12:30:28  src.cpcv.pipeline  INFO    [ 47/168]              xgboost (seed=1) F1=0.385  AUC=0.479  LL=0.7127 (0.1s)
12:30:28  src.cpcv.models.tree_models  INFO  XGBoost fitted: 572 samples, early stopped at iteration 19/300.
12:30:28  src.cpcv.pipeline  INFO    [ 48/168]              xgboost (seed=2) F1=0.405  AUC=0.468  LL=0.7132 (0.1s)
12:30:28  src.cpcv.preprocessing  INFO  Computing MDA (Random Forest)...
12:30:52  src.cpcv.preprocessing  INFO  Computing MDA (Logistic Regression)...
12:30:53  src.cpcv.preprocessing  INFO  Multi-model MDA: 43/73 passed (MDA > 0), 30 eliminated
12:30:53  src.cpcv.preprocessing  INFO    Capped at 14 features (top_k_frac=0.2)
12:30:53  src.cpcv.preprocessing  INFO    Selected (14): ['atr', 'cci_14', 'copper_ret_14', 'dxy_roc_30', 'eth_btc_ratio', 'jarque_bera', 'log_returns_lag1', 'log_returns_lag2', 'log_returns_lag6', 'macd_signal', 'shannon_entropy', 'skewness', 'stoch_d', 'variance_ratio']
12:30:53  src.cpcv.pipeline  INFO    Preprocessing: 14 features selected, train=564 + cal=141, test=233
12:30:53  src.cpcv.tuning  INFO  Tuning (2 models) — Optuna TPE + Purged K-Fold (inner: 3 folds, embargo=10 obs)
12:30:53  src.cpcv.tuning  INFO    [tuning] random_forest: 3 purged K-fold splits, 30 Optuna trials (TPE)
12:31:35  src.cpcv.tuning  INFO      random_forest: 18 completed, 12 pruned (of 30 total) — best log_loss=0.6872, params={'n_estimators': 200, 'max_depth': 5, 'min_samples_leaf': 31, 'max_features': 'log2'}
12:31:35  src.cpcv.tuning  INFO    [tuning] random_forest done in 42.1s — best log_loss=0.6872
12:31:35  src.cpcv.tuning  INFO    [tuning] xgboost: 3 purged K-fold splits, 30 Optuna trials (TPE)
12:31:39  src.cpcv.tuning  INFO      xgboost: 19 completed, 11 pruned (of 30 total) — best log_loss=0.6772, params={'max_depth': 3, 'learning_rate': 0.10551169979166039, 'min_child_weight': 15, 'subsample': 0.9989879313923893, 'colsample_bytree': 0.8193236946586255, 'gamma': 0.006635909115717237, 'reg_alpha': 0.0006055282196145279, 'reg_lambda': 0.0013282289399196546}
12:31:39  src.cpcv.tuning  INFO    [tuning] xgboost done in 4.1s — best log_loss=0.6772
12:31:39  src.cpcv.tuning  INFO  Tuning total: 46.2s
12:31:39  src.cpcv.pipeline  INFO      applied random_forest: {'n_estimators': 200, 'max_depth': 5, 'min_samples_leaf': 31, 'max_features': 'log2'}
12:31:39  src.cpcv.pipeline  INFO      applied xgboost: {'max_depth': 3, 'learning_rate': 0.10551169979166039, 'min_child_weight': 15, 'subsample': 0.9989879313923893, 'colsample_bytree': 0.8193236946586255, 'gamma': 0.006635909115717237, 'reg_alpha': 0.0006055282196145279, 'reg_lambda': 0.0013282289399196546}
12:31:40  src.cpcv.models.tree_models  INFO  RandomForest fitted: 564 samples, 14 features, 200 trees.
12:31:40  src.cpcv.pipeline  INFO    [ 49/168]        random_forest (seed=0) F1=0.484  AUC=0.485  LL=0.6925 (0.6s)
12:31:40  src.cpcv.models.tree_models  INFO  RandomForest fitted: 564 samples, 14 features, 200 trees.
12:31:40  src.cpcv.pipeline  INFO    [ 50/168]        random_forest (seed=1) F1=0.498  AUC=0.471  LL=0.7133 (0.5s)
12:31:41  src.cpcv.models.tree_models  INFO  RandomForest fitted: 564 samples, 14 features, 200 trees.
12:31:41  src.cpcv.pipeline  INFO    [ 51/168]        random_forest (seed=2) F1=0.524  AUC=0.500  LL=0.6958 (0.5s)
12:31:41  src.cpcv.models.tree_models  INFO  XGBoost fitted: 564 samples, early stopped at iteration 19/300.
12:31:41  src.cpcv.pipeline  INFO    [ 52/168]              xgboost (seed=0) F1=0.485  AUC=0.479  LL=0.6960 (0.1s)
12:31:41  src.cpcv.models.tree_models  INFO  XGBoost fitted: 564 samples, early stopped at iteration 8/300.
12:31:41  src.cpcv.pipeline  INFO    [ 53/168]              xgboost (seed=1) F1=0.499  AUC=0.494  LL=0.6928 (0.1s)
12:31:41  src.cpcv.models.tree_models  INFO  XGBoost fitted: 564 samples, early stopped at iteration 3/300.
12:31:41  src.cpcv.pipeline  INFO    [ 54/168]              xgboost (seed=2) F1=0.466  AUC=0.519  LL=0.6815 (0.0s)
12:31:41  src.cpcv.preprocessing  INFO  Computing MDA (Random Forest)...
12:32:06  src.cpcv.preprocessing  INFO  Computing MDA (Logistic Regression)...
12:32:07  src.cpcv.preprocessing  INFO  Multi-model MDA: 30/73 passed (MDA > 0), 43 eliminated
12:32:07  src.cpcv.preprocessing  INFO    Capped at 14 features (top_k_frac=0.2)
12:32:07  src.cpcv.preprocessing  INFO    Selected (14): ['chaikin_osc', 'ema_ratio_50_200', 'eth_btc_ratio', 'gk_vol', 'gold_ret_14', 'jarque_bera', 'log_returns_lag21', 'macd', 'macd_hist', 'natgas_ret_30', 'sp500_ret_30', 'us2y', 'vwma_ratio_20_50', 'yield_curve_2y10y']
12:32:07  src.cpcv.pipeline  INFO    Preprocessing: 14 features selected, train=564 + cal=141, test=233
12:32:07  src.cpcv.tuning  INFO  Tuning (2 models) — Optuna TPE + Purged K-Fold (inner: 3 folds, embargo=10 obs)
12:32:07  src.cpcv.tuning  INFO    [tuning] random_forest: 3 purged K-fold splits, 30 Optuna trials (TPE)
12:32:43  src.cpcv.tuning  INFO      random_forest: 30 completed, 0 pruned (of 30 total) — best log_loss=0.6893, params={'n_estimators': 150, 'max_depth': 3, 'min_samples_leaf': 18, 'max_features': 'sqrt'}
12:32:43  src.cpcv.tuning  INFO    [tuning] random_forest done in 36.3s — best log_loss=0.6893
12:32:43  src.cpcv.tuning  INFO    [tuning] xgboost: 3 purged K-fold splits, 30 Optuna trials (TPE)
12:32:46  src.cpcv.tuning  INFO      xgboost: 22 completed, 8 pruned (of 30 total) — best log_loss=0.6840, params={'max_depth': 2, 'learning_rate': 0.2899443770212757, 'min_child_weight': 10, 'subsample': 0.8693386818617739, 'colsample_bytree': 0.760253467141673, 'gamma': 0.00015606298661675072, 'reg_alpha': 0.3626041721099007, 'reg_lambda': 3.067342798052502e-08}
12:32:46  src.cpcv.tuning  INFO    [tuning] xgboost done in 3.6s — best log_loss=0.6840
12:32:46  src.cpcv.tuning  INFO  Tuning total: 39.8s
12:32:46  src.cpcv.pipeline  INFO      applied random_forest: {'n_estimators': 150, 'max_depth': 3, 'min_samples_leaf': 18, 'max_features': 'sqrt'}
12:32:46  src.cpcv.pipeline  INFO      applied xgboost: {'max_depth': 2, 'learning_rate': 0.2899443770212757, 'min_child_weight': 10, 'subsample': 0.8693386818617739, 'colsample_bytree': 0.760253467141673, 'gamma': 0.00015606298661675072, 'reg_alpha': 0.3626041721099007, 'reg_lambda': 3.067342798052502e-08}
12:32:47  src.cpcv.models.tree_models  INFO  RandomForest fitted: 564 samples, 14 features, 150 trees.
12:32:47  src.cpcv.pipeline  INFO    [ 55/168]        random_forest (seed=0) F1=0.441  AUC=0.492  LL=0.6797 (0.5s)
12:32:47  src.cpcv.models.tree_models  INFO  RandomForest fitted: 564 samples, 14 features, 150 trees.
12:32:47  src.cpcv.pipeline  INFO    [ 56/168]        random_forest (seed=1) F1=0.384  AUC=0.520  LL=0.6745 (0.4s)
12:32:48  src.cpcv.models.tree_models  INFO  RandomForest fitted: 564 samples, 14 features, 150 trees.
12:32:48  src.cpcv.pipeline  INFO    [ 57/168]        random_forest (seed=2) F1=0.398  AUC=0.503  LL=0.6781 (0.4s)
12:32:48  src.cpcv.models.tree_models  INFO  XGBoost fitted: 564 samples, early stopped at iteration 2/300.
12:32:48  src.cpcv.pipeline  INFO    [ 58/168]              xgboost (seed=0) F1=0.497  AUC=0.470  LL=0.6871 (0.0s)
12:32:48  src.cpcv.models.tree_models  INFO  XGBoost fitted: 564 samples, early stopped at iteration 0/300.
12:32:48  src.cpcv.pipeline  INFO    [ 59/168]              xgboost (seed=1) F1=0.384  AUC=0.538  LL=0.6735 (0.0s)
12:32:48  src.cpcv.models.tree_models  INFO  XGBoost fitted: 564 samples, early stopped at iteration 3/300.
12:32:48  src.cpcv.pipeline  INFO    [ 60/168]              xgboost (seed=2) F1=0.384  AUC=0.523  LL=0.6742 (0.0s)
12:32:48  src.cpcv.preprocessing  INFO  Computing MDA (Random Forest)...
12:33:12  src.cpcv.preprocessing  INFO  Computing MDA (Logistic Regression)...
12:33:13  src.cpcv.preprocessing  INFO  Multi-model MDA: 25/73 passed (MDA > 0), 48 eliminated
12:33:13  src.cpcv.preprocessing  INFO    Capped at 14 features (top_k_frac=0.2)
12:33:13  src.cpcv.preprocessing  INFO    Selected (14): ['active_addr_roc_14', 'chaikin_osc', 'fee_per_tx', 'gk_vol', 'hashrate_roc_30', 'log_returns_lag1', 'log_returns_lag5', 'log_returns_lag7', 'macd_hist', 'mfi_14', 'net_exchange_flow', 'sp500_ret_14', 'stoch_k', 'vol_term_30_90']
12:33:13  src.cpcv.pipeline  INFO    Preprocessing: 14 features selected, train=562 + cal=141, test=233
12:33:13  src.cpcv.tuning  INFO  Tuning (2 models) — Optuna TPE + Purged K-Fold (inner: 3 folds, embargo=10 obs)
12:33:13  src.cpcv.tuning  INFO    [tuning] random_forest: 3 purged K-fold splits, 30 Optuna trials (TPE)
12:33:54  src.cpcv.tuning  INFO      random_forest: 12 completed, 18 pruned (of 30 total) — best log_loss=0.6863, params={'n_estimators': 250, 'max_depth': 2, 'min_samples_leaf': 28, 'max_features': 'sqrt'}
12:33:54  src.cpcv.tuning  INFO    [tuning] random_forest done in 40.8s — best log_loss=0.6863
12:33:54  src.cpcv.tuning  INFO    [tuning] xgboost: 3 purged K-fold splits, 30 Optuna trials (TPE)
12:33:58  src.cpcv.tuning  INFO      xgboost: 18 completed, 12 pruned (of 30 total) — best log_loss=0.6819, params={'max_depth': 2, 'learning_rate': 0.08123222341792576, 'min_child_weight': 18, 'subsample': 0.8092960834566517, 'colsample_bytree': 0.8063217492818551, 'gamma': 0.010202486008429025, 'reg_alpha': 0.0008849299239384577, 'reg_lambda': 1.1722710548725553e-08}
12:33:58  src.cpcv.tuning  INFO    [tuning] xgboost done in 4.1s — best log_loss=0.6819
12:33:58  src.cpcv.tuning  INFO  Tuning total: 44.9s
12:33:58  src.cpcv.pipeline  INFO      applied random_forest: {'n_estimators': 250, 'max_depth': 2, 'min_samples_leaf': 28, 'max_features': 'sqrt'}
12:33:58  src.cpcv.pipeline  INFO      applied xgboost: {'max_depth': 2, 'learning_rate': 0.08123222341792576, 'min_child_weight': 18, 'subsample': 0.8092960834566517, 'colsample_bytree': 0.8063217492818551, 'gamma': 0.010202486008429025, 'reg_alpha': 0.0008849299239384577, 'reg_lambda': 1.1722710548725553e-08}
12:33:59  src.cpcv.models.tree_models  INFO  RandomForest fitted: 562 samples, 14 features, 250 trees.
12:33:59  src.cpcv.pipeline  INFO    [ 61/168]        random_forest (seed=0) F1=0.448  AUC=0.459  LL=0.7227 (0.7s)
12:34:00  src.cpcv.models.tree_models  INFO  RandomForest fitted: 562 samples, 14 features, 250 trees.
12:34:00  src.cpcv.pipeline  INFO    [ 62/168]        random_forest (seed=1) F1=0.464  AUC=0.479  LL=0.7280 (0.7s)
12:34:00  src.cpcv.models.tree_models  INFO  RandomForest fitted: 562 samples, 14 features, 250 trees.
12:34:00  src.cpcv.pipeline  INFO    [ 63/168]        random_forest (seed=2) F1=0.454  AUC=0.459  LL=0.7439 (0.7s)
12:34:01  src.cpcv.models.tree_models  INFO  XGBoost fitted: 562 samples, early stopped at iteration 42/300.
12:34:01  src.cpcv.pipeline  INFO    [ 64/168]              xgboost (seed=0) F1=0.445  AUC=0.444  LL=0.7219 (0.1s)
12:34:01  src.cpcv.models.tree_models  INFO  XGBoost fitted: 562 samples, early stopped at iteration 11/300.
12:34:01  src.cpcv.pipeline  INFO    [ 65/168]              xgboost (seed=1) F1=0.457  AUC=0.474  LL=0.6960 (0.1s)
12:34:01  src.cpcv.models.tree_models  INFO  XGBoost fitted: 562 samples, early stopped at iteration 60/300.
12:34:01  src.cpcv.pipeline  INFO    [ 66/168]              xgboost (seed=2) F1=0.461  AUC=0.425  LL=0.7441 (0.1s)
12:34:01  src.cpcv.preprocessing  INFO  Computing MDA (Random Forest)...
12:34:26  src.cpcv.preprocessing  INFO  Computing MDA (Logistic Regression)...
12:34:27  src.cpcv.preprocessing  INFO  Multi-model MDA: 32/73 passed (MDA > 0), 41 eliminated
12:34:27  src.cpcv.preprocessing  INFO    Capped at 14 features (top_k_frac=0.2)
12:34:27  src.cpcv.preprocessing  INFO    Selected (14): ['bb_width', 'copper_ret_14', 'copper_ret_30', 'dxy_roc_30', 'ema_ratio_20_50', 'eth_btc_ratio', 'fee_per_tx', 'log_returns_lag2', 'log_returns_lag7', 'macd_signal', 'mvrv', 'skewness', 'us2y', 'vix']
12:34:27  src.cpcv.pipeline  INFO    Preprocessing: 14 features selected, train=563 + cal=141, test=233
12:34:27  src.cpcv.tuning  INFO  Tuning (2 models) — Optuna TPE + Purged K-Fold (inner: 3 folds, embargo=10 obs)
12:34:27  src.cpcv.tuning  INFO    [tuning] random_forest: 3 purged K-fold splits, 30 Optuna trials (TPE)
12:35:02  src.cpcv.tuning  INFO      random_forest: 11 completed, 19 pruned (of 30 total) — best log_loss=0.6795, params={'n_estimators': 100, 'max_depth': 3, 'min_samples_leaf': 28, 'max_features': 'sqrt'}
12:35:02  src.cpcv.tuning  INFO    [tuning] random_forest done in 35.2s — best log_loss=0.6795
12:35:02  src.cpcv.tuning  INFO    [tuning] xgboost: 3 purged K-fold splits, 30 Optuna trials (TPE)
12:35:07  src.cpcv.tuning  INFO      xgboost: 9 completed, 21 pruned (of 30 total) — best log_loss=0.6718, params={'max_depth': 1, 'learning_rate': 0.2521267904777921, 'min_child_weight': 30, 'subsample': 0.9233589392465844, 'colsample_bytree': 0.7218455076693483, 'gamma': 6.044730070370796e-08, 'reg_alpha': 0.014391207615728067, 'reg_lambda': 9.148975058772307e-05}
12:35:07  src.cpcv.tuning  INFO    [tuning] xgboost done in 4.7s — best log_loss=0.6718
12:35:07  src.cpcv.tuning  INFO  Tuning total: 39.9s
12:35:07  src.cpcv.pipeline  INFO      applied random_forest: {'n_estimators': 100, 'max_depth': 3, 'min_samples_leaf': 28, 'max_features': 'sqrt'}
12:35:07  src.cpcv.pipeline  INFO      applied xgboost: {'max_depth': 1, 'learning_rate': 0.2521267904777921, 'min_child_weight': 30, 'subsample': 0.9233589392465844, 'colsample_bytree': 0.7218455076693483, 'gamma': 6.044730070370796e-08, 'reg_alpha': 0.014391207615728067, 'reg_lambda': 9.148975058772307e-05}
12:35:07  src.cpcv.models.tree_models  INFO  RandomForest fitted: 563 samples, 14 features, 100 trees.
12:35:07  src.cpcv.pipeline  INFO    [ 67/168]        random_forest (seed=0) F1=0.418  AUC=0.504  LL=0.7563 (0.4s)
12:35:07  src.cpcv.models.tree_models  INFO  RandomForest fitted: 563 samples, 14 features, 100 trees.
12:35:07  src.cpcv.pipeline  INFO    [ 68/168]        random_forest (seed=1) F1=0.440  AUC=0.502  LL=0.7181 (0.3s)
12:35:08  src.cpcv.models.tree_models  INFO  RandomForest fitted: 563 samples, 14 features, 100 trees.
12:35:08  src.cpcv.pipeline  INFO    [ 69/168]        random_forest (seed=2) F1=0.481  AUC=0.515  LL=0.7239 (0.3s)
12:35:08  src.cpcv.models.tree_models  INFO  XGBoost fitted: 563 samples, early stopped at iteration 7/300.
12:35:08  src.cpcv.pipeline  INFO    [ 70/168]              xgboost (seed=0) F1=0.437  AUC=0.499  LL=0.8230 (0.0s)
12:35:08  src.cpcv.models.tree_models  INFO  XGBoost fitted: 563 samples, early stopped at iteration 7/300.
12:35:08  src.cpcv.pipeline  INFO    [ 71/168]              xgboost (seed=1) F1=0.401  AUC=0.441  LL=0.7964 (0.0s)
12:35:08  src.cpcv.models.tree_models  INFO  XGBoost fitted: 563 samples, early stopped at iteration 11/300.
12:35:08  src.cpcv.pipeline  INFO    [ 72/168]              xgboost (seed=2) F1=0.448  AUC=0.463  LL=0.7609 (0.0s)
12:35:08  src.cpcv.preprocessing  INFO  Computing MDA (Random Forest)...
12:35:32  src.cpcv.preprocessing  INFO  Computing MDA (Logistic Regression)...
12:35:33  src.cpcv.preprocessing  INFO  Multi-model MDA: 51/73 passed (MDA > 0), 22 eliminated
12:35:33  src.cpcv.preprocessing  INFO    Capped at 14 features (top_k_frac=0.2)
12:35:33  src.cpcv.preprocessing  INFO    Selected (14): ['copper_ret_14', 'eth_btc_ratio', 'gk_vol', 'kurtosis', 'log_returns', 'log_returns_lag21', 'log_returns_lag6', 'log_returns_lag7', 'mvrv', 'obv', 'roc_14', 'sp500_ret_30', 'us2y', 'yield_curve_2y10y']
12:35:33  src.cpcv.pipeline  INFO    Preprocessing: 14 features selected, train=564 + cal=142, test=240
12:35:33  src.cpcv.tuning  INFO  Tuning (2 models) — Optuna TPE + Purged K-Fold (inner: 3 folds, embargo=10 obs)
12:35:33  src.cpcv.tuning  INFO    [tuning] random_forest: 3 purged K-fold splits, 30 Optuna trials (TPE)
12:36:17  src.cpcv.tuning  INFO      random_forest: 26 completed, 4 pruned (of 30 total) — best log_loss=0.6893, params={'n_estimators': 200, 'max_depth': 2, 'min_samples_leaf': 40, 'max_features': 'log2'}
12:36:17  src.cpcv.tuning  INFO    [tuning] random_forest done in 44.3s — best log_loss=0.6893
12:36:17  src.cpcv.tuning  INFO    [tuning] xgboost: 3 purged K-fold splits, 30 Optuna trials (TPE)
12:36:21  src.cpcv.tuning  INFO      xgboost: 21 completed, 9 pruned (of 30 total) — best log_loss=0.6800, params={'max_depth': 3, 'learning_rate': 0.11816421653189964, 'min_child_weight': 26, 'subsample': 0.7909778343929419, 'colsample_bytree': 0.8710356885648156, 'gamma': 0.01633298872601972, 'reg_alpha': 3.5953660066514575e-05, 'reg_lambda': 0.00822181200874004}
12:36:21  src.cpcv.tuning  INFO    [tuning] xgboost done in 3.8s — best log_loss=0.6800
12:36:21  src.cpcv.tuning  INFO  Tuning total: 48.1s
12:36:21  src.cpcv.pipeline  INFO      applied random_forest: {'n_estimators': 200, 'max_depth': 2, 'min_samples_leaf': 40, 'max_features': 'log2'}
12:36:21  src.cpcv.pipeline  INFO      applied xgboost: {'max_depth': 3, 'learning_rate': 0.11816421653189964, 'min_child_weight': 26, 'subsample': 0.7909778343929419, 'colsample_bytree': 0.8710356885648156, 'gamma': 0.01633298872601972, 'reg_alpha': 3.5953660066514575e-05, 'reg_lambda': 0.00822181200874004}
12:36:22  src.cpcv.models.tree_models  INFO  RandomForest fitted: 564 samples, 14 features, 200 trees.
12:36:22  src.cpcv.pipeline  INFO    [ 73/168]        random_forest (seed=0) F1=0.441  AUC=0.438  LL=0.7193 (0.6s)
12:36:22  src.cpcv.models.tree_models  INFO  RandomForest fitted: 564 samples, 14 features, 200 trees.
12:36:22  src.cpcv.pipeline  INFO    [ 74/168]        random_forest (seed=1) F1=0.449  AUC=0.451  LL=0.7203 (0.5s)
12:36:23  src.cpcv.models.tree_models  INFO  RandomForest fitted: 564 samples, 14 features, 200 trees.
12:36:23  src.cpcv.pipeline  INFO    [ 75/168]        random_forest (seed=2) F1=0.445  AUC=0.429  LL=0.7479 (0.6s)
12:36:23  src.cpcv.models.tree_models  INFO  XGBoost fitted: 564 samples, early stopped at iteration 0/300.
12:36:23  src.cpcv.pipeline  INFO    [ 76/168]              xgboost (seed=0) F1=0.487  AUC=0.511  LL=0.7412 (0.0s)
12:36:23  src.cpcv.models.tree_models  INFO  XGBoost fitted: 564 samples, early stopped at iteration 0/300.
12:36:23  src.cpcv.pipeline  INFO    [ 77/168]              xgboost (seed=1) F1=0.487  AUC=0.505  LL=0.6810 (0.0s)
12:36:23  src.cpcv.models.tree_models  INFO  XGBoost fitted: 564 samples, early stopped at iteration 0/300.
12:36:23  src.cpcv.pipeline  INFO    [ 78/168]              xgboost (seed=2) F1=0.487  AUC=0.511  LL=0.7352 (0.0s)
12:36:23  src.cpcv.preprocessing  INFO  Computing MDA (Random Forest)...
12:36:47  src.cpcv.preprocessing  INFO  Computing MDA (Logistic Regression)...
12:36:48  src.cpcv.preprocessing  INFO  Multi-model MDA: 47/73 passed (MDA > 0), 26 eliminated
12:36:48  src.cpcv.preprocessing  INFO    Capped at 14 features (top_k_frac=0.2)
12:36:48  src.cpcv.preprocessing  INFO    Selected (14): ['cci_14', 'copper_ret_14', 'copper_ret_30', 'log_returns_lag14', 'log_returns_lag2', 'log_returns_lag7', 'macd', 'negentropy', 'obv', 'realized_vol', 'rsi', 'sp500_ret_14', 'variance_ratio', 'vol_term_30_90']
12:36:48  src.cpcv.pipeline  INFO    Preprocessing: 14 features selected, train=528 + cal=132, test=288
12:36:48  src.cpcv.tuning  INFO  Tuning (2 models) — Optuna TPE + Purged K-Fold (inner: 3 folds, embargo=10 obs)
12:36:48  src.cpcv.tuning  INFO    [tuning] random_forest: 3 purged K-fold splits, 30 Optuna trials (TPE)
12:37:30  src.cpcv.tuning  INFO      random_forest: 23 completed, 7 pruned (of 30 total) — best log_loss=0.6956, params={'n_estimators': 250, 'max_depth': 2, 'min_samples_leaf': 18, 'max_features': 'log2'}
12:37:30  src.cpcv.tuning  INFO    [tuning] random_forest done in 41.8s — best log_loss=0.6956
12:37:30  src.cpcv.tuning  INFO    [tuning] xgboost: 3 purged K-fold splits, 30 Optuna trials (TPE)
12:37:34  src.cpcv.tuning  INFO      xgboost: 20 completed, 10 pruned (of 30 total) — best log_loss=0.6791, params={'max_depth': 3, 'learning_rate': 0.09219223907755845, 'min_child_weight': 5, 'subsample': 0.9783238879894852, 'colsample_bytree': 0.9687557027925864, 'gamma': 4.4653539708702305e-05, 'reg_alpha': 4.3521061900525274e-08, 'reg_lambda': 0.0037653511867646863}
12:37:34  src.cpcv.tuning  INFO    [tuning] xgboost done in 4.0s — best log_loss=0.6791
12:37:34  src.cpcv.tuning  INFO  Tuning total: 45.8s
12:37:34  src.cpcv.pipeline  INFO      applied random_forest: {'n_estimators': 250, 'max_depth': 2, 'min_samples_leaf': 18, 'max_features': 'log2'}
12:37:34  src.cpcv.pipeline  INFO      applied xgboost: {'max_depth': 3, 'learning_rate': 0.09219223907755845, 'min_child_weight': 5, 'subsample': 0.9783238879894852, 'colsample_bytree': 0.9687557027925864, 'gamma': 4.4653539708702305e-05, 'reg_alpha': 4.3521061900525274e-08, 'reg_lambda': 0.0037653511867646863}
12:37:35  src.cpcv.models.tree_models  INFO  RandomForest fitted: 528 samples, 14 features, 250 trees.
12:37:35  src.cpcv.pipeline  INFO    [ 79/168]        random_forest (seed=0) F1=0.338  AUC=0.513  LL=0.6953 (0.7s)
12:37:35  src.cpcv.models.tree_models  INFO  RandomForest fitted: 528 samples, 14 features, 250 trees.
12:37:35  src.cpcv.pipeline  INFO    [ 80/168]        random_forest (seed=1) F1=0.338  AUC=0.509  LL=0.7020 (0.7s)
12:37:36  src.cpcv.models.tree_models  INFO  RandomForest fitted: 528 samples, 14 features, 250 trees.
12:37:36  src.cpcv.pipeline  INFO    [ 81/168]        random_forest (seed=2) F1=0.338  AUC=0.507  LL=0.6972 (0.7s)
12:37:36  src.cpcv.models.tree_models  INFO  XGBoost fitted: 528 samples, early stopped at iteration 4/300.
12:37:36  src.cpcv.pipeline  INFO    [ 82/168]              xgboost (seed=0) F1=0.338  AUC=0.538  LL=0.6994 (0.0s)
12:37:36  src.cpcv.models.tree_models  INFO  XGBoost fitted: 528 samples, early stopped at iteration 2/300.
12:37:36  src.cpcv.pipeline  INFO    [ 83/168]              xgboost (seed=1) F1=0.338  AUC=0.528  LL=0.6958 (0.1s)
12:37:36  src.cpcv.models.tree_models  INFO  XGBoost fitted: 528 samples, early stopped at iteration 4/300.
12:37:36  src.cpcv.pipeline  INFO    [ 84/168]              xgboost (seed=2) F1=0.338  AUC=0.524  LL=0.6972 (0.1s)
12:37:37  src.cpcv.preprocessing  INFO  Computing MDA (Random Forest)...
12:38:00  src.cpcv.preprocessing  INFO  Computing MDA (Logistic Regression)...
12:38:01  src.cpcv.preprocessing  INFO  Multi-model MDA: 45/73 passed (MDA > 0), 28 eliminated
12:38:01  src.cpcv.preprocessing  INFO    Capped at 14 features (top_k_frac=0.2)
12:38:01  src.cpcv.preprocessing  INFO    Selected (14): ['active_addr_roc_14', 'bb_width', 'ema_ratio_50_200', 'eth_btc_ratio', 'gold_ret_14', 'issuance_ntv', 'log_returns_lag2', 'mvrv', 'oil_ret_14', 'rsi', 'silver_ret_14', 'skewness', 'vol_term_30_90', 'yield_curve_10y30y']
12:38:01  src.cpcv.pipeline  INFO    Preprocessing: 14 features selected, train=519 + cal=130, test=288
12:38:01  src.cpcv.tuning  INFO  Tuning (2 models) — Optuna TPE + Purged K-Fold (inner: 3 folds, embargo=10 obs)
12:38:01  src.cpcv.tuning  INFO    [tuning] random_forest: 3 purged K-fold splits, 30 Optuna trials (TPE)
12:38:47  src.cpcv.tuning  INFO      random_forest: 30 completed, 0 pruned (of 30 total) — best log_loss=0.6923, params={'n_estimators': 200, 'max_depth': 2, 'min_samples_leaf': 40, 'max_features': 'log2'}
12:38:47  src.cpcv.tuning  INFO    [tuning] random_forest done in 45.7s — best log_loss=0.6923
12:38:47  src.cpcv.tuning  INFO    [tuning] xgboost: 3 purged K-fold splits, 30 Optuna trials (TPE)
12:38:52  src.cpcv.tuning  INFO      xgboost: 23 completed, 7 pruned (of 30 total) — best log_loss=0.6851, params={'max_depth': 3, 'learning_rate': 0.022740809791548054, 'min_child_weight': 13, 'subsample': 0.6638123593227387, 'colsample_bytree': 0.9968046276073118, 'gamma': 0.0007994748634831245, 'reg_alpha': 2.3502308108830163e-07, 'reg_lambda': 0.016915657005642706}
12:38:52  src.cpcv.tuning  INFO    [tuning] xgboost done in 5.0s — best log_loss=0.6851
12:38:52  src.cpcv.tuning  INFO  Tuning total: 50.7s
12:38:52  src.cpcv.pipeline  INFO      applied random_forest: {'n_estimators': 200, 'max_depth': 2, 'min_samples_leaf': 40, 'max_features': 'log2'}
12:38:52  src.cpcv.pipeline  INFO      applied xgboost: {'max_depth': 3, 'learning_rate': 0.022740809791548054, 'min_child_weight': 13, 'subsample': 0.6638123593227387, 'colsample_bytree': 0.9968046276073118, 'gamma': 0.0007994748634831245, 'reg_alpha': 2.3502308108830163e-07, 'reg_lambda': 0.016915657005642706}
12:38:53  src.cpcv.models.tree_models  INFO  RandomForest fitted: 519 samples, 14 features, 200 trees.
12:38:53  src.cpcv.pipeline  INFO    [ 85/168]        random_forest (seed=0) F1=0.493  AUC=0.597  LL=0.6842 (0.7s)
12:38:53  src.cpcv.models.tree_models  INFO  RandomForest fitted: 519 samples, 14 features, 200 trees.
12:38:53  src.cpcv.pipeline  INFO    [ 86/168]        random_forest (seed=1) F1=0.497  AUC=0.601  LL=0.6841 (0.6s)
12:38:54  src.cpcv.models.tree_models  INFO  RandomForest fitted: 519 samples, 14 features, 200 trees.
12:38:54  src.cpcv.pipeline  INFO    [ 87/168]        random_forest (seed=2) F1=0.513  AUC=0.580  LL=0.6844 (0.6s)
12:38:54  src.cpcv.models.tree_models  INFO  XGBoost fitted: 519 samples, early stopped at iteration 5/300.
12:38:54  src.cpcv.pipeline  INFO    [ 88/168]              xgboost (seed=0) F1=0.541  AUC=0.581  LL=0.6805 (0.1s)
12:38:54  src.cpcv.models.tree_models  INFO  XGBoost fitted: 519 samples, early stopped at iteration 15/300.
12:38:54  src.cpcv.pipeline  INFO    [ 89/168]              xgboost (seed=1) F1=0.556  AUC=0.577  LL=0.6762 (0.1s)
12:38:54  src.cpcv.models.tree_models  INFO  XGBoost fitted: 519 samples, early stopped at iteration 8/300.
12:38:54  src.cpcv.pipeline  INFO    [ 90/168]              xgboost (seed=2) F1=0.394  AUC=0.588  LL=0.6874 (0.1s)
12:38:55  src.cpcv.preprocessing  INFO  Computing MDA (Random Forest)...
12:39:19  src.cpcv.preprocessing  INFO  Computing MDA (Logistic Regression)...
12:39:20  src.cpcv.preprocessing  INFO  Multi-model MDA: 58/73 passed (MDA > 0), 15 eliminated
12:39:20  src.cpcv.preprocessing  INFO    Capped at 14 features (top_k_frac=0.2)
12:39:20  src.cpcv.preprocessing  INFO    Selected (14): ['active_addr_roc_14', 'dxy_roc_30', 'ema_ratio_20_50', 'ema_ratio_50_200', 'hurst', 'log_returns_lag1', 'mvrv', 'natgas_ret_30', 'oil_ret_14', 'oil_ret_30', 'skewness', 'vol_term_30_90', 'yield_curve_10y30y', 'yz_vol']
12:39:20  src.cpcv.pipeline  INFO    Preprocessing: 14 features selected, train=517 + cal=130, test=288
12:39:20  src.cpcv.tuning  INFO  Tuning (2 models) — Optuna TPE + Purged K-Fold (inner: 3 folds, embargo=10 obs)
12:39:20  src.cpcv.tuning  INFO    [tuning] random_forest: 3 purged K-fold splits, 30 Optuna trials (TPE)
12:39:54  src.cpcv.tuning  INFO      random_forest: 30 completed, 0 pruned (of 30 total) — best log_loss=0.6930, params={'n_estimators': 100, 'max_depth': 6, 'min_samples_leaf': 40, 'max_features': 'log2'}
12:39:54  src.cpcv.tuning  INFO    [tuning] random_forest done in 33.8s — best log_loss=0.6930
12:39:54  src.cpcv.tuning  INFO    [tuning] xgboost: 3 purged K-fold splits, 30 Optuna trials (TPE)
12:39:57  src.cpcv.tuning  INFO      xgboost: 20 completed, 10 pruned (of 30 total) — best log_loss=0.6800, params={'max_depth': 2, 'learning_rate': 0.2536999076681772, 'min_child_weight': 24, 'subsample': 0.8394633936788146, 'colsample_bytree': 0.6624074561769746, 'gamma': 1.7699302940633311e-07, 'reg_alpha': 3.3323645788192616e-08, 'reg_lambda': 0.6245760287469893}
12:39:57  src.cpcv.tuning  INFO    [tuning] xgboost done in 3.7s — best log_loss=0.6800
12:39:57  src.cpcv.tuning  INFO  Tuning total: 37.5s
12:39:57  src.cpcv.pipeline  INFO      applied random_forest: {'n_estimators': 100, 'max_depth': 6, 'min_samples_leaf': 40, 'max_features': 'log2'}
12:39:57  src.cpcv.pipeline  INFO      applied xgboost: {'max_depth': 2, 'learning_rate': 0.2536999076681772, 'min_child_weight': 24, 'subsample': 0.8394633936788146, 'colsample_bytree': 0.6624074561769746, 'gamma': 1.7699302940633311e-07, 'reg_alpha': 3.3323645788192616e-08, 'reg_lambda': 0.6245760287469893}
12:39:57  src.cpcv.models.tree_models  INFO  RandomForest fitted: 517 samples, 14 features, 100 trees.
12:39:58  src.cpcv.pipeline  INFO    [ 91/168]        random_forest (seed=0) F1=0.407  AUC=0.516  LL=0.7058 (0.3s)
12:39:58  src.cpcv.models.tree_models  INFO  RandomForest fitted: 517 samples, 14 features, 100 trees.
12:39:58  src.cpcv.pipeline  INFO    [ 92/168]        random_forest (seed=1) F1=0.433  AUC=0.513  LL=0.7138 (0.3s)
12:39:58  src.cpcv.models.tree_models  INFO  RandomForest fitted: 517 samples, 14 features, 100 trees.
12:39:58  src.cpcv.pipeline  INFO    [ 93/168]        random_forest (seed=2) F1=0.406  AUC=0.515  LL=0.7153 (0.3s)
12:39:58  src.cpcv.models.tree_models  INFO  XGBoost fitted: 517 samples, early stopped at iteration 23/300.
12:39:58  src.cpcv.pipeline  INFO    [ 94/168]              xgboost (seed=0) F1=0.410  AUC=0.474  LL=0.7297 (0.1s)
12:39:58  src.cpcv.models.tree_models  INFO  XGBoost fitted: 517 samples, early stopped at iteration 17/300.
12:39:58  src.cpcv.pipeline  INFO    [ 95/168]              xgboost (seed=1) F1=0.427  AUC=0.503  LL=0.7229 (0.1s)
12:39:58  src.cpcv.models.tree_models  INFO  XGBoost fitted: 517 samples, early stopped at iteration 5/300.
12:39:58  src.cpcv.pipeline  INFO    [ 96/168]              xgboost (seed=2) F1=0.467  AUC=0.518  LL=0.7106 (0.0s)
12:39:59  src.cpcv.preprocessing  INFO  Computing MDA (Random Forest)...
12:40:22  src.cpcv.preprocessing  INFO  Computing MDA (Logistic Regression)...
12:40:23  src.cpcv.preprocessing  INFO  Multi-model MDA: 27/73 passed (MDA > 0), 46 eliminated
12:40:23  src.cpcv.preprocessing  INFO    Capped at 14 features (top_k_frac=0.2)
12:40:23  src.cpcv.preprocessing  INFO    Selected (14): ['cci_14', 'copper_ret_14', 'ema_ratio_20_50', 'eth_btc_ratio', 'log_returns_lag3', 'net_exchange_flow', 'obv', 'oil_ret_14', 'sadf', 'skewness', 'smt_exp', 'vol_term_7_30', 'williams_r', 'yield_curve_2y10y']
12:40:23  src.cpcv.pipeline  INFO    Preprocessing: 14 features selected, train=518 + cal=130, test=288
12:40:23  src.cpcv.tuning  INFO  Tuning (2 models) — Optuna TPE + Purged K-Fold (inner: 3 folds, embargo=10 obs)
12:40:23  src.cpcv.tuning  INFO    [tuning] random_forest: 3 purged K-fold splits, 30 Optuna trials (TPE)
12:40:57  src.cpcv.tuning  INFO      random_forest: 29 completed, 1 pruned (of 30 total) — best log_loss=0.6785, params={'n_estimators': 100, 'max_depth': 4, 'min_samples_leaf': 18, 'max_features': 'sqrt'}
12:40:57  src.cpcv.tuning  INFO    [tuning] random_forest done in 33.8s — best log_loss=0.6785
12:40:57  src.cpcv.tuning  INFO    [tuning] xgboost: 3 purged K-fold splits, 30 Optuna trials (TPE)
12:41:01  src.cpcv.tuning  INFO      xgboost: 23 completed, 7 pruned (of 30 total) — best log_loss=0.6771, params={'max_depth': 2, 'learning_rate': 0.29809911697393243, 'min_child_weight': 24, 'subsample': 0.8566880772987617, 'colsample_bytree': 0.7045301052546397, 'gamma': 1.1871053016230258e-08, 'reg_alpha': 0.0001653282123997987, 'reg_lambda': 0.007483948702276168}
12:41:01  src.cpcv.tuning  INFO    [tuning] xgboost done in 4.0s — best log_loss=0.6771
12:41:01  src.cpcv.tuning  INFO  Tuning total: 37.8s
12:41:01  src.cpcv.pipeline  INFO      applied random_forest: {'n_estimators': 100, 'max_depth': 4, 'min_samples_leaf': 18, 'max_features': 'sqrt'}
12:41:01  src.cpcv.pipeline  INFO      applied xgboost: {'max_depth': 2, 'learning_rate': 0.29809911697393243, 'min_child_weight': 24, 'subsample': 0.8566880772987617, 'colsample_bytree': 0.7045301052546397, 'gamma': 1.1871053016230258e-08, 'reg_alpha': 0.0001653282123997987, 'reg_lambda': 0.007483948702276168}
12:41:02  src.cpcv.models.tree_models  INFO  RandomForest fitted: 518 samples, 14 features, 100 trees.
12:41:02  src.cpcv.pipeline  INFO    [ 97/168]        random_forest (seed=0) F1=0.482  AUC=0.507  LL=0.7040 (0.4s)
12:41:02  src.cpcv.models.tree_models  INFO  RandomForest fitted: 518 samples, 14 features, 100 trees.
12:41:02  src.cpcv.pipeline  INFO    [ 98/168]        random_forest (seed=1) F1=0.446  AUC=0.462  LL=0.7171 (0.3s)
12:41:02  src.cpcv.models.tree_models  INFO  RandomForest fitted: 518 samples, 14 features, 100 trees.
12:41:02  src.cpcv.pipeline  INFO    [ 99/168]        random_forest (seed=2) F1=0.477  AUC=0.486  LL=0.7006 (0.3s)
12:41:02  src.cpcv.models.tree_models  INFO  XGBoost fitted: 518 samples, early stopped at iteration 3/300.
12:41:02  src.cpcv.pipeline  INFO    [100/168]              xgboost (seed=0) F1=0.477  AUC=0.473  LL=0.7272 (0.0s)
12:41:02  src.cpcv.models.tree_models  INFO  XGBoost fitted: 518 samples, early stopped at iteration 13/300.
12:41:02  src.cpcv.pipeline  INFO    [101/168]              xgboost (seed=1) F1=0.495  AUC=0.465  LL=0.7208 (0.0s)
12:41:02  src.cpcv.models.tree_models  INFO  XGBoost fitted: 518 samples, early stopped at iteration 12/300.
12:41:02  src.cpcv.pipeline  INFO    [102/168]              xgboost (seed=2) F1=0.460  AUC=0.449  LL=0.7244 (0.1s)
12:41:03  src.cpcv.preprocessing  INFO  Computing MDA (Random Forest)...
12:41:27  src.cpcv.preprocessing  INFO  Computing MDA (Logistic Regression)...
12:41:28  src.cpcv.preprocessing  INFO  Multi-model MDA: 28/73 passed (MDA > 0), 45 eliminated
12:41:28  src.cpcv.preprocessing  INFO    Capped at 14 features (top_k_frac=0.2)
12:41:28  src.cpcv.preprocessing  INFO    Selected (14): ['bb_width', 'exchange_supply_pct', 'gold_ret_30', 'hurst', 'log_returns_lag1', 'log_returns_lag5', 'macd', 'macd_hist', 'mfi_14', 'oil_ret_14', 'rsi', 'us10y', 'vix', 'vol_term_30_90']
12:41:28  src.cpcv.pipeline  INFO    Preprocessing: 14 features selected, train=520 + cal=130, test=295
12:41:28  src.cpcv.tuning  INFO  Tuning (2 models) — Optuna TPE + Purged K-Fold (inner: 3 folds, embargo=10 obs)
12:41:28  src.cpcv.tuning  INFO    [tuning] random_forest: 3 purged K-fold splits, 30 Optuna trials (TPE)
12:42:05  src.cpcv.tuning  INFO      random_forest: 30 completed, 0 pruned (of 30 total) — best log_loss=0.6860, params={'n_estimators': 200, 'max_depth': 2, 'min_samples_leaf': 16, 'max_features': 'log2'}
12:42:05  src.cpcv.tuning  INFO    [tuning] random_forest done in 37.7s — best log_loss=0.6860
12:42:05  src.cpcv.tuning  INFO    [tuning] xgboost: 3 purged K-fold splits, 30 Optuna trials (TPE)
12:42:10  src.cpcv.tuning  INFO      xgboost: 26 completed, 4 pruned (of 30 total) — best log_loss=0.6767, params={'max_depth': 3, 'learning_rate': 0.11961081794123822, 'min_child_weight': 17, 'subsample': 0.6000765093059042, 'colsample_bytree': 0.6582981864728873, 'gamma': 0.028463644899835345, 'reg_alpha': 0.021050064002772782, 'reg_lambda': 0.005294806372307235}
12:42:10  src.cpcv.tuning  INFO    [tuning] xgboost done in 4.8s — best log_loss=0.6767
12:42:10  src.cpcv.tuning  INFO  Tuning total: 42.6s
12:42:10  src.cpcv.pipeline  INFO      applied random_forest: {'n_estimators': 200, 'max_depth': 2, 'min_samples_leaf': 16, 'max_features': 'log2'}
12:42:10  src.cpcv.pipeline  INFO      applied xgboost: {'max_depth': 3, 'learning_rate': 0.11961081794123822, 'min_child_weight': 17, 'subsample': 0.6000765093059042, 'colsample_bytree': 0.6582981864728873, 'gamma': 0.028463644899835345, 'reg_alpha': 0.021050064002772782, 'reg_lambda': 0.005294806372307235}
12:42:11  src.cpcv.models.tree_models  INFO  RandomForest fitted: 520 samples, 14 features, 200 trees.
12:42:11  src.cpcv.pipeline  INFO    [103/168]        random_forest (seed=0) F1=0.452  AUC=0.463  LL=0.7195 (0.6s)
12:42:11  src.cpcv.models.tree_models  INFO  RandomForest fitted: 520 samples, 14 features, 200 trees.
12:42:11  src.cpcv.pipeline  INFO    [104/168]        random_forest (seed=1) F1=0.416  AUC=0.470  LL=0.7135 (0.6s)
12:42:12  src.cpcv.models.tree_models  INFO  RandomForest fitted: 520 samples, 14 features, 200 trees.
12:42:12  src.cpcv.pipeline  INFO    [105/168]        random_forest (seed=2) F1=0.451  AUC=0.460  LL=0.7248 (0.6s)
12:42:12  src.cpcv.models.tree_models  INFO  XGBoost fitted: 520 samples, early stopped at iteration 55/300.
12:42:12  src.cpcv.pipeline  INFO    [106/168]              xgboost (seed=0) F1=0.509  AUC=0.509  LL=0.8103 (0.1s)
12:42:12  src.cpcv.models.tree_models  INFO  XGBoost fitted: 520 samples, early stopped at iteration 16/300.
12:42:12  src.cpcv.pipeline  INFO    [107/168]              xgboost (seed=1) F1=0.456  AUC=0.465  LL=0.7302 (0.1s)
12:42:12  src.cpcv.models.tree_models  INFO  XGBoost fitted: 520 samples, early stopped at iteration 1/300.
12:42:12  src.cpcv.pipeline  INFO    [108/168]              xgboost (seed=2) F1=0.354  AUC=0.453  LL=0.7055 (0.0s)
12:42:12  src.cpcv.preprocessing  INFO  Computing MDA (Random Forest)...
12:42:37  src.cpcv.preprocessing  INFO  Computing MDA (Logistic Regression)...
12:42:37  src.cpcv.preprocessing  INFO  Multi-model MDA: 45/73 passed (MDA > 0), 28 eliminated
12:42:37  src.cpcv.preprocessing  INFO    Capped at 14 features (top_k_frac=0.2)
12:42:37  src.cpcv.preprocessing  INFO    Selected (14): ['active_addr_roc_14', 'copper_ret_14', 'eth_btc_ratio', 'issuance_ntv', 'log_returns_lag1', 'log_returns_lag6', 'lz_complexity', 'macd_signal', 'mvrv', 'natgas_ret_30', 'negentropy', 'sp500_ret_30', 'stoch_k', 'vwma_ratio_20_50']
12:42:37  src.cpcv.pipeline  INFO    Preprocessing: 14 features selected, train=528 + cal=133, test=288
12:42:37  src.cpcv.tuning  INFO  Tuning (2 models) — Optuna TPE + Purged K-Fold (inner: 3 folds, embargo=10 obs)
12:42:37  src.cpcv.tuning  INFO    [tuning] random_forest: 3 purged K-fold splits, 30 Optuna trials (TPE)
12:43:19  src.cpcv.tuning  INFO      random_forest: 27 completed, 3 pruned (of 30 total) — best log_loss=0.6900, params={'n_estimators': 200, 'max_depth': 3, 'min_samples_leaf': 22, 'max_features': 'log2'}
12:43:19  src.cpcv.tuning  INFO    [tuning] random_forest done in 41.2s — best log_loss=0.6900
12:43:19  src.cpcv.tuning  INFO    [tuning] xgboost: 3 purged K-fold splits, 30 Optuna trials (TPE)
12:43:22  src.cpcv.tuning  INFO      xgboost: 20 completed, 10 pruned (of 30 total) — best log_loss=0.6845, params={'max_depth': 2, 'learning_rate': 0.1840510503860932, 'min_child_weight': 15, 'subsample': 0.9974937776346199, 'colsample_bytree': 0.9292963016090009, 'gamma': 2.0349672183091004e-06, 'reg_alpha': 2.190566680273739e-07, 'reg_lambda': 2.8381506681566224e-07}
12:43:22  src.cpcv.tuning  INFO    [tuning] xgboost done in 3.5s — best log_loss=0.6845
12:43:22  src.cpcv.tuning  INFO  Tuning total: 44.7s
12:43:22  src.cpcv.pipeline  INFO      applied random_forest: {'n_estimators': 200, 'max_depth': 3, 'min_samples_leaf': 22, 'max_features': 'log2'}
12:43:22  src.cpcv.pipeline  INFO      applied xgboost: {'max_depth': 2, 'learning_rate': 0.1840510503860932, 'min_child_weight': 15, 'subsample': 0.9974937776346199, 'colsample_bytree': 0.9292963016090009, 'gamma': 2.0349672183091004e-06, 'reg_alpha': 2.190566680273739e-07, 'reg_lambda': 2.8381506681566224e-07}
12:43:23  src.cpcv.models.tree_models  INFO  RandomForest fitted: 528 samples, 14 features, 200 trees.
12:43:23  src.cpcv.pipeline  INFO    [109/168]        random_forest (seed=0) F1=0.444  AUC=0.538  LL=0.6808 (0.6s)
12:43:23  src.cpcv.models.tree_models  INFO  RandomForest fitted: 528 samples, 14 features, 200 trees.
12:43:23  src.cpcv.pipeline  INFO    [110/168]        random_forest (seed=1) F1=0.481  AUC=0.546  LL=0.6796 (0.7s)
12:43:24  src.cpcv.models.tree_models  INFO  RandomForest fitted: 528 samples, 14 features, 200 trees.
12:43:24  src.cpcv.pipeline  INFO    [111/168]        random_forest (seed=2) F1=0.483  AUC=0.551  LL=0.6781 (0.6s)
12:43:24  src.cpcv.models.tree_models  INFO  XGBoost fitted: 528 samples, early stopped at iteration 11/300.
12:43:24  src.cpcv.pipeline  INFO    [112/168]              xgboost (seed=0) F1=0.517  AUC=0.544  LL=0.6848 (0.0s)
12:43:24  src.cpcv.models.tree_models  INFO  XGBoost fitted: 528 samples, early stopped at iteration 11/300.
12:43:24  src.cpcv.pipeline  INFO    [113/168]              xgboost (seed=1) F1=0.515  AUC=0.543  LL=0.6868 (0.1s)
12:43:24  src.cpcv.models.tree_models  INFO  XGBoost fitted: 528 samples, early stopped at iteration 16/300.
12:43:24  src.cpcv.pipeline  INFO    [114/168]              xgboost (seed=2) F1=0.504  AUC=0.547  LL=0.6827 (0.0s)
12:43:25  src.cpcv.preprocessing  INFO  Computing MDA (Random Forest)...
12:43:48  src.cpcv.preprocessing  INFO  Computing MDA (Logistic Regression)...
12:43:49  src.cpcv.preprocessing  INFO  Multi-model MDA: 38/73 passed (MDA > 0), 35 eliminated
12:43:49  src.cpcv.preprocessing  INFO    Capped at 14 features (top_k_frac=0.2)
12:43:49  src.cpcv.preprocessing  INFO    Selected (14): ['active_addr_roc_14', 'bb_width', 'jarque_bera', 'log_returns', 'macd_hist', 'nasdaq_ret_30', 'realized_vol', 'silver_ret_30', 'skewness', 'stoch_d', 'us10y', 'vix', 'vwma_ratio_20_50', 'yield_curve_10y30y']
12:43:49  src.cpcv.pipeline  INFO    Preprocessing: 14 features selected, train=518 + cal=130, test=288
12:43:49  src.cpcv.tuning  INFO  Tuning (2 models) — Optuna TPE + Purged K-Fold (inner: 3 folds, embargo=10 obs)
12:43:49  src.cpcv.tuning  INFO    [tuning] random_forest: 3 purged K-fold splits, 30 Optuna trials (TPE)
12:44:27  src.cpcv.tuning  INFO      random_forest: 16 completed, 14 pruned (of 30 total) — best log_loss=0.6883, params={'n_estimators': 150, 'max_depth': 2, 'min_samples_leaf': 15, 'max_features': 'log2'}
12:44:27  src.cpcv.tuning  INFO    [tuning] random_forest done in 38.1s — best log_loss=0.6883
12:44:27  src.cpcv.tuning  INFO    [tuning] xgboost: 3 purged K-fold splits, 30 Optuna trials (TPE)
12:44:31  src.cpcv.tuning  INFO      xgboost: 15 completed, 15 pruned (of 30 total) — best log_loss=0.6804, params={'max_depth': 1, 'learning_rate': 0.11959898419480831, 'min_child_weight': 5, 'subsample': 0.9554511080624742, 'colsample_bytree': 0.6560113273211748, 'gamma': 0.07513489194457715, 'reg_alpha': 1.1905621857627199e-05, 'reg_lambda': 0.00075574064475003}
12:44:31  src.cpcv.tuning  INFO    [tuning] xgboost done in 3.2s — best log_loss=0.6804
12:44:31  src.cpcv.tuning  INFO  Tuning total: 41.3s
12:44:31  src.cpcv.pipeline  INFO      applied random_forest: {'n_estimators': 150, 'max_depth': 2, 'min_samples_leaf': 15, 'max_features': 'log2'}
12:44:31  src.cpcv.pipeline  INFO      applied xgboost: {'max_depth': 1, 'learning_rate': 0.11959898419480831, 'min_child_weight': 5, 'subsample': 0.9554511080624742, 'colsample_bytree': 0.6560113273211748, 'gamma': 0.07513489194457715, 'reg_alpha': 1.1905621857627199e-05, 'reg_lambda': 0.00075574064475003}
12:44:31  src.cpcv.models.tree_models  INFO  RandomForest fitted: 518 samples, 14 features, 150 trees.
12:44:31  src.cpcv.pipeline  INFO    [115/168]        random_forest (seed=0) F1=0.521  AUC=0.571  LL=0.7391 (0.5s)
12:44:32  src.cpcv.models.tree_models  INFO  RandomForest fitted: 518 samples, 14 features, 150 trees.
12:44:32  src.cpcv.pipeline  INFO    [116/168]        random_forest (seed=1) F1=0.539  AUC=0.578  LL=0.7348 (0.4s)
12:44:32  src.cpcv.models.tree_models  INFO  RandomForest fitted: 518 samples, 14 features, 150 trees.
12:44:32  src.cpcv.pipeline  INFO    [117/168]        random_forest (seed=2) F1=0.503  AUC=0.576  LL=0.7263 (0.4s)
12:44:32  src.cpcv.models.tree_models  INFO  XGBoost fitted: 518 samples, early stopped at iteration 14/300.
12:44:32  src.cpcv.pipeline  INFO    [118/168]              xgboost (seed=0) F1=0.467  AUC=0.556  LL=0.7702 (0.0s)
12:44:32  src.cpcv.models.tree_models  INFO  XGBoost fitted: 518 samples, early stopped at iteration 26/300.
12:44:32  src.cpcv.pipeline  INFO    [119/168]              xgboost (seed=1) F1=0.497  AUC=0.558  LL=0.7859 (0.1s)
12:44:32  src.cpcv.models.tree_models  INFO  XGBoost fitted: 518 samples, early stopped at iteration 27/300.
12:44:32  src.cpcv.pipeline  INFO    [120/168]              xgboost (seed=2) F1=0.505  AUC=0.568  LL=0.7560 (0.1s)
12:44:33  src.cpcv.preprocessing  INFO  Computing MDA (Random Forest)...
12:44:57  src.cpcv.preprocessing  INFO  Computing MDA (Logistic Regression)...
12:44:58  src.cpcv.preprocessing  INFO  Multi-model MDA: 13/73 passed (MDA > 0), 60 eliminated
12:44:58  src.cpcv.preprocessing  INFO    Selected (13): ['bb_width', 'eth_btc_ratio', 'fee_per_tx', 'kurtosis', 'log_returns_lag30', 'log_returns_lag4', 'log_returns_lag5', 'nasdaq_ret_14', 'natgas_ret_14', 'skewness', 'us10y', 'variance_ratio', 'vol_term_7_30']
12:44:58  src.cpcv.pipeline  INFO    Preprocessing: 13 features selected, train=519 + cal=130, test=288
12:44:58  src.cpcv.tuning  INFO  Tuning (2 models) — Optuna TPE + Purged K-Fold (inner: 3 folds, embargo=10 obs)
12:44:58  src.cpcv.tuning  INFO    [tuning] random_forest: 3 purged K-fold splits, 30 Optuna trials (TPE)
12:45:31  src.cpcv.tuning  INFO      random_forest: 17 completed, 13 pruned (of 30 total) — best log_loss=0.6775, params={'n_estimators': 150, 'max_depth': 5, 'min_samples_leaf': 21, 'max_features': 'log2'}
12:45:31  src.cpcv.tuning  INFO    [tuning] random_forest done in 32.7s — best log_loss=0.6775
12:45:31  src.cpcv.tuning  INFO    [tuning] xgboost: 3 purged K-fold splits, 30 Optuna trials (TPE)
12:45:35  src.cpcv.tuning  INFO      xgboost: 23 completed, 7 pruned (of 30 total) — best log_loss=0.6745, params={'max_depth': 3, 'learning_rate': 0.06900760207074007, 'min_child_weight': 17, 'subsample': 0.7542944778801095, 'colsample_bytree': 0.6477639824328912, 'gamma': 1.7550734580534169e-07, 'reg_alpha': 4.298635999341283e-08, 'reg_lambda': 0.39264710438142236}
12:45:35  src.cpcv.tuning  INFO    [tuning] xgboost done in 4.5s — best log_loss=0.6745
12:45:35  src.cpcv.tuning  INFO  Tuning total: 37.1s
12:45:35  src.cpcv.pipeline  INFO      applied random_forest: {'n_estimators': 150, 'max_depth': 5, 'min_samples_leaf': 21, 'max_features': 'log2'}
12:45:35  src.cpcv.pipeline  INFO      applied xgboost: {'max_depth': 3, 'learning_rate': 0.06900760207074007, 'min_child_weight': 17, 'subsample': 0.7542944778801095, 'colsample_bytree': 0.6477639824328912, 'gamma': 1.7550734580534169e-07, 'reg_alpha': 4.298635999341283e-08, 'reg_lambda': 0.39264710438142236}
12:45:35  src.cpcv.models.tree_models  INFO  RandomForest fitted: 519 samples, 13 features, 150 trees.
12:45:35  src.cpcv.pipeline  INFO    [121/168]        random_forest (seed=0) F1=0.360  AUC=0.507  LL=0.6864 (0.5s)
12:45:36  src.cpcv.models.tree_models  INFO  RandomForest fitted: 519 samples, 13 features, 150 trees.
12:45:36  src.cpcv.pipeline  INFO    [122/168]        random_forest (seed=1) F1=0.417  AUC=0.502  LL=0.6960 (0.4s)
12:45:36  src.cpcv.models.tree_models  INFO  RandomForest fitted: 519 samples, 13 features, 150 trees.
12:45:36  src.cpcv.pipeline  INFO    [123/168]        random_forest (seed=2) F1=0.366  AUC=0.506  LL=0.6873 (0.5s)
12:45:36  src.cpcv.models.tree_models  INFO  XGBoost fitted: 519 samples, early stopped at iteration 2/300.
12:45:36  src.cpcv.pipeline  INFO    [124/168]              xgboost (seed=0) F1=0.426  AUC=0.525  LL=0.6876 (0.0s)
12:45:36  src.cpcv.models.tree_models  INFO  XGBoost fitted: 519 samples, early stopped at iteration 17/300.
12:45:36  src.cpcv.pipeline  INFO    [125/168]              xgboost (seed=1) F1=0.424  AUC=0.478  LL=0.6930 (0.1s)
12:45:37  src.cpcv.models.tree_models  INFO  XGBoost fitted: 519 samples, early stopped at iteration 0/300.
12:45:37  src.cpcv.pipeline  INFO    [126/168]              xgboost (seed=2) F1=0.508  AUC=0.506  LL=0.6871 (0.0s)
12:45:37  src.cpcv.preprocessing  INFO  Computing MDA (Random Forest)...
12:46:01  src.cpcv.preprocessing  INFO  Computing MDA (Logistic Regression)...
12:46:02  src.cpcv.preprocessing  INFO  Multi-model MDA: 33/73 passed (MDA > 0), 40 eliminated
12:46:02  src.cpcv.preprocessing  INFO    Capped at 14 features (top_k_frac=0.2)
12:46:02  src.cpcv.preprocessing  INFO    Selected (14): ['bb_width', 'copper_ret_14', 'ema_ratio_50_200', 'eth_btc_ratio', 'kurtosis', 'log_returns_lag4', 'macd', 'macd_hist', 'nasdaq_ret_14', 'net_exchange_flow', 'realized_vol', 'sp500_ret_30', 'us10y', 'us2y']
12:46:02  src.cpcv.pipeline  INFO    Preprocessing: 14 features selected, train=520 + cal=131, test=295
12:46:02  src.cpcv.tuning  INFO  Tuning (2 models) — Optuna TPE + Purged K-Fold (inner: 3 folds, embargo=10 obs)
12:46:02  src.cpcv.tuning  INFO    [tuning] random_forest: 3 purged K-fold splits, 30 Optuna trials (TPE)
12:46:42  src.cpcv.tuning  INFO      random_forest: 20 completed, 10 pruned (of 30 total) — best log_loss=0.6847, params={'n_estimators': 150, 'max_depth': 2, 'min_samples_leaf': 25, 'max_features': 'sqrt'}
12:46:42  src.cpcv.tuning  INFO    [tuning] random_forest done in 39.8s — best log_loss=0.6847
12:46:42  src.cpcv.tuning  INFO    [tuning] xgboost: 3 purged K-fold splits, 30 Optuna trials (TPE)
12:46:46  src.cpcv.tuning  INFO      xgboost: 21 completed, 9 pruned (of 30 total) — best log_loss=0.6755, params={'max_depth': 3, 'learning_rate': 0.05145907339135517, 'min_child_weight': 7, 'subsample': 0.8631025208565005, 'colsample_bytree': 0.7278572668952552, 'gamma': 0.00021995881877721432, 'reg_alpha': 1.4272804096494154, 'reg_lambda': 0.0004925531578091744}
12:46:46  src.cpcv.tuning  INFO    [tuning] xgboost done in 4.4s — best log_loss=0.6755
12:46:46  src.cpcv.tuning  INFO  Tuning total: 44.2s
12:46:46  src.cpcv.pipeline  INFO      applied random_forest: {'n_estimators': 150, 'max_depth': 2, 'min_samples_leaf': 25, 'max_features': 'sqrt'}
12:46:46  src.cpcv.pipeline  INFO      applied xgboost: {'max_depth': 3, 'learning_rate': 0.05145907339135517, 'min_child_weight': 7, 'subsample': 0.8631025208565005, 'colsample_bytree': 0.7278572668952552, 'gamma': 0.00021995881877721432, 'reg_alpha': 1.4272804096494154, 'reg_lambda': 0.0004925531578091744}
12:46:46  src.cpcv.models.tree_models  INFO  RandomForest fitted: 520 samples, 14 features, 150 trees.
12:46:47  src.cpcv.pipeline  INFO    [127/168]        random_forest (seed=0) F1=0.492  AUC=0.488  LL=0.7213 (0.5s)
12:46:47  src.cpcv.models.tree_models  INFO  RandomForest fitted: 520 samples, 14 features, 150 trees.
12:46:47  src.cpcv.pipeline  INFO    [128/168]        random_forest (seed=1) F1=0.489  AUC=0.479  LL=0.8123 (0.4s)
12:46:47  src.cpcv.models.tree_models  INFO  RandomForest fitted: 520 samples, 14 features, 150 trees.
12:46:47  src.cpcv.pipeline  INFO    [129/168]        random_forest (seed=2) F1=0.493  AUC=0.495  LL=0.7524 (0.4s)
12:46:47  src.cpcv.models.tree_models  INFO  XGBoost fitted: 520 samples, early stopped at iteration 3/300.
12:46:48  src.cpcv.pipeline  INFO    [130/168]              xgboost (seed=0) F1=0.422  AUC=0.496  LL=0.6942 (0.1s)
12:46:48  src.cpcv.models.tree_models  INFO  XGBoost fitted: 520 samples, early stopped at iteration 0/300.
12:46:48  src.cpcv.pipeline  INFO    [131/168]              xgboost (seed=1) F1=0.360  AUC=0.512  LL=0.6869 (0.0s)
12:46:48  src.cpcv.models.tree_models  INFO  XGBoost fitted: 520 samples, early stopped at iteration 0/300.
12:46:48  src.cpcv.pipeline  INFO    [132/168]              xgboost (seed=2) F1=0.360  AUC=0.507  LL=0.6869 (0.0s)
12:46:48  src.cpcv.preprocessing  INFO  Computing MDA (Random Forest)...
12:47:12  src.cpcv.preprocessing  INFO  Computing MDA (Logistic Regression)...
12:47:13  src.cpcv.preprocessing  INFO  Multi-model MDA: 31/73 passed (MDA > 0), 42 eliminated
12:47:13  src.cpcv.preprocessing  INFO    Capped at 14 features (top_k_frac=0.2)
12:47:13  src.cpcv.preprocessing  INFO    Selected (14): ['atr', 'bb_width', 'copper_ret_30', 'hashrate_roc_30', 'kurtosis', 'log_returns_lag5', 'nasdaq_ret_14', 'natgas_ret_30', 'roc_14', 'sadf', 'shannon_entropy', 'stoch_d', 'stoch_k', 'vol_term_7_30']
12:47:13  src.cpcv.pipeline  INFO    Preprocessing: 14 features selected, train=528 + cal=133, test=288
12:47:13  src.cpcv.tuning  INFO  Tuning (2 models) — Optuna TPE + Purged K-Fold (inner: 3 folds, embargo=10 obs)
12:47:13  src.cpcv.tuning  INFO    [tuning] random_forest: 3 purged K-fold splits, 30 Optuna trials (TPE)
12:47:53  src.cpcv.tuning  INFO      random_forest: 21 completed, 9 pruned (of 30 total) — best log_loss=0.6950, params={'n_estimators': 200, 'max_depth': 2, 'min_samples_leaf': 40, 'max_features': 'log2'}
12:47:53  src.cpcv.tuning  INFO    [tuning] random_forest done in 40.5s — best log_loss=0.6950
12:47:53  src.cpcv.tuning  INFO    [tuning] xgboost: 3 purged K-fold splits, 30 Optuna trials (TPE)
12:47:57  src.cpcv.tuning  INFO      xgboost: 17 completed, 13 pruned (of 30 total) — best log_loss=0.6890, params={'max_depth': 2, 'learning_rate': 0.27721310014878164, 'min_child_weight': 16, 'subsample': 0.7801346808520445, 'colsample_bytree': 0.8417854816527389, 'gamma': 0.032504960649774144, 'reg_alpha': 5.570233561542583e-07, 'reg_lambda': 0.0037143197736651617}
12:47:57  src.cpcv.tuning  INFO    [tuning] xgboost done in 3.1s — best log_loss=0.6890
12:47:57  src.cpcv.tuning  INFO  Tuning total: 43.6s
12:47:57  src.cpcv.pipeline  INFO      applied random_forest: {'n_estimators': 200, 'max_depth': 2, 'min_samples_leaf': 40, 'max_features': 'log2'}
12:47:57  src.cpcv.pipeline  INFO      applied xgboost: {'max_depth': 2, 'learning_rate': 0.27721310014878164, 'min_child_weight': 16, 'subsample': 0.7801346808520445, 'colsample_bytree': 0.8417854816527389, 'gamma': 0.032504960649774144, 'reg_alpha': 5.570233561542583e-07, 'reg_lambda': 0.0037143197736651617}
12:47:57  src.cpcv.models.tree_models  INFO  RandomForest fitted: 528 samples, 14 features, 200 trees.
12:47:57  src.cpcv.pipeline  INFO    [133/168]        random_forest (seed=0) F1=0.356  AUC=0.471  LL=0.6895 (0.6s)
12:47:58  src.cpcv.models.tree_models  INFO  RandomForest fitted: 528 samples, 14 features, 200 trees.
12:47:58  src.cpcv.pipeline  INFO    [134/168]        random_forest (seed=1) F1=0.502  AUC=0.486  LL=0.6931 (0.6s)
12:47:58  src.cpcv.models.tree_models  INFO  RandomForest fitted: 528 samples, 14 features, 200 trees.
12:47:58  src.cpcv.pipeline  INFO    [135/168]        random_forest (seed=2) F1=0.364  AUC=0.469  LL=0.6896 (0.5s)
12:47:58  src.cpcv.models.tree_models  INFO  XGBoost fitted: 528 samples, early stopped at iteration 3/300.
12:47:58  src.cpcv.pipeline  INFO    [136/168]              xgboost (seed=0) F1=0.400  AUC=0.517  LL=0.6877 (0.0s)
12:47:58  src.cpcv.models.tree_models  INFO  XGBoost fitted: 528 samples, early stopped at iteration 0/300.
12:47:58  src.cpcv.pipeline  INFO    [137/168]              xgboost (seed=1) F1=0.436  AUC=0.506  LL=0.6905 (0.0s)
12:47:58  src.cpcv.models.tree_models  INFO  XGBoost fitted: 528 samples, early stopped at iteration 0/300.
12:47:58  src.cpcv.pipeline  INFO    [138/168]              xgboost (seed=2) F1=0.356  AUC=0.517  LL=0.6872 (0.0s)
12:47:59  src.cpcv.preprocessing  INFO  Computing MDA (Random Forest)...
12:48:23  src.cpcv.preprocessing  INFO  Computing MDA (Logistic Regression)...
12:48:24  src.cpcv.preprocessing  INFO  Multi-model MDA: 28/73 passed (MDA > 0), 45 eliminated
12:48:24  src.cpcv.preprocessing  INFO    Capped at 14 features (top_k_frac=0.2)
12:48:24  src.cpcv.preprocessing  INFO    Selected (14): ['bb_width', 'cci_14', 'copper_ret_14', 'dxy_roc_30', 'eth_btc_ratio', 'log_returns_lag1', 'log_returns_lag30', 'log_returns_lag7', 'nasdaq_ret_30', 'sadf', 'vol_term_30_90', 'vol_term_7_30', 'vwma_ratio_20_50', 'yield_curve_10y30y']
12:48:24  src.cpcv.pipeline  INFO    Preprocessing: 14 features selected, train=519 + cal=130, test=288
12:48:24  src.cpcv.tuning  INFO  Tuning (2 models) — Optuna TPE + Purged K-Fold (inner: 3 folds, embargo=10 obs)
12:48:24  src.cpcv.tuning  INFO    [tuning] random_forest: 3 purged K-fold splits, 30 Optuna trials (TPE)
12:48:55  src.cpcv.tuning  INFO      random_forest: 22 completed, 8 pruned (of 30 total) — best log_loss=0.6793, params={'n_estimators': 100, 'max_depth': 5, 'min_samples_leaf': 18, 'max_features': 'sqrt'}
12:48:55  src.cpcv.tuning  INFO    [tuning] random_forest done in 31.7s — best log_loss=0.6793
12:48:55  src.cpcv.tuning  INFO    [tuning] xgboost: 3 purged K-fold splits, 30 Optuna trials (TPE)
12:49:00  src.cpcv.tuning  INFO      xgboost: 19 completed, 11 pruned (of 30 total) — best log_loss=0.6766, params={'max_depth': 1, 'learning_rate': 0.13539374224507444, 'min_child_weight': 14, 'subsample': 0.9558910163465087, 'colsample_bytree': 0.822093719071717, 'gamma': 1.1409624975244873e-05, 'reg_alpha': 0.00039848002101648726, 'reg_lambda': 7.792311273893377e-05}
12:49:00  src.cpcv.tuning  INFO    [tuning] xgboost done in 4.5s — best log_loss=0.6766
12:49:00  src.cpcv.tuning  INFO  Tuning total: 36.2s
12:49:00  src.cpcv.pipeline  INFO      applied random_forest: {'n_estimators': 100, 'max_depth': 5, 'min_samples_leaf': 18, 'max_features': 'sqrt'}
12:49:00  src.cpcv.pipeline  INFO      applied xgboost: {'max_depth': 1, 'learning_rate': 0.13539374224507444, 'min_child_weight': 14, 'subsample': 0.9558910163465087, 'colsample_bytree': 0.822093719071717, 'gamma': 1.1409624975244873e-05, 'reg_alpha': 0.00039848002101648726, 'reg_lambda': 7.792311273893377e-05}
12:49:00  src.cpcv.models.tree_models  INFO  RandomForest fitted: 519 samples, 14 features, 100 trees.
12:49:00  src.cpcv.pipeline  INFO    [139/168]        random_forest (seed=0) F1=0.392  AUC=0.483  LL=0.6878 (0.4s)
12:49:01  src.cpcv.models.tree_models  INFO  RandomForest fitted: 519 samples, 14 features, 100 trees.
12:49:01  src.cpcv.pipeline  INFO    [140/168]        random_forest (seed=1) F1=0.372  AUC=0.490  LL=0.6866 (0.3s)
12:49:01  src.cpcv.models.tree_models  INFO  RandomForest fitted: 519 samples, 14 features, 100 trees.
12:49:01  src.cpcv.pipeline  INFO    [141/168]        random_forest (seed=2) F1=0.419  AUC=0.505  LL=0.6851 (0.3s)
12:49:01  src.cpcv.models.tree_models  INFO  XGBoost fitted: 519 samples, early stopped at iteration 7/300.
12:49:01  src.cpcv.pipeline  INFO    [142/168]              xgboost (seed=0) F1=0.483  AUC=0.528  LL=0.6866 (0.0s)
12:49:01  src.cpcv.models.tree_models  INFO  XGBoost fitted: 519 samples, early stopped at iteration 8/300.
12:49:01  src.cpcv.pipeline  INFO    [143/168]              xgboost (seed=1) F1=0.523  AUC=0.525  LL=0.6887 (0.0s)
12:49:01  src.cpcv.models.tree_models  INFO  XGBoost fitted: 519 samples, early stopped at iteration 7/300.
12:49:01  src.cpcv.pipeline  INFO    [144/168]              xgboost (seed=2) F1=0.487  AUC=0.509  LL=0.6900 (0.0s)
12:49:01  src.cpcv.preprocessing  INFO  Computing MDA (Random Forest)...
12:49:25  src.cpcv.preprocessing  INFO  Computing MDA (Logistic Regression)...
12:49:26  src.cpcv.preprocessing  INFO  Multi-model MDA: 46/73 passed (MDA > 0), 27 eliminated
12:49:26  src.cpcv.preprocessing  INFO    Capped at 14 features (top_k_frac=0.2)
12:49:26  src.cpcv.preprocessing  INFO    Selected (14): ['bb_width', 'ema_ratio_50_200', 'exchange_supply_pct', 'hurst', 'issuance_ntv', 'log_returns_lag21', 'log_returns_lag4', 'natgas_ret_30', 'realized_vol', 'sadf', 'silver_ret_30', 'us2y', 'vwma_ratio_20_50', 'yield_curve_2y10y']
12:49:26  src.cpcv.pipeline  INFO    Preprocessing: 14 features selected, train=520 + cal=131, test=295
12:49:26  src.cpcv.tuning  INFO  Tuning (2 models) — Optuna TPE + Purged K-Fold (inner: 3 folds, embargo=10 obs)
12:49:26  src.cpcv.tuning  INFO    [tuning] random_forest: 3 purged K-fold splits, 30 Optuna trials (TPE)
12:50:03  src.cpcv.tuning  INFO      random_forest: 16 completed, 14 pruned (of 30 total) — best log_loss=0.6961, params={'n_estimators': 200, 'max_depth': 2, 'min_samples_leaf': 15, 'max_features': 'log2'}
12:50:03  src.cpcv.tuning  INFO    [tuning] random_forest done in 36.3s — best log_loss=0.6961
12:50:03  src.cpcv.tuning  INFO    [tuning] xgboost: 3 purged K-fold splits, 30 Optuna trials (TPE)
12:50:06  src.cpcv.tuning  INFO      xgboost: 27 completed, 3 pruned (of 30 total) — best log_loss=0.6880, params={'max_depth': 1, 'learning_rate': 0.08425252373834707, 'min_child_weight': 11, 'subsample': 0.6625890738087223, 'colsample_bytree': 0.6948682611758658, 'gamma': 0.00020446330180835597, 'reg_alpha': 5.4822945383195045e-06, 'reg_lambda': 0.00075574064475003}
12:50:06  src.cpcv.tuning  INFO    [tuning] xgboost done in 3.6s — best log_loss=0.6880
12:50:06  src.cpcv.tuning  INFO  Tuning total: 39.9s
12:50:06  src.cpcv.pipeline  INFO      applied random_forest: {'n_estimators': 200, 'max_depth': 2, 'min_samples_leaf': 15, 'max_features': 'log2'}
12:50:06  src.cpcv.pipeline  INFO      applied xgboost: {'max_depth': 1, 'learning_rate': 0.08425252373834707, 'min_child_weight': 11, 'subsample': 0.6625890738087223, 'colsample_bytree': 0.6948682611758658, 'gamma': 0.00020446330180835597, 'reg_alpha': 5.4822945383195045e-06, 'reg_lambda': 0.00075574064475003}
12:50:07  src.cpcv.models.tree_models  INFO  RandomForest fitted: 520 samples, 14 features, 200 trees.
12:50:07  src.cpcv.pipeline  INFO    [145/168]        random_forest (seed=0) F1=0.470  AUC=0.517  LL=0.6858 (0.6s)
12:50:07  src.cpcv.models.tree_models  INFO  RandomForest fitted: 520 samples, 14 features, 200 trees.
12:50:07  src.cpcv.pipeline  INFO    [146/168]        random_forest (seed=1) F1=0.486  AUC=0.516  LL=0.6863 (0.5s)
12:50:08  src.cpcv.models.tree_models  INFO  RandomForest fitted: 520 samples, 14 features, 200 trees.
12:50:08  src.cpcv.pipeline  INFO    [147/168]        random_forest (seed=2) F1=0.478  AUC=0.523  LL=0.6843 (0.6s)
12:50:08  src.cpcv.models.tree_models  INFO  XGBoost fitted: 520 samples, early stopped at iteration 2/300.
12:50:08  src.cpcv.pipeline  INFO    [148/168]              xgboost (seed=0) F1=0.366  AUC=0.531  LL=0.6844 (0.0s)
12:50:08  src.cpcv.models.tree_models  INFO  XGBoost fitted: 520 samples, early stopped at iteration 2/300.
12:50:08  src.cpcv.pipeline  INFO    [149/168]              xgboost (seed=1) F1=0.473  AUC=0.513  LL=0.6892 (0.0s)
12:50:08  src.cpcv.models.tree_models  INFO  XGBoost fitted: 520 samples, early stopped at iteration 2/300.
12:50:08  src.cpcv.pipeline  INFO    [150/168]              xgboost (seed=2) F1=0.505  AUC=0.519  LL=0.6871 (0.0s)
12:50:08  src.cpcv.preprocessing  INFO  Computing MDA (Random Forest)...
12:50:32  src.cpcv.preprocessing  INFO  Computing MDA (Logistic Regression)...
12:50:33  src.cpcv.preprocessing  INFO  Multi-model MDA: 12/73 passed (MDA > 0), 61 eliminated
12:50:33  src.cpcv.preprocessing  INFO    Selected (12): ['active_addr_roc_14', 'eth_btc_ratio', 'kurtosis', 'log_returns', 'log_returns_lag21', 'log_returns_lag30', 'natgas_ret_30', 'roc_14', 'silver_ret_14', 'smt_exp', 'us2y', 'vwma_ratio_20_50']
12:50:33  src.cpcv.pipeline  INFO    Preprocessing: 12 features selected, train=527 + cal=132, test=288
12:50:33  src.cpcv.tuning  INFO  Tuning (2 models) — Optuna TPE + Purged K-Fold (inner: 3 folds, embargo=10 obs)
12:50:33  src.cpcv.tuning  INFO    [tuning] random_forest: 3 purged K-fold splits, 30 Optuna trials (TPE)
12:51:17  src.cpcv.tuning  INFO      random_forest: 26 completed, 4 pruned (of 30 total) — best log_loss=0.6913, params={'n_estimators': 200, 'max_depth': 2, 'min_samples_leaf': 38, 'max_features': 'sqrt'}
12:51:17  src.cpcv.tuning  INFO    [tuning] random_forest done in 44.0s — best log_loss=0.6913
12:51:17  src.cpcv.tuning  INFO    [tuning] xgboost: 3 purged K-fold splits, 30 Optuna trials (TPE)
12:51:21  src.cpcv.tuning  INFO      xgboost: 15 completed, 15 pruned (of 30 total) — best log_loss=0.6854, params={'max_depth': 2, 'learning_rate': 0.29809911697393243, 'min_child_weight': 24, 'subsample': 0.8566880772987617, 'colsample_bytree': 0.6840099903683542, 'gamma': 1.1871053016230258e-08, 'reg_alpha': 0.0001653282123997987, 'reg_lambda': 0.025600492926887198}
12:51:21  src.cpcv.tuning  INFO    [tuning] xgboost done in 3.5s — best log_loss=0.6854
12:51:21  src.cpcv.tuning  INFO  Tuning total: 47.5s
12:51:21  src.cpcv.pipeline  INFO      applied random_forest: {'n_estimators': 200, 'max_depth': 2, 'min_samples_leaf': 38, 'max_features': 'sqrt'}
12:51:21  src.cpcv.pipeline  INFO      applied xgboost: {'max_depth': 2, 'learning_rate': 0.29809911697393243, 'min_child_weight': 24, 'subsample': 0.8566880772987617, 'colsample_bytree': 0.6840099903683542, 'gamma': 1.1871053016230258e-08, 'reg_alpha': 0.0001653282123997987, 'reg_lambda': 0.025600492926887198}
12:51:21  src.cpcv.models.tree_models  INFO  RandomForest fitted: 527 samples, 12 features, 200 trees.
12:51:22  src.cpcv.pipeline  INFO    [151/168]        random_forest (seed=0) F1=0.347  AUC=0.552  LL=0.6900 (0.7s)
12:51:22  src.cpcv.models.tree_models  INFO  RandomForest fitted: 527 samples, 12 features, 200 trees.
12:51:22  src.cpcv.pipeline  INFO    [152/168]        random_forest (seed=1) F1=0.414  AUC=0.538  LL=0.6888 (0.6s)
12:51:23  src.cpcv.models.tree_models  INFO  RandomForest fitted: 527 samples, 12 features, 200 trees.
12:51:23  src.cpcv.pipeline  INFO    [153/168]        random_forest (seed=2) F1=0.369  AUC=0.558  LL=0.6881 (0.6s)
12:51:23  src.cpcv.models.tree_models  INFO  XGBoost fitted: 527 samples, early stopped at iteration 0/300.
12:51:23  src.cpcv.pipeline  INFO    [154/168]              xgboost (seed=0) F1=0.347  AUC=0.544  LL=0.6904 (0.0s)
12:51:23  src.cpcv.models.tree_models  INFO  XGBoost fitted: 527 samples, early stopped at iteration 0/300.
12:51:23  src.cpcv.pipeline  INFO    [155/168]              xgboost (seed=1) F1=0.347  AUC=0.491  LL=0.6919 (0.0s)
12:51:23  src.cpcv.models.tree_models  INFO  XGBoost fitted: 527 samples, early stopped at iteration 6/300.
12:51:23  src.cpcv.pipeline  INFO    [156/168]              xgboost (seed=2) F1=0.363  AUC=0.561  LL=0.6879 (0.0s)
12:51:23  src.cpcv.preprocessing  INFO  Computing MDA (Random Forest)...
12:51:47  src.cpcv.preprocessing  INFO  Computing MDA (Logistic Regression)...
12:51:48  src.cpcv.preprocessing  INFO  Multi-model MDA: 44/73 passed (MDA > 0), 29 eliminated
12:51:48  src.cpcv.preprocessing  INFO    Capped at 14 features (top_k_frac=0.2)
12:51:48  src.cpcv.preprocessing  INFO    Selected (14): ['bb_width', 'exchange_supply_pct', 'gold_ret_30', 'kurtosis', 'log_returns_lag1', 'log_returns_lag3', 'log_returns_lag7', 'natgas_ret_14', 'natgas_ret_30', 'smt_poly1', 'us10y', 'us2y', 'yield_curve_10y30y', 'yield_curve_2y10y']
12:51:48  src.cpcv.pipeline  INFO    Preprocessing: 14 features selected, train=519 + cal=130, test=295
12:51:48  src.cpcv.tuning  INFO  Tuning (2 models) — Optuna TPE + Purged K-Fold (inner: 3 folds, embargo=10 obs)
12:51:48  src.cpcv.tuning  INFO    [tuning] random_forest: 3 purged K-fold splits, 30 Optuna trials (TPE)
12:52:20  src.cpcv.tuning  INFO      random_forest: 16 completed, 14 pruned (of 30 total) — best log_loss=0.6900, params={'n_estimators': 150, 'max_depth': 5, 'min_samples_leaf': 39, 'max_features': 'log2'}
12:52:20  src.cpcv.tuning  INFO    [tuning] random_forest done in 32.1s — best log_loss=0.6900
12:52:20  src.cpcv.tuning  INFO    [tuning] xgboost: 3 purged K-fold splits, 30 Optuna trials (TPE)
12:52:24  src.cpcv.tuning  INFO      xgboost: 10 completed, 20 pruned (of 30 total) — best log_loss=0.6764, params={'max_depth': 2, 'learning_rate': 0.2536999076681772, 'min_child_weight': 24, 'subsample': 0.8394633936788146, 'colsample_bytree': 0.6624074561769746, 'gamma': 1.7699302940633311e-07, 'reg_alpha': 3.3323645788192616e-08, 'reg_lambda': 0.6245760287469893}
12:52:24  src.cpcv.tuning  INFO    [tuning] xgboost done in 3.8s — best log_loss=0.6764
12:52:24  src.cpcv.tuning  INFO  Tuning total: 35.9s
12:52:24  src.cpcv.pipeline  INFO      applied random_forest: {'n_estimators': 150, 'max_depth': 5, 'min_samples_leaf': 39, 'max_features': 'log2'}
12:52:24  src.cpcv.pipeline  INFO      applied xgboost: {'max_depth': 2, 'learning_rate': 0.2536999076681772, 'min_child_weight': 24, 'subsample': 0.8394633936788146, 'colsample_bytree': 0.6624074561769746, 'gamma': 1.7699302940633311e-07, 'reg_alpha': 3.3323645788192616e-08, 'reg_lambda': 0.6245760287469893}
12:52:24  src.cpcv.models.tree_models  INFO  RandomForest fitted: 519 samples, 14 features, 150 trees.
12:52:24  src.cpcv.pipeline  INFO    [157/168]        random_forest (seed=0) F1=0.347  AUC=0.535  LL=0.6900 (0.5s)
12:52:25  src.cpcv.models.tree_models  INFO  RandomForest fitted: 519 samples, 14 features, 150 trees.
12:52:25  src.cpcv.pipeline  INFO    [158/168]        random_forest (seed=1) F1=0.347  AUC=0.529  LL=0.6906 (0.5s)
12:52:25  src.cpcv.models.tree_models  INFO  RandomForest fitted: 519 samples, 14 features, 150 trees.
12:52:25  src.cpcv.pipeline  INFO    [159/168]        random_forest (seed=2) F1=0.352  AUC=0.516  LL=0.6909 (0.5s)
12:52:25  src.cpcv.models.tree_models  INFO  XGBoost fitted: 519 samples, early stopped at iteration 6/300.
12:52:25  src.cpcv.pipeline  INFO    [160/168]              xgboost (seed=0) F1=0.467  AUC=0.522  LL=0.6913 (0.0s)
12:52:25  src.cpcv.models.tree_models  INFO  XGBoost fitted: 519 samples, early stopped at iteration 1/300.
12:52:25  src.cpcv.pipeline  INFO    [161/168]              xgboost (seed=1) F1=0.347  AUC=0.549  LL=0.6908 (0.0s)
12:52:25  src.cpcv.models.tree_models  INFO  XGBoost fitted: 519 samples, early stopped at iteration 1/300.
12:52:25  src.cpcv.pipeline  INFO    [162/168]              xgboost (seed=2) F1=0.347  AUC=0.492  LL=0.6948 (0.0s)
12:52:26  src.cpcv.preprocessing  INFO  Computing MDA (Random Forest)...
12:52:49  src.cpcv.preprocessing  INFO  Computing MDA (Logistic Regression)...
12:52:50  src.cpcv.preprocessing  INFO  Multi-model MDA: 32/73 passed (MDA > 0), 41 eliminated
12:52:50  src.cpcv.preprocessing  INFO    Capped at 14 features (top_k_frac=0.2)
12:52:50  src.cpcv.preprocessing  INFO    Selected (14): ['ema_ratio_50_200', 'eth_btc_ratio', 'exchange_supply_pct', 'gk_vol', 'gold_ret_14', 'log_returns_lag21', 'mfi_14', 'roc_14', 'sp500_ret_30', 'stoch_d', 'us10y', 'us2y', 'vol_term_7_30', 'yield_curve_10y30y']
12:52:50  src.cpcv.pipeline  INFO    Preprocessing: 14 features selected, train=531 + cal=133, test=295
12:52:50  src.cpcv.tuning  INFO  Tuning (2 models) — Optuna TPE + Purged K-Fold (inner: 3 folds, embargo=10 obs)
12:52:50  src.cpcv.tuning  INFO    [tuning] random_forest: 3 purged K-fold splits, 30 Optuna trials (TPE)
12:53:33  src.cpcv.tuning  INFO      random_forest: 30 completed, 0 pruned (of 30 total) — best log_loss=0.6780, params={'n_estimators': 150, 'max_depth': 5, 'min_samples_leaf': 25, 'max_features': 'log2'}
12:53:33  src.cpcv.tuning  INFO    [tuning] random_forest done in 42.9s — best log_loss=0.6780
12:53:33  src.cpcv.tuning  INFO    [tuning] xgboost: 3 purged K-fold splits, 30 Optuna trials (TPE)
12:53:37  src.cpcv.tuning  INFO      xgboost: 20 completed, 10 pruned (of 30 total) — best log_loss=0.6716, params={'max_depth': 2, 'learning_rate': 0.2924915194785409, 'min_child_weight': 8, 'subsample': 0.6762651064818739, 'colsample_bytree': 0.998490153762098, 'gamma': 5.469824151425598e-06, 'reg_alpha': 4.340290398807051e-05, 'reg_lambda': 6.797854605165363e-08}
12:53:37  src.cpcv.tuning  INFO    [tuning] xgboost done in 4.1s — best log_loss=0.6716
12:53:37  src.cpcv.tuning  INFO  Tuning total: 47.0s
12:53:37  src.cpcv.pipeline  INFO      applied random_forest: {'n_estimators': 150, 'max_depth': 5, 'min_samples_leaf': 25, 'max_features': 'log2'}
12:53:37  src.cpcv.pipeline  INFO      applied xgboost: {'max_depth': 2, 'learning_rate': 0.2924915194785409, 'min_child_weight': 8, 'subsample': 0.6762651064818739, 'colsample_bytree': 0.998490153762098, 'gamma': 5.469824151425598e-06, 'reg_alpha': 4.340290398807051e-05, 'reg_lambda': 6.797854605165363e-08}
12:53:38  src.cpcv.models.tree_models  INFO  RandomForest fitted: 531 samples, 14 features, 150 trees.
12:53:38  src.cpcv.pipeline  INFO    [163/168]        random_forest (seed=0) F1=0.436  AUC=0.463  LL=0.8182 (0.5s)
12:53:38  src.cpcv.models.tree_models  INFO  RandomForest fitted: 531 samples, 14 features, 150 trees.
12:53:38  src.cpcv.pipeline  INFO    [164/168]        random_forest (seed=1) F1=0.400  AUC=0.473  LL=0.8504 (0.5s)
12:53:38  src.cpcv.models.tree_models  INFO  RandomForest fitted: 531 samples, 14 features, 150 trees.
12:53:39  src.cpcv.pipeline  INFO    [165/168]        random_forest (seed=2) F1=0.396  AUC=0.483  LL=0.8348 (0.5s)
12:53:39  src.cpcv.models.tree_models  INFO  XGBoost fitted: 531 samples, early stopped at iteration 7/300.
12:53:39  src.cpcv.pipeline  INFO    [166/168]              xgboost (seed=0) F1=0.443  AUC=0.469  LL=0.8265 (0.0s)
12:53:39  src.cpcv.models.tree_models  INFO  XGBoost fitted: 531 samples, early stopped at iteration 16/300.
12:53:39  src.cpcv.pipeline  INFO    [167/168]              xgboost (seed=1) F1=0.317  AUC=0.450  LL=0.8473 (0.1s)
12:53:39  src.cpcv.models.tree_models  INFO  XGBoost fitted: 531 samples, early stopped at iteration 12/300.
12:53:39  src.cpcv.pipeline  INFO    [168/168]              xgboost (seed=2) F1=0.406  AUC=0.540  LL=0.7883 (0.1s)
12:53:39  src.cpcv.pipeline  INFO  ============================================================
12:53:39  src.cpcv.pipeline  INFO  CPCV Pipeline Complete
12:53:39  src.cpcv.pipeline  INFO  ============================================================
12:53:39  src.cpcv.pipeline  INFO    Total time:     1996.7s (33.3m)
12:53:39  src.cpcv.pipeline  INFO    Tasks:          168 succeeded, 0 failed
12:53:39  src.cpcv.pipeline  INFO    Results keys:   168 (model, split, seed) entries
12:53:39  src.cpcv.pipeline  INFO    Backtest paths: 7
12:53:39  src.cpcv.pipeline  INFO    Tuning:         nested (per-split), 28 splits tuned, models=['random_forest', 'xgboost']
12:53:39  src.cpcv.pipeline  INFO  ============================================================
12:53:39  src.cpcv.pipeline  INFO  ============================================================
12:53:39  src.cpcv.pipeline  INFO  CPCV Pipeline
12:53:39  src.cpcv.pipeline  INFO  ============================================================
12:53:39  src.cpcv.pipeline  INFO    Models:         ['lstm']
12:53:39  src.cpcv.pipeline  INFO    Seeds/fold:     3
12:53:39  src.cpcv.pipeline  INFO    Groups (N):     8
12:53:39  src.cpcv.pipeline  INFO    Test groups (k):2
12:53:39  src.cpcv.pipeline  INFO    Embargo:        1.0%
12:53:39  src.cpcv.pipeline  INFO    FFD columns:    ['atr']
12:53:39  src.cpcv.pipeline  INFO    Samples:        1159
12:53:39  src.cpcv.pipeline  INFO    Features:       73
12:53:39  src.cpcv.pipeline  INFO    Splits:         28, Paths: 7
12:53:39  src.cpcv.pipeline  INFO    Tuning:         NESTED (per-split) — ['lstm'] [30 trials]
12:53:39  src.cpcv.pipeline  INFO  ============================================================
12:53:39  src.cpcv.preprocessing  INFO  Computing MDA (Random Forest)...
12:54:08  src.cpcv.preprocessing  INFO  Computing MDA (Logistic Regression)...
12:54:09  src.cpcv.preprocessing  INFO  Multi-model MDA: 59/73 passed (MDA > 0), 14 eliminated
12:54:09  src.cpcv.preprocessing  INFO    Capped at 14 features (top_k_frac=0.2)
12:54:09  src.cpcv.preprocessing  INFO    Selected (14): ['eth_btc_ratio', 'exchange_supply_pct', 'gk_vol', 'gold_ret_30', 'jarque_bera', 'log_returns_lag1', 'log_returns_lag2', 'nasdaq_ret_14', 'natgas_ret_30', 'skewness', 'smt_exp', 'sp500_ret_14', 'us2y', 'variance_ratio']
12:54:09  src.cpcv.pipeline  INFO    Preprocessing: 14 features selected, train=688 + cal=172, test=89
12:54:09  src.cpcv.tuning  INFO  Tuning (1 model) — Optuna TPE + Purged K-Fold (inner: 3 folds, embargo=10 obs)
12:54:09  src.cpcv.tuning  INFO    [tuning] lstm: 3 purged K-fold splits, 30 Optuna trials (TPE)
12:55:00  src.cpcv.tuning  INFO      lstm: 24 completed, 6 pruned (of 30 total) — best log_loss=0.6871, params={'hidden_size': 16, 'dropout': 0.40128975761058877, 'learning_rate': 0.017359386391425775}
12:55:00  src.cpcv.tuning  INFO    [tuning] lstm done in 51.8s — best log_loss=0.6871
12:55:00  src.cpcv.tuning  INFO  Tuning total: 51.8s
12:55:00  src.cpcv.pipeline  INFO      applied lstm: {'hidden_size': 16, 'num_layers': 1, 'dropout': 0.40128975761058877, 'learning_rate': 0.017359386391425775}
12:55:01  src.cpcv.pipeline  INFO    [  1/84]                 lstm (seed=0) F1=0.387  AUC=0.557  LL=0.6615 (0.9s)
12:55:02  src.cpcv.pipeline  INFO    [  2/84]                 lstm (seed=1) F1=0.387  AUC=0.479  LL=0.6671 (0.9s)
12:55:03  src.cpcv.pipeline  INFO    [  3/84]                 lstm (seed=2) F1=0.482  AUC=0.502  LL=0.7621 (0.9s)
12:55:04  src.cpcv.preprocessing  INFO  Computing MDA (Random Forest)...
12:55:31  src.cpcv.preprocessing  INFO  Computing MDA (Logistic Regression)...
12:55:32  src.cpcv.preprocessing  INFO  Multi-model MDA: 47/73 passed (MDA > 0), 26 eliminated
12:55:32  src.cpcv.preprocessing  INFO    Capped at 14 features (top_k_frac=0.2)
12:55:32  src.cpcv.preprocessing  INFO    Selected (14): ['bb_width', 'dxy_roc_30', 'ema_ratio_50_200', 'fee_per_tx', 'gold_ret_30', 'log_returns', 'macd_hist', 'natgas_ret_14', 'roc_14', 'sadf', 'shannon_entropy', 'silver_ret_30', 'vol_term_7_30', 'yield_curve_2y10y']
12:55:32  src.cpcv.pipeline  INFO    Preprocessing: 14 features selected, train=643 + cal=161, test=144
12:55:32  src.cpcv.tuning  INFO  Tuning (1 model) — Optuna TPE + Purged K-Fold (inner: 3 folds, embargo=10 obs)
12:55:32  src.cpcv.tuning  INFO    [tuning] lstm: 3 purged K-fold splits, 30 Optuna trials (TPE)
12:56:16  src.cpcv.tuning  INFO      lstm: 11 completed, 19 pruned (of 30 total) — best log_loss=0.6932, params={'hidden_size': 32, 'dropout': 0.32463568795474307, 'learning_rate': 0.00020054885231551208}
12:56:16  src.cpcv.tuning  INFO    [tuning] lstm done in 44.1s — best log_loss=0.6932
12:56:16  src.cpcv.tuning  INFO  Tuning total: 44.1s
12:56:16  src.cpcv.pipeline  INFO      applied lstm: {'hidden_size': 32, 'num_layers': 1, 'dropout': 0.32463568795474307, 'learning_rate': 0.00020054885231551208}
12:56:19  src.cpcv.pipeline  INFO    [  4/84]                 lstm (seed=0) F1=0.353  AUC=0.551  LL=0.7416 (2.5s)
12:56:23  src.cpcv.pipeline  INFO    [  5/84]                 lstm (seed=1) F1=0.321  AUC=0.537  LL=0.7461 (4.1s)
12:56:27  src.cpcv.pipeline  INFO    [  6/84]                 lstm (seed=2) F1=0.353  AUC=0.445  LL=0.7679 (3.9s)
12:56:27  src.cpcv.preprocessing  INFO  Computing MDA (Random Forest)...
12:56:54  src.cpcv.preprocessing  INFO  Computing MDA (Logistic Regression)...
12:56:55  src.cpcv.preprocessing  INFO  Multi-model MDA: 26/73 passed (MDA > 0), 47 eliminated
12:56:55  src.cpcv.preprocessing  INFO    Capped at 14 features (top_k_frac=0.2)
12:56:55  src.cpcv.preprocessing  INFO    Selected (14): ['eth_btc_ratio', 'exchange_supply_pct', 'gold_ret_14', 'gold_ret_30', 'log_returns_lag1', 'log_returns_lag21', 'log_returns_lag4', 'log_returns_lag7', 'negentropy', 'obv', 'rsi', 'skewness', 'sp500_ret_30', 'stoch_d']
12:56:55  src.cpcv.pipeline  INFO    Preprocessing: 14 features selected, train=644 + cal=161, test=144
12:56:55  src.cpcv.tuning  INFO  Tuning (1 model) — Optuna TPE + Purged K-Fold (inner: 3 folds, embargo=10 obs)
12:56:55  src.cpcv.tuning  INFO    [tuning] lstm: 3 purged K-fold splits, 30 Optuna trials (TPE)
12:57:43  src.cpcv.tuning  INFO      lstm: 14 completed, 16 pruned (of 30 total) — best log_loss=0.6807, params={'hidden_size': 16, 'dropout': 0.43621487669132475, 'learning_rate': 0.03358991126445812}
12:57:43  src.cpcv.tuning  INFO    [tuning] lstm done in 47.3s — best log_loss=0.6807
12:57:43  src.cpcv.tuning  INFO  Tuning total: 47.3s
12:57:43  src.cpcv.pipeline  INFO      applied lstm: {'hidden_size': 16, 'num_layers': 1, 'dropout': 0.43621487669132475, 'learning_rate': 0.03358991126445812}
12:57:44  src.cpcv.pipeline  INFO    [  7/84]                 lstm (seed=0) F1=0.396  AUC=0.447  LL=0.7002 (1.4s)
12:57:45  src.cpcv.pipeline  INFO    [  8/84]                 lstm (seed=1) F1=0.358  AUC=0.365  LL=0.6997 (1.1s)
12:57:46  src.cpcv.pipeline  INFO    [  9/84]                 lstm (seed=2) F1=0.358  AUC=0.459  LL=0.6869 (0.9s)
12:57:46  src.cpcv.preprocessing  INFO  Computing MDA (Random Forest)...
12:58:14  src.cpcv.preprocessing  INFO  Computing MDA (Logistic Regression)...
12:58:15  src.cpcv.preprocessing  INFO  Multi-model MDA: 18/73 passed (MDA > 0), 55 eliminated
12:58:15  src.cpcv.preprocessing  INFO    Capped at 14 features (top_k_frac=0.2)
12:58:15  src.cpcv.preprocessing  INFO    Selected (14): ['bb_width', 'eth_btc_ratio', 'jarque_bera', 'log_returns_lag21', 'log_returns_lag5', 'log_returns_lag6', 'macd_hist', 'mfi_14', 'mvrv', 'sadf', 'shannon_entropy', 'skewness', 'variance_ratio', 'vix']
12:58:15  src.cpcv.pipeline  INFO    Preprocessing: 14 features selected, train=644 + cal=161, test=144
12:58:15  src.cpcv.tuning  INFO  Tuning (1 model) — Optuna TPE + Purged K-Fold (inner: 3 folds, embargo=10 obs)
12:58:15  src.cpcv.tuning  INFO    [tuning] lstm: 3 purged K-fold splits, 30 Optuna trials (TPE)
12:59:03  src.cpcv.tuning  INFO      lstm: 29 completed, 1 pruned (of 30 total) — best log_loss=0.6855, params={'hidden_size': 16, 'dropout': 0.387352152856701, 'learning_rate': 0.040712724289545615}
12:59:03  src.cpcv.tuning  INFO    [tuning] lstm done in 47.9s — best log_loss=0.6855
12:59:03  src.cpcv.tuning  INFO  Tuning total: 47.9s
12:59:03  src.cpcv.pipeline  INFO      applied lstm: {'hidden_size': 16, 'num_layers': 1, 'dropout': 0.387352152856701, 'learning_rate': 0.040712724289545615}
12:59:04  src.cpcv.pipeline  INFO    [ 10/84]                 lstm (seed=0) F1=0.376  AUC=0.573  LL=0.6753 (0.9s)
12:59:05  src.cpcv.pipeline  INFO    [ 11/84]                 lstm (seed=1) F1=0.491  AUC=0.564  LL=0.6694 (0.9s)
12:59:06  src.cpcv.pipeline  INFO    [ 12/84]                 lstm (seed=2) F1=0.473  AUC=0.607  LL=0.6569 (1.3s)
12:59:07  src.cpcv.preprocessing  INFO  Computing MDA (Random Forest)...
12:59:34  src.cpcv.preprocessing  INFO  Computing MDA (Logistic Regression)...
12:59:36  src.cpcv.preprocessing  INFO  Multi-model MDA: 11/73 passed (MDA > 0), 62 eliminated
12:59:36  src.cpcv.preprocessing  INFO    Selected (11): ['bb_width', 'copper_ret_30', 'eth_btc_ratio', 'exchange_supply_pct', 'mvrv', 'nasdaq_ret_14', 'rsi', 'silver_ret_14', 'skewness', 'vix', 'williams_r']
12:59:36  src.cpcv.pipeline  INFO    Preprocessing: 11 features selected, train=642 + cal=161, test=144
12:59:36  src.cpcv.tuning  INFO  Tuning (1 model) — Optuna TPE + Purged K-Fold (inner: 3 folds, embargo=10 obs)
12:59:36  src.cpcv.tuning  INFO    [tuning] lstm: 3 purged K-fold splits, 30 Optuna trials (TPE)
13:00:14  src.cpcv.tuning  INFO      lstm: 12 completed, 18 pruned (of 30 total) — best log_loss=0.6943, params={'hidden_size': 32, 'dropout': 0.31773520212907713, 'learning_rate': 0.04492804320059423}
13:00:14  src.cpcv.tuning  INFO    [tuning] lstm done in 38.2s — best log_loss=0.6943
13:00:14  src.cpcv.tuning  INFO  Tuning total: 38.2s
13:00:14  src.cpcv.pipeline  INFO      applied lstm: {'hidden_size': 32, 'num_layers': 1, 'dropout': 0.31773520212907713, 'learning_rate': 0.04492804320059423}
13:00:15  src.cpcv.pipeline  INFO    [ 13/84]                 lstm (seed=0) F1=0.456  AUC=0.497  LL=0.7822 (1.5s)
13:00:17  src.cpcv.pipeline  INFO    [ 14/84]                 lstm (seed=1) F1=0.325  AUC=0.518  LL=0.7046 (1.4s)
13:00:18  src.cpcv.pipeline  INFO    [ 15/84]                 lstm (seed=2) F1=0.383  AUC=0.503  LL=0.7008 (1.6s)
13:00:19  src.cpcv.preprocessing  INFO  Computing MDA (Random Forest)...
13:00:46  src.cpcv.preprocessing  INFO  Computing MDA (Logistic Regression)...
13:00:47  src.cpcv.preprocessing  INFO  Multi-model MDA: 6/73 passed (MDA > 0), 67 eliminated
13:00:47  src.cpcv.preprocessing  INFO    Selected (6): ['ema_ratio_50_200', 'eth_btc_ratio', 'jarque_bera', 'kurtosis', 'skewness', 'sp500_ret_14']
13:00:47  src.cpcv.pipeline  INFO    Preprocessing: 6 features selected, train=643 + cal=161, test=144
13:00:47  src.cpcv.tuning  INFO  Tuning (1 model) — Optuna TPE + Purged K-Fold (inner: 3 folds, embargo=10 obs)
13:00:47  src.cpcv.tuning  INFO    [tuning] lstm: 3 purged K-fold splits, 30 Optuna trials (TPE)
13:01:38  src.cpcv.tuning  INFO      lstm: 23 completed, 7 pruned (of 30 total) — best log_loss=0.6702, params={'hidden_size': 32, 'dropout': 0.18562385697799177, 'learning_rate': 0.003821688550059677}
13:01:38  src.cpcv.tuning  INFO    [tuning] lstm done in 50.6s — best log_loss=0.6702
13:01:38  src.cpcv.tuning  INFO  Tuning total: 50.6s
13:01:38  src.cpcv.pipeline  INFO      applied lstm: {'hidden_size': 32, 'num_layers': 1, 'dropout': 0.18562385697799177, 'learning_rate': 0.003821688550059677}
13:01:39  src.cpcv.pipeline  INFO    [ 16/84]                 lstm (seed=0) F1=0.595  AUC=0.575  LL=0.6942 (1.4s)
13:01:41  src.cpcv.pipeline  INFO    [ 17/84]                 lstm (seed=1) F1=0.542  AUC=0.566  LL=0.7489 (2.2s)
13:01:43  src.cpcv.pipeline  INFO    [ 18/84]                 lstm (seed=2) F1=0.556  AUC=0.559  LL=0.7135 (1.6s)
13:01:43  src.cpcv.preprocessing  INFO  Computing MDA (Random Forest)...
13:02:12  src.cpcv.preprocessing  INFO  Computing MDA (Logistic Regression)...
13:02:13  src.cpcv.preprocessing  INFO  Multi-model MDA: 26/73 passed (MDA > 0), 47 eliminated
13:02:13  src.cpcv.preprocessing  INFO    Capped at 14 features (top_k_frac=0.2)
13:02:13  src.cpcv.preprocessing  INFO    Selected (14): ['bb_width', 'gold_ret_14', 'kurtosis', 'log_returns_lag14', 'log_returns_lag4', 'log_returns_lag5', 'log_returns_lag6', 'macd_hist', 'mfi_14', 'natgas_ret_30', 'oil_ret_14', 'skewness', 'variance_ratio', 'vol_term_30_90']
13:02:13  src.cpcv.pipeline  INFO    Preprocessing: 14 features selected, train=644 + cal=162, test=151
13:02:13  src.cpcv.tuning  INFO  Tuning (1 model) — Optuna TPE + Purged K-Fold (inner: 3 folds, embargo=10 obs)
13:02:13  src.cpcv.tuning  INFO    [tuning] lstm: 3 purged K-fold splits, 30 Optuna trials (TPE)
13:02:53  src.cpcv.tuning  INFO      lstm: 14 completed, 16 pruned (of 30 total) — best log_loss=0.6842, params={'hidden_size': 16, 'dropout': 0.4586839228365204, 'learning_rate': 0.030246123747764198}
13:02:53  src.cpcv.tuning  INFO    [tuning] lstm done in 40.0s — best log_loss=0.6842
13:02:53  src.cpcv.tuning  INFO  Tuning total: 40.0s
13:02:53  src.cpcv.pipeline  INFO      applied lstm: {'hidden_size': 16, 'num_layers': 1, 'dropout': 0.4586839228365204, 'learning_rate': 0.030246123747764198}
13:02:54  src.cpcv.pipeline  INFO    [ 19/84]                 lstm (seed=0) F1=0.379  AUC=0.565  LL=0.6846 (1.0s)
13:02:55  src.cpcv.pipeline  INFO    [ 20/84]                 lstm (seed=1) F1=0.363  AUC=0.549  LL=0.6854 (0.8s)
13:02:56  src.cpcv.pipeline  INFO    [ 21/84]                 lstm (seed=2) F1=0.492  AUC=0.508  LL=0.7225 (1.2s)
13:02:56  src.cpcv.preprocessing  INFO  Computing MDA (Random Forest)...
13:03:20  src.cpcv.preprocessing  INFO  Computing MDA (Logistic Regression)...
13:03:21  src.cpcv.preprocessing  INFO  Multi-model MDA: 66/73 passed (MDA > 0), 7 eliminated
13:03:21  src.cpcv.preprocessing  INFO    Capped at 14 features (top_k_frac=0.2)
13:03:21  src.cpcv.preprocessing  INFO    Selected (14): ['bb_width', 'dxy_roc_30', 'log_returns_lag30', 'macd_hist', 'nasdaq_ret_14', 'net_exchange_flow', 'oil_ret_14', 'realized_vol', 'sadf', 'silver_ret_30', 'sp500_ret_14', 'stoch_k', 'vwma_ratio_20_50', 'yield_curve_2y10y']
13:03:21  src.cpcv.pipeline  INFO    Preprocessing: 14 features selected, train=572 + cal=144, test=233
13:03:21  src.cpcv.tuning  INFO  Tuning (1 model) — Optuna TPE + Purged K-Fold (inner: 3 folds, embargo=10 obs)
13:03:21  src.cpcv.tuning  INFO    [tuning] lstm: 3 purged K-fold splits, 30 Optuna trials (TPE)
13:04:04  src.cpcv.tuning  INFO      lstm: 13 completed, 17 pruned (of 30 total) — best log_loss=0.6961, params={'hidden_size': 16, 'dropout': 0.4657522852506555, 'learning_rate': 0.0033775381142119947}
13:04:04  src.cpcv.tuning  INFO    [tuning] lstm done in 43.3s — best log_loss=0.6961
13:04:04  src.cpcv.tuning  INFO  Tuning total: 43.3s
13:04:04  src.cpcv.pipeline  INFO      applied lstm: {'hidden_size': 16, 'num_layers': 1, 'dropout': 0.4657522852506555, 'learning_rate': 0.0033775381142119947}
13:04:06  src.cpcv.pipeline  INFO    [ 22/84]                 lstm (seed=0) F1=0.480  AUC=0.527  LL=0.8114 (1.4s)
13:04:07  src.cpcv.pipeline  INFO    [ 23/84]                 lstm (seed=1) F1=0.451  AUC=0.530  LL=0.7363 (1.0s)
13:04:08  src.cpcv.pipeline  INFO    [ 24/84]                 lstm (seed=2) F1=0.337  AUC=0.483  LL=0.7723 (0.9s)
13:04:08  src.cpcv.preprocessing  INFO  Computing MDA (Random Forest)...
13:04:32  src.cpcv.preprocessing  INFO  Computing MDA (Logistic Regression)...
13:04:33  src.cpcv.preprocessing  INFO  Multi-model MDA: 43/73 passed (MDA > 0), 30 eliminated
13:04:33  src.cpcv.preprocessing  INFO    Capped at 14 features (top_k_frac=0.2)
13:04:33  src.cpcv.preprocessing  INFO    Selected (14): ['atr', 'cci_14', 'copper_ret_14', 'dxy_roc_30', 'eth_btc_ratio', 'jarque_bera', 'log_returns_lag1', 'log_returns_lag2', 'log_returns_lag6', 'macd_signal', 'shannon_entropy', 'skewness', 'stoch_d', 'variance_ratio']
13:04:33  src.cpcv.pipeline  INFO    Preprocessing: 14 features selected, train=564 + cal=141, test=233
13:04:33  src.cpcv.tuning  INFO  Tuning (1 model) — Optuna TPE + Purged K-Fold (inner: 3 folds, embargo=10 obs)
13:04:33  src.cpcv.tuning  INFO    [tuning] lstm: 3 purged K-fold splits, 30 Optuna trials (TPE)
13:05:10  src.cpcv.tuning  INFO      lstm: 13 completed, 17 pruned (of 30 total) — best log_loss=0.6910, params={'hidden_size': 16, 'dropout': 0.42896886295628667, 'learning_rate': 0.049339112711361634}
13:05:10  src.cpcv.tuning  INFO    [tuning] lstm done in 37.0s — best log_loss=0.6910
13:05:10  src.cpcv.tuning  INFO  Tuning total: 37.0s
13:05:10  src.cpcv.pipeline  INFO      applied lstm: {'hidden_size': 16, 'num_layers': 1, 'dropout': 0.42896886295628667, 'learning_rate': 0.049339112711361634}
13:05:11  src.cpcv.pipeline  INFO    [ 25/84]                 lstm (seed=0) F1=0.580  AUC=0.584  LL=0.6752 (0.9s)
13:05:12  src.cpcv.pipeline  INFO    [ 26/84]                 lstm (seed=1) F1=0.428  AUC=0.407  LL=0.6899 (0.8s)
13:05:13  src.cpcv.pipeline  INFO    [ 27/84]                 lstm (seed=2) F1=0.520  AUC=0.502  LL=0.7157 (0.9s)
13:05:13  src.cpcv.preprocessing  INFO  Computing MDA (Random Forest)...
13:05:38  src.cpcv.preprocessing  INFO  Computing MDA (Logistic Regression)...
13:05:39  src.cpcv.preprocessing  INFO  Multi-model MDA: 30/73 passed (MDA > 0), 43 eliminated
13:05:39  src.cpcv.preprocessing  INFO    Capped at 14 features (top_k_frac=0.2)
13:05:39  src.cpcv.preprocessing  INFO    Selected (14): ['chaikin_osc', 'ema_ratio_50_200', 'eth_btc_ratio', 'gk_vol', 'gold_ret_14', 'jarque_bera', 'log_returns_lag21', 'macd', 'macd_hist', 'natgas_ret_30', 'sp500_ret_30', 'us2y', 'vwma_ratio_20_50', 'yield_curve_2y10y']
13:05:39  src.cpcv.pipeline  INFO    Preprocessing: 14 features selected, train=564 + cal=141, test=233
13:05:39  src.cpcv.tuning  INFO  Tuning (1 model) — Optuna TPE + Purged K-Fold (inner: 3 folds, embargo=10 obs)
13:05:39  src.cpcv.tuning  INFO    [tuning] lstm: 3 purged K-fold splits, 30 Optuna trials (TPE)
13:06:14  src.cpcv.tuning  INFO      lstm: 17 completed, 13 pruned (of 30 total) — best log_loss=0.6791, params={'hidden_size': 16, 'dropout': 0.2748548674731519, 'learning_rate': 0.03304388873098822}
13:06:14  src.cpcv.tuning  INFO    [tuning] lstm done in 35.1s — best log_loss=0.6791
13:06:14  src.cpcv.tuning  INFO  Tuning total: 35.1s
13:06:14  src.cpcv.pipeline  INFO      applied lstm: {'hidden_size': 16, 'num_layers': 1, 'dropout': 0.2748548674731519, 'learning_rate': 0.03304388873098822}
13:06:15  src.cpcv.pipeline  INFO    [ 28/84]                 lstm (seed=0) F1=0.379  AUC=0.460  LL=0.6800 (0.7s)
13:06:15  src.cpcv.pipeline  INFO    [ 29/84]                 lstm (seed=1) F1=0.435  AUC=0.512  LL=0.6715 (0.7s)
13:06:16  src.cpcv.pipeline  INFO    [ 30/84]                 lstm (seed=2) F1=0.523  AUC=0.581  LL=0.7041 (0.8s)
13:06:16  src.cpcv.preprocessing  INFO  Computing MDA (Random Forest)...
13:06:41  src.cpcv.preprocessing  INFO  Computing MDA (Logistic Regression)...
13:06:42  src.cpcv.preprocessing  INFO  Multi-model MDA: 25/73 passed (MDA > 0), 48 eliminated
13:06:42  src.cpcv.preprocessing  INFO    Capped at 14 features (top_k_frac=0.2)
13:06:42  src.cpcv.preprocessing  INFO    Selected (14): ['active_addr_roc_14', 'chaikin_osc', 'fee_per_tx', 'gk_vol', 'hashrate_roc_30', 'log_returns_lag1', 'log_returns_lag5', 'log_returns_lag7', 'macd_hist', 'mfi_14', 'net_exchange_flow', 'sp500_ret_14', 'stoch_k', 'vol_term_30_90']
13:06:42  src.cpcv.pipeline  INFO    Preprocessing: 14 features selected, train=562 + cal=141, test=233
13:06:42  src.cpcv.tuning  INFO  Tuning (1 model) — Optuna TPE + Purged K-Fold (inner: 3 folds, embargo=10 obs)
13:06:42  src.cpcv.tuning  INFO    [tuning] lstm: 3 purged K-fold splits, 30 Optuna trials (TPE)
13:07:31  src.cpcv.tuning  INFO      lstm: 25 completed, 5 pruned (of 30 total) — best log_loss=0.6841, params={'hidden_size': 32, 'dropout': 0.26557530962769244, 'learning_rate': 0.0015881714862287172}
13:07:31  src.cpcv.tuning  INFO    [tuning] lstm done in 48.8s — best log_loss=0.6841
13:07:31  src.cpcv.tuning  INFO  Tuning total: 48.8s
13:07:31  src.cpcv.pipeline  INFO      applied lstm: {'hidden_size': 32, 'num_layers': 1, 'dropout': 0.26557530962769244, 'learning_rate': 0.0015881714862287172}
13:07:32  src.cpcv.pipeline  INFO    [ 31/84]                 lstm (seed=0) F1=0.461  AUC=0.475  LL=0.7025 (0.9s)
13:07:33  src.cpcv.pipeline  INFO    [ 32/84]                 lstm (seed=1) F1=0.424  AUC=0.526  LL=0.6889 (1.2s)
13:07:34  src.cpcv.pipeline  INFO    [ 33/84]                 lstm (seed=2) F1=0.392  AUC=0.451  LL=0.7306 (1.1s)
13:07:34  src.cpcv.preprocessing  INFO  Computing MDA (Random Forest)...
13:07:59  src.cpcv.preprocessing  INFO  Computing MDA (Logistic Regression)...
13:08:00  src.cpcv.preprocessing  INFO  Multi-model MDA: 32/73 passed (MDA > 0), 41 eliminated
13:08:00  src.cpcv.preprocessing  INFO    Capped at 14 features (top_k_frac=0.2)
13:08:00  src.cpcv.preprocessing  INFO    Selected (14): ['bb_width', 'copper_ret_14', 'copper_ret_30', 'dxy_roc_30', 'ema_ratio_20_50', 'eth_btc_ratio', 'fee_per_tx', 'log_returns_lag2', 'log_returns_lag7', 'macd_signal', 'mvrv', 'skewness', 'us2y', 'vix']
13:08:00  src.cpcv.pipeline  INFO    Preprocessing: 14 features selected, train=563 + cal=141, test=233
13:08:00  src.cpcv.tuning  INFO  Tuning (1 model) — Optuna TPE + Purged K-Fold (inner: 3 folds, embargo=10 obs)
13:08:00  src.cpcv.tuning  INFO    [tuning] lstm: 3 purged K-fold splits, 30 Optuna trials (TPE)
13:08:32  src.cpcv.tuning  INFO      lstm: 12 completed, 18 pruned (of 30 total) — best log_loss=0.6909, params={'hidden_size': 32, 'dropout': 0.49355626757736387, 'learning_rate': 0.033251206284778526}
13:08:32  src.cpcv.tuning  INFO    [tuning] lstm done in 31.6s — best log_loss=0.6909
13:08:32  src.cpcv.tuning  INFO  Tuning total: 31.6s
13:08:32  src.cpcv.pipeline  INFO      applied lstm: {'hidden_size': 32, 'num_layers': 1, 'dropout': 0.49355626757736387, 'learning_rate': 0.033251206284778526}
13:08:33  src.cpcv.pipeline  INFO    [ 34/84]                 lstm (seed=0) F1=0.452  AUC=0.498  LL=0.7083 (0.8s)
13:08:34  src.cpcv.pipeline  INFO    [ 35/84]                 lstm (seed=1) F1=0.490  AUC=0.479  LL=0.8118 (1.0s)
13:08:35  src.cpcv.pipeline  INFO    [ 36/84]                 lstm (seed=2) F1=0.427  AUC=0.489  LL=0.7196 (1.0s)
13:08:35  src.cpcv.preprocessing  INFO  Computing MDA (Random Forest)...
13:08:59  src.cpcv.preprocessing  INFO  Computing MDA (Logistic Regression)...
13:09:00  src.cpcv.preprocessing  INFO  Multi-model MDA: 51/73 passed (MDA > 0), 22 eliminated
13:09:00  src.cpcv.preprocessing  INFO    Capped at 14 features (top_k_frac=0.2)
13:09:00  src.cpcv.preprocessing  INFO    Selected (14): ['copper_ret_14', 'eth_btc_ratio', 'gk_vol', 'kurtosis', 'log_returns', 'log_returns_lag21', 'log_returns_lag6', 'log_returns_lag7', 'mvrv', 'obv', 'roc_14', 'sp500_ret_30', 'us2y', 'yield_curve_2y10y']
13:09:00  src.cpcv.pipeline  INFO    Preprocessing: 14 features selected, train=564 + cal=142, test=240
13:09:00  src.cpcv.tuning  INFO  Tuning (1 model) — Optuna TPE + Purged K-Fold (inner: 3 folds, embargo=10 obs)
13:09:00  src.cpcv.tuning  INFO    [tuning] lstm: 3 purged K-fold splits, 30 Optuna trials (TPE)
13:09:39  src.cpcv.tuning  INFO      lstm: 27 completed, 3 pruned (of 30 total) — best log_loss=0.7089, params={'hidden_size': 32, 'dropout': 0.24358870713128794, 'learning_rate': 0.000696749504839109}
13:09:39  src.cpcv.tuning  INFO    [tuning] lstm done in 38.6s — best log_loss=0.7089
13:09:39  src.cpcv.tuning  INFO  Tuning total: 38.6s
13:09:39  src.cpcv.pipeline  INFO      applied lstm: {'hidden_size': 32, 'num_layers': 1, 'dropout': 0.24358870713128794, 'learning_rate': 0.000696749504839109}
13:09:40  src.cpcv.pipeline  INFO    [ 37/84]                 lstm (seed=0) F1=0.431  AUC=0.452  LL=0.7095 (0.8s)
13:09:41  src.cpcv.pipeline  INFO    [ 38/84]                 lstm (seed=1) F1=0.420  AUC=0.381  LL=0.7423 (0.8s)
13:09:41  src.cpcv.pipeline  INFO    [ 39/84]                 lstm (seed=2) F1=0.368  AUC=0.519  LL=0.6811 (0.8s)
13:09:42  src.cpcv.preprocessing  INFO  Computing MDA (Random Forest)...
13:10:06  src.cpcv.preprocessing  INFO  Computing MDA (Logistic Regression)...
13:10:07  src.cpcv.preprocessing  INFO  Multi-model MDA: 47/73 passed (MDA > 0), 26 eliminated
13:10:07  src.cpcv.preprocessing  INFO    Capped at 14 features (top_k_frac=0.2)
13:10:07  src.cpcv.preprocessing  INFO    Selected (14): ['cci_14', 'copper_ret_14', 'copper_ret_30', 'log_returns_lag14', 'log_returns_lag2', 'log_returns_lag7', 'macd', 'negentropy', 'obv', 'realized_vol', 'rsi', 'sp500_ret_14', 'variance_ratio', 'vol_term_30_90']
13:10:07  src.cpcv.pipeline  INFO    Preprocessing: 14 features selected, train=528 + cal=132, test=288
13:10:07  src.cpcv.tuning  INFO  Tuning (1 model) — Optuna TPE + Purged K-Fold (inner: 3 folds, embargo=10 obs)
13:10:07  src.cpcv.tuning  INFO    [tuning] lstm: 3 purged K-fold splits, 30 Optuna trials (TPE)
13:10:49  src.cpcv.tuning  INFO      lstm: 24 completed, 6 pruned (of 30 total) — best log_loss=0.6797, params={'hidden_size': 32, 'dropout': 0.49066172604680514, 'learning_rate': 0.0063223114782600945}
13:10:49  src.cpcv.tuning  INFO    [tuning] lstm done in 41.9s — best log_loss=0.6797
13:10:49  src.cpcv.tuning  INFO  Tuning total: 41.9s
13:10:49  src.cpcv.pipeline  INFO      applied lstm: {'hidden_size': 32, 'num_layers': 1, 'dropout': 0.49066172604680514, 'learning_rate': 0.0063223114782600945}
13:10:50  src.cpcv.pipeline  INFO    [ 40/84]                 lstm (seed=0) F1=0.502  AUC=0.514  LL=0.7492 (0.8s)
13:10:52  src.cpcv.pipeline  INFO    [ 41/84]                 lstm (seed=1) F1=0.427  AUC=0.518  LL=0.8518 (1.4s)
13:10:53  src.cpcv.pipeline  INFO    [ 42/84]                 lstm (seed=2) F1=0.453  AUC=0.498  LL=0.8753 (1.3s)
13:10:53  src.cpcv.preprocessing  INFO  Computing MDA (Random Forest)...
13:11:17  src.cpcv.preprocessing  INFO  Computing MDA (Logistic Regression)...
13:11:18  src.cpcv.preprocessing  INFO  Multi-model MDA: 45/73 passed (MDA > 0), 28 eliminated
13:11:18  src.cpcv.preprocessing  INFO    Capped at 14 features (top_k_frac=0.2)
13:11:18  src.cpcv.preprocessing  INFO    Selected (14): ['active_addr_roc_14', 'bb_width', 'ema_ratio_50_200', 'eth_btc_ratio', 'gold_ret_14', 'issuance_ntv', 'log_returns_lag2', 'mvrv', 'oil_ret_14', 'rsi', 'silver_ret_14', 'skewness', 'vol_term_30_90', 'yield_curve_10y30y']
13:11:18  src.cpcv.pipeline  INFO    Preprocessing: 14 features selected, train=519 + cal=130, test=288
13:11:18  src.cpcv.tuning  INFO  Tuning (1 model) — Optuna TPE + Purged K-Fold (inner: 3 folds, embargo=10 obs)
13:11:18  src.cpcv.tuning  INFO    [tuning] lstm: 3 purged K-fold splits, 30 Optuna trials (TPE)
13:11:50  src.cpcv.tuning  INFO      lstm: 16 completed, 14 pruned (of 30 total) — best log_loss=0.6908, params={'hidden_size': 16, 'dropout': 0.4862778301767894, 'learning_rate': 0.04633836038800922}
13:11:50  src.cpcv.tuning  INFO    [tuning] lstm done in 31.7s — best log_loss=0.6908
13:11:50  src.cpcv.tuning  INFO  Tuning total: 31.7s
13:11:50  src.cpcv.pipeline  INFO      applied lstm: {'hidden_size': 16, 'num_layers': 1, 'dropout': 0.4862778301767894, 'learning_rate': 0.04633836038800922}
13:11:51  src.cpcv.pipeline  INFO    [ 43/84]                 lstm (seed=0) F1=0.440  AUC=0.439  LL=0.7053 (0.8s)
13:11:52  src.cpcv.pipeline  INFO    [ 44/84]                 lstm (seed=1) F1=0.363  AUC=0.423  LL=0.6931 (0.8s)
13:11:53  src.cpcv.pipeline  INFO    [ 45/84]                 lstm (seed=2) F1=0.501  AUC=0.501  LL=0.7040 (0.9s)
13:11:53  src.cpcv.preprocessing  INFO  Computing MDA (Random Forest)...
13:12:17  src.cpcv.preprocessing  INFO  Computing MDA (Logistic Regression)...
13:12:18  src.cpcv.preprocessing  INFO  Multi-model MDA: 58/73 passed (MDA > 0), 15 eliminated
13:12:18  src.cpcv.preprocessing  INFO    Capped at 14 features (top_k_frac=0.2)
13:12:18  src.cpcv.preprocessing  INFO    Selected (14): ['active_addr_roc_14', 'dxy_roc_30', 'ema_ratio_20_50', 'ema_ratio_50_200', 'hurst', 'log_returns_lag1', 'mvrv', 'natgas_ret_30', 'oil_ret_14', 'oil_ret_30', 'skewness', 'vol_term_30_90', 'yield_curve_10y30y', 'yz_vol']
13:12:18  src.cpcv.pipeline  INFO    Preprocessing: 14 features selected, train=517 + cal=130, test=288
13:12:18  src.cpcv.tuning  INFO  Tuning (1 model) — Optuna TPE + Purged K-Fold (inner: 3 folds, embargo=10 obs)
13:12:18  src.cpcv.tuning  INFO    [tuning] lstm: 3 purged K-fold splits, 30 Optuna trials (TPE)
13:13:03  src.cpcv.tuning  INFO      lstm: 26 completed, 4 pruned (of 30 total) — best log_loss=0.6908, params={'hidden_size': 16, 'dropout': 0.37345324723244744, 'learning_rate': 0.00846738189122469}
13:13:03  src.cpcv.tuning  INFO    [tuning] lstm done in 44.9s — best log_loss=0.6908
13:13:03  src.cpcv.tuning  INFO  Tuning total: 44.9s
13:13:03  src.cpcv.pipeline  INFO      applied lstm: {'hidden_size': 16, 'num_layers': 1, 'dropout': 0.37345324723244744, 'learning_rate': 0.00846738189122469}
13:13:04  src.cpcv.pipeline  INFO    [ 46/84]                 lstm (seed=0) F1=0.432  AUC=0.476  LL=0.6992 (0.8s)
13:13:05  src.cpcv.pipeline  INFO    [ 47/84]                 lstm (seed=1) F1=0.396  AUC=0.482  LL=0.7336 (0.9s)
13:13:06  src.cpcv.pipeline  INFO    [ 48/84]                 lstm (seed=2) F1=0.401  AUC=0.486  LL=0.7165 (0.8s)
13:13:06  src.cpcv.preprocessing  INFO  Computing MDA (Random Forest)...
13:13:30  src.cpcv.preprocessing  INFO  Computing MDA (Logistic Regression)...
13:13:32  src.cpcv.preprocessing  INFO  Multi-model MDA: 27/73 passed (MDA > 0), 46 eliminated
13:13:32  src.cpcv.preprocessing  INFO    Capped at 14 features (top_k_frac=0.2)
13:13:32  src.cpcv.preprocessing  INFO    Selected (14): ['cci_14', 'copper_ret_14', 'ema_ratio_20_50', 'eth_btc_ratio', 'log_returns_lag3', 'net_exchange_flow', 'obv', 'oil_ret_14', 'sadf', 'skewness', 'smt_exp', 'vol_term_7_30', 'williams_r', 'yield_curve_2y10y']
13:13:32  src.cpcv.pipeline  INFO    Preprocessing: 14 features selected, train=518 + cal=130, test=288
13:13:32  src.cpcv.tuning  INFO  Tuning (1 model) — Optuna TPE + Purged K-Fold (inner: 3 folds, embargo=10 obs)
13:13:32  src.cpcv.tuning  INFO    [tuning] lstm: 3 purged K-fold splits, 30 Optuna trials (TPE)
13:14:12  src.cpcv.tuning  INFO      lstm: 27 completed, 3 pruned (of 30 total) — best log_loss=0.6787, params={'hidden_size': 32, 'dropout': 0.26514562639153916, 'learning_rate': 0.020527429044292687}
13:14:12  src.cpcv.tuning  INFO    [tuning] lstm done in 40.3s — best log_loss=0.6787
13:14:12  src.cpcv.tuning  INFO  Tuning total: 40.3s
13:14:12  src.cpcv.pipeline  INFO      applied lstm: {'hidden_size': 32, 'num_layers': 1, 'dropout': 0.26514562639153916, 'learning_rate': 0.020527429044292687}
13:14:13  src.cpcv.pipeline  INFO    [ 49/84]                 lstm (seed=0) F1=0.472  AUC=0.437  LL=0.7128 (0.9s)
13:14:13  src.cpcv.pipeline  INFO    [ 50/84]                 lstm (seed=1) F1=0.457  AUC=0.444  LL=0.7477 (0.8s)
13:14:14  src.cpcv.pipeline  INFO    [ 51/84]                 lstm (seed=2) F1=0.468  AUC=0.446  LL=0.7280 (0.8s)
13:14:15  src.cpcv.preprocessing  INFO  Computing MDA (Random Forest)...
13:14:39  src.cpcv.preprocessing  INFO  Computing MDA (Logistic Regression)...
13:14:40  src.cpcv.preprocessing  INFO  Multi-model MDA: 28/73 passed (MDA > 0), 45 eliminated
13:14:40  src.cpcv.preprocessing  INFO    Capped at 14 features (top_k_frac=0.2)
13:14:40  src.cpcv.preprocessing  INFO    Selected (14): ['bb_width', 'exchange_supply_pct', 'gold_ret_30', 'hurst', 'log_returns_lag1', 'log_returns_lag5', 'macd', 'macd_hist', 'mfi_14', 'oil_ret_14', 'rsi', 'us10y', 'vix', 'vol_term_30_90']
13:14:40  src.cpcv.pipeline  INFO    Preprocessing: 14 features selected, train=520 + cal=130, test=295
13:14:40  src.cpcv.tuning  INFO  Tuning (1 model) — Optuna TPE + Purged K-Fold (inner: 3 folds, embargo=10 obs)
13:14:40  src.cpcv.tuning  INFO    [tuning] lstm: 3 purged K-fold splits, 30 Optuna trials (TPE)
13:15:17  src.cpcv.tuning  INFO      lstm: 25 completed, 5 pruned (of 30 total) — best log_loss=0.6795, params={'hidden_size': 16, 'dropout': 0.3682312954876615, 'learning_rate': 0.049732662122795805}
13:15:17  src.cpcv.tuning  INFO    [tuning] lstm done in 36.3s — best log_loss=0.6795
13:15:17  src.cpcv.tuning  INFO  Tuning total: 36.3s
13:15:17  src.cpcv.pipeline  INFO      applied lstm: {'hidden_size': 16, 'num_layers': 1, 'dropout': 0.3682312954876615, 'learning_rate': 0.049732662122795805}
13:15:17  src.cpcv.pipeline  INFO    [ 52/84]                 lstm (seed=0) F1=0.341  AUC=0.544  LL=0.6940 (0.7s)
13:15:18  src.cpcv.pipeline  INFO    [ 53/84]                 lstm (seed=1) F1=0.359  AUC=0.519  LL=0.6966 (0.7s)
13:15:19  src.cpcv.pipeline  INFO    [ 54/84]                 lstm (seed=2) F1=0.363  AUC=0.464  LL=0.7143 (0.8s)
13:15:19  src.cpcv.preprocessing  INFO  Computing MDA (Random Forest)...
13:15:43  src.cpcv.preprocessing  INFO  Computing MDA (Logistic Regression)...
13:15:44  src.cpcv.preprocessing  INFO  Multi-model MDA: 45/73 passed (MDA > 0), 28 eliminated
13:15:44  src.cpcv.preprocessing  INFO    Capped at 14 features (top_k_frac=0.2)
13:15:44  src.cpcv.preprocessing  INFO    Selected (14): ['active_addr_roc_14', 'copper_ret_14', 'eth_btc_ratio', 'issuance_ntv', 'log_returns_lag1', 'log_returns_lag6', 'lz_complexity', 'macd_signal', 'mvrv', 'natgas_ret_30', 'negentropy', 'sp500_ret_30', 'stoch_k', 'vwma_ratio_20_50']
13:15:44  src.cpcv.pipeline  INFO    Preprocessing: 14 features selected, train=528 + cal=133, test=288
13:15:44  src.cpcv.tuning  INFO  Tuning (1 model) — Optuna TPE + Purged K-Fold (inner: 3 folds, embargo=10 obs)
13:15:44  src.cpcv.tuning  INFO    [tuning] lstm: 3 purged K-fold splits, 30 Optuna trials (TPE)
13:16:24  src.cpcv.tuning  INFO      lstm: 26 completed, 4 pruned (of 30 total) — best log_loss=0.6801, params={'hidden_size': 16, 'dropout': 0.21649165607921678, 'learning_rate': 0.0044809759182149545}
13:16:24  src.cpcv.tuning  INFO    [tuning] lstm done in 39.6s — best log_loss=0.6801
13:16:24  src.cpcv.tuning  INFO  Tuning total: 39.6s
13:16:24  src.cpcv.pipeline  INFO      applied lstm: {'hidden_size': 16, 'num_layers': 1, 'dropout': 0.21649165607921678, 'learning_rate': 0.0044809759182149545}
13:16:25  src.cpcv.pipeline  INFO    [ 55/84]                 lstm (seed=0) F1=0.478  AUC=0.556  LL=0.7095 (0.9s)
13:16:26  src.cpcv.pipeline  INFO    [ 56/84]                 lstm (seed=1) F1=0.510  AUC=0.509  LL=0.6917 (0.8s)
13:16:27  src.cpcv.pipeline  INFO    [ 57/84]                 lstm (seed=2) F1=0.531  AUC=0.515  LL=0.7062 (1.2s)
13:16:27  src.cpcv.preprocessing  INFO  Computing MDA (Random Forest)...
13:16:51  src.cpcv.preprocessing  INFO  Computing MDA (Logistic Regression)...
13:16:53  src.cpcv.preprocessing  INFO  Multi-model MDA: 38/73 passed (MDA > 0), 35 eliminated
13:16:53  src.cpcv.preprocessing  INFO    Capped at 14 features (top_k_frac=0.2)
13:16:53  src.cpcv.preprocessing  INFO    Selected (14): ['active_addr_roc_14', 'bb_width', 'jarque_bera', 'log_returns', 'macd_hist', 'nasdaq_ret_30', 'realized_vol', 'silver_ret_30', 'skewness', 'stoch_d', 'us10y', 'vix', 'vwma_ratio_20_50', 'yield_curve_10y30y']
13:16:53  src.cpcv.pipeline  INFO    Preprocessing: 14 features selected, train=518 + cal=130, test=288
13:16:53  src.cpcv.tuning  INFO  Tuning (1 model) — Optuna TPE + Purged K-Fold (inner: 3 folds, embargo=10 obs)
13:16:53  src.cpcv.tuning  INFO    [tuning] lstm: 3 purged K-fold splits, 30 Optuna trials (TPE)
13:17:36  src.cpcv.tuning  INFO      lstm: 18 completed, 12 pruned (of 30 total) — best log_loss=0.6795, params={'hidden_size': 32, 'dropout': 0.3593420227682165, 'learning_rate': 0.004522873693707226}
13:17:36  src.cpcv.tuning  INFO    [tuning] lstm done in 43.3s — best log_loss=0.6795
13:17:36  src.cpcv.tuning  INFO  Tuning total: 43.3s
13:17:36  src.cpcv.pipeline  INFO      applied lstm: {'hidden_size': 32, 'num_layers': 1, 'dropout': 0.3593420227682165, 'learning_rate': 0.004522873693707226}
13:17:37  src.cpcv.pipeline  INFO    [ 58/84]                 lstm (seed=0) F1=0.558  AUC=0.577  LL=0.6832 (0.8s)
13:17:37  src.cpcv.pipeline  INFO    [ 59/84]                 lstm (seed=1) F1=0.538  AUC=0.569  LL=0.7012 (0.8s)
13:17:38  src.cpcv.pipeline  INFO    [ 60/84]                 lstm (seed=2) F1=0.552  AUC=0.592  LL=0.6938 (0.8s)
13:17:39  src.cpcv.preprocessing  INFO  Computing MDA (Random Forest)...
13:18:04  src.cpcv.preprocessing  INFO  Computing MDA (Logistic Regression)...
13:18:05  src.cpcv.preprocessing  INFO  Multi-model MDA: 13/73 passed (MDA > 0), 60 eliminated
13:18:05  src.cpcv.preprocessing  INFO    Selected (13): ['bb_width', 'eth_btc_ratio', 'fee_per_tx', 'kurtosis', 'log_returns_lag30', 'log_returns_lag4', 'log_returns_lag5', 'nasdaq_ret_14', 'natgas_ret_14', 'skewness', 'us10y', 'variance_ratio', 'vol_term_7_30']
13:18:05  src.cpcv.pipeline  INFO    Preprocessing: 13 features selected, train=519 + cal=130, test=288
13:18:05  src.cpcv.tuning  INFO  Tuning (1 model) — Optuna TPE + Purged K-Fold (inner: 3 folds, embargo=10 obs)
13:18:05  src.cpcv.tuning  INFO    [tuning] lstm: 3 purged K-fold splits, 30 Optuna trials (TPE)
13:18:43  src.cpcv.tuning  INFO      lstm: 20 completed, 10 pruned (of 30 total) — best log_loss=0.6781, params={'hidden_size': 16, 'dropout': 0.2970696358192443, 'learning_rate': 0.01788369823218973}
13:18:43  src.cpcv.tuning  INFO    [tuning] lstm done in 37.9s — best log_loss=0.6781
13:18:43  src.cpcv.tuning  INFO  Tuning total: 37.9s
13:18:43  src.cpcv.pipeline  INFO      applied lstm: {'hidden_size': 16, 'num_layers': 1, 'dropout': 0.2970696358192443, 'learning_rate': 0.01788369823218973}
13:18:43  src.cpcv.pipeline  INFO    [ 61/84]                 lstm (seed=0) F1=0.498  AUC=0.523  LL=0.7241 (0.9s)
13:18:44  src.cpcv.pipeline  INFO    [ 62/84]                 lstm (seed=1) F1=0.521  AUC=0.520  LL=0.7194 (0.8s)
13:18:45  src.cpcv.pipeline  INFO    [ 63/84]                 lstm (seed=2) F1=0.529  AUC=0.568  LL=0.6875 (0.7s)
13:18:45  src.cpcv.preprocessing  INFO  Computing MDA (Random Forest)...
13:19:11  src.cpcv.preprocessing  INFO  Computing MDA (Logistic Regression)...
13:19:12  src.cpcv.preprocessing  INFO  Multi-model MDA: 33/73 passed (MDA > 0), 40 eliminated
13:19:12  src.cpcv.preprocessing  INFO    Capped at 14 features (top_k_frac=0.2)
13:19:12  src.cpcv.preprocessing  INFO    Selected (14): ['bb_width', 'copper_ret_14', 'ema_ratio_50_200', 'eth_btc_ratio', 'kurtosis', 'log_returns_lag4', 'macd', 'macd_hist', 'nasdaq_ret_14', 'net_exchange_flow', 'realized_vol', 'sp500_ret_30', 'us10y', 'us2y']
13:19:12  src.cpcv.pipeline  INFO    Preprocessing: 14 features selected, train=520 + cal=131, test=295
13:19:12  src.cpcv.tuning  INFO  Tuning (1 model) — Optuna TPE + Purged K-Fold (inner: 3 folds, embargo=10 obs)
13:19:12  src.cpcv.tuning  INFO    [tuning] lstm: 3 purged K-fold splits, 30 Optuna trials (TPE)
13:20:12  src.cpcv.tuning  INFO      lstm: 28 completed, 2 pruned (of 30 total) — best log_loss=0.6927, params={'hidden_size': 32, 'dropout': 0.29497219332320385, 'learning_rate': 0.0006478824522537288}
13:20:12  src.cpcv.tuning  INFO    [tuning] lstm done in 60.3s — best log_loss=0.6927
13:20:12  src.cpcv.tuning  INFO  Tuning total: 60.3s
13:20:12  src.cpcv.pipeline  INFO      applied lstm: {'hidden_size': 32, 'num_layers': 1, 'dropout': 0.29497219332320385, 'learning_rate': 0.0006478824522537288}
13:20:13  src.cpcv.pipeline  INFO    [ 64/84]                 lstm (seed=0) F1=0.510  AUC=0.473  LL=0.7091 (0.8s)
13:20:14  src.cpcv.pipeline  INFO    [ 65/84]                 lstm (seed=1) F1=0.358  AUC=0.528  LL=0.6866 (0.8s)
13:20:15  src.cpcv.pipeline  INFO    [ 66/84]                 lstm (seed=2) F1=0.358  AUC=0.529  LL=0.6888 (0.8s)
13:20:15  src.cpcv.preprocessing  INFO  Computing MDA (Random Forest)...
13:20:39  src.cpcv.preprocessing  INFO  Computing MDA (Logistic Regression)...
13:20:40  src.cpcv.preprocessing  INFO  Multi-model MDA: 31/73 passed (MDA > 0), 42 eliminated
13:20:40  src.cpcv.preprocessing  INFO    Capped at 14 features (top_k_frac=0.2)
13:20:40  src.cpcv.preprocessing  INFO    Selected (14): ['atr', 'bb_width', 'copper_ret_30', 'hashrate_roc_30', 'kurtosis', 'log_returns_lag5', 'nasdaq_ret_14', 'natgas_ret_30', 'roc_14', 'sadf', 'shannon_entropy', 'stoch_d', 'stoch_k', 'vol_term_7_30']
13:20:40  src.cpcv.pipeline  INFO    Preprocessing: 14 features selected, train=528 + cal=133, test=288
13:20:40  src.cpcv.tuning  INFO  Tuning (1 model) — Optuna TPE + Purged K-Fold (inner: 3 folds, embargo=10 obs)
13:20:40  src.cpcv.tuning  INFO    [tuning] lstm: 3 purged K-fold splits, 30 Optuna trials (TPE)
13:21:16  src.cpcv.tuning  INFO      lstm: 18 completed, 12 pruned (of 30 total) — best log_loss=0.6908, params={'hidden_size': 16, 'dropout': 0.49581046186005445, 'learning_rate': 0.022362985414277146}
13:21:16  src.cpcv.tuning  INFO    [tuning] lstm done in 35.7s — best log_loss=0.6908
13:21:16  src.cpcv.tuning  INFO  Tuning total: 35.7s
13:21:16  src.cpcv.pipeline  INFO      applied lstm: {'hidden_size': 16, 'num_layers': 1, 'dropout': 0.49581046186005445, 'learning_rate': 0.022362985414277146}
13:21:17  src.cpcv.pipeline  INFO    [ 67/84]                 lstm (seed=0) F1=0.484  AUC=0.458  LL=0.7895 (0.9s)
13:21:18  src.cpcv.pipeline  INFO    [ 68/84]                 lstm (seed=1) F1=0.543  AUC=0.561  LL=0.6849 (0.7s)
13:21:18  src.cpcv.pipeline  INFO    [ 69/84]                 lstm (seed=2) F1=0.503  AUC=0.526  LL=0.6920 (0.7s)
13:21:19  src.cpcv.preprocessing  INFO  Computing MDA (Random Forest)...
13:21:43  src.cpcv.preprocessing  INFO  Computing MDA (Logistic Regression)...
13:21:44  src.cpcv.preprocessing  INFO  Multi-model MDA: 28/73 passed (MDA > 0), 45 eliminated
13:21:44  src.cpcv.preprocessing  INFO    Capped at 14 features (top_k_frac=0.2)
13:21:44  src.cpcv.preprocessing  INFO    Selected (14): ['bb_width', 'cci_14', 'copper_ret_14', 'dxy_roc_30', 'eth_btc_ratio', 'log_returns_lag1', 'log_returns_lag30', 'log_returns_lag7', 'nasdaq_ret_30', 'sadf', 'vol_term_30_90', 'vol_term_7_30', 'vwma_ratio_20_50', 'yield_curve_10y30y']
13:21:44  src.cpcv.pipeline  INFO    Preprocessing: 14 features selected, train=519 + cal=130, test=288
13:21:44  src.cpcv.tuning  INFO  Tuning (1 model) — Optuna TPE + Purged K-Fold (inner: 3 folds, embargo=10 obs)
13:21:44  src.cpcv.tuning  INFO    [tuning] lstm: 3 purged K-fold splits, 30 Optuna trials (TPE)
13:22:23  src.cpcv.tuning  INFO      lstm: 22 completed, 8 pruned (of 30 total) — best log_loss=0.6846, params={'hidden_size': 32, 'dropout': 0.11656213124823885, 'learning_rate': 0.013031452999306192}
13:22:23  src.cpcv.tuning  INFO    [tuning] lstm done in 38.5s — best log_loss=0.6846
13:22:23  src.cpcv.tuning  INFO  Tuning total: 38.5s
13:22:23  src.cpcv.pipeline  INFO      applied lstm: {'hidden_size': 32, 'num_layers': 1, 'dropout': 0.11656213124823885, 'learning_rate': 0.013031452999306192}
13:22:24  src.cpcv.pipeline  INFO    [ 70/84]                 lstm (seed=0) F1=0.474  AUC=0.525  LL=0.7340 (0.9s)
13:22:25  src.cpcv.pipeline  INFO    [ 71/84]                 lstm (seed=1) F1=0.525  AUC=0.500  LL=0.6935 (0.9s)
13:22:25  src.cpcv.pipeline  INFO    [ 72/84]                 lstm (seed=2) F1=0.563  AUC=0.528  LL=0.6968 (0.8s)
13:22:26  src.cpcv.preprocessing  INFO  Computing MDA (Random Forest)...
13:22:50  src.cpcv.preprocessing  INFO  Computing MDA (Logistic Regression)...
13:22:51  src.cpcv.preprocessing  INFO  Multi-model MDA: 46/73 passed (MDA > 0), 27 eliminated
13:22:51  src.cpcv.preprocessing  INFO    Capped at 14 features (top_k_frac=0.2)
13:22:51  src.cpcv.preprocessing  INFO    Selected (14): ['bb_width', 'ema_ratio_50_200', 'exchange_supply_pct', 'hurst', 'issuance_ntv', 'log_returns_lag21', 'log_returns_lag4', 'natgas_ret_30', 'realized_vol', 'sadf', 'silver_ret_30', 'us2y', 'vwma_ratio_20_50', 'yield_curve_2y10y']
13:22:51  src.cpcv.pipeline  INFO    Preprocessing: 14 features selected, train=520 + cal=131, test=295
13:22:51  src.cpcv.tuning  INFO  Tuning (1 model) — Optuna TPE + Purged K-Fold (inner: 3 folds, embargo=10 obs)
13:22:51  src.cpcv.tuning  INFO    [tuning] lstm: 3 purged K-fold splits, 30 Optuna trials (TPE)
13:23:26  src.cpcv.tuning  INFO      lstm: 19 completed, 11 pruned (of 30 total) — best log_loss=0.6913, params={'hidden_size': 32, 'dropout': 0.10435193007067961, 'learning_rate': 0.04492804320059423}
13:23:26  src.cpcv.tuning  INFO    [tuning] lstm done in 35.0s — best log_loss=0.6913
13:23:26  src.cpcv.tuning  INFO  Tuning total: 35.0s
13:23:26  src.cpcv.pipeline  INFO      applied lstm: {'hidden_size': 32, 'num_layers': 1, 'dropout': 0.10435193007067961, 'learning_rate': 0.04492804320059423}
13:23:27  src.cpcv.pipeline  INFO    [ 73/84]                 lstm (seed=0) F1=0.366  AUC=0.522  LL=0.6805 (0.8s)
13:23:28  src.cpcv.pipeline  INFO    [ 74/84]                 lstm (seed=1) F1=0.495  AUC=0.528  LL=0.7018 (1.0s)
13:23:29  src.cpcv.pipeline  INFO    [ 75/84]                 lstm (seed=2) F1=0.400  AUC=0.499  LL=0.6826 (0.8s)
13:23:29  src.cpcv.preprocessing  INFO  Computing MDA (Random Forest)...
13:23:53  src.cpcv.preprocessing  INFO  Computing MDA (Logistic Regression)...
13:23:54  src.cpcv.preprocessing  INFO  Multi-model MDA: 12/73 passed (MDA > 0), 61 eliminated
13:23:54  src.cpcv.preprocessing  INFO    Selected (12): ['active_addr_roc_14', 'eth_btc_ratio', 'kurtosis', 'log_returns', 'log_returns_lag21', 'log_returns_lag30', 'natgas_ret_30', 'roc_14', 'silver_ret_14', 'smt_exp', 'us2y', 'vwma_ratio_20_50']
13:23:54  src.cpcv.pipeline  INFO    Preprocessing: 12 features selected, train=527 + cal=132, test=288
13:23:54  src.cpcv.tuning  INFO  Tuning (1 model) — Optuna TPE + Purged K-Fold (inner: 3 folds, embargo=10 obs)
13:23:54  src.cpcv.tuning  INFO    [tuning] lstm: 3 purged K-fold splits, 30 Optuna trials (TPE)
13:24:32  src.cpcv.tuning  INFO      lstm: 26 completed, 4 pruned (of 30 total) — best log_loss=0.6978, params={'hidden_size': 16, 'dropout': 0.32140895995608604, 'learning_rate': 0.04125086573934173}
13:24:32  src.cpcv.tuning  INFO    [tuning] lstm done in 37.1s — best log_loss=0.6978
13:24:32  src.cpcv.tuning  INFO  Tuning total: 37.1s
13:24:32  src.cpcv.pipeline  INFO      applied lstm: {'hidden_size': 16, 'num_layers': 1, 'dropout': 0.32140895995608604, 'learning_rate': 0.04125086573934173}
13:24:33  src.cpcv.pipeline  INFO    [ 76/84]                 lstm (seed=0) F1=0.493  AUC=0.521  LL=0.7152 (1.0s)
13:24:34  src.cpcv.pipeline  INFO    [ 77/84]                 lstm (seed=1) F1=0.494  AUC=0.529  LL=0.7178 (1.1s)
13:24:34  src.cpcv.pipeline  INFO    [ 78/84]                 lstm (seed=2) F1=0.474  AUC=0.479  LL=0.7012 (0.8s)
13:24:35  src.cpcv.preprocessing  INFO  Computing MDA (Random Forest)...
13:24:59  src.cpcv.preprocessing  INFO  Computing MDA (Logistic Regression)...
13:25:00  src.cpcv.preprocessing  INFO  Multi-model MDA: 44/73 passed (MDA > 0), 29 eliminated
13:25:00  src.cpcv.preprocessing  INFO    Capped at 14 features (top_k_frac=0.2)
13:25:00  src.cpcv.preprocessing  INFO    Selected (14): ['bb_width', 'exchange_supply_pct', 'gold_ret_30', 'kurtosis', 'log_returns_lag1', 'log_returns_lag3', 'log_returns_lag7', 'natgas_ret_14', 'natgas_ret_30', 'smt_poly1', 'us10y', 'us2y', 'yield_curve_10y30y', 'yield_curve_2y10y']
13:25:00  src.cpcv.pipeline  INFO    Preprocessing: 14 features selected, train=519 + cal=130, test=295
13:25:00  src.cpcv.tuning  INFO  Tuning (1 model) — Optuna TPE + Purged K-Fold (inner: 3 folds, embargo=10 obs)
13:25:00  src.cpcv.tuning  INFO    [tuning] lstm: 3 purged K-fold splits, 30 Optuna trials (TPE)
13:25:39  src.cpcv.tuning  INFO      lstm: 18 completed, 12 pruned (of 30 total) — best log_loss=0.6737, params={'hidden_size': 16, 'dropout': 0.3642396983313833, 'learning_rate': 0.006289638213811176}
13:25:39  src.cpcv.tuning  INFO    [tuning] lstm done in 39.4s — best log_loss=0.6737
13:25:39  src.cpcv.tuning  INFO  Tuning total: 39.4s
13:25:39  src.cpcv.pipeline  INFO      applied lstm: {'hidden_size': 16, 'num_layers': 1, 'dropout': 0.3642396983313833, 'learning_rate': 0.006289638213811176}
13:25:40  src.cpcv.pipeline  INFO    [ 79/84]                 lstm (seed=0) F1=0.524  AUC=0.521  LL=0.7180 (0.8s)
13:25:41  src.cpcv.pipeline  INFO    [ 80/84]                 lstm (seed=1) F1=0.507  AUC=0.525  LL=0.6993 (0.7s)
13:25:42  src.cpcv.pipeline  INFO    [ 81/84]                 lstm (seed=2) F1=0.539  AUC=0.529  LL=0.7245 (0.8s)
13:25:42  src.cpcv.preprocessing  INFO  Computing MDA (Random Forest)...
13:26:06  src.cpcv.preprocessing  INFO  Computing MDA (Logistic Regression)...
13:26:07  src.cpcv.preprocessing  INFO  Multi-model MDA: 32/73 passed (MDA > 0), 41 eliminated
13:26:07  src.cpcv.preprocessing  INFO    Capped at 14 features (top_k_frac=0.2)
13:26:07  src.cpcv.preprocessing  INFO    Selected (14): ['ema_ratio_50_200', 'eth_btc_ratio', 'exchange_supply_pct', 'gk_vol', 'gold_ret_14', 'log_returns_lag21', 'mfi_14', 'roc_14', 'sp500_ret_30', 'stoch_d', 'us10y', 'us2y', 'vol_term_7_30', 'yield_curve_10y30y']
13:26:07  src.cpcv.pipeline  INFO    Preprocessing: 14 features selected, train=531 + cal=133, test=295
13:26:07  src.cpcv.tuning  INFO  Tuning (1 model) — Optuna TPE + Purged K-Fold (inner: 3 folds, embargo=10 obs)
13:26:07  src.cpcv.tuning  INFO    [tuning] lstm: 3 purged K-fold splits, 30 Optuna trials (TPE)
13:26:46  src.cpcv.tuning  INFO      lstm: 27 completed, 3 pruned (of 30 total) — best log_loss=0.6864, params={'hidden_size': 32, 'dropout': 0.25398716124895465, 'learning_rate': 0.02954960364132463}
13:26:46  src.cpcv.tuning  INFO    [tuning] lstm done in 39.0s — best log_loss=0.6864
13:26:46  src.cpcv.tuning  INFO  Tuning total: 39.0s
13:26:46  src.cpcv.pipeline  INFO      applied lstm: {'hidden_size': 32, 'num_layers': 1, 'dropout': 0.25398716124895465, 'learning_rate': 0.02954960364132463}
13:26:48  src.cpcv.pipeline  INFO    [ 82/84]                 lstm (seed=0) F1=0.358  AUC=0.481  LL=0.7113 (1.1s)
13:26:49  src.cpcv.pipeline  INFO    [ 83/84]                 lstm (seed=1) F1=0.385  AUC=0.492  LL=0.7395 (1.5s)
13:26:50  src.cpcv.pipeline  INFO    [ 84/84]                 lstm (seed=2) F1=0.392  AUC=0.502  LL=0.7179 (1.2s)
13:26:50  src.cpcv.pipeline  INFO  ============================================================
13:26:50  src.cpcv.pipeline  INFO  CPCV Pipeline Complete
13:26:50  src.cpcv.pipeline  INFO  ============================================================
13:26:50  src.cpcv.pipeline  INFO    Total time:     1991.0s (33.2m)
13:26:50  src.cpcv.pipeline  INFO    Tasks:          84 succeeded, 0 failed
13:26:50  src.cpcv.pipeline  INFO    Results keys:   84 (model, split, seed) entries
13:26:50  src.cpcv.pipeline  INFO    Backtest paths: 7
13:26:50  src.cpcv.pipeline  INFO    Tuning:         nested (per-split), 28 splits tuned, models=['lstm']
13:26:50  src.cpcv.pipeline  INFO  ============================================================
13:26:51  src.cpcv.pipeline  INFO  ============================================================
13:26:51  src.cpcv.pipeline  INFO  CPCV Pipeline
13:26:51  src.cpcv.pipeline  INFO  ============================================================
13:26:51  src.cpcv.pipeline  INFO    Models:         ['kan']
13:26:51  src.cpcv.pipeline  INFO    Seeds/fold:     3
13:26:51  src.cpcv.pipeline  INFO    Groups (N):     8
13:26:51  src.cpcv.pipeline  INFO    Test groups (k):2
13:26:51  src.cpcv.pipeline  INFO    Embargo:        1.0%
13:26:51  src.cpcv.pipeline  INFO    FFD columns:    ['atr']
13:26:51  src.cpcv.pipeline  INFO    Samples:        1159
13:26:51  src.cpcv.pipeline  INFO    Features:       73
13:26:51  src.cpcv.pipeline  INFO    Splits:         28, Paths: 7
13:26:51  src.cpcv.pipeline  INFO    Tuning:         NESTED (per-split) — ['kan'] [30 trials]
13:26:51  src.cpcv.pipeline  INFO  ============================================================
13:26:51  src.cpcv.preprocessing  INFO  Computing MDA (Random Forest)...
13:27:19  src.cpcv.preprocessing  INFO  Computing MDA (Logistic Regression)...
13:27:20  src.cpcv.preprocessing  INFO  Multi-model MDA: 59/73 passed (MDA > 0), 14 eliminated
13:27:20  src.cpcv.preprocessing  INFO    Capped at 14 features (top_k_frac=0.2)
13:27:20  src.cpcv.preprocessing  INFO    Selected (14): ['eth_btc_ratio', 'exchange_supply_pct', 'gk_vol', 'gold_ret_30', 'jarque_bera', 'log_returns_lag1', 'log_returns_lag2', 'nasdaq_ret_14', 'natgas_ret_30', 'skewness', 'smt_exp', 'sp500_ret_14', 'us2y', 'variance_ratio']
13:27:20  src.cpcv.pipeline  INFO    Preprocessing: 14 features selected, train=688 + cal=172, test=89
13:27:20  src.cpcv.tuning  INFO  Tuning (1 model) — Optuna TPE + Purged K-Fold (inner: 3 folds, embargo=10 obs)
13:27:20  src.cpcv.tuning  INFO    [tuning] kan (efficient-kan + AdamW): 3 purged K-fold splits, 30 Optuna trials (TPE)
13:28:37  src.cpcv.tuning  INFO      kan: 17 completed, 13 pruned (of 30 total) — best log_loss=0.6893, params={'width1': 3, 'lr': 0.0007477840832664568, 'weight_decay': 4.9299705866526176e-05, 'grid': 3}
13:28:37  src.cpcv.tuning  INFO    [tuning] kan done in 76.6s — best log_loss=0.6893
13:28:37  src.cpcv.tuning  INFO  Tuning total: 76.6s
13:28:37  src.cpcv.pipeline  INFO      applied kan: {'width1': 3, 'width2': 0, 'grid': 3, 'lr': 0.0007477840832664568, 'weight_decay': 4.9299705866526176e-05}
13:28:40  src.cpcv.models.kan_model  INFO  KAN fitted: widths=[14, 3, 2], grid=3, epochs=200, val_acc=0.4942, val_loss=0.6933, logit_range=[-0.26, 0.09], device=cpu.
13:28:40  src.cpcv.pipeline  INFO    [  1/84]                  kan (seed=0) F1=0.399  AUC=0.567  LL=0.6493 (3.4s)
13:28:44  src.cpcv.models.kan_model  INFO  KAN fitted: widths=[14, 3, 2], grid=3, epochs=200, val_acc=0.5291, val_loss=0.6904, logit_range=[-0.17, 0.19], device=cpu.
13:28:44  src.cpcv.pipeline  INFO    [  2/84]                  kan (seed=1) F1=0.484  AUC=0.540  LL=0.6536 (3.1s)
13:28:47  src.cpcv.models.kan_model  INFO  KAN fitted: widths=[14, 3, 2], grid=3, epochs=200, val_acc=0.5116, val_loss=0.6879, logit_range=[-0.29, 0.18], device=cpu.
13:28:47  src.cpcv.pipeline  INFO    [  3/84]                  kan (seed=2) F1=0.513  AUC=0.575  LL=0.6363 (3.6s)
13:28:48  src.cpcv.preprocessing  INFO  Computing MDA (Random Forest)...
13:29:16  src.cpcv.preprocessing  INFO  Computing MDA (Logistic Regression)...
13:29:17  src.cpcv.preprocessing  INFO  Multi-model MDA: 47/73 passed (MDA > 0), 26 eliminated
13:29:17  src.cpcv.preprocessing  INFO    Capped at 14 features (top_k_frac=0.2)
13:29:17  src.cpcv.preprocessing  INFO    Selected (14): ['bb_width', 'dxy_roc_30', 'ema_ratio_50_200', 'fee_per_tx', 'gold_ret_30', 'log_returns', 'macd_hist', 'natgas_ret_14', 'roc_14', 'sadf', 'shannon_entropy', 'silver_ret_30', 'vol_term_7_30', 'yield_curve_2y10y']
13:29:17  src.cpcv.pipeline  INFO    Preprocessing: 14 features selected, train=643 + cal=161, test=144
13:29:17  src.cpcv.tuning  INFO  Tuning (1 model) — Optuna TPE + Purged K-Fold (inner: 3 folds, embargo=10 obs)
13:29:17  src.cpcv.tuning  INFO    [tuning] kan (efficient-kan + AdamW): 3 purged K-fold splits, 30 Optuna trials (TPE)
13:30:01  src.cpcv.tuning  INFO      kan: 9 completed, 21 pruned (of 30 total) — best log_loss=0.6893, params={'width1': 2, 'lr': 0.04353010439152429, 'weight_decay': 0.001764971584817572, 'grid': 3}
13:30:01  src.cpcv.tuning  INFO    [tuning] kan done in 43.9s — best log_loss=0.6893
13:30:01  src.cpcv.tuning  INFO  Tuning total: 43.9s
13:30:01  src.cpcv.pipeline  INFO      applied kan: {'width1': 2, 'width2': 0, 'grid': 3, 'lr': 0.04353010439152429, 'weight_decay': 0.001764971584817572}
13:30:01  src.cpcv.models.kan_model  INFO  KAN fitted: widths=[14, 2, 2], grid=3, epochs=21, val_acc=0.5280, val_loss=0.6876, logit_range=[-0.13, 0.12], device=cpu.
13:30:01  src.cpcv.pipeline  INFO    [  4/84]                  kan (seed=0) F1=0.362  AUC=0.429  LL=0.7934 (0.3s)
13:30:02  src.cpcv.models.kan_model  INFO  KAN fitted: widths=[14, 2, 2], grid=3, epochs=24, val_acc=0.4720, val_loss=0.6906, logit_range=[-0.30, 0.29], device=cpu.
13:30:02  src.cpcv.pipeline  INFO    [  5/84]                  kan (seed=1) F1=0.352  AUC=0.503  LL=0.7828 (0.4s)
13:30:02  src.cpcv.models.kan_model  INFO  KAN fitted: widths=[14, 2, 2], grid=3, epochs=31, val_acc=0.5280, val_loss=0.6877, logit_range=[-0.61, 0.31], device=cpu.
13:30:02  src.cpcv.pipeline  INFO    [  6/84]                  kan (seed=2) F1=0.328  AUC=0.478  LL=0.7960 (0.4s)
13:30:02  src.cpcv.preprocessing  INFO  Computing MDA (Random Forest)...
13:30:30  src.cpcv.preprocessing  INFO  Computing MDA (Logistic Regression)...
13:30:31  src.cpcv.preprocessing  INFO  Multi-model MDA: 26/73 passed (MDA > 0), 47 eliminated
13:30:31  src.cpcv.preprocessing  INFO    Capped at 14 features (top_k_frac=0.2)
13:30:31  src.cpcv.preprocessing  INFO    Selected (14): ['eth_btc_ratio', 'exchange_supply_pct', 'gold_ret_14', 'gold_ret_30', 'log_returns_lag1', 'log_returns_lag21', 'log_returns_lag4', 'log_returns_lag7', 'negentropy', 'obv', 'rsi', 'skewness', 'sp500_ret_30', 'stoch_d']
13:30:31  src.cpcv.pipeline  INFO    Preprocessing: 14 features selected, train=644 + cal=161, test=144
13:30:31  src.cpcv.tuning  INFO  Tuning (1 model) — Optuna TPE + Purged K-Fold (inner: 3 folds, embargo=10 obs)
13:30:31  src.cpcv.tuning  INFO    [tuning] kan (efficient-kan + AdamW): 3 purged K-fold splits, 30 Optuna trials (TPE)
13:32:03  src.cpcv.tuning  INFO      kan: 23 completed, 7 pruned (of 30 total) — best log_loss=0.6850, params={'width1': 4, 'lr': 0.002590893733755424, 'weight_decay': 0.00040439834929845094, 'grid': 3}
13:32:03  src.cpcv.tuning  INFO    [tuning] kan done in 91.8s — best log_loss=0.6850
13:32:03  src.cpcv.tuning  INFO  Tuning total: 91.8s
13:32:03  src.cpcv.pipeline  INFO      applied kan: {'width1': 4, 'width2': 0, 'grid': 3, 'lr': 0.002590893733755424, 'weight_decay': 0.00040439834929845094}
13:32:05  src.cpcv.models.kan_model  INFO  KAN fitted: widths=[14, 4, 2], grid=3, epochs=115, val_acc=0.5963, val_loss=0.6829, logit_range=[-0.38, 0.55], device=cpu.
13:32:05  src.cpcv.pipeline  INFO    [  7/84]                  kan (seed=0) F1=0.567  AUC=0.545  LL=0.7000 (1.8s)
13:32:07  src.cpcv.models.kan_model  INFO  KAN fitted: widths=[14, 4, 2], grid=3, epochs=126, val_acc=0.6025, val_loss=0.6811, logit_range=[-0.53, 0.49], device=cpu.
13:32:07  src.cpcv.pipeline  INFO    [  8/84]                  kan (seed=1) F1=0.518  AUC=0.545  LL=0.7076 (2.0s)
13:32:09  src.cpcv.models.kan_model  INFO  KAN fitted: widths=[14, 4, 2], grid=3, epochs=118, val_acc=0.6087, val_loss=0.6830, logit_range=[-0.44, 0.76], device=cpu.
13:32:09  src.cpcv.pipeline  INFO    [  9/84]                  kan (seed=2) F1=0.532  AUC=0.549  LL=0.6943 (1.9s)
13:32:09  src.cpcv.preprocessing  INFO  Computing MDA (Random Forest)...
13:32:37  src.cpcv.preprocessing  INFO  Computing MDA (Logistic Regression)...
13:32:38  src.cpcv.preprocessing  INFO  Multi-model MDA: 18/73 passed (MDA > 0), 55 eliminated
13:32:38  src.cpcv.preprocessing  INFO    Capped at 14 features (top_k_frac=0.2)
13:32:38  src.cpcv.preprocessing  INFO    Selected (14): ['bb_width', 'eth_btc_ratio', 'jarque_bera', 'log_returns_lag21', 'log_returns_lag5', 'log_returns_lag6', 'macd_hist', 'mfi_14', 'mvrv', 'sadf', 'shannon_entropy', 'skewness', 'variance_ratio', 'vix']
13:32:38  src.cpcv.pipeline  INFO    Preprocessing: 14 features selected, train=644 + cal=161, test=144
13:32:38  src.cpcv.tuning  INFO  Tuning (1 model) — Optuna TPE + Purged K-Fold (inner: 3 folds, embargo=10 obs)
13:32:38  src.cpcv.tuning  INFO    [tuning] kan (efficient-kan + AdamW): 3 purged K-fold splits, 30 Optuna trials (TPE)
13:33:28  src.cpcv.tuning  INFO      kan: 23 completed, 7 pruned (of 30 total) — best log_loss=0.6831, params={'width1': 4, 'lr': 0.032405342832198494, 'weight_decay': 0.0001148914393594489, 'grid': 3}
13:33:28  src.cpcv.tuning  INFO    [tuning] kan done in 49.6s — best log_loss=0.6831
13:33:28  src.cpcv.tuning  INFO  Tuning total: 49.6s
13:33:28  src.cpcv.pipeline  INFO      applied kan: {'width1': 4, 'width2': 0, 'grid': 3, 'lr': 0.032405342832198494, 'weight_decay': 0.0001148914393594489}
13:33:28  src.cpcv.models.kan_model  INFO  KAN fitted: widths=[14, 4, 2], grid=3, epochs=21, val_acc=0.5528, val_loss=0.6911, logit_range=[-0.19, 0.14], device=cpu.
13:33:28  src.cpcv.pipeline  INFO    [ 10/84]                  kan (seed=0) F1=0.550  AUC=0.583  LL=0.6732 (0.4s)
13:33:29  src.cpcv.models.kan_model  INFO  KAN fitted: widths=[14, 4, 2], grid=3, epochs=30, val_acc=0.5466, val_loss=0.6944, logit_range=[-0.45, 0.44], device=cpu.
13:33:29  src.cpcv.pipeline  INFO    [ 11/84]                  kan (seed=1) F1=0.411  AUC=0.591  LL=0.6655 (0.5s)
13:33:29  src.cpcv.models.kan_model  INFO  KAN fitted: widths=[14, 4, 2], grid=3, epochs=23, val_acc=0.5217, val_loss=0.6904, logit_range=[-0.14, 0.26], device=cpu.
13:33:29  src.cpcv.pipeline  INFO    [ 12/84]                  kan (seed=2) F1=0.422  AUC=0.576  LL=0.6643 (0.4s)
13:33:29  src.cpcv.preprocessing  INFO  Computing MDA (Random Forest)...
13:33:57  src.cpcv.preprocessing  INFO  Computing MDA (Logistic Regression)...
13:33:58  src.cpcv.preprocessing  INFO  Multi-model MDA: 11/73 passed (MDA > 0), 62 eliminated
13:33:58  src.cpcv.preprocessing  INFO    Selected (11): ['bb_width', 'copper_ret_30', 'eth_btc_ratio', 'exchange_supply_pct', 'mvrv', 'nasdaq_ret_14', 'rsi', 'silver_ret_14', 'skewness', 'vix', 'williams_r']
13:33:58  src.cpcv.pipeline  INFO    Preprocessing: 11 features selected, train=642 + cal=161, test=144
13:33:58  src.cpcv.tuning  INFO  Tuning (1 model) — Optuna TPE + Purged K-Fold (inner: 3 folds, embargo=10 obs)
13:33:58  src.cpcv.tuning  INFO    [tuning] kan (efficient-kan + AdamW): 3 purged K-fold splits, 30 Optuna trials (TPE)
13:34:45  src.cpcv.tuning  INFO      kan: 24 completed, 6 pruned (of 30 total) — best log_loss=0.6888, params={'width1': 3, 'lr': 0.00712117984461925, 'weight_decay': 0.0040771259260178995, 'grid': 3}
13:34:45  src.cpcv.tuning  INFO    [tuning] kan done in 47.0s — best log_loss=0.6888
13:34:45  src.cpcv.tuning  INFO  Tuning total: 47.0s
13:34:45  src.cpcv.pipeline  INFO      applied kan: {'width1': 3, 'width2': 0, 'grid': 3, 'lr': 0.00712117984461925, 'weight_decay': 0.0040771259260178995}
13:34:47  src.cpcv.models.kan_model  INFO  KAN fitted: widths=[11, 3, 2], grid=3, epochs=111, val_acc=0.5280, val_loss=0.6719, logit_range=[-0.70, 0.80], device=cpu.
13:34:47  src.cpcv.pipeline  INFO    [ 13/84]                  kan (seed=0) F1=0.553  AUC=0.577  LL=0.7001 (1.5s)
13:34:48  src.cpcv.models.kan_model  INFO  KAN fitted: widths=[11, 3, 2], grid=3, epochs=110, val_acc=0.5280, val_loss=0.6671, logit_range=[-0.62, 0.67], device=cpu.
13:34:48  src.cpcv.pipeline  INFO    [ 14/84]                  kan (seed=1) F1=0.522  AUC=0.567  LL=0.7233 (1.6s)
13:34:50  src.cpcv.models.kan_model  INFO  KAN fitted: widths=[11, 3, 2], grid=3, epochs=113, val_acc=0.5714, val_loss=0.6699, logit_range=[-0.96, 0.73], device=cpu.
13:34:50  src.cpcv.pipeline  INFO    [ 15/84]                  kan (seed=2) F1=0.541  AUC=0.579  LL=0.7410 (1.5s)
13:34:50  src.cpcv.preprocessing  INFO  Computing MDA (Random Forest)...
13:35:18  src.cpcv.preprocessing  INFO  Computing MDA (Logistic Regression)...
13:35:20  src.cpcv.preprocessing  INFO  Multi-model MDA: 6/73 passed (MDA > 0), 67 eliminated
13:35:20  src.cpcv.preprocessing  INFO    Selected (6): ['ema_ratio_50_200', 'eth_btc_ratio', 'jarque_bera', 'kurtosis', 'skewness', 'sp500_ret_14']
13:35:20  src.cpcv.pipeline  INFO    Preprocessing: 6 features selected, train=643 + cal=161, test=144
13:35:20  src.cpcv.tuning  INFO  Tuning (1 model) — Optuna TPE + Purged K-Fold (inner: 3 folds, embargo=10 obs)
13:35:20  src.cpcv.tuning  INFO    [tuning] kan (efficient-kan + AdamW): 3 purged K-fold splits, 30 Optuna trials (TPE)
13:36:25  src.cpcv.tuning  INFO      kan: 16 completed, 14 pruned (of 30 total) — best log_loss=0.6790, params={'width1': 3, 'lr': 0.04950445297942235, 'weight_decay': 0.0018451555914241087, 'grid': 3}
13:36:25  src.cpcv.tuning  INFO    [tuning] kan done in 65.9s — best log_loss=0.6790
13:36:25  src.cpcv.tuning  INFO  Tuning total: 65.9s
13:36:25  src.cpcv.pipeline  INFO      applied kan: {'width1': 3, 'width2': 0, 'grid': 3, 'lr': 0.04950445297942235, 'weight_decay': 0.0018451555914241087}
13:36:26  src.cpcv.models.kan_model  INFO  KAN fitted: widths=[6, 3, 2], grid=3, epochs=23, val_acc=0.5714, val_loss=0.6834, logit_range=[-0.24, 0.30], device=cpu.
13:36:26  src.cpcv.pipeline  INFO    [ 16/84]                  kan (seed=0) F1=0.407  AUC=0.483  LL=0.7550 (0.7s)
13:36:26  src.cpcv.models.kan_model  INFO  KAN fitted: widths=[6, 3, 2], grid=3, epochs=25, val_acc=0.5404, val_loss=0.6908, logit_range=[-0.35, 0.41], device=cpu.
13:36:26  src.cpcv.pipeline  INFO    [ 17/84]                  kan (seed=1) F1=0.439  AUC=0.452  LL=0.7026 (0.3s)
13:36:27  src.cpcv.models.kan_model  INFO  KAN fitted: widths=[6, 3, 2], grid=3, epochs=24, val_acc=0.5714, val_loss=0.6824, logit_range=[-0.50, 0.44], device=cpu.
13:36:27  src.cpcv.pipeline  INFO    [ 18/84]                  kan (seed=2) F1=0.399  AUC=0.459  LL=0.7345 (0.3s)
13:36:27  src.cpcv.preprocessing  INFO  Computing MDA (Random Forest)...
13:36:56  src.cpcv.preprocessing  INFO  Computing MDA (Logistic Regression)...
13:36:58  src.cpcv.preprocessing  INFO  Multi-model MDA: 26/73 passed (MDA > 0), 47 eliminated
13:36:58  src.cpcv.preprocessing  INFO    Capped at 14 features (top_k_frac=0.2)
13:36:58  src.cpcv.preprocessing  INFO    Selected (14): ['bb_width', 'gold_ret_14', 'kurtosis', 'log_returns_lag14', 'log_returns_lag4', 'log_returns_lag5', 'log_returns_lag6', 'macd_hist', 'mfi_14', 'natgas_ret_30', 'oil_ret_14', 'skewness', 'variance_ratio', 'vol_term_30_90']
13:36:58  src.cpcv.pipeline  INFO    Preprocessing: 14 features selected, train=644 + cal=162, test=151
13:36:58  src.cpcv.tuning  INFO  Tuning (1 model) — Optuna TPE + Purged K-Fold (inner: 3 folds, embargo=10 obs)
13:36:58  src.cpcv.tuning  INFO    [tuning] kan (efficient-kan + AdamW): 3 purged K-fold splits, 30 Optuna trials (TPE)
13:37:57  src.cpcv.tuning  INFO      kan: 21 completed, 9 pruned (of 30 total) — best log_loss=0.6789, params={'width1': 2, 'lr': 0.04743345878606643, 'weight_decay': 0.0018311266185712283, 'grid': 3}
13:37:57  src.cpcv.tuning  INFO    [tuning] kan done in 59.5s — best log_loss=0.6789
13:37:57  src.cpcv.tuning  INFO  Tuning total: 59.5s
13:37:57  src.cpcv.pipeline  INFO      applied kan: {'width1': 2, 'width2': 0, 'grid': 3, 'lr': 0.04743345878606643, 'weight_decay': 0.0018311266185712283}
13:37:57  src.cpcv.models.kan_model  INFO  KAN fitted: widths=[14, 2, 2], grid=3, epochs=21, val_acc=0.5926, val_loss=0.6863, logit_range=[-0.15, 0.08], device=cpu.
13:37:57  src.cpcv.pipeline  INFO    [ 19/84]                  kan (seed=0) F1=0.486  AUC=0.518  LL=0.7035 (0.4s)
13:37:58  src.cpcv.models.kan_model  INFO  KAN fitted: widths=[14, 2, 2], grid=3, epochs=22, val_acc=0.5247, val_loss=0.6950, logit_range=[-0.26, 0.17], device=cpu.
13:37:58  src.cpcv.pipeline  INFO    [ 20/84]                  kan (seed=1) F1=0.357  AUC=0.529  LL=0.6896 (0.3s)
13:37:58  src.cpcv.models.kan_model  INFO  KAN fitted: widths=[14, 2, 2], grid=3, epochs=23, val_acc=0.4938, val_loss=0.6938, logit_range=[-0.24, 0.16], device=cpu.
13:37:58  src.cpcv.pipeline  INFO    [ 21/84]                  kan (seed=2) F1=0.357  AUC=0.554  LL=0.6896 (0.3s)
13:37:58  src.cpcv.preprocessing  INFO  Computing MDA (Random Forest)...
13:38:23  src.cpcv.preprocessing  INFO  Computing MDA (Logistic Regression)...
13:38:25  src.cpcv.preprocessing  INFO  Multi-model MDA: 66/73 passed (MDA > 0), 7 eliminated
13:38:25  src.cpcv.preprocessing  INFO    Capped at 14 features (top_k_frac=0.2)
13:38:25  src.cpcv.preprocessing  INFO    Selected (14): ['bb_width', 'dxy_roc_30', 'log_returns_lag30', 'macd_hist', 'nasdaq_ret_14', 'net_exchange_flow', 'oil_ret_14', 'realized_vol', 'sadf', 'silver_ret_30', 'sp500_ret_14', 'stoch_k', 'vwma_ratio_20_50', 'yield_curve_2y10y']
13:38:25  src.cpcv.pipeline  INFO    Preprocessing: 14 features selected, train=572 + cal=144, test=233
13:38:25  src.cpcv.tuning  INFO  Tuning (1 model) — Optuna TPE + Purged K-Fold (inner: 3 folds, embargo=10 obs)
13:38:25  src.cpcv.tuning  INFO    [tuning] kan (efficient-kan + AdamW): 3 purged K-fold splits, 30 Optuna trials (TPE)
13:39:11  src.cpcv.tuning  INFO      kan: 25 completed, 5 pruned (of 30 total) — best log_loss=0.6859, params={'width1': 5, 'lr': 0.03259011190198455, 'weight_decay': 0.0005569671940395738, 'grid': 5}
13:39:11  src.cpcv.tuning  INFO    [tuning] kan done in 46.7s — best log_loss=0.6859
13:39:11  src.cpcv.tuning  INFO  Tuning total: 46.7s
13:39:11  src.cpcv.pipeline  INFO      applied kan: {'width1': 5, 'width2': 0, 'grid': 5, 'lr': 0.03259011190198455, 'weight_decay': 0.0005569671940395738}
13:39:12  src.cpcv.models.kan_model  INFO  KAN fitted: widths=[14, 5, 2], grid=5, epochs=22, val_acc=0.4514, val_loss=0.6941, logit_range=[-0.22, 0.20], device=cpu.
13:39:12  src.cpcv.pipeline  INFO    [ 22/84]                  kan (seed=0) F1=0.347  AUC=0.520  LL=0.7130 (0.4s)
13:39:12  src.cpcv.models.kan_model  INFO  KAN fitted: widths=[14, 5, 2], grid=5, epochs=22, val_acc=0.4931, val_loss=0.6918, logit_range=[-0.17, 0.17], device=cpu.
13:39:12  src.cpcv.pipeline  INFO    [ 23/84]                  kan (seed=1) F1=0.367  AUC=0.556  LL=0.7121 (0.4s)
13:39:12  src.cpcv.models.kan_model  INFO  KAN fitted: widths=[14, 5, 2], grid=5, epochs=23, val_acc=0.5139, val_loss=0.6923, logit_range=[-0.24, 0.25], device=cpu.
13:39:12  src.cpcv.pipeline  INFO    [ 24/84]                  kan (seed=2) F1=0.361  AUC=0.497  LL=0.7588 (0.4s)
13:39:13  src.cpcv.preprocessing  INFO  Computing MDA (Random Forest)...
13:39:38  src.cpcv.preprocessing  INFO  Computing MDA (Logistic Regression)...
13:39:39  src.cpcv.preprocessing  INFO  Multi-model MDA: 43/73 passed (MDA > 0), 30 eliminated
13:39:39  src.cpcv.preprocessing  INFO    Capped at 14 features (top_k_frac=0.2)
13:39:39  src.cpcv.preprocessing  INFO    Selected (14): ['atr', 'cci_14', 'copper_ret_14', 'dxy_roc_30', 'eth_btc_ratio', 'jarque_bera', 'log_returns_lag1', 'log_returns_lag2', 'log_returns_lag6', 'macd_signal', 'shannon_entropy', 'skewness', 'stoch_d', 'variance_ratio']
13:39:39  src.cpcv.pipeline  INFO    Preprocessing: 14 features selected, train=564 + cal=141, test=233
13:39:39  src.cpcv.tuning  INFO  Tuning (1 model) — Optuna TPE + Purged K-Fold (inner: 3 folds, embargo=10 obs)
13:39:39  src.cpcv.tuning  INFO    [tuning] kan (efficient-kan + AdamW): 3 purged K-fold splits, 30 Optuna trials (TPE)
13:40:33  src.cpcv.tuning  INFO      kan: 19 completed, 11 pruned (of 30 total) — best log_loss=0.6881, params={'width1': 2, 'lr': 0.04503010249969845, 'weight_decay': 4.2043997518858195e-05, 'grid': 3}
13:40:33  src.cpcv.tuning  INFO    [tuning] kan done in 53.7s — best log_loss=0.6881
13:40:33  src.cpcv.tuning  INFO  Tuning total: 53.7s
13:40:33  src.cpcv.pipeline  INFO      applied kan: {'width1': 2, 'width2': 0, 'grid': 3, 'lr': 0.04503010249969845, 'weight_decay': 4.2043997518858195e-05}
13:40:33  src.cpcv.models.kan_model  INFO  KAN fitted: widths=[14, 2, 2], grid=3, epochs=25, val_acc=0.5390, val_loss=0.6852, logit_range=[-0.52, 0.61], device=cpu.
13:40:33  src.cpcv.pipeline  INFO    [ 25/84]                  kan (seed=0) F1=0.495  AUC=0.491  LL=0.7103 (0.4s)
13:40:34  src.cpcv.models.kan_model  INFO  KAN fitted: widths=[14, 2, 2], grid=3, epochs=27, val_acc=0.5674, val_loss=0.6879, logit_range=[-1.25, 0.45], device=cpu.
13:40:34  src.cpcv.pipeline  INFO    [ 26/84]                  kan (seed=1) F1=0.513  AUC=0.513  LL=0.7104 (0.4s)
13:40:34  src.cpcv.models.kan_model  INFO  KAN fitted: widths=[14, 2, 2], grid=3, epochs=25, val_acc=0.5887, val_loss=0.6810, logit_range=[-0.72, 0.33], device=cpu.
13:40:34  src.cpcv.pipeline  INFO    [ 27/84]                  kan (seed=2) F1=0.524  AUC=0.514  LL=0.7080 (0.4s)
13:40:34  src.cpcv.preprocessing  INFO  Computing MDA (Random Forest)...
13:40:59  src.cpcv.preprocessing  INFO  Computing MDA (Logistic Regression)...
13:41:01  src.cpcv.preprocessing  INFO  Multi-model MDA: 30/73 passed (MDA > 0), 43 eliminated
13:41:01  src.cpcv.preprocessing  INFO    Capped at 14 features (top_k_frac=0.2)
13:41:01  src.cpcv.preprocessing  INFO    Selected (14): ['chaikin_osc', 'ema_ratio_50_200', 'eth_btc_ratio', 'gk_vol', 'gold_ret_14', 'jarque_bera', 'log_returns_lag21', 'macd', 'macd_hist', 'natgas_ret_30', 'sp500_ret_30', 'us2y', 'vwma_ratio_20_50', 'yield_curve_2y10y']
13:41:01  src.cpcv.pipeline  INFO    Preprocessing: 14 features selected, train=564 + cal=141, test=233
13:41:01  src.cpcv.tuning  INFO  Tuning (1 model) — Optuna TPE + Purged K-Fold (inner: 3 folds, embargo=10 obs)
13:41:01  src.cpcv.tuning  INFO    [tuning] kan (efficient-kan + AdamW): 3 purged K-fold splits, 30 Optuna trials (TPE)
13:42:07  src.cpcv.tuning  INFO      kan: 24 completed, 6 pruned (of 30 total) — best log_loss=0.6879, params={'width1': 3, 'lr': 0.0036297287396821316, 'weight_decay': 0.002439451368114258, 'grid': 5}
13:42:07  src.cpcv.tuning  INFO    [tuning] kan done in 66.5s — best log_loss=0.6879
13:42:07  src.cpcv.tuning  INFO  Tuning total: 66.5s
13:42:07  src.cpcv.pipeline  INFO      applied kan: {'width1': 3, 'width2': 0, 'grid': 5, 'lr': 0.0036297287396821316, 'weight_decay': 0.002439451368114258}
13:42:07  src.cpcv.models.kan_model  INFO  KAN fitted: widths=[14, 3, 2], grid=5, epochs=21, val_acc=0.4468, val_loss=0.7000, logit_range=[-0.22, 0.21], device=cpu.
13:42:07  src.cpcv.pipeline  INFO    [ 28/84]                  kan (seed=0) F1=0.384  AUC=0.484  LL=0.6749 (0.4s)
13:42:08  src.cpcv.models.kan_model  INFO  KAN fitted: widths=[14, 3, 2], grid=5, epochs=22, val_acc=0.5674, val_loss=0.6923, logit_range=[-0.09, 0.10], device=cpu.
13:42:08  src.cpcv.pipeline  INFO    [ 29/84]                  kan (seed=1) F1=0.527  AUC=0.522  LL=0.6910 (0.3s)
13:42:08  src.cpcv.models.kan_model  INFO  KAN fitted: widths=[14, 3, 2], grid=5, epochs=21, val_acc=0.5319, val_loss=0.6932, logit_range=[-0.15, 0.16], device=cpu.
13:42:08  src.cpcv.pipeline  INFO    [ 30/84]                  kan (seed=2) F1=0.384  AUC=0.508  LL=0.6734 (0.3s)
13:42:08  src.cpcv.preprocessing  INFO  Computing MDA (Random Forest)...
13:42:33  src.cpcv.preprocessing  INFO  Computing MDA (Logistic Regression)...
13:42:34  src.cpcv.preprocessing  INFO  Multi-model MDA: 25/73 passed (MDA > 0), 48 eliminated
13:42:34  src.cpcv.preprocessing  INFO    Capped at 14 features (top_k_frac=0.2)
13:42:34  src.cpcv.preprocessing  INFO    Selected (14): ['active_addr_roc_14', 'chaikin_osc', 'fee_per_tx', 'gk_vol', 'hashrate_roc_30', 'log_returns_lag1', 'log_returns_lag5', 'log_returns_lag7', 'macd_hist', 'mfi_14', 'net_exchange_flow', 'sp500_ret_14', 'stoch_k', 'vol_term_30_90']
13:42:34  src.cpcv.pipeline  INFO    Preprocessing: 14 features selected, train=562 + cal=141, test=233
13:42:34  src.cpcv.tuning  INFO  Tuning (1 model) — Optuna TPE + Purged K-Fold (inner: 3 folds, embargo=10 obs)
13:42:34  src.cpcv.tuning  INFO    [tuning] kan (efficient-kan + AdamW): 3 purged K-fold splits, 30 Optuna trials (TPE)
13:43:20  src.cpcv.tuning  INFO      kan: 10 completed, 20 pruned (of 30 total) — best log_loss=0.6854, params={'width1': 4, 'lr': 0.02167523131923694, 'weight_decay': 0.00012220380148467342, 'grid': 3}
13:43:20  src.cpcv.tuning  INFO    [tuning] kan done in 46.3s — best log_loss=0.6854
13:43:20  src.cpcv.tuning  INFO  Tuning total: 46.3s
13:43:20  src.cpcv.pipeline  INFO      applied kan: {'width1': 4, 'width2': 0, 'grid': 3, 'lr': 0.02167523131923694, 'weight_decay': 0.00012220380148467342}
13:43:21  src.cpcv.models.kan_model  INFO  KAN fitted: widths=[14, 4, 2], grid=3, epochs=30, val_acc=0.5603, val_loss=0.6891, logit_range=[-0.49, 0.81], device=cpu.
13:43:21  src.cpcv.pipeline  INFO    [ 31/84]                  kan (seed=0) F1=0.408  AUC=0.473  LL=0.7082 (0.5s)
13:43:22  src.cpcv.models.kan_model  INFO  KAN fitted: widths=[14, 4, 2], grid=3, epochs=51, val_acc=0.5745, val_loss=0.6872, logit_range=[-0.64, 0.82], device=cpu.
13:43:22  src.cpcv.pipeline  INFO    [ 32/84]                  kan (seed=1) F1=0.393  AUC=0.452  LL=0.7254 (0.9s)
13:43:22  src.cpcv.models.kan_model  INFO  KAN fitted: widths=[14, 4, 2], grid=3, epochs=31, val_acc=0.5816, val_loss=0.6863, logit_range=[-0.57, 0.85], device=cpu.
13:43:22  src.cpcv.pipeline  INFO    [ 33/84]                  kan (seed=2) F1=0.420  AUC=0.470  LL=0.7170 (0.5s)
13:43:23  src.cpcv.preprocessing  INFO  Computing MDA (Random Forest)...
13:43:47  src.cpcv.preprocessing  INFO  Computing MDA (Logistic Regression)...
13:43:48  src.cpcv.preprocessing  INFO  Multi-model MDA: 32/73 passed (MDA > 0), 41 eliminated
13:43:48  src.cpcv.preprocessing  INFO    Capped at 14 features (top_k_frac=0.2)
13:43:48  src.cpcv.preprocessing  INFO    Selected (14): ['bb_width', 'copper_ret_14', 'copper_ret_30', 'dxy_roc_30', 'ema_ratio_20_50', 'eth_btc_ratio', 'fee_per_tx', 'log_returns_lag2', 'log_returns_lag7', 'macd_signal', 'mvrv', 'skewness', 'us2y', 'vix']
13:43:48  src.cpcv.pipeline  INFO    Preprocessing: 14 features selected, train=563 + cal=141, test=233
13:43:48  src.cpcv.tuning  INFO  Tuning (1 model) — Optuna TPE + Purged K-Fold (inner: 3 folds, embargo=10 obs)
13:43:48  src.cpcv.tuning  INFO    [tuning] kan (efficient-kan + AdamW): 3 purged K-fold splits, 30 Optuna trials (TPE)
13:44:55  src.cpcv.tuning  INFO      kan: 14 completed, 16 pruned (of 30 total) — best log_loss=0.6725, params={'width1': 6, 'lr': 0.003709742707281969, 'weight_decay': 5.2553409544294246e-05, 'grid': 3}
13:44:55  src.cpcv.tuning  INFO    [tuning] kan done in 66.7s — best log_loss=0.6725
13:44:55  src.cpcv.tuning  INFO  Tuning total: 66.7s
13:44:55  src.cpcv.pipeline  INFO      applied kan: {'width1': 6, 'width2': 0, 'grid': 3, 'lr': 0.003709742707281969, 'weight_decay': 5.2553409544294246e-05}
13:44:56  src.cpcv.models.kan_model  INFO  KAN fitted: widths=[14, 6, 2], grid=3, epochs=62, val_acc=0.5461, val_loss=0.6751, logit_range=[-0.33, 0.48], device=cpu.
13:44:56  src.cpcv.pipeline  INFO    [ 34/84]                  kan (seed=0) F1=0.513  AUC=0.533  LL=0.7337 (1.2s)
13:44:57  src.cpcv.models.kan_model  INFO  KAN fitted: widths=[14, 6, 2], grid=3, epochs=60, val_acc=0.5745, val_loss=0.6746, logit_range=[-0.66, 0.16], device=cpu.
13:44:57  src.cpcv.pipeline  INFO    [ 35/84]                  kan (seed=1) F1=0.467  AUC=0.527  LL=0.7300 (1.0s)
13:44:58  src.cpcv.models.kan_model  INFO  KAN fitted: widths=[14, 6, 2], grid=3, epochs=56, val_acc=0.5461, val_loss=0.6771, logit_range=[-0.41, 0.37], device=cpu.
13:44:58  src.cpcv.pipeline  INFO    [ 36/84]                  kan (seed=2) F1=0.489  AUC=0.530  LL=0.7214 (0.9s)
13:44:58  src.cpcv.preprocessing  INFO  Computing MDA (Random Forest)...
13:45:22  src.cpcv.preprocessing  INFO  Computing MDA (Logistic Regression)...
13:45:23  src.cpcv.preprocessing  INFO  Multi-model MDA: 51/73 passed (MDA > 0), 22 eliminated
13:45:23  src.cpcv.preprocessing  INFO    Capped at 14 features (top_k_frac=0.2)
13:45:23  src.cpcv.preprocessing  INFO    Selected (14): ['copper_ret_14', 'eth_btc_ratio', 'gk_vol', 'kurtosis', 'log_returns', 'log_returns_lag21', 'log_returns_lag6', 'log_returns_lag7', 'mvrv', 'obv', 'roc_14', 'sp500_ret_30', 'us2y', 'yield_curve_2y10y']
13:45:23  src.cpcv.pipeline  INFO    Preprocessing: 14 features selected, train=564 + cal=142, test=240
13:45:23  src.cpcv.tuning  INFO  Tuning (1 model) — Optuna TPE + Purged K-Fold (inner: 3 folds, embargo=10 obs)
13:45:23  src.cpcv.tuning  INFO    [tuning] kan (efficient-kan + AdamW): 3 purged K-fold splits, 30 Optuna trials (TPE)
13:45:58  src.cpcv.tuning  INFO      kan: 9 completed, 21 pruned (of 30 total) — best log_loss=0.6885, params={'width1': 3, 'lr': 0.03670236113993388, 'weight_decay': 0.000756486305939857, 'grid': 5}
13:45:58  src.cpcv.tuning  INFO    [tuning] kan done in 34.4s — best log_loss=0.6885
13:45:58  src.cpcv.tuning  INFO  Tuning total: 34.4s
13:45:58  src.cpcv.pipeline  INFO      applied kan: {'width1': 3, 'width2': 0, 'grid': 5, 'lr': 0.03670236113993388, 'weight_decay': 0.000756486305939857}
13:45:58  src.cpcv.models.kan_model  INFO  KAN fitted: widths=[14, 3, 2], grid=5, epochs=21, val_acc=0.4507, val_loss=0.6969, logit_range=[-0.08, 0.23], device=cpu.
13:45:58  src.cpcv.pipeline  INFO    [ 37/84]                  kan (seed=0) F1=0.373  AUC=0.556  LL=0.6690 (0.3s)
13:45:58  src.cpcv.models.kan_model  INFO  KAN fitted: widths=[14, 3, 2], grid=5, epochs=21, val_acc=0.4930, val_loss=0.6914, logit_range=[-0.15, 0.05], device=cpu.
13:45:59  src.cpcv.pipeline  INFO    [ 38/84]                  kan (seed=1) F1=0.430  AUC=0.436  LL=0.7088 (0.4s)
13:45:59  src.cpcv.models.kan_model  INFO  KAN fitted: widths=[14, 3, 2], grid=5, epochs=21, val_acc=0.4648, val_loss=0.6944, logit_range=[-0.08, 0.06], device=cpu.
13:45:59  src.cpcv.pipeline  INFO    [ 39/84]                  kan (seed=2) F1=0.373  AUC=0.479  LL=0.6793 (0.3s)
13:45:59  src.cpcv.preprocessing  INFO  Computing MDA (Random Forest)...
13:46:23  src.cpcv.preprocessing  INFO  Computing MDA (Logistic Regression)...
13:46:24  src.cpcv.preprocessing  INFO  Multi-model MDA: 47/73 passed (MDA > 0), 26 eliminated
13:46:24  src.cpcv.preprocessing  INFO    Capped at 14 features (top_k_frac=0.2)
13:46:24  src.cpcv.preprocessing  INFO    Selected (14): ['cci_14', 'copper_ret_14', 'copper_ret_30', 'log_returns_lag14', 'log_returns_lag2', 'log_returns_lag7', 'macd', 'negentropy', 'obv', 'realized_vol', 'rsi', 'sp500_ret_14', 'variance_ratio', 'vol_term_30_90']
13:46:24  src.cpcv.pipeline  INFO    Preprocessing: 14 features selected, train=528 + cal=132, test=288
13:46:24  src.cpcv.tuning  INFO  Tuning (1 model) — Optuna TPE + Purged K-Fold (inner: 3 folds, embargo=10 obs)
13:46:24  src.cpcv.tuning  INFO    [tuning] kan (efficient-kan + AdamW): 3 purged K-fold splits, 30 Optuna trials (TPE)
13:47:06  src.cpcv.tuning  INFO      kan: 11 completed, 19 pruned (of 30 total) — best log_loss=0.6925, params={'width1': 5, 'lr': 0.0009505122659935177, 'weight_decay': 6.144543785587468e-05, 'grid': 5}
13:47:06  src.cpcv.tuning  INFO    [tuning] kan done in 41.8s — best log_loss=0.6925
13:47:06  src.cpcv.tuning  INFO  Tuning total: 41.8s
13:47:06  src.cpcv.pipeline  INFO      applied kan: {'width1': 5, 'width2': 0, 'grid': 5, 'lr': 0.0009505122659935177, 'weight_decay': 6.144543785587468e-05}
13:47:08  src.cpcv.models.kan_model  INFO  KAN fitted: widths=[14, 5, 2], grid=5, epochs=141, val_acc=0.4848, val_loss=0.6792, logit_range=[-0.28, 0.27], device=cpu.
13:47:08  src.cpcv.pipeline  INFO    [ 40/84]                  kan (seed=0) F1=0.365  AUC=0.506  LL=0.7802 (2.1s)
13:47:10  src.cpcv.models.kan_model  INFO  KAN fitted: widths=[14, 5, 2], grid=5, epochs=154, val_acc=0.5076, val_loss=0.6796, logit_range=[-0.47, 0.23], device=cpu.
13:47:10  src.cpcv.pipeline  INFO    [ 41/84]                  kan (seed=1) F1=0.371  AUC=0.518  LL=0.7326 (2.3s)
13:47:13  src.cpcv.models.kan_model  INFO  KAN fitted: widths=[14, 5, 2], grid=5, epochs=153, val_acc=0.5076, val_loss=0.6883, logit_range=[-0.25, 0.35], device=cpu.
13:47:13  src.cpcv.pipeline  INFO    [ 42/84]                  kan (seed=2) F1=0.338  AUC=0.531  LL=0.7052 (2.3s)
13:47:13  src.cpcv.preprocessing  INFO  Computing MDA (Random Forest)...
13:47:37  src.cpcv.preprocessing  INFO  Computing MDA (Logistic Regression)...
13:47:38  src.cpcv.preprocessing  INFO  Multi-model MDA: 45/73 passed (MDA > 0), 28 eliminated
13:47:38  src.cpcv.preprocessing  INFO    Capped at 14 features (top_k_frac=0.2)
13:47:38  src.cpcv.preprocessing  INFO    Selected (14): ['active_addr_roc_14', 'bb_width', 'ema_ratio_50_200', 'eth_btc_ratio', 'gold_ret_14', 'issuance_ntv', 'log_returns_lag2', 'mvrv', 'oil_ret_14', 'rsi', 'silver_ret_14', 'skewness', 'vol_term_30_90', 'yield_curve_10y30y']
13:47:38  src.cpcv.pipeline  INFO    Preprocessing: 14 features selected, train=519 + cal=130, test=288
13:47:38  src.cpcv.tuning  INFO  Tuning (1 model) — Optuna TPE + Purged K-Fold (inner: 3 folds, embargo=10 obs)
13:47:38  src.cpcv.tuning  INFO    [tuning] kan (efficient-kan + AdamW): 3 purged K-fold splits, 30 Optuna trials (TPE)
13:48:19  src.cpcv.tuning  INFO      kan: 30 completed, 0 pruned (of 30 total) — best log_loss=0.6865, params={'width1': 4, 'lr': 0.012279484100563818, 'weight_decay': 0.001516861709576312, 'grid': 3}
13:48:19  src.cpcv.tuning  INFO    [tuning] kan done in 41.4s — best log_loss=0.6865
13:48:19  src.cpcv.tuning  INFO  Tuning total: 41.4s
13:48:19  src.cpcv.pipeline  INFO      applied kan: {'width1': 4, 'width2': 0, 'grid': 3, 'lr': 0.012279484100563818, 'weight_decay': 0.001516861709576312}
13:48:19  src.cpcv.models.kan_model  INFO  KAN fitted: widths=[14, 4, 2], grid=3, epochs=27, val_acc=0.5385, val_loss=0.6942, logit_range=[-0.37, 0.31], device=cpu.
13:48:20  src.cpcv.pipeline  INFO    [ 43/84]                  kan (seed=0) F1=0.344  AUC=0.601  LL=0.6870 (0.4s)
13:48:20  src.cpcv.models.kan_model  INFO  KAN fitted: widths=[14, 4, 2], grid=3, epochs=24, val_acc=0.5077, val_loss=0.6929, logit_range=[-0.15, 0.16], device=cpu.
13:48:20  src.cpcv.pipeline  INFO    [ 44/84]                  kan (seed=1) F1=0.344  AUC=0.620  LL=0.6880 (0.4s)
13:48:20  src.cpcv.models.kan_model  INFO  KAN fitted: widths=[14, 4, 2], grid=3, epochs=31, val_acc=0.5615, val_loss=0.6875, logit_range=[-0.25, 0.37], device=cpu.
13:48:20  src.cpcv.pipeline  INFO    [ 45/84]                  kan (seed=2) F1=0.490  AUC=0.619  LL=0.6778 (0.4s)
13:48:21  src.cpcv.preprocessing  INFO  Computing MDA (Random Forest)...
13:48:45  src.cpcv.preprocessing  INFO  Computing MDA (Logistic Regression)...
13:48:46  src.cpcv.preprocessing  INFO  Multi-model MDA: 58/73 passed (MDA > 0), 15 eliminated
13:48:46  src.cpcv.preprocessing  INFO    Capped at 14 features (top_k_frac=0.2)
13:48:46  src.cpcv.preprocessing  INFO    Selected (14): ['active_addr_roc_14', 'dxy_roc_30', 'ema_ratio_20_50', 'ema_ratio_50_200', 'hurst', 'log_returns_lag1', 'mvrv', 'natgas_ret_30', 'oil_ret_14', 'oil_ret_30', 'skewness', 'vol_term_30_90', 'yield_curve_10y30y', 'yz_vol']
13:48:46  src.cpcv.pipeline  INFO    Preprocessing: 14 features selected, train=517 + cal=130, test=288
13:48:46  src.cpcv.tuning  INFO  Tuning (1 model) — Optuna TPE + Purged K-Fold (inner: 3 folds, embargo=10 obs)
13:48:46  src.cpcv.tuning  INFO    [tuning] kan (efficient-kan + AdamW): 3 purged K-fold splits, 30 Optuna trials (TPE)
13:49:32  src.cpcv.tuning  INFO      kan: 27 completed, 3 pruned (of 30 total) — best log_loss=0.6885, params={'width1': 2, 'lr': 0.04353010439152429, 'weight_decay': 0.001764971584817572, 'grid': 3}
13:49:32  src.cpcv.tuning  INFO    [tuning] kan done in 45.4s — best log_loss=0.6885
13:49:32  src.cpcv.tuning  INFO  Tuning total: 45.4s
13:49:32  src.cpcv.pipeline  INFO      applied kan: {'width1': 2, 'width2': 0, 'grid': 3, 'lr': 0.04353010439152429, 'weight_decay': 0.001764971584817572}
13:49:32  src.cpcv.models.kan_model  INFO  KAN fitted: widths=[14, 2, 2], grid=3, epochs=25, val_acc=0.5615, val_loss=0.6719, logit_range=[-0.61, 0.36], device=cpu.
13:49:32  src.cpcv.pipeline  INFO    [ 46/84]                  kan (seed=0) F1=0.450  AUC=0.506  LL=0.7357 (0.3s)
13:49:33  src.cpcv.models.kan_model  INFO  KAN fitted: widths=[14, 2, 2], grid=3, epochs=30, val_acc=0.5231, val_loss=0.6830, logit_range=[-0.62, 0.47], device=cpu.
13:49:33  src.cpcv.pipeline  INFO    [ 47/84]                  kan (seed=1) F1=0.513  AUC=0.544  LL=0.7038 (0.4s)
13:49:33  src.cpcv.models.kan_model  INFO  KAN fitted: widths=[14, 2, 2], grid=3, epochs=37, val_acc=0.5538, val_loss=0.6770, logit_range=[-0.69, 0.46], device=cpu.
13:49:33  src.cpcv.pipeline  INFO    [ 48/84]                  kan (seed=2) F1=0.443  AUC=0.508  LL=0.7200 (0.5s)
13:49:33  src.cpcv.preprocessing  INFO  Computing MDA (Random Forest)...
13:49:57  src.cpcv.preprocessing  INFO  Computing MDA (Logistic Regression)...
13:49:58  src.cpcv.preprocessing  INFO  Multi-model MDA: 27/73 passed (MDA > 0), 46 eliminated
13:49:58  src.cpcv.preprocessing  INFO    Capped at 14 features (top_k_frac=0.2)
13:49:58  src.cpcv.preprocessing  INFO    Selected (14): ['cci_14', 'copper_ret_14', 'ema_ratio_20_50', 'eth_btc_ratio', 'log_returns_lag3', 'net_exchange_flow', 'obv', 'oil_ret_14', 'sadf', 'skewness', 'smt_exp', 'vol_term_7_30', 'williams_r', 'yield_curve_2y10y']
13:49:58  src.cpcv.pipeline  INFO    Preprocessing: 14 features selected, train=518 + cal=130, test=288
13:49:58  src.cpcv.tuning  INFO  Tuning (1 model) — Optuna TPE + Purged K-Fold (inner: 3 folds, embargo=10 obs)
13:49:58  src.cpcv.tuning  INFO    [tuning] kan (efficient-kan + AdamW): 3 purged K-fold splits, 30 Optuna trials (TPE)
13:51:08  src.cpcv.tuning  INFO      kan: 24 completed, 6 pruned (of 30 total) — best log_loss=0.6794, params={'width1': 3, 'lr': 0.04300116726859344, 'weight_decay': 0.0004500351876203334, 'grid': 3}
13:51:08  src.cpcv.tuning  INFO    [tuning] kan done in 70.2s — best log_loss=0.6794
13:51:08  src.cpcv.tuning  INFO  Tuning total: 70.2s
13:51:08  src.cpcv.pipeline  INFO      applied kan: {'width1': 3, 'width2': 0, 'grid': 3, 'lr': 0.04300116726859344, 'weight_decay': 0.0004500351876203334}
13:51:09  src.cpcv.models.kan_model  INFO  KAN fitted: widths=[14, 3, 2], grid=3, epochs=25, val_acc=0.5462, val_loss=0.6791, logit_range=[-0.60, 0.42], device=cpu.
13:51:09  src.cpcv.pipeline  INFO    [ 49/84]                  kan (seed=0) F1=0.463  AUC=0.432  LL=0.7405 (0.4s)
13:51:09  src.cpcv.models.kan_model  INFO  KAN fitted: widths=[14, 3, 2], grid=3, epochs=26, val_acc=0.5077, val_loss=0.6829, logit_range=[-0.51, 0.41], device=cpu.
13:51:09  src.cpcv.pipeline  INFO    [ 50/84]                  kan (seed=1) F1=0.447  AUC=0.449  LL=0.7285 (0.3s)
13:51:09  src.cpcv.models.kan_model  INFO  KAN fitted: widths=[14, 3, 2], grid=3, epochs=23, val_acc=0.5077, val_loss=0.6825, logit_range=[-0.30, 0.29], device=cpu.
13:51:09  src.cpcv.pipeline  INFO    [ 51/84]                  kan (seed=2) F1=0.463  AUC=0.464  LL=0.7326 (0.4s)
13:51:10  src.cpcv.preprocessing  INFO  Computing MDA (Random Forest)...
13:51:34  src.cpcv.preprocessing  INFO  Computing MDA (Logistic Regression)...
13:51:35  src.cpcv.preprocessing  INFO  Multi-model MDA: 28/73 passed (MDA > 0), 45 eliminated
13:51:35  src.cpcv.preprocessing  INFO    Capped at 14 features (top_k_frac=0.2)
13:51:35  src.cpcv.preprocessing  INFO    Selected (14): ['bb_width', 'exchange_supply_pct', 'gold_ret_30', 'hurst', 'log_returns_lag1', 'log_returns_lag5', 'macd', 'macd_hist', 'mfi_14', 'oil_ret_14', 'rsi', 'us10y', 'vix', 'vol_term_30_90']
13:51:35  src.cpcv.pipeline  INFO    Preprocessing: 14 features selected, train=520 + cal=130, test=295
13:51:35  src.cpcv.tuning  INFO  Tuning (1 model) — Optuna TPE + Purged K-Fold (inner: 3 folds, embargo=10 obs)
13:51:35  src.cpcv.tuning  INFO    [tuning] kan (efficient-kan + AdamW): 3 purged K-fold splits, 30 Optuna trials (TPE)
13:53:24  src.cpcv.tuning  INFO      kan: 30 completed, 0 pruned (of 30 total) — best log_loss=0.6815, params={'width1': 6, 'lr': 0.0011876502290593673, 'weight_decay': 0.00012404178787570226, 'grid': 3}
13:53:24  src.cpcv.tuning  INFO    [tuning] kan done in 108.5s — best log_loss=0.6815
13:53:24  src.cpcv.tuning  INFO  Tuning total: 108.5s
13:53:24  src.cpcv.pipeline  INFO      applied kan: {'width1': 6, 'width2': 0, 'grid': 3, 'lr': 0.0011876502290593673, 'weight_decay': 0.00012404178787570226}
13:53:25  src.cpcv.models.kan_model  INFO  KAN fitted: widths=[14, 6, 2], grid=3, epochs=71, val_acc=0.5000, val_loss=0.6904, logit_range=[-0.13, 0.23], device=cpu.
13:53:25  src.cpcv.pipeline  INFO    [ 52/84]                  kan (seed=0) F1=0.331  AUC=0.511  LL=0.6960 (1.4s)
13:53:26  src.cpcv.models.kan_model  INFO  KAN fitted: widths=[14, 6, 2], grid=3, epochs=66, val_acc=0.4692, val_loss=0.6904, logit_range=[-0.12, 0.20], device=cpu.
13:53:26  src.cpcv.pipeline  INFO    [ 53/84]                  kan (seed=1) F1=0.416  AUC=0.516  LL=0.6958 (1.2s)
13:53:28  src.cpcv.models.kan_model  INFO  KAN fitted: widths=[14, 6, 2], grid=3, epochs=122, val_acc=0.5077, val_loss=0.6875, logit_range=[-0.35, 0.35], device=cpu.
13:53:28  src.cpcv.pipeline  INFO    [ 54/84]                  kan (seed=2) F1=0.456  AUC=0.498  LL=0.7113 (1.8s)
13:53:28  src.cpcv.preprocessing  INFO  Computing MDA (Random Forest)...
13:53:53  src.cpcv.preprocessing  INFO  Computing MDA (Logistic Regression)...
13:53:54  src.cpcv.preprocessing  INFO  Multi-model MDA: 45/73 passed (MDA > 0), 28 eliminated
13:53:54  src.cpcv.preprocessing  INFO    Capped at 14 features (top_k_frac=0.2)
13:53:54  src.cpcv.preprocessing  INFO    Selected (14): ['active_addr_roc_14', 'copper_ret_14', 'eth_btc_ratio', 'issuance_ntv', 'log_returns_lag1', 'log_returns_lag6', 'lz_complexity', 'macd_signal', 'mvrv', 'natgas_ret_30', 'negentropy', 'sp500_ret_30', 'stoch_k', 'vwma_ratio_20_50']
13:53:54  src.cpcv.pipeline  INFO    Preprocessing: 14 features selected, train=528 + cal=133, test=288
13:53:54  src.cpcv.tuning  INFO  Tuning (1 model) — Optuna TPE + Purged K-Fold (inner: 3 folds, embargo=10 obs)
13:53:54  src.cpcv.tuning  INFO    [tuning] kan (efficient-kan + AdamW): 3 purged K-fold splits, 30 Optuna trials (TPE)
13:54:41  src.cpcv.tuning  INFO      kan: 22 completed, 8 pruned (of 30 total) — best log_loss=0.6855, params={'width1': 3, 'lr': 0.02828993912631467, 'weight_decay': 0.0013223607997597394, 'grid': 5}
13:54:41  src.cpcv.tuning  INFO    [tuning] kan done in 46.9s — best log_loss=0.6855
13:54:41  src.cpcv.tuning  INFO  Tuning total: 46.9s
13:54:41  src.cpcv.pipeline  INFO      applied kan: {'width1': 3, 'width2': 0, 'grid': 5, 'lr': 0.02828993912631467, 'weight_decay': 0.0013223607997597394}
13:54:41  src.cpcv.models.kan_model  INFO  KAN fitted: widths=[14, 3, 2], grid=5, epochs=21, val_acc=0.5338, val_loss=0.6907, logit_range=[-0.13, 0.17], device=cpu.
13:54:41  src.cpcv.pipeline  INFO    [ 55/84]                  kan (seed=0) F1=0.529  AUC=0.552  LL=0.6798 (0.3s)
13:54:42  src.cpcv.models.kan_model  INFO  KAN fitted: widths=[14, 3, 2], grid=5, epochs=21, val_acc=0.5113, val_loss=0.6922, logit_range=[-0.12, 0.10], device=cpu.
13:54:42  src.cpcv.pipeline  INFO    [ 56/84]                  kan (seed=1) F1=0.470  AUC=0.574  LL=0.6731 (0.3s)
13:54:42  src.cpcv.models.kan_model  INFO  KAN fitted: widths=[14, 3, 2], grid=5, epochs=23, val_acc=0.4511, val_loss=0.6966, logit_range=[-0.10, 0.08], device=cpu.
13:54:42  src.cpcv.pipeline  INFO    [ 57/84]                  kan (seed=2) F1=0.368  AUC=0.498  LL=0.6827 (0.4s)
13:54:42  src.cpcv.preprocessing  INFO  Computing MDA (Random Forest)...
13:55:08  src.cpcv.preprocessing  INFO  Computing MDA (Logistic Regression)...
13:55:09  src.cpcv.preprocessing  INFO  Multi-model MDA: 38/73 passed (MDA > 0), 35 eliminated
13:55:09  src.cpcv.preprocessing  INFO    Capped at 14 features (top_k_frac=0.2)
13:55:09  src.cpcv.preprocessing  INFO    Selected (14): ['active_addr_roc_14', 'bb_width', 'jarque_bera', 'log_returns', 'macd_hist', 'nasdaq_ret_30', 'realized_vol', 'silver_ret_30', 'skewness', 'stoch_d', 'us10y', 'vix', 'vwma_ratio_20_50', 'yield_curve_10y30y']
13:55:09  src.cpcv.pipeline  INFO    Preprocessing: 14 features selected, train=518 + cal=130, test=288
13:55:09  src.cpcv.tuning  INFO  Tuning (1 model) — Optuna TPE + Purged K-Fold (inner: 3 folds, embargo=10 obs)
13:55:09  src.cpcv.tuning  INFO    [tuning] kan (efficient-kan + AdamW): 3 purged K-fold splits, 30 Optuna trials (TPE)
13:55:48  src.cpcv.tuning  INFO      kan: 12 completed, 18 pruned (of 30 total) — best log_loss=0.6880, params={'width1': 3, 'lr': 0.03984727409321968, 'weight_decay': 0.0009454306819536165, 'grid': 3}
13:55:48  src.cpcv.tuning  INFO    [tuning] kan done in 39.1s — best log_loss=0.6880
13:55:48  src.cpcv.tuning  INFO  Tuning total: 39.1s
13:55:48  src.cpcv.pipeline  INFO      applied kan: {'width1': 3, 'width2': 0, 'grid': 3, 'lr': 0.03984727409321968, 'weight_decay': 0.0009454306819536165}
13:55:48  src.cpcv.models.kan_model  INFO  KAN fitted: widths=[14, 3, 2], grid=3, epochs=24, val_acc=0.5923, val_loss=0.6759, logit_range=[-0.50, 0.39], device=cpu.
13:55:48  src.cpcv.pipeline  INFO    [ 58/84]                  kan (seed=0) F1=0.538  AUC=0.573  LL=0.6873 (0.3s)
13:55:49  src.cpcv.models.kan_model  INFO  KAN fitted: widths=[14, 3, 2], grid=3, epochs=25, val_acc=0.5385, val_loss=0.6825, logit_range=[-0.46, 0.66], device=cpu.
13:55:49  src.cpcv.pipeline  INFO    [ 59/84]                  kan (seed=1) F1=0.537  AUC=0.587  LL=0.6847 (0.3s)
13:55:49  src.cpcv.models.kan_model  INFO  KAN fitted: widths=[14, 3, 2], grid=3, epochs=27, val_acc=0.5923, val_loss=0.6710, logit_range=[-0.42, 0.58], device=cpu.
13:55:49  src.cpcv.pipeline  INFO    [ 60/84]                  kan (seed=2) F1=0.551  AUC=0.606  LL=0.6846 (0.4s)
13:55:49  src.cpcv.preprocessing  INFO  Computing MDA (Random Forest)...
13:56:14  src.cpcv.preprocessing  INFO  Computing MDA (Logistic Regression)...
13:56:15  src.cpcv.preprocessing  INFO  Multi-model MDA: 13/73 passed (MDA > 0), 60 eliminated
13:56:15  src.cpcv.preprocessing  INFO    Selected (13): ['bb_width', 'eth_btc_ratio', 'fee_per_tx', 'kurtosis', 'log_returns_lag30', 'log_returns_lag4', 'log_returns_lag5', 'nasdaq_ret_14', 'natgas_ret_14', 'skewness', 'us10y', 'variance_ratio', 'vol_term_7_30']
13:56:15  src.cpcv.pipeline  INFO    Preprocessing: 13 features selected, train=519 + cal=130, test=288
13:56:15  src.cpcv.tuning  INFO  Tuning (1 model) — Optuna TPE + Purged K-Fold (inner: 3 folds, embargo=10 obs)
13:56:15  src.cpcv.tuning  INFO    [tuning] kan (efficient-kan + AdamW): 3 purged K-fold splits, 30 Optuna trials (TPE)
13:57:07  src.cpcv.tuning  INFO      kan: 15 completed, 15 pruned (of 30 total) — best log_loss=0.6823, params={'width1': 4, 'lr': 0.016047921540719476, 'weight_decay': 0.0005068144989420121, 'grid': 3}
13:57:07  src.cpcv.tuning  INFO    [tuning] kan done in 51.9s — best log_loss=0.6823
13:57:07  src.cpcv.tuning  INFO  Tuning total: 51.9s
13:57:07  src.cpcv.pipeline  INFO      applied kan: {'width1': 4, 'width2': 0, 'grid': 3, 'lr': 0.016047921540719476, 'weight_decay': 0.0005068144989420121}
13:57:08  src.cpcv.models.kan_model  INFO  KAN fitted: widths=[13, 4, 2], grid=3, epochs=23, val_acc=0.4615, val_loss=0.6931, logit_range=[-0.13, 0.15], device=cpu.
13:57:08  src.cpcv.pipeline  INFO    [ 61/84]                  kan (seed=0) F1=0.360  AUC=0.506  LL=0.6871 (0.3s)
13:57:08  src.cpcv.models.kan_model  INFO  KAN fitted: widths=[13, 4, 2], grid=3, epochs=25, val_acc=0.4615, val_loss=0.6925, logit_range=[-0.14, 0.28], device=cpu.
13:57:08  src.cpcv.pipeline  INFO    [ 62/84]                  kan (seed=1) F1=0.422  AUC=0.527  LL=0.6843 (0.3s)
13:57:08  src.cpcv.models.kan_model  INFO  KAN fitted: widths=[13, 4, 2], grid=3, epochs=25, val_acc=0.4846, val_loss=0.6919, logit_range=[-0.08, 0.28], device=cpu.
13:57:08  src.cpcv.pipeline  INFO    [ 63/84]                  kan (seed=2) F1=0.463  AUC=0.542  LL=0.6830 (0.4s)
13:57:09  src.cpcv.preprocessing  INFO  Computing MDA (Random Forest)...
13:57:33  src.cpcv.preprocessing  INFO  Computing MDA (Logistic Regression)...
13:57:34  src.cpcv.preprocessing  INFO  Multi-model MDA: 33/73 passed (MDA > 0), 40 eliminated
13:57:34  src.cpcv.preprocessing  INFO    Capped at 14 features (top_k_frac=0.2)
13:57:34  src.cpcv.preprocessing  INFO    Selected (14): ['bb_width', 'copper_ret_14', 'ema_ratio_50_200', 'eth_btc_ratio', 'kurtosis', 'log_returns_lag4', 'macd', 'macd_hist', 'nasdaq_ret_14', 'net_exchange_flow', 'realized_vol', 'sp500_ret_30', 'us10y', 'us2y']
13:57:34  src.cpcv.pipeline  INFO    Preprocessing: 14 features selected, train=520 + cal=131, test=295
13:57:34  src.cpcv.tuning  INFO  Tuning (1 model) — Optuna TPE + Purged K-Fold (inner: 3 folds, embargo=10 obs)
13:57:34  src.cpcv.tuning  INFO    [tuning] kan (efficient-kan + AdamW): 3 purged K-fold splits, 30 Optuna trials (TPE)
13:58:18  src.cpcv.tuning  INFO      kan: 28 completed, 2 pruned (of 30 total) — best log_loss=0.6855, params={'width1': 3, 'lr': 0.022817170364705753, 'weight_decay': 0.0004719173753460007, 'grid': 5}
13:58:18  src.cpcv.tuning  INFO    [tuning] kan done in 43.8s — best log_loss=0.6855
13:58:18  src.cpcv.tuning  INFO  Tuning total: 43.8s
13:58:18  src.cpcv.pipeline  INFO      applied kan: {'width1': 3, 'width2': 0, 'grid': 5, 'lr': 0.022817170364705753, 'weight_decay': 0.0004719173753460007}
13:58:18  src.cpcv.models.kan_model  INFO  KAN fitted: widths=[14, 3, 2], grid=5, epochs=21, val_acc=0.4733, val_loss=0.6933, logit_range=[-0.19, 0.10], device=cpu.
13:58:18  src.cpcv.pipeline  INFO    [ 64/84]                  kan (seed=0) F1=0.360  AUC=0.505  LL=0.6856 (0.3s)
13:58:18  src.cpcv.models.kan_model  INFO  KAN fitted: widths=[14, 3, 2], grid=5, epochs=21, val_acc=0.4580, val_loss=0.6966, logit_range=[-0.22, 0.08], device=cpu.
13:58:18  src.cpcv.pipeline  INFO    [ 65/84]                  kan (seed=1) F1=0.360  AUC=0.500  LL=0.6868 (0.3s)
13:58:19  src.cpcv.models.kan_model  INFO  KAN fitted: widths=[14, 3, 2], grid=5, epochs=21, val_acc=0.4580, val_loss=0.6925, logit_range=[-0.13, 0.18], device=cpu.
13:58:19  src.cpcv.pipeline  INFO    [ 66/84]                  kan (seed=2) F1=0.357  AUC=0.484  LL=0.6880 (0.3s)
13:58:19  src.cpcv.preprocessing  INFO  Computing MDA (Random Forest)...
13:58:44  src.cpcv.preprocessing  INFO  Computing MDA (Logistic Regression)...
13:58:45  src.cpcv.preprocessing  INFO  Multi-model MDA: 31/73 passed (MDA > 0), 42 eliminated
13:58:45  src.cpcv.preprocessing  INFO    Capped at 14 features (top_k_frac=0.2)
13:58:45  src.cpcv.preprocessing  INFO    Selected (14): ['atr', 'bb_width', 'copper_ret_30', 'hashrate_roc_30', 'kurtosis', 'log_returns_lag5', 'nasdaq_ret_14', 'natgas_ret_30', 'roc_14', 'sadf', 'shannon_entropy', 'stoch_d', 'stoch_k', 'vol_term_7_30']
13:58:45  src.cpcv.pipeline  INFO    Preprocessing: 14 features selected, train=528 + cal=133, test=288
13:58:45  src.cpcv.tuning  INFO  Tuning (1 model) — Optuna TPE + Purged K-Fold (inner: 3 folds, embargo=10 obs)
13:58:45  src.cpcv.tuning  INFO    [tuning] kan (efficient-kan + AdamW): 3 purged K-fold splits, 30 Optuna trials (TPE)
13:59:17  src.cpcv.tuning  INFO      kan: 14 completed, 16 pruned (of 30 total) — best log_loss=0.6895, params={'width1': 3, 'lr': 0.016191273389362982, 'weight_decay': 0.0011567317709670162, 'grid': 3}
13:59:17  src.cpcv.tuning  INFO    [tuning] kan done in 31.3s — best log_loss=0.6895
13:59:17  src.cpcv.tuning  INFO  Tuning total: 31.3s
13:59:17  src.cpcv.pipeline  INFO      applied kan: {'width1': 3, 'width2': 0, 'grid': 3, 'lr': 0.016191273389362982, 'weight_decay': 0.0011567317709670162}
13:59:17  src.cpcv.models.kan_model  INFO  KAN fitted: widths=[14, 3, 2], grid=3, epochs=21, val_acc=0.4812, val_loss=0.6985, logit_range=[-0.17, 0.11], device=cpu.
13:59:17  src.cpcv.pipeline  INFO    [ 67/84]                  kan (seed=0) F1=0.356  AUC=0.492  LL=0.6880 (0.4s)
13:59:17  src.cpcv.models.kan_model  INFO  KAN fitted: widths=[14, 3, 2], grid=3, epochs=21, val_acc=0.4436, val_loss=0.6947, logit_range=[-0.14, 0.10], device=cpu.
13:59:17  src.cpcv.pipeline  INFO    [ 68/84]                  kan (seed=1) F1=0.356  AUC=0.506  LL=0.6880 (0.4s)
13:59:17  src.cpcv.models.kan_model  INFO  KAN fitted: widths=[14, 3, 2], grid=3, epochs=21, val_acc=0.5113, val_loss=0.6914, logit_range=[-0.07, 0.13], device=cpu.
13:59:18  src.cpcv.pipeline  INFO    [ 69/84]                  kan (seed=2) F1=0.492  AUC=0.544  LL=0.6842 (0.3s)
13:59:18  src.cpcv.preprocessing  INFO  Computing MDA (Random Forest)...
13:59:43  src.cpcv.preprocessing  INFO  Computing MDA (Logistic Regression)...
13:59:44  src.cpcv.preprocessing  INFO  Multi-model MDA: 28/73 passed (MDA > 0), 45 eliminated
13:59:44  src.cpcv.preprocessing  INFO    Capped at 14 features (top_k_frac=0.2)
13:59:44  src.cpcv.preprocessing  INFO    Selected (14): ['bb_width', 'cci_14', 'copper_ret_14', 'dxy_roc_30', 'eth_btc_ratio', 'log_returns_lag1', 'log_returns_lag30', 'log_returns_lag7', 'nasdaq_ret_30', 'sadf', 'vol_term_30_90', 'vol_term_7_30', 'vwma_ratio_20_50', 'yield_curve_10y30y']
13:59:44  src.cpcv.pipeline  INFO    Preprocessing: 14 features selected, train=519 + cal=130, test=288
13:59:44  src.cpcv.tuning  INFO  Tuning (1 model) — Optuna TPE + Purged K-Fold (inner: 3 folds, embargo=10 obs)
13:59:44  src.cpcv.tuning  INFO    [tuning] kan (efficient-kan + AdamW): 3 purged K-fold splits, 30 Optuna trials (TPE)
14:00:18  src.cpcv.tuning  INFO      kan: 15 completed, 15 pruned (of 30 total) — best log_loss=0.6887, params={'width1': 6, 'lr': 0.012853651889729692, 'weight_decay': 7.419615919816834e-05, 'grid': 5}
14:00:18  src.cpcv.tuning  INFO    [tuning] kan done in 33.2s — best log_loss=0.6887
14:00:18  src.cpcv.tuning  INFO  Tuning total: 33.2s
14:00:18  src.cpcv.pipeline  INFO      applied kan: {'width1': 6, 'width2': 0, 'grid': 5, 'lr': 0.012853651889729692, 'weight_decay': 7.419615919816834e-05}
14:00:18  src.cpcv.models.kan_model  INFO  KAN fitted: widths=[14, 6, 2], grid=5, epochs=21, val_acc=0.4462, val_loss=0.6964, logit_range=[-0.10, 0.10], device=cpu.
14:00:18  src.cpcv.pipeline  INFO    [ 70/84]                  kan (seed=0) F1=0.366  AUC=0.525  LL=0.6857 (0.4s)
14:00:18  src.cpcv.models.kan_model  INFO  KAN fitted: widths=[14, 6, 2], grid=5, epochs=26, val_acc=0.5308, val_loss=0.6893, logit_range=[-0.23, 0.43], device=cpu.
14:00:19  src.cpcv.pipeline  INFO    [ 71/84]                  kan (seed=1) F1=0.535  AUC=0.547  LL=0.6884 (0.4s)
14:00:19  src.cpcv.models.kan_model  INFO  KAN fitted: widths=[14, 6, 2], grid=5, epochs=26, val_acc=0.4692, val_loss=0.6935, logit_range=[-0.17, 0.13], device=cpu.
14:00:19  src.cpcv.pipeline  INFO    [ 72/84]                  kan (seed=2) F1=0.384  AUC=0.526  LL=0.6841 (0.4s)
14:00:19  src.cpcv.preprocessing  INFO  Computing MDA (Random Forest)...
14:00:44  src.cpcv.preprocessing  INFO  Computing MDA (Logistic Regression)...
14:00:45  src.cpcv.preprocessing  INFO  Multi-model MDA: 46/73 passed (MDA > 0), 27 eliminated
14:00:45  src.cpcv.preprocessing  INFO    Capped at 14 features (top_k_frac=0.2)
14:00:45  src.cpcv.preprocessing  INFO    Selected (14): ['bb_width', 'ema_ratio_50_200', 'exchange_supply_pct', 'hurst', 'issuance_ntv', 'log_returns_lag21', 'log_returns_lag4', 'natgas_ret_30', 'realized_vol', 'sadf', 'silver_ret_30', 'us2y', 'vwma_ratio_20_50', 'yield_curve_2y10y']
14:00:45  src.cpcv.pipeline  INFO    Preprocessing: 14 features selected, train=520 + cal=131, test=295
14:00:45  src.cpcv.tuning  INFO  Tuning (1 model) — Optuna TPE + Purged K-Fold (inner: 3 folds, embargo=10 obs)
14:00:45  src.cpcv.tuning  INFO    [tuning] kan (efficient-kan + AdamW): 3 purged K-fold splits, 30 Optuna trials (TPE)
14:01:13  src.cpcv.tuning  INFO      kan: 17 completed, 13 pruned (of 30 total) — best log_loss=0.6885, params={'width1': 4, 'lr': 0.03403333987541502, 'weight_decay': 0.00014018111378635343, 'grid': 3}
14:01:13  src.cpcv.tuning  INFO    [tuning] kan done in 28.0s — best log_loss=0.6885
14:01:13  src.cpcv.tuning  INFO  Tuning total: 28.0s
14:01:13  src.cpcv.pipeline  INFO      applied kan: {'width1': 4, 'width2': 0, 'grid': 3, 'lr': 0.03403333987541502, 'weight_decay': 0.00014018111378635343}
14:01:13  src.cpcv.models.kan_model  INFO  KAN fitted: widths=[14, 4, 2], grid=3, epochs=21, val_acc=0.4656, val_loss=0.6955, logit_range=[-0.12, 0.34], device=cpu.
14:01:13  src.cpcv.pipeline  INFO    [ 73/84]                  kan (seed=0) F1=0.423  AUC=0.499  LL=0.6936 (0.4s)
14:01:14  src.cpcv.models.kan_model  INFO  KAN fitted: widths=[14, 4, 2], grid=3, epochs=21, val_acc=0.4656, val_loss=0.6935, logit_range=[-0.06, 0.04], device=cpu.
14:01:14  src.cpcv.pipeline  INFO    [ 74/84]                  kan (seed=1) F1=0.366  AUC=0.534  LL=0.6827 (0.3s)
14:01:14  src.cpcv.models.kan_model  INFO  KAN fitted: widths=[14, 4, 2], grid=3, epochs=21, val_acc=0.4656, val_loss=0.6949, logit_range=[-0.26, 0.02], device=cpu.
14:01:14  src.cpcv.pipeline  INFO    [ 75/84]                  kan (seed=2) F1=0.366  AUC=0.494  LL=0.6848 (0.3s)
14:01:14  src.cpcv.preprocessing  INFO  Computing MDA (Random Forest)...
14:01:39  src.cpcv.preprocessing  INFO  Computing MDA (Logistic Regression)...
14:01:40  src.cpcv.preprocessing  INFO  Multi-model MDA: 12/73 passed (MDA > 0), 61 eliminated
14:01:40  src.cpcv.preprocessing  INFO    Selected (12): ['active_addr_roc_14', 'eth_btc_ratio', 'kurtosis', 'log_returns', 'log_returns_lag21', 'log_returns_lag30', 'natgas_ret_30', 'roc_14', 'silver_ret_14', 'smt_exp', 'us2y', 'vwma_ratio_20_50']
14:01:40  src.cpcv.pipeline  INFO    Preprocessing: 12 features selected, train=527 + cal=132, test=288
14:01:40  src.cpcv.tuning  INFO  Tuning (1 model) — Optuna TPE + Purged K-Fold (inner: 3 folds, embargo=10 obs)
14:01:40  src.cpcv.tuning  INFO    [tuning] kan (efficient-kan + AdamW): 3 purged K-fold splits, 30 Optuna trials (TPE)
14:02:24  src.cpcv.tuning  INFO      kan: 21 completed, 9 pruned (of 30 total) — best log_loss=0.6866, params={'width1': 3, 'lr': 0.032681320414828685, 'weight_decay': 0.000898895093834073, 'grid': 5}
14:02:24  src.cpcv.tuning  INFO    [tuning] kan done in 44.5s — best log_loss=0.6866
14:02:24  src.cpcv.tuning  INFO  Tuning total: 44.5s
14:02:24  src.cpcv.pipeline  INFO      applied kan: {'width1': 3, 'width2': 0, 'grid': 5, 'lr': 0.032681320414828685, 'weight_decay': 0.000898895093834073}
14:02:25  src.cpcv.models.kan_model  INFO  KAN fitted: widths=[12, 3, 2], grid=5, epochs=23, val_acc=0.4848, val_loss=0.6927, logit_range=[-0.15, 0.22], device=cpu.
14:02:25  src.cpcv.pipeline  INFO    [ 76/84]                  kan (seed=0) F1=0.347  AUC=0.536  LL=0.6897 (0.4s)
14:02:25  src.cpcv.models.kan_model  INFO  KAN fitted: widths=[12, 3, 2], grid=5, epochs=24, val_acc=0.4621, val_loss=0.6931, logit_range=[-0.19, 0.23], device=cpu.
14:02:25  src.cpcv.pipeline  INFO    [ 77/84]                  kan (seed=1) F1=0.347  AUC=0.510  LL=0.6916 (0.5s)
14:02:26  src.cpcv.models.kan_model  INFO  KAN fitted: widths=[12, 3, 2], grid=5, epochs=23, val_acc=0.5227, val_loss=0.6904, logit_range=[-0.13, 0.26], device=cpu.
14:02:26  src.cpcv.pipeline  INFO    [ 78/84]                  kan (seed=2) F1=0.389  AUC=0.510  LL=0.6966 (0.4s)
14:02:26  src.cpcv.preprocessing  INFO  Computing MDA (Random Forest)...
14:02:50  src.cpcv.preprocessing  INFO  Computing MDA (Logistic Regression)...
14:02:51  src.cpcv.preprocessing  INFO  Multi-model MDA: 44/73 passed (MDA > 0), 29 eliminated
14:02:51  src.cpcv.preprocessing  INFO    Capped at 14 features (top_k_frac=0.2)
14:02:51  src.cpcv.preprocessing  INFO    Selected (14): ['bb_width', 'exchange_supply_pct', 'gold_ret_30', 'kurtosis', 'log_returns_lag1', 'log_returns_lag3', 'log_returns_lag7', 'natgas_ret_14', 'natgas_ret_30', 'smt_poly1', 'us10y', 'us2y', 'yield_curve_10y30y', 'yield_curve_2y10y']
14:02:51  src.cpcv.pipeline  INFO    Preprocessing: 14 features selected, train=519 + cal=130, test=295
14:02:51  src.cpcv.tuning  INFO  Tuning (1 model) — Optuna TPE + Purged K-Fold (inner: 3 folds, embargo=10 obs)
14:02:51  src.cpcv.tuning  INFO    [tuning] kan (efficient-kan + AdamW): 3 purged K-fold splits, 30 Optuna trials (TPE)
14:03:40  src.cpcv.tuning  INFO      kan: 21 completed, 9 pruned (of 30 total) — best log_loss=0.6755, params={'width1': 6, 'lr': 0.045963753345642185, 'weight_decay': 1.0476301951439156e-05, 'grid': 3}
14:03:40  src.cpcv.tuning  INFO    [tuning] kan done in 48.8s — best log_loss=0.6755
14:03:40  src.cpcv.tuning  INFO  Tuning total: 48.8s
14:03:40  src.cpcv.pipeline  INFO      applied kan: {'width1': 6, 'width2': 0, 'grid': 3, 'lr': 0.045963753345642185, 'weight_decay': 1.0476301951439156e-05}
14:03:40  src.cpcv.models.kan_model  INFO  KAN fitted: widths=[14, 6, 2], grid=3, epochs=21, val_acc=0.4615, val_loss=0.6924, logit_range=[-0.11, 0.19], device=cpu.
14:03:40  src.cpcv.pipeline  INFO    [ 79/84]                  kan (seed=0) F1=0.354  AUC=0.497  LL=0.6933 (0.3s)
14:03:40  src.cpcv.models.kan_model  INFO  KAN fitted: widths=[14, 6, 2], grid=3, epochs=21, val_acc=0.4692, val_loss=0.6915, logit_range=[-0.12, 0.21], device=cpu.
14:03:40  src.cpcv.pipeline  INFO    [ 80/84]                  kan (seed=1) F1=0.417  AUC=0.506  LL=0.6953 (0.4s)
14:03:41  src.cpcv.models.kan_model  INFO  KAN fitted: widths=[14, 6, 2], grid=3, epochs=21, val_acc=0.4615, val_loss=0.6914, logit_range=[-0.25, 0.14], device=cpu.
14:03:41  src.cpcv.pipeline  INFO    [ 81/84]                  kan (seed=2) F1=0.424  AUC=0.525  LL=0.7129 (0.4s)
14:03:41  src.cpcv.preprocessing  INFO  Computing MDA (Random Forest)...
14:04:06  src.cpcv.preprocessing  INFO  Computing MDA (Logistic Regression)...
14:04:07  src.cpcv.preprocessing  INFO  Multi-model MDA: 32/73 passed (MDA > 0), 41 eliminated
14:04:07  src.cpcv.preprocessing  INFO    Capped at 14 features (top_k_frac=0.2)
14:04:07  src.cpcv.preprocessing  INFO    Selected (14): ['ema_ratio_50_200', 'eth_btc_ratio', 'exchange_supply_pct', 'gk_vol', 'gold_ret_14', 'log_returns_lag21', 'mfi_14', 'roc_14', 'sp500_ret_30', 'stoch_d', 'us10y', 'us2y', 'vol_term_7_30', 'yield_curve_10y30y']
14:04:07  src.cpcv.pipeline  INFO    Preprocessing: 14 features selected, train=531 + cal=133, test=295
14:04:07  src.cpcv.tuning  INFO  Tuning (1 model) — Optuna TPE + Purged K-Fold (inner: 3 folds, embargo=10 obs)
14:04:07  src.cpcv.tuning  INFO    [tuning] kan (efficient-kan + AdamW): 3 purged K-fold splits, 30 Optuna trials (TPE)
14:04:55  src.cpcv.tuning  INFO      kan: 12 completed, 18 pruned (of 30 total) — best log_loss=0.6784, params={'width1': 4, 'lr': 0.02519463610301762, 'weight_decay': 0.00014478803635621098, 'grid': 3}
14:04:55  src.cpcv.tuning  INFO    [tuning] kan done in 48.0s — best log_loss=0.6784
14:04:55  src.cpcv.tuning  INFO  Tuning total: 48.0s
14:04:55  src.cpcv.pipeline  INFO      applied kan: {'width1': 4, 'width2': 0, 'grid': 3, 'lr': 0.02519463610301762, 'weight_decay': 0.00014478803635621098}
14:04:56  src.cpcv.models.kan_model  INFO  KAN fitted: widths=[14, 4, 2], grid=3, epochs=31, val_acc=0.5714, val_loss=0.6540, logit_range=[-0.47, 1.71], device=cpu.
14:04:56  src.cpcv.pipeline  INFO    [ 82/84]                  kan (seed=0) F1=0.481  AUC=0.482  LL=0.7375 (0.5s)
14:04:56  src.cpcv.models.kan_model  INFO  KAN fitted: widths=[14, 4, 2], grid=3, epochs=30, val_acc=0.5789, val_loss=0.6559, logit_range=[-1.31, 0.44], device=cpu.
14:04:56  src.cpcv.pipeline  INFO    [ 83/84]                  kan (seed=1) F1=0.443  AUC=0.479  LL=0.7397 (0.5s)
14:04:57  src.cpcv.models.kan_model  INFO  KAN fitted: widths=[14, 4, 2], grid=3, epochs=31, val_acc=0.5489, val_loss=0.6574, logit_range=[-0.95, 0.56], device=cpu.
14:04:57  src.cpcv.pipeline  INFO    [ 84/84]                  kan (seed=2) F1=0.464  AUC=0.477  LL=0.7408 (0.5s)
14:04:57  src.cpcv.pipeline  INFO  ============================================================
14:04:57  src.cpcv.pipeline  INFO  CPCV Pipeline Complete
14:04:57  src.cpcv.pipeline  INFO  ============================================================
14:04:57  src.cpcv.pipeline  INFO    Total time:     2286.2s (38.1m)
14:04:57  src.cpcv.pipeline  INFO    Tasks:          84 succeeded, 0 failed
14:04:57  src.cpcv.pipeline  INFO    Results keys:   84 (model, split, seed) entries
14:04:57  src.cpcv.pipeline  INFO    Backtest paths: 7
14:04:57  src.cpcv.pipeline  INFO    Tuning:         nested (per-split), 28 splits tuned, models=['kan']
14:04:57  src.cpcv.pipeline  INFO  ============================================================
14:05:33  src.post_cpcv.symbolic_extraction  INFO  Fold F1 scores: {0: '0.4652', 1: '0.3472', 2: '0.5392', 3: '0.4613', 4: '0.5386', 5: '0.4153', 6: '0.4002', 7: '0.3586', 8: '0.5106', 9: '0.4315', 10: '0.4071', 11: '0.4896', 12: '0.3921', 13: '0.3580', 14: '0.3925', 15: '0.4686', 16: '0.4575', 17: '0.4013', 18: '0.4558', 19: '0.5418', 20: '0.4150', 21: '0.3592', 22: '0.4011', 23: '0.4283', 24: '0.3847', 25: '0.3611', 26: '0.3983', 27: '0.4628'}
14:05:33  src.post_cpcv.symbolic_extraction  INFO  Selected fold: split 27 — last/most recent (F1=0.4628)
14:05:35  src.cpcv.cv  INFO  CPCV: 28 splits generated (N=8, k=2, embargo=11 obs).
14:05:35  src.post_cpcv.symbolic_extraction  INFO  Symbolic extraction feature subset: 5 feature(s) (overrides per-fold MDA selection).
14:05:35  src.post_cpcv.symbolic_extraction  INFO  Extraction data: 530 train, 133 val, 5 features (tanh-normalized).
14:05:36  src.post_cpcv.symbolic_extraction  INFO  Extraction Phase 1: Adam (600 steps, wd=0.0010, noise=0.050)
14:05:51  src.post_cpcv.symbolic_extraction  INFO  After Adam: train_acc=0.4604, val_acc=0.5038
14:05:51  src.post_cpcv.symbolic_extraction  WARNING  Adam phase val_acc=0.5038 < 0.53 minimum. PyKAN may not have learned meaningful patterns.
14:05:51  src.post_cpcv.symbolic_extraction  INFO  Extraction Phase 2a: LBFGS warmup (20 steps, no reg)
14:05:57  src.post_cpcv.symbolic_extraction  INFO  After LBFGS warmup: train_acc=0.6962, val_acc=0.5489
14:05:57  src.post_cpcv.symbolic_extraction  INFO  Extraction Phase 2b: LBFGS sparsity (20 steps, lamb=0.0020)
14:06:02  src.post_cpcv.symbolic_extraction  INFO  After LBFGS sparsity (final): train_acc=0.7245, val_acc=0.5940
14:06:02  src.post_cpcv.symbolic_extraction  INFO  KAN trained. Val accuracy: 0.5940, width: [[5, 0], [2, 0], [2, 0]]
14:06:02  src.post_cpcv.symbolic_extraction  INFO  Pre-prune edge analysis: 14/14 active (100.0%)
14:06:02  src.post_cpcv.symbolic_extraction  INFO  Pruned: [[5, 0], [2, 0], [2, 0]] → [[5, 0], [2, 0], [2, 0]]
14:06:04  src.post_cpcv.symbolic_extraction  INFO  Saved kan_pruned_network.png
14:06:05  src.post_cpcv.symbolic_extraction  INFO  Edge (0,0,0): sin (R²=1.0000) ✓
14:06:05  src.post_cpcv.symbolic_extraction  INFO  Edge (0,0,1): sin (R²=1.0000) ✓
14:06:05  src.post_cpcv.symbolic_extraction  INFO  Edge (0,1,0): sin (R²=0.9997) ✓
14:06:06  src.post_cpcv.symbolic_extraction  INFO  Edge (0,1,1): sin (R²=0.9998) ✓
14:06:06  src.post_cpcv.symbolic_extraction  INFO  Edge (0,2,0): sin (R²=0.9988) ✓
14:06:07  src.post_cpcv.symbolic_extraction  INFO  Edge (0,2,1): sin (R²=0.9931) ✓
14:06:08  src.post_cpcv.symbolic_extraction  INFO  Edge (0,3,1): x^3 (R²=0.9489) ✓
14:06:09  src.post_cpcv.symbolic_extraction  INFO  Edge (0,4,0): arctan (R²=0.9960) ✓
14:06:09  src.post_cpcv.symbolic_extraction  INFO  Edge (0,4,1): abs (R²=0.9983) ✓
14:06:10  src.post_cpcv.symbolic_extraction  INFO  Edge (1,0,0): tanh (R²=0.7137) ✓
14:06:11  src.post_cpcv.symbolic_extraction  INFO  Edge (1,0,1): sin (R²=0.5746) ✓
14:06:11  src.post_cpcv.symbolic_extraction  INFO  Edge (1,1,0): tanh (R²=0.6332) ✓
14:06:12  src.post_cpcv.symbolic_extraction  INFO  Edge (1,1,1): sin (R²=0.6640) ✓
14:06:20  src.post_cpcv.symbolic_extraction  INFO  Saved kan_symbolified_network.png
14:06:50  src.post_cpcv.symbolic_extraction  WARNING  sympy.simplify timed out after 30s. Using unsimplified.
14:11:30  src.post_cpcv.symbolic_extraction  WARNING  Sensitivity table: 1/5 features have non-finite gradient at the mean; reported as NaN. Consider eval_point='median' or inspect the symbolic formula for poles near these features' mean.
