12:40:42  src.pre_cpcv.data_loader  INFO  [data_loader] BTC-USD: 2014-11-01 → 2026-04-30 | 4199 rows | 0 warning(s)
12:40:46  src.pre_cpcv.labeling  INFO  Triple-barrier: 1266 events labeled. Class distribution: {1: 661, -1: 498, 0: 107}
12:40:47  src.pre_cpcv.labeling  WARNING  Dropped 107 row(s) belonging to rare class(es) [0] (< 8.5%).
12:40:49  src.pre_cpcv.sample_weights  INFO  Capped 12 weights at 2.83 (99% percentile).
12:40:50  src.pre_cpcv.features  INFO  Lag features: 6 columns, 4199 rows (lags=[1, 2, 3, 7, 14, 30]).
12:40:51  src.pre_cpcv.features  INFO  TA features: 25 columns, 4199 rows.
12:40:53  src.pre_cpcv.external_features  INFO  External features loaded from cache (22 cols).
12:40:53  src.pre_cpcv.features  INFO  Math features loaded from cache ({'jarque_bera', 'lz_complexity', 'shannon_entropy', 'variance_ratio', 'smt_exp', 'hurst', 'sadf', 'negentropy', 'smt_poly1'}).
12:40:54  src.pre_cpcv.features  INFO  Log-transformed columns: signed=['obv', 'chaikin_osc'], unsigned=['atr']
12:41:16  src.pre_cpcv.alignment  WARNING  Remaining NaNs in 1 feature column(s) after alignment:
oil_ret_30    1
12:41:16  src.pre_cpcv.alignment  INFO  Alignment validation passed (1159 samples, 62 features).
12:41:18  src.cpcv.cv  INFO  CPCV: 28 splits generated (N=8, k=2, embargo=11 obs).
12:41:18  src.cpcv.cv  INFO  Path matrix: 7 paths, 8 groups, 28 splits.
12:41:21  src.cpcv.pipeline  INFO  ============================================================
12:41:21  src.cpcv.pipeline  INFO  CPCV Pipeline
12:41:21  src.cpcv.pipeline  INFO  ============================================================
12:41:21  src.cpcv.pipeline  INFO    Models:         ['ar_logistic']
12:41:21  src.cpcv.pipeline  INFO    Seeds/fold:     3
12:41:21  src.cpcv.pipeline  INFO    Groups (N):     8
12:41:21  src.cpcv.pipeline  INFO    Test groups (k):2
12:41:21  src.cpcv.pipeline  INFO    Embargo:        1.0%
12:41:21  src.cpcv.pipeline  INFO    FFD columns:    ['atr']
12:41:21  src.cpcv.pipeline  INFO    Samples:        1159
12:41:21  src.cpcv.pipeline  INFO    Features:       62
12:41:21  src.cpcv.pipeline  INFO    Splits:         28, Paths: 7
12:41:21  src.cpcv.pipeline  INFO    Tuning:         OFF
12:41:21  src.cpcv.pipeline  INFO  ============================================================
12:41:21  src.cpcv.preprocessing  INFO  Feature selection skipped (AR Logistic uses lagged returns only)
12:41:21  src.cpcv.pipeline  INFO    Preprocessing: FFD + scaling only (no feature selection), train=688 + cal=172, test=89
12:41:21  src.cpcv.pipeline  INFO    AR Logistic lags: [1, 2, 3, 7, 14, 30]
12:41:21  src.cpcv.pipeline  INFO    [  1/84]          ar_logistic (seed=0) F1=0.540  AUC=0.567  LL=0.6932 (0.0s)
12:41:21  src.cpcv.pipeline  INFO    [  2/84]          ar_logistic (seed=1) F1=0.540  AUC=0.567  LL=0.6932 (0.0s)
12:41:21  src.cpcv.pipeline  INFO    [  3/84]          ar_logistic (seed=2) F1=0.540  AUC=0.567  LL=0.6932 (0.0s)
12:41:22  src.cpcv.preprocessing  INFO  Feature selection skipped (AR Logistic uses lagged returns only)
12:41:22  src.cpcv.pipeline  INFO    Preprocessing: FFD + scaling only (no feature selection), train=643 + cal=161, test=144
12:41:22  src.cpcv.pipeline  INFO    AR Logistic lags: [1, 2, 3, 7, 14, 30]
12:41:22  src.cpcv.pipeline  INFO    [  4/84]          ar_logistic (seed=0) F1=0.446  AUC=0.507  LL=0.7297 (0.0s)
12:41:22  src.cpcv.pipeline  INFO    [  5/84]          ar_logistic (seed=1) F1=0.446  AUC=0.507  LL=0.7297 (0.0s)
12:41:22  src.cpcv.pipeline  INFO    [  6/84]          ar_logistic (seed=2) F1=0.446  AUC=0.507  LL=0.7297 (0.0s)
12:41:22  src.cpcv.preprocessing  INFO  Feature selection skipped (AR Logistic uses lagged returns only)
12:41:22  src.cpcv.pipeline  INFO    Preprocessing: FFD + scaling only (no feature selection), train=644 + cal=161, test=144
12:41:22  src.cpcv.pipeline  INFO    AR Logistic lags: [1, 2, 3, 7, 14, 30]
12:41:22  src.cpcv.pipeline  INFO    [  7/84]          ar_logistic (seed=0) F1=0.454  AUC=0.529  LL=0.6957 (0.0s)
12:41:22  src.cpcv.pipeline  INFO    [  8/84]          ar_logistic (seed=1) F1=0.454  AUC=0.529  LL=0.6957 (0.0s)
12:41:22  src.cpcv.pipeline  INFO    [  9/84]          ar_logistic (seed=2) F1=0.454  AUC=0.529  LL=0.6957 (0.0s)
12:41:22  src.cpcv.preprocessing  INFO  Feature selection skipped (AR Logistic uses lagged returns only)
12:41:22  src.cpcv.pipeline  INFO    Preprocessing: FFD + scaling only (no feature selection), train=644 + cal=161, test=144
12:41:22  src.cpcv.pipeline  INFO    AR Logistic lags: [1, 2, 3, 7, 14, 30]
12:41:22  src.cpcv.pipeline  INFO    [ 10/84]          ar_logistic (seed=0) F1=0.374  AUC=0.439  LL=0.6796 (0.0s)
12:41:22  src.cpcv.pipeline  INFO    [ 11/84]          ar_logistic (seed=1) F1=0.374  AUC=0.439  LL=0.6796 (0.0s)
12:41:22  src.cpcv.pipeline  INFO    [ 12/84]          ar_logistic (seed=2) F1=0.374  AUC=0.439  LL=0.6796 (0.0s)
12:41:23  src.cpcv.preprocessing  INFO  Feature selection skipped (AR Logistic uses lagged returns only)
12:41:23  src.cpcv.pipeline  INFO    Preprocessing: FFD + scaling only (no feature selection), train=642 + cal=161, test=144
12:41:23  src.cpcv.pipeline  INFO    AR Logistic lags: [1, 2, 3, 7, 14, 30]
12:41:23  src.cpcv.pipeline  INFO    [ 13/84]          ar_logistic (seed=0) F1=0.408  AUC=0.404  LL=0.7585 (0.0s)
12:41:23  src.cpcv.pipeline  INFO    [ 14/84]          ar_logistic (seed=1) F1=0.408  AUC=0.404  LL=0.7585 (0.0s)
12:41:23  src.cpcv.pipeline  INFO    [ 15/84]          ar_logistic (seed=2) F1=0.408  AUC=0.404  LL=0.7585 (0.0s)
12:41:23  src.cpcv.preprocessing  INFO  Feature selection skipped (AR Logistic uses lagged returns only)
12:41:23  src.cpcv.pipeline  INFO    Preprocessing: FFD + scaling only (no feature selection), train=643 + cal=161, test=144
12:41:23  src.cpcv.pipeline  INFO    AR Logistic lags: [1, 2, 3, 7, 14, 30]
12:41:23  src.cpcv.pipeline  INFO    [ 16/84]          ar_logistic (seed=0) F1=0.556  AUC=0.605  LL=0.6817 (0.0s)
12:41:23  src.cpcv.pipeline  INFO    [ 17/84]          ar_logistic (seed=1) F1=0.556  AUC=0.605  LL=0.6817 (0.0s)
12:41:23  src.cpcv.pipeline  INFO    [ 18/84]          ar_logistic (seed=2) F1=0.556  AUC=0.605  LL=0.6817 (0.0s)
12:41:23  src.cpcv.preprocessing  INFO  Feature selection skipped (AR Logistic uses lagged returns only)
12:41:23  src.cpcv.pipeline  INFO    Preprocessing: FFD + scaling only (no feature selection), train=644 + cal=162, test=151
12:41:23  src.cpcv.pipeline  INFO    AR Logistic lags: [1, 2, 3, 7, 14, 30]
12:41:23  src.cpcv.pipeline  INFO    [ 19/84]          ar_logistic (seed=0) F1=0.507  AUC=0.570  LL=0.6822 (0.0s)
12:41:23  src.cpcv.pipeline  INFO    [ 20/84]          ar_logistic (seed=1) F1=0.507  AUC=0.570  LL=0.6822 (0.0s)
12:41:23  src.cpcv.pipeline  INFO    [ 21/84]          ar_logistic (seed=2) F1=0.507  AUC=0.570  LL=0.6822 (0.0s)
12:41:24  src.cpcv.preprocessing  INFO  Feature selection skipped (AR Logistic uses lagged returns only)
12:41:24  src.cpcv.pipeline  INFO    Preprocessing: FFD + scaling only (no feature selection), train=572 + cal=144, test=233
12:41:24  src.cpcv.pipeline  INFO    AR Logistic lags: [1, 2, 3, 7, 14, 30]
12:41:24  src.cpcv.pipeline  INFO    [ 22/84]          ar_logistic (seed=0) F1=0.529  AUC=0.540  LL=0.7380 (0.0s)
12:41:24  src.cpcv.pipeline  INFO    [ 23/84]          ar_logistic (seed=1) F1=0.529  AUC=0.540  LL=0.7380 (0.0s)
12:41:24  src.cpcv.pipeline  INFO    [ 24/84]          ar_logistic (seed=2) F1=0.529  AUC=0.540  LL=0.7380 (0.0s)
12:41:24  src.cpcv.preprocessing  INFO  Feature selection skipped (AR Logistic uses lagged returns only)
12:41:24  src.cpcv.pipeline  INFO    Preprocessing: FFD + scaling only (no feature selection), train=564 + cal=141, test=233
12:41:24  src.cpcv.pipeline  INFO    AR Logistic lags: [1, 2, 3, 7, 14, 30]
12:41:24  src.cpcv.pipeline  INFO    [ 25/84]          ar_logistic (seed=0) F1=0.526  AUC=0.555  LL=0.7140 (0.0s)
12:41:24  src.cpcv.pipeline  INFO    [ 26/84]          ar_logistic (seed=1) F1=0.526  AUC=0.555  LL=0.7140 (0.0s)
12:41:24  src.cpcv.pipeline  INFO    [ 27/84]          ar_logistic (seed=2) F1=0.526  AUC=0.555  LL=0.7140 (0.0s)
12:41:24  src.cpcv.preprocessing  INFO  Feature selection skipped (AR Logistic uses lagged returns only)
12:41:24  src.cpcv.pipeline  INFO    Preprocessing: FFD + scaling only (no feature selection), train=564 + cal=141, test=233
12:41:24  src.cpcv.pipeline  INFO    AR Logistic lags: [1, 2, 3, 7, 14, 30]
12:41:24  src.cpcv.pipeline  INFO    [ 28/84]          ar_logistic (seed=0) F1=0.550  AUC=0.532  LL=0.7055 (0.0s)
12:41:24  src.cpcv.pipeline  INFO    [ 29/84]          ar_logistic (seed=1) F1=0.550  AUC=0.532  LL=0.7055 (0.0s)
12:41:24  src.cpcv.pipeline  INFO    [ 30/84]          ar_logistic (seed=2) F1=0.550  AUC=0.532  LL=0.7055 (0.0s)
12:41:25  src.cpcv.preprocessing  INFO  Feature selection skipped (AR Logistic uses lagged returns only)
12:41:25  src.cpcv.pipeline  INFO    Preprocessing: FFD + scaling only (no feature selection), train=562 + cal=141, test=233
12:41:25  src.cpcv.pipeline  INFO    AR Logistic lags: [1, 2, 3, 7, 14, 30]
12:41:25  src.cpcv.pipeline  INFO    [ 31/84]          ar_logistic (seed=0) F1=0.428  AUC=0.439  LL=0.7641 (0.0s)
12:41:25  src.cpcv.pipeline  INFO    [ 32/84]          ar_logistic (seed=1) F1=0.428  AUC=0.439  LL=0.7641 (0.0s)
12:41:25  src.cpcv.pipeline  INFO    [ 33/84]          ar_logistic (seed=2) F1=0.428  AUC=0.439  LL=0.7641 (0.0s)
12:41:25  src.cpcv.preprocessing  INFO  Feature selection skipped (AR Logistic uses lagged returns only)
12:41:25  src.cpcv.pipeline  INFO    Preprocessing: FFD + scaling only (no feature selection), train=563 + cal=141, test=233
12:41:25  src.cpcv.pipeline  INFO    AR Logistic lags: [1, 2, 3, 7, 14, 30]
12:41:25  src.cpcv.pipeline  INFO    [ 34/84]          ar_logistic (seed=0) F1=0.565  AUC=0.584  LL=0.7043 (0.0s)
12:41:25  src.cpcv.pipeline  INFO    [ 35/84]          ar_logistic (seed=1) F1=0.565  AUC=0.584  LL=0.7043 (0.0s)
12:41:25  src.cpcv.pipeline  INFO    [ 36/84]          ar_logistic (seed=2) F1=0.565  AUC=0.584  LL=0.7043 (0.0s)
12:41:25  src.cpcv.preprocessing  INFO  Feature selection skipped (AR Logistic uses lagged returns only)
12:41:25  src.cpcv.pipeline  INFO    Preprocessing: FFD + scaling only (no feature selection), train=564 + cal=142, test=240
12:41:25  src.cpcv.pipeline  INFO    AR Logistic lags: [1, 2, 3, 7, 14, 30]
12:41:25  src.cpcv.pipeline  INFO    [ 37/84]          ar_logistic (seed=0) F1=0.485  AUC=0.597  LL=0.6752 (0.0s)
12:41:25  src.cpcv.pipeline  INFO    [ 38/84]          ar_logistic (seed=1) F1=0.485  AUC=0.597  LL=0.6752 (0.0s)
12:41:25  src.cpcv.pipeline  INFO    [ 39/84]          ar_logistic (seed=2) F1=0.485  AUC=0.597  LL=0.6752 (0.0s)
12:41:26  src.cpcv.preprocessing  INFO  Feature selection skipped (AR Logistic uses lagged returns only)
12:41:26  src.cpcv.pipeline  INFO    Preprocessing: FFD + scaling only (no feature selection), train=528 + cal=132, test=288
12:41:26  src.cpcv.pipeline  INFO    AR Logistic lags: [1, 2, 3, 7, 14, 30]
12:41:26  src.cpcv.pipeline  INFO    [ 40/84]          ar_logistic (seed=0) F1=0.502  AUC=0.523  LL=0.7144 (0.0s)
12:41:26  src.cpcv.pipeline  INFO    [ 41/84]          ar_logistic (seed=1) F1=0.502  AUC=0.523  LL=0.7144 (0.0s)
12:41:26  src.cpcv.pipeline  INFO    [ 42/84]          ar_logistic (seed=2) F1=0.502  AUC=0.523  LL=0.7144 (0.0s)
12:41:26  src.cpcv.preprocessing  INFO  Feature selection skipped (AR Logistic uses lagged returns only)
12:41:26  src.cpcv.pipeline  INFO    Preprocessing: FFD + scaling only (no feature selection), train=519 + cal=130, test=288
12:41:26  src.cpcv.pipeline  INFO    AR Logistic lags: [1, 2, 3, 7, 14, 30]
12:41:26  src.cpcv.pipeline  INFO    [ 43/84]          ar_logistic (seed=0) F1=0.407  AUC=0.450  LL=0.6986 (0.0s)
12:41:26  src.cpcv.pipeline  INFO    [ 44/84]          ar_logistic (seed=1) F1=0.407  AUC=0.450  LL=0.6986 (0.0s)
12:41:26  src.cpcv.pipeline  INFO    [ 45/84]          ar_logistic (seed=2) F1=0.407  AUC=0.450  LL=0.6986 (0.0s)
12:41:26  src.cpcv.preprocessing  INFO  Feature selection skipped (AR Logistic uses lagged returns only)
12:41:26  src.cpcv.pipeline  INFO    Preprocessing: FFD + scaling only (no feature selection), train=517 + cal=130, test=288
12:41:26  src.cpcv.pipeline  INFO    AR Logistic lags: [1, 2, 3, 7, 14, 30]
12:41:26  src.cpcv.pipeline  INFO    [ 46/84]          ar_logistic (seed=0) F1=0.475  AUC=0.478  LL=0.7489 (0.0s)
12:41:26  src.cpcv.pipeline  INFO    [ 47/84]          ar_logistic (seed=1) F1=0.475  AUC=0.478  LL=0.7489 (0.0s)
12:41:26  src.cpcv.pipeline  INFO    [ 48/84]          ar_logistic (seed=2) F1=0.475  AUC=0.478  LL=0.7489 (0.0s)
12:41:26  src.cpcv.preprocessing  INFO  Feature selection skipped (AR Logistic uses lagged returns only)
12:41:26  src.cpcv.pipeline  INFO    Preprocessing: FFD + scaling only (no feature selection), train=518 + cal=130, test=288
12:41:26  src.cpcv.pipeline  INFO    AR Logistic lags: [1, 2, 3, 7, 14, 30]
12:41:26  src.cpcv.pipeline  INFO    [ 49/84]          ar_logistic (seed=0) F1=0.511  AUC=0.526  LL=0.7135 (0.0s)
12:41:26  src.cpcv.pipeline  INFO    [ 50/84]          ar_logistic (seed=1) F1=0.511  AUC=0.526  LL=0.7135 (0.0s)
12:41:26  src.cpcv.pipeline  INFO    [ 51/84]          ar_logistic (seed=2) F1=0.511  AUC=0.526  LL=0.7135 (0.0s)
12:41:27  src.cpcv.preprocessing  INFO  Feature selection skipped (AR Logistic uses lagged returns only)
12:41:27  src.cpcv.pipeline  INFO    Preprocessing: FFD + scaling only (no feature selection), train=520 + cal=130, test=295
12:41:27  src.cpcv.pipeline  INFO    AR Logistic lags: [1, 2, 3, 7, 14, 30]
12:41:27  src.cpcv.pipeline  INFO    [ 52/84]          ar_logistic (seed=0) F1=0.495  AUC=0.535  LL=0.6981 (0.0s)
12:41:27  src.cpcv.pipeline  INFO    [ 53/84]          ar_logistic (seed=1) F1=0.495  AUC=0.535  LL=0.6981 (0.0s)
12:41:27  src.cpcv.pipeline  INFO    [ 54/84]          ar_logistic (seed=2) F1=0.495  AUC=0.535  LL=0.6981 (0.0s)
12:41:27  src.cpcv.preprocessing  INFO  Feature selection skipped (AR Logistic uses lagged returns only)
12:41:27  src.cpcv.pipeline  INFO    Preprocessing: FFD + scaling only (no feature selection), train=528 + cal=133, test=288
12:41:27  src.cpcv.pipeline  INFO    AR Logistic lags: [1, 2, 3, 7, 14, 30]
12:41:27  src.cpcv.pipeline  INFO    [ 55/84]          ar_logistic (seed=0) F1=0.439  AUC=0.468  LL=0.6925 (0.0s)
12:41:27  src.cpcv.pipeline  INFO    [ 56/84]          ar_logistic (seed=1) F1=0.439  AUC=0.468  LL=0.6925 (0.0s)
12:41:27  src.cpcv.pipeline  INFO    [ 57/84]          ar_logistic (seed=2) F1=0.439  AUC=0.468  LL=0.6925 (0.0s)
12:41:27  src.cpcv.preprocessing  INFO  Feature selection skipped (AR Logistic uses lagged returns only)
12:41:27  src.cpcv.pipeline  INFO    Preprocessing: FFD + scaling only (no feature selection), train=518 + cal=130, test=288
12:41:27  src.cpcv.pipeline  INFO    AR Logistic lags: [1, 2, 3, 7, 14, 30]
12:41:27  src.cpcv.pipeline  INFO    [ 58/84]          ar_logistic (seed=0) F1=0.463  AUC=0.484  LL=0.7401 (0.0s)
12:41:27  src.cpcv.pipeline  INFO    [ 59/84]          ar_logistic (seed=1) F1=0.463  AUC=0.484  LL=0.7401 (0.0s)
12:41:27  src.cpcv.pipeline  INFO    [ 60/84]          ar_logistic (seed=2) F1=0.463  AUC=0.484  LL=0.7401 (0.0s)
12:41:28  src.cpcv.preprocessing  INFO  Feature selection skipped (AR Logistic uses lagged returns only)
12:41:28  src.cpcv.pipeline  INFO    Preprocessing: FFD + scaling only (no feature selection), train=519 + cal=130, test=288
12:41:28  src.cpcv.pipeline  INFO    AR Logistic lags: [1, 2, 3, 7, 14, 30]
12:41:28  src.cpcv.pipeline  INFO    [ 61/84]          ar_logistic (seed=0) F1=0.517  AUC=0.567  LL=0.6946 (0.0s)
12:41:28  src.cpcv.pipeline  INFO    [ 62/84]          ar_logistic (seed=1) F1=0.517  AUC=0.567  LL=0.6946 (0.0s)
12:41:28  src.cpcv.pipeline  INFO    [ 63/84]          ar_logistic (seed=2) F1=0.517  AUC=0.567  LL=0.6946 (0.0s)
12:41:28  src.cpcv.preprocessing  INFO  Feature selection skipped (AR Logistic uses lagged returns only)
12:41:28  src.cpcv.pipeline  INFO    Preprocessing: FFD + scaling only (no feature selection), train=520 + cal=131, test=295
12:41:28  src.cpcv.pipeline  INFO    AR Logistic lags: [1, 2, 3, 7, 14, 30]
12:41:28  src.cpcv.pipeline  INFO    [ 64/84]          ar_logistic (seed=0) F1=0.493  AUC=0.532  LL=0.6947 (0.0s)
12:41:28  src.cpcv.pipeline  INFO    [ 65/84]          ar_logistic (seed=1) F1=0.493  AUC=0.532  LL=0.6947 (0.0s)
12:41:28  src.cpcv.pipeline  INFO    [ 66/84]          ar_logistic (seed=2) F1=0.493  AUC=0.532  LL=0.6947 (0.0s)
12:41:28  src.cpcv.preprocessing  INFO  Feature selection skipped (AR Logistic uses lagged returns only)
12:41:28  src.cpcv.pipeline  INFO    Preprocessing: FFD + scaling only (no feature selection), train=528 + cal=133, test=288
12:41:28  src.cpcv.pipeline  INFO    AR Logistic lags: [1, 2, 3, 7, 14, 30]
12:41:28  src.cpcv.pipeline  INFO    [ 67/84]          ar_logistic (seed=0) F1=0.517  AUC=0.508  LL=0.7194 (0.0s)
12:41:28  src.cpcv.pipeline  INFO    [ 68/84]          ar_logistic (seed=1) F1=0.517  AUC=0.508  LL=0.7194 (0.0s)
12:41:28  src.cpcv.pipeline  INFO    [ 69/84]          ar_logistic (seed=2) F1=0.517  AUC=0.508  LL=0.7194 (0.0s)
12:41:29  src.cpcv.preprocessing  INFO  Feature selection skipped (AR Logistic uses lagged returns only)
12:41:29  src.cpcv.pipeline  INFO    Preprocessing: FFD + scaling only (no feature selection), train=519 + cal=130, test=288
12:41:29  src.cpcv.pipeline  INFO    AR Logistic lags: [1, 2, 3, 7, 14, 30]
12:41:29  src.cpcv.pipeline  INFO    [ 70/84]          ar_logistic (seed=0) F1=0.459  AUC=0.481  LL=0.6910 (0.0s)
12:41:29  src.cpcv.pipeline  INFO    [ 71/84]          ar_logistic (seed=1) F1=0.459  AUC=0.481  LL=0.6910 (0.0s)
12:41:29  src.cpcv.pipeline  INFO    [ 72/84]          ar_logistic (seed=2) F1=0.459  AUC=0.481  LL=0.6910 (0.0s)
12:41:29  src.cpcv.preprocessing  INFO  Feature selection skipped (AR Logistic uses lagged returns only)
12:41:29  src.cpcv.pipeline  INFO    Preprocessing: FFD + scaling only (no feature selection), train=520 + cal=131, test=295
12:41:29  src.cpcv.pipeline  INFO    AR Logistic lags: [1, 2, 3, 7, 14, 30]
12:41:29  src.cpcv.pipeline  INFO    [ 73/84]          ar_logistic (seed=0) F1=0.448  AUC=0.467  LL=0.6955 (0.0s)
12:41:29  src.cpcv.pipeline  INFO    [ 74/84]          ar_logistic (seed=1) F1=0.448  AUC=0.467  LL=0.6955 (0.0s)
12:41:29  src.cpcv.pipeline  INFO    [ 75/84]          ar_logistic (seed=2) F1=0.448  AUC=0.467  LL=0.6955 (0.0s)
12:41:29  src.cpcv.preprocessing  INFO  Feature selection skipped (AR Logistic uses lagged returns only)
12:41:29  src.cpcv.pipeline  INFO    Preprocessing: FFD + scaling only (no feature selection), train=527 + cal=132, test=288
12:41:29  src.cpcv.pipeline  INFO    AR Logistic lags: [1, 2, 3, 7, 14, 30]
12:41:29  src.cpcv.pipeline  INFO    [ 76/84]          ar_logistic (seed=0) F1=0.466  AUC=0.481  LL=0.7306 (0.0s)
12:41:29  src.cpcv.pipeline  INFO    [ 77/84]          ar_logistic (seed=1) F1=0.466  AUC=0.481  LL=0.7306 (0.0s)
12:41:29  src.cpcv.pipeline  INFO    [ 78/84]          ar_logistic (seed=2) F1=0.466  AUC=0.481  LL=0.7306 (0.0s)
12:41:30  src.cpcv.preprocessing  INFO  Feature selection skipped (AR Logistic uses lagged returns only)
12:41:30  src.cpcv.pipeline  INFO    Preprocessing: FFD + scaling only (no feature selection), train=519 + cal=130, test=295
12:41:30  src.cpcv.pipeline  INFO    AR Logistic lags: [1, 2, 3, 7, 14, 30]
12:41:30  src.cpcv.pipeline  INFO    [ 79/84]          ar_logistic (seed=0) F1=0.429  AUC=0.489  LL=0.6999 (0.0s)
12:41:30  src.cpcv.pipeline  INFO    [ 80/84]          ar_logistic (seed=1) F1=0.429  AUC=0.489  LL=0.6999 (0.0s)
12:41:30  src.cpcv.pipeline  INFO    [ 81/84]          ar_logistic (seed=2) F1=0.429  AUC=0.489  LL=0.6999 (0.0s)
12:41:30  src.cpcv.preprocessing  INFO  Feature selection skipped (AR Logistic uses lagged returns only)
12:41:30  src.cpcv.pipeline  INFO    Preprocessing: FFD + scaling only (no feature selection), train=531 + cal=133, test=295
12:41:30  src.cpcv.pipeline  INFO    AR Logistic lags: [1, 2, 3, 7, 14, 30]
12:41:30  src.cpcv.pipeline  INFO    [ 82/84]          ar_logistic (seed=0) F1=0.454  AUC=0.417  LL=0.7255 (0.0s)
12:41:30  src.cpcv.pipeline  INFO    [ 83/84]          ar_logistic (seed=1) F1=0.454  AUC=0.417  LL=0.7255 (0.0s)
12:41:30  src.cpcv.pipeline  INFO    [ 84/84]          ar_logistic (seed=2) F1=0.454  AUC=0.417  LL=0.7255 (0.0s)
12:41:30  src.cpcv.pipeline  INFO  ============================================================
12:41:30  src.cpcv.pipeline  INFO  CPCV Pipeline Complete
12:41:30  src.cpcv.pipeline  INFO  ============================================================
12:41:30  src.cpcv.pipeline  INFO    Total time:     8.9s (0.1m)
12:41:30  src.cpcv.pipeline  INFO    Tasks:          84 succeeded, 0 failed
12:41:30  src.cpcv.pipeline  INFO    Results keys:   84 (model, split, seed) entries
12:41:30  src.cpcv.pipeline  INFO    Backtest paths: 7
12:41:30  src.cpcv.pipeline  INFO  ============================================================
12:41:31  src.cpcv.pipeline  INFO  ============================================================
12:41:31  src.cpcv.pipeline  INFO  CPCV Pipeline
12:41:31  src.cpcv.pipeline  INFO  ============================================================
12:41:31  src.cpcv.pipeline  INFO    Models:         ['logistic']
12:41:31  src.cpcv.pipeline  INFO    Seeds/fold:     3
12:41:31  src.cpcv.pipeline  INFO    Groups (N):     8
12:41:31  src.cpcv.pipeline  INFO    Test groups (k):2
12:41:31  src.cpcv.pipeline  INFO    Embargo:        1.0%
12:41:31  src.cpcv.pipeline  INFO    FFD columns:    ['atr']
12:41:31  src.cpcv.pipeline  INFO    Samples:        1159
12:41:31  src.cpcv.pipeline  INFO    Features:       62
12:41:31  src.cpcv.pipeline  INFO    Splits:         28, Paths: 7
12:41:31  src.cpcv.pipeline  INFO    Tuning:         NESTED (per-split) — ['logistic'] [30 trials]
12:41:31  src.cpcv.pipeline  INFO  ============================================================
12:41:31  src.cpcv.preprocessing  INFO  Computing MDA (Random Forest)...
12:41:57  src.cpcv.preprocessing  INFO  Computing MDA (Logistic Regression)...
12:41:58  src.cpcv.preprocessing  INFO  Multi-model MDA: 16/62 passed (MDA > 0), 46 eliminated
12:41:58  src.cpcv.preprocessing  INFO    Selected (16): ['chaikin_osc', 'dxy_roc_30', 'exchange_supply_pct', 'gk_vol', 'jarque_bera', 'log_returns', 'log_returns_lag1', 'log_returns_lag7', 'roc_14', 'silver_ret_30', 'stoch_d', 'us10y', 'us2y', 'variance_ratio', 'vol_term_7_30', 'yield_curve_10y30y']
12:41:58  src.cpcv.pipeline  INFO    Preprocessing: 16 features selected, train=688 + cal=172, test=89
12:41:59  src.cpcv.tuning  INFO  Tuning (1 model) — Optuna TPE + Purged K-Fold (inner: 3 folds, embargo=10 obs)
12:41:59  src.cpcv.tuning  INFO    [tuning] logistic: 3 purged K-fold splits, 30 Optuna trials (TPE)
12:41:59  src.cpcv.tuning  INFO      logistic: 14 completed, 16 pruned (of 30 total) — best log_loss=0.6851, params={'C': 0.054502936945582565, 'penalty': 'l1'}
12:41:59  src.cpcv.tuning  INFO    [tuning] logistic done in 0.7s — best log_loss=0.6851
12:41:59  src.cpcv.tuning  INFO  Tuning total: 0.7s
12:41:59  src.cpcv.pipeline  INFO      applied logistic: {'C': 0.054502936945582565, 'penalty': 'l1'}
12:41:59  src.cpcv.pipeline  INFO    [  1/84]             logistic (seed=0) F1=0.502  AUC=0.508  LL=0.6794 (0.0s)
12:41:59  src.cpcv.pipeline  INFO    [  2/84]             logistic (seed=1) F1=0.502  AUC=0.508  LL=0.6794 (0.0s)
12:41:59  src.cpcv.pipeline  INFO    [  3/84]             logistic (seed=2) F1=0.502  AUC=0.508  LL=0.6794 (0.0s)
12:42:00  src.cpcv.preprocessing  INFO  Computing MDA (Random Forest)...
12:42:26  src.cpcv.preprocessing  INFO  Computing MDA (Logistic Regression)...
12:42:27  src.cpcv.preprocessing  INFO  Multi-model MDA: 49/62 passed (MDA > 0), 13 eliminated
12:42:27  src.cpcv.preprocessing  INFO    Capped at 18 features (top_k_frac=0.3)
12:42:27  src.cpcv.preprocessing  INFO    Selected (18): ['atr', 'bb_width', 'dxy_roc_30', 'ema_ratio_50_200', 'issuance_ntv', 'log_returns', 'macd_hist', 'nasdaq_ret_30', 'oil_ret_30', 'realized_vol', 'shannon_entropy', 'skewness', 'smt_exp', 'smt_poly1', 'stoch_d', 'tx_count_roc_14', 'us2y', 'yield_curve_2y10y']
12:42:27  src.cpcv.pipeline  INFO    Preprocessing: 18 features selected, train=643 + cal=161, test=144
12:42:27  src.cpcv.tuning  INFO  Tuning (1 model) — Optuna TPE + Purged K-Fold (inner: 3 folds, embargo=10 obs)
12:42:27  src.cpcv.tuning  INFO    [tuning] logistic: 3 purged K-fold splits, 30 Optuna trials (TPE)
12:42:27  src.cpcv.tuning  INFO      logistic: 23 completed, 7 pruned (of 30 total) — best log_loss=0.6931, params={'C': 0.017670169402947963, 'penalty': 'l1'}
12:42:27  src.cpcv.tuning  INFO    [tuning] logistic done in 0.5s — best log_loss=0.6931
12:42:27  src.cpcv.tuning  INFO  Tuning total: 0.5s
12:42:27  src.cpcv.pipeline  INFO      applied logistic: {'C': 0.017670169402947963, 'penalty': 'l1'}
12:42:27  src.cpcv.pipeline  INFO    [  4/84]             logistic (seed=0) F1=0.311  AUC=0.500  LL=0.7091 (0.0s)
12:42:27  src.cpcv.pipeline  INFO    [  5/84]             logistic (seed=1) F1=0.311  AUC=0.500  LL=0.7091 (0.0s)
12:42:27  src.cpcv.pipeline  INFO    [  6/84]             logistic (seed=2) F1=0.311  AUC=0.500  LL=0.7091 (0.0s)
12:42:28  src.cpcv.preprocessing  INFO  Computing MDA (Random Forest)...
12:42:56  src.cpcv.preprocessing  INFO  Computing MDA (Logistic Regression)...
12:42:56  src.cpcv.preprocessing  WARNING  [split 3/28] Only 3 features with MDA > 0. Taking top 5 by MDA value.
12:42:56  src.cpcv.preprocessing  INFO  Multi-model MDA: 3/62 passed (MDA > 0), 59 eliminated
12:42:56  src.cpcv.preprocessing  INFO    Selected (5): ['jarque_bera', 'log_returns_lag1', 'oil_ret_30', 'roc_14', 'stoch_d']
12:42:56  src.cpcv.pipeline  INFO    Preprocessing: 5 features selected, train=644 + cal=161, test=144
12:42:56  src.cpcv.tuning  INFO  Tuning (1 model) — Optuna TPE + Purged K-Fold (inner: 3 folds, embargo=10 obs)
12:42:56  src.cpcv.tuning  INFO    [tuning] logistic: 3 purged K-fold splits, 30 Optuna trials (TPE)
12:42:57  src.cpcv.tuning  INFO      logistic: 12 completed, 18 pruned (of 30 total) — best log_loss=0.6924, params={'C': 0.054502936945582565, 'penalty': 'l1'}
12:42:57  src.cpcv.tuning  INFO    [tuning] logistic done in 0.4s — best log_loss=0.6924
12:42:57  src.cpcv.tuning  INFO  Tuning total: 0.4s
12:42:57  src.cpcv.pipeline  INFO      applied logistic: {'C': 0.054502936945582565, 'penalty': 'l1'}
12:42:57  src.cpcv.pipeline  INFO    [  7/84]             logistic (seed=0) F1=0.440  AUC=0.649  LL=0.6489 (0.0s)
12:42:57  src.cpcv.pipeline  INFO    [  8/84]             logistic (seed=1) F1=0.440  AUC=0.649  LL=0.6489 (0.0s)
12:42:57  src.cpcv.pipeline  INFO    [  9/84]             logistic (seed=2) F1=0.440  AUC=0.649  LL=0.6489 (0.0s)
12:42:57  src.cpcv.preprocessing  INFO  Computing MDA (Random Forest)...
12:43:23  src.cpcv.preprocessing  INFO  Computing MDA (Logistic Regression)...
12:43:24  src.cpcv.preprocessing  INFO  Multi-model MDA: 36/62 passed (MDA > 0), 26 eliminated
12:43:24  src.cpcv.preprocessing  INFO    Capped at 18 features (top_k_frac=0.3)
12:43:24  src.cpcv.preprocessing  INFO    Selected (18): ['active_addr_roc_14', 'atr', 'bb_width', 'dxy_roc_30', 'jarque_bera', 'log_returns_lag2', 'log_returns_lag30', 'macd_hist', 'mvrv', 'net_exchange_flow', 'obv', 'oil_ret_30', 'sadf', 'smt_exp', 'sp500_ret_30', 'stoch_d', 'vix', 'yield_curve_10y30y']
12:43:24  src.cpcv.pipeline  INFO    Preprocessing: 18 features selected, train=644 + cal=161, test=144
12:43:24  src.cpcv.tuning  INFO  Tuning (1 model) — Optuna TPE + Purged K-Fold (inner: 3 folds, embargo=10 obs)
12:43:24  src.cpcv.tuning  INFO    [tuning] logistic: 3 purged K-fold splits, 30 Optuna trials (TPE)
12:43:25  src.cpcv.tuning  INFO      logistic: 19 completed, 11 pruned (of 30 total) — best log_loss=0.6873, params={'C': 0.0003998412138823017, 'penalty': 'l2'}
12:43:25  src.cpcv.tuning  INFO    [tuning] logistic done in 0.8s — best log_loss=0.6873
12:43:25  src.cpcv.tuning  INFO  Tuning total: 0.8s
12:43:25  src.cpcv.pipeline  INFO      applied logistic: {'C': 0.0003998412138823017, 'penalty': 'l2'}
12:43:25  src.cpcv.pipeline  INFO    [ 10/84]             logistic (seed=0) F1=0.374  AUC=0.503  LL=0.6777 (0.0s)
12:43:25  src.cpcv.pipeline  INFO    [ 11/84]             logistic (seed=1) F1=0.374  AUC=0.503  LL=0.6777 (0.0s)
12:43:25  src.cpcv.pipeline  INFO    [ 12/84]             logistic (seed=2) F1=0.374  AUC=0.503  LL=0.6777 (0.0s)
12:43:25  src.cpcv.preprocessing  INFO  Computing MDA (Random Forest)...
12:43:58  src.cpcv.preprocessing  INFO  Computing MDA (Logistic Regression)...
12:43:59  src.cpcv.preprocessing  INFO  Multi-model MDA: 45/62 passed (MDA > 0), 17 eliminated
12:43:59  src.cpcv.preprocessing  INFO    Capped at 18 features (top_k_frac=0.3)
12:43:59  src.cpcv.preprocessing  INFO    Selected (18): ['bb_width', 'eth_btc_ratio', 'exchange_supply_pct', 'jarque_bera', 'kurtosis', 'log_returns', 'log_returns_lag30', 'macd_hist', 'mfi_14', 'mvrv', 'natgas_ret_30', 'obv', 'realized_vol', 'rsi', 'sadf', 'skewness', 'yield_curve_10y30y', 'yz_vol']
12:43:59  src.cpcv.pipeline  INFO    Preprocessing: 18 features selected, train=642 + cal=161, test=144
12:43:59  src.cpcv.tuning  INFO  Tuning (1 model) — Optuna TPE + Purged K-Fold (inner: 3 folds, embargo=10 obs)
12:43:59  src.cpcv.tuning  INFO    [tuning] logistic: 3 purged K-fold splits, 30 Optuna trials (TPE)
12:44:00  src.cpcv.tuning  INFO      logistic: 28 completed, 2 pruned (of 30 total) — best log_loss=0.6837, params={'C': 0.025943055296597954, 'penalty': 'l1'}
12:44:00  src.cpcv.tuning  INFO    [tuning] logistic done in 1.0s — best log_loss=0.6837
12:44:00  src.cpcv.tuning  INFO  Tuning total: 1.0s
12:44:00  src.cpcv.pipeline  INFO      applied logistic: {'C': 0.025943055296597954, 'penalty': 'l1'}
12:44:00  src.cpcv.pipeline  INFO    [ 13/84]             logistic (seed=0) F1=0.336  AUC=0.462  LL=0.6978 (0.0s)
12:44:00  src.cpcv.pipeline  INFO    [ 14/84]             logistic (seed=1) F1=0.336  AUC=0.462  LL=0.6978 (0.0s)
12:44:00  src.cpcv.pipeline  INFO    [ 15/84]             logistic (seed=2) F1=0.336  AUC=0.462  LL=0.6978 (0.0s)
12:44:00  src.cpcv.preprocessing  INFO  Computing MDA (Random Forest)...
12:44:28  src.cpcv.preprocessing  INFO  Computing MDA (Logistic Regression)...
12:44:29  src.cpcv.preprocessing  INFO  Multi-model MDA: 22/62 passed (MDA > 0), 40 eliminated
12:44:29  src.cpcv.preprocessing  INFO    Capped at 18 features (top_k_frac=0.3)
12:44:29  src.cpcv.preprocessing  INFO    Selected (18): ['chaikin_osc', 'dxy_roc_30', 'eth_btc_ratio', 'gold_ret_30', 'hashrate_roc_30', 'jarque_bera', 'kurtosis', 'macd', 'macd_signal', 'net_exchange_flow', 'obv', 'oil_ret_30', 'roc_14', 'shannon_entropy', 'smt_poly1', 'sp500_ret_30', 'stoch_k', 'yield_curve_10y30y']
12:44:29  src.cpcv.pipeline  INFO    Preprocessing: 18 features selected, train=643 + cal=161, test=144
12:44:29  src.cpcv.tuning  INFO  Tuning (1 model) — Optuna TPE + Purged K-Fold (inner: 3 folds, embargo=10 obs)
12:44:29  src.cpcv.tuning  INFO    [tuning] logistic: 3 purged K-fold splits, 30 Optuna trials (TPE)
12:44:30  src.cpcv.tuning  INFO      logistic: 24 completed, 6 pruned (of 30 total) — best log_loss=0.6833, params={'C': 0.017670169402947963, 'penalty': 'l1'}
12:44:30  src.cpcv.tuning  INFO    [tuning] logistic done in 0.7s — best log_loss=0.6833
12:44:30  src.cpcv.tuning  INFO  Tuning total: 0.7s
12:44:30  src.cpcv.pipeline  INFO      applied logistic: {'C': 0.017670169402947963, 'penalty': 'l1'}
12:44:30  src.cpcv.pipeline  INFO    [ 16/84]             logistic (seed=0) F1=0.473  AUC=0.517  LL=0.6835 (0.0s)
12:44:30  src.cpcv.pipeline  INFO    [ 17/84]             logistic (seed=1) F1=0.473  AUC=0.517  LL=0.6835 (0.0s)
12:44:30  src.cpcv.pipeline  INFO    [ 18/84]             logistic (seed=2) F1=0.473  AUC=0.517  LL=0.6835 (0.0s)
12:44:30  src.cpcv.preprocessing  INFO  Computing MDA (Random Forest)...
12:44:56  src.cpcv.preprocessing  INFO  Computing MDA (Logistic Regression)...
12:44:57  src.cpcv.preprocessing  INFO  Multi-model MDA: 29/62 passed (MDA > 0), 33 eliminated
12:44:57  src.cpcv.preprocessing  INFO    Capped at 18 features (top_k_frac=0.3)
12:44:57  src.cpcv.preprocessing  INFO    Selected (18): ['active_addr_roc_14', 'atr', 'bb_width', 'copper_ret_30', 'eth_btc_ratio', 'gold_ret_30', 'hurst', 'kurtosis', 'log_returns_lag1', 'log_returns_lag14', 'macd', 'macd_signal', 'net_exchange_flow', 'sadf', 'skewness', 'vol_term_30_90', 'williams_r', 'yield_curve_10y30y']
12:44:57  src.cpcv.pipeline  INFO    Preprocessing: 18 features selected, train=644 + cal=162, test=151
12:44:57  src.cpcv.tuning  INFO  Tuning (1 model) — Optuna TPE + Purged K-Fold (inner: 3 folds, embargo=10 obs)
12:44:57  src.cpcv.tuning  INFO    [tuning] logistic: 3 purged K-fold splits, 30 Optuna trials (TPE)
12:44:57  src.cpcv.tuning  INFO      logistic: 17 completed, 13 pruned (of 30 total) — best log_loss=0.6854, params={'C': 0.100177425156941, 'penalty': 'l1'}
12:44:57  src.cpcv.tuning  INFO    [tuning] logistic done in 0.5s — best log_loss=0.6854
12:44:57  src.cpcv.tuning  INFO  Tuning total: 0.5s
12:44:57  src.cpcv.pipeline  INFO      applied logistic: {'C': 0.100177425156941, 'penalty': 'l1'}
12:44:57  src.cpcv.pipeline  INFO    [ 19/84]             logistic (seed=0) F1=0.452  AUC=0.461  LL=0.7185 (0.0s)
12:44:57  src.cpcv.pipeline  INFO    [ 20/84]             logistic (seed=1) F1=0.452  AUC=0.461  LL=0.7185 (0.0s)
12:44:57  src.cpcv.pipeline  INFO    [ 21/84]             logistic (seed=2) F1=0.452  AUC=0.461  LL=0.7185 (0.0s)
12:44:57  src.cpcv.preprocessing  INFO  Computing MDA (Random Forest)...
12:45:20  src.cpcv.preprocessing  INFO  Computing MDA (Logistic Regression)...
12:45:21  src.cpcv.preprocessing  INFO  Multi-model MDA: 27/62 passed (MDA > 0), 35 eliminated
12:45:21  src.cpcv.preprocessing  INFO    Capped at 18 features (top_k_frac=0.3)
12:45:21  src.cpcv.preprocessing  INFO    Selected (18): ['cci_14', 'chaikin_osc', 'dxy_roc_30', 'eth_btc_ratio', 'gk_vol', 'gold_ret_30', 'hashrate_roc_30', 'hurst', 'jarque_bera', 'log_returns_lag1', 'log_returns_lag14', 'lz_complexity', 'roc_14', 'sadf', 'stoch_k', 'williams_r', 'yield_curve_2y10y', 'yz_vol']
12:45:21  src.cpcv.pipeline  INFO    Preprocessing: 18 features selected, train=572 + cal=144, test=233
12:45:21  src.cpcv.tuning  INFO  Tuning (1 model) — Optuna TPE + Purged K-Fold (inner: 3 folds, embargo=10 obs)
12:45:21  src.cpcv.tuning  INFO    [tuning] logistic: 3 purged K-fold splits, 30 Optuna trials (TPE)
12:45:22  src.cpcv.tuning  INFO      logistic: 14 completed, 16 pruned (of 30 total) — best log_loss=0.6839, params={'C': 0.054502936945582565, 'penalty': 'l1'}
12:45:22  src.cpcv.tuning  INFO    [tuning] logistic done in 0.7s — best log_loss=0.6839
12:45:22  src.cpcv.tuning  INFO  Tuning total: 0.7s
12:45:22  src.cpcv.pipeline  INFO      applied logistic: {'C': 0.054502936945582565, 'penalty': 'l1'}
12:45:22  src.cpcv.pipeline  INFO    [ 22/84]             logistic (seed=0) F1=0.515  AUC=0.541  LL=0.7105 (0.0s)
12:45:22  src.cpcv.pipeline  INFO    [ 23/84]             logistic (seed=1) F1=0.515  AUC=0.541  LL=0.7105 (0.0s)
12:45:22  src.cpcv.pipeline  INFO    [ 24/84]             logistic (seed=2) F1=0.515  AUC=0.541  LL=0.7105 (0.0s)
12:45:22  src.cpcv.preprocessing  INFO  Computing MDA (Random Forest)...
12:45:46  src.cpcv.preprocessing  INFO  Computing MDA (Logistic Regression)...
12:45:47  src.cpcv.preprocessing  INFO  Multi-model MDA: 53/62 passed (MDA > 0), 9 eliminated
12:45:47  src.cpcv.preprocessing  INFO    Capped at 18 features (top_k_frac=0.3)
12:45:47  src.cpcv.preprocessing  INFO    Selected (18): ['copper_ret_30', 'eth_btc_ratio', 'gk_vol', 'log_returns_lag3', 'macd', 'macd_hist', 'mvrv', 'net_exchange_flow', 'realized_vol', 'sadf', 'silver_ret_30', 'skewness', 'smt_exp', 'stoch_k', 'variance_ratio', 'vix', 'vol_term_30_90', 'vol_term_7_30']
12:45:47  src.cpcv.pipeline  INFO    Preprocessing: 18 features selected, train=564 + cal=141, test=233
12:45:47  src.cpcv.tuning  INFO  Tuning (1 model) — Optuna TPE + Purged K-Fold (inner: 3 folds, embargo=10 obs)
12:45:47  src.cpcv.tuning  INFO    [tuning] logistic: 3 purged K-fold splits, 30 Optuna trials (TPE)
12:45:47  src.cpcv.tuning  INFO      logistic: 24 completed, 6 pruned (of 30 total) — best log_loss=0.6858, params={'C': 0.12647598951788191, 'penalty': 'l1'}
12:45:47  src.cpcv.tuning  INFO    [tuning] logistic done in 0.5s — best log_loss=0.6858
12:45:47  src.cpcv.tuning  INFO  Tuning total: 0.5s
12:45:47  src.cpcv.pipeline  INFO      applied logistic: {'C': 0.12647598951788191, 'penalty': 'l1'}
12:45:47  src.cpcv.pipeline  INFO    [ 25/84]             logistic (seed=0) F1=0.496  AUC=0.496  LL=0.7198 (0.0s)
12:45:47  src.cpcv.pipeline  INFO    [ 26/84]             logistic (seed=1) F1=0.496  AUC=0.496  LL=0.7198 (0.0s)
12:45:47  src.cpcv.pipeline  INFO    [ 27/84]             logistic (seed=2) F1=0.496  AUC=0.496  LL=0.7198 (0.0s)
12:45:47  src.cpcv.preprocessing  INFO  Computing MDA (Random Forest)...
12:46:12  src.cpcv.preprocessing  INFO  Computing MDA (Logistic Regression)...
12:46:12  src.cpcv.preprocessing  INFO  Multi-model MDA: 38/62 passed (MDA > 0), 24 eliminated
12:46:12  src.cpcv.preprocessing  INFO    Capped at 18 features (top_k_frac=0.3)
12:46:12  src.cpcv.preprocessing  INFO    Selected (18): ['bb_width', 'cci_14', 'ema_ratio_50_200', 'exchange_supply_pct', 'gk_vol', 'jarque_bera', 'log_returns', 'log_returns_lag1', 'mvrv', 'natgas_ret_30', 'roc_14', 'sadf', 'silver_ret_30', 'smt_poly1', 'sp500_ret_30', 'stoch_k', 'tx_count_roc_14', 'williams_r']
12:46:12  src.cpcv.pipeline  INFO    Preprocessing: 18 features selected, train=564 + cal=141, test=233
12:46:12  src.cpcv.tuning  INFO  Tuning (1 model) — Optuna TPE + Purged K-Fold (inner: 3 folds, embargo=10 obs)
12:46:12  src.cpcv.tuning  INFO    [tuning] logistic: 3 purged K-fold splits, 30 Optuna trials (TPE)
12:46:13  src.cpcv.tuning  INFO      logistic: 27 completed, 3 pruned (of 30 total) — best log_loss=0.6825, params={'C': 0.054502936945582565, 'penalty': 'l1'}
12:46:13  src.cpcv.tuning  INFO    [tuning] logistic done in 0.7s — best log_loss=0.6825
12:46:13  src.cpcv.tuning  INFO  Tuning total: 0.7s
12:46:13  src.cpcv.pipeline  INFO      applied logistic: {'C': 0.054502936945582565, 'penalty': 'l1'}
12:46:13  src.cpcv.pipeline  INFO    [ 28/84]             logistic (seed=0) F1=0.431  AUC=0.540  LL=0.6702 (0.0s)
12:46:13  src.cpcv.pipeline  INFO    [ 29/84]             logistic (seed=1) F1=0.431  AUC=0.540  LL=0.6702 (0.0s)
12:46:13  src.cpcv.pipeline  INFO    [ 30/84]             logistic (seed=2) F1=0.431  AUC=0.540  LL=0.6702 (0.0s)
12:46:13  src.cpcv.preprocessing  INFO  Computing MDA (Random Forest)...
12:46:37  src.cpcv.preprocessing  INFO  Computing MDA (Logistic Regression)...
12:46:38  src.cpcv.preprocessing  INFO  Multi-model MDA: 31/62 passed (MDA > 0), 31 eliminated
12:46:38  src.cpcv.preprocessing  INFO    Capped at 18 features (top_k_frac=0.3)
12:46:38  src.cpcv.preprocessing  INFO    Selected (18): ['active_addr_roc_14', 'dxy_roc_30', 'eth_btc_ratio', 'exchange_supply_pct', 'kurtosis', 'log_returns_lag1', 'log_returns_lag3', 'mfi_14', 'natgas_ret_30', 'obv', 'roc_14', 'rsi', 'sadf', 'stoch_k', 'variance_ratio', 'vix', 'vol_term_30_90', 'yield_curve_2y10y']
12:46:38  src.cpcv.pipeline  INFO    Preprocessing: 18 features selected, train=562 + cal=141, test=233
12:46:38  src.cpcv.tuning  INFO  Tuning (1 model) — Optuna TPE + Purged K-Fold (inner: 3 folds, embargo=10 obs)
12:46:38  src.cpcv.tuning  INFO    [tuning] logistic: 3 purged K-fold splits, 30 Optuna trials (TPE)
12:46:39  src.cpcv.tuning  INFO      logistic: 17 completed, 13 pruned (of 30 total) — best log_loss=0.6859, params={'C': 0.12173252504194051, 'penalty': 'l1'}
12:46:39  src.cpcv.tuning  INFO    [tuning] logistic done in 0.5s — best log_loss=0.6859
12:46:39  src.cpcv.tuning  INFO  Tuning total: 0.5s
12:46:39  src.cpcv.pipeline  INFO      applied logistic: {'C': 0.12173252504194051, 'penalty': 'l1'}
12:46:39  src.cpcv.pipeline  INFO    [ 31/84]             logistic (seed=0) F1=0.441  AUC=0.442  LL=0.7202 (0.0s)
12:46:39  src.cpcv.pipeline  INFO    [ 32/84]             logistic (seed=1) F1=0.441  AUC=0.442  LL=0.7201 (0.0s)
12:46:39  src.cpcv.pipeline  INFO    [ 33/84]             logistic (seed=2) F1=0.441  AUC=0.442  LL=0.7201 (0.0s)
12:46:39  src.cpcv.preprocessing  INFO  Computing MDA (Random Forest)...
12:47:03  src.cpcv.preprocessing  INFO  Computing MDA (Logistic Regression)...
12:47:04  src.cpcv.preprocessing  INFO  Multi-model MDA: 34/62 passed (MDA > 0), 28 eliminated
12:47:04  src.cpcv.preprocessing  INFO    Capped at 18 features (top_k_frac=0.3)
12:47:04  src.cpcv.preprocessing  INFO    Selected (18): ['active_addr_roc_14', 'bb_width', 'chaikin_osc', 'ema_ratio_50_200', 'issuance_ntv', 'kurtosis', 'log_returns_lag7', 'mfi_14', 'nasdaq_ret_30', 'negentropy', 'shannon_entropy', 'silver_ret_30', 'skewness', 'sp500_ret_30', 'us10y', 'vix', 'vol_term_7_30', 'yield_curve_2y10y']
12:47:04  src.cpcv.pipeline  INFO    Preprocessing: 18 features selected, train=563 + cal=141, test=233
12:47:04  src.cpcv.tuning  INFO  Tuning (1 model) — Optuna TPE + Purged K-Fold (inner: 3 folds, embargo=10 obs)
12:47:04  src.cpcv.tuning  INFO    [tuning] logistic: 3 purged K-fold splits, 30 Optuna trials (TPE)
12:47:04  src.cpcv.tuning  INFO      logistic: 22 completed, 8 pruned (of 30 total) — best log_loss=0.6809, params={'C': 0.013715673651577548, 'penalty': 'l2'}
12:47:04  src.cpcv.tuning  INFO    [tuning] logistic done in 0.6s — best log_loss=0.6809
12:47:04  src.cpcv.tuning  INFO  Tuning total: 0.6s
12:47:04  src.cpcv.pipeline  INFO      applied logistic: {'C': 0.013715673651577548, 'penalty': 'l2'}
12:47:04  src.cpcv.pipeline  INFO    [ 34/84]             logistic (seed=0) F1=0.502  AUC=0.572  LL=0.7016 (0.0s)
12:47:04  src.cpcv.pipeline  INFO    [ 35/84]             logistic (seed=1) F1=0.502  AUC=0.572  LL=0.7016 (0.0s)
12:47:04  src.cpcv.pipeline  INFO    [ 36/84]             logistic (seed=2) F1=0.502  AUC=0.572  LL=0.7016 (0.0s)
12:47:05  src.cpcv.preprocessing  INFO  Computing MDA (Random Forest)...
12:47:28  src.cpcv.preprocessing  INFO  Computing MDA (Logistic Regression)...
12:47:29  src.cpcv.preprocessing  INFO  Multi-model MDA: 25/62 passed (MDA > 0), 37 eliminated
12:47:29  src.cpcv.preprocessing  INFO    Capped at 18 features (top_k_frac=0.3)
12:47:29  src.cpcv.preprocessing  INFO    Selected (18): ['bb_width', 'eth_btc_ratio', 'jarque_bera', 'kurtosis', 'log_returns', 'log_returns_lag2', 'lz_complexity', 'macd_hist', 'macd_signal', 'rsi', 'sadf', 'skewness', 'tx_count_roc_14', 'us10y', 'us2y', 'vix', 'yield_curve_10y30y', 'yield_curve_2y10y']
12:47:29  src.cpcv.pipeline  INFO    Preprocessing: 18 features selected, train=564 + cal=142, test=240
12:47:29  src.cpcv.tuning  INFO  Tuning (1 model) — Optuna TPE + Purged K-Fold (inner: 3 folds, embargo=10 obs)
12:47:29  src.cpcv.tuning  INFO    [tuning] logistic: 3 purged K-fold splits, 30 Optuna trials (TPE)
12:47:29  src.cpcv.tuning  INFO      logistic: 24 completed, 6 pruned (of 30 total) — best log_loss=0.6816, params={'C': 0.025943055296597954, 'penalty': 'l1'}
12:47:29  src.cpcv.tuning  INFO    [tuning] logistic done in 0.7s — best log_loss=0.6816
12:47:29  src.cpcv.tuning  INFO  Tuning total: 0.7s
12:47:29  src.cpcv.pipeline  INFO      applied logistic: {'C': 0.025943055296597954, 'penalty': 'l1'}
12:47:29  src.cpcv.pipeline  INFO    [ 37/84]             logistic (seed=0) F1=0.373  AUC=0.597  LL=0.6807 (0.0s)
12:47:29  src.cpcv.pipeline  INFO    [ 38/84]             logistic (seed=1) F1=0.373  AUC=0.597  LL=0.6807 (0.0s)
12:47:29  src.cpcv.pipeline  INFO    [ 39/84]             logistic (seed=2) F1=0.373  AUC=0.597  LL=0.6807 (0.0s)
12:47:30  src.cpcv.preprocessing  INFO  Computing MDA (Random Forest)...
12:47:53  src.cpcv.preprocessing  INFO  Computing MDA (Logistic Regression)...
12:47:54  src.cpcv.preprocessing  INFO  Multi-model MDA: 42/62 passed (MDA > 0), 20 eliminated
12:47:54  src.cpcv.preprocessing  INFO    Capped at 18 features (top_k_frac=0.3)
12:47:54  src.cpcv.preprocessing  INFO    Selected (18): ['chaikin_osc', 'gold_ret_30', 'jarque_bera', 'kurtosis', 'log_returns_lag3', 'log_returns_lag7', 'macd', 'macd_hist', 'obv', 'realized_vol', 'silver_ret_30', 'skewness', 'sp500_ret_30', 'tx_count_roc_14', 'vol_term_30_90', 'vol_term_7_30', 'vwma_ratio_20_50', 'williams_r']
12:47:54  src.cpcv.pipeline  INFO    Preprocessing: 18 features selected, train=528 + cal=132, test=288
12:47:54  src.cpcv.tuning  INFO  Tuning (1 model) — Optuna TPE + Purged K-Fold (inner: 3 folds, embargo=10 obs)
12:47:54  src.cpcv.tuning  INFO    [tuning] logistic: 3 purged K-fold splits, 30 Optuna trials (TPE)
12:47:55  src.cpcv.tuning  INFO      logistic: 27 completed, 3 pruned (of 30 total) — best log_loss=0.6912, params={'C': 0.004149092600782365, 'penalty': 'l2'}
12:47:55  src.cpcv.tuning  INFO    [tuning] logistic done in 0.7s — best log_loss=0.6912
12:47:55  src.cpcv.tuning  INFO  Tuning total: 0.7s
12:47:55  src.cpcv.pipeline  INFO      applied logistic: {'C': 0.004149092600782365, 'penalty': 'l2'}
12:47:55  src.cpcv.pipeline  INFO    [ 40/84]             logistic (seed=0) F1=0.344  AUC=0.586  LL=0.9688 (0.0s)
12:47:55  src.cpcv.pipeline  INFO    [ 41/84]             logistic (seed=1) F1=0.344  AUC=0.586  LL=0.9688 (0.0s)
12:47:55  src.cpcv.pipeline  INFO    [ 42/84]             logistic (seed=2) F1=0.344  AUC=0.586  LL=0.9688 (0.0s)
12:47:55  src.cpcv.preprocessing  INFO  Computing MDA (Random Forest)...
12:48:18  src.cpcv.preprocessing  INFO  Computing MDA (Logistic Regression)...
12:48:19  src.cpcv.preprocessing  INFO  Multi-model MDA: 17/62 passed (MDA > 0), 45 eliminated
12:48:19  src.cpcv.preprocessing  INFO    Selected (17): ['atr', 'cci_14', 'eth_btc_ratio', 'hashrate_roc_30', 'hurst', 'issuance_ntv', 'log_returns_lag1', 'natgas_ret_30', 'negentropy', 'realized_vol', 'sadf', 'stoch_k', 'us10y', 'vol_term_7_30', 'vwma_ratio_20_50', 'williams_r', 'yield_curve_2y10y']
12:48:19  src.cpcv.pipeline  INFO    Preprocessing: 17 features selected, train=519 + cal=130, test=288
12:48:19  src.cpcv.tuning  INFO  Tuning (1 model) — Optuna TPE + Purged K-Fold (inner: 3 folds, embargo=10 obs)
12:48:19  src.cpcv.tuning  INFO    [tuning] logistic: 3 purged K-fold splits, 30 Optuna trials (TPE)
12:48:20  src.cpcv.tuning  INFO      logistic: 17 completed, 13 pruned (of 30 total) — best log_loss=0.6927, params={'C': 0.054502936945582565, 'penalty': 'l1'}
12:48:20  src.cpcv.tuning  INFO    [tuning] logistic done in 0.4s — best log_loss=0.6927
12:48:20  src.cpcv.tuning  INFO  Tuning total: 0.4s
12:48:20  src.cpcv.pipeline  INFO      applied logistic: {'C': 0.054502936945582565, 'penalty': 'l1'}
12:48:20  src.cpcv.pipeline  INFO    [ 43/84]             logistic (seed=0) F1=0.372  AUC=0.453  LL=0.7505 (0.0s)
12:48:20  src.cpcv.pipeline  INFO    [ 44/84]             logistic (seed=1) F1=0.372  AUC=0.453  LL=0.7505 (0.0s)
12:48:20  src.cpcv.pipeline  INFO    [ 45/84]             logistic (seed=2) F1=0.372  AUC=0.453  LL=0.7505 (0.0s)
12:48:20  src.cpcv.preprocessing  INFO  Computing MDA (Random Forest)...
12:48:44  src.cpcv.preprocessing  INFO  Computing MDA (Logistic Regression)...
12:48:45  src.cpcv.preprocessing  INFO  Multi-model MDA: 39/62 passed (MDA > 0), 23 eliminated
12:48:45  src.cpcv.preprocessing  INFO    Capped at 18 features (top_k_frac=0.3)
12:48:45  src.cpcv.preprocessing  INFO    Selected (18): ['cci_14', 'copper_ret_30', 'ema_ratio_20_50', 'fee_per_tx', 'log_returns_lag1', 'log_returns_lag2', 'log_returns_lag30', 'natgas_ret_30', 'net_exchange_flow', 'obv', 'oil_ret_30', 'sadf', 'silver_ret_30', 'skewness', 'stoch_k', 'vol_term_30_90', 'vwma_ratio_20_50', 'yield_curve_10y30y']
12:48:45  src.cpcv.pipeline  INFO    Preprocessing: 18 features selected, train=517 + cal=130, test=288
12:48:45  src.cpcv.tuning  INFO  Tuning (1 model) — Optuna TPE + Purged K-Fold (inner: 3 folds, embargo=10 obs)
12:48:45  src.cpcv.tuning  INFO    [tuning] logistic: 3 purged K-fold splits, 30 Optuna trials (TPE)
12:48:45  src.cpcv.tuning  INFO      logistic: 29 completed, 1 pruned (of 30 total) — best log_loss=0.6929, params={'C': 0.00080524961581442, 'penalty': 'l2'}
12:48:45  src.cpcv.tuning  INFO    [tuning] logistic done in 0.6s — best log_loss=0.6929
12:48:45  src.cpcv.tuning  INFO  Tuning total: 0.6s
12:48:45  src.cpcv.pipeline  INFO      applied logistic: {'C': 0.00080524961581442, 'penalty': 'l2'}
12:48:45  src.cpcv.pipeline  INFO    [ 46/84]             logistic (seed=0) F1=0.442  AUC=0.459  LL=0.7895 (0.0s)
12:48:45  src.cpcv.pipeline  INFO    [ 47/84]             logistic (seed=1) F1=0.442  AUC=0.459  LL=0.7895 (0.0s)
12:48:45  src.cpcv.pipeline  INFO    [ 48/84]             logistic (seed=2) F1=0.442  AUC=0.459  LL=0.7895 (0.0s)
12:48:46  src.cpcv.preprocessing  INFO  Computing MDA (Random Forest)...
12:49:10  src.cpcv.preprocessing  INFO  Computing MDA (Logistic Regression)...
12:49:11  src.cpcv.preprocessing  INFO  Multi-model MDA: 35/62 passed (MDA > 0), 27 eliminated
12:49:11  src.cpcv.preprocessing  INFO    Capped at 18 features (top_k_frac=0.3)
12:49:11  src.cpcv.preprocessing  INFO    Selected (18): ['atr', 'gk_vol', 'jarque_bera', 'log_returns_lag2', 'log_returns_lag3', 'log_returns_lag7', 'macd_hist', 'macd_signal', 'mfi_14', 'rsi', 'sadf', 'skewness', 'stoch_k', 'tx_count_roc_14', 'vol_term_30_90', 'vwma_ratio_20_50', 'williams_r', 'yz_vol']
12:49:11  src.cpcv.pipeline  INFO    Preprocessing: 18 features selected, train=518 + cal=130, test=288
12:49:11  src.cpcv.tuning  INFO  Tuning (1 model) — Optuna TPE + Purged K-Fold (inner: 3 folds, embargo=10 obs)
12:49:11  src.cpcv.tuning  INFO    [tuning] logistic: 3 purged K-fold splits, 30 Optuna trials (TPE)
12:49:12  src.cpcv.tuning  INFO      logistic: 18 completed, 12 pruned (of 30 total) — best log_loss=0.6810, params={'C': 0.002399524683310171, 'penalty': 'l2'}
12:49:12  src.cpcv.tuning  INFO    [tuning] logistic done in 0.7s — best log_loss=0.6810
12:49:12  src.cpcv.tuning  INFO  Tuning total: 0.7s
12:49:12  src.cpcv.pipeline  INFO      applied logistic: {'C': 0.002399524683310171, 'penalty': 'l2'}
12:49:12  src.cpcv.pipeline  INFO    [ 49/84]             logistic (seed=0) F1=0.437  AUC=0.461  LL=0.7644 (0.0s)
12:49:12  src.cpcv.pipeline  INFO    [ 50/84]             logistic (seed=1) F1=0.437  AUC=0.461  LL=0.7644 (0.0s)
12:49:12  src.cpcv.pipeline  INFO    [ 51/84]             logistic (seed=2) F1=0.437  AUC=0.461  LL=0.7644 (0.0s)
12:49:12  src.cpcv.preprocessing  INFO  Computing MDA (Random Forest)...
12:49:35  src.cpcv.preprocessing  INFO  Computing MDA (Logistic Regression)...
12:49:36  src.cpcv.preprocessing  INFO  Multi-model MDA: 35/62 passed (MDA > 0), 27 eliminated
12:49:36  src.cpcv.preprocessing  INFO    Capped at 18 features (top_k_frac=0.3)
12:49:36  src.cpcv.preprocessing  INFO    Selected (18): ['atr', 'bb_width', 'cci_14', 'exchange_supply_pct', 'hurst', 'log_returns', 'log_returns_lag3', 'macd_hist', 'mfi_14', 'net_exchange_flow', 'realized_vol', 'skewness', 'variance_ratio', 'vix', 'vol_term_30_90', 'vwma_ratio_20_50', 'yield_curve_10y30y', 'yz_vol']
12:49:36  src.cpcv.pipeline  INFO    Preprocessing: 18 features selected, train=520 + cal=130, test=295
12:49:36  src.cpcv.tuning  INFO  Tuning (1 model) — Optuna TPE + Purged K-Fold (inner: 3 folds, embargo=10 obs)
12:49:36  src.cpcv.tuning  INFO    [tuning] logistic: 3 purged K-fold splits, 30 Optuna trials (TPE)
12:49:37  src.cpcv.tuning  INFO      logistic: 21 completed, 9 pruned (of 30 total) — best log_loss=0.6809, params={'C': 0.12173252504194051, 'penalty': 'l1'}
12:49:37  src.cpcv.tuning  INFO    [tuning] logistic done in 0.5s — best log_loss=0.6809
12:49:37  src.cpcv.tuning  INFO  Tuning total: 0.5s
12:49:37  src.cpcv.pipeline  INFO      applied logistic: {'C': 0.12173252504194051, 'penalty': 'l1'}
12:49:37  src.cpcv.pipeline  INFO    [ 52/84]             logistic (seed=0) F1=0.336  AUC=0.479  LL=0.7101 (0.0s)
12:49:37  src.cpcv.pipeline  INFO    [ 53/84]             logistic (seed=1) F1=0.336  AUC=0.479  LL=0.7101 (0.0s)
12:49:37  src.cpcv.pipeline  INFO    [ 54/84]             logistic (seed=2) F1=0.336  AUC=0.479  LL=0.7101 (0.0s)
12:49:37  src.cpcv.preprocessing  INFO  Computing MDA (Random Forest)...
12:50:01  src.cpcv.preprocessing  INFO  Computing MDA (Logistic Regression)...
12:50:01  src.cpcv.preprocessing  INFO  Multi-model MDA: 21/62 passed (MDA > 0), 41 eliminated
12:50:01  src.cpcv.preprocessing  INFO    Capped at 18 features (top_k_frac=0.3)
12:50:01  src.cpcv.preprocessing  INFO    Selected (18): ['eth_btc_ratio', 'gold_ret_30', 'hurst', 'log_returns', 'log_returns_lag1', 'log_returns_lag2', 'log_returns_lag7', 'lz_complexity', 'mvrv', 'natgas_ret_30', 'negentropy', 'realized_vol', 'sadf', 'stoch_d', 'tx_count_roc_14', 'vix', 'yield_curve_10y30y', 'yz_vol']
12:50:01  src.cpcv.pipeline  INFO    Preprocessing: 18 features selected, train=528 + cal=133, test=288
12:50:01  src.cpcv.tuning  INFO  Tuning (1 model) — Optuna TPE + Purged K-Fold (inner: 3 folds, embargo=10 obs)
12:50:01  src.cpcv.tuning  INFO    [tuning] logistic: 3 purged K-fold splits, 30 Optuna trials (TPE)
12:50:02  src.cpcv.tuning  INFO      logistic: 22 completed, 8 pruned (of 30 total) — best log_loss=0.6920, params={'C': 0.054502936945582565, 'penalty': 'l1'}
12:50:02  src.cpcv.tuning  INFO    [tuning] logistic done in 0.5s — best log_loss=0.6920
12:50:02  src.cpcv.tuning  INFO  Tuning total: 0.5s
12:50:02  src.cpcv.pipeline  INFO      applied logistic: {'C': 0.054502936945582565, 'penalty': 'l1'}
12:50:02  src.cpcv.pipeline  INFO    [ 55/84]             logistic (seed=0) F1=0.383  AUC=0.532  LL=0.6801 (0.0s)
12:50:02  src.cpcv.pipeline  INFO    [ 56/84]             logistic (seed=1) F1=0.383  AUC=0.532  LL=0.6801 (0.0s)
12:50:02  src.cpcv.pipeline  INFO    [ 57/84]             logistic (seed=2) F1=0.383  AUC=0.532  LL=0.6801 (0.0s)
12:50:02  src.cpcv.preprocessing  INFO  Computing MDA (Random Forest)...
12:50:26  src.cpcv.preprocessing  INFO  Computing MDA (Logistic Regression)...
12:50:27  src.cpcv.preprocessing  INFO  Multi-model MDA: 19/62 passed (MDA > 0), 43 eliminated
12:50:27  src.cpcv.preprocessing  INFO    Capped at 18 features (top_k_frac=0.3)
12:50:27  src.cpcv.preprocessing  INFO    Selected (18): ['copper_ret_30', 'eth_btc_ratio', 'exchange_supply_pct', 'gold_ret_30', 'hurst', 'issuance_ntv', 'jarque_bera', 'kurtosis', 'mfi_14', 'natgas_ret_30', 'negentropy', 'net_exchange_flow', 'obv', 'oil_ret_30', 'roc_14', 'shannon_entropy', 'skewness', 'us2y']
12:50:27  src.cpcv.pipeline  INFO    Preprocessing: 18 features selected, train=518 + cal=130, test=288
12:50:27  src.cpcv.tuning  INFO  Tuning (1 model) — Optuna TPE + Purged K-Fold (inner: 3 folds, embargo=10 obs)
12:50:27  src.cpcv.tuning  INFO    [tuning] logistic: 3 purged K-fold splits, 30 Optuna trials (TPE)
12:50:28  src.cpcv.tuning  INFO      logistic: 20 completed, 10 pruned (of 30 total) — best log_loss=0.6889, params={'C': 0.06489800003437514, 'penalty': 'l1'}
12:50:28  src.cpcv.tuning  INFO    [tuning] logistic done in 0.5s — best log_loss=0.6889
12:50:28  src.cpcv.tuning  INFO  Tuning total: 0.5s
12:50:28  src.cpcv.pipeline  INFO      applied logistic: {'C': 0.06489800003437514, 'penalty': 'l1'}
12:50:28  src.cpcv.pipeline  INFO    [ 58/84]             logistic (seed=0) F1=0.509  AUC=0.524  LL=0.6966 (0.0s)
12:50:28  src.cpcv.pipeline  INFO    [ 59/84]             logistic (seed=1) F1=0.509  AUC=0.524  LL=0.6966 (0.0s)
12:50:28  src.cpcv.pipeline  INFO    [ 60/84]             logistic (seed=2) F1=0.509  AUC=0.524  LL=0.6966 (0.0s)
12:50:28  src.cpcv.preprocessing  INFO  Computing MDA (Random Forest)...
12:50:51  src.cpcv.preprocessing  INFO  Computing MDA (Logistic Regression)...
12:50:51  src.cpcv.preprocessing  INFO  Multi-model MDA: 32/62 passed (MDA > 0), 30 eliminated
12:50:51  src.cpcv.preprocessing  INFO    Capped at 18 features (top_k_frac=0.3)
12:50:51  src.cpcv.preprocessing  INFO    Selected (18): ['bb_width', 'chaikin_osc', 'copper_ret_30', 'eth_btc_ratio', 'exchange_supply_pct', 'fee_per_tx', 'gold_ret_30', 'jarque_bera', 'log_returns_lag14', 'log_returns_lag3', 'macd_hist', 'net_exchange_flow', 'oil_ret_30', 'roc_14', 'silver_ret_30', 'skewness', 'tx_count_roc_14', 'vol_term_7_30']
12:50:51  src.cpcv.pipeline  INFO    Preprocessing: 18 features selected, train=519 + cal=130, test=288
12:50:51  src.cpcv.tuning  INFO  Tuning (1 model) — Optuna TPE + Purged K-Fold (inner: 3 folds, embargo=10 obs)
12:50:51  src.cpcv.tuning  INFO    [tuning] logistic: 3 purged K-fold splits, 30 Optuna trials (TPE)
12:50:52  src.cpcv.tuning  INFO      logistic: 19 completed, 11 pruned (of 30 total) — best log_loss=0.6881, params={'C': 0.008394442225711854, 'penalty': 'l2'}
12:50:52  src.cpcv.tuning  INFO    [tuning] logistic done in 0.5s — best log_loss=0.6881
12:50:52  src.cpcv.tuning  INFO  Tuning total: 0.5s
12:50:52  src.cpcv.pipeline  INFO      applied logistic: {'C': 0.008394442225711854, 'penalty': 'l2'}
12:50:52  src.cpcv.pipeline  INFO    [ 61/84]             logistic (seed=0) F1=0.446  AUC=0.419  LL=0.8717 (0.0s)
12:50:52  src.cpcv.pipeline  INFO    [ 62/84]             logistic (seed=1) F1=0.446  AUC=0.419  LL=0.8717 (0.0s)
12:50:52  src.cpcv.pipeline  INFO    [ 63/84]             logistic (seed=2) F1=0.446  AUC=0.419  LL=0.8717 (0.0s)
12:50:52  src.cpcv.preprocessing  INFO  Computing MDA (Random Forest)...
12:51:15  src.cpcv.preprocessing  INFO  Computing MDA (Logistic Regression)...
12:51:16  src.cpcv.preprocessing  INFO  Multi-model MDA: 33/62 passed (MDA > 0), 29 eliminated
12:51:16  src.cpcv.preprocessing  INFO    Capped at 18 features (top_k_frac=0.3)
12:51:16  src.cpcv.preprocessing  INFO    Selected (18): ['bb_width', 'cci_14', 'ema_ratio_20_50', 'eth_btc_ratio', 'exchange_supply_pct', 'fee_per_tx', 'gk_vol', 'hurst', 'log_returns_lag1', 'roc_14', 'shannon_entropy', 'silver_ret_30', 'smt_poly1', 'sp500_ret_30', 'tx_count_roc_14', 'us10y', 'vol_term_30_90', 'yz_vol']
12:51:16  src.cpcv.pipeline  INFO    Preprocessing: 18 features selected, train=520 + cal=131, test=295
12:51:16  src.cpcv.tuning  INFO  Tuning (1 model) — Optuna TPE + Purged K-Fold (inner: 3 folds, embargo=10 obs)
12:51:16  src.cpcv.tuning  INFO    [tuning] logistic: 3 purged K-fold splits, 30 Optuna trials (TPE)
12:51:17  src.cpcv.tuning  INFO      logistic: 22 completed, 8 pruned (of 30 total) — best log_loss=0.6899, params={'C': 0.003409264942037956, 'penalty': 'l2'}
12:51:17  src.cpcv.tuning  INFO    [tuning] logistic done in 0.6s — best log_loss=0.6899
12:51:17  src.cpcv.tuning  INFO  Tuning total: 0.6s
12:51:17  src.cpcv.pipeline  INFO      applied logistic: {'C': 0.003409264942037956, 'penalty': 'l2'}
12:51:17  src.cpcv.pipeline  INFO    [ 64/84]             logistic (seed=0) F1=0.360  AUC=0.523  LL=0.6849 (0.0s)
12:51:17  src.cpcv.pipeline  INFO    [ 65/84]             logistic (seed=1) F1=0.360  AUC=0.523  LL=0.6849 (0.0s)
12:51:17  src.cpcv.pipeline  INFO    [ 66/84]             logistic (seed=2) F1=0.360  AUC=0.523  LL=0.6849 (0.0s)
12:51:17  src.cpcv.preprocessing  INFO  Computing MDA (Random Forest)...
12:51:41  src.cpcv.preprocessing  INFO  Computing MDA (Logistic Regression)...
12:51:42  src.cpcv.preprocessing  INFO  Multi-model MDA: 31/62 passed (MDA > 0), 31 eliminated
12:51:42  src.cpcv.preprocessing  INFO    Capped at 18 features (top_k_frac=0.3)
12:51:42  src.cpcv.preprocessing  INFO    Selected (18): ['active_addr_roc_14', 'atr', 'cci_14', 'ema_ratio_20_50', 'exchange_supply_pct', 'kurtosis', 'log_returns_lag7', 'lz_complexity', 'macd', 'macd_hist', 'mvrv', 'nasdaq_ret_30', 'natgas_ret_30', 'negentropy', 'roc_14', 'rsi', 'skewness', 'us2y']
12:51:42  src.cpcv.pipeline  INFO    Preprocessing: 18 features selected, train=528 + cal=133, test=288
12:51:42  src.cpcv.tuning  INFO  Tuning (1 model) — Optuna TPE + Purged K-Fold (inner: 3 folds, embargo=10 obs)
12:51:42  src.cpcv.tuning  INFO    [tuning] logistic: 3 purged K-fold splits, 30 Optuna trials (TPE)
12:51:42  src.cpcv.tuning  INFO      logistic: 21 completed, 9 pruned (of 30 total) — best log_loss=0.6874, params={'C': 0.12173252504194051, 'penalty': 'l1'}
12:51:42  src.cpcv.tuning  INFO    [tuning] logistic done in 0.5s — best log_loss=0.6874
12:51:42  src.cpcv.tuning  INFO  Tuning total: 0.5s
12:51:42  src.cpcv.pipeline  INFO      applied logistic: {'C': 0.12173252504194051, 'penalty': 'l1'}
12:51:42  src.cpcv.pipeline  INFO    [ 67/84]             logistic (seed=0) F1=0.356  AUC=0.463  LL=0.6885 (0.0s)
12:51:42  src.cpcv.pipeline  INFO    [ 68/84]             logistic (seed=1) F1=0.356  AUC=0.463  LL=0.6885 (0.0s)
12:51:42  src.cpcv.pipeline  INFO    [ 69/84]             logistic (seed=2) F1=0.356  AUC=0.463  LL=0.6885 (0.0s)
12:51:43  src.cpcv.preprocessing  INFO  Computing MDA (Random Forest)...
12:52:07  src.cpcv.preprocessing  INFO  Computing MDA (Logistic Regression)...
12:52:08  src.cpcv.preprocessing  INFO  Multi-model MDA: 40/62 passed (MDA > 0), 22 eliminated
12:52:08  src.cpcv.preprocessing  INFO    Capped at 18 features (top_k_frac=0.3)
12:52:08  src.cpcv.preprocessing  INFO    Selected (18): ['eth_btc_ratio', 'gk_vol', 'hurst', 'kurtosis', 'macd', 'nasdaq_ret_30', 'oil_ret_30', 'roc_14', 'rsi', 'sadf', 'silver_ret_30', 'skewness', 'smt_exp', 'vix', 'vwma_ratio_20_50', 'williams_r', 'yield_curve_10y30y', 'yz_vol']
12:52:08  src.cpcv.pipeline  INFO    Preprocessing: 18 features selected, train=519 + cal=130, test=288
12:52:08  src.cpcv.tuning  INFO  Tuning (1 model) — Optuna TPE + Purged K-Fold (inner: 3 folds, embargo=10 obs)
12:52:08  src.cpcv.tuning  INFO    [tuning] logistic: 3 purged K-fold splits, 30 Optuna trials (TPE)
12:52:08  src.cpcv.tuning  INFO      logistic: 19 completed, 11 pruned (of 30 total) — best log_loss=0.6831, params={'C': 0.030308385244152494, 'penalty': 'l2'}
12:52:08  src.cpcv.tuning  INFO    [tuning] logistic done in 0.6s — best log_loss=0.6831
12:52:08  src.cpcv.tuning  INFO  Tuning total: 0.6s
12:52:08  src.cpcv.pipeline  INFO      applied logistic: {'C': 0.030308385244152494, 'penalty': 'l2'}
12:52:08  src.cpcv.pipeline  INFO    [ 70/84]             logistic (seed=0) F1=0.520  AUC=0.554  LL=0.6825 (0.0s)
12:52:08  src.cpcv.pipeline  INFO    [ 71/84]             logistic (seed=1) F1=0.520  AUC=0.554  LL=0.6825 (0.0s)
12:52:08  src.cpcv.pipeline  INFO    [ 72/84]             logistic (seed=2) F1=0.520  AUC=0.554  LL=0.6825 (0.0s)
12:52:08  src.cpcv.preprocessing  INFO  Computing MDA (Random Forest)...
12:52:32  src.cpcv.preprocessing  INFO  Computing MDA (Logistic Regression)...
12:52:32  src.cpcv.preprocessing  INFO  Multi-model MDA: 18/62 passed (MDA > 0), 44 eliminated
12:52:32  src.cpcv.preprocessing  INFO    Selected (18): ['active_addr_roc_14', 'dxy_roc_30', 'eth_btc_ratio', 'exchange_supply_pct', 'hurst', 'kurtosis', 'log_returns_lag3', 'lz_complexity', 'macd_signal', 'nasdaq_ret_30', 'sadf', 'skewness', 'smt_poly1', 'tx_count_roc_14', 'us2y', 'vol_term_30_90', 'williams_r', 'yz_vol']
12:52:32  src.cpcv.pipeline  INFO    Preprocessing: 18 features selected, train=520 + cal=131, test=295
12:52:32  src.cpcv.tuning  INFO  Tuning (1 model) — Optuna TPE + Purged K-Fold (inner: 3 folds, embargo=10 obs)
12:52:32  src.cpcv.tuning  INFO    [tuning] logistic: 3 purged K-fold splits, 30 Optuna trials (TPE)
12:52:33  src.cpcv.tuning  INFO      logistic: 25 completed, 5 pruned (of 30 total) — best log_loss=0.6931, params={'C': 0.017670169402947963, 'penalty': 'l1'}
12:52:33  src.cpcv.tuning  INFO    [tuning] logistic done in 0.4s — best log_loss=0.6931
12:52:33  src.cpcv.tuning  INFO  Tuning total: 0.4s
12:52:33  src.cpcv.pipeline  INFO      applied logistic: {'C': 0.017670169402947963, 'penalty': 'l1'}
12:52:33  src.cpcv.pipeline  INFO    [ 73/84]             logistic (seed=0) F1=0.366  AUC=0.500  LL=0.6850 (0.0s)
12:52:33  src.cpcv.pipeline  INFO    [ 74/84]             logistic (seed=1) F1=0.366  AUC=0.500  LL=0.6850 (0.0s)
12:52:33  src.cpcv.pipeline  INFO    [ 75/84]             logistic (seed=2) F1=0.366  AUC=0.500  LL=0.6850 (0.0s)
12:52:33  src.cpcv.preprocessing  INFO  Computing MDA (Random Forest)...
12:52:57  src.cpcv.preprocessing  INFO  Computing MDA (Logistic Regression)...
12:52:58  src.cpcv.preprocessing  INFO  Multi-model MDA: 41/62 passed (MDA > 0), 21 eliminated
12:52:58  src.cpcv.preprocessing  INFO    Capped at 18 features (top_k_frac=0.3)
12:52:58  src.cpcv.preprocessing  INFO    Selected (18): ['active_addr_roc_14', 'eth_btc_ratio', 'exchange_supply_pct', 'kurtosis', 'log_returns', 'log_returns_lag14', 'macd', 'mfi_14', 'mvrv', 'negentropy', 'roc_14', 'silver_ret_30', 'smt_exp', 'smt_poly1', 'tx_count_roc_14', 'vix', 'vwma_ratio_20_50', 'yz_vol']
12:52:58  src.cpcv.pipeline  INFO    Preprocessing: 18 features selected, train=527 + cal=132, test=288
12:52:58  src.cpcv.tuning  INFO  Tuning (1 model) — Optuna TPE + Purged K-Fold (inner: 3 folds, embargo=10 obs)
12:52:58  src.cpcv.tuning  INFO    [tuning] logistic: 3 purged K-fold splits, 30 Optuna trials (TPE)
12:52:58  src.cpcv.tuning  INFO      logistic: 13 completed, 17 pruned (of 30 total) — best log_loss=0.6922, params={'C': 0.054502936945582565, 'penalty': 'l1'}
12:52:58  src.cpcv.tuning  INFO    [tuning] logistic done in 0.5s — best log_loss=0.6922
12:52:58  src.cpcv.tuning  INFO  Tuning total: 0.5s
12:52:58  src.cpcv.pipeline  INFO      applied logistic: {'C': 0.054502936945582565, 'penalty': 'l1'}
12:52:58  src.cpcv.pipeline  INFO    [ 76/84]             logistic (seed=0) F1=0.502  AUC=0.486  LL=0.7131 (0.0s)
12:52:58  src.cpcv.pipeline  INFO    [ 77/84]             logistic (seed=1) F1=0.502  AUC=0.486  LL=0.7131 (0.0s)
12:52:58  src.cpcv.pipeline  INFO    [ 78/84]             logistic (seed=2) F1=0.502  AUC=0.486  LL=0.7131 (0.0s)
12:52:59  src.cpcv.preprocessing  INFO  Computing MDA (Random Forest)...
12:53:22  src.cpcv.preprocessing  INFO  Computing MDA (Logistic Regression)...
12:53:23  src.cpcv.preprocessing  INFO  Multi-model MDA: 32/62 passed (MDA > 0), 30 eliminated
12:53:23  src.cpcv.preprocessing  INFO    Capped at 18 features (top_k_frac=0.3)
12:53:23  src.cpcv.preprocessing  INFO    Selected (18): ['atr', 'bb_width', 'eth_btc_ratio', 'exchange_supply_pct', 'hashrate_roc_30', 'log_returns_lag1', 'log_returns_lag14', 'log_returns_lag3', 'lz_complexity', 'mfi_14', 'natgas_ret_30', 'skewness', 'us10y', 'us2y', 'vix', 'yield_curve_10y30y', 'yield_curve_2y10y', 'yz_vol']
12:53:23  src.cpcv.pipeline  INFO    Preprocessing: 18 features selected, train=519 + cal=130, test=295
12:53:23  src.cpcv.tuning  INFO  Tuning (1 model) — Optuna TPE + Purged K-Fold (inner: 3 folds, embargo=10 obs)
12:53:23  src.cpcv.tuning  INFO    [tuning] logistic: 3 purged K-fold splits, 30 Optuna trials (TPE)
12:53:24  src.cpcv.tuning  INFO      logistic: 19 completed, 11 pruned (of 30 total) — best log_loss=0.6731, params={'C': 0.15517874583611974, 'penalty': 'l1'}
12:53:24  src.cpcv.tuning  INFO    [tuning] logistic done in 0.7s — best log_loss=0.6731
12:53:24  src.cpcv.tuning  INFO  Tuning total: 0.7s
12:53:24  src.cpcv.pipeline  INFO      applied logistic: {'C': 0.15517874583611974, 'penalty': 'l1'}
12:53:24  src.cpcv.pipeline  INFO    [ 79/84]             logistic (seed=0) F1=0.397  AUC=0.517  LL=0.6898 (0.0s)
12:53:24  src.cpcv.pipeline  INFO    [ 80/84]             logistic (seed=1) F1=0.397  AUC=0.517  LL=0.6898 (0.0s)
12:53:24  src.cpcv.pipeline  INFO    [ 81/84]             logistic (seed=2) F1=0.397  AUC=0.517  LL=0.6898 (0.0s)
12:53:24  src.cpcv.preprocessing  INFO  Computing MDA (Random Forest)...
12:53:47  src.cpcv.preprocessing  INFO  Computing MDA (Logistic Regression)...
12:53:48  src.cpcv.preprocessing  INFO  Multi-model MDA: 13/62 passed (MDA > 0), 49 eliminated
12:53:48  src.cpcv.preprocessing  INFO    Selected (13): ['chaikin_osc', 'eth_btc_ratio', 'exchange_supply_pct', 'gk_vol', 'kurtosis', 'log_returns', 'nasdaq_ret_30', 'realized_vol', 'roc_14', 'smt_exp', 'smt_poly1', 'sp500_ret_30', 'us10y']
12:53:48  src.cpcv.pipeline  INFO    Preprocessing: 13 features selected, train=531 + cal=133, test=295
12:53:48  src.cpcv.tuning  INFO  Tuning (1 model) — Optuna TPE + Purged K-Fold (inner: 3 folds, embargo=10 obs)
12:53:48  src.cpcv.tuning  INFO    [tuning] logistic: 3 purged K-fold splits, 30 Optuna trials (TPE)
12:53:48  src.cpcv.tuning  INFO      logistic: 22 completed, 8 pruned (of 30 total) — best log_loss=0.6853, params={'C': 0.08791634582014668, 'penalty': 'l1'}
12:53:48  src.cpcv.tuning  INFO    [tuning] logistic done in 0.4s — best log_loss=0.6853
12:53:48  src.cpcv.tuning  INFO  Tuning total: 0.4s
12:53:48  src.cpcv.pipeline  INFO      applied logistic: {'C': 0.08791634582014668, 'penalty': 'l1'}
12:53:48  src.cpcv.pipeline  INFO    [ 82/84]             logistic (seed=0) F1=0.304  AUC=0.482  LL=0.9062 (0.0s)
12:53:48  src.cpcv.pipeline  INFO    [ 83/84]             logistic (seed=1) F1=0.304  AUC=0.482  LL=0.9061 (0.0s)
12:53:48  src.cpcv.pipeline  INFO    [ 84/84]             logistic (seed=2) F1=0.304  AUC=0.482  LL=0.9061 (0.0s)
12:53:48  src.cpcv.pipeline  INFO  ============================================================
12:53:48  src.cpcv.pipeline  INFO  CPCV Pipeline Complete
12:53:48  src.cpcv.pipeline  INFO  ============================================================
12:53:48  src.cpcv.pipeline  INFO    Total time:     737.8s (12.3m)
12:53:48  src.cpcv.pipeline  INFO    Tasks:          84 succeeded, 0 failed
12:53:48  src.cpcv.pipeline  INFO    Results keys:   84 (model, split, seed) entries
12:53:48  src.cpcv.pipeline  INFO    Backtest paths: 7
12:53:48  src.cpcv.pipeline  INFO    Tuning:         nested (per-split), 28 splits tuned, models=['logistic']
12:53:48  src.cpcv.pipeline  INFO  ============================================================
12:53:49  src.cpcv.pipeline  INFO  ============================================================
12:53:49  src.cpcv.pipeline  INFO  CPCV Pipeline
12:53:49  src.cpcv.pipeline  INFO  ============================================================
12:53:49  src.cpcv.pipeline  INFO    Models:         ['random_forest', 'xgboost']
12:53:49  src.cpcv.pipeline  INFO    Seeds/fold:     3
12:53:49  src.cpcv.pipeline  INFO    Groups (N):     8
12:53:49  src.cpcv.pipeline  INFO    Test groups (k):2
12:53:49  src.cpcv.pipeline  INFO    Embargo:        1.0%
12:53:49  src.cpcv.pipeline  INFO    FFD columns:    ['atr']
12:53:49  src.cpcv.pipeline  INFO    Samples:        1159
12:53:49  src.cpcv.pipeline  INFO    Features:       62
12:53:49  src.cpcv.pipeline  INFO    Splits:         28, Paths: 7
12:53:49  src.cpcv.pipeline  INFO    Tuning:         NESTED (per-split) — ['random_forest', 'xgboost'] [30 trials]
12:53:49  src.cpcv.pipeline  INFO  ============================================================
12:53:50  src.cpcv.preprocessing  INFO  Computing MDA (Random Forest)...
12:54:16  src.cpcv.preprocessing  INFO  Computing MDA (Logistic Regression)...
12:54:17  src.cpcv.preprocessing  INFO  Multi-model MDA: 16/62 passed (MDA > 0), 46 eliminated
12:54:17  src.cpcv.preprocessing  INFO    Selected (16): ['chaikin_osc', 'dxy_roc_30', 'exchange_supply_pct', 'gk_vol', 'jarque_bera', 'log_returns', 'log_returns_lag1', 'log_returns_lag7', 'roc_14', 'silver_ret_30', 'stoch_d', 'us10y', 'us2y', 'variance_ratio', 'vol_term_7_30', 'yield_curve_10y30y']
12:54:17  src.cpcv.pipeline  INFO    Preprocessing: 16 features selected, train=688 + cal=172, test=89
12:54:17  src.cpcv.tuning  INFO  Tuning (2 models) — Optuna TPE + Purged K-Fold (inner: 3 folds, embargo=10 obs)
12:54:17  src.cpcv.tuning  INFO    [tuning] random_forest: 3 purged K-fold splits, 30 Optuna trials (TPE)
12:55:03  src.cpcv.tuning  INFO      random_forest: 20 completed, 10 pruned (of 30 total) — best log_loss=0.7012, params={'n_estimators': 200, 'max_depth': 2, 'min_samples_leaf': 16, 'max_features': 'log2'}
12:55:03  src.cpcv.tuning  INFO    [tuning] random_forest done in 46.2s — best log_loss=0.7012
12:55:03  src.cpcv.tuning  INFO    [tuning] xgboost: 3 purged K-fold splits, 30 Optuna trials (TPE)
12:55:08  src.cpcv.tuning  INFO      xgboost: 23 completed, 7 pruned (of 30 total) — best log_loss=0.6869, params={'max_depth': 2, 'learning_rate': 0.14447746112718687, 'min_child_weight': 10, 'subsample': 0.8056937753654446, 'colsample_bytree': 0.836965827544817, 'gamma': 2.3528990899815284e-08, 'reg_alpha': 0.0029369981104377003, 'reg_lambda': 3.425445902633376e-07}
12:55:08  src.cpcv.tuning  INFO    [tuning] xgboost done in 4.5s — best log_loss=0.6869
12:55:08  src.cpcv.tuning  INFO  Tuning total: 50.7s
12:55:08  src.cpcv.pipeline  INFO      applied random_forest: {'n_estimators': 200, 'max_depth': 2, 'min_samples_leaf': 16, 'max_features': 'log2'}
12:55:08  src.cpcv.pipeline  INFO      applied xgboost: {'max_depth': 2, 'learning_rate': 0.14447746112718687, 'min_child_weight': 10, 'subsample': 0.8056937753654446, 'colsample_bytree': 0.836965827544817, 'gamma': 2.3528990899815284e-08, 'reg_alpha': 0.0029369981104377003, 'reg_lambda': 3.425445902633376e-07}
12:55:08  src.cpcv.models.tree_models  INFO  RandomForest fitted: 688 samples, 16 features, 200 trees.
12:55:08  src.cpcv.pipeline  INFO    [  1/168]        random_forest (seed=0) F1=0.399  AUC=0.554  LL=0.6470 (0.6s)
12:55:09  src.cpcv.models.tree_models  INFO  RandomForest fitted: 688 samples, 16 features, 200 trees.
12:55:09  src.cpcv.pipeline  INFO    [  2/168]        random_forest (seed=1) F1=0.399  AUC=0.547  LL=0.6510 (0.6s)
12:55:09  src.cpcv.models.tree_models  INFO  RandomForest fitted: 688 samples, 16 features, 200 trees.
12:55:10  src.cpcv.pipeline  INFO    [  3/168]        random_forest (seed=2) F1=0.399  AUC=0.541  LL=0.6430 (0.6s)
12:55:10  src.cpcv.models.tree_models  INFO  XGBoost fitted: 688 samples, early stopped at iteration 12/300.
12:55:10  src.cpcv.pipeline  INFO    [  4/168]              xgboost (seed=0) F1=0.399  AUC=0.519  LL=0.6437 (0.1s)
12:55:10  src.cpcv.models.tree_models  INFO  XGBoost fitted: 688 samples, early stopped at iteration 2/300.
12:55:10  src.cpcv.pipeline  INFO    [  5/168]              xgboost (seed=1) F1=0.620  AUC=0.586  LL=0.6322 (0.0s)
12:55:10  src.cpcv.models.tree_models  INFO  XGBoost fitted: 688 samples, early stopped at iteration 1/300.
12:55:10  src.cpcv.pipeline  INFO    [  6/168]              xgboost (seed=2) F1=0.399  AUC=0.429  LL=0.6795 (0.0s)
12:55:10  src.cpcv.preprocessing  INFO  Computing MDA (Random Forest)...
12:55:36  src.cpcv.preprocessing  INFO  Computing MDA (Logistic Regression)...
12:55:37  src.cpcv.preprocessing  INFO  Multi-model MDA: 49/62 passed (MDA > 0), 13 eliminated
12:55:37  src.cpcv.preprocessing  INFO    Capped at 18 features (top_k_frac=0.3)
12:55:37  src.cpcv.preprocessing  INFO    Selected (18): ['atr', 'bb_width', 'dxy_roc_30', 'ema_ratio_50_200', 'issuance_ntv', 'log_returns', 'macd_hist', 'nasdaq_ret_30', 'oil_ret_30', 'realized_vol', 'shannon_entropy', 'skewness', 'smt_exp', 'smt_poly1', 'stoch_d', 'tx_count_roc_14', 'us2y', 'yield_curve_2y10y']
12:55:37  src.cpcv.pipeline  INFO    Preprocessing: 18 features selected, train=643 + cal=161, test=144
12:55:37  src.cpcv.tuning  INFO  Tuning (2 models) — Optuna TPE + Purged K-Fold (inner: 3 folds, embargo=10 obs)
12:55:37  src.cpcv.tuning  INFO    [tuning] random_forest: 3 purged K-fold splits, 30 Optuna trials (TPE)
12:56:14  src.cpcv.tuning  INFO      random_forest: 15 completed, 15 pruned (of 30 total) — best log_loss=0.7047, params={'n_estimators': 100, 'max_depth': 2, 'min_samples_leaf': 17, 'max_features': 'log2'}
12:56:14  src.cpcv.tuning  INFO    [tuning] random_forest done in 37.0s — best log_loss=0.7047
12:56:14  src.cpcv.tuning  INFO    [tuning] xgboost: 3 purged K-fold splits, 30 Optuna trials (TPE)
12:56:18  src.cpcv.tuning  INFO      xgboost: 15 completed, 15 pruned (of 30 total) — best log_loss=0.6876, params={'max_depth': 1, 'learning_rate': 0.18073809936134494, 'min_child_weight': 15, 'subsample': 0.6420990979753988, 'colsample_bytree': 0.608125982364071, 'gamma': 0.02366152235555977, 'reg_alpha': 1.0773211985551843e-07, 'reg_lambda': 4.962149723840253e-05}
12:56:18  src.cpcv.tuning  INFO    [tuning] xgboost done in 3.5s — best log_loss=0.6876
12:56:18  src.cpcv.tuning  INFO  Tuning total: 40.5s
12:56:18  src.cpcv.pipeline  INFO      applied random_forest: {'n_estimators': 100, 'max_depth': 2, 'min_samples_leaf': 17, 'max_features': 'log2'}
12:56:18  src.cpcv.pipeline  INFO      applied xgboost: {'max_depth': 1, 'learning_rate': 0.18073809936134494, 'min_child_weight': 15, 'subsample': 0.6420990979753988, 'colsample_bytree': 0.608125982364071, 'gamma': 0.02366152235555977, 'reg_alpha': 1.0773211985551843e-07, 'reg_lambda': 4.962149723840253e-05}
12:56:18  src.cpcv.models.tree_models  INFO  RandomForest fitted: 643 samples, 18 features, 100 trees.
12:56:18  src.cpcv.pipeline  INFO    [  7/168]        random_forest (seed=0) F1=0.304  AUC=0.452  LL=0.8105 (0.5s)
12:56:18  src.cpcv.models.tree_models  INFO  RandomForest fitted: 643 samples, 18 features, 100 trees.
12:56:18  src.cpcv.pipeline  INFO    [  8/168]        random_forest (seed=1) F1=0.311  AUC=0.470  LL=0.7338 (0.4s)
12:56:19  src.cpcv.models.tree_models  INFO  RandomForest fitted: 643 samples, 18 features, 100 trees.
12:56:19  src.cpcv.pipeline  INFO    [  9/168]        random_forest (seed=2) F1=0.339  AUC=0.461  LL=0.7511 (0.4s)
12:56:19  src.cpcv.models.tree_models  INFO  XGBoost fitted: 643 samples, early stopped at iteration 1/300.
12:56:19  src.cpcv.pipeline  INFO    [ 10/168]              xgboost (seed=0) F1=0.450  AUC=0.443  LL=0.7798 (0.0s)
12:56:19  src.cpcv.models.tree_models  INFO  XGBoost fitted: 643 samples, early stopped at iteration 31/300.
12:56:19  src.cpcv.pipeline  INFO    [ 11/168]              xgboost (seed=1) F1=0.432  AUC=0.419  LL=0.7867 (0.1s)
12:56:19  src.cpcv.models.tree_models  INFO  XGBoost fitted: 643 samples, early stopped at iteration 11/300.
12:56:19  src.cpcv.pipeline  INFO    [ 12/168]              xgboost (seed=2) F1=0.345  AUC=0.483  LL=0.7751 (0.1s)
12:56:19  src.cpcv.preprocessing  INFO  Computing MDA (Random Forest)...
12:56:47  src.cpcv.preprocessing  INFO  Computing MDA (Logistic Regression)...
12:56:47  src.cpcv.preprocessing  WARNING  [split 3/28] Only 3 features with MDA > 0. Taking top 5 by MDA value.
12:56:47  src.cpcv.preprocessing  INFO  Multi-model MDA: 3/62 passed (MDA > 0), 59 eliminated
12:56:47  src.cpcv.preprocessing  INFO    Selected (5): ['jarque_bera', 'log_returns_lag1', 'oil_ret_30', 'roc_14', 'stoch_d']
12:56:47  src.cpcv.pipeline  INFO    Preprocessing: 5 features selected, train=644 + cal=161, test=144
12:56:47  src.cpcv.tuning  INFO  Tuning (2 models) — Optuna TPE + Purged K-Fold (inner: 3 folds, embargo=10 obs)
12:56:47  src.cpcv.tuning  INFO    [tuning] random_forest: 3 purged K-fold splits, 30 Optuna trials (TPE)
12:57:31  src.cpcv.tuning  INFO      random_forest: 17 completed, 13 pruned (of 30 total) — best log_loss=0.6994, params={'n_estimators': 200, 'max_depth': 2, 'min_samples_leaf': 18, 'max_features': 'log2'}
12:57:31  src.cpcv.tuning  INFO    [tuning] random_forest done in 43.9s — best log_loss=0.6994
12:57:31  src.cpcv.tuning  INFO    [tuning] xgboost: 3 purged K-fold splits, 30 Optuna trials (TPE)
12:57:34  src.cpcv.tuning  INFO      xgboost: 11 completed, 19 pruned (of 30 total) — best log_loss=0.6896, params={'max_depth': 2, 'learning_rate': 0.11917291932037626, 'min_child_weight': 8, 'subsample': 0.8984712502090799, 'colsample_bytree': 0.7478530490567594, 'gamma': 8.011766282232821e-08, 'reg_alpha': 0.009052510948714442, 'reg_lambda': 5.559690078008033e-07}
12:57:34  src.cpcv.tuning  INFO    [tuning] xgboost done in 3.0s — best log_loss=0.6896
12:57:34  src.cpcv.tuning  INFO  Tuning total: 46.9s
12:57:34  src.cpcv.pipeline  INFO      applied random_forest: {'n_estimators': 200, 'max_depth': 2, 'min_samples_leaf': 18, 'max_features': 'log2'}
12:57:34  src.cpcv.pipeline  INFO      applied xgboost: {'max_depth': 2, 'learning_rate': 0.11917291932037626, 'min_child_weight': 8, 'subsample': 0.8984712502090799, 'colsample_bytree': 0.7478530490567594, 'gamma': 8.011766282232821e-08, 'reg_alpha': 0.009052510948714442, 'reg_lambda': 5.559690078008033e-07}
12:57:35  src.cpcv.models.tree_models  INFO  RandomForest fitted: 644 samples, 5 features, 200 trees.
12:57:35  src.cpcv.pipeline  INFO    [ 13/168]        random_forest (seed=0) F1=0.393  AUC=0.404  LL=0.7297 (0.7s)
12:57:35  src.cpcv.models.tree_models  INFO  RandomForest fitted: 644 samples, 5 features, 200 trees.
12:57:36  src.cpcv.pipeline  INFO    [ 14/168]        random_forest (seed=1) F1=0.373  AUC=0.382  LL=0.7318 (0.6s)
12:57:36  src.cpcv.models.tree_models  INFO  RandomForest fitted: 644 samples, 5 features, 200 trees.
12:57:36  src.cpcv.pipeline  INFO    [ 15/168]        random_forest (seed=2) F1=0.392  AUC=0.393  LL=0.7366 (0.6s)
12:57:36  src.cpcv.models.tree_models  INFO  XGBoost fitted: 644 samples, early stopped at iteration 24/300.
12:57:36  src.cpcv.pipeline  INFO    [ 16/168]              xgboost (seed=0) F1=0.383  AUC=0.372  LL=0.7754 (0.1s)
12:57:36  src.cpcv.models.tree_models  INFO  XGBoost fitted: 644 samples, early stopped at iteration 15/300.
12:57:36  src.cpcv.pipeline  INFO    [ 17/168]              xgboost (seed=1) F1=0.378  AUC=0.391  LL=0.7779 (0.1s)
12:57:36  src.cpcv.models.tree_models  INFO  XGBoost fitted: 644 samples, early stopped at iteration 30/300.
12:57:36  src.cpcv.pipeline  INFO    [ 18/168]              xgboost (seed=2) F1=0.403  AUC=0.403  LL=0.7796 (0.1s)
12:57:37  src.cpcv.preprocessing  INFO  Computing MDA (Random Forest)...
12:58:04  src.cpcv.preprocessing  INFO  Computing MDA (Logistic Regression)...
12:58:04  src.cpcv.preprocessing  INFO  Multi-model MDA: 36/62 passed (MDA > 0), 26 eliminated
12:58:04  src.cpcv.preprocessing  INFO    Capped at 18 features (top_k_frac=0.3)
12:58:04  src.cpcv.preprocessing  INFO    Selected (18): ['active_addr_roc_14', 'atr', 'bb_width', 'dxy_roc_30', 'jarque_bera', 'log_returns_lag2', 'log_returns_lag30', 'macd_hist', 'mvrv', 'net_exchange_flow', 'obv', 'oil_ret_30', 'sadf', 'smt_exp', 'sp500_ret_30', 'stoch_d', 'vix', 'yield_curve_10y30y']
12:58:04  src.cpcv.pipeline  INFO    Preprocessing: 18 features selected, train=644 + cal=161, test=144
12:58:04  src.cpcv.tuning  INFO  Tuning (2 models) — Optuna TPE + Purged K-Fold (inner: 3 folds, embargo=10 obs)
12:58:04  src.cpcv.tuning  INFO    [tuning] random_forest: 3 purged K-fold splits, 30 Optuna trials (TPE)
12:58:48  src.cpcv.tuning  INFO      random_forest: 22 completed, 8 pruned (of 30 total) — best log_loss=0.6981, params={'n_estimators': 150, 'max_depth': 2, 'min_samples_leaf': 17, 'max_features': 'log2'}
12:58:48  src.cpcv.tuning  INFO    [tuning] random_forest done in 43.9s — best log_loss=0.6981
12:58:48  src.cpcv.tuning  INFO    [tuning] xgboost: 3 purged K-fold splits, 30 Optuna trials (TPE)
12:58:52  src.cpcv.tuning  INFO      xgboost: 20 completed, 10 pruned (of 30 total) — best log_loss=0.6833, params={'max_depth': 2, 'learning_rate': 0.19827917146791513, 'min_child_weight': 30, 'subsample': 0.6000765093059042, 'colsample_bytree': 0.6602569006701084, 'gamma': 3.3414567722522346e-06, 'reg_alpha': 7.245290399613106e-08, 'reg_lambda': 0.0007731600045726094}
12:58:52  src.cpcv.tuning  INFO    [tuning] xgboost done in 3.7s — best log_loss=0.6833
12:58:52  src.cpcv.tuning  INFO  Tuning total: 47.6s
12:58:52  src.cpcv.pipeline  INFO      applied random_forest: {'n_estimators': 150, 'max_depth': 2, 'min_samples_leaf': 17, 'max_features': 'log2'}
12:58:52  src.cpcv.pipeline  INFO      applied xgboost: {'max_depth': 2, 'learning_rate': 0.19827917146791513, 'min_child_weight': 30, 'subsample': 0.6000765093059042, 'colsample_bytree': 0.6602569006701084, 'gamma': 3.3414567722522346e-06, 'reg_alpha': 7.245290399613106e-08, 'reg_lambda': 0.0007731600045726094}
12:58:52  src.cpcv.models.tree_models  INFO  RandomForest fitted: 644 samples, 18 features, 150 trees.
12:58:53  src.cpcv.pipeline  INFO    [ 19/168]        random_forest (seed=0) F1=0.374  AUC=0.495  LL=0.6768 (0.5s)
12:58:53  src.cpcv.models.tree_models  INFO  RandomForest fitted: 644 samples, 18 features, 150 trees.
12:58:53  src.cpcv.pipeline  INFO    [ 20/168]        random_forest (seed=1) F1=0.374  AUC=0.518  LL=0.6763 (0.6s)
12:58:54  src.cpcv.models.tree_models  INFO  RandomForest fitted: 644 samples, 18 features, 150 trees.
12:58:54  src.cpcv.pipeline  INFO    [ 21/168]        random_forest (seed=2) F1=0.374  AUC=0.526  LL=0.6759 (0.6s)
12:58:54  src.cpcv.models.tree_models  INFO  XGBoost fitted: 644 samples, early stopped at iteration 7/300.
12:58:54  src.cpcv.pipeline  INFO    [ 22/168]              xgboost (seed=0) F1=0.385  AUC=0.485  LL=0.6855 (0.1s)
12:58:54  src.cpcv.models.tree_models  INFO  XGBoost fitted: 644 samples, early stopped at iteration 0/300.
12:58:54  src.cpcv.pipeline  INFO    [ 23/168]              xgboost (seed=1) F1=0.374  AUC=0.445  LL=0.6834 (0.0s)
12:58:54  src.cpcv.models.tree_models  INFO  XGBoost fitted: 644 samples, early stopped at iteration 1/300.
12:58:54  src.cpcv.pipeline  INFO    [ 24/168]              xgboost (seed=2) F1=0.374  AUC=0.589  LL=0.6681 (0.0s)
12:58:54  src.cpcv.preprocessing  INFO  Computing MDA (Random Forest)...
12:59:20  src.cpcv.preprocessing  INFO  Computing MDA (Logistic Regression)...
12:59:22  src.cpcv.preprocessing  INFO  Multi-model MDA: 45/62 passed (MDA > 0), 17 eliminated
12:59:22  src.cpcv.preprocessing  INFO    Capped at 18 features (top_k_frac=0.3)
12:59:22  src.cpcv.preprocessing  INFO    Selected (18): ['bb_width', 'eth_btc_ratio', 'exchange_supply_pct', 'jarque_bera', 'kurtosis', 'log_returns', 'log_returns_lag30', 'macd_hist', 'mfi_14', 'mvrv', 'natgas_ret_30', 'obv', 'realized_vol', 'rsi', 'sadf', 'skewness', 'yield_curve_10y30y', 'yz_vol']
12:59:22  src.cpcv.pipeline  INFO    Preprocessing: 18 features selected, train=642 + cal=161, test=144
12:59:22  src.cpcv.tuning  INFO  Tuning (2 models) — Optuna TPE + Purged K-Fold (inner: 3 folds, embargo=10 obs)
12:59:22  src.cpcv.tuning  INFO    [tuning] random_forest: 3 purged K-fold splits, 30 Optuna trials (TPE)
13:00:13  src.cpcv.tuning  INFO      random_forest: 24 completed, 6 pruned (of 30 total) — best log_loss=0.6928, params={'n_estimators': 250, 'max_depth': 2, 'min_samples_leaf': 24, 'max_features': 'log2'}
13:00:13  src.cpcv.tuning  INFO    [tuning] random_forest done in 51.9s — best log_loss=0.6928
13:00:13  src.cpcv.tuning  INFO    [tuning] xgboost: 3 purged K-fold splits, 30 Optuna trials (TPE)
13:00:17  src.cpcv.tuning  INFO      xgboost: 10 completed, 20 pruned (of 30 total) — best log_loss=0.6861, params={'max_depth': 1, 'learning_rate': 0.14743416658105277, 'min_child_weight': 15, 'subsample': 0.7851657112799381, 'colsample_bytree': 0.7064653424270623, 'gamma': 1.318484806804321e-07, 'reg_alpha': 0.541375377807275, 'reg_lambda': 0.010993417108982812}
13:00:17  src.cpcv.tuning  INFO    [tuning] xgboost done in 3.4s — best log_loss=0.6861
13:00:17  src.cpcv.tuning  INFO  Tuning total: 55.2s
13:00:17  src.cpcv.pipeline  INFO      applied random_forest: {'n_estimators': 250, 'max_depth': 2, 'min_samples_leaf': 24, 'max_features': 'log2'}
13:00:17  src.cpcv.pipeline  INFO      applied xgboost: {'max_depth': 1, 'learning_rate': 0.14743416658105277, 'min_child_weight': 15, 'subsample': 0.7851657112799381, 'colsample_bytree': 0.7064653424270623, 'gamma': 1.318484806804321e-07, 'reg_alpha': 0.541375377807275, 'reg_lambda': 0.010993417108982812}
13:00:18  src.cpcv.models.tree_models  INFO  RandomForest fitted: 642 samples, 18 features, 250 trees.
13:00:18  src.cpcv.pipeline  INFO    [ 25/168]        random_forest (seed=0) F1=0.534  AUC=0.583  LL=0.6825 (0.8s)
13:00:18  src.cpcv.models.tree_models  INFO  RandomForest fitted: 642 samples, 18 features, 250 trees.
13:00:18  src.cpcv.pipeline  INFO    [ 26/168]        random_forest (seed=1) F1=0.499  AUC=0.556  LL=0.6887 (0.7s)
13:00:19  src.cpcv.models.tree_models  INFO  RandomForest fitted: 642 samples, 18 features, 250 trees.
13:00:19  src.cpcv.pipeline  INFO    [ 27/168]        random_forest (seed=2) F1=0.493  AUC=0.586  LL=0.6869 (0.7s)
13:00:19  src.cpcv.models.tree_models  INFO  XGBoost fitted: 642 samples, early stopped at iteration 9/300.
13:00:19  src.cpcv.pipeline  INFO    [ 28/168]              xgboost (seed=0) F1=0.524  AUC=0.606  LL=0.6784 (0.0s)
13:00:19  src.cpcv.models.tree_models  INFO  XGBoost fitted: 642 samples, early stopped at iteration 14/300.
13:00:19  src.cpcv.pipeline  INFO    [ 29/168]              xgboost (seed=1) F1=0.592  AUC=0.598  LL=0.6760 (0.1s)
13:00:19  src.cpcv.models.tree_models  INFO  XGBoost fitted: 642 samples, early stopped at iteration 5/300.
13:00:19  src.cpcv.pipeline  INFO    [ 30/168]              xgboost (seed=2) F1=0.510  AUC=0.539  LL=0.6941 (0.0s)
13:00:20  src.cpcv.preprocessing  INFO  Computing MDA (Random Forest)...
13:00:46  src.cpcv.preprocessing  INFO  Computing MDA (Logistic Regression)...
13:00:47  src.cpcv.preprocessing  INFO  Multi-model MDA: 22/62 passed (MDA > 0), 40 eliminated
13:00:47  src.cpcv.preprocessing  INFO    Capped at 18 features (top_k_frac=0.3)
13:00:47  src.cpcv.preprocessing  INFO    Selected (18): ['chaikin_osc', 'dxy_roc_30', 'eth_btc_ratio', 'gold_ret_30', 'hashrate_roc_30', 'jarque_bera', 'kurtosis', 'macd', 'macd_signal', 'net_exchange_flow', 'obv', 'oil_ret_30', 'roc_14', 'shannon_entropy', 'smt_poly1', 'sp500_ret_30', 'stoch_k', 'yield_curve_10y30y']
13:00:47  src.cpcv.pipeline  INFO    Preprocessing: 18 features selected, train=643 + cal=161, test=144
13:00:47  src.cpcv.tuning  INFO  Tuning (2 models) — Optuna TPE + Purged K-Fold (inner: 3 folds, embargo=10 obs)
13:00:47  src.cpcv.tuning  INFO    [tuning] random_forest: 3 purged K-fold splits, 30 Optuna trials (TPE)
13:01:39  src.cpcv.tuning  INFO      random_forest: 29 completed, 1 pruned (of 30 total) — best log_loss=0.6860, params={'n_estimators': 200, 'max_depth': 2, 'min_samples_leaf': 23, 'max_features': 'log2'}
13:01:39  src.cpcv.tuning  INFO    [tuning] random_forest done in 51.6s — best log_loss=0.6860
13:01:39  src.cpcv.tuning  INFO    [tuning] xgboost: 3 purged K-fold splits, 30 Optuna trials (TPE)
13:01:44  src.cpcv.tuning  INFO      xgboost: 19 completed, 11 pruned (of 30 total) — best log_loss=0.6787, params={'max_depth': 1, 'learning_rate': 0.08241997252821873, 'min_child_weight': 6, 'subsample': 0.7421703647090487, 'colsample_bytree': 0.6396385209694045, 'gamma': 0.8468788956055794, 'reg_alpha': 0.1323612490944096, 'reg_lambda': 0.00014269858315696157}
13:01:44  src.cpcv.tuning  INFO    [tuning] xgboost done in 4.8s — best log_loss=0.6787
13:01:44  src.cpcv.tuning  INFO  Tuning total: 56.4s
13:01:44  src.cpcv.pipeline  INFO      applied random_forest: {'n_estimators': 200, 'max_depth': 2, 'min_samples_leaf': 23, 'max_features': 'log2'}
13:01:44  src.cpcv.pipeline  INFO      applied xgboost: {'max_depth': 1, 'learning_rate': 0.08241997252821873, 'min_child_weight': 6, 'subsample': 0.7421703647090487, 'colsample_bytree': 0.6396385209694045, 'gamma': 0.8468788956055794, 'reg_alpha': 0.1323612490944096, 'reg_lambda': 0.00014269858315696157}
13:01:44  src.cpcv.models.tree_models  INFO  RandomForest fitted: 643 samples, 18 features, 200 trees.
13:01:44  src.cpcv.pipeline  INFO    [ 31/168]        random_forest (seed=0) F1=0.512  AUC=0.467  LL=0.6989 (0.6s)
13:01:45  src.cpcv.models.tree_models  INFO  RandomForest fitted: 643 samples, 18 features, 200 trees.
13:01:45  src.cpcv.pipeline  INFO    [ 32/168]        random_forest (seed=1) F1=0.514  AUC=0.491  LL=0.6945 (0.6s)
13:01:45  src.cpcv.models.tree_models  INFO  RandomForest fitted: 643 samples, 18 features, 200 trees.
13:01:46  src.cpcv.pipeline  INFO    [ 33/168]        random_forest (seed=2) F1=0.492  AUC=0.488  LL=0.6972 (0.6s)
13:01:46  src.cpcv.models.tree_models  INFO  XGBoost fitted: 643 samples, early stopped at iteration 13/300.
13:01:46  src.cpcv.pipeline  INFO    [ 34/168]              xgboost (seed=0) F1=0.498  AUC=0.496  LL=0.7259 (0.1s)
13:01:46  src.cpcv.models.tree_models  INFO  XGBoost fitted: 643 samples, early stopped at iteration 2/300.
13:01:46  src.cpcv.pipeline  INFO    [ 35/168]              xgboost (seed=1) F1=0.385  AUC=0.487  LL=0.7143 (0.0s)
13:01:46  src.cpcv.models.tree_models  INFO  XGBoost fitted: 643 samples, early stopped at iteration 11/300.
13:01:46  src.cpcv.pipeline  INFO    [ 36/168]              xgboost (seed=2) F1=0.472  AUC=0.492  LL=0.7121 (0.1s)
13:01:46  src.cpcv.preprocessing  INFO  Computing MDA (Random Forest)...
13:02:12  src.cpcv.preprocessing  INFO  Computing MDA (Logistic Regression)...
13:02:13  src.cpcv.preprocessing  INFO  Multi-model MDA: 29/62 passed (MDA > 0), 33 eliminated
13:02:13  src.cpcv.preprocessing  INFO    Capped at 18 features (top_k_frac=0.3)
13:02:13  src.cpcv.preprocessing  INFO    Selected (18): ['active_addr_roc_14', 'atr', 'bb_width', 'copper_ret_30', 'eth_btc_ratio', 'gold_ret_30', 'hurst', 'kurtosis', 'log_returns_lag1', 'log_returns_lag14', 'macd', 'macd_signal', 'net_exchange_flow', 'sadf', 'skewness', 'vol_term_30_90', 'williams_r', 'yield_curve_10y30y']
13:02:13  src.cpcv.pipeline  INFO    Preprocessing: 18 features selected, train=644 + cal=162, test=151
13:02:13  src.cpcv.tuning  INFO  Tuning (2 models) — Optuna TPE + Purged K-Fold (inner: 3 folds, embargo=10 obs)
13:02:13  src.cpcv.tuning  INFO    [tuning] random_forest: 3 purged K-fold splits, 30 Optuna trials (TPE)
13:02:59  src.cpcv.tuning  INFO      random_forest: 21 completed, 9 pruned (of 30 total) — best log_loss=0.6796, params={'n_estimators': 200, 'max_depth': 3, 'min_samples_leaf': 15, 'max_features': 'log2'}
13:02:59  src.cpcv.tuning  INFO    [tuning] random_forest done in 45.4s — best log_loss=0.6796
13:02:59  src.cpcv.tuning  INFO    [tuning] xgboost: 3 purged K-fold splits, 30 Optuna trials (TPE)
13:03:03  src.cpcv.tuning  INFO      xgboost: 14 completed, 16 pruned (of 30 total) — best log_loss=0.6778, params={'max_depth': 2, 'learning_rate': 0.11114989443094977, 'min_child_weight': 5, 'subsample': 0.9879639408647978, 'colsample_bytree': 0.9329770563201687, 'gamma': 4.997040685255803e-07, 'reg_alpha': 4.329370014459266e-07, 'reg_lambda': 4.4734294104626844e-07}
13:03:03  src.cpcv.tuning  INFO    [tuning] xgboost done in 4.2s — best log_loss=0.6778
13:03:03  src.cpcv.tuning  INFO  Tuning total: 49.6s
13:03:03  src.cpcv.pipeline  INFO      applied random_forest: {'n_estimators': 200, 'max_depth': 3, 'min_samples_leaf': 15, 'max_features': 'log2'}
13:03:03  src.cpcv.pipeline  INFO      applied xgboost: {'max_depth': 2, 'learning_rate': 0.11114989443094977, 'min_child_weight': 5, 'subsample': 0.9879639408647978, 'colsample_bytree': 0.9329770563201687, 'gamma': 4.997040685255803e-07, 'reg_alpha': 4.329370014459266e-07, 'reg_lambda': 4.4734294104626844e-07}
13:03:04  src.cpcv.models.tree_models  INFO  RandomForest fitted: 644 samples, 18 features, 200 trees.
13:03:04  src.cpcv.pipeline  INFO    [ 37/168]        random_forest (seed=0) F1=0.496  AUC=0.501  LL=0.6912 (0.7s)
13:03:04  src.cpcv.models.tree_models  INFO  RandomForest fitted: 644 samples, 18 features, 200 trees.
13:03:04  src.cpcv.pipeline  INFO    [ 38/168]        random_forest (seed=1) F1=0.418  AUC=0.487  LL=0.6903 (0.6s)
13:03:05  src.cpcv.models.tree_models  INFO  RandomForest fitted: 644 samples, 18 features, 200 trees.
13:03:05  src.cpcv.pipeline  INFO    [ 39/168]        random_forest (seed=2) F1=0.482  AUC=0.500  LL=0.6900 (0.6s)
13:03:05  src.cpcv.models.tree_models  INFO  XGBoost fitted: 644 samples, early stopped at iteration 8/300.
13:03:05  src.cpcv.pipeline  INFO    [ 40/168]              xgboost (seed=0) F1=0.461  AUC=0.480  LL=0.6957 (0.1s)
13:03:05  src.cpcv.models.tree_models  INFO  XGBoost fitted: 644 samples, early stopped at iteration 8/300.
13:03:05  src.cpcv.pipeline  INFO    [ 41/168]              xgboost (seed=1) F1=0.462  AUC=0.480  LL=0.6984 (0.1s)
13:03:05  src.cpcv.models.tree_models  INFO  XGBoost fitted: 644 samples, early stopped at iteration 6/300.
13:03:05  src.cpcv.pipeline  INFO    [ 42/168]              xgboost (seed=2) F1=0.453  AUC=0.444  LL=0.6981 (0.1s)
13:03:05  src.cpcv.preprocessing  INFO  Computing MDA (Random Forest)...
13:03:29  src.cpcv.preprocessing  INFO  Computing MDA (Logistic Regression)...
13:03:30  src.cpcv.preprocessing  INFO  Multi-model MDA: 27/62 passed (MDA > 0), 35 eliminated
13:03:30  src.cpcv.preprocessing  INFO    Capped at 18 features (top_k_frac=0.3)
13:03:30  src.cpcv.preprocessing  INFO    Selected (18): ['cci_14', 'chaikin_osc', 'dxy_roc_30', 'eth_btc_ratio', 'gk_vol', 'gold_ret_30', 'hashrate_roc_30', 'hurst', 'jarque_bera', 'log_returns_lag1', 'log_returns_lag14', 'lz_complexity', 'roc_14', 'sadf', 'stoch_k', 'williams_r', 'yield_curve_2y10y', 'yz_vol']
13:03:30  src.cpcv.pipeline  INFO    Preprocessing: 18 features selected, train=572 + cal=144, test=233
13:03:30  src.cpcv.tuning  INFO  Tuning (2 models) — Optuna TPE + Purged K-Fold (inner: 3 folds, embargo=10 obs)
13:03:30  src.cpcv.tuning  INFO    [tuning] random_forest: 3 purged K-fold splits, 30 Optuna trials (TPE)
13:04:17  src.cpcv.tuning  INFO      random_forest: 29 completed, 1 pruned (of 30 total) — best log_loss=0.6870, params={'n_estimators': 250, 'max_depth': 3, 'min_samples_leaf': 17, 'max_features': 'sqrt'}
13:04:17  src.cpcv.tuning  INFO    [tuning] random_forest done in 46.2s — best log_loss=0.6870
13:04:17  src.cpcv.tuning  INFO    [tuning] xgboost: 3 purged K-fold splits, 30 Optuna trials (TPE)
13:04:21  src.cpcv.tuning  INFO      xgboost: 18 completed, 12 pruned (of 30 total) — best log_loss=0.6797, params={'max_depth': 2, 'learning_rate': 0.2536999076681772, 'min_child_weight': 24, 'subsample': 0.8394633936788146, 'colsample_bytree': 0.6624074561769746, 'gamma': 1.7699302940633311e-07, 'reg_alpha': 3.3323645788192616e-08, 'reg_lambda': 0.6245760287469893}
13:04:21  src.cpcv.tuning  INFO    [tuning] xgboost done in 4.1s — best log_loss=0.6797
13:04:21  src.cpcv.tuning  INFO  Tuning total: 50.3s
13:04:21  src.cpcv.pipeline  INFO      applied random_forest: {'n_estimators': 250, 'max_depth': 3, 'min_samples_leaf': 17, 'max_features': 'sqrt'}
13:04:21  src.cpcv.pipeline  INFO      applied xgboost: {'max_depth': 2, 'learning_rate': 0.2536999076681772, 'min_child_weight': 24, 'subsample': 0.8394633936788146, 'colsample_bytree': 0.6624074561769746, 'gamma': 1.7699302940633311e-07, 'reg_alpha': 3.3323645788192616e-08, 'reg_lambda': 0.6245760287469893}
13:04:21  src.cpcv.models.tree_models  INFO  RandomForest fitted: 572 samples, 18 features, 250 trees.
13:04:21  src.cpcv.pipeline  INFO    [ 43/168]        random_forest (seed=0) F1=0.464  AUC=0.575  LL=0.6843 (0.8s)
13:04:22  src.cpcv.models.tree_models  INFO  RandomForest fitted: 572 samples, 18 features, 250 trees.
13:04:22  src.cpcv.pipeline  INFO    [ 44/168]        random_forest (seed=1) F1=0.367  AUC=0.576  LL=0.6867 (0.7s)
13:04:23  src.cpcv.models.tree_models  INFO  RandomForest fitted: 572 samples, 18 features, 250 trees.
13:04:23  src.cpcv.pipeline  INFO    [ 45/168]        random_forest (seed=2) F1=0.499  AUC=0.581  LL=0.6821 (0.7s)
13:04:23  src.cpcv.models.tree_models  INFO  XGBoost fitted: 572 samples, early stopped at iteration 8/300.
13:04:23  src.cpcv.pipeline  INFO    [ 46/168]              xgboost (seed=0) F1=0.399  AUC=0.552  LL=0.6972 (0.0s)
13:04:23  src.cpcv.models.tree_models  INFO  XGBoost fitted: 572 samples, early stopped at iteration 1/300.
13:04:23  src.cpcv.pipeline  INFO    [ 47/168]              xgboost (seed=1) F1=0.347  AUC=0.529  LL=0.6908 (0.0s)
13:04:23  src.cpcv.models.tree_models  INFO  XGBoost fitted: 572 samples, early stopped at iteration 3/300.
13:04:23  src.cpcv.pipeline  INFO    [ 48/168]              xgboost (seed=2) F1=0.347  AUC=0.529  LL=0.6904 (0.0s)
13:04:23  src.cpcv.preprocessing  INFO  Computing MDA (Random Forest)...
13:04:46  src.cpcv.preprocessing  INFO  Computing MDA (Logistic Regression)...
13:04:47  src.cpcv.preprocessing  INFO  Multi-model MDA: 53/62 passed (MDA > 0), 9 eliminated
13:04:47  src.cpcv.preprocessing  INFO    Capped at 18 features (top_k_frac=0.3)
13:04:47  src.cpcv.preprocessing  INFO    Selected (18): ['copper_ret_30', 'eth_btc_ratio', 'gk_vol', 'log_returns_lag3', 'macd', 'macd_hist', 'mvrv', 'net_exchange_flow', 'realized_vol', 'sadf', 'silver_ret_30', 'skewness', 'smt_exp', 'stoch_k', 'variance_ratio', 'vix', 'vol_term_30_90', 'vol_term_7_30']
13:04:47  src.cpcv.pipeline  INFO    Preprocessing: 18 features selected, train=564 + cal=141, test=233
13:04:47  src.cpcv.tuning  INFO  Tuning (2 models) — Optuna TPE + Purged K-Fold (inner: 3 folds, embargo=10 obs)
13:04:47  src.cpcv.tuning  INFO    [tuning] random_forest: 3 purged K-fold splits, 30 Optuna trials (TPE)
13:05:33  src.cpcv.tuning  INFO      random_forest: 23 completed, 7 pruned (of 30 total) — best log_loss=0.6895, params={'n_estimators': 200, 'max_depth': 2, 'min_samples_leaf': 25, 'max_features': 'log2'}
13:05:33  src.cpcv.tuning  INFO    [tuning] random_forest done in 46.1s — best log_loss=0.6895
13:05:33  src.cpcv.tuning  INFO    [tuning] xgboost: 3 purged K-fold splits, 30 Optuna trials (TPE)
13:05:37  src.cpcv.tuning  INFO      xgboost: 25 completed, 5 pruned (of 30 total) — best log_loss=0.6805, params={'max_depth': 1, 'learning_rate': 0.2952373789004209, 'min_child_weight': 30, 'subsample': 0.8725367117849426, 'colsample_bytree': 0.7652027460142048, 'gamma': 1.893038585985663e-05, 'reg_alpha': 7.15524708993688e-05, 'reg_lambda': 0.0037653511867646863}
13:05:37  src.cpcv.tuning  INFO    [tuning] xgboost done in 4.3s — best log_loss=0.6805
13:05:37  src.cpcv.tuning  INFO  Tuning total: 50.4s
13:05:37  src.cpcv.pipeline  INFO      applied random_forest: {'n_estimators': 200, 'max_depth': 2, 'min_samples_leaf': 25, 'max_features': 'log2'}
13:05:37  src.cpcv.pipeline  INFO      applied xgboost: {'max_depth': 1, 'learning_rate': 0.2952373789004209, 'min_child_weight': 30, 'subsample': 0.8725367117849426, 'colsample_bytree': 0.7652027460142048, 'gamma': 1.893038585985663e-05, 'reg_alpha': 7.15524708993688e-05, 'reg_lambda': 0.0037653511867646863}
13:05:38  src.cpcv.models.tree_models  INFO  RandomForest fitted: 564 samples, 18 features, 200 trees.
13:05:38  src.cpcv.pipeline  INFO    [ 49/168]        random_forest (seed=0) F1=0.451  AUC=0.467  LL=0.7530 (0.6s)
13:05:39  src.cpcv.models.tree_models  INFO  RandomForest fitted: 564 samples, 18 features, 200 trees.
13:05:39  src.cpcv.pipeline  INFO    [ 50/168]        random_forest (seed=1) F1=0.475  AUC=0.461  LL=0.7671 (0.6s)
13:05:39  src.cpcv.models.tree_models  INFO  RandomForest fitted: 564 samples, 18 features, 200 trees.
13:05:39  src.cpcv.pipeline  INFO    [ 51/168]        random_forest (seed=2) F1=0.471  AUC=0.472  LL=0.7338 (0.6s)
13:05:39  src.cpcv.models.tree_models  INFO  XGBoost fitted: 564 samples, early stopped at iteration 13/300.
13:05:39  src.cpcv.pipeline  INFO    [ 52/168]              xgboost (seed=0) F1=0.480  AUC=0.472  LL=0.7062 (0.0s)
13:05:39  src.cpcv.models.tree_models  INFO  XGBoost fitted: 564 samples, early stopped at iteration 26/300.
13:05:39  src.cpcv.pipeline  INFO    [ 53/168]              xgboost (seed=1) F1=0.511  AUC=0.475  LL=0.7416 (0.1s)
13:05:39  src.cpcv.models.tree_models  INFO  XGBoost fitted: 564 samples, early stopped at iteration 3/300.
13:05:39  src.cpcv.pipeline  INFO    [ 54/168]              xgboost (seed=2) F1=0.488  AUC=0.492  LL=0.7164 (0.0s)
13:05:40  src.cpcv.preprocessing  INFO  Computing MDA (Random Forest)...
13:06:04  src.cpcv.preprocessing  INFO  Computing MDA (Logistic Regression)...
13:06:05  src.cpcv.preprocessing  INFO  Multi-model MDA: 38/62 passed (MDA > 0), 24 eliminated
13:06:05  src.cpcv.preprocessing  INFO    Capped at 18 features (top_k_frac=0.3)
13:06:05  src.cpcv.preprocessing  INFO    Selected (18): ['bb_width', 'cci_14', 'ema_ratio_50_200', 'exchange_supply_pct', 'gk_vol', 'jarque_bera', 'log_returns', 'log_returns_lag1', 'mvrv', 'natgas_ret_30', 'roc_14', 'sadf', 'silver_ret_30', 'smt_poly1', 'sp500_ret_30', 'stoch_k', 'tx_count_roc_14', 'williams_r']
13:06:05  src.cpcv.pipeline  INFO    Preprocessing: 18 features selected, train=564 + cal=141, test=233
13:06:05  src.cpcv.tuning  INFO  Tuning (2 models) — Optuna TPE + Purged K-Fold (inner: 3 folds, embargo=10 obs)
13:06:05  src.cpcv.tuning  INFO    [tuning] random_forest: 3 purged K-fold splits, 30 Optuna trials (TPE)
13:06:51  src.cpcv.tuning  INFO      random_forest: 28 completed, 2 pruned (of 30 total) — best log_loss=0.6953, params={'n_estimators': 250, 'max_depth': 2, 'min_samples_leaf': 15, 'max_features': 'log2'}
13:06:51  src.cpcv.tuning  INFO    [tuning] random_forest done in 45.3s — best log_loss=0.6953
13:06:51  src.cpcv.tuning  INFO    [tuning] xgboost: 3 purged K-fold splits, 30 Optuna trials (TPE)
13:06:54  src.cpcv.tuning  INFO      xgboost: 19 completed, 11 pruned (of 30 total) — best log_loss=0.6885, params={'max_depth': 2, 'learning_rate': 0.09142310765849798, 'min_child_weight': 13, 'subsample': 0.8440799401107898, 'colsample_bytree': 0.749162844628581, 'gamma': 0.00043752055496466813, 'reg_alpha': 7.269686898551404e-08, 'reg_lambda': 1.7202499044291567e-05}
13:06:54  src.cpcv.tuning  INFO    [tuning] xgboost done in 3.6s — best log_loss=0.6885
13:06:54  src.cpcv.tuning  INFO  Tuning total: 48.9s
13:06:54  src.cpcv.pipeline  INFO      applied random_forest: {'n_estimators': 250, 'max_depth': 2, 'min_samples_leaf': 15, 'max_features': 'log2'}
13:06:54  src.cpcv.pipeline  INFO      applied xgboost: {'max_depth': 2, 'learning_rate': 0.09142310765849798, 'min_child_weight': 13, 'subsample': 0.8440799401107898, 'colsample_bytree': 0.749162844628581, 'gamma': 0.00043752055496466813, 'reg_alpha': 7.269686898551404e-08, 'reg_lambda': 1.7202499044291567e-05}
13:06:55  src.cpcv.models.tree_models  INFO  RandomForest fitted: 564 samples, 18 features, 250 trees.
13:06:55  src.cpcv.pipeline  INFO    [ 55/168]        random_forest (seed=0) F1=0.404  AUC=0.536  LL=0.6597 (0.8s)
13:06:55  src.cpcv.models.tree_models  INFO  RandomForest fitted: 564 samples, 18 features, 250 trees.
13:06:56  src.cpcv.pipeline  INFO    [ 56/168]        random_forest (seed=1) F1=0.440  AUC=0.534  LL=0.6604 (0.7s)
13:06:56  src.cpcv.models.tree_models  INFO  RandomForest fitted: 564 samples, 18 features, 250 trees.
13:06:56  src.cpcv.pipeline  INFO    [ 57/168]        random_forest (seed=2) F1=0.473  AUC=0.550  LL=0.6596 (0.7s)
13:06:56  src.cpcv.models.tree_models  INFO  XGBoost fitted: 564 samples, early stopped at iteration 4/300.
13:06:56  src.cpcv.pipeline  INFO    [ 58/168]              xgboost (seed=0) F1=0.427  AUC=0.527  LL=0.6650 (0.0s)
13:06:56  src.cpcv.models.tree_models  INFO  XGBoost fitted: 564 samples, early stopped at iteration 2/300.
13:06:56  src.cpcv.pipeline  INFO    [ 59/168]              xgboost (seed=1) F1=0.412  AUC=0.492  LL=0.6732 (0.0s)
13:06:56  src.cpcv.models.tree_models  INFO  XGBoost fitted: 564 samples, early stopped at iteration 2/300.
13:06:56  src.cpcv.pipeline  INFO    [ 60/168]              xgboost (seed=2) F1=0.427  AUC=0.515  LL=0.6665 (0.0s)
13:06:57  src.cpcv.preprocessing  INFO  Computing MDA (Random Forest)...
13:07:20  src.cpcv.preprocessing  INFO  Computing MDA (Logistic Regression)...
13:07:21  src.cpcv.preprocessing  INFO  Multi-model MDA: 31/62 passed (MDA > 0), 31 eliminated
13:07:21  src.cpcv.preprocessing  INFO    Capped at 18 features (top_k_frac=0.3)
13:07:21  src.cpcv.preprocessing  INFO    Selected (18): ['active_addr_roc_14', 'dxy_roc_30', 'eth_btc_ratio', 'exchange_supply_pct', 'kurtosis', 'log_returns_lag1', 'log_returns_lag3', 'mfi_14', 'natgas_ret_30', 'obv', 'roc_14', 'rsi', 'sadf', 'stoch_k', 'variance_ratio', 'vix', 'vol_term_30_90', 'yield_curve_2y10y']
13:07:21  src.cpcv.pipeline  INFO    Preprocessing: 18 features selected, train=562 + cal=141, test=233
13:07:21  src.cpcv.tuning  INFO  Tuning (2 models) — Optuna TPE + Purged K-Fold (inner: 3 folds, embargo=10 obs)
13:07:21  src.cpcv.tuning  INFO    [tuning] random_forest: 3 purged K-fold splits, 30 Optuna trials (TPE)
13:07:59  src.cpcv.tuning  INFO      random_forest: 16 completed, 14 pruned (of 30 total) — best log_loss=0.6874, params={'n_estimators': 200, 'max_depth': 2, 'min_samples_leaf': 16, 'max_features': 'log2'}
13:07:59  src.cpcv.tuning  INFO    [tuning] random_forest done in 37.9s — best log_loss=0.6874
13:07:59  src.cpcv.tuning  INFO    [tuning] xgboost: 3 purged K-fold splits, 30 Optuna trials (TPE)
13:08:02  src.cpcv.tuning  INFO      xgboost: 13 completed, 17 pruned (of 30 total) — best log_loss=0.6844, params={'max_depth': 1, 'learning_rate': 0.03414392715578559, 'min_child_weight': 5, 'subsample': 0.9477848690993755, 'colsample_bytree': 0.6750130525733469, 'gamma': 4.4910392764459054e-05, 'reg_alpha': 0.000530682116518373, 'reg_lambda': 1.1145446390668579e-08}
13:08:02  src.cpcv.tuning  INFO    [tuning] xgboost done in 3.7s — best log_loss=0.6844
13:08:02  src.cpcv.tuning  INFO  Tuning total: 41.6s
13:08:02  src.cpcv.pipeline  INFO      applied random_forest: {'n_estimators': 200, 'max_depth': 2, 'min_samples_leaf': 16, 'max_features': 'log2'}
13:08:02  src.cpcv.pipeline  INFO      applied xgboost: {'max_depth': 1, 'learning_rate': 0.03414392715578559, 'min_child_weight': 5, 'subsample': 0.9477848690993755, 'colsample_bytree': 0.6750130525733469, 'gamma': 4.4910392764459054e-05, 'reg_alpha': 0.000530682116518373, 'reg_lambda': 1.1145446390668579e-08}
13:08:03  src.cpcv.models.tree_models  INFO  RandomForest fitted: 562 samples, 18 features, 200 trees.
13:08:03  src.cpcv.pipeline  INFO    [ 61/168]        random_forest (seed=0) F1=0.533  AUC=0.546  LL=0.6852 (0.6s)
13:08:03  src.cpcv.models.tree_models  INFO  RandomForest fitted: 562 samples, 18 features, 200 trees.
13:08:03  src.cpcv.pipeline  INFO    [ 62/168]        random_forest (seed=1) F1=0.521  AUC=0.553  LL=0.6818 (0.6s)
13:08:04  src.cpcv.models.tree_models  INFO  RandomForest fitted: 562 samples, 18 features, 200 trees.
13:08:04  src.cpcv.pipeline  INFO    [ 63/168]        random_forest (seed=2) F1=0.538  AUC=0.583  LL=0.6771 (0.6s)
13:08:04  src.cpcv.models.tree_models  INFO  XGBoost fitted: 562 samples, early stopped at iteration 42/300.
13:08:04  src.cpcv.pipeline  INFO    [ 64/168]              xgboost (seed=0) F1=0.470  AUC=0.494  LL=0.7089 (0.1s)
13:08:04  src.cpcv.models.tree_models  INFO  XGBoost fitted: 562 samples, early stopped at iteration 40/300.
13:08:04  src.cpcv.pipeline  INFO    [ 65/168]              xgboost (seed=1) F1=0.470  AUC=0.495  LL=0.7020 (0.1s)
13:08:04  src.cpcv.models.tree_models  INFO  XGBoost fitted: 562 samples, early stopped at iteration 99/300.
13:08:04  src.cpcv.pipeline  INFO    [ 66/168]              xgboost (seed=2) F1=0.497  AUC=0.525  LL=0.6908 (0.1s)
13:08:05  src.cpcv.preprocessing  INFO  Computing MDA (Random Forest)...
13:08:28  src.cpcv.preprocessing  INFO  Computing MDA (Logistic Regression)...
13:08:28  src.cpcv.preprocessing  INFO  Multi-model MDA: 34/62 passed (MDA > 0), 28 eliminated
13:08:28  src.cpcv.preprocessing  INFO    Capped at 18 features (top_k_frac=0.3)
13:08:28  src.cpcv.preprocessing  INFO    Selected (18): ['active_addr_roc_14', 'bb_width', 'chaikin_osc', 'ema_ratio_50_200', 'issuance_ntv', 'kurtosis', 'log_returns_lag7', 'mfi_14', 'nasdaq_ret_30', 'negentropy', 'shannon_entropy', 'silver_ret_30', 'skewness', 'sp500_ret_30', 'us10y', 'vix', 'vol_term_7_30', 'yield_curve_2y10y']
13:08:28  src.cpcv.pipeline  INFO    Preprocessing: 18 features selected, train=563 + cal=141, test=233
13:08:28  src.cpcv.tuning  INFO  Tuning (2 models) — Optuna TPE + Purged K-Fold (inner: 3 folds, embargo=10 obs)
13:08:28  src.cpcv.tuning  INFO    [tuning] random_forest: 3 purged K-fold splits, 30 Optuna trials (TPE)
13:09:06  src.cpcv.tuning  INFO      random_forest: 16 completed, 14 pruned (of 30 total) — best log_loss=0.6802, params={'n_estimators': 200, 'max_depth': 5, 'min_samples_leaf': 30, 'max_features': 'sqrt'}
13:09:06  src.cpcv.tuning  INFO    [tuning] random_forest done in 37.7s — best log_loss=0.6802
13:09:06  src.cpcv.tuning  INFO    [tuning] xgboost: 3 purged K-fold splits, 30 Optuna trials (TPE)
13:09:10  src.cpcv.tuning  INFO      xgboost: 12 completed, 18 pruned (of 30 total) — best log_loss=0.6708, params={'max_depth': 1, 'learning_rate': 0.15267655681449194, 'min_child_weight': 17, 'subsample': 0.8578694741072341, 'colsample_bytree': 0.7926819325261493, 'gamma': 2.6765194709714365e-06, 'reg_alpha': 1.7754789920320204e-07, 'reg_lambda': 0.008950304267585337}
13:09:10  src.cpcv.tuning  INFO    [tuning] xgboost done in 4.2s — best log_loss=0.6708
13:09:10  src.cpcv.tuning  INFO  Tuning total: 42.0s
13:09:10  src.cpcv.pipeline  INFO      applied random_forest: {'n_estimators': 200, 'max_depth': 5, 'min_samples_leaf': 30, 'max_features': 'sqrt'}
13:09:10  src.cpcv.pipeline  INFO      applied xgboost: {'max_depth': 1, 'learning_rate': 0.15267655681449194, 'min_child_weight': 17, 'subsample': 0.8578694741072341, 'colsample_bytree': 0.7926819325261493, 'gamma': 2.6765194709714365e-06, 'reg_alpha': 1.7754789920320204e-07, 'reg_lambda': 0.008950304267585337}
13:09:11  src.cpcv.models.tree_models  INFO  RandomForest fitted: 563 samples, 18 features, 200 trees.
13:09:11  src.cpcv.pipeline  INFO    [ 67/168]        random_forest (seed=0) F1=0.495  AUC=0.554  LL=0.6801 (0.6s)
13:09:12  src.cpcv.models.tree_models  INFO  RandomForest fitted: 563 samples, 18 features, 200 trees.
13:09:12  src.cpcv.pipeline  INFO    [ 68/168]        random_forest (seed=1) F1=0.512  AUC=0.557  LL=0.6862 (0.6s)
13:09:12  src.cpcv.models.tree_models  INFO  RandomForest fitted: 563 samples, 18 features, 200 trees.
13:09:12  src.cpcv.pipeline  INFO    [ 69/168]        random_forest (seed=2) F1=0.479  AUC=0.558  LL=0.6815 (0.6s)
13:09:12  src.cpcv.models.tree_models  INFO  XGBoost fitted: 563 samples, early stopped at iteration 0/300.
13:09:12  src.cpcv.pipeline  INFO    [ 70/168]              xgboost (seed=0) F1=0.374  AUC=0.553  LL=0.6811 (0.0s)
13:09:12  src.cpcv.models.tree_models  INFO  XGBoost fitted: 563 samples, early stopped at iteration 0/300.
13:09:12  src.cpcv.pipeline  INFO    [ 71/168]              xgboost (seed=1) F1=0.374  AUC=0.550  LL=0.6770 (0.0s)
13:09:12  src.cpcv.models.tree_models  INFO  XGBoost fitted: 563 samples, early stopped at iteration 0/300.
13:09:12  src.cpcv.pipeline  INFO    [ 72/168]              xgboost (seed=2) F1=0.374  AUC=0.553  LL=0.6810 (0.0s)
13:09:13  src.cpcv.preprocessing  INFO  Computing MDA (Random Forest)...
13:09:36  src.cpcv.preprocessing  INFO  Computing MDA (Logistic Regression)...
13:09:37  src.cpcv.preprocessing  INFO  Multi-model MDA: 25/62 passed (MDA > 0), 37 eliminated
13:09:37  src.cpcv.preprocessing  INFO    Capped at 18 features (top_k_frac=0.3)
13:09:37  src.cpcv.preprocessing  INFO    Selected (18): ['bb_width', 'eth_btc_ratio', 'jarque_bera', 'kurtosis', 'log_returns', 'log_returns_lag2', 'lz_complexity', 'macd_hist', 'macd_signal', 'rsi', 'sadf', 'skewness', 'tx_count_roc_14', 'us10y', 'us2y', 'vix', 'yield_curve_10y30y', 'yield_curve_2y10y']
13:09:37  src.cpcv.pipeline  INFO    Preprocessing: 18 features selected, train=564 + cal=142, test=240
13:09:37  src.cpcv.tuning  INFO  Tuning (2 models) — Optuna TPE + Purged K-Fold (inner: 3 folds, embargo=10 obs)
13:09:37  src.cpcv.tuning  INFO    [tuning] random_forest: 3 purged K-fold splits, 30 Optuna trials (TPE)
13:10:23  src.cpcv.tuning  INFO      random_forest: 17 completed, 13 pruned (of 30 total) — best log_loss=0.6819, params={'n_estimators': 250, 'max_depth': 3, 'min_samples_leaf': 17, 'max_features': 'sqrt'}
13:10:23  src.cpcv.tuning  INFO    [tuning] random_forest done in 45.6s — best log_loss=0.6819
13:10:23  src.cpcv.tuning  INFO    [tuning] xgboost: 3 purged K-fold splits, 30 Optuna trials (TPE)
13:10:27  src.cpcv.tuning  INFO      xgboost: 15 completed, 15 pruned (of 30 total) — best log_loss=0.6782, params={'max_depth': 3, 'learning_rate': 0.031620992185587594, 'min_child_weight': 12, 'subsample': 0.998406612698974, 'colsample_bytree': 0.6311266405228668, 'gamma': 3.7942382272140934e-05, 'reg_alpha': 9.166719725065998e-05, 'reg_lambda': 0.015653258870230637}
13:10:27  src.cpcv.tuning  INFO    [tuning] xgboost done in 4.5s — best log_loss=0.6782
13:10:27  src.cpcv.tuning  INFO  Tuning total: 50.1s
13:10:27  src.cpcv.pipeline  INFO      applied random_forest: {'n_estimators': 250, 'max_depth': 3, 'min_samples_leaf': 17, 'max_features': 'sqrt'}
13:10:27  src.cpcv.pipeline  INFO      applied xgboost: {'max_depth': 3, 'learning_rate': 0.031620992185587594, 'min_child_weight': 12, 'subsample': 0.998406612698974, 'colsample_bytree': 0.6311266405228668, 'gamma': 3.7942382272140934e-05, 'reg_alpha': 9.166719725065998e-05, 'reg_lambda': 0.015653258870230637}
13:10:28  src.cpcv.models.tree_models  INFO  RandomForest fitted: 564 samples, 18 features, 250 trees.
13:10:28  src.cpcv.pipeline  INFO    [ 73/168]        random_forest (seed=0) F1=0.373  AUC=0.569  LL=0.6699 (0.7s)
13:10:29  src.cpcv.models.tree_models  INFO  RandomForest fitted: 564 samples, 18 features, 250 trees.
13:10:29  src.cpcv.pipeline  INFO    [ 74/168]        random_forest (seed=1) F1=0.373  AUC=0.570  LL=0.6696 (0.7s)
13:10:29  src.cpcv.models.tree_models  INFO  RandomForest fitted: 564 samples, 18 features, 250 trees.
13:10:30  src.cpcv.pipeline  INFO    [ 75/168]        random_forest (seed=2) F1=0.373  AUC=0.571  LL=0.6714 (0.7s)
13:10:30  src.cpcv.models.tree_models  INFO  XGBoost fitted: 564 samples, early stopped at iteration 0/300.
13:10:30  src.cpcv.pipeline  INFO    [ 76/168]              xgboost (seed=0) F1=0.471  AUC=0.483  LL=0.8206 (0.1s)
13:10:30  src.cpcv.models.tree_models  INFO  XGBoost fitted: 564 samples, early stopped at iteration 0/300.
13:10:30  src.cpcv.pipeline  INFO    [ 77/168]              xgboost (seed=1) F1=0.443  AUC=0.478  LL=0.6845 (0.1s)
13:10:30  src.cpcv.models.tree_models  INFO  XGBoost fitted: 564 samples, early stopped at iteration 0/300.
13:10:30  src.cpcv.pipeline  INFO    [ 78/168]              xgboost (seed=2) F1=0.499  AUC=0.556  LL=0.6829 (0.1s)
13:10:30  src.cpcv.preprocessing  INFO  Computing MDA (Random Forest)...
13:10:53  src.cpcv.preprocessing  INFO  Computing MDA (Logistic Regression)...
13:10:54  src.cpcv.preprocessing  INFO  Multi-model MDA: 42/62 passed (MDA > 0), 20 eliminated
13:10:54  src.cpcv.preprocessing  INFO    Capped at 18 features (top_k_frac=0.3)
13:10:54  src.cpcv.preprocessing  INFO    Selected (18): ['chaikin_osc', 'gold_ret_30', 'jarque_bera', 'kurtosis', 'log_returns_lag3', 'log_returns_lag7', 'macd', 'macd_hist', 'obv', 'realized_vol', 'silver_ret_30', 'skewness', 'sp500_ret_30', 'tx_count_roc_14', 'vol_term_30_90', 'vol_term_7_30', 'vwma_ratio_20_50', 'williams_r']
13:10:54  src.cpcv.pipeline  INFO    Preprocessing: 18 features selected, train=528 + cal=132, test=288
13:10:54  src.cpcv.tuning  INFO  Tuning (2 models) — Optuna TPE + Purged K-Fold (inner: 3 folds, embargo=10 obs)
13:10:54  src.cpcv.tuning  INFO    [tuning] random_forest: 3 purged K-fold splits, 30 Optuna trials (TPE)
13:11:39  src.cpcv.tuning  INFO      random_forest: 29 completed, 1 pruned (of 30 total) — best log_loss=0.6950, params={'n_estimators': 250, 'max_depth': 2, 'min_samples_leaf': 18, 'max_features': 'log2'}
13:11:39  src.cpcv.tuning  INFO    [tuning] random_forest done in 45.3s — best log_loss=0.6950
13:11:39  src.cpcv.tuning  INFO    [tuning] xgboost: 3 purged K-fold splits, 30 Optuna trials (TPE)
13:11:43  src.cpcv.tuning  INFO      xgboost: 22 completed, 8 pruned (of 30 total) — best log_loss=0.6908, params={'max_depth': 1, 'learning_rate': 0.01947558230629543, 'min_child_weight': 6, 'subsample': 0.7301321323053057, 'colsample_bytree': 0.7554709158757928, 'gamma': 1.481809088646707e-06, 'reg_alpha': 0.28749982347407854, 'reg_lambda': 1.6247252885719427e-05}
13:11:43  src.cpcv.tuning  INFO    [tuning] xgboost done in 4.1s — best log_loss=0.6908
13:11:43  src.cpcv.tuning  INFO  Tuning total: 49.4s
13:11:43  src.cpcv.pipeline  INFO      applied random_forest: {'n_estimators': 250, 'max_depth': 2, 'min_samples_leaf': 18, 'max_features': 'log2'}
13:11:43  src.cpcv.pipeline  INFO      applied xgboost: {'max_depth': 1, 'learning_rate': 0.01947558230629543, 'min_child_weight': 6, 'subsample': 0.7301321323053057, 'colsample_bytree': 0.7554709158757928, 'gamma': 1.481809088646707e-06, 'reg_alpha': 0.28749982347407854, 'reg_lambda': 1.6247252885719427e-05}
13:11:44  src.cpcv.models.tree_models  INFO  RandomForest fitted: 528 samples, 18 features, 250 trees.
13:11:44  src.cpcv.pipeline  INFO    [ 79/168]        random_forest (seed=0) F1=0.365  AUC=0.497  LL=0.7665 (0.7s)
13:11:45  src.cpcv.models.tree_models  INFO  RandomForest fitted: 528 samples, 18 features, 250 trees.
13:11:45  src.cpcv.pipeline  INFO    [ 80/168]        random_forest (seed=1) F1=0.367  AUC=0.499  LL=0.7882 (0.7s)
13:11:45  src.cpcv.models.tree_models  INFO  RandomForest fitted: 528 samples, 18 features, 250 trees.
13:11:45  src.cpcv.pipeline  INFO    [ 81/168]        random_forest (seed=2) F1=0.372  AUC=0.520  LL=0.7476 (0.7s)
13:11:46  src.cpcv.models.tree_models  INFO  XGBoost fitted: 528 samples, early stopped at iteration 272/300.
13:11:46  src.cpcv.pipeline  INFO    [ 82/168]              xgboost (seed=0) F1=0.379  AUC=0.490  LL=0.7968 (0.2s)
13:11:46  src.cpcv.models.tree_models  INFO  XGBoost fitted: 528 samples, early stopped at iteration 240/300.
13:11:46  src.cpcv.pipeline  INFO    [ 83/168]              xgboost (seed=1) F1=0.365  AUC=0.492  LL=0.8040 (0.2s)
13:11:46  src.cpcv.models.tree_models  INFO  XGBoost fitted: 528 samples, early stopped at iteration 194/300.
13:11:46  src.cpcv.pipeline  INFO    [ 84/168]              xgboost (seed=2) F1=0.377  AUC=0.504  LL=0.7729 (0.2s)
13:11:46  src.cpcv.preprocessing  INFO  Computing MDA (Random Forest)...
13:12:05  src.cpcv.preprocessing  INFO  Computing MDA (Logistic Regression)...
13:12:06  src.cpcv.preprocessing  INFO  Multi-model MDA: 17/62 passed (MDA > 0), 45 eliminated
13:12:06  src.cpcv.preprocessing  INFO    Selected (17): ['atr', 'cci_14', 'eth_btc_ratio', 'hashrate_roc_30', 'hurst', 'issuance_ntv', 'log_returns_lag1', 'natgas_ret_30', 'negentropy', 'realized_vol', 'sadf', 'stoch_k', 'us10y', 'vol_term_7_30', 'vwma_ratio_20_50', 'williams_r', 'yield_curve_2y10y']
13:12:06  src.cpcv.pipeline  INFO    Preprocessing: 17 features selected, train=519 + cal=130, test=288
13:12:06  src.cpcv.tuning  INFO  Tuning (2 models) — Optuna TPE + Purged K-Fold (inner: 3 folds, embargo=10 obs)
13:12:06  src.cpcv.tuning  INFO    [tuning] random_forest: 3 purged K-fold splits, 30 Optuna trials (TPE)
13:12:39  src.cpcv.tuning  INFO      random_forest: 18 completed, 12 pruned (of 30 total) — best log_loss=0.6981, params={'n_estimators': 200, 'max_depth': 2, 'min_samples_leaf': 16, 'max_features': 'log2'}
13:12:39  src.cpcv.tuning  INFO    [tuning] random_forest done in 33.6s — best log_loss=0.6981
13:12:39  src.cpcv.tuning  INFO    [tuning] xgboost: 3 purged K-fold splits, 30 Optuna trials (TPE)
13:12:43  src.cpcv.tuning  INFO      xgboost: 22 completed, 8 pruned (of 30 total) — best log_loss=0.6837, params={'max_depth': 3, 'learning_rate': 0.2989873063577071, 'min_child_weight': 24, 'subsample': 0.8208104960302075, 'colsample_bytree': 0.784742422714677, 'gamma': 8.232626750931548e-06, 'reg_alpha': 1.5634305688931684e-08, 'reg_lambda': 0.02390047263487465}
13:12:43  src.cpcv.tuning  INFO    [tuning] xgboost done in 3.7s — best log_loss=0.6837
13:12:43  src.cpcv.tuning  INFO  Tuning total: 37.3s
13:12:43  src.cpcv.pipeline  INFO      applied random_forest: {'n_estimators': 200, 'max_depth': 2, 'min_samples_leaf': 16, 'max_features': 'log2'}
13:12:43  src.cpcv.pipeline  INFO      applied xgboost: {'max_depth': 3, 'learning_rate': 0.2989873063577071, 'min_child_weight': 24, 'subsample': 0.8208104960302075, 'colsample_bytree': 0.784742422714677, 'gamma': 8.232626750931548e-06, 'reg_alpha': 1.5634305688931684e-08, 'reg_lambda': 0.02390047263487465}
13:12:44  src.cpcv.models.tree_models  INFO  RandomForest fitted: 519 samples, 17 features, 200 trees.
13:12:44  src.cpcv.pipeline  INFO    [ 85/168]        random_forest (seed=0) F1=0.447  AUC=0.547  LL=0.7011 (0.6s)
13:12:44  src.cpcv.models.tree_models  INFO  RandomForest fitted: 519 samples, 17 features, 200 trees.
13:12:44  src.cpcv.pipeline  INFO    [ 86/168]        random_forest (seed=1) F1=0.454  AUC=0.534  LL=0.7075 (0.5s)
13:12:45  src.cpcv.models.tree_models  INFO  RandomForest fitted: 519 samples, 17 features, 200 trees.
13:12:45  src.cpcv.pipeline  INFO    [ 87/168]        random_forest (seed=2) F1=0.463  AUC=0.535  LL=0.7094 (0.5s)
13:12:45  src.cpcv.models.tree_models  INFO  XGBoost fitted: 519 samples, early stopped at iteration 9/300.
13:12:45  src.cpcv.pipeline  INFO    [ 88/168]              xgboost (seed=0) F1=0.432  AUC=0.567  LL=0.6905 (0.1s)
13:12:45  src.cpcv.models.tree_models  INFO  XGBoost fitted: 519 samples, early stopped at iteration 10/300.
13:12:45  src.cpcv.pipeline  INFO    [ 89/168]              xgboost (seed=1) F1=0.446  AUC=0.553  LL=0.6890 (0.1s)
13:12:45  src.cpcv.models.tree_models  INFO  XGBoost fitted: 519 samples, early stopped at iteration 3/300.
13:12:45  src.cpcv.pipeline  INFO    [ 90/168]              xgboost (seed=2) F1=0.483  AUC=0.483  LL=0.7517 (0.0s)
13:12:45  src.cpcv.preprocessing  INFO  Computing MDA (Random Forest)...
13:13:05  src.cpcv.preprocessing  INFO  Computing MDA (Logistic Regression)...
13:13:06  src.cpcv.preprocessing  INFO  Multi-model MDA: 39/62 passed (MDA > 0), 23 eliminated
13:13:06  src.cpcv.preprocessing  INFO    Capped at 18 features (top_k_frac=0.3)
13:13:06  src.cpcv.preprocessing  INFO    Selected (18): ['cci_14', 'copper_ret_30', 'ema_ratio_20_50', 'fee_per_tx', 'log_returns_lag1', 'log_returns_lag2', 'log_returns_lag30', 'natgas_ret_30', 'net_exchange_flow', 'obv', 'oil_ret_30', 'sadf', 'silver_ret_30', 'skewness', 'stoch_k', 'vol_term_30_90', 'vwma_ratio_20_50', 'yield_curve_10y30y']
13:13:06  src.cpcv.pipeline  INFO    Preprocessing: 18 features selected, train=517 + cal=130, test=288
13:13:06  src.cpcv.tuning  INFO  Tuning (2 models) — Optuna TPE + Purged K-Fold (inner: 3 folds, embargo=10 obs)
13:13:06  src.cpcv.tuning  INFO    [tuning] random_forest: 3 purged K-fold splits, 30 Optuna trials (TPE)
13:13:41  src.cpcv.tuning  INFO      random_forest: 30 completed, 0 pruned (of 30 total) — best log_loss=0.6924, params={'n_estimators': 100, 'max_depth': 5, 'min_samples_leaf': 16, 'max_features': 'sqrt'}
13:13:41  src.cpcv.tuning  INFO    [tuning] random_forest done in 35.2s — best log_loss=0.6924
13:13:41  src.cpcv.tuning  INFO    [tuning] xgboost: 3 purged K-fold splits, 30 Optuna trials (TPE)
13:13:46  src.cpcv.tuning  INFO      xgboost: 30 completed, 0 pruned (of 30 total) — best log_loss=0.6813, params={'max_depth': 2, 'learning_rate': 0.11114989443094977, 'min_child_weight': 5, 'subsample': 0.9879639408647978, 'colsample_bytree': 0.9329770563201687, 'gamma': 4.997040685255803e-07, 'reg_alpha': 4.329370014459266e-07, 'reg_lambda': 4.4734294104626844e-07}
13:13:46  src.cpcv.tuning  INFO    [tuning] xgboost done in 4.3s — best log_loss=0.6813
13:13:46  src.cpcv.tuning  INFO  Tuning total: 39.5s
13:13:46  src.cpcv.pipeline  INFO      applied random_forest: {'n_estimators': 100, 'max_depth': 5, 'min_samples_leaf': 16, 'max_features': 'sqrt'}
13:13:46  src.cpcv.pipeline  INFO      applied xgboost: {'max_depth': 2, 'learning_rate': 0.11114989443094977, 'min_child_weight': 5, 'subsample': 0.9879639408647978, 'colsample_bytree': 0.9329770563201687, 'gamma': 4.997040685255803e-07, 'reg_alpha': 4.329370014459266e-07, 'reg_lambda': 4.4734294104626844e-07}
13:13:46  src.cpcv.models.tree_models  INFO  RandomForest fitted: 517 samples, 18 features, 100 trees.
13:13:46  src.cpcv.pipeline  INFO    [ 91/168]        random_forest (seed=0) F1=0.433  AUC=0.503  LL=0.7352 (0.4s)
13:13:46  src.cpcv.models.tree_models  INFO  RandomForest fitted: 517 samples, 18 features, 100 trees.
13:13:46  src.cpcv.pipeline  INFO    [ 92/168]        random_forest (seed=1) F1=0.405  AUC=0.477  LL=0.7363 (0.3s)
13:13:46  src.cpcv.models.tree_models  INFO  RandomForest fitted: 517 samples, 18 features, 100 trees.
13:13:47  src.cpcv.pipeline  INFO    [ 93/168]        random_forest (seed=2) F1=0.479  AUC=0.510  LL=0.7198 (0.3s)
13:13:47  src.cpcv.models.tree_models  INFO  XGBoost fitted: 517 samples, early stopped at iteration 20/300.
13:13:47  src.cpcv.pipeline  INFO    [ 94/168]              xgboost (seed=0) F1=0.423  AUC=0.497  LL=0.7247 (0.1s)
13:13:47  src.cpcv.models.tree_models  INFO  XGBoost fitted: 517 samples, early stopped at iteration 40/300.
13:13:47  src.cpcv.pipeline  INFO    [ 95/168]              xgboost (seed=1) F1=0.400  AUC=0.487  LL=0.7405 (0.1s)
13:13:47  src.cpcv.models.tree_models  INFO  XGBoost fitted: 517 samples, early stopped at iteration 32/300.
13:13:47  src.cpcv.pipeline  INFO    [ 96/168]              xgboost (seed=2) F1=0.446  AUC=0.511  LL=0.7308 (0.1s)
13:13:47  src.cpcv.preprocessing  INFO  Computing MDA (Random Forest)...
13:14:06  src.cpcv.preprocessing  INFO  Computing MDA (Logistic Regression)...
13:14:07  src.cpcv.preprocessing  INFO  Multi-model MDA: 35/62 passed (MDA > 0), 27 eliminated
13:14:07  src.cpcv.preprocessing  INFO    Capped at 18 features (top_k_frac=0.3)
13:14:07  src.cpcv.preprocessing  INFO    Selected (18): ['atr', 'gk_vol', 'jarque_bera', 'log_returns_lag2', 'log_returns_lag3', 'log_returns_lag7', 'macd_hist', 'macd_signal', 'mfi_14', 'rsi', 'sadf', 'skewness', 'stoch_k', 'tx_count_roc_14', 'vol_term_30_90', 'vwma_ratio_20_50', 'williams_r', 'yz_vol']
13:14:07  src.cpcv.pipeline  INFO    Preprocessing: 18 features selected, train=518 + cal=130, test=288
13:14:07  src.cpcv.tuning  INFO  Tuning (2 models) — Optuna TPE + Purged K-Fold (inner: 3 folds, embargo=10 obs)
13:14:07  src.cpcv.tuning  INFO    [tuning] random_forest: 3 purged K-fold splits, 30 Optuna trials (TPE)
13:14:40  src.cpcv.tuning  INFO      random_forest: 30 completed, 0 pruned (of 30 total) — best log_loss=0.6794, params={'n_estimators': 100, 'max_depth': 5, 'min_samples_leaf': 24, 'max_features': 'log2'}
13:14:40  src.cpcv.tuning  INFO    [tuning] random_forest done in 32.5s — best log_loss=0.6794
13:14:40  src.cpcv.tuning  INFO    [tuning] xgboost: 3 purged K-fold splits, 30 Optuna trials (TPE)
13:14:44  src.cpcv.tuning  INFO      xgboost: 30 completed, 0 pruned (of 30 total) — best log_loss=0.6777, params={'max_depth': 2, 'learning_rate': 0.10005999190311972, 'min_child_weight': 19, 'subsample': 0.6889640185593752, 'colsample_bytree': 0.6589045438667185, 'gamma': 4.76221841834922e-07, 'reg_alpha': 0.0004530781170200396, 'reg_lambda': 0.6419147052053724}
13:14:44  src.cpcv.tuning  INFO    [tuning] xgboost done in 4.6s — best log_loss=0.6777
13:14:44  src.cpcv.tuning  INFO  Tuning total: 37.1s
13:14:44  src.cpcv.pipeline  INFO      applied random_forest: {'n_estimators': 100, 'max_depth': 5, 'min_samples_leaf': 24, 'max_features': 'log2'}
13:14:44  src.cpcv.pipeline  INFO      applied xgboost: {'max_depth': 2, 'learning_rate': 0.10005999190311972, 'min_child_weight': 19, 'subsample': 0.6889640185593752, 'colsample_bytree': 0.6589045438667185, 'gamma': 4.76221841834922e-07, 'reg_alpha': 0.0004530781170200396, 'reg_lambda': 0.6419147052053724}
13:14:44  src.cpcv.models.tree_models  INFO  RandomForest fitted: 518 samples, 18 features, 100 trees.
13:14:45  src.cpcv.pipeline  INFO    [ 97/168]        random_forest (seed=0) F1=0.454  AUC=0.495  LL=0.7478 (0.3s)
13:14:45  src.cpcv.models.tree_models  INFO  RandomForest fitted: 518 samples, 18 features, 100 trees.
13:14:45  src.cpcv.pipeline  INFO    [ 98/168]        random_forest (seed=1) F1=0.451  AUC=0.493  LL=0.7581 (0.3s)
13:14:45  src.cpcv.models.tree_models  INFO  RandomForest fitted: 518 samples, 18 features, 100 trees.
13:14:45  src.cpcv.pipeline  INFO    [ 99/168]        random_forest (seed=2) F1=0.454  AUC=0.497  LL=0.7386 (0.3s)
13:14:45  src.cpcv.models.tree_models  INFO  XGBoost fitted: 518 samples, early stopped at iteration 33/300.
13:14:45  src.cpcv.pipeline  INFO    [100/168]              xgboost (seed=0) F1=0.465  AUC=0.477  LL=0.7680 (0.1s)
13:14:45  src.cpcv.models.tree_models  INFO  XGBoost fitted: 518 samples, early stopped at iteration 7/300.
13:14:45  src.cpcv.pipeline  INFO    [101/168]              xgboost (seed=1) F1=0.427  AUC=0.465  LL=0.7442 (0.1s)
13:14:45  src.cpcv.models.tree_models  INFO  XGBoost fitted: 518 samples, early stopped at iteration 6/300.
13:14:45  src.cpcv.pipeline  INFO    [102/168]              xgboost (seed=2) F1=0.448  AUC=0.484  LL=0.7346 (0.0s)
13:14:46  src.cpcv.preprocessing  INFO  Computing MDA (Random Forest)...
13:15:06  src.cpcv.preprocessing  INFO  Computing MDA (Logistic Regression)...
13:15:06  src.cpcv.preprocessing  INFO  Multi-model MDA: 35/62 passed (MDA > 0), 27 eliminated
13:15:06  src.cpcv.preprocessing  INFO    Capped at 18 features (top_k_frac=0.3)
13:15:06  src.cpcv.preprocessing  INFO    Selected (18): ['atr', 'bb_width', 'cci_14', 'exchange_supply_pct', 'hurst', 'log_returns', 'log_returns_lag3', 'macd_hist', 'mfi_14', 'net_exchange_flow', 'realized_vol', 'skewness', 'variance_ratio', 'vix', 'vol_term_30_90', 'vwma_ratio_20_50', 'yield_curve_10y30y', 'yz_vol']
13:15:06  src.cpcv.pipeline  INFO    Preprocessing: 18 features selected, train=520 + cal=130, test=295
13:15:06  src.cpcv.tuning  INFO  Tuning (2 models) — Optuna TPE + Purged K-Fold (inner: 3 folds, embargo=10 obs)
13:15:06  src.cpcv.tuning  INFO    [tuning] random_forest: 3 purged K-fold splits, 30 Optuna trials (TPE)
13:15:51  src.cpcv.tuning  INFO      random_forest: 30 completed, 0 pruned (of 30 total) — best log_loss=0.6830, params={'n_estimators': 250, 'max_depth': 3, 'min_samples_leaf': 17, 'max_features': 'sqrt'}
13:15:51  src.cpcv.tuning  INFO    [tuning] random_forest done in 44.7s — best log_loss=0.6830
13:15:51  src.cpcv.tuning  INFO    [tuning] xgboost: 3 purged K-fold splits, 30 Optuna trials (TPE)
13:15:56  src.cpcv.tuning  INFO      xgboost: 29 completed, 1 pruned (of 30 total) — best log_loss=0.6768, params={'max_depth': 3, 'learning_rate': 0.14640944492298597, 'min_child_weight': 18, 'subsample': 0.6045024286177675, 'colsample_bytree': 0.793793301749126, 'gamma': 6.156999788465914e-06, 'reg_alpha': 0.01151838860321398, 'reg_lambda': 5.3370203550130966e-05}
13:15:56  src.cpcv.tuning  INFO    [tuning] xgboost done in 4.7s — best log_loss=0.6768
13:15:56  src.cpcv.tuning  INFO  Tuning total: 49.4s
13:15:56  src.cpcv.pipeline  INFO      applied random_forest: {'n_estimators': 250, 'max_depth': 3, 'min_samples_leaf': 17, 'max_features': 'sqrt'}
13:15:56  src.cpcv.pipeline  INFO      applied xgboost: {'max_depth': 3, 'learning_rate': 0.14640944492298597, 'min_child_weight': 18, 'subsample': 0.6045024286177675, 'colsample_bytree': 0.793793301749126, 'gamma': 6.156999788465914e-06, 'reg_alpha': 0.01151838860321398, 'reg_lambda': 5.3370203550130966e-05}
13:15:56  src.cpcv.models.tree_models  INFO  RandomForest fitted: 520 samples, 18 features, 250 trees.
13:15:57  src.cpcv.pipeline  INFO    [103/168]        random_forest (seed=0) F1=0.368  AUC=0.467  LL=0.7122 (0.8s)
13:15:57  src.cpcv.models.tree_models  INFO  RandomForest fitted: 520 samples, 18 features, 250 trees.
13:15:57  src.cpcv.pipeline  INFO    [104/168]        random_forest (seed=1) F1=0.353  AUC=0.455  LL=0.7067 (0.7s)
13:15:58  src.cpcv.models.tree_models  INFO  RandomForest fitted: 520 samples, 18 features, 250 trees.
13:15:58  src.cpcv.pipeline  INFO    [105/168]        random_forest (seed=2) F1=0.355  AUC=0.464  LL=0.7083 (0.7s)
13:15:58  src.cpcv.models.tree_models  INFO  XGBoost fitted: 520 samples, early stopped at iteration 0/300.
13:15:58  src.cpcv.pipeline  INFO    [106/168]              xgboost (seed=0) F1=0.338  AUC=0.449  LL=0.7044 (0.0s)
13:15:58  src.cpcv.models.tree_models  INFO  XGBoost fitted: 520 samples, early stopped at iteration 5/300.
13:15:58  src.cpcv.pipeline  INFO    [107/168]              xgboost (seed=1) F1=0.352  AUC=0.445  LL=0.7059 (0.1s)
13:15:58  src.cpcv.models.tree_models  INFO  XGBoost fitted: 520 samples, early stopped at iteration 2/300.
13:15:58  src.cpcv.pipeline  INFO    [108/168]              xgboost (seed=2) F1=0.343  AUC=0.451  LL=0.7095 (0.0s)
13:15:58  src.cpcv.preprocessing  INFO  Computing MDA (Random Forest)...
13:16:17  src.cpcv.preprocessing  INFO  Computing MDA (Logistic Regression)...
13:16:18  src.cpcv.preprocessing  INFO  Multi-model MDA: 21/62 passed (MDA > 0), 41 eliminated
13:16:18  src.cpcv.preprocessing  INFO    Capped at 18 features (top_k_frac=0.3)
13:16:18  src.cpcv.preprocessing  INFO    Selected (18): ['eth_btc_ratio', 'gold_ret_30', 'hurst', 'log_returns', 'log_returns_lag1', 'log_returns_lag2', 'log_returns_lag7', 'lz_complexity', 'mvrv', 'natgas_ret_30', 'negentropy', 'realized_vol', 'sadf', 'stoch_d', 'tx_count_roc_14', 'vix', 'yield_curve_10y30y', 'yz_vol']
13:16:18  src.cpcv.pipeline  INFO    Preprocessing: 18 features selected, train=528 + cal=133, test=288
13:16:18  src.cpcv.tuning  INFO  Tuning (2 models) — Optuna TPE + Purged K-Fold (inner: 3 folds, embargo=10 obs)
13:16:18  src.cpcv.tuning  INFO    [tuning] random_forest: 3 purged K-fold splits, 30 Optuna trials (TPE)
13:17:04  src.cpcv.tuning  INFO      random_forest: 30 completed, 0 pruned (of 30 total) — best log_loss=0.6854, params={'n_estimators': 250, 'max_depth': 3, 'min_samples_leaf': 22, 'max_features': 'sqrt'}
13:17:04  src.cpcv.tuning  INFO    [tuning] random_forest done in 46.1s — best log_loss=0.6854
13:17:04  src.cpcv.tuning  INFO    [tuning] xgboost: 3 purged K-fold splits, 30 Optuna trials (TPE)
13:17:08  src.cpcv.tuning  INFO      xgboost: 28 completed, 2 pruned (of 30 total) — best log_loss=0.6786, params={'max_depth': 2, 'learning_rate': 0.11114989443094977, 'min_child_weight': 5, 'subsample': 0.9879639408647978, 'colsample_bytree': 0.9329770563201687, 'gamma': 4.997040685255803e-07, 'reg_alpha': 4.329370014459266e-07, 'reg_lambda': 4.4734294104626844e-07}
13:17:08  src.cpcv.tuning  INFO    [tuning] xgboost done in 4.1s — best log_loss=0.6786
13:17:08  src.cpcv.tuning  INFO  Tuning total: 50.3s
13:17:08  src.cpcv.pipeline  INFO      applied random_forest: {'n_estimators': 250, 'max_depth': 3, 'min_samples_leaf': 22, 'max_features': 'sqrt'}
13:17:08  src.cpcv.pipeline  INFO      applied xgboost: {'max_depth': 2, 'learning_rate': 0.11114989443094977, 'min_child_weight': 5, 'subsample': 0.9879639408647978, 'colsample_bytree': 0.9329770563201687, 'gamma': 4.997040685255803e-07, 'reg_alpha': 4.329370014459266e-07, 'reg_lambda': 4.4734294104626844e-07}
13:17:09  src.cpcv.models.tree_models  INFO  RandomForest fitted: 528 samples, 18 features, 250 trees.
13:17:09  src.cpcv.pipeline  INFO    [109/168]        random_forest (seed=0) F1=0.409  AUC=0.545  LL=0.6775 (0.7s)
13:17:09  src.cpcv.models.tree_models  INFO  RandomForest fitted: 528 samples, 18 features, 250 trees.
13:17:09  src.cpcv.pipeline  INFO    [110/168]        random_forest (seed=1) F1=0.394  AUC=0.553  LL=0.6742 (0.7s)
13:17:10  src.cpcv.models.tree_models  INFO  RandomForest fitted: 528 samples, 18 features, 250 trees.
13:17:10  src.cpcv.pipeline  INFO    [111/168]        random_forest (seed=2) F1=0.409  AUC=0.530  LL=0.6776 (0.7s)
13:17:10  src.cpcv.models.tree_models  INFO  XGBoost fitted: 528 samples, early stopped at iteration 1/300.
13:17:10  src.cpcv.pipeline  INFO    [112/168]              xgboost (seed=0) F1=0.501  AUC=0.509  LL=0.6907 (0.0s)
13:17:10  src.cpcv.models.tree_models  INFO  XGBoost fitted: 528 samples, early stopped at iteration 0/300.
13:17:10  src.cpcv.pipeline  INFO    [113/168]              xgboost (seed=1) F1=0.434  AUC=0.520  LL=0.6792 (0.0s)
13:17:10  src.cpcv.models.tree_models  INFO  XGBoost fitted: 528 samples, early stopped at iteration 0/300.
13:17:10  src.cpcv.pipeline  INFO    [114/168]              xgboost (seed=2) F1=0.368  AUC=0.481  LL=0.6874 (0.1s)
13:17:11  src.cpcv.preprocessing  INFO  Computing MDA (Random Forest)...
13:17:30  src.cpcv.preprocessing  INFO  Computing MDA (Logistic Regression)...
13:17:30  src.cpcv.preprocessing  INFO  Multi-model MDA: 19/62 passed (MDA > 0), 43 eliminated
13:17:30  src.cpcv.preprocessing  INFO    Capped at 18 features (top_k_frac=0.3)
13:17:30  src.cpcv.preprocessing  INFO    Selected (18): ['copper_ret_30', 'eth_btc_ratio', 'exchange_supply_pct', 'gold_ret_30', 'hurst', 'issuance_ntv', 'jarque_bera', 'kurtosis', 'mfi_14', 'natgas_ret_30', 'negentropy', 'net_exchange_flow', 'obv', 'oil_ret_30', 'roc_14', 'shannon_entropy', 'skewness', 'us2y']
13:17:30  src.cpcv.pipeline  INFO    Preprocessing: 18 features selected, train=518 + cal=130, test=288
13:17:30  src.cpcv.tuning  INFO  Tuning (2 models) — Optuna TPE + Purged K-Fold (inner: 3 folds, embargo=10 obs)
13:17:30  src.cpcv.tuning  INFO    [tuning] random_forest: 3 purged K-fold splits, 30 Optuna trials (TPE)
13:18:06  src.cpcv.tuning  INFO      random_forest: 16 completed, 14 pruned (of 30 total) — best log_loss=0.6884, params={'n_estimators': 200, 'max_depth': 2, 'min_samples_leaf': 16, 'max_features': 'log2'}
13:18:06  src.cpcv.tuning  INFO    [tuning] random_forest done in 35.3s — best log_loss=0.6884
13:18:06  src.cpcv.tuning  INFO    [tuning] xgboost: 3 purged K-fold splits, 30 Optuna trials (TPE)
13:18:09  src.cpcv.tuning  INFO      xgboost: 8 completed, 22 pruned (of 30 total) — best log_loss=0.6827, params={'max_depth': 3, 'learning_rate': 0.29482327084290944, 'min_child_weight': 23, 'subsample': 0.8234098923117161, 'colsample_bytree': 0.6098821354452019, 'gamma': 1.4472395743747607e-05, 'reg_alpha': 4.077391468444027e-08, 'reg_lambda': 2.6306125320577083}
13:18:09  src.cpcv.tuning  INFO    [tuning] xgboost done in 2.9s — best log_loss=0.6827
13:18:09  src.cpcv.tuning  INFO  Tuning total: 38.2s
13:18:09  src.cpcv.pipeline  INFO      applied random_forest: {'n_estimators': 200, 'max_depth': 2, 'min_samples_leaf': 16, 'max_features': 'log2'}
13:18:09  src.cpcv.pipeline  INFO      applied xgboost: {'max_depth': 3, 'learning_rate': 0.29482327084290944, 'min_child_weight': 23, 'subsample': 0.8234098923117161, 'colsample_bytree': 0.6098821354452019, 'gamma': 1.4472395743747607e-05, 'reg_alpha': 4.077391468444027e-08, 'reg_lambda': 2.6306125320577083}
13:18:09  src.cpcv.models.tree_models  INFO  RandomForest fitted: 518 samples, 18 features, 200 trees.
13:18:09  src.cpcv.pipeline  INFO    [115/168]        random_forest (seed=0) F1=0.482  AUC=0.513  LL=0.6989 (0.6s)
13:18:10  src.cpcv.models.tree_models  INFO  RandomForest fitted: 518 samples, 18 features, 200 trees.
13:18:10  src.cpcv.pipeline  INFO    [116/168]        random_forest (seed=1) F1=0.509  AUC=0.525  LL=0.7056 (0.5s)
13:18:10  src.cpcv.models.tree_models  INFO  RandomForest fitted: 518 samples, 18 features, 200 trees.
13:18:10  src.cpcv.pipeline  INFO    [117/168]        random_forest (seed=2) F1=0.486  AUC=0.494  LL=0.6988 (0.5s)
13:18:10  src.cpcv.models.tree_models  INFO  XGBoost fitted: 518 samples, early stopped at iteration 4/300.
13:18:10  src.cpcv.pipeline  INFO    [118/168]              xgboost (seed=0) F1=0.430  AUC=0.469  LL=0.6973 (0.0s)
13:18:10  src.cpcv.models.tree_models  INFO  XGBoost fitted: 518 samples, early stopped at iteration 4/300.
13:18:10  src.cpcv.pipeline  INFO    [119/168]              xgboost (seed=1) F1=0.516  AUC=0.506  LL=0.7122 (0.0s)
13:18:10  src.cpcv.models.tree_models  INFO  XGBoost fitted: 518 samples, early stopped at iteration 6/300.
13:18:10  src.cpcv.pipeline  INFO    [120/168]              xgboost (seed=2) F1=0.357  AUC=0.467  LL=0.6923 (0.1s)
13:18:11  src.cpcv.preprocessing  INFO  Computing MDA (Random Forest)...
13:18:30  src.cpcv.preprocessing  INFO  Computing MDA (Logistic Regression)...
13:18:31  src.cpcv.preprocessing  INFO  Multi-model MDA: 32/62 passed (MDA > 0), 30 eliminated
13:18:31  src.cpcv.preprocessing  INFO    Capped at 18 features (top_k_frac=0.3)
13:18:31  src.cpcv.preprocessing  INFO    Selected (18): ['bb_width', 'chaikin_osc', 'copper_ret_30', 'eth_btc_ratio', 'exchange_supply_pct', 'fee_per_tx', 'gold_ret_30', 'jarque_bera', 'log_returns_lag14', 'log_returns_lag3', 'macd_hist', 'net_exchange_flow', 'oil_ret_30', 'roc_14', 'silver_ret_30', 'skewness', 'tx_count_roc_14', 'vol_term_7_30']
13:18:31  src.cpcv.pipeline  INFO    Preprocessing: 18 features selected, train=519 + cal=130, test=288
13:18:31  src.cpcv.tuning  INFO  Tuning (2 models) — Optuna TPE + Purged K-Fold (inner: 3 folds, embargo=10 obs)
13:18:31  src.cpcv.tuning  INFO    [tuning] random_forest: 3 purged K-fold splits, 30 Optuna trials (TPE)
13:19:13  src.cpcv.tuning  INFO      random_forest: 16 completed, 14 pruned (of 30 total) — best log_loss=0.6866, params={'n_estimators': 250, 'max_depth': 2, 'min_samples_leaf': 15, 'max_features': 'sqrt'}
13:19:13  src.cpcv.tuning  INFO    [tuning] random_forest done in 42.3s — best log_loss=0.6866
13:19:13  src.cpcv.tuning  INFO    [tuning] xgboost: 3 purged K-fold splits, 30 Optuna trials (TPE)
13:19:16  src.cpcv.tuning  INFO      xgboost: 8 completed, 22 pruned (of 30 total) — best log_loss=0.6809, params={'max_depth': 2, 'learning_rate': 0.1847653614581402, 'min_child_weight': 13, 'subsample': 0.8505915654206465, 'colsample_bytree': 0.800088384752053, 'gamma': 6.064709021823581e-07, 'reg_alpha': 5.415942384949896e-07, 'reg_lambda': 0.1473357711352491}
13:19:16  src.cpcv.tuning  INFO    [tuning] xgboost done in 3.4s — best log_loss=0.6809
13:19:16  src.cpcv.tuning  INFO  Tuning total: 45.8s
13:19:16  src.cpcv.pipeline  INFO      applied random_forest: {'n_estimators': 250, 'max_depth': 2, 'min_samples_leaf': 15, 'max_features': 'sqrt'}
13:19:16  src.cpcv.pipeline  INFO      applied xgboost: {'max_depth': 2, 'learning_rate': 0.1847653614581402, 'min_child_weight': 13, 'subsample': 0.8505915654206465, 'colsample_bytree': 0.800088384752053, 'gamma': 6.064709021823581e-07, 'reg_alpha': 5.415942384949896e-07, 'reg_lambda': 0.1473357711352491}
13:19:17  src.cpcv.models.tree_models  INFO  RandomForest fitted: 519 samples, 18 features, 250 trees.
13:19:17  src.cpcv.pipeline  INFO    [121/168]        random_forest (seed=0) F1=0.435  AUC=0.453  LL=0.7245 (0.7s)
13:19:18  src.cpcv.models.tree_models  INFO  RandomForest fitted: 519 samples, 18 features, 250 trees.
13:19:18  src.cpcv.pipeline  INFO    [122/168]        random_forest (seed=1) F1=0.395  AUC=0.456  LL=0.7229 (0.7s)
13:19:18  src.cpcv.models.tree_models  INFO  RandomForest fitted: 519 samples, 18 features, 250 trees.
13:19:18  src.cpcv.pipeline  INFO    [123/168]        random_forest (seed=2) F1=0.433  AUC=0.451  LL=0.7367 (0.7s)
13:19:18  src.cpcv.models.tree_models  INFO  XGBoost fitted: 519 samples, early stopped at iteration 11/300.
13:19:18  src.cpcv.pipeline  INFO    [124/168]              xgboost (seed=0) F1=0.452  AUC=0.481  LL=0.7348 (0.1s)
13:19:18  src.cpcv.models.tree_models  INFO  XGBoost fitted: 519 samples, early stopped at iteration 17/300.
13:19:18  src.cpcv.pipeline  INFO    [125/168]              xgboost (seed=1) F1=0.460  AUC=0.521  LL=0.6908 (0.1s)
13:19:19  src.cpcv.models.tree_models  INFO  XGBoost fitted: 519 samples, early stopped at iteration 3/300.
13:19:19  src.cpcv.pipeline  INFO    [126/168]              xgboost (seed=2) F1=0.462  AUC=0.459  LL=0.7253 (0.0s)
13:19:19  src.cpcv.preprocessing  INFO  Computing MDA (Random Forest)...
13:19:38  src.cpcv.preprocessing  INFO  Computing MDA (Logistic Regression)...
13:19:39  src.cpcv.preprocessing  INFO  Multi-model MDA: 33/62 passed (MDA > 0), 29 eliminated
13:19:39  src.cpcv.preprocessing  INFO    Capped at 18 features (top_k_frac=0.3)
13:19:39  src.cpcv.preprocessing  INFO    Selected (18): ['bb_width', 'cci_14', 'ema_ratio_20_50', 'eth_btc_ratio', 'exchange_supply_pct', 'fee_per_tx', 'gk_vol', 'hurst', 'log_returns_lag1', 'roc_14', 'shannon_entropy', 'silver_ret_30', 'smt_poly1', 'sp500_ret_30', 'tx_count_roc_14', 'us10y', 'vol_term_30_90', 'yz_vol']
13:19:39  src.cpcv.pipeline  INFO    Preprocessing: 18 features selected, train=520 + cal=131, test=295
13:19:39  src.cpcv.tuning  INFO  Tuning (2 models) — Optuna TPE + Purged K-Fold (inner: 3 folds, embargo=10 obs)
13:19:39  src.cpcv.tuning  INFO    [tuning] random_forest: 3 purged K-fold splits, 30 Optuna trials (TPE)
13:20:16  src.cpcv.tuning  INFO      random_forest: 17 completed, 13 pruned (of 30 total) — best log_loss=0.6777, params={'n_estimators': 200, 'max_depth': 2, 'min_samples_leaf': 31, 'max_features': 'log2'}
13:20:16  src.cpcv.tuning  INFO    [tuning] random_forest done in 37.2s — best log_loss=0.6777
13:20:16  src.cpcv.tuning  INFO    [tuning] xgboost: 3 purged K-fold splits, 30 Optuna trials (TPE)
13:20:22  src.cpcv.tuning  INFO      xgboost: 20 completed, 10 pruned (of 30 total) — best log_loss=0.6694, params={'max_depth': 3, 'learning_rate': 0.035629889744658604, 'min_child_weight': 13, 'subsample': 0.8614723189048554, 'colsample_bytree': 0.7309962350571283, 'gamma': 3.281387055294937e-05, 'reg_alpha': 0.02164001249730466, 'reg_lambda': 0.07148735592884962}
13:20:22  src.cpcv.tuning  INFO    [tuning] xgboost done in 5.3s — best log_loss=0.6694
13:20:22  src.cpcv.tuning  INFO  Tuning total: 42.4s
13:20:22  src.cpcv.pipeline  INFO      applied random_forest: {'n_estimators': 200, 'max_depth': 2, 'min_samples_leaf': 31, 'max_features': 'log2'}
13:20:22  src.cpcv.pipeline  INFO      applied xgboost: {'max_depth': 3, 'learning_rate': 0.035629889744658604, 'min_child_weight': 13, 'subsample': 0.8614723189048554, 'colsample_bytree': 0.7309962350571283, 'gamma': 3.281387055294937e-05, 'reg_alpha': 0.02164001249730466, 'reg_lambda': 0.07148735592884962}
13:20:22  src.cpcv.models.tree_models  INFO  RandomForest fitted: 520 samples, 18 features, 200 trees.
13:20:22  src.cpcv.pipeline  INFO    [127/168]        random_forest (seed=0) F1=0.466  AUC=0.481  LL=0.7008 (0.6s)
13:20:23  src.cpcv.models.tree_models  INFO  RandomForest fitted: 520 samples, 18 features, 200 trees.
13:20:23  src.cpcv.pipeline  INFO    [128/168]        random_forest (seed=1) F1=0.504  AUC=0.491  LL=0.7200 (0.5s)
13:20:23  src.cpcv.models.tree_models  INFO  RandomForest fitted: 520 samples, 18 features, 200 trees.
13:20:23  src.cpcv.pipeline  INFO    [129/168]        random_forest (seed=2) F1=0.490  AUC=0.488  LL=0.6972 (0.5s)
13:20:23  src.cpcv.models.tree_models  INFO  XGBoost fitted: 520 samples, early stopped at iteration 1/300.
13:20:23  src.cpcv.pipeline  INFO    [130/168]              xgboost (seed=0) F1=0.360  AUC=0.477  LL=0.6869 (0.0s)
13:20:23  src.cpcv.models.tree_models  INFO  XGBoost fitted: 520 samples, early stopped at iteration 2/300.
13:20:23  src.cpcv.pipeline  INFO    [131/168]              xgboost (seed=1) F1=0.360  AUC=0.501  LL=0.6869 (0.1s)
13:20:23  src.cpcv.models.tree_models  INFO  XGBoost fitted: 520 samples, early stopped at iteration 1/300.
13:20:23  src.cpcv.pipeline  INFO    [132/168]              xgboost (seed=2) F1=0.360  AUC=0.513  LL=0.6869 (0.0s)
13:20:24  src.cpcv.preprocessing  INFO  Computing MDA (Random Forest)...
13:20:42  src.cpcv.preprocessing  INFO  Computing MDA (Logistic Regression)...
13:20:43  src.cpcv.preprocessing  INFO  Multi-model MDA: 31/62 passed (MDA > 0), 31 eliminated
13:20:43  src.cpcv.preprocessing  INFO    Capped at 18 features (top_k_frac=0.3)
13:20:43  src.cpcv.preprocessing  INFO    Selected (18): ['active_addr_roc_14', 'atr', 'cci_14', 'ema_ratio_20_50', 'exchange_supply_pct', 'kurtosis', 'log_returns_lag7', 'lz_complexity', 'macd', 'macd_hist', 'mvrv', 'nasdaq_ret_30', 'natgas_ret_30', 'negentropy', 'roc_14', 'rsi', 'skewness', 'us2y']
13:20:43  src.cpcv.pipeline  INFO    Preprocessing: 18 features selected, train=528 + cal=133, test=288
13:20:43  src.cpcv.tuning  INFO  Tuning (2 models) — Optuna TPE + Purged K-Fold (inner: 3 folds, embargo=10 obs)
13:20:43  src.cpcv.tuning  INFO    [tuning] random_forest: 3 purged K-fold splits, 30 Optuna trials (TPE)
13:21:14  src.cpcv.tuning  INFO      random_forest: 10 completed, 20 pruned (of 30 total) — best log_loss=0.6969, params={'n_estimators': 250, 'max_depth': 2, 'min_samples_leaf': 40, 'max_features': 'log2'}
13:21:14  src.cpcv.tuning  INFO    [tuning] random_forest done in 31.3s — best log_loss=0.6969
13:21:14  src.cpcv.tuning  INFO    [tuning] xgboost: 3 purged K-fold splits, 30 Optuna trials (TPE)
13:21:18  src.cpcv.tuning  INFO      xgboost: 11 completed, 19 pruned (of 30 total) — best log_loss=0.6838, params={'max_depth': 1, 'learning_rate': 0.08104364328011747, 'min_child_weight': 18, 'subsample': 0.7649011048051568, 'colsample_bytree': 0.9648216666789045, 'gamma': 2.321622488956692e-07, 'reg_alpha': 1.2537123712612529e-05, 'reg_lambda': 0.00041493920000016315}
13:21:18  src.cpcv.tuning  INFO    [tuning] xgboost done in 3.5s — best log_loss=0.6838
13:21:18  src.cpcv.tuning  INFO  Tuning total: 34.8s
13:21:18  src.cpcv.pipeline  INFO      applied random_forest: {'n_estimators': 250, 'max_depth': 2, 'min_samples_leaf': 40, 'max_features': 'log2'}
13:21:18  src.cpcv.pipeline  INFO      applied xgboost: {'max_depth': 1, 'learning_rate': 0.08104364328011747, 'min_child_weight': 18, 'subsample': 0.7649011048051568, 'colsample_bytree': 0.9648216666789045, 'gamma': 2.321622488956692e-07, 'reg_alpha': 1.2537123712612529e-05, 'reg_lambda': 0.00041493920000016315}
13:21:18  src.cpcv.models.tree_models  INFO  RandomForest fitted: 528 samples, 18 features, 250 trees.
13:21:19  src.cpcv.pipeline  INFO    [133/168]        random_forest (seed=0) F1=0.407  AUC=0.507  LL=0.6886 (0.7s)
13:21:19  src.cpcv.models.tree_models  INFO  RandomForest fitted: 528 samples, 18 features, 250 trees.
13:21:19  src.cpcv.pipeline  INFO    [134/168]        random_forest (seed=1) F1=0.373  AUC=0.473  LL=0.6908 (0.7s)
13:21:20  src.cpcv.models.tree_models  INFO  RandomForest fitted: 528 samples, 18 features, 250 trees.
13:21:20  src.cpcv.pipeline  INFO    [135/168]        random_forest (seed=2) F1=0.384  AUC=0.477  LL=0.6918 (0.7s)
13:21:20  src.cpcv.models.tree_models  INFO  XGBoost fitted: 528 samples, early stopped at iteration 2/300.
13:21:20  src.cpcv.pipeline  INFO    [136/168]              xgboost (seed=0) F1=0.356  AUC=0.561  LL=0.6830 (0.0s)
13:21:20  src.cpcv.models.tree_models  INFO  XGBoost fitted: 528 samples, early stopped at iteration 2/300.
13:21:20  src.cpcv.pipeline  INFO    [137/168]              xgboost (seed=1) F1=0.356  AUC=0.513  LL=0.6878 (0.0s)
13:21:20  src.cpcv.models.tree_models  INFO  XGBoost fitted: 528 samples, early stopped at iteration 10/300.
13:21:20  src.cpcv.pipeline  INFO    [138/168]              xgboost (seed=2) F1=0.413  AUC=0.462  LL=0.6942 (0.0s)
13:21:20  src.cpcv.preprocessing  INFO  Computing MDA (Random Forest)...
13:21:39  src.cpcv.preprocessing  INFO  Computing MDA (Logistic Regression)...
13:21:40  src.cpcv.preprocessing  INFO  Multi-model MDA: 40/62 passed (MDA > 0), 22 eliminated
13:21:40  src.cpcv.preprocessing  INFO    Capped at 18 features (top_k_frac=0.3)
13:21:40  src.cpcv.preprocessing  INFO    Selected (18): ['eth_btc_ratio', 'gk_vol', 'hurst', 'kurtosis', 'macd', 'nasdaq_ret_30', 'oil_ret_30', 'roc_14', 'rsi', 'sadf', 'silver_ret_30', 'skewness', 'smt_exp', 'vix', 'vwma_ratio_20_50', 'williams_r', 'yield_curve_10y30y', 'yz_vol']
13:21:40  src.cpcv.pipeline  INFO    Preprocessing: 18 features selected, train=519 + cal=130, test=288
13:21:40  src.cpcv.tuning  INFO  Tuning (2 models) — Optuna TPE + Purged K-Fold (inner: 3 folds, embargo=10 obs)
13:21:40  src.cpcv.tuning  INFO    [tuning] random_forest: 3 purged K-fold splits, 30 Optuna trials (TPE)
13:22:17  src.cpcv.tuning  INFO      random_forest: 20 completed, 10 pruned (of 30 total) — best log_loss=0.6766, params={'n_estimators': 200, 'max_depth': 5, 'min_samples_leaf': 18, 'max_features': 'log2'}
13:22:17  src.cpcv.tuning  INFO    [tuning] random_forest done in 37.4s — best log_loss=0.6766
13:22:17  src.cpcv.tuning  INFO    [tuning] xgboost: 3 purged K-fold splits, 30 Optuna trials (TPE)
13:22:22  src.cpcv.tuning  INFO      xgboost: 9 completed, 21 pruned (of 30 total) — best log_loss=0.6656, params={'max_depth': 2, 'learning_rate': 0.2936518486811384, 'min_child_weight': 18, 'subsample': 0.764321447048622, 'colsample_bytree': 0.8622917419242879, 'gamma': 7.260399224882248e-05, 'reg_alpha': 0.0004216289451032701, 'reg_lambda': 9.372376458918428e-08}
13:22:22  src.cpcv.tuning  INFO    [tuning] xgboost done in 5.1s — best log_loss=0.6656
13:22:22  src.cpcv.tuning  INFO  Tuning total: 42.4s
13:22:22  src.cpcv.pipeline  INFO      applied random_forest: {'n_estimators': 200, 'max_depth': 5, 'min_samples_leaf': 18, 'max_features': 'log2'}
13:22:22  src.cpcv.pipeline  INFO      applied xgboost: {'max_depth': 2, 'learning_rate': 0.2936518486811384, 'min_child_weight': 18, 'subsample': 0.764321447048622, 'colsample_bytree': 0.8622917419242879, 'gamma': 7.260399224882248e-05, 'reg_alpha': 0.0004216289451032701, 'reg_lambda': 9.372376458918428e-08}
13:22:23  src.cpcv.models.tree_models  INFO  RandomForest fitted: 519 samples, 18 features, 200 trees.
13:22:23  src.cpcv.pipeline  INFO    [139/168]        random_forest (seed=0) F1=0.461  AUC=0.555  LL=0.6801 (0.7s)
13:22:24  src.cpcv.models.tree_models  INFO  RandomForest fitted: 519 samples, 18 features, 200 trees.
13:22:24  src.cpcv.pipeline  INFO    [140/168]        random_forest (seed=1) F1=0.476  AUC=0.540  LL=0.6822 (0.6s)
13:22:24  src.cpcv.models.tree_models  INFO  RandomForest fitted: 519 samples, 18 features, 200 trees.
13:22:24  src.cpcv.pipeline  INFO    [141/168]        random_forest (seed=2) F1=0.486  AUC=0.551  LL=0.6795 (0.6s)
13:22:25  src.cpcv.models.tree_models  INFO  XGBoost fitted: 519 samples, early stopped at iteration 8/300.
13:22:25  src.cpcv.pipeline  INFO    [142/168]              xgboost (seed=0) F1=0.535  AUC=0.551  LL=0.6849 (0.1s)
13:22:25  src.cpcv.models.tree_models  INFO  XGBoost fitted: 519 samples, early stopped at iteration 0/300.
13:22:25  src.cpcv.pipeline  INFO    [143/168]              xgboost (seed=1) F1=0.492  AUC=0.525  LL=0.6820 (0.0s)
13:22:25  src.cpcv.models.tree_models  INFO  XGBoost fitted: 519 samples, early stopped at iteration 0/300.
13:22:25  src.cpcv.pipeline  INFO    [144/168]              xgboost (seed=2) F1=0.463  AUC=0.462  LL=0.6999 (0.0s)
13:22:25  src.cpcv.preprocessing  INFO  Computing MDA (Random Forest)...
13:22:44  src.cpcv.preprocessing  INFO  Computing MDA (Logistic Regression)...
13:22:45  src.cpcv.preprocessing  INFO  Multi-model MDA: 18/62 passed (MDA > 0), 44 eliminated
13:22:45  src.cpcv.preprocessing  INFO    Selected (18): ['active_addr_roc_14', 'dxy_roc_30', 'eth_btc_ratio', 'exchange_supply_pct', 'hurst', 'kurtosis', 'log_returns_lag3', 'lz_complexity', 'macd_signal', 'nasdaq_ret_30', 'sadf', 'skewness', 'smt_poly1', 'tx_count_roc_14', 'us2y', 'vol_term_30_90', 'williams_r', 'yz_vol']
13:22:45  src.cpcv.pipeline  INFO    Preprocessing: 18 features selected, train=520 + cal=131, test=295
13:22:45  src.cpcv.tuning  INFO  Tuning (2 models) — Optuna TPE + Purged K-Fold (inner: 3 folds, embargo=10 obs)
13:22:45  src.cpcv.tuning  INFO    [tuning] random_forest: 3 purged K-fold splits, 30 Optuna trials (TPE)
13:23:12  src.cpcv.tuning  INFO      random_forest: 16 completed, 14 pruned (of 30 total) — best log_loss=0.6789, params={'n_estimators': 100, 'max_depth': 3, 'min_samples_leaf': 29, 'max_features': 'sqrt'}
13:23:12  src.cpcv.tuning  INFO    [tuning] random_forest done in 27.9s — best log_loss=0.6789
13:23:12  src.cpcv.tuning  INFO    [tuning] xgboost: 3 purged K-fold splits, 30 Optuna trials (TPE)
13:23:17  src.cpcv.tuning  INFO      xgboost: 16 completed, 14 pruned (of 30 total) — best log_loss=0.6675, params={'max_depth': 2, 'learning_rate': 0.10781135193503111, 'min_child_weight': 11, 'subsample': 0.6271907229330482, 'colsample_bytree': 0.8885130277630665, 'gamma': 1.1536165201613692e-08, 'reg_alpha': 0.0001653282123997987, 'reg_lambda': 1.4359690912042223e-06}
13:23:17  src.cpcv.tuning  INFO    [tuning] xgboost done in 4.4s — best log_loss=0.6675
13:23:17  src.cpcv.tuning  INFO  Tuning total: 32.3s
13:23:17  src.cpcv.pipeline  INFO      applied random_forest: {'n_estimators': 100, 'max_depth': 3, 'min_samples_leaf': 29, 'max_features': 'sqrt'}
13:23:17  src.cpcv.pipeline  INFO      applied xgboost: {'max_depth': 2, 'learning_rate': 0.10781135193503111, 'min_child_weight': 11, 'subsample': 0.6271907229330482, 'colsample_bytree': 0.8885130277630665, 'gamma': 1.1536165201613692e-08, 'reg_alpha': 0.0001653282123997987, 'reg_lambda': 1.4359690912042223e-06}
13:23:17  src.cpcv.models.tree_models  INFO  RandomForest fitted: 520 samples, 18 features, 100 trees.
13:23:17  src.cpcv.pipeline  INFO    [145/168]        random_forest (seed=0) F1=0.395  AUC=0.535  LL=0.6814 (0.3s)
13:23:17  src.cpcv.models.tree_models  INFO  RandomForest fitted: 520 samples, 18 features, 100 trees.
13:23:18  src.cpcv.pipeline  INFO    [146/168]        random_forest (seed=1) F1=0.399  AUC=0.533  LL=0.6801 (0.3s)
13:23:18  src.cpcv.models.tree_models  INFO  RandomForest fitted: 520 samples, 18 features, 100 trees.
13:23:18  src.cpcv.pipeline  INFO    [147/168]        random_forest (seed=2) F1=0.366  AUC=0.463  LL=0.6877 (0.3s)
13:23:18  src.cpcv.models.tree_models  INFO  XGBoost fitted: 520 samples, early stopped at iteration 6/300.
13:23:18  src.cpcv.pipeline  INFO    [148/168]              xgboost (seed=0) F1=0.519  AUC=0.534  LL=0.6916 (0.0s)
13:23:18  src.cpcv.models.tree_models  INFO  XGBoost fitted: 520 samples, early stopped at iteration 0/300.
13:23:18  src.cpcv.pipeline  INFO    [149/168]              xgboost (seed=1) F1=0.366  AUC=0.509  LL=0.6850 (0.0s)
13:23:18  src.cpcv.models.tree_models  INFO  XGBoost fitted: 520 samples, early stopped at iteration 0/300.
13:23:18  src.cpcv.pipeline  INFO    [150/168]              xgboost (seed=2) F1=0.366  AUC=0.548  LL=0.6852 (0.0s)
13:23:18  src.cpcv.preprocessing  INFO  Computing MDA (Random Forest)...
13:23:38  src.cpcv.preprocessing  INFO  Computing MDA (Logistic Regression)...
13:23:39  src.cpcv.preprocessing  INFO  Multi-model MDA: 41/62 passed (MDA > 0), 21 eliminated
13:23:39  src.cpcv.preprocessing  INFO    Capped at 18 features (top_k_frac=0.3)
13:23:39  src.cpcv.preprocessing  INFO    Selected (18): ['active_addr_roc_14', 'eth_btc_ratio', 'exchange_supply_pct', 'kurtosis', 'log_returns', 'log_returns_lag14', 'macd', 'mfi_14', 'mvrv', 'negentropy', 'roc_14', 'silver_ret_30', 'smt_exp', 'smt_poly1', 'tx_count_roc_14', 'vix', 'vwma_ratio_20_50', 'yz_vol']
13:23:39  src.cpcv.pipeline  INFO    Preprocessing: 18 features selected, train=527 + cal=132, test=288
13:23:39  src.cpcv.tuning  INFO  Tuning (2 models) — Optuna TPE + Purged K-Fold (inner: 3 folds, embargo=10 obs)
13:23:39  src.cpcv.tuning  INFO    [tuning] random_forest: 3 purged K-fold splits, 30 Optuna trials (TPE)
13:24:16  src.cpcv.tuning  INFO      random_forest: 16 completed, 14 pruned (of 30 total) — best log_loss=0.6858, params={'n_estimators': 250, 'max_depth': 2, 'min_samples_leaf': 24, 'max_features': 'log2'}
13:24:16  src.cpcv.tuning  INFO    [tuning] random_forest done in 37.8s — best log_loss=0.6858
13:24:16  src.cpcv.tuning  INFO    [tuning] xgboost: 3 purged K-fold splits, 30 Optuna trials (TPE)
13:24:20  src.cpcv.tuning  INFO      xgboost: 18 completed, 12 pruned (of 30 total) — best log_loss=0.6829, params={'max_depth': 1, 'learning_rate': 0.17834788873410443, 'min_child_weight': 10, 'subsample': 0.838831819003057, 'colsample_bytree': 0.6528673108628101, 'gamma': 3.592051636044651e-07, 'reg_alpha': 2.33712215148731e-06, 'reg_lambda': 9.222647290440284}
13:24:20  src.cpcv.tuning  INFO    [tuning] xgboost done in 4.0s — best log_loss=0.6829
13:24:20  src.cpcv.tuning  INFO  Tuning total: 41.8s
13:24:20  src.cpcv.pipeline  INFO      applied random_forest: {'n_estimators': 250, 'max_depth': 2, 'min_samples_leaf': 24, 'max_features': 'log2'}
13:24:20  src.cpcv.pipeline  INFO      applied xgboost: {'max_depth': 1, 'learning_rate': 0.17834788873410443, 'min_child_weight': 10, 'subsample': 0.838831819003057, 'colsample_bytree': 0.6528673108628101, 'gamma': 3.592051636044651e-07, 'reg_alpha': 2.33712215148731e-06, 'reg_lambda': 9.222647290440284}
13:24:21  src.cpcv.models.tree_models  INFO  RandomForest fitted: 527 samples, 18 features, 250 trees.
13:24:21  src.cpcv.pipeline  INFO    [151/168]        random_forest (seed=0) F1=0.532  AUC=0.550  LL=0.6946 (0.9s)
13:24:22  src.cpcv.models.tree_models  INFO  RandomForest fitted: 527 samples, 18 features, 250 trees.
13:24:22  src.cpcv.pipeline  INFO    [152/168]        random_forest (seed=1) F1=0.525  AUC=0.552  LL=0.6913 (0.8s)
13:24:23  src.cpcv.models.tree_models  INFO  RandomForest fitted: 527 samples, 18 features, 250 trees.
13:24:23  src.cpcv.pipeline  INFO    [153/168]        random_forest (seed=2) F1=0.523  AUC=0.556  LL=0.6899 (0.8s)
13:24:23  src.cpcv.models.tree_models  INFO  XGBoost fitted: 527 samples, early stopped at iteration 26/300.
13:24:23  src.cpcv.pipeline  INFO    [154/168]              xgboost (seed=0) F1=0.575  AUC=0.581  LL=0.6889 (0.1s)
13:24:23  src.cpcv.models.tree_models  INFO  XGBoost fitted: 527 samples, early stopped at iteration 22/300.
13:24:23  src.cpcv.pipeline  INFO    [155/168]              xgboost (seed=1) F1=0.522  AUC=0.558  LL=0.6913 (0.1s)
13:24:23  src.cpcv.models.tree_models  INFO  XGBoost fitted: 527 samples, early stopped at iteration 13/300.
13:24:23  src.cpcv.pipeline  INFO    [156/168]              xgboost (seed=2) F1=0.464  AUC=0.540  LL=0.7010 (0.1s)
13:24:23  src.cpcv.preprocessing  INFO  Computing MDA (Random Forest)...
13:24:42  src.cpcv.preprocessing  INFO  Computing MDA (Logistic Regression)...
13:24:43  src.cpcv.preprocessing  INFO  Multi-model MDA: 32/62 passed (MDA > 0), 30 eliminated
13:24:43  src.cpcv.preprocessing  INFO    Capped at 18 features (top_k_frac=0.3)
13:24:43  src.cpcv.preprocessing  INFO    Selected (18): ['atr', 'bb_width', 'eth_btc_ratio', 'exchange_supply_pct', 'hashrate_roc_30', 'log_returns_lag1', 'log_returns_lag14', 'log_returns_lag3', 'lz_complexity', 'mfi_14', 'natgas_ret_30', 'skewness', 'us10y', 'us2y', 'vix', 'yield_curve_10y30y', 'yield_curve_2y10y', 'yz_vol']
13:24:43  src.cpcv.pipeline  INFO    Preprocessing: 18 features selected, train=519 + cal=130, test=295
13:24:43  src.cpcv.tuning  INFO  Tuning (2 models) — Optuna TPE + Purged K-Fold (inner: 3 folds, embargo=10 obs)
13:24:43  src.cpcv.tuning  INFO    [tuning] random_forest: 3 purged K-fold splits, 30 Optuna trials (TPE)
13:25:19  src.cpcv.tuning  INFO      random_forest: 15 completed, 15 pruned (of 30 total) — best log_loss=0.6907, params={'n_estimators': 200, 'max_depth': 2, 'min_samples_leaf': 24, 'max_features': 'log2'}
13:25:19  src.cpcv.tuning  INFO    [tuning] random_forest done in 36.2s — best log_loss=0.6907
13:25:19  src.cpcv.tuning  INFO    [tuning] xgboost: 3 purged K-fold splits, 30 Optuna trials (TPE)
13:25:23  src.cpcv.tuning  INFO      xgboost: 14 completed, 16 pruned (of 30 total) — best log_loss=0.6784, params={'max_depth': 2, 'learning_rate': 0.11569234059786476, 'min_child_weight': 5, 'subsample': 0.7760975920640389, 'colsample_bytree': 0.8163366616422776, 'gamma': 0.0003715637994997209, 'reg_alpha': 5.970826690614986e-05, 'reg_lambda': 0.002113061911376968}
13:25:23  src.cpcv.tuning  INFO    [tuning] xgboost done in 4.3s — best log_loss=0.6784
13:25:23  src.cpcv.tuning  INFO  Tuning total: 40.5s
13:25:23  src.cpcv.pipeline  INFO      applied random_forest: {'n_estimators': 200, 'max_depth': 2, 'min_samples_leaf': 24, 'max_features': 'log2'}
13:25:23  src.cpcv.pipeline  INFO      applied xgboost: {'max_depth': 2, 'learning_rate': 0.11569234059786476, 'min_child_weight': 5, 'subsample': 0.7760975920640389, 'colsample_bytree': 0.8163366616422776, 'gamma': 0.0003715637994997209, 'reg_alpha': 5.970826690614986e-05, 'reg_lambda': 0.002113061911376968}
13:25:24  src.cpcv.models.tree_models  INFO  RandomForest fitted: 519 samples, 18 features, 200 trees.
13:25:24  src.cpcv.pipeline  INFO    [157/168]        random_forest (seed=0) F1=0.473  AUC=0.567  LL=0.6924 (0.6s)
13:25:24  src.cpcv.models.tree_models  INFO  RandomForest fitted: 519 samples, 18 features, 200 trees.
13:25:25  src.cpcv.pipeline  INFO    [158/168]        random_forest (seed=1) F1=0.475  AUC=0.574  LL=0.6855 (0.6s)
13:25:25  src.cpcv.models.tree_models  INFO  RandomForest fitted: 519 samples, 18 features, 200 trees.
13:25:25  src.cpcv.pipeline  INFO    [159/168]        random_forest (seed=2) F1=0.482  AUC=0.590  LL=0.6928 (0.6s)
13:25:25  src.cpcv.models.tree_models  INFO  XGBoost fitted: 519 samples, early stopped at iteration 4/300.
13:25:25  src.cpcv.pipeline  INFO    [160/168]              xgboost (seed=0) F1=0.556  AUC=0.585  LL=0.7953 (0.1s)
13:25:25  src.cpcv.models.tree_models  INFO  XGBoost fitted: 519 samples, early stopped at iteration 4/300.
13:25:25  src.cpcv.pipeline  INFO    [161/168]              xgboost (seed=1) F1=0.548  AUC=0.546  LL=0.6883 (0.0s)
13:25:25  src.cpcv.models.tree_models  INFO  XGBoost fitted: 519 samples, early stopped at iteration 5/300.
13:25:25  src.cpcv.pipeline  INFO    [162/168]              xgboost (seed=2) F1=0.539  AUC=0.574  LL=0.6816 (0.0s)
13:25:26  src.cpcv.preprocessing  INFO  Computing MDA (Random Forest)...
13:25:44  src.cpcv.preprocessing  INFO  Computing MDA (Logistic Regression)...
13:25:45  src.cpcv.preprocessing  INFO  Multi-model MDA: 13/62 passed (MDA > 0), 49 eliminated
13:25:45  src.cpcv.preprocessing  INFO    Selected (13): ['chaikin_osc', 'eth_btc_ratio', 'exchange_supply_pct', 'gk_vol', 'kurtosis', 'log_returns', 'nasdaq_ret_30', 'realized_vol', 'roc_14', 'smt_exp', 'smt_poly1', 'sp500_ret_30', 'us10y']
13:25:45  src.cpcv.pipeline  INFO    Preprocessing: 13 features selected, train=531 + cal=133, test=295
13:25:45  src.cpcv.tuning  INFO  Tuning (2 models) — Optuna TPE + Purged K-Fold (inner: 3 folds, embargo=10 obs)
13:25:45  src.cpcv.tuning  INFO    [tuning] random_forest: 3 purged K-fold splits, 30 Optuna trials (TPE)
13:26:22  src.cpcv.tuning  INFO      random_forest: 30 completed, 0 pruned (of 30 total) — best log_loss=0.6776, params={'n_estimators': 150, 'max_depth': 3, 'min_samples_leaf': 26, 'max_features': 'log2'}
13:26:22  src.cpcv.tuning  INFO    [tuning] random_forest done in 37.0s — best log_loss=0.6776
13:26:22  src.cpcv.tuning  INFO    [tuning] xgboost: 3 purged K-fold splits, 30 Optuna trials (TPE)
13:26:26  src.cpcv.tuning  INFO      xgboost: 21 completed, 9 pruned (of 30 total) — best log_loss=0.6665, params={'max_depth': 2, 'learning_rate': 0.19598681885818753, 'min_child_weight': 12, 'subsample': 0.6793845708468756, 'colsample_bytree': 0.8635159097607085, 'gamma': 0.00043576477816748493, 'reg_alpha': 1.3438697052016084, 'reg_lambda': 4.779634747758857e-06}
13:26:26  src.cpcv.tuning  INFO    [tuning] xgboost done in 4.4s — best log_loss=0.6665
13:26:26  src.cpcv.tuning  INFO  Tuning total: 41.4s
13:26:26  src.cpcv.pipeline  INFO      applied random_forest: {'n_estimators': 150, 'max_depth': 3, 'min_samples_leaf': 26, 'max_features': 'log2'}
13:26:26  src.cpcv.pipeline  INFO      applied xgboost: {'max_depth': 2, 'learning_rate': 0.19598681885818753, 'min_child_weight': 12, 'subsample': 0.6793845708468756, 'colsample_bytree': 0.8635159097607085, 'gamma': 0.00043576477816748493, 'reg_alpha': 1.3438697052016084, 'reg_lambda': 4.779634747758857e-06}
13:26:27  src.cpcv.models.tree_models  INFO  RandomForest fitted: 531 samples, 13 features, 150 trees.
13:26:27  src.cpcv.pipeline  INFO    [163/168]        random_forest (seed=0) F1=0.445  AUC=0.478  LL=0.7389 (0.5s)
13:26:27  src.cpcv.models.tree_models  INFO  RandomForest fitted: 531 samples, 13 features, 150 trees.
13:26:27  src.cpcv.pipeline  INFO    [164/168]        random_forest (seed=1) F1=0.497  AUC=0.489  LL=0.7409 (0.4s)
13:26:28  src.cpcv.models.tree_models  INFO  RandomForest fitted: 531 samples, 13 features, 150 trees.
13:26:28  src.cpcv.pipeline  INFO    [165/168]        random_forest (seed=2) F1=0.491  AUC=0.482  LL=0.7514 (0.4s)
13:26:28  src.cpcv.models.tree_models  INFO  XGBoost fitted: 531 samples, early stopped at iteration 22/300.
13:26:28  src.cpcv.pipeline  INFO    [166/168]              xgboost (seed=0) F1=0.460  AUC=0.461  LL=0.7506 (0.1s)
13:26:28  src.cpcv.models.tree_models  INFO  XGBoost fitted: 531 samples, early stopped at iteration 19/300.
13:26:28  src.cpcv.pipeline  INFO    [167/168]              xgboost (seed=1) F1=0.455  AUC=0.481  LL=0.7544 (0.1s)
13:26:28  src.cpcv.models.tree_models  INFO  XGBoost fitted: 531 samples, early stopped at iteration 19/300.
13:26:28  src.cpcv.pipeline  INFO    [168/168]              xgboost (seed=2) F1=0.461  AUC=0.450  LL=0.7973 (0.1s)
13:26:28  src.cpcv.pipeline  INFO  ============================================================
13:26:28  src.cpcv.pipeline  INFO  CPCV Pipeline Complete
13:26:28  src.cpcv.pipeline  INFO  ============================================================
13:26:28  src.cpcv.pipeline  INFO    Total time:     1958.7s (32.6m)
13:26:28  src.cpcv.pipeline  INFO    Tasks:          168 succeeded, 0 failed
13:26:28  src.cpcv.pipeline  INFO    Results keys:   168 (model, split, seed) entries
13:26:28  src.cpcv.pipeline  INFO    Backtest paths: 7
13:26:28  src.cpcv.pipeline  INFO    Tuning:         nested (per-split), 28 splits tuned, models=['random_forest', 'xgboost']
13:26:28  src.cpcv.pipeline  INFO  ============================================================
13:26:28  src.cpcv.pipeline  INFO  ============================================================
13:26:28  src.cpcv.pipeline  INFO  CPCV Pipeline
13:26:28  src.cpcv.pipeline  INFO  ============================================================
13:26:28  src.cpcv.pipeline  INFO    Models:         ['lstm']
13:26:28  src.cpcv.pipeline  INFO    Seeds/fold:     3
13:26:28  src.cpcv.pipeline  INFO    Groups (N):     8
13:26:28  src.cpcv.pipeline  INFO    Test groups (k):2
13:26:28  src.cpcv.pipeline  INFO    Embargo:        1.0%
13:26:28  src.cpcv.pipeline  INFO    FFD columns:    ['atr']
13:26:28  src.cpcv.pipeline  INFO    Samples:        1159
13:26:28  src.cpcv.pipeline  INFO    Features:       62
13:26:28  src.cpcv.pipeline  INFO    Splits:         28, Paths: 7
13:26:28  src.cpcv.pipeline  INFO    Tuning:         NESTED (per-split) — ['lstm'] [30 trials]
13:26:28  src.cpcv.pipeline  INFO  ============================================================
13:26:29  src.cpcv.preprocessing  INFO  Computing MDA (Random Forest)...
13:26:50  src.cpcv.preprocessing  INFO  Computing MDA (Logistic Regression)...
13:26:51  src.cpcv.preprocessing  INFO  Multi-model MDA: 16/62 passed (MDA > 0), 46 eliminated
13:26:51  src.cpcv.preprocessing  INFO    Selected (16): ['chaikin_osc', 'dxy_roc_30', 'exchange_supply_pct', 'gk_vol', 'jarque_bera', 'log_returns', 'log_returns_lag1', 'log_returns_lag7', 'roc_14', 'silver_ret_30', 'stoch_d', 'us10y', 'us2y', 'variance_ratio', 'vol_term_7_30', 'yield_curve_10y30y']
13:26:51  src.cpcv.pipeline  INFO    Preprocessing: 16 features selected, train=688 + cal=172, test=89
13:26:51  src.cpcv.tuning  INFO  Tuning (1 model) — Optuna TPE + Purged K-Fold (inner: 3 folds, embargo=10 obs)
13:26:51  src.cpcv.tuning  INFO    [tuning] lstm: 3 purged K-fold splits, 30 Optuna trials (TPE)
13:28:04  src.cpcv.tuning  INFO      lstm: 19 completed, 11 pruned (of 30 total) — best log_loss=0.6920, params={'hidden_size': 32, 'num_layers': 2, 'dropout': 0.010292247147901223, 'learning_rate': 0.04147225000481637}
13:28:04  src.cpcv.tuning  INFO    [tuning] lstm done in 73.4s — best log_loss=0.6920
13:28:04  src.cpcv.tuning  INFO  Tuning total: 73.4s
13:28:04  src.cpcv.pipeline  INFO      applied lstm: {'hidden_size': 32, 'num_layers': 2, 'dropout': 0.010292247147901223, 'learning_rate': 0.04147225000481637}
13:28:06  src.cpcv.pipeline  INFO    [  1/84]                 lstm (seed=0) F1=0.387  AUC=0.542  LL=0.6603 (1.6s)
13:28:08  src.cpcv.pipeline  INFO    [  2/84]                 lstm (seed=1) F1=0.412  AUC=0.560  LL=0.6576 (1.9s)
13:28:09  src.cpcv.pipeline  INFO    [  3/84]                 lstm (seed=2) F1=0.387  AUC=0.576  LL=0.6534 (1.7s)
13:28:10  src.cpcv.preprocessing  INFO  Computing MDA (Random Forest)...
13:28:32  src.cpcv.preprocessing  INFO  Computing MDA (Logistic Regression)...
13:28:33  src.cpcv.preprocessing  INFO  Multi-model MDA: 49/62 passed (MDA > 0), 13 eliminated
13:28:33  src.cpcv.preprocessing  INFO    Capped at 18 features (top_k_frac=0.3)
13:28:33  src.cpcv.preprocessing  INFO    Selected (18): ['atr', 'bb_width', 'dxy_roc_30', 'ema_ratio_50_200', 'issuance_ntv', 'log_returns', 'macd_hist', 'nasdaq_ret_30', 'oil_ret_30', 'realized_vol', 'shannon_entropy', 'skewness', 'smt_exp', 'smt_poly1', 'stoch_d', 'tx_count_roc_14', 'us2y', 'yield_curve_2y10y']
13:28:33  src.cpcv.pipeline  INFO    Preprocessing: 18 features selected, train=643 + cal=161, test=144
13:28:33  src.cpcv.tuning  INFO  Tuning (1 model) — Optuna TPE + Purged K-Fold (inner: 3 folds, embargo=10 obs)
13:28:33  src.cpcv.tuning  INFO    [tuning] lstm: 3 purged K-fold splits, 30 Optuna trials (TPE)
13:29:49  src.cpcv.tuning  INFO      lstm: 17 completed, 13 pruned (of 30 total) — best log_loss=0.6838, params={'hidden_size': 48, 'num_layers': 2, 'dropout': 0.1912254768888177, 'learning_rate': 0.017146401275018538}
13:29:49  src.cpcv.tuning  INFO    [tuning] lstm done in 75.7s — best log_loss=0.6838
13:29:49  src.cpcv.tuning  INFO  Tuning total: 75.7s
13:29:49  src.cpcv.pipeline  INFO      applied lstm: {'hidden_size': 48, 'num_layers': 2, 'dropout': 0.1912254768888177, 'learning_rate': 0.017146401275018538}
13:29:51  src.cpcv.pipeline  INFO    [  4/84]                 lstm (seed=0) F1=0.318  AUC=0.560  LL=0.7915 (2.5s)
13:29:53  src.cpcv.pipeline  INFO    [  5/84]                 lstm (seed=1) F1=0.321  AUC=0.461  LL=0.7076 (1.7s)
13:29:55  src.cpcv.pipeline  INFO    [  6/84]                 lstm (seed=2) F1=0.321  AUC=0.490  LL=0.7077 (2.1s)
13:29:55  src.cpcv.preprocessing  INFO  Computing MDA (Random Forest)...
13:30:18  src.cpcv.preprocessing  INFO  Computing MDA (Logistic Regression)...
13:30:19  src.cpcv.preprocessing  WARNING  [split 3/28] Only 3 features with MDA > 0. Taking top 5 by MDA value.
13:30:19  src.cpcv.preprocessing  INFO  Multi-model MDA: 3/62 passed (MDA > 0), 59 eliminated
13:30:19  src.cpcv.preprocessing  INFO    Selected (5): ['jarque_bera', 'log_returns_lag1', 'oil_ret_30', 'roc_14', 'stoch_d']
13:30:19  src.cpcv.pipeline  INFO    Preprocessing: 5 features selected, train=644 + cal=161, test=144
13:30:19  src.cpcv.tuning  INFO  Tuning (1 model) — Optuna TPE + Purged K-Fold (inner: 3 folds, embargo=10 obs)
13:30:19  src.cpcv.tuning  INFO    [tuning] lstm: 3 purged K-fold splits, 30 Optuna trials (TPE)
13:31:43  src.cpcv.tuning  INFO      lstm: 24 completed, 6 pruned (of 30 total) — best log_loss=0.6893, params={'hidden_size': 48, 'num_layers': 2, 'dropout': 0.05066515165687713, 'learning_rate': 0.010639445967372234}
13:31:43  src.cpcv.tuning  INFO    [tuning] lstm done in 84.7s — best log_loss=0.6893
13:31:43  src.cpcv.tuning  INFO  Tuning total: 84.7s
13:31:43  src.cpcv.pipeline  INFO      applied lstm: {'hidden_size': 48, 'num_layers': 2, 'dropout': 0.05066515165687713, 'learning_rate': 0.010639445967372234}
13:31:46  src.cpcv.pipeline  INFO    [  7/84]                 lstm (seed=0) F1=0.358  AUC=0.660  LL=0.6696 (2.4s)
13:31:47  src.cpcv.pipeline  INFO    [  8/84]                 lstm (seed=1) F1=0.358  AUC=0.530  LL=0.6857 (1.6s)
13:31:49  src.cpcv.pipeline  INFO    [  9/84]                 lstm (seed=2) F1=0.358  AUC=0.489  LL=0.6867 (1.8s)
13:31:49  src.cpcv.preprocessing  INFO  Computing MDA (Random Forest)...
13:32:11  src.cpcv.preprocessing  INFO  Computing MDA (Logistic Regression)...
13:32:12  src.cpcv.preprocessing  INFO  Multi-model MDA: 36/62 passed (MDA > 0), 26 eliminated
13:32:12  src.cpcv.preprocessing  INFO    Capped at 18 features (top_k_frac=0.3)
13:32:12  src.cpcv.preprocessing  INFO    Selected (18): ['active_addr_roc_14', 'atr', 'bb_width', 'dxy_roc_30', 'jarque_bera', 'log_returns_lag2', 'log_returns_lag30', 'macd_hist', 'mvrv', 'net_exchange_flow', 'obv', 'oil_ret_30', 'sadf', 'smt_exp', 'sp500_ret_30', 'stoch_d', 'vix', 'yield_curve_10y30y']
13:32:12  src.cpcv.pipeline  INFO    Preprocessing: 18 features selected, train=644 + cal=161, test=144
13:32:12  src.cpcv.tuning  INFO  Tuning (1 model) — Optuna TPE + Purged K-Fold (inner: 3 folds, embargo=10 obs)
13:32:12  src.cpcv.tuning  INFO    [tuning] lstm: 3 purged K-fold splits, 30 Optuna trials (TPE)
13:33:16  src.cpcv.tuning  INFO      lstm: 10 completed, 20 pruned (of 30 total) — best log_loss=0.6812, params={'hidden_size': 48, 'num_layers': 2, 'dropout': 0.0037736596581466053, 'learning_rate': 0.037823665679401916}
13:33:16  src.cpcv.tuning  INFO    [tuning] lstm done in 63.9s — best log_loss=0.6812
13:33:16  src.cpcv.tuning  INFO  Tuning total: 63.9s
13:33:16  src.cpcv.pipeline  INFO      applied lstm: {'hidden_size': 48, 'num_layers': 2, 'dropout': 0.0037736596581466053, 'learning_rate': 0.037823665679401916}
13:33:18  src.cpcv.pipeline  INFO    [ 10/84]                 lstm (seed=0) F1=0.421  AUC=0.485  LL=0.7182 (2.5s)
13:33:22  src.cpcv.pipeline  INFO    [ 11/84]                 lstm (seed=1) F1=0.481  AUC=0.463  LL=0.8487 (3.2s)
13:33:24  src.cpcv.pipeline  INFO    [ 12/84]                 lstm (seed=2) F1=0.376  AUC=0.499  LL=0.6754 (2.3s)
13:33:24  src.cpcv.preprocessing  INFO  Computing MDA (Random Forest)...
13:33:46  src.cpcv.preprocessing  INFO  Computing MDA (Logistic Regression)...
13:33:47  src.cpcv.preprocessing  INFO  Multi-model MDA: 45/62 passed (MDA > 0), 17 eliminated
13:33:47  src.cpcv.preprocessing  INFO    Capped at 18 features (top_k_frac=0.3)
13:33:47  src.cpcv.preprocessing  INFO    Selected (18): ['bb_width', 'eth_btc_ratio', 'exchange_supply_pct', 'jarque_bera', 'kurtosis', 'log_returns', 'log_returns_lag30', 'macd_hist', 'mfi_14', 'mvrv', 'natgas_ret_30', 'obv', 'realized_vol', 'rsi', 'sadf', 'skewness', 'yield_curve_10y30y', 'yz_vol']
13:33:47  src.cpcv.pipeline  INFO    Preprocessing: 18 features selected, train=642 + cal=161, test=144
13:33:47  src.cpcv.tuning  INFO  Tuning (1 model) — Optuna TPE + Purged K-Fold (inner: 3 folds, embargo=10 obs)
13:33:47  src.cpcv.tuning  INFO    [tuning] lstm: 3 purged K-fold splits, 30 Optuna trials (TPE)
13:34:46  src.cpcv.tuning  INFO      lstm: 7 completed, 23 pruned (of 30 total) — best log_loss=0.6846, params={'hidden_size': 32, 'num_layers': 2, 'dropout': 0.010292247147901223, 'learning_rate': 0.04147225000481637}
13:34:46  src.cpcv.tuning  INFO    [tuning] lstm done in 59.3s — best log_loss=0.6846
13:34:46  src.cpcv.tuning  INFO  Tuning total: 59.3s
13:34:46  src.cpcv.pipeline  INFO      applied lstm: {'hidden_size': 32, 'num_layers': 2, 'dropout': 0.010292247147901223, 'learning_rate': 0.04147225000481637}
13:34:48  src.cpcv.pipeline  INFO    [ 13/84]                 lstm (seed=0) F1=0.325  AUC=0.455  LL=0.7039 (1.6s)
13:34:49  src.cpcv.pipeline  INFO    [ 14/84]                 lstm (seed=1) F1=0.557  AUC=0.537  LL=0.6904 (1.6s)
13:34:52  src.cpcv.pipeline  INFO    [ 15/84]                 lstm (seed=2) F1=0.325  AUC=0.618  LL=0.6957 (2.4s)
13:34:52  src.cpcv.preprocessing  INFO  Computing MDA (Random Forest)...
13:35:14  src.cpcv.preprocessing  INFO  Computing MDA (Logistic Regression)...
13:35:15  src.cpcv.preprocessing  INFO  Multi-model MDA: 22/62 passed (MDA > 0), 40 eliminated
13:35:15  src.cpcv.preprocessing  INFO    Capped at 18 features (top_k_frac=0.3)
13:35:15  src.cpcv.preprocessing  INFO    Selected (18): ['chaikin_osc', 'dxy_roc_30', 'eth_btc_ratio', 'gold_ret_30', 'hashrate_roc_30', 'jarque_bera', 'kurtosis', 'macd', 'macd_signal', 'net_exchange_flow', 'obv', 'oil_ret_30', 'roc_14', 'shannon_entropy', 'smt_poly1', 'sp500_ret_30', 'stoch_k', 'yield_curve_10y30y']
13:35:15  src.cpcv.pipeline  INFO    Preprocessing: 18 features selected, train=643 + cal=161, test=144
13:35:15  src.cpcv.tuning  INFO  Tuning (1 model) — Optuna TPE + Purged K-Fold (inner: 3 folds, embargo=10 obs)
13:35:15  src.cpcv.tuning  INFO    [tuning] lstm: 3 purged K-fold splits, 30 Optuna trials (TPE)
13:36:24  src.cpcv.tuning  INFO      lstm: 10 completed, 20 pruned (of 30 total) — best log_loss=0.6803, params={'hidden_size': 32, 'num_layers': 2, 'dropout': 0.010292247147901223, 'learning_rate': 0.04147225000481637}
13:36:24  src.cpcv.tuning  INFO    [tuning] lstm done in 68.1s — best log_loss=0.6803
13:36:24  src.cpcv.tuning  INFO  Tuning total: 68.1s
13:36:24  src.cpcv.pipeline  INFO      applied lstm: {'hidden_size': 32, 'num_layers': 2, 'dropout': 0.010292247147901223, 'learning_rate': 0.04147225000481637}
13:36:25  src.cpcv.pipeline  INFO    [ 16/84]                 lstm (seed=0) F1=0.558  AUC=0.569  LL=0.6791 (1.6s)
13:36:27  src.cpcv.pipeline  INFO    [ 17/84]                 lstm (seed=1) F1=0.515  AUC=0.498  LL=0.6886 (1.7s)
13:36:28  src.cpcv.pipeline  INFO    [ 18/84]                 lstm (seed=2) F1=0.355  AUC=0.415  LL=0.6920 (1.5s)
13:36:29  src.cpcv.preprocessing  INFO  Computing MDA (Random Forest)...
13:36:50  src.cpcv.preprocessing  INFO  Computing MDA (Logistic Regression)...
13:36:51  src.cpcv.preprocessing  INFO  Multi-model MDA: 29/62 passed (MDA > 0), 33 eliminated
13:36:51  src.cpcv.preprocessing  INFO    Capped at 18 features (top_k_frac=0.3)
13:36:51  src.cpcv.preprocessing  INFO    Selected (18): ['active_addr_roc_14', 'atr', 'bb_width', 'copper_ret_30', 'eth_btc_ratio', 'gold_ret_30', 'hurst', 'kurtosis', 'log_returns_lag1', 'log_returns_lag14', 'macd', 'macd_signal', 'net_exchange_flow', 'sadf', 'skewness', 'vol_term_30_90', 'williams_r', 'yield_curve_10y30y']
13:36:51  src.cpcv.pipeline  INFO    Preprocessing: 18 features selected, train=644 + cal=162, test=151
13:36:51  src.cpcv.tuning  INFO  Tuning (1 model) — Optuna TPE + Purged K-Fold (inner: 3 folds, embargo=10 obs)
13:36:51  src.cpcv.tuning  INFO    [tuning] lstm: 3 purged K-fold splits, 30 Optuna trials (TPE)
13:37:57  src.cpcv.tuning  INFO      lstm: 19 completed, 11 pruned (of 30 total) — best log_loss=0.6761, params={'hidden_size': 16, 'num_layers': 2, 'dropout': 0.38920169658429127, 'learning_rate': 0.033150208510830295}
13:37:57  src.cpcv.tuning  INFO    [tuning] lstm done in 66.2s — best log_loss=0.6761
13:37:57  src.cpcv.tuning  INFO  Tuning total: 66.2s
13:37:57  src.cpcv.pipeline  INFO      applied lstm: {'hidden_size': 16, 'num_layers': 2, 'dropout': 0.38920169658429127, 'learning_rate': 0.033150208510830295}
13:37:58  src.cpcv.pipeline  INFO    [ 19/84]                 lstm (seed=0) F1=0.355  AUC=0.552  LL=0.6880 (1.2s)
13:38:00  src.cpcv.pipeline  INFO    [ 20/84]                 lstm (seed=1) F1=0.355  AUC=0.467  LL=0.7423 (1.6s)
13:38:01  src.cpcv.pipeline  INFO    [ 21/84]                 lstm (seed=2) F1=0.355  AUC=0.498  LL=0.6883 (1.5s)
13:38:02  src.cpcv.preprocessing  INFO  Computing MDA (Random Forest)...
13:38:21  src.cpcv.preprocessing  INFO  Computing MDA (Logistic Regression)...
13:38:22  src.cpcv.preprocessing  INFO  Multi-model MDA: 27/62 passed (MDA > 0), 35 eliminated
13:38:22  src.cpcv.preprocessing  INFO    Capped at 18 features (top_k_frac=0.3)
13:38:22  src.cpcv.preprocessing  INFO    Selected (18): ['cci_14', 'chaikin_osc', 'dxy_roc_30', 'eth_btc_ratio', 'gk_vol', 'gold_ret_30', 'hashrate_roc_30', 'hurst', 'jarque_bera', 'log_returns_lag1', 'log_returns_lag14', 'lz_complexity', 'roc_14', 'sadf', 'stoch_k', 'williams_r', 'yield_curve_2y10y', 'yz_vol']
13:38:22  src.cpcv.pipeline  INFO    Preprocessing: 18 features selected, train=572 + cal=144, test=233
13:38:22  src.cpcv.tuning  INFO  Tuning (1 model) — Optuna TPE + Purged K-Fold (inner: 3 folds, embargo=10 obs)
13:38:22  src.cpcv.tuning  INFO    [tuning] lstm: 3 purged K-fold splits, 30 Optuna trials (TPE)
13:39:26  src.cpcv.tuning  INFO      lstm: 17 completed, 13 pruned (of 30 total) — best log_loss=0.6811, params={'hidden_size': 48, 'num_layers': 2, 'dropout': 0.23635700332897427, 'learning_rate': 0.008527693329626803}
13:39:26  src.cpcv.tuning  INFO    [tuning] lstm done in 64.3s — best log_loss=0.6811
13:39:26  src.cpcv.tuning  INFO  Tuning total: 64.3s
13:39:26  src.cpcv.pipeline  INFO      applied lstm: {'hidden_size': 48, 'num_layers': 2, 'dropout': 0.23635700332897427, 'learning_rate': 0.008527693329626803}
13:39:28  src.cpcv.pipeline  INFO    [ 22/84]                 lstm (seed=0) F1=0.474  AUC=0.492  LL=0.7439 (1.9s)
13:39:30  src.cpcv.pipeline  INFO    [ 23/84]                 lstm (seed=1) F1=0.443  AUC=0.474  LL=0.7351 (1.8s)
13:39:31  src.cpcv.pipeline  INFO    [ 24/84]                 lstm (seed=2) F1=0.493  AUC=0.502  LL=0.7242 (1.8s)
13:39:32  src.cpcv.preprocessing  INFO  Computing MDA (Random Forest)...
13:39:51  src.cpcv.preprocessing  INFO  Computing MDA (Logistic Regression)...
13:39:52  src.cpcv.preprocessing  INFO  Multi-model MDA: 53/62 passed (MDA > 0), 9 eliminated
13:39:52  src.cpcv.preprocessing  INFO    Capped at 18 features (top_k_frac=0.3)
13:39:52  src.cpcv.preprocessing  INFO    Selected (18): ['copper_ret_30', 'eth_btc_ratio', 'gk_vol', 'log_returns_lag3', 'macd', 'macd_hist', 'mvrv', 'net_exchange_flow', 'realized_vol', 'sadf', 'silver_ret_30', 'skewness', 'smt_exp', 'stoch_k', 'variance_ratio', 'vix', 'vol_term_30_90', 'vol_term_7_30']
13:39:52  src.cpcv.pipeline  INFO    Preprocessing: 18 features selected, train=564 + cal=141, test=233
13:39:52  src.cpcv.tuning  INFO  Tuning (1 model) — Optuna TPE + Purged K-Fold (inner: 3 folds, embargo=10 obs)
13:39:52  src.cpcv.tuning  INFO    [tuning] lstm: 3 purged K-fold splits, 30 Optuna trials (TPE)
13:40:40  src.cpcv.tuning  INFO      lstm: 15 completed, 15 pruned (of 30 total) — best log_loss=0.6770, params={'hidden_size': 16, 'num_layers': 1, 'dropout': 0.16924172273409444, 'learning_rate': 0.006147186944684807}
13:40:40  src.cpcv.tuning  INFO    [tuning] lstm done in 48.3s — best log_loss=0.6770
13:40:40  src.cpcv.tuning  INFO  Tuning total: 48.3s
13:40:40  src.cpcv.pipeline  INFO      applied lstm: {'hidden_size': 16, 'num_layers': 1, 'dropout': 0.16924172273409444, 'learning_rate': 0.006147186944684807}
13:40:41  src.cpcv.pipeline  INFO    [ 25/84]                 lstm (seed=0) F1=0.459  AUC=0.466  LL=0.7666 (0.8s)
13:40:42  src.cpcv.pipeline  INFO    [ 26/84]                 lstm (seed=1) F1=0.430  AUC=0.501  LL=0.8028 (0.8s)
13:40:43  src.cpcv.pipeline  INFO    [ 27/84]                 lstm (seed=2) F1=0.547  AUC=0.526  LL=0.7488 (0.8s)
13:40:43  src.cpcv.preprocessing  INFO  Computing MDA (Random Forest)...
13:41:03  src.cpcv.preprocessing  INFO  Computing MDA (Logistic Regression)...
13:41:04  src.cpcv.preprocessing  INFO  Multi-model MDA: 38/62 passed (MDA > 0), 24 eliminated
13:41:04  src.cpcv.preprocessing  INFO    Capped at 18 features (top_k_frac=0.3)
13:41:04  src.cpcv.preprocessing  INFO    Selected (18): ['bb_width', 'cci_14', 'ema_ratio_50_200', 'exchange_supply_pct', 'gk_vol', 'jarque_bera', 'log_returns', 'log_returns_lag1', 'mvrv', 'natgas_ret_30', 'roc_14', 'sadf', 'silver_ret_30', 'smt_poly1', 'sp500_ret_30', 'stoch_k', 'tx_count_roc_14', 'williams_r']
13:41:04  src.cpcv.pipeline  INFO    Preprocessing: 18 features selected, train=564 + cal=141, test=233
13:41:04  src.cpcv.tuning  INFO  Tuning (1 model) — Optuna TPE + Purged K-Fold (inner: 3 folds, embargo=10 obs)
13:41:04  src.cpcv.tuning  INFO    [tuning] lstm: 3 purged K-fold splits, 30 Optuna trials (TPE)
13:41:57  src.cpcv.tuning  INFO      lstm: 12 completed, 18 pruned (of 30 total) — best log_loss=0.6837, params={'hidden_size': 48, 'num_layers': 2, 'dropout': 0.28978302473303236, 'learning_rate': 0.00014121985970104775}
13:41:57  src.cpcv.tuning  INFO    [tuning] lstm done in 53.2s — best log_loss=0.6837
13:41:57  src.cpcv.tuning  INFO  Tuning total: 53.2s
13:41:57  src.cpcv.pipeline  INFO      applied lstm: {'hidden_size': 48, 'num_layers': 2, 'dropout': 0.28978302473303236, 'learning_rate': 0.00014121985970104775}
13:41:59  src.cpcv.pipeline  INFO    [ 28/84]                 lstm (seed=0) F1=0.489  AUC=0.509  LL=0.7134 (2.0s)
13:42:03  src.cpcv.pipeline  INFO    [ 29/84]                 lstm (seed=1) F1=0.428  AUC=0.500  LL=0.6836 (4.1s)
13:42:09  src.cpcv.pipeline  INFO    [ 30/84]                 lstm (seed=2) F1=0.468  AUC=0.511  LL=0.7235 (5.5s)
13:42:09  src.cpcv.preprocessing  INFO  Computing MDA (Random Forest)...
13:42:29  src.cpcv.preprocessing  INFO  Computing MDA (Logistic Regression)...
13:42:30  src.cpcv.preprocessing  INFO  Multi-model MDA: 31/62 passed (MDA > 0), 31 eliminated
13:42:30  src.cpcv.preprocessing  INFO    Capped at 18 features (top_k_frac=0.3)
13:42:30  src.cpcv.preprocessing  INFO    Selected (18): ['active_addr_roc_14', 'dxy_roc_30', 'eth_btc_ratio', 'exchange_supply_pct', 'kurtosis', 'log_returns_lag1', 'log_returns_lag3', 'mfi_14', 'natgas_ret_30', 'obv', 'roc_14', 'rsi', 'sadf', 'stoch_k', 'variance_ratio', 'vix', 'vol_term_30_90', 'yield_curve_2y10y']
13:42:30  src.cpcv.pipeline  INFO    Preprocessing: 18 features selected, train=562 + cal=141, test=233
13:42:30  src.cpcv.tuning  INFO  Tuning (1 model) — Optuna TPE + Purged K-Fold (inner: 3 folds, embargo=10 obs)
13:42:30  src.cpcv.tuning  INFO    [tuning] lstm: 3 purged K-fold splits, 30 Optuna trials (TPE)
13:43:15  src.cpcv.tuning  INFO      lstm: 11 completed, 19 pruned (of 30 total) — best log_loss=0.6831, params={'hidden_size': 16, 'num_layers': 2, 'dropout': 0.45380115569923, 'learning_rate': 0.006976135742708322}
13:43:15  src.cpcv.tuning  INFO    [tuning] lstm done in 45.6s — best log_loss=0.6831
13:43:15  src.cpcv.tuning  INFO  Tuning total: 45.6s
13:43:15  src.cpcv.pipeline  INFO      applied lstm: {'hidden_size': 16, 'num_layers': 2, 'dropout': 0.45380115569923, 'learning_rate': 0.006976135742708322}
13:43:16  src.cpcv.pipeline  INFO    [ 31/84]                 lstm (seed=0) F1=0.419  AUC=0.464  LL=1.1364 (1.3s)
13:43:18  src.cpcv.pipeline  INFO    [ 32/84]                 lstm (seed=1) F1=0.485  AUC=0.495  LL=0.7596 (1.4s)
13:43:19  src.cpcv.pipeline  INFO    [ 33/84]                 lstm (seed=2) F1=0.471  AUC=0.502  LL=0.7253 (1.2s)
13:43:19  src.cpcv.preprocessing  INFO  Computing MDA (Random Forest)...
13:43:39  src.cpcv.preprocessing  INFO  Computing MDA (Logistic Regression)...
13:43:39  src.cpcv.preprocessing  INFO  Multi-model MDA: 34/62 passed (MDA > 0), 28 eliminated
13:43:39  src.cpcv.preprocessing  INFO    Capped at 18 features (top_k_frac=0.3)
13:43:39  src.cpcv.preprocessing  INFO    Selected (18): ['active_addr_roc_14', 'bb_width', 'chaikin_osc', 'ema_ratio_50_200', 'issuance_ntv', 'kurtosis', 'log_returns_lag7', 'mfi_14', 'nasdaq_ret_30', 'negentropy', 'shannon_entropy', 'silver_ret_30', 'skewness', 'sp500_ret_30', 'us10y', 'vix', 'vol_term_7_30', 'yield_curve_2y10y']
13:43:39  src.cpcv.pipeline  INFO    Preprocessing: 18 features selected, train=563 + cal=141, test=233
13:43:39  src.cpcv.tuning  INFO  Tuning (1 model) — Optuna TPE + Purged K-Fold (inner: 3 folds, embargo=10 obs)
13:43:39  src.cpcv.tuning  INFO    [tuning] lstm: 3 purged K-fold splits, 30 Optuna trials (TPE)
13:44:33  src.cpcv.tuning  INFO      lstm: 6 completed, 24 pruned (of 30 total) — best log_loss=0.6838, params={'hidden_size': 32, 'num_layers': 2, 'dropout': 0.396942987140575, 'learning_rate': 0.04181034986942176}
13:44:33  src.cpcv.tuning  INFO    [tuning] lstm done in 53.9s — best log_loss=0.6838
13:44:33  src.cpcv.tuning  INFO  Tuning total: 53.9s
13:44:33  src.cpcv.pipeline  INFO      applied lstm: {'hidden_size': 32, 'num_layers': 2, 'dropout': 0.396942987140575, 'learning_rate': 0.04181034986942176}
13:44:35  src.cpcv.pipeline  INFO    [ 34/84]                 lstm (seed=0) F1=0.368  AUC=0.512  LL=0.6827 (1.6s)
13:44:38  src.cpcv.pipeline  INFO    [ 35/84]                 lstm (seed=1) F1=0.368  AUC=0.530  LL=0.6831 (3.3s)
13:44:40  src.cpcv.pipeline  INFO    [ 36/84]                 lstm (seed=2) F1=0.368  AUC=0.531  LL=0.6827 (1.8s)
13:44:40  src.cpcv.preprocessing  INFO  Computing MDA (Random Forest)...
13:45:00  src.cpcv.preprocessing  INFO  Computing MDA (Logistic Regression)...
13:45:01  src.cpcv.preprocessing  INFO  Multi-model MDA: 25/62 passed (MDA > 0), 37 eliminated
13:45:01  src.cpcv.preprocessing  INFO    Capped at 18 features (top_k_frac=0.3)
13:45:01  src.cpcv.preprocessing  INFO    Selected (18): ['bb_width', 'eth_btc_ratio', 'jarque_bera', 'kurtosis', 'log_returns', 'log_returns_lag2', 'lz_complexity', 'macd_hist', 'macd_signal', 'rsi', 'sadf', 'skewness', 'tx_count_roc_14', 'us10y', 'us2y', 'vix', 'yield_curve_10y30y', 'yield_curve_2y10y']
13:45:01  src.cpcv.pipeline  INFO    Preprocessing: 18 features selected, train=564 + cal=142, test=240
13:45:01  src.cpcv.tuning  INFO  Tuning (1 model) — Optuna TPE + Purged K-Fold (inner: 3 folds, embargo=10 obs)
13:45:01  src.cpcv.tuning  INFO    [tuning] lstm: 3 purged K-fold splits, 30 Optuna trials (TPE)
13:45:48  src.cpcv.tuning  INFO      lstm: 6 completed, 24 pruned (of 30 total) — best log_loss=0.6852, params={'hidden_size': 32, 'num_layers': 2, 'dropout': 0.38426269654748396, 'learning_rate': 0.004746153483374114}
13:45:48  src.cpcv.tuning  INFO    [tuning] lstm done in 47.0s — best log_loss=0.6852
13:45:48  src.cpcv.tuning  INFO  Tuning total: 47.0s
13:45:48  src.cpcv.pipeline  INFO      applied lstm: {'hidden_size': 32, 'num_layers': 2, 'dropout': 0.38426269654748396, 'learning_rate': 0.004746153483374114}
13:45:50  src.cpcv.pipeline  INFO    [ 37/84]                 lstm (seed=0) F1=0.397  AUC=0.461  LL=0.7706 (1.5s)
13:45:51  src.cpcv.pipeline  INFO    [ 38/84]                 lstm (seed=1) F1=0.368  AUC=0.505  LL=0.6826 (1.5s)
13:45:53  src.cpcv.pipeline  INFO    [ 39/84]                 lstm (seed=2) F1=0.473  AUC=0.454  LL=0.7254 (2.2s)
13:45:54  src.cpcv.preprocessing  INFO  Computing MDA (Random Forest)...
13:46:13  src.cpcv.preprocessing  INFO  Computing MDA (Logistic Regression)...
13:46:14  src.cpcv.preprocessing  INFO  Multi-model MDA: 42/62 passed (MDA > 0), 20 eliminated
13:46:14  src.cpcv.preprocessing  INFO    Capped at 18 features (top_k_frac=0.3)
13:46:14  src.cpcv.preprocessing  INFO    Selected (18): ['chaikin_osc', 'gold_ret_30', 'jarque_bera', 'kurtosis', 'log_returns_lag3', 'log_returns_lag7', 'macd', 'macd_hist', 'obv', 'realized_vol', 'silver_ret_30', 'skewness', 'sp500_ret_30', 'tx_count_roc_14', 'vol_term_30_90', 'vol_term_7_30', 'vwma_ratio_20_50', 'williams_r']
13:46:14  src.cpcv.pipeline  INFO    Preprocessing: 18 features selected, train=528 + cal=132, test=288
13:46:14  src.cpcv.tuning  INFO  Tuning (1 model) — Optuna TPE + Purged K-Fold (inner: 3 folds, embargo=10 obs)
13:46:14  src.cpcv.tuning  INFO    [tuning] lstm: 3 purged K-fold splits, 30 Optuna trials (TPE)
13:46:54  src.cpcv.tuning  INFO      lstm: 16 completed, 14 pruned (of 30 total) — best log_loss=0.6787, params={'hidden_size': 16, 'num_layers': 2, 'dropout': 0.1314316898231278, 'learning_rate': 0.009773595690008935}
13:46:54  src.cpcv.tuning  INFO    [tuning] lstm done in 40.3s — best log_loss=0.6787
13:46:54  src.cpcv.tuning  INFO  Tuning total: 40.3s
13:46:54  src.cpcv.pipeline  INFO      applied lstm: {'hidden_size': 16, 'num_layers': 2, 'dropout': 0.1314316898231278, 'learning_rate': 0.009773595690008935}
13:46:55  src.cpcv.pipeline  INFO    [ 40/84]                 lstm (seed=0) F1=0.480  AUC=0.517  LL=0.7654 (1.5s)
13:46:57  src.cpcv.pipeline  INFO    [ 41/84]                 lstm (seed=1) F1=0.447  AUC=0.528  LL=0.7206 (1.2s)
13:46:58  src.cpcv.pipeline  INFO    [ 42/84]                 lstm (seed=2) F1=0.406  AUC=0.504  LL=0.7620 (1.1s)
13:46:58  src.cpcv.preprocessing  INFO  Computing MDA (Random Forest)...
13:47:17  src.cpcv.preprocessing  INFO  Computing MDA (Logistic Regression)...
13:47:18  src.cpcv.preprocessing  INFO  Multi-model MDA: 17/62 passed (MDA > 0), 45 eliminated
13:47:18  src.cpcv.preprocessing  INFO    Selected (17): ['atr', 'cci_14', 'eth_btc_ratio', 'hashrate_roc_30', 'hurst', 'issuance_ntv', 'log_returns_lag1', 'natgas_ret_30', 'negentropy', 'realized_vol', 'sadf', 'stoch_k', 'us10y', 'vol_term_7_30', 'vwma_ratio_20_50', 'williams_r', 'yield_curve_2y10y']
13:47:18  src.cpcv.pipeline  INFO    Preprocessing: 17 features selected, train=519 + cal=130, test=288
13:47:18  src.cpcv.tuning  INFO  Tuning (1 model) — Optuna TPE + Purged K-Fold (inner: 3 folds, embargo=10 obs)
13:47:18  src.cpcv.tuning  INFO    [tuning] lstm: 3 purged K-fold splits, 30 Optuna trials (TPE)
13:48:20  src.cpcv.tuning  INFO      lstm: 17 completed, 13 pruned (of 30 total) — best log_loss=0.6837, params={'hidden_size': 48, 'num_layers': 2, 'dropout': 0.25850067382583464, 'learning_rate': 0.048777410756964276}
13:48:20  src.cpcv.tuning  INFO    [tuning] lstm done in 62.1s — best log_loss=0.6837
13:48:20  src.cpcv.tuning  INFO  Tuning total: 62.1s
13:48:20  src.cpcv.pipeline  INFO      applied lstm: {'hidden_size': 48, 'num_layers': 2, 'dropout': 0.25850067382583464, 'learning_rate': 0.048777410756964276}
13:48:21  src.cpcv.pipeline  INFO    [ 43/84]                 lstm (seed=0) F1=0.478  AUC=0.498  LL=0.7011 (1.6s)
13:48:25  src.cpcv.pipeline  INFO    [ 44/84]                 lstm (seed=1) F1=0.450  AUC=0.441  LL=0.6985 (4.0s)
13:48:27  src.cpcv.pipeline  INFO    [ 45/84]                 lstm (seed=2) F1=0.449  AUC=0.412  LL=1.5338 (1.5s)
13:48:27  src.cpcv.preprocessing  INFO  Computing MDA (Random Forest)...
13:48:46  src.cpcv.preprocessing  INFO  Computing MDA (Logistic Regression)...
13:48:47  src.cpcv.preprocessing  INFO  Multi-model MDA: 39/62 passed (MDA > 0), 23 eliminated
13:48:47  src.cpcv.preprocessing  INFO    Capped at 18 features (top_k_frac=0.3)
13:48:47  src.cpcv.preprocessing  INFO    Selected (18): ['cci_14', 'copper_ret_30', 'ema_ratio_20_50', 'fee_per_tx', 'log_returns_lag1', 'log_returns_lag2', 'log_returns_lag30', 'natgas_ret_30', 'net_exchange_flow', 'obv', 'oil_ret_30', 'sadf', 'silver_ret_30', 'skewness', 'stoch_k', 'vol_term_30_90', 'vwma_ratio_20_50', 'yield_curve_10y30y']
13:48:47  src.cpcv.pipeline  INFO    Preprocessing: 18 features selected, train=517 + cal=130, test=288
13:48:47  src.cpcv.tuning  INFO  Tuning (1 model) — Optuna TPE + Purged K-Fold (inner: 3 folds, embargo=10 obs)
13:48:47  src.cpcv.tuning  INFO    [tuning] lstm: 3 purged K-fold splits, 30 Optuna trials (TPE)
13:49:45  src.cpcv.tuning  INFO      lstm: 15 completed, 15 pruned (of 30 total) — best log_loss=0.6745, params={'hidden_size': 48, 'num_layers': 2, 'dropout': 0.0037736596581466053, 'learning_rate': 0.037823665679401916}
13:49:45  src.cpcv.tuning  INFO    [tuning] lstm done in 58.6s — best log_loss=0.6745
13:49:45  src.cpcv.tuning  INFO  Tuning total: 58.6s
13:49:45  src.cpcv.pipeline  INFO      applied lstm: {'hidden_size': 48, 'num_layers': 2, 'dropout': 0.0037736596581466053, 'learning_rate': 0.037823665679401916}
13:49:48  src.cpcv.pipeline  INFO    [ 46/84]                 lstm (seed=0) F1=0.432  AUC=0.460  LL=0.7166 (3.0s)
13:49:50  src.cpcv.pipeline  INFO    [ 47/84]                 lstm (seed=1) F1=0.549  AUC=0.569  LL=0.6827 (1.6s)
13:49:53  src.cpcv.pipeline  INFO    [ 48/84]                 lstm (seed=2) F1=0.509  AUC=0.528  LL=0.7204 (2.7s)
13:49:53  src.cpcv.preprocessing  INFO  Computing MDA (Random Forest)...
13:50:12  src.cpcv.preprocessing  INFO  Computing MDA (Logistic Regression)...
13:50:13  src.cpcv.preprocessing  INFO  Multi-model MDA: 35/62 passed (MDA > 0), 27 eliminated
13:50:13  src.cpcv.preprocessing  INFO    Capped at 18 features (top_k_frac=0.3)
13:50:13  src.cpcv.preprocessing  INFO    Selected (18): ['atr', 'gk_vol', 'jarque_bera', 'log_returns_lag2', 'log_returns_lag3', 'log_returns_lag7', 'macd_hist', 'macd_signal', 'mfi_14', 'rsi', 'sadf', 'skewness', 'stoch_k', 'tx_count_roc_14', 'vol_term_30_90', 'vwma_ratio_20_50', 'williams_r', 'yz_vol']
13:50:13  src.cpcv.pipeline  INFO    Preprocessing: 18 features selected, train=518 + cal=130, test=288
13:50:13  src.cpcv.tuning  INFO  Tuning (1 model) — Optuna TPE + Purged K-Fold (inner: 3 folds, embargo=10 obs)
13:50:13  src.cpcv.tuning  INFO    [tuning] lstm: 3 purged K-fold splits, 30 Optuna trials (TPE)
13:51:02  src.cpcv.tuning  INFO      lstm: 20 completed, 10 pruned (of 30 total) — best log_loss=0.6848, params={'hidden_size': 32, 'num_layers': 2, 'dropout': 0.20654514661636755, 'learning_rate': 0.00817832988368291}
13:51:02  src.cpcv.tuning  INFO    [tuning] lstm done in 48.7s — best log_loss=0.6848
13:51:02  src.cpcv.tuning  INFO  Tuning total: 48.7s
13:51:02  src.cpcv.pipeline  INFO      applied lstm: {'hidden_size': 32, 'num_layers': 2, 'dropout': 0.20654514661636755, 'learning_rate': 0.00817832988368291}
13:51:03  src.cpcv.pipeline  INFO    [ 49/84]                 lstm (seed=0) F1=0.403  AUC=0.465  LL=0.6983 (1.4s)
13:51:04  src.cpcv.pipeline  INFO    [ 50/84]                 lstm (seed=1) F1=0.438  AUC=0.510  LL=0.6927 (1.2s)
13:51:06  src.cpcv.pipeline  INFO    [ 51/84]                 lstm (seed=2) F1=0.341  AUC=0.507  LL=0.6929 (1.2s)
13:51:06  src.cpcv.preprocessing  INFO  Computing MDA (Random Forest)...
13:51:25  src.cpcv.preprocessing  INFO  Computing MDA (Logistic Regression)...
13:51:26  src.cpcv.preprocessing  INFO  Multi-model MDA: 35/62 passed (MDA > 0), 27 eliminated
13:51:26  src.cpcv.preprocessing  INFO    Capped at 18 features (top_k_frac=0.3)
13:51:26  src.cpcv.preprocessing  INFO    Selected (18): ['atr', 'bb_width', 'cci_14', 'exchange_supply_pct', 'hurst', 'log_returns', 'log_returns_lag3', 'macd_hist', 'mfi_14', 'net_exchange_flow', 'realized_vol', 'skewness', 'variance_ratio', 'vix', 'vol_term_30_90', 'vwma_ratio_20_50', 'yield_curve_10y30y', 'yz_vol']
13:51:26  src.cpcv.pipeline  INFO    Preprocessing: 18 features selected, train=520 + cal=130, test=295
13:51:26  src.cpcv.tuning  INFO  Tuning (1 model) — Optuna TPE + Purged K-Fold (inner: 3 folds, embargo=10 obs)
13:51:26  src.cpcv.tuning  INFO    [tuning] lstm: 3 purged K-fold splits, 30 Optuna trials (TPE)
13:52:14  src.cpcv.tuning  INFO      lstm: 17 completed, 13 pruned (of 30 total) — best log_loss=0.6763, params={'hidden_size': 16, 'num_layers': 2, 'dropout': 0.007572118551378439, 'learning_rate': 0.044110614234319064}
13:52:14  src.cpcv.tuning  INFO    [tuning] lstm done in 48.8s — best log_loss=0.6763
13:52:14  src.cpcv.tuning  INFO  Tuning total: 48.8s
13:52:14  src.cpcv.pipeline  INFO      applied lstm: {'hidden_size': 16, 'num_layers': 2, 'dropout': 0.007572118551378439, 'learning_rate': 0.044110614234319064}
13:52:15  src.cpcv.pipeline  INFO    [ 52/84]                 lstm (seed=0) F1=0.341  AUC=0.451  LL=0.6945 (1.1s)
13:52:16  src.cpcv.pipeline  INFO    [ 53/84]                 lstm (seed=1) F1=0.384  AUC=0.505  LL=0.6961 (1.0s)
13:52:17  src.cpcv.pipeline  INFO    [ 54/84]                 lstm (seed=2) F1=0.341  AUC=0.504  LL=0.6942 (1.0s)
13:52:18  src.cpcv.preprocessing  INFO  Computing MDA (Random Forest)...
13:52:38  src.cpcv.preprocessing  INFO  Computing MDA (Logistic Regression)...
13:52:38  src.cpcv.preprocessing  INFO  Multi-model MDA: 21/62 passed (MDA > 0), 41 eliminated
13:52:38  src.cpcv.preprocessing  INFO    Capped at 18 features (top_k_frac=0.3)
13:52:38  src.cpcv.preprocessing  INFO    Selected (18): ['eth_btc_ratio', 'gold_ret_30', 'hurst', 'log_returns', 'log_returns_lag1', 'log_returns_lag2', 'log_returns_lag7', 'lz_complexity', 'mvrv', 'natgas_ret_30', 'negentropy', 'realized_vol', 'sadf', 'stoch_d', 'tx_count_roc_14', 'vix', 'yield_curve_10y30y', 'yz_vol']
13:52:38  src.cpcv.pipeline  INFO    Preprocessing: 18 features selected, train=528 + cal=133, test=288
13:52:38  src.cpcv.tuning  INFO  Tuning (1 model) — Optuna TPE + Purged K-Fold (inner: 3 folds, embargo=10 obs)
13:52:38  src.cpcv.tuning  INFO    [tuning] lstm: 3 purged K-fold splits, 30 Optuna trials (TPE)
13:53:32  src.cpcv.tuning  INFO      lstm: 20 completed, 10 pruned (of 30 total) — best log_loss=0.6887, params={'hidden_size': 48, 'num_layers': 2, 'dropout': 0.49779946488048815, 'learning_rate': 0.0076138244287638065}
13:53:32  src.cpcv.tuning  INFO    [tuning] lstm done in 53.4s — best log_loss=0.6887
13:53:32  src.cpcv.tuning  INFO  Tuning total: 53.4s
13:53:32  src.cpcv.pipeline  INFO      applied lstm: {'hidden_size': 48, 'num_layers': 2, 'dropout': 0.49779946488048815, 'learning_rate': 0.0076138244287638065}
13:53:34  src.cpcv.pipeline  INFO    [ 55/84]                 lstm (seed=0) F1=0.409  AUC=0.523  LL=0.6796 (1.7s)
13:53:35  src.cpcv.pipeline  INFO    [ 56/84]                 lstm (seed=1) F1=0.366  AUC=0.491  LL=0.6885 (1.6s)
13:53:37  src.cpcv.pipeline  INFO    [ 57/84]                 lstm (seed=2) F1=0.366  AUC=0.543  LL=0.6883 (1.7s)
13:53:37  src.cpcv.preprocessing  INFO  Computing MDA (Random Forest)...
13:53:57  src.cpcv.preprocessing  INFO  Computing MDA (Logistic Regression)...
13:53:58  src.cpcv.preprocessing  INFO  Multi-model MDA: 19/62 passed (MDA > 0), 43 eliminated
13:53:58  src.cpcv.preprocessing  INFO    Capped at 18 features (top_k_frac=0.3)
13:53:58  src.cpcv.preprocessing  INFO    Selected (18): ['copper_ret_30', 'eth_btc_ratio', 'exchange_supply_pct', 'gold_ret_30', 'hurst', 'issuance_ntv', 'jarque_bera', 'kurtosis', 'mfi_14', 'natgas_ret_30', 'negentropy', 'net_exchange_flow', 'obv', 'oil_ret_30', 'roc_14', 'shannon_entropy', 'skewness', 'us2y']
13:53:58  src.cpcv.pipeline  INFO    Preprocessing: 18 features selected, train=518 + cal=130, test=288
13:53:58  src.cpcv.tuning  INFO  Tuning (1 model) — Optuna TPE + Purged K-Fold (inner: 3 folds, embargo=10 obs)
13:53:58  src.cpcv.tuning  INFO    [tuning] lstm: 3 purged K-fold splits, 30 Optuna trials (TPE)
13:54:46  src.cpcv.tuning  INFO      lstm: 15 completed, 15 pruned (of 30 total) — best log_loss=0.6794, params={'hidden_size': 16, 'num_layers': 2, 'dropout': 0.4828160165372797, 'learning_rate': 0.015199881220083977}
13:54:46  src.cpcv.tuning  INFO    [tuning] lstm done in 48.1s — best log_loss=0.6794
13:54:46  src.cpcv.tuning  INFO  Tuning total: 48.1s
13:54:46  src.cpcv.pipeline  INFO      applied lstm: {'hidden_size': 16, 'num_layers': 2, 'dropout': 0.4828160165372797, 'learning_rate': 0.015199881220083977}
13:54:47  src.cpcv.pipeline  INFO    [ 58/84]                 lstm (seed=0) F1=0.461  AUC=0.482  LL=1.0718 (1.0s)
13:54:48  src.cpcv.pipeline  INFO    [ 59/84]                 lstm (seed=1) F1=0.368  AUC=0.395  LL=0.6933 (0.9s)
13:54:49  src.cpcv.pipeline  INFO    [ 60/84]                 lstm (seed=2) F1=0.495  AUC=0.501  LL=0.7077 (1.0s)
13:54:49  src.cpcv.preprocessing  INFO  Computing MDA (Random Forest)...
13:55:10  src.cpcv.preprocessing  INFO  Computing MDA (Logistic Regression)...
13:55:11  src.cpcv.preprocessing  INFO  Multi-model MDA: 32/62 passed (MDA > 0), 30 eliminated
13:55:11  src.cpcv.preprocessing  INFO    Capped at 18 features (top_k_frac=0.3)
13:55:11  src.cpcv.preprocessing  INFO    Selected (18): ['bb_width', 'chaikin_osc', 'copper_ret_30', 'eth_btc_ratio', 'exchange_supply_pct', 'fee_per_tx', 'gold_ret_30', 'jarque_bera', 'log_returns_lag14', 'log_returns_lag3', 'macd_hist', 'net_exchange_flow', 'oil_ret_30', 'roc_14', 'silver_ret_30', 'skewness', 'tx_count_roc_14', 'vol_term_7_30']
13:55:11  src.cpcv.pipeline  INFO    Preprocessing: 18 features selected, train=519 + cal=130, test=288
13:55:11  src.cpcv.tuning  INFO  Tuning (1 model) — Optuna TPE + Purged K-Fold (inner: 3 folds, embargo=10 obs)
13:55:11  src.cpcv.tuning  INFO    [tuning] lstm: 3 purged K-fold splits, 30 Optuna trials (TPE)
13:56:02  src.cpcv.tuning  INFO      lstm: 20 completed, 10 pruned (of 30 total) — best log_loss=0.6808, params={'hidden_size': 16, 'num_layers': 2, 'dropout': 0.4278108791329416, 'learning_rate': 0.048777410756964276}
13:56:02  src.cpcv.tuning  INFO    [tuning] lstm done in 51.5s — best log_loss=0.6808
13:56:02  src.cpcv.tuning  INFO  Tuning total: 51.5s
13:56:02  src.cpcv.pipeline  INFO      applied lstm: {'hidden_size': 16, 'num_layers': 2, 'dropout': 0.4278108791329416, 'learning_rate': 0.048777410756964276}
13:56:04  src.cpcv.pipeline  INFO    [ 61/84]                 lstm (seed=0) F1=0.453  AUC=0.451  LL=0.7147 (1.5s)
13:56:05  src.cpcv.pipeline  INFO    [ 62/84]                 lstm (seed=1) F1=0.461  AUC=0.458  LL=0.7414 (1.2s)
13:56:06  src.cpcv.pipeline  INFO    [ 63/84]                 lstm (seed=2) F1=0.483  AUC=0.490  LL=0.7080 (1.2s)
13:56:07  src.cpcv.preprocessing  INFO  Computing MDA (Random Forest)...
13:56:28  src.cpcv.preprocessing  INFO  Computing MDA (Logistic Regression)...
13:56:28  src.cpcv.preprocessing  INFO  Multi-model MDA: 33/62 passed (MDA > 0), 29 eliminated
13:56:28  src.cpcv.preprocessing  INFO    Capped at 18 features (top_k_frac=0.3)
13:56:28  src.cpcv.preprocessing  INFO    Selected (18): ['bb_width', 'cci_14', 'ema_ratio_20_50', 'eth_btc_ratio', 'exchange_supply_pct', 'fee_per_tx', 'gk_vol', 'hurst', 'log_returns_lag1', 'roc_14', 'shannon_entropy', 'silver_ret_30', 'smt_poly1', 'sp500_ret_30', 'tx_count_roc_14', 'us10y', 'vol_term_30_90', 'yz_vol']
13:56:28  src.cpcv.pipeline  INFO    Preprocessing: 18 features selected, train=520 + cal=131, test=295
13:56:28  src.cpcv.tuning  INFO  Tuning (1 model) — Optuna TPE + Purged K-Fold (inner: 3 folds, embargo=10 obs)
13:56:28  src.cpcv.tuning  INFO    [tuning] lstm: 3 purged K-fold splits, 30 Optuna trials (TPE)
13:57:31  src.cpcv.tuning  INFO      lstm: 24 completed, 6 pruned (of 30 total) — best log_loss=0.6815, params={'hidden_size': 48, 'num_layers': 2, 'dropout': 0.2330394681052675, 'learning_rate': 0.009885762587741456}
13:57:31  src.cpcv.tuning  INFO    [tuning] lstm done in 62.3s — best log_loss=0.6815
13:57:31  src.cpcv.tuning  INFO  Tuning total: 62.3s
13:57:31  src.cpcv.pipeline  INFO      applied lstm: {'hidden_size': 48, 'num_layers': 2, 'dropout': 0.2330394681052675, 'learning_rate': 0.009885762587741456}
13:57:32  src.cpcv.pipeline  INFO    [ 64/84]                 lstm (seed=0) F1=0.359  AUC=0.504  LL=0.7197 (1.5s)
13:57:34  src.cpcv.pipeline  INFO    [ 65/84]                 lstm (seed=1) F1=0.358  AUC=0.531  LL=0.7123 (1.6s)
13:57:35  src.cpcv.pipeline  INFO    [ 66/84]                 lstm (seed=2) F1=0.375  AUC=0.534  LL=0.7087 (1.5s)
13:57:36  src.cpcv.preprocessing  INFO  Computing MDA (Random Forest)...
13:57:57  src.cpcv.preprocessing  INFO  Computing MDA (Logistic Regression)...
13:57:58  src.cpcv.preprocessing  INFO  Multi-model MDA: 31/62 passed (MDA > 0), 31 eliminated
13:57:58  src.cpcv.preprocessing  INFO    Capped at 18 features (top_k_frac=0.3)
13:57:58  src.cpcv.preprocessing  INFO    Selected (18): ['active_addr_roc_14', 'atr', 'cci_14', 'ema_ratio_20_50', 'exchange_supply_pct', 'kurtosis', 'log_returns_lag7', 'lz_complexity', 'macd', 'macd_hist', 'mvrv', 'nasdaq_ret_30', 'natgas_ret_30', 'negentropy', 'roc_14', 'rsi', 'skewness', 'us2y']
13:57:58  src.cpcv.pipeline  INFO    Preprocessing: 18 features selected, train=528 + cal=133, test=288
13:57:58  src.cpcv.tuning  INFO  Tuning (1 model) — Optuna TPE + Purged K-Fold (inner: 3 folds, embargo=10 obs)
13:57:58  src.cpcv.tuning  INFO    [tuning] lstm: 3 purged K-fold splits, 30 Optuna trials (TPE)
13:58:51  src.cpcv.tuning  INFO      lstm: 11 completed, 19 pruned (of 30 total) — best log_loss=0.6837, params={'hidden_size': 32, 'num_layers': 2, 'dropout': 0.12780335186549852, 'learning_rate': 0.026830554571793147}
13:58:51  src.cpcv.tuning  INFO    [tuning] lstm done in 53.0s — best log_loss=0.6837
13:58:51  src.cpcv.tuning  INFO  Tuning total: 53.0s
13:58:51  src.cpcv.pipeline  INFO      applied lstm: {'hidden_size': 32, 'num_layers': 2, 'dropout': 0.12780335186549852, 'learning_rate': 0.026830554571793147}
13:58:52  src.cpcv.pipeline  INFO    [ 67/84]                 lstm (seed=0) F1=0.432  AUC=0.429  LL=0.6974 (1.4s)
13:58:54  src.cpcv.pipeline  INFO    [ 68/84]                 lstm (seed=1) F1=0.452  AUC=0.459  LL=0.7401 (1.9s)
13:58:55  src.cpcv.pipeline  INFO    [ 69/84]                 lstm (seed=2) F1=0.442  AUC=0.440  LL=0.6963 (1.3s)
13:58:56  src.cpcv.preprocessing  INFO  Computing MDA (Random Forest)...
13:59:17  src.cpcv.preprocessing  INFO  Computing MDA (Logistic Regression)...
13:59:18  src.cpcv.preprocessing  INFO  Multi-model MDA: 40/62 passed (MDA > 0), 22 eliminated
13:59:18  src.cpcv.preprocessing  INFO    Capped at 18 features (top_k_frac=0.3)
13:59:18  src.cpcv.preprocessing  INFO    Selected (18): ['eth_btc_ratio', 'gk_vol', 'hurst', 'kurtosis', 'macd', 'nasdaq_ret_30', 'oil_ret_30', 'roc_14', 'rsi', 'sadf', 'silver_ret_30', 'skewness', 'smt_exp', 'vix', 'vwma_ratio_20_50', 'williams_r', 'yield_curve_10y30y', 'yz_vol']
13:59:18  src.cpcv.pipeline  INFO    Preprocessing: 18 features selected, train=519 + cal=130, test=288
13:59:18  src.cpcv.tuning  INFO  Tuning (1 model) — Optuna TPE + Purged K-Fold (inner: 3 folds, embargo=10 obs)
13:59:18  src.cpcv.tuning  INFO    [tuning] lstm: 3 purged K-fold splits, 30 Optuna trials (TPE)
14:00:18  src.cpcv.tuning  INFO      lstm: 18 completed, 12 pruned (of 30 total) — best log_loss=0.6873, params={'hidden_size': 16, 'num_layers': 2, 'dropout': 0.40590705427833446, 'learning_rate': 0.005088555568990854}
14:00:18  src.cpcv.tuning  INFO    [tuning] lstm done in 60.5s — best log_loss=0.6873
14:00:18  src.cpcv.tuning  INFO  Tuning total: 60.5s
14:00:18  src.cpcv.pipeline  INFO      applied lstm: {'hidden_size': 16, 'num_layers': 2, 'dropout': 0.40590705427833446, 'learning_rate': 0.005088555568990854}
14:00:19  src.cpcv.pipeline  INFO    [ 70/84]                 lstm (seed=0) F1=0.501  AUC=0.570  LL=0.6925 (1.1s)
14:00:20  src.cpcv.pipeline  INFO    [ 71/84]                 lstm (seed=1) F1=0.390  AUC=0.562  LL=0.7007 (1.2s)
14:00:22  src.cpcv.pipeline  INFO    [ 72/84]                 lstm (seed=2) F1=0.524  AUC=0.530  LL=0.6925 (1.2s)
14:00:22  src.cpcv.preprocessing  INFO  Computing MDA (Random Forest)...
14:00:43  src.cpcv.preprocessing  INFO  Computing MDA (Logistic Regression)...
14:00:44  src.cpcv.preprocessing  INFO  Multi-model MDA: 18/62 passed (MDA > 0), 44 eliminated
14:00:44  src.cpcv.preprocessing  INFO    Selected (18): ['active_addr_roc_14', 'dxy_roc_30', 'eth_btc_ratio', 'exchange_supply_pct', 'hurst', 'kurtosis', 'log_returns_lag3', 'lz_complexity', 'macd_signal', 'nasdaq_ret_30', 'sadf', 'skewness', 'smt_poly1', 'tx_count_roc_14', 'us2y', 'vol_term_30_90', 'williams_r', 'yz_vol']
14:00:44  src.cpcv.pipeline  INFO    Preprocessing: 18 features selected, train=520 + cal=131, test=295
14:00:44  src.cpcv.tuning  INFO  Tuning (1 model) — Optuna TPE + Purged K-Fold (inner: 3 folds, embargo=10 obs)
14:00:44  src.cpcv.tuning  INFO    [tuning] lstm: 3 purged K-fold splits, 30 Optuna trials (TPE)
14:01:30  src.cpcv.tuning  INFO      lstm: 17 completed, 13 pruned (of 30 total) — best log_loss=0.6824, params={'hidden_size': 16, 'num_layers': 2, 'dropout': 0.4595307562436454, 'learning_rate': 0.00962108043119529}
14:01:30  src.cpcv.tuning  INFO    [tuning] lstm done in 45.4s — best log_loss=0.6824
14:01:30  src.cpcv.tuning  INFO  Tuning total: 45.4s
14:01:30  src.cpcv.pipeline  INFO      applied lstm: {'hidden_size': 16, 'num_layers': 2, 'dropout': 0.4595307562436454, 'learning_rate': 0.00962108043119529}
14:01:31  src.cpcv.pipeline  INFO    [ 73/84]                 lstm (seed=0) F1=0.454  AUC=0.497  LL=0.6823 (1.1s)
14:01:32  src.cpcv.pipeline  INFO    [ 74/84]                 lstm (seed=1) F1=0.366  AUC=0.474  LL=0.6824 (1.2s)
14:01:33  src.cpcv.pipeline  INFO    [ 75/84]                 lstm (seed=2) F1=0.366  AUC=0.534  LL=0.6809 (1.1s)
14:01:33  src.cpcv.preprocessing  INFO  Computing MDA (Random Forest)...
14:01:53  src.cpcv.preprocessing  INFO  Computing MDA (Logistic Regression)...
14:01:54  src.cpcv.preprocessing  INFO  Multi-model MDA: 41/62 passed (MDA > 0), 21 eliminated
14:01:54  src.cpcv.preprocessing  INFO    Capped at 18 features (top_k_frac=0.3)
14:01:54  src.cpcv.preprocessing  INFO    Selected (18): ['active_addr_roc_14', 'eth_btc_ratio', 'exchange_supply_pct', 'kurtosis', 'log_returns', 'log_returns_lag14', 'macd', 'mfi_14', 'mvrv', 'negentropy', 'roc_14', 'silver_ret_30', 'smt_exp', 'smt_poly1', 'tx_count_roc_14', 'vix', 'vwma_ratio_20_50', 'yz_vol']
14:01:54  src.cpcv.pipeline  INFO    Preprocessing: 18 features selected, train=527 + cal=132, test=288
14:01:54  src.cpcv.tuning  INFO  Tuning (1 model) — Optuna TPE + Purged K-Fold (inner: 3 folds, embargo=10 obs)
14:01:54  src.cpcv.tuning  INFO    [tuning] lstm: 3 purged K-fold splits, 30 Optuna trials (TPE)
14:02:37  src.cpcv.tuning  INFO      lstm: 9 completed, 21 pruned (of 30 total) — best log_loss=0.6779, params={'hidden_size': 16, 'num_layers': 2, 'dropout': 0.4978582898859837, 'learning_rate': 0.010403859844084073}
14:02:37  src.cpcv.tuning  INFO    [tuning] lstm done in 43.1s — best log_loss=0.6779
14:02:37  src.cpcv.tuning  INFO  Tuning total: 43.1s
14:02:37  src.cpcv.pipeline  INFO      applied lstm: {'hidden_size': 16, 'num_layers': 2, 'dropout': 0.4978582898859837, 'learning_rate': 0.010403859844084073}
14:02:39  src.cpcv.pipeline  INFO    [ 76/84]                 lstm (seed=0) F1=0.437  AUC=0.526  LL=0.7450 (1.9s)
14:02:41  src.cpcv.pipeline  INFO    [ 77/84]                 lstm (seed=1) F1=0.500  AUC=0.515  LL=0.7133 (2.1s)
14:02:42  src.cpcv.pipeline  INFO    [ 78/84]                 lstm (seed=2) F1=0.500  AUC=0.515  LL=0.7417 (1.5s)
14:02:43  src.cpcv.preprocessing  INFO  Computing MDA (Random Forest)...
14:03:02  src.cpcv.preprocessing  INFO  Computing MDA (Logistic Regression)...
14:03:03  src.cpcv.preprocessing  INFO  Multi-model MDA: 32/62 passed (MDA > 0), 30 eliminated
14:03:03  src.cpcv.preprocessing  INFO    Capped at 18 features (top_k_frac=0.3)
14:03:03  src.cpcv.preprocessing  INFO    Selected (18): ['atr', 'bb_width', 'eth_btc_ratio', 'exchange_supply_pct', 'hashrate_roc_30', 'log_returns_lag1', 'log_returns_lag14', 'log_returns_lag3', 'lz_complexity', 'mfi_14', 'natgas_ret_30', 'skewness', 'us10y', 'us2y', 'vix', 'yield_curve_10y30y', 'yield_curve_2y10y', 'yz_vol']
14:03:03  src.cpcv.pipeline  INFO    Preprocessing: 18 features selected, train=519 + cal=130, test=295
14:03:03  src.cpcv.tuning  INFO  Tuning (1 model) — Optuna TPE + Purged K-Fold (inner: 3 folds, embargo=10 obs)
14:03:03  src.cpcv.tuning  INFO    [tuning] lstm: 3 purged K-fold splits, 30 Optuna trials (TPE)
14:03:56  src.cpcv.tuning  INFO      lstm: 11 completed, 19 pruned (of 30 total) — best log_loss=0.6815, params={'hidden_size': 32, 'num_layers': 2, 'dropout': 0.08100096432222742, 'learning_rate': 0.00995789726278138}
14:03:56  src.cpcv.tuning  INFO    [tuning] lstm done in 53.3s — best log_loss=0.6815
14:03:56  src.cpcv.tuning  INFO  Tuning total: 53.3s
14:03:56  src.cpcv.pipeline  INFO      applied lstm: {'hidden_size': 32, 'num_layers': 2, 'dropout': 0.08100096432222742, 'learning_rate': 0.00995789726278138}
14:03:58  src.cpcv.pipeline  INFO    [ 79/84]                 lstm (seed=0) F1=0.483  AUC=0.515  LL=0.7129 (1.4s)
14:03:59  src.cpcv.pipeline  INFO    [ 80/84]                 lstm (seed=1) F1=0.484  AUC=0.502  LL=0.7234 (1.2s)
14:04:00  src.cpcv.pipeline  INFO    [ 81/84]                 lstm (seed=2) F1=0.496  AUC=0.491  LL=0.7385 (1.2s)
14:04:01  src.cpcv.preprocessing  INFO  Computing MDA (Random Forest)...
14:04:20  src.cpcv.preprocessing  INFO  Computing MDA (Logistic Regression)...
14:04:21  src.cpcv.preprocessing  INFO  Multi-model MDA: 13/62 passed (MDA > 0), 49 eliminated
14:04:21  src.cpcv.preprocessing  INFO    Selected (13): ['chaikin_osc', 'eth_btc_ratio', 'exchange_supply_pct', 'gk_vol', 'kurtosis', 'log_returns', 'nasdaq_ret_30', 'realized_vol', 'roc_14', 'smt_exp', 'smt_poly1', 'sp500_ret_30', 'us10y']
14:04:21  src.cpcv.pipeline  INFO    Preprocessing: 13 features selected, train=531 + cal=133, test=295
14:04:21  src.cpcv.tuning  INFO  Tuning (1 model) — Optuna TPE + Purged K-Fold (inner: 3 folds, embargo=10 obs)
14:04:21  src.cpcv.tuning  INFO    [tuning] lstm: 3 purged K-fold splits, 30 Optuna trials (TPE)
14:05:18  src.cpcv.tuning  INFO      lstm: 8 completed, 22 pruned (of 30 total) — best log_loss=0.6664, params={'hidden_size': 32, 'num_layers': 2, 'dropout': 0.36599697090570255, 'learning_rate': 0.004128205343826225}
14:05:18  src.cpcv.tuning  INFO    [tuning] lstm done in 57.5s — best log_loss=0.6664
14:05:18  src.cpcv.tuning  INFO  Tuning total: 57.5s
14:05:18  src.cpcv.pipeline  INFO      applied lstm: {'hidden_size': 32, 'num_layers': 2, 'dropout': 0.36599697090570255, 'learning_rate': 0.004128205343826225}
14:05:19  src.cpcv.pipeline  INFO    [ 82/84]                 lstm (seed=0) F1=0.307  AUC=0.543  LL=0.7259 (1.4s)
14:05:21  src.cpcv.pipeline  INFO    [ 83/84]                 lstm (seed=1) F1=0.411  AUC=0.495  LL=0.7789 (1.9s)
14:05:23  src.cpcv.pipeline  INFO    [ 84/84]                 lstm (seed=2) F1=0.390  AUC=0.559  LL=0.7869 (1.8s)
14:05:23  src.cpcv.pipeline  INFO  ============================================================
14:05:23  src.cpcv.pipeline  INFO  CPCV Pipeline Complete
14:05:23  src.cpcv.pipeline  INFO  ============================================================
14:05:23  src.cpcv.pipeline  INFO    Total time:     2334.8s (38.9m)
14:05:23  src.cpcv.pipeline  INFO    Tasks:          84 succeeded, 0 failed
14:05:23  src.cpcv.pipeline  INFO    Results keys:   84 (model, split, seed) entries
14:05:23  src.cpcv.pipeline  INFO    Backtest paths: 7
14:05:23  src.cpcv.pipeline  INFO    Tuning:         nested (per-split), 28 splits tuned, models=['lstm']
14:05:23  src.cpcv.pipeline  INFO  ============================================================
14:05:24  src.cpcv.pipeline  INFO  ============================================================
14:05:24  src.cpcv.pipeline  INFO  CPCV Pipeline
14:05:24  src.cpcv.pipeline  INFO  ============================================================
14:05:24  src.cpcv.pipeline  INFO    Models:         ['kan']
14:05:24  src.cpcv.pipeline  INFO    Seeds/fold:     3
14:05:24  src.cpcv.pipeline  INFO    Groups (N):     8
14:05:24  src.cpcv.pipeline  INFO    Test groups (k):2
14:05:24  src.cpcv.pipeline  INFO    Embargo:        1.0%
14:05:24  src.cpcv.pipeline  INFO    FFD columns:    ['atr']
14:05:24  src.cpcv.pipeline  INFO    Samples:        1159
14:05:24  src.cpcv.pipeline  INFO    Features:       62
14:05:24  src.cpcv.pipeline  INFO    Splits:         28, Paths: 7
14:05:24  src.cpcv.pipeline  INFO    Tuning:         NESTED (per-split) — ['kan'] [30 trials]
14:05:24  src.cpcv.pipeline  INFO  ============================================================
14:05:24  src.cpcv.preprocessing  INFO  Computing MDA (Random Forest)...
14:05:46  src.cpcv.preprocessing  INFO  Computing MDA (Logistic Regression)...
14:05:47  src.cpcv.preprocessing  INFO  Multi-model MDA: 16/62 passed (MDA > 0), 46 eliminated
14:05:47  src.cpcv.preprocessing  INFO    Selected (16): ['chaikin_osc', 'dxy_roc_30', 'exchange_supply_pct', 'gk_vol', 'jarque_bera', 'log_returns', 'log_returns_lag1', 'log_returns_lag7', 'roc_14', 'silver_ret_30', 'stoch_d', 'us10y', 'us2y', 'variance_ratio', 'vol_term_7_30', 'yield_curve_10y30y']
14:05:47  src.cpcv.pipeline  INFO    Preprocessing: 16 features selected, train=688 + cal=172, test=89
14:05:47  src.cpcv.tuning  INFO  Tuning (1 model) — Optuna TPE + Purged K-Fold (inner: 3 folds, embargo=10 obs)
14:05:47  src.cpcv.tuning  INFO    [tuning] kan (efficient-kan + AdamW): 3 purged K-fold splits, 30 Optuna trials (TPE)
14:07:34  src.cpcv.tuning  INFO      kan: 23 completed, 7 pruned (of 30 total) — best log_loss=0.6880, params={'width1': 4, 'width2': 0, 'lr': 0.0009160024672529448, 'weight_decay': 4.0382914730289914e-05, 'grid': 7}
14:07:34  src.cpcv.tuning  INFO    [tuning] kan done in 106.5s — best log_loss=0.6880
14:07:34  src.cpcv.tuning  INFO  Tuning total: 106.5s
14:07:34  src.cpcv.pipeline  INFO      applied kan: {'width1': 4, 'width2': 0, 'grid': 7, 'lr': 0.0009160024672529448, 'weight_decay': 4.0382914730289914e-05}
14:07:34  src.cpcv.models.kan_model  INFO  KAN fitted: widths=[16, 4, 2], grid=7, epochs=22, val_acc=0.5116, val_loss=0.6933, logit_range=[-0.10, 0.08], device=cpu.
14:07:34  src.cpcv.pipeline  INFO    [  1/84]                  kan (seed=0) F1=0.399  AUC=0.490  LL=0.6566 (0.8s)
14:07:35  src.cpcv.models.kan_model  INFO  KAN fitted: widths=[16, 4, 2], grid=7, epochs=21, val_acc=0.5407, val_loss=0.6941, logit_range=[-0.09, 0.13], device=cpu.
14:07:35  src.cpcv.pipeline  INFO    [  2/84]                  kan (seed=1) F1=0.399  AUC=0.466  LL=0.6652 (0.4s)
14:07:36  src.cpcv.models.kan_model  INFO  KAN fitted: widths=[16, 4, 2], grid=7, epochs=81, val_acc=0.5174, val_loss=0.6937, logit_range=[-0.17, 0.11], device=cpu.
14:07:36  src.cpcv.pipeline  INFO    [  3/84]                  kan (seed=2) F1=0.516  AUC=0.590  LL=0.6675 (1.4s)
14:07:36  src.cpcv.preprocessing  INFO  Computing MDA (Random Forest)...
14:07:58  src.cpcv.preprocessing  INFO  Computing MDA (Logistic Regression)...
14:07:59  src.cpcv.preprocessing  INFO  Multi-model MDA: 49/62 passed (MDA > 0), 13 eliminated
14:07:59  src.cpcv.preprocessing  INFO    Capped at 18 features (top_k_frac=0.3)
14:07:59  src.cpcv.preprocessing  INFO    Selected (18): ['atr', 'bb_width', 'dxy_roc_30', 'ema_ratio_50_200', 'issuance_ntv', 'log_returns', 'macd_hist', 'nasdaq_ret_30', 'oil_ret_30', 'realized_vol', 'shannon_entropy', 'skewness', 'smt_exp', 'smt_poly1', 'stoch_d', 'tx_count_roc_14', 'us2y', 'yield_curve_2y10y']
14:07:59  src.cpcv.pipeline  INFO    Preprocessing: 18 features selected, train=643 + cal=161, test=144
14:07:59  src.cpcv.tuning  INFO  Tuning (1 model) — Optuna TPE + Purged K-Fold (inner: 3 folds, embargo=10 obs)
14:07:59  src.cpcv.tuning  INFO    [tuning] kan (efficient-kan + AdamW): 3 purged K-fold splits, 30 Optuna trials (TPE)
14:09:10  src.cpcv.tuning  INFO      kan: 10 completed, 20 pruned (of 30 total) — best log_loss=0.6921, params={'width1': 3, 'width2': 2, 'lr': 0.0010596254568718338, 'weight_decay': 6.701474928858245e-05, 'grid': 7}
14:09:10  src.cpcv.tuning  INFO    [tuning] kan done in 70.9s — best log_loss=0.6921
14:09:10  src.cpcv.tuning  INFO  Tuning total: 70.9s
14:09:10  src.cpcv.pipeline  INFO      applied kan: {'width1': 3, 'width2': 2, 'grid': 7, 'lr': 0.0010596254568718338, 'weight_decay': 6.701474928858245e-05}
14:09:14  src.cpcv.models.kan_model  INFO  KAN fitted: widths=[18, 3, 2, 2], grid=7, epochs=163, val_acc=0.5155, val_loss=0.6883, logit_range=[-0.27, 0.36], device=cpu.
14:09:14  src.cpcv.pipeline  INFO    [  4/84]                  kan (seed=0) F1=0.361  AUC=0.516  LL=0.8233 (3.7s)
14:09:17  src.cpcv.models.kan_model  INFO  KAN fitted: widths=[18, 3, 2, 2], grid=7, epochs=162, val_acc=0.4720, val_loss=0.6893, logit_range=[-0.15, 0.22], device=cpu.
14:09:17  src.cpcv.pipeline  INFO    [  5/84]                  kan (seed=1) F1=0.311  AUC=0.456  LL=0.8981 (3.5s)
14:09:20  src.cpcv.models.kan_model  INFO  KAN fitted: widths=[18, 3, 2, 2], grid=7, epochs=159, val_acc=0.5031, val_loss=0.6898, logit_range=[-0.28, 0.24], device=cpu.
14:09:21  src.cpcv.pipeline  INFO    [  6/84]                  kan (seed=2) F1=0.341  AUC=0.437  LL=0.7533 (3.3s)
14:09:21  src.cpcv.preprocessing  INFO  Computing MDA (Random Forest)...
14:09:44  src.cpcv.preprocessing  INFO  Computing MDA (Logistic Regression)...
14:09:45  src.cpcv.preprocessing  WARNING  [split 3/28] Only 3 features with MDA > 0. Taking top 5 by MDA value.
14:09:45  src.cpcv.preprocessing  INFO  Multi-model MDA: 3/62 passed (MDA > 0), 59 eliminated
14:09:45  src.cpcv.preprocessing  INFO    Selected (5): ['jarque_bera', 'log_returns_lag1', 'oil_ret_30', 'roc_14', 'stoch_d']
14:09:45  src.cpcv.pipeline  INFO    Preprocessing: 5 features selected, train=644 + cal=161, test=144
14:09:45  src.cpcv.tuning  INFO  Tuning (1 model) — Optuna TPE + Purged K-Fold (inner: 3 folds, embargo=10 obs)
14:09:45  src.cpcv.tuning  INFO    [tuning] kan (efficient-kan + AdamW): 3 purged K-fold splits, 30 Optuna trials (TPE)
14:10:21  src.cpcv.tuning  INFO      kan: 19 completed, 11 pruned (of 30 total) — best log_loss=0.6900, params={'width1': 7, 'width2': 0, 'lr': 0.0016511836965089905, 'weight_decay': 1.8870746972915878e-05, 'grid': 3}
14:10:21  src.cpcv.tuning  INFO    [tuning] kan done in 36.1s — best log_loss=0.6900
14:10:21  src.cpcv.tuning  INFO  Tuning total: 36.1s
14:10:21  src.cpcv.pipeline  INFO      applied kan: {'width1': 7, 'width2': 0, 'grid': 3, 'lr': 0.0016511836965089905, 'weight_decay': 1.8870746972915878e-05}
14:10:21  src.cpcv.models.kan_model  INFO  KAN fitted: widths=[5, 7, 2], grid=3, epochs=21, val_acc=0.5466, val_loss=0.6931, logit_range=[-0.11, 0.19], device=cpu.
14:10:21  src.cpcv.pipeline  INFO    [  7/84]                  kan (seed=0) F1=0.363  AUC=0.526  LL=0.6842 (0.5s)
14:10:22  src.cpcv.models.kan_model  INFO  KAN fitted: widths=[5, 7, 2], grid=3, epochs=24, val_acc=0.4658, val_loss=0.6961, logit_range=[-0.11, 0.07], device=cpu.
14:10:22  src.cpcv.pipeline  INFO    [  8/84]                  kan (seed=1) F1=0.363  AUC=0.504  LL=0.6841 (0.5s)
14:10:22  src.cpcv.models.kan_model  INFO  KAN fitted: widths=[5, 7, 2], grid=3, epochs=21, val_acc=0.5466, val_loss=0.6933, logit_range=[-0.07, 0.04], device=cpu.
14:10:22  src.cpcv.pipeline  INFO    [  9/84]                  kan (seed=2) F1=0.374  AUC=0.621  LL=0.6721 (0.4s)
14:10:22  src.cpcv.preprocessing  INFO  Computing MDA (Random Forest)...
14:10:44  src.cpcv.preprocessing  INFO  Computing MDA (Logistic Regression)...
14:10:45  src.cpcv.preprocessing  INFO  Multi-model MDA: 36/62 passed (MDA > 0), 26 eliminated
14:10:45  src.cpcv.preprocessing  INFO    Capped at 18 features (top_k_frac=0.3)
14:10:45  src.cpcv.preprocessing  INFO    Selected (18): ['active_addr_roc_14', 'atr', 'bb_width', 'dxy_roc_30', 'jarque_bera', 'log_returns_lag2', 'log_returns_lag30', 'macd_hist', 'mvrv', 'net_exchange_flow', 'obv', 'oil_ret_30', 'sadf', 'smt_exp', 'sp500_ret_30', 'stoch_d', 'vix', 'yield_curve_10y30y']
14:10:45  src.cpcv.pipeline  INFO    Preprocessing: 18 features selected, train=644 + cal=161, test=144
14:10:45  src.cpcv.tuning  INFO  Tuning (1 model) — Optuna TPE + Purged K-Fold (inner: 3 folds, embargo=10 obs)
14:10:45  src.cpcv.tuning  INFO    [tuning] kan (efficient-kan + AdamW): 3 purged K-fold splits, 30 Optuna trials (TPE)
14:11:35  src.cpcv.tuning  INFO      kan: 17 completed, 13 pruned (of 30 total) — best log_loss=0.6911, params={'width1': 5, 'width2': 3, 'lr': 0.0028792241562919643, 'weight_decay': 0.004812290828879098, 'grid': 5}
14:11:35  src.cpcv.tuning  INFO    [tuning] kan done in 50.1s — best log_loss=0.6911
14:11:35  src.cpcv.tuning  INFO  Tuning total: 50.1s
14:11:35  src.cpcv.pipeline  INFO      applied kan: {'width1': 5, 'width2': 3, 'grid': 5, 'lr': 0.0028792241562919643, 'weight_decay': 0.004812290828879098}
14:11:36  src.cpcv.models.kan_model  INFO  KAN fitted: widths=[18, 5, 3, 2], grid=5, epochs=21, val_acc=0.5404, val_loss=0.6936, logit_range=[-0.04, 0.02], device=cpu.
14:11:36  src.cpcv.pipeline  INFO    [ 10/84]                  kan (seed=0) F1=0.374  AUC=0.474  LL=0.6782 (0.5s)
14:11:37  src.cpcv.models.kan_model  INFO  KAN fitted: widths=[18, 5, 3, 2], grid=5, epochs=27, val_acc=0.5528, val_loss=0.6934, logit_range=[-0.02, 0.04], device=cpu.
14:11:37  src.cpcv.pipeline  INFO    [ 11/84]                  kan (seed=1) F1=0.374  AUC=0.546  LL=0.6756 (0.7s)
14:11:37  src.cpcv.models.kan_model  INFO  KAN fitted: widths=[18, 5, 3, 2], grid=5, epochs=22, val_acc=0.5155, val_loss=0.6939, logit_range=[-0.04, 0.04], device=cpu.
14:11:37  src.cpcv.pipeline  INFO    [ 12/84]                  kan (seed=2) F1=0.374  AUC=0.508  LL=0.6781 (0.6s)
14:11:38  src.cpcv.preprocessing  INFO  Computing MDA (Random Forest)...
14:12:00  src.cpcv.preprocessing  INFO  Computing MDA (Logistic Regression)...
14:12:01  src.cpcv.preprocessing  INFO  Multi-model MDA: 45/62 passed (MDA > 0), 17 eliminated
14:12:01  src.cpcv.preprocessing  INFO    Capped at 18 features (top_k_frac=0.3)
14:12:01  src.cpcv.preprocessing  INFO    Selected (18): ['bb_width', 'eth_btc_ratio', 'exchange_supply_pct', 'jarque_bera', 'kurtosis', 'log_returns', 'log_returns_lag30', 'macd_hist', 'mfi_14', 'mvrv', 'natgas_ret_30', 'obv', 'realized_vol', 'rsi', 'sadf', 'skewness', 'yield_curve_10y30y', 'yz_vol']
14:12:01  src.cpcv.pipeline  INFO    Preprocessing: 18 features selected, train=642 + cal=161, test=144
14:12:01  src.cpcv.tuning  INFO  Tuning (1 model) — Optuna TPE + Purged K-Fold (inner: 3 folds, embargo=10 obs)
14:12:01  src.cpcv.tuning  INFO    [tuning] kan (efficient-kan + AdamW): 3 purged K-fold splits, 30 Optuna trials (TPE)
14:13:31  src.cpcv.tuning  INFO      kan: 7 completed, 23 pruned (of 30 total) — best log_loss=0.6862, params={'width1': 5, 'width2': 3, 'lr': 0.0026975154833351147, 'weight_decay': 0.00041282053438262235, 'grid': 3}
14:13:31  src.cpcv.tuning  INFO    [tuning] kan done in 90.1s — best log_loss=0.6862
14:13:31  src.cpcv.tuning  INFO  Tuning total: 90.1s
14:13:31  src.cpcv.pipeline  INFO      applied kan: {'width1': 5, 'width2': 3, 'grid': 3, 'lr': 0.0026975154833351147, 'weight_decay': 0.00041282053438262235}
14:13:32  src.cpcv.models.kan_model  INFO  KAN fitted: widths=[18, 5, 3, 2], grid=3, epochs=21, val_acc=0.4658, val_loss=0.6945, logit_range=[-0.03, 0.02], device=cpu.
14:13:32  src.cpcv.pipeline  INFO    [ 13/84]                  kan (seed=0) F1=0.336  AUC=0.393  LL=0.6973 (0.5s)
14:13:32  src.cpcv.models.kan_model  INFO  KAN fitted: widths=[18, 5, 3, 2], grid=3, epochs=21, val_acc=0.4907, val_loss=0.6944, logit_range=[-0.03, 0.02], device=cpu.
14:13:32  src.cpcv.pipeline  INFO    [ 14/84]                  kan (seed=1) F1=0.336  AUC=0.492  LL=0.6973 (0.5s)
14:13:33  src.cpcv.models.kan_model  INFO  KAN fitted: widths=[18, 5, 3, 2], grid=3, epochs=21, val_acc=0.5528, val_loss=0.6941, logit_range=[-0.03, 0.01], device=cpu.
14:13:33  src.cpcv.pipeline  INFO    [ 15/84]                  kan (seed=2) F1=0.336  AUC=0.581  LL=0.6948 (0.5s)
14:13:33  src.cpcv.preprocessing  INFO  Computing MDA (Random Forest)...
14:13:55  src.cpcv.preprocessing  INFO  Computing MDA (Logistic Regression)...
14:13:56  src.cpcv.preprocessing  INFO  Multi-model MDA: 22/62 passed (MDA > 0), 40 eliminated
14:13:56  src.cpcv.preprocessing  INFO    Capped at 18 features (top_k_frac=0.3)
14:13:56  src.cpcv.preprocessing  INFO    Selected (18): ['chaikin_osc', 'dxy_roc_30', 'eth_btc_ratio', 'gold_ret_30', 'hashrate_roc_30', 'jarque_bera', 'kurtosis', 'macd', 'macd_signal', 'net_exchange_flow', 'obv', 'oil_ret_30', 'roc_14', 'shannon_entropy', 'smt_poly1', 'sp500_ret_30', 'stoch_k', 'yield_curve_10y30y']
14:13:56  src.cpcv.pipeline  INFO    Preprocessing: 18 features selected, train=643 + cal=161, test=144
14:13:56  src.cpcv.tuning  INFO  Tuning (1 model) — Optuna TPE + Purged K-Fold (inner: 3 folds, embargo=10 obs)
14:13:56  src.cpcv.tuning  INFO    [tuning] kan (efficient-kan + AdamW): 3 purged K-fold splits, 30 Optuna trials (TPE)
14:16:12  src.cpcv.tuning  INFO      kan: 12 completed, 18 pruned (of 30 total) — best log_loss=0.6875, params={'width1': 5, 'width2': 0, 'lr': 0.0007139935275659447, 'weight_decay': 4.8796804096588994e-05, 'grid': 7}
14:16:12  src.cpcv.tuning  INFO    [tuning] kan done in 135.7s — best log_loss=0.6875
14:16:12  src.cpcv.tuning  INFO  Tuning total: 135.7s
14:16:12  src.cpcv.pipeline  INFO      applied kan: {'width1': 5, 'width2': 0, 'grid': 7, 'lr': 0.0007139935275659447, 'weight_decay': 4.8796804096588994e-05}
14:16:14  src.cpcv.models.kan_model  INFO  KAN fitted: widths=[18, 5, 2], grid=7, epochs=112, val_acc=0.5031, val_loss=0.6873, logit_range=[-0.18, 0.28], device=cpu.
14:16:14  src.cpcv.pipeline  INFO    [ 16/84]                  kan (seed=0) F1=0.457  AUC=0.449  LL=0.7067 (1.8s)
14:16:15  src.cpcv.models.kan_model  INFO  KAN fitted: widths=[18, 5, 2], grid=7, epochs=71, val_acc=0.4472, val_loss=0.6938, logit_range=[-0.18, 0.15], device=cpu.
14:16:15  src.cpcv.pipeline  INFO    [ 17/84]                  kan (seed=1) F1=0.357  AUC=0.461  LL=0.6902 (1.2s)
14:16:15  src.cpcv.models.kan_model  INFO  KAN fitted: widths=[18, 5, 2], grid=7, epochs=21, val_acc=0.4720, val_loss=0.6927, logit_range=[-0.11, 0.13], device=cpu.
14:16:16  src.cpcv.pipeline  INFO    [ 18/84]                  kan (seed=2) F1=0.357  AUC=0.488  LL=0.6903 (0.4s)
14:16:16  src.cpcv.preprocessing  INFO  Computing MDA (Random Forest)...
14:16:38  src.cpcv.preprocessing  INFO  Computing MDA (Logistic Regression)...
14:16:39  src.cpcv.preprocessing  INFO  Multi-model MDA: 29/62 passed (MDA > 0), 33 eliminated
14:16:39  src.cpcv.preprocessing  INFO    Capped at 18 features (top_k_frac=0.3)
14:16:39  src.cpcv.preprocessing  INFO    Selected (18): ['active_addr_roc_14', 'atr', 'bb_width', 'copper_ret_30', 'eth_btc_ratio', 'gold_ret_30', 'hurst', 'kurtosis', 'log_returns_lag1', 'log_returns_lag14', 'macd', 'macd_signal', 'net_exchange_flow', 'sadf', 'skewness', 'vol_term_30_90', 'williams_r', 'yield_curve_10y30y']
14:16:39  src.cpcv.pipeline  INFO    Preprocessing: 18 features selected, train=644 + cal=162, test=151
14:16:39  src.cpcv.tuning  INFO  Tuning (1 model) — Optuna TPE + Purged K-Fold (inner: 3 folds, embargo=10 obs)
14:16:39  src.cpcv.tuning  INFO    [tuning] kan (efficient-kan + AdamW): 3 purged K-fold splits, 30 Optuna trials (TPE)
14:18:41  src.cpcv.tuning  INFO      kan: 18 completed, 12 pruned (of 30 total) — best log_loss=0.6834, params={'width1': 6, 'width2': 2, 'lr': 0.003639204486085944, 'weight_decay': 0.00010619443892584797, 'grid': 7}
14:18:41  src.cpcv.tuning  INFO    [tuning] kan done in 121.7s — best log_loss=0.6834
14:18:41  src.cpcv.tuning  INFO  Tuning total: 121.7s
14:18:41  src.cpcv.pipeline  INFO      applied kan: {'width1': 6, 'width2': 2, 'grid': 7, 'lr': 0.003639204486085944, 'weight_decay': 0.00010619443892584797}
14:18:42  src.cpcv.models.kan_model  INFO  KAN fitted: widths=[18, 6, 2, 2], grid=7, epochs=22, val_acc=0.4815, val_loss=0.6935, logit_range=[-0.05, 0.04], device=cpu.
14:18:42  src.cpcv.pipeline  INFO    [ 19/84]                  kan (seed=0) F1=0.357  AUC=0.546  LL=0.6895 (0.5s)
14:18:42  src.cpcv.models.kan_model  INFO  KAN fitted: widths=[18, 6, 2, 2], grid=7, epochs=30, val_acc=0.4506, val_loss=0.6931, logit_range=[-0.07, 0.09], device=cpu.
14:18:42  src.cpcv.pipeline  INFO    [ 20/84]                  kan (seed=1) F1=0.357  AUC=0.549  LL=0.6896 (0.7s)
14:18:43  src.cpcv.models.kan_model  INFO  KAN fitted: widths=[18, 6, 2, 2], grid=7, epochs=38, val_acc=0.5123, val_loss=0.6927, logit_range=[-0.07, 0.08], device=cpu.
14:18:43  src.cpcv.pipeline  INFO    [ 21/84]                  kan (seed=2) F1=0.374  AUC=0.534  LL=0.6869 (0.8s)
14:18:43  src.cpcv.preprocessing  INFO  Computing MDA (Random Forest)...
14:19:02  src.cpcv.preprocessing  INFO  Computing MDA (Logistic Regression)...
14:19:03  src.cpcv.preprocessing  INFO  Multi-model MDA: 27/62 passed (MDA > 0), 35 eliminated
14:19:03  src.cpcv.preprocessing  INFO    Capped at 18 features (top_k_frac=0.3)
14:19:03  src.cpcv.preprocessing  INFO    Selected (18): ['cci_14', 'chaikin_osc', 'dxy_roc_30', 'eth_btc_ratio', 'gk_vol', 'gold_ret_30', 'hashrate_roc_30', 'hurst', 'jarque_bera', 'log_returns_lag1', 'log_returns_lag14', 'lz_complexity', 'roc_14', 'sadf', 'stoch_k', 'williams_r', 'yield_curve_2y10y', 'yz_vol']
14:19:03  src.cpcv.pipeline  INFO    Preprocessing: 18 features selected, train=572 + cal=144, test=233
14:19:03  src.cpcv.tuning  INFO  Tuning (1 model) — Optuna TPE + Purged K-Fold (inner: 3 folds, embargo=10 obs)
14:19:03  src.cpcv.tuning  INFO    [tuning] kan (efficient-kan + AdamW): 3 purged K-fold splits, 30 Optuna trials (TPE)
14:20:25  src.cpcv.tuning  INFO      kan: 19 completed, 11 pruned (of 30 total) — best log_loss=0.6859, params={'width1': 8, 'width2': 2, 'lr': 0.004970069452604586, 'weight_decay': 6.0611915752992926e-05, 'grid': 3}
14:20:25  src.cpcv.tuning  INFO    [tuning] kan done in 81.7s — best log_loss=0.6859
14:20:25  src.cpcv.tuning  INFO  Tuning total: 81.7s
14:20:25  src.cpcv.pipeline  INFO      applied kan: {'width1': 8, 'width2': 2, 'grid': 3, 'lr': 0.004970069452604586, 'weight_decay': 6.0611915752992926e-05}
14:20:26  src.cpcv.models.kan_model  INFO  KAN fitted: widths=[18, 8, 2, 2], grid=3, epochs=21, val_acc=0.4653, val_loss=0.6965, logit_range=[-0.09, 0.07], device=cpu.
14:20:26  src.cpcv.pipeline  INFO    [ 22/84]                  kan (seed=0) F1=0.347  AUC=0.498  LL=0.6921 (0.6s)
14:20:26  src.cpcv.models.kan_model  INFO  KAN fitted: widths=[18, 8, 2, 2], grid=3, epochs=31, val_acc=0.4653, val_loss=0.6938, logit_range=[-0.14, 0.05], device=cpu.
14:20:26  src.cpcv.pipeline  INFO    [ 23/84]                  kan (seed=1) F1=0.347  AUC=0.547  LL=0.6954 (0.8s)
14:20:28  src.cpcv.models.kan_model  INFO  KAN fitted: widths=[18, 8, 2, 2], grid=3, epochs=56, val_acc=0.5486, val_loss=0.6905, logit_range=[-0.16, 0.27], device=cpu.
14:20:28  src.cpcv.pipeline  INFO    [ 24/84]                  kan (seed=2) F1=0.357  AUC=0.579  LL=0.6996 (1.3s)
14:20:28  src.cpcv.preprocessing  INFO  Computing MDA (Random Forest)...
14:20:47  src.cpcv.preprocessing  INFO  Computing MDA (Logistic Regression)...
14:20:48  src.cpcv.preprocessing  INFO  Multi-model MDA: 53/62 passed (MDA > 0), 9 eliminated
14:20:48  src.cpcv.preprocessing  INFO    Capped at 18 features (top_k_frac=0.3)
14:20:48  src.cpcv.preprocessing  INFO    Selected (18): ['copper_ret_30', 'eth_btc_ratio', 'gk_vol', 'log_returns_lag3', 'macd', 'macd_hist', 'mvrv', 'net_exchange_flow', 'realized_vol', 'sadf', 'silver_ret_30', 'skewness', 'smt_exp', 'stoch_k', 'variance_ratio', 'vix', 'vol_term_30_90', 'vol_term_7_30']
14:20:48  src.cpcv.pipeline  INFO    Preprocessing: 18 features selected, train=564 + cal=141, test=233
14:20:48  src.cpcv.tuning  INFO  Tuning (1 model) — Optuna TPE + Purged K-Fold (inner: 3 folds, embargo=10 obs)
14:20:48  src.cpcv.tuning  INFO    [tuning] kan (efficient-kan + AdamW): 3 purged K-fold splits, 30 Optuna trials (TPE)
14:22:46  src.cpcv.tuning  INFO      kan: 18 completed, 12 pruned (of 30 total) — best log_loss=0.6845, params={'width1': 4, 'width2': 2, 'lr': 0.0012803807305589584, 'weight_decay': 0.00012009803728307452, 'grid': 5}
14:22:46  src.cpcv.tuning  INFO    [tuning] kan done in 117.9s — best log_loss=0.6845
14:22:46  src.cpcv.tuning  INFO  Tuning total: 117.9s
14:22:46  src.cpcv.pipeline  INFO      applied kan: {'width1': 4, 'width2': 2, 'grid': 5, 'lr': 0.0012803807305589584, 'weight_decay': 0.00012009803728307452}
14:22:49  src.cpcv.models.kan_model  INFO  KAN fitted: widths=[18, 4, 2, 2], grid=5, epochs=182, val_acc=0.6099, val_loss=0.6632, logit_range=[-0.53, 0.46], device=cpu.
14:22:49  src.cpcv.pipeline  INFO    [ 25/84]                  kan (seed=0) F1=0.446  AUC=0.456  LL=0.7804 (3.7s)
14:22:53  src.cpcv.models.kan_model  INFO  KAN fitted: widths=[18, 4, 2, 2], grid=5, epochs=163, val_acc=0.6241, val_loss=0.6726, logit_range=[-0.36, 0.44], device=cpu.
14:22:53  src.cpcv.pipeline  INFO    [ 26/84]                  kan (seed=1) F1=0.462  AUC=0.449  LL=0.7895 (3.3s)
14:22:56  src.cpcv.models.kan_model  INFO  KAN fitted: widths=[18, 4, 2, 2], grid=5, epochs=185, val_acc=0.6312, val_loss=0.6692, logit_range=[-0.33, 0.35], device=cpu.
14:22:56  src.cpcv.pipeline  INFO    [ 27/84]                  kan (seed=2) F1=0.461  AUC=0.461  LL=0.7640 (3.7s)
14:22:57  src.cpcv.preprocessing  INFO  Computing MDA (Random Forest)...
14:23:16  src.cpcv.preprocessing  INFO  Computing MDA (Logistic Regression)...
14:23:17  src.cpcv.preprocessing  INFO  Multi-model MDA: 38/62 passed (MDA > 0), 24 eliminated
14:23:17  src.cpcv.preprocessing  INFO    Capped at 18 features (top_k_frac=0.3)
14:23:17  src.cpcv.preprocessing  INFO    Selected (18): ['bb_width', 'cci_14', 'ema_ratio_50_200', 'exchange_supply_pct', 'gk_vol', 'jarque_bera', 'log_returns', 'log_returns_lag1', 'mvrv', 'natgas_ret_30', 'roc_14', 'sadf', 'silver_ret_30', 'smt_poly1', 'sp500_ret_30', 'stoch_k', 'tx_count_roc_14', 'williams_r']
14:23:17  src.cpcv.pipeline  INFO    Preprocessing: 18 features selected, train=564 + cal=141, test=233
14:23:17  src.cpcv.tuning  INFO  Tuning (1 model) — Optuna TPE + Purged K-Fold (inner: 3 folds, embargo=10 obs)
14:23:17  src.cpcv.tuning  INFO    [tuning] kan (efficient-kan + AdamW): 3 purged K-fold splits, 30 Optuna trials (TPE)
14:24:16  src.cpcv.tuning  INFO      kan: 23 completed, 7 pruned (of 30 total) — best log_loss=0.6893, params={'width1': 7, 'width2': 0, 'lr': 0.004685896725588945, 'weight_decay': 5.3026070286631784e-05, 'grid': 5}
14:24:16  src.cpcv.tuning  INFO    [tuning] kan done in 59.2s — best log_loss=0.6893
14:24:16  src.cpcv.tuning  INFO  Tuning total: 59.2s
14:24:16  src.cpcv.pipeline  INFO      applied kan: {'width1': 7, 'width2': 0, 'grid': 5, 'lr': 0.004685896725588945, 'weight_decay': 5.3026070286631784e-05}
14:24:17  src.cpcv.models.kan_model  INFO  KAN fitted: widths=[18, 7, 2], grid=5, epochs=28, val_acc=0.5319, val_loss=0.6884, logit_range=[-0.16, 0.21], device=cpu.
14:24:17  src.cpcv.pipeline  INFO    [ 28/84]                  kan (seed=0) F1=0.551  AUC=0.587  LL=0.6621 (0.5s)
14:24:18  src.cpcv.models.kan_model  INFO  KAN fitted: widths=[18, 7, 2], grid=5, epochs=52, val_acc=0.5603, val_loss=0.6899, logit_range=[-0.20, 0.23], device=cpu.
14:24:18  src.cpcv.pipeline  INFO    [ 29/84]                  kan (seed=1) F1=0.521  AUC=0.550  LL=0.6648 (0.9s)
14:24:18  src.cpcv.models.kan_model  INFO  KAN fitted: widths=[18, 7, 2], grid=5, epochs=31, val_acc=0.5177, val_loss=0.6913, logit_range=[-0.08, 0.20], device=cpu.
14:24:18  src.cpcv.pipeline  INFO    [ 30/84]                  kan (seed=2) F1=0.539  AUC=0.512  LL=0.6662 (0.6s)
14:24:19  src.cpcv.preprocessing  INFO  Computing MDA (Random Forest)...
14:24:38  src.cpcv.preprocessing  INFO  Computing MDA (Logistic Regression)...
14:24:39  src.cpcv.preprocessing  INFO  Multi-model MDA: 31/62 passed (MDA > 0), 31 eliminated
14:24:39  src.cpcv.preprocessing  INFO    Capped at 18 features (top_k_frac=0.3)
14:24:39  src.cpcv.preprocessing  INFO    Selected (18): ['active_addr_roc_14', 'dxy_roc_30', 'eth_btc_ratio', 'exchange_supply_pct', 'kurtosis', 'log_returns_lag1', 'log_returns_lag3', 'mfi_14', 'natgas_ret_30', 'obv', 'roc_14', 'rsi', 'sadf', 'stoch_k', 'variance_ratio', 'vix', 'vol_term_30_90', 'yield_curve_2y10y']
14:24:39  src.cpcv.pipeline  INFO    Preprocessing: 18 features selected, train=562 + cal=141, test=233
14:24:39  src.cpcv.tuning  INFO  Tuning (1 model) — Optuna TPE + Purged K-Fold (inner: 3 folds, embargo=10 obs)
14:24:39  src.cpcv.tuning  INFO    [tuning] kan (efficient-kan + AdamW): 3 purged K-fold splits, 30 Optuna trials (TPE)
14:26:07  src.cpcv.tuning  INFO      kan: 13 completed, 17 pruned (of 30 total) — best log_loss=0.6892, params={'width1': 3, 'width2': 3, 'lr': 0.0009072980676745121, 'weight_decay': 0.0006139426050898153, 'grid': 7}
14:26:07  src.cpcv.tuning  INFO    [tuning] kan done in 88.1s — best log_loss=0.6892
14:26:07  src.cpcv.tuning  INFO  Tuning total: 88.1s
14:26:07  src.cpcv.pipeline  INFO      applied kan: {'width1': 3, 'width2': 3, 'grid': 7, 'lr': 0.0009072980676745121, 'weight_decay': 0.0006139426050898153}
14:26:08  src.cpcv.models.kan_model  INFO  KAN fitted: widths=[18, 3, 3, 2], grid=7, epochs=21, val_acc=0.5532, val_loss=0.6939, logit_range=[-0.03, 0.01], device=cpu.
14:26:08  src.cpcv.pipeline  INFO    [ 31/84]                  kan (seed=0) F1=0.362  AUC=0.500  LL=0.6853 (0.4s)
14:26:08  src.cpcv.models.kan_model  INFO  KAN fitted: widths=[18, 3, 3, 2], grid=7, epochs=21, val_acc=0.4823, val_loss=0.6945, logit_range=[-0.03, 0.02], device=cpu.
14:26:08  src.cpcv.pipeline  INFO    [ 32/84]                  kan (seed=1) F1=0.362  AUC=0.462  LL=0.6851 (0.5s)
14:26:09  src.cpcv.models.kan_model  INFO  KAN fitted: widths=[18, 3, 3, 2], grid=7, epochs=21, val_acc=0.4965, val_loss=0.6941, logit_range=[-0.02, 0.01], device=cpu.
14:26:09  src.cpcv.pipeline  INFO    [ 33/84]                  kan (seed=2) F1=0.362  AUC=0.562  LL=0.6851 (0.5s)
14:26:09  src.cpcv.preprocessing  INFO  Computing MDA (Random Forest)...
14:26:28  src.cpcv.preprocessing  INFO  Computing MDA (Logistic Regression)...
14:26:29  src.cpcv.preprocessing  INFO  Multi-model MDA: 34/62 passed (MDA > 0), 28 eliminated
14:26:29  src.cpcv.preprocessing  INFO    Capped at 18 features (top_k_frac=0.3)
14:26:29  src.cpcv.preprocessing  INFO    Selected (18): ['active_addr_roc_14', 'bb_width', 'chaikin_osc', 'ema_ratio_50_200', 'issuance_ntv', 'kurtosis', 'log_returns_lag7', 'mfi_14', 'nasdaq_ret_30', 'negentropy', 'shannon_entropy', 'silver_ret_30', 'skewness', 'sp500_ret_30', 'us10y', 'vix', 'vol_term_7_30', 'yield_curve_2y10y']
14:26:29  src.cpcv.pipeline  INFO    Preprocessing: 18 features selected, train=563 + cal=141, test=233
14:26:29  src.cpcv.tuning  INFO  Tuning (1 model) — Optuna TPE + Purged K-Fold (inner: 3 folds, embargo=10 obs)
14:26:29  src.cpcv.tuning  INFO    [tuning] kan (efficient-kan + AdamW): 3 purged K-fold splits, 30 Optuna trials (TPE)
14:28:31  src.cpcv.tuning  INFO      kan: 11 completed, 19 pruned (of 30 total) — best log_loss=0.6739, params={'width1': 7, 'width2': 3, 'lr': 0.004157085643240415, 'weight_decay': 0.0004161138862718892, 'grid': 3}
14:28:31  src.cpcv.tuning  INFO    [tuning] kan done in 121.7s — best log_loss=0.6739
14:28:31  src.cpcv.tuning  INFO  Tuning total: 121.7s
14:28:31  src.cpcv.pipeline  INFO      applied kan: {'width1': 7, 'width2': 3, 'grid': 3, 'lr': 0.004157085643240415, 'weight_decay': 0.0004161138862718892}
14:28:31  src.cpcv.models.kan_model  INFO  KAN fitted: widths=[18, 7, 3, 2], grid=3, epochs=32, val_acc=0.4894, val_loss=0.6932, logit_range=[-0.14, 0.10], device=cpu.
14:28:31  src.cpcv.pipeline  INFO    [ 34/84]                  kan (seed=0) F1=0.387  AUC=0.555  LL=0.6706 (0.8s)
14:28:32  src.cpcv.models.kan_model  INFO  KAN fitted: widths=[18, 7, 3, 2], grid=3, epochs=35, val_acc=0.4610, val_loss=0.6917, logit_range=[-0.16, 0.08], device=cpu.
14:28:32  src.cpcv.pipeline  INFO    [ 35/84]                  kan (seed=1) F1=0.513  AUC=0.571  LL=0.6748 (0.9s)
14:28:33  src.cpcv.models.kan_model  INFO  KAN fitted: widths=[18, 7, 3, 2], grid=3, epochs=51, val_acc=0.4752, val_loss=0.6904, logit_range=[-0.26, 0.13], device=cpu.
14:28:33  src.cpcv.pipeline  INFO    [ 36/84]                  kan (seed=2) F1=0.496  AUC=0.568  LL=0.6851 (1.2s)
14:28:34  src.cpcv.preprocessing  INFO  Computing MDA (Random Forest)...
14:28:53  src.cpcv.preprocessing  INFO  Computing MDA (Logistic Regression)...
14:28:54  src.cpcv.preprocessing  INFO  Multi-model MDA: 25/62 passed (MDA > 0), 37 eliminated
14:28:54  src.cpcv.preprocessing  INFO    Capped at 18 features (top_k_frac=0.3)
14:28:54  src.cpcv.preprocessing  INFO    Selected (18): ['bb_width', 'eth_btc_ratio', 'jarque_bera', 'kurtosis', 'log_returns', 'log_returns_lag2', 'lz_complexity', 'macd_hist', 'macd_signal', 'rsi', 'sadf', 'skewness', 'tx_count_roc_14', 'us10y', 'us2y', 'vix', 'yield_curve_10y30y', 'yield_curve_2y10y']
14:28:54  src.cpcv.pipeline  INFO    Preprocessing: 18 features selected, train=564 + cal=142, test=240
14:28:54  src.cpcv.tuning  INFO  Tuning (1 model) — Optuna TPE + Purged K-Fold (inner: 3 folds, embargo=10 obs)
14:28:54  src.cpcv.tuning  INFO    [tuning] kan (efficient-kan + AdamW): 3 purged K-fold splits, 30 Optuna trials (TPE)
14:31:00  src.cpcv.tuning  INFO      kan: 10 completed, 20 pruned (of 30 total) — best log_loss=0.6828, params={'width1': 6, 'width2': 0, 'lr': 0.0020254188906648385, 'weight_decay': 2.8856223618597343e-05, 'grid': 7}
14:31:00  src.cpcv.tuning  INFO    [tuning] kan done in 126.6s — best log_loss=0.6828
14:31:00  src.cpcv.tuning  INFO  Tuning total: 126.6s
14:31:00  src.cpcv.pipeline  INFO      applied kan: {'width1': 6, 'width2': 0, 'grid': 7, 'lr': 0.0020254188906648385, 'weight_decay': 2.8856223618597343e-05}
14:31:00  src.cpcv.models.kan_model  INFO  KAN fitted: widths=[18, 6, 2], grid=7, epochs=21, val_acc=0.4718, val_loss=0.6946, logit_range=[-0.13, 0.02], device=cpu.
14:31:00  src.cpcv.pipeline  INFO    [ 37/84]                  kan (seed=0) F1=0.373  AUC=0.392  LL=0.6793 (0.3s)
14:31:01  src.cpcv.models.kan_model  INFO  KAN fitted: widths=[18, 6, 2], grid=7, epochs=21, val_acc=0.4648, val_loss=0.6950, logit_range=[-0.19, 0.06], device=cpu.
14:31:01  src.cpcv.pipeline  INFO    [ 38/84]                  kan (seed=1) F1=0.373  AUC=0.495  LL=0.6791 (0.4s)
14:31:01  src.cpcv.models.kan_model  INFO  KAN fitted: widths=[18, 6, 2], grid=7, epochs=21, val_acc=0.5634, val_loss=0.6910, logit_range=[-0.11, 0.09], device=cpu.
14:31:01  src.cpcv.pipeline  INFO    [ 39/84]                  kan (seed=2) F1=0.434  AUC=0.467  LL=0.7403 (0.4s)
14:31:02  src.cpcv.preprocessing  INFO  Computing MDA (Random Forest)...
14:31:20  src.cpcv.preprocessing  INFO  Computing MDA (Logistic Regression)...
14:31:21  src.cpcv.preprocessing  INFO  Multi-model MDA: 42/62 passed (MDA > 0), 20 eliminated
14:31:21  src.cpcv.preprocessing  INFO    Capped at 18 features (top_k_frac=0.3)
14:31:21  src.cpcv.preprocessing  INFO    Selected (18): ['chaikin_osc', 'gold_ret_30', 'jarque_bera', 'kurtosis', 'log_returns_lag3', 'log_returns_lag7', 'macd', 'macd_hist', 'obv', 'realized_vol', 'silver_ret_30', 'skewness', 'sp500_ret_30', 'tx_count_roc_14', 'vol_term_30_90', 'vol_term_7_30', 'vwma_ratio_20_50', 'williams_r']
14:31:21  src.cpcv.pipeline  INFO    Preprocessing: 18 features selected, train=528 + cal=132, test=288
14:31:21  src.cpcv.tuning  INFO  Tuning (1 model) — Optuna TPE + Purged K-Fold (inner: 3 folds, embargo=10 obs)
14:31:21  src.cpcv.tuning  INFO    [tuning] kan (efficient-kan + AdamW): 3 purged K-fold splits, 30 Optuna trials (TPE)
14:33:09  src.cpcv.tuning  INFO      kan: 27 completed, 3 pruned (of 30 total) — best log_loss=0.6922, params={'width1': 4, 'width2': 0, 'lr': 0.0011764358280028616, 'weight_decay': 0.0003703864262085781, 'grid': 7}
14:33:09  src.cpcv.tuning  INFO    [tuning] kan done in 107.6s — best log_loss=0.6922
14:33:09  src.cpcv.tuning  INFO  Tuning total: 107.6s
14:33:09  src.cpcv.pipeline  INFO      applied kan: {'width1': 4, 'width2': 0, 'grid': 7, 'lr': 0.0011764358280028616, 'weight_decay': 0.0003703864262085781}
14:33:12  src.cpcv.models.kan_model  INFO  KAN fitted: widths=[18, 4, 2], grid=7, epochs=200, val_acc=0.5833, val_loss=0.6637, logit_range=[-0.61, 0.53], device=cpu.
14:33:12  src.cpcv.pipeline  INFO    [ 40/84]                  kan (seed=0) F1=0.477  AUC=0.567  LL=0.7149 (3.1s)
14:33:15  src.cpcv.models.kan_model  INFO  KAN fitted: widths=[18, 4, 2], grid=7, epochs=200, val_acc=0.6288, val_loss=0.6528, logit_range=[-0.40, 0.50], device=cpu.
14:33:15  src.cpcv.pipeline  INFO    [ 41/84]                  kan (seed=1) F1=0.463  AUC=0.535  LL=0.7824 (3.1s)
14:33:18  src.cpcv.models.kan_model  INFO  KAN fitted: widths=[18, 4, 2], grid=7, epochs=200, val_acc=0.5758, val_loss=0.6643, logit_range=[-0.70, 0.53], device=cpu.
14:33:19  src.cpcv.pipeline  INFO    [ 42/84]                  kan (seed=2) F1=0.413  AUC=0.517  LL=0.7440 (3.3s)
14:33:19  src.cpcv.preprocessing  INFO  Computing MDA (Random Forest)...
14:33:38  src.cpcv.preprocessing  INFO  Computing MDA (Logistic Regression)...
14:33:39  src.cpcv.preprocessing  INFO  Multi-model MDA: 17/62 passed (MDA > 0), 45 eliminated
14:33:39  src.cpcv.preprocessing  INFO    Selected (17): ['atr', 'cci_14', 'eth_btc_ratio', 'hashrate_roc_30', 'hurst', 'issuance_ntv', 'log_returns_lag1', 'natgas_ret_30', 'negentropy', 'realized_vol', 'sadf', 'stoch_k', 'us10y', 'vol_term_7_30', 'vwma_ratio_20_50', 'williams_r', 'yield_curve_2y10y']
14:33:39  src.cpcv.pipeline  INFO    Preprocessing: 17 features selected, train=519 + cal=130, test=288
14:33:39  src.cpcv.tuning  INFO  Tuning (1 model) — Optuna TPE + Purged K-Fold (inner: 3 folds, embargo=10 obs)
14:33:39  src.cpcv.tuning  INFO    [tuning] kan (efficient-kan + AdamW): 3 purged K-fold splits, 30 Optuna trials (TPE)
14:34:33  src.cpcv.tuning  INFO      kan: 13 completed, 17 pruned (of 30 total) — best log_loss=0.6920, params={'width1': 7, 'width2': 0, 'lr': 0.000692714448227656, 'weight_decay': 3.681562849615284e-05, 'grid': 7}
14:34:33  src.cpcv.tuning  INFO    [tuning] kan done in 53.9s — best log_loss=0.6920
14:34:33  src.cpcv.tuning  INFO  Tuning total: 53.9s
14:34:33  src.cpcv.pipeline  INFO      applied kan: {'width1': 7, 'width2': 0, 'grid': 7, 'lr': 0.000692714448227656, 'weight_decay': 3.681562849615284e-05}
14:34:36  src.cpcv.models.kan_model  INFO  KAN fitted: widths=[17, 7, 2], grid=7, epochs=147, val_acc=0.5846, val_loss=0.6861, logit_range=[-0.16, 0.28], device=cpu.
14:34:36  src.cpcv.pipeline  INFO    [ 43/84]                  kan (seed=0) F1=0.344  AUC=0.481  LL=0.7188 (2.4s)
14:34:38  src.cpcv.models.kan_model  INFO  KAN fitted: widths=[17, 7, 2], grid=7, epochs=141, val_acc=0.5615, val_loss=0.6879, logit_range=[-0.25, 0.20], device=cpu.
14:34:38  src.cpcv.pipeline  INFO    [ 44/84]                  kan (seed=1) F1=0.344  AUC=0.455  LL=0.7207 (2.1s)
14:34:39  src.cpcv.models.kan_model  INFO  KAN fitted: widths=[17, 7, 2], grid=7, epochs=79, val_acc=0.4769, val_loss=0.6959, logit_range=[-0.12, 0.11], device=cpu.
14:34:39  src.cpcv.pipeline  INFO    [ 45/84]                  kan (seed=2) F1=0.344  AUC=0.519  LL=0.6920 (1.3s)
14:34:39  src.cpcv.preprocessing  INFO  Computing MDA (Random Forest)...
14:34:59  src.cpcv.preprocessing  INFO  Computing MDA (Logistic Regression)...
14:35:00  src.cpcv.preprocessing  INFO  Multi-model MDA: 39/62 passed (MDA > 0), 23 eliminated
14:35:00  src.cpcv.preprocessing  INFO    Capped at 18 features (top_k_frac=0.3)
14:35:00  src.cpcv.preprocessing  INFO    Selected (18): ['cci_14', 'copper_ret_30', 'ema_ratio_20_50', 'fee_per_tx', 'log_returns_lag1', 'log_returns_lag2', 'log_returns_lag30', 'natgas_ret_30', 'net_exchange_flow', 'obv', 'oil_ret_30', 'sadf', 'silver_ret_30', 'skewness', 'stoch_k', 'vol_term_30_90', 'vwma_ratio_20_50', 'yield_curve_10y30y']
14:35:00  src.cpcv.pipeline  INFO    Preprocessing: 18 features selected, train=517 + cal=130, test=288
14:35:00  src.cpcv.tuning  INFO  Tuning (1 model) — Optuna TPE + Purged K-Fold (inner: 3 folds, embargo=10 obs)
14:35:00  src.cpcv.tuning  INFO    [tuning] kan (efficient-kan + AdamW): 3 purged K-fold splits, 30 Optuna trials (TPE)
14:37:19  src.cpcv.tuning  INFO      kan: 29 completed, 1 pruned (of 30 total) — best log_loss=0.6885, params={'width1': 3, 'width2': 2, 'lr': 0.0010496126028807684, 'weight_decay': 0.0004068010046822623, 'grid': 3}
14:37:19  src.cpcv.tuning  INFO    [tuning] kan done in 138.6s — best log_loss=0.6885
14:37:19  src.cpcv.tuning  INFO  Tuning total: 138.6s
14:37:19  src.cpcv.pipeline  INFO      applied kan: {'width1': 3, 'width2': 2, 'grid': 3, 'lr': 0.0010496126028807684, 'weight_decay': 0.0004068010046822623}
14:37:22  src.cpcv.models.kan_model  INFO  KAN fitted: widths=[18, 3, 2, 2], grid=3, epochs=200, val_acc=0.5769, val_loss=0.6669, logit_range=[-0.51, 0.36], device=cpu.
14:37:23  src.cpcv.pipeline  INFO    [ 46/84]                  kan (seed=0) F1=0.469  AUC=0.515  LL=0.7958 (4.0s)
14:37:27  src.cpcv.models.kan_model  INFO  KAN fitted: widths=[18, 3, 2, 2], grid=3, epochs=200, val_acc=0.5462, val_loss=0.6719, logit_range=[-0.21, 0.39], device=cpu.
14:37:27  src.cpcv.pipeline  INFO    [ 47/84]                  kan (seed=1) F1=0.469  AUC=0.525  LL=0.7255 (4.5s)
14:37:31  src.cpcv.models.kan_model  INFO  KAN fitted: widths=[18, 3, 2, 2], grid=3, epochs=200, val_acc=0.5538, val_loss=0.6705, logit_range=[-0.45, 0.49], device=cpu.
14:37:31  src.cpcv.pipeline  INFO    [ 48/84]                  kan (seed=2) F1=0.474  AUC=0.506  LL=0.7431 (3.8s)
14:37:31  src.cpcv.preprocessing  INFO  Computing MDA (Random Forest)...
14:37:50  src.cpcv.preprocessing  INFO  Computing MDA (Logistic Regression)...
14:37:51  src.cpcv.preprocessing  INFO  Multi-model MDA: 35/62 passed (MDA > 0), 27 eliminated
14:37:51  src.cpcv.preprocessing  INFO    Capped at 18 features (top_k_frac=0.3)
14:37:51  src.cpcv.preprocessing  INFO    Selected (18): ['atr', 'gk_vol', 'jarque_bera', 'log_returns_lag2', 'log_returns_lag3', 'log_returns_lag7', 'macd_hist', 'macd_signal', 'mfi_14', 'rsi', 'sadf', 'skewness', 'stoch_k', 'tx_count_roc_14', 'vol_term_30_90', 'vwma_ratio_20_50', 'williams_r', 'yz_vol']
14:37:51  src.cpcv.pipeline  INFO    Preprocessing: 18 features selected, train=518 + cal=130, test=288
14:37:51  src.cpcv.tuning  INFO  Tuning (1 model) — Optuna TPE + Purged K-Fold (inner: 3 folds, embargo=10 obs)
14:37:51  src.cpcv.tuning  INFO    [tuning] kan (efficient-kan + AdamW): 3 purged K-fold splits, 30 Optuna trials (TPE)
14:40:17  src.cpcv.tuning  INFO      kan: 22 completed, 8 pruned (of 30 total) — best log_loss=0.6836, params={'width1': 6, 'width2': 1, 'lr': 0.0012511266990900536, 'weight_decay': 0.0017865321461349607, 'grid': 7}
14:40:17  src.cpcv.tuning  INFO    [tuning] kan done in 145.9s — best log_loss=0.6836
14:40:17  src.cpcv.tuning  INFO  Tuning total: 145.9s
14:40:17  src.cpcv.pipeline  INFO      applied kan: {'width1': 6, 'width2': 1, 'grid': 7, 'lr': 0.0012511266990900536, 'weight_decay': 0.0017865321461349607}
14:40:20  src.cpcv.models.kan_model  INFO  KAN fitted: widths=[18, 6, 1, 2], grid=7, epochs=156, val_acc=0.5231, val_loss=0.6803, logit_range=[-0.20, 0.19], device=cpu.
14:40:20  src.cpcv.pipeline  INFO    [ 49/84]                  kan (seed=0) F1=0.441  AUC=0.425  LL=1.0101 (3.0s)
14:40:23  src.cpcv.models.kan_model  INFO  KAN fitted: widths=[18, 6, 1, 2], grid=7, epochs=147, val_acc=0.5154, val_loss=0.6752, logit_range=[-0.24, 0.31], device=cpu.
14:40:23  src.cpcv.pipeline  INFO    [ 50/84]                  kan (seed=1) F1=0.440  AUC=0.454  LL=0.7940 (3.2s)
14:40:26  src.cpcv.models.kan_model  INFO  KAN fitted: widths=[18, 6, 1, 2], grid=7, epochs=128, val_acc=0.5077, val_loss=0.6786, logit_range=[-0.26, 0.24], device=cpu.
14:40:26  src.cpcv.pipeline  INFO    [ 51/84]                  kan (seed=2) F1=0.419  AUC=0.430  LL=1.1766 (2.9s)
14:40:26  src.cpcv.preprocessing  INFO  Computing MDA (Random Forest)...
14:40:45  src.cpcv.preprocessing  INFO  Computing MDA (Logistic Regression)...
14:40:46  src.cpcv.preprocessing  INFO  Multi-model MDA: 35/62 passed (MDA > 0), 27 eliminated
14:40:46  src.cpcv.preprocessing  INFO    Capped at 18 features (top_k_frac=0.3)
14:40:46  src.cpcv.preprocessing  INFO    Selected (18): ['atr', 'bb_width', 'cci_14', 'exchange_supply_pct', 'hurst', 'log_returns', 'log_returns_lag3', 'macd_hist', 'mfi_14', 'net_exchange_flow', 'realized_vol', 'skewness', 'variance_ratio', 'vix', 'vol_term_30_90', 'vwma_ratio_20_50', 'yield_curve_10y30y', 'yz_vol']
14:40:46  src.cpcv.pipeline  INFO    Preprocessing: 18 features selected, train=520 + cal=130, test=295
14:40:46  src.cpcv.tuning  INFO  Tuning (1 model) — Optuna TPE + Purged K-Fold (inner: 3 folds, embargo=10 obs)
14:40:46  src.cpcv.tuning  INFO    [tuning] kan (efficient-kan + AdamW): 3 purged K-fold splits, 30 Optuna trials (TPE)
14:43:06  src.cpcv.tuning  INFO      kan: 26 completed, 4 pruned (of 30 total) — best log_loss=0.6819, params={'width1': 6, 'width2': 1, 'lr': 0.002743266208844206, 'weight_decay': 0.0008598115776518124, 'grid': 5}
14:43:06  src.cpcv.tuning  INFO    [tuning] kan done in 140.3s — best log_loss=0.6819
14:43:06  src.cpcv.tuning  INFO  Tuning total: 140.3s
14:43:06  src.cpcv.pipeline  INFO      applied kan: {'width1': 6, 'width2': 1, 'grid': 5, 'lr': 0.002743266208844206, 'weight_decay': 0.0008598115776518124}
14:43:07  src.cpcv.models.kan_model  INFO  KAN fitted: widths=[18, 6, 1, 2], grid=5, epochs=62, val_acc=0.4769, val_loss=0.6919, logit_range=[-0.11, 0.04], device=cpu.
14:43:07  src.cpcv.pipeline  INFO    [ 52/84]                  kan (seed=0) F1=0.336  AUC=0.438  LL=0.6959 (1.3s)
14:43:08  src.cpcv.models.kan_model  INFO  KAN fitted: widths=[18, 6, 1, 2], grid=5, epochs=56, val_acc=0.4692, val_loss=0.6924, logit_range=[-0.16, 0.05], device=cpu.
14:43:09  src.cpcv.pipeline  INFO    [ 53/84]                  kan (seed=1) F1=0.336  AUC=0.456  LL=0.6954 (1.1s)
14:43:09  src.cpcv.models.kan_model  INFO  KAN fitted: widths=[18, 6, 1, 2], grid=5, epochs=39, val_acc=0.4615, val_loss=0.6914, logit_range=[-0.10, 0.12], device=cpu.
14:43:09  src.cpcv.pipeline  INFO    [ 54/84]                  kan (seed=2) F1=0.336  AUC=0.462  LL=0.6957 (0.8s)
14:43:10  src.cpcv.preprocessing  INFO  Computing MDA (Random Forest)...
14:43:28  src.cpcv.preprocessing  INFO  Computing MDA (Logistic Regression)...
14:43:29  src.cpcv.preprocessing  INFO  Multi-model MDA: 21/62 passed (MDA > 0), 41 eliminated
14:43:29  src.cpcv.preprocessing  INFO    Capped at 18 features (top_k_frac=0.3)
14:43:29  src.cpcv.preprocessing  INFO    Selected (18): ['eth_btc_ratio', 'gold_ret_30', 'hurst', 'log_returns', 'log_returns_lag1', 'log_returns_lag2', 'log_returns_lag7', 'lz_complexity', 'mvrv', 'natgas_ret_30', 'negentropy', 'realized_vol', 'sadf', 'stoch_d', 'tx_count_roc_14', 'vix', 'yield_curve_10y30y', 'yz_vol']
14:43:29  src.cpcv.pipeline  INFO    Preprocessing: 18 features selected, train=528 + cal=133, test=288
14:43:29  src.cpcv.tuning  INFO  Tuning (1 model) — Optuna TPE + Purged K-Fold (inner: 3 folds, embargo=10 obs)
14:43:29  src.cpcv.tuning  INFO    [tuning] kan (efficient-kan + AdamW): 3 purged K-fold splits, 30 Optuna trials (TPE)
14:44:56  src.cpcv.tuning  INFO      kan: 16 completed, 14 pruned (of 30 total) — best log_loss=0.6904, params={'width1': 3, 'width2': 0, 'lr': 0.0006247524576199459, 'weight_decay': 5.109609792369582e-05, 'grid': 7}
14:44:56  src.cpcv.tuning  INFO    [tuning] kan done in 86.7s — best log_loss=0.6904
14:44:56  src.cpcv.tuning  INFO  Tuning total: 86.7s
14:44:56  src.cpcv.pipeline  INFO      applied kan: {'width1': 3, 'width2': 0, 'grid': 7, 'lr': 0.0006247524576199459, 'weight_decay': 5.109609792369582e-05}
14:44:56  src.cpcv.models.kan_model  INFO  KAN fitted: widths=[18, 3, 2], grid=7, epochs=21, val_acc=0.4586, val_loss=0.6958, logit_range=[-0.12, 0.18], device=cpu.
14:44:56  src.cpcv.pipeline  INFO    [ 55/84]                  kan (seed=0) F1=0.368  AUC=0.562  LL=0.6825 (0.4s)
14:44:56  src.cpcv.models.kan_model  INFO  KAN fitted: widths=[18, 3, 2], grid=7, epochs=21, val_acc=0.4586, val_loss=0.6949, logit_range=[-0.11, 0.13], device=cpu.
14:44:56  src.cpcv.pipeline  INFO    [ 56/84]                  kan (seed=1) F1=0.368  AUC=0.494  LL=0.6829 (0.3s)
14:44:57  src.cpcv.models.kan_model  INFO  KAN fitted: widths=[18, 3, 2], grid=7, epochs=21, val_acc=0.5188, val_loss=0.6928, logit_range=[-0.08, 0.17], device=cpu.
14:44:57  src.cpcv.pipeline  INFO    [ 57/84]                  kan (seed=2) F1=0.382  AUC=0.524  LL=0.6781 (0.3s)
14:44:57  src.cpcv.preprocessing  INFO  Computing MDA (Random Forest)...
14:45:16  src.cpcv.preprocessing  INFO  Computing MDA (Logistic Regression)...
14:45:17  src.cpcv.preprocessing  INFO  Multi-model MDA: 19/62 passed (MDA > 0), 43 eliminated
14:45:17  src.cpcv.preprocessing  INFO    Capped at 18 features (top_k_frac=0.3)
14:45:17  src.cpcv.preprocessing  INFO    Selected (18): ['copper_ret_30', 'eth_btc_ratio', 'exchange_supply_pct', 'gold_ret_30', 'hurst', 'issuance_ntv', 'jarque_bera', 'kurtosis', 'mfi_14', 'natgas_ret_30', 'negentropy', 'net_exchange_flow', 'obv', 'oil_ret_30', 'roc_14', 'shannon_entropy', 'skewness', 'us2y']
14:45:17  src.cpcv.pipeline  INFO    Preprocessing: 18 features selected, train=518 + cal=130, test=288
14:45:17  src.cpcv.tuning  INFO  Tuning (1 model) — Optuna TPE + Purged K-Fold (inner: 3 folds, embargo=10 obs)
14:45:17  src.cpcv.tuning  INFO    [tuning] kan (efficient-kan + AdamW): 3 purged K-fold splits, 30 Optuna trials (TPE)
14:46:35  src.cpcv.tuning  INFO      kan: 16 completed, 14 pruned (of 30 total) — best log_loss=0.6851, params={'width1': 5, 'width2': 3, 'lr': 0.003976368369881919, 'weight_decay': 0.0009628242523450561, 'grid': 3}
14:46:35  src.cpcv.tuning  INFO    [tuning] kan done in 77.8s — best log_loss=0.6851
14:46:35  src.cpcv.tuning  INFO  Tuning total: 77.8s
14:46:35  src.cpcv.pipeline  INFO      applied kan: {'width1': 5, 'width2': 3, 'grid': 3, 'lr': 0.003976368369881919, 'weight_decay': 0.0009628242523450561}
14:46:35  src.cpcv.models.kan_model  INFO  KAN fitted: widths=[18, 5, 3, 2], grid=3, epochs=21, val_acc=0.5000, val_loss=0.6940, logit_range=[-0.01, 0.02], device=cpu.
14:46:35  src.cpcv.pipeline  INFO    [ 58/84]                  kan (seed=0) F1=0.350  AUC=0.541  LL=0.6903 (0.5s)
14:46:36  src.cpcv.models.kan_model  INFO  KAN fitted: widths=[18, 5, 3, 2], grid=3, epochs=21, val_acc=0.4154, val_loss=0.6948, logit_range=[-0.03, 0.02], device=cpu.
14:46:36  src.cpcv.pipeline  INFO    [ 59/84]                  kan (seed=1) F1=0.350  AUC=0.435  LL=0.6905 (0.5s)
14:46:36  src.cpcv.models.kan_model  INFO  KAN fitted: widths=[18, 5, 3, 2], grid=3, epochs=21, val_acc=0.5308, val_loss=0.6942, logit_range=[-0.04, 0.01], device=cpu.
14:46:36  src.cpcv.pipeline  INFO    [ 60/84]                  kan (seed=2) F1=0.350  AUC=0.449  LL=0.6905 (0.5s)
14:46:37  src.cpcv.preprocessing  INFO  Computing MDA (Random Forest)...
14:46:55  src.cpcv.preprocessing  INFO  Computing MDA (Logistic Regression)...
14:46:56  src.cpcv.preprocessing  INFO  Multi-model MDA: 32/62 passed (MDA > 0), 30 eliminated
14:46:56  src.cpcv.preprocessing  INFO    Capped at 18 features (top_k_frac=0.3)
14:46:56  src.cpcv.preprocessing  INFO    Selected (18): ['bb_width', 'chaikin_osc', 'copper_ret_30', 'eth_btc_ratio', 'exchange_supply_pct', 'fee_per_tx', 'gold_ret_30', 'jarque_bera', 'log_returns_lag14', 'log_returns_lag3', 'macd_hist', 'net_exchange_flow', 'oil_ret_30', 'roc_14', 'silver_ret_30', 'skewness', 'tx_count_roc_14', 'vol_term_7_30']
14:46:56  src.cpcv.pipeline  INFO    Preprocessing: 18 features selected, train=519 + cal=130, test=288
14:46:56  src.cpcv.tuning  INFO  Tuning (1 model) — Optuna TPE + Purged K-Fold (inner: 3 folds, embargo=10 obs)
14:46:56  src.cpcv.tuning  INFO    [tuning] kan (efficient-kan + AdamW): 3 purged K-fold splits, 30 Optuna trials (TPE)
14:48:42  src.cpcv.tuning  INFO      kan: 17 completed, 13 pruned (of 30 total) — best log_loss=0.6835, params={'width1': 7, 'width2': 1, 'lr': 0.003445481225943762, 'weight_decay': 0.004497435601741413, 'grid': 5}
14:48:42  src.cpcv.tuning  INFO    [tuning] kan done in 106.1s — best log_loss=0.6835
14:48:42  src.cpcv.tuning  INFO  Tuning total: 106.1s
14:48:42  src.cpcv.pipeline  INFO      applied kan: {'width1': 7, 'width2': 1, 'grid': 5, 'lr': 0.003445481225943762, 'weight_decay': 0.004497435601741413}
14:48:45  src.cpcv.models.kan_model  INFO  KAN fitted: widths=[18, 7, 1, 2], grid=5, epochs=117, val_acc=0.6308, val_loss=0.6642, logit_range=[-1.23, 0.29], device=cpu.
14:48:45  src.cpcv.pipeline  INFO    [ 61/84]                  kan (seed=0) F1=0.485  AUC=0.478  LL=0.7306 (2.4s)
14:48:47  src.cpcv.models.kan_model  INFO  KAN fitted: widths=[18, 7, 1, 2], grid=5, epochs=112, val_acc=0.6000, val_loss=0.6761, logit_range=[-0.94, 0.38], device=cpu.
14:48:47  src.cpcv.pipeline  INFO    [ 62/84]                  kan (seed=1) F1=0.462  AUC=0.441  LL=0.7180 (2.2s)
14:48:49  src.cpcv.models.kan_model  INFO  KAN fitted: widths=[18, 7, 1, 2], grid=5, epochs=112, val_acc=0.6231, val_loss=0.6649, logit_range=[-1.42, 0.49], device=cpu.
14:48:49  src.cpcv.pipeline  INFO    [ 63/84]                  kan (seed=2) F1=0.472  AUC=0.471  LL=0.7324 (2.2s)
14:48:50  src.cpcv.preprocessing  INFO  Computing MDA (Random Forest)...
14:49:09  src.cpcv.preprocessing  INFO  Computing MDA (Logistic Regression)...
14:49:10  src.cpcv.preprocessing  INFO  Multi-model MDA: 33/62 passed (MDA > 0), 29 eliminated
14:49:10  src.cpcv.preprocessing  INFO    Capped at 18 features (top_k_frac=0.3)
14:49:10  src.cpcv.preprocessing  INFO    Selected (18): ['bb_width', 'cci_14', 'ema_ratio_20_50', 'eth_btc_ratio', 'exchange_supply_pct', 'fee_per_tx', 'gk_vol', 'hurst', 'log_returns_lag1', 'roc_14', 'shannon_entropy', 'silver_ret_30', 'smt_poly1', 'sp500_ret_30', 'tx_count_roc_14', 'us10y', 'vol_term_30_90', 'yz_vol']
14:49:10  src.cpcv.pipeline  INFO    Preprocessing: 18 features selected, train=520 + cal=131, test=295
14:49:10  src.cpcv.tuning  INFO  Tuning (1 model) — Optuna TPE + Purged K-Fold (inner: 3 folds, embargo=10 obs)
14:49:10  src.cpcv.tuning  INFO    [tuning] kan (efficient-kan + AdamW): 3 purged K-fold splits, 30 Optuna trials (TPE)
14:51:30  src.cpcv.tuning  INFO      kan: 23 completed, 7 pruned (of 30 total) — best log_loss=0.6765, params={'width1': 7, 'width2': 2, 'lr': 0.004834322802249888, 'weight_decay': 0.000312959338899538, 'grid': 7}
14:51:30  src.cpcv.tuning  INFO    [tuning] kan done in 140.3s — best log_loss=0.6765
14:51:30  src.cpcv.tuning  INFO  Tuning total: 140.3s
14:51:30  src.cpcv.pipeline  INFO      applied kan: {'width1': 7, 'width2': 2, 'grid': 7, 'lr': 0.004834322802249888, 'weight_decay': 0.000312959338899538}
14:51:31  src.cpcv.models.kan_model  INFO  KAN fitted: widths=[18, 7, 2, 2], grid=7, epochs=25, val_acc=0.4580, val_loss=0.6921, logit_range=[-0.13, 0.07], device=cpu.
14:51:31  src.cpcv.pipeline  INFO    [ 64/84]                  kan (seed=0) F1=0.434  AUC=0.539  LL=0.6822 (0.5s)
14:51:31  src.cpcv.models.kan_model  INFO  KAN fitted: widths=[18, 7, 2, 2], grid=7, epochs=29, val_acc=0.4885, val_loss=0.6930, logit_range=[-0.13, 0.07], device=cpu.
14:51:31  src.cpcv.pipeline  INFO    [ 65/84]                  kan (seed=1) F1=0.360  AUC=0.540  LL=0.6847 (0.6s)
14:51:32  src.cpcv.models.kan_model  INFO  KAN fitted: widths=[18, 7, 2, 2], grid=7, epochs=26, val_acc=0.4656, val_loss=0.6932, logit_range=[0.01, 0.15], device=cpu.
14:51:32  src.cpcv.pipeline  INFO    [ 66/84]                  kan (seed=2) F1=0.360  AUC=0.523  LL=0.6868 (0.6s)
14:51:32  src.cpcv.preprocessing  INFO  Computing MDA (Random Forest)...
14:51:51  src.cpcv.preprocessing  INFO  Computing MDA (Logistic Regression)...
14:51:52  src.cpcv.preprocessing  INFO  Multi-model MDA: 31/62 passed (MDA > 0), 31 eliminated
14:51:52  src.cpcv.preprocessing  INFO    Capped at 18 features (top_k_frac=0.3)
14:51:52  src.cpcv.preprocessing  INFO    Selected (18): ['active_addr_roc_14', 'atr', 'cci_14', 'ema_ratio_20_50', 'exchange_supply_pct', 'kurtosis', 'log_returns_lag7', 'lz_complexity', 'macd', 'macd_hist', 'mvrv', 'nasdaq_ret_30', 'natgas_ret_30', 'negentropy', 'roc_14', 'rsi', 'skewness', 'us2y']
14:51:52  src.cpcv.pipeline  INFO    Preprocessing: 18 features selected, train=528 + cal=133, test=288
14:51:52  src.cpcv.tuning  INFO  Tuning (1 model) — Optuna TPE + Purged K-Fold (inner: 3 folds, embargo=10 obs)
14:51:52  src.cpcv.tuning  INFO    [tuning] kan (efficient-kan + AdamW): 3 purged K-fold splits, 30 Optuna trials (TPE)
14:52:57  src.cpcv.tuning  INFO      kan: 12 completed, 18 pruned (of 30 total) — best log_loss=0.6863, params={'width1': 3, 'width2': 0, 'lr': 0.0005548777280551552, 'weight_decay': 7.551909976018515e-05, 'grid': 7}
14:52:57  src.cpcv.tuning  INFO    [tuning] kan done in 65.0s — best log_loss=0.6863
14:52:57  src.cpcv.tuning  INFO  Tuning total: 65.0s
14:52:57  src.cpcv.pipeline  INFO      applied kan: {'width1': 3, 'width2': 0, 'grid': 7, 'lr': 0.0005548777280551552, 'weight_decay': 7.551909976018515e-05}
14:53:01  src.cpcv.models.kan_model  INFO  KAN fitted: widths=[18, 3, 2], grid=7, epochs=200, val_acc=0.5414, val_loss=0.6917, logit_range=[-0.21, 0.21], device=cpu.
14:53:01  src.cpcv.pipeline  INFO    [ 67/84]                  kan (seed=0) F1=0.471  AUC=0.504  LL=0.6914 (3.3s)
14:53:04  src.cpcv.models.kan_model  INFO  KAN fitted: widths=[18, 3, 2], grid=7, epochs=200, val_acc=0.5639, val_loss=0.6916, logit_range=[-0.40, 0.23], device=cpu.
14:53:04  src.cpcv.pipeline  INFO    [ 68/84]                  kan (seed=1) F1=0.394  AUC=0.462  LL=0.6967 (3.5s)
14:53:07  src.cpcv.models.kan_model  INFO  KAN fitted: widths=[18, 3, 2], grid=7, epochs=200, val_acc=0.5338, val_loss=0.6914, logit_range=[-0.23, 0.16], device=cpu.
14:53:07  src.cpcv.pipeline  INFO    [ 69/84]                  kan (seed=2) F1=0.400  AUC=0.509  LL=0.6893 (3.1s)
14:53:07  src.cpcv.preprocessing  INFO  Computing MDA (Random Forest)...
14:53:27  src.cpcv.preprocessing  INFO  Computing MDA (Logistic Regression)...
14:53:28  src.cpcv.preprocessing  INFO  Multi-model MDA: 40/62 passed (MDA > 0), 22 eliminated
14:53:28  src.cpcv.preprocessing  INFO    Capped at 18 features (top_k_frac=0.3)
14:53:28  src.cpcv.preprocessing  INFO    Selected (18): ['eth_btc_ratio', 'gk_vol', 'hurst', 'kurtosis', 'macd', 'nasdaq_ret_30', 'oil_ret_30', 'roc_14', 'rsi', 'sadf', 'silver_ret_30', 'skewness', 'smt_exp', 'vix', 'vwma_ratio_20_50', 'williams_r', 'yield_curve_10y30y', 'yz_vol']
14:53:28  src.cpcv.pipeline  INFO    Preprocessing: 18 features selected, train=519 + cal=130, test=288
14:53:28  src.cpcv.tuning  INFO  Tuning (1 model) — Optuna TPE + Purged K-Fold (inner: 3 folds, embargo=10 obs)
14:53:28  src.cpcv.tuning  INFO    [tuning] kan (efficient-kan + AdamW): 3 purged K-fold splits, 30 Optuna trials (TPE)
14:55:22  src.cpcv.tuning  INFO      kan: 12 completed, 18 pruned (of 30 total) — best log_loss=0.6753, params={'width1': 7, 'width2': 0, 'lr': 0.0038342084704853325, 'weight_decay': 4.4869323173443274e-05, 'grid': 5}
14:55:22  src.cpcv.tuning  INFO    [tuning] kan done in 114.3s — best log_loss=0.6753
14:55:22  src.cpcv.tuning  INFO  Tuning total: 114.3s
14:55:22  src.cpcv.pipeline  INFO      applied kan: {'width1': 7, 'width2': 0, 'grid': 5, 'lr': 0.0038342084704853325, 'weight_decay': 4.4869323173443274e-05}
14:55:24  src.cpcv.models.kan_model  INFO  KAN fitted: widths=[18, 7, 2], grid=5, epochs=60, val_acc=0.5846, val_loss=0.6786, logit_range=[-0.41, 0.41], device=cpu.
14:55:24  src.cpcv.pipeline  INFO    [ 70/84]                  kan (seed=0) F1=0.545  AUC=0.557  LL=0.6896 (1.2s)
14:55:25  src.cpcv.models.kan_model  INFO  KAN fitted: widths=[18, 7, 2], grid=5, epochs=53, val_acc=0.5923, val_loss=0.6763, logit_range=[-0.31, 0.39], device=cpu.
14:55:25  src.cpcv.pipeline  INFO    [ 71/84]                  kan (seed=1) F1=0.571  AUC=0.577  LL=0.6907 (1.1s)
14:55:26  src.cpcv.models.kan_model  INFO  KAN fitted: widths=[18, 7, 2], grid=5, epochs=58, val_acc=0.5769, val_loss=0.6799, logit_range=[-0.32, 0.29], device=cpu.
14:55:26  src.cpcv.pipeline  INFO    [ 72/84]                  kan (seed=2) F1=0.515  AUC=0.558  LL=0.6895 (1.1s)
14:55:26  src.cpcv.preprocessing  INFO  Computing MDA (Random Forest)...
14:55:45  src.cpcv.preprocessing  INFO  Computing MDA (Logistic Regression)...
14:55:46  src.cpcv.preprocessing  INFO  Multi-model MDA: 18/62 passed (MDA > 0), 44 eliminated
14:55:46  src.cpcv.preprocessing  INFO    Selected (18): ['active_addr_roc_14', 'dxy_roc_30', 'eth_btc_ratio', 'exchange_supply_pct', 'hurst', 'kurtosis', 'log_returns_lag3', 'lz_complexity', 'macd_signal', 'nasdaq_ret_30', 'sadf', 'skewness', 'smt_poly1', 'tx_count_roc_14', 'us2y', 'vol_term_30_90', 'williams_r', 'yz_vol']
14:55:46  src.cpcv.pipeline  INFO    Preprocessing: 18 features selected, train=520 + cal=131, test=295
14:55:46  src.cpcv.tuning  INFO  Tuning (1 model) — Optuna TPE + Purged K-Fold (inner: 3 folds, embargo=10 obs)
14:55:46  src.cpcv.tuning  INFO    [tuning] kan (efficient-kan + AdamW): 3 purged K-fold splits, 30 Optuna trials (TPE)
14:56:59  src.cpcv.tuning  INFO      kan: 9 completed, 21 pruned (of 30 total) — best log_loss=0.6882, params={'width1': 4, 'width2': 3, 'lr': 0.0029792217348362585, 'weight_decay': 0.003433044733106189, 'grid': 7}
14:56:59  src.cpcv.tuning  INFO    [tuning] kan done in 72.5s — best log_loss=0.6882
14:56:59  src.cpcv.tuning  INFO  Tuning total: 72.5s
14:56:59  src.cpcv.pipeline  INFO      applied kan: {'width1': 4, 'width2': 3, 'grid': 7, 'lr': 0.0029792217348362585, 'weight_decay': 0.003433044733106189}
14:57:00  src.cpcv.models.kan_model  INFO  KAN fitted: widths=[18, 4, 3, 2], grid=7, epochs=54, val_acc=0.4885, val_loss=0.6924, logit_range=[-0.03, 0.11], device=cpu.
14:57:00  src.cpcv.pipeline  INFO    [ 73/84]                  kan (seed=0) F1=0.408  AUC=0.525  LL=0.6891 (1.2s)
14:57:00  src.cpcv.models.kan_model  INFO  KAN fitted: widths=[18, 4, 3, 2], grid=7, epochs=21, val_acc=0.5038, val_loss=0.6936, logit_range=[-0.06, 0.04], device=cpu.
14:57:00  src.cpcv.pipeline  INFO    [ 74/84]                  kan (seed=1) F1=0.366  AUC=0.522  LL=0.6850 (0.5s)
14:57:01  src.cpcv.models.kan_model  INFO  KAN fitted: widths=[18, 4, 3, 2], grid=7, epochs=21, val_acc=0.4733, val_loss=0.6940, logit_range=[-0.03, 0.04], device=cpu.
14:57:01  src.cpcv.pipeline  INFO    [ 75/84]                  kan (seed=2) F1=0.366  AUC=0.470  LL=0.6851 (0.5s)
14:57:01  src.cpcv.preprocessing  INFO  Computing MDA (Random Forest)...
14:57:20  src.cpcv.preprocessing  INFO  Computing MDA (Logistic Regression)...
14:57:21  src.cpcv.preprocessing  INFO  Multi-model MDA: 41/62 passed (MDA > 0), 21 eliminated
14:57:21  src.cpcv.preprocessing  INFO    Capped at 18 features (top_k_frac=0.3)
14:57:21  src.cpcv.preprocessing  INFO    Selected (18): ['active_addr_roc_14', 'eth_btc_ratio', 'exchange_supply_pct', 'kurtosis', 'log_returns', 'log_returns_lag14', 'macd', 'mfi_14', 'mvrv', 'negentropy', 'roc_14', 'silver_ret_30', 'smt_exp', 'smt_poly1', 'tx_count_roc_14', 'vix', 'vwma_ratio_20_50', 'yz_vol']
14:57:21  src.cpcv.pipeline  INFO    Preprocessing: 18 features selected, train=527 + cal=132, test=288
14:57:21  src.cpcv.tuning  INFO  Tuning (1 model) — Optuna TPE + Purged K-Fold (inner: 3 folds, embargo=10 obs)
14:57:21  src.cpcv.tuning  INFO    [tuning] kan (efficient-kan + AdamW): 3 purged K-fold splits, 30 Optuna trials (TPE)
14:58:49  src.cpcv.tuning  INFO      kan: 23 completed, 7 pruned (of 30 total) — best log_loss=0.6896, params={'width1': 3, 'width2': 0, 'lr': 0.0005548777280551552, 'weight_decay': 7.551909976018515e-05, 'grid': 7}
14:58:49  src.cpcv.tuning  INFO    [tuning] kan done in 88.3s — best log_loss=0.6896
14:58:49  src.cpcv.tuning  INFO  Tuning total: 88.3s
14:58:49  src.cpcv.pipeline  INFO      applied kan: {'width1': 3, 'width2': 0, 'grid': 7, 'lr': 0.0005548777280551552, 'weight_decay': 7.551909976018515e-05}
14:58:49  src.cpcv.models.kan_model  INFO  KAN fitted: widths=[18, 3, 2], grid=7, epochs=21, val_acc=0.5000, val_loss=0.6939, logit_range=[-0.06, 0.09], device=cpu.
14:58:49  src.cpcv.pipeline  INFO    [ 76/84]                  kan (seed=0) F1=0.347  AUC=0.415  LL=0.6952 (0.3s)
14:58:53  src.cpcv.models.kan_model  INFO  KAN fitted: widths=[18, 3, 2], grid=7, epochs=200, val_acc=0.4848, val_loss=0.6952, logit_range=[-0.21, 0.14], device=cpu.
14:58:53  src.cpcv.pipeline  INFO    [ 77/84]                  kan (seed=1) F1=0.347  AUC=0.479  LL=0.6915 (3.2s)
14:58:56  src.cpcv.models.kan_model  INFO  KAN fitted: widths=[18, 3, 2], grid=7, epochs=179, val_acc=0.5303, val_loss=0.6907, logit_range=[-0.14, 0.15], device=cpu.
14:58:56  src.cpcv.pipeline  INFO    [ 78/84]                  kan (seed=2) F1=0.496  AUC=0.526  LL=0.6909 (3.1s)
14:58:56  src.cpcv.preprocessing  INFO  Computing MDA (Random Forest)...
14:59:16  src.cpcv.preprocessing  INFO  Computing MDA (Logistic Regression)...
14:59:17  src.cpcv.preprocessing  INFO  Multi-model MDA: 32/62 passed (MDA > 0), 30 eliminated
14:59:17  src.cpcv.preprocessing  INFO    Capped at 18 features (top_k_frac=0.3)
14:59:17  src.cpcv.preprocessing  INFO    Selected (18): ['atr', 'bb_width', 'eth_btc_ratio', 'exchange_supply_pct', 'hashrate_roc_30', 'log_returns_lag1', 'log_returns_lag14', 'log_returns_lag3', 'lz_complexity', 'mfi_14', 'natgas_ret_30', 'skewness', 'us10y', 'us2y', 'vix', 'yield_curve_10y30y', 'yield_curve_2y10y', 'yz_vol']
14:59:17  src.cpcv.pipeline  INFO    Preprocessing: 18 features selected, train=519 + cal=130, test=295
14:59:17  src.cpcv.tuning  INFO  Tuning (1 model) — Optuna TPE + Purged K-Fold (inner: 3 folds, embargo=10 obs)
14:59:17  src.cpcv.tuning  INFO    [tuning] kan (efficient-kan + AdamW): 3 purged K-fold splits, 30 Optuna trials (TPE)
15:00:58  src.cpcv.tuning  INFO      kan: 11 completed, 19 pruned (of 30 total) — best log_loss=0.6773, params={'width1': 8, 'width2': 3, 'lr': 0.0049567314360012835, 'weight_decay': 0.00013855753797922468, 'grid': 3}
15:00:58  src.cpcv.tuning  INFO    [tuning] kan done in 101.3s — best log_loss=0.6773
15:00:58  src.cpcv.tuning  INFO  Tuning total: 101.3s
15:00:58  src.cpcv.pipeline  INFO      applied kan: {'width1': 8, 'width2': 3, 'grid': 3, 'lr': 0.0049567314360012835, 'weight_decay': 0.00013855753797922468}
15:00:59  src.cpcv.models.kan_model  INFO  KAN fitted: widths=[18, 8, 3, 2], grid=3, epochs=37, val_acc=0.4615, val_loss=0.6904, logit_range=[-0.19, 0.08], device=cpu.
15:00:59  src.cpcv.pipeline  INFO    [ 79/84]                  kan (seed=0) F1=0.503  AUC=0.564  LL=0.7185 (0.9s)
15:01:00  src.cpcv.models.kan_model  INFO  KAN fitted: widths=[18, 8, 3, 2], grid=3, epochs=39, val_acc=0.4846, val_loss=0.6920, logit_range=[-0.12, 0.24], device=cpu.
15:01:00  src.cpcv.pipeline  INFO    [ 80/84]                  kan (seed=1) F1=0.355  AUC=0.556  LL=0.6879 (0.9s)
15:01:00  src.cpcv.models.kan_model  INFO  KAN fitted: widths=[18, 8, 3, 2], grid=3, epochs=37, val_acc=0.4615, val_loss=0.6912, logit_range=[-0.17, 0.11], device=cpu.
15:01:00  src.cpcv.pipeline  INFO    [ 81/84]                  kan (seed=2) F1=0.476  AUC=0.540  LL=0.6912 (0.9s)
15:01:01  src.cpcv.preprocessing  INFO  Computing MDA (Random Forest)...
15:01:19  src.cpcv.preprocessing  INFO  Computing MDA (Logistic Regression)...
15:01:20  src.cpcv.preprocessing  INFO  Multi-model MDA: 13/62 passed (MDA > 0), 49 eliminated
15:01:20  src.cpcv.preprocessing  INFO    Selected (13): ['chaikin_osc', 'eth_btc_ratio', 'exchange_supply_pct', 'gk_vol', 'kurtosis', 'log_returns', 'nasdaq_ret_30', 'realized_vol', 'roc_14', 'smt_exp', 'smt_poly1', 'sp500_ret_30', 'us10y']
15:01:20  src.cpcv.pipeline  INFO    Preprocessing: 13 features selected, train=531 + cal=133, test=295
15:01:20  src.cpcv.tuning  INFO  Tuning (1 model) — Optuna TPE + Purged K-Fold (inner: 3 folds, embargo=10 obs)
15:01:20  src.cpcv.tuning  INFO    [tuning] kan (efficient-kan + AdamW): 3 purged K-fold splits, 30 Optuna trials (TPE)
15:02:57  src.cpcv.tuning  INFO      kan: 25 completed, 5 pruned (of 30 total) — best log_loss=0.6846, params={'width1': 7, 'width2': 2, 'lr': 0.004978544745994828, 'weight_decay': 0.004067259701197585, 'grid': 5}
15:02:57  src.cpcv.tuning  INFO    [tuning] kan done in 96.5s — best log_loss=0.6846
15:02:57  src.cpcv.tuning  INFO  Tuning total: 96.5s
15:02:57  src.cpcv.pipeline  INFO      applied kan: {'width1': 7, 'width2': 2, 'grid': 5, 'lr': 0.004978544745994828, 'weight_decay': 0.004067259701197585}
15:02:58  src.cpcv.models.kan_model  INFO  KAN fitted: widths=[13, 7, 2, 2], grid=5, epochs=70, val_acc=0.5188, val_loss=0.6723, logit_range=[-0.06, 0.67], device=cpu.
15:02:58  src.cpcv.pipeline  INFO    [ 82/84]                  kan (seed=0) F1=0.517  AUC=0.498  LL=0.7259 (1.4s)
15:02:59  src.cpcv.models.kan_model  INFO  KAN fitted: widths=[13, 7, 2, 2], grid=5, epochs=56, val_acc=0.5188, val_loss=0.6700, logit_range=[-0.47, 0.38], device=cpu.
15:02:59  src.cpcv.pipeline  INFO    [ 83/84]                  kan (seed=1) F1=0.524  AUC=0.502  LL=0.7004 (1.1s)
15:03:01  src.cpcv.models.kan_model  INFO  KAN fitted: widths=[13, 7, 2, 2], grid=5, epochs=57, val_acc=0.5188, val_loss=0.6711, logit_range=[-0.12, 0.44], device=cpu.
15:03:01  src.cpcv.pipeline  INFO    [ 84/84]                  kan (seed=2) F1=0.505  AUC=0.478  LL=0.7268 (1.2s)
15:03:01  src.cpcv.pipeline  INFO  ============================================================
15:03:01  src.cpcv.pipeline  INFO  CPCV Pipeline Complete
15:03:01  src.cpcv.pipeline  INFO  ============================================================
15:03:01  src.cpcv.pipeline  INFO    Total time:     3456.9s (57.6m)
15:03:01  src.cpcv.pipeline  INFO    Tasks:          84 succeeded, 0 failed
15:03:01  src.cpcv.pipeline  INFO    Results keys:   84 (model, split, seed) entries
15:03:01  src.cpcv.pipeline  INFO    Backtest paths: 7
15:03:01  src.cpcv.pipeline  INFO    Tuning:         nested (per-split), 28 splits tuned, models=['kan']
15:03:01  src.cpcv.pipeline  INFO  ============================================================
15:03:34  src.post_cpcv.symbolic_extraction  INFO  Fold F1 scores: {0: '0.4379', 1: '0.3376', 2: '0.3666', 3: '0.3739', 4: '0.3364', 5: '0.3903', 6: '0.3629', 7: '0.3507', 8: '0.4563', 9: '0.5371', 10: '0.3616', 11: '0.4650', 12: '0.3936', 13: '0.4509', 14: '0.3441', 15: '0.4706', 16: '0.4333', 17: '0.3356', 18: '0.3729', 19: '0.3499', 20: '0.4726', 21: '0.3846', 22: '0.4216', 23: '0.5438', 24: '0.3799', 25: '0.3966', 26: '0.4447', 27: '0.5151'}
15:03:34  src.post_cpcv.symbolic_extraction  INFO  Selected fold: split 27 — last/most recent (F1=0.5151)
15:03:35  src.cpcv.cv  INFO  CPCV: 28 splits generated (N=8, k=2, embargo=11 obs).
15:03:35  src.post_cpcv.symbolic_extraction  INFO  Symbolic extraction feature subset: 5 feature(s) (overrides per-fold MDA selection).
15:03:35  src.post_cpcv.symbolic_extraction  INFO  Extraction data: 530 train, 133 val, 5 features (tanh-normalized).
15:03:36  src.post_cpcv.symbolic_extraction  INFO  Extraction Phase 1: Adam (600 steps, wd=0.0010, noise=0.050)
15:03:49  src.post_cpcv.symbolic_extraction  INFO  After Adam: train_acc=0.6698, val_acc=0.6015
15:03:49  src.post_cpcv.symbolic_extraction  INFO  Extraction Phase 2a: LBFGS warmup (20 steps, no reg)
15:03:54  src.post_cpcv.symbolic_extraction  INFO  After LBFGS warmup: train_acc=0.6811, val_acc=0.5789
15:03:54  src.post_cpcv.symbolic_extraction  INFO  Extraction Phase 2b: LBFGS sparsity (20 steps, lamb=0.0020)
15:04:00  src.post_cpcv.symbolic_extraction  INFO  After LBFGS sparsity (final): train_acc=0.7057, val_acc=0.5489
15:04:00  src.post_cpcv.symbolic_extraction  INFO  KAN trained. Val accuracy: 0.5489, width: [[5, 0], [2, 0], [2, 0]]
15:04:00  src.post_cpcv.symbolic_extraction  INFO  Pre-prune edge analysis: 14/14 active (100.0%)
15:04:00  src.post_cpcv.symbolic_extraction  INFO  Pruned: [[5, 0], [2, 0], [2, 0]] → [[5, 0], [2, 0], [2, 0]]
15:04:02  src.post_cpcv.symbolic_extraction  INFO  Saved kan_pruned_network.png
15:04:03  src.post_cpcv.symbolic_extraction  INFO  Edge (0,0,0): x^2 (R²=0.9999) ✓
15:04:03  src.post_cpcv.symbolic_extraction  INFO  Edge (0,0,1): cos (R²=1.0000) ✓
15:04:04  src.post_cpcv.symbolic_extraction  INFO  Edge (0,1,0): x^3 (R²=0.9892) ✓
15:04:04  src.post_cpcv.symbolic_extraction  INFO  Edge (0,1,1): sin (R²=0.9981) ✓
15:04:05  src.post_cpcv.symbolic_extraction  INFO  Edge (0,2,0): x^3 (R²=0.9394) ✓
15:04:06  src.post_cpcv.symbolic_extraction  INFO  Edge (0,2,1): cos (R²=1.0000) ✓
15:04:06  src.post_cpcv.symbolic_extraction  INFO  Edge (0,3,0): cos (R²=0.9999) ✓
15:04:06  src.post_cpcv.symbolic_extraction  INFO  Edge (0,3,1): exp (R²=1.0000) ✓
15:04:07  src.post_cpcv.symbolic_extraction  INFO  Edge (0,4,0): x^4 (R²=0.7897) ✓
15:04:08  src.post_cpcv.symbolic_extraction  INFO  Edge (0,4,1): tanh (R²=0.9962) ✓
15:04:08  src.post_cpcv.symbolic_extraction  INFO  Edge (1,0,0): cos (R²=0.9999) ✓
15:04:08  src.post_cpcv.symbolic_extraction  INFO  Edge (1,0,1): cos (R²=0.9999) ✓
15:04:09  src.post_cpcv.symbolic_extraction  INFO  Edge (1,1,0): tanh (R²=0.8694) ✓
15:04:10  src.post_cpcv.symbolic_extraction  INFO  Edge (1,1,1): sin (R²=0.6575) ✓
15:04:18  src.post_cpcv.symbolic_extraction  INFO  Saved kan_symbolified_network.png
15:04:49  src.post_cpcv.symbolic_extraction  WARNING  sympy.simplify timed out after 30s. Using unsimplified.
