07:13:39  src.pre_cpcv.data_loader  INFO  [data_loader] BTC-USD: 2014-11-01 → 2026-05-09 | 4208 rows | 0 warning(s)
07:13:44  src.pre_cpcv.labeling  INFO  Triple-barrier: 1270 events labeled. Class distribution: {1: 664, -1: 504, 0: 102}
07:13:45  src.pre_cpcv.labeling  WARNING  Dropped 102 row(s) belonging to rare class(es) [0] (< 8.5%).
07:13:47  src.pre_cpcv.sample_weights  INFO  Capped 12 weights at 2.84 (99% percentile).
07:13:48  src.pre_cpcv.features  INFO  Lag features: 10 columns, 4208 rows (lags=[1, 2, 3, 4, 5, 6, 7, 14, 21, 30]).
07:13:49  src.pre_cpcv.features  INFO  TA features: 25 columns, 4208 rows.
07:13:51  src.pre_cpcv.external_features  INFO  External features loaded from cache (29 cols).
07:13:52  src.pre_cpcv.features  INFO  Math features loaded from cache ({'sadf', 'smt_poly1', 'hurst', 'negentropy', 'jarque_bera', 'smt_exp', 'variance_ratio', 'shannon_entropy', 'lz_complexity'}).
07:13:52  src.pre_cpcv.features  INFO  symmetric log applied to: ['obv', 'chaikin_osc']
07:13:52  src.pre_cpcv.features  INFO  log applied to: ['atr'] (eps=1e-08)
07:14:20  src.pre_cpcv.alignment  WARNING  Remaining NaNs in 2 feature column(s) after alignment:
oil_ret_30    1
oil_ret_14    1
07:14:20  src.pre_cpcv.alignment  INFO  Alignment validation passed (1168 samples, 73 features).
07:14:21  src.cpcv.cv  INFO  CPCV: 28 splits generated (N=8, k=2, embargo=11 obs).
07:14:21  src.cpcv.cv  INFO  Path matrix: 7 paths, 8 groups, 28 splits.
07:14:25  src.cpcv.pipeline  INFO  ============================================================
07:14:25  src.cpcv.pipeline  INFO  CPCV Pipeline
07:14:25  src.cpcv.pipeline  INFO  ============================================================
07:14:25  src.cpcv.pipeline  INFO    Models:         ['ar_logistic']
07:14:25  src.cpcv.pipeline  INFO    Seeds/fold:     3
07:14:25  src.cpcv.pipeline  INFO    Groups (N):     8
07:14:25  src.cpcv.pipeline  INFO    Test groups (k):2
07:14:25  src.cpcv.pipeline  INFO    Embargo:        1.0%
07:14:25  src.cpcv.pipeline  INFO    FFD columns:    ['atr']
07:14:25  src.cpcv.pipeline  INFO    Samples:        1168
07:14:25  src.cpcv.pipeline  INFO    Features:       73
07:14:25  src.cpcv.pipeline  INFO    Splits:         28, Paths: 7
07:14:25  src.cpcv.pipeline  INFO    Tuning:         OFF
07:14:25  src.cpcv.pipeline  INFO  ============================================================
07:14:25  src.cpcv.preprocessing  INFO  Feature selection skipped (AR Logistic uses lagged returns only)
07:14:25  src.cpcv.pipeline  INFO    Preprocessing: FFD + scaling only (no feature selection), train=605 + val=130 + cal=130, test=93
07:14:25  src.cpcv.pipeline  INFO    AR Logistic lags: [1, 2, 3, 4, 5, 6, 7, 14, 21, 30]
07:14:25  src.cpcv.pipeline  INFO    [  1/84]          ar_logistic (seed=0) F1=0.551  AUC=0.542  LL=0.6874 (0.0s)
07:14:26  src.cpcv.pipeline  INFO    [  2/84]          ar_logistic (seed=1) F1=0.551  AUC=0.542  LL=0.6874 (0.0s)
07:14:26  src.cpcv.pipeline  INFO    [  3/84]          ar_logistic (seed=2) F1=0.551  AUC=0.542  LL=0.6874 (0.0s)
07:14:26  src.cpcv.preprocessing  INFO  Feature selection skipped (AR Logistic uses lagged returns only)
07:14:26  src.cpcv.pipeline  INFO    Preprocessing: FFD + scaling only (no feature selection), train=566 + val=121 + cal=122, test=146
07:14:26  src.cpcv.pipeline  INFO    AR Logistic lags: [1, 2, 3, 4, 5, 6, 7, 14, 21, 30]
07:14:26  src.cpcv.pipeline  INFO    [  4/84]          ar_logistic (seed=0) F1=0.520  AUC=0.515  LL=0.7103 (0.0s)
07:14:26  src.cpcv.pipeline  INFO    [  5/84]          ar_logistic (seed=1) F1=0.520  AUC=0.515  LL=0.7103 (0.0s)
07:14:26  src.cpcv.pipeline  INFO    [  6/84]          ar_logistic (seed=2) F1=0.520  AUC=0.515  LL=0.7103 (0.0s)
07:14:26  src.cpcv.preprocessing  INFO  Feature selection skipped (AR Logistic uses lagged returns only)
07:14:26  src.cpcv.pipeline  INFO    Preprocessing: FFD + scaling only (no feature selection), train=567 + val=122 + cal=122, test=146
07:14:26  src.cpcv.pipeline  INFO    AR Logistic lags: [1, 2, 3, 4, 5, 6, 7, 14, 21, 30]
07:14:26  src.cpcv.pipeline  INFO    [  7/84]          ar_logistic (seed=0) F1=0.511  AUC=0.533  LL=0.7185 (0.0s)
07:14:26  src.cpcv.pipeline  INFO    [  8/84]          ar_logistic (seed=1) F1=0.511  AUC=0.533  LL=0.7185 (0.0s)
07:14:26  src.cpcv.pipeline  INFO    [  9/84]          ar_logistic (seed=2) F1=0.511  AUC=0.533  LL=0.7185 (0.0s)
07:14:26  src.cpcv.preprocessing  INFO  Feature selection skipped (AR Logistic uses lagged returns only)
07:14:26  src.cpcv.pipeline  INFO    Preprocessing: FFD + scaling only (no feature selection), train=567 + val=122 + cal=122, test=146
07:14:26  src.cpcv.pipeline  INFO    AR Logistic lags: [1, 2, 3, 4, 5, 6, 7, 14, 21, 30]
07:14:26  src.cpcv.pipeline  INFO    [ 10/84]          ar_logistic (seed=0) F1=0.565  AUC=0.551  LL=0.7048 (0.0s)
07:14:26  src.cpcv.pipeline  INFO    [ 11/84]          ar_logistic (seed=1) F1=0.565  AUC=0.551  LL=0.7048 (0.0s)
07:14:26  src.cpcv.pipeline  INFO    [ 12/84]          ar_logistic (seed=2) F1=0.565  AUC=0.551  LL=0.7048 (0.0s)
07:14:27  src.cpcv.preprocessing  INFO  Feature selection skipped (AR Logistic uses lagged returns only)
07:14:27  src.cpcv.pipeline  INFO    Preprocessing: FFD + scaling only (no feature selection), train=567 + val=122 + cal=122, test=146
07:14:27  src.cpcv.pipeline  INFO    AR Logistic lags: [1, 2, 3, 4, 5, 6, 7, 14, 21, 30]
07:14:27  src.cpcv.pipeline  INFO    [ 13/84]          ar_logistic (seed=0) F1=0.441  AUC=0.434  LL=0.7361 (0.0s)
07:14:27  src.cpcv.pipeline  INFO    [ 14/84]          ar_logistic (seed=1) F1=0.441  AUC=0.434  LL=0.7361 (0.0s)
07:14:27  src.cpcv.pipeline  INFO    [ 15/84]          ar_logistic (seed=2) F1=0.441  AUC=0.434  LL=0.7361 (0.0s)
07:14:27  src.cpcv.preprocessing  INFO  Feature selection skipped (AR Logistic uses lagged returns only)
07:14:27  src.cpcv.pipeline  INFO    Preprocessing: FFD + scaling only (no feature selection), train=567 + val=122 + cal=122, test=146
07:14:27  src.cpcv.pipeline  INFO    AR Logistic lags: [1, 2, 3, 4, 5, 6, 7, 14, 21, 30]
07:14:27  src.cpcv.pipeline  INFO    [ 16/84]          ar_logistic (seed=0) F1=0.491  AUC=0.542  LL=0.6912 (0.0s)
07:14:27  src.cpcv.pipeline  INFO    [ 17/84]          ar_logistic (seed=1) F1=0.491  AUC=0.542  LL=0.6912 (0.0s)
07:14:27  src.cpcv.pipeline  INFO    [ 18/84]          ar_logistic (seed=2) F1=0.491  AUC=0.542  LL=0.6912 (0.0s)
07:14:27  src.cpcv.preprocessing  INFO  Feature selection skipped (AR Logistic uses lagged returns only)
07:14:27  src.cpcv.pipeline  INFO    Preprocessing: FFD + scaling only (no feature selection), train=575 + val=123 + cal=124, test=146
07:14:27  src.cpcv.pipeline  INFO    AR Logistic lags: [1, 2, 3, 4, 5, 6, 7, 14, 21, 30]
07:14:27  src.cpcv.pipeline  INFO    [ 19/84]          ar_logistic (seed=0) F1=0.374  AUC=0.594  LL=0.6793 (0.0s)
07:14:27  src.cpcv.pipeline  INFO    [ 20/84]          ar_logistic (seed=1) F1=0.374  AUC=0.594  LL=0.6793 (0.0s)
07:14:27  src.cpcv.pipeline  INFO    [ 21/84]          ar_logistic (seed=2) F1=0.374  AUC=0.594  LL=0.6793 (0.0s)
07:14:28  src.cpcv.preprocessing  INFO  Feature selection skipped (AR Logistic uses lagged returns only)
07:14:28  src.cpcv.pipeline  INFO    Preprocessing: FFD + scaling only (no feature selection), train=503 + val=108 + cal=108, test=239
07:14:28  src.cpcv.pipeline  INFO    AR Logistic lags: [1, 2, 3, 4, 5, 6, 7, 14, 21, 30]
07:14:28  src.cpcv.pipeline  INFO    [ 22/84]          ar_logistic (seed=0) F1=0.515  AUC=0.533  LL=0.6933 (0.0s)
07:14:28  src.cpcv.pipeline  INFO    [ 23/84]          ar_logistic (seed=1) F1=0.515  AUC=0.533  LL=0.6933 (0.0s)
07:14:28  src.cpcv.pipeline  INFO    [ 24/84]          ar_logistic (seed=2) F1=0.515  AUC=0.533  LL=0.6933 (0.0s)
07:14:28  src.cpcv.preprocessing  INFO  Feature selection skipped (AR Logistic uses lagged returns only)
07:14:28  src.cpcv.pipeline  INFO    Preprocessing: FFD + scaling only (no feature selection), train=494 + val=106 + cal=107, test=239
07:14:28  src.cpcv.pipeline  INFO    AR Logistic lags: [1, 2, 3, 4, 5, 6, 7, 14, 21, 30]
07:14:28  src.cpcv.pipeline  INFO    [ 25/84]          ar_logistic (seed=0) F1=0.528  AUC=0.551  LL=0.7037 (0.0s)
07:14:28  src.cpcv.pipeline  INFO    [ 26/84]          ar_logistic (seed=1) F1=0.528  AUC=0.551  LL=0.7037 (0.0s)
07:14:28  src.cpcv.pipeline  INFO    [ 27/84]          ar_logistic (seed=2) F1=0.528  AUC=0.551  LL=0.7037 (0.0s)
07:14:28  src.cpcv.preprocessing  INFO  Feature selection skipped (AR Logistic uses lagged returns only)
07:14:28  src.cpcv.pipeline  INFO    Preprocessing: FFD + scaling only (no feature selection), train=494 + val=106 + cal=107, test=239
07:14:28  src.cpcv.pipeline  INFO    AR Logistic lags: [1, 2, 3, 4, 5, 6, 7, 14, 21, 30]
07:14:28  src.cpcv.pipeline  INFO    [ 28/84]          ar_logistic (seed=0) F1=0.548  AUC=0.531  LL=0.7199 (0.0s)
07:14:28  src.cpcv.pipeline  INFO    [ 29/84]          ar_logistic (seed=1) F1=0.548  AUC=0.531  LL=0.7199 (0.0s)
07:14:28  src.cpcv.pipeline  INFO    [ 30/84]          ar_logistic (seed=2) F1=0.548  AUC=0.531  LL=0.7199 (0.0s)
07:14:29  src.cpcv.preprocessing  INFO  Feature selection skipped (AR Logistic uses lagged returns only)
07:14:29  src.cpcv.pipeline  INFO    Preprocessing: FFD + scaling only (no feature selection), train=494 + val=106 + cal=107, test=239
07:14:29  src.cpcv.pipeline  INFO    AR Logistic lags: [1, 2, 3, 4, 5, 6, 7, 14, 21, 30]
07:14:29  src.cpcv.pipeline  INFO    [ 31/84]          ar_logistic (seed=0) F1=0.448  AUC=0.467  LL=0.7134 (0.0s)
07:14:29  src.cpcv.pipeline  INFO    [ 32/84]          ar_logistic (seed=1) F1=0.448  AUC=0.467  LL=0.7134 (0.0s)
07:14:29  src.cpcv.pipeline  INFO    [ 33/84]          ar_logistic (seed=2) F1=0.448  AUC=0.467  LL=0.7134 (0.0s)
07:14:29  src.cpcv.preprocessing  INFO  Feature selection skipped (AR Logistic uses lagged returns only)
07:14:29  src.cpcv.pipeline  INFO    Preprocessing: FFD + scaling only (no feature selection), train=494 + val=106 + cal=107, test=239
07:14:29  src.cpcv.pipeline  INFO    AR Logistic lags: [1, 2, 3, 4, 5, 6, 7, 14, 21, 30]
07:14:29  src.cpcv.pipeline  INFO    [ 34/84]          ar_logistic (seed=0) F1=0.522  AUC=0.533  LL=0.7031 (0.0s)
07:14:29  src.cpcv.pipeline  INFO    [ 35/84]          ar_logistic (seed=1) F1=0.522  AUC=0.533  LL=0.7031 (0.0s)
07:14:29  src.cpcv.pipeline  INFO    [ 36/84]          ar_logistic (seed=2) F1=0.522  AUC=0.533  LL=0.7031 (0.0s)
07:14:29  src.cpcv.preprocessing  INFO  Feature selection skipped (AR Logistic uses lagged returns only)
07:14:29  src.cpcv.pipeline  INFO    Preprocessing: FFD + scaling only (no feature selection), train=502 + val=108 + cal=108, test=239
07:14:29  src.cpcv.pipeline  INFO    AR Logistic lags: [1, 2, 3, 4, 5, 6, 7, 14, 21, 30]
07:14:29  src.cpcv.pipeline  INFO    [ 37/84]          ar_logistic (seed=0) F1=0.424  AUC=0.555  LL=0.6707 (0.0s)
07:14:29  src.cpcv.pipeline  INFO    [ 38/84]          ar_logistic (seed=1) F1=0.424  AUC=0.555  LL=0.6707 (0.0s)
07:14:29  src.cpcv.pipeline  INFO    [ 39/84]          ar_logistic (seed=2) F1=0.424  AUC=0.555  LL=0.6707 (0.0s)
07:14:30  src.cpcv.preprocessing  INFO  Feature selection skipped (AR Logistic uses lagged returns only)
07:14:30  src.cpcv.pipeline  INFO    Preprocessing: FFD + scaling only (no feature selection), train=464 + val=99 + cal=100, test=292
07:14:30  src.cpcv.pipeline  INFO    AR Logistic lags: [1, 2, 3, 4, 5, 6, 7, 14, 21, 30]
07:14:30  src.cpcv.pipeline  INFO    [ 40/84]          ar_logistic (seed=0) F1=0.509  AUC=0.521  LL=0.7057 (0.0s)
07:14:30  src.cpcv.pipeline  INFO    [ 41/84]          ar_logistic (seed=1) F1=0.509  AUC=0.521  LL=0.7057 (0.0s)
07:14:30  src.cpcv.pipeline  INFO    [ 42/84]          ar_logistic (seed=2) F1=0.509  AUC=0.521  LL=0.7057 (0.0s)
07:14:30  src.cpcv.preprocessing  INFO  Feature selection skipped (AR Logistic uses lagged returns only)
07:14:30  src.cpcv.pipeline  INFO    Preprocessing: FFD + scaling only (no feature selection), train=455 + val=98 + cal=98, test=292
07:14:30  src.cpcv.pipeline  INFO    AR Logistic lags: [1, 2, 3, 4, 5, 6, 7, 14, 21, 30]
07:14:30  src.cpcv.pipeline  INFO    [ 43/84]          ar_logistic (seed=0) F1=0.513  AUC=0.511  LL=0.7227 (0.0s)
07:14:30  src.cpcv.pipeline  INFO    [ 44/84]          ar_logistic (seed=1) F1=0.513  AUC=0.511  LL=0.7227 (0.0s)
07:14:30  src.cpcv.pipeline  INFO    [ 45/84]          ar_logistic (seed=2) F1=0.513  AUC=0.511  LL=0.7227 (0.0s)
07:14:30  src.cpcv.preprocessing  INFO  Feature selection skipped (AR Logistic uses lagged returns only)
07:14:30  src.cpcv.pipeline  INFO    Preprocessing: FFD + scaling only (no feature selection), train=455 + val=98 + cal=98, test=292
07:14:30  src.cpcv.pipeline  INFO    AR Logistic lags: [1, 2, 3, 4, 5, 6, 7, 14, 21, 30]
07:14:30  src.cpcv.pipeline  INFO    [ 46/84]          ar_logistic (seed=0) F1=0.482  AUC=0.484  LL=0.7123 (0.0s)
07:14:30  src.cpcv.pipeline  INFO    [ 47/84]          ar_logistic (seed=1) F1=0.482  AUC=0.484  LL=0.7123 (0.0s)
07:14:30  src.cpcv.pipeline  INFO    [ 48/84]          ar_logistic (seed=2) F1=0.482  AUC=0.484  LL=0.7123 (0.0s)
07:14:31  src.cpcv.preprocessing  INFO  Feature selection skipped (AR Logistic uses lagged returns only)
07:14:31  src.cpcv.pipeline  INFO    Preprocessing: FFD + scaling only (no feature selection), train=455 + val=98 + cal=98, test=292
07:14:31  src.cpcv.pipeline  INFO    AR Logistic lags: [1, 2, 3, 4, 5, 6, 7, 14, 21, 30]
07:14:31  src.cpcv.pipeline  INFO    [ 49/84]          ar_logistic (seed=0) F1=0.546  AUC=0.543  LL=0.7085 (0.0s)
07:14:31  src.cpcv.pipeline  INFO    [ 50/84]          ar_logistic (seed=1) F1=0.546  AUC=0.543  LL=0.7085 (0.0s)
07:14:31  src.cpcv.pipeline  INFO    [ 51/84]          ar_logistic (seed=2) F1=0.546  AUC=0.543  LL=0.7085 (0.0s)
07:14:31  src.cpcv.preprocessing  INFO  Feature selection skipped (AR Logistic uses lagged returns only)
07:14:31  src.cpcv.pipeline  INFO    Preprocessing: FFD + scaling only (no feature selection), train=463 + val=99 + cal=100, test=292
07:14:31  src.cpcv.pipeline  INFO    AR Logistic lags: [1, 2, 3, 4, 5, 6, 7, 14, 21, 30]
07:14:31  src.cpcv.pipeline  INFO    [ 52/84]          ar_logistic (seed=0) F1=0.357  AUC=0.565  LL=0.7087 (0.0s)
07:14:31  src.cpcv.pipeline  INFO    [ 53/84]          ar_logistic (seed=1) F1=0.357  AUC=0.565  LL=0.7087 (0.0s)
07:14:31  src.cpcv.pipeline  INFO    [ 54/84]          ar_logistic (seed=2) F1=0.357  AUC=0.565  LL=0.7087 (0.0s)
07:14:31  src.cpcv.preprocessing  INFO  Feature selection skipped (AR Logistic uses lagged returns only)
07:14:31  src.cpcv.pipeline  INFO    Preprocessing: FFD + scaling only (no feature selection), train=465 + val=100 + cal=100, test=292
07:14:31  src.cpcv.pipeline  INFO    AR Logistic lags: [1, 2, 3, 4, 5, 6, 7, 14, 21, 30]
07:14:31  src.cpcv.pipeline  INFO    [ 55/84]          ar_logistic (seed=0) F1=0.504  AUC=0.521  LL=0.7073 (0.0s)
07:14:31  src.cpcv.pipeline  INFO    [ 56/84]          ar_logistic (seed=1) F1=0.504  AUC=0.521  LL=0.7073 (0.0s)
07:14:31  src.cpcv.pipeline  INFO    [ 57/84]          ar_logistic (seed=2) F1=0.504  AUC=0.521  LL=0.7073 (0.0s)
07:14:32  src.cpcv.preprocessing  INFO  Feature selection skipped (AR Logistic uses lagged returns only)
07:14:32  src.cpcv.pipeline  INFO    Preprocessing: FFD + scaling only (no feature selection), train=457 + val=98 + cal=98, test=292
07:14:32  src.cpcv.pipeline  INFO    AR Logistic lags: [1, 2, 3, 4, 5, 6, 7, 14, 21, 30]
07:14:32  src.cpcv.pipeline  INFO    [ 58/84]          ar_logistic (seed=0) F1=0.483  AUC=0.491  LL=0.7201 (0.0s)
07:14:32  src.cpcv.pipeline  INFO    [ 59/84]          ar_logistic (seed=1) F1=0.483  AUC=0.491  LL=0.7201 (0.0s)
07:14:32  src.cpcv.pipeline  INFO    [ 60/84]          ar_logistic (seed=2) F1=0.483  AUC=0.491  LL=0.7201 (0.0s)
07:14:32  src.cpcv.preprocessing  INFO  Feature selection skipped (AR Logistic uses lagged returns only)
07:14:32  src.cpcv.pipeline  INFO    Preprocessing: FFD + scaling only (no feature selection), train=457 + val=98 + cal=98, test=292
07:14:32  src.cpcv.pipeline  INFO    AR Logistic lags: [1, 2, 3, 4, 5, 6, 7, 14, 21, 30]
07:14:32  src.cpcv.pipeline  INFO    [ 61/84]          ar_logistic (seed=0) F1=0.505  AUC=0.529  LL=0.7137 (0.0s)
07:14:32  src.cpcv.pipeline  INFO    [ 62/84]          ar_logistic (seed=1) F1=0.505  AUC=0.529  LL=0.7137 (0.0s)
07:14:32  src.cpcv.pipeline  INFO    [ 63/84]          ar_logistic (seed=2) F1=0.505  AUC=0.529  LL=0.7137 (0.0s)
07:14:32  src.cpcv.preprocessing  INFO  Feature selection skipped (AR Logistic uses lagged returns only)
07:14:32  src.cpcv.pipeline  INFO    Preprocessing: FFD + scaling only (no feature selection), train=464 + val=100 + cal=100, test=292
07:14:32  src.cpcv.pipeline  INFO    AR Logistic lags: [1, 2, 3, 4, 5, 6, 7, 14, 21, 30]
07:14:32  src.cpcv.pipeline  INFO    [ 64/84]          ar_logistic (seed=0) F1=0.355  AUC=0.545  LL=0.6935 (0.0s)
07:14:32  src.cpcv.pipeline  INFO    [ 65/84]          ar_logistic (seed=1) F1=0.355  AUC=0.545  LL=0.6935 (0.0s)
07:14:32  src.cpcv.pipeline  INFO    [ 66/84]          ar_logistic (seed=2) F1=0.355  AUC=0.545  LL=0.6935 (0.0s)
07:14:32  src.cpcv.preprocessing  INFO  Feature selection skipped (AR Logistic uses lagged returns only)
07:14:33  src.cpcv.pipeline  INFO    Preprocessing: FFD + scaling only (no feature selection), train=465 + val=100 + cal=100, test=292
07:14:33  src.cpcv.pipeline  INFO    AR Logistic lags: [1, 2, 3, 4, 5, 6, 7, 14, 21, 30]
07:14:33  src.cpcv.pipeline  INFO    [ 67/84]          ar_logistic (seed=0) F1=0.513  AUC=0.502  LL=0.7113 (0.0s)
07:14:33  src.cpcv.pipeline  INFO    [ 68/84]          ar_logistic (seed=1) F1=0.513  AUC=0.502  LL=0.7113 (0.0s)
07:14:33  src.cpcv.pipeline  INFO    [ 69/84]          ar_logistic (seed=2) F1=0.513  AUC=0.502  LL=0.7113 (0.0s)
07:14:33  src.cpcv.preprocessing  INFO  Feature selection skipped (AR Logistic uses lagged returns only)
07:14:33  src.cpcv.pipeline  INFO    Preprocessing: FFD + scaling only (no feature selection), train=457 + val=98 + cal=98, test=292
07:14:33  src.cpcv.pipeline  INFO    AR Logistic lags: [1, 2, 3, 4, 5, 6, 7, 14, 21, 30]
07:14:33  src.cpcv.pipeline  INFO    [ 70/84]          ar_logistic (seed=0) F1=0.505  AUC=0.525  LL=0.7263 (0.0s)
07:14:33  src.cpcv.pipeline  INFO    [ 71/84]          ar_logistic (seed=1) F1=0.505  AUC=0.525  LL=0.7263 (0.0s)
07:14:33  src.cpcv.pipeline  INFO    [ 72/84]          ar_logistic (seed=2) F1=0.505  AUC=0.525  LL=0.7263 (0.0s)
07:14:33  src.cpcv.preprocessing  INFO  Feature selection skipped (AR Logistic uses lagged returns only)
07:14:33  src.cpcv.pipeline  INFO    Preprocessing: FFD + scaling only (no feature selection), train=464 + val=100 + cal=100, test=292
07:14:33  src.cpcv.pipeline  INFO    AR Logistic lags: [1, 2, 3, 4, 5, 6, 7, 14, 21, 30]
07:14:33  src.cpcv.pipeline  INFO    [ 73/84]          ar_logistic (seed=0) F1=0.369  AUC=0.551  LL=0.6785 (0.0s)
07:14:33  src.cpcv.pipeline  INFO    [ 74/84]          ar_logistic (seed=1) F1=0.369  AUC=0.551  LL=0.6785 (0.0s)
07:14:33  src.cpcv.pipeline  INFO    [ 75/84]          ar_logistic (seed=2) F1=0.369  AUC=0.551  LL=0.6785 (0.0s)
07:14:33  src.cpcv.preprocessing  INFO  Feature selection skipped (AR Logistic uses lagged returns only)
07:14:33  src.cpcv.pipeline  INFO    Preprocessing: FFD + scaling only (no feature selection), train=465 + val=100 + cal=100, test=292
07:14:33  src.cpcv.pipeline  INFO    AR Logistic lags: [1, 2, 3, 4, 5, 6, 7, 14, 21, 30]
07:14:33  src.cpcv.pipeline  INFO    [ 76/84]          ar_logistic (seed=0) F1=0.452  AUC=0.463  LL=0.7309 (0.0s)
07:14:33  src.cpcv.pipeline  INFO    [ 77/84]          ar_logistic (seed=1) F1=0.452  AUC=0.463  LL=0.7309 (0.0s)
07:14:34  src.cpcv.pipeline  INFO    [ 78/84]          ar_logistic (seed=2) F1=0.452  AUC=0.463  LL=0.7309 (0.0s)
07:14:34  src.cpcv.preprocessing  INFO  Feature selection skipped (AR Logistic uses lagged returns only)
07:14:34  src.cpcv.pipeline  INFO    Preprocessing: FFD + scaling only (no feature selection), train=464 + val=100 + cal=100, test=292
07:14:34  src.cpcv.pipeline  INFO    AR Logistic lags: [1, 2, 3, 4, 5, 6, 7, 14, 21, 30]
07:14:34  src.cpcv.pipeline  INFO    [ 79/84]          ar_logistic (seed=0) F1=0.345  AUC=0.501  LL=0.7092 (0.0s)
07:14:34  src.cpcv.pipeline  INFO    [ 80/84]          ar_logistic (seed=1) F1=0.345  AUC=0.501  LL=0.7092 (0.0s)
07:14:34  src.cpcv.pipeline  INFO    [ 81/84]          ar_logistic (seed=2) F1=0.345  AUC=0.501  LL=0.7092 (0.0s)
07:14:34  src.cpcv.preprocessing  INFO  Feature selection skipped (AR Logistic uses lagged returns only)
07:14:34  src.cpcv.pipeline  INFO    Preprocessing: FFD + scaling only (no feature selection), train=473 + val=101 + cal=102, test=292
07:14:34  src.cpcv.pipeline  INFO    AR Logistic lags: [1, 2, 3, 4, 5, 6, 7, 14, 21, 30]
07:14:34  src.cpcv.pipeline  INFO    [ 82/84]          ar_logistic (seed=0) F1=0.326  AUC=0.441  LL=0.7309 (0.0s)
07:14:34  src.cpcv.pipeline  INFO    [ 83/84]          ar_logistic (seed=1) F1=0.326  AUC=0.441  LL=0.7309 (0.0s)
07:14:34  src.cpcv.pipeline  INFO    [ 84/84]          ar_logistic (seed=2) F1=0.326  AUC=0.441  LL=0.7309 (0.0s)
07:14:34  src.cpcv.pipeline  INFO  ============================================================
07:14:34  src.cpcv.pipeline  INFO  CPCV Pipeline Complete
07:14:34  src.cpcv.pipeline  INFO  ============================================================
07:14:34  src.cpcv.pipeline  INFO    Total time:     9.0s (0.2m)
07:14:34  src.cpcv.pipeline  INFO    Tasks:          84 succeeded, 0 failed
07:14:34  src.cpcv.pipeline  INFO    Results keys:   84 (model, split, seed) entries
07:14:34  src.cpcv.pipeline  INFO    Backtest paths: 7
07:14:34  src.cpcv.pipeline  INFO  ============================================================
07:14:35  src.cpcv.pipeline  INFO  ============================================================
07:14:35  src.cpcv.pipeline  INFO  CPCV Pipeline
07:14:35  src.cpcv.pipeline  INFO  ============================================================
07:14:35  src.cpcv.pipeline  INFO    Models:         ['logistic']
07:14:35  src.cpcv.pipeline  INFO    Seeds/fold:     3
07:14:35  src.cpcv.pipeline  INFO    Groups (N):     8
07:14:35  src.cpcv.pipeline  INFO    Test groups (k):2
07:14:35  src.cpcv.pipeline  INFO    Embargo:        1.0%
07:14:35  src.cpcv.pipeline  INFO    FFD columns:    ['atr']
07:14:35  src.cpcv.pipeline  INFO    Samples:        1168
07:14:35  src.cpcv.pipeline  INFO    Features:       73
07:14:35  src.cpcv.pipeline  INFO    Splits:         28, Paths: 7
07:14:35  src.cpcv.pipeline  INFO    Tuning:         NESTED (per-split) — ['logistic'] [30 trials]
07:14:35  src.cpcv.pipeline  INFO  ============================================================
07:14:35  src.cpcv.preprocessing  INFO  Computing MDA (Random Forest)...
07:15:09  src.cpcv.preprocessing  INFO  Computing MDA (Logistic Regression)...
07:15:10  src.cpcv.preprocessing  INFO  Multi-model MDA: 31/73 passed (MDA > 0), 42 eliminated
07:15:10  src.cpcv.preprocessing  INFO    Capped at 14 features (top_k_frac=0.2)
07:15:10  src.cpcv.preprocessing  INFO    Selected (14): ['ema_ratio_20_50', 'eth_btc_ratio', 'exchange_supply_pct', 'jarque_bera', 'log_returns', 'log_returns_lag6', 'macd_hist', 'natgas_ret_30', 'skewness', 'smt_exp', 'sp500_ret_30', 'variance_ratio', 'vix', 'yield_curve_2y10y']
07:15:10  src.cpcv.pipeline  INFO    Preprocessing: 14 features selected, train=605 + val=130 + cal=130, test=93
07:15:11  src.cpcv.tuning  INFO  Tuning (1 model) — Optuna TPE + Purged K-Fold (inner: 3 folds, embargo=10 obs)
07:15:11  src.cpcv.tuning  INFO    [tuning] logistic: 3 purged K-fold splits, 30 Optuna trials (TPE)
07:15:11  src.cpcv.tuning  INFO      logistic: 21 completed, 9 pruned (of 30 total) — best log_loss=0.6768, params={'C': 0.054502936945582565, 'penalty': 'l1'}
07:15:11  src.cpcv.tuning  INFO    [tuning] logistic done in 0.7s — best log_loss=0.6768
07:15:11  src.cpcv.tuning  INFO  Tuning total: 0.7s
07:15:11  src.cpcv.pipeline  INFO      applied logistic: {'C': 0.054502936945582565, 'penalty': 'l1'}
07:15:11  src.cpcv.pipeline  INFO    [  1/84]             logistic (seed=0) F1=0.500  AUC=0.533  LL=0.6848 (0.0s)
07:15:11  src.cpcv.pipeline  INFO    [  2/84]             logistic (seed=1) F1=0.515  AUC=0.534  LL=0.6848 (0.0s)
07:15:11  src.cpcv.pipeline  INFO    [  3/84]             logistic (seed=2) F1=0.500  AUC=0.534  LL=0.6848 (0.0s)
07:15:12  src.cpcv.preprocessing  INFO  Computing MDA (Random Forest)...
07:15:45  src.cpcv.preprocessing  INFO  Computing MDA (Logistic Regression)...
07:15:46  src.cpcv.preprocessing  INFO  Multi-model MDA: 39/73 passed (MDA > 0), 34 eliminated
07:15:46  src.cpcv.preprocessing  INFO    Capped at 14 features (top_k_frac=0.2)
07:15:46  src.cpcv.preprocessing  INFO    Selected (14): ['cci_14', 'copper_ret_14', 'ema_ratio_50_200', 'gk_vol', 'gold_ret_30', 'log_returns', 'natgas_ret_30', 'oil_ret_14', 'oil_ret_30', 'roc_14', 'rsi', 'silver_ret_30', 'stoch_d', 'yz_vol']
07:15:46  src.cpcv.pipeline  INFO    Preprocessing: 14 features selected, train=566 + val=121 + cal=122, test=146
07:15:46  src.cpcv.tuning  INFO  Tuning (1 model) — Optuna TPE + Purged K-Fold (inner: 3 folds, embargo=10 obs)
07:15:46  src.cpcv.tuning  INFO    [tuning] logistic: 3 purged K-fold splits, 30 Optuna trials (TPE)
07:15:47  src.cpcv.tuning  INFO      logistic: 20 completed, 10 pruned (of 30 total) — best log_loss=0.6904, params={'C': 0.003409264942037956, 'penalty': 'l2'}
07:15:47  src.cpcv.tuning  INFO    [tuning] logistic done in 0.8s — best log_loss=0.6904
07:15:47  src.cpcv.tuning  INFO  Tuning total: 0.8s
07:15:47  src.cpcv.pipeline  INFO      applied logistic: {'C': 0.003409264942037956, 'penalty': 'l2'}
07:15:47  src.cpcv.pipeline  INFO    [  4/84]             logistic (seed=0) F1=0.453  AUC=0.512  LL=0.7034 (0.0s)
07:15:47  src.cpcv.pipeline  INFO    [  5/84]             logistic (seed=1) F1=0.453  AUC=0.512  LL=0.7034 (0.0s)
07:15:47  src.cpcv.pipeline  INFO    [  6/84]             logistic (seed=2) F1=0.453  AUC=0.512  LL=0.7034 (0.0s)
07:15:47  src.cpcv.preprocessing  INFO  Computing MDA (Random Forest)...
07:16:17  src.cpcv.preprocessing  INFO  Computing MDA (Logistic Regression)...
07:16:18  src.cpcv.preprocessing  INFO  Multi-model MDA: 36/73 passed (MDA > 0), 37 eliminated
07:16:18  src.cpcv.preprocessing  INFO    Capped at 14 features (top_k_frac=0.2)
07:16:18  src.cpcv.preprocessing  INFO    Selected (14): ['atr', 'cci_14', 'dxy_roc_30', 'ema_ratio_20_50', 'eth_btc_ratio', 'log_returns', 'log_returns_lag1', 'log_returns_lag5', 'log_returns_lag6', 'mvrv', 'natgas_ret_30', 'oil_ret_14', 'smt_poly1', 'stoch_d']
07:16:18  src.cpcv.pipeline  INFO    Preprocessing: 14 features selected, train=567 + val=122 + cal=122, test=146
07:16:18  src.cpcv.tuning  INFO  Tuning (1 model) — Optuna TPE + Purged K-Fold (inner: 3 folds, embargo=10 obs)
07:16:18  src.cpcv.tuning  INFO    [tuning] logistic: 3 purged K-fold splits, 30 Optuna trials (TPE)
07:16:19  src.cpcv.tuning  INFO      logistic: 15 completed, 15 pruned (of 30 total) — best log_loss=0.6822, params={'C': 0.09148995083972236, 'penalty': 'l1'}
07:16:19  src.cpcv.tuning  INFO    [tuning] logistic done in 0.4s — best log_loss=0.6822
07:16:19  src.cpcv.tuning  INFO  Tuning total: 0.4s
07:16:19  src.cpcv.pipeline  INFO      applied logistic: {'C': 0.09148995083972236, 'penalty': 'l1'}
07:16:19  src.cpcv.pipeline  INFO    [  7/84]             logistic (seed=0) F1=0.440  AUC=0.550  LL=0.7058 (0.0s)
07:16:19  src.cpcv.pipeline  INFO    [  8/84]             logistic (seed=1) F1=0.440  AUC=0.550  LL=0.7058 (0.0s)
07:16:19  src.cpcv.pipeline  INFO    [  9/84]             logistic (seed=2) F1=0.440  AUC=0.550  LL=0.7058 (0.0s)
07:16:19  src.cpcv.preprocessing  INFO  Computing MDA (Random Forest)...
07:16:46  src.cpcv.preprocessing  INFO  Computing MDA (Logistic Regression)...
07:16:47  src.cpcv.preprocessing  INFO  Multi-model MDA: 39/73 passed (MDA > 0), 34 eliminated
07:16:47  src.cpcv.preprocessing  INFO    Capped at 14 features (top_k_frac=0.2)
07:16:47  src.cpcv.preprocessing  INFO    Selected (14): ['atr', 'cci_14', 'eth_btc_ratio', 'hashrate_roc_30', 'log_returns_lag21', 'lz_complexity', 'mvrv', 'natgas_ret_30', 'realized_vol', 'sadf', 'sp500_ret_14', 'tx_count_roc_14', 'variance_ratio', 'vix']
07:16:47  src.cpcv.pipeline  INFO    Preprocessing: 14 features selected, train=567 + val=122 + cal=122, test=146
07:16:47  src.cpcv.tuning  INFO  Tuning (1 model) — Optuna TPE + Purged K-Fold (inner: 3 folds, embargo=10 obs)
07:16:47  src.cpcv.tuning  INFO    [tuning] logistic: 3 purged K-fold splits, 30 Optuna trials (TPE)
07:16:47  src.cpcv.tuning  INFO      logistic: 18 completed, 12 pruned (of 30 total) — best log_loss=0.6908, params={'C': 0.054502936945582565, 'penalty': 'l1'}
07:16:47  src.cpcv.tuning  INFO    [tuning] logistic done in 0.4s — best log_loss=0.6908
07:16:47  src.cpcv.tuning  INFO  Tuning total: 0.4s
07:16:47  src.cpcv.pipeline  INFO      applied logistic: {'C': 0.054502936945582565, 'penalty': 'l1'}
07:16:47  src.cpcv.pipeline  INFO    [ 10/84]             logistic (seed=0) F1=0.467  AUC=0.482  LL=0.6967 (0.0s)
07:16:47  src.cpcv.pipeline  INFO    [ 11/84]             logistic (seed=1) F1=0.467  AUC=0.482  LL=0.6967 (0.0s)
07:16:47  src.cpcv.pipeline  INFO    [ 12/84]             logistic (seed=2) F1=0.467  AUC=0.482  LL=0.6967 (0.0s)
07:16:48  src.cpcv.preprocessing  INFO  Computing MDA (Random Forest)...
07:17:14  src.cpcv.preprocessing  INFO  Computing MDA (Logistic Regression)...
07:17:16  src.cpcv.preprocessing  INFO  Multi-model MDA: 36/73 passed (MDA > 0), 37 eliminated
07:17:16  src.cpcv.preprocessing  INFO    Capped at 14 features (top_k_frac=0.2)
07:17:16  src.cpcv.preprocessing  INFO    Selected (14): ['active_addr_roc_14', 'atr', 'eth_btc_ratio', 'exchange_supply_pct', 'issuance_ntv', 'log_returns_lag1', 'log_returns_lag5', 'log_returns_lag7', 'obv', 'oil_ret_14', 'roc_14', 'skewness', 'smt_exp', 'vix']
07:17:16  src.cpcv.pipeline  INFO    Preprocessing: 14 features selected, train=567 + val=122 + cal=122, test=146
07:17:16  src.cpcv.tuning  INFO  Tuning (1 model) — Optuna TPE + Purged K-Fold (inner: 3 folds, embargo=10 obs)
07:17:16  src.cpcv.tuning  INFO    [tuning] logistic: 3 purged K-fold splits, 30 Optuna trials (TPE)
07:17:16  src.cpcv.tuning  INFO      logistic: 17 completed, 13 pruned (of 30 total) — best log_loss=0.6827, params={'C': 0.15517874583611974, 'penalty': 'l1'}
07:17:16  src.cpcv.tuning  INFO    [tuning] logistic done in 0.5s — best log_loss=0.6827
07:17:16  src.cpcv.tuning  INFO  Tuning total: 0.5s
07:17:16  src.cpcv.pipeline  INFO      applied logistic: {'C': 0.15517874583611974, 'penalty': 'l1'}
07:17:16  src.cpcv.pipeline  INFO    [ 13/84]             logistic (seed=0) F1=0.380  AUC=0.483  LL=0.7950 (0.0s)
07:17:16  src.cpcv.pipeline  INFO    [ 14/84]             logistic (seed=1) F1=0.380  AUC=0.483  LL=0.7950 (0.0s)
07:17:16  src.cpcv.pipeline  INFO    [ 15/84]             logistic (seed=2) F1=0.380  AUC=0.483  LL=0.7950 (0.0s)
07:17:16  src.cpcv.preprocessing  INFO  Computing MDA (Random Forest)...
07:17:43  src.cpcv.preprocessing  INFO  Computing MDA (Logistic Regression)...
07:17:45  src.cpcv.preprocessing  INFO  Multi-model MDA: 40/73 passed (MDA > 0), 33 eliminated
07:17:45  src.cpcv.preprocessing  INFO    Capped at 14 features (top_k_frac=0.2)
07:17:45  src.cpcv.preprocessing  INFO    Selected (14): ['atr', 'chaikin_osc', 'eth_btc_ratio', 'hashrate_roc_30', 'jarque_bera', 'kurtosis', 'log_returns_lag30', 'log_returns_lag6', 'obv', 'silver_ret_30', 'variance_ratio', 'vol_term_7_30', 'vwma_ratio_20_50', 'yield_curve_2y10y']
07:17:45  src.cpcv.pipeline  INFO    Preprocessing: 14 features selected, train=567 + val=122 + cal=122, test=146
07:17:45  src.cpcv.tuning  INFO  Tuning (1 model) — Optuna TPE + Purged K-Fold (inner: 3 folds, embargo=10 obs)
07:17:45  src.cpcv.tuning  INFO    [tuning] logistic: 3 purged K-fold splits, 30 Optuna trials (TPE)
07:17:45  src.cpcv.tuning  INFO      logistic: 15 completed, 15 pruned (of 30 total) — best log_loss=0.6829, params={'C': 0.017670169402947963, 'penalty': 'l1'}
07:17:45  src.cpcv.tuning  INFO    [tuning] logistic done in 0.6s — best log_loss=0.6829
07:17:45  src.cpcv.tuning  INFO  Tuning total: 0.6s
07:17:45  src.cpcv.pipeline  INFO      applied logistic: {'C': 0.017670169402947963, 'penalty': 'l1'}
07:17:45  src.cpcv.pipeline  INFO    [ 16/84]             logistic (seed=0) F1=0.513  AUC=0.522  LL=0.6884 (0.0s)
07:17:45  src.cpcv.pipeline  INFO    [ 17/84]             logistic (seed=1) F1=0.513  AUC=0.522  LL=0.6884 (0.0s)
07:17:45  src.cpcv.pipeline  INFO    [ 18/84]             logistic (seed=2) F1=0.513  AUC=0.522  LL=0.6884 (0.0s)
07:17:46  src.cpcv.preprocessing  INFO  Computing MDA (Random Forest)...
07:18:24  src.cpcv.preprocessing  INFO  Computing MDA (Logistic Regression)...
07:18:25  src.cpcv.preprocessing  INFO  Multi-model MDA: 40/73 passed (MDA > 0), 33 eliminated
07:18:25  src.cpcv.preprocessing  INFO    Capped at 14 features (top_k_frac=0.2)
07:18:25  src.cpcv.preprocessing  INFO    Selected (14): ['active_addr_roc_14', 'chaikin_osc', 'copper_ret_14', 'hashrate_roc_30', 'hurst', 'kurtosis', 'log_returns', 'log_returns_lag3', 'realized_vol', 'us10y', 'variance_ratio', 'vix', 'williams_r', 'yield_curve_2y10y']
07:18:25  src.cpcv.pipeline  INFO    Preprocessing: 14 features selected, train=575 + val=123 + cal=124, test=146
07:18:25  src.cpcv.tuning  INFO  Tuning (1 model) — Optuna TPE + Purged K-Fold (inner: 3 folds, embargo=10 obs)
07:18:25  src.cpcv.tuning  INFO    [tuning] logistic: 3 purged K-fold splits, 30 Optuna trials (TPE)
07:18:26  src.cpcv.tuning  INFO      logistic: 25 completed, 5 pruned (of 30 total) — best log_loss=0.6931, params={'C': 0.017670169402947963, 'penalty': 'l1'}
07:18:26  src.cpcv.tuning  INFO    [tuning] logistic done in 0.6s — best log_loss=0.6931
07:18:26  src.cpcv.tuning  INFO  Tuning total: 0.6s
07:18:26  src.cpcv.pipeline  INFO      applied logistic: {'C': 0.017670169402947963, 'penalty': 'l1'}
07:18:26  src.cpcv.pipeline  INFO    [ 19/84]             logistic (seed=0) F1=0.360  AUC=0.500  LL=0.6860 (0.0s)
07:18:26  src.cpcv.pipeline  INFO    [ 20/84]             logistic (seed=1) F1=0.360  AUC=0.500  LL=0.6860 (0.0s)
07:18:26  src.cpcv.pipeline  INFO    [ 21/84]             logistic (seed=2) F1=0.360  AUC=0.500  LL=0.6860 (0.0s)
07:18:26  src.cpcv.preprocessing  INFO  Computing MDA (Random Forest)...
07:18:53  src.cpcv.preprocessing  INFO  Computing MDA (Logistic Regression)...
07:18:55  src.cpcv.preprocessing  INFO  Multi-model MDA: 37/73 passed (MDA > 0), 36 eliminated
07:18:55  src.cpcv.preprocessing  INFO    Capped at 14 features (top_k_frac=0.2)
07:18:55  src.cpcv.preprocessing  INFO    Selected (14): ['dxy_roc_30', 'gold_ret_30', 'log_returns', 'log_returns_lag2', 'log_returns_lag4', 'natgas_ret_30', 'negentropy', 'obv', 'rsi', 'silver_ret_30', 'skewness', 'tx_count_roc_14', 'us10y', 'us2y']
07:18:55  src.cpcv.pipeline  INFO    Preprocessing: 14 features selected, train=503 + val=108 + cal=108, test=239
07:18:55  src.cpcv.tuning  INFO  Tuning (1 model) — Optuna TPE + Purged K-Fold (inner: 3 folds, embargo=10 obs)
07:18:55  src.cpcv.tuning  INFO    [tuning] logistic: 3 purged K-fold splits, 30 Optuna trials (TPE)
07:18:55  src.cpcv.tuning  INFO      logistic: 23 completed, 7 pruned (of 30 total) — best log_loss=0.6926, params={'C': 0.0012953887073261802, 'penalty': 'l2'}
07:18:55  src.cpcv.tuning  INFO    [tuning] logistic done in 0.7s — best log_loss=0.6926
07:18:55  src.cpcv.tuning  INFO  Tuning total: 0.7s
07:18:55  src.cpcv.pipeline  INFO      applied logistic: {'C': 0.0012953887073261802, 'penalty': 'l2'}
07:18:55  src.cpcv.pipeline  INFO    [ 22/84]             logistic (seed=0) F1=0.357  AUC=0.575  LL=0.7169 (0.0s)
07:18:55  src.cpcv.pipeline  INFO    [ 23/84]             logistic (seed=1) F1=0.357  AUC=0.575  LL=0.7169 (0.0s)
07:18:55  src.cpcv.pipeline  INFO    [ 24/84]             logistic (seed=2) F1=0.357  AUC=0.575  LL=0.7169 (0.0s)
07:18:56  src.cpcv.preprocessing  INFO  Computing MDA (Random Forest)...
07:19:20  src.cpcv.preprocessing  INFO  Computing MDA (Logistic Regression)...
07:19:22  src.cpcv.preprocessing  INFO  Multi-model MDA: 38/73 passed (MDA > 0), 35 eliminated
07:19:22  src.cpcv.preprocessing  INFO    Capped at 14 features (top_k_frac=0.2)
07:19:22  src.cpcv.preprocessing  INFO    Selected (14): ['cci_14', 'dxy_roc_30', 'eth_btc_ratio', 'hashrate_roc_30', 'jarque_bera', 'kurtosis', 'log_returns_lag2', 'log_returns_lag6', 'macd', 'macd_hist', 'natgas_ret_30', 'negentropy', 'us10y', 'vol_term_7_30']
07:19:22  src.cpcv.pipeline  INFO    Preprocessing: 14 features selected, train=494 + val=106 + cal=107, test=239
07:19:22  src.cpcv.tuning  INFO  Tuning (1 model) — Optuna TPE + Purged K-Fold (inner: 3 folds, embargo=10 obs)
07:19:22  src.cpcv.tuning  INFO    [tuning] logistic: 3 purged K-fold splits, 30 Optuna trials (TPE)
07:19:22  src.cpcv.tuning  INFO      logistic: 28 completed, 2 pruned (of 30 total) — best log_loss=0.6866, params={'C': 0.022411319470642815, 'penalty': 'l2'}
07:19:22  src.cpcv.tuning  INFO    [tuning] logistic done in 0.8s — best log_loss=0.6866
07:19:22  src.cpcv.tuning  INFO  Tuning total: 0.8s
07:19:22  src.cpcv.pipeline  INFO      applied logistic: {'C': 0.022411319470642815, 'penalty': 'l2'}
07:19:22  src.cpcv.pipeline  INFO    [ 25/84]             logistic (seed=0) F1=0.487  AUC=0.557  LL=0.8400 (0.0s)
07:19:22  src.cpcv.pipeline  INFO    [ 26/84]             logistic (seed=1) F1=0.487  AUC=0.557  LL=0.8400 (0.0s)
07:19:23  src.cpcv.pipeline  INFO    [ 27/84]             logistic (seed=2) F1=0.487  AUC=0.557  LL=0.8400 (0.0s)
07:19:23  src.cpcv.preprocessing  INFO  Computing MDA (Random Forest)...
07:19:48  src.cpcv.preprocessing  INFO  Computing MDA (Logistic Regression)...
07:19:50  src.cpcv.preprocessing  INFO  Multi-model MDA: 37/73 passed (MDA > 0), 36 eliminated
07:19:50  src.cpcv.preprocessing  INFO    Capped at 14 features (top_k_frac=0.2)
07:19:50  src.cpcv.preprocessing  INFO    Selected (14): ['cci_14', 'chaikin_osc', 'dxy_roc_30', 'eth_btc_ratio', 'gold_ret_14', 'hashrate_roc_30', 'jarque_bera', 'log_returns_lag4', 'natgas_ret_30', 'roc_14', 'rsi', 'smt_exp', 'sp500_ret_14', 'williams_r']
07:19:50  src.cpcv.pipeline  INFO    Preprocessing: 14 features selected, train=494 + val=106 + cal=107, test=239
07:19:50  src.cpcv.tuning  INFO  Tuning (1 model) — Optuna TPE + Purged K-Fold (inner: 3 folds, embargo=10 obs)
07:19:50  src.cpcv.tuning  INFO    [tuning] logistic: 3 purged K-fold splits, 30 Optuna trials (TPE)
07:19:50  src.cpcv.tuning  INFO      logistic: 22 completed, 8 pruned (of 30 total) — best log_loss=0.6807, params={'C': 0.054502936945582565, 'penalty': 'l1'}
07:19:50  src.cpcv.tuning  INFO    [tuning] logistic done in 0.7s — best log_loss=0.6807
07:19:50  src.cpcv.tuning  INFO  Tuning total: 0.7s
07:19:50  src.cpcv.pipeline  INFO      applied logistic: {'C': 0.054502936945582565, 'penalty': 'l1'}
07:19:50  src.cpcv.pipeline  INFO    [ 28/84]             logistic (seed=0) F1=0.425  AUC=0.572  LL=0.7124 (0.0s)
07:19:50  src.cpcv.pipeline  INFO    [ 29/84]             logistic (seed=1) F1=0.425  AUC=0.572  LL=0.7124 (0.0s)
07:19:50  src.cpcv.pipeline  INFO    [ 30/84]             logistic (seed=2) F1=0.425  AUC=0.572  LL=0.7124 (0.0s)
07:19:51  src.cpcv.preprocessing  INFO  Computing MDA (Random Forest)...
07:20:15  src.cpcv.preprocessing  INFO  Computing MDA (Logistic Regression)...
07:20:16  src.cpcv.preprocessing  INFO  Multi-model MDA: 37/73 passed (MDA > 0), 36 eliminated
07:20:16  src.cpcv.preprocessing  INFO    Capped at 14 features (top_k_frac=0.2)
07:20:16  src.cpcv.preprocessing  INFO    Selected (14): ['cci_14', 'ema_ratio_20_50', 'fee_per_tx', 'gold_ret_30', 'hashrate_roc_30', 'jarque_bera', 'log_returns', 'log_returns_lag6', 'mfi_14', 'natgas_ret_14', 'natgas_ret_30', 'silver_ret_30', 'skewness', 'sp500_ret_14']
07:20:16  src.cpcv.pipeline  INFO    Preprocessing: 14 features selected, train=494 + val=106 + cal=107, test=239
07:20:16  src.cpcv.tuning  INFO  Tuning (1 model) — Optuna TPE + Purged K-Fold (inner: 3 folds, embargo=10 obs)
07:20:16  src.cpcv.tuning  INFO    [tuning] logistic: 3 purged K-fold splits, 30 Optuna trials (TPE)
07:20:17  src.cpcv.tuning  INFO      logistic: 27 completed, 3 pruned (of 30 total) — best log_loss=0.6759, params={'C': 0.12647598951788191, 'penalty': 'l1'}
07:20:17  src.cpcv.tuning  INFO    [tuning] logistic done in 0.6s — best log_loss=0.6759
07:20:17  src.cpcv.tuning  INFO  Tuning total: 0.6s
07:20:17  src.cpcv.pipeline  INFO      applied logistic: {'C': 0.12647598951788191, 'penalty': 'l1'}
07:20:17  src.cpcv.pipeline  INFO    [ 31/84]             logistic (seed=0) F1=0.522  AUC=0.532  LL=0.7063 (0.0s)
07:20:17  src.cpcv.pipeline  INFO    [ 32/84]             logistic (seed=1) F1=0.526  AUC=0.532  LL=0.7063 (0.0s)
07:20:17  src.cpcv.pipeline  INFO    [ 33/84]             logistic (seed=2) F1=0.522  AUC=0.532  LL=0.7063 (0.0s)
07:20:17  src.cpcv.preprocessing  INFO  Computing MDA (Random Forest)...
07:20:41  src.cpcv.preprocessing  INFO  Computing MDA (Logistic Regression)...
07:20:42  src.cpcv.preprocessing  INFO  Multi-model MDA: 34/73 passed (MDA > 0), 39 eliminated
07:20:42  src.cpcv.preprocessing  INFO    Capped at 14 features (top_k_frac=0.2)
07:20:42  src.cpcv.preprocessing  INFO    Selected (14): ['atr', 'copper_ret_14', 'eth_btc_ratio', 'fee_per_tx', 'jarque_bera', 'log_returns_lag4', 'log_returns_lag6', 'oil_ret_14', 'skewness', 'sp500_ret_30', 'variance_ratio', 'vix', 'vol_term_7_30', 'yield_curve_10y30y']
07:20:42  src.cpcv.pipeline  INFO    Preprocessing: 14 features selected, train=494 + val=106 + cal=107, test=239
07:20:42  src.cpcv.tuning  INFO  Tuning (1 model) — Optuna TPE + Purged K-Fold (inner: 3 folds, embargo=10 obs)
07:20:42  src.cpcv.tuning  INFO    [tuning] logistic: 3 purged K-fold splits, 30 Optuna trials (TPE)
07:20:43  src.cpcv.tuning  INFO      logistic: 19 completed, 11 pruned (of 30 total) — best log_loss=0.6789, params={'C': 0.11480946414492552, 'penalty': 'l1'}
07:20:43  src.cpcv.tuning  INFO    [tuning] logistic done in 0.7s — best log_loss=0.6789
07:20:43  src.cpcv.tuning  INFO  Tuning total: 0.7s
07:20:43  src.cpcv.pipeline  INFO      applied logistic: {'C': 0.11480946414492552, 'penalty': 'l1'}
07:20:43  src.cpcv.pipeline  INFO    [ 34/84]             logistic (seed=0) F1=0.446  AUC=0.493  LL=0.6997 (0.0s)
07:20:43  src.cpcv.pipeline  INFO    [ 35/84]             logistic (seed=1) F1=0.446  AUC=0.493  LL=0.6997 (0.0s)
07:20:43  src.cpcv.pipeline  INFO    [ 36/84]             logistic (seed=2) F1=0.446  AUC=0.493  LL=0.6997 (0.0s)
07:20:43  src.cpcv.preprocessing  INFO  Computing MDA (Random Forest)...
07:21:08  src.cpcv.preprocessing  INFO  Computing MDA (Logistic Regression)...
07:21:09  src.cpcv.preprocessing  INFO  Multi-model MDA: 39/73 passed (MDA > 0), 34 eliminated
07:21:09  src.cpcv.preprocessing  INFO    Capped at 14 features (top_k_frac=0.2)
07:21:09  src.cpcv.preprocessing  INFO    Selected (14): ['dxy_roc_30', 'eth_btc_ratio', 'jarque_bera', 'kurtosis', 'log_returns_lag3', 'macd_hist', 'nasdaq_ret_30', 'obv', 'oil_ret_14', 'sadf', 'sp500_ret_30', 'williams_r', 'yield_curve_2y10y', 'yz_vol']
07:21:09  src.cpcv.pipeline  INFO    Preprocessing: 14 features selected, train=502 + val=108 + cal=108, test=239
07:21:09  src.cpcv.tuning  INFO  Tuning (1 model) — Optuna TPE + Purged K-Fold (inner: 3 folds, embargo=10 obs)
07:21:09  src.cpcv.tuning  INFO    [tuning] logistic: 3 purged K-fold splits, 30 Optuna trials (TPE)
07:21:10  src.cpcv.tuning  INFO      logistic: 18 completed, 12 pruned (of 30 total) — best log_loss=0.6833, params={'C': 0.00044900780221839606, 'penalty': 'l2'}
07:21:10  src.cpcv.tuning  INFO    [tuning] logistic done in 0.7s — best log_loss=0.6833
07:21:10  src.cpcv.tuning  INFO  Tuning total: 0.7s
07:21:10  src.cpcv.pipeline  INFO      applied logistic: {'C': 0.00044900780221839606, 'penalty': 'l2'}
07:21:10  src.cpcv.pipeline  INFO    [ 37/84]             logistic (seed=0) F1=0.371  AUC=0.552  LL=0.6780 (0.0s)
07:21:10  src.cpcv.pipeline  INFO    [ 38/84]             logistic (seed=1) F1=0.371  AUC=0.552  LL=0.6780 (0.0s)
07:21:10  src.cpcv.pipeline  INFO    [ 39/84]             logistic (seed=2) F1=0.371  AUC=0.552  LL=0.6780 (0.0s)
07:21:10  src.cpcv.preprocessing  INFO  Computing MDA (Random Forest)...
07:21:35  src.cpcv.preprocessing  INFO  Computing MDA (Logistic Regression)...
07:21:36  src.cpcv.preprocessing  INFO  Multi-model MDA: 37/73 passed (MDA > 0), 36 eliminated
07:21:36  src.cpcv.preprocessing  INFO    Capped at 14 features (top_k_frac=0.2)
07:21:36  src.cpcv.preprocessing  INFO    Selected (14): ['eth_btc_ratio', 'log_returns_lag2', 'log_returns_lag6', 'macd_hist', 'obv', 'oil_ret_30', 'roc_14', 'sadf', 'silver_ret_30', 'sp500_ret_30', 'stoch_d', 'vol_term_30_90', 'williams_r', 'yield_curve_2y10y']
07:21:36  src.cpcv.pipeline  INFO    Preprocessing: 14 features selected, train=464 + val=99 + cal=100, test=292
07:21:36  src.cpcv.tuning  INFO  Tuning (1 model) — Optuna TPE + Purged K-Fold (inner: 3 folds, embargo=10 obs)
07:21:36  src.cpcv.tuning  INFO    [tuning] logistic: 3 purged K-fold splits, 30 Optuna trials (TPE)
07:21:36  src.cpcv.tuning  INFO      logistic: 20 completed, 10 pruned (of 30 total) — best log_loss=0.6750, params={'C': 0.020357412412030994, 'penalty': 'l2'}
07:21:36  src.cpcv.tuning  INFO    [tuning] logistic done in 0.5s — best log_loss=0.6750
07:21:36  src.cpcv.tuning  INFO  Tuning total: 0.5s
07:21:36  src.cpcv.pipeline  INFO      applied logistic: {'C': 0.020357412412030994, 'penalty': 'l2'}
07:21:36  src.cpcv.pipeline  INFO    [ 40/84]             logistic (seed=0) F1=0.488  AUC=0.556  LL=0.6952 (0.0s)
07:21:36  src.cpcv.pipeline  INFO    [ 41/84]             logistic (seed=1) F1=0.488  AUC=0.556  LL=0.6952 (0.0s)
07:21:36  src.cpcv.pipeline  INFO    [ 42/84]             logistic (seed=2) F1=0.488  AUC=0.556  LL=0.6952 (0.0s)
07:21:37  src.cpcv.preprocessing  INFO  Computing MDA (Random Forest)...
07:22:01  src.cpcv.preprocessing  INFO  Computing MDA (Logistic Regression)...
07:22:02  src.cpcv.preprocessing  INFO  Multi-model MDA: 39/73 passed (MDA > 0), 34 eliminated
07:22:02  src.cpcv.preprocessing  INFO    Capped at 14 features (top_k_frac=0.2)
07:22:02  src.cpcv.preprocessing  INFO    Selected (14): ['ema_ratio_20_50', 'eth_btc_ratio', 'issuance_ntv', 'log_returns_lag4', 'mvrv', 'oil_ret_14', 'roc_14', 'skewness', 'sp500_ret_14', 'sp500_ret_30', 'stoch_d', 'us2y', 'yield_curve_10y30y', 'yield_curve_2y10y']
07:22:02  src.cpcv.pipeline  INFO    Preprocessing: 14 features selected, train=455 + val=98 + cal=98, test=292
07:22:02  src.cpcv.tuning  INFO  Tuning (1 model) — Optuna TPE + Purged K-Fold (inner: 3 folds, embargo=10 obs)
07:22:02  src.cpcv.tuning  INFO    [tuning] logistic: 3 purged K-fold splits, 30 Optuna trials (TPE)
07:22:02  src.cpcv.tuning  INFO      logistic: 22 completed, 8 pruned (of 30 total) — best log_loss=0.6931, params={'C': 0.017670169402947963, 'penalty': 'l1'}
07:22:02  src.cpcv.tuning  INFO    [tuning] logistic done in 0.5s — best log_loss=0.6931
07:22:02  src.cpcv.tuning  INFO  Tuning total: 0.5s
07:22:02  src.cpcv.pipeline  INFO      applied logistic: {'C': 0.017670169402947963, 'penalty': 'l1'}
07:22:02  src.cpcv.pipeline  INFO    [ 43/84]             logistic (seed=0) F1=0.350  AUC=0.500  LL=0.6917 (0.0s)
07:22:02  src.cpcv.pipeline  INFO    [ 44/84]             logistic (seed=1) F1=0.350  AUC=0.500  LL=0.6917 (0.0s)
07:22:02  src.cpcv.pipeline  INFO    [ 45/84]             logistic (seed=2) F1=0.350  AUC=0.500  LL=0.6917 (0.0s)
07:22:03  src.cpcv.preprocessing  INFO  Computing MDA (Random Forest)...
07:22:27  src.cpcv.preprocessing  INFO  Computing MDA (Logistic Regression)...
07:22:28  src.cpcv.preprocessing  INFO  Multi-model MDA: 30/73 passed (MDA > 0), 43 eliminated
07:22:28  src.cpcv.preprocessing  INFO    Capped at 14 features (top_k_frac=0.2)
07:22:28  src.cpcv.preprocessing  INFO    Selected (14): ['ema_ratio_50_200', 'log_returns', 'log_returns_lag2', 'log_returns_lag30', 'log_returns_lag7', 'natgas_ret_14', 'natgas_ret_30', 'rsi', 'skewness', 'sp500_ret_14', 'us10y', 'us2y', 'vix', 'yield_curve_10y30y']
07:22:28  src.cpcv.pipeline  INFO    Preprocessing: 14 features selected, train=455 + val=98 + cal=98, test=292
07:22:28  src.cpcv.tuning  INFO  Tuning (1 model) — Optuna TPE + Purged K-Fold (inner: 3 folds, embargo=10 obs)
07:22:28  src.cpcv.tuning  INFO    [tuning] logistic: 3 purged K-fold splits, 30 Optuna trials (TPE)
07:22:28  src.cpcv.tuning  INFO      logistic: 20 completed, 10 pruned (of 30 total) — best log_loss=0.6775, params={'C': 0.01836706903841569, 'penalty': 'l2'}
07:22:28  src.cpcv.tuning  INFO    [tuning] logistic done in 0.6s — best log_loss=0.6775
07:22:28  src.cpcv.tuning  INFO  Tuning total: 0.6s
07:22:28  src.cpcv.pipeline  INFO      applied logistic: {'C': 0.01836706903841569, 'penalty': 'l2'}
07:22:28  src.cpcv.pipeline  INFO    [ 46/84]             logistic (seed=0) F1=0.523  AUC=0.524  LL=0.7415 (0.0s)
07:22:28  src.cpcv.pipeline  INFO    [ 47/84]             logistic (seed=1) F1=0.523  AUC=0.524  LL=0.7415 (0.0s)
07:22:28  src.cpcv.pipeline  INFO    [ 48/84]             logistic (seed=2) F1=0.523  AUC=0.524  LL=0.7415 (0.0s)
07:22:29  src.cpcv.preprocessing  INFO  Computing MDA (Random Forest)...
07:22:54  src.cpcv.preprocessing  INFO  Computing MDA (Logistic Regression)...
07:22:55  src.cpcv.preprocessing  INFO  Multi-model MDA: 37/73 passed (MDA > 0), 36 eliminated
07:22:55  src.cpcv.preprocessing  INFO    Capped at 14 features (top_k_frac=0.2)
07:22:55  src.cpcv.preprocessing  INFO    Selected (14): ['dxy_roc_30', 'exchange_supply_pct', 'jarque_bera', 'log_returns_lag5', 'log_returns_lag6', 'lz_complexity', 'nasdaq_ret_14', 'nasdaq_ret_30', 'obv', 'oil_ret_14', 'rsi', 'sadf', 'silver_ret_30', 'smt_exp']
07:22:55  src.cpcv.pipeline  INFO    Preprocessing: 14 features selected, train=455 + val=98 + cal=98, test=292
07:22:55  src.cpcv.tuning  INFO  Tuning (1 model) — Optuna TPE + Purged K-Fold (inner: 3 folds, embargo=10 obs)
07:22:55  src.cpcv.tuning  INFO    [tuning] logistic: 3 purged K-fold splits, 30 Optuna trials (TPE)
07:22:56  src.cpcv.tuning  INFO      logistic: 26 completed, 4 pruned (of 30 total) — best log_loss=0.6817, params={'C': 0.0021079758632756426, 'penalty': 'l2'}
07:22:56  src.cpcv.tuning  INFO    [tuning] logistic done in 1.0s — best log_loss=0.6817
07:22:56  src.cpcv.tuning  INFO  Tuning total: 1.0s
07:22:56  src.cpcv.pipeline  INFO      applied logistic: {'C': 0.0021079758632756426, 'penalty': 'l2'}
07:22:56  src.cpcv.pipeline  INFO    [ 49/84]             logistic (seed=0) F1=0.418  AUC=0.480  LL=0.6996 (0.0s)
07:22:56  src.cpcv.pipeline  INFO    [ 50/84]             logistic (seed=1) F1=0.418  AUC=0.480  LL=0.6996 (0.0s)
07:22:56  src.cpcv.pipeline  INFO    [ 51/84]             logistic (seed=2) F1=0.418  AUC=0.480  LL=0.6996 (0.0s)
07:22:56  src.cpcv.preprocessing  INFO  Computing MDA (Random Forest)...
07:23:20  src.cpcv.preprocessing  INFO  Computing MDA (Logistic Regression)...
07:23:21  src.cpcv.preprocessing  INFO  Multi-model MDA: 40/73 passed (MDA > 0), 33 eliminated
07:23:21  src.cpcv.preprocessing  INFO    Capped at 14 features (top_k_frac=0.2)
07:23:21  src.cpcv.preprocessing  INFO    Selected (14): ['chaikin_osc', 'dxy_roc_30', 'exchange_supply_pct', 'fee_per_tx', 'gk_vol', 'jarque_bera', 'kurtosis', 'log_returns_lag1', 'macd_hist', 'natgas_ret_30', 'obv', 'roc_14', 'sadf', 'smt_exp']
07:23:21  src.cpcv.pipeline  INFO    Preprocessing: 14 features selected, train=463 + val=99 + cal=100, test=292
07:23:21  src.cpcv.tuning  INFO  Tuning (1 model) — Optuna TPE + Purged K-Fold (inner: 3 folds, embargo=10 obs)
07:23:21  src.cpcv.tuning  INFO    [tuning] logistic: 3 purged K-fold splits, 30 Optuna trials (TPE)
07:23:22  src.cpcv.tuning  INFO      logistic: 27 completed, 3 pruned (of 30 total) — best log_loss=0.6841, params={'C': 0.0012953887073261802, 'penalty': 'l2'}
07:23:22  src.cpcv.tuning  INFO    [tuning] logistic done in 0.9s — best log_loss=0.6841
07:23:22  src.cpcv.tuning  INFO  Tuning total: 0.9s
07:23:22  src.cpcv.pipeline  INFO      applied logistic: {'C': 0.0012953887073261802, 'penalty': 'l2'}
07:23:22  src.cpcv.pipeline  INFO    [ 52/84]             logistic (seed=0) F1=0.339  AUC=0.464  LL=0.7582 (0.0s)
07:23:22  src.cpcv.pipeline  INFO    [ 53/84]             logistic (seed=1) F1=0.339  AUC=0.464  LL=0.7582 (0.0s)
07:23:22  src.cpcv.pipeline  INFO    [ 54/84]             logistic (seed=2) F1=0.339  AUC=0.464  LL=0.7582 (0.0s)
07:23:23  src.cpcv.preprocessing  INFO  Computing MDA (Random Forest)...
07:23:47  src.cpcv.preprocessing  INFO  Computing MDA (Logistic Regression)...
07:23:48  src.cpcv.preprocessing  INFO  Multi-model MDA: 39/73 passed (MDA > 0), 34 eliminated
07:23:48  src.cpcv.preprocessing  INFO    Capped at 14 features (top_k_frac=0.2)
07:23:48  src.cpcv.preprocessing  INFO    Selected (14): ['copper_ret_14', 'eth_btc_ratio', 'kurtosis', 'log_returns_lag14', 'log_returns_lag2', 'log_returns_lag3', 'log_returns_lag7', 'lz_complexity', 'natgas_ret_30', 'oil_ret_14', 'rsi', 'skewness', 'smt_poly1', 'sp500_ret_30']
07:23:48  src.cpcv.pipeline  INFO    Preprocessing: 14 features selected, train=465 + val=100 + cal=100, test=292
07:23:48  src.cpcv.tuning  INFO  Tuning (1 model) — Optuna TPE + Purged K-Fold (inner: 3 folds, embargo=10 obs)
07:23:48  src.cpcv.tuning  INFO    [tuning] logistic: 3 purged K-fold splits, 30 Optuna trials (TPE)
07:23:48  src.cpcv.tuning  INFO      logistic: 21 completed, 9 pruned (of 30 total) — best log_loss=0.6845, params={'C': 0.11085678522672557, 'penalty': 'l1'}
07:23:48  src.cpcv.tuning  INFO    [tuning] logistic done in 0.4s — best log_loss=0.6845
07:23:48  src.cpcv.tuning  INFO  Tuning total: 0.4s
07:23:48  src.cpcv.pipeline  INFO      applied logistic: {'C': 0.11085678522672557, 'penalty': 'l1'}
07:23:48  src.cpcv.pipeline  INFO    [ 55/84]             logistic (seed=0) F1=0.524  AUC=0.529  LL=0.7173 (0.0s)
07:23:48  src.cpcv.pipeline  INFO    [ 56/84]             logistic (seed=1) F1=0.524  AUC=0.529  LL=0.7173 (0.0s)
07:23:48  src.cpcv.pipeline  INFO    [ 57/84]             logistic (seed=2) F1=0.524  AUC=0.529  LL=0.7173 (0.0s)
07:23:49  src.cpcv.preprocessing  INFO  Computing MDA (Random Forest)...
07:24:13  src.cpcv.preprocessing  INFO  Computing MDA (Logistic Regression)...
07:24:15  src.cpcv.preprocessing  INFO  Multi-model MDA: 38/73 passed (MDA > 0), 35 eliminated
07:24:15  src.cpcv.preprocessing  INFO    Capped at 14 features (top_k_frac=0.2)
07:24:15  src.cpcv.preprocessing  INFO    Selected (14): ['ema_ratio_20_50', 'log_returns_lag30', 'log_returns_lag5', 'log_returns_lag6', 'log_returns_lag7', 'mvrv', 'net_exchange_flow', 'oil_ret_14', 'silver_ret_14', 'skewness', 'sp500_ret_14', 'us10y', 'variance_ratio', 'vix']
07:24:15  src.cpcv.pipeline  INFO    Preprocessing: 14 features selected, train=457 + val=98 + cal=98, test=292
07:24:15  src.cpcv.tuning  INFO  Tuning (1 model) — Optuna TPE + Purged K-Fold (inner: 3 folds, embargo=10 obs)
07:24:15  src.cpcv.tuning  INFO    [tuning] logistic: 3 purged K-fold splits, 30 Optuna trials (TPE)
07:24:15  src.cpcv.tuning  INFO      logistic: 18 completed, 12 pruned (of 30 total) — best log_loss=0.6854, params={'C': 0.008157211142057481, 'penalty': 'l2'}
07:24:15  src.cpcv.tuning  INFO    [tuning] logistic done in 0.5s — best log_loss=0.6854
07:24:15  src.cpcv.tuning  INFO  Tuning total: 0.5s
07:24:15  src.cpcv.pipeline  INFO      applied logistic: {'C': 0.008157211142057481, 'penalty': 'l2'}
07:24:15  src.cpcv.pipeline  INFO    [ 58/84]             logistic (seed=0) F1=0.512  AUC=0.545  LL=0.7101 (0.0s)
07:24:15  src.cpcv.pipeline  INFO    [ 59/84]             logistic (seed=1) F1=0.512  AUC=0.545  LL=0.7101 (0.0s)
07:24:15  src.cpcv.pipeline  INFO    [ 60/84]             logistic (seed=2) F1=0.512  AUC=0.545  LL=0.7101 (0.0s)
07:24:15  src.cpcv.preprocessing  INFO  Computing MDA (Random Forest)...
07:24:39  src.cpcv.preprocessing  INFO  Computing MDA (Logistic Regression)...
07:24:41  src.cpcv.preprocessing  INFO  Multi-model MDA: 37/73 passed (MDA > 0), 36 eliminated
07:24:41  src.cpcv.preprocessing  INFO    Capped at 14 features (top_k_frac=0.2)
07:24:41  src.cpcv.preprocessing  INFO    Selected (14): ['eth_btc_ratio', 'gold_ret_30', 'kurtosis', 'log_returns_lag3', 'log_returns_lag6', 'log_returns_lag7', 'macd_hist', 'realized_vol', 'silver_ret_30', 'sp500_ret_30', 'stoch_k', 'variance_ratio', 'williams_r', 'yield_curve_2y10y']
07:24:41  src.cpcv.pipeline  INFO    Preprocessing: 14 features selected, train=457 + val=98 + cal=98, test=292
07:24:41  src.cpcv.tuning  INFO  Tuning (1 model) — Optuna TPE + Purged K-Fold (inner: 3 folds, embargo=10 obs)
07:24:41  src.cpcv.tuning  INFO    [tuning] logistic: 3 purged K-fold splits, 30 Optuna trials (TPE)
07:24:41  src.cpcv.tuning  INFO      logistic: 16 completed, 14 pruned (of 30 total) — best log_loss=0.6789, params={'C': 0.014975426755579157, 'penalty': 'l2'}
07:24:41  src.cpcv.tuning  INFO    [tuning] logistic done in 0.5s — best log_loss=0.6789
07:24:41  src.cpcv.tuning  INFO  Tuning total: 0.5s
07:24:41  src.cpcv.pipeline  INFO      applied logistic: {'C': 0.014975426755579157, 'penalty': 'l2'}
07:24:41  src.cpcv.pipeline  INFO    [ 61/84]             logistic (seed=0) F1=0.469  AUC=0.480  LL=0.7187 (0.0s)
07:24:41  src.cpcv.pipeline  INFO    [ 62/84]             logistic (seed=1) F1=0.469  AUC=0.480  LL=0.7187 (0.0s)
07:24:41  src.cpcv.pipeline  INFO    [ 63/84]             logistic (seed=2) F1=0.469  AUC=0.480  LL=0.7187 (0.0s)
07:24:41  src.cpcv.preprocessing  INFO  Computing MDA (Random Forest)...
07:25:06  src.cpcv.preprocessing  INFO  Computing MDA (Logistic Regression)...
07:25:07  src.cpcv.preprocessing  INFO  Multi-model MDA: 38/73 passed (MDA > 0), 35 eliminated
07:25:07  src.cpcv.preprocessing  INFO    Capped at 14 features (top_k_frac=0.2)
07:25:07  src.cpcv.preprocessing  INFO    Selected (14): ['active_addr_roc_14', 'bb_width', 'copper_ret_30', 'eth_btc_ratio', 'exchange_supply_pct', 'log_returns_lag1', 'log_returns_lag5', 'log_returns_lag6', 'oil_ret_14', 'silver_ret_30', 'smt_poly1', 'sp500_ret_30', 'yield_curve_10y30y', 'yz_vol']
07:25:07  src.cpcv.pipeline  INFO    Preprocessing: 14 features selected, train=464 + val=100 + cal=100, test=292
07:25:07  src.cpcv.tuning  INFO  Tuning (1 model) — Optuna TPE + Purged K-Fold (inner: 3 folds, embargo=10 obs)
07:25:07  src.cpcv.tuning  INFO    [tuning] logistic: 3 purged K-fold splits, 30 Optuna trials (TPE)
07:25:08  src.cpcv.tuning  INFO      logistic: 23 completed, 7 pruned (of 30 total) — best log_loss=0.6771, params={'C': 0.011619682550552358, 'penalty': 'l2'}
07:25:08  src.cpcv.tuning  INFO    [tuning] logistic done in 0.7s — best log_loss=0.6771
07:25:08  src.cpcv.tuning  INFO  Tuning total: 0.7s
07:25:08  src.cpcv.pipeline  INFO      applied logistic: {'C': 0.011619682550552358, 'penalty': 'l2'}
07:25:08  src.cpcv.pipeline  INFO    [ 64/84]             logistic (seed=0) F1=0.355  AUC=0.516  LL=0.7555 (0.0s)
07:25:08  src.cpcv.pipeline  INFO    [ 65/84]             logistic (seed=1) F1=0.355  AUC=0.516  LL=0.7555 (0.0s)
07:25:08  src.cpcv.pipeline  INFO    [ 66/84]             logistic (seed=2) F1=0.355  AUC=0.516  LL=0.7555 (0.0s)
07:25:08  src.cpcv.preprocessing  INFO  Computing MDA (Random Forest)...
07:25:32  src.cpcv.preprocessing  INFO  Computing MDA (Logistic Regression)...
07:25:34  src.cpcv.preprocessing  INFO  Multi-model MDA: 38/73 passed (MDA > 0), 35 eliminated
07:25:34  src.cpcv.preprocessing  INFO    Capped at 14 features (top_k_frac=0.2)
07:25:34  src.cpcv.preprocessing  INFO    Selected (14): ['cci_14', 'ema_ratio_20_50', 'fee_per_tx', 'log_returns_lag2', 'log_returns_lag5', 'log_returns_lag6', 'macd', 'macd_hist', 'mfi_14', 'net_exchange_flow', 'obv', 'sadf', 'smt_exp', 'vol_term_30_90']
07:25:34  src.cpcv.pipeline  INFO    Preprocessing: 14 features selected, train=465 + val=100 + cal=100, test=292
07:25:34  src.cpcv.tuning  INFO  Tuning (1 model) — Optuna TPE + Purged K-Fold (inner: 3 folds, embargo=10 obs)
07:25:34  src.cpcv.tuning  INFO    [tuning] logistic: 3 purged K-fold splits, 30 Optuna trials (TPE)
07:25:34  src.cpcv.tuning  INFO      logistic: 18 completed, 12 pruned (of 30 total) — best log_loss=0.6930, params={'C': 0.0012190680346095364, 'penalty': 'l2'}
07:25:34  src.cpcv.tuning  INFO    [tuning] logistic done in 0.6s — best log_loss=0.6930
07:25:34  src.cpcv.tuning  INFO  Tuning total: 0.6s
07:25:34  src.cpcv.pipeline  INFO      applied logistic: {'C': 0.0012190680346095364, 'penalty': 'l2'}
07:25:34  src.cpcv.pipeline  INFO    [ 67/84]             logistic (seed=0) F1=0.472  AUC=0.492  LL=0.6940 (0.0s)
07:25:34  src.cpcv.pipeline  INFO    [ 68/84]             logistic (seed=1) F1=0.472  AUC=0.492  LL=0.6940 (0.0s)
07:25:34  src.cpcv.pipeline  INFO    [ 69/84]             logistic (seed=2) F1=0.472  AUC=0.492  LL=0.6940 (0.0s)
07:25:34  src.cpcv.preprocessing  INFO  Computing MDA (Random Forest)...
07:25:58  src.cpcv.preprocessing  INFO  Computing MDA (Logistic Regression)...
07:25:59  src.cpcv.preprocessing  INFO  Multi-model MDA: 40/73 passed (MDA > 0), 33 eliminated
07:25:59  src.cpcv.preprocessing  INFO    Capped at 14 features (top_k_frac=0.2)
07:25:59  src.cpcv.preprocessing  INFO    Selected (14): ['bb_width', 'eth_btc_ratio', 'gk_vol', 'gold_ret_30', 'hashrate_roc_30', 'hurst', 'log_returns_lag1', 'log_returns_lag21', 'log_returns_lag4', 'log_returns_lag6', 'nasdaq_ret_14', 'silver_ret_30', 'smt_poly1', 'yield_curve_10y30y']
07:25:59  src.cpcv.pipeline  INFO    Preprocessing: 14 features selected, train=457 + val=98 + cal=98, test=292
07:25:59  src.cpcv.tuning  INFO  Tuning (1 model) — Optuna TPE + Purged K-Fold (inner: 3 folds, embargo=10 obs)
07:25:59  src.cpcv.tuning  INFO    [tuning] logistic: 3 purged K-fold splits, 30 Optuna trials (TPE)
07:26:00  src.cpcv.tuning  INFO      logistic: 20 completed, 10 pruned (of 30 total) — best log_loss=0.6791, params={'C': 0.01751953040196698, 'penalty': 'l2'}
07:26:00  src.cpcv.tuning  INFO    [tuning] logistic done in 0.5s — best log_loss=0.6791
07:26:00  src.cpcv.tuning  INFO  Tuning total: 0.5s
07:26:00  src.cpcv.pipeline  INFO      applied logistic: {'C': 0.01751953040196698, 'penalty': 'l2'}
07:26:00  src.cpcv.pipeline  INFO    [ 70/84]             logistic (seed=0) F1=0.513  AUC=0.527  LL=0.6918 (0.0s)
07:26:00  src.cpcv.pipeline  INFO    [ 71/84]             logistic (seed=1) F1=0.513  AUC=0.527  LL=0.6918 (0.0s)
07:26:00  src.cpcv.pipeline  INFO    [ 72/84]             logistic (seed=2) F1=0.513  AUC=0.527  LL=0.6918 (0.0s)
07:26:00  src.cpcv.preprocessing  INFO  Computing MDA (Random Forest)...
07:26:25  src.cpcv.preprocessing  INFO  Computing MDA (Logistic Regression)...
07:26:26  src.cpcv.preprocessing  INFO  Multi-model MDA: 41/73 passed (MDA > 0), 32 eliminated
07:26:26  src.cpcv.preprocessing  INFO    Capped at 14 features (top_k_frac=0.2)
07:26:26  src.cpcv.preprocessing  INFO    Selected (14): ['ema_ratio_50_200', 'gk_vol', 'log_returns_lag1', 'log_returns_lag14', 'log_returns_lag21', 'log_returns_lag3', 'log_returns_lag30', 'log_returns_lag4', 'nasdaq_ret_30', 'realized_vol', 'silver_ret_30', 'smt_poly1', 'tx_count_roc_14', 'vol_term_7_30']
07:26:26  src.cpcv.pipeline  INFO    Preprocessing: 14 features selected, train=464 + val=100 + cal=100, test=292
07:26:26  src.cpcv.tuning  INFO  Tuning (1 model) — Optuna TPE + Purged K-Fold (inner: 3 folds, embargo=10 obs)
07:26:26  src.cpcv.tuning  INFO    [tuning] logistic: 3 purged K-fold splits, 30 Optuna trials (TPE)
07:26:26  src.cpcv.tuning  INFO      logistic: 23 completed, 7 pruned (of 30 total) — best log_loss=0.6917, params={'C': 0.11085678522672557, 'penalty': 'l1'}
07:26:26  src.cpcv.tuning  INFO    [tuning] logistic done in 0.5s — best log_loss=0.6917
07:26:26  src.cpcv.tuning  INFO  Tuning total: 0.5s
07:26:26  src.cpcv.pipeline  INFO      applied logistic: {'C': 0.11085678522672557, 'penalty': 'l1'}
07:26:26  src.cpcv.pipeline  INFO    [ 73/84]             logistic (seed=0) F1=0.478  AUC=0.497  LL=0.6926 (0.0s)
07:26:26  src.cpcv.pipeline  INFO    [ 74/84]             logistic (seed=1) F1=0.478  AUC=0.497  LL=0.6926 (0.0s)
07:26:27  src.cpcv.pipeline  INFO    [ 75/84]             logistic (seed=2) F1=0.478  AUC=0.497  LL=0.6926 (0.0s)
07:26:27  src.cpcv.preprocessing  INFO  Computing MDA (Random Forest)...
07:26:51  src.cpcv.preprocessing  INFO  Computing MDA (Logistic Regression)...
07:26:52  src.cpcv.preprocessing  INFO  Multi-model MDA: 39/73 passed (MDA > 0), 34 eliminated
07:26:52  src.cpcv.preprocessing  INFO    Capped at 14 features (top_k_frac=0.2)
07:26:52  src.cpcv.preprocessing  INFO    Selected (14): ['cci_14', 'dxy_roc_30', 'ema_ratio_50_200', 'fee_per_tx', 'gk_vol', 'gold_ret_14', 'gold_ret_30', 'kurtosis', 'log_returns', 'log_returns_lag2', 'log_returns_lag5', 'log_returns_lag6', 'smt_poly1', 'vix']
07:26:52  src.cpcv.pipeline  INFO    Preprocessing: 14 features selected, train=465 + val=100 + cal=100, test=292
07:26:52  src.cpcv.tuning  INFO  Tuning (1 model) — Optuna TPE + Purged K-Fold (inner: 3 folds, embargo=10 obs)
07:26:52  src.cpcv.tuning  INFO    [tuning] logistic: 3 purged K-fold splits, 30 Optuna trials (TPE)
07:26:52  src.cpcv.tuning  INFO      logistic: 19 completed, 11 pruned (of 30 total) — best log_loss=0.6851, params={'C': 0.19199250652368005, 'penalty': 'l1'}
07:26:52  src.cpcv.tuning  INFO    [tuning] logistic done in 0.6s — best log_loss=0.6851
07:26:52  src.cpcv.tuning  INFO  Tuning total: 0.6s
07:26:52  src.cpcv.pipeline  INFO      applied logistic: {'C': 0.19199250652368005, 'penalty': 'l1'}
07:26:52  src.cpcv.pipeline  INFO    [ 76/84]             logistic (seed=0) F1=0.494  AUC=0.482  LL=0.7080 (0.0s)
07:26:52  src.cpcv.pipeline  INFO    [ 77/84]             logistic (seed=1) F1=0.494  AUC=0.482  LL=0.7080 (0.0s)
07:26:52  src.cpcv.pipeline  INFO    [ 78/84]             logistic (seed=2) F1=0.494  AUC=0.482  LL=0.7080 (0.0s)
07:26:53  src.cpcv.preprocessing  INFO  Computing MDA (Random Forest)...
07:27:17  src.cpcv.preprocessing  INFO  Computing MDA (Logistic Regression)...
07:27:19  src.cpcv.preprocessing  INFO  Multi-model MDA: 31/73 passed (MDA > 0), 42 eliminated
07:27:19  src.cpcv.preprocessing  INFO    Capped at 14 features (top_k_frac=0.2)
07:27:19  src.cpcv.preprocessing  INFO    Selected (14): ['active_addr_roc_14', 'bb_width', 'eth_btc_ratio', 'exchange_supply_pct', 'gold_ret_14', 'log_returns_lag1', 'log_returns_lag2', 'log_returns_lag6', 'log_returns_lag7', 'natgas_ret_14', 'shannon_entropy', 'stoch_k', 'us10y', 'vix']
07:27:19  src.cpcv.pipeline  INFO    Preprocessing: 14 features selected, train=464 + val=100 + cal=100, test=292
07:27:19  src.cpcv.tuning  INFO  Tuning (1 model) — Optuna TPE + Purged K-Fold (inner: 3 folds, embargo=10 obs)
07:27:19  src.cpcv.tuning  INFO    [tuning] logistic: 3 purged K-fold splits, 30 Optuna trials (TPE)
07:27:19  src.cpcv.tuning  INFO      logistic: 20 completed, 10 pruned (of 30 total) — best log_loss=0.6894, params={'C': 0.12173252504194051, 'penalty': 'l1'}
07:27:19  src.cpcv.tuning  INFO    [tuning] logistic done in 0.5s — best log_loss=0.6894
07:27:19  src.cpcv.tuning  INFO  Tuning total: 0.5s
07:27:19  src.cpcv.pipeline  INFO      applied logistic: {'C': 0.12173252504194051, 'penalty': 'l1'}
07:27:19  src.cpcv.pipeline  INFO    [ 79/84]             logistic (seed=0) F1=0.352  AUC=0.515  LL=0.7251 (0.0s)
07:27:19  src.cpcv.pipeline  INFO    [ 80/84]             logistic (seed=1) F1=0.352  AUC=0.515  LL=0.7251 (0.0s)
07:27:19  src.cpcv.pipeline  INFO    [ 81/84]             logistic (seed=2) F1=0.352  AUC=0.515  LL=0.7251 (0.0s)
07:27:19  src.cpcv.preprocessing  INFO  Computing MDA (Random Forest)...
07:27:44  src.cpcv.preprocessing  INFO  Computing MDA (Logistic Regression)...
07:27:45  src.cpcv.preprocessing  INFO  Multi-model MDA: 38/73 passed (MDA > 0), 35 eliminated
07:27:45  src.cpcv.preprocessing  INFO    Capped at 14 features (top_k_frac=0.2)
07:27:45  src.cpcv.preprocessing  INFO    Selected (14): ['dxy_roc_30', 'exchange_supply_pct', 'hurst', 'log_returns_lag1', 'log_returns_lag4', 'macd_signal', 'roc_14', 'silver_ret_30', 'skewness', 'smt_exp', 'stoch_d', 'williams_r', 'yield_curve_2y10y', 'yz_vol']
07:27:45  src.cpcv.pipeline  INFO    Preprocessing: 14 features selected, train=473 + val=101 + cal=102, test=292
07:27:45  src.cpcv.tuning  INFO  Tuning (1 model) — Optuna TPE + Purged K-Fold (inner: 3 folds, embargo=10 obs)
07:27:45  src.cpcv.tuning  INFO    [tuning] logistic: 3 purged K-fold splits, 30 Optuna trials (TPE)
07:27:46  src.cpcv.tuning  INFO      logistic: 27 completed, 3 pruned (of 30 total) — best log_loss=0.6931, params={'C': 0.017670169402947963, 'penalty': 'l1'}
07:27:46  src.cpcv.tuning  INFO    [tuning] logistic done in 0.5s — best log_loss=0.6931
07:27:46  src.cpcv.tuning  INFO  Tuning total: 0.5s
07:27:46  src.cpcv.pipeline  INFO      applied logistic: {'C': 0.017670169402947963, 'penalty': 'l1'}
07:27:46  src.cpcv.pipeline  INFO    [ 82/84]             logistic (seed=0) F1=0.305  AUC=0.500  LL=0.7265 (0.0s)
07:27:46  src.cpcv.pipeline  INFO    [ 83/84]             logistic (seed=1) F1=0.305  AUC=0.500  LL=0.7265 (0.0s)
07:27:46  src.cpcv.pipeline  INFO    [ 84/84]             logistic (seed=2) F1=0.305  AUC=0.500  LL=0.7265 (0.0s)
07:27:46  src.cpcv.pipeline  INFO  ============================================================
07:27:46  src.cpcv.pipeline  INFO  CPCV Pipeline Complete
07:27:46  src.cpcv.pipeline  INFO  ============================================================
07:27:46  src.cpcv.pipeline  INFO    Total time:     790.8s (13.2m)
07:27:46  src.cpcv.pipeline  INFO    Tasks:          84 succeeded, 0 failed
07:27:46  src.cpcv.pipeline  INFO    Results keys:   84 (model, split, seed) entries
07:27:46  src.cpcv.pipeline  INFO    Backtest paths: 7
07:27:46  src.cpcv.pipeline  INFO    Tuning:         nested (per-split), 28 splits tuned, models=['logistic']
07:27:46  src.cpcv.pipeline  INFO  ============================================================
07:27:46  src.cpcv.pipeline  INFO  ============================================================
07:27:46  src.cpcv.pipeline  INFO  CPCV Pipeline
07:27:46  src.cpcv.pipeline  INFO  ============================================================
07:27:46  src.cpcv.pipeline  INFO    Models:         ['random_forest', 'xgboost']
07:27:46  src.cpcv.pipeline  INFO    Seeds/fold:     3
07:27:46  src.cpcv.pipeline  INFO    Groups (N):     8
07:27:46  src.cpcv.pipeline  INFO    Test groups (k):2
07:27:46  src.cpcv.pipeline  INFO    Embargo:        1.0%
07:27:46  src.cpcv.pipeline  INFO    FFD columns:    ['atr']
07:27:46  src.cpcv.pipeline  INFO    Samples:        1168
07:27:46  src.cpcv.pipeline  INFO    Features:       73
07:27:46  src.cpcv.pipeline  INFO    Splits:         28, Paths: 7
07:27:46  src.cpcv.pipeline  INFO    Tuning:         NESTED (per-split) — ['random_forest', 'xgboost'] [30 trials]
07:27:46  src.cpcv.pipeline  INFO  ============================================================
07:27:46  src.cpcv.preprocessing  INFO  Computing MDA (Random Forest)...
07:28:15  src.cpcv.preprocessing  INFO  Computing MDA (Logistic Regression)...
07:28:16  src.cpcv.preprocessing  INFO  Multi-model MDA: 31/73 passed (MDA > 0), 42 eliminated
07:28:16  src.cpcv.preprocessing  INFO    Capped at 14 features (top_k_frac=0.2)
07:28:16  src.cpcv.preprocessing  INFO    Selected (14): ['ema_ratio_20_50', 'eth_btc_ratio', 'exchange_supply_pct', 'jarque_bera', 'log_returns', 'log_returns_lag6', 'macd_hist', 'natgas_ret_30', 'skewness', 'smt_exp', 'sp500_ret_30', 'variance_ratio', 'vix', 'yield_curve_2y10y']
07:28:16  src.cpcv.pipeline  INFO    Preprocessing: 14 features selected, train=605 + val=130 + cal=130, test=93
07:28:16  src.cpcv.tuning  INFO  Tuning (2 models) — Optuna TPE + Purged K-Fold (inner: 3 folds, embargo=10 obs)
07:28:16  src.cpcv.tuning  INFO    [tuning] random_forest: 3 purged K-fold splits, 30 Optuna trials (TPE)
07:29:08  src.cpcv.tuning  INFO      random_forest: 30 completed, 0 pruned (of 30 total) — best log_loss=0.6849, params={'n_estimators': 250, 'max_depth': 3, 'min_samples_leaf': 15, 'max_features': 'log2'}
07:29:08  src.cpcv.tuning  INFO    [tuning] random_forest done in 52.0s — best log_loss=0.6849
07:29:08  src.cpcv.tuning  INFO    [tuning] xgboost: 3 purged K-fold splits, 30 Optuna trials (TPE)
07:29:13  src.cpcv.tuning  INFO      xgboost: 25 completed, 5 pruned (of 30 total) — best log_loss=0.6824, params={'max_depth': 1, 'learning_rate': 0.06965560262030884, 'min_child_weight': 10, 'subsample': 0.8303954763536694, 'colsample_bytree': 0.6354916063503345, 'gamma': 0.30534509037225294, 'reg_alpha': 0.035963890250872516, 'reg_lambda': 7.87701300552545e-05}
07:29:13  src.cpcv.tuning  INFO    [tuning] xgboost done in 4.8s — best log_loss=0.6824
07:29:13  src.cpcv.tuning  INFO  Tuning total: 56.7s
07:29:13  src.cpcv.pipeline  INFO      applied random_forest: {'n_estimators': 250, 'max_depth': 3, 'min_samples_leaf': 15, 'max_features': 'log2'}
07:29:13  src.cpcv.pipeline  INFO      applied xgboost: {'max_depth': 1, 'learning_rate': 0.06965560262030884, 'min_child_weight': 10, 'subsample': 0.8303954763536694, 'colsample_bytree': 0.6354916063503345, 'gamma': 0.30534509037225294, 'reg_alpha': 0.035963890250872516, 'reg_lambda': 7.87701300552545e-05}
07:29:13  src.cpcv.models.tree_models  INFO  RandomForest fitted: 605 samples, 14 features, 250 trees.
07:29:13  src.cpcv.pipeline  INFO    [  1/168]        random_forest (seed=0) F1=0.461  AUC=0.500  LL=0.7920 (0.9s)
07:29:14  src.cpcv.models.tree_models  INFO  RandomForest fitted: 605 samples, 14 features, 250 trees.
07:29:14  src.cpcv.pipeline  INFO    [  2/168]        random_forest (seed=1) F1=0.448  AUC=0.507  LL=0.7615 (0.9s)
07:29:15  src.cpcv.models.tree_models  INFO  RandomForest fitted: 605 samples, 14 features, 250 trees.
07:29:15  src.cpcv.pipeline  INFO    [  3/168]        random_forest (seed=2) F1=0.455  AUC=0.515  LL=0.8138 (0.8s)
07:29:15  src.cpcv.models.tree_models  INFO  XGBoost fitted: 605 samples, early stopped at iteration 30/300.
07:29:15  src.cpcv.pipeline  INFO    [  4/168]              xgboost (seed=0) F1=0.511  AUC=0.524  LL=0.8040 (0.1s)
07:29:15  src.cpcv.models.tree_models  INFO  XGBoost fitted: 605 samples, early stopped at iteration 40/300.
07:29:15  src.cpcv.pipeline  INFO    [  5/168]              xgboost (seed=1) F1=0.428  AUC=0.509  LL=0.8400 (0.1s)
07:29:15  src.cpcv.models.tree_models  INFO  XGBoost fitted: 605 samples, early stopped at iteration 8/300.
07:29:15  src.cpcv.pipeline  INFO    [  6/168]              xgboost (seed=2) F1=0.428  AUC=0.496  LL=1.8188 (0.1s)
07:29:16  src.cpcv.preprocessing  INFO  Computing MDA (Random Forest)...
07:29:43  src.cpcv.preprocessing  INFO  Computing MDA (Logistic Regression)...
07:29:45  src.cpcv.preprocessing  INFO  Multi-model MDA: 39/73 passed (MDA > 0), 34 eliminated
07:29:45  src.cpcv.preprocessing  INFO    Capped at 14 features (top_k_frac=0.2)
07:29:45  src.cpcv.preprocessing  INFO    Selected (14): ['cci_14', 'copper_ret_14', 'ema_ratio_50_200', 'gk_vol', 'gold_ret_30', 'log_returns', 'natgas_ret_30', 'oil_ret_14', 'oil_ret_30', 'roc_14', 'rsi', 'silver_ret_30', 'stoch_d', 'yz_vol']
07:29:45  src.cpcv.pipeline  INFO    Preprocessing: 14 features selected, train=566 + val=121 + cal=122, test=146
07:29:45  src.cpcv.tuning  INFO  Tuning (2 models) — Optuna TPE + Purged K-Fold (inner: 3 folds, embargo=10 obs)
07:29:45  src.cpcv.tuning  INFO    [tuning] random_forest: 3 purged K-fold splits, 30 Optuna trials (TPE)
07:30:27  src.cpcv.tuning  INFO      random_forest: 17 completed, 13 pruned (of 30 total) — best log_loss=0.6924, params={'n_estimators': 250, 'max_depth': 2, 'min_samples_leaf': 28, 'max_features': 'sqrt'}
07:30:27  src.cpcv.tuning  INFO    [tuning] random_forest done in 41.9s — best log_loss=0.6924
07:30:27  src.cpcv.tuning  INFO    [tuning] xgboost: 3 purged K-fold splits, 30 Optuna trials (TPE)
07:30:31  src.cpcv.tuning  INFO      xgboost: 12 completed, 18 pruned (of 30 total) — best log_loss=0.6823, params={'max_depth': 2, 'learning_rate': 0.29809911697393243, 'min_child_weight': 43, 'subsample': 0.8566880772987617, 'colsample_bytree': 0.7045301052546397, 'gamma': 0.010438120620105178, 'reg_alpha': 0.0001653282123997987, 'reg_lambda': 0.007483948702276168}
07:30:31  src.cpcv.tuning  INFO    [tuning] xgboost done in 4.1s — best log_loss=0.6823
07:30:31  src.cpcv.tuning  INFO  Tuning total: 46.1s
07:30:31  src.cpcv.pipeline  INFO      applied random_forest: {'n_estimators': 250, 'max_depth': 2, 'min_samples_leaf': 28, 'max_features': 'sqrt'}
07:30:31  src.cpcv.pipeline  INFO      applied xgboost: {'max_depth': 2, 'learning_rate': 0.29809911697393243, 'min_child_weight': 43, 'subsample': 0.8566880772987617, 'colsample_bytree': 0.7045301052546397, 'gamma': 0.010438120620105178, 'reg_alpha': 0.0001653282123997987, 'reg_lambda': 0.007483948702276168}
07:30:31  src.cpcv.models.tree_models  INFO  RandomForest fitted: 566 samples, 14 features, 250 trees.
07:30:31  src.cpcv.pipeline  INFO    [  7/168]        random_forest (seed=0) F1=0.464  AUC=0.535  LL=0.7038 (0.8s)
07:30:32  src.cpcv.models.tree_models  INFO  RandomForest fitted: 566 samples, 14 features, 250 trees.
07:30:32  src.cpcv.pipeline  INFO    [  8/168]        random_forest (seed=1) F1=0.494  AUC=0.531  LL=0.6999 (0.7s)
07:30:33  src.cpcv.models.tree_models  INFO  RandomForest fitted: 566 samples, 14 features, 250 trees.
07:30:33  src.cpcv.pipeline  INFO    [  9/168]        random_forest (seed=2) F1=0.462  AUC=0.533  LL=0.7044 (0.7s)
07:30:33  src.cpcv.models.tree_models  INFO  XGBoost fitted: 566 samples, early stopped at iteration 0/300.
07:30:33  src.cpcv.pipeline  INFO    [ 10/168]              xgboost (seed=0) F1=0.491  AUC=0.491  LL=0.6941 (0.0s)
07:30:33  src.cpcv.models.tree_models  INFO  XGBoost fitted: 566 samples, early stopped at iteration 1/300.
07:30:33  src.cpcv.pipeline  INFO    [ 11/168]              xgboost (seed=1) F1=0.395  AUC=0.514  LL=0.7103 (0.0s)
07:30:33  src.cpcv.models.tree_models  INFO  XGBoost fitted: 566 samples, early stopped at iteration 0/300.
07:30:33  src.cpcv.pipeline  INFO    [ 12/168]              xgboost (seed=2) F1=0.500  AUC=0.497  LL=0.7004 (0.0s)
07:30:33  src.cpcv.preprocessing  INFO  Computing MDA (Random Forest)...
07:31:01  src.cpcv.preprocessing  INFO  Computing MDA (Logistic Regression)...
07:31:02  src.cpcv.preprocessing  INFO  Multi-model MDA: 36/73 passed (MDA > 0), 37 eliminated
07:31:02  src.cpcv.preprocessing  INFO    Capped at 14 features (top_k_frac=0.2)
07:31:02  src.cpcv.preprocessing  INFO    Selected (14): ['atr', 'cci_14', 'dxy_roc_30', 'ema_ratio_20_50', 'eth_btc_ratio', 'log_returns', 'log_returns_lag1', 'log_returns_lag5', 'log_returns_lag6', 'mvrv', 'natgas_ret_30', 'oil_ret_14', 'smt_poly1', 'stoch_d']
07:31:02  src.cpcv.pipeline  INFO    Preprocessing: 14 features selected, train=567 + val=122 + cal=122, test=146
07:31:02  src.cpcv.tuning  INFO  Tuning (2 models) — Optuna TPE + Purged K-Fold (inner: 3 folds, embargo=10 obs)
07:31:02  src.cpcv.tuning  INFO    [tuning] random_forest: 3 purged K-fold splits, 30 Optuna trials (TPE)
07:31:48  src.cpcv.tuning  INFO      random_forest: 19 completed, 11 pruned (of 30 total) — best log_loss=0.6816, params={'n_estimators': 250, 'max_depth': 3, 'min_samples_leaf': 17, 'max_features': 'sqrt'}
07:31:48  src.cpcv.tuning  INFO    [tuning] random_forest done in 46.2s — best log_loss=0.6816
07:31:48  src.cpcv.tuning  INFO    [tuning] xgboost: 3 purged K-fold splits, 30 Optuna trials (TPE)
07:31:53  src.cpcv.tuning  INFO      xgboost: 13 completed, 17 pruned (of 30 total) — best log_loss=0.6801, params={'max_depth': 1, 'learning_rate': 0.04877572630404313, 'min_child_weight': 10, 'subsample': 0.9476077563455207, 'colsample_bytree': 0.8738445964974806, 'gamma': 0.03141763911388717, 'reg_alpha': 2.742916590338083e-07, 'reg_lambda': 5.765835785477878}
07:31:53  src.cpcv.tuning  INFO    [tuning] xgboost done in 4.9s — best log_loss=0.6801
07:31:53  src.cpcv.tuning  INFO  Tuning total: 51.1s
07:31:53  src.cpcv.pipeline  INFO      applied random_forest: {'n_estimators': 250, 'max_depth': 3, 'min_samples_leaf': 17, 'max_features': 'sqrt'}
07:31:53  src.cpcv.pipeline  INFO      applied xgboost: {'max_depth': 1, 'learning_rate': 0.04877572630404313, 'min_child_weight': 10, 'subsample': 0.9476077563455207, 'colsample_bytree': 0.8738445964974806, 'gamma': 0.03141763911388717, 'reg_alpha': 2.742916590338083e-07, 'reg_lambda': 5.765835785477878}
07:31:54  src.cpcv.models.tree_models  INFO  RandomForest fitted: 567 samples, 14 features, 250 trees.
07:31:54  src.cpcv.pipeline  INFO    [ 13/168]        random_forest (seed=0) F1=0.399  AUC=0.518  LL=0.6943 (0.8s)
07:31:55  src.cpcv.models.tree_models  INFO  RandomForest fitted: 567 samples, 14 features, 250 trees.
07:31:55  src.cpcv.pipeline  INFO    [ 14/168]        random_forest (seed=1) F1=0.435  AUC=0.506  LL=0.6952 (0.7s)
07:31:55  src.cpcv.models.tree_models  INFO  RandomForest fitted: 567 samples, 14 features, 250 trees.
07:31:56  src.cpcv.pipeline  INFO    [ 15/168]        random_forest (seed=2) F1=0.398  AUC=0.484  LL=0.7001 (0.7s)
07:31:56  src.cpcv.models.tree_models  INFO  XGBoost fitted: 567 samples, early stopped at iteration 18/300.
07:31:56  src.cpcv.pipeline  INFO    [ 16/168]              xgboost (seed=0) F1=0.476  AUC=0.488  LL=0.6937 (0.1s)
07:31:56  src.cpcv.models.tree_models  INFO  XGBoost fitted: 567 samples, early stopped at iteration 46/300.
07:31:56  src.cpcv.pipeline  INFO    [ 17/168]              xgboost (seed=1) F1=0.497  AUC=0.560  LL=0.6906 (0.1s)
07:31:56  src.cpcv.models.tree_models  INFO  XGBoost fitted: 567 samples, early stopped at iteration 18/300.
07:31:56  src.cpcv.pipeline  INFO    [ 18/168]              xgboost (seed=2) F1=0.488  AUC=0.511  LL=0.6901 (0.1s)
07:31:56  src.cpcv.preprocessing  INFO  Computing MDA (Random Forest)...
07:32:25  src.cpcv.preprocessing  INFO  Computing MDA (Logistic Regression)...
07:32:26  src.cpcv.preprocessing  INFO  Multi-model MDA: 39/73 passed (MDA > 0), 34 eliminated
07:32:26  src.cpcv.preprocessing  INFO    Capped at 14 features (top_k_frac=0.2)
07:32:26  src.cpcv.preprocessing  INFO    Selected (14): ['atr', 'cci_14', 'eth_btc_ratio', 'hashrate_roc_30', 'log_returns_lag21', 'lz_complexity', 'mvrv', 'natgas_ret_30', 'realized_vol', 'sadf', 'sp500_ret_14', 'tx_count_roc_14', 'variance_ratio', 'vix']
07:32:26  src.cpcv.pipeline  INFO    Preprocessing: 14 features selected, train=567 + val=122 + cal=122, test=146
07:32:26  src.cpcv.tuning  INFO  Tuning (2 models) — Optuna TPE + Purged K-Fold (inner: 3 folds, embargo=10 obs)
07:32:26  src.cpcv.tuning  INFO    [tuning] random_forest: 3 purged K-fold splits, 30 Optuna trials (TPE)
07:33:07  src.cpcv.tuning  INFO      random_forest: 27 completed, 3 pruned (of 30 total) — best log_loss=0.6912, params={'n_estimators': 100, 'max_depth': 2, 'min_samples_leaf': 33, 'max_features': 'sqrt'}
07:33:07  src.cpcv.tuning  INFO    [tuning] random_forest done in 41.5s — best log_loss=0.6912
07:33:08  src.cpcv.tuning  INFO    [tuning] xgboost: 3 purged K-fold splits, 30 Optuna trials (TPE)
07:33:11  src.cpcv.tuning  INFO      xgboost: 17 completed, 13 pruned (of 30 total) — best log_loss=0.6876, params={'max_depth': 1, 'learning_rate': 0.028310060673998678, 'min_child_weight': 10, 'subsample': 0.7184348852751731, 'colsample_bytree': 0.7628905526894346, 'gamma': 0.07153032024946847, 'reg_alpha': 7.476931580627821e-05, 'reg_lambda': 0.0037653511867646863}
07:33:11  src.cpcv.tuning  INFO    [tuning] xgboost done in 3.6s — best log_loss=0.6876
07:33:11  src.cpcv.tuning  INFO  Tuning total: 45.1s
07:33:11  src.cpcv.pipeline  INFO      applied random_forest: {'n_estimators': 100, 'max_depth': 2, 'min_samples_leaf': 33, 'max_features': 'sqrt'}
07:33:11  src.cpcv.pipeline  INFO      applied xgboost: {'max_depth': 1, 'learning_rate': 0.028310060673998678, 'min_child_weight': 10, 'subsample': 0.7184348852751731, 'colsample_bytree': 0.7628905526894346, 'gamma': 0.07153032024946847, 'reg_alpha': 7.476931580627821e-05, 'reg_lambda': 0.0037653511867646863}
07:33:11  src.cpcv.models.tree_models  INFO  RandomForest fitted: 567 samples, 14 features, 100 trees.
07:33:12  src.cpcv.pipeline  INFO    [ 19/168]        random_forest (seed=0) F1=0.526  AUC=0.554  LL=0.6783 (0.4s)
07:33:12  src.cpcv.models.tree_models  INFO  RandomForest fitted: 567 samples, 14 features, 100 trees.
07:33:12  src.cpcv.pipeline  INFO    [ 20/168]        random_forest (seed=1) F1=0.512  AUC=0.588  LL=0.6635 (0.4s)
07:33:12  src.cpcv.models.tree_models  INFO  RandomForest fitted: 567 samples, 14 features, 100 trees.
07:33:12  src.cpcv.pipeline  INFO    [ 21/168]        random_forest (seed=2) F1=0.423  AUC=0.497  LL=0.6805 (0.4s)
07:33:12  src.cpcv.models.tree_models  INFO  XGBoost fitted: 567 samples, early stopped at iteration 9/300.
07:33:12  src.cpcv.pipeline  INFO    [ 22/168]              xgboost (seed=0) F1=0.583  AUC=0.596  LL=0.6802 (0.0s)
07:33:12  src.cpcv.models.tree_models  INFO  XGBoost fitted: 567 samples, early stopped at iteration 34/300.
07:33:12  src.cpcv.pipeline  INFO    [ 23/168]              xgboost (seed=1) F1=0.448  AUC=0.515  LL=0.6773 (0.1s)
07:33:12  src.cpcv.models.tree_models  INFO  XGBoost fitted: 567 samples, early stopped at iteration 5/300.
07:33:12  src.cpcv.pipeline  INFO    [ 24/168]              xgboost (seed=2) F1=0.379  AUC=0.604  LL=0.6912 (0.0s)
07:33:13  src.cpcv.preprocessing  INFO  Computing MDA (Random Forest)...
07:33:41  src.cpcv.preprocessing  INFO  Computing MDA (Logistic Regression)...
07:33:42  src.cpcv.preprocessing  INFO  Multi-model MDA: 36/73 passed (MDA > 0), 37 eliminated
07:33:42  src.cpcv.preprocessing  INFO    Capped at 14 features (top_k_frac=0.2)
07:33:42  src.cpcv.preprocessing  INFO    Selected (14): ['active_addr_roc_14', 'atr', 'eth_btc_ratio', 'exchange_supply_pct', 'issuance_ntv', 'log_returns_lag1', 'log_returns_lag5', 'log_returns_lag7', 'obv', 'oil_ret_14', 'roc_14', 'skewness', 'smt_exp', 'vix']
07:33:42  src.cpcv.pipeline  INFO    Preprocessing: 14 features selected, train=567 + val=122 + cal=122, test=146
07:33:42  src.cpcv.tuning  INFO  Tuning (2 models) — Optuna TPE + Purged K-Fold (inner: 3 folds, embargo=10 obs)
07:33:42  src.cpcv.tuning  INFO    [tuning] random_forest: 3 purged K-fold splits, 30 Optuna trials (TPE)
07:34:21  src.cpcv.tuning  INFO      random_forest: 18 completed, 12 pruned (of 30 total) — best log_loss=0.6777, params={'n_estimators': 250, 'max_depth': 4, 'min_samples_leaf': 15, 'max_features': 'sqrt'}
07:34:21  src.cpcv.tuning  INFO    [tuning] random_forest done in 38.7s — best log_loss=0.6777
07:34:21  src.cpcv.tuning  INFO    [tuning] xgboost: 3 purged K-fold splits, 30 Optuna trials (TPE)
07:34:25  src.cpcv.tuning  INFO      xgboost: 13 completed, 17 pruned (of 30 total) — best log_loss=0.6747, params={'max_depth': 2, 'learning_rate': 0.09279453843446861, 'min_child_weight': 10, 'subsample': 0.9882175921905896, 'colsample_bytree': 0.9165877328999809, 'gamma': 0.13475030010391695, 'reg_alpha': 0.10130492013778475, 'reg_lambda': 0.007483948702276168}
07:34:25  src.cpcv.tuning  INFO    [tuning] xgboost done in 4.6s — best log_loss=0.6747
07:34:25  src.cpcv.tuning  INFO  Tuning total: 43.3s
07:34:25  src.cpcv.pipeline  INFO      applied random_forest: {'n_estimators': 250, 'max_depth': 4, 'min_samples_leaf': 15, 'max_features': 'sqrt'}
07:34:25  src.cpcv.pipeline  INFO      applied xgboost: {'max_depth': 2, 'learning_rate': 0.09279453843446861, 'min_child_weight': 10, 'subsample': 0.9882175921905896, 'colsample_bytree': 0.9165877328999809, 'gamma': 0.13475030010391695, 'reg_alpha': 0.10130492013778475, 'reg_lambda': 0.007483948702276168}
07:34:26  src.cpcv.models.tree_models  INFO  RandomForest fitted: 567 samples, 14 features, 250 trees.
07:34:26  src.cpcv.pipeline  INFO    [ 25/168]        random_forest (seed=0) F1=0.574  AUC=0.608  LL=0.6929 (0.8s)
07:34:27  src.cpcv.models.tree_models  INFO  RandomForest fitted: 567 samples, 14 features, 250 trees.
07:34:27  src.cpcv.pipeline  INFO    [ 26/168]        random_forest (seed=1) F1=0.561  AUC=0.582  LL=0.6913 (0.7s)
07:34:27  src.cpcv.models.tree_models  INFO  RandomForest fitted: 567 samples, 14 features, 250 trees.
07:34:27  src.cpcv.pipeline  INFO    [ 27/168]        random_forest (seed=2) F1=0.559  AUC=0.609  LL=0.6898 (0.7s)
07:34:27  src.cpcv.models.tree_models  INFO  XGBoost fitted: 567 samples, early stopped at iteration 0/300.
07:34:27  src.cpcv.pipeline  INFO    [ 28/168]              xgboost (seed=0) F1=0.368  AUC=0.381  LL=0.7559 (0.0s)
07:34:27  src.cpcv.models.tree_models  INFO  XGBoost fitted: 567 samples, early stopped at iteration 0/300.
07:34:27  src.cpcv.pipeline  INFO    [ 29/168]              xgboost (seed=1) F1=0.551  AUC=0.563  LL=0.7223 (0.0s)
07:34:27  src.cpcv.models.tree_models  INFO  XGBoost fitted: 567 samples, early stopped at iteration 0/300.
07:34:27  src.cpcv.pipeline  INFO    [ 30/168]              xgboost (seed=2) F1=0.551  AUC=0.563  LL=0.7228 (0.0s)
07:34:28  src.cpcv.preprocessing  INFO  Computing MDA (Random Forest)...
07:34:56  src.cpcv.preprocessing  INFO  Computing MDA (Logistic Regression)...
07:34:57  src.cpcv.preprocessing  INFO  Multi-model MDA: 40/73 passed (MDA > 0), 33 eliminated
07:34:57  src.cpcv.preprocessing  INFO    Capped at 14 features (top_k_frac=0.2)
07:34:57  src.cpcv.preprocessing  INFO    Selected (14): ['atr', 'chaikin_osc', 'eth_btc_ratio', 'hashrate_roc_30', 'jarque_bera', 'kurtosis', 'log_returns_lag30', 'log_returns_lag6', 'obv', 'silver_ret_30', 'variance_ratio', 'vol_term_7_30', 'vwma_ratio_20_50', 'yield_curve_2y10y']
07:34:57  src.cpcv.pipeline  INFO    Preprocessing: 14 features selected, train=567 + val=122 + cal=122, test=146
07:34:57  src.cpcv.tuning  INFO  Tuning (2 models) — Optuna TPE + Purged K-Fold (inner: 3 folds, embargo=10 obs)
07:34:57  src.cpcv.tuning  INFO    [tuning] random_forest: 3 purged K-fold splits, 30 Optuna trials (TPE)
07:35:34  src.cpcv.tuning  INFO      random_forest: 30 completed, 0 pruned (of 30 total) — best log_loss=0.6690, params={'n_estimators': 100, 'max_depth': 4, 'min_samples_leaf': 18, 'max_features': 'log2'}
07:35:34  src.cpcv.tuning  INFO    [tuning] random_forest done in 37.1s — best log_loss=0.6690
07:35:34  src.cpcv.tuning  INFO    [tuning] xgboost: 3 purged K-fold splits, 30 Optuna trials (TPE)
07:35:40  src.cpcv.tuning  INFO      xgboost: 21 completed, 9 pruned (of 30 total) — best log_loss=0.6627, params={'max_depth': 1, 'learning_rate': 0.18964660272040645, 'min_child_weight': 10, 'subsample': 0.8871975834497375, 'colsample_bytree': 0.6893523753600751, 'gamma': 0.026627925173913887, 'reg_alpha': 1.3008532995294286e-06, 'reg_lambda': 0.00042850711436968653}
07:35:40  src.cpcv.tuning  INFO    [tuning] xgboost done in 6.3s — best log_loss=0.6627
07:35:40  src.cpcv.tuning  INFO  Tuning total: 43.4s
07:35:40  src.cpcv.pipeline  INFO      applied random_forest: {'n_estimators': 100, 'max_depth': 4, 'min_samples_leaf': 18, 'max_features': 'log2'}
07:35:40  src.cpcv.pipeline  INFO      applied xgboost: {'max_depth': 1, 'learning_rate': 0.18964660272040645, 'min_child_weight': 10, 'subsample': 0.8871975834497375, 'colsample_bytree': 0.6893523753600751, 'gamma': 0.026627925173913887, 'reg_alpha': 1.3008532995294286e-06, 'reg_lambda': 0.00042850711436968653}
07:35:40  src.cpcv.models.tree_models  INFO  RandomForest fitted: 567 samples, 14 features, 100 trees.
07:35:41  src.cpcv.pipeline  INFO    [ 31/168]        random_forest (seed=0) F1=0.427  AUC=0.415  LL=0.7151 (0.4s)
07:35:41  src.cpcv.models.tree_models  INFO  RandomForest fitted: 567 samples, 14 features, 100 trees.
07:35:41  src.cpcv.pipeline  INFO    [ 32/168]        random_forest (seed=1) F1=0.459  AUC=0.447  LL=0.7181 (0.3s)
07:35:41  src.cpcv.models.tree_models  INFO  RandomForest fitted: 567 samples, 14 features, 100 trees.
07:35:41  src.cpcv.pipeline  INFO    [ 33/168]        random_forest (seed=2) F1=0.420  AUC=0.439  LL=0.7311 (0.3s)
07:35:41  src.cpcv.models.tree_models  INFO  XGBoost fitted: 567 samples, early stopped at iteration 43/300.
07:35:41  src.cpcv.pipeline  INFO    [ 34/168]              xgboost (seed=0) F1=0.397  AUC=0.418  LL=0.7910 (0.1s)
07:35:41  src.cpcv.models.tree_models  INFO  XGBoost fitted: 567 samples, early stopped at iteration 80/300.
07:35:41  src.cpcv.pipeline  INFO    [ 35/168]              xgboost (seed=1) F1=0.428  AUC=0.398  LL=0.7620 (0.1s)
07:35:41  src.cpcv.models.tree_models  INFO  XGBoost fitted: 567 samples, early stopped at iteration 31/300.
07:35:41  src.cpcv.pipeline  INFO    [ 36/168]              xgboost (seed=2) F1=0.449  AUC=0.451  LL=0.7404 (0.1s)
07:35:42  src.cpcv.preprocessing  INFO  Computing MDA (Random Forest)...
07:36:10  src.cpcv.preprocessing  INFO  Computing MDA (Logistic Regression)...
07:36:11  src.cpcv.preprocessing  INFO  Multi-model MDA: 40/73 passed (MDA > 0), 33 eliminated
07:36:11  src.cpcv.preprocessing  INFO    Capped at 14 features (top_k_frac=0.2)
07:36:11  src.cpcv.preprocessing  INFO    Selected (14): ['active_addr_roc_14', 'chaikin_osc', 'copper_ret_14', 'hashrate_roc_30', 'hurst', 'kurtosis', 'log_returns', 'log_returns_lag3', 'realized_vol', 'us10y', 'variance_ratio', 'vix', 'williams_r', 'yield_curve_2y10y']
07:36:11  src.cpcv.pipeline  INFO    Preprocessing: 14 features selected, train=575 + val=123 + cal=124, test=146
07:36:11  src.cpcv.tuning  INFO  Tuning (2 models) — Optuna TPE + Purged K-Fold (inner: 3 folds, embargo=10 obs)
07:36:11  src.cpcv.tuning  INFO    [tuning] random_forest: 3 purged K-fold splits, 30 Optuna trials (TPE)
07:36:52  src.cpcv.tuning  INFO      random_forest: 12 completed, 18 pruned (of 30 total) — best log_loss=0.6969, params={'n_estimators': 250, 'max_depth': 2, 'min_samples_leaf': 40, 'max_features': 'log2'}
07:36:52  src.cpcv.tuning  INFO    [tuning] random_forest done in 40.9s — best log_loss=0.6969
07:36:52  src.cpcv.tuning  INFO    [tuning] xgboost: 3 purged K-fold splits, 30 Optuna trials (TPE)
07:36:56  src.cpcv.tuning  INFO      xgboost: 22 completed, 8 pruned (of 30 total) — best log_loss=0.6851, params={'max_depth': 2, 'learning_rate': 0.11149788404099703, 'min_child_weight': 43, 'subsample': 0.7691735303447266, 'colsample_bytree': 0.9426941178471422, 'gamma': 0.03776933639535813, 'reg_alpha': 6.676114574784988e-07, 'reg_lambda': 0.000392728535545485}
07:36:56  src.cpcv.tuning  INFO    [tuning] xgboost done in 4.0s — best log_loss=0.6851
07:36:56  src.cpcv.tuning  INFO  Tuning total: 44.9s
07:36:56  src.cpcv.pipeline  INFO      applied random_forest: {'n_estimators': 250, 'max_depth': 2, 'min_samples_leaf': 40, 'max_features': 'log2'}
07:36:56  src.cpcv.pipeline  INFO      applied xgboost: {'max_depth': 2, 'learning_rate': 0.11149788404099703, 'min_child_weight': 43, 'subsample': 0.7691735303447266, 'colsample_bytree': 0.9426941178471422, 'gamma': 0.03776933639535813, 'reg_alpha': 6.676114574784988e-07, 'reg_lambda': 0.000392728535545485}
07:36:56  src.cpcv.models.tree_models  INFO  RandomForest fitted: 575 samples, 14 features, 250 trees.
07:36:57  src.cpcv.pipeline  INFO    [ 37/168]        random_forest (seed=0) F1=0.399  AUC=0.448  LL=0.7044 (0.7s)
07:36:57  src.cpcv.models.tree_models  INFO  RandomForest fitted: 575 samples, 14 features, 250 trees.
07:36:57  src.cpcv.pipeline  INFO    [ 38/168]        random_forest (seed=1) F1=0.384  AUC=0.436  LL=0.7001 (0.7s)
07:36:58  src.cpcv.models.tree_models  INFO  RandomForest fitted: 575 samples, 14 features, 250 trees.
07:36:58  src.cpcv.pipeline  INFO    [ 39/168]        random_forest (seed=2) F1=0.359  AUC=0.422  LL=0.7046 (0.7s)
07:36:58  src.cpcv.models.tree_models  INFO  XGBoost fitted: 575 samples, early stopped at iteration 25/300.
07:36:58  src.cpcv.pipeline  INFO    [ 40/168]              xgboost (seed=0) F1=0.360  AUC=0.477  LL=0.6916 (0.1s)
07:36:58  src.cpcv.models.tree_models  INFO  XGBoost fitted: 575 samples, early stopped at iteration 11/300.
07:36:58  src.cpcv.pipeline  INFO    [ 41/168]              xgboost (seed=1) F1=0.360  AUC=0.490  LL=0.6886 (0.1s)
07:36:58  src.cpcv.models.tree_models  INFO  XGBoost fitted: 575 samples, early stopped at iteration 60/300.
07:36:58  src.cpcv.pipeline  INFO    [ 42/168]              xgboost (seed=2) F1=0.360  AUC=0.474  LL=0.6898 (0.1s)
07:36:58  src.cpcv.preprocessing  INFO  Computing MDA (Random Forest)...
07:37:24  src.cpcv.preprocessing  INFO  Computing MDA (Logistic Regression)...
07:37:25  src.cpcv.preprocessing  INFO  Multi-model MDA: 37/73 passed (MDA > 0), 36 eliminated
07:37:25  src.cpcv.preprocessing  INFO    Capped at 14 features (top_k_frac=0.2)
07:37:25  src.cpcv.preprocessing  INFO    Selected (14): ['dxy_roc_30', 'gold_ret_30', 'log_returns', 'log_returns_lag2', 'log_returns_lag4', 'natgas_ret_30', 'negentropy', 'obv', 'rsi', 'silver_ret_30', 'skewness', 'tx_count_roc_14', 'us10y', 'us2y']
07:37:25  src.cpcv.pipeline  INFO    Preprocessing: 14 features selected, train=503 + val=108 + cal=108, test=239
07:37:25  src.cpcv.tuning  INFO  Tuning (2 models) — Optuna TPE + Purged K-Fold (inner: 3 folds, embargo=10 obs)
07:37:25  src.cpcv.tuning  INFO    [tuning] random_forest: 3 purged K-fold splits, 30 Optuna trials (TPE)
07:37:57  src.cpcv.tuning  INFO      random_forest: 21 completed, 9 pruned (of 30 total) — best log_loss=0.6916, params={'n_estimators': 100, 'max_depth': 3, 'min_samples_leaf': 19, 'max_features': 'log2'}
07:37:57  src.cpcv.tuning  INFO    [tuning] random_forest done in 32.5s — best log_loss=0.6916
07:37:57  src.cpcv.tuning  INFO    [tuning] xgboost: 3 purged K-fold splits, 30 Optuna trials (TPE)
07:38:02  src.cpcv.tuning  INFO      xgboost: 11 completed, 19 pruned (of 30 total) — best log_loss=0.6806, params={'max_depth': 2, 'learning_rate': 0.2536999076681772, 'min_child_weight': 40, 'subsample': 0.8394633936788146, 'colsample_bytree': 0.6624074561769746, 'gamma': 0.020511104188433976, 'reg_alpha': 3.3323645788192616e-08, 'reg_lambda': 0.6245760287469893}
07:38:02  src.cpcv.tuning  INFO    [tuning] xgboost done in 4.9s — best log_loss=0.6806
07:38:02  src.cpcv.tuning  INFO  Tuning total: 37.4s
07:38:02  src.cpcv.pipeline  INFO      applied random_forest: {'n_estimators': 100, 'max_depth': 3, 'min_samples_leaf': 19, 'max_features': 'log2'}
07:38:02  src.cpcv.pipeline  INFO      applied xgboost: {'max_depth': 2, 'learning_rate': 0.2536999076681772, 'min_child_weight': 40, 'subsample': 0.8394633936788146, 'colsample_bytree': 0.6624074561769746, 'gamma': 0.020511104188433976, 'reg_alpha': 3.3323645788192616e-08, 'reg_lambda': 0.6245760287469893}
07:38:03  src.cpcv.models.tree_models  INFO  RandomForest fitted: 503 samples, 14 features, 100 trees.
07:38:03  src.cpcv.pipeline  INFO    [ 43/168]        random_forest (seed=0) F1=0.495  AUC=0.494  LL=0.7038 (0.3s)
07:38:03  src.cpcv.models.tree_models  INFO  RandomForest fitted: 503 samples, 14 features, 100 trees.
07:38:03  src.cpcv.pipeline  INFO    [ 44/168]        random_forest (seed=1) F1=0.471  AUC=0.525  LL=0.6920 (0.3s)
07:38:03  src.cpcv.models.tree_models  INFO  RandomForest fitted: 503 samples, 14 features, 100 trees.
07:38:03  src.cpcv.pipeline  INFO    [ 45/168]        random_forest (seed=2) F1=0.405  AUC=0.539  LL=0.6944 (0.3s)
07:38:03  src.cpcv.models.tree_models  INFO  XGBoost fitted: 503 samples, early stopped at iteration 0/300.
07:38:03  src.cpcv.pipeline  INFO    [ 46/168]              xgboost (seed=0) F1=0.319  AUC=0.500  LL=0.6939 (0.0s)
07:38:03  src.cpcv.models.tree_models  INFO  XGBoost fitted: 503 samples, early stopped at iteration 0/300.
07:38:03  src.cpcv.pipeline  INFO    [ 47/168]              xgboost (seed=1) F1=0.319  AUC=0.500  LL=0.6939 (0.0s)
07:38:03  src.cpcv.models.tree_models  INFO  XGBoost fitted: 503 samples, early stopped at iteration 0/300.
07:38:03  src.cpcv.pipeline  INFO    [ 48/168]              xgboost (seed=2) F1=0.319  AUC=0.500  LL=0.6939 (0.0s)
07:38:04  src.cpcv.preprocessing  INFO  Computing MDA (Random Forest)...
07:38:28  src.cpcv.preprocessing  INFO  Computing MDA (Logistic Regression)...
07:38:29  src.cpcv.preprocessing  INFO  Multi-model MDA: 38/73 passed (MDA > 0), 35 eliminated
07:38:29  src.cpcv.preprocessing  INFO    Capped at 14 features (top_k_frac=0.2)
07:38:29  src.cpcv.preprocessing  INFO    Selected (14): ['cci_14', 'dxy_roc_30', 'eth_btc_ratio', 'hashrate_roc_30', 'jarque_bera', 'kurtosis', 'log_returns_lag2', 'log_returns_lag6', 'macd', 'macd_hist', 'natgas_ret_30', 'negentropy', 'us10y', 'vol_term_7_30']
07:38:29  src.cpcv.pipeline  INFO    Preprocessing: 14 features selected, train=494 + val=106 + cal=107, test=239
07:38:29  src.cpcv.tuning  INFO  Tuning (2 models) — Optuna TPE + Purged K-Fold (inner: 3 folds, embargo=10 obs)
07:38:29  src.cpcv.tuning  INFO    [tuning] random_forest: 3 purged K-fold splits, 30 Optuna trials (TPE)
07:39:15  src.cpcv.tuning  INFO      random_forest: 29 completed, 1 pruned (of 30 total) — best log_loss=0.6795, params={'n_estimators': 250, 'max_depth': 3, 'min_samples_leaf': 15, 'max_features': 'log2'}
07:39:15  src.cpcv.tuning  INFO    [tuning] random_forest done in 46.0s — best log_loss=0.6795
07:39:15  src.cpcv.tuning  INFO    [tuning] xgboost: 3 purged K-fold splits, 30 Optuna trials (TPE)
07:39:20  src.cpcv.tuning  INFO      xgboost: 20 completed, 10 pruned (of 30 total) — best log_loss=0.6696, params={'max_depth': 2, 'learning_rate': 0.11474454397192521, 'min_child_weight': 10, 'subsample': 0.998406612698974, 'colsample_bytree': 0.899463556436505, 'gamma': 0.12535839961816359, 'reg_alpha': 8.773472263092467e-05, 'reg_lambda': 0.007182107401662889}
07:39:20  src.cpcv.tuning  INFO    [tuning] xgboost done in 4.5s — best log_loss=0.6696
07:39:20  src.cpcv.tuning  INFO  Tuning total: 50.5s
07:39:20  src.cpcv.pipeline  INFO      applied random_forest: {'n_estimators': 250, 'max_depth': 3, 'min_samples_leaf': 15, 'max_features': 'log2'}
07:39:20  src.cpcv.pipeline  INFO      applied xgboost: {'max_depth': 2, 'learning_rate': 0.11474454397192521, 'min_child_weight': 10, 'subsample': 0.998406612698974, 'colsample_bytree': 0.899463556436505, 'gamma': 0.12535839961816359, 'reg_alpha': 8.773472263092467e-05, 'reg_lambda': 0.007182107401662889}
07:39:20  src.cpcv.models.tree_models  INFO  RandomForest fitted: 494 samples, 14 features, 250 trees.
07:39:20  src.cpcv.pipeline  INFO    [ 49/168]        random_forest (seed=0) F1=0.474  AUC=0.529  LL=0.7186 (0.7s)
07:39:21  src.cpcv.models.tree_models  INFO  RandomForest fitted: 494 samples, 14 features, 250 trees.
07:39:21  src.cpcv.pipeline  INFO    [ 50/168]        random_forest (seed=1) F1=0.497  AUC=0.524  LL=0.7376 (0.7s)
07:39:22  src.cpcv.models.tree_models  INFO  RandomForest fitted: 494 samples, 14 features, 250 trees.
07:39:22  src.cpcv.pipeline  INFO    [ 51/168]        random_forest (seed=2) F1=0.479  AUC=0.518  LL=0.6987 (0.7s)
07:39:22  src.cpcv.models.tree_models  INFO  XGBoost fitted: 494 samples, early stopped at iteration 6/300.
07:39:22  src.cpcv.pipeline  INFO    [ 52/168]              xgboost (seed=0) F1=0.515  AUC=0.549  LL=0.7034 (0.0s)
07:39:22  src.cpcv.models.tree_models  INFO  XGBoost fitted: 494 samples, early stopped at iteration 2/300.
07:39:22  src.cpcv.pipeline  INFO    [ 53/168]              xgboost (seed=1) F1=0.462  AUC=0.533  LL=0.6955 (0.0s)
07:39:22  src.cpcv.models.tree_models  INFO  XGBoost fitted: 494 samples, early stopped at iteration 6/300.
07:39:22  src.cpcv.pipeline  INFO    [ 54/168]              xgboost (seed=2) F1=0.485  AUC=0.521  LL=0.7420 (0.0s)
07:39:22  src.cpcv.preprocessing  INFO  Computing MDA (Random Forest)...
07:39:47  src.cpcv.preprocessing  INFO  Computing MDA (Logistic Regression)...
07:39:48  src.cpcv.preprocessing  INFO  Multi-model MDA: 37/73 passed (MDA > 0), 36 eliminated
07:39:48  src.cpcv.preprocessing  INFO    Capped at 14 features (top_k_frac=0.2)
07:39:48  src.cpcv.preprocessing  INFO    Selected (14): ['cci_14', 'chaikin_osc', 'dxy_roc_30', 'eth_btc_ratio', 'gold_ret_14', 'hashrate_roc_30', 'jarque_bera', 'log_returns_lag4', 'natgas_ret_30', 'roc_14', 'rsi', 'smt_exp', 'sp500_ret_14', 'williams_r']
07:39:48  src.cpcv.pipeline  INFO    Preprocessing: 14 features selected, train=494 + val=106 + cal=107, test=239
07:39:48  src.cpcv.tuning  INFO  Tuning (2 models) — Optuna TPE + Purged K-Fold (inner: 3 folds, embargo=10 obs)
07:39:48  src.cpcv.tuning  INFO    [tuning] random_forest: 3 purged K-fold splits, 30 Optuna trials (TPE)
07:40:28  src.cpcv.tuning  INFO      random_forest: 21 completed, 9 pruned (of 30 total) — best log_loss=0.6884, params={'n_estimators': 200, 'max_depth': 2, 'min_samples_leaf': 15, 'max_features': 'sqrt'}
07:40:28  src.cpcv.tuning  INFO    [tuning] random_forest done in 40.7s — best log_loss=0.6884
07:40:29  src.cpcv.tuning  INFO    [tuning] xgboost: 3 purged K-fold splits, 30 Optuna trials (TPE)
07:40:32  src.cpcv.tuning  INFO      xgboost: 19 completed, 11 pruned (of 30 total) — best log_loss=0.6854, params={'max_depth': 1, 'learning_rate': 0.06333268775321843, 'min_child_weight': 15, 'subsample': 0.9208787923016158, 'colsample_bytree': 0.6298202574719083, 'gamma': 0.9413993046829938, 'reg_alpha': 0.08916674715636537, 'reg_lambda': 6.143857495033091e-07}
07:40:32  src.cpcv.tuning  INFO    [tuning] xgboost done in 3.7s — best log_loss=0.6854
07:40:32  src.cpcv.tuning  INFO  Tuning total: 44.5s
07:40:32  src.cpcv.pipeline  INFO      applied random_forest: {'n_estimators': 200, 'max_depth': 2, 'min_samples_leaf': 15, 'max_features': 'sqrt'}
07:40:32  src.cpcv.pipeline  INFO      applied xgboost: {'max_depth': 1, 'learning_rate': 0.06333268775321843, 'min_child_weight': 15, 'subsample': 0.9208787923016158, 'colsample_bytree': 0.6298202574719083, 'gamma': 0.9413993046829938, 'reg_alpha': 0.08916674715636537, 'reg_lambda': 6.143857495033091e-07}
07:40:33  src.cpcv.models.tree_models  INFO  RandomForest fitted: 494 samples, 14 features, 200 trees.
07:40:33  src.cpcv.pipeline  INFO    [ 55/168]        random_forest (seed=0) F1=0.527  AUC=0.605  LL=0.7308 (0.6s)
07:40:33  src.cpcv.models.tree_models  INFO  RandomForest fitted: 494 samples, 14 features, 200 trees.
07:40:33  src.cpcv.pipeline  INFO    [ 56/168]        random_forest (seed=1) F1=0.482  AUC=0.587  LL=0.7190 (0.5s)
07:40:34  src.cpcv.models.tree_models  INFO  RandomForest fitted: 494 samples, 14 features, 200 trees.
07:40:34  src.cpcv.pipeline  INFO    [ 57/168]        random_forest (seed=2) F1=0.477  AUC=0.586  LL=0.7147 (0.5s)
07:40:34  src.cpcv.models.tree_models  INFO  XGBoost fitted: 494 samples, early stopped at iteration 10/300.
07:40:34  src.cpcv.pipeline  INFO    [ 58/168]              xgboost (seed=0) F1=0.414  AUC=0.571  LL=0.8684 (0.0s)
07:40:34  src.cpcv.models.tree_models  INFO  XGBoost fitted: 494 samples, early stopped at iteration 18/300.
07:40:34  src.cpcv.pipeline  INFO    [ 59/168]              xgboost (seed=1) F1=0.409  AUC=0.557  LL=0.8536 (0.1s)
07:40:34  src.cpcv.models.tree_models  INFO  XGBoost fitted: 494 samples, early stopped at iteration 7/300.
07:40:34  src.cpcv.pipeline  INFO    [ 60/168]              xgboost (seed=2) F1=0.341  AUC=0.530  LL=0.8290 (0.0s)
07:40:34  src.cpcv.preprocessing  INFO  Computing MDA (Random Forest)...
07:40:59  src.cpcv.preprocessing  INFO  Computing MDA (Logistic Regression)...
07:41:00  src.cpcv.preprocessing  INFO  Multi-model MDA: 37/73 passed (MDA > 0), 36 eliminated
07:41:00  src.cpcv.preprocessing  INFO    Capped at 14 features (top_k_frac=0.2)
07:41:00  src.cpcv.preprocessing  INFO    Selected (14): ['cci_14', 'ema_ratio_20_50', 'fee_per_tx', 'gold_ret_30', 'hashrate_roc_30', 'jarque_bera', 'log_returns', 'log_returns_lag6', 'mfi_14', 'natgas_ret_14', 'natgas_ret_30', 'silver_ret_30', 'skewness', 'sp500_ret_14']
07:41:00  src.cpcv.pipeline  INFO    Preprocessing: 14 features selected, train=494 + val=106 + cal=107, test=239
07:41:00  src.cpcv.tuning  INFO  Tuning (2 models) — Optuna TPE + Purged K-Fold (inner: 3 folds, embargo=10 obs)
07:41:00  src.cpcv.tuning  INFO    [tuning] random_forest: 3 purged K-fold splits, 30 Optuna trials (TPE)
07:41:39  src.cpcv.tuning  INFO      random_forest: 17 completed, 13 pruned (of 30 total) — best log_loss=0.6866, params={'n_estimators': 200, 'max_depth': 2, 'min_samples_leaf': 16, 'max_features': 'log2'}
07:41:39  src.cpcv.tuning  INFO    [tuning] random_forest done in 39.0s — best log_loss=0.6866
07:41:39  src.cpcv.tuning  INFO    [tuning] xgboost: 3 purged K-fold splits, 30 Optuna trials (TPE)
07:41:42  src.cpcv.tuning  INFO      xgboost: 12 completed, 18 pruned (of 30 total) — best log_loss=0.6862, params={'max_depth': 2, 'learning_rate': 0.2953167795440016, 'min_child_weight': 37, 'subsample': 0.8566880772987617, 'colsample_bytree': 0.6686533310966929, 'gamma': 0.23937191942813765, 'reg_alpha': 0.1495802168006707, 'reg_lambda': 0.012341345845574316}
07:41:42  src.cpcv.tuning  INFO    [tuning] xgboost done in 2.9s — best log_loss=0.6862
07:41:42  src.cpcv.tuning  INFO  Tuning total: 41.9s
07:41:42  src.cpcv.pipeline  INFO      applied random_forest: {'n_estimators': 200, 'max_depth': 2, 'min_samples_leaf': 16, 'max_features': 'log2'}
07:41:42  src.cpcv.pipeline  INFO      applied xgboost: {'max_depth': 2, 'learning_rate': 0.2953167795440016, 'min_child_weight': 37, 'subsample': 0.8566880772987617, 'colsample_bytree': 0.6686533310966929, 'gamma': 0.23937191942813765, 'reg_alpha': 0.1495802168006707, 'reg_lambda': 0.012341345845574316}
07:41:43  src.cpcv.models.tree_models  INFO  RandomForest fitted: 494 samples, 14 features, 200 trees.
07:41:43  src.cpcv.pipeline  INFO    [ 61/168]        random_forest (seed=0) F1=0.581  AUC=0.595  LL=0.6790 (0.6s)
07:41:43  src.cpcv.models.tree_models  INFO  RandomForest fitted: 494 samples, 14 features, 200 trees.
07:41:43  src.cpcv.pipeline  INFO    [ 62/168]        random_forest (seed=1) F1=0.535  AUC=0.557  LL=0.6891 (0.5s)
07:41:44  src.cpcv.models.tree_models  INFO  RandomForest fitted: 494 samples, 14 features, 200 trees.
07:41:44  src.cpcv.pipeline  INFO    [ 63/168]        random_forest (seed=2) F1=0.576  AUC=0.581  LL=0.6821 (0.5s)
07:41:44  src.cpcv.models.tree_models  INFO  XGBoost fitted: 494 samples, early stopped at iteration 2/300.
07:41:44  src.cpcv.pipeline  INFO    [ 64/168]              xgboost (seed=0) F1=0.544  AUC=0.554  LL=0.6904 (0.0s)
07:41:44  src.cpcv.models.tree_models  INFO  XGBoost fitted: 494 samples, early stopped at iteration 0/300.
07:41:44  src.cpcv.pipeline  INFO    [ 65/168]              xgboost (seed=1) F1=0.311  AUC=0.451  LL=0.7406 (0.0s)
07:41:44  src.cpcv.models.tree_models  INFO  XGBoost fitted: 494 samples, early stopped at iteration 0/300.
07:41:44  src.cpcv.pipeline  INFO    [ 66/168]              xgboost (seed=2) F1=0.512  AUC=0.513  LL=0.6962 (0.0s)
07:41:44  src.cpcv.preprocessing  INFO  Computing MDA (Random Forest)...
07:42:09  src.cpcv.preprocessing  INFO  Computing MDA (Logistic Regression)...
07:42:10  src.cpcv.preprocessing  INFO  Multi-model MDA: 34/73 passed (MDA > 0), 39 eliminated
07:42:10  src.cpcv.preprocessing  INFO    Capped at 14 features (top_k_frac=0.2)
07:42:10  src.cpcv.preprocessing  INFO    Selected (14): ['atr', 'copper_ret_14', 'eth_btc_ratio', 'fee_per_tx', 'jarque_bera', 'log_returns_lag4', 'log_returns_lag6', 'oil_ret_14', 'skewness', 'sp500_ret_30', 'variance_ratio', 'vix', 'vol_term_7_30', 'yield_curve_10y30y']
07:42:10  src.cpcv.pipeline  INFO    Preprocessing: 14 features selected, train=494 + val=106 + cal=107, test=239
07:42:10  src.cpcv.tuning  INFO  Tuning (2 models) — Optuna TPE + Purged K-Fold (inner: 3 folds, embargo=10 obs)
07:42:10  src.cpcv.tuning  INFO    [tuning] random_forest: 3 purged K-fold splits, 30 Optuna trials (TPE)
07:42:47  src.cpcv.tuning  INFO      random_forest: 15 completed, 15 pruned (of 30 total) — best log_loss=0.6722, params={'n_estimators': 200, 'max_depth': 3, 'min_samples_leaf': 15, 'max_features': 'log2'}
07:42:47  src.cpcv.tuning  INFO    [tuning] random_forest done in 37.5s — best log_loss=0.6722
07:42:47  src.cpcv.tuning  INFO    [tuning] xgboost: 3 purged K-fold splits, 30 Optuna trials (TPE)
07:42:52  src.cpcv.tuning  INFO      xgboost: 10 completed, 20 pruned (of 30 total) — best log_loss=0.6648, params={'max_depth': 1, 'learning_rate': 0.05388108577817234, 'min_child_weight': 11, 'subsample': 0.9637281608315128, 'colsample_bytree': 0.7035119926400067, 'gamma': 0.21137059440645725, 'reg_alpha': 6.388511557344611e-06, 'reg_lambda': 0.0004793052550782129}
07:42:52  src.cpcv.tuning  INFO    [tuning] xgboost done in 4.7s — best log_loss=0.6648
07:42:52  src.cpcv.tuning  INFO  Tuning total: 42.2s
07:42:52  src.cpcv.pipeline  INFO      applied random_forest: {'n_estimators': 200, 'max_depth': 3, 'min_samples_leaf': 15, 'max_features': 'log2'}
07:42:52  src.cpcv.pipeline  INFO      applied xgboost: {'max_depth': 1, 'learning_rate': 0.05388108577817234, 'min_child_weight': 11, 'subsample': 0.9637281608315128, 'colsample_bytree': 0.7035119926400067, 'gamma': 0.21137059440645725, 'reg_alpha': 6.388511557344611e-06, 'reg_lambda': 0.0004793052550782129}
07:42:52  src.cpcv.models.tree_models  INFO  RandomForest fitted: 494 samples, 14 features, 200 trees.
07:42:53  src.cpcv.pipeline  INFO    [ 67/168]        random_forest (seed=0) F1=0.434  AUC=0.470  LL=0.7448 (0.6s)
07:42:53  src.cpcv.models.tree_models  INFO  RandomForest fitted: 494 samples, 14 features, 200 trees.
07:42:53  src.cpcv.pipeline  INFO    [ 68/168]        random_forest (seed=1) F1=0.411  AUC=0.462  LL=0.7534 (0.5s)
07:42:54  src.cpcv.models.tree_models  INFO  RandomForest fitted: 494 samples, 14 features, 200 trees.
07:42:54  src.cpcv.pipeline  INFO    [ 69/168]        random_forest (seed=2) F1=0.455  AUC=0.467  LL=0.7440 (0.5s)
07:42:54  src.cpcv.models.tree_models  INFO  XGBoost fitted: 494 samples, early stopped at iteration 49/300.
07:42:54  src.cpcv.pipeline  INFO    [ 70/168]              xgboost (seed=0) F1=0.438  AUC=0.420  LL=0.7384 (0.1s)
07:42:54  src.cpcv.models.tree_models  INFO  XGBoost fitted: 494 samples, early stopped at iteration 50/300.
07:42:54  src.cpcv.pipeline  INFO    [ 71/168]              xgboost (seed=1) F1=0.406  AUC=0.419  LL=0.7346 (0.1s)
07:42:54  src.cpcv.models.tree_models  INFO  XGBoost fitted: 494 samples, early stopped at iteration 55/300.
07:42:54  src.cpcv.pipeline  INFO    [ 72/168]              xgboost (seed=2) F1=0.433  AUC=0.431  LL=0.7372 (0.1s)
07:42:54  src.cpcv.preprocessing  INFO  Computing MDA (Random Forest)...
07:43:19  src.cpcv.preprocessing  INFO  Computing MDA (Logistic Regression)...
07:43:20  src.cpcv.preprocessing  INFO  Multi-model MDA: 39/73 passed (MDA > 0), 34 eliminated
07:43:20  src.cpcv.preprocessing  INFO    Capped at 14 features (top_k_frac=0.2)
07:43:20  src.cpcv.preprocessing  INFO    Selected (14): ['dxy_roc_30', 'eth_btc_ratio', 'jarque_bera', 'kurtosis', 'log_returns_lag3', 'macd_hist', 'nasdaq_ret_30', 'obv', 'oil_ret_14', 'sadf', 'sp500_ret_30', 'williams_r', 'yield_curve_2y10y', 'yz_vol']
07:43:20  src.cpcv.pipeline  INFO    Preprocessing: 14 features selected, train=502 + val=108 + cal=108, test=239
07:43:20  src.cpcv.tuning  INFO  Tuning (2 models) — Optuna TPE + Purged K-Fold (inner: 3 folds, embargo=10 obs)
07:43:20  src.cpcv.tuning  INFO    [tuning] random_forest: 3 purged K-fold splits, 30 Optuna trials (TPE)
07:43:47  src.cpcv.tuning  INFO      random_forest: 14 completed, 16 pruned (of 30 total) — best log_loss=0.6796, params={'n_estimators': 100, 'max_depth': 2, 'min_samples_leaf': 32, 'max_features': 'log2'}
07:43:47  src.cpcv.tuning  INFO    [tuning] random_forest done in 27.0s — best log_loss=0.6796
07:43:47  src.cpcv.tuning  INFO    [tuning] xgboost: 3 purged K-fold splits, 30 Optuna trials (TPE)
07:43:53  src.cpcv.tuning  INFO      xgboost: 19 completed, 11 pruned (of 30 total) — best log_loss=0.6770, params={'max_depth': 2, 'learning_rate': 0.0173501476764208, 'min_child_weight': 14, 'subsample': 0.8506368820223655, 'colsample_bytree': 0.8096361971496496, 'gamma': 0.03180970705344433, 'reg_alpha': 0.010715845537224876, 'reg_lambda': 0.005691361824137141}
07:43:53  src.cpcv.tuning  INFO    [tuning] xgboost done in 5.8s — best log_loss=0.6770
07:43:53  src.cpcv.tuning  INFO  Tuning total: 32.8s
07:43:53  src.cpcv.pipeline  INFO      applied random_forest: {'n_estimators': 100, 'max_depth': 2, 'min_samples_leaf': 32, 'max_features': 'log2'}
07:43:53  src.cpcv.pipeline  INFO      applied xgboost: {'max_depth': 2, 'learning_rate': 0.0173501476764208, 'min_child_weight': 14, 'subsample': 0.8506368820223655, 'colsample_bytree': 0.8096361971496496, 'gamma': 0.03180970705344433, 'reg_alpha': 0.010715845537224876, 'reg_lambda': 0.005691361824137141}
07:43:53  src.cpcv.models.tree_models  INFO  RandomForest fitted: 502 samples, 14 features, 100 trees.
07:43:53  src.cpcv.pipeline  INFO    [ 73/168]        random_forest (seed=0) F1=0.371  AUC=0.462  LL=0.6777 (0.4s)
07:43:53  src.cpcv.models.tree_models  INFO  RandomForest fitted: 502 samples, 14 features, 100 trees.
07:43:53  src.cpcv.pipeline  INFO    [ 74/168]        random_forest (seed=1) F1=0.371  AUC=0.461  LL=0.6843 (0.3s)
07:43:54  src.cpcv.models.tree_models  INFO  RandomForest fitted: 502 samples, 14 features, 100 trees.
07:43:54  src.cpcv.pipeline  INFO    [ 75/168]        random_forest (seed=2) F1=0.371  AUC=0.441  LL=0.6836 (0.3s)
07:43:54  src.cpcv.models.tree_models  INFO  XGBoost fitted: 502 samples, early stopped at iteration 84/300.
07:43:54  src.cpcv.pipeline  INFO    [ 76/168]              xgboost (seed=0) F1=0.371  AUC=0.461  LL=0.6816 (0.1s)
07:43:54  src.cpcv.models.tree_models  INFO  XGBoost fitted: 502 samples, early stopped at iteration 114/300.
07:43:54  src.cpcv.pipeline  INFO    [ 77/168]              xgboost (seed=1) F1=0.371  AUC=0.461  LL=0.6788 (0.1s)
07:43:54  src.cpcv.models.tree_models  INFO  XGBoost fitted: 502 samples, early stopped at iteration 94/300.
07:43:54  src.cpcv.pipeline  INFO    [ 78/168]              xgboost (seed=2) F1=0.371  AUC=0.463  LL=0.6798 (0.1s)
07:43:54  src.cpcv.preprocessing  INFO  Computing MDA (Random Forest)...
07:44:19  src.cpcv.preprocessing  INFO  Computing MDA (Logistic Regression)...
07:44:20  src.cpcv.preprocessing  INFO  Multi-model MDA: 37/73 passed (MDA > 0), 36 eliminated
07:44:20  src.cpcv.preprocessing  INFO    Capped at 14 features (top_k_frac=0.2)
07:44:20  src.cpcv.preprocessing  INFO    Selected (14): ['eth_btc_ratio', 'log_returns_lag2', 'log_returns_lag6', 'macd_hist', 'obv', 'oil_ret_30', 'roc_14', 'sadf', 'silver_ret_30', 'sp500_ret_30', 'stoch_d', 'vol_term_30_90', 'williams_r', 'yield_curve_2y10y']
07:44:20  src.cpcv.pipeline  INFO    Preprocessing: 14 features selected, train=464 + val=99 + cal=100, test=292
07:44:20  src.cpcv.tuning  INFO  Tuning (2 models) — Optuna TPE + Purged K-Fold (inner: 3 folds, embargo=10 obs)
07:44:20  src.cpcv.tuning  INFO    [tuning] random_forest: 3 purged K-fold splits, 30 Optuna trials (TPE)
07:44:57  src.cpcv.tuning  INFO      random_forest: 28 completed, 2 pruned (of 30 total) — best log_loss=0.6814, params={'n_estimators': 150, 'max_depth': 3, 'min_samples_leaf': 15, 'max_features': 'sqrt'}
07:44:57  src.cpcv.tuning  INFO    [tuning] random_forest done in 37.5s — best log_loss=0.6814
07:44:57  src.cpcv.tuning  INFO    [tuning] xgboost: 3 purged K-fold splits, 30 Optuna trials (TPE)
07:45:03  src.cpcv.tuning  INFO      xgboost: 22 completed, 8 pruned (of 30 total) — best log_loss=0.6745, params={'max_depth': 2, 'learning_rate': 0.2925245510532896, 'min_child_weight': 37, 'subsample': 0.8248783613534459, 'colsample_bytree': 0.6684438826334655, 'gamma': 0.07327079769823357, 'reg_alpha': 1.3651831039275493e-08, 'reg_lambda': 0.3526010492819689}
07:45:03  src.cpcv.tuning  INFO    [tuning] xgboost done in 5.0s — best log_loss=0.6745
07:45:03  src.cpcv.tuning  INFO  Tuning total: 42.5s
07:45:03  src.cpcv.pipeline  INFO      applied random_forest: {'n_estimators': 150, 'max_depth': 3, 'min_samples_leaf': 15, 'max_features': 'sqrt'}
07:45:03  src.cpcv.pipeline  INFO      applied xgboost: {'max_depth': 2, 'learning_rate': 0.2925245510532896, 'min_child_weight': 37, 'subsample': 0.8248783613534459, 'colsample_bytree': 0.6684438826334655, 'gamma': 0.07327079769823357, 'reg_alpha': 1.3651831039275493e-08, 'reg_lambda': 0.3526010492819689}
07:45:03  src.cpcv.models.tree_models  INFO  RandomForest fitted: 464 samples, 14 features, 150 trees.
07:45:03  src.cpcv.pipeline  INFO    [ 79/168]        random_forest (seed=0) F1=0.499  AUC=0.531  LL=0.6922 (0.5s)
07:45:03  src.cpcv.models.tree_models  INFO  RandomForest fitted: 464 samples, 14 features, 150 trees.
07:45:03  src.cpcv.pipeline  INFO    [ 80/168]        random_forest (seed=1) F1=0.502  AUC=0.525  LL=0.6909 (0.4s)
07:45:04  src.cpcv.models.tree_models  INFO  RandomForest fitted: 464 samples, 14 features, 150 trees.
07:45:04  src.cpcv.pipeline  INFO    [ 81/168]        random_forest (seed=2) F1=0.498  AUC=0.523  LL=0.6890 (0.4s)
07:45:04  src.cpcv.models.tree_models  INFO  XGBoost fitted: 464 samples, early stopped at iteration 25/300.
07:45:04  src.cpcv.pipeline  INFO    [ 82/168]              xgboost (seed=0) F1=0.490  AUC=0.538  LL=0.6902 (0.1s)
07:45:04  src.cpcv.models.tree_models  INFO  XGBoost fitted: 464 samples, early stopped at iteration 11/300.
07:45:04  src.cpcv.pipeline  INFO    [ 83/168]              xgboost (seed=1) F1=0.479  AUC=0.516  LL=0.6930 (0.0s)
07:45:04  src.cpcv.models.tree_models  INFO  XGBoost fitted: 464 samples, early stopped at iteration 12/300.
07:45:04  src.cpcv.pipeline  INFO    [ 84/168]              xgboost (seed=2) F1=0.465  AUC=0.503  LL=0.6945 (0.0s)
07:45:04  src.cpcv.preprocessing  INFO  Computing MDA (Random Forest)...
07:45:29  src.cpcv.preprocessing  INFO  Computing MDA (Logistic Regression)...
07:45:30  src.cpcv.preprocessing  INFO  Multi-model MDA: 39/73 passed (MDA > 0), 34 eliminated
07:45:30  src.cpcv.preprocessing  INFO    Capped at 14 features (top_k_frac=0.2)
07:45:30  src.cpcv.preprocessing  INFO    Selected (14): ['ema_ratio_20_50', 'eth_btc_ratio', 'issuance_ntv', 'log_returns_lag4', 'mvrv', 'oil_ret_14', 'roc_14', 'skewness', 'sp500_ret_14', 'sp500_ret_30', 'stoch_d', 'us2y', 'yield_curve_10y30y', 'yield_curve_2y10y']
07:45:30  src.cpcv.pipeline  INFO    Preprocessing: 14 features selected, train=455 + val=98 + cal=98, test=292
07:45:30  src.cpcv.tuning  INFO  Tuning (2 models) — Optuna TPE + Purged K-Fold (inner: 3 folds, embargo=10 obs)
07:45:30  src.cpcv.tuning  INFO    [tuning] random_forest: 3 purged K-fold splits, 30 Optuna trials (TPE)
07:46:07  src.cpcv.tuning  INFO      random_forest: 18 completed, 12 pruned (of 30 total) — best log_loss=0.6969, params={'n_estimators': 150, 'max_depth': 2, 'min_samples_leaf': 17, 'max_features': 'log2'}
07:46:07  src.cpcv.tuning  INFO    [tuning] random_forest done in 36.6s — best log_loss=0.6969
07:46:07  src.cpcv.tuning  INFO    [tuning] xgboost: 3 purged K-fold splits, 30 Optuna trials (TPE)
07:46:10  src.cpcv.tuning  INFO      xgboost: 18 completed, 12 pruned (of 30 total) — best log_loss=0.6901, params={'max_depth': 2, 'learning_rate': 0.11741218815204144, 'min_child_weight': 10, 'subsample': 0.9476077563455207, 'colsample_bytree': 0.9361340161837138, 'gamma': 0.23633243436845722, 'reg_alpha': 0.03025262807687508, 'reg_lambda': 0.020071993110896087}
07:46:10  src.cpcv.tuning  INFO    [tuning] xgboost done in 3.3s — best log_loss=0.6901
07:46:10  src.cpcv.tuning  INFO  Tuning total: 39.9s
07:46:10  src.cpcv.pipeline  INFO      applied random_forest: {'n_estimators': 150, 'max_depth': 2, 'min_samples_leaf': 17, 'max_features': 'log2'}
07:46:10  src.cpcv.pipeline  INFO      applied xgboost: {'max_depth': 2, 'learning_rate': 0.11741218815204144, 'min_child_weight': 10, 'subsample': 0.9476077563455207, 'colsample_bytree': 0.9361340161837138, 'gamma': 0.23633243436845722, 'reg_alpha': 0.03025262807687508, 'reg_lambda': 0.020071993110896087}
07:46:10  src.cpcv.models.tree_models  INFO  RandomForest fitted: 455 samples, 14 features, 150 trees.
07:46:11  src.cpcv.pipeline  INFO    [ 85/168]        random_forest (seed=0) F1=0.477  AUC=0.615  LL=0.6890 (0.5s)
07:46:11  src.cpcv.models.tree_models  INFO  RandomForest fitted: 455 samples, 14 features, 150 trees.
07:46:11  src.cpcv.pipeline  INFO    [ 86/168]        random_forest (seed=1) F1=0.437  AUC=0.383  LL=0.7198 (0.4s)
07:46:11  src.cpcv.models.tree_models  INFO  RandomForest fitted: 455 samples, 14 features, 150 trees.
07:46:11  src.cpcv.pipeline  INFO    [ 87/168]        random_forest (seed=2) F1=0.431  AUC=0.392  LL=0.7100 (0.4s)
07:46:11  src.cpcv.models.tree_models  INFO  XGBoost fitted: 455 samples, early stopped at iteration 43/300.
07:46:11  src.cpcv.pipeline  INFO    [ 88/168]              xgboost (seed=0) F1=0.431  AUC=0.408  LL=0.7459 (0.1s)
07:46:11  src.cpcv.models.tree_models  INFO  XGBoost fitted: 455 samples, early stopped at iteration 37/300.
07:46:12  src.cpcv.pipeline  INFO    [ 89/168]              xgboost (seed=1) F1=0.444  AUC=0.399  LL=0.7498 (0.1s)
07:46:12  src.cpcv.models.tree_models  INFO  XGBoost fitted: 455 samples, early stopped at iteration 40/300.
07:46:12  src.cpcv.pipeline  INFO    [ 90/168]              xgboost (seed=2) F1=0.462  AUC=0.410  LL=0.7347 (0.1s)
07:46:12  src.cpcv.preprocessing  INFO  Computing MDA (Random Forest)...
07:46:37  src.cpcv.preprocessing  INFO  Computing MDA (Logistic Regression)...
07:46:38  src.cpcv.preprocessing  INFO  Multi-model MDA: 30/73 passed (MDA > 0), 43 eliminated
07:46:38  src.cpcv.preprocessing  INFO    Capped at 14 features (top_k_frac=0.2)
07:46:38  src.cpcv.preprocessing  INFO    Selected (14): ['ema_ratio_50_200', 'log_returns', 'log_returns_lag2', 'log_returns_lag30', 'log_returns_lag7', 'natgas_ret_14', 'natgas_ret_30', 'rsi', 'skewness', 'sp500_ret_14', 'us10y', 'us2y', 'vix', 'yield_curve_10y30y']
07:46:38  src.cpcv.pipeline  INFO    Preprocessing: 14 features selected, train=455 + val=98 + cal=98, test=292
07:46:38  src.cpcv.tuning  INFO  Tuning (2 models) — Optuna TPE + Purged K-Fold (inner: 3 folds, embargo=10 obs)
07:46:38  src.cpcv.tuning  INFO    [tuning] random_forest: 3 purged K-fold splits, 30 Optuna trials (TPE)
07:47:14  src.cpcv.tuning  INFO      random_forest: 23 completed, 7 pruned (of 30 total) — best log_loss=0.6831, params={'n_estimators': 150, 'max_depth': 3, 'min_samples_leaf': 24, 'max_features': 'sqrt'}
07:47:14  src.cpcv.tuning  INFO    [tuning] random_forest done in 35.7s — best log_loss=0.6831
07:47:14  src.cpcv.tuning  INFO    [tuning] xgboost: 3 purged K-fold splits, 30 Optuna trials (TPE)
07:47:18  src.cpcv.tuning  INFO      xgboost: 16 completed, 14 pruned (of 30 total) — best log_loss=0.6727, params={'max_depth': 2, 'learning_rate': 0.13401400352031906, 'min_child_weight': 20, 'subsample': 0.7632648351136759, 'colsample_bytree': 0.7774258664096698, 'gamma': 0.20993870432003853, 'reg_alpha': 0.0004530781170200396, 'reg_lambda': 0.0028130208641218603}
07:47:18  src.cpcv.tuning  INFO    [tuning] xgboost done in 4.4s — best log_loss=0.6727
07:47:18  src.cpcv.tuning  INFO  Tuning total: 40.1s
07:47:18  src.cpcv.pipeline  INFO      applied random_forest: {'n_estimators': 150, 'max_depth': 3, 'min_samples_leaf': 24, 'max_features': 'sqrt'}
07:47:18  src.cpcv.pipeline  INFO      applied xgboost: {'max_depth': 2, 'learning_rate': 0.13401400352031906, 'min_child_weight': 20, 'subsample': 0.7632648351136759, 'colsample_bytree': 0.7774258664096698, 'gamma': 0.20993870432003853, 'reg_alpha': 0.0004530781170200396, 'reg_lambda': 0.0028130208641218603}
07:47:18  src.cpcv.models.tree_models  INFO  RandomForest fitted: 455 samples, 14 features, 150 trees.
07:47:18  src.cpcv.pipeline  INFO    [ 91/168]        random_forest (seed=0) F1=0.487  AUC=0.556  LL=0.6933 (0.5s)
07:47:19  src.cpcv.models.tree_models  INFO  RandomForest fitted: 455 samples, 14 features, 150 trees.
07:47:19  src.cpcv.pipeline  INFO    [ 92/168]        random_forest (seed=1) F1=0.508  AUC=0.555  LL=0.6916 (0.4s)
07:47:19  src.cpcv.models.tree_models  INFO  RandomForest fitted: 455 samples, 14 features, 150 trees.
07:47:19  src.cpcv.pipeline  INFO    [ 93/168]        random_forest (seed=2) F1=0.522  AUC=0.569  LL=0.6893 (0.4s)
07:47:19  src.cpcv.models.tree_models  INFO  XGBoost fitted: 455 samples, early stopped at iteration 3/300.
07:47:19  src.cpcv.pipeline  INFO    [ 94/168]              xgboost (seed=0) F1=0.324  AUC=0.484  LL=0.6946 (0.0s)
07:47:19  src.cpcv.models.tree_models  INFO  XGBoost fitted: 455 samples, early stopped at iteration 18/300.
07:47:19  src.cpcv.pipeline  INFO    [ 95/168]              xgboost (seed=1) F1=0.492  AUC=0.526  LL=0.6973 (0.1s)
07:47:19  src.cpcv.models.tree_models  INFO  XGBoost fitted: 455 samples, early stopped at iteration 2/300.
07:47:19  src.cpcv.pipeline  INFO    [ 96/168]              xgboost (seed=2) F1=0.519  AUC=0.575  LL=0.6894 (0.0s)
07:47:20  src.cpcv.preprocessing  INFO  Computing MDA (Random Forest)...
07:47:44  src.cpcv.preprocessing  INFO  Computing MDA (Logistic Regression)...
07:47:45  src.cpcv.preprocessing  INFO  Multi-model MDA: 37/73 passed (MDA > 0), 36 eliminated
07:47:45  src.cpcv.preprocessing  INFO    Capped at 14 features (top_k_frac=0.2)
07:47:45  src.cpcv.preprocessing  INFO    Selected (14): ['dxy_roc_30', 'exchange_supply_pct', 'jarque_bera', 'log_returns_lag5', 'log_returns_lag6', 'lz_complexity', 'nasdaq_ret_14', 'nasdaq_ret_30', 'obv', 'oil_ret_14', 'rsi', 'sadf', 'silver_ret_30', 'smt_exp']
07:47:45  src.cpcv.pipeline  INFO    Preprocessing: 14 features selected, train=455 + val=98 + cal=98, test=292
07:47:45  src.cpcv.tuning  INFO  Tuning (2 models) — Optuna TPE + Purged K-Fold (inner: 3 folds, embargo=10 obs)
07:47:45  src.cpcv.tuning  INFO    [tuning] random_forest: 3 purged K-fold splits, 30 Optuna trials (TPE)
07:48:31  src.cpcv.tuning  INFO      random_forest: 30 completed, 0 pruned (of 30 total) — best log_loss=0.6873, params={'n_estimators': 200, 'max_depth': 3, 'min_samples_leaf': 15, 'max_features': 'log2'}
07:48:31  src.cpcv.tuning  INFO    [tuning] random_forest done in 45.7s — best log_loss=0.6873
07:48:31  src.cpcv.tuning  INFO    [tuning] xgboost: 3 purged K-fold splits, 30 Optuna trials (TPE)
07:48:37  src.cpcv.tuning  INFO      xgboost: 27 completed, 3 pruned (of 30 total) — best log_loss=0.6801, params={'max_depth': 2, 'learning_rate': 0.2536999076681772, 'min_child_weight': 40, 'subsample': 0.8394633936788146, 'colsample_bytree': 0.6624074561769746, 'gamma': 0.020511104188433976, 'reg_alpha': 3.3323645788192616e-08, 'reg_lambda': 0.6245760287469893}
07:48:37  src.cpcv.tuning  INFO    [tuning] xgboost done in 5.7s — best log_loss=0.6801
07:48:37  src.cpcv.tuning  INFO  Tuning total: 51.4s
07:48:37  src.cpcv.pipeline  INFO      applied random_forest: {'n_estimators': 200, 'max_depth': 3, 'min_samples_leaf': 15, 'max_features': 'log2'}
07:48:37  src.cpcv.pipeline  INFO      applied xgboost: {'max_depth': 2, 'learning_rate': 0.2536999076681772, 'min_child_weight': 40, 'subsample': 0.8394633936788146, 'colsample_bytree': 0.6624074561769746, 'gamma': 0.020511104188433976, 'reg_alpha': 3.3323645788192616e-08, 'reg_lambda': 0.6245760287469893}
07:48:37  src.cpcv.models.tree_models  INFO  RandomForest fitted: 455 samples, 14 features, 200 trees.
07:48:37  src.cpcv.pipeline  INFO    [ 97/168]        random_forest (seed=0) F1=0.494  AUC=0.539  LL=0.7102 (0.6s)
07:48:37  src.cpcv.models.tree_models  INFO  RandomForest fitted: 455 samples, 14 features, 200 trees.
07:48:38  src.cpcv.pipeline  INFO    [ 98/168]        random_forest (seed=1) F1=0.481  AUC=0.541  LL=0.7154 (0.5s)
07:48:38  src.cpcv.models.tree_models  INFO  RandomForest fitted: 455 samples, 14 features, 200 trees.
07:48:38  src.cpcv.pipeline  INFO    [ 99/168]        random_forest (seed=2) F1=0.511  AUC=0.542  LL=0.7102 (0.5s)
07:48:38  src.cpcv.models.tree_models  INFO  XGBoost fitted: 455 samples, early stopped at iteration 25/300.
07:48:38  src.cpcv.pipeline  INFO    [100/168]              xgboost (seed=0) F1=0.368  AUC=0.531  LL=0.6921 (0.1s)
07:48:38  src.cpcv.models.tree_models  INFO  XGBoost fitted: 455 samples, early stopped at iteration 29/300.
07:48:38  src.cpcv.pipeline  INFO    [101/168]              xgboost (seed=1) F1=0.511  AUC=0.534  LL=0.6910 (0.1s)
07:48:38  src.cpcv.models.tree_models  INFO  XGBoost fitted: 455 samples, early stopped at iteration 43/300.
07:48:38  src.cpcv.pipeline  INFO    [102/168]              xgboost (seed=2) F1=0.519  AUC=0.529  LL=0.6923 (0.1s)
07:48:39  src.cpcv.preprocessing  INFO  Computing MDA (Random Forest)...
07:49:03  src.cpcv.preprocessing  INFO  Computing MDA (Logistic Regression)...
07:49:04  src.cpcv.preprocessing  INFO  Multi-model MDA: 40/73 passed (MDA > 0), 33 eliminated
07:49:04  src.cpcv.preprocessing  INFO    Capped at 14 features (top_k_frac=0.2)
07:49:04  src.cpcv.preprocessing  INFO    Selected (14): ['chaikin_osc', 'dxy_roc_30', 'exchange_supply_pct', 'fee_per_tx', 'gk_vol', 'jarque_bera', 'kurtosis', 'log_returns_lag1', 'macd_hist', 'natgas_ret_30', 'obv', 'roc_14', 'sadf', 'smt_exp']
07:49:04  src.cpcv.pipeline  INFO    Preprocessing: 14 features selected, train=463 + val=99 + cal=100, test=292
07:49:04  src.cpcv.tuning  INFO  Tuning (2 models) — Optuna TPE + Purged K-Fold (inner: 3 folds, embargo=10 obs)
07:49:04  src.cpcv.tuning  INFO    [tuning] random_forest: 3 purged K-fold splits, 30 Optuna trials (TPE)
07:49:39  src.cpcv.tuning  INFO      random_forest: 30 completed, 0 pruned (of 30 total) — best log_loss=0.6820, params={'n_estimators': 100, 'max_depth': 2, 'min_samples_leaf': 36, 'max_features': 'log2'}
07:49:39  src.cpcv.tuning  INFO    [tuning] random_forest done in 34.4s — best log_loss=0.6820
07:49:39  src.cpcv.tuning  INFO    [tuning] xgboost: 3 purged K-fold splits, 30 Optuna trials (TPE)
07:49:44  src.cpcv.tuning  INFO      xgboost: 25 completed, 5 pruned (of 30 total) — best log_loss=0.6652, params={'max_depth': 1, 'learning_rate': 0.06333268775321843, 'min_child_weight': 15, 'subsample': 0.9208787923016158, 'colsample_bytree': 0.6298202574719083, 'gamma': 0.9413993046829938, 'reg_alpha': 0.08916674715636537, 'reg_lambda': 6.143857495033091e-07}
07:49:44  src.cpcv.tuning  INFO    [tuning] xgboost done in 5.7s — best log_loss=0.6652
07:49:44  src.cpcv.tuning  INFO  Tuning total: 40.1s
07:49:44  src.cpcv.pipeline  INFO      applied random_forest: {'n_estimators': 100, 'max_depth': 2, 'min_samples_leaf': 36, 'max_features': 'log2'}
07:49:44  src.cpcv.pipeline  INFO      applied xgboost: {'max_depth': 1, 'learning_rate': 0.06333268775321843, 'min_child_weight': 15, 'subsample': 0.9208787923016158, 'colsample_bytree': 0.6298202574719083, 'gamma': 0.9413993046829938, 'reg_alpha': 0.08916674715636537, 'reg_lambda': 6.143857495033091e-07}
07:49:45  src.cpcv.models.tree_models  INFO  RandomForest fitted: 463 samples, 14 features, 100 trees.
07:49:45  src.cpcv.pipeline  INFO    [103/168]        random_forest (seed=0) F1=0.353  AUC=0.505  LL=0.7185 (0.3s)
07:49:45  src.cpcv.models.tree_models  INFO  RandomForest fitted: 463 samples, 14 features, 100 trees.
07:49:45  src.cpcv.pipeline  INFO    [104/168]        random_forest (seed=1) F1=0.338  AUC=0.490  LL=0.7186 (0.3s)
07:49:45  src.cpcv.models.tree_models  INFO  RandomForest fitted: 463 samples, 14 features, 100 trees.
07:49:45  src.cpcv.pipeline  INFO    [105/168]        random_forest (seed=2) F1=0.344  AUC=0.516  LL=0.7152 (0.3s)
07:49:45  src.cpcv.models.tree_models  INFO  XGBoost fitted: 463 samples, early stopped at iteration 77/300.
07:49:45  src.cpcv.pipeline  INFO    [106/168]              xgboost (seed=0) F1=0.354  AUC=0.509  LL=0.7215 (0.1s)
07:49:45  src.cpcv.models.tree_models  INFO  XGBoost fitted: 463 samples, early stopped at iteration 26/300.
07:49:45  src.cpcv.pipeline  INFO    [107/168]              xgboost (seed=1) F1=0.339  AUC=0.490  LL=0.7144 (0.1s)
07:49:45  src.cpcv.models.tree_models  INFO  XGBoost fitted: 463 samples, early stopped at iteration 120/300.
07:49:45  src.cpcv.pipeline  INFO    [108/168]              xgboost (seed=2) F1=0.353  AUC=0.500  LL=0.7266 (0.1s)
07:49:46  src.cpcv.preprocessing  INFO  Computing MDA (Random Forest)...
07:50:10  src.cpcv.preprocessing  INFO  Computing MDA (Logistic Regression)...
07:50:11  src.cpcv.preprocessing  INFO  Multi-model MDA: 39/73 passed (MDA > 0), 34 eliminated
07:50:11  src.cpcv.preprocessing  INFO    Capped at 14 features (top_k_frac=0.2)
07:50:11  src.cpcv.preprocessing  INFO    Selected (14): ['copper_ret_14', 'eth_btc_ratio', 'kurtosis', 'log_returns_lag14', 'log_returns_lag2', 'log_returns_lag3', 'log_returns_lag7', 'lz_complexity', 'natgas_ret_30', 'oil_ret_14', 'rsi', 'skewness', 'smt_poly1', 'sp500_ret_30']
07:50:11  src.cpcv.pipeline  INFO    Preprocessing: 14 features selected, train=465 + val=100 + cal=100, test=292
07:50:11  src.cpcv.tuning  INFO  Tuning (2 models) — Optuna TPE + Purged K-Fold (inner: 3 folds, embargo=10 obs)
07:50:11  src.cpcv.tuning  INFO    [tuning] random_forest: 3 purged K-fold splits, 30 Optuna trials (TPE)
07:50:52  src.cpcv.tuning  INFO      random_forest: 18 completed, 12 pruned (of 30 total) — best log_loss=0.6890, params={'n_estimators': 250, 'max_depth': 2, 'min_samples_leaf': 26, 'max_features': 'log2'}
07:50:52  src.cpcv.tuning  INFO    [tuning] random_forest done in 40.8s — best log_loss=0.6890
07:50:52  src.cpcv.tuning  INFO    [tuning] xgboost: 3 purged K-fold splits, 30 Optuna trials (TPE)
07:50:56  src.cpcv.tuning  INFO      xgboost: 15 completed, 15 pruned (of 30 total) — best log_loss=0.6837, params={'max_depth': 1, 'learning_rate': 0.1187151277900057, 'min_child_weight': 13, 'subsample': 0.8470040423786364, 'colsample_bytree': 0.6023414518865325, 'gamma': 0.12978117922572416, 'reg_alpha': 0.0008849299239384577, 'reg_lambda': 0.004051311558496045}
07:50:56  src.cpcv.tuning  INFO    [tuning] xgboost done in 3.4s — best log_loss=0.6837
07:50:56  src.cpcv.tuning  INFO  Tuning total: 44.3s
07:50:56  src.cpcv.pipeline  INFO      applied random_forest: {'n_estimators': 250, 'max_depth': 2, 'min_samples_leaf': 26, 'max_features': 'log2'}
07:50:56  src.cpcv.pipeline  INFO      applied xgboost: {'max_depth': 1, 'learning_rate': 0.1187151277900057, 'min_child_weight': 13, 'subsample': 0.8470040423786364, 'colsample_bytree': 0.6023414518865325, 'gamma': 0.12978117922572416, 'reg_alpha': 0.0008849299239384577, 'reg_lambda': 0.004051311558496045}
07:50:56  src.cpcv.models.tree_models  INFO  RandomForest fitted: 465 samples, 14 features, 250 trees.
07:50:56  src.cpcv.pipeline  INFO    [109/168]        random_forest (seed=0) F1=0.602  AUC=0.602  LL=0.6828 (0.7s)
07:50:57  src.cpcv.models.tree_models  INFO  RandomForest fitted: 465 samples, 14 features, 250 trees.
07:50:57  src.cpcv.pipeline  INFO    [110/168]        random_forest (seed=1) F1=0.526  AUC=0.580  LL=0.6931 (0.6s)
07:50:58  src.cpcv.models.tree_models  INFO  RandomForest fitted: 465 samples, 14 features, 250 trees.
07:50:58  src.cpcv.pipeline  INFO    [111/168]        random_forest (seed=2) F1=0.565  AUC=0.585  LL=0.6919 (0.6s)
07:50:58  src.cpcv.models.tree_models  INFO  XGBoost fitted: 465 samples, early stopped at iteration 2/300.
07:50:58  src.cpcv.pipeline  INFO    [112/168]              xgboost (seed=0) F1=0.507  AUC=0.533  LL=0.6892 (0.0s)
07:50:58  src.cpcv.models.tree_models  INFO  XGBoost fitted: 465 samples, early stopped at iteration 1/300.
07:50:58  src.cpcv.pipeline  INFO    [113/168]              xgboost (seed=1) F1=0.296  AUC=0.494  LL=0.6938 (0.0s)
07:50:58  src.cpcv.models.tree_models  INFO  XGBoost fitted: 465 samples, early stopped at iteration 3/300.
07:50:58  src.cpcv.pipeline  INFO    [114/168]              xgboost (seed=2) F1=0.296  AUC=0.429  LL=0.6938 (0.0s)
07:50:58  src.cpcv.preprocessing  INFO  Computing MDA (Random Forest)...
07:51:23  src.cpcv.preprocessing  INFO  Computing MDA (Logistic Regression)...
07:51:24  src.cpcv.preprocessing  INFO  Multi-model MDA: 38/73 passed (MDA > 0), 35 eliminated
07:51:24  src.cpcv.preprocessing  INFO    Capped at 14 features (top_k_frac=0.2)
07:51:24  src.cpcv.preprocessing  INFO    Selected (14): ['ema_ratio_20_50', 'log_returns_lag30', 'log_returns_lag5', 'log_returns_lag6', 'log_returns_lag7', 'mvrv', 'net_exchange_flow', 'oil_ret_14', 'silver_ret_14', 'skewness', 'sp500_ret_14', 'us10y', 'variance_ratio', 'vix']
07:51:24  src.cpcv.pipeline  INFO    Preprocessing: 14 features selected, train=457 + val=98 + cal=98, test=292
07:51:24  src.cpcv.tuning  INFO  Tuning (2 models) — Optuna TPE + Purged K-Fold (inner: 3 folds, embargo=10 obs)
07:51:24  src.cpcv.tuning  INFO    [tuning] random_forest: 3 purged K-fold splits, 30 Optuna trials (TPE)
07:52:02  src.cpcv.tuning  INFO      random_forest: 17 completed, 13 pruned (of 30 total) — best log_loss=0.6808, params={'n_estimators': 250, 'max_depth': 3, 'min_samples_leaf': 15, 'max_features': 'log2'}
07:52:02  src.cpcv.tuning  INFO    [tuning] random_forest done in 38.0s — best log_loss=0.6808
07:52:03  src.cpcv.tuning  INFO    [tuning] xgboost: 3 purged K-fold splits, 30 Optuna trials (TPE)
07:52:06  src.cpcv.tuning  INFO      xgboost: 13 completed, 17 pruned (of 30 total) — best log_loss=0.6796, params={'max_depth': 1, 'learning_rate': 0.05388108577817234, 'min_child_weight': 11, 'subsample': 0.9637281608315128, 'colsample_bytree': 0.7035119926400067, 'gamma': 0.21137059440645725, 'reg_alpha': 6.388511557344611e-06, 'reg_lambda': 0.0004793052550782129}
07:52:06  src.cpcv.tuning  INFO    [tuning] xgboost done in 3.3s — best log_loss=0.6796
07:52:06  src.cpcv.tuning  INFO  Tuning total: 41.4s
07:52:06  src.cpcv.pipeline  INFO      applied random_forest: {'n_estimators': 250, 'max_depth': 3, 'min_samples_leaf': 15, 'max_features': 'log2'}
07:52:06  src.cpcv.pipeline  INFO      applied xgboost: {'max_depth': 1, 'learning_rate': 0.05388108577817234, 'min_child_weight': 11, 'subsample': 0.9637281608315128, 'colsample_bytree': 0.7035119926400067, 'gamma': 0.21137059440645725, 'reg_alpha': 6.388511557344611e-06, 'reg_lambda': 0.0004793052550782129}
07:52:06  src.cpcv.models.tree_models  INFO  RandomForest fitted: 457 samples, 14 features, 250 trees.
07:52:06  src.cpcv.pipeline  INFO    [115/168]        random_forest (seed=0) F1=0.538  AUC=0.544  LL=0.7165 (0.7s)
07:52:07  src.cpcv.models.tree_models  INFO  RandomForest fitted: 457 samples, 14 features, 250 trees.
07:52:07  src.cpcv.pipeline  INFO    [116/168]        random_forest (seed=1) F1=0.521  AUC=0.538  LL=0.7198 (0.6s)
07:52:08  src.cpcv.models.tree_models  INFO  RandomForest fitted: 457 samples, 14 features, 250 trees.
07:52:08  src.cpcv.pipeline  INFO    [117/168]        random_forest (seed=2) F1=0.526  AUC=0.541  LL=0.7110 (0.6s)
07:52:08  src.cpcv.models.tree_models  INFO  XGBoost fitted: 457 samples, early stopped at iteration 0/300.
07:52:08  src.cpcv.pipeline  INFO    [118/168]              xgboost (seed=0) F1=0.541  AUC=0.543  LL=0.7318 (0.0s)
07:52:08  src.cpcv.models.tree_models  INFO  XGBoost fitted: 457 samples, early stopped at iteration 0/300.
07:52:08  src.cpcv.pipeline  INFO    [119/168]              xgboost (seed=1) F1=0.541  AUC=0.543  LL=0.7318 (0.0s)
07:52:08  src.cpcv.models.tree_models  INFO  XGBoost fitted: 457 samples, early stopped at iteration 0/300.
07:52:08  src.cpcv.pipeline  INFO    [120/168]              xgboost (seed=2) F1=0.541  AUC=0.543  LL=0.7318 (0.0s)
07:52:08  src.cpcv.preprocessing  INFO  Computing MDA (Random Forest)...
07:52:33  src.cpcv.preprocessing  INFO  Computing MDA (Logistic Regression)...
07:52:34  src.cpcv.preprocessing  INFO  Multi-model MDA: 37/73 passed (MDA > 0), 36 eliminated
07:52:34  src.cpcv.preprocessing  INFO    Capped at 14 features (top_k_frac=0.2)
07:52:34  src.cpcv.preprocessing  INFO    Selected (14): ['eth_btc_ratio', 'gold_ret_30', 'kurtosis', 'log_returns_lag3', 'log_returns_lag6', 'log_returns_lag7', 'macd_hist', 'realized_vol', 'silver_ret_30', 'sp500_ret_30', 'stoch_k', 'variance_ratio', 'williams_r', 'yield_curve_2y10y']
07:52:34  src.cpcv.pipeline  INFO    Preprocessing: 14 features selected, train=457 + val=98 + cal=98, test=292
07:52:34  src.cpcv.tuning  INFO  Tuning (2 models) — Optuna TPE + Purged K-Fold (inner: 3 folds, embargo=10 obs)
07:52:34  src.cpcv.tuning  INFO    [tuning] random_forest: 3 purged K-fold splits, 30 Optuna trials (TPE)
07:53:16  src.cpcv.tuning  INFO      random_forest: 20 completed, 10 pruned (of 30 total) — best log_loss=0.6724, params={'n_estimators': 250, 'max_depth': 3, 'min_samples_leaf': 17, 'max_features': 'sqrt'}
07:53:16  src.cpcv.tuning  INFO    [tuning] random_forest done in 42.3s — best log_loss=0.6724
07:53:16  src.cpcv.tuning  INFO    [tuning] xgboost: 3 purged K-fold splits, 30 Optuna trials (TPE)
07:53:21  src.cpcv.tuning  INFO      xgboost: 17 completed, 13 pruned (of 30 total) — best log_loss=0.6620, params={'max_depth': 2, 'learning_rate': 0.07514453212002577, 'min_child_weight': 14, 'subsample': 0.6469777700571244, 'colsample_bytree': 0.8105178454309602, 'gamma': 0.010331974118868124, 'reg_alpha': 0.007004637440723065, 'reg_lambda': 8.30631578704971e-08}
07:53:21  src.cpcv.tuning  INFO    [tuning] xgboost done in 5.1s — best log_loss=0.6620
07:53:21  src.cpcv.tuning  INFO  Tuning total: 47.4s
07:53:21  src.cpcv.pipeline  INFO      applied random_forest: {'n_estimators': 250, 'max_depth': 3, 'min_samples_leaf': 17, 'max_features': 'sqrt'}
07:53:21  src.cpcv.pipeline  INFO      applied xgboost: {'max_depth': 2, 'learning_rate': 0.07514453212002577, 'min_child_weight': 14, 'subsample': 0.6469777700571244, 'colsample_bytree': 0.8105178454309602, 'gamma': 0.010331974118868124, 'reg_alpha': 0.007004637440723065, 'reg_lambda': 8.30631578704971e-08}
07:53:22  src.cpcv.models.tree_models  INFO  RandomForest fitted: 457 samples, 14 features, 250 trees.
07:53:22  src.cpcv.pipeline  INFO    [121/168]        random_forest (seed=0) F1=0.442  AUC=0.475  LL=0.7306 (0.7s)
07:53:22  src.cpcv.models.tree_models  INFO  RandomForest fitted: 457 samples, 14 features, 250 trees.
07:53:23  src.cpcv.pipeline  INFO    [122/168]        random_forest (seed=1) F1=0.469  AUC=0.476  LL=0.7335 (0.7s)
07:53:23  src.cpcv.models.tree_models  INFO  RandomForest fitted: 457 samples, 14 features, 250 trees.
07:53:23  src.cpcv.pipeline  INFO    [123/168]        random_forest (seed=2) F1=0.447  AUC=0.471  LL=0.7315 (0.7s)
07:53:23  src.cpcv.models.tree_models  INFO  XGBoost fitted: 457 samples, early stopped at iteration 49/300.
07:53:23  src.cpcv.pipeline  INFO    [124/168]              xgboost (seed=0) F1=0.438  AUC=0.474  LL=0.7001 (0.1s)
07:53:23  src.cpcv.models.tree_models  INFO  XGBoost fitted: 457 samples, early stopped at iteration 19/300.
07:53:23  src.cpcv.pipeline  INFO    [125/168]              xgboost (seed=1) F1=0.516  AUC=0.538  LL=0.6881 (0.1s)
07:53:24  src.cpcv.models.tree_models  INFO  XGBoost fitted: 457 samples, early stopped at iteration 135/300.
07:53:24  src.cpcv.pipeline  INFO    [126/168]              xgboost (seed=2) F1=0.357  AUC=0.527  LL=0.6903 (0.1s)
07:53:24  src.cpcv.preprocessing  INFO  Computing MDA (Random Forest)...
07:53:48  src.cpcv.preprocessing  INFO  Computing MDA (Logistic Regression)...
07:53:49  src.cpcv.preprocessing  INFO  Multi-model MDA: 38/73 passed (MDA > 0), 35 eliminated
07:53:49  src.cpcv.preprocessing  INFO    Capped at 14 features (top_k_frac=0.2)
07:53:49  src.cpcv.preprocessing  INFO    Selected (14): ['active_addr_roc_14', 'bb_width', 'copper_ret_30', 'eth_btc_ratio', 'exchange_supply_pct', 'log_returns_lag1', 'log_returns_lag5', 'log_returns_lag6', 'oil_ret_14', 'silver_ret_30', 'smt_poly1', 'sp500_ret_30', 'yield_curve_10y30y', 'yz_vol']
07:53:49  src.cpcv.pipeline  INFO    Preprocessing: 14 features selected, train=464 + val=100 + cal=100, test=292
07:53:49  src.cpcv.tuning  INFO  Tuning (2 models) — Optuna TPE + Purged K-Fold (inner: 3 folds, embargo=10 obs)
07:53:49  src.cpcv.tuning  INFO    [tuning] random_forest: 3 purged K-fold splits, 30 Optuna trials (TPE)
07:54:21  src.cpcv.tuning  INFO      random_forest: 19 completed, 11 pruned (of 30 total) — best log_loss=0.6676, params={'n_estimators': 100, 'max_depth': 4, 'min_samples_leaf': 19, 'max_features': 'sqrt'}
07:54:21  src.cpcv.tuning  INFO    [tuning] random_forest done in 31.2s — best log_loss=0.6676
07:54:21  src.cpcv.tuning  INFO    [tuning] xgboost: 3 purged K-fold splits, 30 Optuna trials (TPE)
07:54:27  src.cpcv.tuning  INFO      xgboost: 24 completed, 6 pruned (of 30 total) — best log_loss=0.6581, params={'max_depth': 2, 'learning_rate': 0.16078214997697196, 'min_child_weight': 23, 'subsample': 0.8611719000163913, 'colsample_bytree': 0.7886369489536518, 'gamma': 0.13151583258187696, 'reg_alpha': 0.0008635533556226491, 'reg_lambda': 8.247163212250302e-07}
07:54:27  src.cpcv.tuning  INFO    [tuning] xgboost done in 6.0s — best log_loss=0.6581
07:54:27  src.cpcv.tuning  INFO  Tuning total: 37.2s
07:54:27  src.cpcv.pipeline  INFO      applied random_forest: {'n_estimators': 100, 'max_depth': 4, 'min_samples_leaf': 19, 'max_features': 'sqrt'}
07:54:27  src.cpcv.pipeline  INFO      applied xgboost: {'max_depth': 2, 'learning_rate': 0.16078214997697196, 'min_child_weight': 23, 'subsample': 0.8611719000163913, 'colsample_bytree': 0.7886369489536518, 'gamma': 0.13151583258187696, 'reg_alpha': 0.0008635533556226491, 'reg_lambda': 8.247163212250302e-07}
07:54:27  src.cpcv.models.tree_models  INFO  RandomForest fitted: 464 samples, 14 features, 100 trees.
07:54:27  src.cpcv.pipeline  INFO    [127/168]        random_forest (seed=0) F1=0.357  AUC=0.477  LL=0.7056 (0.5s)
07:54:27  src.cpcv.models.tree_models  INFO  RandomForest fitted: 464 samples, 14 features, 100 trees.
07:54:27  src.cpcv.pipeline  INFO    [128/168]        random_forest (seed=1) F1=0.357  AUC=0.537  LL=0.6917 (0.4s)
07:54:28  src.cpcv.models.tree_models  INFO  RandomForest fitted: 464 samples, 14 features, 100 trees.
07:54:28  src.cpcv.pipeline  INFO    [129/168]        random_forest (seed=2) F1=0.430  AUC=0.523  LL=0.6875 (0.3s)
07:54:28  src.cpcv.models.tree_models  INFO  XGBoost fitted: 464 samples, early stopped at iteration 57/300.
07:54:28  src.cpcv.pipeline  INFO    [130/168]              xgboost (seed=0) F1=0.357  AUC=0.518  LL=0.7023 (0.1s)
07:54:28  src.cpcv.models.tree_models  INFO  XGBoost fitted: 464 samples, early stopped at iteration 40/300.
07:54:28  src.cpcv.pipeline  INFO    [131/168]              xgboost (seed=1) F1=0.357  AUC=0.530  LL=0.6954 (0.1s)
07:54:28  src.cpcv.models.tree_models  INFO  XGBoost fitted: 464 samples, early stopped at iteration 34/300.
07:54:28  src.cpcv.pipeline  INFO    [132/168]              xgboost (seed=2) F1=0.355  AUC=0.480  LL=0.6926 (0.1s)
07:54:28  src.cpcv.preprocessing  INFO  Computing MDA (Random Forest)...
07:54:53  src.cpcv.preprocessing  INFO  Computing MDA (Logistic Regression)...
07:54:54  src.cpcv.preprocessing  INFO  Multi-model MDA: 38/73 passed (MDA > 0), 35 eliminated
07:54:54  src.cpcv.preprocessing  INFO    Capped at 14 features (top_k_frac=0.2)
07:54:54  src.cpcv.preprocessing  INFO    Selected (14): ['cci_14', 'ema_ratio_20_50', 'fee_per_tx', 'log_returns_lag2', 'log_returns_lag5', 'log_returns_lag6', 'macd', 'macd_hist', 'mfi_14', 'net_exchange_flow', 'obv', 'sadf', 'smt_exp', 'vol_term_30_90']
07:54:54  src.cpcv.pipeline  INFO    Preprocessing: 14 features selected, train=465 + val=100 + cal=100, test=292
07:54:54  src.cpcv.tuning  INFO  Tuning (2 models) — Optuna TPE + Purged K-Fold (inner: 3 folds, embargo=10 obs)
07:54:54  src.cpcv.tuning  INFO    [tuning] random_forest: 3 purged K-fold splits, 30 Optuna trials (TPE)
07:55:35  src.cpcv.tuning  INFO      random_forest: 29 completed, 1 pruned (of 30 total) — best log_loss=0.6922, params={'n_estimators': 200, 'max_depth': 2, 'min_samples_leaf': 40, 'max_features': 'log2'}
07:55:35  src.cpcv.tuning  INFO    [tuning] random_forest done in 41.6s — best log_loss=0.6922
07:55:36  src.cpcv.tuning  INFO    [tuning] xgboost: 3 purged K-fold splits, 30 Optuna trials (TPE)
07:55:39  src.cpcv.tuning  INFO      xgboost: 15 completed, 15 pruned (of 30 total) — best log_loss=0.6823, params={'max_depth': 3, 'learning_rate': 0.2929265022359419, 'min_child_weight': 43, 'subsample': 0.847032592153181, 'colsample_bytree': 0.7230159735959386, 'gamma': 0.022296976017210243, 'reg_alpha': 8.616003178007054e-07, 'reg_lambda': 1.493656852319989e-06}
07:55:39  src.cpcv.tuning  INFO    [tuning] xgboost done in 3.2s — best log_loss=0.6823
07:55:39  src.cpcv.tuning  INFO  Tuning total: 44.8s
07:55:39  src.cpcv.pipeline  INFO      applied random_forest: {'n_estimators': 200, 'max_depth': 2, 'min_samples_leaf': 40, 'max_features': 'log2'}
07:55:39  src.cpcv.pipeline  INFO      applied xgboost: {'max_depth': 3, 'learning_rate': 0.2929265022359419, 'min_child_weight': 43, 'subsample': 0.847032592153181, 'colsample_bytree': 0.7230159735959386, 'gamma': 0.022296976017210243, 'reg_alpha': 8.616003178007054e-07, 'reg_lambda': 1.493656852319989e-06}
07:55:39  src.cpcv.models.tree_models  INFO  RandomForest fitted: 465 samples, 14 features, 200 trees.
07:55:39  src.cpcv.pipeline  INFO    [133/168]        random_forest (seed=0) F1=0.496  AUC=0.520  LL=0.6905 (0.6s)
07:55:40  src.cpcv.models.tree_models  INFO  RandomForest fitted: 465 samples, 14 features, 200 trees.
07:55:40  src.cpcv.pipeline  INFO    [134/168]        random_forest (seed=1) F1=0.498  AUC=0.526  LL=0.6910 (0.5s)
07:55:40  src.cpcv.models.tree_models  INFO  RandomForest fitted: 465 samples, 14 features, 200 trees.
07:55:40  src.cpcv.pipeline  INFO    [135/168]        random_forest (seed=2) F1=0.473  AUC=0.524  LL=0.6913 (0.5s)
07:55:40  src.cpcv.models.tree_models  INFO  XGBoost fitted: 465 samples, early stopped at iteration 0/300.
07:55:40  src.cpcv.pipeline  INFO    [136/168]              xgboost (seed=0) F1=0.484  AUC=0.484  LL=0.6980 (0.0s)
07:55:40  src.cpcv.models.tree_models  INFO  XGBoost fitted: 465 samples, early stopped at iteration 2/300.
07:55:40  src.cpcv.pipeline  INFO    [137/168]              xgboost (seed=1) F1=0.501  AUC=0.535  LL=0.6910 (0.0s)
07:55:40  src.cpcv.models.tree_models  INFO  XGBoost fitted: 465 samples, early stopped at iteration 0/300.
07:55:40  src.cpcv.pipeline  INFO    [138/168]              xgboost (seed=2) F1=0.484  AUC=0.485  LL=0.6974 (0.0s)
07:55:41  src.cpcv.preprocessing  INFO  Computing MDA (Random Forest)...
07:56:05  src.cpcv.preprocessing  INFO  Computing MDA (Logistic Regression)...
07:56:07  src.cpcv.preprocessing  INFO  Multi-model MDA: 40/73 passed (MDA > 0), 33 eliminated
07:56:07  src.cpcv.preprocessing  INFO    Capped at 14 features (top_k_frac=0.2)
07:56:07  src.cpcv.preprocessing  INFO    Selected (14): ['bb_width', 'eth_btc_ratio', 'gk_vol', 'gold_ret_30', 'hashrate_roc_30', 'hurst', 'log_returns_lag1', 'log_returns_lag21', 'log_returns_lag4', 'log_returns_lag6', 'nasdaq_ret_14', 'silver_ret_30', 'smt_poly1', 'yield_curve_10y30y']
07:56:07  src.cpcv.pipeline  INFO    Preprocessing: 14 features selected, train=457 + val=98 + cal=98, test=292
07:56:07  src.cpcv.tuning  INFO  Tuning (2 models) — Optuna TPE + Purged K-Fold (inner: 3 folds, embargo=10 obs)
07:56:07  src.cpcv.tuning  INFO    [tuning] random_forest: 3 purged K-fold splits, 30 Optuna trials (TPE)
07:56:49  src.cpcv.tuning  INFO      random_forest: 29 completed, 1 pruned (of 30 total) — best log_loss=0.6701, params={'n_estimators': 150, 'max_depth': 5, 'min_samples_leaf': 22, 'max_features': 'log2'}
07:56:49  src.cpcv.tuning  INFO    [tuning] random_forest done in 42.8s — best log_loss=0.6701
07:56:49  src.cpcv.tuning  INFO    [tuning] xgboost: 3 purged K-fold splits, 30 Optuna trials (TPE)
07:56:56  src.cpcv.tuning  INFO      xgboost: 14 completed, 16 pruned (of 30 total) — best log_loss=0.6700, params={'max_depth': 1, 'learning_rate': 0.27453851664801854, 'min_child_weight': 22, 'subsample': 0.6939607271543884, 'colsample_bytree': 0.6477639824328912, 'gamma': 0.05550225253549277, 'reg_alpha': 9.111367082657967e-08, 'reg_lambda': 0.33748285468946615}
07:56:56  src.cpcv.tuning  INFO    [tuning] xgboost done in 6.2s — best log_loss=0.6700
07:56:56  src.cpcv.tuning  INFO  Tuning total: 49.0s
07:56:56  src.cpcv.pipeline  INFO      applied random_forest: {'n_estimators': 150, 'max_depth': 5, 'min_samples_leaf': 22, 'max_features': 'log2'}
07:56:56  src.cpcv.pipeline  INFO      applied xgboost: {'max_depth': 1, 'learning_rate': 0.27453851664801854, 'min_child_weight': 22, 'subsample': 0.6939607271543884, 'colsample_bytree': 0.6477639824328912, 'gamma': 0.05550225253549277, 'reg_alpha': 9.111367082657967e-08, 'reg_lambda': 0.33748285468946615}
07:56:56  src.cpcv.models.tree_models  INFO  RandomForest fitted: 457 samples, 14 features, 150 trees.
07:56:56  src.cpcv.pipeline  INFO    [139/168]        random_forest (seed=0) F1=0.369  AUC=0.498  LL=0.6894 (0.5s)
07:56:56  src.cpcv.models.tree_models  INFO  RandomForest fitted: 457 samples, 14 features, 150 trees.
07:56:57  src.cpcv.pipeline  INFO    [140/168]        random_forest (seed=1) F1=0.464  AUC=0.490  LL=0.6913 (0.4s)
07:56:57  src.cpcv.models.tree_models  INFO  RandomForest fitted: 457 samples, 14 features, 150 trees.
07:56:57  src.cpcv.pipeline  INFO    [141/168]        random_forest (seed=2) F1=0.485  AUC=0.497  LL=0.6916 (0.4s)
07:56:57  src.cpcv.models.tree_models  INFO  XGBoost fitted: 457 samples, early stopped at iteration 22/300.
07:56:57  src.cpcv.pipeline  INFO    [142/168]              xgboost (seed=0) F1=0.488  AUC=0.494  LL=0.7099 (0.0s)
07:56:57  src.cpcv.models.tree_models  INFO  XGBoost fitted: 457 samples, early stopped at iteration 15/300.
07:56:57  src.cpcv.pipeline  INFO    [143/168]              xgboost (seed=1) F1=0.483  AUC=0.478  LL=0.7060 (0.0s)
07:56:57  src.cpcv.models.tree_models  INFO  XGBoost fitted: 457 samples, early stopped at iteration 28/300.
07:56:57  src.cpcv.pipeline  INFO    [144/168]              xgboost (seed=2) F1=0.480  AUC=0.494  LL=0.6993 (0.1s)
07:56:57  src.cpcv.preprocessing  INFO  Computing MDA (Random Forest)...
07:57:22  src.cpcv.preprocessing  INFO  Computing MDA (Logistic Regression)...
07:57:23  src.cpcv.preprocessing  INFO  Multi-model MDA: 41/73 passed (MDA > 0), 32 eliminated
07:57:23  src.cpcv.preprocessing  INFO    Capped at 14 features (top_k_frac=0.2)
07:57:23  src.cpcv.preprocessing  INFO    Selected (14): ['ema_ratio_50_200', 'gk_vol', 'log_returns_lag1', 'log_returns_lag14', 'log_returns_lag21', 'log_returns_lag3', 'log_returns_lag30', 'log_returns_lag4', 'nasdaq_ret_30', 'realized_vol', 'silver_ret_30', 'smt_poly1', 'tx_count_roc_14', 'vol_term_7_30']
07:57:23  src.cpcv.pipeline  INFO    Preprocessing: 14 features selected, train=464 + val=100 + cal=100, test=292
07:57:23  src.cpcv.tuning  INFO  Tuning (2 models) — Optuna TPE + Purged K-Fold (inner: 3 folds, embargo=10 obs)
07:57:23  src.cpcv.tuning  INFO    [tuning] random_forest: 3 purged K-fold splits, 30 Optuna trials (TPE)
07:57:57  src.cpcv.tuning  INFO      random_forest: 29 completed, 1 pruned (of 30 total) — best log_loss=0.6879, params={'n_estimators': 100, 'max_depth': 3, 'min_samples_leaf': 30, 'max_features': 'sqrt'}
07:57:57  src.cpcv.tuning  INFO    [tuning] random_forest done in 33.9s — best log_loss=0.6879
07:57:57  src.cpcv.tuning  INFO    [tuning] xgboost: 3 purged K-fold splits, 30 Optuna trials (TPE)
07:58:01  src.cpcv.tuning  INFO      xgboost: 26 completed, 4 pruned (of 30 total) — best log_loss=0.6821, params={'max_depth': 3, 'learning_rate': 0.13437958884435458, 'min_child_weight': 25, 'subsample': 0.9518003183552279, 'colsample_bytree': 0.7727431143998708, 'gamma': 0.2685722374046279, 'reg_alpha': 3.8180203637824014e-05, 'reg_lambda': 0.2041475808495035}
07:58:01  src.cpcv.tuning  INFO    [tuning] xgboost done in 3.9s — best log_loss=0.6821
07:58:01  src.cpcv.tuning  INFO  Tuning total: 37.8s
07:58:01  src.cpcv.pipeline  INFO      applied random_forest: {'n_estimators': 100, 'max_depth': 3, 'min_samples_leaf': 30, 'max_features': 'sqrt'}
07:58:01  src.cpcv.pipeline  INFO      applied xgboost: {'max_depth': 3, 'learning_rate': 0.13437958884435458, 'min_child_weight': 25, 'subsample': 0.9518003183552279, 'colsample_bytree': 0.7727431143998708, 'gamma': 0.2685722374046279, 'reg_alpha': 3.8180203637824014e-05, 'reg_lambda': 0.2041475808495035}
07:58:01  src.cpcv.models.tree_models  INFO  RandomForest fitted: 464 samples, 14 features, 100 trees.
07:58:01  src.cpcv.pipeline  INFO    [145/168]        random_forest (seed=0) F1=0.369  AUC=0.487  LL=0.6800 (0.3s)
07:58:01  src.cpcv.models.tree_models  INFO  RandomForest fitted: 464 samples, 14 features, 100 trees.
07:58:01  src.cpcv.pipeline  INFO    [146/168]        random_forest (seed=1) F1=0.369  AUC=0.492  LL=0.6827 (0.3s)
07:58:02  src.cpcv.models.tree_models  INFO  RandomForest fitted: 464 samples, 14 features, 100 trees.
07:58:02  src.cpcv.pipeline  INFO    [147/168]        random_forest (seed=2) F1=0.369  AUC=0.493  LL=0.6828 (0.3s)
07:58:02  src.cpcv.models.tree_models  INFO  XGBoost fitted: 464 samples, early stopped at iteration 48/300.
07:58:02  src.cpcv.pipeline  INFO    [148/168]              xgboost (seed=0) F1=0.369  AUC=0.479  LL=0.6943 (0.1s)
07:58:02  src.cpcv.models.tree_models  INFO  XGBoost fitted: 464 samples, early stopped at iteration 49/300.
07:58:02  src.cpcv.pipeline  INFO    [149/168]              xgboost (seed=1) F1=0.369  AUC=0.493  LL=0.6838 (0.1s)
07:58:02  src.cpcv.models.tree_models  INFO  XGBoost fitted: 464 samples, early stopped at iteration 93/300.
07:58:02  src.cpcv.pipeline  INFO    [150/168]              xgboost (seed=2) F1=0.369  AUC=0.481  LL=0.6873 (0.1s)
07:58:02  src.cpcv.preprocessing  INFO  Computing MDA (Random Forest)...
07:58:27  src.cpcv.preprocessing  INFO  Computing MDA (Logistic Regression)...
07:58:28  src.cpcv.preprocessing  INFO  Multi-model MDA: 39/73 passed (MDA > 0), 34 eliminated
07:58:28  src.cpcv.preprocessing  INFO    Capped at 14 features (top_k_frac=0.2)
07:58:28  src.cpcv.preprocessing  INFO    Selected (14): ['cci_14', 'dxy_roc_30', 'ema_ratio_50_200', 'fee_per_tx', 'gk_vol', 'gold_ret_14', 'gold_ret_30', 'kurtosis', 'log_returns', 'log_returns_lag2', 'log_returns_lag5', 'log_returns_lag6', 'smt_poly1', 'vix']
07:58:28  src.cpcv.pipeline  INFO    Preprocessing: 14 features selected, train=465 + val=100 + cal=100, test=292
07:58:28  src.cpcv.tuning  INFO  Tuning (2 models) — Optuna TPE + Purged K-Fold (inner: 3 folds, embargo=10 obs)
07:58:28  src.cpcv.tuning  INFO    [tuning] random_forest: 3 purged K-fold splits, 30 Optuna trials (TPE)
07:59:12  src.cpcv.tuning  INFO      random_forest: 22 completed, 8 pruned (of 30 total) — best log_loss=0.6869, params={'n_estimators': 250, 'max_depth': 2, 'min_samples_leaf': 19, 'max_features': 'log2'}
07:59:12  src.cpcv.tuning  INFO    [tuning] random_forest done in 43.6s — best log_loss=0.6869
07:59:12  src.cpcv.tuning  INFO    [tuning] xgboost: 3 purged K-fold splits, 30 Optuna trials (TPE)
07:59:16  src.cpcv.tuning  INFO      xgboost: 22 completed, 8 pruned (of 30 total) — best log_loss=0.6830, params={'max_depth': 3, 'learning_rate': 0.06530555158582778, 'min_child_weight': 25, 'subsample': 0.734668610363764, 'colsample_bytree': 0.83445433467569, 'gamma': 0.06279209930838969, 'reg_alpha': 0.000179649519485956, 'reg_lambda': 0.0037653511867646863}
07:59:16  src.cpcv.tuning  INFO    [tuning] xgboost done in 3.8s — best log_loss=0.6830
07:59:16  src.cpcv.tuning  INFO  Tuning total: 47.4s
07:59:16  src.cpcv.pipeline  INFO      applied random_forest: {'n_estimators': 250, 'max_depth': 2, 'min_samples_leaf': 19, 'max_features': 'log2'}
07:59:16  src.cpcv.pipeline  INFO      applied xgboost: {'max_depth': 3, 'learning_rate': 0.06530555158582778, 'min_child_weight': 25, 'subsample': 0.734668610363764, 'colsample_bytree': 0.83445433467569, 'gamma': 0.06279209930838969, 'reg_alpha': 0.000179649519485956, 'reg_lambda': 0.0037653511867646863}
07:59:16  src.cpcv.models.tree_models  INFO  RandomForest fitted: 465 samples, 14 features, 250 trees.
07:59:16  src.cpcv.pipeline  INFO    [151/168]        random_forest (seed=0) F1=0.506  AUC=0.532  LL=0.7042 (0.7s)
07:59:17  src.cpcv.models.tree_models  INFO  RandomForest fitted: 465 samples, 14 features, 250 trees.
07:59:17  src.cpcv.pipeline  INFO    [152/168]        random_forest (seed=1) F1=0.519  AUC=0.544  LL=0.6985 (0.6s)
07:59:17  src.cpcv.models.tree_models  INFO  RandomForest fitted: 465 samples, 14 features, 250 trees.
07:59:18  src.cpcv.pipeline  INFO    [153/168]        random_forest (seed=2) F1=0.521  AUC=0.537  LL=0.7013 (0.6s)
07:59:18  src.cpcv.models.tree_models  INFO  XGBoost fitted: 465 samples, early stopped at iteration 0/300.
07:59:18  src.cpcv.pipeline  INFO    [154/168]              xgboost (seed=0) F1=0.467  AUC=0.470  LL=0.6952 (0.0s)
07:59:18  src.cpcv.models.tree_models  INFO  XGBoost fitted: 465 samples, early stopped at iteration 0/300.
07:59:18  src.cpcv.pipeline  INFO    [155/168]              xgboost (seed=1) F1=0.321  AUC=0.486  LL=0.6934 (0.0s)
07:59:18  src.cpcv.models.tree_models  INFO  XGBoost fitted: 465 samples, early stopped at iteration 0/300.
07:59:18  src.cpcv.pipeline  INFO    [156/168]              xgboost (seed=2) F1=0.321  AUC=0.498  LL=0.6934 (0.0s)
07:59:18  src.cpcv.preprocessing  INFO  Computing MDA (Random Forest)...
07:59:43  src.cpcv.preprocessing  INFO  Computing MDA (Logistic Regression)...
07:59:44  src.cpcv.preprocessing  INFO  Multi-model MDA: 31/73 passed (MDA > 0), 42 eliminated
07:59:44  src.cpcv.preprocessing  INFO    Capped at 14 features (top_k_frac=0.2)
07:59:44  src.cpcv.preprocessing  INFO    Selected (14): ['active_addr_roc_14', 'bb_width', 'eth_btc_ratio', 'exchange_supply_pct', 'gold_ret_14', 'log_returns_lag1', 'log_returns_lag2', 'log_returns_lag6', 'log_returns_lag7', 'natgas_ret_14', 'shannon_entropy', 'stoch_k', 'us10y', 'vix']
07:59:44  src.cpcv.pipeline  INFO    Preprocessing: 14 features selected, train=464 + val=100 + cal=100, test=292
07:59:44  src.cpcv.tuning  INFO  Tuning (2 models) — Optuna TPE + Purged K-Fold (inner: 3 folds, embargo=10 obs)
07:59:44  src.cpcv.tuning  INFO    [tuning] random_forest: 3 purged K-fold splits, 30 Optuna trials (TPE)
08:00:20  src.cpcv.tuning  INFO      random_forest: 23 completed, 7 pruned (of 30 total) — best log_loss=0.6848, params={'n_estimators': 150, 'max_depth': 2, 'min_samples_leaf': 40, 'max_features': 'log2'}
08:00:20  src.cpcv.tuning  INFO    [tuning] random_forest done in 35.9s — best log_loss=0.6848
08:00:20  src.cpcv.tuning  INFO    [tuning] xgboost: 3 purged K-fold splits, 30 Optuna trials (TPE)
08:00:25  src.cpcv.tuning  INFO      xgboost: 19 completed, 11 pruned (of 30 total) — best log_loss=0.6698, params={'max_depth': 2, 'learning_rate': 0.09719442732457283, 'min_child_weight': 22, 'subsample': 0.7400028246550391, 'colsample_bytree': 0.7886369489536518, 'gamma': 0.057455894550295684, 'reg_alpha': 0.0005844317258424099, 'reg_lambda': 0.016756638283609265}
08:00:25  src.cpcv.tuning  INFO    [tuning] xgboost done in 5.1s — best log_loss=0.6698
08:00:25  src.cpcv.tuning  INFO  Tuning total: 41.0s
08:00:25  src.cpcv.pipeline  INFO      applied random_forest: {'n_estimators': 150, 'max_depth': 2, 'min_samples_leaf': 40, 'max_features': 'log2'}
08:00:25  src.cpcv.pipeline  INFO      applied xgboost: {'max_depth': 2, 'learning_rate': 0.09719442732457283, 'min_child_weight': 22, 'subsample': 0.7400028246550391, 'colsample_bytree': 0.7886369489536518, 'gamma': 0.057455894550295684, 'reg_alpha': 0.0005844317258424099, 'reg_lambda': 0.016756638283609265}
08:00:25  src.cpcv.models.tree_models  INFO  RandomForest fitted: 464 samples, 14 features, 150 trees.
08:00:25  src.cpcv.pipeline  INFO    [157/168]        random_forest (seed=0) F1=0.345  AUC=0.426  LL=0.7127 (0.5s)
08:00:26  src.cpcv.models.tree_models  INFO  RandomForest fitted: 464 samples, 14 features, 150 trees.
08:00:26  src.cpcv.pipeline  INFO    [158/168]        random_forest (seed=1) F1=0.345  AUC=0.584  LL=0.7050 (0.4s)
08:00:26  src.cpcv.models.tree_models  INFO  RandomForest fitted: 464 samples, 14 features, 150 trees.
08:00:26  src.cpcv.pipeline  INFO    [159/168]        random_forest (seed=2) F1=0.347  AUC=0.431  LL=0.7126 (0.4s)
08:00:26  src.cpcv.models.tree_models  INFO  XGBoost fitted: 464 samples, early stopped at iteration 17/300.
08:00:26  src.cpcv.pipeline  INFO    [160/168]              xgboost (seed=0) F1=0.345  AUC=0.468  LL=0.7061 (0.0s)
08:00:26  src.cpcv.models.tree_models  INFO  XGBoost fitted: 464 samples, early stopped at iteration 3/300.
08:00:26  src.cpcv.pipeline  INFO    [161/168]              xgboost (seed=1) F1=0.345  AUC=0.447  LL=0.7132 (0.0s)
08:00:26  src.cpcv.models.tree_models  INFO  XGBoost fitted: 464 samples, early stopped at iteration 13/300.
08:00:26  src.cpcv.pipeline  INFO    [162/168]              xgboost (seed=2) F1=0.345  AUC=0.450  LL=0.7059 (0.0s)
08:00:27  src.cpcv.preprocessing  INFO  Computing MDA (Random Forest)...
08:00:51  src.cpcv.preprocessing  INFO  Computing MDA (Logistic Regression)...
08:00:52  src.cpcv.preprocessing  INFO  Multi-model MDA: 38/73 passed (MDA > 0), 35 eliminated
08:00:52  src.cpcv.preprocessing  INFO    Capped at 14 features (top_k_frac=0.2)
08:00:52  src.cpcv.preprocessing  INFO    Selected (14): ['dxy_roc_30', 'exchange_supply_pct', 'hurst', 'log_returns_lag1', 'log_returns_lag4', 'macd_signal', 'roc_14', 'silver_ret_30', 'skewness', 'smt_exp', 'stoch_d', 'williams_r', 'yield_curve_2y10y', 'yz_vol']
08:00:52  src.cpcv.pipeline  INFO    Preprocessing: 14 features selected, train=473 + val=101 + cal=102, test=292
08:00:52  src.cpcv.tuning  INFO  Tuning (2 models) — Optuna TPE + Purged K-Fold (inner: 3 folds, embargo=10 obs)
08:00:52  src.cpcv.tuning  INFO    [tuning] random_forest: 3 purged K-fold splits, 30 Optuna trials (TPE)
08:01:39  src.cpcv.tuning  INFO      random_forest: 30 completed, 0 pruned (of 30 total) — best log_loss=0.6972, params={'n_estimators': 250, 'max_depth': 2, 'min_samples_leaf': 15, 'max_features': 'sqrt'}
08:01:39  src.cpcv.tuning  INFO    [tuning] random_forest done in 46.7s — best log_loss=0.6972
08:01:39  src.cpcv.tuning  INFO    [tuning] xgboost: 3 purged K-fold splits, 30 Optuna trials (TPE)
08:01:43  src.cpcv.tuning  INFO      xgboost: 28 completed, 2 pruned (of 30 total) — best log_loss=0.6917, params={'max_depth': 1, 'learning_rate': 0.05388108577817234, 'min_child_weight': 11, 'subsample': 0.9637281608315128, 'colsample_bytree': 0.7035119926400067, 'gamma': 0.21137059440645725, 'reg_alpha': 6.388511557344611e-06, 'reg_lambda': 0.0004793052550782129}
08:01:43  src.cpcv.tuning  INFO    [tuning] xgboost done in 4.0s — best log_loss=0.6917
08:01:43  src.cpcv.tuning  INFO  Tuning total: 50.7s
08:01:43  src.cpcv.pipeline  INFO      applied random_forest: {'n_estimators': 250, 'max_depth': 2, 'min_samples_leaf': 15, 'max_features': 'sqrt'}
08:01:43  src.cpcv.pipeline  INFO      applied xgboost: {'max_depth': 1, 'learning_rate': 0.05388108577817234, 'min_child_weight': 11, 'subsample': 0.9637281608315128, 'colsample_bytree': 0.7035119926400067, 'gamma': 0.21137059440645725, 'reg_alpha': 6.388511557344611e-06, 'reg_lambda': 0.0004793052550782129}
08:01:43  src.cpcv.models.tree_models  INFO  RandomForest fitted: 473 samples, 14 features, 250 trees.
08:01:44  src.cpcv.pipeline  INFO    [163/168]        random_forest (seed=0) F1=0.305  AUC=0.481  LL=0.7278 (0.7s)
08:01:44  src.cpcv.models.tree_models  INFO  RandomForest fitted: 473 samples, 14 features, 250 trees.
08:01:44  src.cpcv.pipeline  INFO    [164/168]        random_forest (seed=1) F1=0.305  AUC=0.475  LL=0.7278 (0.6s)
08:01:45  src.cpcv.models.tree_models  INFO  RandomForest fitted: 473 samples, 14 features, 250 trees.
08:01:45  src.cpcv.pipeline  INFO    [165/168]        random_forest (seed=2) F1=0.305  AUC=0.489  LL=0.7293 (0.6s)
08:01:45  src.cpcv.models.tree_models  INFO  XGBoost fitted: 473 samples, early stopped at iteration 1/300.
08:01:45  src.cpcv.pipeline  INFO    [166/168]              xgboost (seed=0) F1=0.305  AUC=0.503  LL=0.7583 (0.0s)
08:01:45  src.cpcv.models.tree_models  INFO  XGBoost fitted: 473 samples, early stopped at iteration 0/300.
08:01:45  src.cpcv.pipeline  INFO    [167/168]              xgboost (seed=1) F1=0.305  AUC=0.498  LL=0.7199 (0.0s)
08:01:45  src.cpcv.models.tree_models  INFO  XGBoost fitted: 473 samples, early stopped at iteration 0/300.
08:01:45  src.cpcv.pipeline  INFO    [168/168]              xgboost (seed=2) F1=0.305  AUC=0.498  LL=0.7199 (0.0s)
08:01:45  src.cpcv.pipeline  INFO  ============================================================
08:01:45  src.cpcv.pipeline  INFO  CPCV Pipeline Complete
08:01:45  src.cpcv.pipeline  INFO  ============================================================
08:01:45  src.cpcv.pipeline  INFO    Total time:     2038.8s (34.0m)
08:01:45  src.cpcv.pipeline  INFO    Tasks:          168 succeeded, 0 failed
08:01:45  src.cpcv.pipeline  INFO    Results keys:   168 (model, split, seed) entries
08:01:45  src.cpcv.pipeline  INFO    Backtest paths: 7
08:01:45  src.cpcv.pipeline  INFO    Tuning:         nested (per-split), 28 splits tuned, models=['random_forest', 'xgboost']
08:01:45  src.cpcv.pipeline  INFO  ============================================================
08:01:45  src.cpcv.pipeline  INFO  ============================================================
08:01:45  src.cpcv.pipeline  INFO  CPCV Pipeline
08:01:45  src.cpcv.pipeline  INFO  ============================================================
08:01:45  src.cpcv.pipeline  INFO    Models:         ['lstm']
08:01:45  src.cpcv.pipeline  INFO    Seeds/fold:     3
08:01:45  src.cpcv.pipeline  INFO    Groups (N):     8
08:01:45  src.cpcv.pipeline  INFO    Test groups (k):2
08:01:45  src.cpcv.pipeline  INFO    Embargo:        1.0%
08:01:45  src.cpcv.pipeline  INFO    FFD columns:    ['atr']
08:01:45  src.cpcv.pipeline  INFO    Samples:        1168
08:01:45  src.cpcv.pipeline  INFO    Features:       73
08:01:45  src.cpcv.pipeline  INFO    Splits:         28, Paths: 7
08:01:45  src.cpcv.pipeline  INFO    Tuning:         NESTED (per-split) — ['lstm'] [30 trials]
08:01:45  src.cpcv.pipeline  INFO  ============================================================
08:01:46  src.cpcv.preprocessing  INFO  Computing MDA (Random Forest)...
08:02:14  src.cpcv.preprocessing  INFO  Computing MDA (Logistic Regression)...
08:02:15  src.cpcv.preprocessing  INFO  Multi-model MDA: 31/73 passed (MDA > 0), 42 eliminated
08:02:15  src.cpcv.preprocessing  INFO    Capped at 14 features (top_k_frac=0.2)
08:02:15  src.cpcv.preprocessing  INFO    Selected (14): ['ema_ratio_20_50', 'eth_btc_ratio', 'exchange_supply_pct', 'jarque_bera', 'log_returns', 'log_returns_lag6', 'macd_hist', 'natgas_ret_30', 'skewness', 'smt_exp', 'sp500_ret_30', 'variance_ratio', 'vix', 'yield_curve_2y10y']
08:02:15  src.cpcv.pipeline  INFO    Preprocessing: 14 features selected, train=605 + val=130 + cal=130, test=93
08:02:15  src.cpcv.tuning  INFO  Tuning (1 model) — Optuna TPE + Purged K-Fold (inner: 3 folds, embargo=10 obs)
08:02:16  src.cpcv.tuning  INFO    [tuning] lstm: 3 purged K-fold splits, 30 Optuna trials (TPE)
08:03:10  src.cpcv.tuning  INFO      lstm: 28 completed, 2 pruned (of 30 total) — best log_loss=0.6821, params={'hidden_size': 8, 'dropout': 0.466953867292609, 'learning_rate': 0.038989159990370274}
08:03:10  src.cpcv.tuning  INFO    [tuning] lstm done in 54.5s — best log_loss=0.6821
08:03:10  src.cpcv.tuning  INFO  Tuning total: 54.5s
08:03:10  src.cpcv.pipeline  INFO      applied lstm: {'hidden_size': 8, 'num_layers': 1, 'dropout': 0.466953867292609, 'learning_rate': 0.038989159990370274}
08:03:11  src.cpcv.pipeline  INFO    [  1/84]                 lstm (seed=0) F1=0.292  AUC=0.582  LL=0.9026 (1.4s)
08:03:12  src.cpcv.pipeline  INFO    [  2/84]                 lstm (seed=1) F1=0.378  AUC=0.516  LL=0.6976 (0.8s)
08:03:13  src.cpcv.pipeline  INFO    [  3/84]                 lstm (seed=2) F1=0.292  AUC=0.492  LL=0.8194 (0.7s)
08:03:13  src.cpcv.preprocessing  INFO  Computing MDA (Random Forest)...
08:03:41  src.cpcv.preprocessing  INFO  Computing MDA (Logistic Regression)...
08:03:42  src.cpcv.preprocessing  INFO  Multi-model MDA: 39/73 passed (MDA > 0), 34 eliminated
08:03:42  src.cpcv.preprocessing  INFO    Capped at 14 features (top_k_frac=0.2)
08:03:42  src.cpcv.preprocessing  INFO    Selected (14): ['cci_14', 'copper_ret_14', 'ema_ratio_50_200', 'gk_vol', 'gold_ret_30', 'log_returns', 'natgas_ret_30', 'oil_ret_14', 'oil_ret_30', 'roc_14', 'rsi', 'silver_ret_30', 'stoch_d', 'yz_vol']
08:03:42  src.cpcv.pipeline  INFO    Preprocessing: 14 features selected, train=566 + val=121 + cal=122, test=146
08:03:42  src.cpcv.tuning  INFO  Tuning (1 model) — Optuna TPE + Purged K-Fold (inner: 3 folds, embargo=10 obs)
08:03:42  src.cpcv.tuning  INFO    [tuning] lstm: 3 purged K-fold splits, 30 Optuna trials (TPE)
08:04:32  src.cpcv.tuning  INFO      lstm: 24 completed, 6 pruned (of 30 total) — best log_loss=0.6796, params={'hidden_size': 8, 'dropout': 0.32279682206658294, 'learning_rate': 0.04722243491534861}
08:04:32  src.cpcv.tuning  INFO    [tuning] lstm done in 49.6s — best log_loss=0.6796
08:04:32  src.cpcv.tuning  INFO  Tuning total: 49.6s
08:04:32  src.cpcv.pipeline  INFO      applied lstm: {'hidden_size': 8, 'num_layers': 1, 'dropout': 0.32279682206658294, 'learning_rate': 0.04722243491534861}
08:04:33  src.cpcv.pipeline  INFO    [  4/84]                 lstm (seed=0) F1=0.517  AUC=0.505  LL=0.9522 (0.7s)
08:04:33  src.cpcv.pipeline  INFO    [  5/84]                 lstm (seed=1) F1=0.446  AUC=0.458  LL=0.7069 (0.7s)
08:04:34  src.cpcv.pipeline  INFO    [  6/84]                 lstm (seed=2) F1=0.471  AUC=0.436  LL=0.7075 (0.8s)
08:04:34  src.cpcv.preprocessing  INFO  Computing MDA (Random Forest)...
08:05:03  src.cpcv.preprocessing  INFO  Computing MDA (Logistic Regression)...
08:05:04  src.cpcv.preprocessing  INFO  Multi-model MDA: 36/73 passed (MDA > 0), 37 eliminated
08:05:04  src.cpcv.preprocessing  INFO    Capped at 14 features (top_k_frac=0.2)
08:05:04  src.cpcv.preprocessing  INFO    Selected (14): ['atr', 'cci_14', 'dxy_roc_30', 'ema_ratio_20_50', 'eth_btc_ratio', 'log_returns', 'log_returns_lag1', 'log_returns_lag5', 'log_returns_lag6', 'mvrv', 'natgas_ret_30', 'oil_ret_14', 'smt_poly1', 'stoch_d']
08:05:04  src.cpcv.pipeline  INFO    Preprocessing: 14 features selected, train=567 + val=122 + cal=122, test=146
08:05:04  src.cpcv.tuning  INFO  Tuning (1 model) — Optuna TPE + Purged K-Fold (inner: 3 folds, embargo=10 obs)
08:05:04  src.cpcv.tuning  INFO    [tuning] lstm: 3 purged K-fold splits, 30 Optuna trials (TPE)
08:05:46  src.cpcv.tuning  INFO      lstm: 15 completed, 15 pruned (of 30 total) — best log_loss=0.6817, params={'hidden_size': 8, 'dropout': 0.4968578463950409, 'learning_rate': 0.022362985414277146}
08:05:46  src.cpcv.tuning  INFO    [tuning] lstm done in 42.2s — best log_loss=0.6817
08:05:46  src.cpcv.tuning  INFO  Tuning total: 42.2s
08:05:46  src.cpcv.pipeline  INFO      applied lstm: {'hidden_size': 8, 'num_layers': 1, 'dropout': 0.4968578463950409, 'learning_rate': 0.022362985414277146}
08:05:47  src.cpcv.pipeline  INFO    [  7/84]                 lstm (seed=0) F1=0.467  AUC=0.487  LL=0.6930 (0.9s)
08:05:48  src.cpcv.pipeline  INFO    [  8/84]                 lstm (seed=1) F1=0.509  AUC=0.532  LL=0.7101 (1.1s)
08:05:49  src.cpcv.pipeline  INFO    [  9/84]                 lstm (seed=2) F1=0.441  AUC=0.540  LL=0.7048 (0.8s)
08:05:49  src.cpcv.preprocessing  INFO  Computing MDA (Random Forest)...
08:06:17  src.cpcv.preprocessing  INFO  Computing MDA (Logistic Regression)...
08:06:19  src.cpcv.preprocessing  INFO  Multi-model MDA: 39/73 passed (MDA > 0), 34 eliminated
08:06:19  src.cpcv.preprocessing  INFO    Capped at 14 features (top_k_frac=0.2)
08:06:19  src.cpcv.preprocessing  INFO    Selected (14): ['atr', 'cci_14', 'eth_btc_ratio', 'hashrate_roc_30', 'log_returns_lag21', 'lz_complexity', 'mvrv', 'natgas_ret_30', 'realized_vol', 'sadf', 'sp500_ret_14', 'tx_count_roc_14', 'variance_ratio', 'vix']
08:06:19  src.cpcv.pipeline  INFO    Preprocessing: 14 features selected, train=567 + val=122 + cal=122, test=146
08:06:19  src.cpcv.tuning  INFO  Tuning (1 model) — Optuna TPE + Purged K-Fold (inner: 3 folds, embargo=10 obs)
08:06:19  src.cpcv.tuning  INFO    [tuning] lstm: 3 purged K-fold splits, 30 Optuna trials (TPE)
08:07:03  src.cpcv.tuning  INFO      lstm: 21 completed, 9 pruned (of 30 total) — best log_loss=0.6868, params={'hidden_size': 8, 'dropout': 0.468451537029021, 'learning_rate': 0.017296626730762425}
08:07:03  src.cpcv.tuning  INFO    [tuning] lstm done in 44.4s — best log_loss=0.6868
08:07:03  src.cpcv.tuning  INFO  Tuning total: 44.4s
08:07:03  src.cpcv.pipeline  INFO      applied lstm: {'hidden_size': 8, 'num_layers': 1, 'dropout': 0.468451537029021, 'learning_rate': 0.017296626730762425}
08:07:04  src.cpcv.pipeline  INFO    [ 10/84]                 lstm (seed=0) F1=0.383  AUC=0.435  LL=0.7084 (0.8s)
08:07:05  src.cpcv.pipeline  INFO    [ 11/84]                 lstm (seed=1) F1=0.380  AUC=0.405  LL=0.7142 (0.8s)
08:07:05  src.cpcv.pipeline  INFO    [ 12/84]                 lstm (seed=2) F1=0.539  AUC=0.497  LL=0.6954 (0.9s)
08:07:06  src.cpcv.preprocessing  INFO  Computing MDA (Random Forest)...
08:07:35  src.cpcv.preprocessing  INFO  Computing MDA (Logistic Regression)...
08:07:36  src.cpcv.preprocessing  INFO  Multi-model MDA: 36/73 passed (MDA > 0), 37 eliminated
08:07:36  src.cpcv.preprocessing  INFO    Capped at 14 features (top_k_frac=0.2)
08:07:36  src.cpcv.preprocessing  INFO    Selected (14): ['active_addr_roc_14', 'atr', 'eth_btc_ratio', 'exchange_supply_pct', 'issuance_ntv', 'log_returns_lag1', 'log_returns_lag5', 'log_returns_lag7', 'obv', 'oil_ret_14', 'roc_14', 'skewness', 'smt_exp', 'vix']
08:07:36  src.cpcv.pipeline  INFO    Preprocessing: 14 features selected, train=567 + val=122 + cal=122, test=146
08:07:36  src.cpcv.tuning  INFO  Tuning (1 model) — Optuna TPE + Purged K-Fold (inner: 3 folds, embargo=10 obs)
08:07:36  src.cpcv.tuning  INFO    [tuning] lstm: 3 purged K-fold splits, 30 Optuna trials (TPE)
08:08:17  src.cpcv.tuning  INFO      lstm: 15 completed, 15 pruned (of 30 total) — best log_loss=0.6722, params={'hidden_size': 8, 'dropout': 0.3616896573131581, 'learning_rate': 0.02823170649143091}
08:08:17  src.cpcv.tuning  INFO    [tuning] lstm done in 41.6s — best log_loss=0.6722
08:08:17  src.cpcv.tuning  INFO  Tuning total: 41.6s
08:08:17  src.cpcv.pipeline  INFO      applied lstm: {'hidden_size': 8, 'num_layers': 1, 'dropout': 0.3616896573131581, 'learning_rate': 0.02823170649143091}
08:08:18  src.cpcv.pipeline  INFO    [ 13/84]                 lstm (seed=0) F1=0.455  AUC=0.437  LL=0.7579 (1.0s)
08:08:19  src.cpcv.pipeline  INFO    [ 14/84]                 lstm (seed=1) F1=0.525  AUC=0.525  LL=0.7368 (1.0s)
08:08:20  src.cpcv.pipeline  INFO    [ 15/84]                 lstm (seed=2) F1=0.467  AUC=0.458  LL=0.7109 (0.8s)
08:08:21  src.cpcv.preprocessing  INFO  Computing MDA (Random Forest)...
08:08:49  src.cpcv.preprocessing  INFO  Computing MDA (Logistic Regression)...
08:08:50  src.cpcv.preprocessing  INFO  Multi-model MDA: 40/73 passed (MDA > 0), 33 eliminated
08:08:50  src.cpcv.preprocessing  INFO    Capped at 14 features (top_k_frac=0.2)
08:08:50  src.cpcv.preprocessing  INFO    Selected (14): ['atr', 'chaikin_osc', 'eth_btc_ratio', 'hashrate_roc_30', 'jarque_bera', 'kurtosis', 'log_returns_lag30', 'log_returns_lag6', 'obv', 'silver_ret_30', 'variance_ratio', 'vol_term_7_30', 'vwma_ratio_20_50', 'yield_curve_2y10y']
08:08:50  src.cpcv.pipeline  INFO    Preprocessing: 14 features selected, train=567 + val=122 + cal=122, test=146
08:08:50  src.cpcv.tuning  INFO  Tuning (1 model) — Optuna TPE + Purged K-Fold (inner: 3 folds, embargo=10 obs)
08:08:50  src.cpcv.tuning  INFO    [tuning] lstm: 3 purged K-fold splits, 30 Optuna trials (TPE)
08:09:43  src.cpcv.tuning  INFO      lstm: 21 completed, 9 pruned (of 30 total) — best log_loss=0.6740, params={'hidden_size': 8, 'dropout': 0.40345918432683797, 'learning_rate': 0.021801817063143117}
08:09:43  src.cpcv.tuning  INFO    [tuning] lstm done in 52.6s — best log_loss=0.6740
08:09:43  src.cpcv.tuning  INFO  Tuning total: 52.6s
08:09:43  src.cpcv.pipeline  INFO      applied lstm: {'hidden_size': 8, 'num_layers': 1, 'dropout': 0.40345918432683797, 'learning_rate': 0.021801817063143117}
08:09:43  src.cpcv.pipeline  INFO    [ 16/84]                 lstm (seed=0) F1=0.538  AUC=0.570  LL=0.6927 (0.9s)
08:09:44  src.cpcv.pipeline  INFO    [ 17/84]                 lstm (seed=1) F1=0.494  AUC=0.560  LL=0.7459 (0.7s)
08:09:45  src.cpcv.pipeline  INFO    [ 18/84]                 lstm (seed=2) F1=0.455  AUC=0.580  LL=0.7048 (0.8s)
08:09:45  src.cpcv.preprocessing  INFO  Computing MDA (Random Forest)...
08:10:14  src.cpcv.preprocessing  INFO  Computing MDA (Logistic Regression)...
08:10:15  src.cpcv.preprocessing  INFO  Multi-model MDA: 40/73 passed (MDA > 0), 33 eliminated
08:10:15  src.cpcv.preprocessing  INFO    Capped at 14 features (top_k_frac=0.2)
08:10:15  src.cpcv.preprocessing  INFO    Selected (14): ['active_addr_roc_14', 'chaikin_osc', 'copper_ret_14', 'hashrate_roc_30', 'hurst', 'kurtosis', 'log_returns', 'log_returns_lag3', 'realized_vol', 'us10y', 'variance_ratio', 'vix', 'williams_r', 'yield_curve_2y10y']
08:10:15  src.cpcv.pipeline  INFO    Preprocessing: 14 features selected, train=575 + val=123 + cal=124, test=146
08:10:15  src.cpcv.tuning  INFO  Tuning (1 model) — Optuna TPE + Purged K-Fold (inner: 3 folds, embargo=10 obs)
08:10:15  src.cpcv.tuning  INFO    [tuning] lstm: 3 purged K-fold splits, 30 Optuna trials (TPE)
08:10:55  src.cpcv.tuning  INFO      lstm: 15 completed, 15 pruned (of 30 total) — best log_loss=0.6874, params={'hidden_size': 16, 'dropout': 0.2043551304765077, 'learning_rate': 0.028168262317655422}
08:10:55  src.cpcv.tuning  INFO    [tuning] lstm done in 39.4s — best log_loss=0.6874
08:10:55  src.cpcv.tuning  INFO  Tuning total: 39.4s
08:10:55  src.cpcv.pipeline  INFO      applied lstm: {'hidden_size': 16, 'num_layers': 1, 'dropout': 0.2043551304765077, 'learning_rate': 0.028168262317655422}
08:10:56  src.cpcv.pipeline  INFO    [ 19/84]                 lstm (seed=0) F1=0.351  AUC=0.581  LL=0.6927 (1.1s)
08:10:56  src.cpcv.pipeline  INFO    [ 20/84]                 lstm (seed=1) F1=0.351  AUC=0.564  LL=0.6914 (0.8s)
08:10:57  src.cpcv.pipeline  INFO    [ 21/84]                 lstm (seed=2) F1=0.351  AUC=0.498  LL=0.7006 (0.7s)
08:10:58  src.cpcv.preprocessing  INFO  Computing MDA (Random Forest)...
08:11:22  src.cpcv.preprocessing  INFO  Computing MDA (Logistic Regression)...
08:11:24  src.cpcv.preprocessing  INFO  Multi-model MDA: 37/73 passed (MDA > 0), 36 eliminated
08:11:24  src.cpcv.preprocessing  INFO    Capped at 14 features (top_k_frac=0.2)
08:11:24  src.cpcv.preprocessing  INFO    Selected (14): ['dxy_roc_30', 'gold_ret_30', 'log_returns', 'log_returns_lag2', 'log_returns_lag4', 'natgas_ret_30', 'negentropy', 'obv', 'rsi', 'silver_ret_30', 'skewness', 'tx_count_roc_14', 'us10y', 'us2y']
08:11:24  src.cpcv.pipeline  INFO    Preprocessing: 14 features selected, train=503 + val=108 + cal=108, test=239
08:11:24  src.cpcv.tuning  INFO  Tuning (1 model) — Optuna TPE + Purged K-Fold (inner: 3 folds, embargo=10 obs)
08:11:24  src.cpcv.tuning  INFO    [tuning] lstm: 3 purged K-fold splits, 30 Optuna trials (TPE)
08:11:59  src.cpcv.tuning  INFO      lstm: 20 completed, 10 pruned (of 30 total) — best log_loss=0.6821, params={'hidden_size': 8, 'dropout': 0.35545971025819184, 'learning_rate': 0.018354506076514166}
08:11:59  src.cpcv.tuning  INFO    [tuning] lstm done in 35.3s — best log_loss=0.6821
08:11:59  src.cpcv.tuning  INFO  Tuning total: 35.3s
08:11:59  src.cpcv.pipeline  INFO      applied lstm: {'hidden_size': 8, 'num_layers': 1, 'dropout': 0.35545971025819184, 'learning_rate': 0.018354506076514166}
08:12:00  src.cpcv.pipeline  INFO    [ 22/84]                 lstm (seed=0) F1=0.337  AUC=0.583  LL=0.6924 (0.7s)
08:12:01  src.cpcv.pipeline  INFO    [ 23/84]                 lstm (seed=1) F1=0.494  AUC=0.515  LL=0.6931 (0.9s)
08:12:01  src.cpcv.pipeline  INFO    [ 24/84]                 lstm (seed=2) F1=0.414  AUC=0.578  LL=0.7034 (0.8s)
08:12:02  src.cpcv.preprocessing  INFO  Computing MDA (Random Forest)...
08:12:27  src.cpcv.preprocessing  INFO  Computing MDA (Logistic Regression)...
08:12:28  src.cpcv.preprocessing  INFO  Multi-model MDA: 38/73 passed (MDA > 0), 35 eliminated
08:12:28  src.cpcv.preprocessing  INFO    Capped at 14 features (top_k_frac=0.2)
08:12:28  src.cpcv.preprocessing  INFO    Selected (14): ['cci_14', 'dxy_roc_30', 'eth_btc_ratio', 'hashrate_roc_30', 'jarque_bera', 'kurtosis', 'log_returns_lag2', 'log_returns_lag6', 'macd', 'macd_hist', 'natgas_ret_30', 'negentropy', 'us10y', 'vol_term_7_30']
08:12:28  src.cpcv.pipeline  INFO    Preprocessing: 14 features selected, train=494 + val=106 + cal=107, test=239
08:12:28  src.cpcv.tuning  INFO  Tuning (1 model) — Optuna TPE + Purged K-Fold (inner: 3 folds, embargo=10 obs)
08:12:28  src.cpcv.tuning  INFO    [tuning] lstm: 3 purged K-fold splits, 30 Optuna trials (TPE)
08:13:13  src.cpcv.tuning  INFO      lstm: 20 completed, 10 pruned (of 30 total) — best log_loss=0.6911, params={'hidden_size': 8, 'dropout': 0.49754082124249444, 'learning_rate': 0.025191630722620987}
08:13:13  src.cpcv.tuning  INFO    [tuning] lstm done in 45.2s — best log_loss=0.6911
08:13:13  src.cpcv.tuning  INFO  Tuning total: 45.2s
08:13:13  src.cpcv.pipeline  INFO      applied lstm: {'hidden_size': 8, 'num_layers': 1, 'dropout': 0.49754082124249444, 'learning_rate': 0.025191630722620987}
08:13:15  src.cpcv.pipeline  INFO    [ 25/84]                 lstm (seed=0) F1=0.527  AUC=0.533  LL=0.6908 (1.7s)
08:13:16  src.cpcv.pipeline  INFO    [ 26/84]                 lstm (seed=1) F1=0.451  AUC=0.506  LL=0.6921 (0.8s)
08:13:17  src.cpcv.pipeline  INFO    [ 27/84]                 lstm (seed=2) F1=0.469  AUC=0.505  LL=0.6906 (1.1s)
08:13:17  src.cpcv.preprocessing  INFO  Computing MDA (Random Forest)...
08:13:42  src.cpcv.preprocessing  INFO  Computing MDA (Logistic Regression)...
08:13:43  src.cpcv.preprocessing  INFO  Multi-model MDA: 37/73 passed (MDA > 0), 36 eliminated
08:13:43  src.cpcv.preprocessing  INFO    Capped at 14 features (top_k_frac=0.2)
08:13:43  src.cpcv.preprocessing  INFO    Selected (14): ['cci_14', 'chaikin_osc', 'dxy_roc_30', 'eth_btc_ratio', 'gold_ret_14', 'hashrate_roc_30', 'jarque_bera', 'log_returns_lag4', 'natgas_ret_30', 'roc_14', 'rsi', 'smt_exp', 'sp500_ret_14', 'williams_r']
08:13:43  src.cpcv.pipeline  INFO    Preprocessing: 14 features selected, train=494 + val=106 + cal=107, test=239
08:13:43  src.cpcv.tuning  INFO  Tuning (1 model) — Optuna TPE + Purged K-Fold (inner: 3 folds, embargo=10 obs)
08:13:43  src.cpcv.tuning  INFO    [tuning] lstm: 3 purged K-fold splits, 30 Optuna trials (TPE)
08:14:15  src.cpcv.tuning  INFO      lstm: 7 completed, 23 pruned (of 30 total) — best log_loss=0.6761, params={'hidden_size': 8, 'dropout': 0.4852142919229748, 'learning_rate': 0.009454306819536176}
08:14:15  src.cpcv.tuning  INFO    [tuning] lstm done in 32.4s — best log_loss=0.6761
08:14:15  src.cpcv.tuning  INFO  Tuning total: 32.4s
08:14:15  src.cpcv.pipeline  INFO      applied lstm: {'hidden_size': 8, 'num_layers': 1, 'dropout': 0.4852142919229748, 'learning_rate': 0.009454306819536176}
08:14:16  src.cpcv.pipeline  INFO    [ 28/84]                 lstm (seed=0) F1=0.461  AUC=0.554  LL=0.7108 (0.7s)
08:14:17  src.cpcv.pipeline  INFO    [ 29/84]                 lstm (seed=1) F1=0.499  AUC=0.494  LL=0.6934 (0.8s)
08:14:18  src.cpcv.pipeline  INFO    [ 30/84]                 lstm (seed=2) F1=0.501  AUC=0.579  LL=0.7233 (0.9s)
08:14:18  src.cpcv.preprocessing  INFO  Computing MDA (Random Forest)...
08:14:43  src.cpcv.preprocessing  INFO  Computing MDA (Logistic Regression)...
08:14:44  src.cpcv.preprocessing  INFO  Multi-model MDA: 37/73 passed (MDA > 0), 36 eliminated
08:14:44  src.cpcv.preprocessing  INFO    Capped at 14 features (top_k_frac=0.2)
08:14:44  src.cpcv.preprocessing  INFO    Selected (14): ['cci_14', 'ema_ratio_20_50', 'fee_per_tx', 'gold_ret_30', 'hashrate_roc_30', 'jarque_bera', 'log_returns', 'log_returns_lag6', 'mfi_14', 'natgas_ret_14', 'natgas_ret_30', 'silver_ret_30', 'skewness', 'sp500_ret_14']
08:14:44  src.cpcv.pipeline  INFO    Preprocessing: 14 features selected, train=494 + val=106 + cal=107, test=239
08:14:44  src.cpcv.tuning  INFO  Tuning (1 model) — Optuna TPE + Purged K-Fold (inner: 3 folds, embargo=10 obs)
08:14:44  src.cpcv.tuning  INFO    [tuning] lstm: 3 purged K-fold splits, 30 Optuna trials (TPE)
08:15:26  src.cpcv.tuning  INFO      lstm: 19 completed, 11 pruned (of 30 total) — best log_loss=0.6765, params={'hidden_size': 16, 'dropout': 0.3768795505537278, 'learning_rate': 0.03660485691819791}
08:15:26  src.cpcv.tuning  INFO    [tuning] lstm done in 42.4s — best log_loss=0.6765
08:15:26  src.cpcv.tuning  INFO  Tuning total: 42.4s
08:15:26  src.cpcv.pipeline  INFO      applied lstm: {'hidden_size': 16, 'num_layers': 1, 'dropout': 0.3768795505537278, 'learning_rate': 0.03660485691819791}
08:15:27  src.cpcv.pipeline  INFO    [ 31/84]                 lstm (seed=0) F1=0.345  AUC=0.513  LL=0.6920 (0.7s)
08:15:28  src.cpcv.pipeline  INFO    [ 32/84]                 lstm (seed=1) F1=0.490  AUC=0.548  LL=0.6949 (0.7s)
08:15:28  src.cpcv.pipeline  INFO    [ 33/84]                 lstm (seed=2) F1=0.548  AUC=0.546  LL=0.7136 (0.7s)
08:15:29  src.cpcv.preprocessing  INFO  Computing MDA (Random Forest)...
08:15:53  src.cpcv.preprocessing  INFO  Computing MDA (Logistic Regression)...
08:15:55  src.cpcv.preprocessing  INFO  Multi-model MDA: 34/73 passed (MDA > 0), 39 eliminated
08:15:55  src.cpcv.preprocessing  INFO    Capped at 14 features (top_k_frac=0.2)
08:15:55  src.cpcv.preprocessing  INFO    Selected (14): ['atr', 'copper_ret_14', 'eth_btc_ratio', 'fee_per_tx', 'jarque_bera', 'log_returns_lag4', 'log_returns_lag6', 'oil_ret_14', 'skewness', 'sp500_ret_30', 'variance_ratio', 'vix', 'vol_term_7_30', 'yield_curve_10y30y']
08:15:55  src.cpcv.pipeline  INFO    Preprocessing: 14 features selected, train=494 + val=106 + cal=107, test=239
08:15:55  src.cpcv.tuning  INFO  Tuning (1 model) — Optuna TPE + Purged K-Fold (inner: 3 folds, embargo=10 obs)
08:15:55  src.cpcv.tuning  INFO    [tuning] lstm: 3 purged K-fold splits, 30 Optuna trials (TPE)
08:16:39  src.cpcv.tuning  INFO      lstm: 16 completed, 14 pruned (of 30 total) — best log_loss=0.6738, params={'hidden_size': 8, 'dropout': 0.3542284324393026, 'learning_rate': 0.018260470919585034}
08:16:39  src.cpcv.tuning  INFO    [tuning] lstm done in 44.8s — best log_loss=0.6738
08:16:39  src.cpcv.tuning  INFO  Tuning total: 44.8s
08:16:39  src.cpcv.pipeline  INFO      applied lstm: {'hidden_size': 8, 'num_layers': 1, 'dropout': 0.3542284324393026, 'learning_rate': 0.018260470919585034}
08:16:40  src.cpcv.pipeline  INFO    [ 34/84]                 lstm (seed=0) F1=0.326  AUC=0.519  LL=0.8720 (1.0s)
08:16:41  src.cpcv.pipeline  INFO    [ 35/84]                 lstm (seed=1) F1=0.512  AUC=0.534  LL=0.7287 (0.7s)
08:16:42  src.cpcv.pipeline  INFO    [ 36/84]                 lstm (seed=2) F1=0.434  AUC=0.458  LL=0.6978 (0.6s)
08:16:42  src.cpcv.preprocessing  INFO  Computing MDA (Random Forest)...
08:17:07  src.cpcv.preprocessing  INFO  Computing MDA (Logistic Regression)...
08:17:08  src.cpcv.preprocessing  INFO  Multi-model MDA: 39/73 passed (MDA > 0), 34 eliminated
08:17:08  src.cpcv.preprocessing  INFO    Capped at 14 features (top_k_frac=0.2)
08:17:08  src.cpcv.preprocessing  INFO    Selected (14): ['dxy_roc_30', 'eth_btc_ratio', 'jarque_bera', 'kurtosis', 'log_returns_lag3', 'macd_hist', 'nasdaq_ret_30', 'obv', 'oil_ret_14', 'sadf', 'sp500_ret_30', 'williams_r', 'yield_curve_2y10y', 'yz_vol']
08:17:08  src.cpcv.pipeline  INFO    Preprocessing: 14 features selected, train=502 + val=108 + cal=108, test=239
08:17:08  src.cpcv.tuning  INFO  Tuning (1 model) — Optuna TPE + Purged K-Fold (inner: 3 folds, embargo=10 obs)
08:17:08  src.cpcv.tuning  INFO    [tuning] lstm: 3 purged K-fold splits, 30 Optuna trials (TPE)
08:17:44  src.cpcv.tuning  INFO      lstm: 16 completed, 14 pruned (of 30 total) — best log_loss=0.6874, params={'hidden_size': 16, 'dropout': 0.2032639475530097, 'learning_rate': 0.04492804320059423}
08:17:44  src.cpcv.tuning  INFO    [tuning] lstm done in 36.1s — best log_loss=0.6874
08:17:44  src.cpcv.tuning  INFO  Tuning total: 36.1s
08:17:44  src.cpcv.pipeline  INFO      applied lstm: {'hidden_size': 16, 'num_layers': 1, 'dropout': 0.2032639475530097, 'learning_rate': 0.04492804320059423}
08:17:45  src.cpcv.pipeline  INFO    [ 37/84]                 lstm (seed=0) F1=0.363  AUC=0.488  LL=0.6839 (1.0s)
08:17:46  src.cpcv.pipeline  INFO    [ 38/84]                 lstm (seed=1) F1=0.481  AUC=0.517  LL=0.6912 (0.8s)
08:17:46  src.cpcv.pipeline  INFO    [ 39/84]                 lstm (seed=2) F1=0.363  AUC=0.469  LL=0.6868 (0.7s)
08:17:47  src.cpcv.preprocessing  INFO  Computing MDA (Random Forest)...
08:18:11  src.cpcv.preprocessing  INFO  Computing MDA (Logistic Regression)...
08:18:12  src.cpcv.preprocessing  INFO  Multi-model MDA: 37/73 passed (MDA > 0), 36 eliminated
08:18:12  src.cpcv.preprocessing  INFO    Capped at 14 features (top_k_frac=0.2)
08:18:12  src.cpcv.preprocessing  INFO    Selected (14): ['eth_btc_ratio', 'log_returns_lag2', 'log_returns_lag6', 'macd_hist', 'obv', 'oil_ret_30', 'roc_14', 'sadf', 'silver_ret_30', 'sp500_ret_30', 'stoch_d', 'vol_term_30_90', 'williams_r', 'yield_curve_2y10y']
08:18:12  src.cpcv.pipeline  INFO    Preprocessing: 14 features selected, train=464 + val=99 + cal=100, test=292
08:18:12  src.cpcv.tuning  INFO  Tuning (1 model) — Optuna TPE + Purged K-Fold (inner: 3 folds, embargo=10 obs)
08:18:12  src.cpcv.tuning  INFO    [tuning] lstm: 3 purged K-fold splits, 30 Optuna trials (TPE)
08:18:48  src.cpcv.tuning  INFO      lstm: 18 completed, 12 pruned (of 30 total) — best log_loss=0.6851, params={'hidden_size': 8, 'dropout': 0.41365590664780355, 'learning_rate': 0.04839964507282664}
08:18:48  src.cpcv.tuning  INFO    [tuning] lstm done in 35.1s — best log_loss=0.6851
08:18:48  src.cpcv.tuning  INFO  Tuning total: 35.1s
08:18:48  src.cpcv.pipeline  INFO      applied lstm: {'hidden_size': 8, 'num_layers': 1, 'dropout': 0.41365590664780355, 'learning_rate': 0.04839964507282664}
08:18:48  src.cpcv.pipeline  INFO    [ 40/84]                 lstm (seed=0) F1=0.469  AUC=0.496  LL=0.7054 (0.8s)
08:18:49  src.cpcv.pipeline  INFO    [ 41/84]                 lstm (seed=1) F1=0.345  AUC=0.561  LL=0.6919 (0.9s)
08:18:50  src.cpcv.pipeline  INFO    [ 42/84]                 lstm (seed=2) F1=0.337  AUC=0.500  LL=0.6937 (0.7s)
08:18:50  src.cpcv.preprocessing  INFO  Computing MDA (Random Forest)...
08:19:15  src.cpcv.preprocessing  INFO  Computing MDA (Logistic Regression)...
08:19:16  src.cpcv.preprocessing  INFO  Multi-model MDA: 39/73 passed (MDA > 0), 34 eliminated
08:19:16  src.cpcv.preprocessing  INFO    Capped at 14 features (top_k_frac=0.2)
08:19:16  src.cpcv.preprocessing  INFO    Selected (14): ['ema_ratio_20_50', 'eth_btc_ratio', 'issuance_ntv', 'log_returns_lag4', 'mvrv', 'oil_ret_14', 'roc_14', 'skewness', 'sp500_ret_14', 'sp500_ret_30', 'stoch_d', 'us2y', 'yield_curve_10y30y', 'yield_curve_2y10y']
08:19:16  src.cpcv.pipeline  INFO    Preprocessing: 14 features selected, train=455 + val=98 + cal=98, test=292
08:19:16  src.cpcv.tuning  INFO  Tuning (1 model) — Optuna TPE + Purged K-Fold (inner: 3 folds, embargo=10 obs)
08:19:16  src.cpcv.tuning  INFO    [tuning] lstm: 3 purged K-fold splits, 30 Optuna trials (TPE)
08:19:50  src.cpcv.tuning  INFO      lstm: 14 completed, 16 pruned (of 30 total) — best log_loss=0.6846, params={'hidden_size': 16, 'dropout': 0.335852876374427, 'learning_rate': 0.04967931340641835}
08:19:50  src.cpcv.tuning  INFO    [tuning] lstm done in 33.8s — best log_loss=0.6846
08:19:50  src.cpcv.tuning  INFO  Tuning total: 33.8s
08:19:50  src.cpcv.pipeline  INFO      applied lstm: {'hidden_size': 16, 'num_layers': 1, 'dropout': 0.335852876374427, 'learning_rate': 0.04967931340641835}
08:19:51  src.cpcv.pipeline  INFO    [ 43/84]                 lstm (seed=0) F1=0.499  AUC=0.544  LL=0.6975 (0.9s)
08:19:52  src.cpcv.pipeline  INFO    [ 44/84]                 lstm (seed=1) F1=0.498  AUC=0.501  LL=0.6932 (1.2s)
08:19:53  src.cpcv.pipeline  INFO    [ 45/84]                 lstm (seed=2) F1=0.483  AUC=0.573  LL=0.7334 (0.8s)
08:19:53  src.cpcv.preprocessing  INFO  Computing MDA (Random Forest)...
08:20:18  src.cpcv.preprocessing  INFO  Computing MDA (Logistic Regression)...
08:20:19  src.cpcv.preprocessing  INFO  Multi-model MDA: 30/73 passed (MDA > 0), 43 eliminated
08:20:19  src.cpcv.preprocessing  INFO    Capped at 14 features (top_k_frac=0.2)
08:20:19  src.cpcv.preprocessing  INFO    Selected (14): ['ema_ratio_50_200', 'log_returns', 'log_returns_lag2', 'log_returns_lag30', 'log_returns_lag7', 'natgas_ret_14', 'natgas_ret_30', 'rsi', 'skewness', 'sp500_ret_14', 'us10y', 'us2y', 'vix', 'yield_curve_10y30y']
08:20:19  src.cpcv.pipeline  INFO    Preprocessing: 14 features selected, train=455 + val=98 + cal=98, test=292
08:20:19  src.cpcv.tuning  INFO  Tuning (1 model) — Optuna TPE + Purged K-Fold (inner: 3 folds, embargo=10 obs)
08:20:19  src.cpcv.tuning  INFO    [tuning] lstm: 3 purged K-fold splits, 30 Optuna trials (TPE)
08:20:52  src.cpcv.tuning  INFO      lstm: 12 completed, 18 pruned (of 30 total) — best log_loss=0.6821, params={'hidden_size': 8, 'dropout': 0.3872250581517096, 'learning_rate': 0.013031452999306192}
08:20:52  src.cpcv.tuning  INFO    [tuning] lstm done in 32.6s — best log_loss=0.6821
08:20:52  src.cpcv.tuning  INFO  Tuning total: 32.6s
08:20:52  src.cpcv.pipeline  INFO      applied lstm: {'hidden_size': 8, 'num_layers': 1, 'dropout': 0.3872250581517096, 'learning_rate': 0.013031452999306192}
08:20:53  src.cpcv.pipeline  INFO    [ 46/84]                 lstm (seed=0) F1=0.531  AUC=0.566  LL=0.7019 (1.2s)
08:20:54  src.cpcv.pipeline  INFO    [ 47/84]                 lstm (seed=1) F1=0.553  AUC=0.567  LL=0.6909 (0.7s)
08:20:54  src.cpcv.pipeline  INFO    [ 48/84]                 lstm (seed=2) F1=0.406  AUC=0.518  LL=0.7422 (0.7s)
08:20:55  src.cpcv.preprocessing  INFO  Computing MDA (Random Forest)...
08:21:19  src.cpcv.preprocessing  INFO  Computing MDA (Logistic Regression)...
08:21:21  src.cpcv.preprocessing  INFO  Multi-model MDA: 37/73 passed (MDA > 0), 36 eliminated
08:21:21  src.cpcv.preprocessing  INFO    Capped at 14 features (top_k_frac=0.2)
08:21:21  src.cpcv.preprocessing  INFO    Selected (14): ['dxy_roc_30', 'exchange_supply_pct', 'jarque_bera', 'log_returns_lag5', 'log_returns_lag6', 'lz_complexity', 'nasdaq_ret_14', 'nasdaq_ret_30', 'obv', 'oil_ret_14', 'rsi', 'sadf', 'silver_ret_30', 'smt_exp']
08:21:21  src.cpcv.pipeline  INFO    Preprocessing: 14 features selected, train=455 + val=98 + cal=98, test=292
08:21:21  src.cpcv.tuning  INFO  Tuning (1 model) — Optuna TPE + Purged K-Fold (inner: 3 folds, embargo=10 obs)
08:21:21  src.cpcv.tuning  INFO    [tuning] lstm: 3 purged K-fold splits, 30 Optuna trials (TPE)
08:21:57  src.cpcv.tuning  INFO      lstm: 21 completed, 9 pruned (of 30 total) — best log_loss=0.6751, params={'hidden_size': 16, 'dropout': 0.2032639475530097, 'learning_rate': 0.04492804320059423}
08:21:57  src.cpcv.tuning  INFO    [tuning] lstm done in 36.6s — best log_loss=0.6751
08:21:57  src.cpcv.tuning  INFO  Tuning total: 36.6s
08:21:57  src.cpcv.pipeline  INFO      applied lstm: {'hidden_size': 16, 'num_layers': 1, 'dropout': 0.2032639475530097, 'learning_rate': 0.04492804320059423}
08:21:58  src.cpcv.pipeline  INFO    [ 49/84]                 lstm (seed=0) F1=0.425  AUC=0.412  LL=0.7635 (0.7s)
08:21:58  src.cpcv.pipeline  INFO    [ 50/84]                 lstm (seed=1) F1=0.340  AUC=0.482  LL=0.6929 (0.6s)
08:21:59  src.cpcv.pipeline  INFO    [ 51/84]                 lstm (seed=2) F1=0.445  AUC=0.439  LL=0.6991 (0.8s)
08:22:00  src.cpcv.preprocessing  INFO  Computing MDA (Random Forest)...
08:22:24  src.cpcv.preprocessing  INFO  Computing MDA (Logistic Regression)...
08:22:25  src.cpcv.preprocessing  INFO  Multi-model MDA: 40/73 passed (MDA > 0), 33 eliminated
08:22:25  src.cpcv.preprocessing  INFO    Capped at 14 features (top_k_frac=0.2)
08:22:25  src.cpcv.preprocessing  INFO    Selected (14): ['chaikin_osc', 'dxy_roc_30', 'exchange_supply_pct', 'fee_per_tx', 'gk_vol', 'jarque_bera', 'kurtosis', 'log_returns_lag1', 'macd_hist', 'natgas_ret_30', 'obv', 'roc_14', 'sadf', 'smt_exp']
08:22:26  src.cpcv.pipeline  INFO    Preprocessing: 14 features selected, train=463 + val=99 + cal=100, test=292
08:22:26  src.cpcv.tuning  INFO  Tuning (1 model) — Optuna TPE + Purged K-Fold (inner: 3 folds, embargo=10 obs)
08:22:26  src.cpcv.tuning  INFO    [tuning] lstm: 3 purged K-fold splits, 30 Optuna trials (TPE)
08:23:04  src.cpcv.tuning  INFO      lstm: 23 completed, 7 pruned (of 30 total) — best log_loss=0.6782, params={'hidden_size': 8, 'dropout': 0.3722218557021118, 'learning_rate': 0.035259183244774964}
08:23:04  src.cpcv.tuning  INFO    [tuning] lstm done in 38.7s — best log_loss=0.6782
08:23:04  src.cpcv.tuning  INFO  Tuning total: 38.7s
08:23:04  src.cpcv.pipeline  INFO      applied lstm: {'hidden_size': 8, 'num_layers': 1, 'dropout': 0.3722218557021118, 'learning_rate': 0.035259183244774964}
08:23:05  src.cpcv.pipeline  INFO    [ 52/84]                 lstm (seed=0) F1=0.340  AUC=0.486  LL=0.7048 (0.8s)
08:23:06  src.cpcv.pipeline  INFO    [ 53/84]                 lstm (seed=1) F1=0.340  AUC=0.446  LL=0.7049 (0.7s)
08:23:06  src.cpcv.pipeline  INFO    [ 54/84]                 lstm (seed=2) F1=0.340  AUC=0.484  LL=0.7041 (0.7s)
08:23:07  src.cpcv.preprocessing  INFO  Computing MDA (Random Forest)...
08:23:32  src.cpcv.preprocessing  INFO  Computing MDA (Logistic Regression)...
08:23:33  src.cpcv.preprocessing  INFO  Multi-model MDA: 39/73 passed (MDA > 0), 34 eliminated
08:23:33  src.cpcv.preprocessing  INFO    Capped at 14 features (top_k_frac=0.2)
08:23:33  src.cpcv.preprocessing  INFO    Selected (14): ['copper_ret_14', 'eth_btc_ratio', 'kurtosis', 'log_returns_lag14', 'log_returns_lag2', 'log_returns_lag3', 'log_returns_lag7', 'lz_complexity', 'natgas_ret_30', 'oil_ret_14', 'rsi', 'skewness', 'smt_poly1', 'sp500_ret_30']
08:23:33  src.cpcv.pipeline  INFO    Preprocessing: 14 features selected, train=465 + val=100 + cal=100, test=292
08:23:33  src.cpcv.tuning  INFO  Tuning (1 model) — Optuna TPE + Purged K-Fold (inner: 3 folds, embargo=10 obs)
08:23:33  src.cpcv.tuning  INFO    [tuning] lstm: 3 purged K-fold splits, 30 Optuna trials (TPE)
08:24:06  src.cpcv.tuning  INFO      lstm: 14 completed, 16 pruned (of 30 total) — best log_loss=0.6742, params={'hidden_size': 8, 'dropout': 0.33567746801602333, 'learning_rate': 0.049390802674934925}
08:24:06  src.cpcv.tuning  INFO    [tuning] lstm done in 33.5s — best log_loss=0.6742
08:24:06  src.cpcv.tuning  INFO  Tuning total: 33.5s
08:24:06  src.cpcv.pipeline  INFO      applied lstm: {'hidden_size': 8, 'num_layers': 1, 'dropout': 0.33567746801602333, 'learning_rate': 0.049390802674934925}
08:24:07  src.cpcv.pipeline  INFO    [ 55/84]                 lstm (seed=0) F1=0.480  AUC=0.501  LL=0.7644 (0.8s)
08:24:08  src.cpcv.pipeline  INFO    [ 56/84]                 lstm (seed=1) F1=0.363  AUC=0.475  LL=0.6875 (0.7s)
08:24:09  src.cpcv.pipeline  INFO    [ 57/84]                 lstm (seed=2) F1=0.363  AUC=0.563  LL=0.6859 (0.7s)
08:24:09  src.cpcv.preprocessing  INFO  Computing MDA (Random Forest)...
08:24:34  src.cpcv.preprocessing  INFO  Computing MDA (Logistic Regression)...
08:24:35  src.cpcv.preprocessing  INFO  Multi-model MDA: 38/73 passed (MDA > 0), 35 eliminated
08:24:35  src.cpcv.preprocessing  INFO    Capped at 14 features (top_k_frac=0.2)
08:24:35  src.cpcv.preprocessing  INFO    Selected (14): ['ema_ratio_20_50', 'log_returns_lag30', 'log_returns_lag5', 'log_returns_lag6', 'log_returns_lag7', 'mvrv', 'net_exchange_flow', 'oil_ret_14', 'silver_ret_14', 'skewness', 'sp500_ret_14', 'us10y', 'variance_ratio', 'vix']
08:24:35  src.cpcv.pipeline  INFO    Preprocessing: 14 features selected, train=457 + val=98 + cal=98, test=292
08:24:35  src.cpcv.tuning  INFO  Tuning (1 model) — Optuna TPE + Purged K-Fold (inner: 3 folds, embargo=10 obs)
08:24:35  src.cpcv.tuning  INFO    [tuning] lstm: 3 purged K-fold splits, 30 Optuna trials (TPE)
08:25:10  src.cpcv.tuning  INFO      lstm: 17 completed, 13 pruned (of 30 total) — best log_loss=0.6776, params={'hidden_size': 8, 'dropout': 0.43331348105208223, 'learning_rate': 0.02692297340710045}
08:25:10  src.cpcv.tuning  INFO    [tuning] lstm done in 35.0s — best log_loss=0.6776
08:25:10  src.cpcv.tuning  INFO  Tuning total: 35.0s
08:25:10  src.cpcv.pipeline  INFO      applied lstm: {'hidden_size': 8, 'num_layers': 1, 'dropout': 0.43331348105208223, 'learning_rate': 0.02692297340710045}
08:25:11  src.cpcv.pipeline  INFO    [ 58/84]                 lstm (seed=0) F1=0.424  AUC=0.549  LL=0.7569 (0.8s)
08:25:12  src.cpcv.pipeline  INFO    [ 59/84]                 lstm (seed=1) F1=0.407  AUC=0.491  LL=0.7567 (0.8s)
08:25:13  src.cpcv.pipeline  INFO    [ 60/84]                 lstm (seed=2) F1=0.471  AUC=0.520  LL=0.7340 (0.7s)
08:25:13  src.cpcv.preprocessing  INFO  Computing MDA (Random Forest)...
08:25:37  src.cpcv.preprocessing  INFO  Computing MDA (Logistic Regression)...
08:25:39  src.cpcv.preprocessing  INFO  Multi-model MDA: 37/73 passed (MDA > 0), 36 eliminated
08:25:39  src.cpcv.preprocessing  INFO    Capped at 14 features (top_k_frac=0.2)
08:25:39  src.cpcv.preprocessing  INFO    Selected (14): ['eth_btc_ratio', 'gold_ret_30', 'kurtosis', 'log_returns_lag3', 'log_returns_lag6', 'log_returns_lag7', 'macd_hist', 'realized_vol', 'silver_ret_30', 'sp500_ret_30', 'stoch_k', 'variance_ratio', 'williams_r', 'yield_curve_2y10y']
08:25:39  src.cpcv.pipeline  INFO    Preprocessing: 14 features selected, train=457 + val=98 + cal=98, test=292
08:25:39  src.cpcv.tuning  INFO  Tuning (1 model) — Optuna TPE + Purged K-Fold (inner: 3 folds, embargo=10 obs)
08:25:39  src.cpcv.tuning  INFO    [tuning] lstm: 3 purged K-fold splits, 30 Optuna trials (TPE)
08:26:15  src.cpcv.tuning  INFO      lstm: 11 completed, 19 pruned (of 30 total) — best log_loss=0.6687, params={'hidden_size': 8, 'dropout': 0.4852142919229748, 'learning_rate': 0.009454306819536176}
08:26:15  src.cpcv.tuning  INFO    [tuning] lstm done in 35.9s — best log_loss=0.6687
08:26:15  src.cpcv.tuning  INFO  Tuning total: 35.9s
08:26:15  src.cpcv.pipeline  INFO      applied lstm: {'hidden_size': 8, 'num_layers': 1, 'dropout': 0.4852142919229748, 'learning_rate': 0.009454306819536176}
08:26:15  src.cpcv.pipeline  INFO    [ 61/84]                 lstm (seed=0) F1=0.476  AUC=0.549  LL=0.7608 (0.7s)
08:26:16  src.cpcv.pipeline  INFO    [ 62/84]                 lstm (seed=1) F1=0.436  AUC=0.508  LL=0.7416 (0.6s)
08:26:18  src.cpcv.pipeline  INFO    [ 63/84]                 lstm (seed=2) F1=0.489  AUC=0.575  LL=0.7182 (1.7s)
08:26:18  src.cpcv.preprocessing  INFO  Computing MDA (Random Forest)...
08:26:43  src.cpcv.preprocessing  INFO  Computing MDA (Logistic Regression)...
08:26:44  src.cpcv.preprocessing  INFO  Multi-model MDA: 38/73 passed (MDA > 0), 35 eliminated
08:26:44  src.cpcv.preprocessing  INFO    Capped at 14 features (top_k_frac=0.2)
08:26:44  src.cpcv.preprocessing  INFO    Selected (14): ['active_addr_roc_14', 'bb_width', 'copper_ret_30', 'eth_btc_ratio', 'exchange_supply_pct', 'log_returns_lag1', 'log_returns_lag5', 'log_returns_lag6', 'oil_ret_14', 'silver_ret_30', 'smt_poly1', 'sp500_ret_30', 'yield_curve_10y30y', 'yz_vol']
08:26:44  src.cpcv.pipeline  INFO    Preprocessing: 14 features selected, train=464 + val=100 + cal=100, test=292
08:26:44  src.cpcv.tuning  INFO  Tuning (1 model) — Optuna TPE + Purged K-Fold (inner: 3 folds, embargo=10 obs)
08:26:44  src.cpcv.tuning  INFO    [tuning] lstm: 3 purged K-fold splits, 30 Optuna trials (TPE)
08:27:20  src.cpcv.tuning  INFO      lstm: 18 completed, 12 pruned (of 30 total) — best log_loss=0.6764, params={'hidden_size': 16, 'dropout': 0.32385921979365445, 'learning_rate': 0.009945820782524237}
08:27:20  src.cpcv.tuning  INFO    [tuning] lstm done in 36.7s — best log_loss=0.6764
08:27:20  src.cpcv.tuning  INFO  Tuning total: 36.7s
08:27:20  src.cpcv.pipeline  INFO      applied lstm: {'hidden_size': 16, 'num_layers': 1, 'dropout': 0.32385921979365445, 'learning_rate': 0.009945820782524237}
08:27:21  src.cpcv.pipeline  INFO    [ 64/84]                 lstm (seed=0) F1=0.353  AUC=0.499  LL=0.6962 (0.8s)
08:27:22  src.cpcv.pipeline  INFO    [ 65/84]                 lstm (seed=1) F1=0.353  AUC=0.574  LL=0.7081 (0.8s)
08:27:23  src.cpcv.pipeline  INFO    [ 66/84]                 lstm (seed=2) F1=0.353  AUC=0.515  LL=0.7356 (0.8s)
08:27:23  src.cpcv.preprocessing  INFO  Computing MDA (Random Forest)...
08:27:48  src.cpcv.preprocessing  INFO  Computing MDA (Logistic Regression)...
08:27:49  src.cpcv.preprocessing  INFO  Multi-model MDA: 38/73 passed (MDA > 0), 35 eliminated
08:27:49  src.cpcv.preprocessing  INFO    Capped at 14 features (top_k_frac=0.2)
08:27:49  src.cpcv.preprocessing  INFO    Selected (14): ['cci_14', 'ema_ratio_20_50', 'fee_per_tx', 'log_returns_lag2', 'log_returns_lag5', 'log_returns_lag6', 'macd', 'macd_hist', 'mfi_14', 'net_exchange_flow', 'obv', 'sadf', 'smt_exp', 'vol_term_30_90']
08:27:49  src.cpcv.pipeline  INFO    Preprocessing: 14 features selected, train=465 + val=100 + cal=100, test=292
08:27:49  src.cpcv.tuning  INFO  Tuning (1 model) — Optuna TPE + Purged K-Fold (inner: 3 folds, embargo=10 obs)
08:27:49  src.cpcv.tuning  INFO    [tuning] lstm: 3 purged K-fold splits, 30 Optuna trials (TPE)
08:28:29  src.cpcv.tuning  INFO      lstm: 17 completed, 13 pruned (of 30 total) — best log_loss=0.6895, params={'hidden_size': 16, 'dropout': 0.4951672006830229, 'learning_rate': 0.033251206284778526}
08:28:29  src.cpcv.tuning  INFO    [tuning] lstm done in 40.1s — best log_loss=0.6895
08:28:29  src.cpcv.tuning  INFO  Tuning total: 40.1s
08:28:29  src.cpcv.pipeline  INFO      applied lstm: {'hidden_size': 16, 'num_layers': 1, 'dropout': 0.4951672006830229, 'learning_rate': 0.033251206284778526}
08:28:30  src.cpcv.pipeline  INFO    [ 67/84]                 lstm (seed=0) F1=0.356  AUC=0.435  LL=0.6894 (0.9s)
08:28:30  src.cpcv.pipeline  INFO    [ 68/84]                 lstm (seed=1) F1=0.356  AUC=0.441  LL=0.6893 (0.7s)
08:28:31  src.cpcv.pipeline  INFO    [ 69/84]                 lstm (seed=2) F1=0.389  AUC=0.509  LL=0.6896 (0.7s)
08:28:32  src.cpcv.preprocessing  INFO  Computing MDA (Random Forest)...
08:28:56  src.cpcv.preprocessing  INFO  Computing MDA (Logistic Regression)...
08:28:57  src.cpcv.preprocessing  INFO  Multi-model MDA: 40/73 passed (MDA > 0), 33 eliminated
08:28:57  src.cpcv.preprocessing  INFO    Capped at 14 features (top_k_frac=0.2)
08:28:57  src.cpcv.preprocessing  INFO    Selected (14): ['bb_width', 'eth_btc_ratio', 'gk_vol', 'gold_ret_30', 'hashrate_roc_30', 'hurst', 'log_returns_lag1', 'log_returns_lag21', 'log_returns_lag4', 'log_returns_lag6', 'nasdaq_ret_14', 'silver_ret_30', 'smt_poly1', 'yield_curve_10y30y']
08:28:57  src.cpcv.pipeline  INFO    Preprocessing: 14 features selected, train=457 + val=98 + cal=98, test=292
08:28:57  src.cpcv.tuning  INFO  Tuning (1 model) — Optuna TPE + Purged K-Fold (inner: 3 folds, embargo=10 obs)
08:28:57  src.cpcv.tuning  INFO    [tuning] lstm: 3 purged K-fold splits, 30 Optuna trials (TPE)
08:29:38  src.cpcv.tuning  INFO      lstm: 17 completed, 13 pruned (of 30 total) — best log_loss=0.6803, params={'hidden_size': 16, 'dropout': 0.22320386537461584, 'learning_rate': 0.014415463504434022}
08:29:38  src.cpcv.tuning  INFO    [tuning] lstm done in 40.5s — best log_loss=0.6803
08:29:38  src.cpcv.tuning  INFO  Tuning total: 40.5s
08:29:38  src.cpcv.pipeline  INFO      applied lstm: {'hidden_size': 16, 'num_layers': 1, 'dropout': 0.22320386537461584, 'learning_rate': 0.014415463504434022}
08:29:38  src.cpcv.pipeline  INFO    [ 70/84]                 lstm (seed=0) F1=0.370  AUC=0.540  LL=0.6884 (0.6s)
08:29:39  src.cpcv.pipeline  INFO    [ 71/84]                 lstm (seed=1) F1=0.514  AUC=0.550  LL=0.6876 (0.7s)
08:29:40  src.cpcv.pipeline  INFO    [ 72/84]                 lstm (seed=2) F1=0.546  AUC=0.540  LL=0.6883 (0.7s)
08:29:40  src.cpcv.preprocessing  INFO  Computing MDA (Random Forest)...
08:30:05  src.cpcv.preprocessing  INFO  Computing MDA (Logistic Regression)...
08:30:06  src.cpcv.preprocessing  INFO  Multi-model MDA: 41/73 passed (MDA > 0), 32 eliminated
08:30:06  src.cpcv.preprocessing  INFO    Capped at 14 features (top_k_frac=0.2)
08:30:06  src.cpcv.preprocessing  INFO    Selected (14): ['ema_ratio_50_200', 'gk_vol', 'log_returns_lag1', 'log_returns_lag14', 'log_returns_lag21', 'log_returns_lag3', 'log_returns_lag30', 'log_returns_lag4', 'nasdaq_ret_30', 'realized_vol', 'silver_ret_30', 'smt_poly1', 'tx_count_roc_14', 'vol_term_7_30']
08:30:06  src.cpcv.pipeline  INFO    Preprocessing: 14 features selected, train=464 + val=100 + cal=100, test=292
08:30:06  src.cpcv.tuning  INFO  Tuning (1 model) — Optuna TPE + Purged K-Fold (inner: 3 folds, embargo=10 obs)
08:30:06  src.cpcv.tuning  INFO    [tuning] lstm: 3 purged K-fold splits, 30 Optuna trials (TPE)
08:30:37  src.cpcv.tuning  INFO      lstm: 13 completed, 17 pruned (of 30 total) — best log_loss=0.6955, params={'hidden_size': 16, 'dropout': 0.20174565862100655, 'learning_rate': 0.04492226065529691}
08:30:37  src.cpcv.tuning  INFO    [tuning] lstm done in 30.6s — best log_loss=0.6955
08:30:37  src.cpcv.tuning  INFO  Tuning total: 30.6s
08:30:37  src.cpcv.pipeline  INFO      applied lstm: {'hidden_size': 16, 'num_layers': 1, 'dropout': 0.20174565862100655, 'learning_rate': 0.04492226065529691}
08:30:37  src.cpcv.pipeline  INFO    [ 73/84]                 lstm (seed=0) F1=0.370  AUC=0.458  LL=0.6824 (0.8s)
08:30:38  src.cpcv.pipeline  INFO    [ 74/84]                 lstm (seed=1) F1=0.370  AUC=0.528  LL=0.6776 (0.6s)
08:30:39  src.cpcv.pipeline  INFO    [ 75/84]                 lstm (seed=2) F1=0.370  AUC=0.459  LL=0.6786 (0.7s)
08:30:39  src.cpcv.preprocessing  INFO  Computing MDA (Random Forest)...
08:31:04  src.cpcv.preprocessing  INFO  Computing MDA (Logistic Regression)...
08:31:05  src.cpcv.preprocessing  INFO  Multi-model MDA: 39/73 passed (MDA > 0), 34 eliminated
08:31:05  src.cpcv.preprocessing  INFO    Capped at 14 features (top_k_frac=0.2)
08:31:05  src.cpcv.preprocessing  INFO    Selected (14): ['cci_14', 'dxy_roc_30', 'ema_ratio_50_200', 'fee_per_tx', 'gk_vol', 'gold_ret_14', 'gold_ret_30', 'kurtosis', 'log_returns', 'log_returns_lag2', 'log_returns_lag5', 'log_returns_lag6', 'smt_poly1', 'vix']
08:31:05  src.cpcv.pipeline  INFO    Preprocessing: 14 features selected, train=465 + val=100 + cal=100, test=292
08:31:05  src.cpcv.tuning  INFO  Tuning (1 model) — Optuna TPE + Purged K-Fold (inner: 3 folds, embargo=10 obs)
08:31:05  src.cpcv.tuning  INFO    [tuning] lstm: 3 purged K-fold splits, 30 Optuna trials (TPE)
08:31:38  src.cpcv.tuning  INFO      lstm: 12 completed, 18 pruned (of 30 total) — best log_loss=0.6937, params={'hidden_size': 16, 'dropout': 0.4393444695713194, 'learning_rate': 0.03478575546680561}
08:31:38  src.cpcv.tuning  INFO    [tuning] lstm done in 32.4s — best log_loss=0.6937
08:31:38  src.cpcv.tuning  INFO  Tuning total: 32.4s
08:31:38  src.cpcv.pipeline  INFO      applied lstm: {'hidden_size': 16, 'num_layers': 1, 'dropout': 0.4393444695713194, 'learning_rate': 0.03478575546680561}
08:31:38  src.cpcv.pipeline  INFO    [ 76/84]                 lstm (seed=0) F1=0.421  AUC=0.471  LL=0.7021 (0.7s)
08:31:39  src.cpcv.pipeline  INFO    [ 77/84]                 lstm (seed=1) F1=0.483  AUC=0.510  LL=0.7414 (1.0s)
08:31:40  src.cpcv.pipeline  INFO    [ 78/84]                 lstm (seed=2) F1=0.529  AUC=0.528  LL=0.7409 (0.7s)
08:31:40  src.cpcv.preprocessing  INFO  Computing MDA (Random Forest)...
08:32:05  src.cpcv.preprocessing  INFO  Computing MDA (Logistic Regression)...
08:32:06  src.cpcv.preprocessing  INFO  Multi-model MDA: 31/73 passed (MDA > 0), 42 eliminated
08:32:06  src.cpcv.preprocessing  INFO    Capped at 14 features (top_k_frac=0.2)
08:32:06  src.cpcv.preprocessing  INFO    Selected (14): ['active_addr_roc_14', 'bb_width', 'eth_btc_ratio', 'exchange_supply_pct', 'gold_ret_14', 'log_returns_lag1', 'log_returns_lag2', 'log_returns_lag6', 'log_returns_lag7', 'natgas_ret_14', 'shannon_entropy', 'stoch_k', 'us10y', 'vix']
08:32:06  src.cpcv.pipeline  INFO    Preprocessing: 14 features selected, train=464 + val=100 + cal=100, test=292
08:32:06  src.cpcv.tuning  INFO  Tuning (1 model) — Optuna TPE + Purged K-Fold (inner: 3 folds, embargo=10 obs)
08:32:06  src.cpcv.tuning  INFO    [tuning] lstm: 3 purged K-fold splits, 30 Optuna trials (TPE)
08:32:45  src.cpcv.tuning  INFO      lstm: 25 completed, 5 pruned (of 30 total) — best log_loss=0.6801, params={'hidden_size': 16, 'dropout': 0.20617534828874073, 'learning_rate': 0.04147225000481637}
08:32:45  src.cpcv.tuning  INFO    [tuning] lstm done in 38.8s — best log_loss=0.6801
08:32:45  src.cpcv.tuning  INFO  Tuning total: 38.8s
08:32:45  src.cpcv.pipeline  INFO      applied lstm: {'hidden_size': 16, 'num_layers': 1, 'dropout': 0.20617534828874073, 'learning_rate': 0.04147225000481637}
08:32:46  src.cpcv.pipeline  INFO    [ 79/84]                 lstm (seed=0) F1=0.407  AUC=0.588  LL=0.7590 (0.6s)
08:32:46  src.cpcv.pipeline  INFO    [ 80/84]                 lstm (seed=1) F1=0.467  AUC=0.528  LL=0.7504 (0.6s)
08:32:47  src.cpcv.pipeline  INFO    [ 81/84]                 lstm (seed=2) F1=0.340  AUC=0.551  LL=0.7013 (0.7s)
08:32:47  src.cpcv.preprocessing  INFO  Computing MDA (Random Forest)...
08:33:13  src.cpcv.preprocessing  INFO  Computing MDA (Logistic Regression)...
08:33:14  src.cpcv.preprocessing  INFO  Multi-model MDA: 38/73 passed (MDA > 0), 35 eliminated
08:33:14  src.cpcv.preprocessing  INFO    Capped at 14 features (top_k_frac=0.2)
08:33:14  src.cpcv.preprocessing  INFO    Selected (14): ['dxy_roc_30', 'exchange_supply_pct', 'hurst', 'log_returns_lag1', 'log_returns_lag4', 'macd_signal', 'roc_14', 'silver_ret_30', 'skewness', 'smt_exp', 'stoch_d', 'williams_r', 'yield_curve_2y10y', 'yz_vol']
08:33:14  src.cpcv.pipeline  INFO    Preprocessing: 14 features selected, train=473 + val=101 + cal=102, test=292
08:33:14  src.cpcv.tuning  INFO  Tuning (1 model) — Optuna TPE + Purged K-Fold (inner: 3 folds, embargo=10 obs)
08:33:14  src.cpcv.tuning  INFO    [tuning] lstm: 3 purged K-fold splits, 30 Optuna trials (TPE)
08:33:45  src.cpcv.tuning  INFO      lstm: 17 completed, 13 pruned (of 30 total) — best log_loss=0.6794, params={'hidden_size': 8, 'dropout': 0.3982098568996024, 'learning_rate': 0.04129016530987077}
08:33:45  src.cpcv.tuning  INFO    [tuning] lstm done in 31.1s — best log_loss=0.6794
08:33:45  src.cpcv.tuning  INFO  Tuning total: 31.1s
08:33:45  src.cpcv.pipeline  INFO      applied lstm: {'hidden_size': 8, 'num_layers': 1, 'dropout': 0.3982098568996024, 'learning_rate': 0.04129016530987077}
08:33:46  src.cpcv.pipeline  INFO    [ 82/84]                 lstm (seed=0) F1=0.302  AUC=0.509  LL=0.7284 (1.2s)
08:33:47  src.cpcv.pipeline  INFO    [ 83/84]                 lstm (seed=1) F1=0.302  AUC=0.525  LL=0.7254 (0.6s)
08:33:47  src.cpcv.pipeline  INFO    [ 84/84]                 lstm (seed=2) F1=0.302  AUC=0.531  LL=0.7284 (0.6s)
08:33:47  src.cpcv.pipeline  INFO  ============================================================
08:33:47  src.cpcv.pipeline  INFO  CPCV Pipeline Complete
08:33:47  src.cpcv.pipeline  INFO  ============================================================
08:33:47  src.cpcv.pipeline  INFO    Total time:     1922.0s (32.0m)
08:33:47  src.cpcv.pipeline  INFO    Tasks:          84 succeeded, 0 failed
08:33:47  src.cpcv.pipeline  INFO    Results keys:   84 (model, split, seed) entries
08:33:47  src.cpcv.pipeline  INFO    Backtest paths: 7
08:33:47  src.cpcv.pipeline  INFO    Tuning:         nested (per-split), 28 splits tuned, models=['lstm']
08:33:47  src.cpcv.pipeline  INFO  ============================================================
08:33:48  src.cpcv.pipeline  INFO  ============================================================
08:33:48  src.cpcv.pipeline  INFO  CPCV Pipeline
08:33:48  src.cpcv.pipeline  INFO  ============================================================
08:33:48  src.cpcv.pipeline  INFO    Models:         ['kan']
08:33:48  src.cpcv.pipeline  INFO    Seeds/fold:     3
08:33:48  src.cpcv.pipeline  INFO    Groups (N):     8
08:33:48  src.cpcv.pipeline  INFO    Test groups (k):2
08:33:48  src.cpcv.pipeline  INFO    Embargo:        1.0%
08:33:48  src.cpcv.pipeline  INFO    FFD columns:    ['atr']
08:33:48  src.cpcv.pipeline  INFO    Samples:        1168
08:33:48  src.cpcv.pipeline  INFO    Features:       73
08:33:48  src.cpcv.pipeline  INFO    Splits:         28, Paths: 7
08:33:48  src.cpcv.pipeline  INFO    Tuning:         NESTED (per-split) — ['kan'] [30 trials]
08:33:48  src.cpcv.pipeline  INFO  ============================================================
08:33:48  src.cpcv.preprocessing  INFO  Computing MDA (Random Forest)...
08:34:18  src.cpcv.preprocessing  INFO  Computing MDA (Logistic Regression)...
08:34:19  src.cpcv.preprocessing  INFO  Multi-model MDA: 31/73 passed (MDA > 0), 42 eliminated
08:34:19  src.cpcv.preprocessing  INFO    Capped at 14 features (top_k_frac=0.2)
08:34:19  src.cpcv.preprocessing  INFO    Selected (14): ['ema_ratio_20_50', 'eth_btc_ratio', 'exchange_supply_pct', 'jarque_bera', 'log_returns', 'log_returns_lag6', 'macd_hist', 'natgas_ret_30', 'skewness', 'smt_exp', 'sp500_ret_30', 'variance_ratio', 'vix', 'yield_curve_2y10y']
08:34:19  src.cpcv.pipeline  INFO    Preprocessing: 14 features selected, train=605 + val=130 + cal=130, test=93
08:34:19  src.cpcv.tuning  INFO  Tuning (1 model) — Optuna TPE + Purged K-Fold (inner: 3 folds, embargo=10 obs)
08:34:19  src.cpcv.tuning  INFO    [tuning] kan (efficient-kan + AdamW): 3 purged K-fold splits, 30 Optuna trials (TPE)
08:35:20  src.cpcv.tuning  INFO      kan: 27 completed, 3 pruned (of 30 total) — best log_loss=0.6819, params={'width1': 5, 'lr': 0.02209653154246255, 'weight_decay': 2.20154863980105e-05, 'grid': 5}
08:35:20  src.cpcv.tuning  INFO    [tuning] kan done in 60.7s — best log_loss=0.6819
08:35:20  src.cpcv.tuning  INFO  Tuning total: 60.7s
08:35:20  src.cpcv.pipeline  INFO      applied kan: {'width1': 5, 'width2': 0, 'grid': 5, 'lr': 0.02209653154246255, 'weight_decay': 2.20154863980105e-05}
08:35:20  src.cpcv.models.kan_model  INFO  KAN fitted: widths=[14, 5, 2], grid=5, epochs=21, val_acc=0.4615, val_loss=0.7992, logit_range=[-0.06, 0.13], device=cpu.
08:35:20  src.cpcv.pipeline  INFO    [  1/84]                  kan (seed=0) F1=0.388  AUC=0.376  LL=0.6803 (0.4s)
08:35:21  src.cpcv.models.kan_model  INFO  KAN fitted: widths=[14, 5, 2], grid=5, epochs=21, val_acc=0.4846, val_loss=0.7980, logit_range=[-0.11, 0.10], device=cpu.
08:35:21  src.cpcv.pipeline  INFO    [  2/84]                  kan (seed=1) F1=0.438  AUC=0.465  LL=0.6755 (0.4s)
08:35:21  src.cpcv.models.kan_model  INFO  KAN fitted: widths=[14, 5, 2], grid=5, epochs=21, val_acc=0.4692, val_loss=0.7976, logit_range=[-0.08, 0.06], device=cpu.
08:35:21  src.cpcv.pipeline  INFO    [  3/84]                  kan (seed=2) F1=0.388  AUC=0.456  LL=0.6638 (0.4s)
08:35:21  src.cpcv.preprocessing  INFO  Computing MDA (Random Forest)...
08:35:50  src.cpcv.preprocessing  INFO  Computing MDA (Logistic Regression)...
08:35:51  src.cpcv.preprocessing  INFO  Multi-model MDA: 39/73 passed (MDA > 0), 34 eliminated
08:35:51  src.cpcv.preprocessing  INFO    Capped at 14 features (top_k_frac=0.2)
08:35:51  src.cpcv.preprocessing  INFO    Selected (14): ['cci_14', 'copper_ret_14', 'ema_ratio_50_200', 'gk_vol', 'gold_ret_30', 'log_returns', 'natgas_ret_30', 'oil_ret_14', 'oil_ret_30', 'roc_14', 'rsi', 'silver_ret_30', 'stoch_d', 'yz_vol']
08:35:51  src.cpcv.pipeline  INFO    Preprocessing: 14 features selected, train=566 + val=121 + cal=122, test=146
08:35:51  src.cpcv.tuning  INFO  Tuning (1 model) — Optuna TPE + Purged K-Fold (inner: 3 folds, embargo=10 obs)
08:35:51  src.cpcv.tuning  INFO    [tuning] kan (efficient-kan + AdamW): 3 purged K-fold splits, 30 Optuna trials (TPE)
08:36:32  src.cpcv.tuning  INFO      kan: 10 completed, 20 pruned (of 30 total) — best log_loss=0.6878, params={'width1': 2, 'lr': 0.014390933605060814, 'weight_decay': 0.00044266220622755714, 'grid': 3}
08:36:32  src.cpcv.tuning  INFO    [tuning] kan done in 41.4s — best log_loss=0.6878
08:36:32  src.cpcv.tuning  INFO  Tuning total: 41.4s
08:36:32  src.cpcv.pipeline  INFO      applied kan: {'width1': 2, 'width2': 0, 'grid': 3, 'lr': 0.014390933605060814, 'weight_decay': 0.00044266220622755714}
08:36:33  src.cpcv.models.kan_model  INFO  KAN fitted: widths=[14, 2, 2], grid=3, epochs=21, val_acc=0.5207, val_loss=0.7715, logit_range=[-0.09, 0.08], device=cpu.
08:36:33  src.cpcv.pipeline  INFO    [  4/84]                  kan (seed=0) F1=0.517  AUC=0.500  LL=0.7225 (0.3s)
08:36:33  src.cpcv.models.kan_model  INFO  KAN fitted: widths=[14, 2, 2], grid=3, epochs=21, val_acc=0.4628, val_loss=0.7772, logit_range=[-0.10, 0.10], device=cpu.
08:36:33  src.cpcv.pipeline  INFO    [  5/84]                  kan (seed=1) F1=0.318  AUC=0.551  LL=0.6937 (0.3s)
08:36:33  src.cpcv.models.kan_model  INFO  KAN fitted: widths=[14, 2, 2], grid=3, epochs=21, val_acc=0.4711, val_loss=0.7753, logit_range=[-0.11, 0.07], device=cpu.
08:36:33  src.cpcv.pipeline  INFO    [  6/84]                  kan (seed=2) F1=0.562  AUC=0.585  LL=0.6872 (0.3s)
08:36:34  src.cpcv.preprocessing  INFO  Computing MDA (Random Forest)...
08:37:02  src.cpcv.preprocessing  INFO  Computing MDA (Logistic Regression)...
08:37:03  src.cpcv.preprocessing  INFO  Multi-model MDA: 36/73 passed (MDA > 0), 37 eliminated
08:37:03  src.cpcv.preprocessing  INFO    Capped at 14 features (top_k_frac=0.2)
08:37:03  src.cpcv.preprocessing  INFO    Selected (14): ['atr', 'cci_14', 'dxy_roc_30', 'ema_ratio_20_50', 'eth_btc_ratio', 'log_returns', 'log_returns_lag1', 'log_returns_lag5', 'log_returns_lag6', 'mvrv', 'natgas_ret_30', 'oil_ret_14', 'smt_poly1', 'stoch_d']
08:37:03  src.cpcv.pipeline  INFO    Preprocessing: 14 features selected, train=567 + val=122 + cal=122, test=146
08:37:03  src.cpcv.tuning  INFO  Tuning (1 model) — Optuna TPE + Purged K-Fold (inner: 3 folds, embargo=10 obs)
08:37:03  src.cpcv.tuning  INFO    [tuning] kan (efficient-kan + AdamW): 3 purged K-fold splits, 30 Optuna trials (TPE)
08:38:20  src.cpcv.tuning  INFO      kan: 16 completed, 14 pruned (of 30 total) — best log_loss=0.6886, params={'width1': 5, 'lr': 0.001254057843022616, 'weight_decay': 0.0002442886696734996, 'grid': 3}
08:38:20  src.cpcv.tuning  INFO    [tuning] kan done in 76.7s — best log_loss=0.6886
08:38:20  src.cpcv.tuning  INFO  Tuning total: 76.7s
08:38:20  src.cpcv.pipeline  INFO      applied kan: {'width1': 5, 'width2': 0, 'grid': 3, 'lr': 0.001254057843022616, 'weight_decay': 0.0002442886696734996}
08:38:22  src.cpcv.models.kan_model  INFO  KAN fitted: widths=[14, 5, 2], grid=3, epochs=157, val_acc=0.5410, val_loss=0.7724, logit_range=[-0.45, 0.43], device=cpu.
08:38:22  src.cpcv.pipeline  INFO    [  7/84]                  kan (seed=0) F1=0.487  AUC=0.525  LL=0.6892 (2.5s)
08:38:25  src.cpcv.models.kan_model  INFO  KAN fitted: widths=[14, 5, 2], grid=3, epochs=165, val_acc=0.5820, val_loss=0.7665, logit_range=[-0.48, 0.44], device=cpu.
08:38:25  src.cpcv.pipeline  INFO    [  8/84]                  kan (seed=1) F1=0.526  AUC=0.542  LL=0.6876 (2.8s)
08:38:25  src.cpcv.models.kan_model  INFO  KAN fitted: widths=[14, 5, 2], grid=3, epochs=21, val_acc=0.5082, val_loss=0.7851, logit_range=[-0.12, 0.10], device=cpu.
08:38:25  src.cpcv.pipeline  INFO    [  9/84]                  kan (seed=2) F1=0.354  AUC=0.429  LL=0.6927 (0.3s)
08:38:26  src.cpcv.preprocessing  INFO  Computing MDA (Random Forest)...
08:38:54  src.cpcv.preprocessing  INFO  Computing MDA (Logistic Regression)...
08:38:55  src.cpcv.preprocessing  INFO  Multi-model MDA: 39/73 passed (MDA > 0), 34 eliminated
08:38:55  src.cpcv.preprocessing  INFO    Capped at 14 features (top_k_frac=0.2)
08:38:55  src.cpcv.preprocessing  INFO    Selected (14): ['atr', 'cci_14', 'eth_btc_ratio', 'hashrate_roc_30', 'log_returns_lag21', 'lz_complexity', 'mvrv', 'natgas_ret_30', 'realized_vol', 'sadf', 'sp500_ret_14', 'tx_count_roc_14', 'variance_ratio', 'vix']
08:38:55  src.cpcv.pipeline  INFO    Preprocessing: 14 features selected, train=567 + val=122 + cal=122, test=146
08:38:55  src.cpcv.tuning  INFO  Tuning (1 model) — Optuna TPE + Purged K-Fold (inner: 3 folds, embargo=10 obs)
08:38:55  src.cpcv.tuning  INFO    [tuning] kan (efficient-kan + AdamW): 3 purged K-fold splits, 30 Optuna trials (TPE)
08:39:23  src.cpcv.tuning  INFO      kan: 15 completed, 15 pruned (of 30 total) — best log_loss=0.6924, params={'width1': 3, 'lr': 0.02701635469110654, 'weight_decay': 0.0005114606753030168, 'grid': 3}
08:39:23  src.cpcv.tuning  INFO    [tuning] kan done in 27.9s — best log_loss=0.6924
08:39:23  src.cpcv.tuning  INFO  Tuning total: 27.9s
08:39:23  src.cpcv.pipeline  INFO      applied kan: {'width1': 3, 'width2': 0, 'grid': 3, 'lr': 0.02701635469110654, 'weight_decay': 0.0005114606753030168}
08:39:23  src.cpcv.models.kan_model  INFO  KAN fitted: widths=[14, 3, 2], grid=3, epochs=21, val_acc=0.4344, val_loss=0.7965, logit_range=[-0.17, 0.14], device=cpu.
08:39:23  src.cpcv.pipeline  INFO    [ 10/84]                  kan (seed=0) F1=0.578  AUC=0.595  LL=0.6810 (0.3s)
08:39:24  src.cpcv.models.kan_model  INFO  KAN fitted: widths=[14, 3, 2], grid=3, epochs=21, val_acc=0.4180, val_loss=0.7932, logit_range=[-0.15, 0.07], device=cpu.
08:39:24  src.cpcv.pipeline  INFO    [ 11/84]                  kan (seed=1) F1=0.379  AUC=0.585  LL=0.6907 (0.4s)
08:39:24  src.cpcv.models.kan_model  INFO  KAN fitted: widths=[14, 3, 2], grid=3, epochs=22, val_acc=0.5246, val_loss=0.7885, logit_range=[-0.16, 0.08], device=cpu.
08:39:24  src.cpcv.pipeline  INFO    [ 12/84]                  kan (seed=2) F1=0.527  AUC=0.484  LL=0.6933 (0.4s)
08:39:24  src.cpcv.preprocessing  INFO  Computing MDA (Random Forest)...
08:39:52  src.cpcv.preprocessing  INFO  Computing MDA (Logistic Regression)...
08:39:54  src.cpcv.preprocessing  INFO  Multi-model MDA: 36/73 passed (MDA > 0), 37 eliminated
08:39:54  src.cpcv.preprocessing  INFO    Capped at 14 features (top_k_frac=0.2)
08:39:54  src.cpcv.preprocessing  INFO    Selected (14): ['active_addr_roc_14', 'atr', 'eth_btc_ratio', 'exchange_supply_pct', 'issuance_ntv', 'log_returns_lag1', 'log_returns_lag5', 'log_returns_lag7', 'obv', 'oil_ret_14', 'roc_14', 'skewness', 'smt_exp', 'vix']
08:39:54  src.cpcv.pipeline  INFO    Preprocessing: 14 features selected, train=567 + val=122 + cal=122, test=146
08:39:54  src.cpcv.tuning  INFO  Tuning (1 model) — Optuna TPE + Purged K-Fold (inner: 3 folds, embargo=10 obs)
08:39:54  src.cpcv.tuning  INFO    [tuning] kan (efficient-kan + AdamW): 3 purged K-fold splits, 30 Optuna trials (TPE)
08:41:03  src.cpcv.tuning  INFO      kan: 19 completed, 11 pruned (of 30 total) — best log_loss=0.6756, params={'width1': 4, 'lr': 0.03046719539238538, 'weight_decay': 0.0011967351136363206, 'grid': 5}
08:41:03  src.cpcv.tuning  INFO    [tuning] kan done in 69.7s — best log_loss=0.6756
08:41:03  src.cpcv.tuning  INFO  Tuning total: 69.7s
08:41:03  src.cpcv.pipeline  INFO      applied kan: {'width1': 4, 'width2': 0, 'grid': 5, 'lr': 0.03046719539238538, 'weight_decay': 0.0011967351136363206}
08:41:04  src.cpcv.models.kan_model  INFO  KAN fitted: widths=[14, 4, 2], grid=5, epochs=25, val_acc=0.6148, val_loss=0.7641, logit_range=[-0.29, 0.47], device=cpu.
08:41:04  src.cpcv.pipeline  INFO    [ 13/84]                  kan (seed=0) F1=0.432  AUC=0.469  LL=0.7300 (0.4s)
08:41:04  src.cpcv.models.kan_model  INFO  KAN fitted: widths=[14, 4, 2], grid=5, epochs=24, val_acc=0.5164, val_loss=0.7730, logit_range=[-0.27, 0.38], device=cpu.
08:41:04  src.cpcv.pipeline  INFO    [ 14/84]                  kan (seed=1) F1=0.437  AUC=0.445  LL=0.7387 (0.4s)
08:41:04  src.cpcv.models.kan_model  INFO  KAN fitted: widths=[14, 4, 2], grid=5, epochs=24, val_acc=0.6311, val_loss=0.7623, logit_range=[-0.39, 0.23], device=cpu.
08:41:04  src.cpcv.pipeline  INFO    [ 15/84]                  kan (seed=2) F1=0.452  AUC=0.439  LL=0.7435 (0.4s)
08:41:05  src.cpcv.preprocessing  INFO  Computing MDA (Random Forest)...
08:41:34  src.cpcv.preprocessing  INFO  Computing MDA (Logistic Regression)...
08:41:35  src.cpcv.preprocessing  INFO  Multi-model MDA: 40/73 passed (MDA > 0), 33 eliminated
08:41:35  src.cpcv.preprocessing  INFO    Capped at 14 features (top_k_frac=0.2)
08:41:35  src.cpcv.preprocessing  INFO    Selected (14): ['atr', 'chaikin_osc', 'eth_btc_ratio', 'hashrate_roc_30', 'jarque_bera', 'kurtosis', 'log_returns_lag30', 'log_returns_lag6', 'obv', 'silver_ret_30', 'variance_ratio', 'vol_term_7_30', 'vwma_ratio_20_50', 'yield_curve_2y10y']
08:41:35  src.cpcv.pipeline  INFO    Preprocessing: 14 features selected, train=567 + val=122 + cal=122, test=146
08:41:35  src.cpcv.tuning  INFO  Tuning (1 model) — Optuna TPE + Purged K-Fold (inner: 3 folds, embargo=10 obs)
08:41:35  src.cpcv.tuning  INFO    [tuning] kan (efficient-kan + AdamW): 3 purged K-fold splits, 30 Optuna trials (TPE)
08:42:40  src.cpcv.tuning  INFO      kan: 15 completed, 15 pruned (of 30 total) — best log_loss=0.6794, params={'width1': 5, 'lr': 0.015282209098537102, 'weight_decay': 0.0013042175848813496, 'grid': 3}
08:42:40  src.cpcv.tuning  INFO    [tuning] kan done in 64.6s — best log_loss=0.6794
08:42:40  src.cpcv.tuning  INFO  Tuning total: 64.6s
08:42:40  src.cpcv.pipeline  INFO      applied kan: {'width1': 5, 'width2': 0, 'grid': 3, 'lr': 0.015282209098537102, 'weight_decay': 0.0013042175848813496}
08:42:41  src.cpcv.models.kan_model  INFO  KAN fitted: widths=[14, 5, 2], grid=3, epochs=51, val_acc=0.5656, val_loss=0.7825, logit_range=[-0.88, 0.42], device=cpu.
08:42:41  src.cpcv.pipeline  INFO    [ 16/84]                  kan (seed=0) F1=0.477  AUC=0.493  LL=0.7271 (0.8s)
08:42:41  src.cpcv.models.kan_model  INFO  KAN fitted: widths=[14, 5, 2], grid=3, epochs=34, val_acc=0.5656, val_loss=0.7721, logit_range=[-0.63, 0.69], device=cpu.
08:42:41  src.cpcv.pipeline  INFO    [ 17/84]                  kan (seed=1) F1=0.479  AUC=0.513  LL=0.7157 (0.6s)
08:42:42  src.cpcv.models.kan_model  INFO  KAN fitted: widths=[14, 5, 2], grid=3, epochs=51, val_acc=0.5574, val_loss=0.7831, logit_range=[-0.62, 0.81], device=cpu.
08:42:42  src.cpcv.pipeline  INFO    [ 18/84]                  kan (seed=2) F1=0.495  AUC=0.514  LL=0.7218 (0.8s)
08:42:42  src.cpcv.preprocessing  INFO  Computing MDA (Random Forest)...
08:43:14  src.cpcv.preprocessing  INFO  Computing MDA (Logistic Regression)...
08:43:15  src.cpcv.preprocessing  INFO  Multi-model MDA: 40/73 passed (MDA > 0), 33 eliminated
08:43:15  src.cpcv.preprocessing  INFO    Capped at 14 features (top_k_frac=0.2)
08:43:15  src.cpcv.preprocessing  INFO    Selected (14): ['active_addr_roc_14', 'chaikin_osc', 'copper_ret_14', 'hashrate_roc_30', 'hurst', 'kurtosis', 'log_returns', 'log_returns_lag3', 'realized_vol', 'us10y', 'variance_ratio', 'vix', 'williams_r', 'yield_curve_2y10y']
08:43:15  src.cpcv.pipeline  INFO    Preprocessing: 14 features selected, train=575 + val=123 + cal=124, test=146
08:43:15  src.cpcv.tuning  INFO  Tuning (1 model) — Optuna TPE + Purged K-Fold (inner: 3 folds, embargo=10 obs)
08:43:15  src.cpcv.tuning  INFO    [tuning] kan (efficient-kan + AdamW): 3 purged K-fold splits, 30 Optuna trials (TPE)
08:43:57  src.cpcv.tuning  INFO      kan: 22 completed, 8 pruned (of 30 total) — best log_loss=0.6883, params={'width1': 5, 'lr': 0.045731335092218973, 'weight_decay': 0.0005569671940395738, 'grid': 5}
08:43:57  src.cpcv.tuning  INFO    [tuning] kan done in 42.2s — best log_loss=0.6883
08:43:57  src.cpcv.tuning  INFO  Tuning total: 42.2s
08:43:57  src.cpcv.pipeline  INFO      applied kan: {'width1': 5, 'width2': 0, 'grid': 5, 'lr': 0.045731335092218973, 'weight_decay': 0.0005569671940395738}
08:43:57  src.cpcv.models.kan_model  INFO  KAN fitted: widths=[14, 5, 2], grid=5, epochs=21, val_acc=0.4553, val_loss=0.8691, logit_range=[-0.20, 0.20], device=cpu.
08:43:57  src.cpcv.pipeline  INFO    [ 19/84]                  kan (seed=0) F1=0.360  AUC=0.565  LL=0.6857 (0.4s)
08:43:58  src.cpcv.models.kan_model  INFO  KAN fitted: widths=[14, 5, 2], grid=5, epochs=21, val_acc=0.5447, val_loss=0.8642, logit_range=[-0.18, 0.15], device=cpu.
08:43:58  src.cpcv.pipeline  INFO    [ 20/84]                  kan (seed=1) F1=0.360  AUC=0.546  LL=0.6858 (0.4s)
08:43:58  src.cpcv.models.kan_model  INFO  KAN fitted: widths=[14, 5, 2], grid=5, epochs=21, val_acc=0.5041, val_loss=0.8545, logit_range=[-0.15, 0.06], device=cpu.
08:43:58  src.cpcv.pipeline  INFO    [ 21/84]                  kan (seed=2) F1=0.360  AUC=0.456  LL=0.6892 (0.4s)
08:43:59  src.cpcv.preprocessing  INFO  Computing MDA (Random Forest)...
08:44:25  src.cpcv.preprocessing  INFO  Computing MDA (Logistic Regression)...
08:44:26  src.cpcv.preprocessing  INFO  Multi-model MDA: 37/73 passed (MDA > 0), 36 eliminated
08:44:26  src.cpcv.preprocessing  INFO    Capped at 14 features (top_k_frac=0.2)
08:44:26  src.cpcv.preprocessing  INFO    Selected (14): ['dxy_roc_30', 'gold_ret_30', 'log_returns', 'log_returns_lag2', 'log_returns_lag4', 'natgas_ret_30', 'negentropy', 'obv', 'rsi', 'silver_ret_30', 'skewness', 'tx_count_roc_14', 'us10y', 'us2y']
08:44:26  src.cpcv.pipeline  INFO    Preprocessing: 14 features selected, train=503 + val=108 + cal=108, test=239
08:44:26  src.cpcv.tuning  INFO  Tuning (1 model) — Optuna TPE + Purged K-Fold (inner: 3 folds, embargo=10 obs)
08:44:26  src.cpcv.tuning  INFO    [tuning] kan (efficient-kan + AdamW): 3 purged K-fold splits, 30 Optuna trials (TPE)
08:45:22  src.cpcv.tuning  INFO      kan: 12 completed, 18 pruned (of 30 total) — best log_loss=0.6884, params={'width1': 3, 'lr': 0.0008088251864664997, 'weight_decay': 0.0005694427322095432, 'grid': 5}
08:45:22  src.cpcv.tuning  INFO    [tuning] kan done in 55.4s — best log_loss=0.6884
08:45:22  src.cpcv.tuning  INFO  Tuning total: 55.4s
08:45:22  src.cpcv.pipeline  INFO      applied kan: {'width1': 3, 'width2': 0, 'grid': 5, 'lr': 0.0008088251864664997, 'weight_decay': 0.0005694427322095432}
08:45:22  src.cpcv.models.kan_model  INFO  KAN fitted: widths=[14, 3, 2], grid=5, epochs=21, val_acc=0.6111, val_loss=0.7406, logit_range=[-0.23, 0.10], device=cpu.
08:45:22  src.cpcv.pipeline  INFO    [ 22/84]                  kan (seed=0) F1=0.501  AUC=0.492  LL=0.7032 (0.3s)
08:45:22  src.cpcv.models.kan_model  INFO  KAN fitted: widths=[14, 3, 2], grid=5, epochs=21, val_acc=0.4907, val_loss=0.7499, logit_range=[-0.20, 0.05], device=cpu.
08:45:22  src.cpcv.pipeline  INFO    [ 23/84]                  kan (seed=1) F1=0.319  AUC=0.431  LL=0.6941 (0.3s)
08:45:23  src.cpcv.models.kan_model  INFO  KAN fitted: widths=[14, 3, 2], grid=5, epochs=21, val_acc=0.5741, val_loss=0.7545, logit_range=[-0.15, 0.21], device=cpu.
08:45:23  src.cpcv.pipeline  INFO    [ 24/84]                  kan (seed=2) F1=0.319  AUC=0.458  LL=0.6944 (0.3s)
08:45:23  src.cpcv.preprocessing  INFO  Computing MDA (Random Forest)...
08:45:49  src.cpcv.preprocessing  INFO  Computing MDA (Logistic Regression)...
08:45:51  src.cpcv.preprocessing  INFO  Multi-model MDA: 38/73 passed (MDA > 0), 35 eliminated
08:45:51  src.cpcv.preprocessing  INFO    Capped at 14 features (top_k_frac=0.2)
08:45:51  src.cpcv.preprocessing  INFO    Selected (14): ['cci_14', 'dxy_roc_30', 'eth_btc_ratio', 'hashrate_roc_30', 'jarque_bera', 'kurtosis', 'log_returns_lag2', 'log_returns_lag6', 'macd', 'macd_hist', 'natgas_ret_30', 'negentropy', 'us10y', 'vol_term_7_30']
08:45:51  src.cpcv.pipeline  INFO    Preprocessing: 14 features selected, train=494 + val=106 + cal=107, test=239
08:45:51  src.cpcv.tuning  INFO  Tuning (1 model) — Optuna TPE + Purged K-Fold (inner: 3 folds, embargo=10 obs)
08:45:51  src.cpcv.tuning  INFO    [tuning] kan (efficient-kan + AdamW): 3 purged K-fold splits, 30 Optuna trials (TPE)
08:46:41  src.cpcv.tuning  INFO      kan: 20 completed, 10 pruned (of 30 total) — best log_loss=0.6850, params={'width1': 2, 'lr': 0.02128875488932692, 'weight_decay': 3.577551054863405e-05, 'grid': 3}
08:46:41  src.cpcv.tuning  INFO    [tuning] kan done in 50.1s — best log_loss=0.6850
08:46:41  src.cpcv.tuning  INFO  Tuning total: 50.1s
08:46:41  src.cpcv.pipeline  INFO      applied kan: {'width1': 2, 'width2': 0, 'grid': 3, 'lr': 0.02128875488932692, 'weight_decay': 3.577551054863405e-05}
08:46:41  src.cpcv.models.kan_model  INFO  KAN fitted: widths=[14, 2, 2], grid=3, epochs=21, val_acc=0.4340, val_loss=0.7542, logit_range=[-0.11, 0.11], device=cpu.
08:46:41  src.cpcv.pipeline  INFO    [ 25/84]                  kan (seed=0) F1=0.511  AUC=0.504  LL=0.6841 (0.3s)
08:46:41  src.cpcv.models.kan_model  INFO  KAN fitted: widths=[14, 2, 2], grid=3, epochs=21, val_acc=0.5000, val_loss=0.7493, logit_range=[-0.10, 0.05], device=cpu.
08:46:41  src.cpcv.pipeline  INFO    [ 26/84]                  kan (seed=1) F1=0.457  AUC=0.593  LL=0.6968 (0.3s)
08:46:42  src.cpcv.models.kan_model  INFO  KAN fitted: widths=[14, 2, 2], grid=3, epochs=22, val_acc=0.4057, val_loss=0.7514, logit_range=[-0.08, 0.08], device=cpu.
08:46:42  src.cpcv.pipeline  INFO    [ 27/84]                  kan (seed=2) F1=0.511  AUC=0.549  LL=0.6839 (0.4s)
08:46:42  src.cpcv.preprocessing  INFO  Computing MDA (Random Forest)...
08:47:09  src.cpcv.preprocessing  INFO  Computing MDA (Logistic Regression)...
08:47:10  src.cpcv.preprocessing  INFO  Multi-model MDA: 37/73 passed (MDA > 0), 36 eliminated
08:47:10  src.cpcv.preprocessing  INFO    Capped at 14 features (top_k_frac=0.2)
08:47:10  src.cpcv.preprocessing  INFO    Selected (14): ['cci_14', 'chaikin_osc', 'dxy_roc_30', 'eth_btc_ratio', 'gold_ret_14', 'hashrate_roc_30', 'jarque_bera', 'log_returns_lag4', 'natgas_ret_30', 'roc_14', 'rsi', 'smt_exp', 'sp500_ret_14', 'williams_r']
08:47:10  src.cpcv.pipeline  INFO    Preprocessing: 14 features selected, train=494 + val=106 + cal=107, test=239
08:47:10  src.cpcv.tuning  INFO  Tuning (1 model) — Optuna TPE + Purged K-Fold (inner: 3 folds, embargo=10 obs)
08:47:10  src.cpcv.tuning  INFO    [tuning] kan (efficient-kan + AdamW): 3 purged K-fold splits, 30 Optuna trials (TPE)
08:47:38  src.cpcv.tuning  INFO      kan: 14 completed, 16 pruned (of 30 total) — best log_loss=0.6909, params={'width1': 2, 'lr': 0.04500194188151303, 'weight_decay': 3.0258445175002385e-05, 'grid': 3}
08:47:38  src.cpcv.tuning  INFO    [tuning] kan done in 27.6s — best log_loss=0.6909
08:47:38  src.cpcv.tuning  INFO  Tuning total: 27.6s
08:47:38  src.cpcv.pipeline  INFO      applied kan: {'width1': 2, 'width2': 0, 'grid': 3, 'lr': 0.04500194188151303, 'weight_decay': 3.0258445175002385e-05}
08:47:38  src.cpcv.models.kan_model  INFO  KAN fitted: widths=[14, 2, 2], grid=3, epochs=22, val_acc=0.6038, val_loss=0.7533, logit_range=[-0.22, 0.28], device=cpu.
08:47:38  src.cpcv.pipeline  INFO    [ 28/84]                  kan (seed=0) F1=0.489  AUC=0.561  LL=0.6970 (0.3s)
08:47:39  src.cpcv.models.kan_model  INFO  KAN fitted: widths=[14, 2, 2], grid=3, epochs=22, val_acc=0.5660, val_loss=0.7518, logit_range=[-0.22, 0.13], device=cpu.
08:47:39  src.cpcv.pipeline  INFO    [ 29/84]                  kan (seed=1) F1=0.432  AUC=0.524  LL=0.6965 (0.3s)
08:47:39  src.cpcv.models.kan_model  INFO  KAN fitted: widths=[14, 2, 2], grid=3, epochs=21, val_acc=0.6132, val_loss=0.7478, logit_range=[-0.21, 0.07], device=cpu.
08:47:39  src.cpcv.pipeline  INFO    [ 30/84]                  kan (seed=2) F1=0.488  AUC=0.552  LL=0.6927 (0.3s)
08:47:39  src.cpcv.preprocessing  INFO  Computing MDA (Random Forest)...
08:48:06  src.cpcv.preprocessing  INFO  Computing MDA (Logistic Regression)...
08:48:07  src.cpcv.preprocessing  INFO  Multi-model MDA: 37/73 passed (MDA > 0), 36 eliminated
08:48:07  src.cpcv.preprocessing  INFO    Capped at 14 features (top_k_frac=0.2)
08:48:07  src.cpcv.preprocessing  INFO    Selected (14): ['cci_14', 'ema_ratio_20_50', 'fee_per_tx', 'gold_ret_30', 'hashrate_roc_30', 'jarque_bera', 'log_returns', 'log_returns_lag6', 'mfi_14', 'natgas_ret_14', 'natgas_ret_30', 'silver_ret_30', 'skewness', 'sp500_ret_14']
08:48:08  src.cpcv.pipeline  INFO    Preprocessing: 14 features selected, train=494 + val=106 + cal=107, test=239
08:48:08  src.cpcv.tuning  INFO  Tuning (1 model) — Optuna TPE + Purged K-Fold (inner: 3 folds, embargo=10 obs)
08:48:08  src.cpcv.tuning  INFO    [tuning] kan (efficient-kan + AdamW): 3 purged K-fold splits, 30 Optuna trials (TPE)
08:49:03  src.cpcv.tuning  INFO      kan: 13 completed, 17 pruned (of 30 total) — best log_loss=0.6852, params={'width1': 5, 'lr': 0.017148336606632175, 'weight_decay': 0.0004898491725707815, 'grid': 3}
08:49:03  src.cpcv.tuning  INFO    [tuning] kan done in 55.4s — best log_loss=0.6852
08:49:03  src.cpcv.tuning  INFO  Tuning total: 55.4s
08:49:03  src.cpcv.pipeline  INFO      applied kan: {'width1': 5, 'width2': 0, 'grid': 3, 'lr': 0.017148336606632175, 'weight_decay': 0.0004898491725707815}
08:49:03  src.cpcv.models.kan_model  INFO  KAN fitted: widths=[14, 5, 2], grid=3, epochs=22, val_acc=0.5000, val_loss=0.7491, logit_range=[-0.20, 0.16], device=cpu.
08:49:03  src.cpcv.pipeline  INFO    [ 31/84]                  kan (seed=0) F1=0.484  AUC=0.564  LL=0.6813 (0.4s)
08:49:04  src.cpcv.models.kan_model  INFO  KAN fitted: widths=[14, 5, 2], grid=3, epochs=21, val_acc=0.5849, val_loss=0.7410, logit_range=[-0.12, 0.12], device=cpu.
08:49:04  src.cpcv.pipeline  INFO    [ 32/84]                  kan (seed=1) F1=0.311  AUC=0.543  LL=0.6948 (0.4s)
08:49:04  src.cpcv.models.kan_model  INFO  KAN fitted: widths=[14, 5, 2], grid=3, epochs=21, val_acc=0.5755, val_loss=0.7405, logit_range=[-0.17, 0.16], device=cpu.
08:49:04  src.cpcv.pipeline  INFO    [ 33/84]                  kan (seed=2) F1=0.573  AUC=0.603  LL=0.6890 (0.3s)
08:49:04  src.cpcv.preprocessing  INFO  Computing MDA (Random Forest)...
08:49:31  src.cpcv.preprocessing  INFO  Computing MDA (Logistic Regression)...
08:49:32  src.cpcv.preprocessing  INFO  Multi-model MDA: 34/73 passed (MDA > 0), 39 eliminated
08:49:32  src.cpcv.preprocessing  INFO    Capped at 14 features (top_k_frac=0.2)
08:49:32  src.cpcv.preprocessing  INFO    Selected (14): ['atr', 'copper_ret_14', 'eth_btc_ratio', 'fee_per_tx', 'jarque_bera', 'log_returns_lag4', 'log_returns_lag6', 'oil_ret_14', 'skewness', 'sp500_ret_30', 'variance_ratio', 'vix', 'vol_term_7_30', 'yield_curve_10y30y']
08:49:32  src.cpcv.pipeline  INFO    Preprocessing: 14 features selected, train=494 + val=106 + cal=107, test=239
08:49:32  src.cpcv.tuning  INFO  Tuning (1 model) — Optuna TPE + Purged K-Fold (inner: 3 folds, embargo=10 obs)
08:49:32  src.cpcv.tuning  INFO    [tuning] kan (efficient-kan + AdamW): 3 purged K-fold splits, 30 Optuna trials (TPE)
08:50:38  src.cpcv.tuning  INFO      kan: 10 completed, 20 pruned (of 30 total) — best log_loss=0.6647, params={'width1': 2, 'lr': 0.04353010439152429, 'weight_decay': 0.001764971584817572, 'grid': 3}
08:50:38  src.cpcv.tuning  INFO    [tuning] kan done in 65.5s — best log_loss=0.6647
08:50:38  src.cpcv.tuning  INFO  Tuning total: 65.5s
08:50:38  src.cpcv.pipeline  INFO      applied kan: {'width1': 2, 'width2': 0, 'grid': 3, 'lr': 0.04353010439152429, 'weight_decay': 0.001764971584817572}
08:50:38  src.cpcv.models.kan_model  INFO  KAN fitted: widths=[14, 2, 2], grid=3, epochs=28, val_acc=0.6415, val_loss=0.7322, logit_range=[-1.01, 0.71], device=cpu.
08:50:38  src.cpcv.pipeline  INFO    [ 34/84]                  kan (seed=0) F1=0.392  AUC=0.457  LL=0.7525 (0.4s)
08:50:39  src.cpcv.models.kan_model  INFO  KAN fitted: widths=[14, 2, 2], grid=3, epochs=31, val_acc=0.6415, val_loss=0.7448, logit_range=[-0.99, 0.46], device=cpu.
08:50:39  src.cpcv.pipeline  INFO    [ 35/84]                  kan (seed=1) F1=0.379  AUC=0.427  LL=0.7239 (0.4s)
08:50:39  src.cpcv.models.kan_model  INFO  KAN fitted: widths=[14, 2, 2], grid=3, epochs=35, val_acc=0.6604, val_loss=0.7394, logit_range=[-0.99, 0.67], device=cpu.
08:50:39  src.cpcv.pipeline  INFO    [ 36/84]                  kan (seed=2) F1=0.379  AUC=0.436  LL=0.7311 (0.4s)
08:50:39  src.cpcv.preprocessing  INFO  Computing MDA (Random Forest)...
08:51:07  src.cpcv.preprocessing  INFO  Computing MDA (Logistic Regression)...
08:51:08  src.cpcv.preprocessing  INFO  Multi-model MDA: 39/73 passed (MDA > 0), 34 eliminated
08:51:08  src.cpcv.preprocessing  INFO    Capped at 14 features (top_k_frac=0.2)
08:51:08  src.cpcv.preprocessing  INFO    Selected (14): ['dxy_roc_30', 'eth_btc_ratio', 'jarque_bera', 'kurtosis', 'log_returns_lag3', 'macd_hist', 'nasdaq_ret_30', 'obv', 'oil_ret_14', 'sadf', 'sp500_ret_30', 'williams_r', 'yield_curve_2y10y', 'yz_vol']
08:51:08  src.cpcv.pipeline  INFO    Preprocessing: 14 features selected, train=502 + val=108 + cal=108, test=239
08:51:08  src.cpcv.tuning  INFO  Tuning (1 model) — Optuna TPE + Purged K-Fold (inner: 3 folds, embargo=10 obs)
08:51:08  src.cpcv.tuning  INFO    [tuning] kan (efficient-kan + AdamW): 3 purged K-fold splits, 30 Optuna trials (TPE)
08:51:53  src.cpcv.tuning  INFO      kan: 17 completed, 13 pruned (of 30 total) — best log_loss=0.6880, params={'width1': 6, 'lr': 0.01824220727181061, 'weight_decay': 0.00014169543745774167, 'grid': 3}
08:51:53  src.cpcv.tuning  INFO    [tuning] kan done in 45.5s — best log_loss=0.6880
08:51:53  src.cpcv.tuning  INFO  Tuning total: 45.5s
08:51:53  src.cpcv.pipeline  INFO      applied kan: {'width1': 6, 'width2': 0, 'grid': 3, 'lr': 0.01824220727181061, 'weight_decay': 0.00014169543745774167}
08:51:54  src.cpcv.models.kan_model  INFO  KAN fitted: widths=[14, 6, 2], grid=3, epochs=26, val_acc=0.5648, val_loss=0.8474, logit_range=[-0.24, 0.30], device=cpu.
08:51:54  src.cpcv.pipeline  INFO    [ 37/84]                  kan (seed=0) F1=0.371  AUC=0.547  LL=0.6765 (0.5s)
08:51:55  src.cpcv.models.kan_model  INFO  KAN fitted: widths=[14, 6, 2], grid=3, epochs=29, val_acc=0.5741, val_loss=0.8436, logit_range=[-0.40, 0.36], device=cpu.
08:51:55  src.cpcv.pipeline  INFO    [ 38/84]                  kan (seed=1) F1=0.371  AUC=0.507  LL=0.6769 (0.6s)
08:51:55  src.cpcv.models.kan_model  INFO  KAN fitted: widths=[14, 6, 2], grid=3, epochs=27, val_acc=0.5648, val_loss=0.8451, logit_range=[-0.44, 0.35], device=cpu.
08:51:55  src.cpcv.pipeline  INFO    [ 39/84]                  kan (seed=2) F1=0.371  AUC=0.508  LL=0.6764 (0.6s)
08:51:56  src.cpcv.preprocessing  INFO  Computing MDA (Random Forest)...
08:52:24  src.cpcv.preprocessing  INFO  Computing MDA (Logistic Regression)...
08:52:25  src.cpcv.preprocessing  INFO  Multi-model MDA: 37/73 passed (MDA > 0), 36 eliminated
08:52:25  src.cpcv.preprocessing  INFO    Capped at 14 features (top_k_frac=0.2)
08:52:25  src.cpcv.preprocessing  INFO    Selected (14): ['eth_btc_ratio', 'log_returns_lag2', 'log_returns_lag6', 'macd_hist', 'obv', 'oil_ret_30', 'roc_14', 'sadf', 'silver_ret_30', 'sp500_ret_30', 'stoch_d', 'vol_term_30_90', 'williams_r', 'yield_curve_2y10y']
08:52:25  src.cpcv.pipeline  INFO    Preprocessing: 14 features selected, train=464 + val=99 + cal=100, test=292
08:52:25  src.cpcv.tuning  INFO  Tuning (1 model) — Optuna TPE + Purged K-Fold (inner: 3 folds, embargo=10 obs)
08:52:25  src.cpcv.tuning  INFO    [tuning] kan (efficient-kan + AdamW): 3 purged K-fold splits, 30 Optuna trials (TPE)
08:54:03  src.cpcv.tuning  INFO      kan: 20 completed, 10 pruned (of 30 total) — best log_loss=0.6846, params={'width1': 2, 'lr': 0.002634019124626176, 'weight_decay': 0.00018408623974403097, 'grid': 3}
08:54:03  src.cpcv.tuning  INFO    [tuning] kan done in 98.1s — best log_loss=0.6846
08:54:03  src.cpcv.tuning  INFO  Tuning total: 98.1s
08:54:03  src.cpcv.pipeline  INFO      applied kan: {'width1': 2, 'width2': 0, 'grid': 3, 'lr': 0.002634019124626176, 'weight_decay': 0.00018408623974403097}
08:54:04  src.cpcv.models.kan_model  INFO  KAN fitted: widths=[14, 2, 2], grid=3, epochs=51, val_acc=0.3636, val_loss=0.6968, logit_range=[-0.11, 0.07], device=cpu.
08:54:04  src.cpcv.pipeline  INFO    [ 40/84]                  kan (seed=0) F1=0.356  AUC=0.414  LL=0.6934 (0.7s)
08:54:04  src.cpcv.models.kan_model  INFO  KAN fitted: widths=[14, 2, 2], grid=3, epochs=21, val_acc=0.4949, val_loss=0.6951, logit_range=[-0.05, 0.06], device=cpu.
08:54:04  src.cpcv.pipeline  INFO    [ 41/84]                  kan (seed=1) F1=0.413  AUC=0.515  LL=0.6936 (0.3s)
08:54:04  src.cpcv.models.kan_model  INFO  KAN fitted: widths=[14, 2, 2], grid=3, epochs=21, val_acc=0.4747, val_loss=0.6950, logit_range=[-0.10, 0.09], device=cpu.
08:54:04  src.cpcv.pipeline  INFO    [ 42/84]                  kan (seed=2) F1=0.351  AUC=0.447  LL=0.6934 (0.3s)
08:54:05  src.cpcv.preprocessing  INFO  Computing MDA (Random Forest)...
08:54:32  src.cpcv.preprocessing  INFO  Computing MDA (Logistic Regression)...
08:54:33  src.cpcv.preprocessing  INFO  Multi-model MDA: 39/73 passed (MDA > 0), 34 eliminated
08:54:33  src.cpcv.preprocessing  INFO    Capped at 14 features (top_k_frac=0.2)
08:54:33  src.cpcv.preprocessing  INFO    Selected (14): ['ema_ratio_20_50', 'eth_btc_ratio', 'issuance_ntv', 'log_returns_lag4', 'mvrv', 'oil_ret_14', 'roc_14', 'skewness', 'sp500_ret_14', 'sp500_ret_30', 'stoch_d', 'us2y', 'yield_curve_10y30y', 'yield_curve_2y10y']
08:54:33  src.cpcv.pipeline  INFO    Preprocessing: 14 features selected, train=455 + val=98 + cal=98, test=292
08:54:33  src.cpcv.tuning  INFO  Tuning (1 model) — Optuna TPE + Purged K-Fold (inner: 3 folds, embargo=10 obs)
08:54:33  src.cpcv.tuning  INFO    [tuning] kan (efficient-kan + AdamW): 3 purged K-fold splits, 30 Optuna trials (TPE)
08:55:14  src.cpcv.tuning  INFO      kan: 18 completed, 12 pruned (of 30 total) — best log_loss=0.6899, params={'width1': 6, 'lr': 0.0015758832997723642, 'weight_decay': 3.354371604764885e-05, 'grid': 3}
08:55:14  src.cpcv.tuning  INFO    [tuning] kan done in 41.1s — best log_loss=0.6899
08:55:14  src.cpcv.tuning  INFO  Tuning total: 41.1s
08:55:14  src.cpcv.pipeline  INFO      applied kan: {'width1': 6, 'width2': 0, 'grid': 3, 'lr': 0.0015758832997723642, 'weight_decay': 3.354371604764885e-05}
08:55:15  src.cpcv.models.kan_model  INFO  KAN fitted: widths=[14, 6, 2], grid=3, epochs=21, val_acc=0.4388, val_loss=0.7122, logit_range=[-0.04, 0.09], device=cpu.
08:55:15  src.cpcv.pipeline  INFO    [ 43/84]                  kan (seed=0) F1=0.564  AUC=0.642  LL=0.6781 (0.4s)
08:55:15  src.cpcv.models.kan_model  INFO  KAN fitted: widths=[14, 6, 2], grid=3, epochs=21, val_acc=0.4490, val_loss=0.7133, logit_range=[-0.04, 0.10], device=cpu.
08:55:15  src.cpcv.pipeline  INFO    [ 44/84]                  kan (seed=1) F1=0.350  AUC=0.581  LL=0.6914 (0.4s)
08:55:15  src.cpcv.models.kan_model  INFO  KAN fitted: widths=[14, 6, 2], grid=3, epochs=21, val_acc=0.5408, val_loss=0.7075, logit_range=[-0.16, 0.06], device=cpu.
08:55:15  src.cpcv.pipeline  INFO    [ 45/84]                  kan (seed=2) F1=0.559  AUC=0.608  LL=0.6899 (0.4s)
08:55:16  src.cpcv.preprocessing  INFO  Computing MDA (Random Forest)...
08:55:45  src.cpcv.preprocessing  INFO  Computing MDA (Logistic Regression)...
08:55:46  src.cpcv.preprocessing  INFO  Multi-model MDA: 30/73 passed (MDA > 0), 43 eliminated
08:55:46  src.cpcv.preprocessing  INFO    Capped at 14 features (top_k_frac=0.2)
08:55:46  src.cpcv.preprocessing  INFO    Selected (14): ['ema_ratio_50_200', 'log_returns', 'log_returns_lag2', 'log_returns_lag30', 'log_returns_lag7', 'natgas_ret_14', 'natgas_ret_30', 'rsi', 'skewness', 'sp500_ret_14', 'us10y', 'us2y', 'vix', 'yield_curve_10y30y']
08:55:46  src.cpcv.pipeline  INFO    Preprocessing: 14 features selected, train=455 + val=98 + cal=98, test=292
08:55:46  src.cpcv.tuning  INFO  Tuning (1 model) — Optuna TPE + Purged K-Fold (inner: 3 folds, embargo=10 obs)
08:55:46  src.cpcv.tuning  INFO    [tuning] kan (efficient-kan + AdamW): 3 purged K-fold splits, 30 Optuna trials (TPE)
08:57:15  src.cpcv.tuning  INFO      kan: 26 completed, 4 pruned (of 30 total) — best log_loss=0.6773, params={'width1': 5, 'lr': 0.03334115743026767, 'weight_decay': 1.805423703530021e-05, 'grid': 5}
08:57:15  src.cpcv.tuning  INFO    [tuning] kan done in 88.5s — best log_loss=0.6773
08:57:15  src.cpcv.tuning  INFO  Tuning total: 88.5s
08:57:15  src.cpcv.pipeline  INFO      applied kan: {'width1': 5, 'width2': 0, 'grid': 5, 'lr': 0.03334115743026767, 'weight_decay': 1.805423703530021e-05}
08:57:15  src.cpcv.models.kan_model  INFO  KAN fitted: widths=[14, 5, 2], grid=5, epochs=21, val_acc=0.4898, val_loss=0.6982, logit_range=[-0.12, 0.14], device=cpu.
08:57:15  src.cpcv.pipeline  INFO    [ 46/84]                  kan (seed=0) F1=0.513  AUC=0.546  LL=0.7038 (0.3s)
08:57:15  src.cpcv.models.kan_model  INFO  KAN fitted: widths=[14, 5, 2], grid=5, epochs=21, val_acc=0.3980, val_loss=0.7001, logit_range=[-0.15, 0.12], device=cpu.
08:57:15  src.cpcv.pipeline  INFO    [ 47/84]                  kan (seed=1) F1=0.496  AUC=0.533  LL=0.7136 (0.4s)
08:57:16  src.cpcv.models.kan_model  INFO  KAN fitted: widths=[14, 5, 2], grid=5, epochs=21, val_acc=0.4490, val_loss=0.7011, logit_range=[-0.21, 0.14], device=cpu.
08:57:16  src.cpcv.pipeline  INFO    [ 48/84]                  kan (seed=2) F1=0.388  AUC=0.504  LL=0.6939 (0.4s)
08:57:16  src.cpcv.preprocessing  INFO  Computing MDA (Random Forest)...
08:57:42  src.cpcv.preprocessing  INFO  Computing MDA (Logistic Regression)...
08:57:44  src.cpcv.preprocessing  INFO  Multi-model MDA: 37/73 passed (MDA > 0), 36 eliminated
08:57:44  src.cpcv.preprocessing  INFO    Capped at 14 features (top_k_frac=0.2)
08:57:44  src.cpcv.preprocessing  INFO    Selected (14): ['dxy_roc_30', 'exchange_supply_pct', 'jarque_bera', 'log_returns_lag5', 'log_returns_lag6', 'lz_complexity', 'nasdaq_ret_14', 'nasdaq_ret_30', 'obv', 'oil_ret_14', 'rsi', 'sadf', 'silver_ret_30', 'smt_exp']
08:57:44  src.cpcv.pipeline  INFO    Preprocessing: 14 features selected, train=455 + val=98 + cal=98, test=292
08:57:44  src.cpcv.tuning  INFO  Tuning (1 model) — Optuna TPE + Purged K-Fold (inner: 3 folds, embargo=10 obs)
08:57:44  src.cpcv.tuning  INFO    [tuning] kan (efficient-kan + AdamW): 3 purged K-fold splits, 30 Optuna trials (TPE)
08:59:12  src.cpcv.tuning  INFO      kan: 30 completed, 0 pruned (of 30 total) — best log_loss=0.6821, params={'width1': 3, 'lr': 0.0038780965114012756, 'weight_decay': 0.0014971571736442225, 'grid': 5}
08:59:12  src.cpcv.tuning  INFO    [tuning] kan done in 88.0s — best log_loss=0.6821
08:59:12  src.cpcv.tuning  INFO  Tuning total: 88.0s
08:59:12  src.cpcv.pipeline  INFO      applied kan: {'width1': 3, 'width2': 0, 'grid': 5, 'lr': 0.0038780965114012756, 'weight_decay': 0.0014971571736442225}
08:59:13  src.cpcv.models.kan_model  INFO  KAN fitted: widths=[14, 3, 2], grid=5, epochs=62, val_acc=0.6327, val_loss=0.7692, logit_range=[-0.40, 0.55], device=cpu.
08:59:13  src.cpcv.pipeline  INFO    [ 49/84]                  kan (seed=0) F1=0.432  AUC=0.447  LL=0.7013 (0.9s)
08:59:13  src.cpcv.models.kan_model  INFO  KAN fitted: widths=[14, 3, 2], grid=5, epochs=64, val_acc=0.6429, val_loss=0.7673, logit_range=[-0.32, 0.28], device=cpu.
08:59:13  src.cpcv.pipeline  INFO    [ 50/84]                  kan (seed=1) F1=0.435  AUC=0.426  LL=0.7033 (0.9s)
08:59:14  src.cpcv.models.kan_model  INFO  KAN fitted: widths=[14, 3, 2], grid=5, epochs=63, val_acc=0.5204, val_loss=0.7753, logit_range=[-0.43, 0.46], device=cpu.
08:59:14  src.cpcv.pipeline  INFO    [ 51/84]                  kan (seed=2) F1=0.361  AUC=0.432  LL=0.6960 (0.9s)
08:59:15  src.cpcv.preprocessing  INFO  Computing MDA (Random Forest)...
08:59:40  src.cpcv.preprocessing  INFO  Computing MDA (Logistic Regression)...
08:59:42  src.cpcv.preprocessing  INFO  Multi-model MDA: 40/73 passed (MDA > 0), 33 eliminated
08:59:42  src.cpcv.preprocessing  INFO    Capped at 14 features (top_k_frac=0.2)
08:59:42  src.cpcv.preprocessing  INFO    Selected (14): ['chaikin_osc', 'dxy_roc_30', 'exchange_supply_pct', 'fee_per_tx', 'gk_vol', 'jarque_bera', 'kurtosis', 'log_returns_lag1', 'macd_hist', 'natgas_ret_30', 'obv', 'roc_14', 'sadf', 'smt_exp']
08:59:42  src.cpcv.pipeline  INFO    Preprocessing: 14 features selected, train=463 + val=99 + cal=100, test=292
08:59:42  src.cpcv.tuning  INFO  Tuning (1 model) — Optuna TPE + Purged K-Fold (inner: 3 folds, embargo=10 obs)
08:59:42  src.cpcv.tuning  INFO    [tuning] kan (efficient-kan + AdamW): 3 purged K-fold splits, 30 Optuna trials (TPE)
09:01:27  src.cpcv.tuning  INFO      kan: 30 completed, 0 pruned (of 30 total) — best log_loss=0.6823, params={'width1': 3, 'lr': 0.0008049326671881333, 'weight_decay': 0.00039185319669018275, 'grid': 5}
09:01:27  src.cpcv.tuning  INFO    [tuning] kan done in 105.3s — best log_loss=0.6823
09:01:27  src.cpcv.tuning  INFO  Tuning total: 105.3s
09:01:27  src.cpcv.pipeline  INFO      applied kan: {'width1': 3, 'width2': 0, 'grid': 5, 'lr': 0.0008049326671881333, 'weight_decay': 0.00039185319669018275}
09:01:30  src.cpcv.models.kan_model  INFO  KAN fitted: widths=[14, 3, 2], grid=5, epochs=166, val_acc=0.5455, val_loss=0.8405, logit_range=[-0.24, 0.37], device=cpu.
09:01:30  src.cpcv.pipeline  INFO    [ 52/84]                  kan (seed=0) F1=0.369  AUC=0.487  LL=0.8433 (2.6s)
09:01:33  src.cpcv.models.kan_model  INFO  KAN fitted: widths=[14, 3, 2], grid=5, epochs=200, val_acc=0.6061, val_loss=0.8454, logit_range=[-0.24, 0.27], device=cpu.
09:01:33  src.cpcv.pipeline  INFO    [ 53/84]                  kan (seed=1) F1=0.339  AUC=0.486  LL=0.7395 (3.0s)
09:01:36  src.cpcv.models.kan_model  INFO  KAN fitted: widths=[14, 3, 2], grid=5, epochs=200, val_acc=0.5253, val_loss=0.8409, logit_range=[-0.29, 0.35], device=cpu.
09:01:36  src.cpcv.pipeline  INFO    [ 54/84]                  kan (seed=2) F1=0.339  AUC=0.489  LL=0.7311 (3.1s)
09:01:36  src.cpcv.preprocessing  INFO  Computing MDA (Random Forest)...
09:02:05  src.cpcv.preprocessing  INFO  Computing MDA (Logistic Regression)...
09:02:07  src.cpcv.preprocessing  INFO  Multi-model MDA: 39/73 passed (MDA > 0), 34 eliminated
09:02:07  src.cpcv.preprocessing  INFO    Capped at 14 features (top_k_frac=0.2)
09:02:07  src.cpcv.preprocessing  INFO    Selected (14): ['copper_ret_14', 'eth_btc_ratio', 'kurtosis', 'log_returns_lag14', 'log_returns_lag2', 'log_returns_lag3', 'log_returns_lag7', 'lz_complexity', 'natgas_ret_30', 'oil_ret_14', 'rsi', 'skewness', 'smt_poly1', 'sp500_ret_30']
09:02:07  src.cpcv.pipeline  INFO    Preprocessing: 14 features selected, train=465 + val=100 + cal=100, test=292
09:02:07  src.cpcv.tuning  INFO  Tuning (1 model) — Optuna TPE + Purged K-Fold (inner: 3 folds, embargo=10 obs)
09:02:07  src.cpcv.tuning  INFO    [tuning] kan (efficient-kan + AdamW): 3 purged K-fold splits, 30 Optuna trials (TPE)
09:03:16  src.cpcv.tuning  INFO      kan: 15 completed, 15 pruned (of 30 total) — best log_loss=0.6849, params={'width1': 5, 'lr': 0.00916038623831982, 'weight_decay': 0.0004898491725707815, 'grid': 3}
09:03:16  src.cpcv.tuning  INFO    [tuning] kan done in 68.7s — best log_loss=0.6849
09:03:16  src.cpcv.tuning  INFO  Tuning total: 68.7s
09:03:16  src.cpcv.pipeline  INFO      applied kan: {'width1': 5, 'width2': 0, 'grid': 3, 'lr': 0.00916038623831982, 'weight_decay': 0.0004898491725707815}
09:03:16  src.cpcv.models.kan_model  INFO  KAN fitted: widths=[14, 5, 2], grid=3, epochs=21, val_acc=0.5300, val_loss=0.7129, logit_range=[-0.08, 0.15], device=cpu.
09:03:16  src.cpcv.pipeline  INFO    [ 55/84]                  kan (seed=0) F1=0.431  AUC=0.533  LL=0.6935 (0.4s)
09:03:17  src.cpcv.models.kan_model  INFO  KAN fitted: widths=[14, 5, 2], grid=3, epochs=21, val_acc=0.6400, val_loss=0.6983, logit_range=[-0.13, 0.13], device=cpu.
09:03:17  src.cpcv.pipeline  INFO    [ 56/84]                  kan (seed=1) F1=0.308  AUC=0.525  LL=0.6938 (0.4s)
09:03:17  src.cpcv.models.kan_model  INFO  KAN fitted: widths=[14, 5, 2], grid=3, epochs=21, val_acc=0.5100, val_loss=0.7068, logit_range=[-0.09, 0.10], device=cpu.
09:03:17  src.cpcv.pipeline  INFO    [ 57/84]                  kan (seed=2) F1=0.476  AUC=0.495  LL=0.6959 (0.3s)
09:03:17  src.cpcv.preprocessing  INFO  Computing MDA (Random Forest)...
09:03:47  src.cpcv.preprocessing  INFO  Computing MDA (Logistic Regression)...
09:03:49  src.cpcv.preprocessing  INFO  Multi-model MDA: 38/73 passed (MDA > 0), 35 eliminated
09:03:49  src.cpcv.preprocessing  INFO    Capped at 14 features (top_k_frac=0.2)
09:03:49  src.cpcv.preprocessing  INFO    Selected (14): ['ema_ratio_20_50', 'log_returns_lag30', 'log_returns_lag5', 'log_returns_lag6', 'log_returns_lag7', 'mvrv', 'net_exchange_flow', 'oil_ret_14', 'silver_ret_14', 'skewness', 'sp500_ret_14', 'us10y', 'variance_ratio', 'vix']
09:03:49  src.cpcv.pipeline  INFO    Preprocessing: 14 features selected, train=457 + val=98 + cal=98, test=292
09:03:49  src.cpcv.tuning  INFO  Tuning (1 model) — Optuna TPE + Purged K-Fold (inner: 3 folds, embargo=10 obs)
09:03:49  src.cpcv.tuning  INFO    [tuning] kan (efficient-kan + AdamW): 3 purged K-fold splits, 30 Optuna trials (TPE)
09:04:52  src.cpcv.tuning  INFO      kan: 14 completed, 16 pruned (of 30 total) — best log_loss=0.6816, params={'width1': 5, 'lr': 0.03334115743026767, 'weight_decay': 0.000578250662146681, 'grid': 5}
09:04:52  src.cpcv.tuning  INFO    [tuning] kan done in 62.8s — best log_loss=0.6816
09:04:52  src.cpcv.tuning  INFO  Tuning total: 62.8s
09:04:52  src.cpcv.pipeline  INFO      applied kan: {'width1': 5, 'width2': 0, 'grid': 5, 'lr': 0.03334115743026767, 'weight_decay': 0.000578250662146681}
09:04:52  src.cpcv.models.kan_model  INFO  KAN fitted: widths=[14, 5, 2], grid=5, epochs=21, val_acc=0.5408, val_loss=0.7088, logit_range=[-0.12, 0.13], device=cpu.
09:04:52  src.cpcv.pipeline  INFO    [ 58/84]                  kan (seed=0) F1=0.479  AUC=0.488  LL=0.7051 (0.3s)
09:04:52  src.cpcv.models.kan_model  INFO  KAN fitted: widths=[14, 5, 2], grid=5, epochs=21, val_acc=0.4694, val_loss=0.7069, logit_range=[-0.15, 0.10], device=cpu.
09:04:52  src.cpcv.pipeline  INFO    [ 59/84]                  kan (seed=1) F1=0.447  AUC=0.503  LL=0.7201 (0.4s)
09:04:53  src.cpcv.models.kan_model  INFO  KAN fitted: widths=[14, 5, 2], grid=5, epochs=21, val_acc=0.5816, val_loss=0.7036, logit_range=[-0.17, 0.06], device=cpu.
09:04:53  src.cpcv.pipeline  INFO    [ 60/84]                  kan (seed=2) F1=0.399  AUC=0.529  LL=0.6901 (0.3s)
09:04:53  src.cpcv.preprocessing  INFO  Computing MDA (Random Forest)...
09:05:21  src.cpcv.preprocessing  INFO  Computing MDA (Logistic Regression)...
09:05:23  src.cpcv.preprocessing  INFO  Multi-model MDA: 37/73 passed (MDA > 0), 36 eliminated
09:05:23  src.cpcv.preprocessing  INFO    Capped at 14 features (top_k_frac=0.2)
09:05:23  src.cpcv.preprocessing  INFO    Selected (14): ['eth_btc_ratio', 'gold_ret_30', 'kurtosis', 'log_returns_lag3', 'log_returns_lag6', 'log_returns_lag7', 'macd_hist', 'realized_vol', 'silver_ret_30', 'sp500_ret_30', 'stoch_k', 'variance_ratio', 'williams_r', 'yield_curve_2y10y']
09:05:23  src.cpcv.pipeline  INFO    Preprocessing: 14 features selected, train=457 + val=98 + cal=98, test=292
09:05:23  src.cpcv.tuning  INFO  Tuning (1 model) — Optuna TPE + Purged K-Fold (inner: 3 folds, embargo=10 obs)
09:05:23  src.cpcv.tuning  INFO    [tuning] kan (efficient-kan + AdamW): 3 purged K-fold splits, 30 Optuna trials (TPE)
09:06:37  src.cpcv.tuning  INFO      kan: 10 completed, 20 pruned (of 30 total) — best log_loss=0.6674, params={'width1': 3, 'lr': 0.04919994023607683, 'weight_decay': 0.001896168723409351, 'grid': 5}
09:06:37  src.cpcv.tuning  INFO    [tuning] kan done in 74.3s — best log_loss=0.6674
09:06:37  src.cpcv.tuning  INFO  Tuning total: 74.3s
09:06:37  src.cpcv.pipeline  INFO      applied kan: {'width1': 3, 'width2': 0, 'grid': 5, 'lr': 0.04919994023607683, 'weight_decay': 0.001896168723409351}
09:06:37  src.cpcv.models.kan_model  INFO  KAN fitted: widths=[14, 3, 2], grid=5, epochs=24, val_acc=0.5510, val_loss=0.7873, logit_range=[-0.43, 1.35], device=cpu.
09:06:37  src.cpcv.pipeline  INFO    [ 61/84]                  kan (seed=0) F1=0.527  AUC=0.513  LL=0.7026 (0.5s)
09:06:38  src.cpcv.models.kan_model  INFO  KAN fitted: widths=[14, 3, 2], grid=5, epochs=21, val_acc=0.5204, val_loss=0.8016, logit_range=[-0.12, 0.10], device=cpu.
09:06:38  src.cpcv.pipeline  INFO    [ 62/84]                  kan (seed=1) F1=0.472  AUC=0.492  LL=0.6951 (0.4s)
09:06:38  src.cpcv.models.kan_model  INFO  KAN fitted: widths=[14, 3, 2], grid=5, epochs=24, val_acc=0.5510, val_loss=0.7765, logit_range=[-0.57, 0.69], device=cpu.
09:06:38  src.cpcv.pipeline  INFO    [ 63/84]                  kan (seed=2) F1=0.499  AUC=0.505  LL=0.6956 (0.5s)
09:06:39  src.cpcv.preprocessing  INFO  Computing MDA (Random Forest)...
09:07:06  src.cpcv.preprocessing  INFO  Computing MDA (Logistic Regression)...
09:07:07  src.cpcv.preprocessing  INFO  Multi-model MDA: 38/73 passed (MDA > 0), 35 eliminated
09:07:07  src.cpcv.preprocessing  INFO    Capped at 14 features (top_k_frac=0.2)
09:07:07  src.cpcv.preprocessing  INFO    Selected (14): ['active_addr_roc_14', 'bb_width', 'copper_ret_30', 'eth_btc_ratio', 'exchange_supply_pct', 'log_returns_lag1', 'log_returns_lag5', 'log_returns_lag6', 'oil_ret_14', 'silver_ret_30', 'smt_poly1', 'sp500_ret_30', 'yield_curve_10y30y', 'yz_vol']
09:07:07  src.cpcv.pipeline  INFO    Preprocessing: 14 features selected, train=464 + val=100 + cal=100, test=292
09:07:07  src.cpcv.tuning  INFO  Tuning (1 model) — Optuna TPE + Purged K-Fold (inner: 3 folds, embargo=10 obs)
09:07:07  src.cpcv.tuning  INFO    [tuning] kan (efficient-kan + AdamW): 3 purged K-fold splits, 30 Optuna trials (TPE)
09:09:16  src.cpcv.tuning  INFO      kan: 18 completed, 12 pruned (of 30 total) — best log_loss=0.6614, params={'width1': 6, 'lr': 0.001504321303893368, 'weight_decay': 3.115976286675903e-05, 'grid': 3}
09:09:16  src.cpcv.tuning  INFO    [tuning] kan done in 129.4s — best log_loss=0.6614
09:09:16  src.cpcv.tuning  INFO  Tuning total: 129.4s
09:09:16  src.cpcv.pipeline  INFO      applied kan: {'width1': 6, 'width2': 0, 'grid': 3, 'lr': 0.001504321303893368, 'weight_decay': 3.115976286675903e-05}
09:09:19  src.cpcv.models.kan_model  INFO  KAN fitted: widths=[14, 6, 2], grid=3, epochs=134, val_acc=0.5500, val_loss=0.8233, logit_range=[-0.49, 0.71], device=cpu.
09:09:19  src.cpcv.pipeline  INFO    [ 64/84]                  kan (seed=0) F1=0.362  AUC=0.512  LL=0.7295 (2.3s)
09:09:21  src.cpcv.models.kan_model  INFO  KAN fitted: widths=[14, 6, 2], grid=3, epochs=134, val_acc=0.5800, val_loss=0.8143, logit_range=[-0.65, 0.43], device=cpu.
09:09:21  src.cpcv.pipeline  INFO    [ 65/84]                  kan (seed=1) F1=0.366  AUC=0.527  LL=0.7534 (2.2s)
09:09:23  src.cpcv.models.kan_model  INFO  KAN fitted: widths=[14, 6, 2], grid=3, epochs=136, val_acc=0.5700, val_loss=0.8239, logit_range=[-0.72, 0.48], device=cpu.
09:09:23  src.cpcv.pipeline  INFO    [ 66/84]                  kan (seed=2) F1=0.362  AUC=0.516  LL=0.7462 (2.0s)
09:09:23  src.cpcv.preprocessing  INFO  Computing MDA (Random Forest)...
09:09:49  src.cpcv.preprocessing  INFO  Computing MDA (Logistic Regression)...
09:09:50  src.cpcv.preprocessing  INFO  Multi-model MDA: 38/73 passed (MDA > 0), 35 eliminated
09:09:50  src.cpcv.preprocessing  INFO    Capped at 14 features (top_k_frac=0.2)
09:09:50  src.cpcv.preprocessing  INFO    Selected (14): ['cci_14', 'ema_ratio_20_50', 'fee_per_tx', 'log_returns_lag2', 'log_returns_lag5', 'log_returns_lag6', 'macd', 'macd_hist', 'mfi_14', 'net_exchange_flow', 'obv', 'sadf', 'smt_exp', 'vol_term_30_90']
09:09:50  src.cpcv.pipeline  INFO    Preprocessing: 14 features selected, train=465 + val=100 + cal=100, test=292
09:09:50  src.cpcv.tuning  INFO  Tuning (1 model) — Optuna TPE + Purged K-Fold (inner: 3 folds, embargo=10 obs)
09:09:50  src.cpcv.tuning  INFO    [tuning] kan (efficient-kan + AdamW): 3 purged K-fold splits, 30 Optuna trials (TPE)
09:10:35  src.cpcv.tuning  INFO      kan: 17 completed, 13 pruned (of 30 total) — best log_loss=0.6904, params={'width1': 2, 'lr': 0.04353010439152429, 'weight_decay': 0.001764971584817572, 'grid': 3}
09:10:35  src.cpcv.tuning  INFO    [tuning] kan done in 44.5s — best log_loss=0.6904
09:10:35  src.cpcv.tuning  INFO  Tuning total: 44.5s
09:10:35  src.cpcv.pipeline  INFO      applied kan: {'width1': 2, 'width2': 0, 'grid': 3, 'lr': 0.04353010439152429, 'weight_decay': 0.001764971584817572}
09:10:35  src.cpcv.models.kan_model  INFO  KAN fitted: widths=[14, 2, 2], grid=3, epochs=21, val_acc=0.5600, val_loss=0.7020, logit_range=[-0.19, 0.19], device=cpu.
09:10:35  src.cpcv.pipeline  INFO    [ 67/84]                  kan (seed=0) F1=0.536  AUC=0.515  LL=0.6955 (0.3s)
09:10:36  src.cpcv.models.kan_model  INFO  KAN fitted: widths=[14, 2, 2], grid=3, epochs=21, val_acc=0.5900, val_loss=0.7035, logit_range=[-0.24, 0.06], device=cpu.
09:10:36  src.cpcv.pipeline  INFO    [ 68/84]                  kan (seed=1) F1=0.500  AUC=0.519  LL=0.6930 (0.3s)
09:10:36  src.cpcv.models.kan_model  INFO  KAN fitted: widths=[14, 2, 2], grid=3, epochs=53, val_acc=0.6500, val_loss=0.6808, logit_range=[-1.34, 1.00], device=cpu.
09:10:36  src.cpcv.pipeline  INFO    [ 69/84]                  kan (seed=2) F1=0.516  AUC=0.505  LL=0.7086 (0.8s)
09:10:37  src.cpcv.preprocessing  INFO  Computing MDA (Random Forest)...
09:11:03  src.cpcv.preprocessing  INFO  Computing MDA (Logistic Regression)...
09:11:04  src.cpcv.preprocessing  INFO  Multi-model MDA: 40/73 passed (MDA > 0), 33 eliminated
09:11:04  src.cpcv.preprocessing  INFO    Capped at 14 features (top_k_frac=0.2)
09:11:04  src.cpcv.preprocessing  INFO    Selected (14): ['bb_width', 'eth_btc_ratio', 'gk_vol', 'gold_ret_30', 'hashrate_roc_30', 'hurst', 'log_returns_lag1', 'log_returns_lag21', 'log_returns_lag4', 'log_returns_lag6', 'nasdaq_ret_14', 'silver_ret_30', 'smt_poly1', 'yield_curve_10y30y']
09:11:04  src.cpcv.pipeline  INFO    Preprocessing: 14 features selected, train=457 + val=98 + cal=98, test=292
09:11:04  src.cpcv.tuning  INFO  Tuning (1 model) — Optuna TPE + Purged K-Fold (inner: 3 folds, embargo=10 obs)
09:11:04  src.cpcv.tuning  INFO    [tuning] kan (efficient-kan + AdamW): 3 purged K-fold splits, 30 Optuna trials (TPE)
09:12:11  src.cpcv.tuning  INFO      kan: 23 completed, 7 pruned (of 30 total) — best log_loss=0.6709, params={'width1': 3, 'lr': 0.04688392914464725, 'weight_decay': 0.00041281032319200094, 'grid': 5}
09:12:11  src.cpcv.tuning  INFO    [tuning] kan done in 67.2s — best log_loss=0.6709
09:12:11  src.cpcv.tuning  INFO  Tuning total: 67.2s
09:12:11  src.cpcv.pipeline  INFO      applied kan: {'width1': 3, 'width2': 0, 'grid': 5, 'lr': 0.04688392914464725, 'weight_decay': 0.00041281032319200094}
09:12:11  src.cpcv.models.kan_model  INFO  KAN fitted: widths=[14, 3, 2], grid=5, epochs=23, val_acc=0.5510, val_loss=0.7796, logit_range=[-0.25, 0.79], device=cpu.
09:12:11  src.cpcv.pipeline  INFO    [ 70/84]                  kan (seed=0) F1=0.520  AUC=0.536  LL=0.6891 (0.3s)
09:12:12  src.cpcv.models.kan_model  INFO  KAN fitted: widths=[14, 3, 2], grid=5, epochs=24, val_acc=0.6020, val_loss=0.7754, logit_range=[-0.54, 0.51], device=cpu.
09:12:12  src.cpcv.pipeline  INFO    [ 71/84]                  kan (seed=1) F1=0.514  AUC=0.540  LL=0.6896 (0.3s)
09:12:12  src.cpcv.models.kan_model  INFO  KAN fitted: widths=[14, 3, 2], grid=5, epochs=24, val_acc=0.6122, val_loss=0.7819, logit_range=[-0.54, 0.60], device=cpu.
09:12:12  src.cpcv.pipeline  INFO    [ 72/84]                  kan (seed=2) F1=0.473  AUC=0.513  LL=0.6894 (0.4s)
09:12:12  src.cpcv.preprocessing  INFO  Computing MDA (Random Forest)...
09:12:38  src.cpcv.preprocessing  INFO  Computing MDA (Logistic Regression)...
09:12:39  src.cpcv.preprocessing  INFO  Multi-model MDA: 41/73 passed (MDA > 0), 32 eliminated
09:12:39  src.cpcv.preprocessing  INFO    Capped at 14 features (top_k_frac=0.2)
09:12:39  src.cpcv.preprocessing  INFO    Selected (14): ['ema_ratio_50_200', 'gk_vol', 'log_returns_lag1', 'log_returns_lag14', 'log_returns_lag21', 'log_returns_lag3', 'log_returns_lag30', 'log_returns_lag4', 'nasdaq_ret_30', 'realized_vol', 'silver_ret_30', 'smt_poly1', 'tx_count_roc_14', 'vol_term_7_30']
09:12:39  src.cpcv.pipeline  INFO    Preprocessing: 14 features selected, train=464 + val=100 + cal=100, test=292
09:12:39  src.cpcv.tuning  INFO  Tuning (1 model) — Optuna TPE + Purged K-Fold (inner: 3 folds, embargo=10 obs)
09:12:39  src.cpcv.tuning  INFO    [tuning] kan (efficient-kan + AdamW): 3 purged K-fold splits, 30 Optuna trials (TPE)
09:13:17  src.cpcv.tuning  INFO      kan: 22 completed, 8 pruned (of 30 total) — best log_loss=0.6897, params={'width1': 4, 'lr': 0.024171763961863796, 'weight_decay': 3.326889406504915e-05, 'grid': 5}
09:13:17  src.cpcv.tuning  INFO    [tuning] kan done in 38.0s — best log_loss=0.6897
09:13:17  src.cpcv.tuning  INFO  Tuning total: 38.0s
09:13:17  src.cpcv.pipeline  INFO      applied kan: {'width1': 4, 'width2': 0, 'grid': 5, 'lr': 0.024171763961863796, 'weight_decay': 3.326889406504915e-05}
09:13:18  src.cpcv.models.kan_model  INFO  KAN fitted: widths=[14, 4, 2], grid=5, epochs=27, val_acc=0.5700, val_loss=0.8444, logit_range=[-0.46, 0.49], device=cpu.
09:13:18  src.cpcv.pipeline  INFO    [ 73/84]                  kan (seed=0) F1=0.369  AUC=0.488  LL=0.6802 (0.5s)
09:13:18  src.cpcv.models.kan_model  INFO  KAN fitted: widths=[14, 4, 2], grid=5, epochs=40, val_acc=0.6000, val_loss=0.8491, logit_range=[-0.83, 1.13], device=cpu.
09:13:18  src.cpcv.pipeline  INFO    [ 74/84]                  kan (seed=1) F1=0.369  AUC=0.469  LL=0.6813 (0.6s)
09:13:19  src.cpcv.models.kan_model  INFO  KAN fitted: widths=[14, 4, 2], grid=5, epochs=28, val_acc=0.5900, val_loss=0.8419, logit_range=[-0.53, 0.49], device=cpu.
09:13:19  src.cpcv.pipeline  INFO    [ 75/84]                  kan (seed=2) F1=0.369  AUC=0.462  LL=0.6822 (0.4s)
09:13:19  src.cpcv.preprocessing  INFO  Computing MDA (Random Forest)...
09:13:46  src.cpcv.preprocessing  INFO  Computing MDA (Logistic Regression)...
09:13:47  src.cpcv.preprocessing  INFO  Multi-model MDA: 39/73 passed (MDA > 0), 34 eliminated
09:13:47  src.cpcv.preprocessing  INFO    Capped at 14 features (top_k_frac=0.2)
09:13:47  src.cpcv.preprocessing  INFO    Selected (14): ['cci_14', 'dxy_roc_30', 'ema_ratio_50_200', 'fee_per_tx', 'gk_vol', 'gold_ret_14', 'gold_ret_30', 'kurtosis', 'log_returns', 'log_returns_lag2', 'log_returns_lag5', 'log_returns_lag6', 'smt_poly1', 'vix']
09:13:47  src.cpcv.pipeline  INFO    Preprocessing: 14 features selected, train=465 + val=100 + cal=100, test=292
09:13:47  src.cpcv.tuning  INFO  Tuning (1 model) — Optuna TPE + Purged K-Fold (inner: 3 folds, embargo=10 obs)
09:13:47  src.cpcv.tuning  INFO    [tuning] kan (efficient-kan + AdamW): 3 purged K-fold splits, 30 Optuna trials (TPE)
09:14:54  src.cpcv.tuning  INFO      kan: 16 completed, 14 pruned (of 30 total) — best log_loss=0.6847, params={'width1': 2, 'lr': 0.005227285465316269, 'weight_decay': 6.129512072415656e-05, 'grid': 3}
09:14:54  src.cpcv.tuning  INFO    [tuning] kan done in 67.3s — best log_loss=0.6847
09:14:54  src.cpcv.tuning  INFO  Tuning total: 67.3s
09:14:54  src.cpcv.pipeline  INFO      applied kan: {'width1': 2, 'width2': 0, 'grid': 3, 'lr': 0.005227285465316269, 'weight_decay': 6.129512072415656e-05}
09:14:55  src.cpcv.models.kan_model  INFO  KAN fitted: widths=[14, 2, 2], grid=3, epochs=21, val_acc=0.5900, val_loss=0.7534, logit_range=[-0.16, 0.11], device=cpu.
09:14:55  src.cpcv.pipeline  INFO    [ 76/84]                  kan (seed=0) F1=0.366  AUC=0.487  LL=0.6934 (0.3s)
09:14:55  src.cpcv.models.kan_model  INFO  KAN fitted: widths=[14, 2, 2], grid=3, epochs=21, val_acc=0.4000, val_loss=0.7777, logit_range=[-0.10, 0.07], device=cpu.
09:14:55  src.cpcv.pipeline  INFO    [ 77/84]                  kan (seed=1) F1=0.436  AUC=0.532  LL=0.6932 (0.3s)
09:14:55  src.cpcv.models.kan_model  INFO  KAN fitted: widths=[14, 2, 2], grid=3, epochs=21, val_acc=0.5600, val_loss=0.7704, logit_range=[-0.13, 0.04], device=cpu.
09:14:55  src.cpcv.pipeline  INFO    [ 78/84]                  kan (seed=2) F1=0.321  AUC=0.513  LL=0.6933 (0.3s)
09:14:56  src.cpcv.preprocessing  INFO  Computing MDA (Random Forest)...
09:15:21  src.cpcv.preprocessing  INFO  Computing MDA (Logistic Regression)...
09:15:22  src.cpcv.preprocessing  INFO  Multi-model MDA: 31/73 passed (MDA > 0), 42 eliminated
09:15:22  src.cpcv.preprocessing  INFO    Capped at 14 features (top_k_frac=0.2)
09:15:22  src.cpcv.preprocessing  INFO    Selected (14): ['active_addr_roc_14', 'bb_width', 'eth_btc_ratio', 'exchange_supply_pct', 'gold_ret_14', 'log_returns_lag1', 'log_returns_lag2', 'log_returns_lag6', 'log_returns_lag7', 'natgas_ret_14', 'shannon_entropy', 'stoch_k', 'us10y', 'vix']
09:15:22  src.cpcv.pipeline  INFO    Preprocessing: 14 features selected, train=464 + val=100 + cal=100, test=292
09:15:22  src.cpcv.tuning  INFO  Tuning (1 model) — Optuna TPE + Purged K-Fold (inner: 3 folds, embargo=10 obs)
09:15:22  src.cpcv.tuning  INFO    [tuning] kan (efficient-kan + AdamW): 3 purged K-fold splits, 30 Optuna trials (TPE)
09:16:07  src.cpcv.tuning  INFO      kan: 14 completed, 16 pruned (of 30 total) — best log_loss=0.6782, params={'width1': 4, 'lr': 0.023810591774533946, 'weight_decay': 0.0013177790560844145, 'grid': 3}
09:16:07  src.cpcv.tuning  INFO    [tuning] kan done in 44.8s — best log_loss=0.6782
09:16:07  src.cpcv.tuning  INFO  Tuning total: 44.8s
09:16:07  src.cpcv.pipeline  INFO      applied kan: {'width1': 4, 'width2': 0, 'grid': 3, 'lr': 0.023810591774533946, 'weight_decay': 0.0013177790560844145}
09:16:07  src.cpcv.models.kan_model  INFO  KAN fitted: widths=[14, 4, 2], grid=3, epochs=21, val_acc=0.4500, val_loss=0.8659, logit_range=[-0.18, 0.28], device=cpu.
09:16:07  src.cpcv.pipeline  INFO    [ 79/84]                  kan (seed=0) F1=0.345  AUC=0.502  LL=0.7133 (0.3s)
09:16:08  src.cpcv.models.kan_model  INFO  KAN fitted: widths=[14, 4, 2], grid=3, epochs=21, val_acc=0.5700, val_loss=0.8556, logit_range=[-0.18, 0.18], device=cpu.
09:16:08  src.cpcv.pipeline  INFO    [ 80/84]                  kan (seed=1) F1=0.353  AUC=0.543  LL=0.7128 (0.3s)
09:16:08  src.cpcv.models.kan_model  INFO  KAN fitted: widths=[14, 4, 2], grid=3, epochs=26, val_acc=0.5000, val_loss=0.8669, logit_range=[-0.54, 0.57], device=cpu.
09:16:08  src.cpcv.pipeline  INFO    [ 81/84]                  kan (seed=2) F1=0.345  AUC=0.550  LL=0.7058 (0.4s)
09:16:08  src.cpcv.preprocessing  INFO  Computing MDA (Random Forest)...
09:16:34  src.cpcv.preprocessing  INFO  Computing MDA (Logistic Regression)...
09:16:35  src.cpcv.preprocessing  INFO  Multi-model MDA: 38/73 passed (MDA > 0), 35 eliminated
09:16:35  src.cpcv.preprocessing  INFO    Capped at 14 features (top_k_frac=0.2)
09:16:35  src.cpcv.preprocessing  INFO    Selected (14): ['dxy_roc_30', 'exchange_supply_pct', 'hurst', 'log_returns_lag1', 'log_returns_lag4', 'macd_signal', 'roc_14', 'silver_ret_30', 'skewness', 'smt_exp', 'stoch_d', 'williams_r', 'yield_curve_2y10y', 'yz_vol']
09:16:35  src.cpcv.pipeline  INFO    Preprocessing: 14 features selected, train=473 + val=101 + cal=102, test=292
09:16:35  src.cpcv.tuning  INFO  Tuning (1 model) — Optuna TPE + Purged K-Fold (inner: 3 folds, embargo=10 obs)
09:16:35  src.cpcv.tuning  INFO    [tuning] kan (efficient-kan + AdamW): 3 purged K-fold splits, 30 Optuna trials (TPE)
09:17:15  src.cpcv.tuning  INFO      kan: 25 completed, 5 pruned (of 30 total) — best log_loss=0.6880, params={'width1': 6, 'lr': 0.023905576955389873, 'weight_decay': 0.00013045972511597313, 'grid': 5}
09:17:15  src.cpcv.tuning  INFO    [tuning] kan done in 39.7s — best log_loss=0.6880
09:17:15  src.cpcv.tuning  INFO  Tuning total: 39.7s
09:17:15  src.cpcv.pipeline  INFO      applied kan: {'width1': 6, 'width2': 0, 'grid': 5, 'lr': 0.023905576955389873, 'weight_decay': 0.00013045972511597313}
09:17:15  src.cpcv.models.kan_model  INFO  KAN fitted: widths=[14, 6, 2], grid=5, epochs=21, val_acc=0.5842, val_loss=0.7735, logit_range=[-0.06, 0.05], device=cpu.
09:17:15  src.cpcv.pipeline  INFO    [ 82/84]                  kan (seed=0) F1=0.305  AUC=0.541  LL=0.7260 (0.4s)
09:17:16  src.cpcv.models.kan_model  INFO  KAN fitted: widths=[14, 6, 2], grid=5, epochs=21, val_acc=0.5149, val_loss=0.7953, logit_range=[-0.10, 0.33], device=cpu.
09:17:16  src.cpcv.pipeline  INFO    [ 83/84]                  kan (seed=1) F1=0.305  AUC=0.504  LL=0.7262 (0.4s)
09:17:16  src.cpcv.models.kan_model  INFO  KAN fitted: widths=[14, 6, 2], grid=5, epochs=21, val_acc=0.5347, val_loss=0.7808, logit_range=[-0.18, 0.13], device=cpu.
09:17:16  src.cpcv.pipeline  INFO    [ 84/84]                  kan (seed=2) F1=0.305  AUC=0.538  LL=0.7261 (0.4s)
09:17:16  src.cpcv.pipeline  INFO  ============================================================
09:17:16  src.cpcv.pipeline  INFO  CPCV Pipeline Complete
09:17:16  src.cpcv.pipeline  INFO  ============================================================
09:17:16  src.cpcv.pipeline  INFO    Total time:     2608.1s (43.5m)
09:17:16  src.cpcv.pipeline  INFO    Tasks:          84 succeeded, 0 failed
09:17:16  src.cpcv.pipeline  INFO    Results keys:   84 (model, split, seed) entries
09:17:16  src.cpcv.pipeline  INFO    Backtest paths: 7
09:17:16  src.cpcv.pipeline  INFO    Tuning:         nested (per-split), 28 splits tuned, models=['kan']
09:17:16  src.cpcv.pipeline  INFO  ============================================================
09:17:54  src.post_cpcv.symbolic_extraction  INFO  Fold F1 scores: {0: '0.4047', 1: '0.4655', 2: '0.4557', 3: '0.4945', 4: '0.4402', 5: '0.4840', 6: '0.3596', 7: '0.3798', 8: '0.4931', 9: '0.4695', 10: '0.4562', 11: '0.3829', 12: '0.3711', 13: '0.3733', 14: '0.4912', 15: '0.4657', 16: '0.4095', 17: '0.3491', 18: '0.4048', 19: '0.4418', 20: '0.4993', 21: '0.3635', 22: '0.5175', 23: '0.5023', 24: '0.3693', 25: '0.3741', 26: '0.3479', 27: '0.3048'}
09:17:54  src.post_cpcv.symbolic_extraction  INFO  Selected fold: split 27 — last/most recent (F1=0.3048)
09:17:56  src.cpcv.cv  INFO  CPCV: 28 splits generated (N=8, k=2, embargo=11 obs).
09:17:56  src.post_cpcv.symbolic_extraction  INFO  Symbolic extraction feature subset: 3 feature(s) (overrides per-fold MDA selection).
09:17:56  src.post_cpcv.symbolic_extraction  INFO  Extraction data: 540 train, 135 val, 3 features (tanh-normalized).
09:17:57  src.post_cpcv.symbolic_extraction  INFO  Extraction Phase 1: Adam (600 steps, wd=0.0010, noise=0.050)
09:18:12  src.post_cpcv.symbolic_extraction  INFO  After Adam: train_acc=0.5759, val_acc=0.4815
09:18:12  src.post_cpcv.symbolic_extraction  WARNING  Adam phase val_acc=0.4815 < 0.5693 (majority baseline 0.5593 + 0.01 margin, floored at PYKAN_MIN_ACCURACY=0.53). PyKAN may not have learned meaningful patterns.
09:18:12  src.post_cpcv.symbolic_extraction  INFO  Extraction Phase 2a: LBFGS warmup (20 steps, no reg)
09:18:18  src.post_cpcv.symbolic_extraction  INFO  After LBFGS warmup: train_acc=0.6111, val_acc=0.4296
09:18:18  src.post_cpcv.symbolic_extraction  INFO  Extraction Phase 2b: LBFGS sparsity (20 steps, lamb=0.0020)
09:18:24  src.post_cpcv.symbolic_extraction  INFO  After LBFGS sparsity: train_acc=0.6500, val_acc=0.4667
09:18:24  src.post_cpcv.symbolic_extraction  INFO  KAN trained. Val accuracy: 0.4667, width: [[3, 0], [3, 0], [2, 0]]
09:18:24  src.post_cpcv.symbolic_extraction  INFO  Pre-prune edge analysis: 15/15 active (100.0%)
09:18:25  src.post_cpcv.symbolic_extraction  INFO  Pruned: [[3, 0], [3, 0], [2, 0]] → [[3, 0], [3, 0], [2, 0]]
09:18:27  src.post_cpcv.symbolic_extraction  INFO  Saved kan_pruned_network.png
09:18:27  src.post_cpcv.symbolic_extraction  INFO  Activation check: logit_diff std=0.7075, range=[-2.392, 2.025]
09:18:28  src.post_cpcv.symbolic_extraction  INFO  Edge (0,0,0): x (R²=0.9911) ✓
09:18:28  src.post_cpcv.symbolic_extraction  INFO  Edge (0,0,1): cos (R²=1.0000) ✓
09:18:29  src.post_cpcv.symbolic_extraction  INFO  Edge (0,0,2): cos (R²=1.0000) ✓
09:18:30  src.post_cpcv.symbolic_extraction  INFO  Edge (0,1,0): x^4 (R²=0.9065) ✓
09:18:30  src.post_cpcv.symbolic_extraction  INFO  Edge (0,1,1): sin (R²=0.9854) ✓
09:18:31  src.post_cpcv.symbolic_extraction  INFO  Edge (0,1,2): x^4 (R²=0.7400) ✓
09:18:32  src.post_cpcv.symbolic_extraction  INFO  Edge (0,2,0): tanh (R²=0.9903) ✓
09:18:32  src.post_cpcv.symbolic_extraction  INFO  Edge (0,2,1): x^3 (R²=0.9926) ✓
09:18:33  src.post_cpcv.symbolic_extraction  INFO  Edge (0,2,2): arctan (R²=0.9928) ✓
09:18:34  src.post_cpcv.symbolic_extraction  INFO  Edge (1,0,0): x^2 (R²=0.7340) ✓
09:18:35  src.post_cpcv.symbolic_extraction  INFO  Edge (1,0,1): tanh (R²=0.9789) ✓
09:18:35  src.post_cpcv.symbolic_extraction  INFO  Edge (1,1,0): cos (R²=0.9998) ✓
09:18:35  src.post_cpcv.symbolic_extraction  INFO  Edge (1,1,1): sin (R²=0.9998) ✓
09:18:36  src.post_cpcv.symbolic_extraction  INFO  Edge (1,2,0): x^4 (R²=0.9593) ✓
09:18:37  src.post_cpcv.symbolic_extraction  INFO  Edge (1,2,1): x^4 (R²=0.9511) ✓
09:18:37  src.post_cpcv.symbolic_extraction  INFO  Top edge (0,0,2): cos (R²=1.0000)
09:18:37  src.post_cpcv.symbolic_extraction  INFO  Top edge (0,0,1): cos (R²=1.0000)
09:18:37  src.post_cpcv.symbolic_extraction  INFO  Top edge (1,1,1): sin (R²=0.9998)
09:18:37  src.post_cpcv.symbolic_extraction  INFO  Top edge (1,1,0): cos (R²=0.9998)
09:18:37  src.post_cpcv.symbolic_extraction  INFO  Top edge (0,2,2): arctan (R²=0.9928)
09:18:47  src.post_cpcv.symbolic_extraction  INFO  Saved kan_symbolified_network.png
09:19:17  src.post_cpcv.symbolic_extraction  WARNING  sympy.simplify timed out after 30s. Using unsimplified.
