14:36:41  src.pre_cpcv.data_loader  INFO  [data_loader] BTC-USD: 2014-11-01 → 2026-05-09 | 4208 rows | 0 warning(s)
14:36:46  src.pre_cpcv.labeling  INFO  Triple-barrier: 1270 events labeled. Class distribution: {1: 664, -1: 504, 0: 102}
14:36:48  src.pre_cpcv.labeling  WARNING  Dropped 102 row(s) belonging to rare class(es) [0] (< 8.5%).
14:36:51  src.pre_cpcv.sample_weights  INFO  Capped 12 weights at 2.84 (99% percentile).
14:36:53  src.pre_cpcv.features  INFO  Lag features: 10 columns, 4208 rows (lags=[1, 2, 3, 4, 5, 6, 7, 14, 21, 30]).
14:36:54  src.pre_cpcv.features  INFO  TA features: 25 columns, 4208 rows.
14:36:56  src.pre_cpcv.external_features  INFO  External features loaded from cache (29 cols).
14:36:57  src.pre_cpcv.features  INFO  Math features loaded from cache ({'negentropy', 'jarque_bera', 'variance_ratio', 'smt_exp', 'shannon_entropy', 'smt_poly1', 'lz_complexity', 'sadf', 'hurst'}).
14:36:57  src.pre_cpcv.features  INFO  symmetric log applied to: ['obv', 'chaikin_osc']
14:36:57  src.pre_cpcv.features  INFO  log applied to: ['atr'] (eps=1e-08)
14:37:27  src.pre_cpcv.alignment  WARNING  Remaining NaNs in 2 feature column(s) after alignment:
oil_ret_30    1
oil_ret_14    1
14:37:27  src.pre_cpcv.alignment  INFO  Alignment validation passed (1168 samples, 73 features).
14:37:28  src.cpcv.cv  INFO  CPCV: 28 splits generated (N=8, k=2, embargo=11 obs).
14:37:28  src.cpcv.cv  INFO  Path matrix: 7 paths, 8 groups, 28 splits.
14:37:33  src.cpcv.pipeline  INFO  ============================================================
14:37:33  src.cpcv.pipeline  INFO  CPCV Pipeline
14:37:33  src.cpcv.pipeline  INFO  ============================================================
14:37:33  src.cpcv.pipeline  INFO    Models:         ['ar_logistic']
14:37:33  src.cpcv.pipeline  INFO    Seeds/fold:     5
14:37:33  src.cpcv.pipeline  INFO    Groups (N):     8
14:37:33  src.cpcv.pipeline  INFO    Test groups (k):2
14:37:33  src.cpcv.pipeline  INFO    Embargo:        1.0%
14:37:33  src.cpcv.pipeline  INFO    FFD columns:    ['atr']
14:37:33  src.cpcv.pipeline  INFO    Samples:        1168
14:37:33  src.cpcv.pipeline  INFO    Features:       73
14:37:33  src.cpcv.pipeline  INFO    Splits:         28, Paths: 7
14:37:33  src.cpcv.pipeline  INFO    Tuning:         OFF
14:37:33  src.cpcv.pipeline  INFO  ============================================================
14:37:33  src.cpcv.preprocessing  INFO  Feature selection skipped (AR Logistic uses lagged returns only)
14:37:33  src.cpcv.pipeline  INFO    Preprocessing: FFD + scaling only (no feature selection), train=605 + val=130 + cal=130, test=93
14:37:33  src.cpcv.pipeline  INFO    AR Logistic lags: [1, 2, 3, 4, 5, 6, 7, 14, 21, 30]
14:37:33  src.cpcv.pipeline  INFO    [  1/140]          ar_logistic (seed=0) F1=0.530  AUC=0.542  LL=0.6804 (0.2s)
14:37:33  src.cpcv.pipeline  INFO    [  2/140]          ar_logistic (seed=1) F1=0.530  AUC=0.542  LL=0.6804 (0.0s)
14:37:33  src.cpcv.pipeline  INFO    [  3/140]          ar_logistic (seed=2) F1=0.530  AUC=0.542  LL=0.6804 (0.0s)
14:37:33  src.cpcv.pipeline  INFO    [  4/140]          ar_logistic (seed=3) F1=0.530  AUC=0.542  LL=0.6804 (0.0s)
14:37:33  src.cpcv.pipeline  INFO    [  5/140]          ar_logistic (seed=4) F1=0.530  AUC=0.542  LL=0.6804 (0.0s)
14:37:33  src.cpcv.preprocessing  INFO  Feature selection skipped (AR Logistic uses lagged returns only)
14:37:33  src.cpcv.pipeline  INFO    Preprocessing: FFD + scaling only (no feature selection), train=566 + val=121 + cal=122, test=146
14:37:33  src.cpcv.pipeline  INFO    AR Logistic lags: [1, 2, 3, 4, 5, 6, 7, 14, 21, 30]
14:37:33  src.cpcv.pipeline  INFO    [  6/140]          ar_logistic (seed=0) F1=0.488  AUC=0.515  LL=0.7238 (0.0s)
14:37:33  src.cpcv.pipeline  INFO    [  7/140]          ar_logistic (seed=1) F1=0.488  AUC=0.515  LL=0.7238 (0.0s)
14:37:33  src.cpcv.pipeline  INFO    [  8/140]          ar_logistic (seed=2) F1=0.488  AUC=0.515  LL=0.7238 (0.0s)
14:37:33  src.cpcv.pipeline  INFO    [  9/140]          ar_logistic (seed=3) F1=0.488  AUC=0.515  LL=0.7238 (0.0s)
14:37:33  src.cpcv.pipeline  INFO    [ 10/140]          ar_logistic (seed=4) F1=0.488  AUC=0.515  LL=0.7238 (0.0s)
14:37:34  src.cpcv.preprocessing  INFO  Feature selection skipped (AR Logistic uses lagged returns only)
14:37:34  src.cpcv.pipeline  INFO    Preprocessing: FFD + scaling only (no feature selection), train=567 + val=122 + cal=122, test=146
14:37:34  src.cpcv.pipeline  INFO    AR Logistic lags: [1, 2, 3, 4, 5, 6, 7, 14, 21, 30]
14:37:34  src.cpcv.pipeline  INFO    [ 11/140]          ar_logistic (seed=0) F1=0.534  AUC=0.533  LL=0.7168 (0.0s)
14:37:34  src.cpcv.pipeline  INFO    [ 12/140]          ar_logistic (seed=1) F1=0.534  AUC=0.533  LL=0.7168 (0.0s)
14:37:34  src.cpcv.pipeline  INFO    [ 13/140]          ar_logistic (seed=2) F1=0.534  AUC=0.533  LL=0.7168 (0.0s)
14:37:34  src.cpcv.pipeline  INFO    [ 14/140]          ar_logistic (seed=3) F1=0.534  AUC=0.533  LL=0.7168 (0.0s)
14:37:34  src.cpcv.pipeline  INFO    [ 15/140]          ar_logistic (seed=4) F1=0.534  AUC=0.533  LL=0.7168 (0.0s)
14:37:34  src.cpcv.preprocessing  INFO  Feature selection skipped (AR Logistic uses lagged returns only)
14:37:34  src.cpcv.pipeline  INFO    Preprocessing: FFD + scaling only (no feature selection), train=567 + val=122 + cal=122, test=146
14:37:34  src.cpcv.pipeline  INFO    AR Logistic lags: [1, 2, 3, 4, 5, 6, 7, 14, 21, 30]
14:37:34  src.cpcv.pipeline  INFO    [ 16/140]          ar_logistic (seed=0) F1=0.532  AUC=0.551  LL=0.6892 (0.0s)
14:37:34  src.cpcv.pipeline  INFO    [ 17/140]          ar_logistic (seed=1) F1=0.532  AUC=0.551  LL=0.6892 (0.0s)
14:37:34  src.cpcv.pipeline  INFO    [ 18/140]          ar_logistic (seed=2) F1=0.532  AUC=0.551  LL=0.6892 (0.0s)
14:37:34  src.cpcv.pipeline  INFO    [ 19/140]          ar_logistic (seed=3) F1=0.532  AUC=0.551  LL=0.6892 (0.0s)
14:37:34  src.cpcv.pipeline  INFO    [ 20/140]          ar_logistic (seed=4) F1=0.532  AUC=0.551  LL=0.6892 (0.0s)
14:37:34  src.cpcv.preprocessing  INFO  Feature selection skipped (AR Logistic uses lagged returns only)
14:37:35  src.cpcv.pipeline  INFO    Preprocessing: FFD + scaling only (no feature selection), train=567 + val=122 + cal=122, test=146
14:37:35  src.cpcv.pipeline  INFO    AR Logistic lags: [1, 2, 3, 4, 5, 6, 7, 14, 21, 30]
14:37:35  src.cpcv.pipeline  INFO    [ 21/140]          ar_logistic (seed=0) F1=0.442  AUC=0.434  LL=0.7532 (0.0s)
14:37:35  src.cpcv.pipeline  INFO    [ 22/140]          ar_logistic (seed=1) F1=0.442  AUC=0.434  LL=0.7532 (0.0s)
14:37:35  src.cpcv.pipeline  INFO    [ 23/140]          ar_logistic (seed=2) F1=0.442  AUC=0.434  LL=0.7532 (0.0s)
14:37:35  src.cpcv.pipeline  INFO    [ 24/140]          ar_logistic (seed=3) F1=0.442  AUC=0.434  LL=0.7532 (0.0s)
14:37:35  src.cpcv.pipeline  INFO    [ 25/140]          ar_logistic (seed=4) F1=0.442  AUC=0.434  LL=0.7532 (0.0s)
14:37:35  src.cpcv.preprocessing  INFO  Feature selection skipped (AR Logistic uses lagged returns only)
14:37:35  src.cpcv.pipeline  INFO    Preprocessing: FFD + scaling only (no feature selection), train=567 + val=122 + cal=122, test=146
14:37:35  src.cpcv.pipeline  INFO    AR Logistic lags: [1, 2, 3, 4, 5, 6, 7, 14, 21, 30]
14:37:35  src.cpcv.pipeline  INFO    [ 26/140]          ar_logistic (seed=0) F1=0.476  AUC=0.542  LL=0.6901 (0.0s)
14:37:35  src.cpcv.pipeline  INFO    [ 27/140]          ar_logistic (seed=1) F1=0.476  AUC=0.542  LL=0.6901 (0.0s)
14:37:35  src.cpcv.pipeline  INFO    [ 28/140]          ar_logistic (seed=2) F1=0.476  AUC=0.542  LL=0.6901 (0.0s)
14:37:35  src.cpcv.pipeline  INFO    [ 29/140]          ar_logistic (seed=3) F1=0.476  AUC=0.542  LL=0.6901 (0.0s)
14:37:35  src.cpcv.pipeline  INFO    [ 30/140]          ar_logistic (seed=4) F1=0.476  AUC=0.542  LL=0.6901 (0.0s)
14:37:35  src.cpcv.preprocessing  INFO  Feature selection skipped (AR Logistic uses lagged returns only)
14:37:35  src.cpcv.pipeline  INFO    Preprocessing: FFD + scaling only (no feature selection), train=575 + val=123 + cal=124, test=146
14:37:35  src.cpcv.pipeline  INFO    AR Logistic lags: [1, 2, 3, 4, 5, 6, 7, 14, 21, 30]
14:37:35  src.cpcv.pipeline  INFO    [ 31/140]          ar_logistic (seed=0) F1=0.377  AUC=0.594  LL=0.6808 (0.0s)
14:37:35  src.cpcv.pipeline  INFO    [ 32/140]          ar_logistic (seed=1) F1=0.377  AUC=0.594  LL=0.6808 (0.0s)
14:37:35  src.cpcv.pipeline  INFO    [ 33/140]          ar_logistic (seed=2) F1=0.377  AUC=0.594  LL=0.6808 (0.0s)
14:37:35  src.cpcv.pipeline  INFO    [ 34/140]          ar_logistic (seed=3) F1=0.377  AUC=0.594  LL=0.6808 (0.0s)
14:37:35  src.cpcv.pipeline  INFO    [ 35/140]          ar_logistic (seed=4) F1=0.377  AUC=0.594  LL=0.6808 (0.0s)
14:37:36  src.cpcv.preprocessing  INFO  Feature selection skipped (AR Logistic uses lagged returns only)
14:37:36  src.cpcv.pipeline  INFO    Preprocessing: FFD + scaling only (no feature selection), train=503 + val=108 + cal=108, test=239
14:37:36  src.cpcv.pipeline  INFO    AR Logistic lags: [1, 2, 3, 4, 5, 6, 7, 14, 21, 30]
14:37:36  src.cpcv.pipeline  INFO    [ 36/140]          ar_logistic (seed=0) F1=0.508  AUC=0.533  LL=0.6945 (0.0s)
14:37:36  src.cpcv.pipeline  INFO    [ 37/140]          ar_logistic (seed=1) F1=0.508  AUC=0.533  LL=0.6945 (0.0s)
14:37:36  src.cpcv.pipeline  INFO    [ 38/140]          ar_logistic (seed=2) F1=0.508  AUC=0.533  LL=0.6945 (0.0s)
14:37:36  src.cpcv.pipeline  INFO    [ 39/140]          ar_logistic (seed=3) F1=0.508  AUC=0.533  LL=0.6945 (0.0s)
14:37:36  src.cpcv.pipeline  INFO    [ 40/140]          ar_logistic (seed=4) F1=0.508  AUC=0.533  LL=0.6945 (0.0s)
14:37:36  src.cpcv.preprocessing  INFO  Feature selection skipped (AR Logistic uses lagged returns only)
14:37:36  src.cpcv.pipeline  INFO    Preprocessing: FFD + scaling only (no feature selection), train=494 + val=106 + cal=107, test=239
14:37:36  src.cpcv.pipeline  INFO    AR Logistic lags: [1, 2, 3, 4, 5, 6, 7, 14, 21, 30]
14:37:36  src.cpcv.pipeline  INFO    [ 41/140]          ar_logistic (seed=0) F1=0.532  AUC=0.551  LL=0.6977 (0.0s)
14:37:36  src.cpcv.pipeline  INFO    [ 42/140]          ar_logistic (seed=1) F1=0.532  AUC=0.551  LL=0.6977 (0.0s)
14:37:36  src.cpcv.pipeline  INFO    [ 43/140]          ar_logistic (seed=2) F1=0.532  AUC=0.551  LL=0.6977 (0.0s)
14:37:36  src.cpcv.pipeline  INFO    [ 44/140]          ar_logistic (seed=3) F1=0.532  AUC=0.551  LL=0.6977 (0.0s)
14:37:36  src.cpcv.pipeline  INFO    [ 45/140]          ar_logistic (seed=4) F1=0.532  AUC=0.551  LL=0.6977 (0.0s)
14:37:36  src.cpcv.preprocessing  INFO  Feature selection skipped (AR Logistic uses lagged returns only)
14:37:36  src.cpcv.pipeline  INFO    Preprocessing: FFD + scaling only (no feature selection), train=494 + val=106 + cal=107, test=239
14:37:36  src.cpcv.pipeline  INFO    AR Logistic lags: [1, 2, 3, 4, 5, 6, 7, 14, 21, 30]
14:37:36  src.cpcv.pipeline  INFO    [ 46/140]          ar_logistic (seed=0) F1=0.544  AUC=0.531  LL=0.6959 (0.0s)
14:37:36  src.cpcv.pipeline  INFO    [ 47/140]          ar_logistic (seed=1) F1=0.544  AUC=0.531  LL=0.6959 (0.0s)
14:37:36  src.cpcv.pipeline  INFO    [ 48/140]          ar_logistic (seed=2) F1=0.544  AUC=0.531  LL=0.6959 (0.0s)
14:37:36  src.cpcv.pipeline  INFO    [ 49/140]          ar_logistic (seed=3) F1=0.544  AUC=0.531  LL=0.6959 (0.0s)
14:37:36  src.cpcv.pipeline  INFO    [ 50/140]          ar_logistic (seed=4) F1=0.544  AUC=0.531  LL=0.6959 (0.0s)
14:37:37  src.cpcv.preprocessing  INFO  Feature selection skipped (AR Logistic uses lagged returns only)
14:37:37  src.cpcv.pipeline  INFO    Preprocessing: FFD + scaling only (no feature selection), train=494 + val=106 + cal=107, test=239
14:37:37  src.cpcv.pipeline  INFO    AR Logistic lags: [1, 2, 3, 4, 5, 6, 7, 14, 21, 30]
14:37:37  src.cpcv.pipeline  INFO    [ 51/140]          ar_logistic (seed=0) F1=0.435  AUC=0.467  LL=0.7194 (0.0s)
14:37:37  src.cpcv.pipeline  INFO    [ 52/140]          ar_logistic (seed=1) F1=0.435  AUC=0.467  LL=0.7194 (0.0s)
14:37:37  src.cpcv.pipeline  INFO    [ 53/140]          ar_logistic (seed=2) F1=0.435  AUC=0.467  LL=0.7194 (0.0s)
14:37:37  src.cpcv.pipeline  INFO    [ 54/140]          ar_logistic (seed=3) F1=0.435  AUC=0.467  LL=0.7194 (0.0s)
14:37:37  src.cpcv.pipeline  INFO    [ 55/140]          ar_logistic (seed=4) F1=0.435  AUC=0.467  LL=0.7194 (0.0s)
14:37:37  src.cpcv.preprocessing  INFO  Feature selection skipped (AR Logistic uses lagged returns only)
14:37:37  src.cpcv.pipeline  INFO    Preprocessing: FFD + scaling only (no feature selection), train=494 + val=106 + cal=107, test=239
14:37:37  src.cpcv.pipeline  INFO    AR Logistic lags: [1, 2, 3, 4, 5, 6, 7, 14, 21, 30]
14:37:37  src.cpcv.pipeline  INFO    [ 56/140]          ar_logistic (seed=0) F1=0.506  AUC=0.533  LL=0.6988 (0.0s)
14:37:37  src.cpcv.pipeline  INFO    [ 57/140]          ar_logistic (seed=1) F1=0.506  AUC=0.533  LL=0.6988 (0.0s)
14:37:37  src.cpcv.pipeline  INFO    [ 58/140]          ar_logistic (seed=2) F1=0.506  AUC=0.533  LL=0.6988 (0.0s)
14:37:37  src.cpcv.pipeline  INFO    [ 59/140]          ar_logistic (seed=3) F1=0.506  AUC=0.533  LL=0.6988 (0.0s)
14:37:37  src.cpcv.pipeline  INFO    [ 60/140]          ar_logistic (seed=4) F1=0.506  AUC=0.533  LL=0.6988 (0.0s)
14:37:37  src.cpcv.preprocessing  INFO  Feature selection skipped (AR Logistic uses lagged returns only)
14:37:37  src.cpcv.pipeline  INFO    Preprocessing: FFD + scaling only (no feature selection), train=502 + val=108 + cal=108, test=239
14:37:37  src.cpcv.pipeline  INFO    AR Logistic lags: [1, 2, 3, 4, 5, 6, 7, 14, 21, 30]
14:37:37  src.cpcv.pipeline  INFO    [ 61/140]          ar_logistic (seed=0) F1=0.391  AUC=0.555  LL=0.6724 (0.0s)
14:37:37  src.cpcv.pipeline  INFO    [ 62/140]          ar_logistic (seed=1) F1=0.391  AUC=0.555  LL=0.6724 (0.0s)
14:37:37  src.cpcv.pipeline  INFO    [ 63/140]          ar_logistic (seed=2) F1=0.391  AUC=0.555  LL=0.6724 (0.0s)
14:37:37  src.cpcv.pipeline  INFO    [ 64/140]          ar_logistic (seed=3) F1=0.391  AUC=0.555  LL=0.6724 (0.0s)
14:37:37  src.cpcv.pipeline  INFO    [ 65/140]          ar_logistic (seed=4) F1=0.391  AUC=0.555  LL=0.6724 (0.0s)
14:37:38  src.cpcv.preprocessing  INFO  Feature selection skipped (AR Logistic uses lagged returns only)
14:37:38  src.cpcv.pipeline  INFO    Preprocessing: FFD + scaling only (no feature selection), train=464 + val=99 + cal=100, test=292
14:37:38  src.cpcv.pipeline  INFO    AR Logistic lags: [1, 2, 3, 4, 5, 6, 7, 14, 21, 30]
14:37:38  src.cpcv.pipeline  INFO    [ 66/140]          ar_logistic (seed=0) F1=0.503  AUC=0.521  LL=0.7201 (0.0s)
14:37:38  src.cpcv.pipeline  INFO    [ 67/140]          ar_logistic (seed=1) F1=0.503  AUC=0.521  LL=0.7201 (0.0s)
14:37:38  src.cpcv.pipeline  INFO    [ 68/140]          ar_logistic (seed=2) F1=0.503  AUC=0.521  LL=0.7201 (0.0s)
14:37:38  src.cpcv.pipeline  INFO    [ 69/140]          ar_logistic (seed=3) F1=0.503  AUC=0.521  LL=0.7201 (0.0s)
14:37:38  src.cpcv.pipeline  INFO    [ 70/140]          ar_logistic (seed=4) F1=0.503  AUC=0.521  LL=0.7201 (0.0s)
14:37:38  src.cpcv.preprocessing  INFO  Feature selection skipped (AR Logistic uses lagged returns only)
14:37:38  src.cpcv.pipeline  INFO    Preprocessing: FFD + scaling only (no feature selection), train=455 + val=98 + cal=98, test=292
14:37:38  src.cpcv.pipeline  INFO    AR Logistic lags: [1, 2, 3, 4, 5, 6, 7, 14, 21, 30]
14:37:38  src.cpcv.pipeline  INFO    [ 71/140]          ar_logistic (seed=0) F1=0.518  AUC=0.511  LL=0.7325 (0.0s)
14:37:38  src.cpcv.pipeline  INFO    [ 72/140]          ar_logistic (seed=1) F1=0.518  AUC=0.511  LL=0.7325 (0.0s)
14:37:38  src.cpcv.pipeline  INFO    [ 73/140]          ar_logistic (seed=2) F1=0.518  AUC=0.511  LL=0.7325 (0.0s)
14:37:38  src.cpcv.pipeline  INFO    [ 74/140]          ar_logistic (seed=3) F1=0.518  AUC=0.511  LL=0.7325 (0.0s)
14:37:38  src.cpcv.pipeline  INFO    [ 75/140]          ar_logistic (seed=4) F1=0.518  AUC=0.511  LL=0.7325 (0.0s)
14:37:38  src.cpcv.preprocessing  INFO  Feature selection skipped (AR Logistic uses lagged returns only)
14:37:38  src.cpcv.pipeline  INFO    Preprocessing: FFD + scaling only (no feature selection), train=455 + val=98 + cal=98, test=292
14:37:38  src.cpcv.pipeline  INFO    AR Logistic lags: [1, 2, 3, 4, 5, 6, 7, 14, 21, 30]
14:37:38  src.cpcv.pipeline  INFO    [ 76/140]          ar_logistic (seed=0) F1=0.454  AUC=0.484  LL=0.7351 (0.0s)
14:37:38  src.cpcv.pipeline  INFO    [ 77/140]          ar_logistic (seed=1) F1=0.454  AUC=0.484  LL=0.7351 (0.0s)
14:37:39  src.cpcv.pipeline  INFO    [ 78/140]          ar_logistic (seed=2) F1=0.454  AUC=0.484  LL=0.7351 (0.0s)
14:37:39  src.cpcv.pipeline  INFO    [ 79/140]          ar_logistic (seed=3) F1=0.454  AUC=0.484  LL=0.7351 (0.0s)
14:37:39  src.cpcv.pipeline  INFO    [ 80/140]          ar_logistic (seed=4) F1=0.454  AUC=0.484  LL=0.7351 (0.0s)
14:37:39  src.cpcv.preprocessing  INFO  Feature selection skipped (AR Logistic uses lagged returns only)
14:37:39  src.cpcv.pipeline  INFO    Preprocessing: FFD + scaling only (no feature selection), train=455 + val=98 + cal=98, test=292
14:37:39  src.cpcv.pipeline  INFO    AR Logistic lags: [1, 2, 3, 4, 5, 6, 7, 14, 21, 30]
14:37:39  src.cpcv.pipeline  INFO    [ 81/140]          ar_logistic (seed=0) F1=0.538  AUC=0.543  LL=0.7191 (0.0s)
14:37:39  src.cpcv.pipeline  INFO    [ 82/140]          ar_logistic (seed=1) F1=0.538  AUC=0.543  LL=0.7191 (0.0s)
14:37:39  src.cpcv.pipeline  INFO    [ 83/140]          ar_logistic (seed=2) F1=0.538  AUC=0.543  LL=0.7191 (0.0s)
14:37:39  src.cpcv.pipeline  INFO    [ 84/140]          ar_logistic (seed=3) F1=0.538  AUC=0.543  LL=0.7191 (0.0s)
14:37:39  src.cpcv.pipeline  INFO    [ 85/140]          ar_logistic (seed=4) F1=0.538  AUC=0.543  LL=0.7191 (0.0s)
14:37:39  src.cpcv.preprocessing  INFO  Feature selection skipped (AR Logistic uses lagged returns only)
14:37:39  src.cpcv.pipeline  INFO    Preprocessing: FFD + scaling only (no feature selection), train=463 + val=99 + cal=100, test=292
14:37:39  src.cpcv.pipeline  INFO    AR Logistic lags: [1, 2, 3, 4, 5, 6, 7, 14, 21, 30]
14:37:39  src.cpcv.pipeline  INFO    [ 86/140]          ar_logistic (seed=0) F1=0.369  AUC=0.565  LL=0.7051 (0.0s)
14:37:39  src.cpcv.pipeline  INFO    [ 87/140]          ar_logistic (seed=1) F1=0.369  AUC=0.565  LL=0.7051 (0.0s)
14:37:39  src.cpcv.pipeline  INFO    [ 88/140]          ar_logistic (seed=2) F1=0.369  AUC=0.565  LL=0.7051 (0.0s)
14:37:39  src.cpcv.pipeline  INFO    [ 89/140]          ar_logistic (seed=3) F1=0.369  AUC=0.565  LL=0.7051 (0.0s)
14:37:39  src.cpcv.pipeline  INFO    [ 90/140]          ar_logistic (seed=4) F1=0.369  AUC=0.565  LL=0.7051 (0.0s)
14:37:40  src.cpcv.preprocessing  INFO  Feature selection skipped (AR Logistic uses lagged returns only)
14:37:40  src.cpcv.pipeline  INFO    Preprocessing: FFD + scaling only (no feature selection), train=465 + val=100 + cal=100, test=292
14:37:40  src.cpcv.pipeline  INFO    AR Logistic lags: [1, 2, 3, 4, 5, 6, 7, 14, 21, 30]
14:37:40  src.cpcv.pipeline  INFO    [ 91/140]          ar_logistic (seed=0) F1=0.500  AUC=0.521  LL=0.7049 (0.0s)
14:37:40  src.cpcv.pipeline  INFO    [ 92/140]          ar_logistic (seed=1) F1=0.500  AUC=0.521  LL=0.7049 (0.0s)
14:37:40  src.cpcv.pipeline  INFO    [ 93/140]          ar_logistic (seed=2) F1=0.500  AUC=0.521  LL=0.7049 (0.0s)
14:37:40  src.cpcv.pipeline  INFO    [ 94/140]          ar_logistic (seed=3) F1=0.500  AUC=0.521  LL=0.7049 (0.0s)
14:37:40  src.cpcv.pipeline  INFO    [ 95/140]          ar_logistic (seed=4) F1=0.500  AUC=0.521  LL=0.7049 (0.0s)
14:37:40  src.cpcv.preprocessing  INFO  Feature selection skipped (AR Logistic uses lagged returns only)
14:37:40  src.cpcv.pipeline  INFO    Preprocessing: FFD + scaling only (no feature selection), train=457 + val=98 + cal=98, test=292
14:37:40  src.cpcv.pipeline  INFO    AR Logistic lags: [1, 2, 3, 4, 5, 6, 7, 14, 21, 30]
14:37:40  src.cpcv.pipeline  INFO    [ 96/140]          ar_logistic (seed=0) F1=0.479  AUC=0.491  LL=0.7334 (0.0s)
14:37:40  src.cpcv.pipeline  INFO    [ 97/140]          ar_logistic (seed=1) F1=0.479  AUC=0.491  LL=0.7334 (0.0s)
14:37:40  src.cpcv.pipeline  INFO    [ 98/140]          ar_logistic (seed=2) F1=0.479  AUC=0.491  LL=0.7334 (0.0s)
14:37:40  src.cpcv.pipeline  INFO    [ 99/140]          ar_logistic (seed=3) F1=0.479  AUC=0.491  LL=0.7334 (0.0s)
14:37:40  src.cpcv.pipeline  INFO    [100/140]          ar_logistic (seed=4) F1=0.479  AUC=0.491  LL=0.7334 (0.0s)
14:37:40  src.cpcv.preprocessing  INFO  Feature selection skipped (AR Logistic uses lagged returns only)
14:37:40  src.cpcv.pipeline  INFO    Preprocessing: FFD + scaling only (no feature selection), train=457 + val=98 + cal=98, test=292
14:37:40  src.cpcv.pipeline  INFO    AR Logistic lags: [1, 2, 3, 4, 5, 6, 7, 14, 21, 30]
14:37:40  src.cpcv.pipeline  INFO    [101/140]          ar_logistic (seed=0) F1=0.479  AUC=0.529  LL=0.7145 (0.0s)
14:37:40  src.cpcv.pipeline  INFO    [102/140]          ar_logistic (seed=1) F1=0.479  AUC=0.529  LL=0.7145 (0.0s)
14:37:40  src.cpcv.pipeline  INFO    [103/140]          ar_logistic (seed=2) F1=0.479  AUC=0.529  LL=0.7145 (0.0s)
14:37:40  src.cpcv.pipeline  INFO    [104/140]          ar_logistic (seed=3) F1=0.479  AUC=0.529  LL=0.7145 (0.0s)
14:37:40  src.cpcv.pipeline  INFO    [105/140]          ar_logistic (seed=4) F1=0.479  AUC=0.529  LL=0.7145 (0.0s)
14:37:41  src.cpcv.preprocessing  INFO  Feature selection skipped (AR Logistic uses lagged returns only)
14:37:41  src.cpcv.pipeline  INFO    Preprocessing: FFD + scaling only (no feature selection), train=464 + val=100 + cal=100, test=292
14:37:41  src.cpcv.pipeline  INFO    AR Logistic lags: [1, 2, 3, 4, 5, 6, 7, 14, 21, 30]
14:37:41  src.cpcv.pipeline  INFO    [106/140]          ar_logistic (seed=0) F1=0.355  AUC=0.545  LL=0.6911 (0.0s)
14:37:41  src.cpcv.pipeline  INFO    [107/140]          ar_logistic (seed=1) F1=0.355  AUC=0.545  LL=0.6911 (0.0s)
14:37:41  src.cpcv.pipeline  INFO    [108/140]          ar_logistic (seed=2) F1=0.355  AUC=0.545  LL=0.6911 (0.0s)
14:37:41  src.cpcv.pipeline  INFO    [109/140]          ar_logistic (seed=3) F1=0.355  AUC=0.545  LL=0.6911 (0.0s)
14:37:41  src.cpcv.pipeline  INFO    [110/140]          ar_logistic (seed=4) F1=0.355  AUC=0.545  LL=0.6911 (0.0s)
14:37:41  src.cpcv.preprocessing  INFO  Feature selection skipped (AR Logistic uses lagged returns only)
14:37:41  src.cpcv.pipeline  INFO    Preprocessing: FFD + scaling only (no feature selection), train=465 + val=100 + cal=100, test=292
14:37:41  src.cpcv.pipeline  INFO    AR Logistic lags: [1, 2, 3, 4, 5, 6, 7, 14, 21, 30]
14:37:41  src.cpcv.pipeline  INFO    [111/140]          ar_logistic (seed=0) F1=0.516  AUC=0.502  LL=0.7176 (0.0s)
14:37:41  src.cpcv.pipeline  INFO    [112/140]          ar_logistic (seed=1) F1=0.516  AUC=0.502  LL=0.7176 (0.0s)
14:37:41  src.cpcv.pipeline  INFO    [113/140]          ar_logistic (seed=2) F1=0.516  AUC=0.502  LL=0.7176 (0.0s)
14:37:41  src.cpcv.pipeline  INFO    [114/140]          ar_logistic (seed=3) F1=0.516  AUC=0.502  LL=0.7176 (0.0s)
14:37:41  src.cpcv.pipeline  INFO    [115/140]          ar_logistic (seed=4) F1=0.516  AUC=0.502  LL=0.7176 (0.0s)
14:37:42  src.cpcv.preprocessing  INFO  Feature selection skipped (AR Logistic uses lagged returns only)
14:37:42  src.cpcv.pipeline  INFO    Preprocessing: FFD + scaling only (no feature selection), train=457 + val=98 + cal=98, test=292
14:37:42  src.cpcv.pipeline  INFO    AR Logistic lags: [1, 2, 3, 4, 5, 6, 7, 14, 21, 30]
14:37:42  src.cpcv.pipeline  INFO    [116/140]          ar_logistic (seed=0) F1=0.530  AUC=0.525  LL=0.7148 (0.0s)
14:37:42  src.cpcv.pipeline  INFO    [117/140]          ar_logistic (seed=1) F1=0.530  AUC=0.525  LL=0.7148 (0.0s)
14:37:42  src.cpcv.pipeline  INFO    [118/140]          ar_logistic (seed=2) F1=0.530  AUC=0.525  LL=0.7148 (0.0s)
14:37:42  src.cpcv.pipeline  INFO    [119/140]          ar_logistic (seed=3) F1=0.530  AUC=0.525  LL=0.7148 (0.0s)
14:37:42  src.cpcv.pipeline  INFO    [120/140]          ar_logistic (seed=4) F1=0.530  AUC=0.525  LL=0.7148 (0.0s)
14:37:42  src.cpcv.preprocessing  INFO  Feature selection skipped (AR Logistic uses lagged returns only)
14:37:42  src.cpcv.pipeline  INFO    Preprocessing: FFD + scaling only (no feature selection), train=464 + val=100 + cal=100, test=292
14:37:42  src.cpcv.pipeline  INFO    AR Logistic lags: [1, 2, 3, 4, 5, 6, 7, 14, 21, 30]
14:37:42  src.cpcv.pipeline  INFO    [121/140]          ar_logistic (seed=0) F1=0.369  AUC=0.551  LL=0.6776 (0.0s)
14:37:42  src.cpcv.pipeline  INFO    [122/140]          ar_logistic (seed=1) F1=0.369  AUC=0.551  LL=0.6776 (0.0s)
14:37:42  src.cpcv.pipeline  INFO    [123/140]          ar_logistic (seed=2) F1=0.369  AUC=0.551  LL=0.6776 (0.0s)
14:37:42  src.cpcv.pipeline  INFO    [124/140]          ar_logistic (seed=3) F1=0.369  AUC=0.551  LL=0.6776 (0.0s)
14:37:42  src.cpcv.pipeline  INFO    [125/140]          ar_logistic (seed=4) F1=0.369  AUC=0.551  LL=0.6776 (0.0s)
14:37:42  src.cpcv.preprocessing  INFO  Feature selection skipped (AR Logistic uses lagged returns only)
14:37:42  src.cpcv.pipeline  INFO    Preprocessing: FFD + scaling only (no feature selection), train=465 + val=100 + cal=100, test=292
14:37:42  src.cpcv.pipeline  INFO    AR Logistic lags: [1, 2, 3, 4, 5, 6, 7, 14, 21, 30]
14:37:42  src.cpcv.pipeline  INFO    [126/140]          ar_logistic (seed=0) F1=0.449  AUC=0.463  LL=0.7393 (0.0s)
14:37:42  src.cpcv.pipeline  INFO    [127/140]          ar_logistic (seed=1) F1=0.449  AUC=0.463  LL=0.7393 (0.0s)
14:37:42  src.cpcv.pipeline  INFO    [128/140]          ar_logistic (seed=2) F1=0.449  AUC=0.463  LL=0.7393 (0.0s)
14:37:42  src.cpcv.pipeline  INFO    [129/140]          ar_logistic (seed=3) F1=0.449  AUC=0.463  LL=0.7393 (0.0s)
14:37:42  src.cpcv.pipeline  INFO    [130/140]          ar_logistic (seed=4) F1=0.449  AUC=0.463  LL=0.7393 (0.0s)
14:37:43  src.cpcv.preprocessing  INFO  Feature selection skipped (AR Logistic uses lagged returns only)
14:37:43  src.cpcv.pipeline  INFO    Preprocessing: FFD + scaling only (no feature selection), train=464 + val=100 + cal=100, test=292
14:37:43  src.cpcv.pipeline  INFO    AR Logistic lags: [1, 2, 3, 4, 5, 6, 7, 14, 21, 30]
14:37:43  src.cpcv.pipeline  INFO    [131/140]          ar_logistic (seed=0) F1=0.345  AUC=0.501  LL=0.7049 (0.0s)
14:37:43  src.cpcv.pipeline  INFO    [132/140]          ar_logistic (seed=1) F1=0.345  AUC=0.501  LL=0.7049 (0.0s)
14:37:43  src.cpcv.pipeline  INFO    [133/140]          ar_logistic (seed=2) F1=0.345  AUC=0.501  LL=0.7049 (0.0s)
14:37:43  src.cpcv.pipeline  INFO    [134/140]          ar_logistic (seed=3) F1=0.345  AUC=0.501  LL=0.7049 (0.0s)
14:37:43  src.cpcv.pipeline  INFO    [135/140]          ar_logistic (seed=4) F1=0.345  AUC=0.501  LL=0.7049 (0.0s)
14:37:43  src.cpcv.preprocessing  INFO  Feature selection skipped (AR Logistic uses lagged returns only)
14:37:43  src.cpcv.pipeline  INFO    Preprocessing: FFD + scaling only (no feature selection), train=473 + val=101 + cal=102, test=292
14:37:43  src.cpcv.pipeline  INFO    AR Logistic lags: [1, 2, 3, 4, 5, 6, 7, 14, 21, 30]
14:37:43  src.cpcv.pipeline  INFO    [136/140]          ar_logistic (seed=0) F1=0.364  AUC=0.441  LL=0.7194 (0.0s)
14:37:43  src.cpcv.pipeline  INFO    [137/140]          ar_logistic (seed=1) F1=0.364  AUC=0.441  LL=0.7194 (0.0s)
14:37:43  src.cpcv.pipeline  INFO    [138/140]          ar_logistic (seed=2) F1=0.364  AUC=0.441  LL=0.7194 (0.0s)
14:37:43  src.cpcv.pipeline  INFO    [139/140]          ar_logistic (seed=3) F1=0.364  AUC=0.441  LL=0.7194 (0.0s)
14:37:43  src.cpcv.pipeline  INFO    [140/140]          ar_logistic (seed=4) F1=0.364  AUC=0.441  LL=0.7194 (0.0s)
14:37:43  src.cpcv.pipeline  INFO  ============================================================
14:37:43  src.cpcv.pipeline  INFO  CPCV Pipeline Complete
14:37:43  src.cpcv.pipeline  INFO  ============================================================
14:37:43  src.cpcv.pipeline  INFO    Total time:     10.6s (0.2m)
14:37:43  src.cpcv.pipeline  INFO    Tasks:          140 succeeded, 0 failed
14:37:43  src.cpcv.pipeline  INFO    Results keys:   140 (model, split, seed) entries
14:37:43  src.cpcv.pipeline  INFO    Backtest paths: 7
14:37:43  src.cpcv.pipeline  INFO  ============================================================
14:37:44  src.cpcv.pipeline  INFO  ============================================================
14:37:44  src.cpcv.pipeline  INFO  CPCV Pipeline
14:37:44  src.cpcv.pipeline  INFO  ============================================================
14:37:44  src.cpcv.pipeline  INFO    Models:         ['logistic']
14:37:44  src.cpcv.pipeline  INFO    Seeds/fold:     5
14:37:44  src.cpcv.pipeline  INFO    Groups (N):     8
14:37:44  src.cpcv.pipeline  INFO    Test groups (k):2
14:37:44  src.cpcv.pipeline  INFO    Embargo:        1.0%
14:37:44  src.cpcv.pipeline  INFO    FFD columns:    ['atr']
14:37:44  src.cpcv.pipeline  INFO    Samples:        1168
14:37:44  src.cpcv.pipeline  INFO    Features:       73
14:37:44  src.cpcv.pipeline  INFO    Splits:         28, Paths: 7
14:37:44  src.cpcv.pipeline  INFO    Tuning:         NESTED (per-split) — ['logistic'] [40 trials]
14:37:44  src.cpcv.pipeline  INFO  ============================================================
14:37:44  src.cpcv.preprocessing  INFO  Computing MDA (Random Forest)...
14:38:20  src.cpcv.preprocessing  INFO  Computing MDA (Logistic Regression)...
14:38:22  src.cpcv.preprocessing  INFO  Multi-model MDA: 31/73 passed (MDA > 0), 42 eliminated
14:38:22  src.cpcv.preprocessing  INFO    Capped at 14 features (top_k_frac=0.2)
14:38:22  src.cpcv.preprocessing  INFO    Selected (14): ['ema_ratio_20_50', 'eth_btc_ratio', 'exchange_supply_pct', 'jarque_bera', 'log_returns', 'log_returns_lag6', 'macd_hist', 'natgas_ret_30', 'skewness', 'smt_exp', 'sp500_ret_30', 'variance_ratio', 'vix', 'yield_curve_2y10y']
14:38:22  src.cpcv.pipeline  INFO    Preprocessing: 14 features selected, train=605 + val=130 + cal=130, test=93
14:38:24  src.cpcv.tuning  INFO  Tuning (1 model) — Optuna TPE + Purged K-Fold (inner: 3 folds, embargo=10 obs)
14:38:24  src.cpcv.tuning  INFO    [tuning] logistic: 3 purged K-fold splits, 40 Optuna trials (TPE)
14:38:25  src.cpcv.tuning  INFO      logistic: 23 completed, 17 pruned (of 40 total) — best log_loss=0.6767, params={'C': 0.06061019809706059, 'penalty': 'l1'}
14:38:25  src.cpcv.tuning  INFO    [tuning] logistic done in 0.9s — best log_loss=0.6767
14:38:25  src.cpcv.tuning  INFO  Tuning total: 0.9s
14:38:25  src.cpcv.pipeline  INFO      applied logistic: {'C': 0.06061019809706059, 'penalty': 'l1'}
14:38:25  src.cpcv.pipeline  INFO    [  1/140]             logistic (seed=0) F1=0.515  AUC=0.538  LL=0.6931 (0.0s)
14:38:25  src.cpcv.pipeline  INFO    [  2/140]             logistic (seed=1) F1=0.515  AUC=0.538  LL=0.6931 (0.0s)
14:38:25  src.cpcv.pipeline  INFO    [  3/140]             logistic (seed=2) F1=0.515  AUC=0.538  LL=0.6931 (0.0s)
14:38:25  src.cpcv.pipeline  INFO    [  4/140]             logistic (seed=3) F1=0.515  AUC=0.538  LL=0.6931 (0.0s)
14:38:25  src.cpcv.pipeline  INFO    [  5/140]             logistic (seed=4) F1=0.515  AUC=0.538  LL=0.6931 (0.0s)
14:38:26  src.cpcv.preprocessing  INFO  Computing MDA (Random Forest)...
14:39:02  src.cpcv.preprocessing  INFO  Computing MDA (Logistic Regression)...
14:39:03  src.cpcv.preprocessing  INFO  Multi-model MDA: 39/73 passed (MDA > 0), 34 eliminated
14:39:03  src.cpcv.preprocessing  INFO    Capped at 14 features (top_k_frac=0.2)
14:39:03  src.cpcv.preprocessing  INFO    Selected (14): ['cci_14', 'copper_ret_14', 'ema_ratio_50_200', 'gk_vol', 'gold_ret_30', 'log_returns', 'natgas_ret_30', 'oil_ret_14', 'oil_ret_30', 'roc_14', 'rsi', 'silver_ret_30', 'stoch_d', 'yz_vol']
14:39:03  src.cpcv.pipeline  INFO    Preprocessing: 14 features selected, train=566 + val=121 + cal=122, test=146
14:39:03  src.cpcv.tuning  INFO  Tuning (1 model) — Optuna TPE + Purged K-Fold (inner: 3 folds, embargo=10 obs)
14:39:03  src.cpcv.tuning  INFO    [tuning] logistic: 3 purged K-fold splits, 40 Optuna trials (TPE)
14:39:04  src.cpcv.tuning  INFO      logistic: 23 completed, 17 pruned (of 40 total) — best log_loss=0.6904, params={'C': 0.003409264942037956, 'penalty': 'l2'}
14:39:04  src.cpcv.tuning  INFO    [tuning] logistic done in 1.2s — best log_loss=0.6904
14:39:04  src.cpcv.tuning  INFO  Tuning total: 1.2s
14:39:04  src.cpcv.pipeline  INFO      applied logistic: {'C': 0.003409264942037956, 'penalty': 'l2'}
14:39:04  src.cpcv.pipeline  INFO    [  6/140]             logistic (seed=0) F1=0.365  AUC=0.512  LL=0.7025 (0.0s)
14:39:04  src.cpcv.pipeline  INFO    [  7/140]             logistic (seed=1) F1=0.365  AUC=0.512  LL=0.7025 (0.0s)
14:39:04  src.cpcv.pipeline  INFO    [  8/140]             logistic (seed=2) F1=0.365  AUC=0.512  LL=0.7025 (0.0s)
14:39:04  src.cpcv.pipeline  INFO    [  9/140]             logistic (seed=3) F1=0.365  AUC=0.512  LL=0.7025 (0.0s)
14:39:04  src.cpcv.pipeline  INFO    [ 10/140]             logistic (seed=4) F1=0.365  AUC=0.512  LL=0.7025 (0.0s)
14:39:04  src.cpcv.preprocessing  INFO  Computing MDA (Random Forest)...
14:39:40  src.cpcv.preprocessing  INFO  Computing MDA (Logistic Regression)...
14:39:41  src.cpcv.preprocessing  INFO  Multi-model MDA: 36/73 passed (MDA > 0), 37 eliminated
14:39:41  src.cpcv.preprocessing  INFO    Capped at 14 features (top_k_frac=0.2)
14:39:41  src.cpcv.preprocessing  INFO    Selected (14): ['atr', 'cci_14', 'dxy_roc_30', 'ema_ratio_20_50', 'eth_btc_ratio', 'log_returns', 'log_returns_lag1', 'log_returns_lag5', 'log_returns_lag6', 'mvrv', 'natgas_ret_30', 'oil_ret_14', 'smt_poly1', 'stoch_d']
14:39:41  src.cpcv.pipeline  INFO    Preprocessing: 14 features selected, train=567 + val=122 + cal=122, test=146
14:39:41  src.cpcv.tuning  INFO  Tuning (1 model) — Optuna TPE + Purged K-Fold (inner: 3 folds, embargo=10 obs)
14:39:41  src.cpcv.tuning  INFO    [tuning] logistic: 3 purged K-fold splits, 40 Optuna trials (TPE)
14:39:42  src.cpcv.tuning  INFO      logistic: 18 completed, 22 pruned (of 40 total) — best log_loss=0.6822, params={'C': 0.09148995083972236, 'penalty': 'l1'}
14:39:42  src.cpcv.tuning  INFO    [tuning] logistic done in 0.6s — best log_loss=0.6822
14:39:42  src.cpcv.tuning  INFO  Tuning total: 0.6s
14:39:42  src.cpcv.pipeline  INFO      applied logistic: {'C': 0.09148995083972236, 'penalty': 'l1'}
14:39:42  src.cpcv.pipeline  INFO    [ 11/140]             logistic (seed=0) F1=0.435  AUC=0.550  LL=0.7062 (0.0s)
14:39:42  src.cpcv.pipeline  INFO    [ 12/140]             logistic (seed=1) F1=0.435  AUC=0.550  LL=0.7062 (0.0s)
14:39:42  src.cpcv.pipeline  INFO    [ 13/140]             logistic (seed=2) F1=0.435  AUC=0.550  LL=0.7062 (0.0s)
14:39:42  src.cpcv.pipeline  INFO    [ 14/140]             logistic (seed=3) F1=0.435  AUC=0.550  LL=0.7062 (0.0s)
14:39:42  src.cpcv.pipeline  INFO    [ 15/140]             logistic (seed=4) F1=0.435  AUC=0.550  LL=0.7062 (0.0s)
14:39:42  src.cpcv.preprocessing  INFO  Computing MDA (Random Forest)...
14:40:17  src.cpcv.preprocessing  INFO  Computing MDA (Logistic Regression)...
14:40:19  src.cpcv.preprocessing  INFO  Multi-model MDA: 39/73 passed (MDA > 0), 34 eliminated
14:40:19  src.cpcv.preprocessing  INFO    Capped at 14 features (top_k_frac=0.2)
14:40:19  src.cpcv.preprocessing  INFO    Selected (14): ['atr', 'cci_14', 'eth_btc_ratio', 'hashrate_roc_30', 'log_returns_lag21', 'lz_complexity', 'mvrv', 'natgas_ret_30', 'realized_vol', 'sadf', 'sp500_ret_14', 'tx_count_roc_14', 'variance_ratio', 'vix']
14:40:19  src.cpcv.pipeline  INFO    Preprocessing: 14 features selected, train=567 + val=122 + cal=122, test=146
14:40:19  src.cpcv.tuning  INFO  Tuning (1 model) — Optuna TPE + Purged K-Fold (inner: 3 folds, embargo=10 obs)
14:40:19  src.cpcv.tuning  INFO    [tuning] logistic: 3 purged K-fold splits, 40 Optuna trials (TPE)
14:40:19  src.cpcv.tuning  INFO      logistic: 24 completed, 16 pruned (of 40 total) — best log_loss=0.6908, params={'C': 0.054502936945582565, 'penalty': 'l1'}
14:40:19  src.cpcv.tuning  INFO    [tuning] logistic done in 0.6s — best log_loss=0.6908
14:40:19  src.cpcv.tuning  INFO  Tuning total: 0.6s
14:40:19  src.cpcv.pipeline  INFO      applied logistic: {'C': 0.054502936945582565, 'penalty': 'l1'}
14:40:19  src.cpcv.pipeline  INFO    [ 16/140]             logistic (seed=0) F1=0.397  AUC=0.482  LL=0.6880 (0.0s)
14:40:19  src.cpcv.pipeline  INFO    [ 17/140]             logistic (seed=1) F1=0.397  AUC=0.482  LL=0.6880 (0.0s)
14:40:19  src.cpcv.pipeline  INFO    [ 18/140]             logistic (seed=2) F1=0.397  AUC=0.482  LL=0.6880 (0.0s)
14:40:19  src.cpcv.pipeline  INFO    [ 19/140]             logistic (seed=3) F1=0.397  AUC=0.482  LL=0.6880 (0.0s)
14:40:19  src.cpcv.pipeline  INFO    [ 20/140]             logistic (seed=4) F1=0.397  AUC=0.482  LL=0.6880 (0.0s)
14:40:19  src.cpcv.preprocessing  INFO  Computing MDA (Random Forest)...
14:40:55  src.cpcv.preprocessing  INFO  Computing MDA (Logistic Regression)...
14:40:56  src.cpcv.preprocessing  INFO  Multi-model MDA: 36/73 passed (MDA > 0), 37 eliminated
14:40:56  src.cpcv.preprocessing  INFO    Capped at 14 features (top_k_frac=0.2)
14:40:56  src.cpcv.preprocessing  INFO    Selected (14): ['active_addr_roc_14', 'atr', 'eth_btc_ratio', 'exchange_supply_pct', 'issuance_ntv', 'log_returns_lag1', 'log_returns_lag5', 'log_returns_lag7', 'obv', 'oil_ret_14', 'roc_14', 'skewness', 'smt_exp', 'vix']
14:40:56  src.cpcv.pipeline  INFO    Preprocessing: 14 features selected, train=567 + val=122 + cal=122, test=146
14:40:56  src.cpcv.tuning  INFO  Tuning (1 model) — Optuna TPE + Purged K-Fold (inner: 3 folds, embargo=10 obs)
14:40:56  src.cpcv.tuning  INFO    [tuning] logistic: 3 purged K-fold splits, 40 Optuna trials (TPE)
14:40:57  src.cpcv.tuning  INFO      logistic: 18 completed, 22 pruned (of 40 total) — best log_loss=0.6827, params={'C': 0.15517874583611974, 'penalty': 'l1'}
14:40:57  src.cpcv.tuning  INFO    [tuning] logistic done in 0.6s — best log_loss=0.6827
14:40:57  src.cpcv.tuning  INFO  Tuning total: 0.6s
14:40:57  src.cpcv.pipeline  INFO      applied logistic: {'C': 0.15517874583611974, 'penalty': 'l1'}
14:40:57  src.cpcv.pipeline  INFO    [ 21/140]             logistic (seed=0) F1=0.390  AUC=0.483  LL=0.8068 (0.0s)
14:40:57  src.cpcv.pipeline  INFO    [ 22/140]             logistic (seed=1) F1=0.390  AUC=0.483  LL=0.8068 (0.0s)
14:40:57  src.cpcv.pipeline  INFO    [ 23/140]             logistic (seed=2) F1=0.390  AUC=0.483  LL=0.8068 (0.0s)
14:40:57  src.cpcv.pipeline  INFO    [ 24/140]             logistic (seed=3) F1=0.390  AUC=0.483  LL=0.8068 (0.0s)
14:40:57  src.cpcv.pipeline  INFO    [ 25/140]             logistic (seed=4) F1=0.390  AUC=0.483  LL=0.8068 (0.0s)
14:40:57  src.cpcv.preprocessing  INFO  Computing MDA (Random Forest)...
14:41:32  src.cpcv.preprocessing  INFO  Computing MDA (Logistic Regression)...
14:41:34  src.cpcv.preprocessing  INFO  Multi-model MDA: 40/73 passed (MDA > 0), 33 eliminated
14:41:34  src.cpcv.preprocessing  INFO    Capped at 14 features (top_k_frac=0.2)
14:41:34  src.cpcv.preprocessing  INFO    Selected (14): ['atr', 'chaikin_osc', 'eth_btc_ratio', 'hashrate_roc_30', 'jarque_bera', 'kurtosis', 'log_returns_lag30', 'log_returns_lag6', 'obv', 'silver_ret_30', 'variance_ratio', 'vol_term_7_30', 'vwma_ratio_20_50', 'yield_curve_2y10y']
14:41:34  src.cpcv.pipeline  INFO    Preprocessing: 14 features selected, train=567 + val=122 + cal=122, test=146
14:41:34  src.cpcv.tuning  INFO  Tuning (1 model) — Optuna TPE + Purged K-Fold (inner: 3 folds, embargo=10 obs)
14:41:34  src.cpcv.tuning  INFO    [tuning] logistic: 3 purged K-fold splits, 40 Optuna trials (TPE)
14:41:35  src.cpcv.tuning  INFO      logistic: 22 completed, 18 pruned (of 40 total) — best log_loss=0.6829, params={'C': 0.017670169402947963, 'penalty': 'l1'}
14:41:35  src.cpcv.tuning  INFO    [tuning] logistic done in 0.9s — best log_loss=0.6829
14:41:35  src.cpcv.tuning  INFO  Tuning total: 0.9s
14:41:35  src.cpcv.pipeline  INFO      applied logistic: {'C': 0.017670169402947963, 'penalty': 'l1'}
14:41:35  src.cpcv.pipeline  INFO    [ 26/140]             logistic (seed=0) F1=0.502  AUC=0.522  LL=0.6845 (0.0s)
14:41:35  src.cpcv.pipeline  INFO    [ 27/140]             logistic (seed=1) F1=0.502  AUC=0.522  LL=0.6845 (0.0s)
14:41:35  src.cpcv.pipeline  INFO    [ 28/140]             logistic (seed=2) F1=0.502  AUC=0.522  LL=0.6845 (0.0s)
14:41:35  src.cpcv.pipeline  INFO    [ 29/140]             logistic (seed=3) F1=0.502  AUC=0.522  LL=0.6845 (0.0s)
14:41:35  src.cpcv.pipeline  INFO    [ 30/140]             logistic (seed=4) F1=0.502  AUC=0.522  LL=0.6845 (0.0s)
14:41:35  src.cpcv.preprocessing  INFO  Computing MDA (Random Forest)...
14:42:10  src.cpcv.preprocessing  INFO  Computing MDA (Logistic Regression)...
14:42:11  src.cpcv.preprocessing  INFO  Multi-model MDA: 40/73 passed (MDA > 0), 33 eliminated
14:42:11  src.cpcv.preprocessing  INFO    Capped at 14 features (top_k_frac=0.2)
14:42:11  src.cpcv.preprocessing  INFO    Selected (14): ['active_addr_roc_14', 'chaikin_osc', 'copper_ret_14', 'hashrate_roc_30', 'hurst', 'kurtosis', 'log_returns', 'log_returns_lag3', 'realized_vol', 'us10y', 'variance_ratio', 'vix', 'williams_r', 'yield_curve_2y10y']
14:42:11  src.cpcv.pipeline  INFO    Preprocessing: 14 features selected, train=575 + val=123 + cal=124, test=146
14:42:11  src.cpcv.tuning  INFO  Tuning (1 model) — Optuna TPE + Purged K-Fold (inner: 3 folds, embargo=10 obs)
14:42:11  src.cpcv.tuning  INFO    [tuning] logistic: 3 purged K-fold splits, 40 Optuna trials (TPE)
14:42:12  src.cpcv.tuning  INFO      logistic: 31 completed, 9 pruned (of 40 total) — best log_loss=0.6931, params={'C': 0.017670169402947963, 'penalty': 'l1'}
14:42:12  src.cpcv.tuning  INFO    [tuning] logistic done in 0.6s — best log_loss=0.6931
14:42:12  src.cpcv.tuning  INFO  Tuning total: 0.6s
14:42:12  src.cpcv.pipeline  INFO      applied logistic: {'C': 0.017670169402947963, 'penalty': 'l1'}
14:42:12  src.cpcv.pipeline  INFO    [ 31/140]             logistic (seed=0) F1=0.360  AUC=0.500  LL=0.6855 (0.0s)
14:42:12  src.cpcv.pipeline  INFO    [ 32/140]             logistic (seed=1) F1=0.360  AUC=0.500  LL=0.6855 (0.0s)
14:42:12  src.cpcv.pipeline  INFO    [ 33/140]             logistic (seed=2) F1=0.360  AUC=0.500  LL=0.6855 (0.0s)
14:42:12  src.cpcv.pipeline  INFO    [ 34/140]             logistic (seed=3) F1=0.360  AUC=0.500  LL=0.6855 (0.0s)
14:42:12  src.cpcv.pipeline  INFO    [ 35/140]             logistic (seed=4) F1=0.360  AUC=0.500  LL=0.6855 (0.0s)
14:42:12  src.cpcv.preprocessing  INFO  Computing MDA (Random Forest)...
14:42:44  src.cpcv.preprocessing  INFO  Computing MDA (Logistic Regression)...
14:42:46  src.cpcv.preprocessing  INFO  Multi-model MDA: 37/73 passed (MDA > 0), 36 eliminated
14:42:46  src.cpcv.preprocessing  INFO    Capped at 14 features (top_k_frac=0.2)
14:42:46  src.cpcv.preprocessing  INFO    Selected (14): ['dxy_roc_30', 'gold_ret_30', 'log_returns', 'log_returns_lag2', 'log_returns_lag4', 'natgas_ret_30', 'negentropy', 'obv', 'rsi', 'silver_ret_30', 'skewness', 'tx_count_roc_14', 'us10y', 'us2y']
14:42:46  src.cpcv.pipeline  INFO    Preprocessing: 14 features selected, train=503 + val=108 + cal=108, test=239
14:42:46  src.cpcv.tuning  INFO  Tuning (1 model) — Optuna TPE + Purged K-Fold (inner: 3 folds, embargo=10 obs)
14:42:46  src.cpcv.tuning  INFO    [tuning] logistic: 3 purged K-fold splits, 40 Optuna trials (TPE)
14:42:46  src.cpcv.tuning  INFO      logistic: 26 completed, 14 pruned (of 40 total) — best log_loss=0.6926, params={'C': 0.001296876693886617, 'penalty': 'l2'}
14:42:46  src.cpcv.tuning  INFO    [tuning] logistic done in 0.7s — best log_loss=0.6926
14:42:46  src.cpcv.tuning  INFO  Tuning total: 0.7s
14:42:46  src.cpcv.pipeline  INFO      applied logistic: {'C': 0.001296876693886617, 'penalty': 'l2'}
14:42:46  src.cpcv.pipeline  INFO    [ 36/140]             logistic (seed=0) F1=0.357  AUC=0.575  LL=0.7146 (0.0s)
14:42:46  src.cpcv.pipeline  INFO    [ 37/140]             logistic (seed=1) F1=0.357  AUC=0.575  LL=0.7146 (0.0s)
14:42:46  src.cpcv.pipeline  INFO    [ 38/140]             logistic (seed=2) F1=0.357  AUC=0.575  LL=0.7146 (0.0s)
14:42:46  src.cpcv.pipeline  INFO    [ 39/140]             logistic (seed=3) F1=0.357  AUC=0.575  LL=0.7146 (0.0s)
14:42:46  src.cpcv.pipeline  INFO    [ 40/140]             logistic (seed=4) F1=0.357  AUC=0.575  LL=0.7146 (0.0s)
14:42:47  src.cpcv.preprocessing  INFO  Computing MDA (Random Forest)...
14:43:18  src.cpcv.preprocessing  INFO  Computing MDA (Logistic Regression)...
14:43:19  src.cpcv.preprocessing  INFO  Multi-model MDA: 38/73 passed (MDA > 0), 35 eliminated
14:43:19  src.cpcv.preprocessing  INFO    Capped at 14 features (top_k_frac=0.2)
14:43:19  src.cpcv.preprocessing  INFO    Selected (14): ['cci_14', 'dxy_roc_30', 'eth_btc_ratio', 'hashrate_roc_30', 'jarque_bera', 'kurtosis', 'log_returns_lag2', 'log_returns_lag6', 'macd', 'macd_hist', 'natgas_ret_30', 'negentropy', 'us10y', 'vol_term_7_30']
14:43:19  src.cpcv.pipeline  INFO    Preprocessing: 14 features selected, train=494 + val=106 + cal=107, test=239
14:43:19  src.cpcv.tuning  INFO  Tuning (1 model) — Optuna TPE + Purged K-Fold (inner: 3 folds, embargo=10 obs)
14:43:19  src.cpcv.tuning  INFO    [tuning] logistic: 3 purged K-fold splits, 40 Optuna trials (TPE)
14:43:20  src.cpcv.tuning  INFO      logistic: 36 completed, 4 pruned (of 40 total) — best log_loss=0.6866, params={'C': 0.022411319470642815, 'penalty': 'l2'}
14:43:20  src.cpcv.tuning  INFO    [tuning] logistic done in 0.9s — best log_loss=0.6866
14:43:20  src.cpcv.tuning  INFO  Tuning total: 0.9s
14:43:20  src.cpcv.pipeline  INFO      applied logistic: {'C': 0.022411319470642815, 'penalty': 'l2'}
14:43:20  src.cpcv.pipeline  INFO    [ 41/140]             logistic (seed=0) F1=0.477  AUC=0.557  LL=0.7947 (0.0s)
14:43:20  src.cpcv.pipeline  INFO    [ 42/140]             logistic (seed=1) F1=0.477  AUC=0.557  LL=0.7947 (0.0s)
14:43:20  src.cpcv.pipeline  INFO    [ 43/140]             logistic (seed=2) F1=0.477  AUC=0.557  LL=0.7947 (0.0s)
14:43:20  src.cpcv.pipeline  INFO    [ 44/140]             logistic (seed=3) F1=0.477  AUC=0.557  LL=0.7947 (0.0s)
14:43:20  src.cpcv.pipeline  INFO    [ 45/140]             logistic (seed=4) F1=0.477  AUC=0.557  LL=0.7947 (0.0s)
14:43:20  src.cpcv.preprocessing  INFO  Computing MDA (Random Forest)...
14:43:52  src.cpcv.preprocessing  INFO  Computing MDA (Logistic Regression)...
14:43:53  src.cpcv.preprocessing  INFO  Multi-model MDA: 37/73 passed (MDA > 0), 36 eliminated
14:43:53  src.cpcv.preprocessing  INFO    Capped at 14 features (top_k_frac=0.2)
14:43:53  src.cpcv.preprocessing  INFO    Selected (14): ['cci_14', 'chaikin_osc', 'dxy_roc_30', 'eth_btc_ratio', 'gold_ret_14', 'hashrate_roc_30', 'jarque_bera', 'log_returns_lag4', 'natgas_ret_30', 'roc_14', 'rsi', 'smt_exp', 'sp500_ret_14', 'williams_r']
14:43:53  src.cpcv.pipeline  INFO    Preprocessing: 14 features selected, train=494 + val=106 + cal=107, test=239
14:43:53  src.cpcv.tuning  INFO  Tuning (1 model) — Optuna TPE + Purged K-Fold (inner: 3 folds, embargo=10 obs)
14:43:53  src.cpcv.tuning  INFO    [tuning] logistic: 3 purged K-fold splits, 40 Optuna trials (TPE)
14:43:54  src.cpcv.tuning  INFO      logistic: 27 completed, 13 pruned (of 40 total) — best log_loss=0.6807, params={'C': 0.054502936945582565, 'penalty': 'l1'}
14:43:54  src.cpcv.tuning  INFO    [tuning] logistic done in 1.0s — best log_loss=0.6807
14:43:54  src.cpcv.tuning  INFO  Tuning total: 1.0s
14:43:54  src.cpcv.pipeline  INFO      applied logistic: {'C': 0.054502936945582565, 'penalty': 'l1'}
14:43:54  src.cpcv.pipeline  INFO    [ 46/140]             logistic (seed=0) F1=0.479  AUC=0.572  LL=0.7037 (0.0s)
14:43:54  src.cpcv.pipeline  INFO    [ 47/140]             logistic (seed=1) F1=0.479  AUC=0.572  LL=0.7037 (0.0s)
14:43:54  src.cpcv.pipeline  INFO    [ 48/140]             logistic (seed=2) F1=0.479  AUC=0.572  LL=0.7037 (0.0s)
14:43:54  src.cpcv.pipeline  INFO    [ 49/140]             logistic (seed=3) F1=0.479  AUC=0.572  LL=0.7037 (0.0s)
14:43:54  src.cpcv.pipeline  INFO    [ 50/140]             logistic (seed=4) F1=0.479  AUC=0.572  LL=0.7037 (0.0s)
14:43:54  src.cpcv.preprocessing  INFO  Computing MDA (Random Forest)...
14:44:27  src.cpcv.preprocessing  INFO  Computing MDA (Logistic Regression)...
14:44:28  src.cpcv.preprocessing  INFO  Multi-model MDA: 37/73 passed (MDA > 0), 36 eliminated
14:44:28  src.cpcv.preprocessing  INFO    Capped at 14 features (top_k_frac=0.2)
14:44:28  src.cpcv.preprocessing  INFO    Selected (14): ['cci_14', 'ema_ratio_20_50', 'fee_per_tx', 'gold_ret_30', 'hashrate_roc_30', 'jarque_bera', 'log_returns', 'log_returns_lag6', 'mfi_14', 'natgas_ret_14', 'natgas_ret_30', 'silver_ret_30', 'skewness', 'sp500_ret_14']
14:44:28  src.cpcv.pipeline  INFO    Preprocessing: 14 features selected, train=494 + val=106 + cal=107, test=239
14:44:28  src.cpcv.tuning  INFO  Tuning (1 model) — Optuna TPE + Purged K-Fold (inner: 3 folds, embargo=10 obs)
14:44:28  src.cpcv.tuning  INFO    [tuning] logistic: 3 purged K-fold splits, 40 Optuna trials (TPE)
14:44:28  src.cpcv.tuning  INFO      logistic: 33 completed, 7 pruned (of 40 total) — best log_loss=0.6758, params={'C': 0.1358118854990202, 'penalty': 'l1'}
14:44:28  src.cpcv.tuning  INFO    [tuning] logistic done in 0.7s — best log_loss=0.6758
14:44:28  src.cpcv.tuning  INFO  Tuning total: 0.7s
14:44:28  src.cpcv.pipeline  INFO      applied logistic: {'C': 0.1358118854990202, 'penalty': 'l1'}
14:44:28  src.cpcv.pipeline  INFO    [ 51/140]             logistic (seed=0) F1=0.527  AUC=0.532  LL=0.6999 (0.0s)
14:44:28  src.cpcv.pipeline  INFO    [ 52/140]             logistic (seed=1) F1=0.527  AUC=0.532  LL=0.6999 (0.0s)
14:44:28  src.cpcv.pipeline  INFO    [ 53/140]             logistic (seed=2) F1=0.527  AUC=0.532  LL=0.6999 (0.0s)
14:44:28  src.cpcv.pipeline  INFO    [ 54/140]             logistic (seed=3) F1=0.527  AUC=0.532  LL=0.6999 (0.0s)
14:44:28  src.cpcv.pipeline  INFO    [ 55/140]             logistic (seed=4) F1=0.527  AUC=0.532  LL=0.6999 (0.0s)
14:44:29  src.cpcv.preprocessing  INFO  Computing MDA (Random Forest)...
14:45:01  src.cpcv.preprocessing  INFO  Computing MDA (Logistic Regression)...
14:45:02  src.cpcv.preprocessing  INFO  Multi-model MDA: 34/73 passed (MDA > 0), 39 eliminated
14:45:02  src.cpcv.preprocessing  INFO    Capped at 14 features (top_k_frac=0.2)
14:45:02  src.cpcv.preprocessing  INFO    Selected (14): ['atr', 'copper_ret_14', 'eth_btc_ratio', 'fee_per_tx', 'jarque_bera', 'log_returns_lag4', 'log_returns_lag6', 'oil_ret_14', 'skewness', 'sp500_ret_30', 'variance_ratio', 'vix', 'vol_term_7_30', 'yield_curve_10y30y']
14:45:02  src.cpcv.pipeline  INFO    Preprocessing: 14 features selected, train=494 + val=106 + cal=107, test=239
14:45:02  src.cpcv.tuning  INFO  Tuning (1 model) — Optuna TPE + Purged K-Fold (inner: 3 folds, embargo=10 obs)
14:45:02  src.cpcv.tuning  INFO    [tuning] logistic: 3 purged K-fold splits, 40 Optuna trials (TPE)
14:45:03  src.cpcv.tuning  INFO      logistic: 25 completed, 15 pruned (of 40 total) — best log_loss=0.6782, params={'C': 0.08610130667576485, 'penalty': 'l1'}
14:45:03  src.cpcv.tuning  INFO    [tuning] logistic done in 0.9s — best log_loss=0.6782
14:45:03  src.cpcv.tuning  INFO  Tuning total: 0.9s
14:45:03  src.cpcv.pipeline  INFO      applied logistic: {'C': 0.08610130667576485, 'penalty': 'l1'}
14:45:03  src.cpcv.pipeline  INFO    [ 56/140]             logistic (seed=0) F1=0.493  AUC=0.481  LL=0.6930 (0.0s)
14:45:03  src.cpcv.pipeline  INFO    [ 57/140]             logistic (seed=1) F1=0.493  AUC=0.481  LL=0.6930 (0.0s)
14:45:03  src.cpcv.pipeline  INFO    [ 58/140]             logistic (seed=2) F1=0.493  AUC=0.481  LL=0.6930 (0.0s)
14:45:03  src.cpcv.pipeline  INFO    [ 59/140]             logistic (seed=3) F1=0.493  AUC=0.481  LL=0.6930 (0.0s)
14:45:03  src.cpcv.pipeline  INFO    [ 60/140]             logistic (seed=4) F1=0.493  AUC=0.481  LL=0.6930 (0.0s)
14:45:03  src.cpcv.preprocessing  INFO  Computing MDA (Random Forest)...
14:45:36  src.cpcv.preprocessing  INFO  Computing MDA (Logistic Regression)...
14:45:37  src.cpcv.preprocessing  INFO  Multi-model MDA: 39/73 passed (MDA > 0), 34 eliminated
14:45:37  src.cpcv.preprocessing  INFO    Capped at 14 features (top_k_frac=0.2)
14:45:37  src.cpcv.preprocessing  INFO    Selected (14): ['dxy_roc_30', 'eth_btc_ratio', 'jarque_bera', 'kurtosis', 'log_returns_lag3', 'macd_hist', 'nasdaq_ret_30', 'obv', 'oil_ret_14', 'sadf', 'sp500_ret_30', 'williams_r', 'yield_curve_2y10y', 'yz_vol']
14:45:37  src.cpcv.pipeline  INFO    Preprocessing: 14 features selected, train=502 + val=108 + cal=108, test=239
14:45:37  src.cpcv.tuning  INFO  Tuning (1 model) — Optuna TPE + Purged K-Fold (inner: 3 folds, embargo=10 obs)
14:45:37  src.cpcv.tuning  INFO    [tuning] logistic: 3 purged K-fold splits, 40 Optuna trials (TPE)
14:45:38  src.cpcv.tuning  INFO      logistic: 22 completed, 18 pruned (of 40 total) — best log_loss=0.6833, params={'C': 0.0004683848983790746, 'penalty': 'l2'}
14:45:38  src.cpcv.tuning  INFO    [tuning] logistic done in 1.0s — best log_loss=0.6833
14:45:38  src.cpcv.tuning  INFO  Tuning total: 1.0s
14:45:38  src.cpcv.pipeline  INFO      applied logistic: {'C': 0.0004683848983790746, 'penalty': 'l2'}
14:45:38  src.cpcv.pipeline  INFO    [ 61/140]             logistic (seed=0) F1=0.371  AUC=0.550  LL=0.6790 (0.0s)
14:45:38  src.cpcv.pipeline  INFO    [ 62/140]             logistic (seed=1) F1=0.371  AUC=0.550  LL=0.6790 (0.0s)
14:45:38  src.cpcv.pipeline  INFO    [ 63/140]             logistic (seed=2) F1=0.371  AUC=0.550  LL=0.6790 (0.0s)
14:45:38  src.cpcv.pipeline  INFO    [ 64/140]             logistic (seed=3) F1=0.371  AUC=0.550  LL=0.6790 (0.0s)
14:45:38  src.cpcv.pipeline  INFO    [ 65/140]             logistic (seed=4) F1=0.371  AUC=0.550  LL=0.6790 (0.0s)
14:45:38  src.cpcv.preprocessing  INFO  Computing MDA (Random Forest)...
14:46:04  src.cpcv.preprocessing  INFO  Computing MDA (Logistic Regression)...
14:46:05  src.cpcv.preprocessing  INFO  Multi-model MDA: 37/73 passed (MDA > 0), 36 eliminated
14:46:05  src.cpcv.preprocessing  INFO    Capped at 14 features (top_k_frac=0.2)
14:46:05  src.cpcv.preprocessing  INFO    Selected (14): ['eth_btc_ratio', 'log_returns_lag2', 'log_returns_lag6', 'macd_hist', 'obv', 'oil_ret_30', 'roc_14', 'sadf', 'silver_ret_30', 'sp500_ret_30', 'stoch_d', 'vol_term_30_90', 'williams_r', 'yield_curve_2y10y']
14:46:05  src.cpcv.pipeline  INFO    Preprocessing: 14 features selected, train=464 + val=99 + cal=100, test=292
14:46:05  src.cpcv.tuning  INFO  Tuning (1 model) — Optuna TPE + Purged K-Fold (inner: 3 folds, embargo=10 obs)
14:46:06  src.cpcv.tuning  INFO    [tuning] logistic: 3 purged K-fold splits, 40 Optuna trials (TPE)
14:46:06  src.cpcv.tuning  INFO      logistic: 26 completed, 14 pruned (of 40 total) — best log_loss=0.6750, params={'C': 0.020357412412030994, 'penalty': 'l2'}
14:46:06  src.cpcv.tuning  INFO    [tuning] logistic done in 0.7s — best log_loss=0.6750
14:46:06  src.cpcv.tuning  INFO  Tuning total: 0.7s
14:46:06  src.cpcv.pipeline  INFO      applied logistic: {'C': 0.020357412412030994, 'penalty': 'l2'}
14:46:06  src.cpcv.pipeline  INFO    [ 66/140]             logistic (seed=0) F1=0.442  AUC=0.556  LL=0.7076 (0.0s)
14:46:06  src.cpcv.pipeline  INFO    [ 67/140]             logistic (seed=1) F1=0.442  AUC=0.556  LL=0.7076 (0.0s)
14:46:06  src.cpcv.pipeline  INFO    [ 68/140]             logistic (seed=2) F1=0.442  AUC=0.556  LL=0.7076 (0.0s)
14:46:06  src.cpcv.pipeline  INFO    [ 69/140]             logistic (seed=3) F1=0.442  AUC=0.556  LL=0.7076 (0.0s)
14:46:06  src.cpcv.pipeline  INFO    [ 70/140]             logistic (seed=4) F1=0.442  AUC=0.556  LL=0.7076 (0.0s)
14:46:07  src.cpcv.preprocessing  INFO  Computing MDA (Random Forest)...
14:46:32  src.cpcv.preprocessing  INFO  Computing MDA (Logistic Regression)...
14:46:33  src.cpcv.preprocessing  INFO  Multi-model MDA: 39/73 passed (MDA > 0), 34 eliminated
14:46:33  src.cpcv.preprocessing  INFO    Capped at 14 features (top_k_frac=0.2)
14:46:33  src.cpcv.preprocessing  INFO    Selected (14): ['ema_ratio_20_50', 'eth_btc_ratio', 'issuance_ntv', 'log_returns_lag4', 'mvrv', 'oil_ret_14', 'roc_14', 'skewness', 'sp500_ret_14', 'sp500_ret_30', 'stoch_d', 'us2y', 'yield_curve_10y30y', 'yield_curve_2y10y']
14:46:33  src.cpcv.pipeline  INFO    Preprocessing: 14 features selected, train=455 + val=98 + cal=98, test=292
14:46:33  src.cpcv.tuning  INFO  Tuning (1 model) — Optuna TPE + Purged K-Fold (inner: 3 folds, embargo=10 obs)
14:46:33  src.cpcv.tuning  INFO    [tuning] logistic: 3 purged K-fold splits, 40 Optuna trials (TPE)
14:46:34  src.cpcv.tuning  INFO      logistic: 28 completed, 12 pruned (of 40 total) — best log_loss=0.6931, params={'C': 0.017670169402947963, 'penalty': 'l1'}
14:46:34  src.cpcv.tuning  INFO    [tuning] logistic done in 0.7s — best log_loss=0.6931
14:46:34  src.cpcv.tuning  INFO  Tuning total: 0.7s
14:46:34  src.cpcv.pipeline  INFO      applied logistic: {'C': 0.017670169402947963, 'penalty': 'l1'}
14:46:34  src.cpcv.pipeline  INFO    [ 71/140]             logistic (seed=0) F1=0.350  AUC=0.500  LL=0.6904 (0.0s)
14:46:34  src.cpcv.pipeline  INFO    [ 72/140]             logistic (seed=1) F1=0.350  AUC=0.500  LL=0.6904 (0.0s)
14:46:34  src.cpcv.pipeline  INFO    [ 73/140]             logistic (seed=2) F1=0.350  AUC=0.500  LL=0.6904 (0.0s)
14:46:34  src.cpcv.pipeline  INFO    [ 74/140]             logistic (seed=3) F1=0.350  AUC=0.500  LL=0.6904 (0.0s)
14:46:34  src.cpcv.pipeline  INFO    [ 75/140]             logistic (seed=4) F1=0.350  AUC=0.500  LL=0.6904 (0.0s)
14:46:34  src.cpcv.preprocessing  INFO  Computing MDA (Random Forest)...
14:47:00  src.cpcv.preprocessing  INFO  Computing MDA (Logistic Regression)...
14:47:01  src.cpcv.preprocessing  INFO  Multi-model MDA: 30/73 passed (MDA > 0), 43 eliminated
14:47:01  src.cpcv.preprocessing  INFO    Capped at 14 features (top_k_frac=0.2)
14:47:01  src.cpcv.preprocessing  INFO    Selected (14): ['ema_ratio_50_200', 'log_returns', 'log_returns_lag2', 'log_returns_lag30', 'log_returns_lag7', 'natgas_ret_14', 'natgas_ret_30', 'rsi', 'skewness', 'sp500_ret_14', 'us10y', 'us2y', 'vix', 'yield_curve_10y30y']
14:47:01  src.cpcv.pipeline  INFO    Preprocessing: 14 features selected, train=455 + val=98 + cal=98, test=292
14:47:01  src.cpcv.tuning  INFO  Tuning (1 model) — Optuna TPE + Purged K-Fold (inner: 3 folds, embargo=10 obs)
14:47:01  src.cpcv.tuning  INFO    [tuning] logistic: 3 purged K-fold splits, 40 Optuna trials (TPE)
14:47:01  src.cpcv.tuning  INFO      logistic: 22 completed, 18 pruned (of 40 total) — best log_loss=0.6775, params={'C': 0.018978262157794693, 'penalty': 'l2'}
14:47:01  src.cpcv.tuning  INFO    [tuning] logistic done in 0.8s — best log_loss=0.6775
14:47:01  src.cpcv.tuning  INFO  Tuning total: 0.8s
14:47:01  src.cpcv.pipeline  INFO      applied logistic: {'C': 0.018978262157794693, 'penalty': 'l2'}
14:47:01  src.cpcv.pipeline  INFO    [ 76/140]             logistic (seed=0) F1=0.522  AUC=0.524  LL=0.7390 (0.0s)
14:47:01  src.cpcv.pipeline  INFO    [ 77/140]             logistic (seed=1) F1=0.522  AUC=0.524  LL=0.7390 (0.0s)
14:47:01  src.cpcv.pipeline  INFO    [ 78/140]             logistic (seed=2) F1=0.522  AUC=0.524  LL=0.7390 (0.0s)
14:47:01  src.cpcv.pipeline  INFO    [ 79/140]             logistic (seed=3) F1=0.522  AUC=0.524  LL=0.7390 (0.0s)
14:47:01  src.cpcv.pipeline  INFO    [ 80/140]             logistic (seed=4) F1=0.522  AUC=0.524  LL=0.7390 (0.0s)
14:47:02  src.cpcv.preprocessing  INFO  Computing MDA (Random Forest)...
14:47:22  src.cpcv.preprocessing  INFO  Computing MDA (Logistic Regression)...
14:47:23  src.cpcv.preprocessing  INFO  Multi-model MDA: 37/73 passed (MDA > 0), 36 eliminated
14:47:23  src.cpcv.preprocessing  INFO    Capped at 14 features (top_k_frac=0.2)
14:47:23  src.cpcv.preprocessing  INFO    Selected (14): ['dxy_roc_30', 'exchange_supply_pct', 'jarque_bera', 'log_returns_lag5', 'log_returns_lag6', 'lz_complexity', 'nasdaq_ret_14', 'nasdaq_ret_30', 'obv', 'oil_ret_14', 'rsi', 'sadf', 'silver_ret_30', 'smt_exp']
14:47:23  src.cpcv.pipeline  INFO    Preprocessing: 14 features selected, train=455 + val=98 + cal=98, test=292
14:47:23  src.cpcv.tuning  INFO  Tuning (1 model) — Optuna TPE + Purged K-Fold (inner: 3 folds, embargo=10 obs)
14:47:23  src.cpcv.tuning  INFO    [tuning] logistic: 3 purged K-fold splits, 40 Optuna trials (TPE)
14:47:25  src.cpcv.tuning  INFO      logistic: 33 completed, 7 pruned (of 40 total) — best log_loss=0.6817, params={'C': 0.0021079758632756426, 'penalty': 'l2'}
14:47:25  src.cpcv.tuning  INFO    [tuning] logistic done in 1.2s — best log_loss=0.6817
14:47:25  src.cpcv.tuning  INFO  Tuning total: 1.2s
14:47:25  src.cpcv.pipeline  INFO      applied logistic: {'C': 0.0021079758632756426, 'penalty': 'l2'}
14:47:25  src.cpcv.pipeline  INFO    [ 81/140]             logistic (seed=0) F1=0.405  AUC=0.480  LL=0.7017 (0.0s)
14:47:25  src.cpcv.pipeline  INFO    [ 82/140]             logistic (seed=1) F1=0.405  AUC=0.480  LL=0.7017 (0.0s)
14:47:25  src.cpcv.pipeline  INFO    [ 83/140]             logistic (seed=2) F1=0.405  AUC=0.480  LL=0.7017 (0.0s)
14:47:25  src.cpcv.pipeline  INFO    [ 84/140]             logistic (seed=3) F1=0.405  AUC=0.480  LL=0.7017 (0.0s)
14:47:25  src.cpcv.pipeline  INFO    [ 85/140]             logistic (seed=4) F1=0.405  AUC=0.480  LL=0.7017 (0.0s)
14:47:25  src.cpcv.preprocessing  INFO  Computing MDA (Random Forest)...
14:47:46  src.cpcv.preprocessing  INFO  Computing MDA (Logistic Regression)...
14:47:47  src.cpcv.preprocessing  INFO  Multi-model MDA: 40/73 passed (MDA > 0), 33 eliminated
14:47:47  src.cpcv.preprocessing  INFO    Capped at 14 features (top_k_frac=0.2)
14:47:47  src.cpcv.preprocessing  INFO    Selected (14): ['chaikin_osc', 'dxy_roc_30', 'exchange_supply_pct', 'fee_per_tx', 'gk_vol', 'jarque_bera', 'kurtosis', 'log_returns_lag1', 'macd_hist', 'natgas_ret_30', 'obv', 'roc_14', 'sadf', 'smt_exp']
14:47:47  src.cpcv.pipeline  INFO    Preprocessing: 14 features selected, train=463 + val=99 + cal=100, test=292
14:47:47  src.cpcv.tuning  INFO  Tuning (1 model) — Optuna TPE + Purged K-Fold (inner: 3 folds, embargo=10 obs)
14:47:47  src.cpcv.tuning  INFO    [tuning] logistic: 3 purged K-fold splits, 40 Optuna trials (TPE)
14:47:48  src.cpcv.tuning  INFO      logistic: 32 completed, 8 pruned (of 40 total) — best log_loss=0.6841, params={'C': 0.001296876693886617, 'penalty': 'l2'}
14:47:48  src.cpcv.tuning  INFO    [tuning] logistic done in 1.1s — best log_loss=0.6841
14:47:48  src.cpcv.tuning  INFO  Tuning total: 1.1s
14:47:48  src.cpcv.pipeline  INFO      applied logistic: {'C': 0.001296876693886617, 'penalty': 'l2'}
14:47:48  src.cpcv.pipeline  INFO    [ 86/140]             logistic (seed=0) F1=0.339  AUC=0.464  LL=0.7615 (0.0s)
14:47:48  src.cpcv.pipeline  INFO    [ 87/140]             logistic (seed=1) F1=0.339  AUC=0.464  LL=0.7615 (0.0s)
14:47:48  src.cpcv.pipeline  INFO    [ 88/140]             logistic (seed=2) F1=0.339  AUC=0.464  LL=0.7615 (0.0s)
14:47:48  src.cpcv.pipeline  INFO    [ 89/140]             logistic (seed=3) F1=0.339  AUC=0.464  LL=0.7615 (0.0s)
14:47:48  src.cpcv.pipeline  INFO    [ 90/140]             logistic (seed=4) F1=0.339  AUC=0.464  LL=0.7615 (0.0s)
14:47:49  src.cpcv.preprocessing  INFO  Computing MDA (Random Forest)...
14:48:09  src.cpcv.preprocessing  INFO  Computing MDA (Logistic Regression)...
14:48:10  src.cpcv.preprocessing  INFO  Multi-model MDA: 39/73 passed (MDA > 0), 34 eliminated
14:48:10  src.cpcv.preprocessing  INFO    Capped at 14 features (top_k_frac=0.2)
14:48:10  src.cpcv.preprocessing  INFO    Selected (14): ['copper_ret_14', 'eth_btc_ratio', 'kurtosis', 'log_returns_lag14', 'log_returns_lag2', 'log_returns_lag3', 'log_returns_lag7', 'lz_complexity', 'natgas_ret_30', 'oil_ret_14', 'rsi', 'skewness', 'smt_poly1', 'sp500_ret_30']
14:48:10  src.cpcv.pipeline  INFO    Preprocessing: 14 features selected, train=465 + val=100 + cal=100, test=292
14:48:10  src.cpcv.tuning  INFO  Tuning (1 model) — Optuna TPE + Purged K-Fold (inner: 3 folds, embargo=10 obs)
14:48:10  src.cpcv.tuning  INFO    [tuning] logistic: 3 purged K-fold splits, 40 Optuna trials (TPE)
14:48:11  src.cpcv.tuning  INFO      logistic: 24 completed, 16 pruned (of 40 total) — best log_loss=0.6845, params={'C': 0.11085678522672557, 'penalty': 'l1'}
14:48:11  src.cpcv.tuning  INFO    [tuning] logistic done in 0.6s — best log_loss=0.6845
14:48:11  src.cpcv.tuning  INFO  Tuning total: 0.6s
14:48:11  src.cpcv.pipeline  INFO      applied logistic: {'C': 0.11085678522672557, 'penalty': 'l1'}
14:48:11  src.cpcv.pipeline  INFO    [ 91/140]             logistic (seed=0) F1=0.535  AUC=0.529  LL=0.7072 (0.0s)
14:48:11  src.cpcv.pipeline  INFO    [ 92/140]             logistic (seed=1) F1=0.535  AUC=0.529  LL=0.7072 (0.0s)
14:48:11  src.cpcv.pipeline  INFO    [ 93/140]             logistic (seed=2) F1=0.535  AUC=0.529  LL=0.7072 (0.0s)
14:48:11  src.cpcv.pipeline  INFO    [ 94/140]             logistic (seed=3) F1=0.535  AUC=0.529  LL=0.7072 (0.0s)
14:48:11  src.cpcv.pipeline  INFO    [ 95/140]             logistic (seed=4) F1=0.535  AUC=0.529  LL=0.7072 (0.0s)
14:48:11  src.cpcv.preprocessing  INFO  Computing MDA (Random Forest)...
14:48:32  src.cpcv.preprocessing  INFO  Computing MDA (Logistic Regression)...
14:48:33  src.cpcv.preprocessing  INFO  Multi-model MDA: 38/73 passed (MDA > 0), 35 eliminated
14:48:33  src.cpcv.preprocessing  INFO    Capped at 14 features (top_k_frac=0.2)
14:48:33  src.cpcv.preprocessing  INFO    Selected (14): ['ema_ratio_20_50', 'log_returns_lag30', 'log_returns_lag5', 'log_returns_lag6', 'log_returns_lag7', 'mvrv', 'net_exchange_flow', 'oil_ret_14', 'silver_ret_14', 'skewness', 'sp500_ret_14', 'us10y', 'variance_ratio', 'vix']
14:48:33  src.cpcv.pipeline  INFO    Preprocessing: 14 features selected, train=457 + val=98 + cal=98, test=292
14:48:33  src.cpcv.tuning  INFO  Tuning (1 model) — Optuna TPE + Purged K-Fold (inner: 3 folds, embargo=10 obs)
14:48:33  src.cpcv.tuning  INFO    [tuning] logistic: 3 purged K-fold splits, 40 Optuna trials (TPE)
14:48:33  src.cpcv.tuning  INFO      logistic: 21 completed, 19 pruned (of 40 total) — best log_loss=0.6854, params={'C': 0.008157211142057481, 'penalty': 'l2'}
14:48:33  src.cpcv.tuning  INFO    [tuning] logistic done in 0.7s — best log_loss=0.6854
14:48:33  src.cpcv.tuning  INFO  Tuning total: 0.7s
14:48:33  src.cpcv.pipeline  INFO      applied logistic: {'C': 0.008157211142057481, 'penalty': 'l2'}
14:48:33  src.cpcv.pipeline  INFO    [ 96/140]             logistic (seed=0) F1=0.520  AUC=0.545  LL=0.7317 (0.0s)
14:48:33  src.cpcv.pipeline  INFO    [ 97/140]             logistic (seed=1) F1=0.520  AUC=0.545  LL=0.7317 (0.0s)
14:48:33  src.cpcv.pipeline  INFO    [ 98/140]             logistic (seed=2) F1=0.520  AUC=0.545  LL=0.7317 (0.0s)
14:48:33  src.cpcv.pipeline  INFO    [ 99/140]             logistic (seed=3) F1=0.520  AUC=0.545  LL=0.7317 (0.0s)
14:48:33  src.cpcv.pipeline  INFO    [100/140]             logistic (seed=4) F1=0.520  AUC=0.545  LL=0.7317 (0.0s)
14:48:34  src.cpcv.preprocessing  INFO  Computing MDA (Random Forest)...
14:48:55  src.cpcv.preprocessing  INFO  Computing MDA (Logistic Regression)...
14:48:56  src.cpcv.preprocessing  INFO  Multi-model MDA: 37/73 passed (MDA > 0), 36 eliminated
14:48:56  src.cpcv.preprocessing  INFO    Capped at 14 features (top_k_frac=0.2)
14:48:56  src.cpcv.preprocessing  INFO    Selected (14): ['eth_btc_ratio', 'gold_ret_30', 'kurtosis', 'log_returns_lag3', 'log_returns_lag6', 'log_returns_lag7', 'macd_hist', 'realized_vol', 'silver_ret_30', 'sp500_ret_30', 'stoch_k', 'variance_ratio', 'williams_r', 'yield_curve_2y10y']
14:48:56  src.cpcv.pipeline  INFO    Preprocessing: 14 features selected, train=457 + val=98 + cal=98, test=292
14:48:56  src.cpcv.tuning  INFO  Tuning (1 model) — Optuna TPE + Purged K-Fold (inner: 3 folds, embargo=10 obs)
14:48:56  src.cpcv.tuning  INFO    [tuning] logistic: 3 purged K-fold splits, 40 Optuna trials (TPE)
14:48:56  src.cpcv.tuning  INFO      logistic: 18 completed, 22 pruned (of 40 total) — best log_loss=0.6789, params={'C': 0.014975426755579157, 'penalty': 'l2'}
14:48:56  src.cpcv.tuning  INFO    [tuning] logistic done in 0.7s — best log_loss=0.6789
14:48:56  src.cpcv.tuning  INFO  Tuning total: 0.7s
14:48:56  src.cpcv.pipeline  INFO      applied logistic: {'C': 0.014975426755579157, 'penalty': 'l2'}
14:48:56  src.cpcv.pipeline  INFO    [101/140]             logistic (seed=0) F1=0.482  AUC=0.480  LL=0.7209 (0.0s)
14:48:56  src.cpcv.pipeline  INFO    [102/140]             logistic (seed=1) F1=0.482  AUC=0.480  LL=0.7209 (0.0s)
14:48:56  src.cpcv.pipeline  INFO    [103/140]             logistic (seed=2) F1=0.482  AUC=0.480  LL=0.7209 (0.0s)
14:48:56  src.cpcv.pipeline  INFO    [104/140]             logistic (seed=3) F1=0.482  AUC=0.480  LL=0.7209 (0.0s)
14:48:56  src.cpcv.pipeline  INFO    [105/140]             logistic (seed=4) F1=0.482  AUC=0.480  LL=0.7209 (0.0s)
14:48:57  src.cpcv.preprocessing  INFO  Computing MDA (Random Forest)...
14:49:17  src.cpcv.preprocessing  INFO  Computing MDA (Logistic Regression)...
14:49:18  src.cpcv.preprocessing  INFO  Multi-model MDA: 38/73 passed (MDA > 0), 35 eliminated
14:49:18  src.cpcv.preprocessing  INFO    Capped at 14 features (top_k_frac=0.2)
14:49:18  src.cpcv.preprocessing  INFO    Selected (14): ['active_addr_roc_14', 'bb_width', 'copper_ret_30', 'eth_btc_ratio', 'exchange_supply_pct', 'log_returns_lag1', 'log_returns_lag5', 'log_returns_lag6', 'oil_ret_14', 'silver_ret_30', 'smt_poly1', 'sp500_ret_30', 'yield_curve_10y30y', 'yz_vol']
14:49:18  src.cpcv.pipeline  INFO    Preprocessing: 14 features selected, train=464 + val=100 + cal=100, test=292
14:49:18  src.cpcv.tuning  INFO  Tuning (1 model) — Optuna TPE + Purged K-Fold (inner: 3 folds, embargo=10 obs)
14:49:18  src.cpcv.tuning  INFO    [tuning] logistic: 3 purged K-fold splits, 40 Optuna trials (TPE)
14:49:19  src.cpcv.tuning  INFO      logistic: 28 completed, 12 pruned (of 40 total) — best log_loss=0.6771, params={'C': 0.011619682550552358, 'penalty': 'l2'}
14:49:19  src.cpcv.tuning  INFO    [tuning] logistic done in 0.7s — best log_loss=0.6771
14:49:19  src.cpcv.tuning  INFO  Tuning total: 0.7s
14:49:19  src.cpcv.pipeline  INFO      applied logistic: {'C': 0.011619682550552358, 'penalty': 'l2'}
14:49:19  src.cpcv.pipeline  INFO    [106/140]             logistic (seed=0) F1=0.370  AUC=0.516  LL=0.7559 (0.0s)
14:49:19  src.cpcv.pipeline  INFO    [107/140]             logistic (seed=1) F1=0.370  AUC=0.516  LL=0.7559 (0.0s)
14:49:19  src.cpcv.pipeline  INFO    [108/140]             logistic (seed=2) F1=0.370  AUC=0.516  LL=0.7559 (0.0s)
14:49:19  src.cpcv.pipeline  INFO    [109/140]             logistic (seed=3) F1=0.370  AUC=0.516  LL=0.7559 (0.0s)
14:49:19  src.cpcv.pipeline  INFO    [110/140]             logistic (seed=4) F1=0.370  AUC=0.516  LL=0.7559 (0.0s)
14:49:19  src.cpcv.preprocessing  INFO  Computing MDA (Random Forest)...
14:49:40  src.cpcv.preprocessing  INFO  Computing MDA (Logistic Regression)...
14:49:41  src.cpcv.preprocessing  INFO  Multi-model MDA: 38/73 passed (MDA > 0), 35 eliminated
14:49:41  src.cpcv.preprocessing  INFO    Capped at 14 features (top_k_frac=0.2)
14:49:41  src.cpcv.preprocessing  INFO    Selected (14): ['cci_14', 'ema_ratio_20_50', 'fee_per_tx', 'log_returns_lag2', 'log_returns_lag5', 'log_returns_lag6', 'macd', 'macd_hist', 'mfi_14', 'net_exchange_flow', 'obv', 'sadf', 'smt_exp', 'vol_term_30_90']
14:49:41  src.cpcv.pipeline  INFO    Preprocessing: 14 features selected, train=465 + val=100 + cal=100, test=292
14:49:41  src.cpcv.tuning  INFO  Tuning (1 model) — Optuna TPE + Purged K-Fold (inner: 3 folds, embargo=10 obs)
14:49:41  src.cpcv.tuning  INFO    [tuning] logistic: 3 purged K-fold splits, 40 Optuna trials (TPE)
14:49:42  src.cpcv.tuning  INFO      logistic: 21 completed, 19 pruned (of 40 total) — best log_loss=0.6930, params={'C': 0.0012190680346095364, 'penalty': 'l2'}
14:49:42  src.cpcv.tuning  INFO    [tuning] logistic done in 0.7s — best log_loss=0.6930
14:49:42  src.cpcv.tuning  INFO  Tuning total: 0.7s
14:49:42  src.cpcv.pipeline  INFO      applied logistic: {'C': 0.0012190680346095364, 'penalty': 'l2'}
14:49:42  src.cpcv.pipeline  INFO    [111/140]             logistic (seed=0) F1=0.355  AUC=0.508  LL=0.6897 (0.0s)
14:49:42  src.cpcv.pipeline  INFO    [112/140]             logistic (seed=1) F1=0.355  AUC=0.508  LL=0.6897 (0.0s)
14:49:42  src.cpcv.pipeline  INFO    [113/140]             logistic (seed=2) F1=0.355  AUC=0.508  LL=0.6897 (0.0s)
14:49:42  src.cpcv.pipeline  INFO    [114/140]             logistic (seed=3) F1=0.355  AUC=0.508  LL=0.6897 (0.0s)
14:49:42  src.cpcv.pipeline  INFO    [115/140]             logistic (seed=4) F1=0.355  AUC=0.508  LL=0.6897 (0.0s)
14:49:42  src.cpcv.preprocessing  INFO  Computing MDA (Random Forest)...
14:50:03  src.cpcv.preprocessing  INFO  Computing MDA (Logistic Regression)...
14:50:04  src.cpcv.preprocessing  INFO  Multi-model MDA: 40/73 passed (MDA > 0), 33 eliminated
14:50:04  src.cpcv.preprocessing  INFO    Capped at 14 features (top_k_frac=0.2)
14:50:04  src.cpcv.preprocessing  INFO    Selected (14): ['bb_width', 'eth_btc_ratio', 'gk_vol', 'gold_ret_30', 'hashrate_roc_30', 'hurst', 'log_returns_lag1', 'log_returns_lag21', 'log_returns_lag4', 'log_returns_lag6', 'nasdaq_ret_14', 'silver_ret_30', 'smt_poly1', 'yield_curve_10y30y']
14:50:04  src.cpcv.pipeline  INFO    Preprocessing: 14 features selected, train=457 + val=98 + cal=98, test=292
14:50:04  src.cpcv.tuning  INFO  Tuning (1 model) — Optuna TPE + Purged K-Fold (inner: 3 folds, embargo=10 obs)
14:50:04  src.cpcv.tuning  INFO    [tuning] logistic: 3 purged K-fold splits, 40 Optuna trials (TPE)
14:50:05  src.cpcv.tuning  INFO      logistic: 27 completed, 13 pruned (of 40 total) — best log_loss=0.6788, params={'C': 0.026052328494691652, 'penalty': 'l2'}
14:50:05  src.cpcv.tuning  INFO    [tuning] logistic done in 0.7s — best log_loss=0.6788
14:50:05  src.cpcv.tuning  INFO  Tuning total: 0.7s
14:50:05  src.cpcv.pipeline  INFO      applied logistic: {'C': 0.026052328494691652, 'penalty': 'l2'}
14:50:05  src.cpcv.pipeline  INFO    [116/140]             logistic (seed=0) F1=0.512  AUC=0.527  LL=0.6950 (0.0s)
14:50:05  src.cpcv.pipeline  INFO    [117/140]             logistic (seed=1) F1=0.512  AUC=0.527  LL=0.6950 (0.0s)
14:50:05  src.cpcv.pipeline  INFO    [118/140]             logistic (seed=2) F1=0.512  AUC=0.527  LL=0.6950 (0.0s)
14:50:05  src.cpcv.pipeline  INFO    [119/140]             logistic (seed=3) F1=0.512  AUC=0.527  LL=0.6950 (0.0s)
14:50:05  src.cpcv.pipeline  INFO    [120/140]             logistic (seed=4) F1=0.512  AUC=0.527  LL=0.6950 (0.0s)
14:50:05  src.cpcv.preprocessing  INFO  Computing MDA (Random Forest)...
14:50:26  src.cpcv.preprocessing  INFO  Computing MDA (Logistic Regression)...
14:50:27  src.cpcv.preprocessing  INFO  Multi-model MDA: 41/73 passed (MDA > 0), 32 eliminated
14:50:27  src.cpcv.preprocessing  INFO    Capped at 14 features (top_k_frac=0.2)
14:50:27  src.cpcv.preprocessing  INFO    Selected (14): ['ema_ratio_50_200', 'gk_vol', 'log_returns_lag1', 'log_returns_lag14', 'log_returns_lag21', 'log_returns_lag3', 'log_returns_lag30', 'log_returns_lag4', 'nasdaq_ret_30', 'realized_vol', 'silver_ret_30', 'smt_poly1', 'tx_count_roc_14', 'vol_term_7_30']
14:50:27  src.cpcv.pipeline  INFO    Preprocessing: 14 features selected, train=464 + val=100 + cal=100, test=292
14:50:27  src.cpcv.tuning  INFO  Tuning (1 model) — Optuna TPE + Purged K-Fold (inner: 3 folds, embargo=10 obs)
14:50:27  src.cpcv.tuning  INFO    [tuning] logistic: 3 purged K-fold splits, 40 Optuna trials (TPE)
14:50:28  src.cpcv.tuning  INFO      logistic: 28 completed, 12 pruned (of 40 total) — best log_loss=0.6917, params={'C': 0.11085678522672557, 'penalty': 'l1'}
14:50:28  src.cpcv.tuning  INFO    [tuning] logistic done in 0.6s — best log_loss=0.6917
14:50:28  src.cpcv.tuning  INFO  Tuning total: 0.6s
14:50:28  src.cpcv.pipeline  INFO      applied logistic: {'C': 0.11085678522672557, 'penalty': 'l1'}
14:50:28  src.cpcv.pipeline  INFO    [121/140]             logistic (seed=0) F1=0.469  AUC=0.497  LL=0.6816 (0.0s)
14:50:28  src.cpcv.pipeline  INFO    [122/140]             logistic (seed=1) F1=0.469  AUC=0.497  LL=0.6816 (0.0s)
14:50:28  src.cpcv.pipeline  INFO    [123/140]             logistic (seed=2) F1=0.469  AUC=0.497  LL=0.6816 (0.0s)
14:50:28  src.cpcv.pipeline  INFO    [124/140]             logistic (seed=3) F1=0.469  AUC=0.497  LL=0.6816 (0.0s)
14:50:28  src.cpcv.pipeline  INFO    [125/140]             logistic (seed=4) F1=0.469  AUC=0.497  LL=0.6816 (0.0s)
14:50:28  src.cpcv.preprocessing  INFO  Computing MDA (Random Forest)...
14:50:49  src.cpcv.preprocessing  INFO  Computing MDA (Logistic Regression)...
14:50:50  src.cpcv.preprocessing  INFO  Multi-model MDA: 39/73 passed (MDA > 0), 34 eliminated
14:50:50  src.cpcv.preprocessing  INFO    Capped at 14 features (top_k_frac=0.2)
14:50:50  src.cpcv.preprocessing  INFO    Selected (14): ['cci_14', 'dxy_roc_30', 'ema_ratio_50_200', 'fee_per_tx', 'gk_vol', 'gold_ret_14', 'gold_ret_30', 'kurtosis', 'log_returns', 'log_returns_lag2', 'log_returns_lag5', 'log_returns_lag6', 'smt_poly1', 'vix']
14:50:50  src.cpcv.pipeline  INFO    Preprocessing: 14 features selected, train=465 + val=100 + cal=100, test=292
14:50:50  src.cpcv.tuning  INFO  Tuning (1 model) — Optuna TPE + Purged K-Fold (inner: 3 folds, embargo=10 obs)
14:50:50  src.cpcv.tuning  INFO    [tuning] logistic: 3 purged K-fold splits, 40 Optuna trials (TPE)
14:50:51  src.cpcv.tuning  INFO      logistic: 22 completed, 18 pruned (of 40 total) — best log_loss=0.6850, params={'C': 0.17424268224365333, 'penalty': 'l1'}
14:50:51  src.cpcv.tuning  INFO    [tuning] logistic done in 0.7s — best log_loss=0.6850
14:50:51  src.cpcv.tuning  INFO  Tuning total: 0.7s
14:50:51  src.cpcv.pipeline  INFO      applied logistic: {'C': 0.17424268224365333, 'penalty': 'l1'}
14:50:51  src.cpcv.pipeline  INFO    [126/140]             logistic (seed=0) F1=0.490  AUC=0.482  LL=0.7024 (0.0s)
14:50:51  src.cpcv.pipeline  INFO    [127/140]             logistic (seed=1) F1=0.490  AUC=0.482  LL=0.7024 (0.0s)
14:50:51  src.cpcv.pipeline  INFO    [128/140]             logistic (seed=2) F1=0.490  AUC=0.482  LL=0.7024 (0.0s)
14:50:51  src.cpcv.pipeline  INFO    [129/140]             logistic (seed=3) F1=0.490  AUC=0.482  LL=0.7024 (0.0s)
14:50:51  src.cpcv.pipeline  INFO    [130/140]             logistic (seed=4) F1=0.490  AUC=0.482  LL=0.7024 (0.0s)
14:50:51  src.cpcv.preprocessing  INFO  Computing MDA (Random Forest)...
14:51:12  src.cpcv.preprocessing  INFO  Computing MDA (Logistic Regression)...
14:51:13  src.cpcv.preprocessing  INFO  Multi-model MDA: 31/73 passed (MDA > 0), 42 eliminated
14:51:13  src.cpcv.preprocessing  INFO    Capped at 14 features (top_k_frac=0.2)
14:51:13  src.cpcv.preprocessing  INFO    Selected (14): ['active_addr_roc_14', 'bb_width', 'eth_btc_ratio', 'exchange_supply_pct', 'gold_ret_14', 'log_returns_lag1', 'log_returns_lag2', 'log_returns_lag6', 'log_returns_lag7', 'natgas_ret_14', 'shannon_entropy', 'stoch_k', 'us10y', 'vix']
14:51:13  src.cpcv.pipeline  INFO    Preprocessing: 14 features selected, train=464 + val=100 + cal=100, test=292
14:51:13  src.cpcv.tuning  INFO  Tuning (1 model) — Optuna TPE + Purged K-Fold (inner: 3 folds, embargo=10 obs)
14:51:13  src.cpcv.tuning  INFO    [tuning] logistic: 3 purged K-fold splits, 40 Optuna trials (TPE)
14:51:14  src.cpcv.tuning  INFO      logistic: 24 completed, 16 pruned (of 40 total) — best log_loss=0.6894, params={'C': 0.12173252504194051, 'penalty': 'l1'}
14:51:14  src.cpcv.tuning  INFO    [tuning] logistic done in 0.7s — best log_loss=0.6894
14:51:14  src.cpcv.tuning  INFO  Tuning total: 0.7s
14:51:14  src.cpcv.pipeline  INFO      applied logistic: {'C': 0.12173252504194051, 'penalty': 'l1'}
14:51:14  src.cpcv.pipeline  INFO    [131/140]             logistic (seed=0) F1=0.345  AUC=0.515  LL=0.7155 (0.0s)
14:51:14  src.cpcv.pipeline  INFO    [132/140]             logistic (seed=1) F1=0.345  AUC=0.515  LL=0.7155 (0.0s)
14:51:14  src.cpcv.pipeline  INFO    [133/140]             logistic (seed=2) F1=0.345  AUC=0.515  LL=0.7155 (0.0s)
14:51:14  src.cpcv.pipeline  INFO    [134/140]             logistic (seed=3) F1=0.345  AUC=0.515  LL=0.7155 (0.0s)
14:51:14  src.cpcv.pipeline  INFO    [135/140]             logistic (seed=4) F1=0.345  AUC=0.515  LL=0.7155 (0.0s)
14:51:14  src.cpcv.preprocessing  INFO  Computing MDA (Random Forest)...
14:51:34  src.cpcv.preprocessing  INFO  Computing MDA (Logistic Regression)...
14:51:36  src.cpcv.preprocessing  INFO  Multi-model MDA: 38/73 passed (MDA > 0), 35 eliminated
14:51:36  src.cpcv.preprocessing  INFO    Capped at 14 features (top_k_frac=0.2)
14:51:36  src.cpcv.preprocessing  INFO    Selected (14): ['dxy_roc_30', 'exchange_supply_pct', 'hurst', 'log_returns_lag1', 'log_returns_lag4', 'macd_signal', 'roc_14', 'silver_ret_30', 'skewness', 'smt_exp', 'stoch_d', 'williams_r', 'yield_curve_2y10y', 'yz_vol']
14:51:36  src.cpcv.pipeline  INFO    Preprocessing: 14 features selected, train=473 + val=101 + cal=102, test=292
14:51:36  src.cpcv.tuning  INFO  Tuning (1 model) — Optuna TPE + Purged K-Fold (inner: 3 folds, embargo=10 obs)
14:51:36  src.cpcv.tuning  INFO    [tuning] logistic: 3 purged K-fold splits, 40 Optuna trials (TPE)
14:51:36  src.cpcv.tuning  INFO      logistic: 37 completed, 3 pruned (of 40 total) — best log_loss=0.6931, params={'C': 0.00042459623487371505, 'penalty': 'l2'}
14:51:36  src.cpcv.tuning  INFO    [tuning] logistic done in 0.7s — best log_loss=0.6931
14:51:36  src.cpcv.tuning  INFO  Tuning total: 0.7s
14:51:36  src.cpcv.pipeline  INFO      applied logistic: {'C': 0.00042459623487371505, 'penalty': 'l2'}
14:51:36  src.cpcv.pipeline  INFO    [136/140]             logistic (seed=0) F1=0.390  AUC=0.461  LL=0.7300 (0.0s)
14:51:36  src.cpcv.pipeline  INFO    [137/140]             logistic (seed=1) F1=0.390  AUC=0.461  LL=0.7300 (0.0s)
14:51:36  src.cpcv.pipeline  INFO    [138/140]             logistic (seed=2) F1=0.390  AUC=0.461  LL=0.7300 (0.0s)
14:51:36  src.cpcv.pipeline  INFO    [139/140]             logistic (seed=3) F1=0.390  AUC=0.461  LL=0.7300 (0.0s)
14:51:36  src.cpcv.pipeline  INFO    [140/140]             logistic (seed=4) F1=0.390  AUC=0.461  LL=0.7300 (0.0s)
14:51:36  src.cpcv.pipeline  INFO  ============================================================
14:51:36  src.cpcv.pipeline  INFO  CPCV Pipeline Complete
14:51:36  src.cpcv.pipeline  INFO  ============================================================
14:51:36  src.cpcv.pipeline  INFO    Total time:     832.8s (13.9m)
14:51:36  src.cpcv.pipeline  INFO    Tasks:          140 succeeded, 0 failed
14:51:36  src.cpcv.pipeline  INFO    Results keys:   140 (model, split, seed) entries
14:51:36  src.cpcv.pipeline  INFO    Backtest paths: 7
14:51:36  src.cpcv.pipeline  INFO    Tuning:         nested (per-split), 28 splits tuned, models=['logistic']
14:51:36  src.cpcv.pipeline  INFO  ============================================================
14:51:37  src.cpcv.pipeline  INFO  ============================================================
14:51:37  src.cpcv.pipeline  INFO  CPCV Pipeline
14:51:37  src.cpcv.pipeline  INFO  ============================================================
14:51:37  src.cpcv.pipeline  INFO    Models:         ['random_forest', 'xgboost']
14:51:37  src.cpcv.pipeline  INFO    Seeds/fold:     5
14:51:37  src.cpcv.pipeline  INFO    Groups (N):     8
14:51:37  src.cpcv.pipeline  INFO    Test groups (k):2
14:51:37  src.cpcv.pipeline  INFO    Embargo:        1.0%
14:51:37  src.cpcv.pipeline  INFO    FFD columns:    ['atr']
14:51:37  src.cpcv.pipeline  INFO    Samples:        1168
14:51:37  src.cpcv.pipeline  INFO    Features:       73
14:51:37  src.cpcv.pipeline  INFO    Splits:         28, Paths: 7
14:51:37  src.cpcv.pipeline  INFO    Tuning:         NESTED (per-split) — ['random_forest', 'xgboost'] [40 trials]
14:51:37  src.cpcv.pipeline  INFO  ============================================================
14:51:37  src.cpcv.preprocessing  INFO  Computing MDA (Random Forest)...
14:52:02  src.cpcv.preprocessing  INFO  Computing MDA (Logistic Regression)...
14:52:03  src.cpcv.preprocessing  INFO  Multi-model MDA: 31/73 passed (MDA > 0), 42 eliminated
14:52:03  src.cpcv.preprocessing  INFO    Capped at 14 features (top_k_frac=0.2)
14:52:03  src.cpcv.preprocessing  INFO    Selected (14): ['ema_ratio_20_50', 'eth_btc_ratio', 'exchange_supply_pct', 'jarque_bera', 'log_returns', 'log_returns_lag6', 'macd_hist', 'natgas_ret_30', 'skewness', 'smt_exp', 'sp500_ret_30', 'variance_ratio', 'vix', 'yield_curve_2y10y']
14:52:03  src.cpcv.pipeline  INFO    Preprocessing: 14 features selected, train=605 + val=130 + cal=130, test=93
14:52:03  src.cpcv.tuning  INFO  Tuning (2 models) — Optuna TPE + Purged K-Fold (inner: 3 folds, embargo=10 obs)
14:52:03  src.cpcv.tuning  INFO    [tuning] random_forest: 3 purged K-fold splits, 40 Optuna trials (TPE)
14:53:15  src.cpcv.tuning  INFO      random_forest: 40 completed, 0 pruned (of 40 total) — best log_loss=0.6845, params={'n_estimators': 100, 'max_depth': 2, 'min_samples_leaf': 23, 'max_features': 'sqrt'}
14:53:15  src.cpcv.tuning  INFO    [tuning] random_forest done in 71.8s — best log_loss=0.6845
14:53:15  src.cpcv.tuning  INFO    [tuning] xgboost: 3 purged K-fold splits, 40 Optuna trials (TPE)
14:53:21  src.cpcv.tuning  INFO      xgboost: 34 completed, 6 pruned (of 40 total) — best log_loss=0.6819, params={'max_depth': 1, 'learning_rate': 0.12478789763512445, 'min_child_weight': 10, 'subsample': 0.8430335881083435, 'colsample_bytree': 0.6386027472846174, 'gamma': 0.7464383499495073, 'reg_alpha': 0.0007616776168097339, 'reg_lambda': 0.015501305407592755}
14:53:21  src.cpcv.tuning  INFO    [tuning] xgboost done in 6.3s — best log_loss=0.6819
14:53:21  src.cpcv.tuning  INFO  Tuning total: 78.1s
14:53:21  src.cpcv.pipeline  INFO      applied random_forest: {'n_estimators': 100, 'max_depth': 2, 'min_samples_leaf': 23, 'max_features': 'sqrt'}
14:53:21  src.cpcv.pipeline  INFO      applied xgboost: {'max_depth': 1, 'learning_rate': 0.12478789763512445, 'min_child_weight': 10, 'subsample': 0.8430335881083435, 'colsample_bytree': 0.6386027472846174, 'gamma': 0.7464383499495073, 'reg_alpha': 0.0007616776168097339, 'reg_lambda': 0.015501305407592755}
14:53:21  src.cpcv.models.tree_models  INFO  RandomForest fitted: 605 samples, 14 features, 100 trees.
14:53:22  src.cpcv.pipeline  INFO    [  1/280]        random_forest (seed=0) F1=0.528  AUC=0.519  LL=0.8490 (0.4s)
14:53:22  src.cpcv.models.tree_models  INFO  RandomForest fitted: 605 samples, 14 features, 100 trees.
14:53:22  src.cpcv.pipeline  INFO    [  2/280]        random_forest (seed=1) F1=0.456  AUC=0.477  LL=0.8689 (0.3s)
14:53:22  src.cpcv.models.tree_models  INFO  RandomForest fitted: 605 samples, 14 features, 100 trees.
14:53:22  src.cpcv.pipeline  INFO    [  3/280]        random_forest (seed=2) F1=0.414  AUC=0.507  LL=0.8935 (0.3s)
14:53:22  src.cpcv.models.tree_models  INFO  RandomForest fitted: 605 samples, 14 features, 100 trees.
14:53:22  src.cpcv.pipeline  INFO    [  4/280]        random_forest (seed=3) F1=0.545  AUC=0.548  LL=0.7350 (0.3s)
14:53:23  src.cpcv.models.tree_models  INFO  RandomForest fitted: 605 samples, 14 features, 100 trees.
14:53:23  src.cpcv.pipeline  INFO    [  5/280]        random_forest (seed=4) F1=0.510  AUC=0.510  LL=0.8196 (0.3s)
14:53:23  src.cpcv.models.tree_models  INFO  XGBoost fitted: 605 samples, early stopped at iteration 5/300.
14:53:23  src.cpcv.pipeline  INFO    [  6/280]              xgboost (seed=0) F1=0.562  AUC=0.540  LL=3.2425 (0.0s)
14:53:23  src.cpcv.models.tree_models  INFO  XGBoost fitted: 605 samples, early stopped at iteration 20/300.
14:53:23  src.cpcv.pipeline  INFO    [  7/280]              xgboost (seed=1) F1=0.428  AUC=0.477  LL=0.8437 (0.1s)
14:53:23  src.cpcv.models.tree_models  INFO  XGBoost fitted: 605 samples, early stopped at iteration 3/300.
14:53:23  src.cpcv.pipeline  INFO    [  8/280]              xgboost (seed=2) F1=0.388  AUC=0.546  LL=0.6729 (0.0s)
14:53:23  src.cpcv.models.tree_models  INFO  XGBoost fitted: 605 samples, early stopped at iteration 15/300.
14:53:23  src.cpcv.pipeline  INFO    [  9/280]              xgboost (seed=3) F1=0.380  AUC=0.468  LL=0.6781 (0.1s)
14:53:23  src.cpcv.models.tree_models  INFO  XGBoost fitted: 605 samples, early stopped at iteration 11/300.
14:53:23  src.cpcv.pipeline  INFO    [ 10/280]              xgboost (seed=4) F1=0.499  AUC=0.548  LL=0.6762 (0.1s)
14:53:23  src.cpcv.preprocessing  INFO  Computing MDA (Random Forest)...
14:53:46  src.cpcv.preprocessing  INFO  Computing MDA (Logistic Regression)...
14:53:48  src.cpcv.preprocessing  INFO  Multi-model MDA: 39/73 passed (MDA > 0), 34 eliminated
14:53:48  src.cpcv.preprocessing  INFO    Capped at 14 features (top_k_frac=0.2)
14:53:48  src.cpcv.preprocessing  INFO    Selected (14): ['cci_14', 'copper_ret_14', 'ema_ratio_50_200', 'gk_vol', 'gold_ret_30', 'log_returns', 'natgas_ret_30', 'oil_ret_14', 'oil_ret_30', 'roc_14', 'rsi', 'silver_ret_30', 'stoch_d', 'yz_vol']
14:53:48  src.cpcv.pipeline  INFO    Preprocessing: 14 features selected, train=566 + val=121 + cal=122, test=146
14:53:48  src.cpcv.tuning  INFO  Tuning (2 models) — Optuna TPE + Purged K-Fold (inner: 3 folds, embargo=10 obs)
14:53:48  src.cpcv.tuning  INFO    [tuning] random_forest: 3 purged K-fold splits, 40 Optuna trials (TPE)
14:54:40  src.cpcv.tuning  INFO      random_forest: 23 completed, 17 pruned (of 40 total) — best log_loss=0.6924, params={'n_estimators': 250, 'max_depth': 2, 'min_samples_leaf': 28, 'max_features': 'sqrt'}
14:54:40  src.cpcv.tuning  INFO    [tuning] random_forest done in 52.6s — best log_loss=0.6924
14:54:40  src.cpcv.tuning  INFO    [tuning] xgboost: 3 purged K-fold splits, 40 Optuna trials (TPE)
14:54:46  src.cpcv.tuning  INFO      xgboost: 14 completed, 26 pruned (of 40 total) — best log_loss=0.6823, params={'max_depth': 2, 'learning_rate': 0.29809911697393243, 'min_child_weight': 43, 'subsample': 0.8566880772987617, 'colsample_bytree': 0.7045301052546397, 'gamma': 0.010438120620105178, 'reg_alpha': 0.0001653282123997987, 'reg_lambda': 0.007483948702276168}
14:54:46  src.cpcv.tuning  INFO    [tuning] xgboost done in 5.5s — best log_loss=0.6823
14:54:46  src.cpcv.tuning  INFO  Tuning total: 58.1s
14:54:46  src.cpcv.pipeline  INFO      applied random_forest: {'n_estimators': 250, 'max_depth': 2, 'min_samples_leaf': 28, 'max_features': 'sqrt'}
14:54:46  src.cpcv.pipeline  INFO      applied xgboost: {'max_depth': 2, 'learning_rate': 0.29809911697393243, 'min_child_weight': 43, 'subsample': 0.8566880772987617, 'colsample_bytree': 0.7045301052546397, 'gamma': 0.010438120620105178, 'reg_alpha': 0.0001653282123997987, 'reg_lambda': 0.007483948702276168}
14:54:46  src.cpcv.models.tree_models  INFO  RandomForest fitted: 566 samples, 14 features, 250 trees.
14:54:46  src.cpcv.pipeline  INFO    [ 11/280]        random_forest (seed=0) F1=0.390  AUC=0.535  LL=0.7119 (0.7s)
14:54:47  src.cpcv.models.tree_models  INFO  RandomForest fitted: 566 samples, 14 features, 250 trees.
14:54:47  src.cpcv.pipeline  INFO    [ 12/280]        random_forest (seed=1) F1=0.374  AUC=0.531  LL=0.7066 (0.6s)
14:54:47  src.cpcv.models.tree_models  INFO  RandomForest fitted: 566 samples, 14 features, 250 trees.
14:54:48  src.cpcv.pipeline  INFO    [ 13/280]        random_forest (seed=2) F1=0.382  AUC=0.533  LL=0.7092 (0.7s)
14:54:48  src.cpcv.models.tree_models  INFO  RandomForest fitted: 566 samples, 14 features, 250 trees.
14:54:48  src.cpcv.pipeline  INFO    [ 14/280]        random_forest (seed=3) F1=0.374  AUC=0.521  LL=0.7060 (0.7s)
14:54:49  src.cpcv.models.tree_models  INFO  RandomForest fitted: 566 samples, 14 features, 250 trees.
14:54:49  src.cpcv.pipeline  INFO    [ 15/280]        random_forest (seed=4) F1=0.394  AUC=0.529  LL=0.7087 (0.7s)
14:54:49  src.cpcv.models.tree_models  INFO  XGBoost fitted: 566 samples, early stopped at iteration 0/300.
14:54:49  src.cpcv.pipeline  INFO    [ 16/280]              xgboost (seed=0) F1=0.491  AUC=0.491  LL=0.6966 (0.0s)
14:54:49  src.cpcv.models.tree_models  INFO  XGBoost fitted: 566 samples, early stopped at iteration 1/300.
14:54:49  src.cpcv.pipeline  INFO    [ 17/280]              xgboost (seed=1) F1=0.395  AUC=0.514  LL=0.7175 (0.0s)
14:54:49  src.cpcv.models.tree_models  INFO  XGBoost fitted: 566 samples, early stopped at iteration 0/300.
14:54:49  src.cpcv.pipeline  INFO    [ 18/280]              xgboost (seed=2) F1=0.318  AUC=0.497  LL=0.7109 (0.0s)
14:54:49  src.cpcv.models.tree_models  INFO  XGBoost fitted: 566 samples, early stopped at iteration 6/300.
14:54:49  src.cpcv.pipeline  INFO    [ 19/280]              xgboost (seed=3) F1=0.359  AUC=0.517  LL=0.7010 (0.0s)
14:54:49  src.cpcv.models.tree_models  INFO  XGBoost fitted: 566 samples, early stopped at iteration 1/300.
14:54:49  src.cpcv.pipeline  INFO    [ 20/280]              xgboost (seed=4) F1=0.465  AUC=0.447  LL=0.7028 (0.0s)
14:54:49  src.cpcv.preprocessing  INFO  Computing MDA (Random Forest)...
14:55:13  src.cpcv.preprocessing  INFO  Computing MDA (Logistic Regression)...
14:55:14  src.cpcv.preprocessing  INFO  Multi-model MDA: 36/73 passed (MDA > 0), 37 eliminated
14:55:14  src.cpcv.preprocessing  INFO    Capped at 14 features (top_k_frac=0.2)
14:55:14  src.cpcv.preprocessing  INFO    Selected (14): ['atr', 'cci_14', 'dxy_roc_30', 'ema_ratio_20_50', 'eth_btc_ratio', 'log_returns', 'log_returns_lag1', 'log_returns_lag5', 'log_returns_lag6', 'mvrv', 'natgas_ret_30', 'oil_ret_14', 'smt_poly1', 'stoch_d']
14:55:14  src.cpcv.pipeline  INFO    Preprocessing: 14 features selected, train=567 + val=122 + cal=122, test=146
14:55:14  src.cpcv.tuning  INFO  Tuning (2 models) — Optuna TPE + Purged K-Fold (inner: 3 folds, embargo=10 obs)
14:55:14  src.cpcv.tuning  INFO    [tuning] random_forest: 3 purged K-fold splits, 40 Optuna trials (TPE)
14:56:13  src.cpcv.tuning  INFO      random_forest: 28 completed, 12 pruned (of 40 total) — best log_loss=0.6816, params={'n_estimators': 200, 'max_depth': 3, 'min_samples_leaf': 16, 'max_features': 'log2'}
14:56:13  src.cpcv.tuning  INFO    [tuning] random_forest done in 58.8s — best log_loss=0.6816
14:56:13  src.cpcv.tuning  INFO    [tuning] xgboost: 3 purged K-fold splits, 40 Optuna trials (TPE)
14:56:19  src.cpcv.tuning  INFO      xgboost: 15 completed, 25 pruned (of 40 total) — best log_loss=0.6793, params={'max_depth': 1, 'learning_rate': 0.07251388708297223, 'min_child_weight': 10, 'subsample': 0.9353742119948552, 'colsample_bytree': 0.9565099768131629, 'gamma': 0.025815756368826163, 'reg_alpha': 3.1303598333513154e-06, 'reg_lambda': 2.812916456067673e-05}
14:56:19  src.cpcv.tuning  INFO    [tuning] xgboost done in 6.3s — best log_loss=0.6793
14:56:19  src.cpcv.tuning  INFO  Tuning total: 65.1s
14:56:19  src.cpcv.pipeline  INFO      applied random_forest: {'n_estimators': 200, 'max_depth': 3, 'min_samples_leaf': 16, 'max_features': 'log2'}
14:56:19  src.cpcv.pipeline  INFO      applied xgboost: {'max_depth': 1, 'learning_rate': 0.07251388708297223, 'min_child_weight': 10, 'subsample': 0.9353742119948552, 'colsample_bytree': 0.9565099768131629, 'gamma': 0.025815756368826163, 'reg_alpha': 3.1303598333513154e-06, 'reg_lambda': 2.812916456067673e-05}
14:56:19  src.cpcv.models.tree_models  INFO  RandomForest fitted: 567 samples, 14 features, 200 trees.
14:56:20  src.cpcv.pipeline  INFO    [ 21/280]        random_forest (seed=0) F1=0.364  AUC=0.538  LL=0.6923 (0.6s)
14:56:20  src.cpcv.models.tree_models  INFO  RandomForest fitted: 567 samples, 14 features, 200 trees.
14:56:20  src.cpcv.pipeline  INFO    [ 22/280]        random_forest (seed=1) F1=0.370  AUC=0.509  LL=0.7016 (0.5s)
14:56:21  src.cpcv.models.tree_models  INFO  RandomForest fitted: 567 samples, 14 features, 200 trees.
14:56:21  src.cpcv.pipeline  INFO    [ 23/280]        random_forest (seed=2) F1=0.395  AUC=0.490  LL=0.7058 (0.5s)
14:56:21  src.cpcv.models.tree_models  INFO  RandomForest fitted: 567 samples, 14 features, 200 trees.
14:56:21  src.cpcv.pipeline  INFO    [ 24/280]        random_forest (seed=3) F1=0.358  AUC=0.508  LL=0.6928 (0.6s)
14:56:22  src.cpcv.models.tree_models  INFO  RandomForest fitted: 567 samples, 14 features, 200 trees.
14:56:22  src.cpcv.pipeline  INFO    [ 25/280]        random_forest (seed=4) F1=0.383  AUC=0.531  LL=0.6933 (0.6s)
14:56:22  src.cpcv.models.tree_models  INFO  XGBoost fitted: 567 samples, early stopped at iteration 15/300.
14:56:22  src.cpcv.pipeline  INFO    [ 26/280]              xgboost (seed=0) F1=0.419  AUC=0.463  LL=0.6915 (0.1s)
14:56:22  src.cpcv.models.tree_models  INFO  XGBoost fitted: 567 samples, early stopped at iteration 24/300.
14:56:22  src.cpcv.pipeline  INFO    [ 27/280]              xgboost (seed=1) F1=0.354  AUC=0.556  LL=0.6871 (0.1s)
14:56:22  src.cpcv.models.tree_models  INFO  XGBoost fitted: 567 samples, early stopped at iteration 21/300.
14:56:22  src.cpcv.pipeline  INFO    [ 28/280]              xgboost (seed=2) F1=0.425  AUC=0.524  LL=0.6922 (0.1s)
14:56:22  src.cpcv.models.tree_models  INFO  XGBoost fitted: 567 samples, early stopped at iteration 24/300.
14:56:22  src.cpcv.pipeline  INFO    [ 29/280]              xgboost (seed=3) F1=0.354  AUC=0.547  LL=0.6875 (0.1s)
14:56:22  src.cpcv.models.tree_models  INFO  XGBoost fitted: 567 samples, early stopped at iteration 20/300.
14:56:22  src.cpcv.pipeline  INFO    [ 30/280]              xgboost (seed=4) F1=0.354  AUC=0.548  LL=0.6885 (0.1s)
14:56:22  src.cpcv.preprocessing  INFO  Computing MDA (Random Forest)...
14:56:46  src.cpcv.preprocessing  INFO  Computing MDA (Logistic Regression)...
14:56:47  src.cpcv.preprocessing  INFO  Multi-model MDA: 39/73 passed (MDA > 0), 34 eliminated
14:56:47  src.cpcv.preprocessing  INFO    Capped at 14 features (top_k_frac=0.2)
14:56:47  src.cpcv.preprocessing  INFO    Selected (14): ['atr', 'cci_14', 'eth_btc_ratio', 'hashrate_roc_30', 'log_returns_lag21', 'lz_complexity', 'mvrv', 'natgas_ret_30', 'realized_vol', 'sadf', 'sp500_ret_14', 'tx_count_roc_14', 'variance_ratio', 'vix']
14:56:47  src.cpcv.pipeline  INFO    Preprocessing: 14 features selected, train=567 + val=122 + cal=122, test=146
14:56:47  src.cpcv.tuning  INFO  Tuning (2 models) — Optuna TPE + Purged K-Fold (inner: 3 folds, embargo=10 obs)
14:56:47  src.cpcv.tuning  INFO    [tuning] random_forest: 3 purged K-fold splits, 40 Optuna trials (TPE)
14:57:37  src.cpcv.tuning  INFO      random_forest: 37 completed, 3 pruned (of 40 total) — best log_loss=0.6908, params={'n_estimators': 100, 'max_depth': 2, 'min_samples_leaf': 27, 'max_features': 'sqrt'}
14:57:37  src.cpcv.tuning  INFO    [tuning] random_forest done in 49.7s — best log_loss=0.6908
14:57:37  src.cpcv.tuning  INFO    [tuning] xgboost: 3 purged K-fold splits, 40 Optuna trials (TPE)
14:57:42  src.cpcv.tuning  INFO      xgboost: 25 completed, 15 pruned (of 40 total) — best log_loss=0.6876, params={'max_depth': 1, 'learning_rate': 0.028310060673998678, 'min_child_weight': 10, 'subsample': 0.7184348852751731, 'colsample_bytree': 0.7628905526894346, 'gamma': 0.07153032024946847, 'reg_alpha': 7.476931580627821e-05, 'reg_lambda': 0.0037653511867646863}
14:57:42  src.cpcv.tuning  INFO    [tuning] xgboost done in 5.0s — best log_loss=0.6876
14:57:42  src.cpcv.tuning  INFO  Tuning total: 54.7s
14:57:42  src.cpcv.pipeline  INFO      applied random_forest: {'n_estimators': 100, 'max_depth': 2, 'min_samples_leaf': 27, 'max_features': 'sqrt'}
14:57:42  src.cpcv.pipeline  INFO      applied xgboost: {'max_depth': 1, 'learning_rate': 0.028310060673998678, 'min_child_weight': 10, 'subsample': 0.7184348852751731, 'colsample_bytree': 0.7628905526894346, 'gamma': 0.07153032024946847, 'reg_alpha': 7.476931580627821e-05, 'reg_lambda': 0.0037653511867646863}
14:57:42  src.cpcv.models.tree_models  INFO  RandomForest fitted: 567 samples, 14 features, 100 trees.
14:57:42  src.cpcv.pipeline  INFO    [ 31/280]        random_forest (seed=0) F1=0.510  AUC=0.556  LL=0.6740 (0.3s)
14:57:42  src.cpcv.models.tree_models  INFO  RandomForest fitted: 567 samples, 14 features, 100 trees.
14:57:42  src.cpcv.pipeline  INFO    [ 32/280]        random_forest (seed=1) F1=0.488  AUC=0.588  LL=0.6615 (0.3s)
14:57:43  src.cpcv.models.tree_models  INFO  RandomForest fitted: 567 samples, 14 features, 100 trees.
14:57:43  src.cpcv.pipeline  INFO    [ 33/280]        random_forest (seed=2) F1=0.409  AUC=0.503  LL=0.6767 (0.3s)
14:57:43  src.cpcv.models.tree_models  INFO  RandomForest fitted: 567 samples, 14 features, 100 trees.
14:57:43  src.cpcv.pipeline  INFO    [ 34/280]        random_forest (seed=3) F1=0.379  AUC=0.537  LL=0.6803 (0.3s)
14:57:43  src.cpcv.models.tree_models  INFO  RandomForest fitted: 567 samples, 14 features, 100 trees.
14:57:43  src.cpcv.pipeline  INFO    [ 35/280]        random_forest (seed=4) F1=0.452  AUC=0.535  LL=0.6781 (0.3s)
14:57:43  src.cpcv.models.tree_models  INFO  XGBoost fitted: 567 samples, early stopped at iteration 9/300.
14:57:43  src.cpcv.pipeline  INFO    [ 36/280]              xgboost (seed=0) F1=0.544  AUC=0.596  LL=0.6731 (0.0s)
14:57:43  src.cpcv.models.tree_models  INFO  XGBoost fitted: 567 samples, early stopped at iteration 34/300.
14:57:43  src.cpcv.pipeline  INFO    [ 37/280]              xgboost (seed=1) F1=0.452  AUC=0.515  LL=0.6770 (0.1s)
14:57:43  src.cpcv.models.tree_models  INFO  XGBoost fitted: 567 samples, early stopped at iteration 5/300.
14:57:43  src.cpcv.pipeline  INFO    [ 38/280]              xgboost (seed=2) F1=0.379  AUC=0.604  LL=0.6835 (0.0s)
14:57:43  src.cpcv.models.tree_models  INFO  XGBoost fitted: 567 samples, early stopped at iteration 5/300.
14:57:43  src.cpcv.pipeline  INFO    [ 39/280]              xgboost (seed=3) F1=0.537  AUC=0.558  LL=0.6761 (0.0s)
14:57:44  src.cpcv.models.tree_models  INFO  XGBoost fitted: 567 samples, early stopped at iteration 22/300.
14:57:44  src.cpcv.pipeline  INFO    [ 40/280]              xgboost (seed=4) F1=0.439  AUC=0.554  LL=0.6708 (0.1s)
14:57:44  src.cpcv.preprocessing  INFO  Computing MDA (Random Forest)...
14:58:07  src.cpcv.preprocessing  INFO  Computing MDA (Logistic Regression)...
14:58:08  src.cpcv.preprocessing  INFO  Multi-model MDA: 36/73 passed (MDA > 0), 37 eliminated
14:58:08  src.cpcv.preprocessing  INFO    Capped at 14 features (top_k_frac=0.2)
14:58:08  src.cpcv.preprocessing  INFO    Selected (14): ['active_addr_roc_14', 'atr', 'eth_btc_ratio', 'exchange_supply_pct', 'issuance_ntv', 'log_returns_lag1', 'log_returns_lag5', 'log_returns_lag7', 'obv', 'oil_ret_14', 'roc_14', 'skewness', 'smt_exp', 'vix']
14:58:08  src.cpcv.pipeline  INFO    Preprocessing: 14 features selected, train=567 + val=122 + cal=122, test=146
14:58:08  src.cpcv.tuning  INFO  Tuning (2 models) — Optuna TPE + Purged K-Fold (inner: 3 folds, embargo=10 obs)
14:58:08  src.cpcv.tuning  INFO    [tuning] random_forest: 3 purged K-fold splits, 40 Optuna trials (TPE)
14:58:54  src.cpcv.tuning  INFO      random_forest: 20 completed, 20 pruned (of 40 total) — best log_loss=0.6777, params={'n_estimators': 250, 'max_depth': 4, 'min_samples_leaf': 15, 'max_features': 'sqrt'}
14:58:54  src.cpcv.tuning  INFO    [tuning] random_forest done in 45.1s — best log_loss=0.6777
14:58:54  src.cpcv.tuning  INFO    [tuning] xgboost: 3 purged K-fold splits, 40 Optuna trials (TPE)
14:59:00  src.cpcv.tuning  INFO      xgboost: 16 completed, 24 pruned (of 40 total) — best log_loss=0.6747, params={'max_depth': 2, 'learning_rate': 0.09279453843446861, 'min_child_weight': 10, 'subsample': 0.9882175921905896, 'colsample_bytree': 0.9165877328999809, 'gamma': 0.13475030010391695, 'reg_alpha': 0.10130492013778475, 'reg_lambda': 0.007483948702276168}
14:59:00  src.cpcv.tuning  INFO    [tuning] xgboost done in 6.0s — best log_loss=0.6747
14:59:00  src.cpcv.tuning  INFO  Tuning total: 51.1s
14:59:00  src.cpcv.pipeline  INFO      applied random_forest: {'n_estimators': 250, 'max_depth': 4, 'min_samples_leaf': 15, 'max_features': 'sqrt'}
14:59:00  src.cpcv.pipeline  INFO      applied xgboost: {'max_depth': 2, 'learning_rate': 0.09279453843446861, 'min_child_weight': 10, 'subsample': 0.9882175921905896, 'colsample_bytree': 0.9165877328999809, 'gamma': 0.13475030010391695, 'reg_alpha': 0.10130492013778475, 'reg_lambda': 0.007483948702276168}
14:59:00  src.cpcv.models.tree_models  INFO  RandomForest fitted: 567 samples, 14 features, 250 trees.
14:59:00  src.cpcv.pipeline  INFO    [ 41/280]        random_forest (seed=0) F1=0.582  AUC=0.608  LL=0.6948 (0.8s)
14:59:01  src.cpcv.models.tree_models  INFO  RandomForest fitted: 567 samples, 14 features, 250 trees.
14:59:01  src.cpcv.pipeline  INFO    [ 42/280]        random_forest (seed=1) F1=0.541  AUC=0.582  LL=0.6952 (0.7s)
14:59:02  src.cpcv.models.tree_models  INFO  RandomForest fitted: 567 samples, 14 features, 250 trees.
14:59:02  src.cpcv.pipeline  INFO    [ 43/280]        random_forest (seed=2) F1=0.575  AUC=0.609  LL=0.6901 (0.7s)
14:59:02  src.cpcv.models.tree_models  INFO  RandomForest fitted: 567 samples, 14 features, 250 trees.
14:59:02  src.cpcv.pipeline  INFO    [ 44/280]        random_forest (seed=3) F1=0.596  AUC=0.600  LL=0.6910 (0.7s)
14:59:03  src.cpcv.models.tree_models  INFO  RandomForest fitted: 567 samples, 14 features, 250 trees.
14:59:03  src.cpcv.pipeline  INFO    [ 45/280]        random_forest (seed=4) F1=0.568  AUC=0.584  LL=0.7057 (0.7s)
14:59:03  src.cpcv.models.tree_models  INFO  XGBoost fitted: 567 samples, early stopped at iteration 0/300.
14:59:03  src.cpcv.pipeline  INFO    [ 46/280]              xgboost (seed=0) F1=0.330  AUC=0.381  LL=0.7564 (0.0s)
14:59:03  src.cpcv.models.tree_models  INFO  XGBoost fitted: 567 samples, early stopped at iteration 0/300.
14:59:03  src.cpcv.pipeline  INFO    [ 47/280]              xgboost (seed=1) F1=0.551  AUC=0.563  LL=0.7517 (0.0s)
14:59:03  src.cpcv.models.tree_models  INFO  XGBoost fitted: 567 samples, early stopped at iteration 0/300.
14:59:03  src.cpcv.pipeline  INFO    [ 48/280]              xgboost (seed=2) F1=0.551  AUC=0.563  LL=0.7525 (0.0s)
14:59:03  src.cpcv.models.tree_models  INFO  XGBoost fitted: 567 samples, early stopped at iteration 0/300.
14:59:03  src.cpcv.pipeline  INFO    [ 49/280]              xgboost (seed=3) F1=0.551  AUC=0.563  LL=0.7518 (0.0s)
14:59:03  src.cpcv.models.tree_models  INFO  XGBoost fitted: 567 samples, early stopped at iteration 0/300.
14:59:03  src.cpcv.pipeline  INFO    [ 50/280]              xgboost (seed=4) F1=0.551  AUC=0.563  LL=0.7516 (0.0s)
14:59:04  src.cpcv.preprocessing  INFO  Computing MDA (Random Forest)...
14:59:27  src.cpcv.preprocessing  INFO  Computing MDA (Logistic Regression)...
14:59:28  src.cpcv.preprocessing  INFO  Multi-model MDA: 40/73 passed (MDA > 0), 33 eliminated
14:59:28  src.cpcv.preprocessing  INFO    Capped at 14 features (top_k_frac=0.2)
14:59:28  src.cpcv.preprocessing  INFO    Selected (14): ['atr', 'chaikin_osc', 'eth_btc_ratio', 'hashrate_roc_30', 'jarque_bera', 'kurtosis', 'log_returns_lag30', 'log_returns_lag6', 'obv', 'silver_ret_30', 'variance_ratio', 'vol_term_7_30', 'vwma_ratio_20_50', 'yield_curve_2y10y']
14:59:28  src.cpcv.pipeline  INFO    Preprocessing: 14 features selected, train=567 + val=122 + cal=122, test=146
14:59:28  src.cpcv.tuning  INFO  Tuning (2 models) — Optuna TPE + Purged K-Fold (inner: 3 folds, embargo=10 obs)
14:59:28  src.cpcv.tuning  INFO    [tuning] random_forest: 3 purged K-fold splits, 40 Optuna trials (TPE)
15:00:15  src.cpcv.tuning  INFO      random_forest: 40 completed, 0 pruned (of 40 total) — best log_loss=0.6690, params={'n_estimators': 100, 'max_depth': 4, 'min_samples_leaf': 18, 'max_features': 'log2'}
15:00:15  src.cpcv.tuning  INFO    [tuning] random_forest done in 47.2s — best log_loss=0.6690
15:00:15  src.cpcv.tuning  INFO    [tuning] xgboost: 3 purged K-fold splits, 40 Optuna trials (TPE)
15:00:23  src.cpcv.tuning  INFO      xgboost: 27 completed, 13 pruned (of 40 total) — best log_loss=0.6627, params={'max_depth': 1, 'learning_rate': 0.18964660272040645, 'min_child_weight': 10, 'subsample': 0.8871975834497375, 'colsample_bytree': 0.6893523753600751, 'gamma': 0.026627925173913887, 'reg_alpha': 1.3008532995294286e-06, 'reg_lambda': 0.00042850711436968653}
15:00:23  src.cpcv.tuning  INFO    [tuning] xgboost done in 8.2s — best log_loss=0.6627
15:00:23  src.cpcv.tuning  INFO  Tuning total: 55.5s
15:00:23  src.cpcv.pipeline  INFO      applied random_forest: {'n_estimators': 100, 'max_depth': 4, 'min_samples_leaf': 18, 'max_features': 'log2'}
15:00:23  src.cpcv.pipeline  INFO      applied xgboost: {'max_depth': 1, 'learning_rate': 0.18964660272040645, 'min_child_weight': 10, 'subsample': 0.8871975834497375, 'colsample_bytree': 0.6893523753600751, 'gamma': 0.026627925173913887, 'reg_alpha': 1.3008532995294286e-06, 'reg_lambda': 0.00042850711436968653}
15:00:24  src.cpcv.models.tree_models  INFO  RandomForest fitted: 567 samples, 14 features, 100 trees.
15:00:24  src.cpcv.pipeline  INFO    [ 51/280]        random_forest (seed=0) F1=0.416  AUC=0.415  LL=0.7161 (0.4s)
15:00:24  src.cpcv.models.tree_models  INFO  RandomForest fitted: 567 samples, 14 features, 100 trees.
15:00:24  src.cpcv.pipeline  INFO    [ 52/280]        random_forest (seed=1) F1=0.451  AUC=0.447  LL=0.7181 (0.3s)
15:00:24  src.cpcv.models.tree_models  INFO  RandomForest fitted: 567 samples, 14 features, 100 trees.
15:00:24  src.cpcv.pipeline  INFO    [ 53/280]        random_forest (seed=2) F1=0.463  AUC=0.439  LL=0.7197 (0.3s)
15:00:25  src.cpcv.models.tree_models  INFO  RandomForest fitted: 567 samples, 14 features, 100 trees.
15:00:25  src.cpcv.pipeline  INFO    [ 54/280]        random_forest (seed=3) F1=0.472  AUC=0.489  LL=0.7021 (0.3s)
15:00:25  src.cpcv.models.tree_models  INFO  RandomForest fitted: 567 samples, 14 features, 100 trees.
15:00:25  src.cpcv.pipeline  INFO    [ 55/280]        random_forest (seed=4) F1=0.476  AUC=0.432  LL=0.7511 (0.3s)
15:00:25  src.cpcv.models.tree_models  INFO  XGBoost fitted: 567 samples, early stopped at iteration 43/300.
15:00:25  src.cpcv.pipeline  INFO    [ 56/280]              xgboost (seed=0) F1=0.410  AUC=0.418  LL=0.7563 (0.1s)
15:00:25  src.cpcv.models.tree_models  INFO  XGBoost fitted: 567 samples, early stopped at iteration 80/300.
15:00:25  src.cpcv.pipeline  INFO    [ 57/280]              xgboost (seed=1) F1=0.439  AUC=0.398  LL=0.7419 (0.1s)
15:00:25  src.cpcv.models.tree_models  INFO  XGBoost fitted: 567 samples, early stopped at iteration 31/300.
15:00:25  src.cpcv.pipeline  INFO    [ 58/280]              xgboost (seed=2) F1=0.473  AUC=0.451  LL=0.7296 (0.1s)
15:00:25  src.cpcv.models.tree_models  INFO  XGBoost fitted: 567 samples, early stopped at iteration 130/300.
15:00:25  src.cpcv.pipeline  INFO    [ 59/280]              xgboost (seed=3) F1=0.437  AUC=0.426  LL=0.7329 (0.1s)
15:00:25  src.cpcv.models.tree_models  INFO  XGBoost fitted: 567 samples, early stopped at iteration 32/300.
15:00:25  src.cpcv.pipeline  INFO    [ 60/280]              xgboost (seed=4) F1=0.433  AUC=0.448  LL=0.7191 (0.1s)
15:00:26  src.cpcv.preprocessing  INFO  Computing MDA (Random Forest)...
15:00:49  src.cpcv.preprocessing  INFO  Computing MDA (Logistic Regression)...
15:00:50  src.cpcv.preprocessing  INFO  Multi-model MDA: 40/73 passed (MDA > 0), 33 eliminated
15:00:50  src.cpcv.preprocessing  INFO    Capped at 14 features (top_k_frac=0.2)
15:00:50  src.cpcv.preprocessing  INFO    Selected (14): ['active_addr_roc_14', 'chaikin_osc', 'copper_ret_14', 'hashrate_roc_30', 'hurst', 'kurtosis', 'log_returns', 'log_returns_lag3', 'realized_vol', 'us10y', 'variance_ratio', 'vix', 'williams_r', 'yield_curve_2y10y']
15:00:50  src.cpcv.pipeline  INFO    Preprocessing: 14 features selected, train=575 + val=123 + cal=124, test=146
15:00:50  src.cpcv.tuning  INFO  Tuning (2 models) — Optuna TPE + Purged K-Fold (inner: 3 folds, embargo=10 obs)
15:00:50  src.cpcv.tuning  INFO    [tuning] random_forest: 3 purged K-fold splits, 40 Optuna trials (TPE)
15:01:46  src.cpcv.tuning  INFO      random_forest: 18 completed, 22 pruned (of 40 total) — best log_loss=0.6969, params={'n_estimators': 250, 'max_depth': 2, 'min_samples_leaf': 20, 'max_features': 'log2'}
15:01:46  src.cpcv.tuning  INFO    [tuning] random_forest done in 55.9s — best log_loss=0.6969
15:01:46  src.cpcv.tuning  INFO    [tuning] xgboost: 3 purged K-fold splits, 40 Optuna trials (TPE)
15:01:51  src.cpcv.tuning  INFO      xgboost: 25 completed, 15 pruned (of 40 total) — best log_loss=0.6850, params={'max_depth': 2, 'learning_rate': 0.14817311821238296, 'min_child_weight': 43, 'subsample': 0.7511608137075605, 'colsample_bytree': 0.9746513063959206, 'gamma': 0.016539189062251016, 'reg_alpha': 2.0604290564933847e-05, 'reg_lambda': 0.0001286567375430309}
15:01:51  src.cpcv.tuning  INFO    [tuning] xgboost done in 5.1s — best log_loss=0.6850
15:01:51  src.cpcv.tuning  INFO  Tuning total: 61.0s
15:01:51  src.cpcv.pipeline  INFO      applied random_forest: {'n_estimators': 250, 'max_depth': 2, 'min_samples_leaf': 20, 'max_features': 'log2'}
15:01:51  src.cpcv.pipeline  INFO      applied xgboost: {'max_depth': 2, 'learning_rate': 0.14817311821238296, 'min_child_weight': 43, 'subsample': 0.7511608137075605, 'colsample_bytree': 0.9746513063959206, 'gamma': 0.016539189062251016, 'reg_alpha': 2.0604290564933847e-05, 'reg_lambda': 0.0001286567375430309}
15:01:52  src.cpcv.models.tree_models  INFO  RandomForest fitted: 575 samples, 14 features, 250 trees.
15:01:52  src.cpcv.pipeline  INFO    [ 61/280]        random_forest (seed=0) F1=0.402  AUC=0.447  LL=0.7044 (0.7s)
15:01:52  src.cpcv.models.tree_models  INFO  RandomForest fitted: 575 samples, 14 features, 250 trees.
15:01:52  src.cpcv.pipeline  INFO    [ 62/280]        random_forest (seed=1) F1=0.386  AUC=0.431  LL=0.6971 (0.7s)
15:01:53  src.cpcv.models.tree_models  INFO  RandomForest fitted: 575 samples, 14 features, 250 trees.
15:01:53  src.cpcv.pipeline  INFO    [ 63/280]        random_forest (seed=2) F1=0.422  AUC=0.451  LL=0.7064 (0.7s)
15:01:54  src.cpcv.models.tree_models  INFO  RandomForest fitted: 575 samples, 14 features, 250 trees.
15:01:54  src.cpcv.pipeline  INFO    [ 64/280]        random_forest (seed=3) F1=0.382  AUC=0.454  LL=0.6981 (0.7s)
15:01:54  src.cpcv.models.tree_models  INFO  RandomForest fitted: 575 samples, 14 features, 250 trees.
15:01:55  src.cpcv.pipeline  INFO    [ 65/280]        random_forest (seed=4) F1=0.411  AUC=0.458  LL=0.6947 (0.7s)
15:01:55  src.cpcv.models.tree_models  INFO  XGBoost fitted: 575 samples, early stopped at iteration 32/300.
15:01:55  src.cpcv.pipeline  INFO    [ 66/280]              xgboost (seed=0) F1=0.360  AUC=0.470  LL=0.6864 (0.1s)
15:01:55  src.cpcv.models.tree_models  INFO  XGBoost fitted: 575 samples, early stopped at iteration 24/300.
15:01:55  src.cpcv.pipeline  INFO    [ 67/280]              xgboost (seed=1) F1=0.360  AUC=0.466  LL=0.6884 (0.1s)
15:01:55  src.cpcv.models.tree_models  INFO  XGBoost fitted: 575 samples, early stopped at iteration 10/300.
15:01:55  src.cpcv.pipeline  INFO    [ 68/280]              xgboost (seed=2) F1=0.360  AUC=0.470  LL=0.6878 (0.1s)
15:01:55  src.cpcv.models.tree_models  INFO  XGBoost fitted: 575 samples, early stopped at iteration 20/300.
15:01:55  src.cpcv.pipeline  INFO    [ 69/280]              xgboost (seed=3) F1=0.360  AUC=0.471  LL=0.6863 (0.1s)
15:01:55  src.cpcv.models.tree_models  INFO  XGBoost fitted: 575 samples, early stopped at iteration 15/300.
15:01:55  src.cpcv.pipeline  INFO    [ 70/280]              xgboost (seed=4) F1=0.360  AUC=0.476  LL=0.6868 (0.1s)
15:01:55  src.cpcv.preprocessing  INFO  Computing MDA (Random Forest)...
15:02:16  src.cpcv.preprocessing  INFO  Computing MDA (Logistic Regression)...
15:02:17  src.cpcv.preprocessing  INFO  Multi-model MDA: 37/73 passed (MDA > 0), 36 eliminated
15:02:17  src.cpcv.preprocessing  INFO    Capped at 14 features (top_k_frac=0.2)
15:02:17  src.cpcv.preprocessing  INFO    Selected (14): ['dxy_roc_30', 'gold_ret_30', 'log_returns', 'log_returns_lag2', 'log_returns_lag4', 'natgas_ret_30', 'negentropy', 'obv', 'rsi', 'silver_ret_30', 'skewness', 'tx_count_roc_14', 'us10y', 'us2y']
15:02:17  src.cpcv.pipeline  INFO    Preprocessing: 14 features selected, train=503 + val=108 + cal=108, test=239
15:02:17  src.cpcv.tuning  INFO  Tuning (2 models) — Optuna TPE + Purged K-Fold (inner: 3 folds, embargo=10 obs)
15:02:17  src.cpcv.tuning  INFO    [tuning] random_forest: 3 purged K-fold splits, 40 Optuna trials (TPE)
15:02:58  src.cpcv.tuning  INFO      random_forest: 31 completed, 9 pruned (of 40 total) — best log_loss=0.6914, params={'n_estimators': 100, 'max_depth': 3, 'min_samples_leaf': 20, 'max_features': 'log2'}
15:02:58  src.cpcv.tuning  INFO    [tuning] random_forest done in 40.3s — best log_loss=0.6914
15:02:58  src.cpcv.tuning  INFO    [tuning] xgboost: 3 purged K-fold splits, 40 Optuna trials (TPE)
15:03:04  src.cpcv.tuning  INFO      xgboost: 12 completed, 28 pruned (of 40 total) — best log_loss=0.6806, params={'max_depth': 2, 'learning_rate': 0.2536999076681772, 'min_child_weight': 40, 'subsample': 0.8394633936788146, 'colsample_bytree': 0.6624074561769746, 'gamma': 0.020511104188433976, 'reg_alpha': 3.3323645788192616e-08, 'reg_lambda': 0.6245760287469893}
15:03:04  src.cpcv.tuning  INFO    [tuning] xgboost done in 6.4s — best log_loss=0.6806
15:03:04  src.cpcv.tuning  INFO  Tuning total: 46.7s
15:03:04  src.cpcv.pipeline  INFO      applied random_forest: {'n_estimators': 100, 'max_depth': 3, 'min_samples_leaf': 20, 'max_features': 'log2'}
15:03:04  src.cpcv.pipeline  INFO      applied xgboost: {'max_depth': 2, 'learning_rate': 0.2536999076681772, 'min_child_weight': 40, 'subsample': 0.8394633936788146, 'colsample_bytree': 0.6624074561769746, 'gamma': 0.020511104188433976, 'reg_alpha': 3.3323645788192616e-08, 'reg_lambda': 0.6245760287469893}
15:03:04  src.cpcv.models.tree_models  INFO  RandomForest fitted: 503 samples, 14 features, 100 trees.
15:03:04  src.cpcv.pipeline  INFO    [ 71/280]        random_forest (seed=0) F1=0.446  AUC=0.497  LL=0.7148 (0.3s)
15:03:05  src.cpcv.models.tree_models  INFO  RandomForest fitted: 503 samples, 14 features, 100 trees.
15:03:05  src.cpcv.pipeline  INFO    [ 72/280]        random_forest (seed=1) F1=0.403  AUC=0.528  LL=0.7021 (0.3s)
15:03:05  src.cpcv.models.tree_models  INFO  RandomForest fitted: 503 samples, 14 features, 100 trees.
15:03:05  src.cpcv.pipeline  INFO    [ 73/280]        random_forest (seed=2) F1=0.401  AUC=0.543  LL=0.7084 (0.3s)
15:03:05  src.cpcv.models.tree_models  INFO  RandomForest fitted: 503 samples, 14 features, 100 trees.
15:03:05  src.cpcv.pipeline  INFO    [ 74/280]        random_forest (seed=3) F1=0.439  AUC=0.496  LL=0.7049 (0.3s)
15:03:06  src.cpcv.models.tree_models  INFO  RandomForest fitted: 503 samples, 14 features, 100 trees.
15:03:06  src.cpcv.pipeline  INFO    [ 75/280]        random_forest (seed=4) F1=0.347  AUC=0.515  LL=0.7184 (0.3s)
15:03:06  src.cpcv.models.tree_models  INFO  XGBoost fitted: 503 samples, early stopped at iteration 0/300.
15:03:06  src.cpcv.pipeline  INFO    [ 76/280]              xgboost (seed=0) F1=0.347  AUC=0.500  LL=0.6922 (0.0s)
15:03:06  src.cpcv.models.tree_models  INFO  XGBoost fitted: 503 samples, early stopped at iteration 0/300.
15:03:06  src.cpcv.pipeline  INFO    [ 77/280]              xgboost (seed=1) F1=0.347  AUC=0.500  LL=0.6922 (0.0s)
15:03:06  src.cpcv.models.tree_models  INFO  XGBoost fitted: 503 samples, early stopped at iteration 0/300.
15:03:06  src.cpcv.pipeline  INFO    [ 78/280]              xgboost (seed=2) F1=0.347  AUC=0.500  LL=0.6922 (0.0s)
15:03:06  src.cpcv.models.tree_models  INFO  XGBoost fitted: 503 samples, early stopped at iteration 1/300.
15:03:06  src.cpcv.pipeline  INFO    [ 79/280]              xgboost (seed=3) F1=0.472  AUC=0.478  LL=0.7075 (0.0s)
15:03:06  src.cpcv.models.tree_models  INFO  XGBoost fitted: 503 samples, early stopped at iteration 0/300.
15:03:06  src.cpcv.pipeline  INFO    [ 80/280]              xgboost (seed=4) F1=0.482  AUC=0.499  LL=0.7122 (0.0s)
15:03:06  src.cpcv.preprocessing  INFO  Computing MDA (Random Forest)...
15:03:27  src.cpcv.preprocessing  INFO  Computing MDA (Logistic Regression)...
15:03:28  src.cpcv.preprocessing  INFO  Multi-model MDA: 38/73 passed (MDA > 0), 35 eliminated
15:03:28  src.cpcv.preprocessing  INFO    Capped at 14 features (top_k_frac=0.2)
15:03:28  src.cpcv.preprocessing  INFO    Selected (14): ['cci_14', 'dxy_roc_30', 'eth_btc_ratio', 'hashrate_roc_30', 'jarque_bera', 'kurtosis', 'log_returns_lag2', 'log_returns_lag6', 'macd', 'macd_hist', 'natgas_ret_30', 'negentropy', 'us10y', 'vol_term_7_30']
15:03:28  src.cpcv.pipeline  INFO    Preprocessing: 14 features selected, train=494 + val=106 + cal=107, test=239
15:03:28  src.cpcv.tuning  INFO  Tuning (2 models) — Optuna TPE + Purged K-Fold (inner: 3 folds, embargo=10 obs)
15:03:28  src.cpcv.tuning  INFO    [tuning] random_forest: 3 purged K-fold splits, 40 Optuna trials (TPE)
15:04:28  src.cpcv.tuning  INFO      random_forest: 38 completed, 2 pruned (of 40 total) — best log_loss=0.6795, params={'n_estimators': 250, 'max_depth': 3, 'min_samples_leaf': 15, 'max_features': 'log2'}
15:04:28  src.cpcv.tuning  INFO    [tuning] random_forest done in 60.2s — best log_loss=0.6795
15:04:28  src.cpcv.tuning  INFO    [tuning] xgboost: 3 purged K-fold splits, 40 Optuna trials (TPE)
15:04:34  src.cpcv.tuning  INFO      xgboost: 29 completed, 11 pruned (of 40 total) — best log_loss=0.6693, params={'max_depth': 2, 'learning_rate': 0.1346036695899539, 'min_child_weight': 10, 'subsample': 0.9979252881516978, 'colsample_bytree': 0.9209058937292574, 'gamma': 0.1261926387861511, 'reg_alpha': 0.0655783113646284, 'reg_lambda': 0.023292868974641442}
15:04:34  src.cpcv.tuning  INFO    [tuning] xgboost done in 6.0s — best log_loss=0.6693
15:04:34  src.cpcv.tuning  INFO  Tuning total: 66.2s
15:04:34  src.cpcv.pipeline  INFO      applied random_forest: {'n_estimators': 250, 'max_depth': 3, 'min_samples_leaf': 15, 'max_features': 'log2'}
15:04:34  src.cpcv.pipeline  INFO      applied xgboost: {'max_depth': 2, 'learning_rate': 0.1346036695899539, 'min_child_weight': 10, 'subsample': 0.9979252881516978, 'colsample_bytree': 0.9209058937292574, 'gamma': 0.1261926387861511, 'reg_alpha': 0.0655783113646284, 'reg_lambda': 0.023292868974641442}
15:04:35  src.cpcv.models.tree_models  INFO  RandomForest fitted: 494 samples, 14 features, 250 trees.
15:04:35  src.cpcv.pipeline  INFO    [ 81/280]        random_forest (seed=0) F1=0.471  AUC=0.529  LL=0.7136 (0.6s)
15:04:36  src.cpcv.models.tree_models  INFO  RandomForest fitted: 494 samples, 14 features, 250 trees.
15:04:36  src.cpcv.pipeline  INFO    [ 82/280]        random_forest (seed=1) F1=0.501  AUC=0.524  LL=0.7481 (0.6s)
15:04:36  src.cpcv.models.tree_models  INFO  RandomForest fitted: 494 samples, 14 features, 250 trees.
15:04:36  src.cpcv.pipeline  INFO    [ 83/280]        random_forest (seed=2) F1=0.486  AUC=0.518  LL=0.6934 (0.6s)
15:04:37  src.cpcv.models.tree_models  INFO  RandomForest fitted: 494 samples, 14 features, 250 trees.
15:04:37  src.cpcv.pipeline  INFO    [ 84/280]        random_forest (seed=3) F1=0.485  AUC=0.519  LL=0.7405 (0.6s)
15:04:37  src.cpcv.models.tree_models  INFO  RandomForest fitted: 494 samples, 14 features, 250 trees.
15:04:38  src.cpcv.pipeline  INFO    [ 85/280]        random_forest (seed=4) F1=0.509  AUC=0.543  LL=0.7007 (0.6s)
15:04:38  src.cpcv.models.tree_models  INFO  XGBoost fitted: 494 samples, early stopped at iteration 1/300.
15:04:38  src.cpcv.pipeline  INFO    [ 86/280]              xgboost (seed=0) F1=0.368  AUC=0.532  LL=0.6916 (0.0s)
15:04:38  src.cpcv.models.tree_models  INFO  XGBoost fitted: 494 samples, early stopped at iteration 2/300.
15:04:38  src.cpcv.pipeline  INFO    [ 87/280]              xgboost (seed=1) F1=0.462  AUC=0.533  LL=0.7017 (0.0s)
15:04:38  src.cpcv.models.tree_models  INFO  XGBoost fitted: 494 samples, early stopped at iteration 5/300.
15:04:38  src.cpcv.pipeline  INFO    [ 88/280]              xgboost (seed=2) F1=0.485  AUC=0.523  LL=0.7214 (0.0s)
15:04:38  src.cpcv.models.tree_models  INFO  XGBoost fitted: 494 samples, early stopped at iteration 4/300.
15:04:38  src.cpcv.pipeline  INFO    [ 89/280]              xgboost (seed=3) F1=0.471  AUC=0.462  LL=0.6981 (0.0s)
15:04:38  src.cpcv.models.tree_models  INFO  XGBoost fitted: 494 samples, early stopped at iteration 2/300.
15:04:38  src.cpcv.pipeline  INFO    [ 90/280]              xgboost (seed=4) F1=0.462  AUC=0.533  LL=0.7030 (0.0s)
15:04:38  src.cpcv.preprocessing  INFO  Computing MDA (Random Forest)...
15:04:59  src.cpcv.preprocessing  INFO  Computing MDA (Logistic Regression)...
15:05:00  src.cpcv.preprocessing  INFO  Multi-model MDA: 37/73 passed (MDA > 0), 36 eliminated
15:05:00  src.cpcv.preprocessing  INFO    Capped at 14 features (top_k_frac=0.2)
15:05:00  src.cpcv.preprocessing  INFO    Selected (14): ['cci_14', 'chaikin_osc', 'dxy_roc_30', 'eth_btc_ratio', 'gold_ret_14', 'hashrate_roc_30', 'jarque_bera', 'log_returns_lag4', 'natgas_ret_30', 'roc_14', 'rsi', 'smt_exp', 'sp500_ret_14', 'williams_r']
15:05:00  src.cpcv.pipeline  INFO    Preprocessing: 14 features selected, train=494 + val=106 + cal=107, test=239
15:05:00  src.cpcv.tuning  INFO  Tuning (2 models) — Optuna TPE + Purged K-Fold (inner: 3 folds, embargo=10 obs)
15:05:00  src.cpcv.tuning  INFO    [tuning] random_forest: 3 purged K-fold splits, 40 Optuna trials (TPE)
15:05:54  src.cpcv.tuning  INFO      random_forest: 30 completed, 10 pruned (of 40 total) — best log_loss=0.6878, params={'n_estimators': 250, 'max_depth': 2, 'min_samples_leaf': 16, 'max_features': 'log2'}
15:05:54  src.cpcv.tuning  INFO    [tuning] random_forest done in 53.6s — best log_loss=0.6878
15:05:54  src.cpcv.tuning  INFO    [tuning] xgboost: 3 purged K-fold splits, 40 Optuna trials (TPE)
15:05:59  src.cpcv.tuning  INFO      xgboost: 27 completed, 13 pruned (of 40 total) — best log_loss=0.6854, params={'max_depth': 1, 'learning_rate': 0.06333268775321843, 'min_child_weight': 15, 'subsample': 0.9208787923016158, 'colsample_bytree': 0.6298202574719083, 'gamma': 0.9413993046829938, 'reg_alpha': 0.08916674715636537, 'reg_lambda': 6.143857495033091e-07}
15:05:59  src.cpcv.tuning  INFO    [tuning] xgboost done in 5.1s — best log_loss=0.6854
15:05:59  src.cpcv.tuning  INFO  Tuning total: 58.7s
15:05:59  src.cpcv.pipeline  INFO      applied random_forest: {'n_estimators': 250, 'max_depth': 2, 'min_samples_leaf': 16, 'max_features': 'log2'}
15:05:59  src.cpcv.pipeline  INFO      applied xgboost: {'max_depth': 1, 'learning_rate': 0.06333268775321843, 'min_child_weight': 15, 'subsample': 0.9208787923016158, 'colsample_bytree': 0.6298202574719083, 'gamma': 0.9413993046829938, 'reg_alpha': 0.08916674715636537, 'reg_lambda': 6.143857495033091e-07}
15:05:59  src.cpcv.models.tree_models  INFO  RandomForest fitted: 494 samples, 14 features, 250 trees.
15:06:00  src.cpcv.pipeline  INFO    [ 91/280]        random_forest (seed=0) F1=0.544  AUC=0.606  LL=0.7140 (0.6s)
15:06:00  src.cpcv.models.tree_models  INFO  RandomForest fitted: 494 samples, 14 features, 250 trees.
15:06:00  src.cpcv.pipeline  INFO    [ 92/280]        random_forest (seed=1) F1=0.494  AUC=0.586  LL=0.7082 (0.6s)
15:06:01  src.cpcv.models.tree_models  INFO  RandomForest fitted: 494 samples, 14 features, 250 trees.
15:06:01  src.cpcv.pipeline  INFO    [ 93/280]        random_forest (seed=2) F1=0.506  AUC=0.588  LL=0.7005 (0.6s)
15:06:01  src.cpcv.models.tree_models  INFO  RandomForest fitted: 494 samples, 14 features, 250 trees.
15:06:01  src.cpcv.pipeline  INFO    [ 94/280]        random_forest (seed=3) F1=0.504  AUC=0.603  LL=0.7096 (0.6s)
15:06:02  src.cpcv.models.tree_models  INFO  RandomForest fitted: 494 samples, 14 features, 250 trees.
15:06:02  src.cpcv.pipeline  INFO    [ 95/280]        random_forest (seed=4) F1=0.527  AUC=0.621  LL=0.6990 (0.6s)
15:06:02  src.cpcv.models.tree_models  INFO  XGBoost fitted: 494 samples, early stopped at iteration 10/300.
15:06:02  src.cpcv.pipeline  INFO    [ 96/280]              xgboost (seed=0) F1=0.414  AUC=0.571  LL=0.8407 (0.0s)
15:06:02  src.cpcv.models.tree_models  INFO  XGBoost fitted: 494 samples, early stopped at iteration 18/300.
15:06:02  src.cpcv.pipeline  INFO    [ 97/280]              xgboost (seed=1) F1=0.409  AUC=0.557  LL=0.8389 (0.0s)
15:06:02  src.cpcv.models.tree_models  INFO  XGBoost fitted: 494 samples, early stopped at iteration 7/300.
15:06:02  src.cpcv.pipeline  INFO    [ 98/280]              xgboost (seed=2) F1=0.341  AUC=0.530  LL=0.7799 (0.0s)
15:06:02  src.cpcv.models.tree_models  INFO  XGBoost fitted: 494 samples, early stopped at iteration 14/300.
15:06:02  src.cpcv.pipeline  INFO    [ 99/280]              xgboost (seed=3) F1=0.379  AUC=0.553  LL=0.7744 (0.0s)
15:06:02  src.cpcv.models.tree_models  INFO  XGBoost fitted: 494 samples, early stopped at iteration 12/300.
15:06:02  src.cpcv.pipeline  INFO    [100/280]              xgboost (seed=4) F1=0.463  AUC=0.550  LL=0.7515 (0.0s)
15:06:02  src.cpcv.preprocessing  INFO  Computing MDA (Random Forest)...
15:06:23  src.cpcv.preprocessing  INFO  Computing MDA (Logistic Regression)...
15:06:24  src.cpcv.preprocessing  INFO  Multi-model MDA: 37/73 passed (MDA > 0), 36 eliminated
15:06:24  src.cpcv.preprocessing  INFO    Capped at 14 features (top_k_frac=0.2)
15:06:24  src.cpcv.preprocessing  INFO    Selected (14): ['cci_14', 'ema_ratio_20_50', 'fee_per_tx', 'gold_ret_30', 'hashrate_roc_30', 'jarque_bera', 'log_returns', 'log_returns_lag6', 'mfi_14', 'natgas_ret_14', 'natgas_ret_30', 'silver_ret_30', 'skewness', 'sp500_ret_14']
15:06:24  src.cpcv.pipeline  INFO    Preprocessing: 14 features selected, train=494 + val=106 + cal=107, test=239
15:06:24  src.cpcv.tuning  INFO  Tuning (2 models) — Optuna TPE + Purged K-Fold (inner: 3 folds, embargo=10 obs)
15:06:24  src.cpcv.tuning  INFO    [tuning] random_forest: 3 purged K-fold splits, 40 Optuna trials (TPE)
15:07:15  src.cpcv.tuning  INFO      random_forest: 23 completed, 17 pruned (of 40 total) — best log_loss=0.6858, params={'n_estimators': 100, 'max_depth': 2, 'min_samples_leaf': 15, 'max_features': 'sqrt'}
15:07:15  src.cpcv.tuning  INFO    [tuning] random_forest done in 50.6s — best log_loss=0.6858
15:07:15  src.cpcv.tuning  INFO    [tuning] xgboost: 3 purged K-fold splits, 40 Optuna trials (TPE)
15:07:19  src.cpcv.tuning  INFO      xgboost: 12 completed, 28 pruned (of 40 total) — best log_loss=0.6862, params={'max_depth': 2, 'learning_rate': 0.2953167795440016, 'min_child_weight': 37, 'subsample': 0.8566880772987617, 'colsample_bytree': 0.6686533310966929, 'gamma': 0.23937191942813765, 'reg_alpha': 0.1495802168006707, 'reg_lambda': 0.012341345845574316}
15:07:19  src.cpcv.tuning  INFO    [tuning] xgboost done in 4.0s — best log_loss=0.6862
15:07:19  src.cpcv.tuning  INFO  Tuning total: 54.6s
15:07:19  src.cpcv.pipeline  INFO      applied random_forest: {'n_estimators': 100, 'max_depth': 2, 'min_samples_leaf': 15, 'max_features': 'sqrt'}
15:07:19  src.cpcv.pipeline  INFO      applied xgboost: {'max_depth': 2, 'learning_rate': 0.2953167795440016, 'min_child_weight': 37, 'subsample': 0.8566880772987617, 'colsample_bytree': 0.6686533310966929, 'gamma': 0.23937191942813765, 'reg_alpha': 0.1495802168006707, 'reg_lambda': 0.012341345845574316}
15:07:19  src.cpcv.models.tree_models  INFO  RandomForest fitted: 494 samples, 14 features, 100 trees.
15:07:19  src.cpcv.pipeline  INFO    [101/280]        random_forest (seed=0) F1=0.569  AUC=0.597  LL=0.6777 (0.3s)
15:07:19  src.cpcv.models.tree_models  INFO  RandomForest fitted: 494 samples, 14 features, 100 trees.
15:07:20  src.cpcv.pipeline  INFO    [102/280]        random_forest (seed=1) F1=0.550  AUC=0.552  LL=0.6885 (0.3s)
15:07:20  src.cpcv.models.tree_models  INFO  RandomForest fitted: 494 samples, 14 features, 100 trees.
15:07:20  src.cpcv.pipeline  INFO    [103/280]        random_forest (seed=2) F1=0.547  AUC=0.579  LL=0.6802 (0.3s)
15:07:20  src.cpcv.models.tree_models  INFO  RandomForest fitted: 494 samples, 14 features, 100 trees.
15:07:20  src.cpcv.pipeline  INFO    [104/280]        random_forest (seed=3) F1=0.581  AUC=0.594  LL=0.6786 (0.3s)
15:07:20  src.cpcv.models.tree_models  INFO  RandomForest fitted: 494 samples, 14 features, 100 trees.
15:07:20  src.cpcv.pipeline  INFO    [105/280]        random_forest (seed=4) F1=0.561  AUC=0.591  LL=0.6784 (0.3s)
15:07:20  src.cpcv.models.tree_models  INFO  XGBoost fitted: 494 samples, early stopped at iteration 2/300.
15:07:20  src.cpcv.pipeline  INFO    [106/280]              xgboost (seed=0) F1=0.544  AUC=0.554  LL=0.6897 (0.0s)
15:07:20  src.cpcv.models.tree_models  INFO  XGBoost fitted: 494 samples, early stopped at iteration 0/300.
15:07:20  src.cpcv.pipeline  INFO    [107/280]              xgboost (seed=1) F1=0.449  AUC=0.451  LL=0.7480 (0.0s)
15:07:20  src.cpcv.models.tree_models  INFO  XGBoost fitted: 494 samples, early stopped at iteration 0/300.
15:07:21  src.cpcv.pipeline  INFO    [108/280]              xgboost (seed=2) F1=0.512  AUC=0.513  LL=0.6926 (0.0s)
15:07:21  src.cpcv.models.tree_models  INFO  XGBoost fitted: 494 samples, early stopped at iteration 0/300.
15:07:21  src.cpcv.pipeline  INFO    [109/280]              xgboost (seed=3) F1=0.540  AUC=0.540  LL=0.6914 (0.0s)
15:07:21  src.cpcv.models.tree_models  INFO  XGBoost fitted: 494 samples, early stopped at iteration 0/300.
15:07:21  src.cpcv.pipeline  INFO    [110/280]              xgboost (seed=4) F1=0.506  AUC=0.513  LL=0.6986 (0.0s)
15:07:21  src.cpcv.preprocessing  INFO  Computing MDA (Random Forest)...
15:07:42  src.cpcv.preprocessing  INFO  Computing MDA (Logistic Regression)...
15:07:43  src.cpcv.preprocessing  INFO  Multi-model MDA: 34/73 passed (MDA > 0), 39 eliminated
15:07:43  src.cpcv.preprocessing  INFO    Capped at 14 features (top_k_frac=0.2)
15:07:43  src.cpcv.preprocessing  INFO    Selected (14): ['atr', 'copper_ret_14', 'eth_btc_ratio', 'fee_per_tx', 'jarque_bera', 'log_returns_lag4', 'log_returns_lag6', 'oil_ret_14', 'skewness', 'sp500_ret_30', 'variance_ratio', 'vix', 'vol_term_7_30', 'yield_curve_10y30y']
15:07:43  src.cpcv.pipeline  INFO    Preprocessing: 14 features selected, train=494 + val=106 + cal=107, test=239
15:07:43  src.cpcv.tuning  INFO  Tuning (2 models) — Optuna TPE + Purged K-Fold (inner: 3 folds, embargo=10 obs)
15:07:43  src.cpcv.tuning  INFO    [tuning] random_forest: 3 purged K-fold splits, 40 Optuna trials (TPE)
15:08:31  src.cpcv.tuning  INFO      random_forest: 17 completed, 23 pruned (of 40 total) — best log_loss=0.6722, params={'n_estimators': 200, 'max_depth': 3, 'min_samples_leaf': 15, 'max_features': 'log2'}
15:08:31  src.cpcv.tuning  INFO    [tuning] random_forest done in 48.0s — best log_loss=0.6722
15:08:31  src.cpcv.tuning  INFO    [tuning] xgboost: 3 purged K-fold splits, 40 Optuna trials (TPE)
15:08:37  src.cpcv.tuning  INFO      xgboost: 14 completed, 26 pruned (of 40 total) — best log_loss=0.6627, params={'max_depth': 1, 'learning_rate': 0.10475809908297251, 'min_child_weight': 13, 'subsample': 0.9734708460755919, 'colsample_bytree': 0.9640094608209159, 'gamma': 0.1072353397370277, 'reg_alpha': 4.043348229982824e-07, 'reg_lambda': 0.0023373781471036723}
15:08:37  src.cpcv.tuning  INFO    [tuning] xgboost done in 6.4s — best log_loss=0.6627
15:08:37  src.cpcv.tuning  INFO  Tuning total: 54.4s
15:08:37  src.cpcv.pipeline  INFO      applied random_forest: {'n_estimators': 200, 'max_depth': 3, 'min_samples_leaf': 15, 'max_features': 'log2'}
15:08:37  src.cpcv.pipeline  INFO      applied xgboost: {'max_depth': 1, 'learning_rate': 0.10475809908297251, 'min_child_weight': 13, 'subsample': 0.9734708460755919, 'colsample_bytree': 0.9640094608209159, 'gamma': 0.1072353397370277, 'reg_alpha': 4.043348229982824e-07, 'reg_lambda': 0.0023373781471036723}
15:08:38  src.cpcv.models.tree_models  INFO  RandomForest fitted: 494 samples, 14 features, 200 trees.
15:08:38  src.cpcv.pipeline  INFO    [111/280]        random_forest (seed=0) F1=0.436  AUC=0.470  LL=0.7624 (0.7s)
15:08:38  src.cpcv.models.tree_models  INFO  RandomForest fitted: 494 samples, 14 features, 200 trees.
15:08:38  src.cpcv.pipeline  INFO    [112/280]        random_forest (seed=1) F1=0.415  AUC=0.462  LL=0.7693 (0.5s)
15:08:39  src.cpcv.models.tree_models  INFO  RandomForest fitted: 494 samples, 14 features, 200 trees.
15:08:39  src.cpcv.pipeline  INFO    [113/280]        random_forest (seed=2) F1=0.463  AUC=0.467  LL=0.7593 (0.5s)
15:08:39  src.cpcv.models.tree_models  INFO  RandomForest fitted: 494 samples, 14 features, 200 trees.
15:08:39  src.cpcv.pipeline  INFO    [114/280]        random_forest (seed=3) F1=0.417  AUC=0.470  LL=0.7662 (0.5s)
15:08:40  src.cpcv.models.tree_models  INFO  RandomForest fitted: 494 samples, 14 features, 200 trees.
15:08:40  src.cpcv.pipeline  INFO    [115/280]        random_forest (seed=4) F1=0.446  AUC=0.455  LL=0.7484 (0.5s)
15:08:40  src.cpcv.models.tree_models  INFO  XGBoost fitted: 494 samples, early stopped at iteration 49/300.
15:08:40  src.cpcv.pipeline  INFO    [116/280]              xgboost (seed=0) F1=0.423  AUC=0.412  LL=0.7576 (0.1s)
15:08:40  src.cpcv.models.tree_models  INFO  XGBoost fitted: 494 samples, early stopped at iteration 52/300.
15:08:40  src.cpcv.pipeline  INFO    [117/280]              xgboost (seed=1) F1=0.435  AUC=0.426  LL=0.7466 (0.1s)
15:08:40  src.cpcv.models.tree_models  INFO  XGBoost fitted: 494 samples, early stopped at iteration 43/300.
15:08:40  src.cpcv.pipeline  INFO    [118/280]              xgboost (seed=2) F1=0.397  AUC=0.416  LL=0.7417 (0.1s)
15:08:40  src.cpcv.models.tree_models  INFO  XGBoost fitted: 494 samples, early stopped at iteration 15/300.
15:08:40  src.cpcv.pipeline  INFO    [119/280]              xgboost (seed=3) F1=0.408  AUC=0.443  LL=0.7860 (0.0s)
15:08:40  src.cpcv.models.tree_models  INFO  XGBoost fitted: 494 samples, early stopped at iteration 25/300.
15:08:40  src.cpcv.pipeline  INFO    [120/280]              xgboost (seed=4) F1=0.409  AUC=0.427  LL=0.7380 (0.1s)
15:08:41  src.cpcv.preprocessing  INFO  Computing MDA (Random Forest)...
15:09:02  src.cpcv.preprocessing  INFO  Computing MDA (Logistic Regression)...
15:09:03  src.cpcv.preprocessing  INFO  Multi-model MDA: 39/73 passed (MDA > 0), 34 eliminated
15:09:03  src.cpcv.preprocessing  INFO    Capped at 14 features (top_k_frac=0.2)
15:09:03  src.cpcv.preprocessing  INFO    Selected (14): ['dxy_roc_30', 'eth_btc_ratio', 'jarque_bera', 'kurtosis', 'log_returns_lag3', 'macd_hist', 'nasdaq_ret_30', 'obv', 'oil_ret_14', 'sadf', 'sp500_ret_30', 'williams_r', 'yield_curve_2y10y', 'yz_vol']
15:09:03  src.cpcv.pipeline  INFO    Preprocessing: 14 features selected, train=502 + val=108 + cal=108, test=239
15:09:03  src.cpcv.tuning  INFO  Tuning (2 models) — Optuna TPE + Purged K-Fold (inner: 3 folds, embargo=10 obs)
15:09:03  src.cpcv.tuning  INFO    [tuning] random_forest: 3 purged K-fold splits, 40 Optuna trials (TPE)
15:09:36  src.cpcv.tuning  INFO      random_forest: 19 completed, 21 pruned (of 40 total) — best log_loss=0.6796, params={'n_estimators': 100, 'max_depth': 2, 'min_samples_leaf': 32, 'max_features': 'log2'}
15:09:36  src.cpcv.tuning  INFO    [tuning] random_forest done in 33.7s — best log_loss=0.6796
15:09:36  src.cpcv.tuning  INFO    [tuning] xgboost: 3 purged K-fold splits, 40 Optuna trials (TPE)
15:09:44  src.cpcv.tuning  INFO      xgboost: 23 completed, 17 pruned (of 40 total) — best log_loss=0.6770, params={'max_depth': 2, 'learning_rate': 0.0173501476764208, 'min_child_weight': 14, 'subsample': 0.8506368820223655, 'colsample_bytree': 0.8096361971496496, 'gamma': 0.03180970705344433, 'reg_alpha': 0.010715845537224876, 'reg_lambda': 0.005691361824137141}
15:09:44  src.cpcv.tuning  INFO    [tuning] xgboost done in 7.8s — best log_loss=0.6770
15:09:44  src.cpcv.tuning  INFO  Tuning total: 41.5s
15:09:44  src.cpcv.pipeline  INFO      applied random_forest: {'n_estimators': 100, 'max_depth': 2, 'min_samples_leaf': 32, 'max_features': 'log2'}
15:09:44  src.cpcv.pipeline  INFO      applied xgboost: {'max_depth': 2, 'learning_rate': 0.0173501476764208, 'min_child_weight': 14, 'subsample': 0.8506368820223655, 'colsample_bytree': 0.8096361971496496, 'gamma': 0.03180970705344433, 'reg_alpha': 0.010715845537224876, 'reg_lambda': 0.005691361824137141}
15:09:44  src.cpcv.models.tree_models  INFO  RandomForest fitted: 502 samples, 14 features, 100 trees.
15:09:45  src.cpcv.pipeline  INFO    [121/280]        random_forest (seed=0) F1=0.404  AUC=0.538  LL=0.6739 (0.3s)
15:09:45  src.cpcv.models.tree_models  INFO  RandomForest fitted: 502 samples, 14 features, 100 trees.
15:09:45  src.cpcv.pipeline  INFO    [122/280]        random_forest (seed=1) F1=0.371  AUC=0.539  LL=0.6748 (0.3s)
15:09:45  src.cpcv.models.tree_models  INFO  RandomForest fitted: 502 samples, 14 features, 100 trees.
15:09:45  src.cpcv.pipeline  INFO    [123/280]        random_forest (seed=2) F1=0.371  AUC=0.559  LL=0.6739 (0.3s)
15:09:45  src.cpcv.models.tree_models  INFO  RandomForest fitted: 502 samples, 14 features, 100 trees.
15:09:45  src.cpcv.pipeline  INFO    [124/280]        random_forest (seed=3) F1=0.371  AUC=0.534  LL=0.6762 (0.3s)
15:09:46  src.cpcv.models.tree_models  INFO  RandomForest fitted: 502 samples, 14 features, 100 trees.
15:09:46  src.cpcv.pipeline  INFO    [125/280]        random_forest (seed=4) F1=0.457  AUC=0.542  LL=0.6738 (0.3s)
15:09:46  src.cpcv.models.tree_models  INFO  XGBoost fitted: 502 samples, early stopped at iteration 84/300.
15:09:46  src.cpcv.pipeline  INFO    [126/280]              xgboost (seed=0) F1=0.393  AUC=0.539  LL=0.6735 (0.1s)
15:09:46  src.cpcv.models.tree_models  INFO  XGBoost fitted: 502 samples, early stopped at iteration 114/300.
15:09:46  src.cpcv.pipeline  INFO    [127/280]              xgboost (seed=1) F1=0.485  AUC=0.539  LL=0.6746 (0.1s)
15:09:46  src.cpcv.models.tree_models  INFO  XGBoost fitted: 502 samples, early stopped at iteration 94/300.
15:09:46  src.cpcv.pipeline  INFO    [128/280]              xgboost (seed=2) F1=0.371  AUC=0.537  LL=0.6751 (0.1s)
15:09:46  src.cpcv.models.tree_models  INFO  XGBoost fitted: 502 samples, early stopped at iteration 118/300.
15:09:46  src.cpcv.pipeline  INFO    [129/280]              xgboost (seed=3) F1=0.497  AUC=0.541  LL=0.6752 (0.1s)
15:09:46  src.cpcv.models.tree_models  INFO  XGBoost fitted: 502 samples, early stopped at iteration 115/300.
15:09:46  src.cpcv.pipeline  INFO    [130/280]              xgboost (seed=4) F1=0.393  AUC=0.542  LL=0.6742 (0.1s)
15:09:47  src.cpcv.preprocessing  INFO  Computing MDA (Random Forest)...
15:10:07  src.cpcv.preprocessing  INFO  Computing MDA (Logistic Regression)...
15:10:08  src.cpcv.preprocessing  INFO  Multi-model MDA: 37/73 passed (MDA > 0), 36 eliminated
15:10:08  src.cpcv.preprocessing  INFO    Capped at 14 features (top_k_frac=0.2)
15:10:08  src.cpcv.preprocessing  INFO    Selected (14): ['eth_btc_ratio', 'log_returns_lag2', 'log_returns_lag6', 'macd_hist', 'obv', 'oil_ret_30', 'roc_14', 'sadf', 'silver_ret_30', 'sp500_ret_30', 'stoch_d', 'vol_term_30_90', 'williams_r', 'yield_curve_2y10y']
15:10:08  src.cpcv.pipeline  INFO    Preprocessing: 14 features selected, train=464 + val=99 + cal=100, test=292
15:10:08  src.cpcv.tuning  INFO  Tuning (2 models) — Optuna TPE + Purged K-Fold (inner: 3 folds, embargo=10 obs)
15:10:08  src.cpcv.tuning  INFO    [tuning] random_forest: 3 purged K-fold splits, 40 Optuna trials (TPE)
15:10:54  src.cpcv.tuning  INFO      random_forest: 38 completed, 2 pruned (of 40 total) — best log_loss=0.6814, params={'n_estimators': 150, 'max_depth': 3, 'min_samples_leaf': 15, 'max_features': 'sqrt'}
15:10:54  src.cpcv.tuning  INFO    [tuning] random_forest done in 45.2s — best log_loss=0.6814
15:10:54  src.cpcv.tuning  INFO    [tuning] xgboost: 3 purged K-fold splits, 40 Optuna trials (TPE)
15:11:00  src.cpcv.tuning  INFO      xgboost: 28 completed, 12 pruned (of 40 total) — best log_loss=0.6722, params={'max_depth': 1, 'learning_rate': 0.2360979832059402, 'min_child_weight': 35, 'subsample': 0.7686564000341465, 'colsample_bytree': 0.7287972206283498, 'gamma': 0.08794548896651709, 'reg_alpha': 1.5546441261238122e-06, 'reg_lambda': 0.5565037783983507}
15:11:00  src.cpcv.tuning  INFO    [tuning] xgboost done in 6.8s — best log_loss=0.6722
15:11:00  src.cpcv.tuning  INFO  Tuning total: 52.0s
15:11:00  src.cpcv.pipeline  INFO      applied random_forest: {'n_estimators': 150, 'max_depth': 3, 'min_samples_leaf': 15, 'max_features': 'sqrt'}
15:11:00  src.cpcv.pipeline  INFO      applied xgboost: {'max_depth': 1, 'learning_rate': 0.2360979832059402, 'min_child_weight': 35, 'subsample': 0.7686564000341465, 'colsample_bytree': 0.7287972206283498, 'gamma': 0.08794548896651709, 'reg_alpha': 1.5546441261238122e-06, 'reg_lambda': 0.5565037783983507}
15:11:01  src.cpcv.models.tree_models  INFO  RandomForest fitted: 464 samples, 14 features, 150 trees.
15:11:01  src.cpcv.pipeline  INFO    [131/280]        random_forest (seed=0) F1=0.490  AUC=0.531  LL=0.6954 (0.4s)
15:11:01  src.cpcv.models.tree_models  INFO  RandomForest fitted: 464 samples, 14 features, 150 trees.
15:11:01  src.cpcv.pipeline  INFO    [132/280]        random_forest (seed=1) F1=0.472  AUC=0.525  LL=0.6942 (0.4s)
15:11:02  src.cpcv.models.tree_models  INFO  RandomForest fitted: 464 samples, 14 features, 150 trees.
15:11:02  src.cpcv.pipeline  INFO    [133/280]        random_forest (seed=2) F1=0.496  AUC=0.523  LL=0.6932 (0.4s)
15:11:02  src.cpcv.models.tree_models  INFO  RandomForest fitted: 464 samples, 14 features, 150 trees.
15:11:02  src.cpcv.pipeline  INFO    [134/280]        random_forest (seed=3) F1=0.488  AUC=0.532  LL=0.6931 (0.4s)
15:11:02  src.cpcv.models.tree_models  INFO  RandomForest fitted: 464 samples, 14 features, 150 trees.
15:11:02  src.cpcv.pipeline  INFO    [135/280]        random_forest (seed=4) F1=0.516  AUC=0.536  LL=0.6902 (0.4s)
15:11:02  src.cpcv.models.tree_models  INFO  XGBoost fitted: 464 samples, early stopped at iteration 23/300.
15:11:02  src.cpcv.pipeline  INFO    [136/280]              xgboost (seed=0) F1=0.333  AUC=0.501  LL=0.6944 (0.0s)
15:11:02  src.cpcv.models.tree_models  INFO  XGBoost fitted: 464 samples, early stopped at iteration 11/300.
15:11:02  src.cpcv.pipeline  INFO    [137/280]              xgboost (seed=1) F1=0.341  AUC=0.496  LL=0.6955 (0.0s)
15:11:02  src.cpcv.models.tree_models  INFO  XGBoost fitted: 464 samples, early stopped at iteration 9/300.
15:11:02  src.cpcv.pipeline  INFO    [138/280]              xgboost (seed=2) F1=0.370  AUC=0.517  LL=0.6972 (0.0s)
15:11:03  src.cpcv.models.tree_models  INFO  XGBoost fitted: 464 samples, early stopped at iteration 5/300.
15:11:03  src.cpcv.pipeline  INFO    [139/280]              xgboost (seed=3) F1=0.365  AUC=0.517  LL=0.6984 (0.0s)
15:11:03  src.cpcv.models.tree_models  INFO  XGBoost fitted: 464 samples, early stopped at iteration 9/300.
15:11:03  src.cpcv.pipeline  INFO    [140/280]              xgboost (seed=4) F1=0.443  AUC=0.529  LL=0.6923 (0.0s)
15:11:03  src.cpcv.preprocessing  INFO  Computing MDA (Random Forest)...
15:11:24  src.cpcv.preprocessing  INFO  Computing MDA (Logistic Regression)...
15:11:25  src.cpcv.preprocessing  INFO  Multi-model MDA: 39/73 passed (MDA > 0), 34 eliminated
15:11:25  src.cpcv.preprocessing  INFO    Capped at 14 features (top_k_frac=0.2)
15:11:25  src.cpcv.preprocessing  INFO    Selected (14): ['ema_ratio_20_50', 'eth_btc_ratio', 'issuance_ntv', 'log_returns_lag4', 'mvrv', 'oil_ret_14', 'roc_14', 'skewness', 'sp500_ret_14', 'sp500_ret_30', 'stoch_d', 'us2y', 'yield_curve_10y30y', 'yield_curve_2y10y']
15:11:25  src.cpcv.pipeline  INFO    Preprocessing: 14 features selected, train=455 + val=98 + cal=98, test=292
15:11:25  src.cpcv.tuning  INFO  Tuning (2 models) — Optuna TPE + Purged K-Fold (inner: 3 folds, embargo=10 obs)
15:11:25  src.cpcv.tuning  INFO    [tuning] random_forest: 3 purged K-fold splits, 40 Optuna trials (TPE)
15:12:11  src.cpcv.tuning  INFO      random_forest: 23 completed, 17 pruned (of 40 total) — best log_loss=0.6969, params={'n_estimators': 150, 'max_depth': 2, 'min_samples_leaf': 17, 'max_features': 'log2'}
15:12:11  src.cpcv.tuning  INFO    [tuning] random_forest done in 46.4s — best log_loss=0.6969
15:12:11  src.cpcv.tuning  INFO    [tuning] xgboost: 3 purged K-fold splits, 40 Optuna trials (TPE)
15:12:16  src.cpcv.tuning  INFO      xgboost: 22 completed, 18 pruned (of 40 total) — best log_loss=0.6894, params={'max_depth': 1, 'learning_rate': 0.21233370016894246, 'min_child_weight': 10, 'subsample': 0.9296828604459448, 'colsample_bytree': 0.9338808012480089, 'gamma': 0.09971069317706088, 'reg_alpha': 0.07671535159777206, 'reg_lambda': 4.145943905071259e-08}
15:12:16  src.cpcv.tuning  INFO    [tuning] xgboost done in 4.3s — best log_loss=0.6894
15:12:16  src.cpcv.tuning  INFO  Tuning total: 50.8s
15:12:16  src.cpcv.pipeline  INFO      applied random_forest: {'n_estimators': 150, 'max_depth': 2, 'min_samples_leaf': 17, 'max_features': 'log2'}
15:12:16  src.cpcv.pipeline  INFO      applied xgboost: {'max_depth': 1, 'learning_rate': 0.21233370016894246, 'min_child_weight': 10, 'subsample': 0.9296828604459448, 'colsample_bytree': 0.9338808012480089, 'gamma': 0.09971069317706088, 'reg_alpha': 0.07671535159777206, 'reg_lambda': 4.145943905071259e-08}
15:12:16  src.cpcv.models.tree_models  INFO  RandomForest fitted: 455 samples, 14 features, 150 trees.
15:12:16  src.cpcv.pipeline  INFO    [141/280]        random_forest (seed=0) F1=0.350  AUC=0.615  LL=0.6901 (0.4s)
15:12:17  src.cpcv.models.tree_models  INFO  RandomForest fitted: 455 samples, 14 features, 150 trees.
15:12:17  src.cpcv.pipeline  INFO    [142/280]        random_forest (seed=1) F1=0.415  AUC=0.383  LL=0.7152 (0.4s)
15:12:17  src.cpcv.models.tree_models  INFO  RandomForest fitted: 455 samples, 14 features, 150 trees.
15:12:17  src.cpcv.pipeline  INFO    [143/280]        random_forest (seed=2) F1=0.426  AUC=0.392  LL=0.7140 (0.4s)
15:12:17  src.cpcv.models.tree_models  INFO  RandomForest fitted: 455 samples, 14 features, 150 trees.
15:12:17  src.cpcv.pipeline  INFO    [144/280]        random_forest (seed=3) F1=0.387  AUC=0.379  LL=0.7081 (0.4s)
15:12:18  src.cpcv.models.tree_models  INFO  RandomForest fitted: 455 samples, 14 features, 150 trees.
15:12:18  src.cpcv.pipeline  INFO    [145/280]        random_forest (seed=4) F1=0.431  AUC=0.409  LL=0.7245 (0.4s)
15:12:18  src.cpcv.models.tree_models  INFO  XGBoost fitted: 455 samples, early stopped at iteration 38/300.
15:12:18  src.cpcv.pipeline  INFO    [146/280]              xgboost (seed=0) F1=0.434  AUC=0.397  LL=0.7558 (0.1s)
15:12:18  src.cpcv.models.tree_models  INFO  XGBoost fitted: 455 samples, early stopped at iteration 35/300.
15:12:18  src.cpcv.pipeline  INFO    [147/280]              xgboost (seed=1) F1=0.454  AUC=0.397  LL=0.7361 (0.1s)
15:12:18  src.cpcv.models.tree_models  INFO  XGBoost fitted: 455 samples, early stopped at iteration 31/300.
15:12:18  src.cpcv.pipeline  INFO    [148/280]              xgboost (seed=2) F1=0.404  AUC=0.399  LL=0.7337 (0.1s)
15:12:18  src.cpcv.models.tree_models  INFO  XGBoost fitted: 455 samples, early stopped at iteration 24/300.
15:12:18  src.cpcv.pipeline  INFO    [149/280]              xgboost (seed=3) F1=0.442  AUC=0.398  LL=0.7286 (0.1s)
15:12:18  src.cpcv.models.tree_models  INFO  XGBoost fitted: 455 samples, early stopped at iteration 8/300.
15:12:18  src.cpcv.pipeline  INFO    [150/280]              xgboost (seed=4) F1=0.400  AUC=0.400  LL=0.7521 (0.0s)
15:12:18  src.cpcv.preprocessing  INFO  Computing MDA (Random Forest)...
15:12:39  src.cpcv.preprocessing  INFO  Computing MDA (Logistic Regression)...
15:12:40  src.cpcv.preprocessing  INFO  Multi-model MDA: 30/73 passed (MDA > 0), 43 eliminated
15:12:40  src.cpcv.preprocessing  INFO    Capped at 14 features (top_k_frac=0.2)
15:12:40  src.cpcv.preprocessing  INFO    Selected (14): ['ema_ratio_50_200', 'log_returns', 'log_returns_lag2', 'log_returns_lag30', 'log_returns_lag7', 'natgas_ret_14', 'natgas_ret_30', 'rsi', 'skewness', 'sp500_ret_14', 'us10y', 'us2y', 'vix', 'yield_curve_10y30y']
15:12:40  src.cpcv.pipeline  INFO    Preprocessing: 14 features selected, train=455 + val=98 + cal=98, test=292
15:12:40  src.cpcv.tuning  INFO  Tuning (2 models) — Optuna TPE + Purged K-Fold (inner: 3 folds, embargo=10 obs)
15:12:40  src.cpcv.tuning  INFO    [tuning] random_forest: 3 purged K-fold splits, 40 Optuna trials (TPE)
15:13:22  src.cpcv.tuning  INFO      random_forest: 26 completed, 14 pruned (of 40 total) — best log_loss=0.6823, params={'n_estimators': 150, 'max_depth': 3, 'min_samples_leaf': 26, 'max_features': 'log2'}
15:13:22  src.cpcv.tuning  INFO    [tuning] random_forest done in 42.3s — best log_loss=0.6823
15:13:22  src.cpcv.tuning  INFO    [tuning] xgboost: 3 purged K-fold splits, 40 Optuna trials (TPE)
15:13:28  src.cpcv.tuning  INFO      xgboost: 25 completed, 15 pruned (of 40 total) — best log_loss=0.6727, params={'max_depth': 2, 'learning_rate': 0.13401400352031906, 'min_child_weight': 20, 'subsample': 0.7632648351136759, 'colsample_bytree': 0.7774258664096698, 'gamma': 0.20993870432003853, 'reg_alpha': 0.0004530781170200396, 'reg_lambda': 0.0028130208641218603}
15:13:28  src.cpcv.tuning  INFO    [tuning] xgboost done in 6.2s — best log_loss=0.6727
15:13:28  src.cpcv.tuning  INFO  Tuning total: 48.5s
15:13:28  src.cpcv.pipeline  INFO      applied random_forest: {'n_estimators': 150, 'max_depth': 3, 'min_samples_leaf': 26, 'max_features': 'log2'}
15:13:28  src.cpcv.pipeline  INFO      applied xgboost: {'max_depth': 2, 'learning_rate': 0.13401400352031906, 'min_child_weight': 20, 'subsample': 0.7632648351136759, 'colsample_bytree': 0.7774258664096698, 'gamma': 0.20993870432003853, 'reg_alpha': 0.0004530781170200396, 'reg_lambda': 0.0028130208641218603}
15:13:29  src.cpcv.models.tree_models  INFO  RandomForest fitted: 455 samples, 14 features, 150 trees.
15:13:29  src.cpcv.pipeline  INFO    [151/280]        random_forest (seed=0) F1=0.468  AUC=0.551  LL=0.7064 (0.5s)
15:13:29  src.cpcv.models.tree_models  INFO  RandomForest fitted: 455 samples, 14 features, 150 trees.
15:13:29  src.cpcv.pipeline  INFO    [152/280]        random_forest (seed=1) F1=0.507  AUC=0.558  LL=0.6994 (0.4s)
15:13:30  src.cpcv.models.tree_models  INFO  RandomForest fitted: 455 samples, 14 features, 150 trees.
15:13:30  src.cpcv.pipeline  INFO    [153/280]        random_forest (seed=2) F1=0.534  AUC=0.582  LL=0.6931 (0.4s)
15:13:30  src.cpcv.models.tree_models  INFO  RandomForest fitted: 455 samples, 14 features, 150 trees.
15:13:30  src.cpcv.pipeline  INFO    [154/280]        random_forest (seed=3) F1=0.488  AUC=0.557  LL=0.7054 (0.4s)
15:13:30  src.cpcv.models.tree_models  INFO  RandomForest fitted: 455 samples, 14 features, 150 trees.
15:13:31  src.cpcv.pipeline  INFO    [155/280]        random_forest (seed=4) F1=0.467  AUC=0.551  LL=0.7027 (0.4s)
15:13:31  src.cpcv.models.tree_models  INFO  XGBoost fitted: 455 samples, early stopped at iteration 3/300.
15:13:31  src.cpcv.pipeline  INFO    [156/280]              xgboost (seed=0) F1=0.448  AUC=0.516  LL=0.6963 (0.0s)
15:13:31  src.cpcv.models.tree_models  INFO  XGBoost fitted: 455 samples, early stopped at iteration 18/300.
15:13:31  src.cpcv.pipeline  INFO    [157/280]              xgboost (seed=1) F1=0.483  AUC=0.526  LL=0.7072 (0.1s)
15:13:31  src.cpcv.models.tree_models  INFO  XGBoost fitted: 455 samples, early stopped at iteration 2/300.
15:13:31  src.cpcv.pipeline  INFO    [158/280]              xgboost (seed=2) F1=0.519  AUC=0.575  LL=0.6895 (0.1s)
15:13:31  src.cpcv.models.tree_models  INFO  XGBoost fitted: 455 samples, early stopped at iteration 1/300.
15:13:31  src.cpcv.pipeline  INFO    [159/280]              xgboost (seed=3) F1=0.530  AUC=0.563  LL=0.7077 (0.0s)
15:13:31  src.cpcv.models.tree_models  INFO  XGBoost fitted: 455 samples, early stopped at iteration 3/300.
15:13:31  src.cpcv.pipeline  INFO    [160/280]              xgboost (seed=4) F1=0.532  AUC=0.537  LL=0.7005 (0.0s)
15:13:31  src.cpcv.preprocessing  INFO  Computing MDA (Random Forest)...
15:13:52  src.cpcv.preprocessing  INFO  Computing MDA (Logistic Regression)...
15:13:53  src.cpcv.preprocessing  INFO  Multi-model MDA: 37/73 passed (MDA > 0), 36 eliminated
15:13:53  src.cpcv.preprocessing  INFO    Capped at 14 features (top_k_frac=0.2)
15:13:53  src.cpcv.preprocessing  INFO    Selected (14): ['dxy_roc_30', 'exchange_supply_pct', 'jarque_bera', 'log_returns_lag5', 'log_returns_lag6', 'lz_complexity', 'nasdaq_ret_14', 'nasdaq_ret_30', 'obv', 'oil_ret_14', 'rsi', 'sadf', 'silver_ret_30', 'smt_exp']
15:13:53  src.cpcv.pipeline  INFO    Preprocessing: 14 features selected, train=455 + val=98 + cal=98, test=292
15:13:53  src.cpcv.tuning  INFO  Tuning (2 models) — Optuna TPE + Purged K-Fold (inner: 3 folds, embargo=10 obs)
15:13:53  src.cpcv.tuning  INFO    [tuning] random_forest: 3 purged K-fold splits, 40 Optuna trials (TPE)
15:14:51  src.cpcv.tuning  INFO      random_forest: 40 completed, 0 pruned (of 40 total) — best log_loss=0.6873, params={'n_estimators': 200, 'max_depth': 3, 'min_samples_leaf': 15, 'max_features': 'log2'}
15:14:51  src.cpcv.tuning  INFO    [tuning] random_forest done in 57.6s — best log_loss=0.6873
15:14:51  src.cpcv.tuning  INFO    [tuning] xgboost: 3 purged K-fold splits, 40 Optuna trials (TPE)
15:14:59  src.cpcv.tuning  INFO      xgboost: 37 completed, 3 pruned (of 40 total) — best log_loss=0.6801, params={'max_depth': 2, 'learning_rate': 0.2536999076681772, 'min_child_weight': 40, 'subsample': 0.8394633936788146, 'colsample_bytree': 0.6624074561769746, 'gamma': 0.020511104188433976, 'reg_alpha': 3.3323645788192616e-08, 'reg_lambda': 0.6245760287469893}
15:14:59  src.cpcv.tuning  INFO    [tuning] xgboost done in 8.1s — best log_loss=0.6801
15:14:59  src.cpcv.tuning  INFO  Tuning total: 65.7s
15:14:59  src.cpcv.pipeline  INFO      applied random_forest: {'n_estimators': 200, 'max_depth': 3, 'min_samples_leaf': 15, 'max_features': 'log2'}
15:14:59  src.cpcv.pipeline  INFO      applied xgboost: {'max_depth': 2, 'learning_rate': 0.2536999076681772, 'min_child_weight': 40, 'subsample': 0.8394633936788146, 'colsample_bytree': 0.6624074561769746, 'gamma': 0.020511104188433976, 'reg_alpha': 3.3323645788192616e-08, 'reg_lambda': 0.6245760287469893}
15:14:59  src.cpcv.models.tree_models  INFO  RandomForest fitted: 455 samples, 14 features, 200 trees.
15:14:59  src.cpcv.pipeline  INFO    [161/280]        random_forest (seed=0) F1=0.457  AUC=0.539  LL=0.7122 (0.6s)
15:15:00  src.cpcv.models.tree_models  INFO  RandomForest fitted: 455 samples, 14 features, 200 trees.
15:15:00  src.cpcv.pipeline  INFO    [162/280]        random_forest (seed=1) F1=0.480  AUC=0.541  LL=0.7163 (0.5s)
15:15:00  src.cpcv.models.tree_models  INFO  RandomForest fitted: 455 samples, 14 features, 200 trees.
15:15:00  src.cpcv.pipeline  INFO    [163/280]        random_forest (seed=2) F1=0.488  AUC=0.542  LL=0.7102 (0.5s)
15:15:01  src.cpcv.models.tree_models  INFO  RandomForest fitted: 455 samples, 14 features, 200 trees.
15:15:01  src.cpcv.pipeline  INFO    [164/280]        random_forest (seed=3) F1=0.464  AUC=0.517  LL=0.7244 (0.5s)
15:15:01  src.cpcv.models.tree_models  INFO  RandomForest fitted: 455 samples, 14 features, 200 trees.
15:15:01  src.cpcv.pipeline  INFO    [165/280]        random_forest (seed=4) F1=0.494  AUC=0.553  LL=0.7069 (0.5s)
15:15:01  src.cpcv.models.tree_models  INFO  XGBoost fitted: 455 samples, early stopped at iteration 25/300.
15:15:02  src.cpcv.pipeline  INFO    [166/280]              xgboost (seed=0) F1=0.346  AUC=0.531  LL=0.6926 (0.1s)
15:15:02  src.cpcv.models.tree_models  INFO  XGBoost fitted: 455 samples, early stopped at iteration 29/300.
15:15:02  src.cpcv.pipeline  INFO    [167/280]              xgboost (seed=1) F1=0.488  AUC=0.534  LL=0.6924 (0.1s)
15:15:02  src.cpcv.models.tree_models  INFO  XGBoost fitted: 455 samples, early stopped at iteration 43/300.
15:15:02  src.cpcv.pipeline  INFO    [168/280]              xgboost (seed=2) F1=0.460  AUC=0.529  LL=0.6939 (0.1s)
15:15:02  src.cpcv.models.tree_models  INFO  XGBoost fitted: 455 samples, early stopped at iteration 35/300.
15:15:02  src.cpcv.pipeline  INFO    [169/280]              xgboost (seed=3) F1=0.462  AUC=0.504  LL=0.6972 (0.1s)
15:15:02  src.cpcv.models.tree_models  INFO  XGBoost fitted: 455 samples, early stopped at iteration 16/300.
15:15:02  src.cpcv.pipeline  INFO    [170/280]              xgboost (seed=4) F1=0.483  AUC=0.522  LL=0.6956 (0.1s)
15:15:02  src.cpcv.preprocessing  INFO  Computing MDA (Random Forest)...
15:15:23  src.cpcv.preprocessing  INFO  Computing MDA (Logistic Regression)...
15:15:24  src.cpcv.preprocessing  INFO  Multi-model MDA: 40/73 passed (MDA > 0), 33 eliminated
15:15:24  src.cpcv.preprocessing  INFO    Capped at 14 features (top_k_frac=0.2)
15:15:24  src.cpcv.preprocessing  INFO    Selected (14): ['chaikin_osc', 'dxy_roc_30', 'exchange_supply_pct', 'fee_per_tx', 'gk_vol', 'jarque_bera', 'kurtosis', 'log_returns_lag1', 'macd_hist', 'natgas_ret_30', 'obv', 'roc_14', 'sadf', 'smt_exp']
15:15:24  src.cpcv.pipeline  INFO    Preprocessing: 14 features selected, train=463 + val=99 + cal=100, test=292
15:15:24  src.cpcv.tuning  INFO  Tuning (2 models) — Optuna TPE + Purged K-Fold (inner: 3 folds, embargo=10 obs)
15:15:24  src.cpcv.tuning  INFO    [tuning] random_forest: 3 purged K-fold splits, 40 Optuna trials (TPE)
15:16:06  src.cpcv.tuning  INFO      random_forest: 40 completed, 0 pruned (of 40 total) — best log_loss=0.6820, params={'n_estimators': 100, 'max_depth': 2, 'min_samples_leaf': 36, 'max_features': 'log2'}
15:16:06  src.cpcv.tuning  INFO    [tuning] random_forest done in 42.2s — best log_loss=0.6820
15:16:06  src.cpcv.tuning  INFO    [tuning] xgboost: 3 purged K-fold splits, 40 Optuna trials (TPE)
15:16:14  src.cpcv.tuning  INFO      xgboost: 35 completed, 5 pruned (of 40 total) — best log_loss=0.6652, params={'max_depth': 1, 'learning_rate': 0.06333268775321843, 'min_child_weight': 15, 'subsample': 0.9208787923016158, 'colsample_bytree': 0.6298202574719083, 'gamma': 0.9413993046829938, 'reg_alpha': 0.08916674715636537, 'reg_lambda': 6.143857495033091e-07}
15:16:14  src.cpcv.tuning  INFO    [tuning] xgboost done in 7.5s — best log_loss=0.6652
15:16:14  src.cpcv.tuning  INFO  Tuning total: 49.7s
15:16:14  src.cpcv.pipeline  INFO      applied random_forest: {'n_estimators': 100, 'max_depth': 2, 'min_samples_leaf': 36, 'max_features': 'log2'}
15:16:14  src.cpcv.pipeline  INFO      applied xgboost: {'max_depth': 1, 'learning_rate': 0.06333268775321843, 'min_child_weight': 15, 'subsample': 0.9208787923016158, 'colsample_bytree': 0.6298202574719083, 'gamma': 0.9413993046829938, 'reg_alpha': 0.08916674715636537, 'reg_lambda': 6.143857495033091e-07}
15:16:14  src.cpcv.models.tree_models  INFO  RandomForest fitted: 463 samples, 14 features, 100 trees.
15:16:14  src.cpcv.pipeline  INFO    [171/280]        random_forest (seed=0) F1=0.370  AUC=0.505  LL=0.7231 (0.3s)
15:16:14  src.cpcv.models.tree_models  INFO  RandomForest fitted: 463 samples, 14 features, 100 trees.
15:16:14  src.cpcv.pipeline  INFO    [172/280]        random_forest (seed=1) F1=0.384  AUC=0.490  LL=0.7224 (0.3s)
15:16:14  src.cpcv.models.tree_models  INFO  RandomForest fitted: 463 samples, 14 features, 100 trees.
15:16:14  src.cpcv.pipeline  INFO    [173/280]        random_forest (seed=2) F1=0.412  AUC=0.516  LL=0.7195 (0.3s)
15:16:15  src.cpcv.models.tree_models  INFO  RandomForest fitted: 463 samples, 14 features, 100 trees.
15:16:15  src.cpcv.pipeline  INFO    [174/280]        random_forest (seed=3) F1=0.454  AUC=0.516  LL=0.7158 (0.3s)
15:16:15  src.cpcv.models.tree_models  INFO  RandomForest fitted: 463 samples, 14 features, 100 trees.
15:16:15  src.cpcv.pipeline  INFO    [175/280]        random_forest (seed=4) F1=0.434  AUC=0.504  LL=0.7358 (0.3s)
15:16:15  src.cpcv.models.tree_models  INFO  XGBoost fitted: 463 samples, early stopped at iteration 77/300.
15:16:15  src.cpcv.pipeline  INFO    [176/280]              xgboost (seed=0) F1=0.400  AUC=0.509  LL=0.7245 (0.1s)
15:16:15  src.cpcv.models.tree_models  INFO  XGBoost fitted: 463 samples, early stopped at iteration 26/300.
15:16:15  src.cpcv.pipeline  INFO    [177/280]              xgboost (seed=1) F1=0.339  AUC=0.490  LL=0.7174 (0.1s)
15:16:15  src.cpcv.models.tree_models  INFO  XGBoost fitted: 463 samples, early stopped at iteration 120/300.
15:16:15  src.cpcv.pipeline  INFO    [178/280]              xgboost (seed=2) F1=0.428  AUC=0.500  LL=0.7271 (0.1s)
15:16:15  src.cpcv.models.tree_models  INFO  XGBoost fitted: 463 samples, early stopped at iteration 67/300.
15:16:15  src.cpcv.pipeline  INFO    [179/280]              xgboost (seed=3) F1=0.361  AUC=0.495  LL=0.7211 (0.1s)
15:16:15  src.cpcv.models.tree_models  INFO  XGBoost fitted: 463 samples, early stopped at iteration 82/300.
15:16:15  src.cpcv.pipeline  INFO    [180/280]              xgboost (seed=4) F1=0.427  AUC=0.505  LL=0.7225 (0.1s)
15:16:16  src.cpcv.preprocessing  INFO  Computing MDA (Random Forest)...
15:16:37  src.cpcv.preprocessing  INFO  Computing MDA (Logistic Regression)...
15:16:38  src.cpcv.preprocessing  INFO  Multi-model MDA: 39/73 passed (MDA > 0), 34 eliminated
15:16:38  src.cpcv.preprocessing  INFO    Capped at 14 features (top_k_frac=0.2)
15:16:38  src.cpcv.preprocessing  INFO    Selected (14): ['copper_ret_14', 'eth_btc_ratio', 'kurtosis', 'log_returns_lag14', 'log_returns_lag2', 'log_returns_lag3', 'log_returns_lag7', 'lz_complexity', 'natgas_ret_30', 'oil_ret_14', 'rsi', 'skewness', 'smt_poly1', 'sp500_ret_30']
15:16:38  src.cpcv.pipeline  INFO    Preprocessing: 14 features selected, train=465 + val=100 + cal=100, test=292
15:16:38  src.cpcv.tuning  INFO  Tuning (2 models) — Optuna TPE + Purged K-Fold (inner: 3 folds, embargo=10 obs)
15:16:38  src.cpcv.tuning  INFO    [tuning] random_forest: 3 purged K-fold splits, 40 Optuna trials (TPE)
15:17:32  src.cpcv.tuning  INFO      random_forest: 24 completed, 16 pruned (of 40 total) — best log_loss=0.6890, params={'n_estimators': 250, 'max_depth': 2, 'min_samples_leaf': 26, 'max_features': 'log2'}
15:17:32  src.cpcv.tuning  INFO    [tuning] random_forest done in 54.4s — best log_loss=0.6890
15:17:32  src.cpcv.tuning  INFO    [tuning] xgboost: 3 purged K-fold splits, 40 Optuna trials (TPE)
15:17:37  src.cpcv.tuning  INFO      xgboost: 21 completed, 19 pruned (of 40 total) — best log_loss=0.6824, params={'max_depth': 1, 'learning_rate': 0.22635981307597416, 'min_child_weight': 10, 'subsample': 0.871442405115086, 'colsample_bytree': 0.8125616359891774, 'gamma': 0.025581059356607226, 'reg_alpha': 0.03329971907868238, 'reg_lambda': 0.0001306945072949198}
15:17:37  src.cpcv.tuning  INFO    [tuning] xgboost done in 4.6s — best log_loss=0.6824
15:17:37  src.cpcv.tuning  INFO  Tuning total: 59.0s
15:17:37  src.cpcv.pipeline  INFO      applied random_forest: {'n_estimators': 250, 'max_depth': 2, 'min_samples_leaf': 26, 'max_features': 'log2'}
15:17:37  src.cpcv.pipeline  INFO      applied xgboost: {'max_depth': 1, 'learning_rate': 0.22635981307597416, 'min_child_weight': 10, 'subsample': 0.871442405115086, 'colsample_bytree': 0.8125616359891774, 'gamma': 0.025581059356607226, 'reg_alpha': 0.03329971907868238, 'reg_lambda': 0.0001306945072949198}
15:17:37  src.cpcv.models.tree_models  INFO  RandomForest fitted: 465 samples, 14 features, 250 trees.
15:17:37  src.cpcv.pipeline  INFO    [181/280]        random_forest (seed=0) F1=0.497  AUC=0.602  LL=0.6781 (0.6s)
15:17:38  src.cpcv.models.tree_models  INFO  RandomForest fitted: 465 samples, 14 features, 250 trees.
15:17:38  src.cpcv.pipeline  INFO    [182/280]        random_forest (seed=1) F1=0.367  AUC=0.580  LL=0.6865 (0.6s)
15:17:38  src.cpcv.models.tree_models  INFO  RandomForest fitted: 465 samples, 14 features, 250 trees.
15:17:39  src.cpcv.pipeline  INFO    [183/280]        random_forest (seed=2) F1=0.442  AUC=0.585  LL=0.6842 (0.6s)
15:17:39  src.cpcv.models.tree_models  INFO  RandomForest fitted: 465 samples, 14 features, 250 trees.
15:17:39  src.cpcv.pipeline  INFO    [184/280]        random_forest (seed=3) F1=0.539  AUC=0.590  LL=0.6769 (0.6s)
15:17:40  src.cpcv.models.tree_models  INFO  RandomForest fitted: 465 samples, 14 features, 250 trees.
15:17:40  src.cpcv.pipeline  INFO    [185/280]        random_forest (seed=4) F1=0.365  AUC=0.592  LL=0.6852 (0.6s)
15:17:40  src.cpcv.models.tree_models  INFO  XGBoost fitted: 465 samples, early stopped at iteration 0/300.
15:17:40  src.cpcv.pipeline  INFO    [186/280]              xgboost (seed=0) F1=0.367  AUC=0.506  LL=0.6876 (0.0s)
15:17:40  src.cpcv.models.tree_models  INFO  XGBoost fitted: 465 samples, early stopped at iteration 1/300.
15:17:40  src.cpcv.pipeline  INFO    [187/280]              xgboost (seed=1) F1=0.390  AUC=0.542  LL=0.6794 (0.0s)
15:17:40  src.cpcv.models.tree_models  INFO  XGBoost fitted: 465 samples, early stopped at iteration 1/300.
15:17:40  src.cpcv.pipeline  INFO    [188/280]              xgboost (seed=2) F1=0.390  AUC=0.542  LL=0.6794 (0.0s)
15:17:40  src.cpcv.models.tree_models  INFO  XGBoost fitted: 465 samples, early stopped at iteration 3/300.
15:17:40  src.cpcv.pipeline  INFO    [189/280]              xgboost (seed=3) F1=0.428  AUC=0.436  LL=0.7065 (0.0s)
15:17:40  src.cpcv.models.tree_models  INFO  XGBoost fitted: 465 samples, early stopped at iteration 0/300.
15:17:40  src.cpcv.pipeline  INFO    [190/280]              xgboost (seed=4) F1=0.367  AUC=0.506  LL=0.6876 (0.0s)
15:17:40  src.cpcv.preprocessing  INFO  Computing MDA (Random Forest)...
15:18:01  src.cpcv.preprocessing  INFO  Computing MDA (Logistic Regression)...
15:18:02  src.cpcv.preprocessing  INFO  Multi-model MDA: 38/73 passed (MDA > 0), 35 eliminated
15:18:02  src.cpcv.preprocessing  INFO    Capped at 14 features (top_k_frac=0.2)
15:18:02  src.cpcv.preprocessing  INFO    Selected (14): ['ema_ratio_20_50', 'log_returns_lag30', 'log_returns_lag5', 'log_returns_lag6', 'log_returns_lag7', 'mvrv', 'net_exchange_flow', 'oil_ret_14', 'silver_ret_14', 'skewness', 'sp500_ret_14', 'us10y', 'variance_ratio', 'vix']
15:18:02  src.cpcv.pipeline  INFO    Preprocessing: 14 features selected, train=457 + val=98 + cal=98, test=292
15:18:02  src.cpcv.tuning  INFO  Tuning (2 models) — Optuna TPE + Purged K-Fold (inner: 3 folds, embargo=10 obs)
15:18:02  src.cpcv.tuning  INFO    [tuning] random_forest: 3 purged K-fold splits, 40 Optuna trials (TPE)
15:18:51  src.cpcv.tuning  INFO      random_forest: 23 completed, 17 pruned (of 40 total) — best log_loss=0.6808, params={'n_estimators': 250, 'max_depth': 3, 'min_samples_leaf': 15, 'max_features': 'log2'}
15:18:51  src.cpcv.tuning  INFO    [tuning] random_forest done in 49.2s — best log_loss=0.6808
15:18:51  src.cpcv.tuning  INFO    [tuning] xgboost: 3 purged K-fold splits, 40 Optuna trials (TPE)
15:18:56  src.cpcv.tuning  INFO      xgboost: 17 completed, 23 pruned (of 40 total) — best log_loss=0.6787, params={'max_depth': 2, 'learning_rate': 0.2931797530356798, 'min_child_weight': 13, 'subsample': 0.8290973248460496, 'colsample_bytree': 0.7147949034410276, 'gamma': 0.02179662338058464, 'reg_alpha': 0.00017800550229279976, 'reg_lambda': 7.416250047318547e-07}
15:18:56  src.cpcv.tuning  INFO    [tuning] xgboost done in 4.7s — best log_loss=0.6787
15:18:56  src.cpcv.tuning  INFO  Tuning total: 53.9s
15:18:56  src.cpcv.pipeline  INFO      applied random_forest: {'n_estimators': 250, 'max_depth': 3, 'min_samples_leaf': 15, 'max_features': 'log2'}
15:18:56  src.cpcv.pipeline  INFO      applied xgboost: {'max_depth': 2, 'learning_rate': 0.2931797530356798, 'min_child_weight': 13, 'subsample': 0.8290973248460496, 'colsample_bytree': 0.7147949034410276, 'gamma': 0.02179662338058464, 'reg_alpha': 0.00017800550229279976, 'reg_lambda': 7.416250047318547e-07}
15:18:56  src.cpcv.models.tree_models  INFO  RandomForest fitted: 457 samples, 14 features, 250 trees.
15:18:56  src.cpcv.pipeline  INFO    [191/280]        random_forest (seed=0) F1=0.522  AUC=0.544  LL=0.7315 (0.6s)
15:18:57  src.cpcv.models.tree_models  INFO  RandomForest fitted: 457 samples, 14 features, 250 trees.
15:18:57  src.cpcv.pipeline  INFO    [192/280]        random_forest (seed=1) F1=0.522  AUC=0.538  LL=0.7293 (0.6s)
15:18:58  src.cpcv.models.tree_models  INFO  RandomForest fitted: 457 samples, 14 features, 250 trees.
15:18:58  src.cpcv.pipeline  INFO    [193/280]        random_forest (seed=2) F1=0.518  AUC=0.541  LL=0.7214 (0.6s)
15:18:58  src.cpcv.models.tree_models  INFO  RandomForest fitted: 457 samples, 14 features, 250 trees.
15:18:58  src.cpcv.pipeline  INFO    [194/280]        random_forest (seed=3) F1=0.513  AUC=0.551  LL=0.7221 (0.6s)
15:18:59  src.cpcv.models.tree_models  INFO  RandomForest fitted: 457 samples, 14 features, 250 trees.
15:18:59  src.cpcv.pipeline  INFO    [195/280]        random_forest (seed=4) F1=0.510  AUC=0.541  LL=0.7445 (0.6s)
15:18:59  src.cpcv.models.tree_models  INFO  XGBoost fitted: 457 samples, early stopped at iteration 0/300.
15:18:59  src.cpcv.pipeline  INFO    [196/280]              xgboost (seed=0) F1=0.467  AUC=0.547  LL=0.7461 (0.0s)
15:18:59  src.cpcv.models.tree_models  INFO  XGBoost fitted: 457 samples, early stopped at iteration 0/300.
15:18:59  src.cpcv.pipeline  INFO    [197/280]              xgboost (seed=1) F1=0.423  AUC=0.484  LL=0.7134 (0.0s)
15:18:59  src.cpcv.models.tree_models  INFO  XGBoost fitted: 457 samples, early stopped at iteration 0/300.
15:18:59  src.cpcv.pipeline  INFO    [198/280]              xgboost (seed=2) F1=0.473  AUC=0.514  LL=0.7707 (0.0s)
15:18:59  src.cpcv.models.tree_models  INFO  XGBoost fitted: 457 samples, early stopped at iteration 0/300.
15:18:59  src.cpcv.pipeline  INFO    [199/280]              xgboost (seed=3) F1=0.448  AUC=0.471  LL=0.7168 (0.0s)
15:18:59  src.cpcv.models.tree_models  INFO  XGBoost fitted: 457 samples, early stopped at iteration 0/300.
15:18:59  src.cpcv.pipeline  INFO    [200/280]              xgboost (seed=4) F1=0.467  AUC=0.547  LL=0.7485 (0.0s)
15:18:59  src.cpcv.preprocessing  INFO  Computing MDA (Random Forest)...
15:19:20  src.cpcv.preprocessing  INFO  Computing MDA (Logistic Regression)...
15:19:21  src.cpcv.preprocessing  INFO  Multi-model MDA: 37/73 passed (MDA > 0), 36 eliminated
15:19:21  src.cpcv.preprocessing  INFO    Capped at 14 features (top_k_frac=0.2)
15:19:21  src.cpcv.preprocessing  INFO    Selected (14): ['eth_btc_ratio', 'gold_ret_30', 'kurtosis', 'log_returns_lag3', 'log_returns_lag6', 'log_returns_lag7', 'macd_hist', 'realized_vol', 'silver_ret_30', 'sp500_ret_30', 'stoch_k', 'variance_ratio', 'williams_r', 'yield_curve_2y10y']
15:19:21  src.cpcv.pipeline  INFO    Preprocessing: 14 features selected, train=457 + val=98 + cal=98, test=292
15:19:21  src.cpcv.tuning  INFO  Tuning (2 models) — Optuna TPE + Purged K-Fold (inner: 3 folds, embargo=10 obs)
15:19:21  src.cpcv.tuning  INFO    [tuning] random_forest: 3 purged K-fold splits, 40 Optuna trials (TPE)
15:20:14  src.cpcv.tuning  INFO      random_forest: 24 completed, 16 pruned (of 40 total) — best log_loss=0.6719, params={'n_estimators': 200, 'max_depth': 3, 'min_samples_leaf': 17, 'max_features': 'sqrt'}
15:20:14  src.cpcv.tuning  INFO    [tuning] random_forest done in 52.7s — best log_loss=0.6719
15:20:14  src.cpcv.tuning  INFO    [tuning] xgboost: 3 purged K-fold splits, 40 Optuna trials (TPE)
15:20:21  src.cpcv.tuning  INFO      xgboost: 23 completed, 17 pruned (of 40 total) — best log_loss=0.6566, params={'max_depth': 2, 'learning_rate': 0.11588366964124955, 'min_child_weight': 13, 'subsample': 0.6233119838170174, 'colsample_bytree': 0.798698529280053, 'gamma': 0.03517243772214178, 'reg_alpha': 0.04414758537472719, 'reg_lambda': 0.0010959712277835974}
15:20:21  src.cpcv.tuning  INFO    [tuning] xgboost done in 6.8s — best log_loss=0.6566
15:20:21  src.cpcv.tuning  INFO  Tuning total: 59.4s
15:20:21  src.cpcv.pipeline  INFO      applied random_forest: {'n_estimators': 200, 'max_depth': 3, 'min_samples_leaf': 17, 'max_features': 'sqrt'}
15:20:21  src.cpcv.pipeline  INFO      applied xgboost: {'max_depth': 2, 'learning_rate': 0.11588366964124955, 'min_child_weight': 13, 'subsample': 0.6233119838170174, 'colsample_bytree': 0.798698529280053, 'gamma': 0.03517243772214178, 'reg_alpha': 0.04414758537472719, 'reg_lambda': 0.0010959712277835974}
15:20:21  src.cpcv.models.tree_models  INFO  RandomForest fitted: 457 samples, 14 features, 200 trees.
15:20:21  src.cpcv.pipeline  INFO    [201/280]        random_forest (seed=0) F1=0.472  AUC=0.475  LL=0.7282 (0.5s)
15:20:22  src.cpcv.models.tree_models  INFO  RandomForest fitted: 457 samples, 14 features, 200 trees.
15:20:22  src.cpcv.pipeline  INFO    [202/280]        random_forest (seed=1) F1=0.466  AUC=0.482  LL=0.7188 (0.5s)
15:20:22  src.cpcv.models.tree_models  INFO  RandomForest fitted: 457 samples, 14 features, 200 trees.
15:20:22  src.cpcv.pipeline  INFO    [203/280]        random_forest (seed=2) F1=0.435  AUC=0.473  LL=0.7314 (0.5s)
15:20:23  src.cpcv.models.tree_models  INFO  RandomForest fitted: 457 samples, 14 features, 200 trees.
15:20:23  src.cpcv.pipeline  INFO    [204/280]        random_forest (seed=3) F1=0.459  AUC=0.475  LL=0.7163 (0.5s)
15:20:23  src.cpcv.models.tree_models  INFO  RandomForest fitted: 457 samples, 14 features, 200 trees.
15:20:23  src.cpcv.pipeline  INFO    [205/280]        random_forest (seed=4) F1=0.458  AUC=0.481  LL=0.7172 (0.5s)
15:20:23  src.cpcv.models.tree_models  INFO  XGBoost fitted: 457 samples, early stopped at iteration 21/300.
15:20:23  src.cpcv.pipeline  INFO    [206/280]              xgboost (seed=0) F1=0.465  AUC=0.470  LL=0.7076 (0.1s)
15:20:23  src.cpcv.models.tree_models  INFO  XGBoost fitted: 457 samples, early stopped at iteration 19/300.
15:20:23  src.cpcv.pipeline  INFO    [207/280]              xgboost (seed=1) F1=0.439  AUC=0.528  LL=0.6878 (0.1s)
15:20:23  src.cpcv.models.tree_models  INFO  XGBoost fitted: 457 samples, early stopped at iteration 35/300.
15:20:23  src.cpcv.pipeline  INFO    [208/280]              xgboost (seed=2) F1=0.365  AUC=0.532  LL=0.6870 (0.1s)
15:20:24  src.cpcv.models.tree_models  INFO  XGBoost fitted: 457 samples, early stopped at iteration 20/300.
15:20:24  src.cpcv.pipeline  INFO    [209/280]              xgboost (seed=3) F1=0.497  AUC=0.480  LL=0.7011 (0.1s)
15:20:24  src.cpcv.models.tree_models  INFO  XGBoost fitted: 457 samples, early stopped at iteration 55/300.
15:20:24  src.cpcv.pipeline  INFO    [210/280]              xgboost (seed=4) F1=0.357  AUC=0.452  LL=0.6885 (0.1s)
15:20:24  src.cpcv.preprocessing  INFO  Computing MDA (Random Forest)...
15:20:45  src.cpcv.preprocessing  INFO  Computing MDA (Logistic Regression)...
15:20:46  src.cpcv.preprocessing  INFO  Multi-model MDA: 38/73 passed (MDA > 0), 35 eliminated
15:20:46  src.cpcv.preprocessing  INFO    Capped at 14 features (top_k_frac=0.2)
15:20:46  src.cpcv.preprocessing  INFO    Selected (14): ['active_addr_roc_14', 'bb_width', 'copper_ret_30', 'eth_btc_ratio', 'exchange_supply_pct', 'log_returns_lag1', 'log_returns_lag5', 'log_returns_lag6', 'oil_ret_14', 'silver_ret_30', 'smt_poly1', 'sp500_ret_30', 'yield_curve_10y30y', 'yz_vol']
15:20:46  src.cpcv.pipeline  INFO    Preprocessing: 14 features selected, train=464 + val=100 + cal=100, test=292
15:20:46  src.cpcv.tuning  INFO  Tuning (2 models) — Optuna TPE + Purged K-Fold (inner: 3 folds, embargo=10 obs)
15:20:46  src.cpcv.tuning  INFO    [tuning] random_forest: 3 purged K-fold splits, 40 Optuna trials (TPE)
15:21:23  src.cpcv.tuning  INFO      random_forest: 26 completed, 14 pruned (of 40 total) — best log_loss=0.6676, params={'n_estimators': 100, 'max_depth': 4, 'min_samples_leaf': 19, 'max_features': 'sqrt'}
15:21:23  src.cpcv.tuning  INFO    [tuning] random_forest done in 37.8s — best log_loss=0.6676
15:21:23  src.cpcv.tuning  INFO    [tuning] xgboost: 3 purged K-fold splits, 40 Optuna trials (TPE)
15:21:31  src.cpcv.tuning  INFO      xgboost: 30 completed, 10 pruned (of 40 total) — best log_loss=0.6573, params={'max_depth': 2, 'learning_rate': 0.13292844262787923, 'min_child_weight': 15, 'subsample': 0.999336374228209, 'colsample_bytree': 0.8976200276704135, 'gamma': 0.2723345125265487, 'reg_alpha': 8.520124480190352e-08, 'reg_lambda': 8.88471696839936}
15:21:31  src.cpcv.tuning  INFO    [tuning] xgboost done in 7.7s — best log_loss=0.6573
15:21:31  src.cpcv.tuning  INFO  Tuning total: 45.5s
15:21:31  src.cpcv.pipeline  INFO      applied random_forest: {'n_estimators': 100, 'max_depth': 4, 'min_samples_leaf': 19, 'max_features': 'sqrt'}
15:21:31  src.cpcv.pipeline  INFO      applied xgboost: {'max_depth': 2, 'learning_rate': 0.13292844262787923, 'min_child_weight': 15, 'subsample': 0.999336374228209, 'colsample_bytree': 0.8976200276704135, 'gamma': 0.2723345125265487, 'reg_alpha': 8.520124480190352e-08, 'reg_lambda': 8.88471696839936}
15:21:31  src.cpcv.models.tree_models  INFO  RandomForest fitted: 464 samples, 14 features, 100 trees.
15:21:31  src.cpcv.pipeline  INFO    [211/280]        random_forest (seed=0) F1=0.357  AUC=0.477  LL=0.7117 (0.3s)
15:21:32  src.cpcv.models.tree_models  INFO  RandomForest fitted: 464 samples, 14 features, 100 trees.
15:21:32  src.cpcv.pipeline  INFO    [212/280]        random_forest (seed=1) F1=0.357  AUC=0.463  LL=0.6985 (0.3s)
15:21:32  src.cpcv.models.tree_models  INFO  RandomForest fitted: 464 samples, 14 features, 100 trees.
15:21:32  src.cpcv.pipeline  INFO    [213/280]        random_forest (seed=2) F1=0.357  AUC=0.523  LL=0.6870 (0.3s)
15:21:32  src.cpcv.models.tree_models  INFO  RandomForest fitted: 464 samples, 14 features, 100 trees.
15:21:32  src.cpcv.pipeline  INFO    [214/280]        random_forest (seed=3) F1=0.357  AUC=0.489  LL=0.6937 (0.3s)
15:21:33  src.cpcv.models.tree_models  INFO  RandomForest fitted: 464 samples, 14 features, 100 trees.
15:21:33  src.cpcv.pipeline  INFO    [215/280]        random_forest (seed=4) F1=0.357  AUC=0.485  LL=0.7012 (0.3s)
15:21:33  src.cpcv.models.tree_models  INFO  XGBoost fitted: 464 samples, early stopped at iteration 14/300.
15:21:33  src.cpcv.pipeline  INFO    [216/280]              xgboost (seed=0) F1=0.510  AUC=0.509  LL=0.6921 (0.1s)
15:21:33  src.cpcv.models.tree_models  INFO  XGBoost fitted: 464 samples, early stopped at iteration 21/300.
15:21:33  src.cpcv.pipeline  INFO    [217/280]              xgboost (seed=1) F1=0.478  AUC=0.476  LL=0.6976 (0.1s)
15:21:33  src.cpcv.models.tree_models  INFO  XGBoost fitted: 464 samples, early stopped at iteration 21/300.
15:21:33  src.cpcv.pipeline  INFO    [218/280]              xgboost (seed=2) F1=0.458  AUC=0.475  LL=0.6966 (0.1s)
15:21:33  src.cpcv.models.tree_models  INFO  XGBoost fitted: 464 samples, early stopped at iteration 24/300.
15:21:33  src.cpcv.pipeline  INFO    [219/280]              xgboost (seed=3) F1=0.453  AUC=0.479  LL=0.6966 (0.1s)
15:21:33  src.cpcv.models.tree_models  INFO  XGBoost fitted: 464 samples, early stopped at iteration 21/300.
15:21:33  src.cpcv.pipeline  INFO    [220/280]              xgboost (seed=4) F1=0.427  AUC=0.477  LL=0.6931 (0.1s)
15:21:33  src.cpcv.preprocessing  INFO  Computing MDA (Random Forest)...
15:21:54  src.cpcv.preprocessing  INFO  Computing MDA (Logistic Regression)...
15:21:55  src.cpcv.preprocessing  INFO  Multi-model MDA: 38/73 passed (MDA > 0), 35 eliminated
15:21:55  src.cpcv.preprocessing  INFO    Capped at 14 features (top_k_frac=0.2)
15:21:55  src.cpcv.preprocessing  INFO    Selected (14): ['cci_14', 'ema_ratio_20_50', 'fee_per_tx', 'log_returns_lag2', 'log_returns_lag5', 'log_returns_lag6', 'macd', 'macd_hist', 'mfi_14', 'net_exchange_flow', 'obv', 'sadf', 'smt_exp', 'vol_term_30_90']
15:21:55  src.cpcv.pipeline  INFO    Preprocessing: 14 features selected, train=465 + val=100 + cal=100, test=292
15:21:55  src.cpcv.tuning  INFO  Tuning (2 models) — Optuna TPE + Purged K-Fold (inner: 3 folds, embargo=10 obs)
15:21:55  src.cpcv.tuning  INFO    [tuning] random_forest: 3 purged K-fold splits, 40 Optuna trials (TPE)
15:22:45  src.cpcv.tuning  INFO      random_forest: 39 completed, 1 pruned (of 40 total) — best log_loss=0.6921, params={'n_estimators': 100, 'max_depth': 2, 'min_samples_leaf': 40, 'max_features': 'log2'}
15:22:45  src.cpcv.tuning  INFO    [tuning] random_forest done in 49.7s — best log_loss=0.6921
15:22:45  src.cpcv.tuning  INFO    [tuning] xgboost: 3 purged K-fold splits, 40 Optuna trials (TPE)
15:22:49  src.cpcv.tuning  INFO      xgboost: 17 completed, 23 pruned (of 40 total) — best log_loss=0.6823, params={'max_depth': 3, 'learning_rate': 0.2929265022359419, 'min_child_weight': 43, 'subsample': 0.847032592153181, 'colsample_bytree': 0.7230159735959386, 'gamma': 0.022296976017210243, 'reg_alpha': 8.616003178007054e-07, 'reg_lambda': 1.493656852319989e-06}
15:22:49  src.cpcv.tuning  INFO    [tuning] xgboost done in 4.3s — best log_loss=0.6823
15:22:49  src.cpcv.tuning  INFO  Tuning total: 54.0s
15:22:49  src.cpcv.pipeline  INFO      applied random_forest: {'n_estimators': 100, 'max_depth': 2, 'min_samples_leaf': 40, 'max_features': 'log2'}
15:22:49  src.cpcv.pipeline  INFO      applied xgboost: {'max_depth': 3, 'learning_rate': 0.2929265022359419, 'min_child_weight': 43, 'subsample': 0.847032592153181, 'colsample_bytree': 0.7230159735959386, 'gamma': 0.022296976017210243, 'reg_alpha': 8.616003178007054e-07, 'reg_lambda': 1.493656852319989e-06}
15:22:49  src.cpcv.models.tree_models  INFO  RandomForest fitted: 465 samples, 14 features, 100 trees.
15:22:50  src.cpcv.pipeline  INFO    [221/280]        random_forest (seed=0) F1=0.355  AUC=0.518  LL=0.6891 (0.3s)
15:22:50  src.cpcv.models.tree_models  INFO  RandomForest fitted: 465 samples, 14 features, 100 trees.
15:22:50  src.cpcv.pipeline  INFO    [222/280]        random_forest (seed=1) F1=0.355  AUC=0.528  LL=0.6896 (0.3s)
15:22:50  src.cpcv.models.tree_models  INFO  RandomForest fitted: 465 samples, 14 features, 100 trees.
15:22:50  src.cpcv.pipeline  INFO    [223/280]        random_forest (seed=2) F1=0.360  AUC=0.469  LL=0.6916 (0.3s)
15:22:50  src.cpcv.models.tree_models  INFO  RandomForest fitted: 465 samples, 14 features, 100 trees.
15:22:50  src.cpcv.pipeline  INFO    [224/280]        random_forest (seed=3) F1=0.436  AUC=0.537  LL=0.6862 (0.3s)
15:22:51  src.cpcv.models.tree_models  INFO  RandomForest fitted: 465 samples, 14 features, 100 trees.
15:22:51  src.cpcv.pipeline  INFO    [225/280]        random_forest (seed=4) F1=0.355  AUC=0.539  LL=0.6883 (0.3s)
15:22:51  src.cpcv.models.tree_models  INFO  XGBoost fitted: 465 samples, early stopped at iteration 0/300.
15:22:51  src.cpcv.pipeline  INFO    [226/280]              xgboost (seed=0) F1=0.355  AUC=0.484  LL=0.6907 (0.0s)
15:22:51  src.cpcv.models.tree_models  INFO  XGBoost fitted: 465 samples, early stopped at iteration 2/300.
15:22:51  src.cpcv.pipeline  INFO    [227/280]              xgboost (seed=1) F1=0.436  AUC=0.535  LL=0.6848 (0.0s)
15:22:51  src.cpcv.models.tree_models  INFO  XGBoost fitted: 465 samples, early stopped at iteration 0/300.
15:22:51  src.cpcv.pipeline  INFO    [228/280]              xgboost (seed=2) F1=0.355  AUC=0.485  LL=0.6907 (0.0s)
15:22:51  src.cpcv.models.tree_models  INFO  XGBoost fitted: 465 samples, early stopped at iteration 1/300.
15:22:51  src.cpcv.pipeline  INFO    [229/280]              xgboost (seed=3) F1=0.462  AUC=0.536  LL=0.6909 (0.0s)
15:22:51  src.cpcv.models.tree_models  INFO  XGBoost fitted: 465 samples, early stopped at iteration 1/300.
15:22:51  src.cpcv.pipeline  INFO    [230/280]              xgboost (seed=4) F1=0.464  AUC=0.504  LL=0.6896 (0.0s)
15:22:51  src.cpcv.preprocessing  INFO  Computing MDA (Random Forest)...
15:23:12  src.cpcv.preprocessing  INFO  Computing MDA (Logistic Regression)...
15:23:13  src.cpcv.preprocessing  INFO  Multi-model MDA: 40/73 passed (MDA > 0), 33 eliminated
15:23:13  src.cpcv.preprocessing  INFO    Capped at 14 features (top_k_frac=0.2)
15:23:13  src.cpcv.preprocessing  INFO    Selected (14): ['bb_width', 'eth_btc_ratio', 'gk_vol', 'gold_ret_30', 'hashrate_roc_30', 'hurst', 'log_returns_lag1', 'log_returns_lag21', 'log_returns_lag4', 'log_returns_lag6', 'nasdaq_ret_14', 'silver_ret_30', 'smt_poly1', 'yield_curve_10y30y']
15:23:13  src.cpcv.pipeline  INFO    Preprocessing: 14 features selected, train=457 + val=98 + cal=98, test=292
15:23:13  src.cpcv.tuning  INFO  Tuning (2 models) — Optuna TPE + Purged K-Fold (inner: 3 folds, embargo=10 obs)
15:23:13  src.cpcv.tuning  INFO    [tuning] random_forest: 3 purged K-fold splits, 40 Optuna trials (TPE)
15:24:06  src.cpcv.tuning  INFO      random_forest: 38 completed, 2 pruned (of 40 total) — best log_loss=0.6693, params={'n_estimators': 150, 'max_depth': 5, 'min_samples_leaf': 17, 'max_features': 'log2'}
15:24:06  src.cpcv.tuning  INFO    [tuning] random_forest done in 52.7s — best log_loss=0.6693
15:24:06  src.cpcv.tuning  INFO    [tuning] xgboost: 3 purged K-fold splits, 40 Optuna trials (TPE)
15:24:13  src.cpcv.tuning  INFO      xgboost: 17 completed, 23 pruned (of 40 total) — best log_loss=0.6700, params={'max_depth': 1, 'learning_rate': 0.27453851664801854, 'min_child_weight': 22, 'subsample': 0.6939607271543884, 'colsample_bytree': 0.6477639824328912, 'gamma': 0.05550225253549277, 'reg_alpha': 9.111367082657967e-08, 'reg_lambda': 0.33748285468946615}
15:24:13  src.cpcv.tuning  INFO    [tuning] xgboost done in 7.3s — best log_loss=0.6700
15:24:13  src.cpcv.tuning  INFO  Tuning total: 60.0s
15:24:13  src.cpcv.pipeline  INFO      applied random_forest: {'n_estimators': 150, 'max_depth': 5, 'min_samples_leaf': 17, 'max_features': 'log2'}
15:24:13  src.cpcv.pipeline  INFO      applied xgboost: {'max_depth': 1, 'learning_rate': 0.27453851664801854, 'min_child_weight': 22, 'subsample': 0.6939607271543884, 'colsample_bytree': 0.6477639824328912, 'gamma': 0.05550225253549277, 'reg_alpha': 9.111367082657967e-08, 'reg_lambda': 0.33748285468946615}
15:24:14  src.cpcv.models.tree_models  INFO  RandomForest fitted: 457 samples, 14 features, 150 trees.
15:24:14  src.cpcv.pipeline  INFO    [231/280]        random_forest (seed=0) F1=0.369  AUC=0.507  LL=0.6846 (0.4s)
15:24:14  src.cpcv.models.tree_models  INFO  RandomForest fitted: 457 samples, 14 features, 150 trees.
15:24:14  src.cpcv.pipeline  INFO    [232/280]        random_forest (seed=1) F1=0.369  AUC=0.497  LL=0.6845 (0.4s)
15:24:14  src.cpcv.models.tree_models  INFO  RandomForest fitted: 457 samples, 14 features, 150 trees.
15:24:14  src.cpcv.pipeline  INFO    [233/280]        random_forest (seed=2) F1=0.369  AUC=0.503  LL=0.6845 (0.4s)
15:24:15  src.cpcv.models.tree_models  INFO  RandomForest fitted: 457 samples, 14 features, 150 trees.
15:24:15  src.cpcv.pipeline  INFO    [234/280]        random_forest (seed=3) F1=0.462  AUC=0.496  LL=0.6863 (0.4s)
15:24:15  src.cpcv.models.tree_models  INFO  RandomForest fitted: 457 samples, 14 features, 150 trees.
15:24:15  src.cpcv.pipeline  INFO    [235/280]        random_forest (seed=4) F1=0.447  AUC=0.485  LL=0.6888 (0.4s)
15:24:15  src.cpcv.models.tree_models  INFO  XGBoost fitted: 457 samples, early stopped at iteration 22/300.
15:24:15  src.cpcv.pipeline  INFO    [236/280]              xgboost (seed=0) F1=0.474  AUC=0.494  LL=0.6937 (0.1s)
15:24:15  src.cpcv.models.tree_models  INFO  XGBoost fitted: 457 samples, early stopped at iteration 15/300.
15:24:15  src.cpcv.pipeline  INFO    [237/280]              xgboost (seed=1) F1=0.458  AUC=0.478  LL=0.6914 (0.1s)
15:24:15  src.cpcv.models.tree_models  INFO  XGBoost fitted: 457 samples, early stopped at iteration 28/300.
15:24:15  src.cpcv.pipeline  INFO    [238/280]              xgboost (seed=2) F1=0.473  AUC=0.494  LL=0.6889 (0.1s)
15:24:15  src.cpcv.models.tree_models  INFO  XGBoost fitted: 457 samples, early stopped at iteration 30/300.
15:24:16  src.cpcv.pipeline  INFO    [239/280]              xgboost (seed=3) F1=0.419  AUC=0.489  LL=0.6869 (0.1s)
15:24:16  src.cpcv.models.tree_models  INFO  XGBoost fitted: 457 samples, early stopped at iteration 18/300.
15:24:16  src.cpcv.pipeline  INFO    [240/280]              xgboost (seed=4) F1=0.369  AUC=0.491  LL=0.6847 (0.1s)
15:24:16  src.cpcv.preprocessing  INFO  Computing MDA (Random Forest)...
15:24:37  src.cpcv.preprocessing  INFO  Computing MDA (Logistic Regression)...
15:24:38  src.cpcv.preprocessing  INFO  Multi-model MDA: 41/73 passed (MDA > 0), 32 eliminated
15:24:38  src.cpcv.preprocessing  INFO    Capped at 14 features (top_k_frac=0.2)
15:24:38  src.cpcv.preprocessing  INFO    Selected (14): ['ema_ratio_50_200', 'gk_vol', 'log_returns_lag1', 'log_returns_lag14', 'log_returns_lag21', 'log_returns_lag3', 'log_returns_lag30', 'log_returns_lag4', 'nasdaq_ret_30', 'realized_vol', 'silver_ret_30', 'smt_poly1', 'tx_count_roc_14', 'vol_term_7_30']
15:24:38  src.cpcv.pipeline  INFO    Preprocessing: 14 features selected, train=464 + val=100 + cal=100, test=292
15:24:38  src.cpcv.tuning  INFO  Tuning (2 models) — Optuna TPE + Purged K-Fold (inner: 3 folds, embargo=10 obs)
15:24:38  src.cpcv.tuning  INFO    [tuning] random_forest: 3 purged K-fold splits, 40 Optuna trials (TPE)
15:25:19  src.cpcv.tuning  INFO      random_forest: 38 completed, 2 pruned (of 40 total) — best log_loss=0.6875, params={'n_estimators': 100, 'max_depth': 3, 'min_samples_leaf': 21, 'max_features': 'log2'}
15:25:19  src.cpcv.tuning  INFO    [tuning] random_forest done in 41.3s — best log_loss=0.6875
15:25:19  src.cpcv.tuning  INFO    [tuning] xgboost: 3 purged K-fold splits, 40 Optuna trials (TPE)
15:25:25  src.cpcv.tuning  INFO      xgboost: 36 completed, 4 pruned (of 40 total) — best log_loss=0.6807, params={'max_depth': 3, 'learning_rate': 0.16238599494524922, 'min_child_weight': 25, 'subsample': 0.9729091950503895, 'colsample_bytree': 0.7857581577278637, 'gamma': 0.13368557151327273, 'reg_alpha': 1.5361991617116007e-06, 'reg_lambda': 0.4495033310559457}
15:25:25  src.cpcv.tuning  INFO    [tuning] xgboost done in 5.5s — best log_loss=0.6807
15:25:25  src.cpcv.tuning  INFO  Tuning total: 46.7s
15:25:25  src.cpcv.pipeline  INFO      applied random_forest: {'n_estimators': 100, 'max_depth': 3, 'min_samples_leaf': 21, 'max_features': 'log2'}
15:25:25  src.cpcv.pipeline  INFO      applied xgboost: {'max_depth': 3, 'learning_rate': 0.16238599494524922, 'min_child_weight': 25, 'subsample': 0.9729091950503895, 'colsample_bytree': 0.7857581577278637, 'gamma': 0.13368557151327273, 'reg_alpha': 1.5361991617116007e-06, 'reg_lambda': 0.4495033310559457}
15:25:25  src.cpcv.models.tree_models  INFO  RandomForest fitted: 464 samples, 14 features, 100 trees.
15:25:25  src.cpcv.pipeline  INFO    [241/280]        random_forest (seed=0) F1=0.369  AUC=0.493  LL=0.6789 (0.3s)
15:25:25  src.cpcv.models.tree_models  INFO  RandomForest fitted: 464 samples, 14 features, 100 trees.
15:25:25  src.cpcv.pipeline  INFO    [242/280]        random_forest (seed=1) F1=0.369  AUC=0.492  LL=0.6804 (0.3s)
15:25:25  src.cpcv.models.tree_models  INFO  RandomForest fitted: 464 samples, 14 features, 100 trees.
15:25:26  src.cpcv.pipeline  INFO    [243/280]        random_forest (seed=2) F1=0.369  AUC=0.518  LL=0.6788 (0.3s)
15:25:26  src.cpcv.models.tree_models  INFO  RandomForest fitted: 464 samples, 14 features, 100 trees.
15:25:26  src.cpcv.pipeline  INFO    [244/280]        random_forest (seed=3) F1=0.369  AUC=0.481  LL=0.6805 (0.3s)
15:25:26  src.cpcv.models.tree_models  INFO  RandomForest fitted: 464 samples, 14 features, 100 trees.
15:25:26  src.cpcv.pipeline  INFO    [245/280]        random_forest (seed=4) F1=0.369  AUC=0.491  LL=0.6849 (0.3s)
15:25:26  src.cpcv.models.tree_models  INFO  XGBoost fitted: 464 samples, early stopped at iteration 81/300.
15:25:26  src.cpcv.pipeline  INFO    [246/280]              xgboost (seed=0) F1=0.369  AUC=0.491  LL=0.6836 (0.1s)
15:25:26  src.cpcv.models.tree_models  INFO  XGBoost fitted: 464 samples, early stopped at iteration 39/300.
15:25:26  src.cpcv.pipeline  INFO    [247/280]              xgboost (seed=1) F1=0.369  AUC=0.483  LL=0.6893 (0.1s)
15:25:26  src.cpcv.models.tree_models  INFO  XGBoost fitted: 464 samples, early stopped at iteration 46/300.
15:25:26  src.cpcv.pipeline  INFO    [248/280]              xgboost (seed=2) F1=0.369  AUC=0.476  LL=0.6826 (0.1s)
15:25:26  src.cpcv.models.tree_models  INFO  XGBoost fitted: 464 samples, early stopped at iteration 53/300.
15:25:26  src.cpcv.pipeline  INFO    [249/280]              xgboost (seed=3) F1=0.369  AUC=0.489  LL=0.6822 (0.1s)
15:25:27  src.cpcv.models.tree_models  INFO  XGBoost fitted: 464 samples, early stopped at iteration 49/300.
15:25:27  src.cpcv.pipeline  INFO    [250/280]              xgboost (seed=4) F1=0.369  AUC=0.498  LL=0.6858 (0.1s)
15:25:27  src.cpcv.preprocessing  INFO  Computing MDA (Random Forest)...
15:25:47  src.cpcv.preprocessing  INFO  Computing MDA (Logistic Regression)...
15:25:48  src.cpcv.preprocessing  INFO  Multi-model MDA: 39/73 passed (MDA > 0), 34 eliminated
15:25:48  src.cpcv.preprocessing  INFO    Capped at 14 features (top_k_frac=0.2)
15:25:48  src.cpcv.preprocessing  INFO    Selected (14): ['cci_14', 'dxy_roc_30', 'ema_ratio_50_200', 'fee_per_tx', 'gk_vol', 'gold_ret_14', 'gold_ret_30', 'kurtosis', 'log_returns', 'log_returns_lag2', 'log_returns_lag5', 'log_returns_lag6', 'smt_poly1', 'vix']
15:25:48  src.cpcv.pipeline  INFO    Preprocessing: 14 features selected, train=465 + val=100 + cal=100, test=292
15:25:48  src.cpcv.tuning  INFO  Tuning (2 models) — Optuna TPE + Purged K-Fold (inner: 3 folds, embargo=10 obs)
15:25:49  src.cpcv.tuning  INFO    [tuning] random_forest: 3 purged K-fold splits, 40 Optuna trials (TPE)
15:26:46  src.cpcv.tuning  INFO      random_forest: 29 completed, 11 pruned (of 40 total) — best log_loss=0.6866, params={'n_estimators': 250, 'max_depth': 2, 'min_samples_leaf': 16, 'max_features': 'sqrt'}
15:26:46  src.cpcv.tuning  INFO    [tuning] random_forest done in 57.1s — best log_loss=0.6866
15:26:46  src.cpcv.tuning  INFO    [tuning] xgboost: 3 purged K-fold splits, 40 Optuna trials (TPE)
15:26:51  src.cpcv.tuning  INFO      xgboost: 29 completed, 11 pruned (of 40 total) — best log_loss=0.6825, params={'max_depth': 2, 'learning_rate': 0.1460383427655191, 'min_child_weight': 33, 'subsample': 0.7487801373250511, 'colsample_bytree': 0.6027195909748464, 'gamma': 0.017839766759734327, 'reg_alpha': 1.9284033374961253e-07, 'reg_lambda': 7.802093892438183e-08}
15:26:51  src.cpcv.tuning  INFO    [tuning] xgboost done in 5.1s — best log_loss=0.6825
15:26:51  src.cpcv.tuning  INFO  Tuning total: 62.2s
15:26:51  src.cpcv.pipeline  INFO      applied random_forest: {'n_estimators': 250, 'max_depth': 2, 'min_samples_leaf': 16, 'max_features': 'sqrt'}
15:26:51  src.cpcv.pipeline  INFO      applied xgboost: {'max_depth': 2, 'learning_rate': 0.1460383427655191, 'min_child_weight': 33, 'subsample': 0.7487801373250511, 'colsample_bytree': 0.6027195909748464, 'gamma': 0.017839766759734327, 'reg_alpha': 1.9284033374961253e-07, 'reg_lambda': 7.802093892438183e-08}
15:26:51  src.cpcv.models.tree_models  INFO  RandomForest fitted: 465 samples, 14 features, 250 trees.
15:26:51  src.cpcv.pipeline  INFO    [251/280]        random_forest (seed=0) F1=0.456  AUC=0.525  LL=0.7081 (0.7s)
15:26:52  src.cpcv.models.tree_models  INFO  RandomForest fitted: 465 samples, 14 features, 250 trees.
15:26:52  src.cpcv.pipeline  INFO    [252/280]        random_forest (seed=1) F1=0.472  AUC=0.541  LL=0.7022 (0.6s)
15:26:53  src.cpcv.models.tree_models  INFO  RandomForest fitted: 465 samples, 14 features, 250 trees.
15:26:53  src.cpcv.pipeline  INFO    [253/280]        random_forest (seed=2) F1=0.486  AUC=0.538  LL=0.7045 (0.7s)
15:26:53  src.cpcv.models.tree_models  INFO  RandomForest fitted: 465 samples, 14 features, 250 trees.
15:26:53  src.cpcv.pipeline  INFO    [254/280]        random_forest (seed=3) F1=0.480  AUC=0.529  LL=0.7005 (0.7s)
15:26:54  src.cpcv.models.tree_models  INFO  RandomForest fitted: 465 samples, 14 features, 250 trees.
15:26:54  src.cpcv.pipeline  INFO    [255/280]        random_forest (seed=4) F1=0.488  AUC=0.530  LL=0.7103 (0.6s)
15:26:54  src.cpcv.models.tree_models  INFO  XGBoost fitted: 465 samples, early stopped at iteration 1/300.
15:26:54  src.cpcv.pipeline  INFO    [256/280]              xgboost (seed=0) F1=0.467  AUC=0.450  LL=0.6986 (0.0s)
15:26:54  src.cpcv.models.tree_models  INFO  XGBoost fitted: 465 samples, early stopped at iteration 7/300.
15:26:54  src.cpcv.pipeline  INFO    [257/280]              xgboost (seed=1) F1=0.390  AUC=0.499  LL=0.6923 (0.0s)
15:26:54  src.cpcv.models.tree_models  INFO  XGBoost fitted: 465 samples, early stopped at iteration 0/300.
15:26:54  src.cpcv.pipeline  INFO    [258/280]              xgboost (seed=2) F1=0.345  AUC=0.502  LL=0.6918 (0.0s)
15:26:54  src.cpcv.models.tree_models  INFO  XGBoost fitted: 465 samples, early stopped at iteration 0/300.
15:26:54  src.cpcv.pipeline  INFO    [259/280]              xgboost (seed=3) F1=0.345  AUC=0.499  LL=0.6918 (0.0s)
15:26:54  src.cpcv.models.tree_models  INFO  XGBoost fitted: 465 samples, early stopped at iteration 0/300.
15:26:54  src.cpcv.pipeline  INFO    [260/280]              xgboost (seed=4) F1=0.467  AUC=0.470  LL=0.6991 (0.0s)
15:26:55  src.cpcv.preprocessing  INFO  Computing MDA (Random Forest)...
15:27:15  src.cpcv.preprocessing  INFO  Computing MDA (Logistic Regression)...
15:27:16  src.cpcv.preprocessing  INFO  Multi-model MDA: 31/73 passed (MDA > 0), 42 eliminated
15:27:16  src.cpcv.preprocessing  INFO    Capped at 14 features (top_k_frac=0.2)
15:27:16  src.cpcv.preprocessing  INFO    Selected (14): ['active_addr_roc_14', 'bb_width', 'eth_btc_ratio', 'exchange_supply_pct', 'gold_ret_14', 'log_returns_lag1', 'log_returns_lag2', 'log_returns_lag6', 'log_returns_lag7', 'natgas_ret_14', 'shannon_entropy', 'stoch_k', 'us10y', 'vix']
15:27:16  src.cpcv.pipeline  INFO    Preprocessing: 14 features selected, train=464 + val=100 + cal=100, test=292
15:27:16  src.cpcv.tuning  INFO  Tuning (2 models) — Optuna TPE + Purged K-Fold (inner: 3 folds, embargo=10 obs)
15:27:16  src.cpcv.tuning  INFO    [tuning] random_forest: 3 purged K-fold splits, 40 Optuna trials (TPE)
15:27:59  src.cpcv.tuning  INFO      random_forest: 26 completed, 14 pruned (of 40 total) — best log_loss=0.6848, params={'n_estimators': 150, 'max_depth': 2, 'min_samples_leaf': 40, 'max_features': 'log2'}
15:27:59  src.cpcv.tuning  INFO    [tuning] random_forest done in 43.0s — best log_loss=0.6848
15:27:59  src.cpcv.tuning  INFO    [tuning] xgboost: 3 purged K-fold splits, 40 Optuna trials (TPE)
15:28:05  src.cpcv.tuning  INFO      xgboost: 24 completed, 16 pruned (of 40 total) — best log_loss=0.6667, params={'max_depth': 3, 'learning_rate': 0.28173797420728697, 'min_child_weight': 20, 'subsample': 0.6736277535022737, 'colsample_bytree': 0.7286156507255409, 'gamma': 0.04647615187157539, 'reg_alpha': 5.428297864449558e-07, 'reg_lambda': 0.022530685520581035}
15:28:05  src.cpcv.tuning  INFO    [tuning] xgboost done in 6.4s — best log_loss=0.6667
15:28:05  src.cpcv.tuning  INFO  Tuning total: 49.3s
15:28:05  src.cpcv.pipeline  INFO      applied random_forest: {'n_estimators': 150, 'max_depth': 2, 'min_samples_leaf': 40, 'max_features': 'log2'}
15:28:05  src.cpcv.pipeline  INFO      applied xgboost: {'max_depth': 3, 'learning_rate': 0.28173797420728697, 'min_child_weight': 20, 'subsample': 0.6736277535022737, 'colsample_bytree': 0.7286156507255409, 'gamma': 0.04647615187157539, 'reg_alpha': 5.428297864449558e-07, 'reg_lambda': 0.022530685520581035}
15:28:06  src.cpcv.models.tree_models  INFO  RandomForest fitted: 464 samples, 14 features, 150 trees.
15:28:06  src.cpcv.pipeline  INFO    [261/280]        random_forest (seed=0) F1=0.345  AUC=0.426  LL=0.7101 (0.4s)
15:28:06  src.cpcv.models.tree_models  INFO  RandomForest fitted: 464 samples, 14 features, 150 trees.
15:28:06  src.cpcv.pipeline  INFO    [262/280]        random_forest (seed=1) F1=0.345  AUC=0.416  LL=0.7027 (0.4s)
15:28:07  src.cpcv.models.tree_models  INFO  RandomForest fitted: 464 samples, 14 features, 150 trees.
15:28:07  src.cpcv.pipeline  INFO    [263/280]        random_forest (seed=2) F1=0.347  AUC=0.431  LL=0.7082 (0.4s)
15:28:07  src.cpcv.models.tree_models  INFO  RandomForest fitted: 464 samples, 14 features, 150 trees.
15:28:07  src.cpcv.pipeline  INFO    [264/280]        random_forest (seed=3) F1=0.345  AUC=0.564  LL=0.7023 (0.4s)
15:28:07  src.cpcv.models.tree_models  INFO  RandomForest fitted: 464 samples, 14 features, 150 trees.
15:28:07  src.cpcv.pipeline  INFO    [265/280]        random_forest (seed=4) F1=0.369  AUC=0.433  LL=0.7092 (0.4s)
15:28:07  src.cpcv.models.tree_models  INFO  XGBoost fitted: 464 samples, early stopped at iteration 0/300.
15:28:07  src.cpcv.pipeline  INFO    [266/280]              xgboost (seed=0) F1=0.345  AUC=0.517  LL=0.7031 (0.0s)
15:28:07  src.cpcv.models.tree_models  INFO  XGBoost fitted: 464 samples, early stopped at iteration 2/300.
15:28:07  src.cpcv.pipeline  INFO    [267/280]              xgboost (seed=1) F1=0.345  AUC=0.430  LL=0.7057 (0.0s)
15:28:07  src.cpcv.models.tree_models  INFO  XGBoost fitted: 464 samples, early stopped at iteration 4/300.
15:28:07  src.cpcv.pipeline  INFO    [268/280]              xgboost (seed=2) F1=0.465  AUC=0.443  LL=0.7251 (0.0s)
15:28:08  src.cpcv.models.tree_models  INFO  XGBoost fitted: 464 samples, early stopped at iteration 11/300.
15:28:08  src.cpcv.pipeline  INFO    [269/280]              xgboost (seed=3) F1=0.345  AUC=0.581  LL=0.7005 (0.0s)
15:28:08  src.cpcv.models.tree_models  INFO  XGBoost fitted: 464 samples, early stopped at iteration 2/300.
15:28:08  src.cpcv.pipeline  INFO    [270/280]              xgboost (seed=4) F1=0.377  AUC=0.508  LL=0.6991 (0.0s)
15:28:08  src.cpcv.preprocessing  INFO  Computing MDA (Random Forest)...
15:28:29  src.cpcv.preprocessing  INFO  Computing MDA (Logistic Regression)...
15:28:30  src.cpcv.preprocessing  INFO  Multi-model MDA: 38/73 passed (MDA > 0), 35 eliminated
15:28:30  src.cpcv.preprocessing  INFO    Capped at 14 features (top_k_frac=0.2)
15:28:30  src.cpcv.preprocessing  INFO    Selected (14): ['dxy_roc_30', 'exchange_supply_pct', 'hurst', 'log_returns_lag1', 'log_returns_lag4', 'macd_signal', 'roc_14', 'silver_ret_30', 'skewness', 'smt_exp', 'stoch_d', 'williams_r', 'yield_curve_2y10y', 'yz_vol']
15:28:30  src.cpcv.pipeline  INFO    Preprocessing: 14 features selected, train=473 + val=101 + cal=102, test=292
15:28:30  src.cpcv.tuning  INFO  Tuning (2 models) — Optuna TPE + Purged K-Fold (inner: 3 folds, embargo=10 obs)
15:28:30  src.cpcv.tuning  INFO    [tuning] random_forest: 3 purged K-fold splits, 40 Optuna trials (TPE)
15:29:30  src.cpcv.tuning  INFO      random_forest: 40 completed, 0 pruned (of 40 total) — best log_loss=0.6972, params={'n_estimators': 250, 'max_depth': 2, 'min_samples_leaf': 15, 'max_features': 'sqrt'}
15:29:30  src.cpcv.tuning  INFO    [tuning] random_forest done in 60.5s — best log_loss=0.6972
15:29:30  src.cpcv.tuning  INFO    [tuning] xgboost: 3 purged K-fold splits, 40 Optuna trials (TPE)
15:29:36  src.cpcv.tuning  INFO      xgboost: 35 completed, 5 pruned (of 40 total) — best log_loss=0.6908, params={'max_depth': 2, 'learning_rate': 0.26337528861937826, 'min_child_weight': 12, 'subsample': 0.930799351945067, 'colsample_bytree': 0.9770709276586069, 'gamma': 0.536256985267186, 'reg_alpha': 5.385444121174533e-06, 'reg_lambda': 0.0049777307263635115}
15:29:36  src.cpcv.tuning  INFO    [tuning] xgboost done in 5.3s — best log_loss=0.6908
15:29:36  src.cpcv.tuning  INFO  Tuning total: 65.8s
15:29:36  src.cpcv.pipeline  INFO      applied random_forest: {'n_estimators': 250, 'max_depth': 2, 'min_samples_leaf': 15, 'max_features': 'sqrt'}
15:29:36  src.cpcv.pipeline  INFO      applied xgboost: {'max_depth': 2, 'learning_rate': 0.26337528861937826, 'min_child_weight': 12, 'subsample': 0.930799351945067, 'colsample_bytree': 0.9770709276586069, 'gamma': 0.536256985267186, 'reg_alpha': 5.385444121174533e-06, 'reg_lambda': 0.0049777307263635115}
15:29:36  src.cpcv.models.tree_models  INFO  RandomForest fitted: 473 samples, 14 features, 250 trees.
15:29:36  src.cpcv.pipeline  INFO    [271/280]        random_forest (seed=0) F1=0.385  AUC=0.481  LL=0.7154 (0.6s)
15:29:37  src.cpcv.models.tree_models  INFO  RandomForest fitted: 473 samples, 14 features, 250 trees.
15:29:37  src.cpcv.pipeline  INFO    [272/280]        random_forest (seed=1) F1=0.347  AUC=0.475  LL=0.7164 (0.6s)
15:29:37  src.cpcv.models.tree_models  INFO  RandomForest fitted: 473 samples, 14 features, 250 trees.
15:29:38  src.cpcv.pipeline  INFO    [273/280]        random_forest (seed=2) F1=0.378  AUC=0.489  LL=0.7169 (0.7s)
15:29:38  src.cpcv.models.tree_models  INFO  RandomForest fitted: 473 samples, 14 features, 250 trees.
15:29:38  src.cpcv.pipeline  INFO    [274/280]        random_forest (seed=3) F1=0.305  AUC=0.476  LL=0.7112 (0.6s)
15:29:39  src.cpcv.models.tree_models  INFO  RandomForest fitted: 473 samples, 14 features, 250 trees.
15:29:39  src.cpcv.pipeline  INFO    [275/280]        random_forest (seed=4) F1=0.310  AUC=0.463  LL=0.7150 (0.7s)
15:29:39  src.cpcv.models.tree_models  INFO  XGBoost fitted: 473 samples, early stopped at iteration 2/300.
15:29:39  src.cpcv.pipeline  INFO    [276/280]              xgboost (seed=0) F1=0.435  AUC=0.517  LL=0.7447 (0.0s)
15:29:39  src.cpcv.models.tree_models  INFO  XGBoost fitted: 473 samples, early stopped at iteration 0/300.
15:29:39  src.cpcv.pipeline  INFO    [277/280]              xgboost (seed=1) F1=0.518  AUC=0.519  LL=0.7109 (0.0s)
15:29:39  src.cpcv.models.tree_models  INFO  XGBoost fitted: 473 samples, early stopped at iteration 0/300.
15:29:39  src.cpcv.pipeline  INFO    [278/280]              xgboost (seed=2) F1=0.526  AUC=0.540  LL=0.7077 (0.0s)
15:29:39  src.cpcv.models.tree_models  INFO  XGBoost fitted: 473 samples, early stopped at iteration 1/300.
15:29:39  src.cpcv.pipeline  INFO    [279/280]              xgboost (seed=3) F1=0.409  AUC=0.486  LL=0.7235 (0.0s)
15:29:39  src.cpcv.models.tree_models  INFO  XGBoost fitted: 473 samples, early stopped at iteration 2/300.
15:29:39  src.cpcv.pipeline  INFO    [280/280]              xgboost (seed=4) F1=0.462  AUC=0.511  LL=0.7199 (0.0s)
15:29:39  src.cpcv.pipeline  INFO  ============================================================
15:29:39  src.cpcv.pipeline  INFO  CPCV Pipeline Complete
15:29:39  src.cpcv.pipeline  INFO  ============================================================
15:29:39  src.cpcv.pipeline  INFO    Total time:     2282.3s (38.0m)
15:29:39  src.cpcv.pipeline  INFO    Tasks:          280 succeeded, 0 failed
15:29:39  src.cpcv.pipeline  INFO    Results keys:   280 (model, split, seed) entries
15:29:39  src.cpcv.pipeline  INFO    Backtest paths: 7
15:29:39  src.cpcv.pipeline  INFO    Tuning:         nested (per-split), 28 splits tuned, models=['random_forest', 'xgboost']
15:29:39  src.cpcv.pipeline  INFO  ============================================================
15:29:40  src.cpcv.pipeline  INFO  ============================================================
15:29:40  src.cpcv.pipeline  INFO  CPCV Pipeline
15:29:40  src.cpcv.pipeline  INFO  ============================================================
15:29:40  src.cpcv.pipeline  INFO    Models:         ['lstm']
15:29:40  src.cpcv.pipeline  INFO    Seeds/fold:     5
15:29:40  src.cpcv.pipeline  INFO    Groups (N):     8
15:29:40  src.cpcv.pipeline  INFO    Test groups (k):2
15:29:40  src.cpcv.pipeline  INFO    Embargo:        1.0%
15:29:40  src.cpcv.pipeline  INFO    FFD columns:    ['atr']
15:29:40  src.cpcv.pipeline  INFO    Samples:        1168
15:29:40  src.cpcv.pipeline  INFO    Features:       73
15:29:40  src.cpcv.pipeline  INFO    Splits:         28, Paths: 7
15:29:40  src.cpcv.pipeline  INFO    Tuning:         NESTED (per-split) — ['lstm'] [40 trials]
15:29:40  src.cpcv.pipeline  INFO  ============================================================
15:29:40  src.cpcv.preprocessing  INFO  Computing MDA (Random Forest)...
15:30:04  src.cpcv.preprocessing  INFO  Computing MDA (Logistic Regression)...
15:30:05  src.cpcv.preprocessing  INFO  Multi-model MDA: 31/73 passed (MDA > 0), 42 eliminated
15:30:05  src.cpcv.preprocessing  INFO    Capped at 14 features (top_k_frac=0.2)
15:30:05  src.cpcv.preprocessing  INFO    Selected (14): ['ema_ratio_20_50', 'eth_btc_ratio', 'exchange_supply_pct', 'jarque_bera', 'log_returns', 'log_returns_lag6', 'macd_hist', 'natgas_ret_30', 'skewness', 'smt_exp', 'sp500_ret_30', 'variance_ratio', 'vix', 'yield_curve_2y10y']
15:30:05  src.cpcv.pipeline  INFO    Preprocessing: 14 features selected, train=605 + val=130 + cal=130, test=93
15:30:05  src.cpcv.tuning  INFO  Tuning (1 model) — Optuna TPE + Purged K-Fold (inner: 3 folds, embargo=10 obs)
15:30:06  src.cpcv.tuning  INFO    [tuning] lstm: 3 purged K-fold splits, 40 Optuna trials (TPE)
15:31:14  src.cpcv.tuning  INFO      lstm: 37 completed, 3 pruned (of 40 total) — best log_loss=0.6812, params={'hidden_size': 8, 'dropout': 0.4452703703029534, 'learning_rate': 0.04977665558927741}
15:31:14  src.cpcv.tuning  INFO    [tuning] lstm done in 69.4s — best log_loss=0.6812
15:31:14  src.cpcv.tuning  INFO  Tuning total: 69.4s
15:31:14  src.cpcv.pipeline  INFO      applied lstm: {'hidden_size': 8, 'num_layers': 1, 'dropout': 0.4452703703029534, 'learning_rate': 0.04977665558927741}
15:31:16  src.cpcv.pipeline  INFO    [  1/140]                 lstm (seed=0) F1=0.292  AUC=0.518  LL=1.1434 (1.4s)
15:31:17  src.cpcv.pipeline  INFO    [  2/140]                 lstm (seed=1) F1=0.405  AUC=0.410  LL=0.7238 (0.8s)
15:31:17  src.cpcv.pipeline  INFO    [  3/140]                 lstm (seed=2) F1=0.292  AUC=0.575  LL=0.7434 (0.7s)
15:31:18  src.cpcv.pipeline  INFO    [  4/140]                 lstm (seed=3) F1=0.447  AUC=0.571  LL=0.6890 (0.8s)
15:31:19  src.cpcv.pipeline  INFO    [  5/140]                 lstm (seed=4) F1=0.510  AUC=0.472  LL=0.6921 (1.0s)
15:31:19  src.cpcv.preprocessing  INFO  Computing MDA (Random Forest)...
15:31:43  src.cpcv.preprocessing  INFO  Computing MDA (Logistic Regression)...
15:31:44  src.cpcv.preprocessing  INFO  Multi-model MDA: 39/73 passed (MDA > 0), 34 eliminated
15:31:44  src.cpcv.preprocessing  INFO    Capped at 14 features (top_k_frac=0.2)
15:31:44  src.cpcv.preprocessing  INFO    Selected (14): ['cci_14', 'copper_ret_14', 'ema_ratio_50_200', 'gk_vol', 'gold_ret_30', 'log_returns', 'natgas_ret_30', 'oil_ret_14', 'oil_ret_30', 'roc_14', 'rsi', 'silver_ret_30', 'stoch_d', 'yz_vol']
15:31:44  src.cpcv.pipeline  INFO    Preprocessing: 14 features selected, train=566 + val=121 + cal=122, test=146
15:31:44  src.cpcv.tuning  INFO  Tuning (1 model) — Optuna TPE + Purged K-Fold (inner: 3 folds, embargo=10 obs)
15:31:44  src.cpcv.tuning  INFO    [tuning] lstm: 3 purged K-fold splits, 40 Optuna trials (TPE)
15:32:47  src.cpcv.tuning  INFO      lstm: 31 completed, 9 pruned (of 40 total) — best log_loss=0.6796, params={'hidden_size': 8, 'dropout': 0.32279682206658294, 'learning_rate': 0.04722243491534861}
15:32:47  src.cpcv.tuning  INFO    [tuning] lstm done in 62.6s — best log_loss=0.6796
15:32:47  src.cpcv.tuning  INFO  Tuning total: 62.6s
15:32:47  src.cpcv.pipeline  INFO      applied lstm: {'hidden_size': 8, 'num_layers': 1, 'dropout': 0.32279682206658294, 'learning_rate': 0.04722243491534861}
15:32:47  src.cpcv.pipeline  INFO    [  6/140]                 lstm (seed=0) F1=0.500  AUC=0.505  LL=0.8952 (0.7s)
15:32:48  src.cpcv.pipeline  INFO    [  7/140]                 lstm (seed=1) F1=0.397  AUC=0.458  LL=0.7078 (0.7s)
15:32:49  src.cpcv.pipeline  INFO    [  8/140]                 lstm (seed=2) F1=0.462  AUC=0.436  LL=0.7089 (0.8s)
15:32:50  src.cpcv.pipeline  INFO    [  9/140]                 lstm (seed=3) F1=0.421  AUC=0.527  LL=0.8552 (0.9s)
15:32:51  src.cpcv.pipeline  INFO    [ 10/140]                 lstm (seed=4) F1=0.370  AUC=0.388  LL=0.7159 (1.0s)
15:32:51  src.cpcv.preprocessing  INFO  Computing MDA (Random Forest)...
15:33:15  src.cpcv.preprocessing  INFO  Computing MDA (Logistic Regression)...
15:33:16  src.cpcv.preprocessing  INFO  Multi-model MDA: 36/73 passed (MDA > 0), 37 eliminated
15:33:16  src.cpcv.preprocessing  INFO    Capped at 14 features (top_k_frac=0.2)
15:33:16  src.cpcv.preprocessing  INFO    Selected (14): ['atr', 'cci_14', 'dxy_roc_30', 'ema_ratio_20_50', 'eth_btc_ratio', 'log_returns', 'log_returns_lag1', 'log_returns_lag5', 'log_returns_lag6', 'mvrv', 'natgas_ret_30', 'oil_ret_14', 'smt_poly1', 'stoch_d']
15:33:16  src.cpcv.pipeline  INFO    Preprocessing: 14 features selected, train=567 + val=122 + cal=122, test=146
15:33:16  src.cpcv.tuning  INFO  Tuning (1 model) — Optuna TPE + Purged K-Fold (inner: 3 folds, embargo=10 obs)
15:33:16  src.cpcv.tuning  INFO    [tuning] lstm: 3 purged K-fold splits, 40 Optuna trials (TPE)
15:34:10  src.cpcv.tuning  INFO      lstm: 21 completed, 19 pruned (of 40 total) — best log_loss=0.6817, params={'hidden_size': 8, 'dropout': 0.4968578463950409, 'learning_rate': 0.022362985414277146}
15:34:10  src.cpcv.tuning  INFO    [tuning] lstm done in 54.1s — best log_loss=0.6817
15:34:10  src.cpcv.tuning  INFO  Tuning total: 54.1s
15:34:10  src.cpcv.pipeline  INFO      applied lstm: {'hidden_size': 8, 'num_layers': 1, 'dropout': 0.4968578463950409, 'learning_rate': 0.022362985414277146}
15:34:11  src.cpcv.pipeline  INFO    [ 11/140]                 lstm (seed=0) F1=0.345  AUC=0.487  LL=0.6920 (0.9s)
15:34:12  src.cpcv.pipeline  INFO    [ 12/140]                 lstm (seed=1) F1=0.539  AUC=0.532  LL=0.7014 (1.0s)
15:34:13  src.cpcv.pipeline  INFO    [ 13/140]                 lstm (seed=2) F1=0.392  AUC=0.540  LL=0.7078 (0.8s)
15:34:14  src.cpcv.pipeline  INFO    [ 14/140]                 lstm (seed=3) F1=0.351  AUC=0.453  LL=0.7533 (1.4s)
15:34:16  src.cpcv.pipeline  INFO    [ 15/140]                 lstm (seed=4) F1=0.362  AUC=0.572  LL=0.6901 (2.1s)
15:34:17  src.cpcv.preprocessing  INFO  Computing MDA (Random Forest)...
15:34:40  src.cpcv.preprocessing  INFO  Computing MDA (Logistic Regression)...
15:34:41  src.cpcv.preprocessing  INFO  Multi-model MDA: 39/73 passed (MDA > 0), 34 eliminated
15:34:41  src.cpcv.preprocessing  INFO    Capped at 14 features (top_k_frac=0.2)
15:34:41  src.cpcv.preprocessing  INFO    Selected (14): ['atr', 'cci_14', 'eth_btc_ratio', 'hashrate_roc_30', 'log_returns_lag21', 'lz_complexity', 'mvrv', 'natgas_ret_30', 'realized_vol', 'sadf', 'sp500_ret_14', 'tx_count_roc_14', 'variance_ratio', 'vix']
15:34:41  src.cpcv.pipeline  INFO    Preprocessing: 14 features selected, train=567 + val=122 + cal=122, test=146
15:34:41  src.cpcv.tuning  INFO  Tuning (1 model) — Optuna TPE + Purged K-Fold (inner: 3 folds, embargo=10 obs)
15:34:41  src.cpcv.tuning  INFO    [tuning] lstm: 3 purged K-fold splits, 40 Optuna trials (TPE)
15:35:39  src.cpcv.tuning  INFO      lstm: 29 completed, 11 pruned (of 40 total) — best log_loss=0.6868, params={'hidden_size': 8, 'dropout': 0.468451537029021, 'learning_rate': 0.017296626730762425}
15:35:39  src.cpcv.tuning  INFO    [tuning] lstm done in 58.0s — best log_loss=0.6868
15:35:39  src.cpcv.tuning  INFO  Tuning total: 58.0s
15:35:39  src.cpcv.pipeline  INFO      applied lstm: {'hidden_size': 8, 'num_layers': 1, 'dropout': 0.468451537029021, 'learning_rate': 0.017296626730762425}
15:35:40  src.cpcv.pipeline  INFO    [ 16/140]                 lstm (seed=0) F1=0.390  AUC=0.435  LL=0.6988 (0.8s)
15:35:41  src.cpcv.pipeline  INFO    [ 17/140]                 lstm (seed=1) F1=0.362  AUC=0.405  LL=0.7215 (0.8s)
15:35:42  src.cpcv.pipeline  INFO    [ 18/140]                 lstm (seed=2) F1=0.506  AUC=0.497  LL=0.6900 (0.9s)
15:35:43  src.cpcv.pipeline  INFO    [ 19/140]                 lstm (seed=3) F1=0.450  AUC=0.486  LL=0.7138 (0.7s)
15:35:44  src.cpcv.pipeline  INFO    [ 20/140]                 lstm (seed=4) F1=0.507  AUC=0.551  LL=0.6911 (1.5s)
15:35:44  src.cpcv.preprocessing  INFO  Computing MDA (Random Forest)...
15:36:08  src.cpcv.preprocessing  INFO  Computing MDA (Logistic Regression)...
15:36:09  src.cpcv.preprocessing  INFO  Multi-model MDA: 36/73 passed (MDA > 0), 37 eliminated
15:36:09  src.cpcv.preprocessing  INFO    Capped at 14 features (top_k_frac=0.2)
15:36:09  src.cpcv.preprocessing  INFO    Selected (14): ['active_addr_roc_14', 'atr', 'eth_btc_ratio', 'exchange_supply_pct', 'issuance_ntv', 'log_returns_lag1', 'log_returns_lag5', 'log_returns_lag7', 'obv', 'oil_ret_14', 'roc_14', 'skewness', 'smt_exp', 'vix']
15:36:09  src.cpcv.pipeline  INFO    Preprocessing: 14 features selected, train=567 + val=122 + cal=122, test=146
15:36:09  src.cpcv.tuning  INFO  Tuning (1 model) — Optuna TPE + Purged K-Fold (inner: 3 folds, embargo=10 obs)
15:36:09  src.cpcv.tuning  INFO    [tuning] lstm: 3 purged K-fold splits, 40 Optuna trials (TPE)
15:37:04  src.cpcv.tuning  INFO      lstm: 21 completed, 19 pruned (of 40 total) — best log_loss=0.6722, params={'hidden_size': 8, 'dropout': 0.3616896573131581, 'learning_rate': 0.02823170649143091}
15:37:04  src.cpcv.tuning  INFO    [tuning] lstm done in 54.6s — best log_loss=0.6722
15:37:04  src.cpcv.tuning  INFO  Tuning total: 54.6s
15:37:04  src.cpcv.pipeline  INFO      applied lstm: {'hidden_size': 8, 'num_layers': 1, 'dropout': 0.3616896573131581, 'learning_rate': 0.02823170649143091}
15:37:05  src.cpcv.pipeline  INFO    [ 21/140]                 lstm (seed=0) F1=0.458  AUC=0.437  LL=0.7814 (1.0s)
15:37:06  src.cpcv.pipeline  INFO    [ 22/140]                 lstm (seed=1) F1=0.517  AUC=0.525  LL=0.7368 (1.0s)
15:37:06  src.cpcv.pipeline  INFO    [ 23/140]                 lstm (seed=2) F1=0.476  AUC=0.458  LL=0.6952 (0.7s)
15:37:07  src.cpcv.pipeline  INFO    [ 24/140]                 lstm (seed=3) F1=0.466  AUC=0.511  LL=0.7581 (0.8s)
15:37:08  src.cpcv.pipeline  INFO    [ 25/140]                 lstm (seed=4) F1=0.420  AUC=0.410  LL=0.8665 (0.9s)
15:37:09  src.cpcv.preprocessing  INFO  Computing MDA (Random Forest)...
15:37:32  src.cpcv.preprocessing  INFO  Computing MDA (Logistic Regression)...
15:37:33  src.cpcv.preprocessing  INFO  Multi-model MDA: 40/73 passed (MDA > 0), 33 eliminated
15:37:33  src.cpcv.preprocessing  INFO    Capped at 14 features (top_k_frac=0.2)
15:37:33  src.cpcv.preprocessing  INFO    Selected (14): ['atr', 'chaikin_osc', 'eth_btc_ratio', 'hashrate_roc_30', 'jarque_bera', 'kurtosis', 'log_returns_lag30', 'log_returns_lag6', 'obv', 'silver_ret_30', 'variance_ratio', 'vol_term_7_30', 'vwma_ratio_20_50', 'yield_curve_2y10y']
15:37:33  src.cpcv.pipeline  INFO    Preprocessing: 14 features selected, train=567 + val=122 + cal=122, test=146
15:37:33  src.cpcv.tuning  INFO  Tuning (1 model) — Optuna TPE + Purged K-Fold (inner: 3 folds, embargo=10 obs)
15:37:33  src.cpcv.tuning  INFO    [tuning] lstm: 3 purged K-fold splits, 40 Optuna trials (TPE)
15:38:40  src.cpcv.tuning  INFO      lstm: 28 completed, 12 pruned (of 40 total) — best log_loss=0.6740, params={'hidden_size': 8, 'dropout': 0.40345918432683797, 'learning_rate': 0.021801817063143117}
15:38:40  src.cpcv.tuning  INFO    [tuning] lstm done in 66.5s — best log_loss=0.6740
15:38:40  src.cpcv.tuning  INFO  Tuning total: 66.5s
15:38:40  src.cpcv.pipeline  INFO      applied lstm: {'hidden_size': 8, 'num_layers': 1, 'dropout': 0.40345918432683797, 'learning_rate': 0.021801817063143117}
15:38:41  src.cpcv.pipeline  INFO    [ 26/140]                 lstm (seed=0) F1=0.364  AUC=0.570  LL=0.6881 (0.9s)
15:38:41  src.cpcv.pipeline  INFO    [ 27/140]                 lstm (seed=1) F1=0.502  AUC=0.560  LL=0.7349 (0.8s)
15:38:42  src.cpcv.pipeline  INFO    [ 28/140]                 lstm (seed=2) F1=0.507  AUC=0.580  LL=0.6975 (0.8s)
15:38:43  src.cpcv.pipeline  INFO    [ 29/140]                 lstm (seed=3) F1=0.445  AUC=0.590  LL=0.7051 (1.1s)
15:38:44  src.cpcv.pipeline  INFO    [ 30/140]                 lstm (seed=4) F1=0.438  AUC=0.494  LL=0.7019 (0.7s)
15:38:44  src.cpcv.preprocessing  INFO  Computing MDA (Random Forest)...
15:39:08  src.cpcv.preprocessing  INFO  Computing MDA (Logistic Regression)...
15:39:09  src.cpcv.preprocessing  INFO  Multi-model MDA: 40/73 passed (MDA > 0), 33 eliminated
15:39:09  src.cpcv.preprocessing  INFO    Capped at 14 features (top_k_frac=0.2)
15:39:09  src.cpcv.preprocessing  INFO    Selected (14): ['active_addr_roc_14', 'chaikin_osc', 'copper_ret_14', 'hashrate_roc_30', 'hurst', 'kurtosis', 'log_returns', 'log_returns_lag3', 'realized_vol', 'us10y', 'variance_ratio', 'vix', 'williams_r', 'yield_curve_2y10y']
15:39:09  src.cpcv.pipeline  INFO    Preprocessing: 14 features selected, train=575 + val=123 + cal=124, test=146
15:39:09  src.cpcv.tuning  INFO  Tuning (1 model) — Optuna TPE + Purged K-Fold (inner: 3 folds, embargo=10 obs)
15:39:09  src.cpcv.tuning  INFO    [tuning] lstm: 3 purged K-fold splits, 40 Optuna trials (TPE)
15:39:59  src.cpcv.tuning  INFO      lstm: 21 completed, 19 pruned (of 40 total) — best log_loss=0.6871, params={'hidden_size': 16, 'dropout': 0.22953379999681, 'learning_rate': 0.04512425563523819}
15:39:59  src.cpcv.tuning  INFO    [tuning] lstm done in 49.4s — best log_loss=0.6871
15:39:59  src.cpcv.tuning  INFO  Tuning total: 49.4s
15:39:59  src.cpcv.pipeline  INFO      applied lstm: {'hidden_size': 16, 'num_layers': 1, 'dropout': 0.22953379999681, 'learning_rate': 0.04512425563523819}
15:40:00  src.cpcv.pipeline  INFO    [ 31/140]                 lstm (seed=0) F1=0.351  AUC=0.590  LL=0.6876 (1.2s)
15:40:01  src.cpcv.pipeline  INFO    [ 32/140]                 lstm (seed=1) F1=0.351  AUC=0.549  LL=0.6930 (0.8s)
15:40:01  src.cpcv.pipeline  INFO    [ 33/140]                 lstm (seed=2) F1=0.351  AUC=0.487  LL=0.6952 (0.8s)
15:40:02  src.cpcv.pipeline  INFO    [ 34/140]                 lstm (seed=3) F1=0.351  AUC=0.573  LL=0.6904 (1.1s)
15:40:03  src.cpcv.pipeline  INFO    [ 35/140]                 lstm (seed=4) F1=0.560  AUC=0.577  LL=0.6907 (0.7s)
15:40:03  src.cpcv.preprocessing  INFO  Computing MDA (Random Forest)...
15:40:24  src.cpcv.preprocessing  INFO  Computing MDA (Logistic Regression)...
15:40:26  src.cpcv.preprocessing  INFO  Multi-model MDA: 37/73 passed (MDA > 0), 36 eliminated
15:40:26  src.cpcv.preprocessing  INFO    Capped at 14 features (top_k_frac=0.2)
15:40:26  src.cpcv.preprocessing  INFO    Selected (14): ['dxy_roc_30', 'gold_ret_30', 'log_returns', 'log_returns_lag2', 'log_returns_lag4', 'natgas_ret_30', 'negentropy', 'obv', 'rsi', 'silver_ret_30', 'skewness', 'tx_count_roc_14', 'us10y', 'us2y']
15:40:26  src.cpcv.pipeline  INFO    Preprocessing: 14 features selected, train=503 + val=108 + cal=108, test=239
15:40:26  src.cpcv.tuning  INFO  Tuning (1 model) — Optuna TPE + Purged K-Fold (inner: 3 folds, embargo=10 obs)
15:40:26  src.cpcv.tuning  INFO    [tuning] lstm: 3 purged K-fold splits, 40 Optuna trials (TPE)
15:41:12  src.cpcv.tuning  INFO      lstm: 26 completed, 14 pruned (of 40 total) — best log_loss=0.6821, params={'hidden_size': 8, 'dropout': 0.35545971025819184, 'learning_rate': 0.018354506076514166}
15:41:12  src.cpcv.tuning  INFO    [tuning] lstm done in 46.5s — best log_loss=0.6821
15:41:12  src.cpcv.tuning  INFO  Tuning total: 46.5s
15:41:12  src.cpcv.pipeline  INFO      applied lstm: {'hidden_size': 8, 'num_layers': 1, 'dropout': 0.35545971025819184, 'learning_rate': 0.018354506076514166}
15:41:13  src.cpcv.pipeline  INFO    [ 36/140]                 lstm (seed=0) F1=0.337  AUC=0.583  LL=0.6933 (0.7s)
15:41:14  src.cpcv.pipeline  INFO    [ 37/140]                 lstm (seed=1) F1=0.444  AUC=0.515  LL=0.6955 (0.9s)
15:41:15  src.cpcv.pipeline  INFO    [ 38/140]                 lstm (seed=2) F1=0.399  AUC=0.578  LL=0.7114 (0.8s)
15:41:15  src.cpcv.pipeline  INFO    [ 39/140]                 lstm (seed=3) F1=0.381  AUC=0.506  LL=0.8051 (0.7s)
15:41:16  src.cpcv.pipeline  INFO    [ 40/140]                 lstm (seed=4) F1=0.490  AUC=0.541  LL=0.7051 (0.7s)
15:41:16  src.cpcv.preprocessing  INFO  Computing MDA (Random Forest)...
15:41:38  src.cpcv.preprocessing  INFO  Computing MDA (Logistic Regression)...
15:41:39  src.cpcv.preprocessing  INFO  Multi-model MDA: 38/73 passed (MDA > 0), 35 eliminated
15:41:39  src.cpcv.preprocessing  INFO    Capped at 14 features (top_k_frac=0.2)
15:41:39  src.cpcv.preprocessing  INFO    Selected (14): ['cci_14', 'dxy_roc_30', 'eth_btc_ratio', 'hashrate_roc_30', 'jarque_bera', 'kurtosis', 'log_returns_lag2', 'log_returns_lag6', 'macd', 'macd_hist', 'natgas_ret_30', 'negentropy', 'us10y', 'vol_term_7_30']
15:41:39  src.cpcv.pipeline  INFO    Preprocessing: 14 features selected, train=494 + val=106 + cal=107, test=239
15:41:39  src.cpcv.tuning  INFO  Tuning (1 model) — Optuna TPE + Purged K-Fold (inner: 3 folds, embargo=10 obs)
15:41:39  src.cpcv.tuning  INFO    [tuning] lstm: 3 purged K-fold splits, 40 Optuna trials (TPE)
15:42:37  src.cpcv.tuning  INFO      lstm: 26 completed, 14 pruned (of 40 total) — best log_loss=0.6903, params={'hidden_size': 8, 'dropout': 0.4795658575150461, 'learning_rate': 0.027890383445299236}
15:42:37  src.cpcv.tuning  INFO    [tuning] lstm done in 57.8s — best log_loss=0.6903
15:42:37  src.cpcv.tuning  INFO  Tuning total: 57.8s
15:42:37  src.cpcv.pipeline  INFO      applied lstm: {'hidden_size': 8, 'num_layers': 1, 'dropout': 0.4795658575150461, 'learning_rate': 0.027890383445299236}
15:42:38  src.cpcv.pipeline  INFO    [ 41/140]                 lstm (seed=0) F1=0.467  AUC=0.451  LL=0.6908 (1.1s)
15:42:39  src.cpcv.pipeline  INFO    [ 42/140]                 lstm (seed=1) F1=0.447  AUC=0.506  LL=0.7045 (0.9s)
15:42:40  src.cpcv.pipeline  INFO    [ 43/140]                 lstm (seed=2) F1=0.382  AUC=0.525  LL=0.6864 (1.2s)
15:42:40  src.cpcv.pipeline  INFO    [ 44/140]                 lstm (seed=3) F1=0.360  AUC=0.544  LL=0.6870 (0.7s)
15:42:42  src.cpcv.pipeline  INFO    [ 45/140]                 lstm (seed=4) F1=0.459  AUC=0.452  LL=0.6987 (1.4s)
15:42:42  src.cpcv.preprocessing  INFO  Computing MDA (Random Forest)...
15:43:05  src.cpcv.preprocessing  INFO  Computing MDA (Logistic Regression)...
15:43:06  src.cpcv.preprocessing  INFO  Multi-model MDA: 37/73 passed (MDA > 0), 36 eliminated
15:43:06  src.cpcv.preprocessing  INFO    Capped at 14 features (top_k_frac=0.2)
15:43:06  src.cpcv.preprocessing  INFO    Selected (14): ['cci_14', 'chaikin_osc', 'dxy_roc_30', 'eth_btc_ratio', 'gold_ret_14', 'hashrate_roc_30', 'jarque_bera', 'log_returns_lag4', 'natgas_ret_30', 'roc_14', 'rsi', 'smt_exp', 'sp500_ret_14', 'williams_r']
15:43:06  src.cpcv.pipeline  INFO    Preprocessing: 14 features selected, train=494 + val=106 + cal=107, test=239
15:43:06  src.cpcv.tuning  INFO  Tuning (1 model) — Optuna TPE + Purged K-Fold (inner: 3 folds, embargo=10 obs)
15:43:06  src.cpcv.tuning  INFO    [tuning] lstm: 3 purged K-fold splits, 40 Optuna trials (TPE)
15:43:50  src.cpcv.tuning  INFO      lstm: 9 completed, 31 pruned (of 40 total) — best log_loss=0.6756, params={'hidden_size': 8, 'dropout': 0.4984891002388129, 'learning_rate': 0.007678057330851456}
15:43:50  src.cpcv.tuning  INFO    [tuning] lstm done in 44.0s — best log_loss=0.6756
15:43:50  src.cpcv.tuning  INFO  Tuning total: 44.0s
15:43:50  src.cpcv.pipeline  INFO      applied lstm: {'hidden_size': 8, 'num_layers': 1, 'dropout': 0.4984891002388129, 'learning_rate': 0.007678057330851456}
15:43:51  src.cpcv.pipeline  INFO    [ 46/140]                 lstm (seed=0) F1=0.495  AUC=0.536  LL=0.7445 (0.8s)
15:43:52  src.cpcv.pipeline  INFO    [ 47/140]                 lstm (seed=1) F1=0.476  AUC=0.497  LL=0.6871 (0.9s)
15:43:53  src.cpcv.pipeline  INFO    [ 48/140]                 lstm (seed=2) F1=0.500  AUC=0.577  LL=0.7239 (1.1s)
15:43:54  src.cpcv.pipeline  INFO    [ 49/140]                 lstm (seed=3) F1=0.482  AUC=0.546  LL=0.7042 (1.0s)
15:43:55  src.cpcv.pipeline  INFO    [ 50/140]                 lstm (seed=4) F1=0.546  AUC=0.584  LL=0.6893 (0.9s)
15:43:55  src.cpcv.preprocessing  INFO  Computing MDA (Random Forest)...
15:44:18  src.cpcv.preprocessing  INFO  Computing MDA (Logistic Regression)...
15:44:19  src.cpcv.preprocessing  INFO  Multi-model MDA: 37/73 passed (MDA > 0), 36 eliminated
15:44:19  src.cpcv.preprocessing  INFO    Capped at 14 features (top_k_frac=0.2)
15:44:19  src.cpcv.preprocessing  INFO    Selected (14): ['cci_14', 'ema_ratio_20_50', 'fee_per_tx', 'gold_ret_30', 'hashrate_roc_30', 'jarque_bera', 'log_returns', 'log_returns_lag6', 'mfi_14', 'natgas_ret_14', 'natgas_ret_30', 'silver_ret_30', 'skewness', 'sp500_ret_14']
15:44:19  src.cpcv.pipeline  INFO    Preprocessing: 14 features selected, train=494 + val=106 + cal=107, test=239
15:44:19  src.cpcv.tuning  INFO  Tuning (1 model) — Optuna TPE + Purged K-Fold (inner: 3 folds, embargo=10 obs)
15:44:19  src.cpcv.tuning  INFO    [tuning] lstm: 3 purged K-fold splits, 40 Optuna trials (TPE)
15:45:14  src.cpcv.tuning  INFO      lstm: 25 completed, 15 pruned (of 40 total) — best log_loss=0.6711, params={'hidden_size': 16, 'dropout': 0.36483929421557304, 'learning_rate': 0.03255982941931499}
15:45:14  src.cpcv.tuning  INFO    [tuning] lstm done in 55.5s — best log_loss=0.6711
15:45:14  src.cpcv.tuning  INFO  Tuning total: 55.5s
15:45:14  src.cpcv.pipeline  INFO      applied lstm: {'hidden_size': 16, 'num_layers': 1, 'dropout': 0.36483929421557304, 'learning_rate': 0.03255982941931499}
15:45:15  src.cpcv.pipeline  INFO    [ 51/140]                 lstm (seed=0) F1=0.345  AUC=0.517  LL=0.6916 (0.8s)
15:45:16  src.cpcv.pipeline  INFO    [ 52/140]                 lstm (seed=1) F1=0.528  AUC=0.567  LL=0.7273 (0.7s)
15:45:17  src.cpcv.pipeline  INFO    [ 53/140]                 lstm (seed=2) F1=0.440  AUC=0.457  LL=0.7487 (0.8s)
15:45:17  src.cpcv.pipeline  INFO    [ 54/140]                 lstm (seed=3) F1=0.475  AUC=0.585  LL=0.6843 (0.7s)
15:45:18  src.cpcv.pipeline  INFO    [ 55/140]                 lstm (seed=4) F1=0.492  AUC=0.514  LL=0.7004 (0.7s)
15:45:18  src.cpcv.preprocessing  INFO  Computing MDA (Random Forest)...
15:45:41  src.cpcv.preprocessing  INFO  Computing MDA (Logistic Regression)...
15:45:43  src.cpcv.preprocessing  INFO  Multi-model MDA: 34/73 passed (MDA > 0), 39 eliminated
15:45:43  src.cpcv.preprocessing  INFO    Capped at 14 features (top_k_frac=0.2)
15:45:43  src.cpcv.preprocessing  INFO    Selected (14): ['atr', 'copper_ret_14', 'eth_btc_ratio', 'fee_per_tx', 'jarque_bera', 'log_returns_lag4', 'log_returns_lag6', 'oil_ret_14', 'skewness', 'sp500_ret_30', 'variance_ratio', 'vix', 'vol_term_7_30', 'yield_curve_10y30y']
15:45:43  src.cpcv.pipeline  INFO    Preprocessing: 14 features selected, train=494 + val=106 + cal=107, test=239
15:45:43  src.cpcv.tuning  INFO  Tuning (1 model) — Optuna TPE + Purged K-Fold (inner: 3 folds, embargo=10 obs)
15:45:43  src.cpcv.tuning  INFO    [tuning] lstm: 3 purged K-fold splits, 40 Optuna trials (TPE)
15:46:44  src.cpcv.tuning  INFO      lstm: 21 completed, 19 pruned (of 40 total) — best log_loss=0.6725, params={'hidden_size': 8, 'dropout': 0.3319531414542334, 'learning_rate': 0.02313784374160722}
15:46:44  src.cpcv.tuning  INFO    [tuning] lstm done in 61.1s — best log_loss=0.6725
15:46:44  src.cpcv.tuning  INFO  Tuning total: 61.1s
15:46:44  src.cpcv.pipeline  INFO      applied lstm: {'hidden_size': 8, 'num_layers': 1, 'dropout': 0.3319531414542334, 'learning_rate': 0.02313784374160722}
15:46:45  src.cpcv.pipeline  INFO    [ 56/140]                 lstm (seed=0) F1=0.332  AUC=0.469  LL=0.9187 (1.0s)
15:46:46  src.cpcv.pipeline  INFO    [ 57/140]                 lstm (seed=1) F1=0.468  AUC=0.521  LL=0.7164 (0.8s)
15:46:46  src.cpcv.pipeline  INFO    [ 58/140]                 lstm (seed=2) F1=0.427  AUC=0.470  LL=0.6909 (0.7s)
15:46:47  src.cpcv.pipeline  INFO    [ 59/140]                 lstm (seed=3) F1=0.526  AUC=0.538  LL=0.6876 (0.8s)
15:46:48  src.cpcv.pipeline  INFO    [ 60/140]                 lstm (seed=4) F1=0.411  AUC=0.460  LL=0.6918 (0.7s)
15:46:48  src.cpcv.preprocessing  INFO  Computing MDA (Random Forest)...
15:47:11  src.cpcv.preprocessing  INFO  Computing MDA (Logistic Regression)...
15:47:12  src.cpcv.preprocessing  INFO  Multi-model MDA: 39/73 passed (MDA > 0), 34 eliminated
15:47:12  src.cpcv.preprocessing  INFO    Capped at 14 features (top_k_frac=0.2)
15:47:12  src.cpcv.preprocessing  INFO    Selected (14): ['dxy_roc_30', 'eth_btc_ratio', 'jarque_bera', 'kurtosis', 'log_returns_lag3', 'macd_hist', 'nasdaq_ret_30', 'obv', 'oil_ret_14', 'sadf', 'sp500_ret_30', 'williams_r', 'yield_curve_2y10y', 'yz_vol']
15:47:12  src.cpcv.pipeline  INFO    Preprocessing: 14 features selected, train=502 + val=108 + cal=108, test=239
15:47:12  src.cpcv.tuning  INFO  Tuning (1 model) — Optuna TPE + Purged K-Fold (inner: 3 folds, embargo=10 obs)
15:47:12  src.cpcv.tuning  INFO    [tuning] lstm: 3 purged K-fold splits, 40 Optuna trials (TPE)
15:48:02  src.cpcv.tuning  INFO      lstm: 19 completed, 21 pruned (of 40 total) — best log_loss=0.6874, params={'hidden_size': 16, 'dropout': 0.2032639475530097, 'learning_rate': 0.04492804320059423}
15:48:02  src.cpcv.tuning  INFO    [tuning] lstm done in 49.9s — best log_loss=0.6874
15:48:02  src.cpcv.tuning  INFO  Tuning total: 49.9s
15:48:02  src.cpcv.pipeline  INFO      applied lstm: {'hidden_size': 16, 'num_layers': 1, 'dropout': 0.2032639475530097, 'learning_rate': 0.04492804320059423}
15:48:03  src.cpcv.pipeline  INFO    [ 61/140]                 lstm (seed=0) F1=0.363  AUC=0.488  LL=0.6835 (1.2s)
15:48:04  src.cpcv.pipeline  INFO    [ 62/140]                 lstm (seed=1) F1=0.481  AUC=0.517  LL=0.6897 (1.0s)
15:48:05  src.cpcv.pipeline  INFO    [ 63/140]                 lstm (seed=2) F1=0.363  AUC=0.469  LL=0.6855 (0.7s)
15:48:06  src.cpcv.pipeline  INFO    [ 64/140]                 lstm (seed=3) F1=0.363  AUC=0.487  LL=0.6859 (0.7s)
15:48:07  src.cpcv.pipeline  INFO    [ 65/140]                 lstm (seed=4) F1=0.449  AUC=0.490  LL=0.6911 (1.0s)
15:48:07  src.cpcv.preprocessing  INFO  Computing MDA (Random Forest)...
15:48:28  src.cpcv.preprocessing  INFO  Computing MDA (Logistic Regression)...
15:48:29  src.cpcv.preprocessing  INFO  Multi-model MDA: 37/73 passed (MDA > 0), 36 eliminated
15:48:29  src.cpcv.preprocessing  INFO    Capped at 14 features (top_k_frac=0.2)
15:48:29  src.cpcv.preprocessing  INFO    Selected (14): ['eth_btc_ratio', 'log_returns_lag2', 'log_returns_lag6', 'macd_hist', 'obv', 'oil_ret_30', 'roc_14', 'sadf', 'silver_ret_30', 'sp500_ret_30', 'stoch_d', 'vol_term_30_90', 'williams_r', 'yield_curve_2y10y']
15:48:29  src.cpcv.pipeline  INFO    Preprocessing: 14 features selected, train=464 + val=99 + cal=100, test=292
15:48:29  src.cpcv.tuning  INFO  Tuning (1 model) — Optuna TPE + Purged K-Fold (inner: 3 folds, embargo=10 obs)
15:48:29  src.cpcv.tuning  INFO    [tuning] lstm: 3 purged K-fold splits, 40 Optuna trials (TPE)
15:49:13  src.cpcv.tuning  INFO      lstm: 25 completed, 15 pruned (of 40 total) — best log_loss=0.6817, params={'hidden_size': 8, 'dropout': 0.3166307584359159, 'learning_rate': 0.031706719868747}
15:49:13  src.cpcv.tuning  INFO    [tuning] lstm done in 43.5s — best log_loss=0.6817
15:49:13  src.cpcv.tuning  INFO  Tuning total: 43.5s
15:49:13  src.cpcv.pipeline  INFO      applied lstm: {'hidden_size': 8, 'num_layers': 1, 'dropout': 0.3166307584359159, 'learning_rate': 0.031706719868747}
15:49:13  src.cpcv.pipeline  INFO    [ 66/140]                 lstm (seed=0) F1=0.535  AUC=0.520  LL=0.7237 (0.9s)
15:49:14  src.cpcv.pipeline  INFO    [ 67/140]                 lstm (seed=1) F1=0.498  AUC=0.509  LL=0.6965 (0.6s)
15:49:15  src.cpcv.pipeline  INFO    [ 68/140]                 lstm (seed=2) F1=0.517  AUC=0.569  LL=0.6978 (0.8s)
15:49:16  src.cpcv.pipeline  INFO    [ 69/140]                 lstm (seed=3) F1=0.461  AUC=0.545  LL=0.7072 (1.0s)
15:49:17  src.cpcv.pipeline  INFO    [ 70/140]                 lstm (seed=4) F1=0.489  AUC=0.553  LL=0.6970 (0.7s)
15:49:17  src.cpcv.preprocessing  INFO  Computing MDA (Random Forest)...
15:49:38  src.cpcv.preprocessing  INFO  Computing MDA (Logistic Regression)...
15:49:39  src.cpcv.preprocessing  INFO  Multi-model MDA: 39/73 passed (MDA > 0), 34 eliminated
15:49:39  src.cpcv.preprocessing  INFO    Capped at 14 features (top_k_frac=0.2)
15:49:39  src.cpcv.preprocessing  INFO    Selected (14): ['ema_ratio_20_50', 'eth_btc_ratio', 'issuance_ntv', 'log_returns_lag4', 'mvrv', 'oil_ret_14', 'roc_14', 'skewness', 'sp500_ret_14', 'sp500_ret_30', 'stoch_d', 'us2y', 'yield_curve_10y30y', 'yield_curve_2y10y']
15:49:39  src.cpcv.pipeline  INFO    Preprocessing: 14 features selected, train=455 + val=98 + cal=98, test=292
15:49:39  src.cpcv.tuning  INFO  Tuning (1 model) — Optuna TPE + Purged K-Fold (inner: 3 folds, embargo=10 obs)
15:49:39  src.cpcv.tuning  INFO    [tuning] lstm: 3 purged K-fold splits, 40 Optuna trials (TPE)
15:50:21  src.cpcv.tuning  INFO      lstm: 18 completed, 22 pruned (of 40 total) — best log_loss=0.6837, params={'hidden_size': 16, 'dropout': 0.33604114061131346, 'learning_rate': 0.04947986246289889}
15:50:21  src.cpcv.tuning  INFO    [tuning] lstm done in 41.7s — best log_loss=0.6837
15:50:21  src.cpcv.tuning  INFO  Tuning total: 41.7s
15:50:21  src.cpcv.pipeline  INFO      applied lstm: {'hidden_size': 16, 'num_layers': 1, 'dropout': 0.33604114061131346, 'learning_rate': 0.04947986246289889}
15:50:21  src.cpcv.pipeline  INFO    [ 71/140]                 lstm (seed=0) F1=0.433  AUC=0.521  LL=0.6921 (0.8s)
15:50:22  src.cpcv.pipeline  INFO    [ 72/140]                 lstm (seed=1) F1=0.351  AUC=0.534  LL=0.6898 (0.9s)
15:50:23  src.cpcv.pipeline  INFO    [ 73/140]                 lstm (seed=2) F1=0.517  AUC=0.575  LL=0.7602 (0.8s)
15:50:25  src.cpcv.pipeline  INFO    [ 74/140]                 lstm (seed=3) F1=0.454  AUC=0.549  LL=0.6866 (1.7s)
15:50:26  src.cpcv.pipeline  INFO    [ 75/140]                 lstm (seed=4) F1=0.472  AUC=0.547  LL=0.6877 (1.4s)
15:50:26  src.cpcv.preprocessing  INFO  Computing MDA (Random Forest)...
15:50:48  src.cpcv.preprocessing  INFO  Computing MDA (Logistic Regression)...
15:50:49  src.cpcv.preprocessing  INFO  Multi-model MDA: 30/73 passed (MDA > 0), 43 eliminated
15:50:49  src.cpcv.preprocessing  INFO    Capped at 14 features (top_k_frac=0.2)
15:50:49  src.cpcv.preprocessing  INFO    Selected (14): ['ema_ratio_50_200', 'log_returns', 'log_returns_lag2', 'log_returns_lag30', 'log_returns_lag7', 'natgas_ret_14', 'natgas_ret_30', 'rsi', 'skewness', 'sp500_ret_14', 'us10y', 'us2y', 'vix', 'yield_curve_10y30y']
15:50:49  src.cpcv.pipeline  INFO    Preprocessing: 14 features selected, train=455 + val=98 + cal=98, test=292
15:50:49  src.cpcv.tuning  INFO  Tuning (1 model) — Optuna TPE + Purged K-Fold (inner: 3 folds, embargo=10 obs)
15:50:49  src.cpcv.tuning  INFO    [tuning] lstm: 3 purged K-fold splits, 40 Optuna trials (TPE)
15:51:32  src.cpcv.tuning  INFO      lstm: 16 completed, 24 pruned (of 40 total) — best log_loss=0.6821, params={'hidden_size': 8, 'dropout': 0.3872250581517096, 'learning_rate': 0.013031452999306192}
15:51:32  src.cpcv.tuning  INFO    [tuning] lstm done in 42.8s — best log_loss=0.6821
15:51:32  src.cpcv.tuning  INFO  Tuning total: 42.8s
15:51:32  src.cpcv.pipeline  INFO      applied lstm: {'hidden_size': 8, 'num_layers': 1, 'dropout': 0.3872250581517096, 'learning_rate': 0.013031452999306192}
15:51:33  src.cpcv.pipeline  INFO    [ 76/140]                 lstm (seed=0) F1=0.494  AUC=0.566  LL=0.6997 (1.1s)
15:51:33  src.cpcv.pipeline  INFO    [ 77/140]                 lstm (seed=1) F1=0.556  AUC=0.567  LL=0.6932 (0.6s)
15:51:34  src.cpcv.pipeline  INFO    [ 78/140]                 lstm (seed=2) F1=0.376  AUC=0.518  LL=0.7836 (0.5s)
15:51:34  src.cpcv.pipeline  INFO    [ 79/140]                 lstm (seed=3) F1=0.462  AUC=0.566  LL=0.7212 (0.6s)
15:51:35  src.cpcv.pipeline  INFO    [ 80/140]                 lstm (seed=4) F1=0.442  AUC=0.583  LL=0.6966 (0.6s)
15:51:35  src.cpcv.preprocessing  INFO  Computing MDA (Random Forest)...
15:51:56  src.cpcv.preprocessing  INFO  Computing MDA (Logistic Regression)...
15:51:58  src.cpcv.preprocessing  INFO  Multi-model MDA: 37/73 passed (MDA > 0), 36 eliminated
15:51:58  src.cpcv.preprocessing  INFO    Capped at 14 features (top_k_frac=0.2)
15:51:58  src.cpcv.preprocessing  INFO    Selected (14): ['dxy_roc_30', 'exchange_supply_pct', 'jarque_bera', 'log_returns_lag5', 'log_returns_lag6', 'lz_complexity', 'nasdaq_ret_14', 'nasdaq_ret_30', 'obv', 'oil_ret_14', 'rsi', 'sadf', 'silver_ret_30', 'smt_exp']
15:51:58  src.cpcv.pipeline  INFO    Preprocessing: 14 features selected, train=455 + val=98 + cal=98, test=292
15:51:58  src.cpcv.tuning  INFO  Tuning (1 model) — Optuna TPE + Purged K-Fold (inner: 3 folds, embargo=10 obs)
15:51:58  src.cpcv.tuning  INFO    [tuning] lstm: 3 purged K-fold splits, 40 Optuna trials (TPE)
15:52:45  src.cpcv.tuning  INFO      lstm: 30 completed, 10 pruned (of 40 total) — best log_loss=0.6728, params={'hidden_size': 16, 'dropout': 0.4720897802663169, 'learning_rate': 0.009094312328657678}
15:52:45  src.cpcv.tuning  INFO    [tuning] lstm done in 47.4s — best log_loss=0.6728
15:52:45  src.cpcv.tuning  INFO  Tuning total: 47.4s
15:52:45  src.cpcv.pipeline  INFO      applied lstm: {'hidden_size': 16, 'num_layers': 1, 'dropout': 0.4720897802663169, 'learning_rate': 0.009094312328657678}
15:52:46  src.cpcv.pipeline  INFO    [ 81/140]                 lstm (seed=0) F1=0.429  AUC=0.419  LL=0.7222 (0.6s)
15:52:47  src.cpcv.pipeline  INFO    [ 82/140]                 lstm (seed=1) F1=0.493  AUC=0.443  LL=0.9401 (1.5s)
15:52:48  src.cpcv.pipeline  INFO    [ 83/140]                 lstm (seed=2) F1=0.470  AUC=0.453  LL=0.7850 (0.9s)
15:52:49  src.cpcv.pipeline  INFO    [ 84/140]                 lstm (seed=3) F1=0.440  AUC=0.446  LL=0.7846 (1.1s)
15:52:50  src.cpcv.pipeline  INFO    [ 85/140]                 lstm (seed=4) F1=0.435  AUC=0.443  LL=0.8781 (0.8s)
15:52:50  src.cpcv.preprocessing  INFO  Computing MDA (Random Forest)...
15:53:11  src.cpcv.preprocessing  INFO  Computing MDA (Logistic Regression)...
15:53:12  src.cpcv.preprocessing  INFO  Multi-model MDA: 40/73 passed (MDA > 0), 33 eliminated
15:53:12  src.cpcv.preprocessing  INFO    Capped at 14 features (top_k_frac=0.2)
15:53:12  src.cpcv.preprocessing  INFO    Selected (14): ['chaikin_osc', 'dxy_roc_30', 'exchange_supply_pct', 'fee_per_tx', 'gk_vol', 'jarque_bera', 'kurtosis', 'log_returns_lag1', 'macd_hist', 'natgas_ret_30', 'obv', 'roc_14', 'sadf', 'smt_exp']
15:53:12  src.cpcv.pipeline  INFO    Preprocessing: 14 features selected, train=463 + val=99 + cal=100, test=292
15:53:12  src.cpcv.tuning  INFO  Tuning (1 model) — Optuna TPE + Purged K-Fold (inner: 3 folds, embargo=10 obs)
15:53:12  src.cpcv.tuning  INFO    [tuning] lstm: 3 purged K-fold splits, 40 Optuna trials (TPE)
15:54:03  src.cpcv.tuning  INFO      lstm: 32 completed, 8 pruned (of 40 total) — best log_loss=0.6782, params={'hidden_size': 8, 'dropout': 0.3722218557021118, 'learning_rate': 0.035259183244774964}
15:54:03  src.cpcv.tuning  INFO    [tuning] lstm done in 50.4s — best log_loss=0.6782
15:54:03  src.cpcv.tuning  INFO  Tuning total: 50.4s
15:54:03  src.cpcv.pipeline  INFO      applied lstm: {'hidden_size': 8, 'num_layers': 1, 'dropout': 0.3722218557021118, 'learning_rate': 0.035259183244774964}
15:54:03  src.cpcv.pipeline  INFO    [ 86/140]                 lstm (seed=0) F1=0.340  AUC=0.486  LL=0.7219 (0.8s)
15:54:04  src.cpcv.pipeline  INFO    [ 87/140]                 lstm (seed=1) F1=0.340  AUC=0.446  LL=0.7047 (0.8s)
15:54:05  src.cpcv.pipeline  INFO    [ 88/140]                 lstm (seed=2) F1=0.340  AUC=0.484  LL=0.7040 (0.7s)
15:54:06  src.cpcv.pipeline  INFO    [ 89/140]                 lstm (seed=3) F1=0.340  AUC=0.474  LL=0.7038 (0.7s)
15:54:06  src.cpcv.pipeline  INFO    [ 90/140]                 lstm (seed=4) F1=0.417  AUC=0.469  LL=1.2428 (0.7s)
15:54:07  src.cpcv.preprocessing  INFO  Computing MDA (Random Forest)...
15:54:28  src.cpcv.preprocessing  INFO  Computing MDA (Logistic Regression)...
15:54:29  src.cpcv.preprocessing  INFO  Multi-model MDA: 39/73 passed (MDA > 0), 34 eliminated
15:54:29  src.cpcv.preprocessing  INFO    Capped at 14 features (top_k_frac=0.2)
15:54:29  src.cpcv.preprocessing  INFO    Selected (14): ['copper_ret_14', 'eth_btc_ratio', 'kurtosis', 'log_returns_lag14', 'log_returns_lag2', 'log_returns_lag3', 'log_returns_lag7', 'lz_complexity', 'natgas_ret_30', 'oil_ret_14', 'rsi', 'skewness', 'smt_poly1', 'sp500_ret_30']
15:54:29  src.cpcv.pipeline  INFO    Preprocessing: 14 features selected, train=465 + val=100 + cal=100, test=292
15:54:29  src.cpcv.tuning  INFO  Tuning (1 model) — Optuna TPE + Purged K-Fold (inner: 3 folds, embargo=10 obs)
15:54:29  src.cpcv.tuning  INFO    [tuning] lstm: 3 purged K-fold splits, 40 Optuna trials (TPE)
15:55:13  src.cpcv.tuning  INFO      lstm: 19 completed, 21 pruned (of 40 total) — best log_loss=0.6742, params={'hidden_size': 8, 'dropout': 0.33567746801602333, 'learning_rate': 0.049390802674934925}
15:55:13  src.cpcv.tuning  INFO    [tuning] lstm done in 44.0s — best log_loss=0.6742
15:55:13  src.cpcv.tuning  INFO  Tuning total: 44.0s
15:55:13  src.cpcv.pipeline  INFO      applied lstm: {'hidden_size': 8, 'num_layers': 1, 'dropout': 0.33567746801602333, 'learning_rate': 0.049390802674934925}
15:55:14  src.cpcv.pipeline  INFO    [ 91/140]                 lstm (seed=0) F1=0.485  AUC=0.501  LL=0.7393 (0.8s)
15:55:15  src.cpcv.pipeline  INFO    [ 92/140]                 lstm (seed=1) F1=0.363  AUC=0.475  LL=0.6844 (0.7s)
15:55:15  src.cpcv.pipeline  INFO    [ 93/140]                 lstm (seed=2) F1=0.363  AUC=0.563  LL=0.6835 (0.7s)
15:55:16  src.cpcv.pipeline  INFO    [ 94/140]                 lstm (seed=3) F1=0.512  AUC=0.557  LL=0.6813 (0.6s)
15:55:17  src.cpcv.pipeline  INFO    [ 95/140]                 lstm (seed=4) F1=0.363  AUC=0.523  LL=0.6839 (0.6s)
15:55:17  src.cpcv.preprocessing  INFO  Computing MDA (Random Forest)...
15:55:38  src.cpcv.preprocessing  INFO  Computing MDA (Logistic Regression)...
15:55:39  src.cpcv.preprocessing  INFO  Multi-model MDA: 38/73 passed (MDA > 0), 35 eliminated
15:55:39  src.cpcv.preprocessing  INFO    Capped at 14 features (top_k_frac=0.2)
15:55:39  src.cpcv.preprocessing  INFO    Selected (14): ['ema_ratio_20_50', 'log_returns_lag30', 'log_returns_lag5', 'log_returns_lag6', 'log_returns_lag7', 'mvrv', 'net_exchange_flow', 'oil_ret_14', 'silver_ret_14', 'skewness', 'sp500_ret_14', 'us10y', 'variance_ratio', 'vix']
15:55:39  src.cpcv.pipeline  INFO    Preprocessing: 14 features selected, train=457 + val=98 + cal=98, test=292
15:55:39  src.cpcv.tuning  INFO  Tuning (1 model) — Optuna TPE + Purged K-Fold (inner: 3 folds, embargo=10 obs)
15:55:39  src.cpcv.tuning  INFO    [tuning] lstm: 3 purged K-fold splits, 40 Optuna trials (TPE)
15:56:22  src.cpcv.tuning  INFO      lstm: 21 completed, 19 pruned (of 40 total) — best log_loss=0.6765, params={'hidden_size': 8, 'dropout': 0.4547913662099984, 'learning_rate': 0.04950532270315986}
15:56:22  src.cpcv.tuning  INFO    [tuning] lstm done in 43.2s — best log_loss=0.6765
15:56:22  src.cpcv.tuning  INFO  Tuning total: 43.2s
15:56:22  src.cpcv.pipeline  INFO      applied lstm: {'hidden_size': 8, 'num_layers': 1, 'dropout': 0.4547913662099984, 'learning_rate': 0.04950532270315986}
15:56:23  src.cpcv.pipeline  INFO    [ 96/140]                 lstm (seed=0) F1=0.461  AUC=0.477  LL=0.7396 (0.7s)
15:56:24  src.cpcv.pipeline  INFO    [ 97/140]                 lstm (seed=1) F1=0.382  AUC=0.496  LL=0.7376 (0.7s)
15:56:25  src.cpcv.pipeline  INFO    [ 98/140]                 lstm (seed=2) F1=0.493  AUC=0.542  LL=0.7385 (0.7s)
15:56:26  src.cpcv.pipeline  INFO    [ 99/140]                 lstm (seed=3) F1=0.426  AUC=0.546  LL=0.7838 (1.0s)
15:56:26  src.cpcv.pipeline  INFO    [100/140]                 lstm (seed=4) F1=0.476  AUC=0.485  LL=0.7757 (0.7s)
15:56:27  src.cpcv.preprocessing  INFO  Computing MDA (Random Forest)...
15:56:48  src.cpcv.preprocessing  INFO  Computing MDA (Logistic Regression)...
15:56:49  src.cpcv.preprocessing  INFO  Multi-model MDA: 37/73 passed (MDA > 0), 36 eliminated
15:56:49  src.cpcv.preprocessing  INFO    Capped at 14 features (top_k_frac=0.2)
15:56:49  src.cpcv.preprocessing  INFO    Selected (14): ['eth_btc_ratio', 'gold_ret_30', 'kurtosis', 'log_returns_lag3', 'log_returns_lag6', 'log_returns_lag7', 'macd_hist', 'realized_vol', 'silver_ret_30', 'sp500_ret_30', 'stoch_k', 'variance_ratio', 'williams_r', 'yield_curve_2y10y']
15:56:49  src.cpcv.pipeline  INFO    Preprocessing: 14 features selected, train=457 + val=98 + cal=98, test=292
15:56:49  src.cpcv.tuning  INFO  Tuning (1 model) — Optuna TPE + Purged K-Fold (inner: 3 folds, embargo=10 obs)
15:56:49  src.cpcv.tuning  INFO    [tuning] lstm: 3 purged K-fold splits, 40 Optuna trials (TPE)
15:57:34  src.cpcv.tuning  INFO      lstm: 12 completed, 28 pruned (of 40 total) — best log_loss=0.6640, params={'hidden_size': 16, 'dropout': 0.4825187986925328, 'learning_rate': 0.03309516342248925}
15:57:34  src.cpcv.tuning  INFO    [tuning] lstm done in 45.2s — best log_loss=0.6640
15:57:34  src.cpcv.tuning  INFO  Tuning total: 45.2s
15:57:34  src.cpcv.pipeline  INFO      applied lstm: {'hidden_size': 16, 'num_layers': 1, 'dropout': 0.4825187986925328, 'learning_rate': 0.03309516342248925}
15:57:35  src.cpcv.pipeline  INFO    [101/140]                 lstm (seed=0) F1=0.420  AUC=0.480  LL=0.7476 (0.7s)
15:57:36  src.cpcv.pipeline  INFO    [102/140]                 lstm (seed=1) F1=0.523  AUC=0.562  LL=0.7251 (0.7s)
15:57:36  src.cpcv.pipeline  INFO    [103/140]                 lstm (seed=2) F1=0.523  AUC=0.549  LL=0.7567 (0.8s)
15:57:37  src.cpcv.pipeline  INFO    [104/140]                 lstm (seed=3) F1=0.461  AUC=0.512  LL=0.7382 (0.8s)
15:57:38  src.cpcv.pipeline  INFO    [105/140]                 lstm (seed=4) F1=0.483  AUC=0.519  LL=0.7201 (0.8s)
15:57:38  src.cpcv.preprocessing  INFO  Computing MDA (Random Forest)...
15:57:59  src.cpcv.preprocessing  INFO  Computing MDA (Logistic Regression)...
15:58:00  src.cpcv.preprocessing  INFO  Multi-model MDA: 38/73 passed (MDA > 0), 35 eliminated
15:58:00  src.cpcv.preprocessing  INFO    Capped at 14 features (top_k_frac=0.2)
15:58:00  src.cpcv.preprocessing  INFO    Selected (14): ['active_addr_roc_14', 'bb_width', 'copper_ret_30', 'eth_btc_ratio', 'exchange_supply_pct', 'log_returns_lag1', 'log_returns_lag5', 'log_returns_lag6', 'oil_ret_14', 'silver_ret_30', 'smt_poly1', 'sp500_ret_30', 'yield_curve_10y30y', 'yz_vol']
15:58:00  src.cpcv.pipeline  INFO    Preprocessing: 14 features selected, train=464 + val=100 + cal=100, test=292
15:58:00  src.cpcv.tuning  INFO  Tuning (1 model) — Optuna TPE + Purged K-Fold (inner: 3 folds, embargo=10 obs)
15:58:00  src.cpcv.tuning  INFO    [tuning] lstm: 3 purged K-fold splits, 40 Optuna trials (TPE)
15:58:55  src.cpcv.tuning  INFO      lstm: 22 completed, 18 pruned (of 40 total) — best log_loss=0.6719, params={'hidden_size': 16, 'dropout': 0.2256427504555185, 'learning_rate': 0.0018614396701910367}
15:58:55  src.cpcv.tuning  INFO    [tuning] lstm done in 54.6s — best log_loss=0.6719
15:58:55  src.cpcv.tuning  INFO  Tuning total: 54.6s
15:58:55  src.cpcv.pipeline  INFO      applied lstm: {'hidden_size': 16, 'num_layers': 1, 'dropout': 0.2256427504555185, 'learning_rate': 0.0018614396701910367}
15:58:56  src.cpcv.pipeline  INFO    [106/140]                 lstm (seed=0) F1=0.353  AUC=0.454  LL=0.6947 (0.7s)
15:58:57  src.cpcv.pipeline  INFO    [107/140]                 lstm (seed=1) F1=0.353  AUC=0.557  LL=0.6937 (0.7s)
15:58:57  src.cpcv.pipeline  INFO    [108/140]                 lstm (seed=2) F1=0.353  AUC=0.540  LL=0.6975 (0.7s)
15:58:58  src.cpcv.pipeline  INFO    [109/140]                 lstm (seed=3) F1=0.353  AUC=0.501  LL=0.7172 (0.8s)
15:58:59  src.cpcv.pipeline  INFO    [110/140]                 lstm (seed=4) F1=0.353  AUC=0.481  LL=0.7205 (0.7s)
15:58:59  src.cpcv.preprocessing  INFO  Computing MDA (Random Forest)...
15:59:20  src.cpcv.preprocessing  INFO  Computing MDA (Logistic Regression)...
15:59:21  src.cpcv.preprocessing  INFO  Multi-model MDA: 38/73 passed (MDA > 0), 35 eliminated
15:59:21  src.cpcv.preprocessing  INFO    Capped at 14 features (top_k_frac=0.2)
15:59:21  src.cpcv.preprocessing  INFO    Selected (14): ['cci_14', 'ema_ratio_20_50', 'fee_per_tx', 'log_returns_lag2', 'log_returns_lag5', 'log_returns_lag6', 'macd', 'macd_hist', 'mfi_14', 'net_exchange_flow', 'obv', 'sadf', 'smt_exp', 'vol_term_30_90']
15:59:21  src.cpcv.pipeline  INFO    Preprocessing: 14 features selected, train=465 + val=100 + cal=100, test=292
15:59:21  src.cpcv.tuning  INFO  Tuning (1 model) — Optuna TPE + Purged K-Fold (inner: 3 folds, embargo=10 obs)
15:59:21  src.cpcv.tuning  INFO    [tuning] lstm: 3 purged K-fold splits, 40 Optuna trials (TPE)
16:00:09  src.cpcv.tuning  INFO      lstm: 21 completed, 19 pruned (of 40 total) — best log_loss=0.6895, params={'hidden_size': 16, 'dropout': 0.4951672006830229, 'learning_rate': 0.033251206284778526}
16:00:09  src.cpcv.tuning  INFO    [tuning] lstm done in 47.9s — best log_loss=0.6895
16:00:09  src.cpcv.tuning  INFO  Tuning total: 47.9s
16:00:09  src.cpcv.pipeline  INFO      applied lstm: {'hidden_size': 16, 'num_layers': 1, 'dropout': 0.4951672006830229, 'learning_rate': 0.033251206284778526}
16:00:10  src.cpcv.pipeline  INFO    [111/140]                 lstm (seed=0) F1=0.356  AUC=0.435  LL=0.6881 (0.9s)
16:00:10  src.cpcv.pipeline  INFO    [112/140]                 lstm (seed=1) F1=0.356  AUC=0.441  LL=0.6902 (0.7s)
16:00:11  src.cpcv.pipeline  INFO    [113/140]                 lstm (seed=2) F1=0.356  AUC=0.509  LL=0.6877 (0.7s)
16:00:12  src.cpcv.pipeline  INFO    [114/140]                 lstm (seed=3) F1=0.380  AUC=0.501  LL=0.6910 (0.7s)
16:00:13  src.cpcv.pipeline  INFO    [115/140]                 lstm (seed=4) F1=0.356  AUC=0.406  LL=0.6881 (0.8s)
16:00:13  src.cpcv.preprocessing  INFO  Computing MDA (Random Forest)...
16:00:34  src.cpcv.preprocessing  INFO  Computing MDA (Logistic Regression)...
16:00:35  src.cpcv.preprocessing  INFO  Multi-model MDA: 40/73 passed (MDA > 0), 33 eliminated
16:00:35  src.cpcv.preprocessing  INFO    Capped at 14 features (top_k_frac=0.2)
16:00:35  src.cpcv.preprocessing  INFO    Selected (14): ['bb_width', 'eth_btc_ratio', 'gk_vol', 'gold_ret_30', 'hashrate_roc_30', 'hurst', 'log_returns_lag1', 'log_returns_lag21', 'log_returns_lag4', 'log_returns_lag6', 'nasdaq_ret_14', 'silver_ret_30', 'smt_poly1', 'yield_curve_10y30y']
16:00:35  src.cpcv.pipeline  INFO    Preprocessing: 14 features selected, train=457 + val=98 + cal=98, test=292
16:00:35  src.cpcv.tuning  INFO  Tuning (1 model) — Optuna TPE + Purged K-Fold (inner: 3 folds, embargo=10 obs)
16:00:35  src.cpcv.tuning  INFO    [tuning] lstm: 3 purged K-fold splits, 40 Optuna trials (TPE)
16:01:22  src.cpcv.tuning  INFO      lstm: 23 completed, 17 pruned (of 40 total) — best log_loss=0.6800, params={'hidden_size': 16, 'dropout': 0.22176026247349004, 'learning_rate': 0.01537075664176472}
16:01:22  src.cpcv.tuning  INFO    [tuning] lstm done in 47.3s — best log_loss=0.6800
16:01:22  src.cpcv.tuning  INFO  Tuning total: 47.3s
16:01:22  src.cpcv.pipeline  INFO      applied lstm: {'hidden_size': 16, 'num_layers': 1, 'dropout': 0.22176026247349004, 'learning_rate': 0.01537075664176472}
16:01:23  src.cpcv.pipeline  INFO    [116/140]                 lstm (seed=0) F1=0.370  AUC=0.532  LL=0.6812 (0.8s)
16:01:24  src.cpcv.pipeline  INFO    [117/140]                 lstm (seed=1) F1=0.524  AUC=0.553  LL=0.6806 (0.8s)
16:01:25  src.cpcv.pipeline  INFO    [118/140]                 lstm (seed=2) F1=0.540  AUC=0.541  LL=0.6903 (0.7s)
16:01:25  src.cpcv.pipeline  INFO    [119/140]                 lstm (seed=3) F1=0.517  AUC=0.538  LL=0.6932 (0.6s)
16:01:26  src.cpcv.pipeline  INFO    [120/140]                 lstm (seed=4) F1=0.544  AUC=0.542  LL=0.7204 (0.7s)
16:01:26  src.cpcv.preprocessing  INFO  Computing MDA (Random Forest)...
16:01:47  src.cpcv.preprocessing  INFO  Computing MDA (Logistic Regression)...
16:01:48  src.cpcv.preprocessing  INFO  Multi-model MDA: 41/73 passed (MDA > 0), 32 eliminated
16:01:48  src.cpcv.preprocessing  INFO    Capped at 14 features (top_k_frac=0.2)
16:01:48  src.cpcv.preprocessing  INFO    Selected (14): ['ema_ratio_50_200', 'gk_vol', 'log_returns_lag1', 'log_returns_lag14', 'log_returns_lag21', 'log_returns_lag3', 'log_returns_lag30', 'log_returns_lag4', 'nasdaq_ret_30', 'realized_vol', 'silver_ret_30', 'smt_poly1', 'tx_count_roc_14', 'vol_term_7_30']
16:01:48  src.cpcv.pipeline  INFO    Preprocessing: 14 features selected, train=464 + val=100 + cal=100, test=292
16:01:48  src.cpcv.tuning  INFO  Tuning (1 model) — Optuna TPE + Purged K-Fold (inner: 3 folds, embargo=10 obs)
16:01:48  src.cpcv.tuning  INFO    [tuning] lstm: 3 purged K-fold splits, 40 Optuna trials (TPE)
16:02:28  src.cpcv.tuning  INFO      lstm: 17 completed, 23 pruned (of 40 total) — best log_loss=0.6955, params={'hidden_size': 16, 'dropout': 0.20174565862100655, 'learning_rate': 0.04492226065529691}
16:02:28  src.cpcv.tuning  INFO    [tuning] lstm done in 40.1s — best log_loss=0.6955
16:02:28  src.cpcv.tuning  INFO  Tuning total: 40.1s
16:02:28  src.cpcv.pipeline  INFO      applied lstm: {'hidden_size': 16, 'num_layers': 1, 'dropout': 0.20174565862100655, 'learning_rate': 0.04492226065529691}
16:02:29  src.cpcv.pipeline  INFO    [121/140]                 lstm (seed=0) F1=0.370  AUC=0.458  LL=0.6795 (0.8s)
16:02:30  src.cpcv.pipeline  INFO    [122/140]                 lstm (seed=1) F1=0.370  AUC=0.528  LL=0.6776 (0.7s)
16:02:31  src.cpcv.pipeline  INFO    [123/140]                 lstm (seed=2) F1=0.370  AUC=0.459  LL=0.6810 (0.7s)
16:02:31  src.cpcv.pipeline  INFO    [124/140]                 lstm (seed=3) F1=0.370  AUC=0.446  LL=0.6793 (0.9s)
16:02:32  src.cpcv.pipeline  INFO    [125/140]                 lstm (seed=4) F1=0.370  AUC=0.490  LL=0.6778 (0.7s)
16:02:32  src.cpcv.preprocessing  INFO  Computing MDA (Random Forest)...
16:02:53  src.cpcv.preprocessing  INFO  Computing MDA (Logistic Regression)...
16:02:55  src.cpcv.preprocessing  INFO  Multi-model MDA: 39/73 passed (MDA > 0), 34 eliminated
16:02:55  src.cpcv.preprocessing  INFO    Capped at 14 features (top_k_frac=0.2)
16:02:55  src.cpcv.preprocessing  INFO    Selected (14): ['cci_14', 'dxy_roc_30', 'ema_ratio_50_200', 'fee_per_tx', 'gk_vol', 'gold_ret_14', 'gold_ret_30', 'kurtosis', 'log_returns', 'log_returns_lag2', 'log_returns_lag5', 'log_returns_lag6', 'smt_poly1', 'vix']
16:02:55  src.cpcv.pipeline  INFO    Preprocessing: 14 features selected, train=465 + val=100 + cal=100, test=292
16:02:55  src.cpcv.tuning  INFO  Tuning (1 model) — Optuna TPE + Purged K-Fold (inner: 3 folds, embargo=10 obs)
16:02:55  src.cpcv.tuning  INFO    [tuning] lstm: 3 purged K-fold splits, 40 Optuna trials (TPE)
16:03:37  src.cpcv.tuning  INFO      lstm: 16 completed, 24 pruned (of 40 total) — best log_loss=0.6921, params={'hidden_size': 16, 'dropout': 0.4851304476803536, 'learning_rate': 0.037828904927252195}
16:03:37  src.cpcv.tuning  INFO    [tuning] lstm done in 42.5s — best log_loss=0.6921
16:03:37  src.cpcv.tuning  INFO  Tuning total: 42.5s
16:03:37  src.cpcv.pipeline  INFO      applied lstm: {'hidden_size': 16, 'num_layers': 1, 'dropout': 0.4851304476803536, 'learning_rate': 0.037828904927252195}
16:03:38  src.cpcv.pipeline  INFO    [126/140]                 lstm (seed=0) F1=0.340  AUC=0.499  LL=0.6950 (0.6s)
16:03:38  src.cpcv.pipeline  INFO    [127/140]                 lstm (seed=1) F1=0.447  AUC=0.467  LL=0.7089 (0.6s)
16:03:39  src.cpcv.pipeline  INFO    [128/140]                 lstm (seed=2) F1=0.465  AUC=0.502  LL=0.7151 (0.7s)
16:03:40  src.cpcv.pipeline  INFO    [129/140]                 lstm (seed=3) F1=0.432  AUC=0.501  LL=0.7416 (0.8s)
16:03:40  src.cpcv.pipeline  INFO    [130/140]                 lstm (seed=4) F1=0.409  AUC=0.515  LL=0.7015 (0.7s)
16:03:41  src.cpcv.preprocessing  INFO  Computing MDA (Random Forest)...
16:04:02  src.cpcv.preprocessing  INFO  Computing MDA (Logistic Regression)...
16:04:03  src.cpcv.preprocessing  INFO  Multi-model MDA: 31/73 passed (MDA > 0), 42 eliminated
16:04:03  src.cpcv.preprocessing  INFO    Capped at 14 features (top_k_frac=0.2)
16:04:03  src.cpcv.preprocessing  INFO    Selected (14): ['active_addr_roc_14', 'bb_width', 'eth_btc_ratio', 'exchange_supply_pct', 'gold_ret_14', 'log_returns_lag1', 'log_returns_lag2', 'log_returns_lag6', 'log_returns_lag7', 'natgas_ret_14', 'shannon_entropy', 'stoch_k', 'us10y', 'vix']
16:04:03  src.cpcv.pipeline  INFO    Preprocessing: 14 features selected, train=464 + val=100 + cal=100, test=292
16:04:03  src.cpcv.tuning  INFO  Tuning (1 model) — Optuna TPE + Purged K-Fold (inner: 3 folds, embargo=10 obs)
16:04:03  src.cpcv.tuning  INFO    [tuning] lstm: 3 purged K-fold splits, 40 Optuna trials (TPE)
16:04:53  src.cpcv.tuning  INFO      lstm: 31 completed, 9 pruned (of 40 total) — best log_loss=0.6801, params={'hidden_size': 16, 'dropout': 0.20617534828874073, 'learning_rate': 0.04147225000481637}
16:04:53  src.cpcv.tuning  INFO    [tuning] lstm done in 50.2s — best log_loss=0.6801
16:04:53  src.cpcv.tuning  INFO  Tuning total: 50.2s
16:04:53  src.cpcv.pipeline  INFO      applied lstm: {'hidden_size': 16, 'num_layers': 1, 'dropout': 0.20617534828874073, 'learning_rate': 0.04147225000481637}
16:04:54  src.cpcv.pipeline  INFO    [131/140]                 lstm (seed=0) F1=0.407  AUC=0.588  LL=0.7559 (0.7s)
16:04:55  src.cpcv.pipeline  INFO    [132/140]                 lstm (seed=1) F1=0.437  AUC=0.528  LL=0.7408 (0.8s)
16:04:55  src.cpcv.pipeline  INFO    [133/140]                 lstm (seed=2) F1=0.340  AUC=0.551  LL=0.7018 (0.7s)
16:04:56  src.cpcv.pipeline  INFO    [134/140]                 lstm (seed=3) F1=0.340  AUC=0.533  LL=0.7264 (0.7s)
16:04:57  src.cpcv.pipeline  INFO    [135/140]                 lstm (seed=4) F1=0.402  AUC=0.509  LL=0.7440 (0.7s)
16:04:57  src.cpcv.preprocessing  INFO  Computing MDA (Random Forest)...
16:05:18  src.cpcv.preprocessing  INFO  Computing MDA (Logistic Regression)...
16:05:19  src.cpcv.preprocessing  INFO  Multi-model MDA: 38/73 passed (MDA > 0), 35 eliminated
16:05:19  src.cpcv.preprocessing  INFO    Capped at 14 features (top_k_frac=0.2)
16:05:19  src.cpcv.preprocessing  INFO    Selected (14): ['dxy_roc_30', 'exchange_supply_pct', 'hurst', 'log_returns_lag1', 'log_returns_lag4', 'macd_signal', 'roc_14', 'silver_ret_30', 'skewness', 'smt_exp', 'stoch_d', 'williams_r', 'yield_curve_2y10y', 'yz_vol']
16:05:19  src.cpcv.pipeline  INFO    Preprocessing: 14 features selected, train=473 + val=101 + cal=102, test=292
16:05:19  src.cpcv.tuning  INFO  Tuning (1 model) — Optuna TPE + Purged K-Fold (inner: 3 folds, embargo=10 obs)
16:05:19  src.cpcv.tuning  INFO    [tuning] lstm: 3 purged K-fold splits, 40 Optuna trials (TPE)
16:06:01  src.cpcv.tuning  INFO      lstm: 23 completed, 17 pruned (of 40 total) — best log_loss=0.6794, params={'hidden_size': 8, 'dropout': 0.3982098568996024, 'learning_rate': 0.04129016530987077}
16:06:01  src.cpcv.tuning  INFO    [tuning] lstm done in 41.6s — best log_loss=0.6794
16:06:01  src.cpcv.tuning  INFO  Tuning total: 41.6s
16:06:01  src.cpcv.pipeline  INFO      applied lstm: {'hidden_size': 8, 'num_layers': 1, 'dropout': 0.3982098568996024, 'learning_rate': 0.04129016530987077}
16:06:02  src.cpcv.pipeline  INFO    [136/140]                 lstm (seed=0) F1=0.369  AUC=0.509  LL=0.7125 (1.2s)
16:06:03  src.cpcv.pipeline  INFO    [137/140]                 lstm (seed=1) F1=0.302  AUC=0.525  LL=0.7112 (0.7s)
16:06:03  src.cpcv.pipeline  INFO    [138/140]                 lstm (seed=2) F1=0.302  AUC=0.531  LL=0.7115 (0.7s)
16:06:04  src.cpcv.pipeline  INFO    [139/140]                 lstm (seed=3) F1=0.302  AUC=0.488  LL=0.7130 (0.9s)
16:06:05  src.cpcv.pipeline  INFO    [140/140]                 lstm (seed=4) F1=0.302  AUC=0.525  LL=0.7094 (1.1s)
16:06:05  src.cpcv.pipeline  INFO  ============================================================
16:06:05  src.cpcv.pipeline  INFO  CPCV Pipeline Complete
16:06:05  src.cpcv.pipeline  INFO  ============================================================
16:06:05  src.cpcv.pipeline  INFO    Total time:     2185.7s (36.4m)
16:06:05  src.cpcv.pipeline  INFO    Tasks:          140 succeeded, 0 failed
16:06:05  src.cpcv.pipeline  INFO    Results keys:   140 (model, split, seed) entries
16:06:05  src.cpcv.pipeline  INFO    Backtest paths: 7
16:06:05  src.cpcv.pipeline  INFO    Tuning:         nested (per-split), 28 splits tuned, models=['lstm']
16:06:05  src.cpcv.pipeline  INFO  ============================================================
16:06:06  src.cpcv.pipeline  INFO  ============================================================
16:06:06  src.cpcv.pipeline  INFO  CPCV Pipeline
16:06:06  src.cpcv.pipeline  INFO  ============================================================
16:06:06  src.cpcv.pipeline  INFO    Models:         ['kan']
16:06:06  src.cpcv.pipeline  INFO    Seeds/fold:     5
16:06:06  src.cpcv.pipeline  INFO    Groups (N):     8
16:06:06  src.cpcv.pipeline  INFO    Test groups (k):2
16:06:06  src.cpcv.pipeline  INFO    Embargo:        1.0%
16:06:06  src.cpcv.pipeline  INFO    FFD columns:    ['atr']
16:06:06  src.cpcv.pipeline  INFO    Samples:        1168
16:06:06  src.cpcv.pipeline  INFO    Features:       73
16:06:06  src.cpcv.pipeline  INFO    Splits:         28, Paths: 7
16:06:06  src.cpcv.pipeline  INFO    Tuning:         NESTED (per-split) — ['kan'] [40 trials]
16:06:06  src.cpcv.pipeline  INFO  ============================================================
16:06:06  src.cpcv.preprocessing  INFO  Computing MDA (Random Forest)...
16:06:30  src.cpcv.preprocessing  INFO  Computing MDA (Logistic Regression)...
16:06:31  src.cpcv.preprocessing  INFO  Multi-model MDA: 31/73 passed (MDA > 0), 42 eliminated
16:06:31  src.cpcv.preprocessing  INFO    Capped at 14 features (top_k_frac=0.2)
16:06:31  src.cpcv.preprocessing  INFO    Selected (14): ['ema_ratio_20_50', 'eth_btc_ratio', 'exchange_supply_pct', 'jarque_bera', 'log_returns', 'log_returns_lag6', 'macd_hist', 'natgas_ret_30', 'skewness', 'smt_exp', 'sp500_ret_30', 'variance_ratio', 'vix', 'yield_curve_2y10y']
16:06:31  src.cpcv.pipeline  INFO    Preprocessing: 14 features selected, train=605 + val=130 + cal=130, test=93
16:06:31  src.cpcv.tuning  INFO  Tuning (1 model) — Optuna TPE + Purged K-Fold (inner: 3 folds, embargo=10 obs)
16:06:31  src.cpcv.tuning  INFO    [tuning] kan (efficient-kan + AdamW): 3 purged K-fold splits, 40 Optuna trials (TPE)
16:07:44  src.cpcv.tuning  INFO      kan: 37 completed, 3 pruned (of 40 total) — best log_loss=0.6815, params={'width1': 5, 'lr': 0.03345975959797366, 'weight_decay': 1.1364387262349228e-05, 'grid': 5}
16:07:44  src.cpcv.tuning  INFO    [tuning] kan done in 73.3s — best log_loss=0.6815
16:07:44  src.cpcv.tuning  INFO  Tuning total: 73.3s
16:07:44  src.cpcv.pipeline  INFO      applied kan: {'width1': 5, 'width2': 0, 'grid': 5, 'lr': 0.03345975959797366, 'weight_decay': 1.1364387262349228e-05}
16:07:45  src.cpcv.models.kan_model  INFO  KAN fitted: widths=[14, 5, 2], grid=5, epochs=21, val_acc=0.4615, val_loss=0.8000, logit_range=[-0.07, 0.14], device=cpu.
16:07:45  src.cpcv.pipeline  INFO    [  1/140]                  kan (seed=0) F1=0.380  AUC=0.406  LL=0.6772 (0.4s)
16:07:45  src.cpcv.models.kan_model  INFO  KAN fitted: widths=[14, 5, 2], grid=5, epochs=21, val_acc=0.4769, val_loss=0.7984, logit_range=[-0.11, 0.11], device=cpu.
16:07:45  src.cpcv.pipeline  INFO    [  2/140]                  kan (seed=1) F1=0.465  AUC=0.470  LL=0.6706 (0.3s)
16:07:45  src.cpcv.models.kan_model  INFO  KAN fitted: widths=[14, 5, 2], grid=5, epochs=21, val_acc=0.4923, val_loss=0.7971, logit_range=[-0.09, 0.07], device=cpu.
16:07:46  src.cpcv.pipeline  INFO    [  3/140]                  kan (seed=2) F1=0.388  AUC=0.498  LL=0.6561 (0.4s)
16:07:46  src.cpcv.models.kan_model  INFO  KAN fitted: widths=[14, 5, 2], grid=5, epochs=21, val_acc=0.5154, val_loss=0.7957, logit_range=[-0.10, 0.13], device=cpu.
16:07:46  src.cpcv.pipeline  INFO    [  4/140]                  kan (seed=3) F1=0.477  AUC=0.607  LL=0.6672 (0.3s)
16:07:46  src.cpcv.models.kan_model  INFO  KAN fitted: widths=[14, 5, 2], grid=5, epochs=22, val_acc=0.4769, val_loss=0.7972, logit_range=[-0.07, 0.06], device=cpu.
16:07:46  src.cpcv.pipeline  INFO    [  5/140]                  kan (seed=4) F1=0.414  AUC=0.492  LL=0.6635 (0.4s)
16:07:47  src.cpcv.preprocessing  INFO  Computing MDA (Random Forest)...
16:08:10  src.cpcv.preprocessing  INFO  Computing MDA (Logistic Regression)...
16:08:12  src.cpcv.preprocessing  INFO  Multi-model MDA: 39/73 passed (MDA > 0), 34 eliminated
16:08:12  src.cpcv.preprocessing  INFO    Capped at 14 features (top_k_frac=0.2)
16:08:12  src.cpcv.preprocessing  INFO    Selected (14): ['cci_14', 'copper_ret_14', 'ema_ratio_50_200', 'gk_vol', 'gold_ret_30', 'log_returns', 'natgas_ret_30', 'oil_ret_14', 'oil_ret_30', 'roc_14', 'rsi', 'silver_ret_30', 'stoch_d', 'yz_vol']
16:08:12  src.cpcv.pipeline  INFO    Preprocessing: 14 features selected, train=566 + val=121 + cal=122, test=146
16:08:12  src.cpcv.tuning  INFO  Tuning (1 model) — Optuna TPE + Purged K-Fold (inner: 3 folds, embargo=10 obs)
16:08:12  src.cpcv.tuning  INFO    [tuning] kan (efficient-kan + AdamW): 3 purged K-fold splits, 40 Optuna trials (TPE)
16:09:05  src.cpcv.tuning  INFO      kan: 13 completed, 27 pruned (of 40 total) — best log_loss=0.6878, params={'width1': 2, 'lr': 0.014390933605060814, 'weight_decay': 0.00044266220622755714, 'grid': 3}
16:09:05  src.cpcv.tuning  INFO    [tuning] kan done in 53.4s — best log_loss=0.6878
16:09:05  src.cpcv.tuning  INFO  Tuning total: 53.4s
16:09:05  src.cpcv.pipeline  INFO      applied kan: {'width1': 2, 'width2': 0, 'grid': 3, 'lr': 0.014390933605060814, 'weight_decay': 0.00044266220622755714}
16:09:05  src.cpcv.models.kan_model  INFO  KAN fitted: widths=[14, 2, 2], grid=3, epochs=21, val_acc=0.5207, val_loss=0.7715, logit_range=[-0.09, 0.08], device=cpu.
16:09:05  src.cpcv.pipeline  INFO    [  6/140]                  kan (seed=0) F1=0.518  AUC=0.500  LL=0.7635 (0.3s)
16:09:05  src.cpcv.models.kan_model  INFO  KAN fitted: widths=[14, 2, 2], grid=3, epochs=21, val_acc=0.4628, val_loss=0.7772, logit_range=[-0.10, 0.10], device=cpu.
16:09:06  src.cpcv.pipeline  INFO    [  7/140]                  kan (seed=1) F1=0.318  AUC=0.551  LL=0.6977 (0.3s)
16:09:06  src.cpcv.models.kan_model  INFO  KAN fitted: widths=[14, 2, 2], grid=3, epochs=21, val_acc=0.4711, val_loss=0.7753, logit_range=[-0.11, 0.07], device=cpu.
16:09:06  src.cpcv.pipeline  INFO    [  8/140]                  kan (seed=2) F1=0.318  AUC=0.585  LL=0.6949 (0.3s)
16:09:06  src.cpcv.models.kan_model  INFO  KAN fitted: widths=[14, 2, 2], grid=3, epochs=21, val_acc=0.3554, val_loss=0.7780, logit_range=[-0.02, 0.04], device=cpu.
16:09:06  src.cpcv.pipeline  INFO    [  9/140]                  kan (seed=3) F1=0.318  AUC=0.486  LL=0.7005 (0.3s)
16:09:06  src.cpcv.models.kan_model  INFO  KAN fitted: widths=[14, 2, 2], grid=3, epochs=21, val_acc=0.5207, val_loss=0.7715, logit_range=[-0.16, 0.24], device=cpu.
16:09:06  src.cpcv.pipeline  INFO    [ 10/140]                  kan (seed=4) F1=0.318  AUC=0.486  LL=0.6986 (0.3s)
16:09:07  src.cpcv.preprocessing  INFO  Computing MDA (Random Forest)...
16:09:30  src.cpcv.preprocessing  INFO  Computing MDA (Logistic Regression)...
16:09:31  src.cpcv.preprocessing  INFO  Multi-model MDA: 36/73 passed (MDA > 0), 37 eliminated
16:09:31  src.cpcv.preprocessing  INFO    Capped at 14 features (top_k_frac=0.2)
16:09:31  src.cpcv.preprocessing  INFO    Selected (14): ['atr', 'cci_14', 'dxy_roc_30', 'ema_ratio_20_50', 'eth_btc_ratio', 'log_returns', 'log_returns_lag1', 'log_returns_lag5', 'log_returns_lag6', 'mvrv', 'natgas_ret_30', 'oil_ret_14', 'smt_poly1', 'stoch_d']
16:09:31  src.cpcv.pipeline  INFO    Preprocessing: 14 features selected, train=567 + val=122 + cal=122, test=146
16:09:31  src.cpcv.tuning  INFO  Tuning (1 model) — Optuna TPE + Purged K-Fold (inner: 3 folds, embargo=10 obs)
16:09:31  src.cpcv.tuning  INFO    [tuning] kan (efficient-kan + AdamW): 3 purged K-fold splits, 40 Optuna trials (TPE)
16:11:14  src.cpcv.tuning  INFO      kan: 21 completed, 19 pruned (of 40 total) — best log_loss=0.6886, params={'width1': 6, 'lr': 0.0010893812082125981, 'weight_decay': 0.00022036872294378315, 'grid': 3}
16:11:14  src.cpcv.tuning  INFO    [tuning] kan done in 102.4s — best log_loss=0.6886
16:11:14  src.cpcv.tuning  INFO  Tuning total: 102.4s
16:11:14  src.cpcv.pipeline  INFO      applied kan: {'width1': 6, 'width2': 0, 'grid': 3, 'lr': 0.0010893812082125981, 'weight_decay': 0.00022036872294378315}
16:11:16  src.cpcv.models.kan_model  INFO  KAN fitted: widths=[14, 6, 2], grid=3, epochs=165, val_acc=0.5574, val_loss=0.7730, logit_range=[-0.43, 0.37], device=cpu.
16:11:16  src.cpcv.pipeline  INFO    [ 11/140]                  kan (seed=0) F1=0.380  AUC=0.534  LL=0.6876 (2.5s)
16:11:19  src.cpcv.models.kan_model  INFO  KAN fitted: widths=[14, 6, 2], grid=3, epochs=200, val_acc=0.5738, val_loss=0.7676, logit_range=[-0.39, 0.54], device=cpu.
16:11:19  src.cpcv.pipeline  INFO    [ 12/140]                  kan (seed=1) F1=0.370  AUC=0.541  LL=0.6869 (3.0s)
16:11:23  src.cpcv.models.kan_model  INFO  KAN fitted: widths=[14, 6, 2], grid=3, epochs=200, val_acc=0.5410, val_loss=0.7806, logit_range=[-0.66, 0.38], device=cpu.
16:11:23  src.cpcv.pipeline  INFO    [ 13/140]                  kan (seed=2) F1=0.388  AUC=0.531  LL=0.6876 (3.2s)
16:11:23  src.cpcv.models.kan_model  INFO  KAN fitted: widths=[14, 6, 2], grid=3, epochs=21, val_acc=0.5738, val_loss=0.7837, logit_range=[-0.07, 0.11], device=cpu.
16:11:23  src.cpcv.pipeline  INFO    [ 14/140]                  kan (seed=3) F1=0.354  AUC=0.459  LL=0.6898 (0.4s)
16:11:24  src.cpcv.models.kan_model  INFO  KAN fitted: widths=[14, 6, 2], grid=3, epochs=68, val_acc=0.4836, val_loss=0.7836, logit_range=[-0.18, 0.12], device=cpu.
16:11:24  src.cpcv.pipeline  INFO    [ 15/140]                  kan (seed=4) F1=0.354  AUC=0.502  LL=0.6890 (1.2s)
16:11:25  src.cpcv.preprocessing  INFO  Computing MDA (Random Forest)...
16:11:48  src.cpcv.preprocessing  INFO  Computing MDA (Logistic Regression)...
16:11:49  src.cpcv.preprocessing  INFO  Multi-model MDA: 39/73 passed (MDA > 0), 34 eliminated
16:11:49  src.cpcv.preprocessing  INFO    Capped at 14 features (top_k_frac=0.2)
16:11:49  src.cpcv.preprocessing  INFO    Selected (14): ['atr', 'cci_14', 'eth_btc_ratio', 'hashrate_roc_30', 'log_returns_lag21', 'lz_complexity', 'mvrv', 'natgas_ret_30', 'realized_vol', 'sadf', 'sp500_ret_14', 'tx_count_roc_14', 'variance_ratio', 'vix']
16:11:49  src.cpcv.pipeline  INFO    Preprocessing: 14 features selected, train=567 + val=122 + cal=122, test=146
16:11:49  src.cpcv.tuning  INFO  Tuning (1 model) — Optuna TPE + Purged K-Fold (inner: 3 folds, embargo=10 obs)
16:11:49  src.cpcv.tuning  INFO    [tuning] kan (efficient-kan + AdamW): 3 purged K-fold splits, 40 Optuna trials (TPE)
16:12:24  src.cpcv.tuning  INFO      kan: 20 completed, 20 pruned (of 40 total) — best log_loss=0.6924, params={'width1': 3, 'lr': 0.02701635469110654, 'weight_decay': 0.0005114606753030168, 'grid': 3}
16:12:24  src.cpcv.tuning  INFO    [tuning] kan done in 35.2s — best log_loss=0.6924
16:12:24  src.cpcv.tuning  INFO  Tuning total: 35.2s
16:12:24  src.cpcv.pipeline  INFO      applied kan: {'width1': 3, 'width2': 0, 'grid': 3, 'lr': 0.02701635469110654, 'weight_decay': 0.0005114606753030168}
16:12:25  src.cpcv.models.kan_model  INFO  KAN fitted: widths=[14, 3, 2], grid=3, epochs=21, val_acc=0.4344, val_loss=0.7965, logit_range=[-0.17, 0.14], device=cpu.
16:12:25  src.cpcv.pipeline  INFO    [ 16/140]                  kan (seed=0) F1=0.545  AUC=0.595  LL=0.6757 (0.3s)
16:12:25  src.cpcv.models.kan_model  INFO  KAN fitted: widths=[14, 3, 2], grid=3, epochs=21, val_acc=0.4180, val_loss=0.7932, logit_range=[-0.15, 0.07], device=cpu.
16:12:25  src.cpcv.pipeline  INFO    [ 17/140]                  kan (seed=1) F1=0.379  AUC=0.585  LL=0.6831 (0.3s)
16:12:25  src.cpcv.models.kan_model  INFO  KAN fitted: widths=[14, 3, 2], grid=3, epochs=22, val_acc=0.5246, val_loss=0.7885, logit_range=[-0.16, 0.08], device=cpu.
16:12:25  src.cpcv.pipeline  INFO    [ 18/140]                  kan (seed=2) F1=0.376  AUC=0.484  LL=0.6850 (0.3s)
16:12:26  src.cpcv.models.kan_model  INFO  KAN fitted: widths=[14, 3, 2], grid=3, epochs=21, val_acc=0.4836, val_loss=0.7893, logit_range=[-0.20, 0.18], device=cpu.
16:12:26  src.cpcv.pipeline  INFO    [ 19/140]                  kan (seed=3) F1=0.546  AUC=0.583  LL=0.6910 (0.3s)
16:12:26  src.cpcv.models.kan_model  INFO  KAN fitted: widths=[14, 3, 2], grid=3, epochs=21, val_acc=0.4754, val_loss=0.7938, logit_range=[-0.29, 0.08], device=cpu.
16:12:26  src.cpcv.pipeline  INFO    [ 20/140]                  kan (seed=4) F1=0.402  AUC=0.518  LL=0.6751 (0.3s)
16:12:26  src.cpcv.preprocessing  INFO  Computing MDA (Random Forest)...
16:12:50  src.cpcv.preprocessing  INFO  Computing MDA (Logistic Regression)...
16:12:51  src.cpcv.preprocessing  INFO  Multi-model MDA: 36/73 passed (MDA > 0), 37 eliminated
16:12:51  src.cpcv.preprocessing  INFO    Capped at 14 features (top_k_frac=0.2)
16:12:51  src.cpcv.preprocessing  INFO    Selected (14): ['active_addr_roc_14', 'atr', 'eth_btc_ratio', 'exchange_supply_pct', 'issuance_ntv', 'log_returns_lag1', 'log_returns_lag5', 'log_returns_lag7', 'obv', 'oil_ret_14', 'roc_14', 'skewness', 'smt_exp', 'vix']
16:12:51  src.cpcv.pipeline  INFO    Preprocessing: 14 features selected, train=567 + val=122 + cal=122, test=146
16:12:51  src.cpcv.tuning  INFO  Tuning (1 model) — Optuna TPE + Purged K-Fold (inner: 3 folds, embargo=10 obs)
16:12:51  src.cpcv.tuning  INFO    [tuning] kan (efficient-kan + AdamW): 3 purged K-fold splits, 40 Optuna trials (TPE)
16:14:15  src.cpcv.tuning  INFO      kan: 25 completed, 15 pruned (of 40 total) — best log_loss=0.6749, params={'width1': 4, 'lr': 0.04013329535028658, 'weight_decay': 0.0022184178305294667, 'grid': 5}
16:14:15  src.cpcv.tuning  INFO    [tuning] kan done in 83.1s — best log_loss=0.6749
16:14:15  src.cpcv.tuning  INFO  Tuning total: 83.1s
16:14:15  src.cpcv.pipeline  INFO      applied kan: {'width1': 4, 'width2': 0, 'grid': 5, 'lr': 0.04013329535028658, 'weight_decay': 0.0022184178305294667}
16:14:15  src.cpcv.models.kan_model  INFO  KAN fitted: widths=[14, 4, 2], grid=5, epochs=24, val_acc=0.6230, val_loss=0.7635, logit_range=[-0.30, 0.50], device=cpu.
16:14:15  src.cpcv.pipeline  INFO    [ 21/140]                  kan (seed=0) F1=0.446  AUC=0.468  LL=0.7296 (0.4s)
16:14:15  src.cpcv.models.kan_model  INFO  KAN fitted: widths=[14, 4, 2], grid=5, epochs=23, val_acc=0.5410, val_loss=0.7725, logit_range=[-0.26, 0.37], device=cpu.
16:14:15  src.cpcv.pipeline  INFO    [ 22/140]                  kan (seed=1) F1=0.413  AUC=0.445  LL=0.7449 (0.4s)
16:14:16  src.cpcv.models.kan_model  INFO  KAN fitted: widths=[14, 4, 2], grid=5, epochs=23, val_acc=0.6148, val_loss=0.7622, logit_range=[-0.39, 0.19], device=cpu.
16:14:16  src.cpcv.pipeline  INFO    [ 23/140]                  kan (seed=2) F1=0.436  AUC=0.440  LL=0.7454 (0.4s)
16:14:16  src.cpcv.models.kan_model  INFO  KAN fitted: widths=[14, 4, 2], grid=5, epochs=23, val_acc=0.6230, val_loss=0.7684, logit_range=[-0.30, 0.13], device=cpu.
16:14:16  src.cpcv.pipeline  INFO    [ 24/140]                  kan (seed=3) F1=0.411  AUC=0.467  LL=0.7574 (0.3s)
16:14:16  src.cpcv.models.kan_model  INFO  KAN fitted: widths=[14, 4, 2], grid=5, epochs=22, val_acc=0.5082, val_loss=0.7744, logit_range=[-0.16, 0.24], device=cpu.
16:14:16  src.cpcv.pipeline  INFO    [ 25/140]                  kan (seed=4) F1=0.337  AUC=0.489  LL=0.9077 (0.3s)
16:14:17  src.cpcv.preprocessing  INFO  Computing MDA (Random Forest)...
16:14:40  src.cpcv.preprocessing  INFO  Computing MDA (Logistic Regression)...
16:14:41  src.cpcv.preprocessing  INFO  Multi-model MDA: 40/73 passed (MDA > 0), 33 eliminated
16:14:41  src.cpcv.preprocessing  INFO    Capped at 14 features (top_k_frac=0.2)
16:14:41  src.cpcv.preprocessing  INFO    Selected (14): ['atr', 'chaikin_osc', 'eth_btc_ratio', 'hashrate_roc_30', 'jarque_bera', 'kurtosis', 'log_returns_lag30', 'log_returns_lag6', 'obv', 'silver_ret_30', 'variance_ratio', 'vol_term_7_30', 'vwma_ratio_20_50', 'yield_curve_2y10y']
16:14:41  src.cpcv.pipeline  INFO    Preprocessing: 14 features selected, train=567 + val=122 + cal=122, test=146
16:14:41  src.cpcv.tuning  INFO  Tuning (1 model) — Optuna TPE + Purged K-Fold (inner: 3 folds, embargo=10 obs)
16:14:41  src.cpcv.tuning  INFO    [tuning] kan (efficient-kan + AdamW): 3 purged K-fold splits, 40 Optuna trials (TPE)
16:16:01  src.cpcv.tuning  INFO      kan: 18 completed, 22 pruned (of 40 total) — best log_loss=0.6794, params={'width1': 5, 'lr': 0.015282209098537102, 'weight_decay': 0.0013042175848813496, 'grid': 3}
16:16:01  src.cpcv.tuning  INFO    [tuning] kan done in 79.7s — best log_loss=0.6794
16:16:01  src.cpcv.tuning  INFO  Tuning total: 79.7s
16:16:01  src.cpcv.pipeline  INFO      applied kan: {'width1': 5, 'width2': 0, 'grid': 3, 'lr': 0.015282209098537102, 'weight_decay': 0.0013042175848813496}
16:16:02  src.cpcv.models.kan_model  INFO  KAN fitted: widths=[14, 5, 2], grid=3, epochs=51, val_acc=0.5656, val_loss=0.7825, logit_range=[-0.88, 0.42], device=cpu.
16:16:02  src.cpcv.pipeline  INFO    [ 26/140]                  kan (seed=0) F1=0.486  AUC=0.493  LL=0.7235 (0.8s)
16:16:02  src.cpcv.models.kan_model  INFO  KAN fitted: widths=[14, 5, 2], grid=3, epochs=34, val_acc=0.5656, val_loss=0.7721, logit_range=[-0.63, 0.69], device=cpu.
16:16:02  src.cpcv.pipeline  INFO    [ 27/140]                  kan (seed=1) F1=0.519  AUC=0.513  LL=0.7127 (0.5s)
16:16:03  src.cpcv.models.kan_model  INFO  KAN fitted: widths=[14, 5, 2], grid=3, epochs=51, val_acc=0.5574, val_loss=0.7831, logit_range=[-0.62, 0.81], device=cpu.
16:16:03  src.cpcv.pipeline  INFO    [ 28/140]                  kan (seed=2) F1=0.513  AUC=0.514  LL=0.7140 (0.7s)
16:16:04  src.cpcv.models.kan_model  INFO  KAN fitted: widths=[14, 5, 2], grid=3, epochs=50, val_acc=0.5656, val_loss=0.7705, logit_range=[-0.73, 0.52], device=cpu.
16:16:04  src.cpcv.pipeline  INFO    [ 29/140]                  kan (seed=3) F1=0.493  AUC=0.511  LL=0.7118 (0.7s)
16:16:04  src.cpcv.models.kan_model  INFO  KAN fitted: widths=[14, 5, 2], grid=3, epochs=41, val_acc=0.5902, val_loss=0.7792, logit_range=[-0.80, 0.54], device=cpu.
16:16:04  src.cpcv.pipeline  INFO    [ 30/140]                  kan (seed=4) F1=0.506  AUC=0.502  LL=0.7177 (0.6s)
16:16:05  src.cpcv.preprocessing  INFO  Computing MDA (Random Forest)...
16:16:29  src.cpcv.preprocessing  INFO  Computing MDA (Logistic Regression)...
16:16:30  src.cpcv.preprocessing  INFO  Multi-model MDA: 40/73 passed (MDA > 0), 33 eliminated
16:16:30  src.cpcv.preprocessing  INFO    Capped at 14 features (top_k_frac=0.2)
16:16:30  src.cpcv.preprocessing  INFO    Selected (14): ['active_addr_roc_14', 'chaikin_osc', 'copper_ret_14', 'hashrate_roc_30', 'hurst', 'kurtosis', 'log_returns', 'log_returns_lag3', 'realized_vol', 'us10y', 'variance_ratio', 'vix', 'williams_r', 'yield_curve_2y10y']
16:16:30  src.cpcv.pipeline  INFO    Preprocessing: 14 features selected, train=575 + val=123 + cal=124, test=146
16:16:30  src.cpcv.tuning  INFO  Tuning (1 model) — Optuna TPE + Purged K-Fold (inner: 3 folds, embargo=10 obs)
16:16:30  src.cpcv.tuning  INFO    [tuning] kan (efficient-kan + AdamW): 3 purged K-fold splits, 40 Optuna trials (TPE)
16:17:16  src.cpcv.tuning  INFO      kan: 28 completed, 12 pruned (of 40 total) — best log_loss=0.6883, params={'width1': 5, 'lr': 0.045731335092218973, 'weight_decay': 0.0005569671940395738, 'grid': 5}
16:17:16  src.cpcv.tuning  INFO    [tuning] kan done in 46.3s — best log_loss=0.6883
16:17:16  src.cpcv.tuning  INFO  Tuning total: 46.3s
16:17:16  src.cpcv.pipeline  INFO      applied kan: {'width1': 5, 'width2': 0, 'grid': 5, 'lr': 0.045731335092218973, 'weight_decay': 0.0005569671940395738}
16:17:17  src.cpcv.models.kan_model  INFO  KAN fitted: widths=[14, 5, 2], grid=5, epochs=21, val_acc=0.4553, val_loss=0.8691, logit_range=[-0.20, 0.20], device=cpu.
16:17:17  src.cpcv.pipeline  INFO    [ 31/140]                  kan (seed=0) F1=0.360  AUC=0.565  LL=0.6853 (0.4s)
16:17:17  src.cpcv.models.kan_model  INFO  KAN fitted: widths=[14, 5, 2], grid=5, epochs=21, val_acc=0.5447, val_loss=0.8642, logit_range=[-0.18, 0.15], device=cpu.
16:17:17  src.cpcv.pipeline  INFO    [ 32/140]                  kan (seed=1) F1=0.360  AUC=0.546  LL=0.6854 (0.3s)
16:17:17  src.cpcv.models.kan_model  INFO  KAN fitted: widths=[14, 5, 2], grid=5, epochs=21, val_acc=0.5041, val_loss=0.8545, logit_range=[-0.15, 0.06], device=cpu.
16:17:17  src.cpcv.pipeline  INFO    [ 33/140]                  kan (seed=2) F1=0.360  AUC=0.456  LL=0.6889 (0.3s)
16:17:18  src.cpcv.models.kan_model  INFO  KAN fitted: widths=[14, 5, 2], grid=5, epochs=23, val_acc=0.5610, val_loss=0.8513, logit_range=[-0.28, 0.23], device=cpu.
16:17:18  src.cpcv.pipeline  INFO    [ 34/140]                  kan (seed=3) F1=0.360  AUC=0.533  LL=0.6854 (0.4s)
16:17:18  src.cpcv.models.kan_model  INFO  KAN fitted: widths=[14, 5, 2], grid=5, epochs=21, val_acc=0.4065, val_loss=0.8735, logit_range=[-0.14, 0.18], device=cpu.
16:17:18  src.cpcv.pipeline  INFO    [ 35/140]                  kan (seed=4) F1=0.360  AUC=0.541  LL=0.6853 (0.3s)
16:17:18  src.cpcv.preprocessing  INFO  Computing MDA (Random Forest)...
16:17:39  src.cpcv.preprocessing  INFO  Computing MDA (Logistic Regression)...
16:17:41  src.cpcv.preprocessing  INFO  Multi-model MDA: 37/73 passed (MDA > 0), 36 eliminated
16:17:41  src.cpcv.preprocessing  INFO    Capped at 14 features (top_k_frac=0.2)
16:17:41  src.cpcv.preprocessing  INFO    Selected (14): ['dxy_roc_30', 'gold_ret_30', 'log_returns', 'log_returns_lag2', 'log_returns_lag4', 'natgas_ret_30', 'negentropy', 'obv', 'rsi', 'silver_ret_30', 'skewness', 'tx_count_roc_14', 'us10y', 'us2y']
16:17:41  src.cpcv.pipeline  INFO    Preprocessing: 14 features selected, train=503 + val=108 + cal=108, test=239
16:17:41  src.cpcv.tuning  INFO  Tuning (1 model) — Optuna TPE + Purged K-Fold (inner: 3 folds, embargo=10 obs)
16:17:41  src.cpcv.tuning  INFO    [tuning] kan (efficient-kan + AdamW): 3 purged K-fold splits, 40 Optuna trials (TPE)
16:18:50  src.cpcv.tuning  INFO      kan: 15 completed, 25 pruned (of 40 total) — best log_loss=0.6883, params={'width1': 3, 'lr': 0.0012727802709089327, 'weight_decay': 0.00017161516678193897, 'grid': 5}
16:18:50  src.cpcv.tuning  INFO    [tuning] kan done in 69.5s — best log_loss=0.6883
16:18:50  src.cpcv.tuning  INFO  Tuning total: 69.5s
16:18:50  src.cpcv.pipeline  INFO      applied kan: {'width1': 3, 'width2': 0, 'grid': 5, 'lr': 0.0012727802709089327, 'weight_decay': 0.00017161516678193897}
16:18:50  src.cpcv.models.kan_model  INFO  KAN fitted: widths=[14, 3, 2], grid=5, epochs=21, val_acc=0.6019, val_loss=0.7407, logit_range=[-0.23, 0.10], device=cpu.
16:18:50  src.cpcv.pipeline  INFO    [ 36/140]                  kan (seed=0) F1=0.473  AUC=0.493  LL=0.6984 (0.3s)
16:18:51  src.cpcv.models.kan_model  INFO  KAN fitted: widths=[14, 3, 2], grid=5, epochs=21, val_acc=0.4907, val_loss=0.7500, logit_range=[-0.20, 0.05], device=cpu.
16:18:51  src.cpcv.pipeline  INFO    [ 37/140]                  kan (seed=1) F1=0.347  AUC=0.432  LL=0.6924 (0.3s)
16:18:51  src.cpcv.models.kan_model  INFO  KAN fitted: widths=[14, 3, 2], grid=5, epochs=21, val_acc=0.5741, val_loss=0.7545, logit_range=[-0.15, 0.21], device=cpu.
16:18:51  src.cpcv.pipeline  INFO    [ 38/140]                  kan (seed=2) F1=0.347  AUC=0.459  LL=0.6926 (0.3s)
16:18:51  src.cpcv.models.kan_model  INFO  KAN fitted: widths=[14, 3, 2], grid=5, epochs=21, val_acc=0.5278, val_loss=0.7572, logit_range=[-0.18, 0.12], device=cpu.
16:18:51  src.cpcv.pipeline  INFO    [ 39/140]                  kan (seed=3) F1=0.347  AUC=0.530  LL=0.6921 (0.3s)
16:18:52  src.cpcv.models.kan_model  INFO  KAN fitted: widths=[14, 3, 2], grid=5, epochs=21, val_acc=0.6296, val_loss=0.7429, logit_range=[-0.17, 0.06], device=cpu.
16:18:52  src.cpcv.pipeline  INFO    [ 40/140]                  kan (seed=4) F1=0.347  AUC=0.505  LL=0.6922 (0.4s)
16:18:52  src.cpcv.preprocessing  INFO  Computing MDA (Random Forest)...
16:19:13  src.cpcv.preprocessing  INFO  Computing MDA (Logistic Regression)...
16:19:14  src.cpcv.preprocessing  INFO  Multi-model MDA: 38/73 passed (MDA > 0), 35 eliminated
16:19:14  src.cpcv.preprocessing  INFO    Capped at 14 features (top_k_frac=0.2)
16:19:14  src.cpcv.preprocessing  INFO    Selected (14): ['cci_14', 'dxy_roc_30', 'eth_btc_ratio', 'hashrate_roc_30', 'jarque_bera', 'kurtosis', 'log_returns_lag2', 'log_returns_lag6', 'macd', 'macd_hist', 'natgas_ret_30', 'negentropy', 'us10y', 'vol_term_7_30']
16:19:14  src.cpcv.pipeline  INFO    Preprocessing: 14 features selected, train=494 + val=106 + cal=107, test=239
16:19:14  src.cpcv.tuning  INFO  Tuning (1 model) — Optuna TPE + Purged K-Fold (inner: 3 folds, embargo=10 obs)
16:19:14  src.cpcv.tuning  INFO    [tuning] kan (efficient-kan + AdamW): 3 purged K-fold splits, 40 Optuna trials (TPE)
16:20:12  src.cpcv.tuning  INFO      kan: 29 completed, 11 pruned (of 40 total) — best log_loss=0.6850, params={'width1': 2, 'lr': 0.020146306460077455, 'weight_decay': 7.617842031170717e-05, 'grid': 3}
16:20:12  src.cpcv.tuning  INFO    [tuning] kan done in 57.4s — best log_loss=0.6850
16:20:12  src.cpcv.tuning  INFO  Tuning total: 57.4s
16:20:12  src.cpcv.pipeline  INFO      applied kan: {'width1': 2, 'width2': 0, 'grid': 3, 'lr': 0.020146306460077455, 'weight_decay': 7.617842031170717e-05}
16:20:12  src.cpcv.models.kan_model  INFO  KAN fitted: widths=[14, 2, 2], grid=3, epochs=22, val_acc=0.4528, val_loss=0.7543, logit_range=[-0.11, 0.11], device=cpu.
16:20:12  src.cpcv.pipeline  INFO    [ 41/140]                  kan (seed=0) F1=0.474  AUC=0.507  LL=0.6810 (0.3s)
16:20:12  src.cpcv.models.kan_model  INFO  KAN fitted: widths=[14, 2, 2], grid=3, epochs=21, val_acc=0.5094, val_loss=0.7492, logit_range=[-0.10, 0.05], device=cpu.
16:20:12  src.cpcv.pipeline  INFO    [ 42/140]                  kan (seed=1) F1=0.539  AUC=0.594  LL=0.6903 (0.3s)
16:20:12  src.cpcv.models.kan_model  INFO  KAN fitted: widths=[14, 2, 2], grid=3, epochs=22, val_acc=0.3962, val_loss=0.7514, logit_range=[-0.07, 0.08], device=cpu.
16:20:12  src.cpcv.pipeline  INFO    [ 43/140]                  kan (seed=2) F1=0.532  AUC=0.551  LL=0.6855 (0.3s)
16:20:13  src.cpcv.models.kan_model  INFO  KAN fitted: widths=[14, 2, 2], grid=3, epochs=21, val_acc=0.4717, val_loss=0.7500, logit_range=[-0.05, 0.04], device=cpu.
16:20:13  src.cpcv.pipeline  INFO    [ 44/140]                  kan (seed=3) F1=0.403  AUC=0.461  LL=0.6893 (0.3s)
16:20:13  src.cpcv.models.kan_model  INFO  KAN fitted: widths=[14, 2, 2], grid=3, epochs=21, val_acc=0.5566, val_loss=0.7412, logit_range=[-0.19, 0.35], device=cpu.
16:20:13  src.cpcv.pipeline  INFO    [ 45/140]                  kan (seed=4) F1=0.364  AUC=0.436  LL=0.6928 (0.3s)
16:20:13  src.cpcv.preprocessing  INFO  Computing MDA (Random Forest)...
16:20:34  src.cpcv.preprocessing  INFO  Computing MDA (Logistic Regression)...
16:20:36  src.cpcv.preprocessing  INFO  Multi-model MDA: 37/73 passed (MDA > 0), 36 eliminated
16:20:36  src.cpcv.preprocessing  INFO    Capped at 14 features (top_k_frac=0.2)
16:20:36  src.cpcv.preprocessing  INFO    Selected (14): ['cci_14', 'chaikin_osc', 'dxy_roc_30', 'eth_btc_ratio', 'gold_ret_14', 'hashrate_roc_30', 'jarque_bera', 'log_returns_lag4', 'natgas_ret_30', 'roc_14', 'rsi', 'smt_exp', 'sp500_ret_14', 'williams_r']
16:20:36  src.cpcv.pipeline  INFO    Preprocessing: 14 features selected, train=494 + val=106 + cal=107, test=239
16:20:36  src.cpcv.tuning  INFO  Tuning (1 model) — Optuna TPE + Purged K-Fold (inner: 3 folds, embargo=10 obs)
16:20:36  src.cpcv.tuning  INFO    [tuning] kan (efficient-kan + AdamW): 3 purged K-fold splits, 40 Optuna trials (TPE)
16:21:09  src.cpcv.tuning  INFO      kan: 20 completed, 20 pruned (of 40 total) — best log_loss=0.6909, params={'width1': 2, 'lr': 0.04500194188151303, 'weight_decay': 3.0258445175002385e-05, 'grid': 3}
16:21:09  src.cpcv.tuning  INFO    [tuning] kan done in 33.5s — best log_loss=0.6909
16:21:09  src.cpcv.tuning  INFO  Tuning total: 33.5s
16:21:09  src.cpcv.pipeline  INFO      applied kan: {'width1': 2, 'width2': 0, 'grid': 3, 'lr': 0.04500194188151303, 'weight_decay': 3.0258445175002385e-05}
16:21:09  src.cpcv.models.kan_model  INFO  KAN fitted: widths=[14, 2, 2], grid=3, epochs=22, val_acc=0.6038, val_loss=0.7533, logit_range=[-0.22, 0.28], device=cpu.
16:21:10  src.cpcv.pipeline  INFO    [ 46/140]                  kan (seed=0) F1=0.532  AUC=0.561  LL=0.6895 (0.3s)
16:21:10  src.cpcv.models.kan_model  INFO  KAN fitted: widths=[14, 2, 2], grid=3, epochs=22, val_acc=0.5660, val_loss=0.7518, logit_range=[-0.22, 0.13], device=cpu.
16:21:10  src.cpcv.pipeline  INFO    [ 47/140]                  kan (seed=1) F1=0.382  AUC=0.524  LL=0.6909 (0.3s)
16:21:10  src.cpcv.models.kan_model  INFO  KAN fitted: widths=[14, 2, 2], grid=3, epochs=21, val_acc=0.6132, val_loss=0.7478, logit_range=[-0.21, 0.07], device=cpu.
16:21:10  src.cpcv.pipeline  INFO    [ 48/140]                  kan (seed=2) F1=0.382  AUC=0.552  LL=0.6905 (0.3s)
16:21:10  src.cpcv.models.kan_model  INFO  KAN fitted: widths=[14, 2, 2], grid=3, epochs=22, val_acc=0.6132, val_loss=0.7513, logit_range=[-0.09, 0.09], device=cpu.
16:21:10  src.cpcv.pipeline  INFO    [ 49/140]                  kan (seed=3) F1=0.563  AUC=0.589  LL=0.6804 (0.3s)
16:21:11  src.cpcv.models.kan_model  INFO  KAN fitted: widths=[14, 2, 2], grid=3, epochs=23, val_acc=0.6132, val_loss=0.7494, logit_range=[-0.16, 0.17], device=cpu.
16:21:11  src.cpcv.pipeline  INFO    [ 50/140]                  kan (seed=4) F1=0.502  AUC=0.579  LL=0.7025 (0.3s)
16:21:11  src.cpcv.preprocessing  INFO  Computing MDA (Random Forest)...
16:21:33  src.cpcv.preprocessing  INFO  Computing MDA (Logistic Regression)...
16:21:34  src.cpcv.preprocessing  INFO  Multi-model MDA: 37/73 passed (MDA > 0), 36 eliminated
16:21:34  src.cpcv.preprocessing  INFO    Capped at 14 features (top_k_frac=0.2)
16:21:34  src.cpcv.preprocessing  INFO    Selected (14): ['cci_14', 'ema_ratio_20_50', 'fee_per_tx', 'gold_ret_30', 'hashrate_roc_30', 'jarque_bera', 'log_returns', 'log_returns_lag6', 'mfi_14', 'natgas_ret_14', 'natgas_ret_30', 'silver_ret_30', 'skewness', 'sp500_ret_14']
16:21:34  src.cpcv.pipeline  INFO    Preprocessing: 14 features selected, train=494 + val=106 + cal=107, test=239
16:21:34  src.cpcv.tuning  INFO  Tuning (1 model) — Optuna TPE + Purged K-Fold (inner: 3 folds, embargo=10 obs)
16:21:34  src.cpcv.tuning  INFO    [tuning] kan (efficient-kan + AdamW): 3 purged K-fold splits, 40 Optuna trials (TPE)
16:22:41  src.cpcv.tuning  INFO      kan: 16 completed, 24 pruned (of 40 total) — best log_loss=0.6852, params={'width1': 5, 'lr': 0.017148336606632175, 'weight_decay': 0.0004898491725707815, 'grid': 3}
16:22:41  src.cpcv.tuning  INFO    [tuning] kan done in 66.8s — best log_loss=0.6852
16:22:41  src.cpcv.tuning  INFO  Tuning total: 66.8s
16:22:41  src.cpcv.pipeline  INFO      applied kan: {'width1': 5, 'width2': 0, 'grid': 3, 'lr': 0.017148336606632175, 'weight_decay': 0.0004898491725707815}
16:22:41  src.cpcv.models.kan_model  INFO  KAN fitted: widths=[14, 5, 2], grid=3, epochs=22, val_acc=0.5000, val_loss=0.7491, logit_range=[-0.20, 0.16], device=cpu.
16:22:41  src.cpcv.pipeline  INFO    [ 51/140]                  kan (seed=0) F1=0.500  AUC=0.564  LL=0.6831 (0.3s)
16:22:41  src.cpcv.models.kan_model  INFO  KAN fitted: widths=[14, 5, 2], grid=3, epochs=21, val_acc=0.5849, val_loss=0.7410, logit_range=[-0.12, 0.12], device=cpu.
16:22:41  src.cpcv.pipeline  INFO    [ 52/140]                  kan (seed=1) F1=0.354  AUC=0.543  LL=0.6921 (0.3s)
16:22:41  src.cpcv.models.kan_model  INFO  KAN fitted: widths=[14, 5, 2], grid=3, epochs=21, val_acc=0.5755, val_loss=0.7405, logit_range=[-0.17, 0.16], device=cpu.
16:22:41  src.cpcv.pipeline  INFO    [ 53/140]                  kan (seed=2) F1=0.537  AUC=0.603  LL=0.6843 (0.3s)
16:22:42  src.cpcv.models.kan_model  INFO  KAN fitted: widths=[14, 5, 2], grid=3, epochs=21, val_acc=0.5094, val_loss=0.7432, logit_range=[-0.11, 0.15], device=cpu.
16:22:42  src.cpcv.pipeline  INFO    [ 54/140]                  kan (seed=3) F1=0.496  AUC=0.548  LL=0.6928 (0.3s)
16:22:42  src.cpcv.models.kan_model  INFO  KAN fitted: widths=[14, 5, 2], grid=3, epochs=23, val_acc=0.5377, val_loss=0.7475, logit_range=[-0.17, 0.30], device=cpu.
16:22:42  src.cpcv.pipeline  INFO    [ 55/140]                  kan (seed=4) F1=0.570  AUC=0.581  LL=0.6832 (0.3s)
16:22:42  src.cpcv.preprocessing  INFO  Computing MDA (Random Forest)...
16:23:04  src.cpcv.preprocessing  INFO  Computing MDA (Logistic Regression)...
16:23:05  src.cpcv.preprocessing  INFO  Multi-model MDA: 34/73 passed (MDA > 0), 39 eliminated
16:23:05  src.cpcv.preprocessing  INFO    Capped at 14 features (top_k_frac=0.2)
16:23:05  src.cpcv.preprocessing  INFO    Selected (14): ['atr', 'copper_ret_14', 'eth_btc_ratio', 'fee_per_tx', 'jarque_bera', 'log_returns_lag4', 'log_returns_lag6', 'oil_ret_14', 'skewness', 'sp500_ret_30', 'variance_ratio', 'vix', 'vol_term_7_30', 'yield_curve_10y30y']
16:23:05  src.cpcv.pipeline  INFO    Preprocessing: 14 features selected, train=494 + val=106 + cal=107, test=239
16:23:05  src.cpcv.tuning  INFO  Tuning (1 model) — Optuna TPE + Purged K-Fold (inner: 3 folds, embargo=10 obs)
16:23:05  src.cpcv.tuning  INFO    [tuning] kan (efficient-kan + AdamW): 3 purged K-fold splits, 40 Optuna trials (TPE)
16:24:20  src.cpcv.tuning  INFO      kan: 14 completed, 26 pruned (of 40 total) — best log_loss=0.6647, params={'width1': 2, 'lr': 0.04353010439152429, 'weight_decay': 0.001764971584817572, 'grid': 3}
16:24:20  src.cpcv.tuning  INFO    [tuning] kan done in 75.2s — best log_loss=0.6647
16:24:20  src.cpcv.tuning  INFO  Tuning total: 75.2s
16:24:20  src.cpcv.pipeline  INFO      applied kan: {'width1': 2, 'width2': 0, 'grid': 3, 'lr': 0.04353010439152429, 'weight_decay': 0.001764971584817572}
16:24:20  src.cpcv.models.kan_model  INFO  KAN fitted: widths=[14, 2, 2], grid=3, epochs=28, val_acc=0.6415, val_loss=0.7322, logit_range=[-1.01, 0.71], device=cpu.
16:24:20  src.cpcv.pipeline  INFO    [ 56/140]                  kan (seed=0) F1=0.414  AUC=0.457  LL=0.7609 (0.4s)
16:24:21  src.cpcv.models.kan_model  INFO  KAN fitted: widths=[14, 2, 2], grid=3, epochs=31, val_acc=0.6415, val_loss=0.7448, logit_range=[-0.99, 0.46], device=cpu.
16:24:21  src.cpcv.pipeline  INFO    [ 57/140]                  kan (seed=1) F1=0.400  AUC=0.427  LL=0.7331 (0.4s)
16:24:21  src.cpcv.models.kan_model  INFO  KAN fitted: widths=[14, 2, 2], grid=3, epochs=35, val_acc=0.6604, val_loss=0.7394, logit_range=[-0.99, 0.67], device=cpu.
16:24:21  src.cpcv.pipeline  INFO    [ 58/140]                  kan (seed=2) F1=0.387  AUC=0.436  LL=0.7391 (0.4s)
16:24:22  src.cpcv.models.kan_model  INFO  KAN fitted: widths=[14, 2, 2], grid=3, epochs=29, val_acc=0.6509, val_loss=0.7438, logit_range=[-0.57, 0.62], device=cpu.
16:24:22  src.cpcv.pipeline  INFO    [ 59/140]                  kan (seed=3) F1=0.435  AUC=0.445  LL=0.7345 (0.4s)
16:24:22  src.cpcv.models.kan_model  INFO  KAN fitted: widths=[14, 2, 2], grid=3, epochs=44, val_acc=0.6038, val_loss=0.7434, logit_range=[-0.74, 0.56], device=cpu.
16:24:22  src.cpcv.pipeline  INFO    [ 60/140]                  kan (seed=4) F1=0.419  AUC=0.416  LL=0.7363 (0.6s)
16:24:22  src.cpcv.preprocessing  INFO  Computing MDA (Random Forest)...
16:24:43  src.cpcv.preprocessing  INFO  Computing MDA (Logistic Regression)...
16:24:45  src.cpcv.preprocessing  INFO  Multi-model MDA: 39/73 passed (MDA > 0), 34 eliminated
16:24:45  src.cpcv.preprocessing  INFO    Capped at 14 features (top_k_frac=0.2)
16:24:45  src.cpcv.preprocessing  INFO    Selected (14): ['dxy_roc_30', 'eth_btc_ratio', 'jarque_bera', 'kurtosis', 'log_returns_lag3', 'macd_hist', 'nasdaq_ret_30', 'obv', 'oil_ret_14', 'sadf', 'sp500_ret_30', 'williams_r', 'yield_curve_2y10y', 'yz_vol']
16:24:45  src.cpcv.pipeline  INFO    Preprocessing: 14 features selected, train=502 + val=108 + cal=108, test=239
16:24:45  src.cpcv.tuning  INFO  Tuning (1 model) — Optuna TPE + Purged K-Fold (inner: 3 folds, embargo=10 obs)
16:24:45  src.cpcv.tuning  INFO    [tuning] kan (efficient-kan + AdamW): 3 purged K-fold splits, 40 Optuna trials (TPE)
16:25:36  src.cpcv.tuning  INFO      kan: 21 completed, 19 pruned (of 40 total) — best log_loss=0.6880, params={'width1': 6, 'lr': 0.01824220727181061, 'weight_decay': 0.00014169543745774167, 'grid': 3}
16:25:36  src.cpcv.tuning  INFO    [tuning] kan done in 51.6s — best log_loss=0.6880
16:25:36  src.cpcv.tuning  INFO  Tuning total: 51.6s
16:25:36  src.cpcv.pipeline  INFO      applied kan: {'width1': 6, 'width2': 0, 'grid': 3, 'lr': 0.01824220727181061, 'weight_decay': 0.00014169543745774167}
16:25:37  src.cpcv.models.kan_model  INFO  KAN fitted: widths=[14, 6, 2], grid=3, epochs=26, val_acc=0.5648, val_loss=0.8474, logit_range=[-0.24, 0.30], device=cpu.
16:25:37  src.cpcv.pipeline  INFO    [ 61/140]                  kan (seed=0) F1=0.371  AUC=0.547  LL=0.6767 (0.4s)
16:25:37  src.cpcv.models.kan_model  INFO  KAN fitted: widths=[14, 6, 2], grid=3, epochs=29, val_acc=0.5741, val_loss=0.8436, logit_range=[-0.40, 0.36], device=cpu.
16:25:37  src.cpcv.pipeline  INFO    [ 62/140]                  kan (seed=1) F1=0.371  AUC=0.507  LL=0.6770 (0.5s)
16:25:37  src.cpcv.models.kan_model  INFO  KAN fitted: widths=[14, 6, 2], grid=3, epochs=27, val_acc=0.5648, val_loss=0.8451, logit_range=[-0.44, 0.35], device=cpu.
16:25:37  src.cpcv.pipeline  INFO    [ 63/140]                  kan (seed=2) F1=0.371  AUC=0.508  LL=0.6761 (0.4s)
16:25:38  src.cpcv.models.kan_model  INFO  KAN fitted: widths=[14, 6, 2], grid=3, epochs=27, val_acc=0.5556, val_loss=0.8488, logit_range=[-0.37, 0.23], device=cpu.
16:25:38  src.cpcv.pipeline  INFO    [ 64/140]                  kan (seed=3) F1=0.371  AUC=0.524  LL=0.6762 (0.5s)
16:25:38  src.cpcv.models.kan_model  INFO  KAN fitted: widths=[14, 6, 2], grid=3, epochs=28, val_acc=0.6111, val_loss=0.8427, logit_range=[-0.22, 0.35], device=cpu.
16:25:38  src.cpcv.pipeline  INFO    [ 65/140]                  kan (seed=4) F1=0.371  AUC=0.538  LL=0.6765 (0.5s)
16:25:39  src.cpcv.preprocessing  INFO  Computing MDA (Random Forest)...
16:26:00  src.cpcv.preprocessing  INFO  Computing MDA (Logistic Regression)...
16:26:01  src.cpcv.preprocessing  INFO  Multi-model MDA: 37/73 passed (MDA > 0), 36 eliminated
16:26:01  src.cpcv.preprocessing  INFO    Capped at 14 features (top_k_frac=0.2)
16:26:01  src.cpcv.preprocessing  INFO    Selected (14): ['eth_btc_ratio', 'log_returns_lag2', 'log_returns_lag6', 'macd_hist', 'obv', 'oil_ret_30', 'roc_14', 'sadf', 'silver_ret_30', 'sp500_ret_30', 'stoch_d', 'vol_term_30_90', 'williams_r', 'yield_curve_2y10y']
16:26:01  src.cpcv.pipeline  INFO    Preprocessing: 14 features selected, train=464 + val=99 + cal=100, test=292
16:26:01  src.cpcv.tuning  INFO  Tuning (1 model) — Optuna TPE + Purged K-Fold (inner: 3 folds, embargo=10 obs)
16:26:01  src.cpcv.tuning  INFO    [tuning] kan (efficient-kan + AdamW): 3 purged K-fold splits, 40 Optuna trials (TPE)
16:28:06  src.cpcv.tuning  INFO      kan: 27 completed, 13 pruned (of 40 total) — best log_loss=0.6846, params={'width1': 2, 'lr': 0.002634019124626176, 'weight_decay': 0.00018408623974403097, 'grid': 3}
16:28:06  src.cpcv.tuning  INFO    [tuning] kan done in 125.4s — best log_loss=0.6846
16:28:06  src.cpcv.tuning  INFO  Tuning total: 125.4s
16:28:06  src.cpcv.pipeline  INFO      applied kan: {'width1': 2, 'width2': 0, 'grid': 3, 'lr': 0.002634019124626176, 'weight_decay': 0.00018408623974403097}
16:28:07  src.cpcv.models.kan_model  INFO  KAN fitted: widths=[14, 2, 2], grid=3, epochs=51, val_acc=0.3636, val_loss=0.6968, logit_range=[-0.11, 0.07], device=cpu.
16:28:07  src.cpcv.pipeline  INFO    [ 66/140]                  kan (seed=0) F1=0.336  AUC=0.414  LL=0.6974 (0.6s)
16:28:07  src.cpcv.models.kan_model  INFO  KAN fitted: widths=[14, 2, 2], grid=3, epochs=21, val_acc=0.4949, val_loss=0.6951, logit_range=[-0.05, 0.06], device=cpu.
16:28:07  src.cpcv.pipeline  INFO    [ 67/140]                  kan (seed=1) F1=0.487  AUC=0.515  LL=0.6931 (0.3s)
16:28:07  src.cpcv.models.kan_model  INFO  KAN fitted: widths=[14, 2, 2], grid=3, epochs=21, val_acc=0.4747, val_loss=0.6950, logit_range=[-0.10, 0.09], device=cpu.
16:28:07  src.cpcv.pipeline  INFO    [ 68/140]                  kan (seed=2) F1=0.336  AUC=0.447  LL=0.6959 (0.3s)
16:28:09  src.cpcv.models.kan_model  INFO  KAN fitted: widths=[14, 2, 2], grid=3, epochs=122, val_acc=0.5960, val_loss=0.6881, logit_range=[-0.31, 0.29], device=cpu.
16:28:09  src.cpcv.pipeline  INFO    [ 69/140]                  kan (seed=3) F1=0.491  AUC=0.555  LL=0.6893 (1.4s)
16:28:09  src.cpcv.models.kan_model  INFO  KAN fitted: widths=[14, 2, 2], grid=3, epochs=22, val_acc=0.4646, val_loss=0.6985, logit_range=[-0.14, 0.11], device=cpu.
16:28:09  src.cpcv.pipeline  INFO    [ 70/140]                  kan (seed=4) F1=0.336  AUC=0.540  LL=0.6929 (0.3s)
16:28:09  src.cpcv.preprocessing  INFO  Computing MDA (Random Forest)...
16:28:30  src.cpcv.preprocessing  INFO  Computing MDA (Logistic Regression)...
16:28:32  src.cpcv.preprocessing  INFO  Multi-model MDA: 39/73 passed (MDA > 0), 34 eliminated
16:28:32  src.cpcv.preprocessing  INFO    Capped at 14 features (top_k_frac=0.2)
16:28:32  src.cpcv.preprocessing  INFO    Selected (14): ['ema_ratio_20_50', 'eth_btc_ratio', 'issuance_ntv', 'log_returns_lag4', 'mvrv', 'oil_ret_14', 'roc_14', 'skewness', 'sp500_ret_14', 'sp500_ret_30', 'stoch_d', 'us2y', 'yield_curve_10y30y', 'yield_curve_2y10y']
16:28:32  src.cpcv.pipeline  INFO    Preprocessing: 14 features selected, train=455 + val=98 + cal=98, test=292
16:28:32  src.cpcv.tuning  INFO  Tuning (1 model) — Optuna TPE + Purged K-Fold (inner: 3 folds, embargo=10 obs)
16:28:32  src.cpcv.tuning  INFO    [tuning] kan (efficient-kan + AdamW): 3 purged K-fold splits, 40 Optuna trials (TPE)
16:29:18  src.cpcv.tuning  INFO      kan: 25 completed, 15 pruned (of 40 total) — best log_loss=0.6899, params={'width1': 6, 'lr': 0.0015758832997723642, 'weight_decay': 3.354371604764885e-05, 'grid': 3}
16:29:18  src.cpcv.tuning  INFO    [tuning] kan done in 46.5s — best log_loss=0.6899
16:29:18  src.cpcv.tuning  INFO  Tuning total: 46.5s
16:29:18  src.cpcv.pipeline  INFO      applied kan: {'width1': 6, 'width2': 0, 'grid': 3, 'lr': 0.0015758832997723642, 'weight_decay': 3.354371604764885e-05}
16:29:18  src.cpcv.models.kan_model  INFO  KAN fitted: widths=[14, 6, 2], grid=3, epochs=21, val_acc=0.4388, val_loss=0.7122, logit_range=[-0.04, 0.09], device=cpu.
16:29:18  src.cpcv.pipeline  INFO    [ 71/140]                  kan (seed=0) F1=0.524  AUC=0.642  LL=0.6724 (0.3s)
16:29:19  src.cpcv.models.kan_model  INFO  KAN fitted: widths=[14, 6, 2], grid=3, epochs=21, val_acc=0.4490, val_loss=0.7133, logit_range=[-0.04, 0.10], device=cpu.
16:29:19  src.cpcv.pipeline  INFO    [ 72/140]                  kan (seed=1) F1=0.350  AUC=0.581  LL=0.6901 (0.3s)
16:29:19  src.cpcv.models.kan_model  INFO  KAN fitted: widths=[14, 6, 2], grid=3, epochs=21, val_acc=0.5408, val_loss=0.7075, logit_range=[-0.16, 0.06], device=cpu.
16:29:19  src.cpcv.pipeline  INFO    [ 73/140]                  kan (seed=2) F1=0.578  AUC=0.608  LL=0.6776 (0.3s)
16:29:19  src.cpcv.models.kan_model  INFO  KAN fitted: widths=[14, 6, 2], grid=3, epochs=21, val_acc=0.4796, val_loss=0.7105, logit_range=[-0.07, 0.09], device=cpu.
16:29:19  src.cpcv.pipeline  INFO    [ 74/140]                  kan (seed=3) F1=0.350  AUC=0.535  LL=0.6903 (0.3s)
16:29:20  src.cpcv.models.kan_model  INFO  KAN fitted: widths=[14, 6, 2], grid=3, epochs=21, val_acc=0.5714, val_loss=0.7087, logit_range=[-0.11, 0.10], device=cpu.
16:29:20  src.cpcv.pipeline  INFO    [ 75/140]                  kan (seed=4) F1=0.350  AUC=0.412  LL=0.6914 (0.3s)
16:29:20  src.cpcv.preprocessing  INFO  Computing MDA (Random Forest)...
16:29:40  src.cpcv.preprocessing  INFO  Computing MDA (Logistic Regression)...
16:29:42  src.cpcv.preprocessing  INFO  Multi-model MDA: 30/73 passed (MDA > 0), 43 eliminated
16:29:42  src.cpcv.preprocessing  INFO    Capped at 14 features (top_k_frac=0.2)
16:29:42  src.cpcv.preprocessing  INFO    Selected (14): ['ema_ratio_50_200', 'log_returns', 'log_returns_lag2', 'log_returns_lag30', 'log_returns_lag7', 'natgas_ret_14', 'natgas_ret_30', 'rsi', 'skewness', 'sp500_ret_14', 'us10y', 'us2y', 'vix', 'yield_curve_10y30y']
16:29:42  src.cpcv.pipeline  INFO    Preprocessing: 14 features selected, train=455 + val=98 + cal=98, test=292
16:29:42  src.cpcv.tuning  INFO  Tuning (1 model) — Optuna TPE + Purged K-Fold (inner: 3 folds, embargo=10 obs)
16:29:42  src.cpcv.tuning  INFO    [tuning] kan (efficient-kan + AdamW): 3 purged K-fold splits, 40 Optuna trials (TPE)
16:31:07  src.cpcv.tuning  INFO      kan: 33 completed, 7 pruned (of 40 total) — best log_loss=0.6773, params={'width1': 5, 'lr': 0.03318290944995562, 'weight_decay': 1.2262729067079514e-05, 'grid': 5}
16:31:07  src.cpcv.tuning  INFO    [tuning] kan done in 85.6s — best log_loss=0.6773
16:31:07  src.cpcv.tuning  INFO  Tuning total: 85.6s
16:31:07  src.cpcv.pipeline  INFO      applied kan: {'width1': 5, 'width2': 0, 'grid': 5, 'lr': 0.03318290944995562, 'weight_decay': 1.2262729067079514e-05}
16:31:07  src.cpcv.models.kan_model  INFO  KAN fitted: widths=[14, 5, 2], grid=5, epochs=21, val_acc=0.4898, val_loss=0.6982, logit_range=[-0.12, 0.14], device=cpu.
16:31:08  src.cpcv.pipeline  INFO    [ 76/140]                  kan (seed=0) F1=0.518  AUC=0.546  LL=0.7026 (0.3s)
16:31:08  src.cpcv.models.kan_model  INFO  KAN fitted: widths=[14, 5, 2], grid=5, epochs=21, val_acc=0.3980, val_loss=0.7001, logit_range=[-0.15, 0.12], device=cpu.
16:31:08  src.cpcv.pipeline  INFO    [ 77/140]                  kan (seed=1) F1=0.493  AUC=0.533  LL=0.7258 (0.3s)
16:31:08  src.cpcv.models.kan_model  INFO  KAN fitted: widths=[14, 5, 2], grid=5, epochs=21, val_acc=0.4490, val_loss=0.7011, logit_range=[-0.21, 0.14], device=cpu.
16:31:08  src.cpcv.pipeline  INFO    [ 78/140]                  kan (seed=2) F1=0.324  AUC=0.504  LL=0.6967 (0.3s)
16:31:08  src.cpcv.models.kan_model  INFO  KAN fitted: widths=[14, 5, 2], grid=5, epochs=27, val_acc=0.4592, val_loss=0.6958, logit_range=[-0.36, 0.45], device=cpu.
16:31:09  src.cpcv.pipeline  INFO    [ 79/140]                  kan (seed=3) F1=0.554  AUC=0.564  LL=0.6934 (0.4s)
16:31:09  src.cpcv.models.kan_model  INFO  KAN fitted: widths=[14, 5, 2], grid=5, epochs=21, val_acc=0.4796, val_loss=0.7022, logit_range=[-0.18, 0.14], device=cpu.
16:31:09  src.cpcv.pipeline  INFO    [ 80/140]                  kan (seed=4) F1=0.513  AUC=0.548  LL=0.7026 (0.3s)
16:31:09  src.cpcv.preprocessing  INFO  Computing MDA (Random Forest)...
16:31:30  src.cpcv.preprocessing  INFO  Computing MDA (Logistic Regression)...
16:31:32  src.cpcv.preprocessing  INFO  Multi-model MDA: 37/73 passed (MDA > 0), 36 eliminated
16:31:32  src.cpcv.preprocessing  INFO    Capped at 14 features (top_k_frac=0.2)
16:31:32  src.cpcv.preprocessing  INFO    Selected (14): ['dxy_roc_30', 'exchange_supply_pct', 'jarque_bera', 'log_returns_lag5', 'log_returns_lag6', 'lz_complexity', 'nasdaq_ret_14', 'nasdaq_ret_30', 'obv', 'oil_ret_14', 'rsi', 'sadf', 'silver_ret_30', 'smt_exp']
16:31:32  src.cpcv.pipeline  INFO    Preprocessing: 14 features selected, train=455 + val=98 + cal=98, test=292
16:31:32  src.cpcv.tuning  INFO  Tuning (1 model) — Optuna TPE + Purged K-Fold (inner: 3 folds, embargo=10 obs)
16:31:32  src.cpcv.tuning  INFO    [tuning] kan (efficient-kan + AdamW): 3 purged K-fold splits, 40 Optuna trials (TPE)
16:33:07  src.cpcv.tuning  INFO      kan: 36 completed, 4 pruned (of 40 total) — best log_loss=0.6820, params={'width1': 3, 'lr': 0.0041877017845482435, 'weight_decay': 0.0010981565403412107, 'grid': 5}
16:33:07  src.cpcv.tuning  INFO    [tuning] kan done in 95.8s — best log_loss=0.6820
16:33:07  src.cpcv.tuning  INFO  Tuning total: 95.8s
16:33:07  src.cpcv.pipeline  INFO      applied kan: {'width1': 3, 'width2': 0, 'grid': 5, 'lr': 0.0041877017845482435, 'weight_decay': 0.0010981565403412107}
16:33:08  src.cpcv.models.kan_model  INFO  KAN fitted: widths=[14, 3, 2], grid=5, epochs=60, val_acc=0.6327, val_loss=0.7695, logit_range=[-0.39, 0.54], device=cpu.
16:33:08  src.cpcv.pipeline  INFO    [ 81/140]                  kan (seed=0) F1=0.381  AUC=0.447  LL=0.7005 (0.7s)
16:33:09  src.cpcv.models.kan_model  INFO  KAN fitted: widths=[14, 3, 2], grid=5, epochs=62, val_acc=0.6429, val_loss=0.7672, logit_range=[-0.31, 0.28], device=cpu.
16:33:09  src.cpcv.pipeline  INFO    [ 82/140]                  kan (seed=1) F1=0.368  AUC=0.426  LL=0.7081 (0.8s)
16:33:10  src.cpcv.models.kan_model  INFO  KAN fitted: widths=[14, 3, 2], grid=5, epochs=62, val_acc=0.5204, val_loss=0.7751, logit_range=[-0.45, 0.48], device=cpu.
16:33:10  src.cpcv.pipeline  INFO    [ 83/140]                  kan (seed=2) F1=0.361  AUC=0.433  LL=0.7050 (0.8s)
16:33:10  src.cpcv.models.kan_model  INFO  KAN fitted: widths=[14, 3, 2], grid=5, epochs=63, val_acc=0.5612, val_loss=0.7738, logit_range=[-0.42, 0.41], device=cpu.
16:33:10  src.cpcv.pipeline  INFO    [ 84/140]                  kan (seed=3) F1=0.416  AUC=0.467  LL=0.7119 (0.8s)
16:33:11  src.cpcv.models.kan_model  INFO  KAN fitted: widths=[14, 3, 2], grid=5, epochs=69, val_acc=0.6122, val_loss=0.7748, logit_range=[-0.37, 0.32], device=cpu.
16:33:11  src.cpcv.pipeline  INFO    [ 85/140]                  kan (seed=4) F1=0.333  AUC=0.468  LL=0.6987 (0.9s)
16:33:12  src.cpcv.preprocessing  INFO  Computing MDA (Random Forest)...
16:33:33  src.cpcv.preprocessing  INFO  Computing MDA (Logistic Regression)...
16:33:34  src.cpcv.preprocessing  INFO  Multi-model MDA: 40/73 passed (MDA > 0), 33 eliminated
16:33:34  src.cpcv.preprocessing  INFO    Capped at 14 features (top_k_frac=0.2)
16:33:34  src.cpcv.preprocessing  INFO    Selected (14): ['chaikin_osc', 'dxy_roc_30', 'exchange_supply_pct', 'fee_per_tx', 'gk_vol', 'jarque_bera', 'kurtosis', 'log_returns_lag1', 'macd_hist', 'natgas_ret_30', 'obv', 'roc_14', 'sadf', 'smt_exp']
16:33:34  src.cpcv.pipeline  INFO    Preprocessing: 14 features selected, train=463 + val=99 + cal=100, test=292
16:33:34  src.cpcv.tuning  INFO  Tuning (1 model) — Optuna TPE + Purged K-Fold (inner: 3 folds, embargo=10 obs)
16:33:34  src.cpcv.tuning  INFO    [tuning] kan (efficient-kan + AdamW): 3 purged K-fold splits, 40 Optuna trials (TPE)
16:35:48  src.cpcv.tuning  INFO      kan: 40 completed, 0 pruned (of 40 total) — best log_loss=0.6823, params={'width1': 3, 'lr': 0.0008049326671881333, 'weight_decay': 0.00039185319669018275, 'grid': 5}
16:35:48  src.cpcv.tuning  INFO    [tuning] kan done in 134.3s — best log_loss=0.6823
16:35:48  src.cpcv.tuning  INFO  Tuning total: 134.3s
16:35:48  src.cpcv.pipeline  INFO      applied kan: {'width1': 3, 'width2': 0, 'grid': 5, 'lr': 0.0008049326671881333, 'weight_decay': 0.00039185319669018275}
16:35:50  src.cpcv.models.kan_model  INFO  KAN fitted: widths=[14, 3, 2], grid=5, epochs=166, val_acc=0.5455, val_loss=0.8405, logit_range=[-0.24, 0.37], device=cpu.
16:35:50  src.cpcv.pipeline  INFO    [ 86/140]                  kan (seed=0) F1=0.384  AUC=0.487  LL=0.8333 (2.1s)
16:35:53  src.cpcv.models.kan_model  INFO  KAN fitted: widths=[14, 3, 2], grid=5, epochs=200, val_acc=0.6061, val_loss=0.8454, logit_range=[-0.24, 0.27], device=cpu.
16:35:53  src.cpcv.pipeline  INFO    [ 87/140]                  kan (seed=1) F1=0.335  AUC=0.486  LL=0.7399 (2.6s)
16:35:56  src.cpcv.models.kan_model  INFO  KAN fitted: widths=[14, 3, 2], grid=5, epochs=200, val_acc=0.5253, val_loss=0.8409, logit_range=[-0.29, 0.35], device=cpu.
16:35:56  src.cpcv.pipeline  INFO    [ 88/140]                  kan (seed=2) F1=0.354  AUC=0.489  LL=0.7272 (2.7s)
16:35:58  src.cpcv.models.kan_model  INFO  KAN fitted: widths=[14, 3, 2], grid=5, epochs=200, val_acc=0.5354, val_loss=0.8535, logit_range=[-0.30, 0.30], device=cpu.
16:35:58  src.cpcv.pipeline  INFO    [ 89/140]                  kan (seed=3) F1=0.339  AUC=0.491  LL=0.7181 (2.7s)
16:36:00  src.cpcv.models.kan_model  INFO  KAN fitted: widths=[14, 3, 2], grid=5, epochs=169, val_acc=0.4747, val_loss=0.8600, logit_range=[-0.14, 0.21], device=cpu.
16:36:01  src.cpcv.pipeline  INFO    [ 90/140]                  kan (seed=4) F1=0.339  AUC=0.477  LL=0.7086 (2.2s)
16:36:01  src.cpcv.preprocessing  INFO  Computing MDA (Random Forest)...
16:36:22  src.cpcv.preprocessing  INFO  Computing MDA (Logistic Regression)...
16:36:23  src.cpcv.preprocessing  INFO  Multi-model MDA: 39/73 passed (MDA > 0), 34 eliminated
16:36:23  src.cpcv.preprocessing  INFO    Capped at 14 features (top_k_frac=0.2)
16:36:23  src.cpcv.preprocessing  INFO    Selected (14): ['copper_ret_14', 'eth_btc_ratio', 'kurtosis', 'log_returns_lag14', 'log_returns_lag2', 'log_returns_lag3', 'log_returns_lag7', 'lz_complexity', 'natgas_ret_30', 'oil_ret_14', 'rsi', 'skewness', 'smt_poly1', 'sp500_ret_30']
16:36:23  src.cpcv.pipeline  INFO    Preprocessing: 14 features selected, train=465 + val=100 + cal=100, test=292
16:36:23  src.cpcv.tuning  INFO  Tuning (1 model) — Optuna TPE + Purged K-Fold (inner: 3 folds, embargo=10 obs)
16:36:23  src.cpcv.tuning  INFO    [tuning] kan (efficient-kan + AdamW): 3 purged K-fold splits, 40 Optuna trials (TPE)
16:37:52  src.cpcv.tuning  INFO      kan: 17 completed, 23 pruned (of 40 total) — best log_loss=0.6849, params={'width1': 5, 'lr': 0.00916038623831982, 'weight_decay': 0.0004898491725707815, 'grid': 3}
16:37:52  src.cpcv.tuning  INFO    [tuning] kan done in 89.1s — best log_loss=0.6849
16:37:52  src.cpcv.tuning  INFO  Tuning total: 89.1s
16:37:52  src.cpcv.pipeline  INFO      applied kan: {'width1': 5, 'width2': 0, 'grid': 3, 'lr': 0.00916038623831982, 'weight_decay': 0.0004898491725707815}
16:37:52  src.cpcv.models.kan_model  INFO  KAN fitted: widths=[14, 5, 2], grid=3, epochs=21, val_acc=0.5300, val_loss=0.7129, logit_range=[-0.08, 0.15], device=cpu.
16:37:52  src.cpcv.pipeline  INFO    [ 91/140]                  kan (seed=0) F1=0.367  AUC=0.533  LL=0.6875 (0.4s)
16:37:53  src.cpcv.models.kan_model  INFO  KAN fitted: widths=[14, 5, 2], grid=3, epochs=21, val_acc=0.6400, val_loss=0.6983, logit_range=[-0.13, 0.13], device=cpu.
16:37:53  src.cpcv.pipeline  INFO    [ 92/140]                  kan (seed=1) F1=0.367  AUC=0.525  LL=0.6875 (0.3s)
16:37:53  src.cpcv.models.kan_model  INFO  KAN fitted: widths=[14, 5, 2], grid=3, epochs=21, val_acc=0.5100, val_loss=0.7068, logit_range=[-0.09, 0.10], device=cpu.
16:37:53  src.cpcv.pipeline  INFO    [ 93/140]                  kan (seed=2) F1=0.437  AUC=0.495  LL=0.6891 (0.3s)
16:37:53  src.cpcv.models.kan_model  INFO  KAN fitted: widths=[14, 5, 2], grid=3, epochs=23, val_acc=0.3500, val_loss=0.7216, logit_range=[-0.15, 0.12], device=cpu.
16:37:53  src.cpcv.pipeline  INFO    [ 94/140]                  kan (seed=3) F1=0.367  AUC=0.507  LL=0.6874 (0.4s)
16:37:54  src.cpcv.models.kan_model  INFO  KAN fitted: widths=[14, 5, 2], grid=3, epochs=23, val_acc=0.5100, val_loss=0.7093, logit_range=[-0.17, 0.24], device=cpu.
16:37:54  src.cpcv.pipeline  INFO    [ 95/140]                  kan (seed=4) F1=0.525  AUC=0.540  LL=0.6880 (0.3s)
16:37:54  src.cpcv.preprocessing  INFO  Computing MDA (Random Forest)...
16:38:15  src.cpcv.preprocessing  INFO  Computing MDA (Logistic Regression)...
16:38:16  src.cpcv.preprocessing  INFO  Multi-model MDA: 38/73 passed (MDA > 0), 35 eliminated
16:38:16  src.cpcv.preprocessing  INFO    Capped at 14 features (top_k_frac=0.2)
16:38:16  src.cpcv.preprocessing  INFO    Selected (14): ['ema_ratio_20_50', 'log_returns_lag30', 'log_returns_lag5', 'log_returns_lag6', 'log_returns_lag7', 'mvrv', 'net_exchange_flow', 'oil_ret_14', 'silver_ret_14', 'skewness', 'sp500_ret_14', 'us10y', 'variance_ratio', 'vix']
16:38:16  src.cpcv.pipeline  INFO    Preprocessing: 14 features selected, train=457 + val=98 + cal=98, test=292
16:38:16  src.cpcv.tuning  INFO  Tuning (1 model) — Optuna TPE + Purged K-Fold (inner: 3 folds, embargo=10 obs)
16:38:16  src.cpcv.tuning  INFO    [tuning] kan (efficient-kan + AdamW): 3 purged K-fold splits, 40 Optuna trials (TPE)
16:39:20  src.cpcv.tuning  INFO      kan: 19 completed, 21 pruned (of 40 total) — best log_loss=0.6809, params={'width1': 5, 'lr': 0.03717820968361142, 'weight_decay': 0.00015657816387173234, 'grid': 5}
16:39:20  src.cpcv.tuning  INFO    [tuning] kan done in 64.1s — best log_loss=0.6809
16:39:20  src.cpcv.tuning  INFO  Tuning total: 64.1s
16:39:20  src.cpcv.pipeline  INFO      applied kan: {'width1': 5, 'width2': 0, 'grid': 5, 'lr': 0.03717820968361142, 'weight_decay': 0.00015657816387173234}
16:39:20  src.cpcv.models.kan_model  INFO  KAN fitted: widths=[14, 5, 2], grid=5, epochs=21, val_acc=0.5510, val_loss=0.7089, logit_range=[-0.13, 0.14], device=cpu.
16:39:20  src.cpcv.pipeline  INFO    [ 96/140]                  kan (seed=0) F1=0.497  AUC=0.492  LL=0.7185 (0.3s)
16:39:21  src.cpcv.models.kan_model  INFO  KAN fitted: widths=[14, 5, 2], grid=5, epochs=21, val_acc=0.4694, val_loss=0.7070, logit_range=[-0.16, 0.10], device=cpu.
16:39:21  src.cpcv.pipeline  INFO    [ 97/140]                  kan (seed=1) F1=0.420  AUC=0.507  LL=0.7401 (0.3s)
16:39:21  src.cpcv.models.kan_model  INFO  KAN fitted: widths=[14, 5, 2], grid=5, epochs=21, val_acc=0.5612, val_loss=0.7036, logit_range=[-0.17, 0.06], device=cpu.
16:39:21  src.cpcv.pipeline  INFO    [ 98/140]                  kan (seed=2) F1=0.400  AUC=0.532  LL=0.6969 (0.3s)
16:39:21  src.cpcv.models.kan_model  INFO  KAN fitted: widths=[14, 5, 2], grid=5, epochs=21, val_acc=0.5510, val_loss=0.7078, logit_range=[-0.08, 0.11], device=cpu.
16:39:21  src.cpcv.pipeline  INFO    [ 99/140]                  kan (seed=3) F1=0.342  AUC=0.547  LL=0.6921 (0.3s)
16:39:22  src.cpcv.models.kan_model  INFO  KAN fitted: widths=[14, 5, 2], grid=5, epochs=22, val_acc=0.5102, val_loss=0.7041, logit_range=[-0.12, 0.10], device=cpu.
16:39:22  src.cpcv.pipeline  INFO    [100/140]                  kan (seed=4) F1=0.384  AUC=0.565  LL=0.7945 (0.4s)
16:39:22  src.cpcv.preprocessing  INFO  Computing MDA (Random Forest)...
16:39:43  src.cpcv.preprocessing  INFO  Computing MDA (Logistic Regression)...
16:39:45  src.cpcv.preprocessing  INFO  Multi-model MDA: 37/73 passed (MDA > 0), 36 eliminated
16:39:45  src.cpcv.preprocessing  INFO    Capped at 14 features (top_k_frac=0.2)
16:39:45  src.cpcv.preprocessing  INFO    Selected (14): ['eth_btc_ratio', 'gold_ret_30', 'kurtosis', 'log_returns_lag3', 'log_returns_lag6', 'log_returns_lag7', 'macd_hist', 'realized_vol', 'silver_ret_30', 'sp500_ret_30', 'stoch_k', 'variance_ratio', 'williams_r', 'yield_curve_2y10y']
16:39:45  src.cpcv.pipeline  INFO    Preprocessing: 14 features selected, train=457 + val=98 + cal=98, test=292
16:39:45  src.cpcv.tuning  INFO  Tuning (1 model) — Optuna TPE + Purged K-Fold (inner: 3 folds, embargo=10 obs)
16:39:45  src.cpcv.tuning  INFO    [tuning] kan (efficient-kan + AdamW): 3 purged K-fold splits, 40 Optuna trials (TPE)
16:40:57  src.cpcv.tuning  INFO      kan: 14 completed, 26 pruned (of 40 total) — best log_loss=0.6672, params={'width1': 3, 'lr': 0.035595126682877835, 'weight_decay': 0.0010755239149513947, 'grid': 3}
16:40:57  src.cpcv.tuning  INFO    [tuning] kan done in 72.0s — best log_loss=0.6672
16:40:57  src.cpcv.tuning  INFO  Tuning total: 72.0s
16:40:57  src.cpcv.pipeline  INFO      applied kan: {'width1': 3, 'width2': 0, 'grid': 3, 'lr': 0.035595126682877835, 'weight_decay': 0.0010755239149513947}
16:40:57  src.cpcv.models.kan_model  INFO  KAN fitted: widths=[14, 3, 2], grid=3, epochs=24, val_acc=0.6224, val_loss=0.7865, logit_range=[-0.69, 0.50], device=cpu.
16:40:57  src.cpcv.pipeline  INFO    [101/140]                  kan (seed=0) F1=0.484  AUC=0.502  LL=0.7005 (0.3s)
16:40:57  src.cpcv.models.kan_model  INFO  KAN fitted: widths=[14, 3, 2], grid=3, epochs=47, val_acc=0.6327, val_loss=0.7798, logit_range=[-1.83, 1.01], device=cpu.
16:40:57  src.cpcv.pipeline  INFO    [102/140]                  kan (seed=1) F1=0.472  AUC=0.484  LL=0.7021 (0.6s)
16:40:58  src.cpcv.models.kan_model  INFO  KAN fitted: widths=[14, 3, 2], grid=3, epochs=57, val_acc=0.6122, val_loss=0.7619, logit_range=[-1.38, 1.41], device=cpu.
16:40:58  src.cpcv.pipeline  INFO    [103/140]                  kan (seed=2) F1=0.357  AUC=0.492  LL=0.6891 (0.7s)
16:40:59  src.cpcv.models.kan_model  INFO  KAN fitted: widths=[14, 3, 2], grid=3, epochs=34, val_acc=0.5918, val_loss=0.8107, logit_range=[-1.40, 1.06], device=cpu.
16:40:59  src.cpcv.pipeline  INFO    [104/140]                  kan (seed=3) F1=0.459  AUC=0.485  LL=0.7093 (0.4s)
16:40:59  src.cpcv.models.kan_model  INFO  KAN fitted: widths=[14, 3, 2], grid=3, epochs=23, val_acc=0.5408, val_loss=0.8003, logit_range=[-0.35, 0.18], device=cpu.
16:40:59  src.cpcv.pipeline  INFO    [105/140]                  kan (seed=4) F1=0.452  AUC=0.501  LL=0.6920 (0.3s)
16:40:59  src.cpcv.preprocessing  INFO  Computing MDA (Random Forest)...
16:41:20  src.cpcv.preprocessing  INFO  Computing MDA (Logistic Regression)...
16:41:21  src.cpcv.preprocessing  INFO  Multi-model MDA: 38/73 passed (MDA > 0), 35 eliminated
16:41:21  src.cpcv.preprocessing  INFO    Capped at 14 features (top_k_frac=0.2)
16:41:21  src.cpcv.preprocessing  INFO    Selected (14): ['active_addr_roc_14', 'bb_width', 'copper_ret_30', 'eth_btc_ratio', 'exchange_supply_pct', 'log_returns_lag1', 'log_returns_lag5', 'log_returns_lag6', 'oil_ret_14', 'silver_ret_30', 'smt_poly1', 'sp500_ret_30', 'yield_curve_10y30y', 'yz_vol']
16:41:21  src.cpcv.pipeline  INFO    Preprocessing: 14 features selected, train=464 + val=100 + cal=100, test=292
16:41:21  src.cpcv.tuning  INFO  Tuning (1 model) — Optuna TPE + Purged K-Fold (inner: 3 folds, embargo=10 obs)
16:41:21  src.cpcv.tuning  INFO    [tuning] kan (efficient-kan + AdamW): 3 purged K-fold splits, 40 Optuna trials (TPE)
16:43:54  src.cpcv.tuning  INFO      kan: 19 completed, 21 pruned (of 40 total) — best log_loss=0.6614, params={'width1': 6, 'lr': 0.001504321303893368, 'weight_decay': 3.115976286675903e-05, 'grid': 3}
16:43:54  src.cpcv.tuning  INFO    [tuning] kan done in 152.7s — best log_loss=0.6614
16:43:54  src.cpcv.tuning  INFO  Tuning total: 152.7s
16:43:54  src.cpcv.pipeline  INFO      applied kan: {'width1': 6, 'width2': 0, 'grid': 3, 'lr': 0.001504321303893368, 'weight_decay': 3.115976286675903e-05}
16:43:56  src.cpcv.models.kan_model  INFO  KAN fitted: widths=[14, 6, 2], grid=3, epochs=134, val_acc=0.5500, val_loss=0.8233, logit_range=[-0.49, 0.71], device=cpu.
16:43:56  src.cpcv.pipeline  INFO    [106/140]                  kan (seed=0) F1=0.361  AUC=0.512  LL=0.7359 (2.1s)
16:43:58  src.cpcv.models.kan_model  INFO  KAN fitted: widths=[14, 6, 2], grid=3, epochs=134, val_acc=0.5800, val_loss=0.8143, logit_range=[-0.65, 0.43], device=cpu.
16:43:58  src.cpcv.pipeline  INFO    [107/140]                  kan (seed=1) F1=0.364  AUC=0.527  LL=0.7681 (2.1s)
16:44:00  src.cpcv.models.kan_model  INFO  KAN fitted: widths=[14, 6, 2], grid=3, epochs=136, val_acc=0.5700, val_loss=0.8239, logit_range=[-0.72, 0.48], device=cpu.
16:44:00  src.cpcv.pipeline  INFO    [108/140]                  kan (seed=2) F1=0.359  AUC=0.516  LL=0.7543 (1.9s)
16:44:02  src.cpcv.models.kan_model  INFO  KAN fitted: widths=[14, 6, 2], grid=3, epochs=136, val_acc=0.5800, val_loss=0.8143, logit_range=[-0.53, 0.55], device=cpu.
16:44:02  src.cpcv.pipeline  INFO    [109/140]                  kan (seed=3) F1=0.364  AUC=0.519  LL=0.7905 (1.9s)
16:44:04  src.cpcv.models.kan_model  INFO  KAN fitted: widths=[14, 6, 2], grid=3, epochs=148, val_acc=0.5900, val_loss=0.8181, logit_range=[-0.80, 0.43], device=cpu.
16:44:04  src.cpcv.pipeline  INFO    [110/140]                  kan (seed=4) F1=0.359  AUC=0.524  LL=0.7917 (2.1s)
16:44:04  src.cpcv.preprocessing  INFO  Computing MDA (Random Forest)...
16:44:25  src.cpcv.preprocessing  INFO  Computing MDA (Logistic Regression)...
16:44:26  src.cpcv.preprocessing  INFO  Multi-model MDA: 38/73 passed (MDA > 0), 35 eliminated
16:44:26  src.cpcv.preprocessing  INFO    Capped at 14 features (top_k_frac=0.2)
16:44:26  src.cpcv.preprocessing  INFO    Selected (14): ['cci_14', 'ema_ratio_20_50', 'fee_per_tx', 'log_returns_lag2', 'log_returns_lag5', 'log_returns_lag6', 'macd', 'macd_hist', 'mfi_14', 'net_exchange_flow', 'obv', 'sadf', 'smt_exp', 'vol_term_30_90']
16:44:26  src.cpcv.pipeline  INFO    Preprocessing: 14 features selected, train=465 + val=100 + cal=100, test=292
16:44:26  src.cpcv.tuning  INFO  Tuning (1 model) — Optuna TPE + Purged K-Fold (inner: 3 folds, embargo=10 obs)
16:44:26  src.cpcv.tuning  INFO    [tuning] kan (efficient-kan + AdamW): 3 purged K-fold splits, 40 Optuna trials (TPE)
16:45:17  src.cpcv.tuning  INFO      kan: 24 completed, 16 pruned (of 40 total) — best log_loss=0.6904, params={'width1': 2, 'lr': 0.04353010439152429, 'weight_decay': 0.001764971584817572, 'grid': 3}
16:45:17  src.cpcv.tuning  INFO    [tuning] kan done in 50.7s — best log_loss=0.6904
16:45:17  src.cpcv.tuning  INFO  Tuning total: 50.7s
16:45:17  src.cpcv.pipeline  INFO      applied kan: {'width1': 2, 'width2': 0, 'grid': 3, 'lr': 0.04353010439152429, 'weight_decay': 0.001764971584817572}
16:45:17  src.cpcv.models.kan_model  INFO  KAN fitted: widths=[14, 2, 2], grid=3, epochs=21, val_acc=0.5600, val_loss=0.7020, logit_range=[-0.19, 0.19], device=cpu.
16:45:17  src.cpcv.pipeline  INFO    [111/140]                  kan (seed=0) F1=0.435  AUC=0.515  LL=0.6901 (0.3s)
16:45:18  src.cpcv.models.kan_model  INFO  KAN fitted: widths=[14, 2, 2], grid=3, epochs=21, val_acc=0.5900, val_loss=0.7035, logit_range=[-0.24, 0.06], device=cpu.
16:45:18  src.cpcv.pipeline  INFO    [112/140]                  kan (seed=1) F1=0.355  AUC=0.519  LL=0.6898 (0.3s)
16:45:18  src.cpcv.models.kan_model  INFO  KAN fitted: widths=[14, 2, 2], grid=3, epochs=53, val_acc=0.6500, val_loss=0.6808, logit_range=[-1.34, 1.00], device=cpu.
16:45:18  src.cpcv.pipeline  INFO    [113/140]                  kan (seed=2) F1=0.496  AUC=0.505  LL=0.7026 (0.6s)
16:45:18  src.cpcv.models.kan_model  INFO  KAN fitted: widths=[14, 2, 2], grid=3, epochs=22, val_acc=0.5900, val_loss=0.7010, logit_range=[-0.08, 0.11], device=cpu.
16:45:18  src.cpcv.pipeline  INFO    [114/140]                  kan (seed=3) F1=0.355  AUC=0.551  LL=0.6898 (0.3s)
16:45:19  src.cpcv.models.kan_model  INFO  KAN fitted: widths=[14, 2, 2], grid=3, epochs=21, val_acc=0.5200, val_loss=0.7108, logit_range=[-0.23, 0.36], device=cpu.
16:45:19  src.cpcv.pipeline  INFO    [115/140]                  kan (seed=4) F1=0.355  AUC=0.525  LL=0.6895 (0.3s)
16:45:19  src.cpcv.preprocessing  INFO  Computing MDA (Random Forest)...
16:45:40  src.cpcv.preprocessing  INFO  Computing MDA (Logistic Regression)...
16:45:41  src.cpcv.preprocessing  INFO  Multi-model MDA: 40/73 passed (MDA > 0), 33 eliminated
16:45:41  src.cpcv.preprocessing  INFO    Capped at 14 features (top_k_frac=0.2)
16:45:41  src.cpcv.preprocessing  INFO    Selected (14): ['bb_width', 'eth_btc_ratio', 'gk_vol', 'gold_ret_30', 'hashrate_roc_30', 'hurst', 'log_returns_lag1', 'log_returns_lag21', 'log_returns_lag4', 'log_returns_lag6', 'nasdaq_ret_14', 'silver_ret_30', 'smt_poly1', 'yield_curve_10y30y']
16:45:41  src.cpcv.pipeline  INFO    Preprocessing: 14 features selected, train=457 + val=98 + cal=98, test=292
16:45:41  src.cpcv.tuning  INFO  Tuning (1 model) — Optuna TPE + Purged K-Fold (inner: 3 folds, embargo=10 obs)
16:45:41  src.cpcv.tuning  INFO    [tuning] kan (efficient-kan + AdamW): 3 purged K-fold splits, 40 Optuna trials (TPE)
16:46:55  src.cpcv.tuning  INFO      kan: 28 completed, 12 pruned (of 40 total) — best log_loss=0.6707, params={'width1': 3, 'lr': 0.04867854870735912, 'weight_decay': 0.0005449495776498875, 'grid': 5}
16:46:55  src.cpcv.tuning  INFO    [tuning] kan done in 74.0s — best log_loss=0.6707
16:46:55  src.cpcv.tuning  INFO  Tuning total: 74.0s
16:46:55  src.cpcv.pipeline  INFO      applied kan: {'width1': 3, 'width2': 0, 'grid': 5, 'lr': 0.04867854870735912, 'weight_decay': 0.0005449495776498875}
16:46:56  src.cpcv.models.kan_model  INFO  KAN fitted: widths=[14, 3, 2], grid=5, epochs=23, val_acc=0.5612, val_loss=0.7796, logit_range=[-0.27, 0.82], device=cpu.
16:46:56  src.cpcv.pipeline  INFO    [116/140]                  kan (seed=0) F1=0.496  AUC=0.535  LL=0.6849 (0.4s)
16:46:56  src.cpcv.models.kan_model  INFO  KAN fitted: widths=[14, 3, 2], grid=5, epochs=23, val_acc=0.6122, val_loss=0.7749, logit_range=[-0.37, 0.38], device=cpu.
16:46:56  src.cpcv.pipeline  INFO    [117/140]                  kan (seed=1) F1=0.511  AUC=0.547  LL=0.6848 (0.4s)
16:46:56  src.cpcv.models.kan_model  INFO  KAN fitted: widths=[14, 3, 2], grid=5, epochs=23, val_acc=0.5918, val_loss=0.7818, logit_range=[-0.35, 0.40], device=cpu.
16:46:56  src.cpcv.pipeline  INFO    [118/140]                  kan (seed=2) F1=0.369  AUC=0.514  LL=0.6844 (0.4s)
16:46:57  src.cpcv.models.kan_model  INFO  KAN fitted: widths=[14, 3, 2], grid=5, epochs=23, val_acc=0.6020, val_loss=0.7820, logit_range=[-0.32, 0.40], device=cpu.
16:46:57  src.cpcv.pipeline  INFO    [119/140]                  kan (seed=3) F1=0.369  AUC=0.535  LL=0.6836 (0.3s)
16:46:57  src.cpcv.models.kan_model  INFO  KAN fitted: widths=[14, 3, 2], grid=5, epochs=23, val_acc=0.5918, val_loss=0.7826, logit_range=[-0.60, 0.45], device=cpu.
16:46:57  src.cpcv.pipeline  INFO    [120/140]                  kan (seed=4) F1=0.532  AUC=0.544  LL=0.6830 (0.3s)
16:46:57  src.cpcv.preprocessing  INFO  Computing MDA (Random Forest)...
16:47:18  src.cpcv.preprocessing  INFO  Computing MDA (Logistic Regression)...
16:47:19  src.cpcv.preprocessing  INFO  Multi-model MDA: 41/73 passed (MDA > 0), 32 eliminated
16:47:19  src.cpcv.preprocessing  INFO    Capped at 14 features (top_k_frac=0.2)
16:47:19  src.cpcv.preprocessing  INFO    Selected (14): ['ema_ratio_50_200', 'gk_vol', 'log_returns_lag1', 'log_returns_lag14', 'log_returns_lag21', 'log_returns_lag3', 'log_returns_lag30', 'log_returns_lag4', 'nasdaq_ret_30', 'realized_vol', 'silver_ret_30', 'smt_poly1', 'tx_count_roc_14', 'vol_term_7_30']
16:47:19  src.cpcv.pipeline  INFO    Preprocessing: 14 features selected, train=464 + val=100 + cal=100, test=292
16:47:19  src.cpcv.tuning  INFO  Tuning (1 model) — Optuna TPE + Purged K-Fold (inner: 3 folds, embargo=10 obs)
16:47:19  src.cpcv.tuning  INFO    [tuning] kan (efficient-kan + AdamW): 3 purged K-fold splits, 40 Optuna trials (TPE)
16:48:03  src.cpcv.tuning  INFO      kan: 27 completed, 13 pruned (of 40 total) — best log_loss=0.6897, params={'width1': 4, 'lr': 0.024171763961863796, 'weight_decay': 3.326889406504915e-05, 'grid': 5}
16:48:03  src.cpcv.tuning  INFO    [tuning] kan done in 44.0s — best log_loss=0.6897
16:48:03  src.cpcv.tuning  INFO  Tuning total: 44.0s
16:48:03  src.cpcv.pipeline  INFO      applied kan: {'width1': 4, 'width2': 0, 'grid': 5, 'lr': 0.024171763961863796, 'weight_decay': 3.326889406504915e-05}
16:48:03  src.cpcv.models.kan_model  INFO  KAN fitted: widths=[14, 4, 2], grid=5, epochs=27, val_acc=0.5700, val_loss=0.8444, logit_range=[-0.46, 0.49], device=cpu.
16:48:03  src.cpcv.pipeline  INFO    [121/140]                  kan (seed=0) F1=0.369  AUC=0.488  LL=0.6792 (0.4s)
16:48:04  src.cpcv.models.kan_model  INFO  KAN fitted: widths=[14, 4, 2], grid=5, epochs=40, val_acc=0.6000, val_loss=0.8491, logit_range=[-0.83, 1.13], device=cpu.
16:48:04  src.cpcv.pipeline  INFO    [122/140]                  kan (seed=1) F1=0.369  AUC=0.469  LL=0.6803 (0.5s)
16:48:04  src.cpcv.models.kan_model  INFO  KAN fitted: widths=[14, 4, 2], grid=5, epochs=28, val_acc=0.5900, val_loss=0.8419, logit_range=[-0.53, 0.49], device=cpu.
16:48:04  src.cpcv.pipeline  INFO    [123/140]                  kan (seed=2) F1=0.369  AUC=0.462  LL=0.6815 (0.4s)
16:48:05  src.cpcv.models.kan_model  INFO  KAN fitted: widths=[14, 4, 2], grid=5, epochs=35, val_acc=0.5400, val_loss=0.8437, logit_range=[-0.60, 0.73], device=cpu.
16:48:05  src.cpcv.pipeline  INFO    [124/140]                  kan (seed=3) F1=0.369  AUC=0.466  LL=0.6804 (0.5s)
16:48:05  src.cpcv.models.kan_model  INFO  KAN fitted: widths=[14, 4, 2], grid=5, epochs=56, val_acc=0.6000, val_loss=0.8020, logit_range=[-1.44, 1.59], device=cpu.
16:48:06  src.cpcv.pipeline  INFO    [125/140]                  kan (seed=4) F1=0.369  AUC=0.452  LL=0.6822 (0.7s)
16:48:06  src.cpcv.preprocessing  INFO  Computing MDA (Random Forest)...
16:48:27  src.cpcv.preprocessing  INFO  Computing MDA (Logistic Regression)...
16:48:28  src.cpcv.preprocessing  INFO  Multi-model MDA: 39/73 passed (MDA > 0), 34 eliminated
16:48:28  src.cpcv.preprocessing  INFO    Capped at 14 features (top_k_frac=0.2)
16:48:28  src.cpcv.preprocessing  INFO    Selected (14): ['cci_14', 'dxy_roc_30', 'ema_ratio_50_200', 'fee_per_tx', 'gk_vol', 'gold_ret_14', 'gold_ret_30', 'kurtosis', 'log_returns', 'log_returns_lag2', 'log_returns_lag5', 'log_returns_lag6', 'smt_poly1', 'vix']
16:48:28  src.cpcv.pipeline  INFO    Preprocessing: 14 features selected, train=465 + val=100 + cal=100, test=292
16:48:28  src.cpcv.tuning  INFO  Tuning (1 model) — Optuna TPE + Purged K-Fold (inner: 3 folds, embargo=10 obs)
16:48:28  src.cpcv.tuning  INFO    [tuning] kan (efficient-kan + AdamW): 3 purged K-fold splits, 40 Optuna trials (TPE)
16:49:54  src.cpcv.tuning  INFO      kan: 21 completed, 19 pruned (of 40 total) — best log_loss=0.6845, params={'width1': 2, 'lr': 0.005694938659565566, 'weight_decay': 1.7556829987664933e-05, 'grid': 3}
16:49:54  src.cpcv.tuning  INFO    [tuning] kan done in 85.7s — best log_loss=0.6845
16:49:54  src.cpcv.tuning  INFO  Tuning total: 85.7s
16:49:54  src.cpcv.pipeline  INFO      applied kan: {'width1': 2, 'width2': 0, 'grid': 3, 'lr': 0.005694938659565566, 'weight_decay': 1.7556829987664933e-05}
16:49:54  src.cpcv.models.kan_model  INFO  KAN fitted: widths=[14, 2, 2], grid=3, epochs=21, val_acc=0.5900, val_loss=0.7535, logit_range=[-0.16, 0.11], device=cpu.
16:49:54  src.cpcv.pipeline  INFO    [126/140]                  kan (seed=0) F1=0.345  AUC=0.487  LL=0.6918 (0.3s)
16:49:54  src.cpcv.models.kan_model  INFO  KAN fitted: widths=[14, 2, 2], grid=3, epochs=21, val_acc=0.4100, val_loss=0.7778, logit_range=[-0.10, 0.07], device=cpu.
16:49:55  src.cpcv.pipeline  INFO    [127/140]                  kan (seed=1) F1=0.482  AUC=0.532  LL=0.6908 (0.3s)
16:49:55  src.cpcv.models.kan_model  INFO  KAN fitted: widths=[14, 2, 2], grid=3, epochs=21, val_acc=0.5600, val_loss=0.7705, logit_range=[-0.13, 0.04], device=cpu.
16:49:55  src.cpcv.pipeline  INFO    [128/140]                  kan (seed=2) F1=0.345  AUC=0.513  LL=0.6917 (0.3s)
16:49:55  src.cpcv.models.kan_model  INFO  KAN fitted: widths=[14, 2, 2], grid=3, epochs=21, val_acc=0.4300, val_loss=0.7735, logit_range=[-0.07, 0.04], device=cpu.
16:49:55  src.cpcv.pipeline  INFO    [129/140]                  kan (seed=3) F1=0.435  AUC=0.506  LL=0.6923 (0.3s)
16:49:55  src.cpcv.models.kan_model  INFO  KAN fitted: widths=[14, 2, 2], grid=3, epochs=21, val_acc=0.5300, val_loss=0.7746, logit_range=[-0.18, 0.16], device=cpu.
16:49:55  src.cpcv.pipeline  INFO    [130/140]                  kan (seed=4) F1=0.345  AUC=0.458  LL=0.6920 (0.3s)
16:49:56  src.cpcv.preprocessing  INFO  Computing MDA (Random Forest)...
16:50:17  src.cpcv.preprocessing  INFO  Computing MDA (Logistic Regression)...
16:50:18  src.cpcv.preprocessing  INFO  Multi-model MDA: 31/73 passed (MDA > 0), 42 eliminated
16:50:18  src.cpcv.preprocessing  INFO    Capped at 14 features (top_k_frac=0.2)
16:50:18  src.cpcv.preprocessing  INFO    Selected (14): ['active_addr_roc_14', 'bb_width', 'eth_btc_ratio', 'exchange_supply_pct', 'gold_ret_14', 'log_returns_lag1', 'log_returns_lag2', 'log_returns_lag6', 'log_returns_lag7', 'natgas_ret_14', 'shannon_entropy', 'stoch_k', 'us10y', 'vix']
16:50:18  src.cpcv.pipeline  INFO    Preprocessing: 14 features selected, train=464 + val=100 + cal=100, test=292
16:50:18  src.cpcv.tuning  INFO  Tuning (1 model) — Optuna TPE + Purged K-Fold (inner: 3 folds, embargo=10 obs)
16:50:18  src.cpcv.tuning  INFO    [tuning] kan (efficient-kan + AdamW): 3 purged K-fold splits, 40 Optuna trials (TPE)
16:51:10  src.cpcv.tuning  INFO      kan: 18 completed, 22 pruned (of 40 total) — best log_loss=0.6778, params={'width1': 4, 'lr': 0.03352215099205232, 'weight_decay': 0.0013479328471840018, 'grid': 3}
16:51:10  src.cpcv.tuning  INFO    [tuning] kan done in 52.1s — best log_loss=0.6778
16:51:10  src.cpcv.tuning  INFO  Tuning total: 52.1s
16:51:10  src.cpcv.pipeline  INFO      applied kan: {'width1': 4, 'width2': 0, 'grid': 3, 'lr': 0.03352215099205232, 'weight_decay': 0.0013479328471840018}
16:51:10  src.cpcv.models.kan_model  INFO  KAN fitted: widths=[14, 4, 2], grid=3, epochs=23, val_acc=0.5800, val_loss=0.8671, logit_range=[-0.39, 0.76], device=cpu.
16:51:10  src.cpcv.pipeline  INFO    [131/140]                  kan (seed=0) F1=0.345  AUC=0.538  LL=0.7040 (0.3s)
16:51:10  src.cpcv.models.kan_model  INFO  KAN fitted: widths=[14, 4, 2], grid=3, epochs=21, val_acc=0.5600, val_loss=0.8567, logit_range=[-0.20, 0.21], device=cpu.
16:51:10  src.cpcv.pipeline  INFO    [132/140]                  kan (seed=1) F1=0.345  AUC=0.547  LL=0.7049 (0.3s)
16:51:11  src.cpcv.models.kan_model  INFO  KAN fitted: widths=[14, 4, 2], grid=3, epochs=24, val_acc=0.4900, val_loss=0.8671, logit_range=[-0.46, 0.51], device=cpu.
16:51:11  src.cpcv.pipeline  INFO    [133/140]                  kan (seed=2) F1=0.345  AUC=0.549  LL=0.7025 (0.3s)
16:51:11  src.cpcv.models.kan_model  INFO  KAN fitted: widths=[14, 4, 2], grid=3, epochs=24, val_acc=0.5100, val_loss=0.8553, logit_range=[-0.33, 0.41], device=cpu.
16:51:11  src.cpcv.pipeline  INFO    [134/140]                  kan (seed=3) F1=0.345  AUC=0.540  LL=0.7077 (0.3s)
16:51:11  src.cpcv.models.kan_model  INFO  KAN fitted: widths=[14, 4, 2], grid=3, epochs=25, val_acc=0.5300, val_loss=0.8652, logit_range=[-0.54, 0.18], device=cpu.
16:51:11  src.cpcv.pipeline  INFO    [135/140]                  kan (seed=4) F1=0.345  AUC=0.556  LL=0.7015 (0.4s)
16:51:12  src.cpcv.preprocessing  INFO  Computing MDA (Random Forest)...
16:51:33  src.cpcv.preprocessing  INFO  Computing MDA (Logistic Regression)...
16:51:34  src.cpcv.preprocessing  INFO  Multi-model MDA: 38/73 passed (MDA > 0), 35 eliminated
16:51:34  src.cpcv.preprocessing  INFO    Capped at 14 features (top_k_frac=0.2)
16:51:34  src.cpcv.preprocessing  INFO    Selected (14): ['dxy_roc_30', 'exchange_supply_pct', 'hurst', 'log_returns_lag1', 'log_returns_lag4', 'macd_signal', 'roc_14', 'silver_ret_30', 'skewness', 'smt_exp', 'stoch_d', 'williams_r', 'yield_curve_2y10y', 'yz_vol']
16:51:34  src.cpcv.pipeline  INFO    Preprocessing: 14 features selected, train=473 + val=101 + cal=102, test=292
16:51:34  src.cpcv.tuning  INFO  Tuning (1 model) — Optuna TPE + Purged K-Fold (inner: 3 folds, embargo=10 obs)
16:51:34  src.cpcv.tuning  INFO    [tuning] kan (efficient-kan + AdamW): 3 purged K-fold splits, 40 Optuna trials (TPE)
16:52:23  src.cpcv.tuning  INFO      kan: 35 completed, 5 pruned (of 40 total) — best log_loss=0.6879, params={'width1': 3, 'lr': 0.03722795239164894, 'weight_decay': 5.501222157786274e-05, 'grid': 5}
16:52:23  src.cpcv.tuning  INFO    [tuning] kan done in 48.4s — best log_loss=0.6879
16:52:23  src.cpcv.tuning  INFO  Tuning total: 48.4s
16:52:23  src.cpcv.pipeline  INFO      applied kan: {'width1': 3, 'width2': 0, 'grid': 5, 'lr': 0.03722795239164894, 'weight_decay': 5.501222157786274e-05}
16:52:23  src.cpcv.models.kan_model  INFO  KAN fitted: widths=[14, 3, 2], grid=5, epochs=21, val_acc=0.5248, val_loss=0.7802, logit_range=[-0.18, 0.09], device=cpu.
16:52:23  src.cpcv.pipeline  INFO    [136/140]                  kan (seed=0) F1=0.397  AUC=0.472  LL=0.7127 (0.3s)
16:52:23  src.cpcv.models.kan_model  INFO  KAN fitted: widths=[14, 3, 2], grid=5, epochs=21, val_acc=0.5149, val_loss=0.7806, logit_range=[-0.17, 0.09], device=cpu.
16:52:23  src.cpcv.pipeline  INFO    [137/140]                  kan (seed=1) F1=0.305  AUC=0.444  LL=0.7100 (0.4s)
16:52:24  src.cpcv.models.kan_model  INFO  KAN fitted: widths=[14, 3, 2], grid=5, epochs=21, val_acc=0.5149, val_loss=0.7962, logit_range=[-0.15, 0.16], device=cpu.
16:52:24  src.cpcv.pipeline  INFO    [138/140]                  kan (seed=2) F1=0.305  AUC=0.485  LL=0.7102 (0.3s)
16:52:24  src.cpcv.models.kan_model  INFO  KAN fitted: widths=[14, 3, 2], grid=5, epochs=21, val_acc=0.4554, val_loss=0.7897, logit_range=[-0.14, 0.11], device=cpu.
16:52:24  src.cpcv.pipeline  INFO    [139/140]                  kan (seed=3) F1=0.305  AUC=0.451  LL=0.7103 (0.3s)
16:52:24  src.cpcv.models.kan_model  INFO  KAN fitted: widths=[14, 3, 2], grid=5, epochs=21, val_acc=0.4950, val_loss=0.7880, logit_range=[-0.27, 0.15], device=cpu.
16:52:24  src.cpcv.pipeline  INFO    [140/140]                  kan (seed=4) F1=0.305  AUC=0.499  LL=0.7101 (0.4s)
16:52:24  src.cpcv.pipeline  INFO  ============================================================
16:52:24  src.cpcv.pipeline  INFO  CPCV Pipeline Complete
16:52:24  src.cpcv.pipeline  INFO  ============================================================
16:52:24  src.cpcv.pipeline  INFO    Total time:     2778.6s (46.3m)
16:52:24  src.cpcv.pipeline  INFO    Tasks:          140 succeeded, 0 failed
16:52:24  src.cpcv.pipeline  INFO    Results keys:   140 (model, split, seed) entries
16:52:24  src.cpcv.pipeline  INFO    Backtest paths: 7
16:52:24  src.cpcv.pipeline  INFO    Tuning:         nested (per-split), 28 splits tuned, models=['kan']
16:52:24  src.cpcv.pipeline  INFO  ============================================================
16:53:03  src.post_cpcv.symbolic_extraction  INFO  Fold F1 scores: {0: '0.4249', 1: '0.3579', 2: '0.3693', 3: '0.4495', 4: '0.4086', 5: '0.5036', 6: '0.3596', 7: '0.3722', 8: '0.4625', 9: '0.4723', 10: '0.4916', 11: '0.4109', 12: '0.3711', 13: '0.3974', 14: '0.4301', 15: '0.4804', 16: '0.3720', 17: '0.3504', 18: '0.4123', 19: '0.4088', 20: '0.4449', 21: '0.3616', 22: '0.3995', 23: '0.4556', 24: '0.3693', 25: '0.3905', 26: '0.3453', 27: '0.3232'}
16:53:03  src.post_cpcv.symbolic_extraction  INFO  Selected fold: split 27 — last/most recent (F1=0.3232)
16:53:04  src.cpcv.cv  INFO  CPCV: 28 splits generated (N=8, k=2, embargo=11 obs).
16:53:04  src.post_cpcv.symbolic_extraction  INFO  Symbolic extraction feature subset: 3 feature(s) (overrides per-fold MDA selection).
16:53:04  src.post_cpcv.symbolic_extraction  INFO  Extraction data: 540 train, 135 val, 3 features (tanh-normalized).
16:53:06  src.post_cpcv.symbolic_extraction  INFO  Extraction Phase 1: Adam (600 steps, wd=0.0010, noise=0.050)
16:53:18  src.post_cpcv.symbolic_extraction  INFO  After Adam: train_acc=0.5759, val_acc=0.4815
16:53:18  src.post_cpcv.symbolic_extraction  WARNING  Adam phase val_acc=0.4815 < 0.5693 (majority baseline 0.5593 + 0.01 margin, floored at PYKAN_MIN_ACCURACY=0.53). PyKAN may not have learned meaningful patterns.
16:53:18  src.post_cpcv.symbolic_extraction  INFO  Extraction Phase 2a: LBFGS warmup (20 steps, no reg)
16:53:24  src.post_cpcv.symbolic_extraction  INFO  After LBFGS warmup: train_acc=0.6111, val_acc=0.4296
16:53:24  src.post_cpcv.symbolic_extraction  INFO  Extraction Phase 2b: LBFGS sparsity (20 steps, lamb=0.0020)
16:53:30  src.post_cpcv.symbolic_extraction  INFO  After LBFGS sparsity: train_acc=0.6500, val_acc=0.4667
16:53:30  src.post_cpcv.symbolic_extraction  INFO  KAN trained. Val accuracy: 0.4667, width: [[3, 0], [3, 0], [2, 0]]
16:53:30  src.post_cpcv.symbolic_extraction  INFO  Pre-prune edge analysis: 15/15 active (100.0%)
16:53:30  src.post_cpcv.symbolic_extraction  INFO  Pruned: [[3, 0], [3, 0], [2, 0]] → [[3, 0], [3, 0], [2, 0]]
16:53:32  src.post_cpcv.symbolic_extraction  INFO  Saved kan_pruned_network.png
16:53:32  src.post_cpcv.symbolic_extraction  INFO  Activation check: logit_diff std=0.7075, range=[-2.392, 2.025]
16:53:33  src.post_cpcv.symbolic_extraction  INFO  Edge (0,0,0): x (R²=0.9911) ✓
16:53:33  src.post_cpcv.symbolic_extraction  INFO  Edge (0,0,1): cos (R²=1.0000) ✓
16:53:33  src.post_cpcv.symbolic_extraction  INFO  Edge (0,0,2): cos (R²=1.0000) ✓
16:53:34  src.post_cpcv.symbolic_extraction  INFO  Edge (0,1,0): x^4 (R²=0.9065) ✓
16:53:35  src.post_cpcv.symbolic_extraction  INFO  Edge (0,1,1): sin (R²=0.9854) ✓
16:53:35  src.post_cpcv.symbolic_extraction  INFO  Edge (0,1,2): x^4 (R²=0.7400) ✓
16:53:36  src.post_cpcv.symbolic_extraction  INFO  Edge (0,2,0): tanh (R²=0.9903) ✓
16:53:37  src.post_cpcv.symbolic_extraction  INFO  Edge (0,2,1): x^3 (R²=0.9926) ✓
16:53:37  src.post_cpcv.symbolic_extraction  INFO  Edge (0,2,2): arctan (R²=0.9928) ✓
16:53:38  src.post_cpcv.symbolic_extraction  INFO  Edge (1,0,0): x^2 (R²=0.7340) ✓
16:53:39  src.post_cpcv.symbolic_extraction  INFO  Edge (1,0,1): tanh (R²=0.9789) ✓
16:53:39  src.post_cpcv.symbolic_extraction  INFO  Edge (1,1,0): cos (R²=0.9998) ✓
16:53:39  src.post_cpcv.symbolic_extraction  INFO  Edge (1,1,1): sin (R²=0.9998) ✓
16:53:40  src.post_cpcv.symbolic_extraction  INFO  Edge (1,2,0): x^4 (R²=0.9593) ✓
16:53:40  src.post_cpcv.symbolic_extraction  INFO  Edge (1,2,1): x^4 (R²=0.9511) ✓
16:53:40  src.post_cpcv.symbolic_extraction  INFO  Top edge (0,0,2): cos (R²=1.0000)
16:53:40  src.post_cpcv.symbolic_extraction  INFO  Top edge (0,0,1): cos (R²=1.0000)
16:53:40  src.post_cpcv.symbolic_extraction  INFO  Top edge (1,1,1): sin (R²=0.9998)
16:53:40  src.post_cpcv.symbolic_extraction  INFO  Top edge (1,1,0): cos (R²=0.9998)
16:53:40  src.post_cpcv.symbolic_extraction  INFO  Top edge (0,2,2): arctan (R²=0.9928)
16:53:48  src.post_cpcv.symbolic_extraction  INFO  Saved kan_symbolified_network.png
