13:26:08  src.pre_cpcv.data_loader  INFO  [data_loader] BTC-USD: 2014-11-01 → 2026-04-30 | 4199 rows | 0 warning(s)
13:26:13  src.pre_cpcv.labeling  INFO  Triple-barrier: 1266 events labeled. Class distribution: {1: 661, -1: 498, 0: 107}
13:26:14  src.pre_cpcv.labeling  WARNING  Dropped 107 row(s) belonging to rare class(es) [0] (< 8.5%).
13:26:16  src.pre_cpcv.sample_weights  INFO  Capped 12 weights at 2.83 (99% percentile).
13:26:18  src.pre_cpcv.features  INFO  Lag features: 6 columns, 4199 rows (lags=[1, 2, 3, 7, 14, 30]).
13:26:18  src.pre_cpcv.features  INFO  TA features: 25 columns, 4199 rows.
13:26:20  src.pre_cpcv.external_features  INFO  External features loaded from cache (22 cols).
13:26:21  src.pre_cpcv.features  INFO  Math features loaded from cache ({'shannon_entropy', 'sadf', 'variance_ratio', 'smt_exp', 'jarque_bera', 'smt_poly1', 'lz_complexity', 'negentropy', 'hurst'}).
13:26:21  src.pre_cpcv.features  INFO  Compression transforms applied: signed-asinh=['obv', 'chaikin_osc'], unsigned-log=['atr']
13:26:44  src.pre_cpcv.alignment  WARNING  Remaining NaNs in 1 feature column(s) after alignment:
oil_ret_30    1
13:26:44  src.pre_cpcv.alignment  INFO  Alignment validation passed (1159 samples, 62 features).
13:26:46  src.cpcv.cv  INFO  CPCV: 28 splits generated (N=8, k=2, embargo=11 obs).
13:26:46  src.cpcv.cv  INFO  Path matrix: 7 paths, 8 groups, 28 splits.
13:26:49  src.cpcv.pipeline  INFO  ============================================================
13:26:49  src.cpcv.pipeline  INFO  CPCV Pipeline
13:26:49  src.cpcv.pipeline  INFO  ============================================================
13:26:49  src.cpcv.pipeline  INFO    Models:         ['ar_logistic']
13:26:49  src.cpcv.pipeline  INFO    Seeds/fold:     3
13:26:49  src.cpcv.pipeline  INFO    Groups (N):     8
13:26:49  src.cpcv.pipeline  INFO    Test groups (k):2
13:26:49  src.cpcv.pipeline  INFO    Embargo:        1.0%
13:26:49  src.cpcv.pipeline  INFO    FFD columns:    ['atr']
13:26:49  src.cpcv.pipeline  INFO    Samples:        1159
13:26:49  src.cpcv.pipeline  INFO    Features:       62
13:26:49  src.cpcv.pipeline  INFO    Splits:         28, Paths: 7
13:26:49  src.cpcv.pipeline  INFO    Tuning:         OFF
13:26:49  src.cpcv.pipeline  INFO  ============================================================
13:26:49  src.cpcv.preprocessing  INFO  Feature selection skipped (AR Logistic uses lagged returns only)
13:26:49  src.cpcv.pipeline  INFO    Preprocessing: FFD + scaling only (no feature selection), train=688 + cal=172, test=89
13:26:49  src.cpcv.pipeline  INFO    AR Logistic lags: [1, 2, 3, 7, 14, 30]
13:26:49  src.cpcv.pipeline  INFO    [  1/84]          ar_logistic (seed=0) F1=0.540  AUC=0.567  LL=0.6932 (0.0s)
13:26:49  src.cpcv.pipeline  INFO    [  2/84]          ar_logistic (seed=1) F1=0.540  AUC=0.567  LL=0.6932 (0.0s)
13:26:49  src.cpcv.pipeline  INFO    [  3/84]          ar_logistic (seed=2) F1=0.540  AUC=0.567  LL=0.6932 (0.0s)
13:26:50  src.cpcv.preprocessing  INFO  Feature selection skipped (AR Logistic uses lagged returns only)
13:26:50  src.cpcv.pipeline  INFO    Preprocessing: FFD + scaling only (no feature selection), train=643 + cal=161, test=144
13:26:50  src.cpcv.pipeline  INFO    AR Logistic lags: [1, 2, 3, 7, 14, 30]
13:26:50  src.cpcv.pipeline  INFO    [  4/84]          ar_logistic (seed=0) F1=0.446  AUC=0.507  LL=0.7297 (0.0s)
13:26:50  src.cpcv.pipeline  INFO    [  5/84]          ar_logistic (seed=1) F1=0.446  AUC=0.507  LL=0.7297 (0.0s)
13:26:50  src.cpcv.pipeline  INFO    [  6/84]          ar_logistic (seed=2) F1=0.446  AUC=0.507  LL=0.7297 (0.0s)
13:26:50  src.cpcv.preprocessing  INFO  Feature selection skipped (AR Logistic uses lagged returns only)
13:26:50  src.cpcv.pipeline  INFO    Preprocessing: FFD + scaling only (no feature selection), train=644 + cal=161, test=144
13:26:50  src.cpcv.pipeline  INFO    AR Logistic lags: [1, 2, 3, 7, 14, 30]
13:26:50  src.cpcv.pipeline  INFO    [  7/84]          ar_logistic (seed=0) F1=0.454  AUC=0.529  LL=0.6957 (0.0s)
13:26:50  src.cpcv.pipeline  INFO    [  8/84]          ar_logistic (seed=1) F1=0.454  AUC=0.529  LL=0.6957 (0.0s)
13:26:50  src.cpcv.pipeline  INFO    [  9/84]          ar_logistic (seed=2) F1=0.454  AUC=0.529  LL=0.6957 (0.0s)
13:26:50  src.cpcv.preprocessing  INFO  Feature selection skipped (AR Logistic uses lagged returns only)
13:26:50  src.cpcv.pipeline  INFO    Preprocessing: FFD + scaling only (no feature selection), train=644 + cal=161, test=144
13:26:50  src.cpcv.pipeline  INFO    AR Logistic lags: [1, 2, 3, 7, 14, 30]
13:26:50  src.cpcv.pipeline  INFO    [ 10/84]          ar_logistic (seed=0) F1=0.374  AUC=0.439  LL=0.6796 (0.0s)
13:26:50  src.cpcv.pipeline  INFO    [ 11/84]          ar_logistic (seed=1) F1=0.374  AUC=0.439  LL=0.6796 (0.0s)
13:26:50  src.cpcv.pipeline  INFO    [ 12/84]          ar_logistic (seed=2) F1=0.374  AUC=0.439  LL=0.6796 (0.0s)
13:26:51  src.cpcv.preprocessing  INFO  Feature selection skipped (AR Logistic uses lagged returns only)
13:26:51  src.cpcv.pipeline  INFO    Preprocessing: FFD + scaling only (no feature selection), train=642 + cal=161, test=144
13:26:51  src.cpcv.pipeline  INFO    AR Logistic lags: [1, 2, 3, 7, 14, 30]
13:26:51  src.cpcv.pipeline  INFO    [ 13/84]          ar_logistic (seed=0) F1=0.408  AUC=0.404  LL=0.7585 (0.0s)
13:26:51  src.cpcv.pipeline  INFO    [ 14/84]          ar_logistic (seed=1) F1=0.408  AUC=0.404  LL=0.7585 (0.0s)
13:26:51  src.cpcv.pipeline  INFO    [ 15/84]          ar_logistic (seed=2) F1=0.408  AUC=0.404  LL=0.7585 (0.0s)
13:26:51  src.cpcv.preprocessing  INFO  Feature selection skipped (AR Logistic uses lagged returns only)
13:26:51  src.cpcv.pipeline  INFO    Preprocessing: FFD + scaling only (no feature selection), train=643 + cal=161, test=144
13:26:51  src.cpcv.pipeline  INFO    AR Logistic lags: [1, 2, 3, 7, 14, 30]
13:26:51  src.cpcv.pipeline  INFO    [ 16/84]          ar_logistic (seed=0) F1=0.556  AUC=0.605  LL=0.6817 (0.0s)
13:26:51  src.cpcv.pipeline  INFO    [ 17/84]          ar_logistic (seed=1) F1=0.556  AUC=0.605  LL=0.6817 (0.0s)
13:26:51  src.cpcv.pipeline  INFO    [ 18/84]          ar_logistic (seed=2) F1=0.556  AUC=0.605  LL=0.6817 (0.0s)
13:26:51  src.cpcv.preprocessing  INFO  Feature selection skipped (AR Logistic uses lagged returns only)
13:26:51  src.cpcv.pipeline  INFO    Preprocessing: FFD + scaling only (no feature selection), train=644 + cal=162, test=151
13:26:51  src.cpcv.pipeline  INFO    AR Logistic lags: [1, 2, 3, 7, 14, 30]
13:26:51  src.cpcv.pipeline  INFO    [ 19/84]          ar_logistic (seed=0) F1=0.507  AUC=0.570  LL=0.6822 (0.0s)
13:26:51  src.cpcv.pipeline  INFO    [ 20/84]          ar_logistic (seed=1) F1=0.507  AUC=0.570  LL=0.6822 (0.0s)
13:26:51  src.cpcv.pipeline  INFO    [ 21/84]          ar_logistic (seed=2) F1=0.507  AUC=0.570  LL=0.6822 (0.0s)
13:26:52  src.cpcv.preprocessing  INFO  Feature selection skipped (AR Logistic uses lagged returns only)
13:26:52  src.cpcv.pipeline  INFO    Preprocessing: FFD + scaling only (no feature selection), train=572 + cal=144, test=233
13:26:52  src.cpcv.pipeline  INFO    AR Logistic lags: [1, 2, 3, 7, 14, 30]
13:26:52  src.cpcv.pipeline  INFO    [ 22/84]          ar_logistic (seed=0) F1=0.529  AUC=0.540  LL=0.7380 (0.0s)
13:26:52  src.cpcv.pipeline  INFO    [ 23/84]          ar_logistic (seed=1) F1=0.529  AUC=0.540  LL=0.7380 (0.0s)
13:26:52  src.cpcv.pipeline  INFO    [ 24/84]          ar_logistic (seed=2) F1=0.529  AUC=0.540  LL=0.7380 (0.0s)
13:26:52  src.cpcv.preprocessing  INFO  Feature selection skipped (AR Logistic uses lagged returns only)
13:26:52  src.cpcv.pipeline  INFO    Preprocessing: FFD + scaling only (no feature selection), train=564 + cal=141, test=233
13:26:52  src.cpcv.pipeline  INFO    AR Logistic lags: [1, 2, 3, 7, 14, 30]
13:26:52  src.cpcv.pipeline  INFO    [ 25/84]          ar_logistic (seed=0) F1=0.526  AUC=0.555  LL=0.7140 (0.0s)
13:26:52  src.cpcv.pipeline  INFO    [ 26/84]          ar_logistic (seed=1) F1=0.526  AUC=0.555  LL=0.7140 (0.0s)
13:26:52  src.cpcv.pipeline  INFO    [ 27/84]          ar_logistic (seed=2) F1=0.526  AUC=0.555  LL=0.7140 (0.0s)
13:26:52  src.cpcv.preprocessing  INFO  Feature selection skipped (AR Logistic uses lagged returns only)
13:26:52  src.cpcv.pipeline  INFO    Preprocessing: FFD + scaling only (no feature selection), train=564 + cal=141, test=233
13:26:52  src.cpcv.pipeline  INFO    AR Logistic lags: [1, 2, 3, 7, 14, 30]
13:26:52  src.cpcv.pipeline  INFO    [ 28/84]          ar_logistic (seed=0) F1=0.550  AUC=0.532  LL=0.7055 (0.0s)
13:26:52  src.cpcv.pipeline  INFO    [ 29/84]          ar_logistic (seed=1) F1=0.550  AUC=0.532  LL=0.7055 (0.0s)
13:26:52  src.cpcv.pipeline  INFO    [ 30/84]          ar_logistic (seed=2) F1=0.550  AUC=0.532  LL=0.7055 (0.0s)
13:26:53  src.cpcv.preprocessing  INFO  Feature selection skipped (AR Logistic uses lagged returns only)
13:26:53  src.cpcv.pipeline  INFO    Preprocessing: FFD + scaling only (no feature selection), train=562 + cal=141, test=233
13:26:53  src.cpcv.pipeline  INFO    AR Logistic lags: [1, 2, 3, 7, 14, 30]
13:26:53  src.cpcv.pipeline  INFO    [ 31/84]          ar_logistic (seed=0) F1=0.428  AUC=0.439  LL=0.7641 (0.0s)
13:26:53  src.cpcv.pipeline  INFO    [ 32/84]          ar_logistic (seed=1) F1=0.428  AUC=0.439  LL=0.7641 (0.0s)
13:26:53  src.cpcv.pipeline  INFO    [ 33/84]          ar_logistic (seed=2) F1=0.428  AUC=0.439  LL=0.7641 (0.0s)
13:26:53  src.cpcv.preprocessing  INFO  Feature selection skipped (AR Logistic uses lagged returns only)
13:26:53  src.cpcv.pipeline  INFO    Preprocessing: FFD + scaling only (no feature selection), train=563 + cal=141, test=233
13:26:53  src.cpcv.pipeline  INFO    AR Logistic lags: [1, 2, 3, 7, 14, 30]
13:26:53  src.cpcv.pipeline  INFO    [ 34/84]          ar_logistic (seed=0) F1=0.565  AUC=0.584  LL=0.7043 (0.0s)
13:26:53  src.cpcv.pipeline  INFO    [ 35/84]          ar_logistic (seed=1) F1=0.565  AUC=0.584  LL=0.7043 (0.0s)
13:26:53  src.cpcv.pipeline  INFO    [ 36/84]          ar_logistic (seed=2) F1=0.565  AUC=0.584  LL=0.7043 (0.0s)
13:26:53  src.cpcv.preprocessing  INFO  Feature selection skipped (AR Logistic uses lagged returns only)
13:26:53  src.cpcv.pipeline  INFO    Preprocessing: FFD + scaling only (no feature selection), train=564 + cal=142, test=240
13:26:53  src.cpcv.pipeline  INFO    AR Logistic lags: [1, 2, 3, 7, 14, 30]
13:26:53  src.cpcv.pipeline  INFO    [ 37/84]          ar_logistic (seed=0) F1=0.485  AUC=0.597  LL=0.6752 (0.0s)
13:26:53  src.cpcv.pipeline  INFO    [ 38/84]          ar_logistic (seed=1) F1=0.485  AUC=0.597  LL=0.6752 (0.0s)
13:26:53  src.cpcv.pipeline  INFO    [ 39/84]          ar_logistic (seed=2) F1=0.485  AUC=0.597  LL=0.6752 (0.0s)
13:26:54  src.cpcv.preprocessing  INFO  Feature selection skipped (AR Logistic uses lagged returns only)
13:26:54  src.cpcv.pipeline  INFO    Preprocessing: FFD + scaling only (no feature selection), train=528 + cal=132, test=288
13:26:54  src.cpcv.pipeline  INFO    AR Logistic lags: [1, 2, 3, 7, 14, 30]
13:26:54  src.cpcv.pipeline  INFO    [ 40/84]          ar_logistic (seed=0) F1=0.502  AUC=0.523  LL=0.7144 (0.0s)
13:26:54  src.cpcv.pipeline  INFO    [ 41/84]          ar_logistic (seed=1) F1=0.502  AUC=0.523  LL=0.7144 (0.0s)
13:26:54  src.cpcv.pipeline  INFO    [ 42/84]          ar_logistic (seed=2) F1=0.502  AUC=0.523  LL=0.7144 (0.0s)
13:26:54  src.cpcv.preprocessing  INFO  Feature selection skipped (AR Logistic uses lagged returns only)
13:26:54  src.cpcv.pipeline  INFO    Preprocessing: FFD + scaling only (no feature selection), train=519 + cal=130, test=288
13:26:54  src.cpcv.pipeline  INFO    AR Logistic lags: [1, 2, 3, 7, 14, 30]
13:26:54  src.cpcv.pipeline  INFO    [ 43/84]          ar_logistic (seed=0) F1=0.407  AUC=0.450  LL=0.6986 (0.0s)
13:26:54  src.cpcv.pipeline  INFO    [ 44/84]          ar_logistic (seed=1) F1=0.407  AUC=0.450  LL=0.6986 (0.0s)
13:26:54  src.cpcv.pipeline  INFO    [ 45/84]          ar_logistic (seed=2) F1=0.407  AUC=0.450  LL=0.6986 (0.0s)
13:26:54  src.cpcv.preprocessing  INFO  Feature selection skipped (AR Logistic uses lagged returns only)
13:26:54  src.cpcv.pipeline  INFO    Preprocessing: FFD + scaling only (no feature selection), train=517 + cal=130, test=288
13:26:54  src.cpcv.pipeline  INFO    AR Logistic lags: [1, 2, 3, 7, 14, 30]
13:26:54  src.cpcv.pipeline  INFO    [ 46/84]          ar_logistic (seed=0) F1=0.475  AUC=0.478  LL=0.7489 (0.0s)
13:26:54  src.cpcv.pipeline  INFO    [ 47/84]          ar_logistic (seed=1) F1=0.475  AUC=0.478  LL=0.7489 (0.0s)
13:26:54  src.cpcv.pipeline  INFO    [ 48/84]          ar_logistic (seed=2) F1=0.475  AUC=0.478  LL=0.7489 (0.0s)
13:26:55  src.cpcv.preprocessing  INFO  Feature selection skipped (AR Logistic uses lagged returns only)
13:26:55  src.cpcv.pipeline  INFO    Preprocessing: FFD + scaling only (no feature selection), train=518 + cal=130, test=288
13:26:55  src.cpcv.pipeline  INFO    AR Logistic lags: [1, 2, 3, 7, 14, 30]
13:26:55  src.cpcv.pipeline  INFO    [ 49/84]          ar_logistic (seed=0) F1=0.511  AUC=0.526  LL=0.7135 (0.0s)
13:26:55  src.cpcv.pipeline  INFO    [ 50/84]          ar_logistic (seed=1) F1=0.511  AUC=0.526  LL=0.7135 (0.0s)
13:26:55  src.cpcv.pipeline  INFO    [ 51/84]          ar_logistic (seed=2) F1=0.511  AUC=0.526  LL=0.7135 (0.0s)
13:26:55  src.cpcv.preprocessing  INFO  Feature selection skipped (AR Logistic uses lagged returns only)
13:26:55  src.cpcv.pipeline  INFO    Preprocessing: FFD + scaling only (no feature selection), train=520 + cal=130, test=295
13:26:55  src.cpcv.pipeline  INFO    AR Logistic lags: [1, 2, 3, 7, 14, 30]
13:26:55  src.cpcv.pipeline  INFO    [ 52/84]          ar_logistic (seed=0) F1=0.495  AUC=0.535  LL=0.6981 (0.0s)
13:26:55  src.cpcv.pipeline  INFO    [ 53/84]          ar_logistic (seed=1) F1=0.495  AUC=0.535  LL=0.6981 (0.0s)
13:26:55  src.cpcv.pipeline  INFO    [ 54/84]          ar_logistic (seed=2) F1=0.495  AUC=0.535  LL=0.6981 (0.0s)
13:26:55  src.cpcv.preprocessing  INFO  Feature selection skipped (AR Logistic uses lagged returns only)
13:26:55  src.cpcv.pipeline  INFO    Preprocessing: FFD + scaling only (no feature selection), train=528 + cal=133, test=288
13:26:55  src.cpcv.pipeline  INFO    AR Logistic lags: [1, 2, 3, 7, 14, 30]
13:26:55  src.cpcv.pipeline  INFO    [ 55/84]          ar_logistic (seed=0) F1=0.439  AUC=0.468  LL=0.6925 (0.0s)
13:26:55  src.cpcv.pipeline  INFO    [ 56/84]          ar_logistic (seed=1) F1=0.439  AUC=0.468  LL=0.6925 (0.0s)
13:26:55  src.cpcv.pipeline  INFO    [ 57/84]          ar_logistic (seed=2) F1=0.439  AUC=0.468  LL=0.6925 (0.0s)
13:26:56  src.cpcv.preprocessing  INFO  Feature selection skipped (AR Logistic uses lagged returns only)
13:26:56  src.cpcv.pipeline  INFO    Preprocessing: FFD + scaling only (no feature selection), train=518 + cal=130, test=288
13:26:56  src.cpcv.pipeline  INFO    AR Logistic lags: [1, 2, 3, 7, 14, 30]
13:26:56  src.cpcv.pipeline  INFO    [ 58/84]          ar_logistic (seed=0) F1=0.463  AUC=0.484  LL=0.7401 (0.0s)
13:26:56  src.cpcv.pipeline  INFO    [ 59/84]          ar_logistic (seed=1) F1=0.463  AUC=0.484  LL=0.7401 (0.0s)
13:26:56  src.cpcv.pipeline  INFO    [ 60/84]          ar_logistic (seed=2) F1=0.463  AUC=0.484  LL=0.7401 (0.0s)
13:26:56  src.cpcv.preprocessing  INFO  Feature selection skipped (AR Logistic uses lagged returns only)
13:26:56  src.cpcv.pipeline  INFO    Preprocessing: FFD + scaling only (no feature selection), train=519 + cal=130, test=288
13:26:56  src.cpcv.pipeline  INFO    AR Logistic lags: [1, 2, 3, 7, 14, 30]
13:26:56  src.cpcv.pipeline  INFO    [ 61/84]          ar_logistic (seed=0) F1=0.517  AUC=0.567  LL=0.6946 (0.0s)
13:26:56  src.cpcv.pipeline  INFO    [ 62/84]          ar_logistic (seed=1) F1=0.517  AUC=0.567  LL=0.6946 (0.0s)
13:26:56  src.cpcv.pipeline  INFO    [ 63/84]          ar_logistic (seed=2) F1=0.517  AUC=0.567  LL=0.6946 (0.0s)
13:26:56  src.cpcv.preprocessing  INFO  Feature selection skipped (AR Logistic uses lagged returns only)
13:26:56  src.cpcv.pipeline  INFO    Preprocessing: FFD + scaling only (no feature selection), train=520 + cal=131, test=295
13:26:56  src.cpcv.pipeline  INFO    AR Logistic lags: [1, 2, 3, 7, 14, 30]
13:26:56  src.cpcv.pipeline  INFO    [ 64/84]          ar_logistic (seed=0) F1=0.493  AUC=0.532  LL=0.6947 (0.0s)
13:26:56  src.cpcv.pipeline  INFO    [ 65/84]          ar_logistic (seed=1) F1=0.493  AUC=0.532  LL=0.6947 (0.0s)
13:26:56  src.cpcv.pipeline  INFO    [ 66/84]          ar_logistic (seed=2) F1=0.493  AUC=0.532  LL=0.6947 (0.0s)
13:26:57  src.cpcv.preprocessing  INFO  Feature selection skipped (AR Logistic uses lagged returns only)
13:26:57  src.cpcv.pipeline  INFO    Preprocessing: FFD + scaling only (no feature selection), train=528 + cal=133, test=288
13:26:57  src.cpcv.pipeline  INFO    AR Logistic lags: [1, 2, 3, 7, 14, 30]
13:26:57  src.cpcv.pipeline  INFO    [ 67/84]          ar_logistic (seed=0) F1=0.517  AUC=0.508  LL=0.7194 (0.0s)
13:26:57  src.cpcv.pipeline  INFO    [ 68/84]          ar_logistic (seed=1) F1=0.517  AUC=0.508  LL=0.7194 (0.0s)
13:26:57  src.cpcv.pipeline  INFO    [ 69/84]          ar_logistic (seed=2) F1=0.517  AUC=0.508  LL=0.7194 (0.0s)
13:26:57  src.cpcv.preprocessing  INFO  Feature selection skipped (AR Logistic uses lagged returns only)
13:26:57  src.cpcv.pipeline  INFO    Preprocessing: FFD + scaling only (no feature selection), train=519 + cal=130, test=288
13:26:57  src.cpcv.pipeline  INFO    AR Logistic lags: [1, 2, 3, 7, 14, 30]
13:26:57  src.cpcv.pipeline  INFO    [ 70/84]          ar_logistic (seed=0) F1=0.459  AUC=0.481  LL=0.6910 (0.0s)
13:26:57  src.cpcv.pipeline  INFO    [ 71/84]          ar_logistic (seed=1) F1=0.459  AUC=0.481  LL=0.6910 (0.0s)
13:26:57  src.cpcv.pipeline  INFO    [ 72/84]          ar_logistic (seed=2) F1=0.459  AUC=0.481  LL=0.6910 (0.0s)
13:26:57  src.cpcv.preprocessing  INFO  Feature selection skipped (AR Logistic uses lagged returns only)
13:26:57  src.cpcv.pipeline  INFO    Preprocessing: FFD + scaling only (no feature selection), train=520 + cal=131, test=295
13:26:57  src.cpcv.pipeline  INFO    AR Logistic lags: [1, 2, 3, 7, 14, 30]
13:26:57  src.cpcv.pipeline  INFO    [ 73/84]          ar_logistic (seed=0) F1=0.448  AUC=0.467  LL=0.6955 (0.0s)
13:26:57  src.cpcv.pipeline  INFO    [ 74/84]          ar_logistic (seed=1) F1=0.448  AUC=0.467  LL=0.6955 (0.0s)
13:26:57  src.cpcv.pipeline  INFO    [ 75/84]          ar_logistic (seed=2) F1=0.448  AUC=0.467  LL=0.6955 (0.0s)
13:26:58  src.cpcv.preprocessing  INFO  Feature selection skipped (AR Logistic uses lagged returns only)
13:26:58  src.cpcv.pipeline  INFO    Preprocessing: FFD + scaling only (no feature selection), train=527 + cal=132, test=288
13:26:58  src.cpcv.pipeline  INFO    AR Logistic lags: [1, 2, 3, 7, 14, 30]
13:26:58  src.cpcv.pipeline  INFO    [ 76/84]          ar_logistic (seed=0) F1=0.466  AUC=0.481  LL=0.7306 (0.0s)
13:26:58  src.cpcv.pipeline  INFO    [ 77/84]          ar_logistic (seed=1) F1=0.466  AUC=0.481  LL=0.7306 (0.0s)
13:26:58  src.cpcv.pipeline  INFO    [ 78/84]          ar_logistic (seed=2) F1=0.466  AUC=0.481  LL=0.7306 (0.0s)
13:26:58  src.cpcv.preprocessing  INFO  Feature selection skipped (AR Logistic uses lagged returns only)
13:26:58  src.cpcv.pipeline  INFO    Preprocessing: FFD + scaling only (no feature selection), train=519 + cal=130, test=295
13:26:58  src.cpcv.pipeline  INFO    AR Logistic lags: [1, 2, 3, 7, 14, 30]
13:26:58  src.cpcv.pipeline  INFO    [ 79/84]          ar_logistic (seed=0) F1=0.429  AUC=0.489  LL=0.6999 (0.0s)
13:26:58  src.cpcv.pipeline  INFO    [ 80/84]          ar_logistic (seed=1) F1=0.429  AUC=0.489  LL=0.6999 (0.0s)
13:26:58  src.cpcv.pipeline  INFO    [ 81/84]          ar_logistic (seed=2) F1=0.429  AUC=0.489  LL=0.6999 (0.0s)
13:26:58  src.cpcv.preprocessing  INFO  Feature selection skipped (AR Logistic uses lagged returns only)
13:26:58  src.cpcv.pipeline  INFO    Preprocessing: FFD + scaling only (no feature selection), train=531 + cal=133, test=295
13:26:58  src.cpcv.pipeline  INFO    AR Logistic lags: [1, 2, 3, 7, 14, 30]
13:26:58  src.cpcv.pipeline  INFO    [ 82/84]          ar_logistic (seed=0) F1=0.454  AUC=0.417  LL=0.7255 (0.0s)
13:26:58  src.cpcv.pipeline  INFO    [ 83/84]          ar_logistic (seed=1) F1=0.454  AUC=0.417  LL=0.7255 (0.0s)
13:26:58  src.cpcv.pipeline  INFO    [ 84/84]          ar_logistic (seed=2) F1=0.454  AUC=0.417  LL=0.7255 (0.0s)
13:26:58  src.cpcv.pipeline  INFO  ============================================================
13:26:58  src.cpcv.pipeline  INFO  CPCV Pipeline Complete
13:26:58  src.cpcv.pipeline  INFO  ============================================================
13:26:58  src.cpcv.pipeline  INFO    Total time:     9.4s (0.2m)
13:26:58  src.cpcv.pipeline  INFO    Tasks:          84 succeeded, 0 failed
13:26:58  src.cpcv.pipeline  INFO    Results keys:   84 (model, split, seed) entries
13:26:58  src.cpcv.pipeline  INFO    Backtest paths: 7
13:26:58  src.cpcv.pipeline  INFO  ============================================================
13:26:59  src.cpcv.pipeline  INFO  ============================================================
13:26:59  src.cpcv.pipeline  INFO  CPCV Pipeline
13:26:59  src.cpcv.pipeline  INFO  ============================================================
13:26:59  src.cpcv.pipeline  INFO    Models:         ['logistic']
13:26:59  src.cpcv.pipeline  INFO    Seeds/fold:     3
13:26:59  src.cpcv.pipeline  INFO    Groups (N):     8
13:26:59  src.cpcv.pipeline  INFO    Test groups (k):2
13:26:59  src.cpcv.pipeline  INFO    Embargo:        1.0%
13:26:59  src.cpcv.pipeline  INFO    FFD columns:    ['atr']
13:26:59  src.cpcv.pipeline  INFO    Samples:        1159
13:26:59  src.cpcv.pipeline  INFO    Features:       62
13:26:59  src.cpcv.pipeline  INFO    Splits:         28, Paths: 7
13:26:59  src.cpcv.pipeline  INFO    Tuning:         NESTED (per-split) — ['logistic'] [30 trials]
13:26:59  src.cpcv.pipeline  INFO  ============================================================
13:26:59  src.cpcv.preprocessing  INFO  Computing MDA (Random Forest)...
13:27:30  src.cpcv.preprocessing  INFO  Computing MDA (Logistic Regression)...
13:27:31  src.cpcv.preprocessing  INFO  Multi-model MDA: 13/62 passed (MDA > 0), 49 eliminated
13:27:31  src.cpcv.preprocessing  INFO    Selected (13): ['dxy_roc_30', 'exchange_supply_pct', 'gk_vol', 'jarque_bera', 'log_returns', 'log_returns_lag1', 'silver_ret_30', 'stoch_d', 'us10y', 'us2y', 'variance_ratio', 'vol_term_7_30', 'yield_curve_10y30y']
13:27:31  src.cpcv.pipeline  INFO    Preprocessing: 13 features selected, train=688 + cal=172, test=89
13:27:32  src.cpcv.tuning  INFO  Tuning (1 model) — Optuna TPE + Purged K-Fold (inner: 3 folds, embargo=10 obs)
13:27:32  src.cpcv.tuning  INFO    [tuning] logistic: 3 purged K-fold splits, 30 Optuna trials (TPE)
13:27:32  src.cpcv.tuning  INFO      logistic: 14 completed, 16 pruned (of 30 total) — best log_loss=0.6852, params={'C': 0.054502936945582565, 'penalty': 'l1'}
13:27:32  src.cpcv.tuning  INFO    [tuning] logistic done in 0.7s — best log_loss=0.6852
13:27:32  src.cpcv.tuning  INFO  Tuning total: 0.7s
13:27:32  src.cpcv.pipeline  INFO      applied logistic: {'C': 0.054502936945582565, 'penalty': 'l1'}
13:27:32  src.cpcv.pipeline  INFO    [  1/84]             logistic (seed=0) F1=0.517  AUC=0.501  LL=0.6712 (0.0s)
13:27:32  src.cpcv.pipeline  INFO    [  2/84]             logistic (seed=1) F1=0.517  AUC=0.501  LL=0.6712 (0.0s)
13:27:32  src.cpcv.pipeline  INFO    [  3/84]             logistic (seed=2) F1=0.517  AUC=0.501  LL=0.6712 (0.0s)
13:27:33  src.cpcv.preprocessing  INFO  Computing MDA (Random Forest)...
13:28:03  src.cpcv.preprocessing  INFO  Computing MDA (Logistic Regression)...
13:28:04  src.cpcv.preprocessing  INFO  Multi-model MDA: 49/62 passed (MDA > 0), 13 eliminated
13:28:04  src.cpcv.preprocessing  INFO    Capped at 18 features (top_k_frac=0.3)
13:28:04  src.cpcv.preprocessing  INFO    Selected (18): ['bb_width', 'dxy_roc_30', 'ema_ratio_50_200', 'eth_btc_ratio', 'issuance_ntv', 'log_returns', 'macd_hist', 'nasdaq_ret_30', 'oil_ret_30', 'realized_vol', 'shannon_entropy', 'skewness', 'smt_exp', 'smt_poly1', 'stoch_d', 'tx_count_roc_14', 'us2y', 'yield_curve_2y10y']
13:28:04  src.cpcv.pipeline  INFO    Preprocessing: 18 features selected, train=643 + cal=161, test=144
13:28:04  src.cpcv.tuning  INFO  Tuning (1 model) — Optuna TPE + Purged K-Fold (inner: 3 folds, embargo=10 obs)
13:28:04  src.cpcv.tuning  INFO    [tuning] logistic: 3 purged K-fold splits, 30 Optuna trials (TPE)
13:28:05  src.cpcv.tuning  INFO      logistic: 26 completed, 4 pruned (of 30 total) — best log_loss=0.6931, params={'C': 0.017670169402947963, 'penalty': 'l1'}
13:28:05  src.cpcv.tuning  INFO    [tuning] logistic done in 0.5s — best log_loss=0.6931
13:28:05  src.cpcv.tuning  INFO  Tuning total: 0.5s
13:28:05  src.cpcv.pipeline  INFO      applied logistic: {'C': 0.017670169402947963, 'penalty': 'l1'}
13:28:05  src.cpcv.pipeline  INFO    [  4/84]             logistic (seed=0) F1=0.311  AUC=0.500  LL=0.7091 (0.0s)
13:28:05  src.cpcv.pipeline  INFO    [  5/84]             logistic (seed=1) F1=0.311  AUC=0.500  LL=0.7091 (0.0s)
13:28:05  src.cpcv.pipeline  INFO    [  6/84]             logistic (seed=2) F1=0.311  AUC=0.500  LL=0.7091 (0.0s)
13:28:05  src.cpcv.preprocessing  INFO  Computing MDA (Random Forest)...
13:28:35  src.cpcv.preprocessing  INFO  Computing MDA (Logistic Regression)...
13:28:36  src.cpcv.preprocessing  WARNING  [split 3/28] Only 3 features with MDA > 0. Taking top 5 by MDA value.
13:28:36  src.cpcv.preprocessing  INFO  Multi-model MDA: 3/62 passed (MDA > 0), 59 eliminated
13:28:36  src.cpcv.preprocessing  INFO    Selected (5): ['jarque_bera', 'log_returns_lag1', 'oil_ret_30', 'roc_14', 'stoch_d']
13:28:36  src.cpcv.pipeline  INFO    Preprocessing: 5 features selected, train=644 + cal=161, test=144
13:28:36  src.cpcv.tuning  INFO  Tuning (1 model) — Optuna TPE + Purged K-Fold (inner: 3 folds, embargo=10 obs)
13:28:36  src.cpcv.tuning  INFO    [tuning] logistic: 3 purged K-fold splits, 30 Optuna trials (TPE)
13:28:37  src.cpcv.tuning  INFO      logistic: 12 completed, 18 pruned (of 30 total) — best log_loss=0.6924, params={'C': 0.054502936945582565, 'penalty': 'l1'}
13:28:37  src.cpcv.tuning  INFO    [tuning] logistic done in 0.4s — best log_loss=0.6924
13:28:37  src.cpcv.tuning  INFO  Tuning total: 0.4s
13:28:37  src.cpcv.pipeline  INFO      applied logistic: {'C': 0.054502936945582565, 'penalty': 'l1'}
13:28:37  src.cpcv.pipeline  INFO    [  7/84]             logistic (seed=0) F1=0.440  AUC=0.649  LL=0.6489 (0.0s)
13:28:37  src.cpcv.pipeline  INFO    [  8/84]             logistic (seed=1) F1=0.440  AUC=0.649  LL=0.6489 (0.0s)
13:28:37  src.cpcv.pipeline  INFO    [  9/84]             logistic (seed=2) F1=0.440  AUC=0.649  LL=0.6489 (0.0s)
13:28:37  src.cpcv.preprocessing  INFO  Computing MDA (Random Forest)...
13:29:07  src.cpcv.preprocessing  INFO  Computing MDA (Logistic Regression)...
13:29:08  src.cpcv.preprocessing  INFO  Multi-model MDA: 37/62 passed (MDA > 0), 25 eliminated
13:29:08  src.cpcv.preprocessing  INFO    Capped at 18 features (top_k_frac=0.3)
13:29:08  src.cpcv.preprocessing  INFO    Selected (18): ['active_addr_roc_14', 'atr', 'bb_width', 'fee_per_tx', 'jarque_bera', 'log_returns_lag2', 'log_returns_lag30', 'macd_hist', 'mvrv', 'net_exchange_flow', 'obv', 'oil_ret_30', 'sadf', 'skewness', 'smt_exp', 'stoch_d', 'vix', 'yield_curve_10y30y']
13:29:08  src.cpcv.pipeline  INFO    Preprocessing: 18 features selected, train=644 + cal=161, test=144
13:29:08  src.cpcv.tuning  INFO  Tuning (1 model) — Optuna TPE + Purged K-Fold (inner: 3 folds, embargo=10 obs)
13:29:08  src.cpcv.tuning  INFO    [tuning] logistic: 3 purged K-fold splits, 30 Optuna trials (TPE)
13:29:09  src.cpcv.tuning  INFO      logistic: 18 completed, 12 pruned (of 30 total) — best log_loss=0.6871, params={'C': 0.054502936945582565, 'penalty': 'l1'}
13:29:09  src.cpcv.tuning  INFO    [tuning] logistic done in 0.7s — best log_loss=0.6871
13:29:09  src.cpcv.tuning  INFO  Tuning total: 0.7s
13:29:09  src.cpcv.pipeline  INFO      applied logistic: {'C': 0.054502936945582565, 'penalty': 'l1'}
13:29:09  src.cpcv.pipeline  INFO    [ 10/84]             logistic (seed=0) F1=0.374  AUC=0.575  LL=0.6711 (0.0s)
13:29:09  src.cpcv.pipeline  INFO    [ 11/84]             logistic (seed=1) F1=0.374  AUC=0.575  LL=0.6711 (0.0s)
13:29:09  src.cpcv.pipeline  INFO    [ 12/84]             logistic (seed=2) F1=0.374  AUC=0.575  LL=0.6711 (0.0s)
13:29:09  src.cpcv.preprocessing  INFO  Computing MDA (Random Forest)...
13:29:40  src.cpcv.preprocessing  INFO  Computing MDA (Logistic Regression)...
13:29:41  src.cpcv.preprocessing  INFO  Multi-model MDA: 47/62 passed (MDA > 0), 15 eliminated
13:29:41  src.cpcv.preprocessing  INFO    Capped at 18 features (top_k_frac=0.3)
13:29:41  src.cpcv.preprocessing  INFO    Selected (18): ['bb_width', 'ema_ratio_50_200', 'eth_btc_ratio', 'exchange_supply_pct', 'jarque_bera', 'kurtosis', 'log_returns', 'log_returns_lag30', 'macd_hist', 'mfi_14', 'mvrv', 'natgas_ret_30', 'realized_vol', 'rsi', 'sadf', 'skewness', 'yield_curve_10y30y', 'yz_vol']
13:29:41  src.cpcv.pipeline  INFO    Preprocessing: 18 features selected, train=642 + cal=161, test=144
13:29:41  src.cpcv.tuning  INFO  Tuning (1 model) — Optuna TPE + Purged K-Fold (inner: 3 folds, embargo=10 obs)
13:29:41  src.cpcv.tuning  INFO    [tuning] logistic: 3 purged K-fold splits, 30 Optuna trials (TPE)
13:29:42  src.cpcv.tuning  INFO      logistic: 28 completed, 2 pruned (of 30 total) — best log_loss=0.6837, params={'C': 0.025943055296597954, 'penalty': 'l1'}
13:29:42  src.cpcv.tuning  INFO    [tuning] logistic done in 0.9s — best log_loss=0.6837
13:29:42  src.cpcv.tuning  INFO  Tuning total: 0.9s
13:29:42  src.cpcv.pipeline  INFO      applied logistic: {'C': 0.025943055296597954, 'penalty': 'l1'}
13:29:42  src.cpcv.pipeline  INFO    [ 13/84]             logistic (seed=0) F1=0.336  AUC=0.462  LL=0.6978 (0.0s)
13:29:42  src.cpcv.pipeline  INFO    [ 14/84]             logistic (seed=1) F1=0.336  AUC=0.462  LL=0.6978 (0.0s)
13:29:42  src.cpcv.pipeline  INFO    [ 15/84]             logistic (seed=2) F1=0.336  AUC=0.462  LL=0.6978 (0.0s)
13:29:42  src.cpcv.preprocessing  INFO  Computing MDA (Random Forest)...
13:30:13  src.cpcv.preprocessing  INFO  Computing MDA (Logistic Regression)...
13:30:14  src.cpcv.preprocessing  INFO  Multi-model MDA: 22/62 passed (MDA > 0), 40 eliminated
13:30:14  src.cpcv.preprocessing  INFO    Capped at 18 features (top_k_frac=0.3)
13:30:14  src.cpcv.preprocessing  INFO    Selected (18): ['chaikin_osc', 'dxy_roc_30', 'eth_btc_ratio', 'gold_ret_30', 'hashrate_roc_30', 'jarque_bera', 'kurtosis', 'macd', 'macd_signal', 'net_exchange_flow', 'obv', 'oil_ret_30', 'roc_14', 'shannon_entropy', 'smt_poly1', 'sp500_ret_30', 'stoch_k', 'yield_curve_10y30y']
13:30:14  src.cpcv.pipeline  INFO    Preprocessing: 18 features selected, train=643 + cal=161, test=144
13:30:14  src.cpcv.tuning  INFO  Tuning (1 model) — Optuna TPE + Purged K-Fold (inner: 3 folds, embargo=10 obs)
13:30:14  src.cpcv.tuning  INFO    [tuning] logistic: 3 purged K-fold splits, 30 Optuna trials (TPE)
13:30:14  src.cpcv.tuning  INFO      logistic: 24 completed, 6 pruned (of 30 total) — best log_loss=0.6833, params={'C': 0.017670169402947963, 'penalty': 'l1'}
13:30:14  src.cpcv.tuning  INFO    [tuning] logistic done in 0.7s — best log_loss=0.6833
13:30:14  src.cpcv.tuning  INFO  Tuning total: 0.7s
13:30:14  src.cpcv.pipeline  INFO      applied logistic: {'C': 0.017670169402947963, 'penalty': 'l1'}
13:30:14  src.cpcv.pipeline  INFO    [ 16/84]             logistic (seed=0) F1=0.473  AUC=0.517  LL=0.6835 (0.0s)
13:30:14  src.cpcv.pipeline  INFO    [ 17/84]             logistic (seed=1) F1=0.473  AUC=0.517  LL=0.6835 (0.0s)
13:30:14  src.cpcv.pipeline  INFO    [ 18/84]             logistic (seed=2) F1=0.473  AUC=0.517  LL=0.6835 (0.0s)
13:30:15  src.cpcv.preprocessing  INFO  Computing MDA (Random Forest)...
13:30:45  src.cpcv.preprocessing  INFO  Computing MDA (Logistic Regression)...
13:30:46  src.cpcv.preprocessing  INFO  Multi-model MDA: 26/62 passed (MDA > 0), 36 eliminated
13:30:46  src.cpcv.preprocessing  INFO    Capped at 18 features (top_k_frac=0.3)
13:30:46  src.cpcv.preprocessing  INFO    Selected (18): ['active_addr_roc_14', 'atr', 'bb_width', 'copper_ret_30', 'eth_btc_ratio', 'gold_ret_30', 'hurst', 'log_returns_lag1', 'log_returns_lag14', 'macd', 'macd_signal', 'net_exchange_flow', 'sadf', 'skewness', 'us10y', 'vol_term_30_90', 'williams_r', 'yield_curve_10y30y']
13:30:46  src.cpcv.pipeline  INFO    Preprocessing: 18 features selected, train=644 + cal=162, test=151
13:30:46  src.cpcv.tuning  INFO  Tuning (1 model) — Optuna TPE + Purged K-Fold (inner: 3 folds, embargo=10 obs)
13:30:46  src.cpcv.tuning  INFO    [tuning] logistic: 3 purged K-fold splits, 30 Optuna trials (TPE)
13:30:47  src.cpcv.tuning  INFO      logistic: 21 completed, 9 pruned (of 30 total) — best log_loss=0.6871, params={'C': 0.12173252504194051, 'penalty': 'l1'}
13:30:47  src.cpcv.tuning  INFO    [tuning] logistic done in 0.5s — best log_loss=0.6871
13:30:47  src.cpcv.tuning  INFO  Tuning total: 0.5s
13:30:47  src.cpcv.pipeline  INFO      applied logistic: {'C': 0.12173252504194051, 'penalty': 'l1'}
13:30:47  src.cpcv.pipeline  INFO    [ 19/84]             logistic (seed=0) F1=0.357  AUC=0.542  LL=0.6892 (0.0s)
13:30:47  src.cpcv.pipeline  INFO    [ 20/84]             logistic (seed=1) F1=0.357  AUC=0.542  LL=0.6892 (0.0s)
13:30:47  src.cpcv.pipeline  INFO    [ 21/84]             logistic (seed=2) F1=0.357  AUC=0.542  LL=0.6892 (0.0s)
13:30:47  src.cpcv.preprocessing  INFO  Computing MDA (Random Forest)...
13:31:15  src.cpcv.preprocessing  INFO  Computing MDA (Logistic Regression)...
13:31:16  src.cpcv.preprocessing  INFO  Multi-model MDA: 27/62 passed (MDA > 0), 35 eliminated
13:31:16  src.cpcv.preprocessing  INFO    Capped at 18 features (top_k_frac=0.3)
13:31:16  src.cpcv.preprocessing  INFO    Selected (18): ['cci_14', 'chaikin_osc', 'dxy_roc_30', 'eth_btc_ratio', 'gk_vol', 'gold_ret_30', 'hashrate_roc_30', 'hurst', 'jarque_bera', 'log_returns_lag1', 'log_returns_lag14', 'lz_complexity', 'roc_14', 'sadf', 'stoch_k', 'williams_r', 'yield_curve_2y10y', 'yz_vol']
13:31:16  src.cpcv.pipeline  INFO    Preprocessing: 18 features selected, train=572 + cal=144, test=233
13:31:16  src.cpcv.tuning  INFO  Tuning (1 model) — Optuna TPE + Purged K-Fold (inner: 3 folds, embargo=10 obs)
13:31:16  src.cpcv.tuning  INFO    [tuning] logistic: 3 purged K-fold splits, 30 Optuna trials (TPE)
13:31:17  src.cpcv.tuning  INFO      logistic: 14 completed, 16 pruned (of 30 total) — best log_loss=0.6839, params={'C': 0.054502936945582565, 'penalty': 'l1'}
13:31:17  src.cpcv.tuning  INFO    [tuning] logistic done in 0.7s — best log_loss=0.6839
13:31:17  src.cpcv.tuning  INFO  Tuning total: 0.7s
13:31:17  src.cpcv.pipeline  INFO      applied logistic: {'C': 0.054502936945582565, 'penalty': 'l1'}
13:31:17  src.cpcv.pipeline  INFO    [ 22/84]             logistic (seed=0) F1=0.515  AUC=0.541  LL=0.7105 (0.0s)
13:31:17  src.cpcv.pipeline  INFO    [ 23/84]             logistic (seed=1) F1=0.515  AUC=0.541  LL=0.7105 (0.0s)
13:31:17  src.cpcv.pipeline  INFO    [ 24/84]             logistic (seed=2) F1=0.515  AUC=0.541  LL=0.7105 (0.0s)
13:31:17  src.cpcv.preprocessing  INFO  Computing MDA (Random Forest)...
13:31:45  src.cpcv.preprocessing  INFO  Computing MDA (Logistic Regression)...
13:31:46  src.cpcv.preprocessing  INFO  Multi-model MDA: 54/62 passed (MDA > 0), 8 eliminated
13:31:46  src.cpcv.preprocessing  INFO    Capped at 18 features (top_k_frac=0.3)
13:31:46  src.cpcv.preprocessing  INFO    Selected (18): ['copper_ret_30', 'eth_btc_ratio', 'gk_vol', 'log_returns_lag3', 'macd', 'macd_hist', 'mvrv', 'net_exchange_flow', 'realized_vol', 'sadf', 'silver_ret_30', 'skewness', 'smt_exp', 'stoch_k', 'variance_ratio', 'vix', 'vol_term_30_90', 'vol_term_7_30']
13:31:46  src.cpcv.pipeline  INFO    Preprocessing: 18 features selected, train=564 + cal=141, test=233
13:31:46  src.cpcv.tuning  INFO  Tuning (1 model) — Optuna TPE + Purged K-Fold (inner: 3 folds, embargo=10 obs)
13:31:46  src.cpcv.tuning  INFO    [tuning] logistic: 3 purged K-fold splits, 30 Optuna trials (TPE)
13:31:46  src.cpcv.tuning  INFO      logistic: 24 completed, 6 pruned (of 30 total) — best log_loss=0.6858, params={'C': 0.12647598951788191, 'penalty': 'l1'}
13:31:46  src.cpcv.tuning  INFO    [tuning] logistic done in 0.5s — best log_loss=0.6858
13:31:46  src.cpcv.tuning  INFO  Tuning total: 0.5s
13:31:46  src.cpcv.pipeline  INFO      applied logistic: {'C': 0.12647598951788191, 'penalty': 'l1'}
13:31:46  src.cpcv.pipeline  INFO    [ 25/84]             logistic (seed=0) F1=0.496  AUC=0.496  LL=0.7198 (0.0s)
13:31:46  src.cpcv.pipeline  INFO    [ 26/84]             logistic (seed=1) F1=0.496  AUC=0.496  LL=0.7198 (0.0s)
13:31:46  src.cpcv.pipeline  INFO    [ 27/84]             logistic (seed=2) F1=0.496  AUC=0.496  LL=0.7198 (0.0s)
13:31:46  src.cpcv.preprocessing  INFO  Computing MDA (Random Forest)...
13:32:14  src.cpcv.preprocessing  INFO  Computing MDA (Logistic Regression)...
13:32:15  src.cpcv.preprocessing  INFO  Multi-model MDA: 38/62 passed (MDA > 0), 24 eliminated
13:32:15  src.cpcv.preprocessing  INFO    Capped at 18 features (top_k_frac=0.3)
13:32:15  src.cpcv.preprocessing  INFO    Selected (18): ['bb_width', 'cci_14', 'ema_ratio_50_200', 'exchange_supply_pct', 'gk_vol', 'jarque_bera', 'log_returns', 'log_returns_lag1', 'mvrv', 'natgas_ret_30', 'oil_ret_30', 'roc_14', 'sadf', 'silver_ret_30', 'smt_poly1', 'tx_count_roc_14', 'vol_term_30_90', 'williams_r']
13:32:15  src.cpcv.pipeline  INFO    Preprocessing: 18 features selected, train=564 + cal=141, test=233
13:32:15  src.cpcv.tuning  INFO  Tuning (1 model) — Optuna TPE + Purged K-Fold (inner: 3 folds, embargo=10 obs)
13:32:15  src.cpcv.tuning  INFO    [tuning] logistic: 3 purged K-fold splits, 30 Optuna trials (TPE)
13:32:16  src.cpcv.tuning  INFO      logistic: 24 completed, 6 pruned (of 30 total) — best log_loss=0.6825, params={'C': 0.054502936945582565, 'penalty': 'l1'}
13:32:16  src.cpcv.tuning  INFO    [tuning] logistic done in 0.6s — best log_loss=0.6825
13:32:16  src.cpcv.tuning  INFO  Tuning total: 0.6s
13:32:16  src.cpcv.pipeline  INFO      applied logistic: {'C': 0.054502936945582565, 'penalty': 'l1'}
13:32:16  src.cpcv.pipeline  INFO    [ 28/84]             logistic (seed=0) F1=0.431  AUC=0.540  LL=0.6702 (0.0s)
13:32:16  src.cpcv.pipeline  INFO    [ 29/84]             logistic (seed=1) F1=0.431  AUC=0.540  LL=0.6702 (0.0s)
13:32:16  src.cpcv.pipeline  INFO    [ 30/84]             logistic (seed=2) F1=0.431  AUC=0.540  LL=0.6702 (0.0s)
13:32:16  src.cpcv.preprocessing  INFO  Computing MDA (Random Forest)...
13:32:44  src.cpcv.preprocessing  INFO  Computing MDA (Logistic Regression)...
13:32:45  src.cpcv.preprocessing  INFO  Multi-model MDA: 29/62 passed (MDA > 0), 33 eliminated
13:32:45  src.cpcv.preprocessing  INFO    Capped at 18 features (top_k_frac=0.3)
13:32:45  src.cpcv.preprocessing  INFO    Selected (18): ['active_addr_roc_14', 'dxy_roc_30', 'eth_btc_ratio', 'exchange_supply_pct', 'kurtosis', 'log_returns_lag1', 'log_returns_lag3', 'mfi_14', 'natgas_ret_30', 'obv', 'roc_14', 'rsi', 'sadf', 'stoch_k', 'variance_ratio', 'vix', 'vol_term_30_90', 'yield_curve_2y10y']
13:32:45  src.cpcv.pipeline  INFO    Preprocessing: 18 features selected, train=562 + cal=141, test=233
13:32:45  src.cpcv.tuning  INFO  Tuning (1 model) — Optuna TPE + Purged K-Fold (inner: 3 folds, embargo=10 obs)
13:32:45  src.cpcv.tuning  INFO    [tuning] logistic: 3 purged K-fold splits, 30 Optuna trials (TPE)
13:32:45  src.cpcv.tuning  INFO      logistic: 17 completed, 13 pruned (of 30 total) — best log_loss=0.6859, params={'C': 0.12173252504194051, 'penalty': 'l1'}
13:32:45  src.cpcv.tuning  INFO    [tuning] logistic done in 0.5s — best log_loss=0.6859
13:32:45  src.cpcv.tuning  INFO  Tuning total: 0.5s
13:32:45  src.cpcv.pipeline  INFO      applied logistic: {'C': 0.12173252504194051, 'penalty': 'l1'}
13:32:45  src.cpcv.pipeline  INFO    [ 31/84]             logistic (seed=0) F1=0.441  AUC=0.442  LL=0.7202 (0.0s)
13:32:45  src.cpcv.pipeline  INFO    [ 32/84]             logistic (seed=1) F1=0.441  AUC=0.442  LL=0.7201 (0.0s)
13:32:45  src.cpcv.pipeline  INFO    [ 33/84]             logistic (seed=2) F1=0.441  AUC=0.442  LL=0.7201 (0.0s)
13:32:46  src.cpcv.preprocessing  INFO  Computing MDA (Random Forest)...
13:33:14  src.cpcv.preprocessing  INFO  Computing MDA (Logistic Regression)...
13:33:15  src.cpcv.preprocessing  INFO  Multi-model MDA: 36/62 passed (MDA > 0), 26 eliminated
13:33:15  src.cpcv.preprocessing  INFO    Capped at 18 features (top_k_frac=0.3)
13:33:15  src.cpcv.preprocessing  INFO    Selected (18): ['active_addr_roc_14', 'bb_width', 'chaikin_osc', 'ema_ratio_50_200', 'issuance_ntv', 'kurtosis', 'log_returns_lag7', 'mfi_14', 'nasdaq_ret_30', 'negentropy', 'obv', 'shannon_entropy', 'silver_ret_30', 'skewness', 'sp500_ret_30', 'us10y', 'vol_term_7_30', 'yield_curve_2y10y']
13:33:15  src.cpcv.pipeline  INFO    Preprocessing: 18 features selected, train=563 + cal=141, test=233
13:33:15  src.cpcv.tuning  INFO  Tuning (1 model) — Optuna TPE + Purged K-Fold (inner: 3 folds, embargo=10 obs)
13:33:15  src.cpcv.tuning  INFO    [tuning] logistic: 3 purged K-fold splits, 30 Optuna trials (TPE)
13:33:16  src.cpcv.tuning  INFO      logistic: 22 completed, 8 pruned (of 30 total) — best log_loss=0.6867, params={'C': 0.0069539067217129, 'penalty': 'l2'}
13:33:16  src.cpcv.tuning  INFO    [tuning] logistic done in 0.6s — best log_loss=0.6867
13:33:16  src.cpcv.tuning  INFO  Tuning total: 0.6s
13:33:16  src.cpcv.pipeline  INFO      applied logistic: {'C': 0.0069539067217129, 'penalty': 'l2'}
13:33:16  src.cpcv.pipeline  INFO    [ 34/84]             logistic (seed=0) F1=0.473  AUC=0.572  LL=0.6956 (0.0s)
13:33:16  src.cpcv.pipeline  INFO    [ 35/84]             logistic (seed=1) F1=0.473  AUC=0.572  LL=0.6956 (0.0s)
13:33:16  src.cpcv.pipeline  INFO    [ 36/84]             logistic (seed=2) F1=0.473  AUC=0.572  LL=0.6956 (0.0s)
13:33:16  src.cpcv.preprocessing  INFO  Computing MDA (Random Forest)...
13:33:44  src.cpcv.preprocessing  INFO  Computing MDA (Logistic Regression)...
13:33:45  src.cpcv.preprocessing  INFO  Multi-model MDA: 25/62 passed (MDA > 0), 37 eliminated
13:33:45  src.cpcv.preprocessing  INFO    Capped at 18 features (top_k_frac=0.3)
13:33:45  src.cpcv.preprocessing  INFO    Selected (18): ['bb_width', 'cci_14', 'eth_btc_ratio', 'jarque_bera', 'kurtosis', 'log_returns', 'log_returns_lag2', 'lz_complexity', 'macd_hist', 'macd_signal', 'rsi', 'shannon_entropy', 'skewness', 'tx_count_roc_14', 'us10y', 'us2y', 'yield_curve_10y30y', 'yield_curve_2y10y']
13:33:45  src.cpcv.pipeline  INFO    Preprocessing: 18 features selected, train=564 + cal=142, test=240
13:33:45  src.cpcv.tuning  INFO  Tuning (1 model) — Optuna TPE + Purged K-Fold (inner: 3 folds, embargo=10 obs)
13:33:45  src.cpcv.tuning  INFO    [tuning] logistic: 3 purged K-fold splits, 30 Optuna trials (TPE)
13:33:45  src.cpcv.tuning  INFO      logistic: 24 completed, 6 pruned (of 30 total) — best log_loss=0.6816, params={'C': 0.025943055296597954, 'penalty': 'l1'}
13:33:45  src.cpcv.tuning  INFO    [tuning] logistic done in 0.7s — best log_loss=0.6816
13:33:45  src.cpcv.tuning  INFO  Tuning total: 0.7s
13:33:45  src.cpcv.pipeline  INFO      applied logistic: {'C': 0.025943055296597954, 'penalty': 'l1'}
13:33:45  src.cpcv.pipeline  INFO    [ 37/84]             logistic (seed=0) F1=0.373  AUC=0.597  LL=0.6807 (0.0s)
13:33:45  src.cpcv.pipeline  INFO    [ 38/84]             logistic (seed=1) F1=0.373  AUC=0.597  LL=0.6807 (0.0s)
13:33:45  src.cpcv.pipeline  INFO    [ 39/84]             logistic (seed=2) F1=0.373  AUC=0.597  LL=0.6807 (0.0s)
13:33:46  src.cpcv.preprocessing  INFO  Computing MDA (Random Forest)...
13:34:14  src.cpcv.preprocessing  INFO  Computing MDA (Logistic Regression)...
13:34:14  src.cpcv.preprocessing  INFO  Multi-model MDA: 42/62 passed (MDA > 0), 20 eliminated
13:34:14  src.cpcv.preprocessing  INFO    Capped at 18 features (top_k_frac=0.3)
13:34:14  src.cpcv.preprocessing  INFO    Selected (18): ['chaikin_osc', 'gold_ret_30', 'jarque_bera', 'kurtosis', 'log_returns', 'log_returns_lag3', 'log_returns_lag7', 'macd', 'macd_hist', 'obv', 'realized_vol', 'silver_ret_30', 'sp500_ret_30', 'tx_count_roc_14', 'vol_term_30_90', 'vol_term_7_30', 'vwma_ratio_20_50', 'williams_r']
13:34:14  src.cpcv.pipeline  INFO    Preprocessing: 18 features selected, train=528 + cal=132, test=288
13:34:14  src.cpcv.tuning  INFO  Tuning (1 model) — Optuna TPE + Purged K-Fold (inner: 3 folds, embargo=10 obs)
13:34:14  src.cpcv.tuning  INFO    [tuning] logistic: 3 purged K-fold splits, 30 Optuna trials (TPE)
13:34:15  src.cpcv.tuning  INFO      logistic: 26 completed, 4 pruned (of 30 total) — best log_loss=0.6919, params={'C': 0.0039653707522637124, 'penalty': 'l2'}
13:34:15  src.cpcv.tuning  INFO    [tuning] logistic done in 0.6s — best log_loss=0.6919
13:34:15  src.cpcv.tuning  INFO  Tuning total: 0.6s
13:34:15  src.cpcv.pipeline  INFO      applied logistic: {'C': 0.0039653707522637124, 'penalty': 'l2'}
13:34:15  src.cpcv.pipeline  INFO    [ 40/84]             logistic (seed=0) F1=0.338  AUC=0.581  LL=0.9435 (0.0s)
13:34:15  src.cpcv.pipeline  INFO    [ 41/84]             logistic (seed=1) F1=0.338  AUC=0.581  LL=0.9435 (0.0s)
13:34:15  src.cpcv.pipeline  INFO    [ 42/84]             logistic (seed=2) F1=0.338  AUC=0.581  LL=0.9435 (0.0s)
13:34:15  src.cpcv.preprocessing  INFO  Computing MDA (Random Forest)...
13:34:44  src.cpcv.preprocessing  INFO  Computing MDA (Logistic Regression)...
13:34:45  src.cpcv.preprocessing  INFO  Multi-model MDA: 17/62 passed (MDA > 0), 45 eliminated
13:34:45  src.cpcv.preprocessing  INFO    Selected (17): ['atr', 'cci_14', 'eth_btc_ratio', 'fee_per_tx', 'hashrate_roc_30', 'hurst', 'issuance_ntv', 'log_returns_lag1', 'natgas_ret_30', 'negentropy', 'realized_vol', 'sadf', 'stoch_k', 'us10y', 'vwma_ratio_20_50', 'williams_r', 'yield_curve_2y10y']
13:34:45  src.cpcv.pipeline  INFO    Preprocessing: 17 features selected, train=519 + cal=130, test=288
13:34:45  src.cpcv.tuning  INFO  Tuning (1 model) — Optuna TPE + Purged K-Fold (inner: 3 folds, embargo=10 obs)
13:34:45  src.cpcv.tuning  INFO    [tuning] logistic: 3 purged K-fold splits, 30 Optuna trials (TPE)
13:34:45  src.cpcv.tuning  INFO      logistic: 19 completed, 11 pruned (of 30 total) — best log_loss=0.6927, params={'C': 0.054502936945582565, 'penalty': 'l1'}
13:34:45  src.cpcv.tuning  INFO    [tuning] logistic done in 0.5s — best log_loss=0.6927
13:34:45  src.cpcv.tuning  INFO  Tuning total: 0.5s
13:34:45  src.cpcv.pipeline  INFO      applied logistic: {'C': 0.054502936945582565, 'penalty': 'l1'}
13:34:45  src.cpcv.pipeline  INFO    [ 43/84]             logistic (seed=0) F1=0.372  AUC=0.453  LL=0.7505 (0.0s)
13:34:45  src.cpcv.pipeline  INFO    [ 44/84]             logistic (seed=1) F1=0.372  AUC=0.453  LL=0.7505 (0.0s)
13:34:45  src.cpcv.pipeline  INFO    [ 45/84]             logistic (seed=2) F1=0.372  AUC=0.453  LL=0.7505 (0.0s)
13:34:45  src.cpcv.preprocessing  INFO  Computing MDA (Random Forest)...
13:35:14  src.cpcv.preprocessing  INFO  Computing MDA (Logistic Regression)...
13:35:15  src.cpcv.preprocessing  INFO  Multi-model MDA: 39/62 passed (MDA > 0), 23 eliminated
13:35:15  src.cpcv.preprocessing  INFO    Capped at 18 features (top_k_frac=0.3)
13:35:15  src.cpcv.preprocessing  INFO    Selected (18): ['cci_14', 'copper_ret_30', 'ema_ratio_20_50', 'fee_per_tx', 'log_returns_lag1', 'log_returns_lag2', 'log_returns_lag30', 'natgas_ret_30', 'net_exchange_flow', 'obv', 'oil_ret_30', 'sadf', 'silver_ret_30', 'skewness', 'stoch_k', 'vol_term_30_90', 'vwma_ratio_20_50', 'yield_curve_10y30y']
13:35:15  src.cpcv.pipeline  INFO    Preprocessing: 18 features selected, train=517 + cal=130, test=288
13:35:15  src.cpcv.tuning  INFO  Tuning (1 model) — Optuna TPE + Purged K-Fold (inner: 3 folds, embargo=10 obs)
13:35:15  src.cpcv.tuning  INFO    [tuning] logistic: 3 purged K-fold splits, 30 Optuna trials (TPE)
13:35:16  src.cpcv.tuning  INFO      logistic: 29 completed, 1 pruned (of 30 total) — best log_loss=0.6929, params={'C': 0.00080524961581442, 'penalty': 'l2'}
13:35:16  src.cpcv.tuning  INFO    [tuning] logistic done in 0.7s — best log_loss=0.6929
13:35:16  src.cpcv.tuning  INFO  Tuning total: 0.7s
13:35:16  src.cpcv.pipeline  INFO      applied logistic: {'C': 0.00080524961581442, 'penalty': 'l2'}
13:35:16  src.cpcv.pipeline  INFO    [ 46/84]             logistic (seed=0) F1=0.442  AUC=0.459  LL=0.7895 (0.0s)
13:35:16  src.cpcv.pipeline  INFO    [ 47/84]             logistic (seed=1) F1=0.442  AUC=0.459  LL=0.7895 (0.0s)
13:35:16  src.cpcv.pipeline  INFO    [ 48/84]             logistic (seed=2) F1=0.442  AUC=0.459  LL=0.7895 (0.0s)
13:35:16  src.cpcv.preprocessing  INFO  Computing MDA (Random Forest)...
13:35:45  src.cpcv.preprocessing  INFO  Computing MDA (Logistic Regression)...
13:35:46  src.cpcv.preprocessing  INFO  Multi-model MDA: 36/62 passed (MDA > 0), 26 eliminated
13:35:46  src.cpcv.preprocessing  INFO    Capped at 18 features (top_k_frac=0.3)
13:35:46  src.cpcv.preprocessing  INFO    Selected (18): ['atr', 'ema_ratio_20_50', 'gk_vol', 'jarque_bera', 'log_returns_lag2', 'log_returns_lag3', 'log_returns_lag7', 'macd_hist', 'macd_signal', 'mfi_14', 'sadf', 'skewness', 'stoch_k', 'tx_count_roc_14', 'vol_term_30_90', 'vwma_ratio_20_50', 'williams_r', 'yz_vol']
13:35:46  src.cpcv.pipeline  INFO    Preprocessing: 18 features selected, train=518 + cal=130, test=288
13:35:46  src.cpcv.tuning  INFO  Tuning (1 model) — Optuna TPE + Purged K-Fold (inner: 3 folds, embargo=10 obs)
13:35:46  src.cpcv.tuning  INFO    [tuning] logistic: 3 purged K-fold splits, 30 Optuna trials (TPE)
13:35:46  src.cpcv.tuning  INFO      logistic: 18 completed, 12 pruned (of 30 total) — best log_loss=0.6811, params={'C': 0.002399524683310171, 'penalty': 'l2'}
13:35:46  src.cpcv.tuning  INFO    [tuning] logistic done in 0.7s — best log_loss=0.6811
13:35:46  src.cpcv.tuning  INFO  Tuning total: 0.7s
13:35:46  src.cpcv.pipeline  INFO      applied logistic: {'C': 0.002399524683310171, 'penalty': 'l2'}
13:35:46  src.cpcv.pipeline  INFO    [ 49/84]             logistic (seed=0) F1=0.440  AUC=0.458  LL=0.7689 (0.0s)
13:35:46  src.cpcv.pipeline  INFO    [ 50/84]             logistic (seed=1) F1=0.440  AUC=0.458  LL=0.7689 (0.0s)
13:35:46  src.cpcv.pipeline  INFO    [ 51/84]             logistic (seed=2) F1=0.440  AUC=0.458  LL=0.7689 (0.0s)
13:35:47  src.cpcv.preprocessing  INFO  Computing MDA (Random Forest)...
13:36:15  src.cpcv.preprocessing  INFO  Computing MDA (Logistic Regression)...
13:36:15  src.cpcv.preprocessing  INFO  Multi-model MDA: 36/62 passed (MDA > 0), 26 eliminated
13:36:15  src.cpcv.preprocessing  INFO    Capped at 18 features (top_k_frac=0.3)
13:36:15  src.cpcv.preprocessing  INFO    Selected (18): ['atr', 'bb_width', 'cci_14', 'exchange_supply_pct', 'hurst', 'log_returns', 'log_returns_lag3', 'macd_hist', 'mfi_14', 'net_exchange_flow', 'realized_vol', 'skewness', 'variance_ratio', 'vix', 'vol_term_30_90', 'vwma_ratio_20_50', 'yield_curve_10y30y', 'yz_vol']
13:36:15  src.cpcv.pipeline  INFO    Preprocessing: 18 features selected, train=520 + cal=130, test=295
13:36:15  src.cpcv.tuning  INFO  Tuning (1 model) — Optuna TPE + Purged K-Fold (inner: 3 folds, embargo=10 obs)
13:36:15  src.cpcv.tuning  INFO    [tuning] logistic: 3 purged K-fold splits, 30 Optuna trials (TPE)
13:36:16  src.cpcv.tuning  INFO      logistic: 21 completed, 9 pruned (of 30 total) — best log_loss=0.6809, params={'C': 0.12173252504194051, 'penalty': 'l1'}
13:36:16  src.cpcv.tuning  INFO    [tuning] logistic done in 0.5s — best log_loss=0.6809
13:36:16  src.cpcv.tuning  INFO  Tuning total: 0.5s
13:36:16  src.cpcv.pipeline  INFO      applied logistic: {'C': 0.12173252504194051, 'penalty': 'l1'}
13:36:16  src.cpcv.pipeline  INFO    [ 52/84]             logistic (seed=0) F1=0.336  AUC=0.479  LL=0.7101 (0.0s)
13:36:16  src.cpcv.pipeline  INFO    [ 53/84]             logistic (seed=1) F1=0.336  AUC=0.479  LL=0.7101 (0.0s)
13:36:16  src.cpcv.pipeline  INFO    [ 54/84]             logistic (seed=2) F1=0.336  AUC=0.479  LL=0.7101 (0.0s)
13:36:16  src.cpcv.preprocessing  INFO  Computing MDA (Random Forest)...
13:36:44  src.cpcv.preprocessing  INFO  Computing MDA (Logistic Regression)...
13:36:45  src.cpcv.preprocessing  INFO  Multi-model MDA: 21/62 passed (MDA > 0), 41 eliminated
13:36:45  src.cpcv.preprocessing  INFO    Capped at 18 features (top_k_frac=0.3)
13:36:45  src.cpcv.preprocessing  INFO    Selected (18): ['eth_btc_ratio', 'gold_ret_30', 'hurst', 'log_returns', 'log_returns_lag1', 'log_returns_lag2', 'log_returns_lag7', 'lz_complexity', 'mvrv', 'natgas_ret_30', 'negentropy', 'realized_vol', 'sadf', 'stoch_d', 'tx_count_roc_14', 'variance_ratio', 'yield_curve_10y30y', 'yz_vol']
13:36:45  src.cpcv.pipeline  INFO    Preprocessing: 18 features selected, train=528 + cal=133, test=288
13:36:45  src.cpcv.tuning  INFO  Tuning (1 model) — Optuna TPE + Purged K-Fold (inner: 3 folds, embargo=10 obs)
13:36:45  src.cpcv.tuning  INFO    [tuning] logistic: 3 purged K-fold splits, 30 Optuna trials (TPE)
13:36:45  src.cpcv.tuning  INFO      logistic: 27 completed, 3 pruned (of 30 total) — best log_loss=0.6920, params={'C': 0.054502936945582565, 'penalty': 'l1'}
13:36:45  src.cpcv.tuning  INFO    [tuning] logistic done in 0.5s — best log_loss=0.6920
13:36:45  src.cpcv.tuning  INFO  Tuning total: 0.5s
13:36:45  src.cpcv.pipeline  INFO      applied logistic: {'C': 0.054502936945582565, 'penalty': 'l1'}
13:36:46  src.cpcv.pipeline  INFO    [ 55/84]             logistic (seed=0) F1=0.383  AUC=0.532  LL=0.6801 (0.0s)
13:36:46  src.cpcv.pipeline  INFO    [ 56/84]             logistic (seed=1) F1=0.383  AUC=0.532  LL=0.6801 (0.0s)
13:36:46  src.cpcv.pipeline  INFO    [ 57/84]             logistic (seed=2) F1=0.383  AUC=0.532  LL=0.6801 (0.0s)
13:36:46  src.cpcv.preprocessing  INFO  Computing MDA (Random Forest)...
13:37:14  src.cpcv.preprocessing  INFO  Computing MDA (Logistic Regression)...
13:37:14  src.cpcv.preprocessing  INFO  Multi-model MDA: 18/62 passed (MDA > 0), 44 eliminated
13:37:14  src.cpcv.preprocessing  INFO    Selected (18): ['copper_ret_30', 'eth_btc_ratio', 'exchange_supply_pct', 'gold_ret_30', 'hurst', 'issuance_ntv', 'jarque_bera', 'kurtosis', 'mfi_14', 'natgas_ret_30', 'negentropy', 'net_exchange_flow', 'obv', 'oil_ret_30', 'roc_14', 'shannon_entropy', 'skewness', 'smt_poly1']
13:37:14  src.cpcv.pipeline  INFO    Preprocessing: 18 features selected, train=518 + cal=130, test=288
13:37:14  src.cpcv.tuning  INFO  Tuning (1 model) — Optuna TPE + Purged K-Fold (inner: 3 folds, embargo=10 obs)
13:37:14  src.cpcv.tuning  INFO    [tuning] logistic: 3 purged K-fold splits, 30 Optuna trials (TPE)
13:37:15  src.cpcv.tuning  INFO      logistic: 20 completed, 10 pruned (of 30 total) — best log_loss=0.6889, params={'C': 0.06489800003437514, 'penalty': 'l1'}
13:37:15  src.cpcv.tuning  INFO    [tuning] logistic done in 0.4s — best log_loss=0.6889
13:37:15  src.cpcv.tuning  INFO  Tuning total: 0.4s
13:37:15  src.cpcv.pipeline  INFO      applied logistic: {'C': 0.06489800003437514, 'penalty': 'l1'}
13:37:15  src.cpcv.pipeline  INFO    [ 58/84]             logistic (seed=0) F1=0.509  AUC=0.524  LL=0.6966 (0.0s)
13:37:15  src.cpcv.pipeline  INFO    [ 59/84]             logistic (seed=1) F1=0.509  AUC=0.524  LL=0.6966 (0.0s)
13:37:15  src.cpcv.pipeline  INFO    [ 60/84]             logistic (seed=2) F1=0.509  AUC=0.524  LL=0.6966 (0.0s)
13:37:15  src.cpcv.preprocessing  INFO  Computing MDA (Random Forest)...
13:37:43  src.cpcv.preprocessing  INFO  Computing MDA (Logistic Regression)...
13:37:44  src.cpcv.preprocessing  INFO  Multi-model MDA: 29/62 passed (MDA > 0), 33 eliminated
13:37:44  src.cpcv.preprocessing  INFO    Capped at 18 features (top_k_frac=0.3)
13:37:44  src.cpcv.preprocessing  INFO    Selected (18): ['bb_width', 'chaikin_osc', 'copper_ret_30', 'eth_btc_ratio', 'exchange_supply_pct', 'fee_per_tx', 'gold_ret_30', 'jarque_bera', 'log_returns_lag14', 'log_returns_lag3', 'macd_hist', 'net_exchange_flow', 'oil_ret_30', 'roc_14', 'silver_ret_30', 'skewness', 'tx_count_roc_14', 'vol_term_7_30']
13:37:44  src.cpcv.pipeline  INFO    Preprocessing: 18 features selected, train=519 + cal=130, test=288
13:37:44  src.cpcv.tuning  INFO  Tuning (1 model) — Optuna TPE + Purged K-Fold (inner: 3 folds, embargo=10 obs)
13:37:44  src.cpcv.tuning  INFO    [tuning] logistic: 3 purged K-fold splits, 30 Optuna trials (TPE)
13:37:45  src.cpcv.tuning  INFO      logistic: 19 completed, 11 pruned (of 30 total) — best log_loss=0.6881, params={'C': 0.008394442225711854, 'penalty': 'l2'}
13:37:45  src.cpcv.tuning  INFO    [tuning] logistic done in 0.5s — best log_loss=0.6881
13:37:45  src.cpcv.tuning  INFO  Tuning total: 0.5s
13:37:45  src.cpcv.pipeline  INFO      applied logistic: {'C': 0.008394442225711854, 'penalty': 'l2'}
13:37:45  src.cpcv.pipeline  INFO    [ 61/84]             logistic (seed=0) F1=0.446  AUC=0.419  LL=0.8717 (0.0s)
13:37:45  src.cpcv.pipeline  INFO    [ 62/84]             logistic (seed=1) F1=0.446  AUC=0.419  LL=0.8717 (0.0s)
13:37:45  src.cpcv.pipeline  INFO    [ 63/84]             logistic (seed=2) F1=0.446  AUC=0.419  LL=0.8717 (0.0s)
13:37:45  src.cpcv.preprocessing  INFO  Computing MDA (Random Forest)...
13:38:13  src.cpcv.preprocessing  INFO  Computing MDA (Logistic Regression)...
13:38:14  src.cpcv.preprocessing  INFO  Multi-model MDA: 38/62 passed (MDA > 0), 24 eliminated
13:38:14  src.cpcv.preprocessing  INFO    Capped at 18 features (top_k_frac=0.3)
13:38:14  src.cpcv.preprocessing  INFO    Selected (18): ['bb_width', 'ema_ratio_20_50', 'eth_btc_ratio', 'exchange_supply_pct', 'fee_per_tx', 'gk_vol', 'hurst', 'log_returns_lag1', 'roc_14', 'shannon_entropy', 'silver_ret_30', 'smt_exp', 'smt_poly1', 'sp500_ret_30', 'tx_count_roc_14', 'us10y', 'vol_term_30_90', 'yz_vol']
13:38:14  src.cpcv.pipeline  INFO    Preprocessing: 18 features selected, train=520 + cal=131, test=295
13:38:14  src.cpcv.tuning  INFO  Tuning (1 model) — Optuna TPE + Purged K-Fold (inner: 3 folds, embargo=10 obs)
13:38:14  src.cpcv.tuning  INFO    [tuning] logistic: 3 purged K-fold splits, 30 Optuna trials (TPE)
13:38:15  src.cpcv.tuning  INFO      logistic: 22 completed, 8 pruned (of 30 total) — best log_loss=0.6899, params={'C': 0.003409264942037956, 'penalty': 'l2'}
13:38:15  src.cpcv.tuning  INFO    [tuning] logistic done in 0.6s — best log_loss=0.6899
13:38:15  src.cpcv.tuning  INFO  Tuning total: 0.6s
13:38:15  src.cpcv.pipeline  INFO      applied logistic: {'C': 0.003409264942037956, 'penalty': 'l2'}
13:38:15  src.cpcv.pipeline  INFO    [ 64/84]             logistic (seed=0) F1=0.360  AUC=0.517  LL=0.6819 (0.0s)
13:38:15  src.cpcv.pipeline  INFO    [ 65/84]             logistic (seed=1) F1=0.360  AUC=0.517  LL=0.6819 (0.0s)
13:38:15  src.cpcv.pipeline  INFO    [ 66/84]             logistic (seed=2) F1=0.360  AUC=0.517  LL=0.6819 (0.0s)
13:38:15  src.cpcv.preprocessing  INFO  Computing MDA (Random Forest)...
13:38:43  src.cpcv.preprocessing  INFO  Computing MDA (Logistic Regression)...
13:38:44  src.cpcv.preprocessing  INFO  Multi-model MDA: 32/62 passed (MDA > 0), 30 eliminated
13:38:44  src.cpcv.preprocessing  INFO    Capped at 18 features (top_k_frac=0.3)
13:38:44  src.cpcv.preprocessing  INFO    Selected (18): ['active_addr_roc_14', 'atr', 'cci_14', 'ema_ratio_20_50', 'exchange_supply_pct', 'kurtosis', 'log_returns_lag7', 'lz_complexity', 'macd', 'macd_hist', 'mvrv', 'nasdaq_ret_30', 'natgas_ret_30', 'negentropy', 'roc_14', 'rsi', 'stoch_k', 'us2y']
13:38:44  src.cpcv.pipeline  INFO    Preprocessing: 18 features selected, train=528 + cal=133, test=288
13:38:44  src.cpcv.tuning  INFO  Tuning (1 model) — Optuna TPE + Purged K-Fold (inner: 3 folds, embargo=10 obs)
13:38:44  src.cpcv.tuning  INFO    [tuning] logistic: 3 purged K-fold splits, 30 Optuna trials (TPE)
13:38:44  src.cpcv.tuning  INFO      logistic: 21 completed, 9 pruned (of 30 total) — best log_loss=0.6882, params={'C': 0.12173252504194051, 'penalty': 'l1'}
13:38:44  src.cpcv.tuning  INFO    [tuning] logistic done in 0.4s — best log_loss=0.6882
13:38:44  src.cpcv.tuning  INFO  Tuning total: 0.4s
13:38:44  src.cpcv.pipeline  INFO      applied logistic: {'C': 0.12173252504194051, 'penalty': 'l1'}
13:38:44  src.cpcv.pipeline  INFO    [ 67/84]             logistic (seed=0) F1=0.356  AUC=0.461  LL=0.6882 (0.0s)
13:38:44  src.cpcv.pipeline  INFO    [ 68/84]             logistic (seed=1) F1=0.356  AUC=0.461  LL=0.6882 (0.0s)
13:38:44  src.cpcv.pipeline  INFO    [ 69/84]             logistic (seed=2) F1=0.356  AUC=0.461  LL=0.6882 (0.0s)
13:38:44  src.cpcv.preprocessing  INFO  Computing MDA (Random Forest)...
13:39:12  src.cpcv.preprocessing  INFO  Computing MDA (Logistic Regression)...
13:39:13  src.cpcv.preprocessing  INFO  Multi-model MDA: 42/62 passed (MDA > 0), 20 eliminated
13:39:13  src.cpcv.preprocessing  INFO    Capped at 18 features (top_k_frac=0.3)
13:39:13  src.cpcv.preprocessing  INFO    Selected (18): ['eth_btc_ratio', 'gk_vol', 'hurst', 'kurtosis', 'macd', 'nasdaq_ret_30', 'oil_ret_30', 'roc_14', 'rsi', 'sadf', 'silver_ret_30', 'skewness', 'smt_exp', 'vix', 'vwma_ratio_20_50', 'williams_r', 'yield_curve_10y30y', 'yz_vol']
13:39:13  src.cpcv.pipeline  INFO    Preprocessing: 18 features selected, train=519 + cal=130, test=288
13:39:13  src.cpcv.tuning  INFO  Tuning (1 model) — Optuna TPE + Purged K-Fold (inner: 3 folds, embargo=10 obs)
13:39:13  src.cpcv.tuning  INFO    [tuning] logistic: 3 purged K-fold splits, 30 Optuna trials (TPE)
13:39:13  src.cpcv.tuning  INFO      logistic: 19 completed, 11 pruned (of 30 total) — best log_loss=0.6831, params={'C': 0.030308385244152494, 'penalty': 'l2'}
13:39:13  src.cpcv.tuning  INFO    [tuning] logistic done in 0.6s — best log_loss=0.6831
13:39:13  src.cpcv.tuning  INFO  Tuning total: 0.6s
13:39:13  src.cpcv.pipeline  INFO      applied logistic: {'C': 0.030308385244152494, 'penalty': 'l2'}
13:39:13  src.cpcv.pipeline  INFO    [ 70/84]             logistic (seed=0) F1=0.520  AUC=0.554  LL=0.6825 (0.0s)
13:39:13  src.cpcv.pipeline  INFO    [ 71/84]             logistic (seed=1) F1=0.520  AUC=0.554  LL=0.6825 (0.0s)
13:39:13  src.cpcv.pipeline  INFO    [ 72/84]             logistic (seed=2) F1=0.520  AUC=0.554  LL=0.6825 (0.0s)
13:39:14  src.cpcv.preprocessing  INFO  Computing MDA (Random Forest)...
13:39:41  src.cpcv.preprocessing  INFO  Computing MDA (Logistic Regression)...
13:39:42  src.cpcv.preprocessing  INFO  Multi-model MDA: 17/62 passed (MDA > 0), 45 eliminated
13:39:42  src.cpcv.preprocessing  INFO    Selected (17): ['active_addr_roc_14', 'dxy_roc_30', 'eth_btc_ratio', 'exchange_supply_pct', 'hurst', 'kurtosis', 'log_returns_lag3', 'lz_complexity', 'macd_signal', 'nasdaq_ret_30', 'sadf', 'smt_poly1', 'tx_count_roc_14', 'us2y', 'vol_term_30_90', 'williams_r', 'yz_vol']
13:39:42  src.cpcv.pipeline  INFO    Preprocessing: 17 features selected, train=520 + cal=131, test=295
13:39:42  src.cpcv.tuning  INFO  Tuning (1 model) — Optuna TPE + Purged K-Fold (inner: 3 folds, embargo=10 obs)
13:39:42  src.cpcv.tuning  INFO    [tuning] logistic: 3 purged K-fold splits, 30 Optuna trials (TPE)
13:39:43  src.cpcv.tuning  INFO      logistic: 25 completed, 5 pruned (of 30 total) — best log_loss=0.6931, params={'C': 0.017670169402947963, 'penalty': 'l1'}
13:39:43  src.cpcv.tuning  INFO    [tuning] logistic done in 0.4s — best log_loss=0.6931
13:39:43  src.cpcv.tuning  INFO  Tuning total: 0.4s
13:39:43  src.cpcv.pipeline  INFO      applied logistic: {'C': 0.017670169402947963, 'penalty': 'l1'}
13:39:43  src.cpcv.pipeline  INFO    [ 73/84]             logistic (seed=0) F1=0.366  AUC=0.500  LL=0.6850 (0.0s)
13:39:43  src.cpcv.pipeline  INFO    [ 74/84]             logistic (seed=1) F1=0.366  AUC=0.500  LL=0.6850 (0.0s)
13:39:43  src.cpcv.pipeline  INFO    [ 75/84]             logistic (seed=2) F1=0.366  AUC=0.500  LL=0.6850 (0.0s)
13:39:43  src.cpcv.preprocessing  INFO  Computing MDA (Random Forest)...
13:40:10  src.cpcv.preprocessing  INFO  Computing MDA (Logistic Regression)...
13:40:11  src.cpcv.preprocessing  INFO  Multi-model MDA: 41/62 passed (MDA > 0), 21 eliminated
13:40:11  src.cpcv.preprocessing  INFO    Capped at 18 features (top_k_frac=0.3)
13:40:11  src.cpcv.preprocessing  INFO    Selected (18): ['active_addr_roc_14', 'eth_btc_ratio', 'exchange_supply_pct', 'kurtosis', 'log_returns', 'log_returns_lag14', 'mfi_14', 'mvrv', 'negentropy', 'roc_14', 'silver_ret_30', 'smt_exp', 'smt_poly1', 'tx_count_roc_14', 'vix', 'vwma_ratio_20_50', 'williams_r', 'yz_vol']
13:40:11  src.cpcv.pipeline  INFO    Preprocessing: 18 features selected, train=527 + cal=132, test=288
13:40:11  src.cpcv.tuning  INFO  Tuning (1 model) — Optuna TPE + Purged K-Fold (inner: 3 folds, embargo=10 obs)
13:40:11  src.cpcv.tuning  INFO    [tuning] logistic: 3 purged K-fold splits, 30 Optuna trials (TPE)
13:40:12  src.cpcv.tuning  INFO      logistic: 13 completed, 17 pruned (of 30 total) — best log_loss=0.6926, params={'C': 0.0019433743187027514, 'penalty': 'l2'}
13:40:12  src.cpcv.tuning  INFO    [tuning] logistic done in 0.5s — best log_loss=0.6926
13:40:12  src.cpcv.tuning  INFO  Tuning total: 0.5s
13:40:12  src.cpcv.pipeline  INFO      applied logistic: {'C': 0.0019433743187027514, 'penalty': 'l2'}
13:40:12  src.cpcv.pipeline  INFO    [ 76/84]             logistic (seed=0) F1=0.519  AUC=0.521  LL=0.6965 (0.0s)
13:40:12  src.cpcv.pipeline  INFO    [ 77/84]             logistic (seed=1) F1=0.519  AUC=0.521  LL=0.6965 (0.0s)
13:40:12  src.cpcv.pipeline  INFO    [ 78/84]             logistic (seed=2) F1=0.519  AUC=0.521  LL=0.6965 (0.0s)
13:40:12  src.cpcv.preprocessing  INFO  Computing MDA (Random Forest)...
13:40:33  src.cpcv.preprocessing  INFO  Computing MDA (Logistic Regression)...
13:40:34  src.cpcv.preprocessing  INFO  Multi-model MDA: 32/62 passed (MDA > 0), 30 eliminated
13:40:34  src.cpcv.preprocessing  INFO    Capped at 18 features (top_k_frac=0.3)
13:40:34  src.cpcv.preprocessing  INFO    Selected (18): ['bb_width', 'eth_btc_ratio', 'exchange_supply_pct', 'hashrate_roc_30', 'log_returns_lag1', 'log_returns_lag14', 'log_returns_lag3', 'lz_complexity', 'mfi_14', 'natgas_ret_30', 'skewness', 'tx_count_roc_14', 'us10y', 'us2y', 'vix', 'yield_curve_10y30y', 'yield_curve_2y10y', 'yz_vol']
13:40:34  src.cpcv.pipeline  INFO    Preprocessing: 18 features selected, train=519 + cal=130, test=295
13:40:34  src.cpcv.tuning  INFO  Tuning (1 model) — Optuna TPE + Purged K-Fold (inner: 3 folds, embargo=10 obs)
13:40:34  src.cpcv.tuning  INFO    [tuning] logistic: 3 purged K-fold splits, 30 Optuna trials (TPE)
13:40:35  src.cpcv.tuning  INFO      logistic: 19 completed, 11 pruned (of 30 total) — best log_loss=0.6731, params={'C': 0.15517874583611974, 'penalty': 'l1'}
13:40:35  src.cpcv.tuning  INFO    [tuning] logistic done in 0.6s — best log_loss=0.6731
13:40:35  src.cpcv.tuning  INFO  Tuning total: 0.6s
13:40:35  src.cpcv.pipeline  INFO      applied logistic: {'C': 0.15517874583611974, 'penalty': 'l1'}
13:40:35  src.cpcv.pipeline  INFO    [ 79/84]             logistic (seed=0) F1=0.397  AUC=0.517  LL=0.6898 (0.0s)
13:40:35  src.cpcv.pipeline  INFO    [ 80/84]             logistic (seed=1) F1=0.397  AUC=0.517  LL=0.6898 (0.0s)
13:40:35  src.cpcv.pipeline  INFO    [ 81/84]             logistic (seed=2) F1=0.397  AUC=0.517  LL=0.6898 (0.0s)
13:40:35  src.cpcv.preprocessing  INFO  Computing MDA (Random Forest)...
13:40:57  src.cpcv.preprocessing  INFO  Computing MDA (Logistic Regression)...
13:40:58  src.cpcv.preprocessing  INFO  Multi-model MDA: 13/62 passed (MDA > 0), 49 eliminated
13:40:58  src.cpcv.preprocessing  INFO    Selected (13): ['chaikin_osc', 'eth_btc_ratio', 'exchange_supply_pct', 'gk_vol', 'kurtosis', 'log_returns', 'nasdaq_ret_30', 'realized_vol', 'roc_14', 'smt_exp', 'smt_poly1', 'sp500_ret_30', 'us10y']
13:40:58  src.cpcv.pipeline  INFO    Preprocessing: 13 features selected, train=531 + cal=133, test=295
13:40:58  src.cpcv.tuning  INFO  Tuning (1 model) — Optuna TPE + Purged K-Fold (inner: 3 folds, embargo=10 obs)
13:40:58  src.cpcv.tuning  INFO    [tuning] logistic: 3 purged K-fold splits, 30 Optuna trials (TPE)
13:40:58  src.cpcv.tuning  INFO      logistic: 22 completed, 8 pruned (of 30 total) — best log_loss=0.6853, params={'C': 0.08791634582014668, 'penalty': 'l1'}
13:40:58  src.cpcv.tuning  INFO    [tuning] logistic done in 0.5s — best log_loss=0.6853
13:40:58  src.cpcv.tuning  INFO  Tuning total: 0.5s
13:40:58  src.cpcv.pipeline  INFO      applied logistic: {'C': 0.08791634582014668, 'penalty': 'l1'}
13:40:58  src.cpcv.pipeline  INFO    [ 82/84]             logistic (seed=0) F1=0.304  AUC=0.482  LL=0.9062 (0.0s)
13:40:58  src.cpcv.pipeline  INFO    [ 83/84]             logistic (seed=1) F1=0.304  AUC=0.482  LL=0.9061 (0.0s)
13:40:58  src.cpcv.pipeline  INFO    [ 84/84]             logistic (seed=2) F1=0.304  AUC=0.482  LL=0.9061 (0.0s)
13:40:58  src.cpcv.pipeline  INFO  ============================================================
13:40:58  src.cpcv.pipeline  INFO  CPCV Pipeline Complete
13:40:58  src.cpcv.pipeline  INFO  ============================================================
13:40:58  src.cpcv.pipeline  INFO    Total time:     839.2s (14.0m)
13:40:58  src.cpcv.pipeline  INFO    Tasks:          84 succeeded, 0 failed
13:40:58  src.cpcv.pipeline  INFO    Results keys:   84 (model, split, seed) entries
13:40:58  src.cpcv.pipeline  INFO    Backtest paths: 7
13:40:58  src.cpcv.pipeline  INFO    Tuning:         nested (per-split), 28 splits tuned, models=['logistic']
13:40:58  src.cpcv.pipeline  INFO  ============================================================
13:40:59  src.cpcv.pipeline  INFO  ============================================================
13:40:59  src.cpcv.pipeline  INFO  CPCV Pipeline
13:40:59  src.cpcv.pipeline  INFO  ============================================================
13:40:59  src.cpcv.pipeline  INFO    Models:         ['random_forest', 'xgboost']
13:40:59  src.cpcv.pipeline  INFO    Seeds/fold:     3
13:40:59  src.cpcv.pipeline  INFO    Groups (N):     8
13:40:59  src.cpcv.pipeline  INFO    Test groups (k):2
13:40:59  src.cpcv.pipeline  INFO    Embargo:        1.0%
13:40:59  src.cpcv.pipeline  INFO    FFD columns:    ['atr']
13:40:59  src.cpcv.pipeline  INFO    Samples:        1159
13:40:59  src.cpcv.pipeline  INFO    Features:       62
13:40:59  src.cpcv.pipeline  INFO    Splits:         28, Paths: 7
13:40:59  src.cpcv.pipeline  INFO    Tuning:         NESTED (per-split) — ['random_forest', 'xgboost'] [30 trials]
13:40:59  src.cpcv.pipeline  INFO  ============================================================
13:40:59  src.cpcv.preprocessing  INFO  Computing MDA (Random Forest)...
13:41:23  src.cpcv.preprocessing  INFO  Computing MDA (Logistic Regression)...
13:41:24  src.cpcv.preprocessing  INFO  Multi-model MDA: 13/62 passed (MDA > 0), 49 eliminated
13:41:24  src.cpcv.preprocessing  INFO    Selected (13): ['dxy_roc_30', 'exchange_supply_pct', 'gk_vol', 'jarque_bera', 'log_returns', 'log_returns_lag1', 'silver_ret_30', 'stoch_d', 'us10y', 'us2y', 'variance_ratio', 'vol_term_7_30', 'yield_curve_10y30y']
13:41:24  src.cpcv.pipeline  INFO    Preprocessing: 13 features selected, train=688 + cal=172, test=89
13:41:24  src.cpcv.tuning  INFO  Tuning (2 models) — Optuna TPE + Purged K-Fold (inner: 3 folds, embargo=10 obs)
13:41:24  src.cpcv.tuning  INFO    [tuning] random_forest: 3 purged K-fold splits, 30 Optuna trials (TPE)
13:42:09  src.cpcv.tuning  INFO      random_forest: 22 completed, 8 pruned (of 30 total) — best log_loss=0.7018, params={'n_estimators': 200, 'max_depth': 2, 'min_samples_leaf': 22, 'max_features': 'log2'}
13:42:09  src.cpcv.tuning  INFO    [tuning] random_forest done in 44.7s — best log_loss=0.7018
13:42:09  src.cpcv.tuning  INFO    [tuning] xgboost: 3 purged K-fold splits, 30 Optuna trials (TPE)
13:42:14  src.cpcv.tuning  INFO      xgboost: 17 completed, 13 pruned (of 30 total) — best log_loss=0.6874, params={'max_depth': 3, 'learning_rate': 0.024001561759877582, 'min_child_weight': 8, 'subsample': 0.6333529750335605, 'colsample_bytree': 0.944992359672228, 'gamma': 0.00020225868378132375, 'reg_alpha': 2.874860430308686e-07, 'reg_lambda': 8.03806103896627}
13:42:14  src.cpcv.tuning  INFO    [tuning] xgboost done in 4.7s — best log_loss=0.6874
13:42:14  src.cpcv.tuning  INFO  Tuning total: 49.4s
13:42:14  src.cpcv.pipeline  INFO      applied random_forest: {'n_estimators': 200, 'max_depth': 2, 'min_samples_leaf': 22, 'max_features': 'log2'}
13:42:14  src.cpcv.pipeline  INFO      applied xgboost: {'max_depth': 3, 'learning_rate': 0.024001561759877582, 'min_child_weight': 8, 'subsample': 0.6333529750335605, 'colsample_bytree': 0.944992359672228, 'gamma': 0.00020225868378132375, 'reg_alpha': 2.874860430308686e-07, 'reg_lambda': 8.03806103896627}
13:42:14  src.cpcv.models.tree_models  INFO  RandomForest fitted: 688 samples, 13 features, 200 trees.
13:42:14  src.cpcv.pipeline  INFO    [  1/168]        random_forest (seed=0) F1=0.399  AUC=0.482  LL=0.6566 (0.7s)
13:42:15  src.cpcv.models.tree_models  INFO  RandomForest fitted: 688 samples, 13 features, 200 trees.
13:42:15  src.cpcv.pipeline  INFO    [  2/168]        random_forest (seed=1) F1=0.399  AUC=0.559  LL=0.6413 (0.6s)
13:42:16  src.cpcv.models.tree_models  INFO  RandomForest fitted: 688 samples, 13 features, 200 trees.
13:42:16  src.cpcv.pipeline  INFO    [  3/168]        random_forest (seed=2) F1=0.399  AUC=0.493  LL=0.6462 (0.7s)
13:42:16  src.cpcv.models.tree_models  INFO  XGBoost fitted: 688 samples, early stopped at iteration 9/300.
13:42:16  src.cpcv.pipeline  INFO    [  4/168]              xgboost (seed=0) F1=0.386  AUC=0.373  LL=0.6764 (0.1s)
13:42:16  src.cpcv.models.tree_models  INFO  XGBoost fitted: 688 samples, early stopped at iteration 7/300.
13:42:16  src.cpcv.pipeline  INFO    [  5/168]              xgboost (seed=1) F1=0.399  AUC=0.477  LL=0.6510 (0.1s)
13:42:16  src.cpcv.models.tree_models  INFO  XGBoost fitted: 688 samples, early stopped at iteration 8/300.
13:42:16  src.cpcv.pipeline  INFO    [  6/168]              xgboost (seed=2) F1=0.399  AUC=0.523  LL=0.6540 (0.1s)
13:42:16  src.cpcv.preprocessing  INFO  Computing MDA (Random Forest)...
13:42:41  src.cpcv.preprocessing  INFO  Computing MDA (Logistic Regression)...
13:42:42  src.cpcv.preprocessing  INFO  Multi-model MDA: 49/62 passed (MDA > 0), 13 eliminated
13:42:42  src.cpcv.preprocessing  INFO    Capped at 18 features (top_k_frac=0.3)
13:42:42  src.cpcv.preprocessing  INFO    Selected (18): ['bb_width', 'dxy_roc_30', 'ema_ratio_50_200', 'eth_btc_ratio', 'issuance_ntv', 'log_returns', 'macd_hist', 'nasdaq_ret_30', 'oil_ret_30', 'realized_vol', 'shannon_entropy', 'skewness', 'smt_exp', 'smt_poly1', 'stoch_d', 'tx_count_roc_14', 'us2y', 'yield_curve_2y10y']
13:42:42  src.cpcv.pipeline  INFO    Preprocessing: 18 features selected, train=643 + cal=161, test=144
13:42:42  src.cpcv.tuning  INFO  Tuning (2 models) — Optuna TPE + Purged K-Fold (inner: 3 folds, embargo=10 obs)
13:42:42  src.cpcv.tuning  INFO    [tuning] random_forest: 3 purged K-fold splits, 30 Optuna trials (TPE)
13:43:28  src.cpcv.tuning  INFO      random_forest: 15 completed, 15 pruned (of 30 total) — best log_loss=0.7008, params={'n_estimators': 250, 'max_depth': 2, 'min_samples_leaf': 15, 'max_features': 'sqrt'}
13:43:28  src.cpcv.tuning  INFO    [tuning] random_forest done in 45.7s — best log_loss=0.7008
13:43:28  src.cpcv.tuning  INFO    [tuning] xgboost: 3 purged K-fold splits, 30 Optuna trials (TPE)
13:43:31  src.cpcv.tuning  INFO      xgboost: 14 completed, 16 pruned (of 30 total) — best log_loss=0.6854, params={'max_depth': 1, 'learning_rate': 0.2036778757716054, 'min_child_weight': 22, 'subsample': 0.9476077563455207, 'colsample_bytree': 0.8738445964974806, 'gamma': 2.678181962513211e-05, 'reg_alpha': 0.7368257037626049, 'reg_lambda': 1.6009006965892164e-06}
13:43:31  src.cpcv.tuning  INFO    [tuning] xgboost done in 3.4s — best log_loss=0.6854
13:43:31  src.cpcv.tuning  INFO  Tuning total: 49.1s
13:43:31  src.cpcv.pipeline  INFO      applied random_forest: {'n_estimators': 250, 'max_depth': 2, 'min_samples_leaf': 15, 'max_features': 'sqrt'}
13:43:31  src.cpcv.pipeline  INFO      applied xgboost: {'max_depth': 1, 'learning_rate': 0.2036778757716054, 'min_child_weight': 22, 'subsample': 0.9476077563455207, 'colsample_bytree': 0.8738445964974806, 'gamma': 2.678181962513211e-05, 'reg_alpha': 0.7368257037626049, 'reg_lambda': 1.6009006965892164e-06}
13:43:32  src.cpcv.models.tree_models  INFO  RandomForest fitted: 643 samples, 18 features, 250 trees.
13:43:32  src.cpcv.pipeline  INFO    [  7/168]        random_forest (seed=0) F1=0.526  AUC=0.515  LL=0.7291 (0.8s)
13:43:32  src.cpcv.models.tree_models  INFO  RandomForest fitted: 643 samples, 18 features, 250 trees.
13:43:33  src.cpcv.pipeline  INFO    [  8/168]        random_forest (seed=1) F1=0.526  AUC=0.507  LL=0.7187 (0.7s)
13:43:33  src.cpcv.models.tree_models  INFO  RandomForest fitted: 643 samples, 18 features, 250 trees.
13:43:33  src.cpcv.pipeline  INFO    [  9/168]        random_forest (seed=2) F1=0.515  AUC=0.539  LL=0.7054 (0.7s)
13:43:33  src.cpcv.models.tree_models  INFO  XGBoost fitted: 643 samples, early stopped at iteration 39/300.
13:43:33  src.cpcv.pipeline  INFO    [ 10/168]              xgboost (seed=0) F1=0.527  AUC=0.528  LL=0.7095 (0.1s)
13:43:33  src.cpcv.models.tree_models  INFO  XGBoost fitted: 643 samples, early stopped at iteration 14/300.
13:43:33  src.cpcv.pipeline  INFO    [ 11/168]              xgboost (seed=1) F1=0.569  AUC=0.588  LL=0.6858 (0.1s)
13:43:33  src.cpcv.models.tree_models  INFO  XGBoost fitted: 643 samples, early stopped at iteration 20/300.
13:43:33  src.cpcv.pipeline  INFO    [ 12/168]              xgboost (seed=2) F1=0.548  AUC=0.559  LL=0.6952 (0.1s)
13:43:34  src.cpcv.preprocessing  INFO  Computing MDA (Random Forest)...
13:43:59  src.cpcv.preprocessing  INFO  Computing MDA (Logistic Regression)...
13:44:00  src.cpcv.preprocessing  WARNING  [split 3/28] Only 3 features with MDA > 0. Taking top 5 by MDA value.
13:44:00  src.cpcv.preprocessing  INFO  Multi-model MDA: 3/62 passed (MDA > 0), 59 eliminated
13:44:00  src.cpcv.preprocessing  INFO    Selected (5): ['jarque_bera', 'log_returns_lag1', 'oil_ret_30', 'roc_14', 'stoch_d']
13:44:00  src.cpcv.pipeline  INFO    Preprocessing: 5 features selected, train=644 + cal=161, test=144
13:44:00  src.cpcv.tuning  INFO  Tuning (2 models) — Optuna TPE + Purged K-Fold (inner: 3 folds, embargo=10 obs)
13:44:00  src.cpcv.tuning  INFO    [tuning] random_forest: 3 purged K-fold splits, 30 Optuna trials (TPE)
13:44:44  src.cpcv.tuning  INFO      random_forest: 17 completed, 13 pruned (of 30 total) — best log_loss=0.6994, params={'n_estimators': 200, 'max_depth': 2, 'min_samples_leaf': 18, 'max_features': 'log2'}
13:44:44  src.cpcv.tuning  INFO    [tuning] random_forest done in 44.0s — best log_loss=0.6994
13:44:44  src.cpcv.tuning  INFO    [tuning] xgboost: 3 purged K-fold splits, 30 Optuna trials (TPE)
13:44:47  src.cpcv.tuning  INFO      xgboost: 11 completed, 19 pruned (of 30 total) — best log_loss=0.6896, params={'max_depth': 2, 'learning_rate': 0.11917291932037626, 'min_child_weight': 8, 'subsample': 0.8984712502090799, 'colsample_bytree': 0.7478530490567594, 'gamma': 8.011766282232821e-08, 'reg_alpha': 0.009052510948714442, 'reg_lambda': 5.559690078008033e-07}
13:44:47  src.cpcv.tuning  INFO    [tuning] xgboost done in 3.0s — best log_loss=0.6896
13:44:47  src.cpcv.tuning  INFO  Tuning total: 47.0s
13:44:47  src.cpcv.pipeline  INFO      applied random_forest: {'n_estimators': 200, 'max_depth': 2, 'min_samples_leaf': 18, 'max_features': 'log2'}
13:44:47  src.cpcv.pipeline  INFO      applied xgboost: {'max_depth': 2, 'learning_rate': 0.11917291932037626, 'min_child_weight': 8, 'subsample': 0.8984712502090799, 'colsample_bytree': 0.7478530490567594, 'gamma': 8.011766282232821e-08, 'reg_alpha': 0.009052510948714442, 'reg_lambda': 5.559690078008033e-07}
13:44:47  src.cpcv.models.tree_models  INFO  RandomForest fitted: 644 samples, 5 features, 200 trees.
13:44:47  src.cpcv.pipeline  INFO    [ 13/168]        random_forest (seed=0) F1=0.393  AUC=0.404  LL=0.7297 (0.6s)
13:44:48  src.cpcv.models.tree_models  INFO  RandomForest fitted: 644 samples, 5 features, 200 trees.
13:44:48  src.cpcv.pipeline  INFO    [ 14/168]        random_forest (seed=1) F1=0.373  AUC=0.382  LL=0.7318 (0.6s)
13:44:48  src.cpcv.models.tree_models  INFO  RandomForest fitted: 644 samples, 5 features, 200 trees.
13:44:48  src.cpcv.pipeline  INFO    [ 15/168]        random_forest (seed=2) F1=0.392  AUC=0.393  LL=0.7366 (0.6s)
13:44:48  src.cpcv.models.tree_models  INFO  XGBoost fitted: 644 samples, early stopped at iteration 24/300.
13:44:48  src.cpcv.pipeline  INFO    [ 16/168]              xgboost (seed=0) F1=0.383  AUC=0.372  LL=0.7754 (0.1s)
13:44:49  src.cpcv.models.tree_models  INFO  XGBoost fitted: 644 samples, early stopped at iteration 15/300.
13:44:49  src.cpcv.pipeline  INFO    [ 17/168]              xgboost (seed=1) F1=0.378  AUC=0.391  LL=0.7779 (0.1s)
13:44:49  src.cpcv.models.tree_models  INFO  XGBoost fitted: 644 samples, early stopped at iteration 30/300.
13:44:49  src.cpcv.pipeline  INFO    [ 18/168]              xgboost (seed=2) F1=0.403  AUC=0.403  LL=0.7796 (0.1s)
13:44:49  src.cpcv.preprocessing  INFO  Computing MDA (Random Forest)...
13:45:14  src.cpcv.preprocessing  INFO  Computing MDA (Logistic Regression)...
13:45:15  src.cpcv.preprocessing  INFO  Multi-model MDA: 37/62 passed (MDA > 0), 25 eliminated
13:45:15  src.cpcv.preprocessing  INFO    Capped at 18 features (top_k_frac=0.3)
13:45:15  src.cpcv.preprocessing  INFO    Selected (18): ['active_addr_roc_14', 'atr', 'bb_width', 'fee_per_tx', 'jarque_bera', 'log_returns_lag2', 'log_returns_lag30', 'macd_hist', 'mvrv', 'net_exchange_flow', 'obv', 'oil_ret_30', 'sadf', 'skewness', 'smt_exp', 'stoch_d', 'vix', 'yield_curve_10y30y']
13:45:15  src.cpcv.pipeline  INFO    Preprocessing: 18 features selected, train=644 + cal=161, test=144
13:45:15  src.cpcv.tuning  INFO  Tuning (2 models) — Optuna TPE + Purged K-Fold (inner: 3 folds, embargo=10 obs)
13:45:15  src.cpcv.tuning  INFO    [tuning] random_forest: 3 purged K-fold splits, 30 Optuna trials (TPE)
13:45:57  src.cpcv.tuning  INFO      random_forest: 20 completed, 10 pruned (of 30 total) — best log_loss=0.6990, params={'n_estimators': 200, 'max_depth': 2, 'min_samples_leaf': 16, 'max_features': 'log2'}
13:45:57  src.cpcv.tuning  INFO    [tuning] random_forest done in 42.8s — best log_loss=0.6990
13:45:57  src.cpcv.tuning  INFO    [tuning] xgboost: 3 purged K-fold splits, 30 Optuna trials (TPE)
13:46:01  src.cpcv.tuning  INFO      xgboost: 14 completed, 16 pruned (of 30 total) — best log_loss=0.6875, params={'max_depth': 2, 'learning_rate': 0.29027930792680845, 'min_child_weight': 22, 'subsample': 0.8144538639633964, 'colsample_bytree': 0.7461087814572279, 'gamma': 1.6978438615809796e-08, 'reg_alpha': 6.584719247793801e-08, 'reg_lambda': 0.4721555462830886}
13:46:01  src.cpcv.tuning  INFO    [tuning] xgboost done in 3.6s — best log_loss=0.6875
13:46:01  src.cpcv.tuning  INFO  Tuning total: 46.4s
13:46:01  src.cpcv.pipeline  INFO      applied random_forest: {'n_estimators': 200, 'max_depth': 2, 'min_samples_leaf': 16, 'max_features': 'log2'}
13:46:01  src.cpcv.pipeline  INFO      applied xgboost: {'max_depth': 2, 'learning_rate': 0.29027930792680845, 'min_child_weight': 22, 'subsample': 0.8144538639633964, 'colsample_bytree': 0.7461087814572279, 'gamma': 1.6978438615809796e-08, 'reg_alpha': 6.584719247793801e-08, 'reg_lambda': 0.4721555462830886}
13:46:01  src.cpcv.models.tree_models  INFO  RandomForest fitted: 644 samples, 18 features, 200 trees.
13:46:02  src.cpcv.pipeline  INFO    [ 19/168]        random_forest (seed=0) F1=0.374  AUC=0.474  LL=0.6763 (0.6s)
13:46:02  src.cpcv.models.tree_models  INFO  RandomForest fitted: 644 samples, 18 features, 200 trees.
13:46:02  src.cpcv.pipeline  INFO    [ 20/168]        random_forest (seed=1) F1=0.374  AUC=0.503  LL=0.6759 (0.5s)
13:46:03  src.cpcv.models.tree_models  INFO  RandomForest fitted: 644 samples, 18 features, 200 trees.
13:46:03  src.cpcv.pipeline  INFO    [ 21/168]        random_forest (seed=2) F1=0.374  AUC=0.506  LL=0.6789 (0.5s)
13:46:03  src.cpcv.models.tree_models  INFO  XGBoost fitted: 644 samples, early stopped at iteration 5/300.
13:46:03  src.cpcv.pipeline  INFO    [ 22/168]              xgboost (seed=0) F1=0.430  AUC=0.643  LL=0.6588 (0.1s)
13:46:03  src.cpcv.models.tree_models  INFO  XGBoost fitted: 644 samples, early stopped at iteration 3/300.
13:46:03  src.cpcv.pipeline  INFO    [ 23/168]              xgboost (seed=1) F1=0.406  AUC=0.505  LL=0.6903 (0.1s)
13:46:03  src.cpcv.models.tree_models  INFO  XGBoost fitted: 644 samples, early stopped at iteration 6/300.
13:46:03  src.cpcv.pipeline  INFO    [ 24/168]              xgboost (seed=2) F1=0.538  AUC=0.600  LL=0.6752 (0.1s)
13:46:03  src.cpcv.preprocessing  INFO  Computing MDA (Random Forest)...
13:46:29  src.cpcv.preprocessing  INFO  Computing MDA (Logistic Regression)...
13:46:30  src.cpcv.preprocessing  INFO  Multi-model MDA: 47/62 passed (MDA > 0), 15 eliminated
13:46:30  src.cpcv.preprocessing  INFO    Capped at 18 features (top_k_frac=0.3)
13:46:30  src.cpcv.preprocessing  INFO    Selected (18): ['bb_width', 'ema_ratio_50_200', 'eth_btc_ratio', 'exchange_supply_pct', 'jarque_bera', 'kurtosis', 'log_returns', 'log_returns_lag30', 'macd_hist', 'mfi_14', 'mvrv', 'natgas_ret_30', 'realized_vol', 'rsi', 'sadf', 'skewness', 'yield_curve_10y30y', 'yz_vol']
13:46:30  src.cpcv.pipeline  INFO    Preprocessing: 18 features selected, train=642 + cal=161, test=144
13:46:30  src.cpcv.tuning  INFO  Tuning (2 models) — Optuna TPE + Purged K-Fold (inner: 3 folds, embargo=10 obs)
13:46:30  src.cpcv.tuning  INFO    [tuning] random_forest: 3 purged K-fold splits, 30 Optuna trials (TPE)
13:47:14  src.cpcv.tuning  INFO      random_forest: 20 completed, 10 pruned (of 30 total) — best log_loss=0.6956, params={'n_estimators': 200, 'max_depth': 2, 'min_samples_leaf': 16, 'max_features': 'log2'}
13:47:14  src.cpcv.tuning  INFO    [tuning] random_forest done in 43.4s — best log_loss=0.6956
13:47:14  src.cpcv.tuning  INFO    [tuning] xgboost: 3 purged K-fold splits, 30 Optuna trials (TPE)
13:47:17  src.cpcv.tuning  INFO      xgboost: 15 completed, 15 pruned (of 30 total) — best log_loss=0.6844, params={'max_depth': 1, 'learning_rate': 0.23341814427342125, 'min_child_weight': 20, 'subsample': 0.6308034456760463, 'colsample_bytree': 0.6040345036696655, 'gamma': 0.002292826484376495, 'reg_alpha': 4.511375840662793, 'reg_lambda': 1.4957802823570324e-08}
13:47:17  src.cpcv.tuning  INFO    [tuning] xgboost done in 3.8s — best log_loss=0.6844
13:47:17  src.cpcv.tuning  INFO  Tuning total: 47.2s
13:47:17  src.cpcv.pipeline  INFO      applied random_forest: {'n_estimators': 200, 'max_depth': 2, 'min_samples_leaf': 16, 'max_features': 'log2'}
13:47:17  src.cpcv.pipeline  INFO      applied xgboost: {'max_depth': 1, 'learning_rate': 0.23341814427342125, 'min_child_weight': 20, 'subsample': 0.6308034456760463, 'colsample_bytree': 0.6040345036696655, 'gamma': 0.002292826484376495, 'reg_alpha': 4.511375840662793, 'reg_lambda': 1.4957802823570324e-08}
13:47:18  src.cpcv.models.tree_models  INFO  RandomForest fitted: 642 samples, 18 features, 200 trees.
13:47:18  src.cpcv.pipeline  INFO    [ 25/168]        random_forest (seed=0) F1=0.515  AUC=0.563  LL=0.6872 (0.6s)
13:47:18  src.cpcv.models.tree_models  INFO  RandomForest fitted: 642 samples, 18 features, 200 trees.
13:47:18  src.cpcv.pipeline  INFO    [ 26/168]        random_forest (seed=1) F1=0.472  AUC=0.511  LL=0.6925 (0.6s)
13:47:19  src.cpcv.models.tree_models  INFO  RandomForest fitted: 642 samples, 18 features, 200 trees.
13:47:19  src.cpcv.pipeline  INFO    [ 27/168]        random_forest (seed=2) F1=0.349  AUC=0.511  LL=0.6948 (0.6s)
13:47:19  src.cpcv.models.tree_models  INFO  XGBoost fitted: 642 samples, early stopped at iteration 0/300.
13:47:19  src.cpcv.pipeline  INFO    [ 28/168]              xgboost (seed=0) F1=0.336  AUC=0.460  LL=0.7154 (0.0s)
13:47:19  src.cpcv.models.tree_models  INFO  XGBoost fitted: 642 samples, early stopped at iteration 0/300.
13:47:19  src.cpcv.pipeline  INFO    [ 29/168]              xgboost (seed=1) F1=0.336  AUC=0.534  LL=0.6967 (0.0s)
13:47:19  src.cpcv.models.tree_models  INFO  XGBoost fitted: 642 samples, early stopped at iteration 3/300.
13:47:19  src.cpcv.pipeline  INFO    [ 30/168]              xgboost (seed=2) F1=0.336  AUC=0.502  LL=0.6991 (0.0s)
13:47:19  src.cpcv.preprocessing  INFO  Computing MDA (Random Forest)...
13:47:44  src.cpcv.preprocessing  INFO  Computing MDA (Logistic Regression)...
13:47:45  src.cpcv.preprocessing  INFO  Multi-model MDA: 22/62 passed (MDA > 0), 40 eliminated
13:47:45  src.cpcv.preprocessing  INFO    Capped at 18 features (top_k_frac=0.3)
13:47:45  src.cpcv.preprocessing  INFO    Selected (18): ['chaikin_osc', 'dxy_roc_30', 'eth_btc_ratio', 'gold_ret_30', 'hashrate_roc_30', 'jarque_bera', 'kurtosis', 'macd', 'macd_signal', 'net_exchange_flow', 'obv', 'oil_ret_30', 'roc_14', 'shannon_entropy', 'smt_poly1', 'sp500_ret_30', 'stoch_k', 'yield_curve_10y30y']
13:47:45  src.cpcv.pipeline  INFO    Preprocessing: 18 features selected, train=643 + cal=161, test=144
13:47:45  src.cpcv.tuning  INFO  Tuning (2 models) — Optuna TPE + Purged K-Fold (inner: 3 folds, embargo=10 obs)
13:47:45  src.cpcv.tuning  INFO    [tuning] random_forest: 3 purged K-fold splits, 30 Optuna trials (TPE)
13:48:35  src.cpcv.tuning  INFO      random_forest: 29 completed, 1 pruned (of 30 total) — best log_loss=0.6860, params={'n_estimators': 200, 'max_depth': 2, 'min_samples_leaf': 23, 'max_features': 'log2'}
13:48:35  src.cpcv.tuning  INFO    [tuning] random_forest done in 50.6s — best log_loss=0.6860
13:48:35  src.cpcv.tuning  INFO    [tuning] xgboost: 3 purged K-fold splits, 30 Optuna trials (TPE)
13:48:40  src.cpcv.tuning  INFO      xgboost: 19 completed, 11 pruned (of 30 total) — best log_loss=0.6787, params={'max_depth': 1, 'learning_rate': 0.08241997252821873, 'min_child_weight': 6, 'subsample': 0.7421703647090487, 'colsample_bytree': 0.6396385209694045, 'gamma': 0.8468788956055794, 'reg_alpha': 0.1323612490944096, 'reg_lambda': 0.00014269858315696157}
13:48:40  src.cpcv.tuning  INFO    [tuning] xgboost done in 5.0s — best log_loss=0.6787
13:48:40  src.cpcv.tuning  INFO  Tuning total: 55.6s
13:48:40  src.cpcv.pipeline  INFO      applied random_forest: {'n_estimators': 200, 'max_depth': 2, 'min_samples_leaf': 23, 'max_features': 'log2'}
13:48:40  src.cpcv.pipeline  INFO      applied xgboost: {'max_depth': 1, 'learning_rate': 0.08241997252821873, 'min_child_weight': 6, 'subsample': 0.7421703647090487, 'colsample_bytree': 0.6396385209694045, 'gamma': 0.8468788956055794, 'reg_alpha': 0.1323612490944096, 'reg_lambda': 0.00014269858315696157}
13:48:41  src.cpcv.models.tree_models  INFO  RandomForest fitted: 643 samples, 18 features, 200 trees.
13:48:41  src.cpcv.pipeline  INFO    [ 31/168]        random_forest (seed=0) F1=0.512  AUC=0.467  LL=0.6989 (0.6s)
13:48:41  src.cpcv.models.tree_models  INFO  RandomForest fitted: 643 samples, 18 features, 200 trees.
13:48:41  src.cpcv.pipeline  INFO    [ 32/168]        random_forest (seed=1) F1=0.514  AUC=0.491  LL=0.6945 (0.6s)
13:48:42  src.cpcv.models.tree_models  INFO  RandomForest fitted: 643 samples, 18 features, 200 trees.
13:48:42  src.cpcv.pipeline  INFO    [ 33/168]        random_forest (seed=2) F1=0.492  AUC=0.488  LL=0.6972 (0.5s)
13:48:42  src.cpcv.models.tree_models  INFO  XGBoost fitted: 643 samples, early stopped at iteration 13/300.
13:48:42  src.cpcv.pipeline  INFO    [ 34/168]              xgboost (seed=0) F1=0.498  AUC=0.496  LL=0.7259 (0.1s)
13:48:42  src.cpcv.models.tree_models  INFO  XGBoost fitted: 643 samples, early stopped at iteration 2/300.
13:48:42  src.cpcv.pipeline  INFO    [ 35/168]              xgboost (seed=1) F1=0.385  AUC=0.487  LL=0.7143 (0.0s)
13:48:42  src.cpcv.models.tree_models  INFO  XGBoost fitted: 643 samples, early stopped at iteration 11/300.
13:48:42  src.cpcv.pipeline  INFO    [ 36/168]              xgboost (seed=2) F1=0.472  AUC=0.492  LL=0.7121 (0.1s)
13:48:42  src.cpcv.preprocessing  INFO  Computing MDA (Random Forest)...
13:49:07  src.cpcv.preprocessing  INFO  Computing MDA (Logistic Regression)...
13:49:08  src.cpcv.preprocessing  INFO  Multi-model MDA: 26/62 passed (MDA > 0), 36 eliminated
13:49:08  src.cpcv.preprocessing  INFO    Capped at 18 features (top_k_frac=0.3)
13:49:08  src.cpcv.preprocessing  INFO    Selected (18): ['active_addr_roc_14', 'atr', 'bb_width', 'copper_ret_30', 'eth_btc_ratio', 'gold_ret_30', 'hurst', 'log_returns_lag1', 'log_returns_lag14', 'macd', 'macd_signal', 'net_exchange_flow', 'sadf', 'skewness', 'us10y', 'vol_term_30_90', 'williams_r', 'yield_curve_10y30y']
13:49:08  src.cpcv.pipeline  INFO    Preprocessing: 18 features selected, train=644 + cal=162, test=151
13:49:08  src.cpcv.tuning  INFO  Tuning (2 models) — Optuna TPE + Purged K-Fold (inner: 3 folds, embargo=10 obs)
13:49:08  src.cpcv.tuning  INFO    [tuning] random_forest: 3 purged K-fold splits, 30 Optuna trials (TPE)
13:49:51  src.cpcv.tuning  INFO      random_forest: 19 completed, 11 pruned (of 30 total) — best log_loss=0.6837, params={'n_estimators': 200, 'max_depth': 2, 'min_samples_leaf': 15, 'max_features': 'log2'}
13:49:51  src.cpcv.tuning  INFO    [tuning] random_forest done in 43.7s — best log_loss=0.6837
13:49:51  src.cpcv.tuning  INFO    [tuning] xgboost: 3 purged K-fold splits, 30 Optuna trials (TPE)
13:49:56  src.cpcv.tuning  INFO      xgboost: 15 completed, 15 pruned (of 30 total) — best log_loss=0.6828, params={'max_depth': 1, 'learning_rate': 0.037245661483345224, 'min_child_weight': 8, 'subsample': 0.7750317173089077, 'colsample_bytree': 0.6052561262871233, 'gamma': 2.957645898542784e-06, 'reg_alpha': 0.0002207624019594462, 'reg_lambda': 1.1837226847162237e-08}
13:49:56  src.cpcv.tuning  INFO    [tuning] xgboost done in 4.4s — best log_loss=0.6828
13:49:56  src.cpcv.tuning  INFO  Tuning total: 48.2s
13:49:56  src.cpcv.pipeline  INFO      applied random_forest: {'n_estimators': 200, 'max_depth': 2, 'min_samples_leaf': 15, 'max_features': 'log2'}
13:49:56  src.cpcv.pipeline  INFO      applied xgboost: {'max_depth': 1, 'learning_rate': 0.037245661483345224, 'min_child_weight': 8, 'subsample': 0.7750317173089077, 'colsample_bytree': 0.6052561262871233, 'gamma': 2.957645898542784e-06, 'reg_alpha': 0.0002207624019594462, 'reg_lambda': 1.1837226847162237e-08}
13:49:56  src.cpcv.models.tree_models  INFO  RandomForest fitted: 644 samples, 18 features, 200 trees.
13:49:56  src.cpcv.pipeline  INFO    [ 37/168]        random_forest (seed=0) F1=0.434  AUC=0.499  LL=0.6908 (0.7s)
13:49:57  src.cpcv.models.tree_models  INFO  RandomForest fitted: 644 samples, 18 features, 200 trees.
13:49:57  src.cpcv.pipeline  INFO    [ 38/168]        random_forest (seed=1) F1=0.459  AUC=0.513  LL=0.6873 (0.5s)
13:49:58  src.cpcv.models.tree_models  INFO  RandomForest fitted: 644 samples, 18 features, 200 trees.
13:49:58  src.cpcv.pipeline  INFO    [ 39/168]        random_forest (seed=2) F1=0.448  AUC=0.510  LL=0.6876 (0.7s)
13:49:58  src.cpcv.models.tree_models  INFO  XGBoost fitted: 644 samples, early stopped at iteration 19/300.
13:49:58  src.cpcv.pipeline  INFO    [ 40/168]              xgboost (seed=0) F1=0.357  AUC=0.489  LL=0.6880 (0.1s)
13:49:58  src.cpcv.models.tree_models  INFO  XGBoost fitted: 644 samples, early stopped at iteration 21/300.
13:49:58  src.cpcv.pipeline  INFO    [ 41/168]              xgboost (seed=1) F1=0.357  AUC=0.489  LL=0.6898 (0.1s)
13:49:58  src.cpcv.models.tree_models  INFO  XGBoost fitted: 644 samples, early stopped at iteration 20/300.
13:49:58  src.cpcv.pipeline  INFO    [ 42/168]              xgboost (seed=2) F1=0.357  AUC=0.472  LL=0.6907 (0.1s)
13:49:58  src.cpcv.preprocessing  INFO  Computing MDA (Random Forest)...
13:50:19  src.cpcv.preprocessing  INFO  Computing MDA (Logistic Regression)...
13:50:20  src.cpcv.preprocessing  INFO  Multi-model MDA: 27/62 passed (MDA > 0), 35 eliminated
13:50:20  src.cpcv.preprocessing  INFO    Capped at 18 features (top_k_frac=0.3)
13:50:20  src.cpcv.preprocessing  INFO    Selected (18): ['cci_14', 'chaikin_osc', 'dxy_roc_30', 'eth_btc_ratio', 'gk_vol', 'gold_ret_30', 'hashrate_roc_30', 'hurst', 'jarque_bera', 'log_returns_lag1', 'log_returns_lag14', 'lz_complexity', 'roc_14', 'sadf', 'stoch_k', 'williams_r', 'yield_curve_2y10y', 'yz_vol']
13:50:20  src.cpcv.pipeline  INFO    Preprocessing: 18 features selected, train=572 + cal=144, test=233
13:50:20  src.cpcv.tuning  INFO  Tuning (2 models) — Optuna TPE + Purged K-Fold (inner: 3 folds, embargo=10 obs)
13:50:20  src.cpcv.tuning  INFO    [tuning] random_forest: 3 purged K-fold splits, 30 Optuna trials (TPE)
13:51:07  src.cpcv.tuning  INFO      random_forest: 29 completed, 1 pruned (of 30 total) — best log_loss=0.6870, params={'n_estimators': 250, 'max_depth': 3, 'min_samples_leaf': 17, 'max_features': 'sqrt'}
13:51:07  src.cpcv.tuning  INFO    [tuning] random_forest done in 46.8s — best log_loss=0.6870
13:51:07  src.cpcv.tuning  INFO    [tuning] xgboost: 3 purged K-fold splits, 30 Optuna trials (TPE)
13:51:11  src.cpcv.tuning  INFO      xgboost: 18 completed, 12 pruned (of 30 total) — best log_loss=0.6797, params={'max_depth': 2, 'learning_rate': 0.2536999076681772, 'min_child_weight': 24, 'subsample': 0.8394633936788146, 'colsample_bytree': 0.6624074561769746, 'gamma': 1.7699302940633311e-07, 'reg_alpha': 3.3323645788192616e-08, 'reg_lambda': 0.6245760287469893}
13:51:11  src.cpcv.tuning  INFO    [tuning] xgboost done in 4.1s — best log_loss=0.6797
13:51:11  src.cpcv.tuning  INFO  Tuning total: 50.9s
13:51:11  src.cpcv.pipeline  INFO      applied random_forest: {'n_estimators': 250, 'max_depth': 3, 'min_samples_leaf': 17, 'max_features': 'sqrt'}
13:51:11  src.cpcv.pipeline  INFO      applied xgboost: {'max_depth': 2, 'learning_rate': 0.2536999076681772, 'min_child_weight': 24, 'subsample': 0.8394633936788146, 'colsample_bytree': 0.6624074561769746, 'gamma': 1.7699302940633311e-07, 'reg_alpha': 3.3323645788192616e-08, 'reg_lambda': 0.6245760287469893}
13:51:11  src.cpcv.models.tree_models  INFO  RandomForest fitted: 572 samples, 18 features, 250 trees.
13:51:11  src.cpcv.pipeline  INFO    [ 43/168]        random_forest (seed=0) F1=0.464  AUC=0.575  LL=0.6843 (0.7s)
13:51:12  src.cpcv.models.tree_models  INFO  RandomForest fitted: 572 samples, 18 features, 250 trees.
13:51:12  src.cpcv.pipeline  INFO    [ 44/168]        random_forest (seed=1) F1=0.367  AUC=0.576  LL=0.6867 (0.7s)
13:51:13  src.cpcv.models.tree_models  INFO  RandomForest fitted: 572 samples, 18 features, 250 trees.
13:51:13  src.cpcv.pipeline  INFO    [ 45/168]        random_forest (seed=2) F1=0.499  AUC=0.581  LL=0.6821 (0.7s)
13:51:13  src.cpcv.models.tree_models  INFO  XGBoost fitted: 572 samples, early stopped at iteration 8/300.
13:51:13  src.cpcv.pipeline  INFO    [ 46/168]              xgboost (seed=0) F1=0.399  AUC=0.552  LL=0.6972 (0.1s)
13:51:13  src.cpcv.models.tree_models  INFO  XGBoost fitted: 572 samples, early stopped at iteration 1/300.
13:51:13  src.cpcv.pipeline  INFO    [ 47/168]              xgboost (seed=1) F1=0.347  AUC=0.529  LL=0.6908 (0.0s)
13:51:13  src.cpcv.models.tree_models  INFO  XGBoost fitted: 572 samples, early stopped at iteration 3/300.
13:51:13  src.cpcv.pipeline  INFO    [ 48/168]              xgboost (seed=2) F1=0.347  AUC=0.529  LL=0.6904 (0.0s)
13:51:13  src.cpcv.preprocessing  INFO  Computing MDA (Random Forest)...
13:51:34  src.cpcv.preprocessing  INFO  Computing MDA (Logistic Regression)...
13:51:35  src.cpcv.preprocessing  INFO  Multi-model MDA: 54/62 passed (MDA > 0), 8 eliminated
13:51:35  src.cpcv.preprocessing  INFO    Capped at 18 features (top_k_frac=0.3)
13:51:35  src.cpcv.preprocessing  INFO    Selected (18): ['copper_ret_30', 'eth_btc_ratio', 'gk_vol', 'log_returns_lag3', 'macd', 'macd_hist', 'mvrv', 'net_exchange_flow', 'realized_vol', 'sadf', 'silver_ret_30', 'skewness', 'smt_exp', 'stoch_k', 'variance_ratio', 'vix', 'vol_term_30_90', 'vol_term_7_30']
13:51:35  src.cpcv.pipeline  INFO    Preprocessing: 18 features selected, train=564 + cal=141, test=233
13:51:35  src.cpcv.tuning  INFO  Tuning (2 models) — Optuna TPE + Purged K-Fold (inner: 3 folds, embargo=10 obs)
13:51:35  src.cpcv.tuning  INFO    [tuning] random_forest: 3 purged K-fold splits, 30 Optuna trials (TPE)
13:52:20  src.cpcv.tuning  INFO      random_forest: 23 completed, 7 pruned (of 30 total) — best log_loss=0.6895, params={'n_estimators': 200, 'max_depth': 2, 'min_samples_leaf': 25, 'max_features': 'log2'}
13:52:20  src.cpcv.tuning  INFO    [tuning] random_forest done in 44.3s — best log_loss=0.6895
13:52:20  src.cpcv.tuning  INFO    [tuning] xgboost: 3 purged K-fold splits, 30 Optuna trials (TPE)
13:52:24  src.cpcv.tuning  INFO      xgboost: 25 completed, 5 pruned (of 30 total) — best log_loss=0.6805, params={'max_depth': 1, 'learning_rate': 0.2952373789004209, 'min_child_weight': 30, 'subsample': 0.8725367117849426, 'colsample_bytree': 0.7652027460142048, 'gamma': 1.893038585985663e-05, 'reg_alpha': 7.15524708993688e-05, 'reg_lambda': 0.0037653511867646863}
13:52:24  src.cpcv.tuning  INFO    [tuning] xgboost done in 4.6s — best log_loss=0.6805
13:52:24  src.cpcv.tuning  INFO  Tuning total: 48.9s
13:52:24  src.cpcv.pipeline  INFO      applied random_forest: {'n_estimators': 200, 'max_depth': 2, 'min_samples_leaf': 25, 'max_features': 'log2'}
13:52:24  src.cpcv.pipeline  INFO      applied xgboost: {'max_depth': 1, 'learning_rate': 0.2952373789004209, 'min_child_weight': 30, 'subsample': 0.8725367117849426, 'colsample_bytree': 0.7652027460142048, 'gamma': 1.893038585985663e-05, 'reg_alpha': 7.15524708993688e-05, 'reg_lambda': 0.0037653511867646863}
13:52:25  src.cpcv.models.tree_models  INFO  RandomForest fitted: 564 samples, 18 features, 200 trees.
13:52:25  src.cpcv.pipeline  INFO    [ 49/168]        random_forest (seed=0) F1=0.451  AUC=0.467  LL=0.7530 (0.7s)
13:52:26  src.cpcv.models.tree_models  INFO  RandomForest fitted: 564 samples, 18 features, 200 trees.
13:52:26  src.cpcv.pipeline  INFO    [ 50/168]        random_forest (seed=1) F1=0.475  AUC=0.461  LL=0.7671 (0.7s)
13:52:26  src.cpcv.models.tree_models  INFO  RandomForest fitted: 564 samples, 18 features, 200 trees.
13:52:26  src.cpcv.pipeline  INFO    [ 51/168]        random_forest (seed=2) F1=0.471  AUC=0.472  LL=0.7338 (0.6s)
13:52:26  src.cpcv.models.tree_models  INFO  XGBoost fitted: 564 samples, early stopped at iteration 13/300.
13:52:26  src.cpcv.pipeline  INFO    [ 52/168]              xgboost (seed=0) F1=0.480  AUC=0.472  LL=0.7062 (0.1s)
13:52:26  src.cpcv.models.tree_models  INFO  XGBoost fitted: 564 samples, early stopped at iteration 26/300.
13:52:26  src.cpcv.pipeline  INFO    [ 53/168]              xgboost (seed=1) F1=0.511  AUC=0.475  LL=0.7416 (0.1s)
13:52:26  src.cpcv.models.tree_models  INFO  XGBoost fitted: 564 samples, early stopped at iteration 3/300.
13:52:26  src.cpcv.pipeline  INFO    [ 54/168]              xgboost (seed=2) F1=0.488  AUC=0.492  LL=0.7164 (0.0s)
13:52:27  src.cpcv.preprocessing  INFO  Computing MDA (Random Forest)...
13:52:47  src.cpcv.preprocessing  INFO  Computing MDA (Logistic Regression)...
13:52:48  src.cpcv.preprocessing  INFO  Multi-model MDA: 38/62 passed (MDA > 0), 24 eliminated
13:52:48  src.cpcv.preprocessing  INFO    Capped at 18 features (top_k_frac=0.3)
13:52:48  src.cpcv.preprocessing  INFO    Selected (18): ['bb_width', 'cci_14', 'ema_ratio_50_200', 'exchange_supply_pct', 'gk_vol', 'jarque_bera', 'log_returns', 'log_returns_lag1', 'mvrv', 'natgas_ret_30', 'oil_ret_30', 'roc_14', 'sadf', 'silver_ret_30', 'smt_poly1', 'tx_count_roc_14', 'vol_term_30_90', 'williams_r']
13:52:48  src.cpcv.pipeline  INFO    Preprocessing: 18 features selected, train=564 + cal=141, test=233
13:52:48  src.cpcv.tuning  INFO  Tuning (2 models) — Optuna TPE + Purged K-Fold (inner: 3 folds, embargo=10 obs)
13:52:48  src.cpcv.tuning  INFO    [tuning] random_forest: 3 purged K-fold splits, 30 Optuna trials (TPE)
13:53:32  src.cpcv.tuning  INFO      random_forest: 26 completed, 4 pruned (of 30 total) — best log_loss=0.6972, params={'n_estimators': 200, 'max_depth': 2, 'min_samples_leaf': 16, 'max_features': 'log2'}
13:53:32  src.cpcv.tuning  INFO    [tuning] random_forest done in 44.0s — best log_loss=0.6972
13:53:32  src.cpcv.tuning  INFO    [tuning] xgboost: 3 purged K-fold splits, 30 Optuna trials (TPE)
13:53:36  src.cpcv.tuning  INFO      xgboost: 18 completed, 12 pruned (of 30 total) — best log_loss=0.6883, params={'max_depth': 3, 'learning_rate': 0.09624004213947931, 'min_child_weight': 20, 'subsample': 0.849649680597054, 'colsample_bytree': 0.8583346021997728, 'gamma': 0.00032949074496890215, 'reg_alpha': 8.912187263358069e-07, 'reg_lambda': 6.662730624249216e-06}
13:53:36  src.cpcv.tuning  INFO    [tuning] xgboost done in 3.4s — best log_loss=0.6883
13:53:36  src.cpcv.tuning  INFO  Tuning total: 47.4s
13:53:36  src.cpcv.pipeline  INFO      applied random_forest: {'n_estimators': 200, 'max_depth': 2, 'min_samples_leaf': 16, 'max_features': 'log2'}
13:53:36  src.cpcv.pipeline  INFO      applied xgboost: {'max_depth': 3, 'learning_rate': 0.09624004213947931, 'min_child_weight': 20, 'subsample': 0.849649680597054, 'colsample_bytree': 0.8583346021997728, 'gamma': 0.00032949074496890215, 'reg_alpha': 8.912187263358069e-07, 'reg_lambda': 6.662730624249216e-06}
13:53:36  src.cpcv.models.tree_models  INFO  RandomForest fitted: 564 samples, 18 features, 200 trees.
13:53:36  src.cpcv.pipeline  INFO    [ 55/168]        random_forest (seed=0) F1=0.408  AUC=0.541  LL=0.6591 (0.6s)
13:53:37  src.cpcv.models.tree_models  INFO  RandomForest fitted: 564 samples, 18 features, 200 trees.
13:53:37  src.cpcv.pipeline  INFO    [ 56/168]        random_forest (seed=1) F1=0.396  AUC=0.533  LL=0.6621 (0.6s)
13:53:37  src.cpcv.models.tree_models  INFO  RandomForest fitted: 564 samples, 18 features, 200 trees.
13:53:37  src.cpcv.pipeline  INFO    [ 57/168]        random_forest (seed=2) F1=0.396  AUC=0.548  LL=0.6585 (0.5s)
13:53:37  src.cpcv.models.tree_models  INFO  XGBoost fitted: 564 samples, early stopped at iteration 4/300.
13:53:37  src.cpcv.pipeline  INFO    [ 58/168]              xgboost (seed=0) F1=0.451  AUC=0.531  LL=0.6682 (0.1s)
13:53:37  src.cpcv.models.tree_models  INFO  XGBoost fitted: 564 samples, early stopped at iteration 0/300.
13:53:37  src.cpcv.pipeline  INFO    [ 59/168]              xgboost (seed=1) F1=0.507  AUC=0.487  LL=0.6817 (0.0s)
13:53:37  src.cpcv.models.tree_models  INFO  XGBoost fitted: 564 samples, early stopped at iteration 2/300.
13:53:37  src.cpcv.pipeline  INFO    [ 60/168]              xgboost (seed=2) F1=0.406  AUC=0.509  LL=0.6705 (0.1s)
13:53:38  src.cpcv.preprocessing  INFO  Computing MDA (Random Forest)...
13:53:59  src.cpcv.preprocessing  INFO  Computing MDA (Logistic Regression)...
13:54:00  src.cpcv.preprocessing  INFO  Multi-model MDA: 29/62 passed (MDA > 0), 33 eliminated
13:54:00  src.cpcv.preprocessing  INFO    Capped at 18 features (top_k_frac=0.3)
13:54:00  src.cpcv.preprocessing  INFO    Selected (18): ['active_addr_roc_14', 'dxy_roc_30', 'eth_btc_ratio', 'exchange_supply_pct', 'kurtosis', 'log_returns_lag1', 'log_returns_lag3', 'mfi_14', 'natgas_ret_30', 'obv', 'roc_14', 'rsi', 'sadf', 'stoch_k', 'variance_ratio', 'vix', 'vol_term_30_90', 'yield_curve_2y10y']
13:54:00  src.cpcv.pipeline  INFO    Preprocessing: 18 features selected, train=562 + cal=141, test=233
13:54:00  src.cpcv.tuning  INFO  Tuning (2 models) — Optuna TPE + Purged K-Fold (inner: 3 folds, embargo=10 obs)
13:54:00  src.cpcv.tuning  INFO    [tuning] random_forest: 3 purged K-fold splits, 30 Optuna trials (TPE)
13:54:37  src.cpcv.tuning  INFO      random_forest: 16 completed, 14 pruned (of 30 total) — best log_loss=0.6874, params={'n_estimators': 200, 'max_depth': 2, 'min_samples_leaf': 16, 'max_features': 'log2'}
13:54:37  src.cpcv.tuning  INFO    [tuning] random_forest done in 37.2s — best log_loss=0.6874
13:54:37  src.cpcv.tuning  INFO    [tuning] xgboost: 3 purged K-fold splits, 30 Optuna trials (TPE)
13:54:41  src.cpcv.tuning  INFO      xgboost: 13 completed, 17 pruned (of 30 total) — best log_loss=0.6844, params={'max_depth': 1, 'learning_rate': 0.03414392715578559, 'min_child_weight': 5, 'subsample': 0.9477848690993755, 'colsample_bytree': 0.6750130525733469, 'gamma': 4.4910392764459054e-05, 'reg_alpha': 0.000530682116518373, 'reg_lambda': 1.1145446390668579e-08}
13:54:41  src.cpcv.tuning  INFO    [tuning] xgboost done in 3.7s — best log_loss=0.6844
13:54:41  src.cpcv.tuning  INFO  Tuning total: 40.9s
13:54:41  src.cpcv.pipeline  INFO      applied random_forest: {'n_estimators': 200, 'max_depth': 2, 'min_samples_leaf': 16, 'max_features': 'log2'}
13:54:41  src.cpcv.pipeline  INFO      applied xgboost: {'max_depth': 1, 'learning_rate': 0.03414392715578559, 'min_child_weight': 5, 'subsample': 0.9477848690993755, 'colsample_bytree': 0.6750130525733469, 'gamma': 4.4910392764459054e-05, 'reg_alpha': 0.000530682116518373, 'reg_lambda': 1.1145446390668579e-08}
13:54:41  src.cpcv.models.tree_models  INFO  RandomForest fitted: 562 samples, 18 features, 200 trees.
13:54:41  src.cpcv.pipeline  INFO    [ 61/168]        random_forest (seed=0) F1=0.533  AUC=0.546  LL=0.6852 (0.6s)
13:54:42  src.cpcv.models.tree_models  INFO  RandomForest fitted: 562 samples, 18 features, 200 trees.
13:54:42  src.cpcv.pipeline  INFO    [ 62/168]        random_forest (seed=1) F1=0.521  AUC=0.553  LL=0.6818 (0.6s)
13:54:42  src.cpcv.models.tree_models  INFO  RandomForest fitted: 562 samples, 18 features, 200 trees.
13:54:42  src.cpcv.pipeline  INFO    [ 63/168]        random_forest (seed=2) F1=0.538  AUC=0.583  LL=0.6771 (0.6s)
13:54:42  src.cpcv.models.tree_models  INFO  XGBoost fitted: 562 samples, early stopped at iteration 42/300.
13:54:42  src.cpcv.pipeline  INFO    [ 64/168]              xgboost (seed=0) F1=0.470  AUC=0.494  LL=0.7089 (0.1s)
13:54:42  src.cpcv.models.tree_models  INFO  XGBoost fitted: 562 samples, early stopped at iteration 40/300.
13:54:42  src.cpcv.pipeline  INFO    [ 65/168]              xgboost (seed=1) F1=0.470  AUC=0.495  LL=0.7020 (0.1s)
13:54:42  src.cpcv.models.tree_models  INFO  XGBoost fitted: 562 samples, early stopped at iteration 99/300.
13:54:42  src.cpcv.pipeline  INFO    [ 66/168]              xgboost (seed=2) F1=0.497  AUC=0.525  LL=0.6908 (0.1s)
13:54:43  src.cpcv.preprocessing  INFO  Computing MDA (Random Forest)...
13:55:05  src.cpcv.preprocessing  INFO  Computing MDA (Logistic Regression)...
13:55:06  src.cpcv.preprocessing  INFO  Multi-model MDA: 36/62 passed (MDA > 0), 26 eliminated
13:55:06  src.cpcv.preprocessing  INFO    Capped at 18 features (top_k_frac=0.3)
13:55:06  src.cpcv.preprocessing  INFO    Selected (18): ['active_addr_roc_14', 'bb_width', 'chaikin_osc', 'ema_ratio_50_200', 'issuance_ntv', 'kurtosis', 'log_returns_lag7', 'mfi_14', 'nasdaq_ret_30', 'negentropy', 'obv', 'shannon_entropy', 'silver_ret_30', 'skewness', 'sp500_ret_30', 'us10y', 'vol_term_7_30', 'yield_curve_2y10y']
13:55:06  src.cpcv.pipeline  INFO    Preprocessing: 18 features selected, train=563 + cal=141, test=233
13:55:06  src.cpcv.tuning  INFO  Tuning (2 models) — Optuna TPE + Purged K-Fold (inner: 3 folds, embargo=10 obs)
13:55:06  src.cpcv.tuning  INFO    [tuning] random_forest: 3 purged K-fold splits, 30 Optuna trials (TPE)
13:55:45  src.cpcv.tuning  INFO      random_forest: 20 completed, 10 pruned (of 30 total) — best log_loss=0.6817, params={'n_estimators': 200, 'max_depth': 5, 'min_samples_leaf': 32, 'max_features': 'log2'}
13:55:45  src.cpcv.tuning  INFO    [tuning] random_forest done in 39.1s — best log_loss=0.6817
13:55:45  src.cpcv.tuning  INFO    [tuning] xgboost: 3 purged K-fold splits, 30 Optuna trials (TPE)
13:55:49  src.cpcv.tuning  INFO      xgboost: 9 completed, 21 pruned (of 30 total) — best log_loss=0.6726, params={'max_depth': 2, 'learning_rate': 0.1969312230769913, 'min_child_weight': 26, 'subsample': 0.7872929497881088, 'colsample_bytree': 0.6728126603835927, 'gamma': 9.199371973876483e-06, 'reg_alpha': 0.01610432783293682, 'reg_lambda': 0.07534528662343708}
13:55:49  src.cpcv.tuning  INFO    [tuning] xgboost done in 4.3s — best log_loss=0.6726
13:55:49  src.cpcv.tuning  INFO  Tuning total: 43.4s
13:55:49  src.cpcv.pipeline  INFO      applied random_forest: {'n_estimators': 200, 'max_depth': 5, 'min_samples_leaf': 32, 'max_features': 'log2'}
13:55:49  src.cpcv.pipeline  INFO      applied xgboost: {'max_depth': 2, 'learning_rate': 0.1969312230769913, 'min_child_weight': 26, 'subsample': 0.7872929497881088, 'colsample_bytree': 0.6728126603835927, 'gamma': 9.199371973876483e-06, 'reg_alpha': 0.01610432783293682, 'reg_lambda': 0.07534528662343708}
13:55:50  src.cpcv.models.tree_models  INFO  RandomForest fitted: 563 samples, 18 features, 200 trees.
13:55:50  src.cpcv.pipeline  INFO    [ 67/168]        random_forest (seed=0) F1=0.492  AUC=0.551  LL=0.6954 (0.7s)
13:55:50  src.cpcv.models.tree_models  INFO  RandomForest fitted: 563 samples, 18 features, 200 trees.
13:55:50  src.cpcv.pipeline  INFO    [ 68/168]        random_forest (seed=1) F1=0.512  AUC=0.554  LL=0.6930 (0.6s)
13:55:51  src.cpcv.models.tree_models  INFO  RandomForest fitted: 563 samples, 18 features, 200 trees.
13:55:51  src.cpcv.pipeline  INFO    [ 69/168]        random_forest (seed=2) F1=0.480  AUC=0.550  LL=0.6793 (0.7s)
13:55:51  src.cpcv.models.tree_models  INFO  XGBoost fitted: 563 samples, early stopped at iteration 1/300.
13:55:51  src.cpcv.pipeline  INFO    [ 70/168]              xgboost (seed=0) F1=0.486  AUC=0.544  LL=0.7223 (0.0s)
13:55:51  src.cpcv.models.tree_models  INFO  XGBoost fitted: 563 samples, early stopped at iteration 8/300.
13:55:51  src.cpcv.pipeline  INFO    [ 71/168]              xgboost (seed=1) F1=0.505  AUC=0.540  LL=0.7227 (0.1s)
13:55:51  src.cpcv.models.tree_models  INFO  XGBoost fitted: 563 samples, early stopped at iteration 9/300.
13:55:51  src.cpcv.pipeline  INFO    [ 72/168]              xgboost (seed=2) F1=0.507  AUC=0.548  LL=0.7011 (0.1s)
13:55:51  src.cpcv.preprocessing  INFO  Computing MDA (Random Forest)...
13:56:12  src.cpcv.preprocessing  INFO  Computing MDA (Logistic Regression)...
13:56:13  src.cpcv.preprocessing  INFO  Multi-model MDA: 25/62 passed (MDA > 0), 37 eliminated
13:56:13  src.cpcv.preprocessing  INFO    Capped at 18 features (top_k_frac=0.3)
13:56:13  src.cpcv.preprocessing  INFO    Selected (18): ['bb_width', 'cci_14', 'eth_btc_ratio', 'jarque_bera', 'kurtosis', 'log_returns', 'log_returns_lag2', 'lz_complexity', 'macd_hist', 'macd_signal', 'rsi', 'shannon_entropy', 'skewness', 'tx_count_roc_14', 'us10y', 'us2y', 'yield_curve_10y30y', 'yield_curve_2y10y']
13:56:13  src.cpcv.pipeline  INFO    Preprocessing: 18 features selected, train=564 + cal=142, test=240
13:56:13  src.cpcv.tuning  INFO  Tuning (2 models) — Optuna TPE + Purged K-Fold (inner: 3 folds, embargo=10 obs)
13:56:13  src.cpcv.tuning  INFO    [tuning] random_forest: 3 purged K-fold splits, 30 Optuna trials (TPE)
13:56:55  src.cpcv.tuning  INFO      random_forest: 15 completed, 15 pruned (of 30 total) — best log_loss=0.6841, params={'n_estimators': 250, 'max_depth': 2, 'min_samples_leaf': 28, 'max_features': 'sqrt'}
13:56:55  src.cpcv.tuning  INFO    [tuning] random_forest done in 41.7s — best log_loss=0.6841
13:56:55  src.cpcv.tuning  INFO    [tuning] xgboost: 3 purged K-fold splits, 30 Optuna trials (TPE)
13:56:59  src.cpcv.tuning  INFO      xgboost: 19 completed, 11 pruned (of 30 total) — best log_loss=0.6814, params={'max_depth': 2, 'learning_rate': 0.2745385166480188, 'min_child_weight': 7, 'subsample': 0.9521720099698128, 'colsample_bytree': 0.9331270398923088, 'gamma': 9.489480474960355e-06, 'reg_alpha': 2.1229404172039842e-07, 'reg_lambda': 5.090850119300536e-08}
13:56:59  src.cpcv.tuning  INFO    [tuning] xgboost done in 4.1s — best log_loss=0.6814
13:56:59  src.cpcv.tuning  INFO  Tuning total: 45.8s
13:56:59  src.cpcv.pipeline  INFO      applied random_forest: {'n_estimators': 250, 'max_depth': 2, 'min_samples_leaf': 28, 'max_features': 'sqrt'}
13:56:59  src.cpcv.pipeline  INFO      applied xgboost: {'max_depth': 2, 'learning_rate': 0.2745385166480188, 'min_child_weight': 7, 'subsample': 0.9521720099698128, 'colsample_bytree': 0.9331270398923088, 'gamma': 9.489480474960355e-06, 'reg_alpha': 2.1229404172039842e-07, 'reg_lambda': 5.090850119300536e-08}
13:57:00  src.cpcv.models.tree_models  INFO  RandomForest fitted: 564 samples, 18 features, 250 trees.
13:57:00  src.cpcv.pipeline  INFO    [ 73/168]        random_forest (seed=0) F1=0.373  AUC=0.568  LL=0.6707 (0.8s)
13:57:01  src.cpcv.models.tree_models  INFO  RandomForest fitted: 564 samples, 18 features, 250 trees.
13:57:01  src.cpcv.pipeline  INFO    [ 74/168]        random_forest (seed=1) F1=0.373  AUC=0.437  LL=0.6862 (0.7s)
13:57:01  src.cpcv.models.tree_models  INFO  RandomForest fitted: 564 samples, 18 features, 250 trees.
13:57:01  src.cpcv.pipeline  INFO    [ 75/168]        random_forest (seed=2) F1=0.373  AUC=0.573  LL=0.6730 (0.7s)
13:57:01  src.cpcv.models.tree_models  INFO  XGBoost fitted: 564 samples, early stopped at iteration 0/300.
13:57:01  src.cpcv.pipeline  INFO    [ 76/168]              xgboost (seed=0) F1=0.462  AUC=0.475  LL=0.7262 (0.0s)
13:57:01  src.cpcv.models.tree_models  INFO  XGBoost fitted: 564 samples, early stopped at iteration 0/300.
13:57:01  src.cpcv.pipeline  INFO    [ 77/168]              xgboost (seed=1) F1=0.373  AUC=0.490  LL=0.6787 (0.0s)
13:57:01  src.cpcv.models.tree_models  INFO  XGBoost fitted: 564 samples, early stopped at iteration 0/300.
13:57:01  src.cpcv.pipeline  INFO    [ 78/168]              xgboost (seed=2) F1=0.373  AUC=0.562  LL=0.6699 (0.0s)
13:57:02  src.cpcv.preprocessing  INFO  Computing MDA (Random Forest)...
13:57:23  src.cpcv.preprocessing  INFO  Computing MDA (Logistic Regression)...
13:57:24  src.cpcv.preprocessing  INFO  Multi-model MDA: 42/62 passed (MDA > 0), 20 eliminated
13:57:24  src.cpcv.preprocessing  INFO    Capped at 18 features (top_k_frac=0.3)
13:57:24  src.cpcv.preprocessing  INFO    Selected (18): ['chaikin_osc', 'gold_ret_30', 'jarque_bera', 'kurtosis', 'log_returns', 'log_returns_lag3', 'log_returns_lag7', 'macd', 'macd_hist', 'obv', 'realized_vol', 'silver_ret_30', 'sp500_ret_30', 'tx_count_roc_14', 'vol_term_30_90', 'vol_term_7_30', 'vwma_ratio_20_50', 'williams_r']
13:57:24  src.cpcv.pipeline  INFO    Preprocessing: 18 features selected, train=528 + cal=132, test=288
13:57:24  src.cpcv.tuning  INFO  Tuning (2 models) — Optuna TPE + Purged K-Fold (inner: 3 folds, embargo=10 obs)
13:57:24  src.cpcv.tuning  INFO    [tuning] random_forest: 3 purged K-fold splits, 30 Optuna trials (TPE)
13:58:07  src.cpcv.tuning  INFO      random_forest: 29 completed, 1 pruned (of 30 total) — best log_loss=0.6961, params={'n_estimators': 200, 'max_depth': 2, 'min_samples_leaf': 23, 'max_features': 'log2'}
13:58:07  src.cpcv.tuning  INFO    [tuning] random_forest done in 43.3s — best log_loss=0.6961
13:58:07  src.cpcv.tuning  INFO    [tuning] xgboost: 3 purged K-fold splits, 30 Optuna trials (TPE)
13:58:11  src.cpcv.tuning  INFO      xgboost: 21 completed, 9 pruned (of 30 total) — best log_loss=0.6881, params={'max_depth': 3, 'learning_rate': 0.11800301757911613, 'min_child_weight': 11, 'subsample': 0.7741686384095295, 'colsample_bytree': 0.8787847360012543, 'gamma': 0.13106941375545647, 'reg_alpha': 0.0005858028959683904, 'reg_lambda': 5.6413142434416606e-08}
13:58:11  src.cpcv.tuning  INFO    [tuning] xgboost done in 3.5s — best log_loss=0.6881
13:58:11  src.cpcv.tuning  INFO  Tuning total: 46.8s
13:58:11  src.cpcv.pipeline  INFO      applied random_forest: {'n_estimators': 200, 'max_depth': 2, 'min_samples_leaf': 23, 'max_features': 'log2'}
13:58:11  src.cpcv.pipeline  INFO      applied xgboost: {'max_depth': 3, 'learning_rate': 0.11800301757911613, 'min_child_weight': 11, 'subsample': 0.7741686384095295, 'colsample_bytree': 0.8787847360012543, 'gamma': 0.13106941375545647, 'reg_alpha': 0.0005858028959683904, 'reg_lambda': 5.6413142434416606e-08}
13:58:11  src.cpcv.models.tree_models  INFO  RandomForest fitted: 528 samples, 18 features, 200 trees.
13:58:11  src.cpcv.pipeline  INFO    [ 79/168]        random_forest (seed=0) F1=0.405  AUC=0.507  LL=0.7627 (0.6s)
13:58:12  src.cpcv.models.tree_models  INFO  RandomForest fitted: 528 samples, 18 features, 200 trees.
13:58:12  src.cpcv.pipeline  INFO    [ 80/168]        random_forest (seed=1) F1=0.392  AUC=0.509  LL=0.7698 (0.6s)
13:58:12  src.cpcv.models.tree_models  INFO  RandomForest fitted: 528 samples, 18 features, 200 trees.
13:58:13  src.cpcv.pipeline  INFO    [ 81/168]        random_forest (seed=2) F1=0.362  AUC=0.507  LL=0.7583 (0.6s)
13:58:13  src.cpcv.models.tree_models  INFO  XGBoost fitted: 528 samples, early stopped at iteration 16/300.
13:58:13  src.cpcv.pipeline  INFO    [ 82/168]              xgboost (seed=0) F1=0.361  AUC=0.485  LL=0.7296 (0.1s)
13:58:13  src.cpcv.models.tree_models  INFO  XGBoost fitted: 528 samples, early stopped at iteration 15/300.
13:58:13  src.cpcv.pipeline  INFO    [ 83/168]              xgboost (seed=1) F1=0.386  AUC=0.509  LL=0.7531 (0.1s)
13:58:13  src.cpcv.models.tree_models  INFO  XGBoost fitted: 528 samples, early stopped at iteration 24/300.
13:58:13  src.cpcv.pipeline  INFO    [ 84/168]              xgboost (seed=2) F1=0.390  AUC=0.488  LL=0.7574 (0.1s)
13:58:13  src.cpcv.preprocessing  INFO  Computing MDA (Random Forest)...
13:58:35  src.cpcv.preprocessing  INFO  Computing MDA (Logistic Regression)...
13:58:36  src.cpcv.preprocessing  INFO  Multi-model MDA: 17/62 passed (MDA > 0), 45 eliminated
13:58:36  src.cpcv.preprocessing  INFO    Selected (17): ['atr', 'cci_14', 'eth_btc_ratio', 'fee_per_tx', 'hashrate_roc_30', 'hurst', 'issuance_ntv', 'log_returns_lag1', 'natgas_ret_30', 'negentropy', 'realized_vol', 'sadf', 'stoch_k', 'us10y', 'vwma_ratio_20_50', 'williams_r', 'yield_curve_2y10y']
13:58:36  src.cpcv.pipeline  INFO    Preprocessing: 17 features selected, train=519 + cal=130, test=288
13:58:36  src.cpcv.tuning  INFO  Tuning (2 models) — Optuna TPE + Purged K-Fold (inner: 3 folds, embargo=10 obs)
13:58:36  src.cpcv.tuning  INFO    [tuning] random_forest: 3 purged K-fold splits, 30 Optuna trials (TPE)
13:59:10  src.cpcv.tuning  INFO      random_forest: 22 completed, 8 pruned (of 30 total) — best log_loss=0.6964, params={'n_estimators': 100, 'max_depth': 3, 'min_samples_leaf': 31, 'max_features': 'log2'}
13:59:10  src.cpcv.tuning  INFO    [tuning] random_forest done in 34.8s — best log_loss=0.6964
13:59:10  src.cpcv.tuning  INFO    [tuning] xgboost: 3 purged K-fold splits, 30 Optuna trials (TPE)
13:59:14  src.cpcv.tuning  INFO      xgboost: 16 completed, 14 pruned (of 30 total) — best log_loss=0.6867, params={'max_depth': 3, 'learning_rate': 0.21187160078021672, 'min_child_weight': 15, 'subsample': 0.8127366329501119, 'colsample_bytree': 0.7510091358029719, 'gamma': 0.01152032923742024, 'reg_alpha': 3.392173699617107e-08, 'reg_lambda': 0.11873432633415038}
13:59:14  src.cpcv.tuning  INFO    [tuning] xgboost done in 3.7s — best log_loss=0.6867
13:59:14  src.cpcv.tuning  INFO  Tuning total: 38.4s
13:59:14  src.cpcv.pipeline  INFO      applied random_forest: {'n_estimators': 100, 'max_depth': 3, 'min_samples_leaf': 31, 'max_features': 'log2'}
13:59:14  src.cpcv.pipeline  INFO      applied xgboost: {'max_depth': 3, 'learning_rate': 0.21187160078021672, 'min_child_weight': 15, 'subsample': 0.8127366329501119, 'colsample_bytree': 0.7510091358029719, 'gamma': 0.01152032923742024, 'reg_alpha': 3.392173699617107e-08, 'reg_lambda': 0.11873432633415038}
13:59:14  src.cpcv.models.tree_models  INFO  RandomForest fitted: 519 samples, 17 features, 100 trees.
13:59:14  src.cpcv.pipeline  INFO    [ 85/168]        random_forest (seed=0) F1=0.453  AUC=0.547  LL=0.7208 (0.4s)
13:59:15  src.cpcv.models.tree_models  INFO  RandomForest fitted: 519 samples, 17 features, 100 trees.
13:59:15  src.cpcv.pipeline  INFO    [ 86/168]        random_forest (seed=1) F1=0.433  AUC=0.559  LL=0.7212 (0.3s)
13:59:15  src.cpcv.models.tree_models  INFO  RandomForest fitted: 519 samples, 17 features, 100 trees.
13:59:15  src.cpcv.pipeline  INFO    [ 87/168]        random_forest (seed=2) F1=0.425  AUC=0.542  LL=0.7232 (0.4s)
13:59:15  src.cpcv.models.tree_models  INFO  XGBoost fitted: 519 samples, early stopped at iteration 7/300.
13:59:15  src.cpcv.pipeline  INFO    [ 88/168]              xgboost (seed=0) F1=0.459  AUC=0.568  LL=0.6922 (0.1s)
13:59:15  src.cpcv.models.tree_models  INFO  XGBoost fitted: 519 samples, early stopped at iteration 7/300.
13:59:15  src.cpcv.pipeline  INFO    [ 89/168]              xgboost (seed=1) F1=0.448  AUC=0.558  LL=0.7138 (0.1s)
13:59:15  src.cpcv.models.tree_models  INFO  XGBoost fitted: 519 samples, early stopped at iteration 13/300.
13:59:15  src.cpcv.pipeline  INFO    [ 90/168]              xgboost (seed=2) F1=0.418  AUC=0.513  LL=0.8057 (0.1s)
13:59:16  src.cpcv.preprocessing  INFO  Computing MDA (Random Forest)...
13:59:37  src.cpcv.preprocessing  INFO  Computing MDA (Logistic Regression)...
13:59:38  src.cpcv.preprocessing  INFO  Multi-model MDA: 39/62 passed (MDA > 0), 23 eliminated
13:59:38  src.cpcv.preprocessing  INFO    Capped at 18 features (top_k_frac=0.3)
13:59:38  src.cpcv.preprocessing  INFO    Selected (18): ['cci_14', 'copper_ret_30', 'ema_ratio_20_50', 'fee_per_tx', 'log_returns_lag1', 'log_returns_lag2', 'log_returns_lag30', 'natgas_ret_30', 'net_exchange_flow', 'obv', 'oil_ret_30', 'sadf', 'silver_ret_30', 'skewness', 'stoch_k', 'vol_term_30_90', 'vwma_ratio_20_50', 'yield_curve_10y30y']
13:59:38  src.cpcv.pipeline  INFO    Preprocessing: 18 features selected, train=517 + cal=130, test=288
13:59:38  src.cpcv.tuning  INFO  Tuning (2 models) — Optuna TPE + Purged K-Fold (inner: 3 folds, embargo=10 obs)
13:59:38  src.cpcv.tuning  INFO    [tuning] random_forest: 3 purged K-fold splits, 30 Optuna trials (TPE)
14:00:15  src.cpcv.tuning  INFO      random_forest: 30 completed, 0 pruned (of 30 total) — best log_loss=0.6924, params={'n_estimators': 100, 'max_depth': 5, 'min_samples_leaf': 16, 'max_features': 'sqrt'}
14:00:15  src.cpcv.tuning  INFO    [tuning] random_forest done in 37.2s — best log_loss=0.6924
14:00:15  src.cpcv.tuning  INFO    [tuning] xgboost: 3 purged K-fold splits, 30 Optuna trials (TPE)
14:00:20  src.cpcv.tuning  INFO      xgboost: 30 completed, 0 pruned (of 30 total) — best log_loss=0.6813, params={'max_depth': 2, 'learning_rate': 0.11114989443094977, 'min_child_weight': 5, 'subsample': 0.9879639408647978, 'colsample_bytree': 0.9329770563201687, 'gamma': 4.997040685255803e-07, 'reg_alpha': 4.329370014459266e-07, 'reg_lambda': 4.4734294104626844e-07}
14:00:20  src.cpcv.tuning  INFO    [tuning] xgboost done in 4.3s — best log_loss=0.6813
14:00:20  src.cpcv.tuning  INFO  Tuning total: 41.5s
14:00:20  src.cpcv.pipeline  INFO      applied random_forest: {'n_estimators': 100, 'max_depth': 5, 'min_samples_leaf': 16, 'max_features': 'sqrt'}
14:00:20  src.cpcv.pipeline  INFO      applied xgboost: {'max_depth': 2, 'learning_rate': 0.11114989443094977, 'min_child_weight': 5, 'subsample': 0.9879639408647978, 'colsample_bytree': 0.9329770563201687, 'gamma': 4.997040685255803e-07, 'reg_alpha': 4.329370014459266e-07, 'reg_lambda': 4.4734294104626844e-07}
14:00:20  src.cpcv.models.tree_models  INFO  RandomForest fitted: 517 samples, 18 features, 100 trees.
14:00:20  src.cpcv.pipeline  INFO    [ 91/168]        random_forest (seed=0) F1=0.433  AUC=0.503  LL=0.7352 (0.3s)
14:00:20  src.cpcv.models.tree_models  INFO  RandomForest fitted: 517 samples, 18 features, 100 trees.
14:00:20  src.cpcv.pipeline  INFO    [ 92/168]        random_forest (seed=1) F1=0.405  AUC=0.477  LL=0.7363 (0.3s)
14:00:21  src.cpcv.models.tree_models  INFO  RandomForest fitted: 517 samples, 18 features, 100 trees.
14:00:21  src.cpcv.pipeline  INFO    [ 93/168]        random_forest (seed=2) F1=0.479  AUC=0.510  LL=0.7198 (0.3s)
14:00:21  src.cpcv.models.tree_models  INFO  XGBoost fitted: 517 samples, early stopped at iteration 20/300.
14:00:21  src.cpcv.pipeline  INFO    [ 94/168]              xgboost (seed=0) F1=0.423  AUC=0.497  LL=0.7247 (0.1s)
14:00:21  src.cpcv.models.tree_models  INFO  XGBoost fitted: 517 samples, early stopped at iteration 40/300.
14:00:21  src.cpcv.pipeline  INFO    [ 95/168]              xgboost (seed=1) F1=0.400  AUC=0.487  LL=0.7405 (0.1s)
14:00:21  src.cpcv.models.tree_models  INFO  XGBoost fitted: 517 samples, early stopped at iteration 32/300.
14:00:21  src.cpcv.pipeline  INFO    [ 96/168]              xgboost (seed=2) F1=0.446  AUC=0.511  LL=0.7308 (0.1s)
14:00:21  src.cpcv.preprocessing  INFO  Computing MDA (Random Forest)...
14:00:42  src.cpcv.preprocessing  INFO  Computing MDA (Logistic Regression)...
14:00:43  src.cpcv.preprocessing  INFO  Multi-model MDA: 36/62 passed (MDA > 0), 26 eliminated
14:00:43  src.cpcv.preprocessing  INFO    Capped at 18 features (top_k_frac=0.3)
14:00:43  src.cpcv.preprocessing  INFO    Selected (18): ['atr', 'ema_ratio_20_50', 'gk_vol', 'jarque_bera', 'log_returns_lag2', 'log_returns_lag3', 'log_returns_lag7', 'macd_hist', 'macd_signal', 'mfi_14', 'sadf', 'skewness', 'stoch_k', 'tx_count_roc_14', 'vol_term_30_90', 'vwma_ratio_20_50', 'williams_r', 'yz_vol']
14:00:43  src.cpcv.pipeline  INFO    Preprocessing: 18 features selected, train=518 + cal=130, test=288
14:00:43  src.cpcv.tuning  INFO  Tuning (2 models) — Optuna TPE + Purged K-Fold (inner: 3 folds, embargo=10 obs)
14:00:43  src.cpcv.tuning  INFO    [tuning] random_forest: 3 purged K-fold splits, 30 Optuna trials (TPE)
14:01:18  src.cpcv.tuning  INFO      random_forest: 30 completed, 0 pruned (of 30 total) — best log_loss=0.6800, params={'n_estimators': 100, 'max_depth': 6, 'min_samples_leaf': 24, 'max_features': 'sqrt'}
14:01:18  src.cpcv.tuning  INFO    [tuning] random_forest done in 34.7s — best log_loss=0.6800
14:01:18  src.cpcv.tuning  INFO    [tuning] xgboost: 3 purged K-fold splits, 30 Optuna trials (TPE)
14:01:23  src.cpcv.tuning  INFO      xgboost: 30 completed, 0 pruned (of 30 total) — best log_loss=0.6786, params={'max_depth': 2, 'learning_rate': 0.2903271674424472, 'min_child_weight': 12, 'subsample': 0.8079672246734063, 'colsample_bytree': 0.9331270398923088, 'gamma': 1.7550734580534169e-07, 'reg_alpha': 3.0439381964747143e-07, 'reg_lambda': 0.07660760184432172}
14:01:23  src.cpcv.tuning  INFO    [tuning] xgboost done in 4.8s — best log_loss=0.6786
14:01:23  src.cpcv.tuning  INFO  Tuning total: 39.5s
14:01:23  src.cpcv.pipeline  INFO      applied random_forest: {'n_estimators': 100, 'max_depth': 6, 'min_samples_leaf': 24, 'max_features': 'sqrt'}
14:01:23  src.cpcv.pipeline  INFO      applied xgboost: {'max_depth': 2, 'learning_rate': 0.2903271674424472, 'min_child_weight': 12, 'subsample': 0.8079672246734063, 'colsample_bytree': 0.9331270398923088, 'gamma': 1.7550734580534169e-07, 'reg_alpha': 3.0439381964747143e-07, 'reg_lambda': 0.07660760184432172}
14:01:23  src.cpcv.models.tree_models  INFO  RandomForest fitted: 518 samples, 18 features, 100 trees.
14:01:23  src.cpcv.pipeline  INFO    [ 97/168]        random_forest (seed=0) F1=0.446  AUC=0.483  LL=0.7731 (0.4s)
14:01:23  src.cpcv.models.tree_models  INFO  RandomForest fitted: 518 samples, 18 features, 100 trees.
14:01:23  src.cpcv.pipeline  INFO    [ 98/168]        random_forest (seed=1) F1=0.435  AUC=0.487  LL=0.7697 (0.4s)
14:01:24  src.cpcv.models.tree_models  INFO  RandomForest fitted: 518 samples, 18 features, 100 trees.
14:01:24  src.cpcv.pipeline  INFO    [ 99/168]        random_forest (seed=2) F1=0.463  AUC=0.481  LL=0.7583 (0.4s)
14:01:24  src.cpcv.models.tree_models  INFO  XGBoost fitted: 518 samples, early stopped at iteration 6/300.
14:01:24  src.cpcv.pipeline  INFO    [100/168]              xgboost (seed=0) F1=0.467  AUC=0.451  LL=0.7777 (0.1s)
14:01:24  src.cpcv.models.tree_models  INFO  XGBoost fitted: 518 samples, early stopped at iteration 6/300.
14:01:24  src.cpcv.pipeline  INFO    [101/168]              xgboost (seed=1) F1=0.480  AUC=0.462  LL=0.7760 (0.1s)
14:01:24  src.cpcv.models.tree_models  INFO  XGBoost fitted: 518 samples, early stopped at iteration 17/300.
14:01:24  src.cpcv.pipeline  INFO    [102/168]              xgboost (seed=2) F1=0.452  AUC=0.476  LL=0.7591 (0.1s)
14:01:24  src.cpcv.preprocessing  INFO  Computing MDA (Random Forest)...
14:01:45  src.cpcv.preprocessing  INFO  Computing MDA (Logistic Regression)...
14:01:46  src.cpcv.preprocessing  INFO  Multi-model MDA: 36/62 passed (MDA > 0), 26 eliminated
14:01:46  src.cpcv.preprocessing  INFO    Capped at 18 features (top_k_frac=0.3)
14:01:46  src.cpcv.preprocessing  INFO    Selected (18): ['atr', 'bb_width', 'cci_14', 'exchange_supply_pct', 'hurst', 'log_returns', 'log_returns_lag3', 'macd_hist', 'mfi_14', 'net_exchange_flow', 'realized_vol', 'skewness', 'variance_ratio', 'vix', 'vol_term_30_90', 'vwma_ratio_20_50', 'yield_curve_10y30y', 'yz_vol']
14:01:46  src.cpcv.pipeline  INFO    Preprocessing: 18 features selected, train=520 + cal=130, test=295
14:01:46  src.cpcv.tuning  INFO  Tuning (2 models) — Optuna TPE + Purged K-Fold (inner: 3 folds, embargo=10 obs)
14:01:46  src.cpcv.tuning  INFO    [tuning] random_forest: 3 purged K-fold splits, 30 Optuna trials (TPE)
14:02:34  src.cpcv.tuning  INFO      random_forest: 30 completed, 0 pruned (of 30 total) — best log_loss=0.6830, params={'n_estimators': 250, 'max_depth': 3, 'min_samples_leaf': 17, 'max_features': 'sqrt'}
14:02:34  src.cpcv.tuning  INFO    [tuning] random_forest done in 48.0s — best log_loss=0.6830
14:02:34  src.cpcv.tuning  INFO    [tuning] xgboost: 3 purged K-fold splits, 30 Optuna trials (TPE)
14:02:38  src.cpcv.tuning  INFO      xgboost: 29 completed, 1 pruned (of 30 total) — best log_loss=0.6768, params={'max_depth': 3, 'learning_rate': 0.14640944492298597, 'min_child_weight': 18, 'subsample': 0.6045024286177675, 'colsample_bytree': 0.793793301749126, 'gamma': 6.156999788465914e-06, 'reg_alpha': 0.01151838860321398, 'reg_lambda': 5.3370203550130966e-05}
14:02:38  src.cpcv.tuning  INFO    [tuning] xgboost done in 4.7s — best log_loss=0.6768
14:02:38  src.cpcv.tuning  INFO  Tuning total: 52.7s
14:02:38  src.cpcv.pipeline  INFO      applied random_forest: {'n_estimators': 250, 'max_depth': 3, 'min_samples_leaf': 17, 'max_features': 'sqrt'}
14:02:38  src.cpcv.pipeline  INFO      applied xgboost: {'max_depth': 3, 'learning_rate': 0.14640944492298597, 'min_child_weight': 18, 'subsample': 0.6045024286177675, 'colsample_bytree': 0.793793301749126, 'gamma': 6.156999788465914e-06, 'reg_alpha': 0.01151838860321398, 'reg_lambda': 5.3370203550130966e-05}
14:02:39  src.cpcv.models.tree_models  INFO  RandomForest fitted: 520 samples, 18 features, 250 trees.
14:02:39  src.cpcv.pipeline  INFO    [103/168]        random_forest (seed=0) F1=0.368  AUC=0.467  LL=0.7122 (0.7s)
14:02:40  src.cpcv.models.tree_models  INFO  RandomForest fitted: 520 samples, 18 features, 250 trees.
14:02:40  src.cpcv.pipeline  INFO    [104/168]        random_forest (seed=1) F1=0.353  AUC=0.455  LL=0.7067 (0.7s)
14:02:40  src.cpcv.models.tree_models  INFO  RandomForest fitted: 520 samples, 18 features, 250 trees.
14:02:41  src.cpcv.pipeline  INFO    [105/168]        random_forest (seed=2) F1=0.355  AUC=0.464  LL=0.7083 (0.7s)
14:02:41  src.cpcv.models.tree_models  INFO  XGBoost fitted: 520 samples, early stopped at iteration 0/300.
14:02:41  src.cpcv.pipeline  INFO    [106/168]              xgboost (seed=0) F1=0.338  AUC=0.449  LL=0.7044 (0.0s)
14:02:41  src.cpcv.models.tree_models  INFO  XGBoost fitted: 520 samples, early stopped at iteration 5/300.
14:02:41  src.cpcv.pipeline  INFO    [107/168]              xgboost (seed=1) F1=0.352  AUC=0.445  LL=0.7059 (0.1s)
14:02:41  src.cpcv.models.tree_models  INFO  XGBoost fitted: 520 samples, early stopped at iteration 2/300.
14:02:41  src.cpcv.pipeline  INFO    [108/168]              xgboost (seed=2) F1=0.343  AUC=0.451  LL=0.7095 (0.0s)
14:02:41  src.cpcv.preprocessing  INFO  Computing MDA (Random Forest)...
14:03:02  src.cpcv.preprocessing  INFO  Computing MDA (Logistic Regression)...
14:03:03  src.cpcv.preprocessing  INFO  Multi-model MDA: 21/62 passed (MDA > 0), 41 eliminated
14:03:03  src.cpcv.preprocessing  INFO    Capped at 18 features (top_k_frac=0.3)
14:03:03  src.cpcv.preprocessing  INFO    Selected (18): ['eth_btc_ratio', 'gold_ret_30', 'hurst', 'log_returns', 'log_returns_lag1', 'log_returns_lag2', 'log_returns_lag7', 'lz_complexity', 'mvrv', 'natgas_ret_30', 'negentropy', 'realized_vol', 'sadf', 'stoch_d', 'tx_count_roc_14', 'variance_ratio', 'yield_curve_10y30y', 'yz_vol']
14:03:03  src.cpcv.pipeline  INFO    Preprocessing: 18 features selected, train=528 + cal=133, test=288
14:03:03  src.cpcv.tuning  INFO  Tuning (2 models) — Optuna TPE + Purged K-Fold (inner: 3 folds, embargo=10 obs)
14:03:03  src.cpcv.tuning  INFO    [tuning] random_forest: 3 purged K-fold splits, 30 Optuna trials (TPE)
14:03:52  src.cpcv.tuning  INFO      random_forest: 30 completed, 0 pruned (of 30 total) — best log_loss=0.6859, params={'n_estimators': 250, 'max_depth': 3, 'min_samples_leaf': 21, 'max_features': 'sqrt'}
14:03:52  src.cpcv.tuning  INFO    [tuning] random_forest done in 48.8s — best log_loss=0.6859
14:03:52  src.cpcv.tuning  INFO    [tuning] xgboost: 3 purged K-fold splits, 30 Optuna trials (TPE)
14:03:56  src.cpcv.tuning  INFO      xgboost: 29 completed, 1 pruned (of 30 total) — best log_loss=0.6768, params={'max_depth': 2, 'learning_rate': 0.19832768836454037, 'min_child_weight': 8, 'subsample': 0.8664275772123882, 'colsample_bytree': 0.8153563833893513, 'gamma': 1.0747235991661924e-08, 'reg_alpha': 4.604019696835727e-08, 'reg_lambda': 5.090850119300536e-08}
14:03:56  src.cpcv.tuning  INFO    [tuning] xgboost done in 4.7s — best log_loss=0.6768
14:03:56  src.cpcv.tuning  INFO  Tuning total: 53.5s
14:03:56  src.cpcv.pipeline  INFO      applied random_forest: {'n_estimators': 250, 'max_depth': 3, 'min_samples_leaf': 21, 'max_features': 'sqrt'}
14:03:56  src.cpcv.pipeline  INFO      applied xgboost: {'max_depth': 2, 'learning_rate': 0.19832768836454037, 'min_child_weight': 8, 'subsample': 0.8664275772123882, 'colsample_bytree': 0.8153563833893513, 'gamma': 1.0747235991661924e-08, 'reg_alpha': 4.604019696835727e-08, 'reg_lambda': 5.090850119300536e-08}
14:03:57  src.cpcv.models.tree_models  INFO  RandomForest fitted: 528 samples, 18 features, 250 trees.
14:03:57  src.cpcv.pipeline  INFO    [109/168]        random_forest (seed=0) F1=0.409  AUC=0.523  LL=0.6799 (0.7s)
14:03:58  src.cpcv.models.tree_models  INFO  RandomForest fitted: 528 samples, 18 features, 250 trees.
14:03:58  src.cpcv.pipeline  INFO    [110/168]        random_forest (seed=1) F1=0.392  AUC=0.541  LL=0.6757 (0.7s)
14:03:58  src.cpcv.models.tree_models  INFO  RandomForest fitted: 528 samples, 18 features, 250 trees.
14:03:59  src.cpcv.pipeline  INFO    [111/168]        random_forest (seed=2) F1=0.404  AUC=0.521  LL=0.6784 (0.7s)
14:03:59  src.cpcv.models.tree_models  INFO  XGBoost fitted: 528 samples, early stopped at iteration 6/300.
14:03:59  src.cpcv.pipeline  INFO    [112/168]              xgboost (seed=0) F1=0.434  AUC=0.537  LL=0.6774 (0.0s)
14:03:59  src.cpcv.models.tree_models  INFO  XGBoost fitted: 528 samples, early stopped at iteration 1/300.
14:03:59  src.cpcv.pipeline  INFO    [113/168]              xgboost (seed=1) F1=0.424  AUC=0.498  LL=0.7017 (0.0s)
14:03:59  src.cpcv.models.tree_models  INFO  XGBoost fitted: 528 samples, early stopped at iteration 0/300.
14:03:59  src.cpcv.pipeline  INFO    [114/168]              xgboost (seed=2) F1=0.368  AUC=0.481  LL=0.6873 (0.0s)
14:03:59  src.cpcv.preprocessing  INFO  Computing MDA (Random Forest)...
14:04:19  src.cpcv.preprocessing  INFO  Computing MDA (Logistic Regression)...
14:04:20  src.cpcv.preprocessing  INFO  Multi-model MDA: 18/62 passed (MDA > 0), 44 eliminated
14:04:20  src.cpcv.preprocessing  INFO    Selected (18): ['copper_ret_30', 'eth_btc_ratio', 'exchange_supply_pct', 'gold_ret_30', 'hurst', 'issuance_ntv', 'jarque_bera', 'kurtosis', 'mfi_14', 'natgas_ret_30', 'negentropy', 'net_exchange_flow', 'obv', 'oil_ret_30', 'roc_14', 'shannon_entropy', 'skewness', 'smt_poly1']
14:04:20  src.cpcv.pipeline  INFO    Preprocessing: 18 features selected, train=518 + cal=130, test=288
14:04:20  src.cpcv.tuning  INFO  Tuning (2 models) — Optuna TPE + Purged K-Fold (inner: 3 folds, embargo=10 obs)
14:04:20  src.cpcv.tuning  INFO    [tuning] random_forest: 3 purged K-fold splits, 30 Optuna trials (TPE)
14:04:56  src.cpcv.tuning  INFO      random_forest: 13 completed, 17 pruned (of 30 total) — best log_loss=0.6917, params={'n_estimators': 200, 'max_depth': 2, 'min_samples_leaf': 19, 'max_features': 'log2'}
14:04:56  src.cpcv.tuning  INFO    [tuning] random_forest done in 36.2s — best log_loss=0.6917
14:04:56  src.cpcv.tuning  INFO    [tuning] xgboost: 3 purged K-fold splits, 30 Optuna trials (TPE)
14:05:00  src.cpcv.tuning  INFO      xgboost: 11 completed, 19 pruned (of 30 total) — best log_loss=0.6847, params={'max_depth': 2, 'learning_rate': 0.2536999076681772, 'min_child_weight': 24, 'subsample': 0.8394633936788146, 'colsample_bytree': 0.6624074561769746, 'gamma': 1.7699302940633311e-07, 'reg_alpha': 3.3323645788192616e-08, 'reg_lambda': 0.6245760287469893}
14:05:00  src.cpcv.tuning  INFO    [tuning] xgboost done in 3.1s — best log_loss=0.6847
14:05:00  src.cpcv.tuning  INFO  Tuning total: 39.3s
14:05:00  src.cpcv.pipeline  INFO      applied random_forest: {'n_estimators': 200, 'max_depth': 2, 'min_samples_leaf': 19, 'max_features': 'log2'}
14:05:00  src.cpcv.pipeline  INFO      applied xgboost: {'max_depth': 2, 'learning_rate': 0.2536999076681772, 'min_child_weight': 24, 'subsample': 0.8394633936788146, 'colsample_bytree': 0.6624074561769746, 'gamma': 1.7699302940633311e-07, 'reg_alpha': 3.3323645788192616e-08, 'reg_lambda': 0.6245760287469893}
14:05:00  src.cpcv.models.tree_models  INFO  RandomForest fitted: 518 samples, 18 features, 200 trees.
14:05:00  src.cpcv.pipeline  INFO    [115/168]        random_forest (seed=0) F1=0.527  AUC=0.515  LL=0.6947 (0.7s)
14:05:01  src.cpcv.models.tree_models  INFO  RandomForest fitted: 518 samples, 18 features, 200 trees.
14:05:01  src.cpcv.pipeline  INFO    [116/168]        random_forest (seed=1) F1=0.492  AUC=0.514  LL=0.7074 (0.6s)
14:05:01  src.cpcv.models.tree_models  INFO  RandomForest fitted: 518 samples, 18 features, 200 trees.
14:05:01  src.cpcv.pipeline  INFO    [117/168]        random_forest (seed=2) F1=0.499  AUC=0.497  LL=0.6948 (0.6s)
14:05:01  src.cpcv.models.tree_models  INFO  XGBoost fitted: 518 samples, early stopped at iteration 1/300.
14:05:02  src.cpcv.pipeline  INFO    [118/168]              xgboost (seed=0) F1=0.430  AUC=0.502  LL=0.6939 (0.0s)
14:05:02  src.cpcv.models.tree_models  INFO  XGBoost fitted: 518 samples, early stopped at iteration 4/300.
14:05:02  src.cpcv.pipeline  INFO    [119/168]              xgboost (seed=1) F1=0.480  AUC=0.510  LL=0.6924 (0.0s)
14:05:02  src.cpcv.models.tree_models  INFO  XGBoost fitted: 518 samples, early stopped at iteration 13/300.
14:05:02  src.cpcv.pipeline  INFO    [120/168]              xgboost (seed=2) F1=0.507  AUC=0.515  LL=0.7019 (0.1s)
14:05:02  src.cpcv.preprocessing  INFO  Computing MDA (Random Forest)...
14:05:23  src.cpcv.preprocessing  INFO  Computing MDA (Logistic Regression)...
14:05:24  src.cpcv.preprocessing  INFO  Multi-model MDA: 29/62 passed (MDA > 0), 33 eliminated
14:05:24  src.cpcv.preprocessing  INFO    Capped at 18 features (top_k_frac=0.3)
14:05:24  src.cpcv.preprocessing  INFO    Selected (18): ['bb_width', 'chaikin_osc', 'copper_ret_30', 'eth_btc_ratio', 'exchange_supply_pct', 'fee_per_tx', 'gold_ret_30', 'jarque_bera', 'log_returns_lag14', 'log_returns_lag3', 'macd_hist', 'net_exchange_flow', 'oil_ret_30', 'roc_14', 'silver_ret_30', 'skewness', 'tx_count_roc_14', 'vol_term_7_30']
14:05:24  src.cpcv.pipeline  INFO    Preprocessing: 18 features selected, train=519 + cal=130, test=288
14:05:24  src.cpcv.tuning  INFO  Tuning (2 models) — Optuna TPE + Purged K-Fold (inner: 3 folds, embargo=10 obs)
14:05:24  src.cpcv.tuning  INFO    [tuning] random_forest: 3 purged K-fold splits, 30 Optuna trials (TPE)
14:06:08  src.cpcv.tuning  INFO      random_forest: 16 completed, 14 pruned (of 30 total) — best log_loss=0.6866, params={'n_estimators': 250, 'max_depth': 2, 'min_samples_leaf': 15, 'max_features': 'sqrt'}
14:06:08  src.cpcv.tuning  INFO    [tuning] random_forest done in 43.6s — best log_loss=0.6866
14:06:08  src.cpcv.tuning  INFO    [tuning] xgboost: 3 purged K-fold splits, 30 Optuna trials (TPE)
14:06:11  src.cpcv.tuning  INFO      xgboost: 8 completed, 22 pruned (of 30 total) — best log_loss=0.6809, params={'max_depth': 2, 'learning_rate': 0.1847653614581402, 'min_child_weight': 13, 'subsample': 0.8505915654206465, 'colsample_bytree': 0.800088384752053, 'gamma': 6.064709021823581e-07, 'reg_alpha': 5.415942384949896e-07, 'reg_lambda': 0.1473357711352491}
14:06:11  src.cpcv.tuning  INFO    [tuning] xgboost done in 3.6s — best log_loss=0.6809
14:06:11  src.cpcv.tuning  INFO  Tuning total: 47.2s
14:06:11  src.cpcv.pipeline  INFO      applied random_forest: {'n_estimators': 250, 'max_depth': 2, 'min_samples_leaf': 15, 'max_features': 'sqrt'}
14:06:11  src.cpcv.pipeline  INFO      applied xgboost: {'max_depth': 2, 'learning_rate': 0.1847653614581402, 'min_child_weight': 13, 'subsample': 0.8505915654206465, 'colsample_bytree': 0.800088384752053, 'gamma': 6.064709021823581e-07, 'reg_alpha': 5.415942384949896e-07, 'reg_lambda': 0.1473357711352491}
14:06:12  src.cpcv.models.tree_models  INFO  RandomForest fitted: 519 samples, 18 features, 250 trees.
14:06:12  src.cpcv.pipeline  INFO    [121/168]        random_forest (seed=0) F1=0.435  AUC=0.453  LL=0.7245 (0.7s)
14:06:13  src.cpcv.models.tree_models  INFO  RandomForest fitted: 519 samples, 18 features, 250 trees.
14:06:13  src.cpcv.pipeline  INFO    [122/168]        random_forest (seed=1) F1=0.395  AUC=0.456  LL=0.7229 (0.7s)
14:06:14  src.cpcv.models.tree_models  INFO  RandomForest fitted: 519 samples, 18 features, 250 trees.
14:06:14  src.cpcv.pipeline  INFO    [123/168]        random_forest (seed=2) F1=0.433  AUC=0.451  LL=0.7367 (0.8s)
14:06:14  src.cpcv.models.tree_models  INFO  XGBoost fitted: 519 samples, early stopped at iteration 11/300.
14:06:14  src.cpcv.pipeline  INFO    [124/168]              xgboost (seed=0) F1=0.452  AUC=0.481  LL=0.7348 (0.1s)
14:06:14  src.cpcv.models.tree_models  INFO  XGBoost fitted: 519 samples, early stopped at iteration 17/300.
14:06:14  src.cpcv.pipeline  INFO    [125/168]              xgboost (seed=1) F1=0.460  AUC=0.521  LL=0.6908 (0.1s)
14:06:14  src.cpcv.models.tree_models  INFO  XGBoost fitted: 519 samples, early stopped at iteration 3/300.
14:06:14  src.cpcv.pipeline  INFO    [126/168]              xgboost (seed=2) F1=0.462  AUC=0.459  LL=0.7253 (0.0s)
14:06:14  src.cpcv.preprocessing  INFO  Computing MDA (Random Forest)...
14:06:36  src.cpcv.preprocessing  INFO  Computing MDA (Logistic Regression)...
14:06:37  src.cpcv.preprocessing  INFO  Multi-model MDA: 38/62 passed (MDA > 0), 24 eliminated
14:06:37  src.cpcv.preprocessing  INFO    Capped at 18 features (top_k_frac=0.3)
14:06:37  src.cpcv.preprocessing  INFO    Selected (18): ['bb_width', 'ema_ratio_20_50', 'eth_btc_ratio', 'exchange_supply_pct', 'fee_per_tx', 'gk_vol', 'hurst', 'log_returns_lag1', 'roc_14', 'shannon_entropy', 'silver_ret_30', 'smt_exp', 'smt_poly1', 'sp500_ret_30', 'tx_count_roc_14', 'us10y', 'vol_term_30_90', 'yz_vol']
14:06:37  src.cpcv.pipeline  INFO    Preprocessing: 18 features selected, train=520 + cal=131, test=295
14:06:37  src.cpcv.tuning  INFO  Tuning (2 models) — Optuna TPE + Purged K-Fold (inner: 3 folds, embargo=10 obs)
14:06:37  src.cpcv.tuning  INFO    [tuning] random_forest: 3 purged K-fold splits, 30 Optuna trials (TPE)
14:07:17  src.cpcv.tuning  INFO      random_forest: 18 completed, 12 pruned (of 30 total) — best log_loss=0.6810, params={'n_estimators': 250, 'max_depth': 3, 'min_samples_leaf': 21, 'max_features': 'log2'}
14:07:17  src.cpcv.tuning  INFO    [tuning] random_forest done in 40.9s — best log_loss=0.6810
14:07:17  src.cpcv.tuning  INFO    [tuning] xgboost: 3 purged K-fold splits, 30 Optuna trials (TPE)
14:07:24  src.cpcv.tuning  INFO      xgboost: 20 completed, 10 pruned (of 30 total) — best log_loss=0.6694, params={'max_depth': 3, 'learning_rate': 0.03846197555872821, 'min_child_weight': 14, 'subsample': 0.8539255025406916, 'colsample_bytree': 0.8876472159815806, 'gamma': 8.377026511159197e-05, 'reg_alpha': 0.03283674987815678, 'reg_lambda': 6.396816954374914e-06}
14:07:24  src.cpcv.tuning  INFO    [tuning] xgboost done in 6.2s — best log_loss=0.6694
14:07:24  src.cpcv.tuning  INFO  Tuning total: 47.1s
14:07:24  src.cpcv.pipeline  INFO      applied random_forest: {'n_estimators': 250, 'max_depth': 3, 'min_samples_leaf': 21, 'max_features': 'log2'}
14:07:24  src.cpcv.pipeline  INFO      applied xgboost: {'max_depth': 3, 'learning_rate': 0.03846197555872821, 'min_child_weight': 14, 'subsample': 0.8539255025406916, 'colsample_bytree': 0.8876472159815806, 'gamma': 8.377026511159197e-05, 'reg_alpha': 0.03283674987815678, 'reg_lambda': 6.396816954374914e-06}
14:07:24  src.cpcv.models.tree_models  INFO  RandomForest fitted: 520 samples, 18 features, 250 trees.
14:07:25  src.cpcv.pipeline  INFO    [127/168]        random_forest (seed=0) F1=0.522  AUC=0.491  LL=0.7061 (0.9s)
14:07:25  src.cpcv.models.tree_models  INFO  RandomForest fitted: 520 samples, 18 features, 250 trees.
14:07:25  src.cpcv.pipeline  INFO    [128/168]        random_forest (seed=1) F1=0.510  AUC=0.485  LL=0.7078 (0.8s)
14:07:26  src.cpcv.models.tree_models  INFO  RandomForest fitted: 520 samples, 18 features, 250 trees.
14:07:26  src.cpcv.pipeline  INFO    [129/168]        random_forest (seed=2) F1=0.467  AUC=0.488  LL=0.6910 (0.8s)
14:07:26  src.cpcv.models.tree_models  INFO  XGBoost fitted: 520 samples, early stopped at iteration 4/300.
14:07:26  src.cpcv.pipeline  INFO    [130/168]              xgboost (seed=0) F1=0.360  AUC=0.496  LL=0.7672 (0.1s)
14:07:26  src.cpcv.models.tree_models  INFO  XGBoost fitted: 520 samples, early stopped at iteration 2/300.
14:07:26  src.cpcv.pipeline  INFO    [131/168]              xgboost (seed=1) F1=0.360  AUC=0.515  LL=0.6868 (0.1s)
14:07:26  src.cpcv.models.tree_models  INFO  XGBoost fitted: 520 samples, early stopped at iteration 1/300.
14:07:26  src.cpcv.pipeline  INFO    [132/168]              xgboost (seed=2) F1=0.436  AUC=0.471  LL=0.7285 (0.1s)
14:07:27  src.cpcv.preprocessing  INFO  Computing MDA (Random Forest)...
14:07:47  src.cpcv.preprocessing  INFO  Computing MDA (Logistic Regression)...
14:07:48  src.cpcv.preprocessing  INFO  Multi-model MDA: 32/62 passed (MDA > 0), 30 eliminated
14:07:48  src.cpcv.preprocessing  INFO    Capped at 18 features (top_k_frac=0.3)
14:07:48  src.cpcv.preprocessing  INFO    Selected (18): ['active_addr_roc_14', 'atr', 'cci_14', 'ema_ratio_20_50', 'exchange_supply_pct', 'kurtosis', 'log_returns_lag7', 'lz_complexity', 'macd', 'macd_hist', 'mvrv', 'nasdaq_ret_30', 'natgas_ret_30', 'negentropy', 'roc_14', 'rsi', 'stoch_k', 'us2y']
14:07:48  src.cpcv.pipeline  INFO    Preprocessing: 18 features selected, train=528 + cal=133, test=288
14:07:48  src.cpcv.tuning  INFO  Tuning (2 models) — Optuna TPE + Purged K-Fold (inner: 3 folds, embargo=10 obs)
14:07:48  src.cpcv.tuning  INFO    [tuning] random_forest: 3 purged K-fold splits, 30 Optuna trials (TPE)
14:08:25  src.cpcv.tuning  INFO      random_forest: 15 completed, 15 pruned (of 30 total) — best log_loss=0.6966, params={'n_estimators': 200, 'max_depth': 2, 'min_samples_leaf': 40, 'max_features': 'log2'}
14:08:25  src.cpcv.tuning  INFO    [tuning] random_forest done in 36.9s — best log_loss=0.6966
14:08:25  src.cpcv.tuning  INFO    [tuning] xgboost: 3 purged K-fold splits, 30 Optuna trials (TPE)
14:08:29  src.cpcv.tuning  INFO      xgboost: 20 completed, 10 pruned (of 30 total) — best log_loss=0.6803, params={'max_depth': 3, 'learning_rate': 0.09021059448339981, 'min_child_weight': 12, 'subsample': 0.6623466486757353, 'colsample_bytree': 0.7993352546219619, 'gamma': 0.0412039154874027, 'reg_alpha': 2.1340450962370895e-06, 'reg_lambda': 0.0009552593569639442}
14:08:29  src.cpcv.tuning  INFO    [tuning] xgboost done in 4.2s — best log_loss=0.6803
14:08:29  src.cpcv.tuning  INFO  Tuning total: 41.1s
14:08:29  src.cpcv.pipeline  INFO      applied random_forest: {'n_estimators': 200, 'max_depth': 2, 'min_samples_leaf': 40, 'max_features': 'log2'}
14:08:29  src.cpcv.pipeline  INFO      applied xgboost: {'max_depth': 3, 'learning_rate': 0.09021059448339981, 'min_child_weight': 12, 'subsample': 0.6623466486757353, 'colsample_bytree': 0.7993352546219619, 'gamma': 0.0412039154874027, 'reg_alpha': 2.1340450962370895e-06, 'reg_lambda': 0.0009552593569639442}
14:08:29  src.cpcv.models.tree_models  INFO  RandomForest fitted: 528 samples, 18 features, 200 trees.
14:08:30  src.cpcv.pipeline  INFO    [133/168]        random_forest (seed=0) F1=0.395  AUC=0.497  LL=0.6893 (0.6s)
14:08:30  src.cpcv.models.tree_models  INFO  RandomForest fitted: 528 samples, 18 features, 200 trees.
14:08:30  src.cpcv.pipeline  INFO    [134/168]        random_forest (seed=1) F1=0.381  AUC=0.478  LL=0.6907 (0.5s)
14:08:31  src.cpcv.models.tree_models  INFO  RandomForest fitted: 528 samples, 18 features, 200 trees.
14:08:31  src.cpcv.pipeline  INFO    [135/168]        random_forest (seed=2) F1=0.387  AUC=0.477  LL=0.6925 (0.6s)
14:08:31  src.cpcv.models.tree_models  INFO  XGBoost fitted: 528 samples, early stopped at iteration 6/300.
14:08:31  src.cpcv.pipeline  INFO    [136/168]              xgboost (seed=0) F1=0.472  AUC=0.453  LL=0.6969 (0.1s)
14:08:31  src.cpcv.models.tree_models  INFO  XGBoost fitted: 528 samples, early stopped at iteration 17/300.
14:08:31  src.cpcv.pipeline  INFO    [137/168]              xgboost (seed=1) F1=0.449  AUC=0.477  LL=0.7108 (0.1s)
14:08:31  src.cpcv.models.tree_models  INFO  XGBoost fitted: 528 samples, early stopped at iteration 26/300.
14:08:31  src.cpcv.pipeline  INFO    [138/168]              xgboost (seed=2) F1=0.473  AUC=0.523  LL=0.6901 (0.1s)
14:08:31  src.cpcv.preprocessing  INFO  Computing MDA (Random Forest)...
14:08:52  src.cpcv.preprocessing  INFO  Computing MDA (Logistic Regression)...
14:08:52  src.cpcv.preprocessing  INFO  Multi-model MDA: 42/62 passed (MDA > 0), 20 eliminated
14:08:52  src.cpcv.preprocessing  INFO    Capped at 18 features (top_k_frac=0.3)
14:08:52  src.cpcv.preprocessing  INFO    Selected (18): ['eth_btc_ratio', 'gk_vol', 'hurst', 'kurtosis', 'macd', 'nasdaq_ret_30', 'oil_ret_30', 'roc_14', 'rsi', 'sadf', 'silver_ret_30', 'skewness', 'smt_exp', 'vix', 'vwma_ratio_20_50', 'williams_r', 'yield_curve_10y30y', 'yz_vol']
14:08:52  src.cpcv.pipeline  INFO    Preprocessing: 18 features selected, train=519 + cal=130, test=288
14:08:52  src.cpcv.tuning  INFO  Tuning (2 models) — Optuna TPE + Purged K-Fold (inner: 3 folds, embargo=10 obs)
14:08:52  src.cpcv.tuning  INFO    [tuning] random_forest: 3 purged K-fold splits, 30 Optuna trials (TPE)
14:09:32  src.cpcv.tuning  INFO      random_forest: 20 completed, 10 pruned (of 30 total) — best log_loss=0.6766, params={'n_estimators': 200, 'max_depth': 5, 'min_samples_leaf': 18, 'max_features': 'log2'}
14:09:32  src.cpcv.tuning  INFO    [tuning] random_forest done in 39.1s — best log_loss=0.6766
14:09:32  src.cpcv.tuning  INFO    [tuning] xgboost: 3 purged K-fold splits, 30 Optuna trials (TPE)
14:09:37  src.cpcv.tuning  INFO      xgboost: 9 completed, 21 pruned (of 30 total) — best log_loss=0.6656, params={'max_depth': 2, 'learning_rate': 0.2936518486811384, 'min_child_weight': 18, 'subsample': 0.764321447048622, 'colsample_bytree': 0.8622917419242879, 'gamma': 7.260399224882248e-05, 'reg_alpha': 0.0004216289451032701, 'reg_lambda': 9.372376458918428e-08}
14:09:37  src.cpcv.tuning  INFO    [tuning] xgboost done in 5.0s — best log_loss=0.6656
14:09:37  src.cpcv.tuning  INFO  Tuning total: 44.1s
14:09:37  src.cpcv.pipeline  INFO      applied random_forest: {'n_estimators': 200, 'max_depth': 5, 'min_samples_leaf': 18, 'max_features': 'log2'}
14:09:37  src.cpcv.pipeline  INFO      applied xgboost: {'max_depth': 2, 'learning_rate': 0.2936518486811384, 'min_child_weight': 18, 'subsample': 0.764321447048622, 'colsample_bytree': 0.8622917419242879, 'gamma': 7.260399224882248e-05, 'reg_alpha': 0.0004216289451032701, 'reg_lambda': 9.372376458918428e-08}
14:09:37  src.cpcv.models.tree_models  INFO  RandomForest fitted: 519 samples, 18 features, 200 trees.
14:09:37  src.cpcv.pipeline  INFO    [139/168]        random_forest (seed=0) F1=0.461  AUC=0.555  LL=0.6801 (0.6s)
14:09:38  src.cpcv.models.tree_models  INFO  RandomForest fitted: 519 samples, 18 features, 200 trees.
14:09:38  src.cpcv.pipeline  INFO    [140/168]        random_forest (seed=1) F1=0.476  AUC=0.540  LL=0.6822 (0.6s)
14:09:38  src.cpcv.models.tree_models  INFO  RandomForest fitted: 519 samples, 18 features, 200 trees.
14:09:38  src.cpcv.pipeline  INFO    [141/168]        random_forest (seed=2) F1=0.486  AUC=0.551  LL=0.6795 (0.6s)
14:09:38  src.cpcv.models.tree_models  INFO  XGBoost fitted: 519 samples, early stopped at iteration 8/300.
14:09:38  src.cpcv.pipeline  INFO    [142/168]              xgboost (seed=0) F1=0.535  AUC=0.551  LL=0.6849 (0.0s)
14:09:38  src.cpcv.models.tree_models  INFO  XGBoost fitted: 519 samples, early stopped at iteration 0/300.
14:09:38  src.cpcv.pipeline  INFO    [143/168]              xgboost (seed=1) F1=0.492  AUC=0.525  LL=0.6820 (0.0s)
14:09:38  src.cpcv.models.tree_models  INFO  XGBoost fitted: 519 samples, early stopped at iteration 0/300.
14:09:38  src.cpcv.pipeline  INFO    [144/168]              xgboost (seed=2) F1=0.463  AUC=0.462  LL=0.6999 (0.0s)
14:09:39  src.cpcv.preprocessing  INFO  Computing MDA (Random Forest)...
14:10:00  src.cpcv.preprocessing  INFO  Computing MDA (Logistic Regression)...
14:10:01  src.cpcv.preprocessing  INFO  Multi-model MDA: 17/62 passed (MDA > 0), 45 eliminated
14:10:01  src.cpcv.preprocessing  INFO    Selected (17): ['active_addr_roc_14', 'dxy_roc_30', 'eth_btc_ratio', 'exchange_supply_pct', 'hurst', 'kurtosis', 'log_returns_lag3', 'lz_complexity', 'macd_signal', 'nasdaq_ret_30', 'sadf', 'smt_poly1', 'tx_count_roc_14', 'us2y', 'vol_term_30_90', 'williams_r', 'yz_vol']
14:10:01  src.cpcv.pipeline  INFO    Preprocessing: 17 features selected, train=520 + cal=131, test=295
14:10:01  src.cpcv.tuning  INFO  Tuning (2 models) — Optuna TPE + Purged K-Fold (inner: 3 folds, embargo=10 obs)
14:10:01  src.cpcv.tuning  INFO    [tuning] random_forest: 3 purged K-fold splits, 30 Optuna trials (TPE)
14:10:39  src.cpcv.tuning  INFO      random_forest: 16 completed, 14 pruned (of 30 total) — best log_loss=0.6761, params={'n_estimators': 200, 'max_depth': 3, 'min_samples_leaf': 18, 'max_features': 'log2'}
14:10:39  src.cpcv.tuning  INFO    [tuning] random_forest done in 38.0s — best log_loss=0.6761
14:10:39  src.cpcv.tuning  INFO    [tuning] xgboost: 3 purged K-fold splits, 30 Optuna trials (TPE)
14:10:45  src.cpcv.tuning  INFO      xgboost: 23 completed, 7 pruned (of 30 total) — best log_loss=0.6720, params={'max_depth': 3, 'learning_rate': 0.036368174009388174, 'min_child_weight': 11, 'subsample': 0.7759796818113128, 'colsample_bytree': 0.7230097336463073, 'gamma': 0.0025728761060835777, 'reg_alpha': 0.00013730750409712947, 'reg_lambda': 0.011170882230115881}
14:10:45  src.cpcv.tuning  INFO    [tuning] xgboost done in 6.2s — best log_loss=0.6720
14:10:45  src.cpcv.tuning  INFO  Tuning total: 44.2s
14:10:45  src.cpcv.pipeline  INFO      applied random_forest: {'n_estimators': 200, 'max_depth': 3, 'min_samples_leaf': 18, 'max_features': 'log2'}
14:10:45  src.cpcv.pipeline  INFO      applied xgboost: {'max_depth': 3, 'learning_rate': 0.036368174009388174, 'min_child_weight': 11, 'subsample': 0.7759796818113128, 'colsample_bytree': 0.7230097336463073, 'gamma': 0.0025728761060835777, 'reg_alpha': 0.00013730750409712947, 'reg_lambda': 0.011170882230115881}
14:10:46  src.cpcv.models.tree_models  INFO  RandomForest fitted: 520 samples, 17 features, 200 trees.
14:10:46  src.cpcv.pipeline  INFO    [145/168]        random_forest (seed=0) F1=0.436  AUC=0.528  LL=0.6822 (0.6s)
14:10:46  src.cpcv.models.tree_models  INFO  RandomForest fitted: 520 samples, 17 features, 200 trees.
14:10:46  src.cpcv.pipeline  INFO    [146/168]        random_forest (seed=1) F1=0.462  AUC=0.515  LL=0.6848 (0.6s)
14:10:47  src.cpcv.models.tree_models  INFO  RandomForest fitted: 520 samples, 17 features, 200 trees.
14:10:47  src.cpcv.pipeline  INFO    [147/168]        random_forest (seed=2) F1=0.436  AUC=0.532  LL=0.6824 (0.5s)
14:10:47  src.cpcv.models.tree_models  INFO  XGBoost fitted: 520 samples, early stopped at iteration 8/300.
14:10:47  src.cpcv.pipeline  INFO    [148/168]              xgboost (seed=0) F1=0.492  AUC=0.551  LL=0.6808 (0.1s)
14:10:47  src.cpcv.models.tree_models  INFO  XGBoost fitted: 520 samples, early stopped at iteration 22/300.
14:10:47  src.cpcv.pipeline  INFO    [149/168]              xgboost (seed=1) F1=0.513  AUC=0.526  LL=0.6902 (0.1s)
14:10:47  src.cpcv.models.tree_models  INFO  XGBoost fitted: 520 samples, early stopped at iteration 26/300.
14:10:47  src.cpcv.pipeline  INFO    [150/168]              xgboost (seed=2) F1=0.501  AUC=0.531  LL=0.6860 (0.1s)
14:10:47  src.cpcv.preprocessing  INFO  Computing MDA (Random Forest)...
14:11:09  src.cpcv.preprocessing  INFO  Computing MDA (Logistic Regression)...
14:11:09  src.cpcv.preprocessing  INFO  Multi-model MDA: 41/62 passed (MDA > 0), 21 eliminated
14:11:09  src.cpcv.preprocessing  INFO    Capped at 18 features (top_k_frac=0.3)
14:11:09  src.cpcv.preprocessing  INFO    Selected (18): ['active_addr_roc_14', 'eth_btc_ratio', 'exchange_supply_pct', 'kurtosis', 'log_returns', 'log_returns_lag14', 'mfi_14', 'mvrv', 'negentropy', 'roc_14', 'silver_ret_30', 'smt_exp', 'smt_poly1', 'tx_count_roc_14', 'vix', 'vwma_ratio_20_50', 'williams_r', 'yz_vol']
14:11:09  src.cpcv.pipeline  INFO    Preprocessing: 18 features selected, train=527 + cal=132, test=288
14:11:09  src.cpcv.tuning  INFO  Tuning (2 models) — Optuna TPE + Purged K-Fold (inner: 3 folds, embargo=10 obs)
14:11:09  src.cpcv.tuning  INFO    [tuning] random_forest: 3 purged K-fold splits, 30 Optuna trials (TPE)
14:11:48  src.cpcv.tuning  INFO      random_forest: 19 completed, 11 pruned (of 30 total) — best log_loss=0.6853, params={'n_estimators': 150, 'max_depth': 2, 'min_samples_leaf': 30, 'max_features': 'log2'}
14:11:48  src.cpcv.tuning  INFO    [tuning] random_forest done in 38.1s — best log_loss=0.6853
14:11:48  src.cpcv.tuning  INFO    [tuning] xgboost: 3 purged K-fold splits, 30 Optuna trials (TPE)
14:11:51  src.cpcv.tuning  INFO      xgboost: 10 completed, 20 pruned (of 30 total) — best log_loss=0.6795, params={'max_depth': 2, 'learning_rate': 0.22662749584069328, 'min_child_weight': 14, 'subsample': 0.838376913127486, 'colsample_bytree': 0.724418466132938, 'gamma': 6.584306220108624e-07, 'reg_alpha': 1.1303687632778466e-06, 'reg_lambda': 6.483386457332887e-05}
14:11:51  src.cpcv.tuning  INFO    [tuning] xgboost done in 3.5s — best log_loss=0.6795
14:11:51  src.cpcv.tuning  INFO  Tuning total: 41.6s
14:11:51  src.cpcv.pipeline  INFO      applied random_forest: {'n_estimators': 150, 'max_depth': 2, 'min_samples_leaf': 30, 'max_features': 'log2'}
14:11:51  src.cpcv.pipeline  INFO      applied xgboost: {'max_depth': 2, 'learning_rate': 0.22662749584069328, 'min_child_weight': 14, 'subsample': 0.838376913127486, 'colsample_bytree': 0.724418466132938, 'gamma': 6.584306220108624e-07, 'reg_alpha': 1.1303687632778466e-06, 'reg_lambda': 6.483386457332887e-05}
14:11:52  src.cpcv.models.tree_models  INFO  RandomForest fitted: 527 samples, 18 features, 150 trees.
14:11:52  src.cpcv.pipeline  INFO    [151/168]        random_forest (seed=0) F1=0.565  AUC=0.568  LL=0.6926 (0.6s)
14:11:52  src.cpcv.models.tree_models  INFO  RandomForest fitted: 527 samples, 18 features, 150 trees.
14:11:52  src.cpcv.pipeline  INFO    [152/168]        random_forest (seed=1) F1=0.548  AUC=0.563  LL=0.6852 (0.5s)
14:11:53  src.cpcv.models.tree_models  INFO  RandomForest fitted: 527 samples, 18 features, 150 trees.
14:11:53  src.cpcv.pipeline  INFO    [153/168]        random_forest (seed=2) F1=0.526  AUC=0.559  LL=0.6941 (0.5s)
14:11:53  src.cpcv.models.tree_models  INFO  XGBoost fitted: 527 samples, early stopped at iteration 11/300.
14:11:53  src.cpcv.pipeline  INFO    [154/168]              xgboost (seed=0) F1=0.531  AUC=0.571  LL=0.6826 (0.1s)
14:11:53  src.cpcv.models.tree_models  INFO  XGBoost fitted: 527 samples, early stopped at iteration 25/300.
14:11:53  src.cpcv.pipeline  INFO    [155/168]              xgboost (seed=1) F1=0.541  AUC=0.544  LL=0.6962 (0.1s)
14:11:53  src.cpcv.models.tree_models  INFO  XGBoost fitted: 527 samples, early stopped at iteration 5/300.
14:11:53  src.cpcv.pipeline  INFO    [156/168]              xgboost (seed=2) F1=0.503  AUC=0.522  LL=0.7310 (0.0s)
14:11:53  src.cpcv.preprocessing  INFO  Computing MDA (Random Forest)...
14:12:14  src.cpcv.preprocessing  INFO  Computing MDA (Logistic Regression)...
14:12:15  src.cpcv.preprocessing  INFO  Multi-model MDA: 32/62 passed (MDA > 0), 30 eliminated
14:12:15  src.cpcv.preprocessing  INFO    Capped at 18 features (top_k_frac=0.3)
14:12:15  src.cpcv.preprocessing  INFO    Selected (18): ['bb_width', 'eth_btc_ratio', 'exchange_supply_pct', 'hashrate_roc_30', 'log_returns_lag1', 'log_returns_lag14', 'log_returns_lag3', 'lz_complexity', 'mfi_14', 'natgas_ret_30', 'skewness', 'tx_count_roc_14', 'us10y', 'us2y', 'vix', 'yield_curve_10y30y', 'yield_curve_2y10y', 'yz_vol']
14:12:15  src.cpcv.pipeline  INFO    Preprocessing: 18 features selected, train=519 + cal=130, test=295
14:12:15  src.cpcv.tuning  INFO  Tuning (2 models) — Optuna TPE + Purged K-Fold (inner: 3 folds, embargo=10 obs)
14:12:15  src.cpcv.tuning  INFO    [tuning] random_forest: 3 purged K-fold splits, 30 Optuna trials (TPE)
14:12:50  src.cpcv.tuning  INFO      random_forest: 11 completed, 19 pruned (of 30 total) — best log_loss=0.6882, params={'n_estimators': 200, 'max_depth': 2, 'min_samples_leaf': 22, 'max_features': 'log2'}
14:12:50  src.cpcv.tuning  INFO    [tuning] random_forest done in 34.6s — best log_loss=0.6882
14:12:50  src.cpcv.tuning  INFO    [tuning] xgboost: 3 purged K-fold splits, 30 Optuna trials (TPE)
14:12:55  src.cpcv.tuning  INFO      xgboost: 12 completed, 18 pruned (of 30 total) — best log_loss=0.6782, params={'max_depth': 2, 'learning_rate': 0.02475793209495642, 'min_child_weight': 5, 'subsample': 0.9560608493114159, 'colsample_bytree': 0.6589045438667185, 'gamma': 5.245797709968051e-06, 'reg_alpha': 4.236592253957803e-06, 'reg_lambda': 0.000795151101738708}
14:12:55  src.cpcv.tuning  INFO    [tuning] xgboost done in 5.3s — best log_loss=0.6782
14:12:55  src.cpcv.tuning  INFO  Tuning total: 39.8s
14:12:55  src.cpcv.pipeline  INFO      applied random_forest: {'n_estimators': 200, 'max_depth': 2, 'min_samples_leaf': 22, 'max_features': 'log2'}
14:12:55  src.cpcv.pipeline  INFO      applied xgboost: {'max_depth': 2, 'learning_rate': 0.02475793209495642, 'min_child_weight': 5, 'subsample': 0.9560608493114159, 'colsample_bytree': 0.6589045438667185, 'gamma': 5.245797709968051e-06, 'reg_alpha': 4.236592253957803e-06, 'reg_lambda': 0.000795151101738708}
14:12:56  src.cpcv.models.tree_models  INFO  RandomForest fitted: 519 samples, 18 features, 200 trees.
14:12:56  src.cpcv.pipeline  INFO    [157/168]        random_forest (seed=0) F1=0.498  AUC=0.577  LL=0.6880 (0.7s)
14:12:56  src.cpcv.models.tree_models  INFO  RandomForest fitted: 519 samples, 18 features, 200 trees.
14:12:57  src.cpcv.pipeline  INFO    [158/168]        random_forest (seed=1) F1=0.468  AUC=0.596  LL=0.6804 (0.7s)
14:12:57  src.cpcv.models.tree_models  INFO  RandomForest fitted: 519 samples, 18 features, 200 trees.
14:12:57  src.cpcv.pipeline  INFO    [159/168]        random_forest (seed=2) F1=0.458  AUC=0.589  LL=0.6837 (0.6s)
14:12:57  src.cpcv.models.tree_models  INFO  XGBoost fitted: 519 samples, early stopped at iteration 26/300.
14:12:57  src.cpcv.pipeline  INFO    [160/168]              xgboost (seed=0) F1=0.530  AUC=0.547  LL=0.7113 (0.1s)
14:12:57  src.cpcv.models.tree_models  INFO  XGBoost fitted: 519 samples, early stopped at iteration 43/300.
14:12:57  src.cpcv.pipeline  INFO    [161/168]              xgboost (seed=1) F1=0.508  AUC=0.544  LL=0.6908 (0.1s)
14:12:57  src.cpcv.models.tree_models  INFO  XGBoost fitted: 519 samples, early stopped at iteration 24/300.
14:12:57  src.cpcv.pipeline  INFO    [162/168]              xgboost (seed=2) F1=0.496  AUC=0.575  LL=0.7053 (0.1s)
14:12:58  src.cpcv.preprocessing  INFO  Computing MDA (Random Forest)...
14:13:18  src.cpcv.preprocessing  INFO  Computing MDA (Logistic Regression)...
14:13:19  src.cpcv.preprocessing  INFO  Multi-model MDA: 13/62 passed (MDA > 0), 49 eliminated
14:13:19  src.cpcv.preprocessing  INFO    Selected (13): ['chaikin_osc', 'eth_btc_ratio', 'exchange_supply_pct', 'gk_vol', 'kurtosis', 'log_returns', 'nasdaq_ret_30', 'realized_vol', 'roc_14', 'smt_exp', 'smt_poly1', 'sp500_ret_30', 'us10y']
14:13:19  src.cpcv.pipeline  INFO    Preprocessing: 13 features selected, train=531 + cal=133, test=295
14:13:19  src.cpcv.tuning  INFO  Tuning (2 models) — Optuna TPE + Purged K-Fold (inner: 3 folds, embargo=10 obs)
14:13:19  src.cpcv.tuning  INFO    [tuning] random_forest: 3 purged K-fold splits, 30 Optuna trials (TPE)
14:13:58  src.cpcv.tuning  INFO      random_forest: 30 completed, 0 pruned (of 30 total) — best log_loss=0.6776, params={'n_estimators': 150, 'max_depth': 3, 'min_samples_leaf': 26, 'max_features': 'log2'}
14:13:58  src.cpcv.tuning  INFO    [tuning] random_forest done in 39.0s — best log_loss=0.6776
14:13:58  src.cpcv.tuning  INFO    [tuning] xgboost: 3 purged K-fold splits, 30 Optuna trials (TPE)
14:14:03  src.cpcv.tuning  INFO      xgboost: 21 completed, 9 pruned (of 30 total) — best log_loss=0.6665, params={'max_depth': 2, 'learning_rate': 0.19598681885818753, 'min_child_weight': 12, 'subsample': 0.6793845708468756, 'colsample_bytree': 0.8635159097607085, 'gamma': 0.00043576477816748493, 'reg_alpha': 1.3438697052016084, 'reg_lambda': 4.779634747758857e-06}
14:14:03  src.cpcv.tuning  INFO    [tuning] xgboost done in 4.5s — best log_loss=0.6665
14:14:03  src.cpcv.tuning  INFO  Tuning total: 43.6s
14:14:03  src.cpcv.pipeline  INFO      applied random_forest: {'n_estimators': 150, 'max_depth': 3, 'min_samples_leaf': 26, 'max_features': 'log2'}
14:14:03  src.cpcv.pipeline  INFO      applied xgboost: {'max_depth': 2, 'learning_rate': 0.19598681885818753, 'min_child_weight': 12, 'subsample': 0.6793845708468756, 'colsample_bytree': 0.8635159097607085, 'gamma': 0.00043576477816748493, 'reg_alpha': 1.3438697052016084, 'reg_lambda': 4.779634747758857e-06}
14:14:03  src.cpcv.models.tree_models  INFO  RandomForest fitted: 531 samples, 13 features, 150 trees.
14:14:03  src.cpcv.pipeline  INFO    [163/168]        random_forest (seed=0) F1=0.445  AUC=0.478  LL=0.7389 (0.5s)
14:14:04  src.cpcv.models.tree_models  INFO  RandomForest fitted: 531 samples, 13 features, 150 trees.
14:14:04  src.cpcv.pipeline  INFO    [164/168]        random_forest (seed=1) F1=0.497  AUC=0.489  LL=0.7409 (0.5s)
14:14:04  src.cpcv.models.tree_models  INFO  RandomForest fitted: 531 samples, 13 features, 150 trees.
14:14:04  src.cpcv.pipeline  INFO    [165/168]        random_forest (seed=2) F1=0.491  AUC=0.482  LL=0.7514 (0.5s)
14:14:04  src.cpcv.models.tree_models  INFO  XGBoost fitted: 531 samples, early stopped at iteration 22/300.
14:14:05  src.cpcv.pipeline  INFO    [166/168]              xgboost (seed=0) F1=0.460  AUC=0.461  LL=0.7506 (0.1s)
14:14:05  src.cpcv.models.tree_models  INFO  XGBoost fitted: 531 samples, early stopped at iteration 19/300.
14:14:05  src.cpcv.pipeline  INFO    [167/168]              xgboost (seed=1) F1=0.455  AUC=0.481  LL=0.7544 (0.1s)
14:14:05  src.cpcv.models.tree_models  INFO  XGBoost fitted: 531 samples, early stopped at iteration 19/300.
14:14:05  src.cpcv.pipeline  INFO    [168/168]              xgboost (seed=2) F1=0.461  AUC=0.450  LL=0.7973 (0.1s)
14:14:05  src.cpcv.pipeline  INFO  ============================================================
14:14:05  src.cpcv.pipeline  INFO  CPCV Pipeline Complete
14:14:05  src.cpcv.pipeline  INFO  ============================================================
14:14:05  src.cpcv.pipeline  INFO    Total time:     1985.8s (33.1m)
14:14:05  src.cpcv.pipeline  INFO    Tasks:          168 succeeded, 0 failed
14:14:05  src.cpcv.pipeline  INFO    Results keys:   168 (model, split, seed) entries
14:14:05  src.cpcv.pipeline  INFO    Backtest paths: 7
14:14:05  src.cpcv.pipeline  INFO    Tuning:         nested (per-split), 28 splits tuned, models=['random_forest', 'xgboost']
14:14:05  src.cpcv.pipeline  INFO  ============================================================
14:14:05  src.cpcv.pipeline  INFO  ============================================================
14:14:05  src.cpcv.pipeline  INFO  CPCV Pipeline
14:14:05  src.cpcv.pipeline  INFO  ============================================================
14:14:05  src.cpcv.pipeline  INFO    Models:         ['lstm']
14:14:05  src.cpcv.pipeline  INFO    Seeds/fold:     3
14:14:05  src.cpcv.pipeline  INFO    Groups (N):     8
14:14:05  src.cpcv.pipeline  INFO    Test groups (k):2
14:14:05  src.cpcv.pipeline  INFO    Embargo:        1.0%
14:14:05  src.cpcv.pipeline  INFO    FFD columns:    ['atr']
14:14:05  src.cpcv.pipeline  INFO    Samples:        1159
14:14:05  src.cpcv.pipeline  INFO    Features:       62
14:14:05  src.cpcv.pipeline  INFO    Splits:         28, Paths: 7
14:14:05  src.cpcv.pipeline  INFO    Tuning:         NESTED (per-split) — ['lstm'] [30 trials]
14:14:05  src.cpcv.pipeline  INFO  ============================================================
14:14:05  src.cpcv.preprocessing  INFO  Computing MDA (Random Forest)...
14:14:30  src.cpcv.preprocessing  INFO  Computing MDA (Logistic Regression)...
14:14:31  src.cpcv.preprocessing  INFO  Multi-model MDA: 13/62 passed (MDA > 0), 49 eliminated
14:14:31  src.cpcv.preprocessing  INFO    Selected (13): ['dxy_roc_30', 'exchange_supply_pct', 'gk_vol', 'jarque_bera', 'log_returns', 'log_returns_lag1', 'silver_ret_30', 'stoch_d', 'us10y', 'us2y', 'variance_ratio', 'vol_term_7_30', 'yield_curve_10y30y']
14:14:31  src.cpcv.pipeline  INFO    Preprocessing: 13 features selected, train=688 + cal=172, test=89
14:14:31  src.cpcv.tuning  INFO  Tuning (1 model) — Optuna TPE + Purged K-Fold (inner: 3 folds, embargo=10 obs)
14:14:32  src.cpcv.tuning  INFO    [tuning] lstm: 3 purged K-fold splits, 30 Optuna trials (TPE)
14:15:21  src.cpcv.tuning  INFO      lstm: 20 completed, 10 pruned (of 30 total) — best log_loss=0.6842, params={'hidden_size': 32, 'dropout': 0.1297271629423398, 'learning_rate': 0.030035418903531907}
14:15:21  src.cpcv.tuning  INFO    [tuning] lstm done in 49.2s — best log_loss=0.6842
14:15:21  src.cpcv.tuning  INFO  Tuning total: 49.2s
14:15:21  src.cpcv.pipeline  INFO      applied lstm: {'hidden_size': 32, 'num_layers': 1, 'dropout': 0.1297271629423398, 'learning_rate': 0.030035418903531907}
14:15:22  src.cpcv.pipeline  INFO    [  1/84]                 lstm (seed=0) F1=0.468  AUC=0.548  LL=0.7107 (1.0s)
14:15:23  src.cpcv.pipeline  INFO    [  2/84]                 lstm (seed=1) F1=0.387  AUC=0.558  LL=0.6603 (1.1s)
14:15:24  src.cpcv.pipeline  INFO    [  3/84]                 lstm (seed=2) F1=0.477  AUC=0.623  LL=0.6371 (1.2s)
14:15:24  src.cpcv.preprocessing  INFO  Computing MDA (Random Forest)...
14:15:48  src.cpcv.preprocessing  INFO  Computing MDA (Logistic Regression)...
14:15:49  src.cpcv.preprocessing  INFO  Multi-model MDA: 49/62 passed (MDA > 0), 13 eliminated
14:15:49  src.cpcv.preprocessing  INFO    Capped at 18 features (top_k_frac=0.3)
14:15:49  src.cpcv.preprocessing  INFO    Selected (18): ['bb_width', 'dxy_roc_30', 'ema_ratio_50_200', 'eth_btc_ratio', 'issuance_ntv', 'log_returns', 'macd_hist', 'nasdaq_ret_30', 'oil_ret_30', 'realized_vol', 'shannon_entropy', 'skewness', 'smt_exp', 'smt_poly1', 'stoch_d', 'tx_count_roc_14', 'us2y', 'yield_curve_2y10y']
14:15:49  src.cpcv.pipeline  INFO    Preprocessing: 18 features selected, train=643 + cal=161, test=144
14:15:49  src.cpcv.tuning  INFO  Tuning (1 model) — Optuna TPE + Purged K-Fold (inner: 3 folds, embargo=10 obs)
14:15:49  src.cpcv.tuning  INFO    [tuning] lstm: 3 purged K-fold splits, 30 Optuna trials (TPE)
14:16:36  src.cpcv.tuning  INFO      lstm: 19 completed, 11 pruned (of 30 total) — best log_loss=0.6934, params={'hidden_size': 32, 'dropout': 0.10823379771832098, 'learning_rate': 0.04147225000481637}
14:16:36  src.cpcv.tuning  INFO    [tuning] lstm done in 47.6s — best log_loss=0.6934
14:16:36  src.cpcv.tuning  INFO  Tuning total: 47.6s
14:16:36  src.cpcv.pipeline  INFO      applied lstm: {'hidden_size': 32, 'num_layers': 1, 'dropout': 0.10823379771832098, 'learning_rate': 0.04147225000481637}
14:16:37  src.cpcv.pipeline  INFO    [  4/84]                 lstm (seed=0) F1=0.318  AUC=0.438  LL=0.7603 (1.1s)
14:16:38  src.cpcv.pipeline  INFO    [  5/84]                 lstm (seed=1) F1=0.384  AUC=0.499  LL=0.7380 (1.1s)
14:16:39  src.cpcv.pipeline  INFO    [  6/84]                 lstm (seed=2) F1=0.321  AUC=0.514  LL=0.7078 (1.1s)
14:16:40  src.cpcv.preprocessing  INFO  Computing MDA (Random Forest)...
14:17:04  src.cpcv.preprocessing  INFO  Computing MDA (Logistic Regression)...
14:17:05  src.cpcv.preprocessing  WARNING  [split 3/28] Only 3 features with MDA > 0. Taking top 5 by MDA value.
14:17:05  src.cpcv.preprocessing  INFO  Multi-model MDA: 3/62 passed (MDA > 0), 59 eliminated
14:17:05  src.cpcv.preprocessing  INFO    Selected (5): ['jarque_bera', 'log_returns_lag1', 'oil_ret_30', 'roc_14', 'stoch_d']
14:17:05  src.cpcv.pipeline  INFO    Preprocessing: 5 features selected, train=644 + cal=161, test=144
14:17:05  src.cpcv.tuning  INFO  Tuning (1 model) — Optuna TPE + Purged K-Fold (inner: 3 folds, embargo=10 obs)
14:17:05  src.cpcv.tuning  INFO    [tuning] lstm: 3 purged K-fold splits, 30 Optuna trials (TPE)
14:17:59  src.cpcv.tuning  INFO      lstm: 26 completed, 4 pruned (of 30 total) — best log_loss=0.6906, params={'hidden_size': 16, 'dropout': 0.4575094081328347, 'learning_rate': 0.0497350597857154}
14:17:59  src.cpcv.tuning  INFO    [tuning] lstm done in 54.2s — best log_loss=0.6906
14:17:59  src.cpcv.tuning  INFO  Tuning total: 54.2s
14:17:59  src.cpcv.pipeline  INFO      applied lstm: {'hidden_size': 16, 'num_layers': 1, 'dropout': 0.4575094081328347, 'learning_rate': 0.0497350597857154}
14:18:00  src.cpcv.pipeline  INFO    [  7/84]                 lstm (seed=0) F1=0.366  AUC=0.463  LL=0.7109 (1.1s)
14:18:02  src.cpcv.pipeline  INFO    [  8/84]                 lstm (seed=1) F1=0.358  AUC=0.505  LL=0.6886 (1.4s)
14:18:03  src.cpcv.pipeline  INFO    [  9/84]                 lstm (seed=2) F1=0.467  AUC=0.555  LL=0.6783 (1.1s)
14:18:03  src.cpcv.preprocessing  INFO  Computing MDA (Random Forest)...
14:18:28  src.cpcv.preprocessing  INFO  Computing MDA (Logistic Regression)...
14:18:29  src.cpcv.preprocessing  INFO  Multi-model MDA: 37/62 passed (MDA > 0), 25 eliminated
14:18:29  src.cpcv.preprocessing  INFO    Capped at 18 features (top_k_frac=0.3)
14:18:29  src.cpcv.preprocessing  INFO    Selected (18): ['active_addr_roc_14', 'atr', 'bb_width', 'fee_per_tx', 'jarque_bera', 'log_returns_lag2', 'log_returns_lag30', 'macd_hist', 'mvrv', 'net_exchange_flow', 'obv', 'oil_ret_30', 'sadf', 'skewness', 'smt_exp', 'stoch_d', 'vix', 'yield_curve_10y30y']
14:18:29  src.cpcv.pipeline  INFO    Preprocessing: 18 features selected, train=644 + cal=161, test=144
14:18:29  src.cpcv.tuning  INFO  Tuning (1 model) — Optuna TPE + Purged K-Fold (inner: 3 folds, embargo=10 obs)
14:18:29  src.cpcv.tuning  INFO    [tuning] lstm: 3 purged K-fold splits, 30 Optuna trials (TPE)
14:19:13  src.cpcv.tuning  INFO      lstm: 18 completed, 12 pruned (of 30 total) — best log_loss=0.6889, params={'hidden_size': 32, 'dropout': 0.3116794779273, 'learning_rate': 0.02710869897464963}
14:19:13  src.cpcv.tuning  INFO    [tuning] lstm done in 44.6s — best log_loss=0.6889
14:19:13  src.cpcv.tuning  INFO  Tuning total: 44.6s
14:19:13  src.cpcv.pipeline  INFO      applied lstm: {'hidden_size': 32, 'num_layers': 1, 'dropout': 0.3116794779273, 'learning_rate': 0.02710869897464963}
14:19:14  src.cpcv.pipeline  INFO    [ 10/84]                 lstm (seed=0) F1=0.376  AUC=0.473  LL=0.6753 (1.1s)
14:19:15  src.cpcv.pipeline  INFO    [ 11/84]                 lstm (seed=1) F1=0.376  AUC=0.523  LL=0.6747 (1.1s)
14:19:16  src.cpcv.pipeline  INFO    [ 12/84]                 lstm (seed=2) F1=0.428  AUC=0.562  LL=0.6732 (0.9s)
14:19:17  src.cpcv.preprocessing  INFO  Computing MDA (Random Forest)...
14:19:41  src.cpcv.preprocessing  INFO  Computing MDA (Logistic Regression)...
14:19:42  src.cpcv.preprocessing  INFO  Multi-model MDA: 47/62 passed (MDA > 0), 15 eliminated
14:19:42  src.cpcv.preprocessing  INFO    Capped at 18 features (top_k_frac=0.3)
14:19:42  src.cpcv.preprocessing  INFO    Selected (18): ['bb_width', 'ema_ratio_50_200', 'eth_btc_ratio', 'exchange_supply_pct', 'jarque_bera', 'kurtosis', 'log_returns', 'log_returns_lag30', 'macd_hist', 'mfi_14', 'mvrv', 'natgas_ret_30', 'realized_vol', 'rsi', 'sadf', 'skewness', 'yield_curve_10y30y', 'yz_vol']
14:19:42  src.cpcv.pipeline  INFO    Preprocessing: 18 features selected, train=642 + cal=161, test=144
14:19:42  src.cpcv.tuning  INFO  Tuning (1 model) — Optuna TPE + Purged K-Fold (inner: 3 folds, embargo=10 obs)
14:19:42  src.cpcv.tuning  INFO    [tuning] lstm: 3 purged K-fold splits, 30 Optuna trials (TPE)
14:20:29  src.cpcv.tuning  INFO      lstm: 20 completed, 10 pruned (of 30 total) — best log_loss=0.6801, params={'hidden_size': 16, 'dropout': 0.3348128515103398, 'learning_rate': 0.031654067614039307}
14:20:29  src.cpcv.tuning  INFO    [tuning] lstm done in 46.7s — best log_loss=0.6801
14:20:29  src.cpcv.tuning  INFO  Tuning total: 46.7s
14:20:29  src.cpcv.pipeline  INFO      applied lstm: {'hidden_size': 16, 'num_layers': 1, 'dropout': 0.3348128515103398, 'learning_rate': 0.031654067614039307}
14:20:30  src.cpcv.pipeline  INFO    [ 13/84]                 lstm (seed=0) F1=0.325  AUC=0.461  LL=0.7052 (1.1s)
14:20:31  src.cpcv.pipeline  INFO    [ 14/84]                 lstm (seed=1) F1=0.355  AUC=0.394  LL=0.7228 (1.0s)
14:20:32  src.cpcv.pipeline  INFO    [ 15/84]                 lstm (seed=2) F1=0.398  AUC=0.518  LL=0.7359 (1.3s)
14:20:32  src.cpcv.preprocessing  INFO  Computing MDA (Random Forest)...
14:20:57  src.cpcv.preprocessing  INFO  Computing MDA (Logistic Regression)...
14:20:58  src.cpcv.preprocessing  INFO  Multi-model MDA: 22/62 passed (MDA > 0), 40 eliminated
14:20:58  src.cpcv.preprocessing  INFO    Capped at 18 features (top_k_frac=0.3)
14:20:58  src.cpcv.preprocessing  INFO    Selected (18): ['chaikin_osc', 'dxy_roc_30', 'eth_btc_ratio', 'gold_ret_30', 'hashrate_roc_30', 'jarque_bera', 'kurtosis', 'macd', 'macd_signal', 'net_exchange_flow', 'obv', 'oil_ret_30', 'roc_14', 'shannon_entropy', 'smt_poly1', 'sp500_ret_30', 'stoch_k', 'yield_curve_10y30y']
14:20:58  src.cpcv.pipeline  INFO    Preprocessing: 18 features selected, train=643 + cal=161, test=144
14:20:58  src.cpcv.tuning  INFO  Tuning (1 model) — Optuna TPE + Purged K-Fold (inner: 3 folds, embargo=10 obs)
14:20:58  src.cpcv.tuning  INFO    [tuning] lstm: 3 purged K-fold splits, 30 Optuna trials (TPE)
14:21:47  src.cpcv.tuning  INFO      lstm: 18 completed, 12 pruned (of 30 total) — best log_loss=0.6819, params={'hidden_size': 16, 'dropout': 0.32140895995608604, 'learning_rate': 0.04125086573934173}
14:21:47  src.cpcv.tuning  INFO    [tuning] lstm done in 49.1s — best log_loss=0.6819
14:21:47  src.cpcv.tuning  INFO  Tuning total: 49.1s
14:21:47  src.cpcv.pipeline  INFO      applied lstm: {'hidden_size': 16, 'num_layers': 1, 'dropout': 0.32140895995608604, 'learning_rate': 0.04125086573934173}
14:21:48  src.cpcv.pipeline  INFO    [ 16/84]                 lstm (seed=0) F1=0.380  AUC=0.459  LL=0.6946 (0.9s)
14:21:49  src.cpcv.pipeline  INFO    [ 17/84]                 lstm (seed=1) F1=0.355  AUC=0.455  LL=0.6891 (0.9s)
14:21:50  src.cpcv.pipeline  INFO    [ 18/84]                 lstm (seed=2) F1=0.384  AUC=0.524  LL=0.6879 (0.9s)
14:21:50  src.cpcv.preprocessing  INFO  Computing MDA (Random Forest)...
14:22:14  src.cpcv.preprocessing  INFO  Computing MDA (Logistic Regression)...
14:22:15  src.cpcv.preprocessing  INFO  Multi-model MDA: 26/62 passed (MDA > 0), 36 eliminated
14:22:15  src.cpcv.preprocessing  INFO    Capped at 18 features (top_k_frac=0.3)
14:22:15  src.cpcv.preprocessing  INFO    Selected (18): ['active_addr_roc_14', 'atr', 'bb_width', 'copper_ret_30', 'eth_btc_ratio', 'gold_ret_30', 'hurst', 'log_returns_lag1', 'log_returns_lag14', 'macd', 'macd_signal', 'net_exchange_flow', 'sadf', 'skewness', 'us10y', 'vol_term_30_90', 'williams_r', 'yield_curve_10y30y']
14:22:15  src.cpcv.pipeline  INFO    Preprocessing: 18 features selected, train=644 + cal=162, test=151
14:22:15  src.cpcv.tuning  INFO  Tuning (1 model) — Optuna TPE + Purged K-Fold (inner: 3 folds, embargo=10 obs)
14:22:15  src.cpcv.tuning  INFO    [tuning] lstm: 3 purged K-fold splits, 30 Optuna trials (TPE)
14:23:01  src.cpcv.tuning  INFO      lstm: 13 completed, 17 pruned (of 30 total) — best log_loss=0.6796, params={'hidden_size': 32, 'dropout': 0.11675613930982474, 'learning_rate': 0.0233815052469029}
14:23:01  src.cpcv.tuning  INFO    [tuning] lstm done in 45.4s — best log_loss=0.6796
14:23:01  src.cpcv.tuning  INFO  Tuning total: 45.4s
14:23:01  src.cpcv.pipeline  INFO      applied lstm: {'hidden_size': 32, 'num_layers': 1, 'dropout': 0.11675613930982474, 'learning_rate': 0.0233815052469029}
14:23:02  src.cpcv.pipeline  INFO    [ 19/84]                 lstm (seed=0) F1=0.355  AUC=0.520  LL=0.6878 (1.0s)
14:23:03  src.cpcv.pipeline  INFO    [ 20/84]                 lstm (seed=1) F1=0.369  AUC=0.549  LL=0.6860 (1.0s)
14:23:04  src.cpcv.pipeline  INFO    [ 21/84]                 lstm (seed=2) F1=0.353  AUC=0.505  LL=0.6895 (0.9s)
14:23:04  src.cpcv.preprocessing  INFO  Computing MDA (Random Forest)...
14:23:26  src.cpcv.preprocessing  INFO  Computing MDA (Logistic Regression)...
14:23:27  src.cpcv.preprocessing  INFO  Multi-model MDA: 27/62 passed (MDA > 0), 35 eliminated
14:23:27  src.cpcv.preprocessing  INFO    Capped at 18 features (top_k_frac=0.3)
14:23:27  src.cpcv.preprocessing  INFO    Selected (18): ['cci_14', 'chaikin_osc', 'dxy_roc_30', 'eth_btc_ratio', 'gk_vol', 'gold_ret_30', 'hashrate_roc_30', 'hurst', 'jarque_bera', 'log_returns_lag1', 'log_returns_lag14', 'lz_complexity', 'roc_14', 'sadf', 'stoch_k', 'williams_r', 'yield_curve_2y10y', 'yz_vol']
14:23:27  src.cpcv.pipeline  INFO    Preprocessing: 18 features selected, train=572 + cal=144, test=233
14:23:27  src.cpcv.tuning  INFO  Tuning (1 model) — Optuna TPE + Purged K-Fold (inner: 3 folds, embargo=10 obs)
14:23:27  src.cpcv.tuning  INFO    [tuning] lstm: 3 purged K-fold splits, 30 Optuna trials (TPE)
14:24:08  src.cpcv.tuning  INFO      lstm: 22 completed, 8 pruned (of 30 total) — best log_loss=0.6873, params={'hidden_size': 16, 'dropout': 0.3496334108689461, 'learning_rate': 0.013031452999306192}
14:24:08  src.cpcv.tuning  INFO    [tuning] lstm done in 40.3s — best log_loss=0.6873
14:24:08  src.cpcv.tuning  INFO  Tuning total: 40.3s
14:24:08  src.cpcv.pipeline  INFO      applied lstm: {'hidden_size': 16, 'num_layers': 1, 'dropout': 0.3496334108689461, 'learning_rate': 0.013031452999306192}
14:24:09  src.cpcv.pipeline  INFO    [ 22/84]                 lstm (seed=0) F1=0.435  AUC=0.514  LL=0.7221 (0.9s)
14:24:09  src.cpcv.pipeline  INFO    [ 23/84]                 lstm (seed=1) F1=0.386  AUC=0.470  LL=0.6986 (0.8s)
14:24:10  src.cpcv.pipeline  INFO    [ 24/84]                 lstm (seed=2) F1=0.407  AUC=0.454  LL=0.7037 (0.9s)
14:24:11  src.cpcv.preprocessing  INFO  Computing MDA (Random Forest)...
14:24:33  src.cpcv.preprocessing  INFO  Computing MDA (Logistic Regression)...
14:24:34  src.cpcv.preprocessing  INFO  Multi-model MDA: 54/62 passed (MDA > 0), 8 eliminated
14:24:34  src.cpcv.preprocessing  INFO    Capped at 18 features (top_k_frac=0.3)
14:24:34  src.cpcv.preprocessing  INFO    Selected (18): ['copper_ret_30', 'eth_btc_ratio', 'gk_vol', 'log_returns_lag3', 'macd', 'macd_hist', 'mvrv', 'net_exchange_flow', 'realized_vol', 'sadf', 'silver_ret_30', 'skewness', 'smt_exp', 'stoch_k', 'variance_ratio', 'vix', 'vol_term_30_90', 'vol_term_7_30']
14:24:34  src.cpcv.pipeline  INFO    Preprocessing: 18 features selected, train=564 + cal=141, test=233
14:24:34  src.cpcv.tuning  INFO  Tuning (1 model) — Optuna TPE + Purged K-Fold (inner: 3 folds, embargo=10 obs)
14:24:34  src.cpcv.tuning  INFO    [tuning] lstm: 3 purged K-fold splits, 30 Optuna trials (TPE)
14:25:15  src.cpcv.tuning  INFO      lstm: 16 completed, 14 pruned (of 30 total) — best log_loss=0.6771, params={'hidden_size': 16, 'dropout': 0.22463540546039984, 'learning_rate': 0.0056060113291336875}
14:25:15  src.cpcv.tuning  INFO    [tuning] lstm done in 41.6s — best log_loss=0.6771
14:25:15  src.cpcv.tuning  INFO  Tuning total: 41.6s
14:25:15  src.cpcv.pipeline  INFO      applied lstm: {'hidden_size': 16, 'num_layers': 1, 'dropout': 0.22463540546039984, 'learning_rate': 0.0056060113291336875}
14:25:16  src.cpcv.pipeline  INFO    [ 25/84]                 lstm (seed=0) F1=0.463  AUC=0.469  LL=0.7709 (1.0s)
14:25:17  src.cpcv.pipeline  INFO    [ 26/84]                 lstm (seed=1) F1=0.460  AUC=0.505  LL=0.7660 (0.9s)
14:25:18  src.cpcv.pipeline  INFO    [ 27/84]                 lstm (seed=2) F1=0.565  AUC=0.543  LL=0.7351 (1.0s)
14:25:18  src.cpcv.preprocessing  INFO  Computing MDA (Random Forest)...
14:25:40  src.cpcv.preprocessing  INFO  Computing MDA (Logistic Regression)...
14:25:41  src.cpcv.preprocessing  INFO  Multi-model MDA: 38/62 passed (MDA > 0), 24 eliminated
14:25:41  src.cpcv.preprocessing  INFO    Capped at 18 features (top_k_frac=0.3)
14:25:41  src.cpcv.preprocessing  INFO    Selected (18): ['bb_width', 'cci_14', 'ema_ratio_50_200', 'exchange_supply_pct', 'gk_vol', 'jarque_bera', 'log_returns', 'log_returns_lag1', 'mvrv', 'natgas_ret_30', 'oil_ret_30', 'roc_14', 'sadf', 'silver_ret_30', 'smt_poly1', 'tx_count_roc_14', 'vol_term_30_90', 'williams_r']
14:25:41  src.cpcv.pipeline  INFO    Preprocessing: 18 features selected, train=564 + cal=141, test=233
14:25:41  src.cpcv.tuning  INFO  Tuning (1 model) — Optuna TPE + Purged K-Fold (inner: 3 folds, embargo=10 obs)
14:25:41  src.cpcv.tuning  INFO    [tuning] lstm: 3 purged K-fold splits, 30 Optuna trials (TPE)
14:26:17  src.cpcv.tuning  INFO      lstm: 15 completed, 15 pruned (of 30 total) — best log_loss=0.6934, params={'hidden_size': 32, 'dropout': 0.2567979835403589, 'learning_rate': 0.018428410031342844}
14:26:17  src.cpcv.tuning  INFO    [tuning] lstm done in 36.2s — best log_loss=0.6934
14:26:17  src.cpcv.tuning  INFO  Tuning total: 36.2s
14:26:17  src.cpcv.pipeline  INFO      applied lstm: {'hidden_size': 32, 'num_layers': 1, 'dropout': 0.2567979835403589, 'learning_rate': 0.018428410031342844}
14:26:19  src.cpcv.pipeline  INFO    [ 28/84]                 lstm (seed=0) F1=0.500  AUC=0.501  LL=0.7865 (1.2s)
14:26:20  src.cpcv.pipeline  INFO    [ 29/84]                 lstm (seed=1) F1=0.379  AUC=0.463  LL=0.6814 (1.0s)
14:26:20  src.cpcv.pipeline  INFO    [ 30/84]                 lstm (seed=2) F1=0.539  AUC=0.588  LL=0.6914 (0.9s)
14:26:21  src.cpcv.preprocessing  INFO  Computing MDA (Random Forest)...
14:26:42  src.cpcv.preprocessing  INFO  Computing MDA (Logistic Regression)...
14:26:43  src.cpcv.preprocessing  INFO  Multi-model MDA: 29/62 passed (MDA > 0), 33 eliminated
14:26:43  src.cpcv.preprocessing  INFO    Capped at 18 features (top_k_frac=0.3)
14:26:43  src.cpcv.preprocessing  INFO    Selected (18): ['active_addr_roc_14', 'dxy_roc_30', 'eth_btc_ratio', 'exchange_supply_pct', 'kurtosis', 'log_returns_lag1', 'log_returns_lag3', 'mfi_14', 'natgas_ret_30', 'obv', 'roc_14', 'rsi', 'sadf', 'stoch_k', 'variance_ratio', 'vix', 'vol_term_30_90', 'yield_curve_2y10y']
14:26:43  src.cpcv.pipeline  INFO    Preprocessing: 18 features selected, train=562 + cal=141, test=233
14:26:43  src.cpcv.tuning  INFO  Tuning (1 model) — Optuna TPE + Purged K-Fold (inner: 3 folds, embargo=10 obs)
14:26:43  src.cpcv.tuning  INFO    [tuning] lstm: 3 purged K-fold splits, 30 Optuna trials (TPE)
14:27:25  src.cpcv.tuning  INFO      lstm: 12 completed, 18 pruned (of 30 total) — best log_loss=0.6926, params={'hidden_size': 16, 'dropout': 0.43111490378301615, 'learning_rate': 0.0028108916544820096}
14:27:25  src.cpcv.tuning  INFO    [tuning] lstm done in 42.2s — best log_loss=0.6926
14:27:25  src.cpcv.tuning  INFO  Tuning total: 42.2s
14:27:25  src.cpcv.pipeline  INFO      applied lstm: {'hidden_size': 16, 'num_layers': 1, 'dropout': 0.43111490378301615, 'learning_rate': 0.0028108916544820096}
14:27:26  src.cpcv.pipeline  INFO    [ 31/84]                 lstm (seed=0) F1=0.452  AUC=0.459  LL=0.7709 (0.9s)
14:27:27  src.cpcv.pipeline  INFO    [ 32/84]                 lstm (seed=1) F1=0.428  AUC=0.464  LL=0.6933 (0.9s)
14:27:28  src.cpcv.pipeline  INFO    [ 33/84]                 lstm (seed=2) F1=0.449  AUC=0.459  LL=0.7493 (1.1s)
14:27:28  src.cpcv.preprocessing  INFO  Computing MDA (Random Forest)...
14:27:49  src.cpcv.preprocessing  INFO  Computing MDA (Logistic Regression)...
14:27:50  src.cpcv.preprocessing  INFO  Multi-model MDA: 36/62 passed (MDA > 0), 26 eliminated
14:27:50  src.cpcv.preprocessing  INFO    Capped at 18 features (top_k_frac=0.3)
14:27:50  src.cpcv.preprocessing  INFO    Selected (18): ['active_addr_roc_14', 'bb_width', 'chaikin_osc', 'ema_ratio_50_200', 'issuance_ntv', 'kurtosis', 'log_returns_lag7', 'mfi_14', 'nasdaq_ret_30', 'negentropy', 'obv', 'shannon_entropy', 'silver_ret_30', 'skewness', 'sp500_ret_30', 'us10y', 'vol_term_7_30', 'yield_curve_2y10y']
14:27:50  src.cpcv.pipeline  INFO    Preprocessing: 18 features selected, train=563 + cal=141, test=233
14:27:50  src.cpcv.tuning  INFO  Tuning (1 model) — Optuna TPE + Purged K-Fold (inner: 3 folds, embargo=10 obs)
14:27:50  src.cpcv.tuning  INFO    [tuning] lstm: 3 purged K-fold splits, 30 Optuna trials (TPE)
14:28:27  src.cpcv.tuning  INFO      lstm: 13 completed, 17 pruned (of 30 total) — best log_loss=0.6915, params={'hidden_size': 32, 'dropout': 0.10239887318232696, 'learning_rate': 0.041376293143363024}
14:28:27  src.cpcv.tuning  INFO    [tuning] lstm done in 36.9s — best log_loss=0.6915
14:28:27  src.cpcv.tuning  INFO  Tuning total: 36.9s
14:28:27  src.cpcv.pipeline  INFO      applied lstm: {'hidden_size': 32, 'num_layers': 1, 'dropout': 0.10239887318232696, 'learning_rate': 0.041376293143363024}
14:28:28  src.cpcv.pipeline  INFO    [ 34/84]                 lstm (seed=0) F1=0.461  AUC=0.584  LL=0.6683 (1.0s)
14:28:29  src.cpcv.pipeline  INFO    [ 35/84]                 lstm (seed=1) F1=0.366  AUC=0.524  LL=0.6841 (1.0s)
14:28:30  src.cpcv.pipeline  INFO    [ 36/84]                 lstm (seed=2) F1=0.487  AUC=0.529  LL=0.6999 (0.9s)
14:28:30  src.cpcv.preprocessing  INFO  Computing MDA (Random Forest)...
14:28:51  src.cpcv.preprocessing  INFO  Computing MDA (Logistic Regression)...
14:28:52  src.cpcv.preprocessing  INFO  Multi-model MDA: 25/62 passed (MDA > 0), 37 eliminated
14:28:52  src.cpcv.preprocessing  INFO    Capped at 18 features (top_k_frac=0.3)
14:28:52  src.cpcv.preprocessing  INFO    Selected (18): ['bb_width', 'cci_14', 'eth_btc_ratio', 'jarque_bera', 'kurtosis', 'log_returns', 'log_returns_lag2', 'lz_complexity', 'macd_hist', 'macd_signal', 'rsi', 'shannon_entropy', 'skewness', 'tx_count_roc_14', 'us10y', 'us2y', 'yield_curve_10y30y', 'yield_curve_2y10y']
14:28:52  src.cpcv.pipeline  INFO    Preprocessing: 18 features selected, train=564 + cal=142, test=240
14:28:52  src.cpcv.tuning  INFO  Tuning (1 model) — Optuna TPE + Purged K-Fold (inner: 3 folds, embargo=10 obs)
14:28:52  src.cpcv.tuning  INFO    [tuning] lstm: 3 purged K-fold splits, 30 Optuna trials (TPE)
14:29:33  src.cpcv.tuning  INFO      lstm: 25 completed, 5 pruned (of 30 total) — best log_loss=0.6783, params={'hidden_size': 16, 'dropout': 0.4185112119722863, 'learning_rate': 0.03414263212666758}
14:29:33  src.cpcv.tuning  INFO    [tuning] lstm done in 41.4s — best log_loss=0.6783
14:29:33  src.cpcv.tuning  INFO  Tuning total: 41.4s
14:29:33  src.cpcv.pipeline  INFO      applied lstm: {'hidden_size': 16, 'num_layers': 1, 'dropout': 0.4185112119722863, 'learning_rate': 0.03414263212666758}
14:29:34  src.cpcv.pipeline  INFO    [ 37/84]                 lstm (seed=0) F1=0.452  AUC=0.490  LL=0.7565 (0.8s)
14:29:35  src.cpcv.pipeline  INFO    [ 38/84]                 lstm (seed=1) F1=0.482  AUC=0.543  LL=0.7842 (1.1s)
14:29:36  src.cpcv.pipeline  INFO    [ 39/84]                 lstm (seed=2) F1=0.480  AUC=0.479  LL=0.7167 (1.0s)
14:29:37  src.cpcv.preprocessing  INFO  Computing MDA (Random Forest)...
14:29:58  src.cpcv.preprocessing  INFO  Computing MDA (Logistic Regression)...
14:29:59  src.cpcv.preprocessing  INFO  Multi-model MDA: 42/62 passed (MDA > 0), 20 eliminated
14:29:59  src.cpcv.preprocessing  INFO    Capped at 18 features (top_k_frac=0.3)
14:29:59  src.cpcv.preprocessing  INFO    Selected (18): ['chaikin_osc', 'gold_ret_30', 'jarque_bera', 'kurtosis', 'log_returns', 'log_returns_lag3', 'log_returns_lag7', 'macd', 'macd_hist', 'obv', 'realized_vol', 'silver_ret_30', 'sp500_ret_30', 'tx_count_roc_14', 'vol_term_30_90', 'vol_term_7_30', 'vwma_ratio_20_50', 'williams_r']
14:29:59  src.cpcv.pipeline  INFO    Preprocessing: 18 features selected, train=528 + cal=132, test=288
14:29:59  src.cpcv.tuning  INFO  Tuning (1 model) — Optuna TPE + Purged K-Fold (inner: 3 folds, embargo=10 obs)
14:29:59  src.cpcv.tuning  INFO    [tuning] lstm: 3 purged K-fold splits, 30 Optuna trials (TPE)
14:30:33  src.cpcv.tuning  INFO      lstm: 20 completed, 10 pruned (of 30 total) — best log_loss=0.6809, params={'hidden_size': 16, 'dropout': 0.35943036193982913, 'learning_rate': 0.027664659978795247}
14:30:33  src.cpcv.tuning  INFO    [tuning] lstm done in 33.7s — best log_loss=0.6809
14:30:33  src.cpcv.tuning  INFO  Tuning total: 33.7s
14:30:33  src.cpcv.pipeline  INFO      applied lstm: {'hidden_size': 16, 'num_layers': 1, 'dropout': 0.35943036193982913, 'learning_rate': 0.027664659978795247}
14:30:34  src.cpcv.pipeline  INFO    [ 40/84]                 lstm (seed=0) F1=0.476  AUC=0.533  LL=0.7450 (0.8s)
14:30:35  src.cpcv.pipeline  INFO    [ 41/84]                 lstm (seed=1) F1=0.377  AUC=0.470  LL=0.7781 (1.1s)
14:30:36  src.cpcv.pipeline  INFO    [ 42/84]                 lstm (seed=2) F1=0.411  AUC=0.445  LL=0.8193 (1.3s)
14:30:36  src.cpcv.preprocessing  INFO  Computing MDA (Random Forest)...
14:30:58  src.cpcv.preprocessing  INFO  Computing MDA (Logistic Regression)...
14:30:59  src.cpcv.preprocessing  INFO  Multi-model MDA: 17/62 passed (MDA > 0), 45 eliminated
14:30:59  src.cpcv.preprocessing  INFO    Selected (17): ['atr', 'cci_14', 'eth_btc_ratio', 'fee_per_tx', 'hashrate_roc_30', 'hurst', 'issuance_ntv', 'log_returns_lag1', 'natgas_ret_30', 'negentropy', 'realized_vol', 'sadf', 'stoch_k', 'us10y', 'vwma_ratio_20_50', 'williams_r', 'yield_curve_2y10y']
14:30:59  src.cpcv.pipeline  INFO    Preprocessing: 17 features selected, train=519 + cal=130, test=288
14:30:59  src.cpcv.tuning  INFO  Tuning (1 model) — Optuna TPE + Purged K-Fold (inner: 3 folds, embargo=10 obs)
14:30:59  src.cpcv.tuning  INFO    [tuning] lstm: 3 purged K-fold splits, 30 Optuna trials (TPE)
14:31:34  src.cpcv.tuning  INFO      lstm: 14 completed, 16 pruned (of 30 total) — best log_loss=0.6905, params={'hidden_size': 32, 'dropout': 0.2790697844771488, 'learning_rate': 0.02525956150325756}
14:31:34  src.cpcv.tuning  INFO    [tuning] lstm done in 34.9s — best log_loss=0.6905
14:31:34  src.cpcv.tuning  INFO  Tuning total: 34.9s
14:31:34  src.cpcv.pipeline  INFO      applied lstm: {'hidden_size': 32, 'num_layers': 1, 'dropout': 0.2790697844771488, 'learning_rate': 0.02525956150325756}
14:31:35  src.cpcv.pipeline  INFO    [ 43/84]                 lstm (seed=0) F1=0.426  AUC=0.468  LL=0.7107 (0.9s)
14:31:35  src.cpcv.pipeline  INFO    [ 44/84]                 lstm (seed=1) F1=0.446  AUC=0.437  LL=0.7112 (0.8s)
14:31:36  src.cpcv.pipeline  INFO    [ 45/84]                 lstm (seed=2) F1=0.347  AUC=0.408  LL=0.7622 (0.8s)
14:31:36  src.cpcv.preprocessing  INFO  Computing MDA (Random Forest)...
14:31:58  src.cpcv.preprocessing  INFO  Computing MDA (Logistic Regression)...
14:31:59  src.cpcv.preprocessing  INFO  Multi-model MDA: 39/62 passed (MDA > 0), 23 eliminated
14:31:59  src.cpcv.preprocessing  INFO    Capped at 18 features (top_k_frac=0.3)
14:31:59  src.cpcv.preprocessing  INFO    Selected (18): ['cci_14', 'copper_ret_30', 'ema_ratio_20_50', 'fee_per_tx', 'log_returns_lag1', 'log_returns_lag2', 'log_returns_lag30', 'natgas_ret_30', 'net_exchange_flow', 'obv', 'oil_ret_30', 'sadf', 'silver_ret_30', 'skewness', 'stoch_k', 'vol_term_30_90', 'vwma_ratio_20_50', 'yield_curve_10y30y']
14:31:59  src.cpcv.pipeline  INFO    Preprocessing: 18 features selected, train=517 + cal=130, test=288
14:31:59  src.cpcv.tuning  INFO  Tuning (1 model) — Optuna TPE + Purged K-Fold (inner: 3 folds, embargo=10 obs)
14:31:59  src.cpcv.tuning  INFO    [tuning] lstm: 3 purged K-fold splits, 30 Optuna trials (TPE)
14:32:40  src.cpcv.tuning  INFO      lstm: 29 completed, 1 pruned (of 30 total) — best log_loss=0.6855, params={'hidden_size': 32, 'dropout': 0.2811371684992361, 'learning_rate': 0.04967931340641835}
14:32:40  src.cpcv.tuning  INFO    [tuning] lstm done in 40.9s — best log_loss=0.6855
14:32:40  src.cpcv.tuning  INFO  Tuning total: 40.9s
14:32:40  src.cpcv.pipeline  INFO      applied lstm: {'hidden_size': 32, 'num_layers': 1, 'dropout': 0.2811371684992361, 'learning_rate': 0.04967931340641835}
14:32:41  src.cpcv.pipeline  INFO    [ 46/84]                 lstm (seed=0) F1=0.455  AUC=0.466  LL=0.7607 (1.0s)
14:32:42  src.cpcv.pipeline  INFO    [ 47/84]                 lstm (seed=1) F1=0.471  AUC=0.509  LL=0.7505 (0.9s)
14:32:43  src.cpcv.pipeline  INFO    [ 48/84]                 lstm (seed=2) F1=0.416  AUC=0.468  LL=0.9101 (1.0s)
14:32:43  src.cpcv.preprocessing  INFO  Computing MDA (Random Forest)...
14:33:05  src.cpcv.preprocessing  INFO  Computing MDA (Logistic Regression)...
14:33:05  src.cpcv.preprocessing  INFO  Multi-model MDA: 36/62 passed (MDA > 0), 26 eliminated
14:33:05  src.cpcv.preprocessing  INFO    Capped at 18 features (top_k_frac=0.3)
14:33:05  src.cpcv.preprocessing  INFO    Selected (18): ['atr', 'ema_ratio_20_50', 'gk_vol', 'jarque_bera', 'log_returns_lag2', 'log_returns_lag3', 'log_returns_lag7', 'macd_hist', 'macd_signal', 'mfi_14', 'sadf', 'skewness', 'stoch_k', 'tx_count_roc_14', 'vol_term_30_90', 'vwma_ratio_20_50', 'williams_r', 'yz_vol']
14:33:05  src.cpcv.pipeline  INFO    Preprocessing: 18 features selected, train=518 + cal=130, test=288
14:33:05  src.cpcv.tuning  INFO  Tuning (1 model) — Optuna TPE + Purged K-Fold (inner: 3 folds, embargo=10 obs)
14:33:05  src.cpcv.tuning  INFO    [tuning] lstm: 3 purged K-fold splits, 30 Optuna trials (TPE)
14:33:43  src.cpcv.tuning  INFO      lstm: 9 completed, 21 pruned (of 30 total) — best log_loss=0.6869, params={'hidden_size': 16, 'dropout': 0.4464704583099741, 'learning_rate': 0.004191711516695206}
14:33:43  src.cpcv.tuning  INFO    [tuning] lstm done in 37.6s — best log_loss=0.6869
14:33:43  src.cpcv.tuning  INFO  Tuning total: 37.6s
14:33:43  src.cpcv.pipeline  INFO      applied lstm: {'hidden_size': 16, 'num_layers': 1, 'dropout': 0.4464704583099741, 'learning_rate': 0.004191711516695206}
14:33:44  src.cpcv.pipeline  INFO    [ 49/84]                 lstm (seed=0) F1=0.520  AUC=0.521  LL=0.6953 (0.9s)
14:33:45  src.cpcv.pipeline  INFO    [ 50/84]                 lstm (seed=1) F1=0.494  AUC=0.490  LL=0.6940 (0.9s)
14:33:46  src.cpcv.pipeline  INFO    [ 51/84]                 lstm (seed=2) F1=0.503  AUC=0.493  LL=0.6935 (0.9s)
14:33:46  src.cpcv.preprocessing  INFO  Computing MDA (Random Forest)...
14:34:07  src.cpcv.preprocessing  INFO  Computing MDA (Logistic Regression)...
14:34:08  src.cpcv.preprocessing  INFO  Multi-model MDA: 36/62 passed (MDA > 0), 26 eliminated
14:34:08  src.cpcv.preprocessing  INFO    Capped at 18 features (top_k_frac=0.3)
14:34:08  src.cpcv.preprocessing  INFO    Selected (18): ['atr', 'bb_width', 'cci_14', 'exchange_supply_pct', 'hurst', 'log_returns', 'log_returns_lag3', 'macd_hist', 'mfi_14', 'net_exchange_flow', 'realized_vol', 'skewness', 'variance_ratio', 'vix', 'vol_term_30_90', 'vwma_ratio_20_50', 'yield_curve_10y30y', 'yz_vol']
14:34:08  src.cpcv.pipeline  INFO    Preprocessing: 18 features selected, train=520 + cal=130, test=295
14:34:08  src.cpcv.tuning  INFO  Tuning (1 model) — Optuna TPE + Purged K-Fold (inner: 3 folds, embargo=10 obs)
14:34:08  src.cpcv.tuning  INFO    [tuning] lstm: 3 purged K-fold splits, 30 Optuna trials (TPE)
14:34:48  src.cpcv.tuning  INFO      lstm: 26 completed, 4 pruned (of 30 total) — best log_loss=0.6815, params={'hidden_size': 16, 'dropout': 0.14720826340302984, 'learning_rate': 0.019258086421489358}
14:34:48  src.cpcv.tuning  INFO    [tuning] lstm done in 40.0s — best log_loss=0.6815
14:34:48  src.cpcv.tuning  INFO  Tuning total: 40.0s
14:34:48  src.cpcv.pipeline  INFO      applied lstm: {'hidden_size': 16, 'num_layers': 1, 'dropout': 0.14720826340302984, 'learning_rate': 0.019258086421489358}
14:34:49  src.cpcv.pipeline  INFO    [ 52/84]                 lstm (seed=0) F1=0.341  AUC=0.504  LL=0.6960 (0.7s)
14:34:50  src.cpcv.pipeline  INFO    [ 53/84]                 lstm (seed=1) F1=0.385  AUC=0.484  LL=0.7552 (0.7s)
14:34:50  src.cpcv.pipeline  INFO    [ 54/84]                 lstm (seed=2) F1=0.424  AUC=0.473  LL=0.7371 (0.7s)
14:34:51  src.cpcv.preprocessing  INFO  Computing MDA (Random Forest)...
14:35:12  src.cpcv.preprocessing  INFO  Computing MDA (Logistic Regression)...
14:35:13  src.cpcv.preprocessing  INFO  Multi-model MDA: 21/62 passed (MDA > 0), 41 eliminated
14:35:13  src.cpcv.preprocessing  INFO    Capped at 18 features (top_k_frac=0.3)
14:35:13  src.cpcv.preprocessing  INFO    Selected (18): ['eth_btc_ratio', 'gold_ret_30', 'hurst', 'log_returns', 'log_returns_lag1', 'log_returns_lag2', 'log_returns_lag7', 'lz_complexity', 'mvrv', 'natgas_ret_30', 'negentropy', 'realized_vol', 'sadf', 'stoch_d', 'tx_count_roc_14', 'variance_ratio', 'yield_curve_10y30y', 'yz_vol']
14:35:13  src.cpcv.pipeline  INFO    Preprocessing: 18 features selected, train=528 + cal=133, test=288
14:35:13  src.cpcv.tuning  INFO  Tuning (1 model) — Optuna TPE + Purged K-Fold (inner: 3 folds, embargo=10 obs)
14:35:13  src.cpcv.tuning  INFO    [tuning] lstm: 3 purged K-fold splits, 30 Optuna trials (TPE)
14:35:52  src.cpcv.tuning  INFO      lstm: 23 completed, 7 pruned (of 30 total) — best log_loss=0.6935, params={'hidden_size': 16, 'dropout': 0.2970696358192443, 'learning_rate': 0.018260470919585034}
14:35:52  src.cpcv.tuning  INFO    [tuning] lstm done in 39.2s — best log_loss=0.6935
14:35:52  src.cpcv.tuning  INFO  Tuning total: 39.2s
14:35:52  src.cpcv.pipeline  INFO      applied lstm: {'hidden_size': 16, 'num_layers': 1, 'dropout': 0.2970696358192443, 'learning_rate': 0.018260470919585034}
14:35:53  src.cpcv.pipeline  INFO    [ 55/84]                 lstm (seed=0) F1=0.516  AUC=0.552  LL=0.6799 (0.8s)
14:35:54  src.cpcv.pipeline  INFO    [ 56/84]                 lstm (seed=1) F1=0.377  AUC=0.545  LL=0.6772 (0.8s)
14:35:55  src.cpcv.pipeline  INFO    [ 57/84]                 lstm (seed=2) F1=0.475  AUC=0.556  LL=0.6749 (0.8s)
14:35:55  src.cpcv.preprocessing  INFO  Computing MDA (Random Forest)...
14:36:16  src.cpcv.preprocessing  INFO  Computing MDA (Logistic Regression)...
14:36:17  src.cpcv.preprocessing  INFO  Multi-model MDA: 18/62 passed (MDA > 0), 44 eliminated
14:36:17  src.cpcv.preprocessing  INFO    Selected (18): ['copper_ret_30', 'eth_btc_ratio', 'exchange_supply_pct', 'gold_ret_30', 'hurst', 'issuance_ntv', 'jarque_bera', 'kurtosis', 'mfi_14', 'natgas_ret_30', 'negentropy', 'net_exchange_flow', 'obv', 'oil_ret_30', 'roc_14', 'shannon_entropy', 'skewness', 'smt_poly1']
14:36:17  src.cpcv.pipeline  INFO    Preprocessing: 18 features selected, train=518 + cal=130, test=288
14:36:17  src.cpcv.tuning  INFO  Tuning (1 model) — Optuna TPE + Purged K-Fold (inner: 3 folds, embargo=10 obs)
14:36:17  src.cpcv.tuning  INFO    [tuning] lstm: 3 purged K-fold splits, 30 Optuna trials (TPE)
14:36:54  src.cpcv.tuning  INFO      lstm: 16 completed, 14 pruned (of 30 total) — best log_loss=0.6827, params={'hidden_size': 16, 'dropout': 0.2603823878728176, 'learning_rate': 0.04973503992288971}
14:36:54  src.cpcv.tuning  INFO    [tuning] lstm done in 37.0s — best log_loss=0.6827
14:36:54  src.cpcv.tuning  INFO  Tuning total: 37.0s
14:36:54  src.cpcv.pipeline  INFO      applied lstm: {'hidden_size': 16, 'num_layers': 1, 'dropout': 0.2603823878728176, 'learning_rate': 0.04973503992288971}
14:36:55  src.cpcv.pipeline  INFO    [ 58/84]                 lstm (seed=0) F1=0.389  AUC=0.382  LL=0.7875 (1.0s)
14:36:56  src.cpcv.pipeline  INFO    [ 59/84]                 lstm (seed=1) F1=0.333  AUC=0.427  LL=0.6936 (0.9s)
14:36:56  src.cpcv.pipeline  INFO    [ 60/84]                 lstm (seed=2) F1=0.420  AUC=0.390  LL=0.8065 (0.9s)
14:36:57  src.cpcv.preprocessing  INFO  Computing MDA (Random Forest)...
14:37:17  src.cpcv.preprocessing  INFO  Computing MDA (Logistic Regression)...
14:37:18  src.cpcv.preprocessing  INFO  Multi-model MDA: 29/62 passed (MDA > 0), 33 eliminated
14:37:18  src.cpcv.preprocessing  INFO    Capped at 18 features (top_k_frac=0.3)
14:37:18  src.cpcv.preprocessing  INFO    Selected (18): ['bb_width', 'chaikin_osc', 'copper_ret_30', 'eth_btc_ratio', 'exchange_supply_pct', 'fee_per_tx', 'gold_ret_30', 'jarque_bera', 'log_returns_lag14', 'log_returns_lag3', 'macd_hist', 'net_exchange_flow', 'oil_ret_30', 'roc_14', 'silver_ret_30', 'skewness', 'tx_count_roc_14', 'vol_term_7_30']
14:37:18  src.cpcv.pipeline  INFO    Preprocessing: 18 features selected, train=519 + cal=130, test=288
14:37:18  src.cpcv.tuning  INFO  Tuning (1 model) — Optuna TPE + Purged K-Fold (inner: 3 folds, embargo=10 obs)
14:37:18  src.cpcv.tuning  INFO    [tuning] lstm: 3 purged K-fold splits, 30 Optuna trials (TPE)
14:37:50  src.cpcv.tuning  INFO      lstm: 7 completed, 23 pruned (of 30 total) — best log_loss=0.6923, params={'hidden_size': 16, 'dropout': 0.4802857225639665, 'learning_rate': 0.009454306819536176}
14:37:50  src.cpcv.tuning  INFO    [tuning] lstm done in 31.9s — best log_loss=0.6923
14:37:50  src.cpcv.tuning  INFO  Tuning total: 31.9s
14:37:50  src.cpcv.pipeline  INFO      applied lstm: {'hidden_size': 16, 'num_layers': 1, 'dropout': 0.4802857225639665, 'learning_rate': 0.009454306819536176}
14:37:51  src.cpcv.pipeline  INFO    [ 61/84]                 lstm (seed=0) F1=0.465  AUC=0.460  LL=0.7461 (1.0s)
14:37:52  src.cpcv.pipeline  INFO    [ 62/84]                 lstm (seed=1) F1=0.469  AUC=0.445  LL=0.7002 (0.9s)
14:37:53  src.cpcv.pipeline  INFO    [ 63/84]                 lstm (seed=2) F1=0.459  AUC=0.453  LL=0.7138 (0.9s)
14:37:53  src.cpcv.preprocessing  INFO  Computing MDA (Random Forest)...
14:38:14  src.cpcv.preprocessing  INFO  Computing MDA (Logistic Regression)...
14:38:15  src.cpcv.preprocessing  INFO  Multi-model MDA: 38/62 passed (MDA > 0), 24 eliminated
14:38:15  src.cpcv.preprocessing  INFO    Capped at 18 features (top_k_frac=0.3)
14:38:15  src.cpcv.preprocessing  INFO    Selected (18): ['bb_width', 'ema_ratio_20_50', 'eth_btc_ratio', 'exchange_supply_pct', 'fee_per_tx', 'gk_vol', 'hurst', 'log_returns_lag1', 'roc_14', 'shannon_entropy', 'silver_ret_30', 'smt_exp', 'smt_poly1', 'sp500_ret_30', 'tx_count_roc_14', 'us10y', 'vol_term_30_90', 'yz_vol']
14:38:15  src.cpcv.pipeline  INFO    Preprocessing: 18 features selected, train=520 + cal=131, test=295
14:38:15  src.cpcv.tuning  INFO  Tuning (1 model) — Optuna TPE + Purged K-Fold (inner: 3 folds, embargo=10 obs)
14:38:15  src.cpcv.tuning  INFO    [tuning] lstm: 3 purged K-fold splits, 30 Optuna trials (TPE)
14:39:15  src.cpcv.tuning  INFO      lstm: 22 completed, 8 pruned (of 30 total) — best log_loss=0.7062, params={'hidden_size': 32, 'dropout': 0.4996310375007228, 'learning_rate': 0.0004308215562796113}
14:39:15  src.cpcv.tuning  INFO    [tuning] lstm done in 59.6s — best log_loss=0.7062
14:39:15  src.cpcv.tuning  INFO  Tuning total: 59.6s
14:39:15  src.cpcv.pipeline  INFO      applied lstm: {'hidden_size': 32, 'num_layers': 1, 'dropout': 0.4996310375007228, 'learning_rate': 0.0004308215562796113}
14:39:16  src.cpcv.pipeline  INFO    [ 64/84]                 lstm (seed=0) F1=0.358  AUC=0.468  LL=0.6871 (0.9s)
14:39:17  src.cpcv.pipeline  INFO    [ 65/84]                 lstm (seed=1) F1=0.447  AUC=0.565  LL=0.6966 (1.0s)
14:39:18  src.cpcv.pipeline  INFO    [ 66/84]                 lstm (seed=2) F1=0.412  AUC=0.534  LL=0.7102 (1.0s)
14:39:18  src.cpcv.preprocessing  INFO  Computing MDA (Random Forest)...
14:39:40  src.cpcv.preprocessing  INFO  Computing MDA (Logistic Regression)...
14:39:40  src.cpcv.preprocessing  INFO  Multi-model MDA: 32/62 passed (MDA > 0), 30 eliminated
14:39:40  src.cpcv.preprocessing  INFO    Capped at 18 features (top_k_frac=0.3)
14:39:40  src.cpcv.preprocessing  INFO    Selected (18): ['active_addr_roc_14', 'atr', 'cci_14', 'ema_ratio_20_50', 'exchange_supply_pct', 'kurtosis', 'log_returns_lag7', 'lz_complexity', 'macd', 'macd_hist', 'mvrv', 'nasdaq_ret_30', 'natgas_ret_30', 'negentropy', 'roc_14', 'rsi', 'stoch_k', 'us2y']
14:39:40  src.cpcv.pipeline  INFO    Preprocessing: 18 features selected, train=528 + cal=133, test=288
14:39:40  src.cpcv.tuning  INFO  Tuning (1 model) — Optuna TPE + Purged K-Fold (inner: 3 folds, embargo=10 obs)
14:39:40  src.cpcv.tuning  INFO    [tuning] lstm: 3 purged K-fold splits, 30 Optuna trials (TPE)
14:40:19  src.cpcv.tuning  INFO      lstm: 19 completed, 11 pruned (of 30 total) — best log_loss=0.6790, params={'hidden_size': 32, 'dropout': 0.10239887318232696, 'learning_rate': 0.041376293143363024}
14:40:19  src.cpcv.tuning  INFO    [tuning] lstm done in 38.4s — best log_loss=0.6790
14:40:19  src.cpcv.tuning  INFO  Tuning total: 38.4s
14:40:19  src.cpcv.pipeline  INFO      applied lstm: {'hidden_size': 32, 'num_layers': 1, 'dropout': 0.10239887318232696, 'learning_rate': 0.041376293143363024}
14:40:20  src.cpcv.pipeline  INFO    [ 67/84]                 lstm (seed=0) F1=0.500  AUC=0.515  LL=0.7203 (1.1s)
14:40:21  src.cpcv.pipeline  INFO    [ 68/84]                 lstm (seed=1) F1=0.506  AUC=0.510  LL=0.7010 (1.2s)
14:40:22  src.cpcv.pipeline  INFO    [ 69/84]                 lstm (seed=2) F1=0.516  AUC=0.475  LL=0.7072 (1.1s)
14:40:23  src.cpcv.preprocessing  INFO  Computing MDA (Random Forest)...
14:40:44  src.cpcv.preprocessing  INFO  Computing MDA (Logistic Regression)...
14:40:45  src.cpcv.preprocessing  INFO  Multi-model MDA: 42/62 passed (MDA > 0), 20 eliminated
14:40:45  src.cpcv.preprocessing  INFO    Capped at 18 features (top_k_frac=0.3)
14:40:45  src.cpcv.preprocessing  INFO    Selected (18): ['eth_btc_ratio', 'gk_vol', 'hurst', 'kurtosis', 'macd', 'nasdaq_ret_30', 'oil_ret_30', 'roc_14', 'rsi', 'sadf', 'silver_ret_30', 'skewness', 'smt_exp', 'vix', 'vwma_ratio_20_50', 'williams_r', 'yield_curve_10y30y', 'yz_vol']
14:40:45  src.cpcv.pipeline  INFO    Preprocessing: 18 features selected, train=519 + cal=130, test=288
14:40:45  src.cpcv.tuning  INFO  Tuning (1 model) — Optuna TPE + Purged K-Fold (inner: 3 folds, embargo=10 obs)
14:40:45  src.cpcv.tuning  INFO    [tuning] lstm: 3 purged K-fold splits, 30 Optuna trials (TPE)
14:41:27  src.cpcv.tuning  INFO      lstm: 19 completed, 11 pruned (of 30 total) — best log_loss=0.6853, params={'hidden_size': 32, 'dropout': 0.189590166438511, 'learning_rate': 0.0030850627327711727}
14:41:27  src.cpcv.tuning  INFO    [tuning] lstm done in 41.9s — best log_loss=0.6853
14:41:27  src.cpcv.tuning  INFO  Tuning total: 41.9s
14:41:27  src.cpcv.pipeline  INFO      applied lstm: {'hidden_size': 32, 'num_layers': 1, 'dropout': 0.189590166438511, 'learning_rate': 0.0030850627327711727}
14:41:28  src.cpcv.pipeline  INFO    [ 70/84]                 lstm (seed=0) F1=0.484  AUC=0.541  LL=0.7323 (1.0s)
14:41:29  src.cpcv.pipeline  INFO    [ 71/84]                 lstm (seed=1) F1=0.512  AUC=0.532  LL=0.7303 (1.0s)
14:41:29  src.cpcv.pipeline  INFO    [ 72/84]                 lstm (seed=2) F1=0.534  AUC=0.545  LL=0.7045 (0.7s)
14:41:30  src.cpcv.preprocessing  INFO  Computing MDA (Random Forest)...
14:41:50  src.cpcv.preprocessing  INFO  Computing MDA (Logistic Regression)...
14:41:51  src.cpcv.preprocessing  INFO  Multi-model MDA: 17/62 passed (MDA > 0), 45 eliminated
14:41:51  src.cpcv.preprocessing  INFO    Selected (17): ['active_addr_roc_14', 'dxy_roc_30', 'eth_btc_ratio', 'exchange_supply_pct', 'hurst', 'kurtosis', 'log_returns_lag3', 'lz_complexity', 'macd_signal', 'nasdaq_ret_30', 'sadf', 'smt_poly1', 'tx_count_roc_14', 'us2y', 'vol_term_30_90', 'williams_r', 'yz_vol']
14:41:51  src.cpcv.pipeline  INFO    Preprocessing: 17 features selected, train=520 + cal=131, test=295
14:41:51  src.cpcv.tuning  INFO  Tuning (1 model) — Optuna TPE + Purged K-Fold (inner: 3 folds, embargo=10 obs)
14:41:51  src.cpcv.tuning  INFO    [tuning] lstm: 3 purged K-fold splits, 30 Optuna trials (TPE)
14:42:32  src.cpcv.tuning  INFO      lstm: 14 completed, 16 pruned (of 30 total) — best log_loss=0.6968, params={'hidden_size': 32, 'dropout': 0.38847114522458004, 'learning_rate': 0.0012816853726077956}
14:42:32  src.cpcv.tuning  INFO    [tuning] lstm done in 41.1s — best log_loss=0.6968
14:42:32  src.cpcv.tuning  INFO  Tuning total: 41.1s
14:42:32  src.cpcv.pipeline  INFO      applied lstm: {'hidden_size': 32, 'num_layers': 1, 'dropout': 0.38847114522458004, 'learning_rate': 0.0012816853726077956}
14:42:33  src.cpcv.pipeline  INFO    [ 73/84]                 lstm (seed=0) F1=0.455  AUC=0.550  LL=0.6933 (0.8s)
14:42:34  src.cpcv.pipeline  INFO    [ 74/84]                 lstm (seed=1) F1=0.366  AUC=0.482  LL=0.6829 (0.8s)
14:42:35  src.cpcv.pipeline  INFO    [ 75/84]                 lstm (seed=2) F1=0.366  AUC=0.518  LL=0.6808 (0.8s)
14:42:35  src.cpcv.preprocessing  INFO  Computing MDA (Random Forest)...
14:42:57  src.cpcv.preprocessing  INFO  Computing MDA (Logistic Regression)...
14:42:58  src.cpcv.preprocessing  INFO  Multi-model MDA: 41/62 passed (MDA > 0), 21 eliminated
14:42:58  src.cpcv.preprocessing  INFO    Capped at 18 features (top_k_frac=0.3)
14:42:58  src.cpcv.preprocessing  INFO    Selected (18): ['active_addr_roc_14', 'eth_btc_ratio', 'exchange_supply_pct', 'kurtosis', 'log_returns', 'log_returns_lag14', 'mfi_14', 'mvrv', 'negentropy', 'roc_14', 'silver_ret_30', 'smt_exp', 'smt_poly1', 'tx_count_roc_14', 'vix', 'vwma_ratio_20_50', 'williams_r', 'yz_vol']
14:42:58  src.cpcv.pipeline  INFO    Preprocessing: 18 features selected, train=527 + cal=132, test=288
14:42:58  src.cpcv.tuning  INFO  Tuning (1 model) — Optuna TPE + Purged K-Fold (inner: 3 folds, embargo=10 obs)
14:42:58  src.cpcv.tuning  INFO    [tuning] lstm: 3 purged K-fold splits, 30 Optuna trials (TPE)
14:43:38  src.cpcv.tuning  INFO      lstm: 12 completed, 18 pruned (of 30 total) — best log_loss=0.6860, params={'hidden_size': 32, 'dropout': 0.37763356752876265, 'learning_rate': 0.0006049151349263463}
14:43:38  src.cpcv.tuning  INFO    [tuning] lstm done in 40.5s — best log_loss=0.6860
14:43:38  src.cpcv.tuning  INFO  Tuning total: 40.5s
14:43:38  src.cpcv.pipeline  INFO      applied lstm: {'hidden_size': 32, 'num_layers': 1, 'dropout': 0.37763356752876265, 'learning_rate': 0.0006049151349263463}
14:43:41  src.cpcv.pipeline  INFO    [ 76/84]                 lstm (seed=0) F1=0.510  AUC=0.548  LL=0.7331 (2.8s)
14:43:42  src.cpcv.pipeline  INFO    [ 77/84]                 lstm (seed=1) F1=0.467  AUC=0.502  LL=0.7114 (1.1s)
14:43:44  src.cpcv.pipeline  INFO    [ 78/84]                 lstm (seed=2) F1=0.528  AUC=0.544  LL=0.7035 (2.2s)
14:43:44  src.cpcv.preprocessing  INFO  Computing MDA (Random Forest)...
14:44:06  src.cpcv.preprocessing  INFO  Computing MDA (Logistic Regression)...
14:44:07  src.cpcv.preprocessing  INFO  Multi-model MDA: 32/62 passed (MDA > 0), 30 eliminated
14:44:07  src.cpcv.preprocessing  INFO    Capped at 18 features (top_k_frac=0.3)
14:44:07  src.cpcv.preprocessing  INFO    Selected (18): ['bb_width', 'eth_btc_ratio', 'exchange_supply_pct', 'hashrate_roc_30', 'log_returns_lag1', 'log_returns_lag14', 'log_returns_lag3', 'lz_complexity', 'mfi_14', 'natgas_ret_30', 'skewness', 'tx_count_roc_14', 'us10y', 'us2y', 'vix', 'yield_curve_10y30y', 'yield_curve_2y10y', 'yz_vol']
14:44:07  src.cpcv.pipeline  INFO    Preprocessing: 18 features selected, train=519 + cal=130, test=295
14:44:07  src.cpcv.tuning  INFO  Tuning (1 model) — Optuna TPE + Purged K-Fold (inner: 3 folds, embargo=10 obs)
14:44:07  src.cpcv.tuning  INFO    [tuning] lstm: 3 purged K-fold splits, 30 Optuna trials (TPE)
14:44:46  src.cpcv.tuning  INFO      lstm: 18 completed, 12 pruned (of 30 total) — best log_loss=0.6792, params={'hidden_size': 16, 'dropout': 0.49581046186005445, 'learning_rate': 0.022362985414277146}
14:44:46  src.cpcv.tuning  INFO    [tuning] lstm done in 39.3s — best log_loss=0.6792
14:44:46  src.cpcv.tuning  INFO  Tuning total: 39.3s
14:44:46  src.cpcv.pipeline  INFO      applied lstm: {'hidden_size': 16, 'num_layers': 1, 'dropout': 0.49581046186005445, 'learning_rate': 0.022362985414277146}
14:44:47  src.cpcv.pipeline  INFO    [ 79/84]                 lstm (seed=0) F1=0.545  AUC=0.548  LL=0.7176 (1.1s)
14:44:48  src.cpcv.pipeline  INFO    [ 80/84]                 lstm (seed=1) F1=0.509  AUC=0.562  LL=0.7041 (0.9s)
14:44:49  src.cpcv.pipeline  INFO    [ 81/84]                 lstm (seed=2) F1=0.456  AUC=0.499  LL=0.7587 (1.2s)
14:44:50  src.cpcv.preprocessing  INFO  Computing MDA (Random Forest)...
14:45:11  src.cpcv.preprocessing  INFO  Computing MDA (Logistic Regression)...
14:45:12  src.cpcv.preprocessing  INFO  Multi-model MDA: 13/62 passed (MDA > 0), 49 eliminated
14:45:12  src.cpcv.preprocessing  INFO    Selected (13): ['chaikin_osc', 'eth_btc_ratio', 'exchange_supply_pct', 'gk_vol', 'kurtosis', 'log_returns', 'nasdaq_ret_30', 'realized_vol', 'roc_14', 'smt_exp', 'smt_poly1', 'sp500_ret_30', 'us10y']
14:45:12  src.cpcv.pipeline  INFO    Preprocessing: 13 features selected, train=531 + cal=133, test=295
14:45:12  src.cpcv.tuning  INFO  Tuning (1 model) — Optuna TPE + Purged K-Fold (inner: 3 folds, embargo=10 obs)
14:45:12  src.cpcv.tuning  INFO    [tuning] lstm: 3 purged K-fold splits, 30 Optuna trials (TPE)
14:45:50  src.cpcv.tuning  INFO      lstm: 16 completed, 14 pruned (of 30 total) — best log_loss=0.6744, params={'hidden_size': 32, 'dropout': 0.3234456930249463, 'learning_rate': 0.030856930272461128}
14:45:50  src.cpcv.tuning  INFO    [tuning] lstm done in 37.8s — best log_loss=0.6744
14:45:50  src.cpcv.tuning  INFO  Tuning total: 37.8s
14:45:50  src.cpcv.pipeline  INFO      applied lstm: {'hidden_size': 32, 'num_layers': 1, 'dropout': 0.3234456930249463, 'learning_rate': 0.030856930272461128}
14:45:51  src.cpcv.pipeline  INFO    [ 82/84]                 lstm (seed=0) F1=0.421  AUC=0.519  LL=0.7205 (1.4s)
14:45:53  src.cpcv.pipeline  INFO    [ 83/84]                 lstm (seed=1) F1=0.499  AUC=0.527  LL=0.7157 (1.4s)
14:45:54  src.cpcv.pipeline  INFO    [ 84/84]                 lstm (seed=2) F1=0.335  AUC=0.526  LL=0.7441 (1.4s)
14:45:54  src.cpcv.pipeline  INFO  ============================================================
14:45:54  src.cpcv.pipeline  INFO  CPCV Pipeline Complete
14:45:54  src.cpcv.pipeline  INFO  ============================================================
14:45:54  src.cpcv.pipeline  INFO    Total time:     1908.9s (31.8m)
14:45:54  src.cpcv.pipeline  INFO    Tasks:          84 succeeded, 0 failed
14:45:54  src.cpcv.pipeline  INFO    Results keys:   84 (model, split, seed) entries
14:45:54  src.cpcv.pipeline  INFO    Backtest paths: 7
14:45:54  src.cpcv.pipeline  INFO    Tuning:         nested (per-split), 28 splits tuned, models=['lstm']
14:45:54  src.cpcv.pipeline  INFO  ============================================================
14:45:55  src.cpcv.pipeline  INFO  ============================================================
14:45:55  src.cpcv.pipeline  INFO  CPCV Pipeline
14:45:55  src.cpcv.pipeline  INFO  ============================================================
14:45:55  src.cpcv.pipeline  INFO    Models:         ['kan']
14:45:55  src.cpcv.pipeline  INFO    Seeds/fold:     3
14:45:55  src.cpcv.pipeline  INFO    Groups (N):     8
14:45:55  src.cpcv.pipeline  INFO    Test groups (k):2
14:45:55  src.cpcv.pipeline  INFO    Embargo:        1.0%
14:45:55  src.cpcv.pipeline  INFO    FFD columns:    ['atr']
14:45:55  src.cpcv.pipeline  INFO    Samples:        1159
14:45:55  src.cpcv.pipeline  INFO    Features:       62
14:45:55  src.cpcv.pipeline  INFO    Splits:         28, Paths: 7
14:45:55  src.cpcv.pipeline  INFO    Tuning:         NESTED (per-split) — ['kan'] [30 trials]
14:45:55  src.cpcv.pipeline  INFO  ============================================================
14:45:55  src.cpcv.preprocessing  INFO  Computing MDA (Random Forest)...
14:46:20  src.cpcv.preprocessing  INFO  Computing MDA (Logistic Regression)...
14:46:21  src.cpcv.preprocessing  INFO  Multi-model MDA: 13/62 passed (MDA > 0), 49 eliminated
14:46:21  src.cpcv.preprocessing  INFO    Selected (13): ['dxy_roc_30', 'exchange_supply_pct', 'gk_vol', 'jarque_bera', 'log_returns', 'log_returns_lag1', 'silver_ret_30', 'stoch_d', 'us10y', 'us2y', 'variance_ratio', 'vol_term_7_30', 'yield_curve_10y30y']
14:46:21  src.cpcv.pipeline  INFO    Preprocessing: 13 features selected, train=688 + cal=172, test=89
14:46:21  src.cpcv.tuning  INFO  Tuning (1 model) — Optuna TPE + Purged K-Fold (inner: 3 folds, embargo=10 obs)
14:46:21  src.cpcv.tuning  INFO    [tuning] kan (efficient-kan + AdamW): 3 purged K-fold splits, 30 Optuna trials (TPE)
14:47:00  src.cpcv.tuning  INFO      kan: 13 completed, 17 pruned (of 30 total) — best log_loss=0.6892, params={'width1': 6, 'lr': 0.010664294964911916, 'weight_decay': 3.3227114199860416e-05, 'grid': 5}
14:47:00  src.cpcv.tuning  INFO    [tuning] kan done in 39.1s — best log_loss=0.6892
14:47:00  src.cpcv.tuning  INFO  Tuning total: 39.1s
14:47:00  src.cpcv.pipeline  INFO      applied kan: {'width1': 6, 'width2': 0, 'grid': 5, 'lr': 0.010664294964911916, 'weight_decay': 3.3227114199860416e-05}
14:47:00  src.cpcv.models.kan_model  INFO  KAN fitted: widths=[13, 6, 2], grid=5, epochs=21, val_acc=0.5174, val_loss=0.6947, logit_range=[-0.14, 0.03], device=cpu.
14:47:00  src.cpcv.pipeline  INFO    [  1/84]                  kan (seed=0) F1=0.399  AUC=0.573  LL=0.6646 (0.7s)
14:47:01  src.cpcv.models.kan_model  INFO  KAN fitted: widths=[13, 6, 2], grid=5, epochs=21, val_acc=0.4767, val_loss=0.6942, logit_range=[-0.07, 0.08], device=cpu.
14:47:01  src.cpcv.pipeline  INFO    [  2/84]                  kan (seed=1) F1=0.399  AUC=0.570  LL=0.6641 (0.4s)
14:47:01  src.cpcv.models.kan_model  INFO  KAN fitted: widths=[13, 6, 2], grid=5, epochs=21, val_acc=0.4651, val_loss=0.6952, logit_range=[-0.07, 0.19], device=cpu.
14:47:01  src.cpcv.pipeline  INFO    [  3/84]                  kan (seed=2) F1=0.399  AUC=0.431  LL=0.6633 (0.4s)
14:47:01  src.cpcv.preprocessing  INFO  Computing MDA (Random Forest)...
14:47:26  src.cpcv.preprocessing  INFO  Computing MDA (Logistic Regression)...
14:47:27  src.cpcv.preprocessing  INFO  Multi-model MDA: 49/62 passed (MDA > 0), 13 eliminated
14:47:27  src.cpcv.preprocessing  INFO    Capped at 18 features (top_k_frac=0.3)
14:47:27  src.cpcv.preprocessing  INFO    Selected (18): ['bb_width', 'dxy_roc_30', 'ema_ratio_50_200', 'eth_btc_ratio', 'issuance_ntv', 'log_returns', 'macd_hist', 'nasdaq_ret_30', 'oil_ret_30', 'realized_vol', 'shannon_entropy', 'skewness', 'smt_exp', 'smt_poly1', 'stoch_d', 'tx_count_roc_14', 'us2y', 'yield_curve_2y10y']
14:47:27  src.cpcv.pipeline  INFO    Preprocessing: 18 features selected, train=643 + cal=161, test=144
14:47:27  src.cpcv.tuning  INFO  Tuning (1 model) — Optuna TPE + Purged K-Fold (inner: 3 folds, embargo=10 obs)
14:47:27  src.cpcv.tuning  INFO    [tuning] kan (efficient-kan + AdamW): 3 purged K-fold splits, 30 Optuna trials (TPE)
14:47:58  src.cpcv.tuning  INFO      kan: 19 completed, 11 pruned (of 30 total) — best log_loss=0.6904, params={'width1': 2, 'lr': 0.048947769143449005, 'weight_decay': 0.002048694775486695, 'grid': 3}
14:47:58  src.cpcv.tuning  INFO    [tuning] kan done in 31.3s — best log_loss=0.6904
14:47:58  src.cpcv.tuning  INFO  Tuning total: 31.3s
14:47:58  src.cpcv.pipeline  INFO      applied kan: {'width1': 2, 'width2': 0, 'grid': 3, 'lr': 0.048947769143449005, 'weight_decay': 0.002048694775486695}
14:47:58  src.cpcv.models.kan_model  INFO  KAN fitted: widths=[18, 2, 2], grid=3, epochs=22, val_acc=0.4907, val_loss=0.6908, logit_range=[-0.26, 0.11], device=cpu.
14:47:59  src.cpcv.pipeline  INFO    [  4/84]                  kan (seed=0) F1=0.389  AUC=0.517  LL=0.7348 (0.4s)
14:47:59  src.cpcv.models.kan_model  INFO  KAN fitted: widths=[18, 2, 2], grid=3, epochs=23, val_acc=0.5404, val_loss=0.6899, logit_range=[-0.42, 0.44], device=cpu.
14:47:59  src.cpcv.pipeline  INFO    [  5/84]                  kan (seed=1) F1=0.443  AUC=0.498  LL=0.7139 (0.4s)
14:47:59  src.cpcv.models.kan_model  INFO  KAN fitted: widths=[18, 2, 2], grid=3, epochs=32, val_acc=0.5528, val_loss=0.6831, logit_range=[-0.37, 0.53], device=cpu.
14:47:59  src.cpcv.pipeline  INFO    [  6/84]                  kan (seed=2) F1=0.492  AUC=0.516  LL=0.7350 (0.5s)
14:48:00  src.cpcv.preprocessing  INFO  Computing MDA (Random Forest)...
14:48:24  src.cpcv.preprocessing  INFO  Computing MDA (Logistic Regression)...
14:48:25  src.cpcv.preprocessing  WARNING  [split 3/28] Only 3 features with MDA > 0. Taking top 5 by MDA value.
14:48:25  src.cpcv.preprocessing  INFO  Multi-model MDA: 3/62 passed (MDA > 0), 59 eliminated
14:48:25  src.cpcv.preprocessing  INFO    Selected (5): ['jarque_bera', 'log_returns_lag1', 'oil_ret_30', 'roc_14', 'stoch_d']
14:48:25  src.cpcv.pipeline  INFO    Preprocessing: 5 features selected, train=644 + cal=161, test=144
14:48:25  src.cpcv.tuning  INFO  Tuning (1 model) — Optuna TPE + Purged K-Fold (inner: 3 folds, embargo=10 obs)
14:48:25  src.cpcv.tuning  INFO    [tuning] kan (efficient-kan + AdamW): 3 purged K-fold splits, 30 Optuna trials (TPE)
14:48:55  src.cpcv.tuning  INFO      kan: 23 completed, 7 pruned (of 30 total) — best log_loss=0.6903, params={'width1': 6, 'lr': 0.0007345362772818524, 'weight_decay': 1.688181122810249e-05, 'grid': 3}
14:48:55  src.cpcv.tuning  INFO    [tuning] kan done in 29.7s — best log_loss=0.6903
14:48:55  src.cpcv.tuning  INFO  Tuning total: 29.7s
14:48:55  src.cpcv.pipeline  INFO      applied kan: {'width1': 6, 'width2': 0, 'grid': 3, 'lr': 0.0007345362772818524, 'weight_decay': 1.688181122810249e-05}
14:48:55  src.cpcv.models.kan_model  INFO  KAN fitted: widths=[5, 6, 2], grid=3, epochs=24, val_acc=0.4845, val_loss=0.6947, logit_range=[-0.10, 0.12], device=cpu.
14:48:56  src.cpcv.pipeline  INFO    [  7/84]                  kan (seed=0) F1=0.363  AUC=0.501  LL=0.6840 (0.5s)
14:48:56  src.cpcv.models.kan_model  INFO  KAN fitted: widths=[5, 6, 2], grid=3, epochs=30, val_acc=0.5031, val_loss=0.6943, logit_range=[-0.12, 0.10], device=cpu.
14:48:56  src.cpcv.pipeline  INFO    [  8/84]                  kan (seed=1) F1=0.363  AUC=0.419  LL=0.6843 (0.5s)
14:48:56  src.cpcv.models.kan_model  INFO  KAN fitted: widths=[5, 6, 2], grid=3, epochs=21, val_acc=0.4348, val_loss=0.6941, logit_range=[-0.08, 0.13], device=cpu.
14:48:56  src.cpcv.pipeline  INFO    [  9/84]                  kan (seed=2) F1=0.363  AUC=0.461  LL=0.6844 (0.4s)
14:48:57  src.cpcv.preprocessing  INFO  Computing MDA (Random Forest)...
14:49:22  src.cpcv.preprocessing  INFO  Computing MDA (Logistic Regression)...
14:49:23  src.cpcv.preprocessing  INFO  Multi-model MDA: 37/62 passed (MDA > 0), 25 eliminated
14:49:23  src.cpcv.preprocessing  INFO    Capped at 18 features (top_k_frac=0.3)
14:49:23  src.cpcv.preprocessing  INFO    Selected (18): ['active_addr_roc_14', 'atr', 'bb_width', 'fee_per_tx', 'jarque_bera', 'log_returns_lag2', 'log_returns_lag30', 'macd_hist', 'mvrv', 'net_exchange_flow', 'obv', 'oil_ret_30', 'sadf', 'skewness', 'smt_exp', 'stoch_d', 'vix', 'yield_curve_10y30y']
14:49:23  src.cpcv.pipeline  INFO    Preprocessing: 18 features selected, train=644 + cal=161, test=144
14:49:23  src.cpcv.tuning  INFO  Tuning (1 model) — Optuna TPE + Purged K-Fold (inner: 3 folds, embargo=10 obs)
14:49:23  src.cpcv.tuning  INFO    [tuning] kan (efficient-kan + AdamW): 3 purged K-fold splits, 30 Optuna trials (TPE)
14:50:05  src.cpcv.tuning  INFO      kan: 17 completed, 13 pruned (of 30 total) — best log_loss=0.6889, params={'width1': 4, 'lr': 0.0015965496597363045, 'weight_decay': 0.000441108678274914, 'grid': 3}
14:50:05  src.cpcv.tuning  INFO    [tuning] kan done in 42.7s — best log_loss=0.6889
14:50:05  src.cpcv.tuning  INFO  Tuning total: 42.7s
14:50:05  src.cpcv.pipeline  INFO      applied kan: {'width1': 4, 'width2': 0, 'grid': 3, 'lr': 0.0015965496597363045, 'weight_decay': 0.000441108678274914}
14:50:06  src.cpcv.models.kan_model  INFO  KAN fitted: widths=[18, 4, 2], grid=3, epochs=29, val_acc=0.5466, val_loss=0.6941, logit_range=[-0.09, 0.16], device=cpu.
14:50:06  src.cpcv.pipeline  INFO    [ 10/84]                  kan (seed=0) F1=0.374  AUC=0.588  LL=0.6772 (0.6s)
14:50:07  src.cpcv.models.kan_model  INFO  KAN fitted: widths=[18, 4, 2], grid=3, epochs=40, val_acc=0.5280, val_loss=0.6915, logit_range=[-0.11, 0.21], device=cpu.
14:50:07  src.cpcv.pipeline  INFO    [ 11/84]                  kan (seed=1) F1=0.401  AUC=0.464  LL=0.6862 (0.8s)
14:50:07  src.cpcv.models.kan_model  INFO  KAN fitted: widths=[18, 4, 2], grid=3, epochs=31, val_acc=0.5031, val_loss=0.6889, logit_range=[-0.17, 0.08], device=cpu.
14:50:07  src.cpcv.pipeline  INFO    [ 12/84]                  kan (seed=2) F1=0.526  AUC=0.557  LL=0.6898 (0.6s)
14:50:08  src.cpcv.preprocessing  INFO  Computing MDA (Random Forest)...
14:50:33  src.cpcv.preprocessing  INFO  Computing MDA (Logistic Regression)...
14:50:34  src.cpcv.preprocessing  INFO  Multi-model MDA: 47/62 passed (MDA > 0), 15 eliminated
14:50:34  src.cpcv.preprocessing  INFO    Capped at 18 features (top_k_frac=0.3)
14:50:34  src.cpcv.preprocessing  INFO    Selected (18): ['bb_width', 'ema_ratio_50_200', 'eth_btc_ratio', 'exchange_supply_pct', 'jarque_bera', 'kurtosis', 'log_returns', 'log_returns_lag30', 'macd_hist', 'mfi_14', 'mvrv', 'natgas_ret_30', 'realized_vol', 'rsi', 'sadf', 'skewness', 'yield_curve_10y30y', 'yz_vol']
14:50:34  src.cpcv.pipeline  INFO    Preprocessing: 18 features selected, train=642 + cal=161, test=144
14:50:34  src.cpcv.tuning  INFO  Tuning (1 model) — Optuna TPE + Purged K-Fold (inner: 3 folds, embargo=10 obs)
14:50:34  src.cpcv.tuning  INFO    [tuning] kan (efficient-kan + AdamW): 3 purged K-fold splits, 30 Optuna trials (TPE)
14:51:10  src.cpcv.tuning  INFO      kan: 10 completed, 20 pruned (of 30 total) — best log_loss=0.6861, params={'width1': 2, 'lr': 0.048947769143449005, 'weight_decay': 0.002048694775486695, 'grid': 3}
14:51:10  src.cpcv.tuning  INFO    [tuning] kan done in 35.9s — best log_loss=0.6861
14:51:10  src.cpcv.tuning  INFO  Tuning total: 35.9s
14:51:10  src.cpcv.pipeline  INFO      applied kan: {'width1': 2, 'width2': 0, 'grid': 3, 'lr': 0.048947769143449005, 'weight_decay': 0.002048694775486695}
14:51:10  src.cpcv.models.kan_model  INFO  KAN fitted: widths=[18, 2, 2], grid=3, epochs=21, val_acc=0.5404, val_loss=0.7015, logit_range=[-0.17, 0.19], device=cpu.
14:51:10  src.cpcv.pipeline  INFO    [ 13/84]                  kan (seed=0) F1=0.336  AUC=0.583  LL=0.6966 (0.3s)
14:51:10  src.cpcv.models.kan_model  INFO  KAN fitted: widths=[18, 2, 2], grid=3, epochs=23, val_acc=0.5342, val_loss=0.6938, logit_range=[-0.15, 0.17], device=cpu.
14:51:11  src.cpcv.pipeline  INFO    [ 14/84]                  kan (seed=1) F1=0.336  AUC=0.599  LL=0.6889 (0.4s)
14:51:11  src.cpcv.models.kan_model  INFO  KAN fitted: widths=[18, 2, 2], grid=3, epochs=21, val_acc=0.5652, val_loss=0.6957, logit_range=[-0.08, 0.23], device=cpu.
14:51:11  src.cpcv.pipeline  INFO    [ 15/84]                  kan (seed=2) F1=0.514  AUC=0.549  LL=0.6911 (0.3s)
14:51:11  src.cpcv.preprocessing  INFO  Computing MDA (Random Forest)...
14:51:36  src.cpcv.preprocessing  INFO  Computing MDA (Logistic Regression)...
14:51:37  src.cpcv.preprocessing  INFO  Multi-model MDA: 22/62 passed (MDA > 0), 40 eliminated
14:51:37  src.cpcv.preprocessing  INFO    Capped at 18 features (top_k_frac=0.3)
14:51:37  src.cpcv.preprocessing  INFO    Selected (18): ['chaikin_osc', 'dxy_roc_30', 'eth_btc_ratio', 'gold_ret_30', 'hashrate_roc_30', 'jarque_bera', 'kurtosis', 'macd', 'macd_signal', 'net_exchange_flow', 'obv', 'oil_ret_30', 'roc_14', 'shannon_entropy', 'smt_poly1', 'sp500_ret_30', 'stoch_k', 'yield_curve_10y30y']
14:51:37  src.cpcv.pipeline  INFO    Preprocessing: 18 features selected, train=643 + cal=161, test=144
14:51:37  src.cpcv.tuning  INFO  Tuning (1 model) — Optuna TPE + Purged K-Fold (inner: 3 folds, embargo=10 obs)
14:51:37  src.cpcv.tuning  INFO    [tuning] kan (efficient-kan + AdamW): 3 purged K-fold splits, 30 Optuna trials (TPE)
14:52:45  src.cpcv.tuning  INFO      kan: 27 completed, 3 pruned (of 30 total) — best log_loss=0.6878, params={'width1': 6, 'lr': 0.007277591895628733, 'weight_decay': 0.004964499679768522, 'grid': 5}
14:52:45  src.cpcv.tuning  INFO    [tuning] kan done in 68.3s — best log_loss=0.6878
14:52:45  src.cpcv.tuning  INFO  Tuning total: 68.3s
14:52:45  src.cpcv.pipeline  INFO      applied kan: {'width1': 6, 'width2': 0, 'grid': 5, 'lr': 0.007277591895628733, 'weight_decay': 0.004964499679768522}
14:52:46  src.cpcv.models.kan_model  INFO  KAN fitted: widths=[18, 6, 2], grid=5, epochs=34, val_acc=0.5093, val_loss=0.6881, logit_range=[-0.27, 0.19], device=cpu.
14:52:46  src.cpcv.pipeline  INFO    [ 16/84]                  kan (seed=0) F1=0.437  AUC=0.429  LL=0.7030 (0.6s)
14:52:46  src.cpcv.models.kan_model  INFO  KAN fitted: widths=[18, 6, 2], grid=5, epochs=27, val_acc=0.4783, val_loss=0.6900, logit_range=[-0.20, 0.14], device=cpu.
14:52:46  src.cpcv.pipeline  INFO    [ 17/84]                  kan (seed=1) F1=0.463  AUC=0.429  LL=0.6974 (0.5s)
14:52:47  src.cpcv.models.kan_model  INFO  KAN fitted: widths=[18, 6, 2], grid=5, epochs=21, val_acc=0.5093, val_loss=0.6917, logit_range=[-0.12, 0.09], device=cpu.
14:52:47  src.cpcv.pipeline  INFO    [ 18/84]                  kan (seed=2) F1=0.537  AUC=0.556  LL=0.6888 (0.4s)
14:52:47  src.cpcv.preprocessing  INFO  Computing MDA (Random Forest)...
14:53:12  src.cpcv.preprocessing  INFO  Computing MDA (Logistic Regression)...
14:53:13  src.cpcv.preprocessing  INFO  Multi-model MDA: 26/62 passed (MDA > 0), 36 eliminated
14:53:13  src.cpcv.preprocessing  INFO    Capped at 18 features (top_k_frac=0.3)
14:53:13  src.cpcv.preprocessing  INFO    Selected (18): ['active_addr_roc_14', 'atr', 'bb_width', 'copper_ret_30', 'eth_btc_ratio', 'gold_ret_30', 'hurst', 'log_returns_lag1', 'log_returns_lag14', 'macd', 'macd_signal', 'net_exchange_flow', 'sadf', 'skewness', 'us10y', 'vol_term_30_90', 'williams_r', 'yield_curve_10y30y']
14:53:13  src.cpcv.pipeline  INFO    Preprocessing: 18 features selected, train=644 + cal=162, test=151
14:53:13  src.cpcv.tuning  INFO  Tuning (1 model) — Optuna TPE + Purged K-Fold (inner: 3 folds, embargo=10 obs)
14:53:13  src.cpcv.tuning  INFO    [tuning] kan (efficient-kan + AdamW): 3 purged K-fold splits, 30 Optuna trials (TPE)
14:54:13  src.cpcv.tuning  INFO      kan: 23 completed, 7 pruned (of 30 total) — best log_loss=0.6844, params={'width1': 6, 'lr': 0.027283014212561865, 'weight_decay': 0.0003590513304190181, 'grid': 3}
14:54:13  src.cpcv.tuning  INFO    [tuning] kan done in 59.9s — best log_loss=0.6844
14:54:13  src.cpcv.tuning  INFO  Tuning total: 59.9s
14:54:13  src.cpcv.pipeline  INFO      applied kan: {'width1': 6, 'width2': 0, 'grid': 3, 'lr': 0.027283014212561865, 'weight_decay': 0.0003590513304190181}
14:54:13  src.cpcv.models.kan_model  INFO  KAN fitted: widths=[18, 6, 2], grid=3, epochs=21, val_acc=0.5000, val_loss=0.6889, logit_range=[-0.11, 0.19], device=cpu.
14:54:13  src.cpcv.pipeline  INFO    [ 19/84]                  kan (seed=0) F1=0.556  AUC=0.593  LL=0.6754 (0.4s)
14:54:14  src.cpcv.models.kan_model  INFO  KAN fitted: widths=[18, 6, 2], grid=3, epochs=21, val_acc=0.4877, val_loss=0.6910, logit_range=[-0.12, 0.17], device=cpu.
14:54:14  src.cpcv.pipeline  INFO    [ 20/84]                  kan (seed=1) F1=0.357  AUC=0.488  LL=0.6895 (0.4s)
14:54:14  src.cpcv.models.kan_model  INFO  KAN fitted: widths=[18, 6, 2], grid=3, epochs=21, val_acc=0.4568, val_loss=0.6929, logit_range=[-0.13, 0.16], device=cpu.
14:54:14  src.cpcv.pipeline  INFO    [ 21/84]                  kan (seed=2) F1=0.357  AUC=0.541  LL=0.6883 (0.4s)
14:54:14  src.cpcv.preprocessing  INFO  Computing MDA (Random Forest)...
14:54:37  src.cpcv.preprocessing  INFO  Computing MDA (Logistic Regression)...
14:54:38  src.cpcv.preprocessing  INFO  Multi-model MDA: 27/62 passed (MDA > 0), 35 eliminated
14:54:38  src.cpcv.preprocessing  INFO    Capped at 18 features (top_k_frac=0.3)
14:54:38  src.cpcv.preprocessing  INFO    Selected (18): ['cci_14', 'chaikin_osc', 'dxy_roc_30', 'eth_btc_ratio', 'gk_vol', 'gold_ret_30', 'hashrate_roc_30', 'hurst', 'jarque_bera', 'log_returns_lag1', 'log_returns_lag14', 'lz_complexity', 'roc_14', 'sadf', 'stoch_k', 'williams_r', 'yield_curve_2y10y', 'yz_vol']
14:54:38  src.cpcv.pipeline  INFO    Preprocessing: 18 features selected, train=572 + cal=144, test=233
14:54:38  src.cpcv.tuning  INFO  Tuning (1 model) — Optuna TPE + Purged K-Fold (inner: 3 folds, embargo=10 obs)
14:54:38  src.cpcv.tuning  INFO    [tuning] kan (efficient-kan + AdamW): 3 purged K-fold splits, 30 Optuna trials (TPE)
14:55:14  src.cpcv.tuning  INFO      kan: 19 completed, 11 pruned (of 30 total) — best log_loss=0.6869, params={'width1': 2, 'lr': 0.01897753104717914, 'weight_decay': 0.001674601122955787, 'grid': 3}
14:55:14  src.cpcv.tuning  INFO    [tuning] kan done in 36.8s — best log_loss=0.6869
14:55:14  src.cpcv.tuning  INFO  Tuning total: 36.8s
14:55:14  src.cpcv.pipeline  INFO      applied kan: {'width1': 2, 'width2': 0, 'grid': 3, 'lr': 0.01897753104717914, 'weight_decay': 0.001674601122955787}
14:55:15  src.cpcv.models.kan_model  INFO  KAN fitted: widths=[18, 2, 2], grid=3, epochs=30, val_acc=0.5208, val_loss=0.6924, logit_range=[-0.45, 0.40], device=cpu.
14:55:15  src.cpcv.pipeline  INFO    [ 22/84]                  kan (seed=0) F1=0.429  AUC=0.555  LL=0.6930 (0.4s)
14:55:15  src.cpcv.models.kan_model  INFO  KAN fitted: widths=[18, 2, 2], grid=3, epochs=23, val_acc=0.5625, val_loss=0.6890, logit_range=[-0.11, 0.14], device=cpu.
14:55:15  src.cpcv.pipeline  INFO    [ 23/84]                  kan (seed=1) F1=0.371  AUC=0.521  LL=0.7150 (0.4s)
14:55:15  src.cpcv.models.kan_model  INFO  KAN fitted: widths=[18, 2, 2], grid=3, epochs=26, val_acc=0.4236, val_loss=0.6963, logit_range=[-0.11, 0.07], device=cpu.
14:55:15  src.cpcv.pipeline  INFO    [ 24/84]                  kan (seed=2) F1=0.347  AUC=0.524  LL=0.6922 (0.4s)
14:55:16  src.cpcv.preprocessing  INFO  Computing MDA (Random Forest)...
14:55:37  src.cpcv.preprocessing  INFO  Computing MDA (Logistic Regression)...
14:55:38  src.cpcv.preprocessing  INFO  Multi-model MDA: 54/62 passed (MDA > 0), 8 eliminated
14:55:38  src.cpcv.preprocessing  INFO    Capped at 18 features (top_k_frac=0.3)
14:55:38  src.cpcv.preprocessing  INFO    Selected (18): ['copper_ret_30', 'eth_btc_ratio', 'gk_vol', 'log_returns_lag3', 'macd', 'macd_hist', 'mvrv', 'net_exchange_flow', 'realized_vol', 'sadf', 'silver_ret_30', 'skewness', 'smt_exp', 'stoch_k', 'variance_ratio', 'vix', 'vol_term_30_90', 'vol_term_7_30']
14:55:38  src.cpcv.pipeline  INFO    Preprocessing: 18 features selected, train=564 + cal=141, test=233
14:55:38  src.cpcv.tuning  INFO  Tuning (1 model) — Optuna TPE + Purged K-Fold (inner: 3 folds, embargo=10 obs)
14:55:38  src.cpcv.tuning  INFO    [tuning] kan (efficient-kan + AdamW): 3 purged K-fold splits, 30 Optuna trials (TPE)
14:56:54  src.cpcv.tuning  INFO      kan: 14 completed, 16 pruned (of 30 total) — best log_loss=0.6852, params={'width1': 2, 'lr': 0.013515435271253614, 'weight_decay': 0.00046490390852635063, 'grid': 3}
14:56:54  src.cpcv.tuning  INFO    [tuning] kan done in 75.5s — best log_loss=0.6852
14:56:54  src.cpcv.tuning  INFO  Tuning total: 75.5s
14:56:54  src.cpcv.pipeline  INFO      applied kan: {'width1': 2, 'width2': 0, 'grid': 3, 'lr': 0.013515435271253614, 'weight_decay': 0.00046490390852635063}
14:56:55  src.cpcv.models.kan_model  INFO  KAN fitted: widths=[18, 2, 2], grid=3, epochs=58, val_acc=0.6170, val_loss=0.6663, logit_range=[-1.02, 0.57], device=cpu.
14:56:55  src.cpcv.pipeline  INFO    [ 25/84]                  kan (seed=0) F1=0.486  AUC=0.459  LL=0.7400 (1.0s)
14:56:55  src.cpcv.models.kan_model  INFO  KAN fitted: widths=[18, 2, 2], grid=3, epochs=46, val_acc=0.6383, val_loss=0.6647, logit_range=[-0.50, 0.57], device=cpu.
14:56:55  src.cpcv.pipeline  INFO    [ 26/84]                  kan (seed=1) F1=0.511  AUC=0.496  LL=0.7216 (0.8s)
14:56:56  src.cpcv.models.kan_model  INFO  KAN fitted: widths=[18, 2, 2], grid=3, epochs=55, val_acc=0.6596, val_loss=0.6643, logit_range=[-0.40, 0.76], device=cpu.
14:56:56  src.cpcv.pipeline  INFO    [ 27/84]                  kan (seed=2) F1=0.486  AUC=0.485  LL=0.7713 (0.9s)
14:56:57  src.cpcv.preprocessing  INFO  Computing MDA (Random Forest)...
14:57:18  src.cpcv.preprocessing  INFO  Computing MDA (Logistic Regression)...
14:57:19  src.cpcv.preprocessing  INFO  Multi-model MDA: 38/62 passed (MDA > 0), 24 eliminated
14:57:19  src.cpcv.preprocessing  INFO    Capped at 18 features (top_k_frac=0.3)
14:57:19  src.cpcv.preprocessing  INFO    Selected (18): ['bb_width', 'cci_14', 'ema_ratio_50_200', 'exchange_supply_pct', 'gk_vol', 'jarque_bera', 'log_returns', 'log_returns_lag1', 'mvrv', 'natgas_ret_30', 'oil_ret_30', 'roc_14', 'sadf', 'silver_ret_30', 'smt_poly1', 'tx_count_roc_14', 'vol_term_30_90', 'williams_r']
14:57:19  src.cpcv.pipeline  INFO    Preprocessing: 18 features selected, train=564 + cal=141, test=233
14:57:19  src.cpcv.tuning  INFO  Tuning (1 model) — Optuna TPE + Purged K-Fold (inner: 3 folds, embargo=10 obs)
14:57:19  src.cpcv.tuning  INFO    [tuning] kan (efficient-kan + AdamW): 3 purged K-fold splits, 30 Optuna trials (TPE)
14:57:55  src.cpcv.tuning  INFO      kan: 23 completed, 7 pruned (of 30 total) — best log_loss=0.6927, params={'width1': 2, 'lr': 0.0020298058052421537, 'weight_decay': 0.0002607965659809582, 'grid': 3}
14:57:55  src.cpcv.tuning  INFO    [tuning] kan done in 36.2s — best log_loss=0.6927
14:57:55  src.cpcv.tuning  INFO  Tuning total: 36.2s
14:57:55  src.cpcv.pipeline  INFO      applied kan: {'width1': 2, 'width2': 0, 'grid': 3, 'lr': 0.0020298058052421537, 'weight_decay': 0.0002607965659809582}
14:57:56  src.cpcv.models.kan_model  INFO  KAN fitted: widths=[18, 2, 2], grid=3, epochs=24, val_acc=0.5106, val_loss=0.6920, logit_range=[-0.22, 0.16], device=cpu.
14:57:56  src.cpcv.pipeline  INFO    [ 28/84]                  kan (seed=0) F1=0.546  AUC=0.536  LL=0.6842 (0.4s)
14:57:57  src.cpcv.models.kan_model  INFO  KAN fitted: widths=[18, 2, 2], grid=3, epochs=66, val_acc=0.4397, val_loss=0.6979, logit_range=[-0.10, 0.11], device=cpu.
14:57:57  src.cpcv.pipeline  INFO    [ 29/84]                  kan (seed=1) F1=0.384  AUC=0.562  LL=0.6744 (1.1s)
14:57:57  src.cpcv.models.kan_model  INFO  KAN fitted: widths=[18, 2, 2], grid=3, epochs=26, val_acc=0.4965, val_loss=0.6940, logit_range=[-0.11, 0.12], device=cpu.
14:57:57  src.cpcv.pipeline  INFO    [ 30/84]                  kan (seed=2) F1=0.384  AUC=0.530  LL=0.6761 (0.4s)
14:57:57  src.cpcv.preprocessing  INFO  Computing MDA (Random Forest)...
14:58:19  src.cpcv.preprocessing  INFO  Computing MDA (Logistic Regression)...
14:58:20  src.cpcv.preprocessing  INFO  Multi-model MDA: 29/62 passed (MDA > 0), 33 eliminated
14:58:20  src.cpcv.preprocessing  INFO    Capped at 18 features (top_k_frac=0.3)
14:58:20  src.cpcv.preprocessing  INFO    Selected (18): ['active_addr_roc_14', 'dxy_roc_30', 'eth_btc_ratio', 'exchange_supply_pct', 'kurtosis', 'log_returns_lag1', 'log_returns_lag3', 'mfi_14', 'natgas_ret_30', 'obv', 'roc_14', 'rsi', 'sadf', 'stoch_k', 'variance_ratio', 'vix', 'vol_term_30_90', 'yield_curve_2y10y']
14:58:20  src.cpcv.pipeline  INFO    Preprocessing: 18 features selected, train=562 + cal=141, test=233
14:58:20  src.cpcv.tuning  INFO  Tuning (1 model) — Optuna TPE + Purged K-Fold (inner: 3 folds, embargo=10 obs)
14:58:20  src.cpcv.tuning  INFO    [tuning] kan (efficient-kan + AdamW): 3 purged K-fold splits, 30 Optuna trials (TPE)
14:58:53  src.cpcv.tuning  INFO      kan: 20 completed, 10 pruned (of 30 total) — best log_loss=0.6892, params={'width1': 4, 'lr': 0.032681320414828685, 'weight_decay': 0.004197101651236213, 'grid': 3}
14:58:53  src.cpcv.tuning  INFO    [tuning] kan done in 32.9s — best log_loss=0.6892
14:58:53  src.cpcv.tuning  INFO  Tuning total: 32.9s
14:58:53  src.cpcv.pipeline  INFO      applied kan: {'width1': 4, 'width2': 0, 'grid': 3, 'lr': 0.032681320414828685, 'weight_decay': 0.004197101651236213}
14:58:53  src.cpcv.models.kan_model  INFO  KAN fitted: widths=[18, 4, 2], grid=3, epochs=21, val_acc=0.5390, val_loss=0.6931, logit_range=[-0.10, 0.21], device=cpu.
14:58:53  src.cpcv.pipeline  INFO    [ 31/84]                  kan (seed=0) F1=0.469  AUC=0.534  LL=0.6868 (0.4s)
14:58:54  src.cpcv.models.kan_model  INFO  KAN fitted: widths=[18, 4, 2], grid=3, epochs=22, val_acc=0.5106, val_loss=0.7006, logit_range=[-0.15, 0.29], device=cpu.
14:58:54  src.cpcv.pipeline  INFO    [ 32/84]                  kan (seed=1) F1=0.362  AUC=0.556  LL=0.6849 (0.4s)
14:58:54  src.cpcv.models.kan_model  INFO  KAN fitted: widths=[18, 4, 2], grid=3, epochs=21, val_acc=0.4823, val_loss=0.6979, logit_range=[-0.10, 0.13], device=cpu.
14:58:54  src.cpcv.pipeline  INFO    [ 33/84]                  kan (seed=2) F1=0.362  AUC=0.543  LL=0.6849 (0.4s)
14:58:54  src.cpcv.preprocessing  INFO  Computing MDA (Random Forest)...
14:59:16  src.cpcv.preprocessing  INFO  Computing MDA (Logistic Regression)...
14:59:17  src.cpcv.preprocessing  INFO  Multi-model MDA: 36/62 passed (MDA > 0), 26 eliminated
14:59:17  src.cpcv.preprocessing  INFO    Capped at 18 features (top_k_frac=0.3)
14:59:17  src.cpcv.preprocessing  INFO    Selected (18): ['active_addr_roc_14', 'bb_width', 'chaikin_osc', 'ema_ratio_50_200', 'issuance_ntv', 'kurtosis', 'log_returns_lag7', 'mfi_14', 'nasdaq_ret_30', 'negentropy', 'obv', 'shannon_entropy', 'silver_ret_30', 'skewness', 'sp500_ret_30', 'us10y', 'vol_term_7_30', 'yield_curve_2y10y']
14:59:17  src.cpcv.pipeline  INFO    Preprocessing: 18 features selected, train=563 + cal=141, test=233
14:59:17  src.cpcv.tuning  INFO  Tuning (1 model) — Optuna TPE + Purged K-Fold (inner: 3 folds, embargo=10 obs)
14:59:17  src.cpcv.tuning  INFO    [tuning] kan (efficient-kan + AdamW): 3 purged K-fold splits, 30 Optuna trials (TPE)
15:00:25  src.cpcv.tuning  INFO      kan: 16 completed, 14 pruned (of 30 total) — best log_loss=0.6745, params={'width1': 4, 'lr': 0.009966080539593924, 'weight_decay': 0.00013201710447712978, 'grid': 3}
15:00:25  src.cpcv.tuning  INFO    [tuning] kan done in 67.6s — best log_loss=0.6745
15:00:25  src.cpcv.tuning  INFO  Tuning total: 67.6s
15:00:25  src.cpcv.pipeline  INFO      applied kan: {'width1': 4, 'width2': 0, 'grid': 3, 'lr': 0.009966080539593924, 'weight_decay': 0.00013201710447712978}
15:00:25  src.cpcv.models.kan_model  INFO  KAN fitted: widths=[18, 4, 2], grid=3, epochs=23, val_acc=0.4681, val_loss=0.6939, logit_range=[-0.22, 0.09], device=cpu.
15:00:25  src.cpcv.pipeline  INFO    [ 34/84]                  kan (seed=0) F1=0.374  AUC=0.553  LL=0.6757 (0.5s)
15:00:26  src.cpcv.models.kan_model  INFO  KAN fitted: widths=[18, 4, 2], grid=3, epochs=21, val_acc=0.4965, val_loss=0.6941, logit_range=[-0.13, 0.09], device=cpu.
15:00:26  src.cpcv.pipeline  INFO    [ 35/84]                  kan (seed=1) F1=0.374  AUC=0.570  LL=0.6717 (0.4s)
15:00:26  src.cpcv.models.kan_model  INFO  KAN fitted: widths=[18, 4, 2], grid=3, epochs=23, val_acc=0.4823, val_loss=0.6908, logit_range=[-0.24, 0.11], device=cpu.
15:00:26  src.cpcv.pipeline  INFO    [ 36/84]                  kan (seed=2) F1=0.447  AUC=0.555  LL=0.6755 (0.5s)
15:00:27  src.cpcv.preprocessing  INFO  Computing MDA (Random Forest)...
15:00:47  src.cpcv.preprocessing  INFO  Computing MDA (Logistic Regression)...
15:00:48  src.cpcv.preprocessing  INFO  Multi-model MDA: 25/62 passed (MDA > 0), 37 eliminated
15:00:48  src.cpcv.preprocessing  INFO    Capped at 18 features (top_k_frac=0.3)
15:00:48  src.cpcv.preprocessing  INFO    Selected (18): ['bb_width', 'cci_14', 'eth_btc_ratio', 'jarque_bera', 'kurtosis', 'log_returns', 'log_returns_lag2', 'lz_complexity', 'macd_hist', 'macd_signal', 'rsi', 'shannon_entropy', 'skewness', 'tx_count_roc_14', 'us10y', 'us2y', 'yield_curve_10y30y', 'yield_curve_2y10y']
15:00:48  src.cpcv.pipeline  INFO    Preprocessing: 18 features selected, train=564 + cal=142, test=240
15:00:48  src.cpcv.tuning  INFO  Tuning (1 model) — Optuna TPE + Purged K-Fold (inner: 3 folds, embargo=10 obs)
15:00:48  src.cpcv.tuning  INFO    [tuning] kan (efficient-kan + AdamW): 3 purged K-fold splits, 30 Optuna trials (TPE)
15:01:50  src.cpcv.tuning  INFO      kan: 14 completed, 16 pruned (of 30 total) — best log_loss=0.6835, params={'width1': 5, 'lr': 0.007654492144401147, 'weight_decay': 0.00015434630871549756, 'grid': 3}
15:01:50  src.cpcv.tuning  INFO    [tuning] kan done in 61.5s — best log_loss=0.6835
15:01:50  src.cpcv.tuning  INFO  Tuning total: 61.5s
15:01:50  src.cpcv.pipeline  INFO      applied kan: {'width1': 5, 'width2': 0, 'grid': 3, 'lr': 0.007654492144401147, 'weight_decay': 0.00015434630871549756}
15:01:50  src.cpcv.models.kan_model  INFO  KAN fitted: widths=[18, 5, 2], grid=3, epochs=21, val_acc=0.4859, val_loss=0.6971, logit_range=[-0.19, 0.05], device=cpu.
15:01:50  src.cpcv.pipeline  INFO    [ 37/84]                  kan (seed=0) F1=0.373  AUC=0.531  LL=0.6789 (0.4s)
15:01:51  src.cpcv.models.kan_model  INFO  KAN fitted: widths=[18, 5, 2], grid=3, epochs=21, val_acc=0.4437, val_loss=0.6970, logit_range=[-0.17, 0.09], device=cpu.
15:01:51  src.cpcv.pipeline  INFO    [ 38/84]                  kan (seed=1) F1=0.373  AUC=0.567  LL=0.6788 (0.4s)
15:01:51  src.cpcv.models.kan_model  INFO  KAN fitted: widths=[18, 5, 2], grid=3, epochs=21, val_acc=0.4437, val_loss=0.6950, logit_range=[-0.10, 0.15], device=cpu.
15:01:51  src.cpcv.pipeline  INFO    [ 39/84]                  kan (seed=2) F1=0.373  AUC=0.449  LL=0.6791 (0.4s)
15:01:51  src.cpcv.preprocessing  INFO  Computing MDA (Random Forest)...
15:02:13  src.cpcv.preprocessing  INFO  Computing MDA (Logistic Regression)...
15:02:14  src.cpcv.preprocessing  INFO  Multi-model MDA: 42/62 passed (MDA > 0), 20 eliminated
15:02:14  src.cpcv.preprocessing  INFO    Capped at 18 features (top_k_frac=0.3)
15:02:14  src.cpcv.preprocessing  INFO    Selected (18): ['chaikin_osc', 'gold_ret_30', 'jarque_bera', 'kurtosis', 'log_returns', 'log_returns_lag3', 'log_returns_lag7', 'macd', 'macd_hist', 'obv', 'realized_vol', 'silver_ret_30', 'sp500_ret_30', 'tx_count_roc_14', 'vol_term_30_90', 'vol_term_7_30', 'vwma_ratio_20_50', 'williams_r']
15:02:14  src.cpcv.pipeline  INFO    Preprocessing: 18 features selected, train=528 + cal=132, test=288
15:02:14  src.cpcv.tuning  INFO  Tuning (1 model) — Optuna TPE + Purged K-Fold (inner: 3 folds, embargo=10 obs)
15:02:14  src.cpcv.tuning  INFO    [tuning] kan (efficient-kan + AdamW): 3 purged K-fold splits, 30 Optuna trials (TPE)
15:03:07  src.cpcv.tuning  INFO      kan: 21 completed, 9 pruned (of 30 total) — best log_loss=0.6932, params={'width1': 5, 'lr': 0.0008627735748545428, 'weight_decay': 0.0009409587791845656, 'grid': 3}
15:03:07  src.cpcv.tuning  INFO    [tuning] kan done in 53.6s — best log_loss=0.6932
15:03:07  src.cpcv.tuning  INFO  Tuning total: 53.6s
15:03:07  src.cpcv.pipeline  INFO      applied kan: {'width1': 5, 'width2': 0, 'grid': 3, 'lr': 0.0008627735748545428, 'weight_decay': 0.0009409587791845656}
15:03:10  src.cpcv.models.kan_model  INFO  KAN fitted: widths=[18, 5, 2], grid=3, epochs=200, val_acc=0.5833, val_loss=0.6713, logit_range=[-0.42, 0.39], device=cpu.
15:03:10  src.cpcv.pipeline  INFO    [ 40/84]                  kan (seed=0) F1=0.435  AUC=0.531  LL=0.7724 (3.1s)
15:03:14  src.cpcv.models.kan_model  INFO  KAN fitted: widths=[18, 5, 2], grid=3, epochs=200, val_acc=0.5682, val_loss=0.6706, logit_range=[-0.70, 0.23], device=cpu.
15:03:14  src.cpcv.pipeline  INFO    [ 41/84]                  kan (seed=1) F1=0.350  AUC=0.528  LL=0.8190 (3.2s)
15:03:17  src.cpcv.models.kan_model  INFO  KAN fitted: widths=[18, 5, 2], grid=3, epochs=200, val_acc=0.5682, val_loss=0.6721, logit_range=[-0.27, 0.45], device=cpu.
15:03:17  src.cpcv.pipeline  INFO    [ 42/84]                  kan (seed=2) F1=0.392  AUC=0.533  LL=0.7813 (3.6s)
15:03:17  src.cpcv.preprocessing  INFO  Computing MDA (Random Forest)...
15:03:39  src.cpcv.preprocessing  INFO  Computing MDA (Logistic Regression)...
15:03:40  src.cpcv.preprocessing  INFO  Multi-model MDA: 17/62 passed (MDA > 0), 45 eliminated
15:03:40  src.cpcv.preprocessing  INFO    Selected (17): ['atr', 'cci_14', 'eth_btc_ratio', 'fee_per_tx', 'hashrate_roc_30', 'hurst', 'issuance_ntv', 'log_returns_lag1', 'natgas_ret_30', 'negentropy', 'realized_vol', 'sadf', 'stoch_k', 'us10y', 'vwma_ratio_20_50', 'williams_r', 'yield_curve_2y10y']
15:03:40  src.cpcv.pipeline  INFO    Preprocessing: 17 features selected, train=519 + cal=130, test=288
15:03:40  src.cpcv.tuning  INFO  Tuning (1 model) — Optuna TPE + Purged K-Fold (inner: 3 folds, embargo=10 obs)
15:03:40  src.cpcv.tuning  INFO    [tuning] kan (efficient-kan + AdamW): 3 purged K-fold splits, 30 Optuna trials (TPE)
15:04:21  src.cpcv.tuning  INFO      kan: 18 completed, 12 pruned (of 30 total) — best log_loss=0.6891, params={'width1': 5, 'lr': 0.0032277762500783785, 'weight_decay': 0.0004189011149718451, 'grid': 3}
15:04:21  src.cpcv.tuning  INFO    [tuning] kan done in 40.8s — best log_loss=0.6891
15:04:21  src.cpcv.tuning  INFO  Tuning total: 40.8s
15:04:21  src.cpcv.pipeline  INFO      applied kan: {'width1': 5, 'width2': 0, 'grid': 3, 'lr': 0.0032277762500783785, 'weight_decay': 0.0004189011149718451}
15:04:22  src.cpcv.models.kan_model  INFO  KAN fitted: widths=[17, 5, 2], grid=3, epochs=53, val_acc=0.5154, val_loss=0.6928, logit_range=[-0.12, 0.14], device=cpu.
15:04:22  src.cpcv.pipeline  INFO    [ 43/84]                  kan (seed=0) F1=0.342  AUC=0.541  LL=0.6917 (1.0s)
15:04:23  src.cpcv.models.kan_model  INFO  KAN fitted: widths=[17, 5, 2], grid=3, epochs=54, val_acc=0.5385, val_loss=0.6936, logit_range=[-0.17, 0.17], device=cpu.
15:04:23  src.cpcv.pipeline  INFO    [ 44/84]                  kan (seed=1) F1=0.344  AUC=0.541  LL=0.6918 (1.0s)
15:04:24  src.cpcv.models.kan_model  INFO  KAN fitted: widths=[17, 5, 2], grid=3, epochs=56, val_acc=0.5077, val_loss=0.6877, logit_range=[-0.15, 0.30], device=cpu.
15:04:24  src.cpcv.pipeline  INFO    [ 45/84]                  kan (seed=2) F1=0.343  AUC=0.517  LL=0.7158 (1.0s)
15:04:24  src.cpcv.preprocessing  INFO  Computing MDA (Random Forest)...
15:04:45  src.cpcv.preprocessing  INFO  Computing MDA (Logistic Regression)...
15:04:46  src.cpcv.preprocessing  INFO  Multi-model MDA: 39/62 passed (MDA > 0), 23 eliminated
15:04:46  src.cpcv.preprocessing  INFO    Capped at 18 features (top_k_frac=0.3)
15:04:46  src.cpcv.preprocessing  INFO    Selected (18): ['cci_14', 'copper_ret_30', 'ema_ratio_20_50', 'fee_per_tx', 'log_returns_lag1', 'log_returns_lag2', 'log_returns_lag30', 'natgas_ret_30', 'net_exchange_flow', 'obv', 'oil_ret_30', 'sadf', 'silver_ret_30', 'skewness', 'stoch_k', 'vol_term_30_90', 'vwma_ratio_20_50', 'yield_curve_10y30y']
15:04:46  src.cpcv.pipeline  INFO    Preprocessing: 18 features selected, train=517 + cal=130, test=288
15:04:46  src.cpcv.tuning  INFO  Tuning (1 model) — Optuna TPE + Purged K-Fold (inner: 3 folds, embargo=10 obs)
15:04:46  src.cpcv.tuning  INFO    [tuning] kan (efficient-kan + AdamW): 3 purged K-fold splits, 30 Optuna trials (TPE)
15:06:06  src.cpcv.tuning  INFO      kan: 30 completed, 0 pruned (of 30 total) — best log_loss=0.6891, params={'width1': 2, 'lr': 0.000737633779383727, 'weight_decay': 0.0007159293895253705, 'grid': 5}
15:06:06  src.cpcv.tuning  INFO    [tuning] kan done in 79.5s — best log_loss=0.6891
15:06:06  src.cpcv.tuning  INFO  Tuning total: 79.5s
15:06:06  src.cpcv.pipeline  INFO      applied kan: {'width1': 2, 'width2': 0, 'grid': 5, 'lr': 0.000737633779383727, 'weight_decay': 0.0007159293895253705}
15:06:09  src.cpcv.models.kan_model  INFO  KAN fitted: widths=[18, 2, 2], grid=5, epochs=200, val_acc=0.5462, val_loss=0.6732, logit_range=[-0.33, 0.23], device=cpu.
15:06:09  src.cpcv.pipeline  INFO    [ 46/84]                  kan (seed=0) F1=0.426  AUC=0.496  LL=0.8051 (2.8s)
15:06:11  src.cpcv.models.kan_model  INFO  KAN fitted: widths=[18, 2, 2], grid=5, epochs=200, val_acc=0.5462, val_loss=0.6817, logit_range=[-0.27, 0.13], device=cpu.
15:06:11  src.cpcv.pipeline  INFO    [ 47/84]                  kan (seed=1) F1=0.487  AUC=0.527  LL=0.7143 (2.8s)
15:06:14  src.cpcv.models.kan_model  INFO  KAN fitted: widths=[18, 2, 2], grid=5, epochs=200, val_acc=0.5462, val_loss=0.6840, logit_range=[-0.14, 0.19], device=cpu.
15:06:14  src.cpcv.pipeline  INFO    [ 48/84]                  kan (seed=2) F1=0.458  AUC=0.495  LL=0.7396 (2.7s)
15:06:14  src.cpcv.preprocessing  INFO  Computing MDA (Random Forest)...
15:06:37  src.cpcv.preprocessing  INFO  Computing MDA (Logistic Regression)...
15:06:38  src.cpcv.preprocessing  INFO  Multi-model MDA: 36/62 passed (MDA > 0), 26 eliminated
15:06:38  src.cpcv.preprocessing  INFO    Capped at 18 features (top_k_frac=0.3)
15:06:38  src.cpcv.preprocessing  INFO    Selected (18): ['atr', 'ema_ratio_20_50', 'gk_vol', 'jarque_bera', 'log_returns_lag2', 'log_returns_lag3', 'log_returns_lag7', 'macd_hist', 'macd_signal', 'mfi_14', 'sadf', 'skewness', 'stoch_k', 'tx_count_roc_14', 'vol_term_30_90', 'vwma_ratio_20_50', 'williams_r', 'yz_vol']
15:06:38  src.cpcv.pipeline  INFO    Preprocessing: 18 features selected, train=518 + cal=130, test=288
15:06:38  src.cpcv.tuning  INFO  Tuning (1 model) — Optuna TPE + Purged K-Fold (inner: 3 folds, embargo=10 obs)
15:06:38  src.cpcv.tuning  INFO    [tuning] kan (efficient-kan + AdamW): 3 purged K-fold splits, 30 Optuna trials (TPE)
15:07:39  src.cpcv.tuning  INFO      kan: 18 completed, 12 pruned (of 30 total) — best log_loss=0.6817, params={'width1': 4, 'lr': 0.04850245287398284, 'weight_decay': 0.00047180582703304974, 'grid': 5}
15:07:39  src.cpcv.tuning  INFO    [tuning] kan done in 61.6s — best log_loss=0.6817
15:07:39  src.cpcv.tuning  INFO  Tuning total: 61.6s
15:07:39  src.cpcv.pipeline  INFO      applied kan: {'width1': 4, 'width2': 0, 'grid': 5, 'lr': 0.04850245287398284, 'weight_decay': 0.00047180582703304974}
15:07:40  src.cpcv.models.kan_model  INFO  KAN fitted: widths=[18, 4, 2], grid=5, epochs=23, val_acc=0.5077, val_loss=0.6839, logit_range=[-0.16, 0.43], device=cpu.
15:07:40  src.cpcv.pipeline  INFO    [ 49/84]                  kan (seed=0) F1=0.422  AUC=0.477  LL=0.7163 (0.4s)
15:07:40  src.cpcv.models.kan_model  INFO  KAN fitted: widths=[18, 4, 2], grid=5, epochs=29, val_acc=0.5231, val_loss=0.6755, logit_range=[-0.90, 0.84], device=cpu.
15:07:40  src.cpcv.pipeline  INFO    [ 50/84]                  kan (seed=1) F1=0.438  AUC=0.458  LL=0.8817 (0.5s)
15:07:40  src.cpcv.models.kan_model  INFO  KAN fitted: widths=[18, 4, 2], grid=5, epochs=24, val_acc=0.5385, val_loss=0.6819, logit_range=[-0.26, 0.47], device=cpu.
15:07:40  src.cpcv.pipeline  INFO    [ 51/84]                  kan (seed=2) F1=0.455  AUC=0.453  LL=0.7743 (0.4s)
15:07:41  src.cpcv.preprocessing  INFO  Computing MDA (Random Forest)...
15:08:03  src.cpcv.preprocessing  INFO  Computing MDA (Logistic Regression)...
15:08:04  src.cpcv.preprocessing  INFO  Multi-model MDA: 36/62 passed (MDA > 0), 26 eliminated
15:08:04  src.cpcv.preprocessing  INFO    Capped at 18 features (top_k_frac=0.3)
15:08:04  src.cpcv.preprocessing  INFO    Selected (18): ['atr', 'bb_width', 'cci_14', 'exchange_supply_pct', 'hurst', 'log_returns', 'log_returns_lag3', 'macd_hist', 'mfi_14', 'net_exchange_flow', 'realized_vol', 'skewness', 'variance_ratio', 'vix', 'vol_term_30_90', 'vwma_ratio_20_50', 'yield_curve_10y30y', 'yz_vol']
15:08:04  src.cpcv.pipeline  INFO    Preprocessing: 18 features selected, train=520 + cal=130, test=295
15:08:04  src.cpcv.tuning  INFO  Tuning (1 model) — Optuna TPE + Purged K-Fold (inner: 3 folds, embargo=10 obs)
15:08:04  src.cpcv.tuning  INFO    [tuning] kan (efficient-kan + AdamW): 3 purged K-fold splits, 30 Optuna trials (TPE)
15:08:58  src.cpcv.tuning  INFO      kan: 27 completed, 3 pruned (of 30 total) — best log_loss=0.6860, params={'width1': 2, 'lr': 0.04870646982539715, 'weight_decay': 0.0013058668013759675, 'grid': 5}
15:08:58  src.cpcv.tuning  INFO    [tuning] kan done in 54.3s — best log_loss=0.6860
15:08:58  src.cpcv.tuning  INFO  Tuning total: 54.3s
15:08:58  src.cpcv.pipeline  INFO      applied kan: {'width1': 2, 'width2': 0, 'grid': 5, 'lr': 0.04870646982539715, 'weight_decay': 0.0013058668013759675}
15:08:58  src.cpcv.models.kan_model  INFO  KAN fitted: widths=[18, 2, 2], grid=5, epochs=22, val_acc=0.4615, val_loss=0.6929, logit_range=[-0.16, 0.11], device=cpu.
15:08:58  src.cpcv.pipeline  INFO    [ 52/84]                  kan (seed=0) F1=0.336  AUC=0.480  LL=0.6953 (0.4s)
15:08:58  src.cpcv.models.kan_model  INFO  KAN fitted: widths=[18, 2, 2], grid=5, epochs=21, val_acc=0.4615, val_loss=0.6924, logit_range=[-0.11, 0.02], device=cpu.
15:08:58  src.cpcv.pipeline  INFO    [ 53/84]                  kan (seed=1) F1=0.336  AUC=0.426  LL=0.6955 (0.3s)
15:08:59  src.cpcv.models.kan_model  INFO  KAN fitted: widths=[18, 2, 2], grid=5, epochs=21, val_acc=0.4692, val_loss=0.6917, logit_range=[-0.09, 0.13], device=cpu.
15:08:59  src.cpcv.pipeline  INFO    [ 54/84]                  kan (seed=2) F1=0.336  AUC=0.422  LL=0.6956 (0.3s)
15:08:59  src.cpcv.preprocessing  INFO  Computing MDA (Random Forest)...
15:09:20  src.cpcv.preprocessing  INFO  Computing MDA (Logistic Regression)...
15:09:20  src.cpcv.preprocessing  INFO  Multi-model MDA: 21/62 passed (MDA > 0), 41 eliminated
15:09:20  src.cpcv.preprocessing  INFO    Capped at 18 features (top_k_frac=0.3)
15:09:20  src.cpcv.preprocessing  INFO    Selected (18): ['eth_btc_ratio', 'gold_ret_30', 'hurst', 'log_returns', 'log_returns_lag1', 'log_returns_lag2', 'log_returns_lag7', 'lz_complexity', 'mvrv', 'natgas_ret_30', 'negentropy', 'realized_vol', 'sadf', 'stoch_d', 'tx_count_roc_14', 'variance_ratio', 'yield_curve_10y30y', 'yz_vol']
15:09:20  src.cpcv.pipeline  INFO    Preprocessing: 18 features selected, train=528 + cal=133, test=288
15:09:20  src.cpcv.tuning  INFO  Tuning (1 model) — Optuna TPE + Purged K-Fold (inner: 3 folds, embargo=10 obs)
15:09:20  src.cpcv.tuning  INFO    [tuning] kan (efficient-kan + AdamW): 3 purged K-fold splits, 30 Optuna trials (TPE)
15:10:01  src.cpcv.tuning  INFO      kan: 22 completed, 8 pruned (of 30 total) — best log_loss=0.6908, params={'width1': 4, 'lr': 0.007398033740876747, 'weight_decay': 2.4910354153329984e-05, 'grid': 5}
15:10:01  src.cpcv.tuning  INFO    [tuning] kan done in 40.7s — best log_loss=0.6908
15:10:01  src.cpcv.tuning  INFO  Tuning total: 40.7s
15:10:01  src.cpcv.pipeline  INFO      applied kan: {'width1': 4, 'width2': 0, 'grid': 5, 'lr': 0.007398033740876747, 'weight_decay': 2.4910354153329984e-05}
15:10:02  src.cpcv.models.kan_model  INFO  KAN fitted: widths=[18, 4, 2], grid=5, epochs=21, val_acc=0.5113, val_loss=0.6913, logit_range=[-0.21, 0.09], device=cpu.
15:10:02  src.cpcv.pipeline  INFO    [ 55/84]                  kan (seed=0) F1=0.490  AUC=0.483  LL=0.6953 (0.4s)
15:10:02  src.cpcv.models.kan_model  INFO  KAN fitted: widths=[18, 4, 2], grid=5, epochs=22, val_acc=0.5414, val_loss=0.6933, logit_range=[-0.05, 0.11], device=cpu.
15:10:02  src.cpcv.pipeline  INFO    [ 56/84]                  kan (seed=1) F1=0.377  AUC=0.494  LL=0.6839 (0.3s)
15:10:02  src.cpcv.models.kan_model  INFO  KAN fitted: widths=[18, 4, 2], grid=5, epochs=21, val_acc=0.4812, val_loss=0.6938, logit_range=[-0.06, 0.09], device=cpu.
15:10:02  src.cpcv.pipeline  INFO    [ 57/84]                  kan (seed=2) F1=0.368  AUC=0.544  LL=0.6827 (0.4s)
15:10:03  src.cpcv.preprocessing  INFO  Computing MDA (Random Forest)...
15:10:26  src.cpcv.preprocessing  INFO  Computing MDA (Logistic Regression)...
15:10:27  src.cpcv.preprocessing  INFO  Multi-model MDA: 18/62 passed (MDA > 0), 44 eliminated
15:10:27  src.cpcv.preprocessing  INFO    Selected (18): ['copper_ret_30', 'eth_btc_ratio', 'exchange_supply_pct', 'gold_ret_30', 'hurst', 'issuance_ntv', 'jarque_bera', 'kurtosis', 'mfi_14', 'natgas_ret_30', 'negentropy', 'net_exchange_flow', 'obv', 'oil_ret_30', 'roc_14', 'shannon_entropy', 'skewness', 'smt_poly1']
15:10:27  src.cpcv.pipeline  INFO    Preprocessing: 18 features selected, train=518 + cal=130, test=288
15:10:27  src.cpcv.tuning  INFO  Tuning (1 model) — Optuna TPE + Purged K-Fold (inner: 3 folds, embargo=10 obs)
15:10:27  src.cpcv.tuning  INFO    [tuning] kan (efficient-kan + AdamW): 3 purged K-fold splits, 30 Optuna trials (TPE)
15:11:02  src.cpcv.tuning  INFO      kan: 7 completed, 23 pruned (of 30 total) — best log_loss=0.6856, params={'width1': 3, 'lr': 0.03984727409321968, 'weight_decay': 0.0009454306819536165, 'grid': 3}
15:11:02  src.cpcv.tuning  INFO    [tuning] kan done in 35.2s — best log_loss=0.6856
15:11:02  src.cpcv.tuning  INFO  Tuning total: 35.2s
15:11:02  src.cpcv.pipeline  INFO      applied kan: {'width1': 3, 'width2': 0, 'grid': 3, 'lr': 0.03984727409321968, 'weight_decay': 0.0009454306819536165}
15:11:03  src.cpcv.models.kan_model  INFO  KAN fitted: widths=[18, 3, 2], grid=3, epochs=25, val_acc=0.6154, val_loss=0.6979, logit_range=[-0.43, 0.18], device=cpu.
15:11:03  src.cpcv.pipeline  INFO    [ 58/84]                  kan (seed=0) F1=0.505  AUC=0.556  LL=0.7121 (0.4s)
15:11:03  src.cpcv.models.kan_model  INFO  KAN fitted: widths=[18, 3, 2], grid=3, epochs=25, val_acc=0.5923, val_loss=0.6871, logit_range=[-0.39, 0.10], device=cpu.
15:11:03  src.cpcv.pipeline  INFO    [ 59/84]                  kan (seed=1) F1=0.555  AUC=0.576  LL=0.6962 (0.4s)
15:11:03  src.cpcv.models.kan_model  INFO  KAN fitted: widths=[18, 3, 2], grid=3, epochs=24, val_acc=0.5769, val_loss=0.6939, logit_range=[-0.27, 0.36], device=cpu.
15:11:03  src.cpcv.pipeline  INFO    [ 60/84]                  kan (seed=2) F1=0.527  AUC=0.576  LL=0.6899 (0.4s)
15:11:04  src.cpcv.preprocessing  INFO  Computing MDA (Random Forest)...
15:11:25  src.cpcv.preprocessing  INFO  Computing MDA (Logistic Regression)...
15:11:27  src.cpcv.preprocessing  INFO  Multi-model MDA: 29/62 passed (MDA > 0), 33 eliminated
15:11:27  src.cpcv.preprocessing  INFO    Capped at 18 features (top_k_frac=0.3)
15:11:27  src.cpcv.preprocessing  INFO    Selected (18): ['bb_width', 'chaikin_osc', 'copper_ret_30', 'eth_btc_ratio', 'exchange_supply_pct', 'fee_per_tx', 'gold_ret_30', 'jarque_bera', 'log_returns_lag14', 'log_returns_lag3', 'macd_hist', 'net_exchange_flow', 'oil_ret_30', 'roc_14', 'silver_ret_30', 'skewness', 'tx_count_roc_14', 'vol_term_7_30']
15:11:27  src.cpcv.pipeline  INFO    Preprocessing: 18 features selected, train=519 + cal=130, test=288
15:11:27  src.cpcv.tuning  INFO  Tuning (1 model) — Optuna TPE + Purged K-Fold (inner: 3 folds, embargo=10 obs)
15:11:27  src.cpcv.tuning  INFO    [tuning] kan (efficient-kan + AdamW): 3 purged K-fold splits, 30 Optuna trials (TPE)
15:12:19  src.cpcv.tuning  INFO      kan: 25 completed, 5 pruned (of 30 total) — best log_loss=0.6861, params={'width1': 6, 'lr': 0.0033786130658936867, 'weight_decay': 2.3299354371195333e-05, 'grid': 5}
15:12:19  src.cpcv.tuning  INFO    [tuning] kan done in 52.8s — best log_loss=0.6861
15:12:19  src.cpcv.tuning  INFO  Tuning total: 52.8s
15:12:19  src.cpcv.pipeline  INFO      applied kan: {'width1': 6, 'width2': 0, 'grid': 5, 'lr': 0.0033786130658936867, 'weight_decay': 2.3299354371195333e-05}
15:12:20  src.cpcv.models.kan_model  INFO  KAN fitted: widths=[18, 6, 2], grid=5, epochs=66, val_acc=0.5385, val_loss=0.6770, logit_range=[-0.49, 0.55], device=cpu.
15:12:20  src.cpcv.pipeline  INFO    [ 61/84]                  kan (seed=0) F1=0.461  AUC=0.481  LL=0.7087 (1.1s)
15:12:22  src.cpcv.models.kan_model  INFO  KAN fitted: widths=[18, 6, 2], grid=5, epochs=62, val_acc=0.5538, val_loss=0.6800, logit_range=[-0.43, 0.41], device=cpu.
15:12:22  src.cpcv.pipeline  INFO    [ 62/84]                  kan (seed=1) F1=0.411  AUC=0.477  LL=0.7052 (1.2s)
15:12:23  src.cpcv.models.kan_model  INFO  KAN fitted: widths=[18, 6, 2], grid=5, epochs=67, val_acc=0.5462, val_loss=0.6771, logit_range=[-0.42, 0.47], device=cpu.
15:12:23  src.cpcv.pipeline  INFO    [ 63/84]                  kan (seed=2) F1=0.441  AUC=0.476  LL=0.7080 (1.2s)
15:12:23  src.cpcv.preprocessing  INFO  Computing MDA (Random Forest)...
15:12:44  src.cpcv.preprocessing  INFO  Computing MDA (Logistic Regression)...
15:12:45  src.cpcv.preprocessing  INFO  Multi-model MDA: 38/62 passed (MDA > 0), 24 eliminated
15:12:45  src.cpcv.preprocessing  INFO    Capped at 18 features (top_k_frac=0.3)
15:12:45  src.cpcv.preprocessing  INFO    Selected (18): ['bb_width', 'ema_ratio_20_50', 'eth_btc_ratio', 'exchange_supply_pct', 'fee_per_tx', 'gk_vol', 'hurst', 'log_returns_lag1', 'roc_14', 'shannon_entropy', 'silver_ret_30', 'smt_exp', 'smt_poly1', 'sp500_ret_30', 'tx_count_roc_14', 'us10y', 'vol_term_30_90', 'yz_vol']
15:12:45  src.cpcv.pipeline  INFO    Preprocessing: 18 features selected, train=520 + cal=131, test=295
15:12:45  src.cpcv.tuning  INFO  Tuning (1 model) — Optuna TPE + Purged K-Fold (inner: 3 folds, embargo=10 obs)
15:12:45  src.cpcv.tuning  INFO    [tuning] kan (efficient-kan + AdamW): 3 purged K-fold splits, 30 Optuna trials (TPE)
15:13:39  src.cpcv.tuning  INFO      kan: 18 completed, 12 pruned (of 30 total) — best log_loss=0.6772, params={'width1': 4, 'lr': 0.014964596798568304, 'weight_decay': 0.000814006700071275, 'grid': 5}
15:13:39  src.cpcv.tuning  INFO    [tuning] kan done in 53.8s — best log_loss=0.6772
15:13:39  src.cpcv.tuning  INFO  Tuning total: 53.8s
15:13:39  src.cpcv.pipeline  INFO      applied kan: {'width1': 4, 'width2': 0, 'grid': 5, 'lr': 0.014964596798568304, 'weight_decay': 0.000814006700071275}
15:13:39  src.cpcv.models.kan_model  INFO  KAN fitted: widths=[18, 4, 2], grid=5, epochs=21, val_acc=0.4656, val_loss=0.6911, logit_range=[-0.14, 0.27], device=cpu.
15:13:39  src.cpcv.pipeline  INFO    [ 64/84]                  kan (seed=0) F1=0.440  AUC=0.528  LL=0.7148 (0.4s)
15:13:40  src.cpcv.models.kan_model  INFO  KAN fitted: widths=[18, 4, 2], grid=5, epochs=21, val_acc=0.4656, val_loss=0.6926, logit_range=[-0.13, 0.06], device=cpu.
15:13:40  src.cpcv.pipeline  INFO    [ 65/84]                  kan (seed=1) F1=0.359  AUC=0.511  LL=0.6872 (0.4s)
15:13:40  src.cpcv.models.kan_model  INFO  KAN fitted: widths=[18, 4, 2], grid=5, epochs=26, val_acc=0.5267, val_loss=0.6914, logit_range=[-0.18, 0.14], device=cpu.
15:13:40  src.cpcv.pipeline  INFO    [ 66/84]                  kan (seed=2) F1=0.486  AUC=0.522  LL=0.6869 (0.4s)
15:13:40  src.cpcv.preprocessing  INFO  Computing MDA (Random Forest)...
15:14:03  src.cpcv.preprocessing  INFO  Computing MDA (Logistic Regression)...
15:14:04  src.cpcv.preprocessing  INFO  Multi-model MDA: 32/62 passed (MDA > 0), 30 eliminated
15:14:04  src.cpcv.preprocessing  INFO    Capped at 18 features (top_k_frac=0.3)
15:14:04  src.cpcv.preprocessing  INFO    Selected (18): ['active_addr_roc_14', 'atr', 'cci_14', 'ema_ratio_20_50', 'exchange_supply_pct', 'kurtosis', 'log_returns_lag7', 'lz_complexity', 'macd', 'macd_hist', 'mvrv', 'nasdaq_ret_30', 'natgas_ret_30', 'negentropy', 'roc_14', 'rsi', 'stoch_k', 'us2y']
15:14:04  src.cpcv.pipeline  INFO    Preprocessing: 18 features selected, train=528 + cal=133, test=288
15:14:04  src.cpcv.tuning  INFO  Tuning (1 model) — Optuna TPE + Purged K-Fold (inner: 3 folds, embargo=10 obs)
15:14:04  src.cpcv.tuning  INFO    [tuning] kan (efficient-kan + AdamW): 3 purged K-fold splits, 30 Optuna trials (TPE)
15:14:52  src.cpcv.tuning  INFO      kan: 18 completed, 12 pruned (of 30 total) — best log_loss=0.6884, params={'width1': 2, 'lr': 0.0020298058052421537, 'weight_decay': 0.0002607965659809582, 'grid': 3}
15:14:52  src.cpcv.tuning  INFO    [tuning] kan done in 48.6s — best log_loss=0.6884
15:14:52  src.cpcv.tuning  INFO  Tuning total: 48.6s
15:14:52  src.cpcv.pipeline  INFO      applied kan: {'width1': 2, 'width2': 0, 'grid': 3, 'lr': 0.0020298058052421537, 'weight_decay': 0.0002607965659809582}
15:14:53  src.cpcv.models.kan_model  INFO  KAN fitted: widths=[18, 2, 2], grid=3, epochs=21, val_acc=0.5113, val_loss=0.6970, logit_range=[-0.11, 0.22], device=cpu.
15:14:53  src.cpcv.pipeline  INFO    [ 67/84]                  kan (seed=0) F1=0.389  AUC=0.416  LL=0.6941 (0.4s)
15:14:54  src.cpcv.models.kan_model  INFO  KAN fitted: widths=[18, 2, 2], grid=3, epochs=68, val_acc=0.5113, val_loss=0.6945, logit_range=[-0.28, 0.28], device=cpu.
15:14:54  src.cpcv.pipeline  INFO    [ 68/84]                  kan (seed=1) F1=0.356  AUC=0.475  LL=0.6906 (1.1s)
15:14:55  src.cpcv.models.kan_model  INFO  KAN fitted: widths=[18, 2, 2], grid=3, epochs=78, val_acc=0.4962, val_loss=0.6914, logit_range=[-0.20, 0.30], device=cpu.
15:14:55  src.cpcv.pipeline  INFO    [ 69/84]                  kan (seed=2) F1=0.418  AUC=0.536  LL=0.6878 (1.4s)
15:14:56  src.cpcv.preprocessing  INFO  Computing MDA (Random Forest)...
15:15:17  src.cpcv.preprocessing  INFO  Computing MDA (Logistic Regression)...
15:15:19  src.cpcv.preprocessing  INFO  Multi-model MDA: 42/62 passed (MDA > 0), 20 eliminated
15:15:19  src.cpcv.preprocessing  INFO    Capped at 18 features (top_k_frac=0.3)
15:15:19  src.cpcv.preprocessing  INFO    Selected (18): ['eth_btc_ratio', 'gk_vol', 'hurst', 'kurtosis', 'macd', 'nasdaq_ret_30', 'oil_ret_30', 'roc_14', 'rsi', 'sadf', 'silver_ret_30', 'skewness', 'smt_exp', 'vix', 'vwma_ratio_20_50', 'williams_r', 'yield_curve_10y30y', 'yz_vol']
15:15:19  src.cpcv.pipeline  INFO    Preprocessing: 18 features selected, train=519 + cal=130, test=288
15:15:19  src.cpcv.tuning  INFO  Tuning (1 model) — Optuna TPE + Purged K-Fold (inner: 3 folds, embargo=10 obs)
15:15:19  src.cpcv.tuning  INFO    [tuning] kan (efficient-kan + AdamW): 3 purged K-fold splits, 30 Optuna trials (TPE)
15:16:19  src.cpcv.tuning  INFO      kan: 19 completed, 11 pruned (of 30 total) — best log_loss=0.6755, params={'width1': 4, 'lr': 0.04701535929664652, 'weight_decay': 0.00042925898570877124, 'grid': 3}
15:16:19  src.cpcv.tuning  INFO    [tuning] kan done in 60.9s — best log_loss=0.6755
15:16:19  src.cpcv.tuning  INFO  Tuning total: 60.9s
15:16:19  src.cpcv.pipeline  INFO      applied kan: {'width1': 4, 'width2': 0, 'grid': 3, 'lr': 0.04701535929664652, 'weight_decay': 0.00042925898570877124}
15:16:20  src.cpcv.models.kan_model  INFO  KAN fitted: widths=[18, 4, 2], grid=3, epochs=22, val_acc=0.5308, val_loss=0.6876, logit_range=[-0.34, 0.24], device=cpu.
15:16:20  src.cpcv.pipeline  INFO    [ 70/84]                  kan (seed=0) F1=0.511  AUC=0.530  LL=0.6920 (0.4s)
15:16:20  src.cpcv.models.kan_model  INFO  KAN fitted: widths=[18, 4, 2], grid=3, epochs=23, val_acc=0.5462, val_loss=0.6911, logit_range=[-0.26, 0.26], device=cpu.
15:16:20  src.cpcv.pipeline  INFO    [ 71/84]                  kan (seed=1) F1=0.516  AUC=0.534  LL=0.6857 (0.4s)
15:16:20  src.cpcv.models.kan_model  INFO  KAN fitted: widths=[18, 4, 2], grid=3, epochs=22, val_acc=0.5846, val_loss=0.6835, logit_range=[-0.29, 0.23], device=cpu.
15:16:20  src.cpcv.pipeline  INFO    [ 72/84]                  kan (seed=2) F1=0.519  AUC=0.546  LL=0.7098 (0.4s)
15:16:21  src.cpcv.preprocessing  INFO  Computing MDA (Random Forest)...
15:16:42  src.cpcv.preprocessing  INFO  Computing MDA (Logistic Regression)...
15:16:43  src.cpcv.preprocessing  INFO  Multi-model MDA: 17/62 passed (MDA > 0), 45 eliminated
15:16:43  src.cpcv.preprocessing  INFO    Selected (17): ['active_addr_roc_14', 'dxy_roc_30', 'eth_btc_ratio', 'exchange_supply_pct', 'hurst', 'kurtosis', 'log_returns_lag3', 'lz_complexity', 'macd_signal', 'nasdaq_ret_30', 'sadf', 'smt_poly1', 'tx_count_roc_14', 'us2y', 'vol_term_30_90', 'williams_r', 'yz_vol']
15:16:43  src.cpcv.pipeline  INFO    Preprocessing: 17 features selected, train=520 + cal=131, test=295
15:16:43  src.cpcv.tuning  INFO  Tuning (1 model) — Optuna TPE + Purged K-Fold (inner: 3 folds, embargo=10 obs)
15:16:43  src.cpcv.tuning  INFO    [tuning] kan (efficient-kan + AdamW): 3 purged K-fold splits, 30 Optuna trials (TPE)
15:17:41  src.cpcv.tuning  INFO      kan: 14 completed, 16 pruned (of 30 total) — best log_loss=0.6895, params={'width1': 2, 'lr': 0.0015554760029265638, 'weight_decay': 2.8828384310943775e-05, 'grid': 3}
15:17:41  src.cpcv.tuning  INFO    [tuning] kan done in 57.3s — best log_loss=0.6895
15:17:41  src.cpcv.tuning  INFO  Tuning total: 57.3s
15:17:41  src.cpcv.pipeline  INFO      applied kan: {'width1': 2, 'width2': 0, 'grid': 3, 'lr': 0.0015554760029265638, 'weight_decay': 2.8828384310943775e-05}
15:17:42  src.cpcv.models.kan_model  INFO  KAN fitted: widths=[17, 2, 2], grid=3, epochs=90, val_acc=0.4809, val_loss=0.6909, logit_range=[-0.12, 0.20], device=cpu.
15:17:42  src.cpcv.pipeline  INFO    [ 73/84]                  kan (seed=0) F1=0.446  AUC=0.525  LL=0.7993 (1.2s)
15:17:43  src.cpcv.models.kan_model  INFO  KAN fitted: widths=[17, 2, 2], grid=3, epochs=59, val_acc=0.4962, val_loss=0.6920, logit_range=[-0.05, 0.08], device=cpu.
15:17:43  src.cpcv.pipeline  INFO    [ 74/84]                  kan (seed=1) F1=0.440  AUC=0.495  LL=0.6981 (0.8s)
15:17:43  src.cpcv.models.kan_model  INFO  KAN fitted: widths=[17, 2, 2], grid=3, epochs=63, val_acc=0.4733, val_loss=0.6928, logit_range=[-0.10, 0.13], device=cpu.
15:17:44  src.cpcv.pipeline  INFO    [ 75/84]                  kan (seed=2) F1=0.390  AUC=0.516  LL=0.6855 (0.9s)
15:17:44  src.cpcv.preprocessing  INFO  Computing MDA (Random Forest)...
15:18:06  src.cpcv.preprocessing  INFO  Computing MDA (Logistic Regression)...
15:18:07  src.cpcv.preprocessing  INFO  Multi-model MDA: 41/62 passed (MDA > 0), 21 eliminated
15:18:07  src.cpcv.preprocessing  INFO    Capped at 18 features (top_k_frac=0.3)
15:18:07  src.cpcv.preprocessing  INFO    Selected (18): ['active_addr_roc_14', 'eth_btc_ratio', 'exchange_supply_pct', 'kurtosis', 'log_returns', 'log_returns_lag14', 'mfi_14', 'mvrv', 'negentropy', 'roc_14', 'silver_ret_30', 'smt_exp', 'smt_poly1', 'tx_count_roc_14', 'vix', 'vwma_ratio_20_50', 'williams_r', 'yz_vol']
15:18:07  src.cpcv.pipeline  INFO    Preprocessing: 18 features selected, train=527 + cal=132, test=288
15:18:07  src.cpcv.tuning  INFO  Tuning (1 model) — Optuna TPE + Purged K-Fold (inner: 3 folds, embargo=10 obs)
15:18:07  src.cpcv.tuning  INFO    [tuning] kan (efficient-kan + AdamW): 3 purged K-fold splits, 30 Optuna trials (TPE)
15:18:50  src.cpcv.tuning  INFO      kan: 19 completed, 11 pruned (of 30 total) — best log_loss=0.6892, params={'width1': 3, 'lr': 0.03984727409321968, 'weight_decay': 0.0009454306819536165, 'grid': 3}
15:18:50  src.cpcv.tuning  INFO    [tuning] kan done in 43.6s — best log_loss=0.6892
15:18:50  src.cpcv.tuning  INFO  Tuning total: 43.6s
15:18:50  src.cpcv.pipeline  INFO      applied kan: {'width1': 3, 'width2': 0, 'grid': 3, 'lr': 0.03984727409321968, 'weight_decay': 0.0009454306819536165}
15:18:51  src.cpcv.models.kan_model  INFO  KAN fitted: widths=[18, 3, 2], grid=3, epochs=27, val_acc=0.5833, val_loss=0.6842, logit_range=[-0.43, 0.81], device=cpu.
15:18:51  src.cpcv.pipeline  INFO    [ 76/84]                  kan (seed=0) F1=0.551  AUC=0.538  LL=0.6964 (0.4s)
15:18:51  src.cpcv.models.kan_model  INFO  KAN fitted: widths=[18, 3, 2], grid=3, epochs=25, val_acc=0.4848, val_loss=0.6905, logit_range=[-0.47, 0.15], device=cpu.
15:18:51  src.cpcv.pipeline  INFO    [ 77/84]                  kan (seed=1) F1=0.493  AUC=0.504  LL=0.6936 (0.5s)
15:18:52  src.cpcv.models.kan_model  INFO  KAN fitted: widths=[18, 3, 2], grid=3, epochs=25, val_acc=0.5682, val_loss=0.6802, logit_range=[-0.34, 0.33], device=cpu.
15:18:52  src.cpcv.pipeline  INFO    [ 78/84]                  kan (seed=2) F1=0.526  AUC=0.524  LL=0.6977 (0.4s)
15:18:52  src.cpcv.preprocessing  INFO  Computing MDA (Random Forest)...
15:19:13  src.cpcv.preprocessing  INFO  Computing MDA (Logistic Regression)...
15:19:14  src.cpcv.preprocessing  INFO  Multi-model MDA: 32/62 passed (MDA > 0), 30 eliminated
15:19:14  src.cpcv.preprocessing  INFO    Capped at 18 features (top_k_frac=0.3)
15:19:14  src.cpcv.preprocessing  INFO    Selected (18): ['bb_width', 'eth_btc_ratio', 'exchange_supply_pct', 'hashrate_roc_30', 'log_returns_lag1', 'log_returns_lag14', 'log_returns_lag3', 'lz_complexity', 'mfi_14', 'natgas_ret_30', 'skewness', 'tx_count_roc_14', 'us10y', 'us2y', 'vix', 'yield_curve_10y30y', 'yield_curve_2y10y', 'yz_vol']
15:19:14  src.cpcv.pipeline  INFO    Preprocessing: 18 features selected, train=519 + cal=130, test=295
15:19:14  src.cpcv.tuning  INFO  Tuning (1 model) — Optuna TPE + Purged K-Fold (inner: 3 folds, embargo=10 obs)
15:19:14  src.cpcv.tuning  INFO    [tuning] kan (efficient-kan + AdamW): 3 purged K-fold splits, 30 Optuna trials (TPE)
15:20:01  src.cpcv.tuning  INFO      kan: 6 completed, 24 pruned (of 30 total) — best log_loss=0.6788, params={'width1': 3, 'lr': 0.03984727409321968, 'weight_decay': 0.0009454306819536165, 'grid': 3}
15:20:01  src.cpcv.tuning  INFO    [tuning] kan done in 46.5s — best log_loss=0.6788
15:20:01  src.cpcv.tuning  INFO  Tuning total: 46.5s
15:20:01  src.cpcv.pipeline  INFO      applied kan: {'width1': 3, 'width2': 0, 'grid': 3, 'lr': 0.03984727409321968, 'weight_decay': 0.0009454306819536165}
15:20:01  src.cpcv.models.kan_model  INFO  KAN fitted: widths=[18, 3, 2], grid=3, epochs=22, val_acc=0.4538, val_loss=0.6933, logit_range=[-0.04, 0.33], device=cpu.
15:20:01  src.cpcv.pipeline  INFO    [ 79/84]                  kan (seed=0) F1=0.347  AUC=0.552  LL=0.6909 (0.4s)
15:20:02  src.cpcv.models.kan_model  INFO  KAN fitted: widths=[18, 3, 2], grid=3, epochs=22, val_acc=0.4692, val_loss=0.6911, logit_range=[-0.24, 0.08], device=cpu.
15:20:02  src.cpcv.pipeline  INFO    [ 80/84]                  kan (seed=1) F1=0.462  AUC=0.548  LL=0.6979 (0.4s)
15:20:02  src.cpcv.models.kan_model  INFO  KAN fitted: widths=[18, 3, 2], grid=3, epochs=21, val_acc=0.4615, val_loss=0.6935, logit_range=[-0.09, 0.12], device=cpu.
15:20:02  src.cpcv.pipeline  INFO    [ 81/84]                  kan (seed=2) F1=0.347  AUC=0.561  LL=0.6910 (0.3s)
15:20:02  src.cpcv.preprocessing  INFO  Computing MDA (Random Forest)...
15:20:25  src.cpcv.preprocessing  INFO  Computing MDA (Logistic Regression)...
15:20:26  src.cpcv.preprocessing  INFO  Multi-model MDA: 13/62 passed (MDA > 0), 49 eliminated
15:20:26  src.cpcv.preprocessing  INFO    Selected (13): ['chaikin_osc', 'eth_btc_ratio', 'exchange_supply_pct', 'gk_vol', 'kurtosis', 'log_returns', 'nasdaq_ret_30', 'realized_vol', 'roc_14', 'smt_exp', 'smt_poly1', 'sp500_ret_30', 'us10y']
15:20:26  src.cpcv.pipeline  INFO    Preprocessing: 13 features selected, train=531 + cal=133, test=295
15:20:26  src.cpcv.tuning  INFO  Tuning (1 model) — Optuna TPE + Purged K-Fold (inner: 3 folds, embargo=10 obs)
15:20:26  src.cpcv.tuning  INFO    [tuning] kan (efficient-kan + AdamW): 3 purged K-fold splits, 30 Optuna trials (TPE)
15:21:23  src.cpcv.tuning  INFO      kan: 26 completed, 4 pruned (of 30 total) — best log_loss=0.6853, params={'width1': 4, 'lr': 0.006213396825146508, 'weight_decay': 0.0004036320041330077, 'grid': 5}
15:21:23  src.cpcv.tuning  INFO    [tuning] kan done in 57.1s — best log_loss=0.6853
15:21:23  src.cpcv.tuning  INFO  Tuning total: 57.1s
15:21:23  src.cpcv.pipeline  INFO      applied kan: {'width1': 4, 'width2': 0, 'grid': 5, 'lr': 0.006213396825146508, 'weight_decay': 0.0004036320041330077}
15:21:24  src.cpcv.models.kan_model  INFO  KAN fitted: widths=[13, 4, 2], grid=5, epochs=59, val_acc=0.5940, val_loss=0.6640, logit_range=[-0.27, 0.74], device=cpu.
15:21:24  src.cpcv.pipeline  INFO    [ 82/84]                  kan (seed=0) F1=0.430  AUC=0.508  LL=0.7393 (1.0s)
15:21:25  src.cpcv.models.kan_model  INFO  KAN fitted: widths=[13, 4, 2], grid=5, epochs=60, val_acc=0.5188, val_loss=0.6810, logit_range=[-0.42, 0.47], device=cpu.
15:21:25  src.cpcv.pipeline  INFO    [ 83/84]                  kan (seed=1) F1=0.416  AUC=0.468  LL=0.7053 (1.1s)
15:21:26  src.cpcv.models.kan_model  INFO  KAN fitted: widths=[13, 4, 2], grid=5, epochs=54, val_acc=0.5188, val_loss=0.6673, logit_range=[-0.50, 0.42], device=cpu.
15:21:26  src.cpcv.pipeline  INFO    [ 84/84]                  kan (seed=2) F1=0.511  AUC=0.490  LL=0.7114 (0.9s)
15:21:26  src.cpcv.pipeline  INFO  ============================================================
15:21:26  src.cpcv.pipeline  INFO  CPCV Pipeline Complete
15:21:26  src.cpcv.pipeline  INFO  ============================================================
15:21:26  src.cpcv.pipeline  INFO    Total time:     2131.3s (35.5m)
15:21:26  src.cpcv.pipeline  INFO    Tasks:          84 succeeded, 0 failed
15:21:26  src.cpcv.pipeline  INFO    Results keys:   84 (model, split, seed) entries
15:21:26  src.cpcv.pipeline  INFO    Backtest paths: 7
15:21:26  src.cpcv.pipeline  INFO    Tuning:         nested (per-split), 28 splits tuned, models=['kan']
15:21:26  src.cpcv.pipeline  INFO  ============================================================
15:22:02  src.post_cpcv.symbolic_extraction  INFO  Fold F1 scores: {0: '0.3986', 1: '0.4410', 2: '0.3628', 3: '0.4335', 4: '0.3957', 5: '0.4790', 6: '0.4236', 7: '0.3825', 8: '0.4946', 9: '0.4378', 10: '0.3976', 11: '0.3982', 12: '0.3734', 13: '0.3924', 14: '0.3430', 15: '0.4570', 16: '0.4379', 17: '0.3356', 18: '0.4119', 19: '0.5288', 20: '0.4376', 21: '0.4283', 22: '0.3875', 23: '0.5156', 24: '0.4255', 25: '0.5233', 26: '0.3856', 27: '0.4523'}
15:22:02  src.post_cpcv.symbolic_extraction  INFO  Selected fold: split 27 — last/most recent (F1=0.4523)
15:22:03  src.cpcv.cv  INFO  CPCV: 28 splits generated (N=8, k=2, embargo=11 obs).
15:22:03  src.post_cpcv.symbolic_extraction  INFO  Symbolic extraction feature subset: 5 feature(s) (overrides per-fold MDA selection).
15:22:03  src.post_cpcv.symbolic_extraction  INFO  Extraction data: 530 train, 133 val, 5 features (tanh-normalized).
15:22:04  src.post_cpcv.symbolic_extraction  INFO  Extraction Phase 1: Adam (600 steps, wd=0.0010, noise=0.050)
15:22:17  src.post_cpcv.symbolic_extraction  INFO  After Adam: train_acc=0.6434, val_acc=0.5865
15:22:17  src.post_cpcv.symbolic_extraction  INFO  Extraction Phase 2a: LBFGS warmup (20 steps, no reg)
15:22:22  src.post_cpcv.symbolic_extraction  INFO  After LBFGS warmup: train_acc=0.7019, val_acc=0.5714
15:22:22  src.post_cpcv.symbolic_extraction  INFO  Extraction Phase 2b: LBFGS sparsity (20 steps, lamb=0.0020)
15:22:28  src.post_cpcv.symbolic_extraction  INFO  After LBFGS sparsity (final): train_acc=0.7245, val_acc=0.5414
15:22:28  src.post_cpcv.symbolic_extraction  INFO  KAN trained. Val accuracy: 0.5414, width: [[5, 0], [2, 0], [2, 0]]
15:22:28  src.post_cpcv.symbolic_extraction  INFO  Pre-prune edge analysis: 14/14 active (100.0%)
15:22:28  src.post_cpcv.symbolic_extraction  INFO  Pruned: [[5, 0], [2, 0], [2, 0]] → [[5, 0], [2, 0], [2, 0]]
15:22:30  src.post_cpcv.symbolic_extraction  INFO  Saved kan_pruned_network.png
15:22:31  src.post_cpcv.symbolic_extraction  INFO  Edge (0,0,0): cos (R²=1.0000) ✓
15:22:31  src.post_cpcv.symbolic_extraction  INFO  Edge (0,0,1): cos (R²=1.0000) ✓
15:22:32  src.post_cpcv.symbolic_extraction  INFO  Edge (0,1,0): tanh (R²=0.9996) ✓
15:22:32  src.post_cpcv.symbolic_extraction  INFO  Edge (0,1,1): cos (R²=0.9981) ✓
15:22:32  src.post_cpcv.symbolic_extraction  INFO  Edge (0,2,0): x (R²=0.9995) ✓
15:22:33  src.post_cpcv.symbolic_extraction  INFO  Edge (0,2,1): cos (R²=0.9985) ✓
15:22:33  src.post_cpcv.symbolic_extraction  INFO  Edge (0,3,0): cos (R²=0.9820) ✓
15:22:34  src.post_cpcv.symbolic_extraction  INFO  Edge (0,3,1): cos (R²=0.9966) ✓
15:22:34  src.post_cpcv.symbolic_extraction  INFO  Edge (0,4,0): exp (R²=1.0000) ✓
15:22:34  src.post_cpcv.symbolic_extraction  INFO  Edge (0,4,1): exp (R²=1.0000) ✓
15:22:35  src.post_cpcv.symbolic_extraction  INFO  Edge (1,0,0): sin (R²=0.9252) ✓
15:22:36  src.post_cpcv.symbolic_extraction  INFO  Edge (1,0,1): cos (R²=0.9892) ✓
15:22:36  src.post_cpcv.symbolic_extraction  INFO  Edge (1,1,0): sin (R²=0.9365) ✓
15:22:37  src.post_cpcv.symbolic_extraction  INFO  Edge (1,1,1): cos (R²=0.9411) ✓
15:22:43  src.post_cpcv.symbolic_extraction  INFO  Saved kan_symbolified_network.png
15:23:14  src.post_cpcv.symbolic_extraction  WARNING  sympy.simplify timed out after 30s. Using unsimplified.
