15:56:10  src.pre_cpcv.data_loader  INFO  [data_loader] BTC-USD: 2014-11-01 → 2026-04-30 | 4199 rows | 0 warning(s)
15:56:14  src.pre_cpcv.labeling  INFO  Triple-barrier: 1266 events labeled. Class distribution: {1: 661, -1: 498, 0: 107}
15:56:16  src.pre_cpcv.labeling  WARNING  Dropped 107 row(s) belonging to rare class(es) [0] (< 8.5%).
15:56:18  src.pre_cpcv.sample_weights  INFO  Capped 12 weights at 2.83 (99% percentile).
15:56:19  src.pre_cpcv.features  INFO  Lag features: 10 columns, 4199 rows (lags=[1, 2, 3, 4, 5, 6, 7, 14, 21, 30]).
15:56:20  src.pre_cpcv.features  INFO  TA features: 25 columns, 4199 rows.
15:56:20  src.pre_cpcv.external_features  INFO  External features loaded from cache (29 cols).
15:56:21  src.pre_cpcv.features  INFO  Math features loaded from cache ({'smt_poly1', 'jarque_bera', 'sadf', 'hurst', 'variance_ratio', 'shannon_entropy', 'negentropy', 'smt_exp', 'lz_complexity'}).
15:56:21  src.pre_cpcv.features  INFO  symmetric log applied to: ['obv', 'chaikin_osc']
15:56:21  src.pre_cpcv.features  INFO  log applied to: ['atr'] (eps=1e-08)
15:56:48  src.pre_cpcv.alignment  WARNING  Remaining NaNs in 2 feature column(s) after alignment:
oil_ret_30    1
oil_ret_14    1
15:56:48  src.pre_cpcv.alignment  INFO  Alignment validation passed (1159 samples, 73 features).
15:56:49  src.cpcv.cv  INFO  CPCV: 28 splits generated (N=8, k=2, embargo=11 obs).
15:56:49  src.cpcv.cv  INFO  Path matrix: 7 paths, 8 groups, 28 splits.
15:56:52  src.cpcv.pipeline  INFO  ============================================================
15:56:52  src.cpcv.pipeline  INFO  CPCV Pipeline
15:56:52  src.cpcv.pipeline  INFO  ============================================================
15:56:52  src.cpcv.pipeline  INFO    Models:         ['ar_logistic']
15:56:52  src.cpcv.pipeline  INFO    Seeds/fold:     3
15:56:52  src.cpcv.pipeline  INFO    Groups (N):     8
15:56:52  src.cpcv.pipeline  INFO    Test groups (k):2
15:56:52  src.cpcv.pipeline  INFO    Embargo:        1.0%
15:56:52  src.cpcv.pipeline  INFO    FFD columns:    ['atr']
15:56:52  src.cpcv.pipeline  INFO    Samples:        1159
15:56:52  src.cpcv.pipeline  INFO    Features:       73
15:56:52  src.cpcv.pipeline  INFO    Splits:         28, Paths: 7
15:56:52  src.cpcv.pipeline  INFO    Tuning:         OFF
15:56:52  src.cpcv.pipeline  INFO  ============================================================
15:56:52  src.cpcv.preprocessing  INFO  Feature selection skipped (AR Logistic uses lagged returns only)
15:56:52  src.cpcv.pipeline  INFO    Preprocessing: FFD + scaling only (no feature selection), train=688 + cal=172, test=89
15:56:52  src.cpcv.pipeline  INFO    AR Logistic lags: [1, 2, 3, 4, 5, 6, 7, 14, 21, 30]
15:56:52  src.cpcv.pipeline  INFO    [  1/84]          ar_logistic (seed=0) F1=0.519  AUC=0.521  LL=0.6685 (0.0s)
15:56:52  src.cpcv.pipeline  INFO    [  2/84]          ar_logistic (seed=1) F1=0.519  AUC=0.521  LL=0.6685 (0.0s)
15:56:52  src.cpcv.pipeline  INFO    [  3/84]          ar_logistic (seed=2) F1=0.519  AUC=0.521  LL=0.6685 (0.0s)
15:56:53  src.cpcv.preprocessing  INFO  Feature selection skipped (AR Logistic uses lagged returns only)
15:56:53  src.cpcv.pipeline  INFO    Preprocessing: FFD + scaling only (no feature selection), train=643 + cal=161, test=144
15:56:53  src.cpcv.pipeline  INFO    AR Logistic lags: [1, 2, 3, 4, 5, 6, 7, 14, 21, 30]
15:56:53  src.cpcv.pipeline  INFO    [  4/84]          ar_logistic (seed=0) F1=0.387  AUC=0.508  LL=0.7168 (0.0s)
15:56:53  src.cpcv.pipeline  INFO    [  5/84]          ar_logistic (seed=1) F1=0.387  AUC=0.508  LL=0.7168 (0.0s)
15:56:53  src.cpcv.pipeline  INFO    [  6/84]          ar_logistic (seed=2) F1=0.387  AUC=0.508  LL=0.7168 (0.0s)
15:56:53  src.cpcv.preprocessing  INFO  Feature selection skipped (AR Logistic uses lagged returns only)
15:56:53  src.cpcv.pipeline  INFO    Preprocessing: FFD + scaling only (no feature selection), train=644 + cal=161, test=144
15:56:53  src.cpcv.pipeline  INFO    AR Logistic lags: [1, 2, 3, 4, 5, 6, 7, 14, 21, 30]
15:56:53  src.cpcv.pipeline  INFO    [  7/84]          ar_logistic (seed=0) F1=0.396  AUC=0.542  LL=0.6888 (0.0s)
15:56:53  src.cpcv.pipeline  INFO    [  8/84]          ar_logistic (seed=1) F1=0.396  AUC=0.542  LL=0.6888 (0.0s)
15:56:53  src.cpcv.pipeline  INFO    [  9/84]          ar_logistic (seed=2) F1=0.396  AUC=0.542  LL=0.6888 (0.0s)
15:56:53  src.cpcv.preprocessing  INFO  Feature selection skipped (AR Logistic uses lagged returns only)
15:56:53  src.cpcv.pipeline  INFO    Preprocessing: FFD + scaling only (no feature selection), train=644 + cal=161, test=144
15:56:53  src.cpcv.pipeline  INFO    AR Logistic lags: [1, 2, 3, 4, 5, 6, 7, 14, 21, 30]
15:56:53  src.cpcv.pipeline  INFO    [ 10/84]          ar_logistic (seed=0) F1=0.374  AUC=0.469  LL=0.6782 (0.0s)
15:56:53  src.cpcv.pipeline  INFO    [ 11/84]          ar_logistic (seed=1) F1=0.374  AUC=0.469  LL=0.6782 (0.0s)
15:56:53  src.cpcv.pipeline  INFO    [ 12/84]          ar_logistic (seed=2) F1=0.374  AUC=0.469  LL=0.6782 (0.0s)
15:56:54  src.cpcv.preprocessing  INFO  Feature selection skipped (AR Logistic uses lagged returns only)
15:56:54  src.cpcv.pipeline  INFO    Preprocessing: FFD + scaling only (no feature selection), train=642 + cal=161, test=144
15:56:54  src.cpcv.pipeline  INFO    AR Logistic lags: [1, 2, 3, 4, 5, 6, 7, 14, 21, 30]
15:56:54  src.cpcv.pipeline  INFO    [ 13/84]          ar_logistic (seed=0) F1=0.328  AUC=0.396  LL=0.7300 (0.0s)
15:56:54  src.cpcv.pipeline  INFO    [ 14/84]          ar_logistic (seed=1) F1=0.328  AUC=0.396  LL=0.7300 (0.0s)
15:56:54  src.cpcv.pipeline  INFO    [ 15/84]          ar_logistic (seed=2) F1=0.328  AUC=0.396  LL=0.7300 (0.0s)
15:56:54  src.cpcv.preprocessing  INFO  Feature selection skipped (AR Logistic uses lagged returns only)
15:56:54  src.cpcv.pipeline  INFO    Preprocessing: FFD + scaling only (no feature selection), train=643 + cal=161, test=144
15:56:54  src.cpcv.pipeline  INFO    AR Logistic lags: [1, 2, 3, 4, 5, 6, 7, 14, 21, 30]
15:56:54  src.cpcv.pipeline  INFO    [ 16/84]          ar_logistic (seed=0) F1=0.538  AUC=0.568  LL=0.6838 (0.0s)
15:56:54  src.cpcv.pipeline  INFO    [ 17/84]          ar_logistic (seed=1) F1=0.538  AUC=0.568  LL=0.6838 (0.0s)
15:56:54  src.cpcv.pipeline  INFO    [ 18/84]          ar_logistic (seed=2) F1=0.538  AUC=0.568  LL=0.6838 (0.0s)
15:56:54  src.cpcv.preprocessing  INFO  Feature selection skipped (AR Logistic uses lagged returns only)
15:56:54  src.cpcv.pipeline  INFO    Preprocessing: FFD + scaling only (no feature selection), train=644 + cal=162, test=151
15:56:54  src.cpcv.pipeline  INFO    AR Logistic lags: [1, 2, 3, 4, 5, 6, 7, 14, 21, 30]
15:56:54  src.cpcv.pipeline  INFO    [ 19/84]          ar_logistic (seed=0) F1=0.549  AUC=0.565  LL=0.6832 (0.0s)
15:56:54  src.cpcv.pipeline  INFO    [ 20/84]          ar_logistic (seed=1) F1=0.549  AUC=0.565  LL=0.6832 (0.0s)
15:56:54  src.cpcv.pipeline  INFO    [ 21/84]          ar_logistic (seed=2) F1=0.549  AUC=0.565  LL=0.6832 (0.0s)
15:56:55  src.cpcv.preprocessing  INFO  Feature selection skipped (AR Logistic uses lagged returns only)
15:56:55  src.cpcv.pipeline  INFO    Preprocessing: FFD + scaling only (no feature selection), train=572 + cal=144, test=233
15:56:55  src.cpcv.pipeline  INFO    AR Logistic lags: [1, 2, 3, 4, 5, 6, 7, 14, 21, 30]
15:56:55  src.cpcv.pipeline  INFO    [ 22/84]          ar_logistic (seed=0) F1=0.513  AUC=0.506  LL=0.7127 (0.0s)
15:56:55  src.cpcv.pipeline  INFO    [ 23/84]          ar_logistic (seed=1) F1=0.513  AUC=0.506  LL=0.7127 (0.0s)
15:56:55  src.cpcv.pipeline  INFO    [ 24/84]          ar_logistic (seed=2) F1=0.513  AUC=0.506  LL=0.7127 (0.0s)
15:56:55  src.cpcv.preprocessing  INFO  Feature selection skipped (AR Logistic uses lagged returns only)
15:56:55  src.cpcv.pipeline  INFO    Preprocessing: FFD + scaling only (no feature selection), train=564 + cal=141, test=233
15:56:55  src.cpcv.pipeline  INFO    AR Logistic lags: [1, 2, 3, 4, 5, 6, 7, 14, 21, 30]
15:56:55  src.cpcv.pipeline  INFO    [ 25/84]          ar_logistic (seed=0) F1=0.534  AUC=0.546  LL=0.6917 (0.0s)
15:56:55  src.cpcv.pipeline  INFO    [ 26/84]          ar_logistic (seed=1) F1=0.534  AUC=0.546  LL=0.6917 (0.0s)
15:56:55  src.cpcv.pipeline  INFO    [ 27/84]          ar_logistic (seed=2) F1=0.534  AUC=0.546  LL=0.6917 (0.0s)
15:56:55  src.cpcv.preprocessing  INFO  Feature selection skipped (AR Logistic uses lagged returns only)
15:56:55  src.cpcv.pipeline  INFO    Preprocessing: FFD + scaling only (no feature selection), train=564 + cal=141, test=233
15:56:55  src.cpcv.pipeline  INFO    AR Logistic lags: [1, 2, 3, 4, 5, 6, 7, 14, 21, 30]
15:56:55  src.cpcv.pipeline  INFO    [ 28/84]          ar_logistic (seed=0) F1=0.475  AUC=0.519  LL=0.6799 (0.0s)
15:56:55  src.cpcv.pipeline  INFO    [ 29/84]          ar_logistic (seed=1) F1=0.475  AUC=0.519  LL=0.6799 (0.0s)
15:56:55  src.cpcv.pipeline  INFO    [ 30/84]          ar_logistic (seed=2) F1=0.475  AUC=0.519  LL=0.6799 (0.0s)
15:56:56  src.cpcv.preprocessing  INFO  Feature selection skipped (AR Logistic uses lagged returns only)
15:56:56  src.cpcv.pipeline  INFO    Preprocessing: FFD + scaling only (no feature selection), train=562 + cal=141, test=233
15:56:56  src.cpcv.pipeline  INFO    AR Logistic lags: [1, 2, 3, 4, 5, 6, 7, 14, 21, 30]
15:56:56  src.cpcv.pipeline  INFO    [ 31/84]          ar_logistic (seed=0) F1=0.416  AUC=0.447  LL=0.7250 (0.0s)
15:56:56  src.cpcv.pipeline  INFO    [ 32/84]          ar_logistic (seed=1) F1=0.416  AUC=0.447  LL=0.7250 (0.0s)
15:56:56  src.cpcv.pipeline  INFO    [ 33/84]          ar_logistic (seed=2) F1=0.416  AUC=0.447  LL=0.7250 (0.0s)
15:56:56  src.cpcv.preprocessing  INFO  Feature selection skipped (AR Logistic uses lagged returns only)
15:56:56  src.cpcv.pipeline  INFO    Preprocessing: FFD + scaling only (no feature selection), train=563 + cal=141, test=233
15:56:56  src.cpcv.pipeline  INFO    AR Logistic lags: [1, 2, 3, 4, 5, 6, 7, 14, 21, 30]
15:56:56  src.cpcv.pipeline  INFO    [ 34/84]          ar_logistic (seed=0) F1=0.531  AUC=0.538  LL=0.6873 (0.0s)
15:56:56  src.cpcv.pipeline  INFO    [ 35/84]          ar_logistic (seed=1) F1=0.531  AUC=0.538  LL=0.6873 (0.0s)
15:56:56  src.cpcv.pipeline  INFO    [ 36/84]          ar_logistic (seed=2) F1=0.531  AUC=0.538  LL=0.6873 (0.0s)
15:56:56  src.cpcv.preprocessing  INFO  Feature selection skipped (AR Logistic uses lagged returns only)
15:56:56  src.cpcv.pipeline  INFO    Preprocessing: FFD + scaling only (no feature selection), train=564 + cal=142, test=240
15:56:56  src.cpcv.pipeline  INFO    AR Logistic lags: [1, 2, 3, 4, 5, 6, 7, 14, 21, 30]
15:56:56  src.cpcv.pipeline  INFO    [ 37/84]          ar_logistic (seed=0) F1=0.503  AUC=0.534  LL=0.6817 (0.0s)
15:56:56  src.cpcv.pipeline  INFO    [ 38/84]          ar_logistic (seed=1) F1=0.503  AUC=0.534  LL=0.6817 (0.0s)
15:56:56  src.cpcv.pipeline  INFO    [ 39/84]          ar_logistic (seed=2) F1=0.503  AUC=0.534  LL=0.6817 (0.0s)
15:56:57  src.cpcv.preprocessing  INFO  Feature selection skipped (AR Logistic uses lagged returns only)
15:56:57  src.cpcv.pipeline  INFO    Preprocessing: FFD + scaling only (no feature selection), train=528 + cal=132, test=288
15:56:57  src.cpcv.pipeline  INFO    AR Logistic lags: [1, 2, 3, 4, 5, 6, 7, 14, 21, 30]
15:56:57  src.cpcv.pipeline  INFO    [ 40/84]          ar_logistic (seed=0) F1=0.493  AUC=0.509  LL=0.7145 (0.0s)
15:56:57  src.cpcv.pipeline  INFO    [ 41/84]          ar_logistic (seed=1) F1=0.493  AUC=0.509  LL=0.7145 (0.0s)
15:56:57  src.cpcv.pipeline  INFO    [ 42/84]          ar_logistic (seed=2) F1=0.493  AUC=0.509  LL=0.7145 (0.0s)
15:56:57  src.cpcv.preprocessing  INFO  Feature selection skipped (AR Logistic uses lagged returns only)
15:56:57  src.cpcv.pipeline  INFO    Preprocessing: FFD + scaling only (no feature selection), train=519 + cal=130, test=288
15:56:57  src.cpcv.pipeline  INFO    AR Logistic lags: [1, 2, 3, 4, 5, 6, 7, 14, 21, 30]
15:56:57  src.cpcv.pipeline  INFO    [ 43/84]          ar_logistic (seed=0) F1=0.459  AUC=0.480  LL=0.7012 (0.0s)
15:56:57  src.cpcv.pipeline  INFO    [ 44/84]          ar_logistic (seed=1) F1=0.459  AUC=0.480  LL=0.7012 (0.0s)
15:56:57  src.cpcv.pipeline  INFO    [ 45/84]          ar_logistic (seed=2) F1=0.459  AUC=0.480  LL=0.7012 (0.0s)
15:56:57  src.cpcv.preprocessing  INFO  Feature selection skipped (AR Logistic uses lagged returns only)
15:56:57  src.cpcv.pipeline  INFO    Preprocessing: FFD + scaling only (no feature selection), train=517 + cal=130, test=288
15:56:57  src.cpcv.pipeline  INFO    AR Logistic lags: [1, 2, 3, 4, 5, 6, 7, 14, 21, 30]
15:56:57  src.cpcv.pipeline  INFO    [ 46/84]          ar_logistic (seed=0) F1=0.445  AUC=0.449  LL=0.7357 (0.0s)
15:56:57  src.cpcv.pipeline  INFO    [ 47/84]          ar_logistic (seed=1) F1=0.445  AUC=0.449  LL=0.7357 (0.0s)
15:56:57  src.cpcv.pipeline  INFO    [ 48/84]          ar_logistic (seed=2) F1=0.445  AUC=0.449  LL=0.7357 (0.0s)
15:56:57  src.cpcv.preprocessing  INFO  Feature selection skipped (AR Logistic uses lagged returns only)
15:56:57  src.cpcv.pipeline  INFO    Preprocessing: FFD + scaling only (no feature selection), train=518 + cal=130, test=288
15:56:57  src.cpcv.pipeline  INFO    AR Logistic lags: [1, 2, 3, 4, 5, 6, 7, 14, 21, 30]
15:56:57  src.cpcv.pipeline  INFO    [ 49/84]          ar_logistic (seed=0) F1=0.491  AUC=0.508  LL=0.7061 (0.0s)
15:56:57  src.cpcv.pipeline  INFO    [ 50/84]          ar_logistic (seed=1) F1=0.491  AUC=0.508  LL=0.7061 (0.0s)
15:56:57  src.cpcv.pipeline  INFO    [ 51/84]          ar_logistic (seed=2) F1=0.491  AUC=0.508  LL=0.7061 (0.0s)
15:56:58  src.cpcv.preprocessing  INFO  Feature selection skipped (AR Logistic uses lagged returns only)
15:56:58  src.cpcv.pipeline  INFO    Preprocessing: FFD + scaling only (no feature selection), train=520 + cal=130, test=295
15:56:58  src.cpcv.pipeline  INFO    AR Logistic lags: [1, 2, 3, 4, 5, 6, 7, 14, 21, 30]
15:56:58  src.cpcv.pipeline  INFO    [ 52/84]          ar_logistic (seed=0) F1=0.507  AUC=0.531  LL=0.6980 (0.0s)
15:56:58  src.cpcv.pipeline  INFO    [ 53/84]          ar_logistic (seed=1) F1=0.507  AUC=0.531  LL=0.6980 (0.0s)
15:56:58  src.cpcv.pipeline  INFO    [ 54/84]          ar_logistic (seed=2) F1=0.507  AUC=0.531  LL=0.6980 (0.0s)
15:56:58  src.cpcv.preprocessing  INFO  Feature selection skipped (AR Logistic uses lagged returns only)
15:56:58  src.cpcv.pipeline  INFO    Preprocessing: FFD + scaling only (no feature selection), train=528 + cal=133, test=288
15:56:58  src.cpcv.pipeline  INFO    AR Logistic lags: [1, 2, 3, 4, 5, 6, 7, 14, 21, 30]
15:56:58  src.cpcv.pipeline  INFO    [ 55/84]          ar_logistic (seed=0) F1=0.446  AUC=0.519  LL=0.6889 (0.0s)
15:56:58  src.cpcv.pipeline  INFO    [ 56/84]          ar_logistic (seed=1) F1=0.446  AUC=0.519  LL=0.6889 (0.0s)
15:56:58  src.cpcv.pipeline  INFO    [ 57/84]          ar_logistic (seed=2) F1=0.446  AUC=0.519  LL=0.6889 (0.0s)
15:56:58  src.cpcv.preprocessing  INFO  Feature selection skipped (AR Logistic uses lagged returns only)
15:56:58  src.cpcv.pipeline  INFO    Preprocessing: FFD + scaling only (no feature selection), train=518 + cal=130, test=288
15:56:58  src.cpcv.pipeline  INFO    AR Logistic lags: [1, 2, 3, 4, 5, 6, 7, 14, 21, 30]
15:56:58  src.cpcv.pipeline  INFO    [ 58/84]          ar_logistic (seed=0) F1=0.438  AUC=0.491  LL=0.7241 (0.0s)
15:56:58  src.cpcv.pipeline  INFO    [ 59/84]          ar_logistic (seed=1) F1=0.438  AUC=0.491  LL=0.7241 (0.0s)
15:56:58  src.cpcv.pipeline  INFO    [ 60/84]          ar_logistic (seed=2) F1=0.438  AUC=0.491  LL=0.7241 (0.0s)
15:56:59  src.cpcv.preprocessing  INFO  Feature selection skipped (AR Logistic uses lagged returns only)
15:56:59  src.cpcv.pipeline  INFO    Preprocessing: FFD + scaling only (no feature selection), train=519 + cal=130, test=288
15:56:59  src.cpcv.pipeline  INFO    AR Logistic lags: [1, 2, 3, 4, 5, 6, 7, 14, 21, 30]
15:56:59  src.cpcv.pipeline  INFO    [ 61/84]          ar_logistic (seed=0) F1=0.507  AUC=0.561  LL=0.6935 (0.0s)
15:56:59  src.cpcv.pipeline  INFO    [ 62/84]          ar_logistic (seed=1) F1=0.507  AUC=0.561  LL=0.6935 (0.0s)
15:56:59  src.cpcv.pipeline  INFO    [ 63/84]          ar_logistic (seed=2) F1=0.507  AUC=0.561  LL=0.6935 (0.0s)
15:56:59  src.cpcv.preprocessing  INFO  Feature selection skipped (AR Logistic uses lagged returns only)
15:56:59  src.cpcv.pipeline  INFO    Preprocessing: FFD + scaling only (no feature selection), train=520 + cal=131, test=295
15:56:59  src.cpcv.pipeline  INFO    AR Logistic lags: [1, 2, 3, 4, 5, 6, 7, 14, 21, 30]
15:56:59  src.cpcv.pipeline  INFO    [ 64/84]          ar_logistic (seed=0) F1=0.484  AUC=0.551  LL=0.6887 (0.0s)
15:56:59  src.cpcv.pipeline  INFO    [ 65/84]          ar_logistic (seed=1) F1=0.484  AUC=0.551  LL=0.6887 (0.0s)
15:56:59  src.cpcv.pipeline  INFO    [ 66/84]          ar_logistic (seed=2) F1=0.484  AUC=0.551  LL=0.6887 (0.0s)
15:56:59  src.cpcv.preprocessing  INFO  Feature selection skipped (AR Logistic uses lagged returns only)
15:56:59  src.cpcv.pipeline  INFO    Preprocessing: FFD + scaling only (no feature selection), train=528 + cal=133, test=288
15:56:59  src.cpcv.pipeline  INFO    AR Logistic lags: [1, 2, 3, 4, 5, 6, 7, 14, 21, 30]
15:56:59  src.cpcv.pipeline  INFO    [ 67/84]          ar_logistic (seed=0) F1=0.461  AUC=0.494  LL=0.7072 (0.0s)
15:56:59  src.cpcv.pipeline  INFO    [ 68/84]          ar_logistic (seed=1) F1=0.461  AUC=0.494  LL=0.7072 (0.0s)
15:56:59  src.cpcv.pipeline  INFO    [ 69/84]          ar_logistic (seed=2) F1=0.461  AUC=0.494  LL=0.7072 (0.0s)
15:57:00  src.cpcv.preprocessing  INFO  Feature selection skipped (AR Logistic uses lagged returns only)
15:57:00  src.cpcv.pipeline  INFO    Preprocessing: FFD + scaling only (no feature selection), train=519 + cal=130, test=288
15:57:00  src.cpcv.pipeline  INFO    AR Logistic lags: [1, 2, 3, 4, 5, 6, 7, 14, 21, 30]
15:57:00  src.cpcv.pipeline  INFO    [ 70/84]          ar_logistic (seed=0) F1=0.495  AUC=0.531  LL=0.6863 (0.0s)
15:57:00  src.cpcv.pipeline  INFO    [ 71/84]          ar_logistic (seed=1) F1=0.495  AUC=0.531  LL=0.6863 (0.0s)
15:57:00  src.cpcv.pipeline  INFO    [ 72/84]          ar_logistic (seed=2) F1=0.495  AUC=0.531  LL=0.6863 (0.0s)
15:57:00  src.cpcv.preprocessing  INFO  Feature selection skipped (AR Logistic uses lagged returns only)
15:57:00  src.cpcv.pipeline  INFO    Preprocessing: FFD + scaling only (no feature selection), train=520 + cal=131, test=295
15:57:00  src.cpcv.pipeline  INFO    AR Logistic lags: [1, 2, 3, 4, 5, 6, 7, 14, 21, 30]
15:57:00  src.cpcv.pipeline  INFO    [ 73/84]          ar_logistic (seed=0) F1=0.485  AUC=0.524  LL=0.6869 (0.0s)
15:57:00  src.cpcv.pipeline  INFO    [ 74/84]          ar_logistic (seed=1) F1=0.485  AUC=0.524  LL=0.6869 (0.0s)
15:57:00  src.cpcv.pipeline  INFO    [ 75/84]          ar_logistic (seed=2) F1=0.485  AUC=0.524  LL=0.6869 (0.0s)
15:57:00  src.cpcv.preprocessing  INFO  Feature selection skipped (AR Logistic uses lagged returns only)
15:57:00  src.cpcv.pipeline  INFO    Preprocessing: FFD + scaling only (no feature selection), train=527 + cal=132, test=288
15:57:00  src.cpcv.pipeline  INFO    AR Logistic lags: [1, 2, 3, 4, 5, 6, 7, 14, 21, 30]
15:57:00  src.cpcv.pipeline  INFO    [ 76/84]          ar_logistic (seed=0) F1=0.452  AUC=0.486  LL=0.7167 (0.0s)
15:57:00  src.cpcv.pipeline  INFO    [ 77/84]          ar_logistic (seed=1) F1=0.452  AUC=0.486  LL=0.7167 (0.0s)
15:57:00  src.cpcv.pipeline  INFO    [ 78/84]          ar_logistic (seed=2) F1=0.452  AUC=0.486  LL=0.7167 (0.0s)
15:57:01  src.cpcv.preprocessing  INFO  Feature selection skipped (AR Logistic uses lagged returns only)
15:57:01  src.cpcv.pipeline  INFO    Preprocessing: FFD + scaling only (no feature selection), train=519 + cal=130, test=295
15:57:01  src.cpcv.pipeline  INFO    AR Logistic lags: [1, 2, 3, 4, 5, 6, 7, 14, 21, 30]
15:57:01  src.cpcv.pipeline  INFO    [ 79/84]          ar_logistic (seed=0) F1=0.440  AUC=0.486  LL=0.7012 (0.0s)
15:57:01  src.cpcv.pipeline  INFO    [ 80/84]          ar_logistic (seed=1) F1=0.440  AUC=0.486  LL=0.7012 (0.0s)
15:57:01  src.cpcv.pipeline  INFO    [ 81/84]          ar_logistic (seed=2) F1=0.440  AUC=0.486  LL=0.7012 (0.0s)
15:57:01  src.cpcv.preprocessing  INFO  Feature selection skipped (AR Logistic uses lagged returns only)
15:57:01  src.cpcv.pipeline  INFO    Preprocessing: FFD + scaling only (no feature selection), train=531 + cal=133, test=295
15:57:01  src.cpcv.pipeline  INFO    AR Logistic lags: [1, 2, 3, 4, 5, 6, 7, 14, 21, 30]
15:57:01  src.cpcv.pipeline  INFO    [ 82/84]          ar_logistic (seed=0) F1=0.444  AUC=0.420  LL=0.7190 (0.0s)
15:57:01  src.cpcv.pipeline  INFO    [ 83/84]          ar_logistic (seed=1) F1=0.444  AUC=0.420  LL=0.7190 (0.0s)
15:57:01  src.cpcv.pipeline  INFO    [ 84/84]          ar_logistic (seed=2) F1=0.444  AUC=0.420  LL=0.7190 (0.0s)
15:57:01  src.cpcv.pipeline  INFO  ============================================================
15:57:01  src.cpcv.pipeline  INFO  CPCV Pipeline Complete
15:57:01  src.cpcv.pipeline  INFO  ============================================================
15:57:01  src.cpcv.pipeline  INFO    Total time:     8.9s (0.1m)
15:57:01  src.cpcv.pipeline  INFO    Tasks:          84 succeeded, 0 failed
15:57:01  src.cpcv.pipeline  INFO    Results keys:   84 (model, split, seed) entries
15:57:01  src.cpcv.pipeline  INFO    Backtest paths: 7
15:57:01  src.cpcv.pipeline  INFO  ============================================================
18:16:29  src.cpcv.pipeline  INFO  ============================================================
18:16:29  src.cpcv.pipeline  INFO  CPCV Pipeline
18:16:29  src.cpcv.pipeline  INFO  ============================================================
18:16:29  src.cpcv.pipeline  INFO    Models:         ['logistic']
18:16:29  src.cpcv.pipeline  INFO    Seeds/fold:     3
18:16:29  src.cpcv.pipeline  INFO    Groups (N):     8
18:16:29  src.cpcv.pipeline  INFO    Test groups (k):2
18:16:29  src.cpcv.pipeline  INFO    Embargo:        1.0%
18:16:29  src.cpcv.pipeline  INFO    FFD columns:    ['atr']
18:16:29  src.cpcv.pipeline  INFO    Samples:        1159
18:16:29  src.cpcv.pipeline  INFO    Features:       73
18:16:29  src.cpcv.pipeline  INFO    Splits:         28, Paths: 7
18:16:29  src.cpcv.pipeline  INFO    Tuning:         NESTED (per-split) — ['logistic'] [30 trials]
18:16:29  src.cpcv.pipeline  INFO  ============================================================
18:16:30  src.cpcv.preprocessing  INFO  Computing MDA (Random Forest)...
18:17:07  src.cpcv.preprocessing  INFO  Computing MDA (Logistic Regression)...
18:17:09  src.cpcv.preprocessing  INFO  Multi-model MDA: 59/73 passed (MDA > 0), 14 eliminated
18:17:09  src.cpcv.preprocessing  INFO    Capped at 10 features (top_k_frac=0.15)
18:17:09  src.cpcv.preprocessing  INFO    Selected (10): ['eth_btc_ratio', 'exchange_supply_pct', 'gk_vol', 'gold_ret_30', 'jarque_bera', 'log_returns_lag1', 'nasdaq_ret_14', 'natgas_ret_30', 'skewness', 'sp500_ret_14']
18:17:09  src.cpcv.pipeline  INFO    Preprocessing: 10 features selected, train=688 + cal=172, test=89
18:17:10  src.cpcv.tuning  INFO  Tuning (1 model) — Optuna TPE + Purged K-Fold (inner: 3 folds, embargo=10 obs)
18:17:10  src.cpcv.tuning  INFO    [tuning] logistic: 3 purged K-fold splits, 30 Optuna trials (TPE)
18:17:10  src.cpcv.tuning  INFO      logistic: 18 completed, 12 pruned (of 30 total) — best log_loss=0.6816, params={'C': 0.054502936945582565, 'penalty': 'l1'}
18:17:10  src.cpcv.tuning  INFO    [tuning] logistic done in 0.6s — best log_loss=0.6816
18:17:10  src.cpcv.tuning  INFO  Tuning total: 0.6s
18:17:10  src.cpcv.pipeline  INFO      applied logistic: {'C': 0.054502936945582565, 'penalty': 'l1'}
18:17:10  src.cpcv.pipeline  INFO    [  1/84]             logistic (seed=0) F1=0.477  AUC=0.528  LL=0.6654 (0.0s)
18:17:10  src.cpcv.pipeline  INFO    [  2/84]             logistic (seed=1) F1=0.477  AUC=0.528  LL=0.6654 (0.0s)
18:17:10  src.cpcv.pipeline  INFO    [  3/84]             logistic (seed=2) F1=0.477  AUC=0.528  LL=0.6654 (0.0s)
18:17:11  src.cpcv.preprocessing  INFO  Computing MDA (Random Forest)...
18:17:45  src.cpcv.preprocessing  INFO  Computing MDA (Logistic Regression)...
18:17:46  src.cpcv.preprocessing  INFO  Multi-model MDA: 47/73 passed (MDA > 0), 26 eliminated
18:17:46  src.cpcv.preprocessing  INFO    Capped at 10 features (top_k_frac=0.15)
18:17:46  src.cpcv.preprocessing  INFO    Selected (10): ['dxy_roc_30', 'ema_ratio_50_200', 'fee_per_tx', 'gold_ret_30', 'log_returns', 'macd_hist', 'natgas_ret_14', 'roc_14', 'shannon_entropy', 'silver_ret_30']
18:17:46  src.cpcv.pipeline  INFO    Preprocessing: 10 features selected, train=643 + cal=161, test=144
18:17:46  src.cpcv.tuning  INFO  Tuning (1 model) — Optuna TPE + Purged K-Fold (inner: 3 folds, embargo=10 obs)
18:17:46  src.cpcv.tuning  INFO    [tuning] logistic: 3 purged K-fold splits, 30 Optuna trials (TPE)
18:17:47  src.cpcv.tuning  INFO      logistic: 18 completed, 12 pruned (of 30 total) — best log_loss=0.6916, params={'C': 0.13434247532577095, 'penalty': 'l1'}
18:17:47  src.cpcv.tuning  INFO    [tuning] logistic done in 0.4s — best log_loss=0.6916
18:17:47  src.cpcv.tuning  INFO  Tuning total: 0.4s
18:17:47  src.cpcv.pipeline  INFO      applied logistic: {'C': 0.13434247532577095, 'penalty': 'l1'}
18:17:47  src.cpcv.pipeline  INFO    [  4/84]             logistic (seed=0) F1=0.348  AUC=0.551  LL=0.7219 (0.0s)
18:17:47  src.cpcv.pipeline  INFO    [  5/84]             logistic (seed=1) F1=0.348  AUC=0.551  LL=0.7219 (0.0s)
18:17:47  src.cpcv.pipeline  INFO    [  6/84]             logistic (seed=2) F1=0.348  AUC=0.551  LL=0.7219 (0.0s)
18:17:47  src.cpcv.preprocessing  INFO  Computing MDA (Random Forest)...
18:18:22  src.cpcv.preprocessing  INFO  Computing MDA (Logistic Regression)...
18:18:23  src.cpcv.preprocessing  INFO  Multi-model MDA: 26/73 passed (MDA > 0), 47 eliminated
18:18:23  src.cpcv.preprocessing  INFO    Capped at 10 features (top_k_frac=0.15)
18:18:23  src.cpcv.preprocessing  INFO    Selected (10): ['eth_btc_ratio', 'exchange_supply_pct', 'gold_ret_14', 'gold_ret_30', 'log_returns_lag1', 'log_returns_lag21', 'log_returns_lag7', 'skewness', 'sp500_ret_30', 'stoch_d']
18:18:23  src.cpcv.pipeline  INFO    Preprocessing: 10 features selected, train=644 + cal=161, test=144
18:18:23  src.cpcv.tuning  INFO  Tuning (1 model) — Optuna TPE + Purged K-Fold (inner: 3 folds, embargo=10 obs)
18:18:23  src.cpcv.tuning  INFO    [tuning] logistic: 3 purged K-fold splits, 30 Optuna trials (TPE)
18:18:23  src.cpcv.tuning  INFO      logistic: 19 completed, 11 pruned (of 30 total) — best log_loss=0.6854, params={'C': 0.0960832887346359, 'penalty': 'l1'}
18:18:23  src.cpcv.tuning  INFO    [tuning] logistic done in 0.4s — best log_loss=0.6854
18:18:23  src.cpcv.tuning  INFO  Tuning total: 0.4s
18:18:23  src.cpcv.pipeline  INFO      applied logistic: {'C': 0.0960832887346359, 'penalty': 'l1'}
18:18:23  src.cpcv.pipeline  INFO    [  7/84]             logistic (seed=0) F1=0.476  AUC=0.536  LL=0.6980 (0.0s)
18:18:23  src.cpcv.pipeline  INFO    [  8/84]             logistic (seed=1) F1=0.476  AUC=0.536  LL=0.6980 (0.0s)
18:18:23  src.cpcv.pipeline  INFO    [  9/84]             logistic (seed=2) F1=0.476  AUC=0.536  LL=0.6980 (0.0s)
18:18:23  src.cpcv.preprocessing  INFO  Computing MDA (Random Forest)...
18:18:58  src.cpcv.preprocessing  INFO  Computing MDA (Logistic Regression)...
18:18:59  src.cpcv.preprocessing  INFO  Multi-model MDA: 18/73 passed (MDA > 0), 55 eliminated
18:18:59  src.cpcv.preprocessing  INFO    Capped at 10 features (top_k_frac=0.15)
18:18:59  src.cpcv.preprocessing  INFO    Selected (10): ['bb_width', 'eth_btc_ratio', 'jarque_bera', 'log_returns_lag21', 'macd_hist', 'mfi_14', 'sadf', 'shannon_entropy', 'skewness', 'vix']
18:18:59  src.cpcv.pipeline  INFO    Preprocessing: 10 features selected, train=644 + cal=161, test=144
18:18:59  src.cpcv.tuning  INFO  Tuning (1 model) — Optuna TPE + Purged K-Fold (inner: 3 folds, embargo=10 obs)
18:18:59  src.cpcv.tuning  INFO    [tuning] logistic: 3 purged K-fold splits, 30 Optuna trials (TPE)
18:18:59  src.cpcv.tuning  INFO      logistic: 29 completed, 1 pruned (of 30 total) — best log_loss=0.6865, params={'C': 0.0004369932742919641, 'penalty': 'l2'}
18:18:59  src.cpcv.tuning  INFO    [tuning] logistic done in 0.7s — best log_loss=0.6865
18:18:59  src.cpcv.tuning  INFO  Tuning total: 0.7s
18:18:59  src.cpcv.pipeline  INFO      applied logistic: {'C': 0.0004369932742919641, 'penalty': 'l2'}
18:18:59  src.cpcv.pipeline  INFO    [ 10/84]             logistic (seed=0) F1=0.374  AUC=0.545  LL=0.6751 (0.0s)
18:18:59  src.cpcv.pipeline  INFO    [ 11/84]             logistic (seed=1) F1=0.374  AUC=0.545  LL=0.6751 (0.0s)
18:18:59  src.cpcv.pipeline  INFO    [ 12/84]             logistic (seed=2) F1=0.374  AUC=0.545  LL=0.6751 (0.0s)
18:19:00  src.cpcv.preprocessing  INFO  Computing MDA (Random Forest)...
18:19:34  src.cpcv.preprocessing  INFO  Computing MDA (Logistic Regression)...
18:19:35  src.cpcv.preprocessing  INFO  Multi-model MDA: 11/73 passed (MDA > 0), 62 eliminated
18:19:35  src.cpcv.preprocessing  INFO    Capped at 10 features (top_k_frac=0.15)
18:19:35  src.cpcv.preprocessing  INFO    Selected (10): ['copper_ret_30', 'eth_btc_ratio', 'exchange_supply_pct', 'mvrv', 'nasdaq_ret_14', 'rsi', 'silver_ret_14', 'skewness', 'vix', 'williams_r']
18:19:35  src.cpcv.pipeline  INFO    Preprocessing: 10 features selected, train=642 + cal=161, test=144
18:19:35  src.cpcv.tuning  INFO  Tuning (1 model) — Optuna TPE + Purged K-Fold (inner: 3 folds, embargo=10 obs)
18:19:35  src.cpcv.tuning  INFO    [tuning] logistic: 3 purged K-fold splits, 30 Optuna trials (TPE)
18:19:36  src.cpcv.tuning  INFO      logistic: 14 completed, 16 pruned (of 30 total) — best log_loss=0.6931, params={'C': 0.00027941545106779285, 'penalty': 'l2'}
18:19:36  src.cpcv.tuning  INFO    [tuning] logistic done in 0.4s — best log_loss=0.6931
18:19:36  src.cpcv.tuning  INFO  Tuning total: 0.4s
18:19:36  src.cpcv.pipeline  INFO      applied logistic: {'C': 0.00027941545106779285, 'penalty': 'l2'}
18:19:36  src.cpcv.pipeline  INFO    [ 13/84]             logistic (seed=0) F1=0.525  AUC=0.552  LL=0.6921 (0.0s)
18:19:36  src.cpcv.pipeline  INFO    [ 14/84]             logistic (seed=1) F1=0.525  AUC=0.552  LL=0.6921 (0.0s)
18:19:36  src.cpcv.pipeline  INFO    [ 15/84]             logistic (seed=2) F1=0.525  AUC=0.552  LL=0.6921 (0.0s)
18:19:36  src.cpcv.preprocessing  INFO  Computing MDA (Random Forest)...
18:20:10  src.cpcv.preprocessing  INFO  Computing MDA (Logistic Regression)...
18:20:11  src.cpcv.preprocessing  INFO  Multi-model MDA: 6/73 passed (MDA > 0), 67 eliminated
18:20:11  src.cpcv.preprocessing  INFO    Selected (6): ['ema_ratio_50_200', 'eth_btc_ratio', 'jarque_bera', 'kurtosis', 'skewness', 'sp500_ret_14']
18:20:11  src.cpcv.pipeline  INFO    Preprocessing: 6 features selected, train=643 + cal=161, test=144
18:20:11  src.cpcv.tuning  INFO  Tuning (1 model) — Optuna TPE + Purged K-Fold (inner: 3 folds, embargo=10 obs)
18:20:11  src.cpcv.tuning  INFO    [tuning] logistic: 3 purged K-fold splits, 30 Optuna trials (TPE)
18:20:11  src.cpcv.tuning  INFO      logistic: 16 completed, 14 pruned (of 30 total) — best log_loss=0.6796, params={'C': 97.26459853055177, 'penalty': 'l1'}
18:20:11  src.cpcv.tuning  INFO    [tuning] logistic done in 0.4s — best log_loss=0.6796
18:20:11  src.cpcv.tuning  INFO  Tuning total: 0.4s
18:20:11  src.cpcv.pipeline  INFO      applied logistic: {'C': 97.26459853055177, 'penalty': 'l1'}
18:20:11  src.cpcv.pipeline  INFO    [ 16/84]             logistic (seed=0) F1=0.444  AUC=0.453  LL=0.7336 (0.0s)
18:20:12  src.cpcv.pipeline  INFO    [ 17/84]             logistic (seed=1) F1=0.444  AUC=0.453  LL=0.7336 (0.0s)
18:20:12  src.cpcv.pipeline  INFO    [ 18/84]             logistic (seed=2) F1=0.444  AUC=0.453  LL=0.7336 (0.0s)
18:20:12  src.cpcv.preprocessing  INFO  Computing MDA (Random Forest)...
18:20:46  src.cpcv.preprocessing  INFO  Computing MDA (Logistic Regression)...
18:20:47  src.cpcv.preprocessing  INFO  Multi-model MDA: 26/73 passed (MDA > 0), 47 eliminated
18:20:47  src.cpcv.preprocessing  INFO    Capped at 10 features (top_k_frac=0.15)
18:20:47  src.cpcv.preprocessing  INFO    Selected (10): ['bb_width', 'kurtosis', 'log_returns_lag14', 'log_returns_lag5', 'log_returns_lag6', 'natgas_ret_30', 'oil_ret_14', 'skewness', 'variance_ratio', 'vol_term_30_90']
18:20:47  src.cpcv.pipeline  INFO    Preprocessing: 10 features selected, train=644 + cal=162, test=151
18:20:47  src.cpcv.tuning  INFO  Tuning (1 model) — Optuna TPE + Purged K-Fold (inner: 3 folds, embargo=10 obs)
18:20:47  src.cpcv.tuning  INFO    [tuning] logistic: 3 purged K-fold splits, 30 Optuna trials (TPE)
18:20:48  src.cpcv.tuning  INFO      logistic: 21 completed, 9 pruned (of 30 total) — best log_loss=0.6819, params={'C': 0.017765474990816044, 'penalty': 'l2'}
18:20:48  src.cpcv.tuning  INFO    [tuning] logistic done in 0.5s — best log_loss=0.6819
18:20:48  src.cpcv.tuning  INFO  Tuning total: 0.5s
18:20:48  src.cpcv.pipeline  INFO      applied logistic: {'C': 0.017765474990816044, 'penalty': 'l2'}
18:20:48  src.cpcv.pipeline  INFO    [ 19/84]             logistic (seed=0) F1=0.549  AUC=0.568  LL=0.6874 (0.0s)
18:20:48  src.cpcv.pipeline  INFO    [ 20/84]             logistic (seed=1) F1=0.549  AUC=0.568  LL=0.6874 (0.0s)
18:20:48  src.cpcv.pipeline  INFO    [ 21/84]             logistic (seed=2) F1=0.549  AUC=0.568  LL=0.6874 (0.0s)
18:20:48  src.cpcv.preprocessing  INFO  Computing MDA (Random Forest)...
18:21:20  src.cpcv.preprocessing  INFO  Computing MDA (Logistic Regression)...
18:21:21  src.cpcv.preprocessing  INFO  Multi-model MDA: 66/73 passed (MDA > 0), 7 eliminated
18:21:21  src.cpcv.preprocessing  INFO    Capped at 10 features (top_k_frac=0.15)
18:21:21  src.cpcv.preprocessing  INFO    Selected (10): ['bb_width', 'dxy_roc_30', 'nasdaq_ret_14', 'net_exchange_flow', 'oil_ret_14', 'realized_vol', 'silver_ret_30', 'sp500_ret_14', 'stoch_k', 'yield_curve_2y10y']
18:21:21  src.cpcv.pipeline  INFO    Preprocessing: 10 features selected, train=572 + cal=144, test=233
18:21:21  src.cpcv.tuning  INFO  Tuning (1 model) — Optuna TPE + Purged K-Fold (inner: 3 folds, embargo=10 obs)
18:21:21  src.cpcv.tuning  INFO    [tuning] logistic: 3 purged K-fold splits, 30 Optuna trials (TPE)
18:21:21  src.cpcv.tuning  INFO      logistic: 24 completed, 6 pruned (of 30 total) — best log_loss=0.6925, params={'C': 0.0017608122450511671, 'penalty': 'l2'}
18:21:21  src.cpcv.tuning  INFO    [tuning] logistic done in 0.5s — best log_loss=0.6925
18:21:21  src.cpcv.tuning  INFO  Tuning total: 0.5s
18:21:21  src.cpcv.pipeline  INFO      applied logistic: {'C': 0.0017608122450511671, 'penalty': 'l2'}
18:21:21  src.cpcv.pipeline  INFO    [ 22/84]             logistic (seed=0) F1=0.347  AUC=0.545  LL=0.6981 (0.0s)
18:21:21  src.cpcv.pipeline  INFO    [ 23/84]             logistic (seed=1) F1=0.347  AUC=0.545  LL=0.6981 (0.0s)
18:21:21  src.cpcv.pipeline  INFO    [ 24/84]             logistic (seed=2) F1=0.347  AUC=0.545  LL=0.6981 (0.0s)
18:21:21  src.cpcv.preprocessing  INFO  Computing MDA (Random Forest)...
18:21:52  src.cpcv.preprocessing  INFO  Computing MDA (Logistic Regression)...
18:21:53  src.cpcv.preprocessing  INFO  Multi-model MDA: 43/73 passed (MDA > 0), 30 eliminated
18:21:53  src.cpcv.preprocessing  INFO    Capped at 10 features (top_k_frac=0.15)
18:21:53  src.cpcv.preprocessing  INFO    Selected (10): ['cci_14', 'copper_ret_14', 'dxy_roc_30', 'eth_btc_ratio', 'jarque_bera', 'log_returns_lag1', 'log_returns_lag2', 'log_returns_lag6', 'shannon_entropy', 'stoch_d']
18:21:53  src.cpcv.pipeline  INFO    Preprocessing: 10 features selected, train=564 + cal=141, test=233
18:21:53  src.cpcv.tuning  INFO  Tuning (1 model) — Optuna TPE + Purged K-Fold (inner: 3 folds, embargo=10 obs)
18:21:53  src.cpcv.tuning  INFO    [tuning] logistic: 3 purged K-fold splits, 30 Optuna trials (TPE)
18:21:53  src.cpcv.tuning  INFO      logistic: 19 completed, 11 pruned (of 30 total) — best log_loss=0.6892, params={'C': 0.100177425156941, 'penalty': 'l1'}
18:21:53  src.cpcv.tuning  INFO    [tuning] logistic done in 0.4s — best log_loss=0.6892
18:21:53  src.cpcv.tuning  INFO  Tuning total: 0.4s
18:21:53  src.cpcv.pipeline  INFO      applied logistic: {'C': 0.100177425156941, 'penalty': 'l1'}
18:21:53  src.cpcv.pipeline  INFO    [ 25/84]             logistic (seed=0) F1=0.486  AUC=0.578  LL=0.7188 (0.0s)
18:21:53  src.cpcv.pipeline  INFO    [ 26/84]             logistic (seed=1) F1=0.486  AUC=0.578  LL=0.7188 (0.0s)
18:21:53  src.cpcv.pipeline  INFO    [ 27/84]             logistic (seed=2) F1=0.486  AUC=0.578  LL=0.7188 (0.0s)
18:21:53  src.cpcv.preprocessing  INFO  Computing MDA (Random Forest)...
18:22:18  src.cpcv.preprocessing  INFO  Computing MDA (Logistic Regression)...
18:22:19  src.cpcv.preprocessing  INFO  Multi-model MDA: 30/73 passed (MDA > 0), 43 eliminated
18:22:19  src.cpcv.preprocessing  INFO    Capped at 10 features (top_k_frac=0.15)
18:22:19  src.cpcv.preprocessing  INFO    Selected (10): ['chaikin_osc', 'ema_ratio_50_200', 'eth_btc_ratio', 'gk_vol', 'gold_ret_14', 'jarque_bera', 'log_returns_lag21', 'sp500_ret_30', 'us2y', 'vwma_ratio_20_50']
18:22:19  src.cpcv.pipeline  INFO    Preprocessing: 10 features selected, train=564 + cal=141, test=233
18:22:19  src.cpcv.tuning  INFO  Tuning (1 model) — Optuna TPE + Purged K-Fold (inner: 3 folds, embargo=10 obs)
18:22:19  src.cpcv.tuning  INFO    [tuning] logistic: 3 purged K-fold splits, 30 Optuna trials (TPE)
18:22:19  src.cpcv.tuning  INFO      logistic: 28 completed, 2 pruned (of 30 total) — best log_loss=0.6829, params={'C': 0.054502936945582565, 'penalty': 'l1'}
18:22:19  src.cpcv.tuning  INFO    [tuning] logistic done in 0.6s — best log_loss=0.6829
18:22:19  src.cpcv.tuning  INFO  Tuning total: 0.6s
18:22:19  src.cpcv.pipeline  INFO      applied logistic: {'C': 0.054502936945582565, 'penalty': 'l1'}
18:22:19  src.cpcv.pipeline  INFO    [ 28/84]             logistic (seed=0) F1=0.394  AUC=0.483  LL=0.6760 (0.0s)
18:22:19  src.cpcv.pipeline  INFO    [ 29/84]             logistic (seed=1) F1=0.394  AUC=0.483  LL=0.6760 (0.0s)
18:22:19  src.cpcv.pipeline  INFO    [ 30/84]             logistic (seed=2) F1=0.394  AUC=0.483  LL=0.6760 (0.0s)
18:22:19  src.cpcv.preprocessing  INFO  Computing MDA (Random Forest)...
18:22:44  src.cpcv.preprocessing  INFO  Computing MDA (Logistic Regression)...
18:22:45  src.cpcv.preprocessing  INFO  Multi-model MDA: 25/73 passed (MDA > 0), 48 eliminated
18:22:45  src.cpcv.preprocessing  INFO    Capped at 10 features (top_k_frac=0.15)
18:22:45  src.cpcv.preprocessing  INFO    Selected (10): ['active_addr_roc_14', 'chaikin_osc', 'fee_per_tx', 'gk_vol', 'log_returns_lag1', 'macd_hist', 'net_exchange_flow', 'sp500_ret_14', 'stoch_k', 'vol_term_30_90']
18:22:45  src.cpcv.pipeline  INFO    Preprocessing: 10 features selected, train=562 + cal=141, test=233
18:22:45  src.cpcv.tuning  INFO  Tuning (1 model) — Optuna TPE + Purged K-Fold (inner: 3 folds, embargo=10 obs)
18:22:45  src.cpcv.tuning  INFO    [tuning] logistic: 3 purged K-fold splits, 30 Optuna trials (TPE)
18:22:45  src.cpcv.tuning  INFO      logistic: 25 completed, 5 pruned (of 30 total) — best log_loss=0.6889, params={'C': 0.12173252504194051, 'penalty': 'l1'}
18:22:45  src.cpcv.tuning  INFO    [tuning] logistic done in 0.4s — best log_loss=0.6889
18:22:45  src.cpcv.tuning  INFO  Tuning total: 0.4s
18:22:45  src.cpcv.pipeline  INFO      applied logistic: {'C': 0.12173252504194051, 'penalty': 'l1'}
18:22:45  src.cpcv.pipeline  INFO    [ 31/84]             logistic (seed=0) F1=0.358  AUC=0.493  LL=0.6867 (0.0s)
18:22:45  src.cpcv.pipeline  INFO    [ 32/84]             logistic (seed=1) F1=0.358  AUC=0.493  LL=0.6867 (0.0s)
18:22:45  src.cpcv.pipeline  INFO    [ 33/84]             logistic (seed=2) F1=0.358  AUC=0.493  LL=0.6867 (0.0s)
18:22:45  src.cpcv.preprocessing  INFO  Computing MDA (Random Forest)...
18:23:10  src.cpcv.preprocessing  INFO  Computing MDA (Logistic Regression)...
18:23:11  src.cpcv.preprocessing  INFO  Multi-model MDA: 32/73 passed (MDA > 0), 41 eliminated
18:23:11  src.cpcv.preprocessing  INFO    Capped at 10 features (top_k_frac=0.15)
18:23:11  src.cpcv.preprocessing  INFO    Selected (10): ['bb_width', 'copper_ret_30', 'dxy_roc_30', 'eth_btc_ratio', 'fee_per_tx', 'log_returns_lag2', 'log_returns_lag7', 'skewness', 'us2y', 'vix']
18:23:11  src.cpcv.pipeline  INFO    Preprocessing: 10 features selected, train=563 + cal=141, test=233
18:23:11  src.cpcv.tuning  INFO  Tuning (1 model) — Optuna TPE + Purged K-Fold (inner: 3 folds, embargo=10 obs)
18:23:11  src.cpcv.tuning  INFO    [tuning] logistic: 3 purged K-fold splits, 30 Optuna trials (TPE)
18:23:11  src.cpcv.tuning  INFO      logistic: 22 completed, 8 pruned (of 30 total) — best log_loss=0.6736, params={'C': 0.023533998200676295, 'penalty': 'l2'}
18:23:11  src.cpcv.tuning  INFO    [tuning] logistic done in 0.5s — best log_loss=0.6736
18:23:11  src.cpcv.tuning  INFO  Tuning total: 0.5s
18:23:11  src.cpcv.pipeline  INFO      applied logistic: {'C': 0.023533998200676295, 'penalty': 'l2'}
18:23:11  src.cpcv.pipeline  INFO    [ 34/84]             logistic (seed=0) F1=0.521  AUC=0.513  LL=0.8157 (0.0s)
18:23:11  src.cpcv.pipeline  INFO    [ 35/84]             logistic (seed=1) F1=0.521  AUC=0.513  LL=0.8157 (0.0s)
18:23:11  src.cpcv.pipeline  INFO    [ 36/84]             logistic (seed=2) F1=0.521  AUC=0.513  LL=0.8157 (0.0s)
18:23:12  src.cpcv.preprocessing  INFO  Computing MDA (Random Forest)...
18:23:36  src.cpcv.preprocessing  INFO  Computing MDA (Logistic Regression)...
18:23:37  src.cpcv.preprocessing  INFO  Multi-model MDA: 51/73 passed (MDA > 0), 22 eliminated
18:23:37  src.cpcv.preprocessing  INFO    Capped at 10 features (top_k_frac=0.15)
18:23:37  src.cpcv.preprocessing  INFO    Selected (10): ['copper_ret_14', 'eth_btc_ratio', 'gk_vol', 'kurtosis', 'log_returns_lag21', 'log_returns_lag6', 'log_returns_lag7', 'mvrv', 'roc_14', 'sp500_ret_30']
18:23:37  src.cpcv.pipeline  INFO    Preprocessing: 10 features selected, train=564 + cal=142, test=240
18:23:37  src.cpcv.tuning  INFO  Tuning (1 model) — Optuna TPE + Purged K-Fold (inner: 3 folds, embargo=10 obs)
18:23:37  src.cpcv.tuning  INFO    [tuning] logistic: 3 purged K-fold splits, 30 Optuna trials (TPE)
18:23:38  src.cpcv.tuning  INFO      logistic: 19 completed, 11 pruned (of 30 total) — best log_loss=0.6911, params={'C': 0.003409264942037956, 'penalty': 'l2'}
18:23:38  src.cpcv.tuning  INFO    [tuning] logistic done in 0.5s — best log_loss=0.6911
18:23:38  src.cpcv.tuning  INFO  Tuning total: 0.5s
18:23:38  src.cpcv.pipeline  INFO      applied logistic: {'C': 0.003409264942037956, 'penalty': 'l2'}
18:23:38  src.cpcv.pipeline  INFO    [ 37/84]             logistic (seed=0) F1=0.457  AUC=0.441  LL=0.7116 (0.0s)
18:23:38  src.cpcv.pipeline  INFO    [ 38/84]             logistic (seed=1) F1=0.457  AUC=0.441  LL=0.7116 (0.0s)
18:23:38  src.cpcv.pipeline  INFO    [ 39/84]             logistic (seed=2) F1=0.457  AUC=0.441  LL=0.7116 (0.0s)
18:23:38  src.cpcv.preprocessing  INFO  Computing MDA (Random Forest)...
18:24:01  src.cpcv.preprocessing  INFO  Computing MDA (Logistic Regression)...
18:24:02  src.cpcv.preprocessing  INFO  Multi-model MDA: 47/73 passed (MDA > 0), 26 eliminated
18:24:02  src.cpcv.preprocessing  INFO    Capped at 10 features (top_k_frac=0.15)
18:24:02  src.cpcv.preprocessing  INFO    Selected (10): ['cci_14', 'copper_ret_14', 'log_returns_lag2', 'log_returns_lag7', 'macd', 'negentropy', 'obv', 'realized_vol', 'rsi', 'vol_term_30_90']
18:24:02  src.cpcv.pipeline  INFO    Preprocessing: 10 features selected, train=528 + cal=132, test=288
18:24:02  src.cpcv.tuning  INFO  Tuning (1 model) — Optuna TPE + Purged K-Fold (inner: 3 folds, embargo=10 obs)
18:24:02  src.cpcv.tuning  INFO    [tuning] logistic: 3 purged K-fold splits, 30 Optuna trials (TPE)
18:24:03  src.cpcv.tuning  INFO      logistic: 20 completed, 10 pruned (of 30 total) — best log_loss=0.6868, params={'C': 0.12173252504194051, 'penalty': 'l1'}
18:24:03  src.cpcv.tuning  INFO    [tuning] logistic done in 0.4s — best log_loss=0.6868
18:24:03  src.cpcv.tuning  INFO  Tuning total: 0.4s
18:24:03  src.cpcv.pipeline  INFO      applied logistic: {'C': 0.12173252504194051, 'penalty': 'l1'}
18:24:03  src.cpcv.pipeline  INFO    [ 40/84]             logistic (seed=0) F1=0.338  AUC=0.506  LL=0.7748 (0.0s)
18:24:03  src.cpcv.pipeline  INFO    [ 41/84]             logistic (seed=1) F1=0.338  AUC=0.506  LL=0.7748 (0.0s)
18:24:03  src.cpcv.pipeline  INFO    [ 42/84]             logistic (seed=2) F1=0.338  AUC=0.506  LL=0.7748 (0.0s)
18:24:03  src.cpcv.preprocessing  INFO  Computing MDA (Random Forest)...
18:24:26  src.cpcv.preprocessing  INFO  Computing MDA (Logistic Regression)...
18:24:27  src.cpcv.preprocessing  INFO  Multi-model MDA: 45/73 passed (MDA > 0), 28 eliminated
18:24:27  src.cpcv.preprocessing  INFO    Capped at 10 features (top_k_frac=0.15)
18:24:27  src.cpcv.preprocessing  INFO    Selected (10): ['active_addr_roc_14', 'bb_width', 'ema_ratio_50_200', 'eth_btc_ratio', 'gold_ret_14', 'rsi', 'silver_ret_14', 'skewness', 'vol_term_30_90', 'yield_curve_10y30y']
18:24:27  src.cpcv.pipeline  INFO    Preprocessing: 10 features selected, train=519 + cal=130, test=288
18:24:27  src.cpcv.tuning  INFO  Tuning (1 model) — Optuna TPE + Purged K-Fold (inner: 3 folds, embargo=10 obs)
18:24:27  src.cpcv.tuning  INFO    [tuning] logistic: 3 purged K-fold splits, 30 Optuna trials (TPE)
18:24:27  src.cpcv.tuning  INFO      logistic: 26 completed, 4 pruned (of 30 total) — best log_loss=0.6924, params={'C': 0.0039653707522637124, 'penalty': 'l2'}
18:24:27  src.cpcv.tuning  INFO    [tuning] logistic done in 0.5s — best log_loss=0.6924
18:24:27  src.cpcv.tuning  INFO  Tuning total: 0.5s
18:24:27  src.cpcv.pipeline  INFO      applied logistic: {'C': 0.0039653707522637124, 'penalty': 'l2'}
18:24:27  src.cpcv.pipeline  INFO    [ 43/84]             logistic (seed=0) F1=0.344  AUC=0.557  LL=0.6916 (0.0s)
18:24:27  src.cpcv.pipeline  INFO    [ 44/84]             logistic (seed=1) F1=0.344  AUC=0.557  LL=0.6916 (0.0s)
18:24:27  src.cpcv.pipeline  INFO    [ 45/84]             logistic (seed=2) F1=0.344  AUC=0.557  LL=0.6916 (0.0s)
18:24:28  src.cpcv.preprocessing  INFO  Computing MDA (Random Forest)...
18:24:50  src.cpcv.preprocessing  INFO  Computing MDA (Logistic Regression)...
18:24:51  src.cpcv.preprocessing  INFO  Multi-model MDA: 58/73 passed (MDA > 0), 15 eliminated
18:24:51  src.cpcv.preprocessing  INFO    Capped at 10 features (top_k_frac=0.15)
18:24:51  src.cpcv.preprocessing  INFO    Selected (10): ['active_addr_roc_14', 'ema_ratio_20_50', 'log_returns_lag1', 'mvrv', 'natgas_ret_30', 'oil_ret_30', 'skewness', 'vol_term_30_90', 'yield_curve_10y30y', 'yz_vol']
18:24:51  src.cpcv.pipeline  INFO    Preprocessing: 10 features selected, train=517 + cal=130, test=288
18:24:51  src.cpcv.tuning  INFO  Tuning (1 model) — Optuna TPE + Purged K-Fold (inner: 3 folds, embargo=10 obs)
18:24:51  src.cpcv.tuning  INFO    [tuning] logistic: 3 purged K-fold splits, 30 Optuna trials (TPE)
18:24:52  src.cpcv.tuning  INFO      logistic: 29 completed, 1 pruned (of 30 total) — best log_loss=0.6928, params={'C': 0.0012953887073261802, 'penalty': 'l2'}
18:24:52  src.cpcv.tuning  INFO    [tuning] logistic done in 0.5s — best log_loss=0.6928
18:24:52  src.cpcv.tuning  INFO  Tuning total: 0.5s
18:24:52  src.cpcv.pipeline  INFO      applied logistic: {'C': 0.0012953887073261802, 'penalty': 'l2'}
18:24:52  src.cpcv.pipeline  INFO    [ 46/84]             logistic (seed=0) F1=0.433  AUC=0.477  LL=0.7072 (0.0s)
18:24:52  src.cpcv.pipeline  INFO    [ 47/84]             logistic (seed=1) F1=0.433  AUC=0.477  LL=0.7072 (0.0s)
18:24:52  src.cpcv.pipeline  INFO    [ 48/84]             logistic (seed=2) F1=0.433  AUC=0.477  LL=0.7072 (0.0s)
18:24:52  src.cpcv.preprocessing  INFO  Computing MDA (Random Forest)...
18:25:15  src.cpcv.preprocessing  INFO  Computing MDA (Logistic Regression)...
18:25:16  src.cpcv.preprocessing  INFO  Multi-model MDA: 27/73 passed (MDA > 0), 46 eliminated
18:25:16  src.cpcv.preprocessing  INFO    Capped at 10 features (top_k_frac=0.15)
18:25:16  src.cpcv.preprocessing  INFO    Selected (10): ['cci_14', 'ema_ratio_20_50', 'eth_btc_ratio', 'net_exchange_flow', 'oil_ret_14', 'skewness', 'smt_exp', 'vol_term_7_30', 'williams_r', 'yield_curve_2y10y']
18:25:16  src.cpcv.pipeline  INFO    Preprocessing: 10 features selected, train=518 + cal=130, test=288
18:25:16  src.cpcv.tuning  INFO  Tuning (1 model) — Optuna TPE + Purged K-Fold (inner: 3 folds, embargo=10 obs)
18:25:16  src.cpcv.tuning  INFO    [tuning] logistic: 3 purged K-fold splits, 30 Optuna trials (TPE)
18:25:17  src.cpcv.tuning  INFO      logistic: 22 completed, 8 pruned (of 30 total) — best log_loss=0.6911, params={'C': 0.006490287990119871, 'penalty': 'l2'}
18:25:17  src.cpcv.tuning  INFO    [tuning] logistic done in 0.5s — best log_loss=0.6911
18:25:17  src.cpcv.tuning  INFO  Tuning total: 0.5s
18:25:17  src.cpcv.pipeline  INFO      applied logistic: {'C': 0.006490287990119871, 'penalty': 'l2'}
18:25:17  src.cpcv.pipeline  INFO    [ 49/84]             logistic (seed=0) F1=0.335  AUC=0.504  LL=0.6954 (0.0s)
18:25:17  src.cpcv.pipeline  INFO    [ 50/84]             logistic (seed=1) F1=0.335  AUC=0.504  LL=0.6954 (0.0s)
18:25:17  src.cpcv.pipeline  INFO    [ 51/84]             logistic (seed=2) F1=0.335  AUC=0.504  LL=0.6954 (0.0s)
18:25:17  src.cpcv.preprocessing  INFO  Computing MDA (Random Forest)...
18:25:40  src.cpcv.preprocessing  INFO  Computing MDA (Logistic Regression)...
18:25:41  src.cpcv.preprocessing  INFO  Multi-model MDA: 28/73 passed (MDA > 0), 45 eliminated
18:25:41  src.cpcv.preprocessing  INFO    Capped at 10 features (top_k_frac=0.15)
18:25:41  src.cpcv.preprocessing  INFO    Selected (10): ['bb_width', 'exchange_supply_pct', 'gold_ret_30', 'hurst', 'log_returns_lag5', 'macd_hist', 'oil_ret_14', 'rsi', 'vix', 'vol_term_30_90']
18:25:41  src.cpcv.pipeline  INFO    Preprocessing: 10 features selected, train=520 + cal=130, test=295
18:25:41  src.cpcv.tuning  INFO  Tuning (1 model) — Optuna TPE + Purged K-Fold (inner: 3 folds, embargo=10 obs)
18:25:41  src.cpcv.tuning  INFO    [tuning] logistic: 3 purged K-fold splits, 30 Optuna trials (TPE)
18:25:41  src.cpcv.tuning  INFO      logistic: 27 completed, 3 pruned (of 30 total) — best log_loss=0.6898, params={'C': 0.005887060915998942, 'penalty': 'l2'}
18:25:41  src.cpcv.tuning  INFO    [tuning] logistic done in 0.5s — best log_loss=0.6898
18:25:41  src.cpcv.tuning  INFO  Tuning total: 0.5s
18:25:41  src.cpcv.pipeline  INFO      applied logistic: {'C': 0.005887060915998942, 'penalty': 'l2'}
18:25:41  src.cpcv.pipeline  INFO    [ 52/84]             logistic (seed=0) F1=0.333  AUC=0.478  LL=0.6994 (0.0s)
18:25:41  src.cpcv.pipeline  INFO    [ 53/84]             logistic (seed=1) F1=0.333  AUC=0.478  LL=0.6994 (0.0s)
18:25:41  src.cpcv.pipeline  INFO    [ 54/84]             logistic (seed=2) F1=0.333  AUC=0.478  LL=0.6994 (0.0s)
18:25:41  src.cpcv.preprocessing  INFO  Computing MDA (Random Forest)...
18:26:04  src.cpcv.preprocessing  INFO  Computing MDA (Logistic Regression)...
18:26:05  src.cpcv.preprocessing  INFO  Multi-model MDA: 45/73 passed (MDA > 0), 28 eliminated
18:26:05  src.cpcv.preprocessing  INFO    Capped at 10 features (top_k_frac=0.15)
18:26:05  src.cpcv.preprocessing  INFO    Selected (10): ['copper_ret_14', 'eth_btc_ratio', 'issuance_ntv', 'log_returns_lag6', 'lz_complexity', 'macd_signal', 'mvrv', 'natgas_ret_30', 'sp500_ret_30', 'stoch_k']
18:26:05  src.cpcv.pipeline  INFO    Preprocessing: 10 features selected, train=528 + cal=133, test=288
18:26:05  src.cpcv.tuning  INFO  Tuning (1 model) — Optuna TPE + Purged K-Fold (inner: 3 folds, embargo=10 obs)
18:26:05  src.cpcv.tuning  INFO    [tuning] logistic: 3 purged K-fold splits, 30 Optuna trials (TPE)
18:26:06  src.cpcv.tuning  INFO      logistic: 19 completed, 11 pruned (of 30 total) — best log_loss=0.6835, params={'C': 0.2629210073875689, 'penalty': 'l1'}
18:26:06  src.cpcv.tuning  INFO    [tuning] logistic done in 0.4s — best log_loss=0.6835
18:26:06  src.cpcv.tuning  INFO  Tuning total: 0.4s
18:26:06  src.cpcv.pipeline  INFO      applied logistic: {'C': 0.2629210073875689, 'penalty': 'l1'}
18:26:06  src.cpcv.pipeline  INFO    [ 55/84]             logistic (seed=0) F1=0.390  AUC=0.536  LL=0.6809 (0.0s)
18:26:06  src.cpcv.pipeline  INFO    [ 56/84]             logistic (seed=1) F1=0.390  AUC=0.536  LL=0.6809 (0.0s)
18:26:06  src.cpcv.pipeline  INFO    [ 57/84]             logistic (seed=2) F1=0.390  AUC=0.536  LL=0.6809 (0.0s)
18:26:06  src.cpcv.preprocessing  INFO  Computing MDA (Random Forest)...
18:26:29  src.cpcv.preprocessing  INFO  Computing MDA (Logistic Regression)...
18:26:30  src.cpcv.preprocessing  INFO  Multi-model MDA: 38/73 passed (MDA > 0), 35 eliminated
18:26:30  src.cpcv.preprocessing  INFO    Capped at 10 features (top_k_frac=0.15)
18:26:30  src.cpcv.preprocessing  INFO    Selected (10): ['active_addr_roc_14', 'bb_width', 'jarque_bera', 'log_returns', 'macd_hist', 'silver_ret_30', 'skewness', 'stoch_d', 'us10y', 'vwma_ratio_20_50']
18:26:30  src.cpcv.pipeline  INFO    Preprocessing: 10 features selected, train=518 + cal=130, test=288
18:26:30  src.cpcv.tuning  INFO  Tuning (1 model) — Optuna TPE + Purged K-Fold (inner: 3 folds, embargo=10 obs)
18:26:30  src.cpcv.tuning  INFO    [tuning] logistic: 3 purged K-fold splits, 30 Optuna trials (TPE)
18:26:30  src.cpcv.tuning  INFO      logistic: 19 completed, 11 pruned (of 30 total) — best log_loss=0.6896, params={'C': 0.1676291103001914, 'penalty': 'l1'}
18:26:30  src.cpcv.tuning  INFO    [tuning] logistic done in 0.4s — best log_loss=0.6896
18:26:30  src.cpcv.tuning  INFO  Tuning total: 0.4s
18:26:30  src.cpcv.pipeline  INFO      applied logistic: {'C': 0.1676291103001914, 'penalty': 'l1'}
18:26:30  src.cpcv.pipeline  INFO    [ 58/84]             logistic (seed=0) F1=0.458  AUC=0.493  LL=0.7904 (0.0s)
18:26:30  src.cpcv.pipeline  INFO    [ 59/84]             logistic (seed=1) F1=0.458  AUC=0.493  LL=0.7904 (0.0s)
18:26:30  src.cpcv.pipeline  INFO    [ 60/84]             logistic (seed=2) F1=0.458  AUC=0.493  LL=0.7904 (0.0s)
18:26:30  src.cpcv.preprocessing  INFO  Computing MDA (Random Forest)...
18:26:54  src.cpcv.preprocessing  INFO  Computing MDA (Logistic Regression)...
18:26:55  src.cpcv.preprocessing  INFO  Multi-model MDA: 13/73 passed (MDA > 0), 60 eliminated
18:26:55  src.cpcv.preprocessing  INFO    Capped at 10 features (top_k_frac=0.15)
18:26:55  src.cpcv.preprocessing  INFO    Selected (10): ['bb_width', 'eth_btc_ratio', 'kurtosis', 'log_returns_lag30', 'log_returns_lag4', 'nasdaq_ret_14', 'natgas_ret_14', 'skewness', 'us10y', 'variance_ratio']
18:26:55  src.cpcv.pipeline  INFO    Preprocessing: 10 features selected, train=519 + cal=130, test=288
18:26:55  src.cpcv.tuning  INFO  Tuning (1 model) — Optuna TPE + Purged K-Fold (inner: 3 folds, embargo=10 obs)
18:26:55  src.cpcv.tuning  INFO    [tuning] logistic: 3 purged K-fold splits, 30 Optuna trials (TPE)
18:26:55  src.cpcv.tuning  INFO      logistic: 20 completed, 10 pruned (of 30 total) — best log_loss=0.6884, params={'C': 0.012646849417632259, 'penalty': 'l2'}
18:26:55  src.cpcv.tuning  INFO    [tuning] logistic done in 0.5s — best log_loss=0.6884
18:26:55  src.cpcv.tuning  INFO  Tuning total: 0.5s
18:26:55  src.cpcv.pipeline  INFO      applied logistic: {'C': 0.012646849417632259, 'penalty': 'l2'}
18:26:55  src.cpcv.pipeline  INFO    [ 61/84]             logistic (seed=0) F1=0.409  AUC=0.530  LL=0.6840 (0.0s)
18:26:55  src.cpcv.pipeline  INFO    [ 62/84]             logistic (seed=1) F1=0.409  AUC=0.530  LL=0.6840 (0.0s)
18:26:55  src.cpcv.pipeline  INFO    [ 63/84]             logistic (seed=2) F1=0.409  AUC=0.530  LL=0.6840 (0.0s)
18:26:56  src.cpcv.preprocessing  INFO  Computing MDA (Random Forest)...
18:27:30  src.cpcv.preprocessing  INFO  Computing MDA (Logistic Regression)...
18:27:31  src.cpcv.preprocessing  INFO  Multi-model MDA: 33/73 passed (MDA > 0), 40 eliminated
18:27:31  src.cpcv.preprocessing  INFO    Capped at 10 features (top_k_frac=0.15)
18:27:31  src.cpcv.preprocessing  INFO    Selected (10): ['bb_width', 'ema_ratio_50_200', 'eth_btc_ratio', 'kurtosis', 'log_returns_lag4', 'macd_hist', 'nasdaq_ret_14', 'realized_vol', 'sp500_ret_30', 'us10y']
18:27:31  src.cpcv.pipeline  INFO    Preprocessing: 10 features selected, train=520 + cal=131, test=295
18:27:31  src.cpcv.tuning  INFO  Tuning (1 model) — Optuna TPE + Purged K-Fold (inner: 3 folds, embargo=10 obs)
18:27:31  src.cpcv.tuning  INFO    [tuning] logistic: 3 purged K-fold splits, 30 Optuna trials (TPE)
18:27:31  src.cpcv.tuning  INFO      logistic: 17 completed, 13 pruned (of 30 total) — best log_loss=0.6917, params={'C': 0.054502936945582565, 'penalty': 'l1'}
18:27:31  src.cpcv.tuning  INFO    [tuning] logistic done in 0.4s — best log_loss=0.6917
18:27:31  src.cpcv.tuning  INFO  Tuning total: 0.4s
18:27:31  src.cpcv.pipeline  INFO      applied logistic: {'C': 0.054502936945582565, 'penalty': 'l1'}
18:27:31  src.cpcv.pipeline  INFO    [ 64/84]             logistic (seed=0) F1=0.360  AUC=0.488  LL=0.7721 (0.0s)
18:27:31  src.cpcv.pipeline  INFO    [ 65/84]             logistic (seed=1) F1=0.360  AUC=0.488  LL=0.7721 (0.0s)
18:27:31  src.cpcv.pipeline  INFO    [ 66/84]             logistic (seed=2) F1=0.360  AUC=0.488  LL=0.7721 (0.0s)
18:27:32  src.cpcv.preprocessing  INFO  Computing MDA (Random Forest)...
18:28:03  src.cpcv.preprocessing  INFO  Computing MDA (Logistic Regression)...
18:28:04  src.cpcv.preprocessing  INFO  Multi-model MDA: 31/73 passed (MDA > 0), 42 eliminated
18:28:04  src.cpcv.preprocessing  INFO    Capped at 10 features (top_k_frac=0.15)
18:28:04  src.cpcv.preprocessing  INFO    Selected (10): ['atr', 'bb_width', 'hashrate_roc_30', 'log_returns_lag5', 'roc_14', 'sadf', 'shannon_entropy', 'stoch_d', 'stoch_k', 'vol_term_7_30']
18:28:04  src.cpcv.pipeline  INFO    Preprocessing: 10 features selected, train=528 + cal=133, test=288
18:28:04  src.cpcv.tuning  INFO  Tuning (1 model) — Optuna TPE + Purged K-Fold (inner: 3 folds, embargo=10 obs)
18:28:04  src.cpcv.tuning  INFO    [tuning] logistic: 3 purged K-fold splits, 30 Optuna trials (TPE)
18:28:05  src.cpcv.tuning  INFO      logistic: 25 completed, 5 pruned (of 30 total) — best log_loss=0.6928, params={'C': 0.18678782877813324, 'penalty': 'l1'}
18:28:05  src.cpcv.tuning  INFO    [tuning] logistic done in 0.6s — best log_loss=0.6928
18:28:05  src.cpcv.tuning  INFO  Tuning total: 0.6s
18:28:05  src.cpcv.pipeline  INFO      applied logistic: {'C': 0.18678782877813324, 'penalty': 'l1'}
18:28:05  src.cpcv.pipeline  INFO    [ 67/84]             logistic (seed=0) F1=0.520  AUC=0.531  LL=0.6893 (0.0s)
18:28:05  src.cpcv.pipeline  INFO    [ 68/84]             logistic (seed=1) F1=0.520  AUC=0.531  LL=0.6893 (0.0s)
18:28:05  src.cpcv.pipeline  INFO    [ 69/84]             logistic (seed=2) F1=0.520  AUC=0.531  LL=0.6893 (0.0s)
18:28:05  src.cpcv.preprocessing  INFO  Computing MDA (Random Forest)...
18:28:33  src.cpcv.preprocessing  INFO  Computing MDA (Logistic Regression)...
18:28:34  src.cpcv.preprocessing  INFO  Multi-model MDA: 28/73 passed (MDA > 0), 45 eliminated
18:28:34  src.cpcv.preprocessing  INFO    Capped at 10 features (top_k_frac=0.15)
18:28:34  src.cpcv.preprocessing  INFO    Selected (10): ['bb_width', 'cci_14', 'copper_ret_14', 'dxy_roc_30', 'eth_btc_ratio', 'log_returns_lag30', 'nasdaq_ret_30', 'sadf', 'vol_term_7_30', 'yield_curve_10y30y']
18:28:34  src.cpcv.pipeline  INFO    Preprocessing: 10 features selected, train=519 + cal=130, test=288
18:28:34  src.cpcv.tuning  INFO  Tuning (1 model) — Optuna TPE + Purged K-Fold (inner: 3 folds, embargo=10 obs)
18:28:34  src.cpcv.tuning  INFO    [tuning] logistic: 3 purged K-fold splits, 30 Optuna trials (TPE)
18:28:35  src.cpcv.tuning  INFO      logistic: 19 completed, 11 pruned (of 30 total) — best log_loss=0.6839, params={'C': 0.022411319470642815, 'penalty': 'l2'}
18:28:35  src.cpcv.tuning  INFO    [tuning] logistic done in 0.5s — best log_loss=0.6839
18:28:35  src.cpcv.tuning  INFO  Tuning total: 0.5s
18:28:35  src.cpcv.pipeline  INFO      applied logistic: {'C': 0.022411319470642815, 'penalty': 'l2'}
18:28:35  src.cpcv.pipeline  INFO    [ 70/84]             logistic (seed=0) F1=0.366  AUC=0.534  LL=0.6854 (0.0s)
18:28:35  src.cpcv.pipeline  INFO    [ 71/84]             logistic (seed=1) F1=0.366  AUC=0.534  LL=0.6854 (0.0s)
18:28:35  src.cpcv.pipeline  INFO    [ 72/84]             logistic (seed=2) F1=0.366  AUC=0.534  LL=0.6854 (0.0s)
18:28:35  src.cpcv.preprocessing  INFO  Computing MDA (Random Forest)...
18:29:03  src.cpcv.preprocessing  INFO  Computing MDA (Logistic Regression)...
18:29:04  src.cpcv.preprocessing  INFO  Multi-model MDA: 46/73 passed (MDA > 0), 27 eliminated
18:29:04  src.cpcv.preprocessing  INFO    Capped at 10 features (top_k_frac=0.15)
18:29:04  src.cpcv.preprocessing  INFO    Selected (10): ['bb_width', 'ema_ratio_50_200', 'exchange_supply_pct', 'hurst', 'issuance_ntv', 'log_returns_lag21', 'realized_vol', 'sadf', 'silver_ret_30', 'us2y']
18:29:04  src.cpcv.pipeline  INFO    Preprocessing: 10 features selected, train=520 + cal=131, test=295
18:29:04  src.cpcv.tuning  INFO  Tuning (1 model) — Optuna TPE + Purged K-Fold (inner: 3 folds, embargo=10 obs)
18:29:04  src.cpcv.tuning  INFO    [tuning] logistic: 3 purged K-fold splits, 30 Optuna trials (TPE)
18:29:05  src.cpcv.tuning  INFO      logistic: 22 completed, 8 pruned (of 30 total) — best log_loss=0.6908, params={'C': 0.09580319182301528, 'penalty': 'l1'}
18:29:05  src.cpcv.tuning  INFO    [tuning] logistic done in 0.5s — best log_loss=0.6908
18:29:05  src.cpcv.tuning  INFO  Tuning total: 0.5s
18:29:05  src.cpcv.pipeline  INFO      applied logistic: {'C': 0.09580319182301528, 'penalty': 'l1'}
18:29:05  src.cpcv.pipeline  INFO    [ 73/84]             logistic (seed=0) F1=0.383  AUC=0.548  LL=0.6788 (0.0s)
18:29:05  src.cpcv.pipeline  INFO    [ 74/84]             logistic (seed=1) F1=0.383  AUC=0.548  LL=0.6788 (0.0s)
18:29:05  src.cpcv.pipeline  INFO    [ 75/84]             logistic (seed=2) F1=0.383  AUC=0.548  LL=0.6788 (0.0s)
18:29:05  src.cpcv.preprocessing  INFO  Computing MDA (Random Forest)...
18:29:33  src.cpcv.preprocessing  INFO  Computing MDA (Logistic Regression)...
18:29:34  src.cpcv.preprocessing  INFO  Multi-model MDA: 12/73 passed (MDA > 0), 61 eliminated
18:29:34  src.cpcv.preprocessing  INFO    Capped at 10 features (top_k_frac=0.15)
18:29:34  src.cpcv.preprocessing  INFO    Selected (10): ['active_addr_roc_14', 'eth_btc_ratio', 'kurtosis', 'log_returns_lag21', 'log_returns_lag30', 'natgas_ret_30', 'roc_14', 'silver_ret_14', 'us2y', 'vwma_ratio_20_50']
18:29:34  src.cpcv.pipeline  INFO    Preprocessing: 10 features selected, train=527 + cal=132, test=288
18:29:34  src.cpcv.tuning  INFO  Tuning (1 model) — Optuna TPE + Purged K-Fold (inner: 3 folds, embargo=10 obs)
18:29:34  src.cpcv.tuning  INFO    [tuning] logistic: 3 purged K-fold splits, 30 Optuna trials (TPE)
18:29:35  src.cpcv.tuning  INFO      logistic: 24 completed, 6 pruned (of 30 total) — best log_loss=0.6931, params={'C': 0.021020529214404646, 'penalty': 'l1'}
18:29:35  src.cpcv.tuning  INFO    [tuning] logistic done in 0.5s — best log_loss=0.6931
18:29:35  src.cpcv.tuning  INFO  Tuning total: 0.5s
18:29:35  src.cpcv.pipeline  INFO      applied logistic: {'C': 0.021020529214404646, 'penalty': 'l1'}
18:29:35  src.cpcv.pipeline  INFO    [ 76/84]             logistic (seed=0) F1=0.347  AUC=0.520  LL=0.6913 (0.0s)
18:29:35  src.cpcv.pipeline  INFO    [ 77/84]             logistic (seed=1) F1=0.347  AUC=0.520  LL=0.6913 (0.0s)
18:29:35  src.cpcv.pipeline  INFO    [ 78/84]             logistic (seed=2) F1=0.347  AUC=0.520  LL=0.6913 (0.0s)
18:29:35  src.cpcv.preprocessing  INFO  Computing MDA (Random Forest)...
18:30:05  src.cpcv.preprocessing  INFO  Computing MDA (Logistic Regression)...
18:30:06  src.cpcv.preprocessing  INFO  Multi-model MDA: 44/73 passed (MDA > 0), 29 eliminated
18:30:06  src.cpcv.preprocessing  INFO    Capped at 10 features (top_k_frac=0.15)
18:30:06  src.cpcv.preprocessing  INFO    Selected (10): ['bb_width', 'exchange_supply_pct', 'gold_ret_30', 'kurtosis', 'log_returns_lag1', 'natgas_ret_14', 'natgas_ret_30', 'smt_poly1', 'us10y', 'yield_curve_10y30y']
18:30:06  src.cpcv.pipeline  INFO    Preprocessing: 10 features selected, train=519 + cal=130, test=295
18:30:06  src.cpcv.tuning  INFO  Tuning (1 model) — Optuna TPE + Purged K-Fold (inner: 3 folds, embargo=10 obs)
18:30:06  src.cpcv.tuning  INFO    [tuning] logistic: 3 purged K-fold splits, 30 Optuna trials (TPE)
18:30:07  src.cpcv.tuning  INFO      logistic: 27 completed, 3 pruned (of 30 total) — best log_loss=0.6931, params={'C': 0.12173252504194051, 'penalty': 'l1'}
18:30:07  src.cpcv.tuning  INFO    [tuning] logistic done in 0.6s — best log_loss=0.6931
18:30:07  src.cpcv.tuning  INFO  Tuning total: 0.6s
18:30:07  src.cpcv.pipeline  INFO      applied logistic: {'C': 0.12173252504194051, 'penalty': 'l1'}
18:30:07  src.cpcv.pipeline  INFO    [ 79/84]             logistic (seed=0) F1=0.519  AUC=0.494  LL=0.6936 (0.0s)
18:30:07  src.cpcv.pipeline  INFO    [ 80/84]             logistic (seed=1) F1=0.519  AUC=0.494  LL=0.6936 (0.0s)
18:30:07  src.cpcv.pipeline  INFO    [ 81/84]             logistic (seed=2) F1=0.519  AUC=0.494  LL=0.6936 (0.0s)
18:30:07  src.cpcv.preprocessing  INFO  Computing MDA (Random Forest)...
18:30:35  src.cpcv.preprocessing  INFO  Computing MDA (Logistic Regression)...
18:30:36  src.cpcv.preprocessing  INFO  Multi-model MDA: 32/73 passed (MDA > 0), 41 eliminated
18:30:36  src.cpcv.preprocessing  INFO    Capped at 10 features (top_k_frac=0.15)
18:30:36  src.cpcv.preprocessing  INFO    Selected (10): ['ema_ratio_50_200', 'eth_btc_ratio', 'exchange_supply_pct', 'gold_ret_14', 'log_returns_lag21', 'mfi_14', 'roc_14', 'us10y', 'us2y', 'vol_term_7_30']
18:30:36  src.cpcv.pipeline  INFO    Preprocessing: 10 features selected, train=531 + cal=133, test=295
18:30:36  src.cpcv.tuning  INFO  Tuning (1 model) — Optuna TPE + Purged K-Fold (inner: 3 folds, embargo=10 obs)
18:30:36  src.cpcv.tuning  INFO    [tuning] logistic: 3 purged K-fold splits, 30 Optuna trials (TPE)
18:30:37  src.cpcv.tuning  INFO      logistic: 25 completed, 5 pruned (of 30 total) — best log_loss=0.6879, params={'C': 0.013146542829892091, 'penalty': 'l2'}
18:30:37  src.cpcv.tuning  INFO    [tuning] logistic done in 0.6s — best log_loss=0.6879
18:30:37  src.cpcv.tuning  INFO  Tuning total: 0.6s
18:30:37  src.cpcv.pipeline  INFO      applied logistic: {'C': 0.013146542829892091, 'penalty': 'l2'}
18:30:37  src.cpcv.pipeline  INFO    [ 82/84]             logistic (seed=0) F1=0.350  AUC=0.447  LL=0.8620 (0.0s)
18:30:37  src.cpcv.pipeline  INFO    [ 83/84]             logistic (seed=1) F1=0.350  AUC=0.447  LL=0.8620 (0.0s)
18:30:37  src.cpcv.pipeline  INFO    [ 84/84]             logistic (seed=2) F1=0.350  AUC=0.447  LL=0.8620 (0.0s)
18:30:37  src.cpcv.pipeline  INFO  ============================================================
18:30:37  src.cpcv.pipeline  INFO  CPCV Pipeline Complete
18:30:37  src.cpcv.pipeline  INFO  ============================================================
18:30:37  src.cpcv.pipeline  INFO    Total time:     847.7s (14.1m)
18:30:37  src.cpcv.pipeline  INFO    Tasks:          84 succeeded, 0 failed
18:30:37  src.cpcv.pipeline  INFO    Results keys:   84 (model, split, seed) entries
18:30:37  src.cpcv.pipeline  INFO    Backtest paths: 7
18:30:37  src.cpcv.pipeline  INFO    Tuning:         nested (per-split), 28 splits tuned, models=['logistic']
18:30:37  src.cpcv.pipeline  INFO  ============================================================
18:30:38  src.cpcv.pipeline  INFO  ============================================================
18:30:38  src.cpcv.pipeline  INFO  CPCV Pipeline
18:30:38  src.cpcv.pipeline  INFO  ============================================================
18:30:38  src.cpcv.pipeline  INFO    Models:         ['random_forest', 'xgboost']
18:30:38  src.cpcv.pipeline  INFO    Seeds/fold:     3
18:30:38  src.cpcv.pipeline  INFO    Groups (N):     8
18:30:38  src.cpcv.pipeline  INFO    Test groups (k):2
18:30:38  src.cpcv.pipeline  INFO    Embargo:        1.0%
18:30:38  src.cpcv.pipeline  INFO    FFD columns:    ['atr']
18:30:38  src.cpcv.pipeline  INFO    Samples:        1159
18:30:38  src.cpcv.pipeline  INFO    Features:       73
18:30:38  src.cpcv.pipeline  INFO    Splits:         28, Paths: 7
18:30:38  src.cpcv.pipeline  INFO    Tuning:         NESTED (per-split) — ['random_forest', 'xgboost'] [30 trials]
18:30:38  src.cpcv.pipeline  INFO  ============================================================
18:30:38  src.cpcv.preprocessing  INFO  Computing MDA (Random Forest)...
18:31:11  src.cpcv.preprocessing  INFO  Computing MDA (Logistic Regression)...
18:31:12  src.cpcv.preprocessing  INFO  Multi-model MDA: 59/73 passed (MDA > 0), 14 eliminated
18:31:12  src.cpcv.preprocessing  INFO    Capped at 10 features (top_k_frac=0.15)
18:31:12  src.cpcv.preprocessing  INFO    Selected (10): ['eth_btc_ratio', 'exchange_supply_pct', 'gk_vol', 'gold_ret_30', 'jarque_bera', 'log_returns_lag1', 'nasdaq_ret_14', 'natgas_ret_30', 'skewness', 'sp500_ret_14']
18:31:12  src.cpcv.pipeline  INFO    Preprocessing: 10 features selected, train=688 + cal=172, test=89
18:31:12  src.cpcv.tuning  INFO  Tuning (2 models) — Optuna TPE + Purged K-Fold (inner: 3 folds, embargo=10 obs)
18:31:12  src.cpcv.tuning  INFO    [tuning] random_forest: 3 purged K-fold splits, 30 Optuna trials (TPE)
18:32:08  src.cpcv.tuning  INFO      random_forest: 30 completed, 0 pruned (of 30 total) — best log_loss=0.6879, params={'n_estimators': 200, 'max_depth': 2, 'min_samples_leaf': 16, 'max_features': 'log2'}
18:32:08  src.cpcv.tuning  INFO    [tuning] random_forest done in 55.7s — best log_loss=0.6879
18:32:08  src.cpcv.tuning  INFO    [tuning] xgboost: 3 purged K-fold splits, 30 Optuna trials (TPE)
18:32:13  src.cpcv.tuning  INFO      xgboost: 29 completed, 1 pruned (of 30 total) — best log_loss=0.6843, params={'max_depth': 3, 'learning_rate': 0.11438892897450689, 'min_child_weight': 10, 'subsample': 0.7784580597232836, 'colsample_bytree': 0.832428431891159, 'gamma': 7.4180606548256834e-06, 'reg_alpha': 0.00021730362290175328, 'reg_lambda': 0.005243899131023493}
18:32:13  src.cpcv.tuning  INFO    [tuning] xgboost done in 5.3s — best log_loss=0.6843
18:32:13  src.cpcv.tuning  INFO  Tuning total: 61.0s
18:32:13  src.cpcv.pipeline  INFO      applied random_forest: {'n_estimators': 200, 'max_depth': 2, 'min_samples_leaf': 16, 'max_features': 'log2'}
18:32:13  src.cpcv.pipeline  INFO      applied xgboost: {'max_depth': 3, 'learning_rate': 0.11438892897450689, 'min_child_weight': 10, 'subsample': 0.7784580597232836, 'colsample_bytree': 0.832428431891159, 'gamma': 7.4180606548256834e-06, 'reg_alpha': 0.00021730362290175328, 'reg_lambda': 0.005243899131023493}
18:32:14  src.cpcv.models.tree_models  INFO  RandomForest fitted: 688 samples, 10 features, 200 trees.
18:32:14  src.cpcv.pipeline  INFO    [  1/168]        random_forest (seed=0) F1=0.547  AUC=0.476  LL=0.6988 (0.7s)
18:32:14  src.cpcv.models.tree_models  INFO  RandomForest fitted: 688 samples, 10 features, 200 trees.
18:32:14  src.cpcv.pipeline  INFO    [  2/168]        random_forest (seed=1) F1=0.557  AUC=0.484  LL=0.6904 (0.8s)
18:32:15  src.cpcv.models.tree_models  INFO  RandomForest fitted: 688 samples, 10 features, 200 trees.
18:32:15  src.cpcv.pipeline  INFO    [  3/168]        random_forest (seed=2) F1=0.548  AUC=0.511  LL=0.6879 (0.6s)
18:32:15  src.cpcv.models.tree_models  INFO  XGBoost fitted: 688 samples, early stopped at iteration 4/300.
18:32:15  src.cpcv.pipeline  INFO    [  4/168]              xgboost (seed=0) F1=0.552  AUC=0.521  LL=0.6493 (0.1s)
18:32:15  src.cpcv.models.tree_models  INFO  XGBoost fitted: 688 samples, early stopped at iteration 3/300.
18:32:15  src.cpcv.pipeline  INFO    [  5/168]              xgboost (seed=1) F1=0.548  AUC=0.547  LL=0.6583 (0.1s)
18:32:15  src.cpcv.models.tree_models  INFO  XGBoost fitted: 688 samples, early stopped at iteration 12/300.
18:32:15  src.cpcv.pipeline  INFO    [  6/168]              xgboost (seed=2) F1=0.548  AUC=0.488  LL=0.6670 (0.1s)
18:32:16  src.cpcv.preprocessing  INFO  Computing MDA (Random Forest)...
18:32:49  src.cpcv.preprocessing  INFO  Computing MDA (Logistic Regression)...
18:32:50  src.cpcv.preprocessing  INFO  Multi-model MDA: 47/73 passed (MDA > 0), 26 eliminated
18:32:50  src.cpcv.preprocessing  INFO    Capped at 10 features (top_k_frac=0.15)
18:32:50  src.cpcv.preprocessing  INFO    Selected (10): ['dxy_roc_30', 'ema_ratio_50_200', 'fee_per_tx', 'gold_ret_30', 'log_returns', 'macd_hist', 'natgas_ret_14', 'roc_14', 'shannon_entropy', 'silver_ret_30']
18:32:50  src.cpcv.pipeline  INFO    Preprocessing: 10 features selected, train=643 + cal=161, test=144
18:32:50  src.cpcv.tuning  INFO  Tuning (2 models) — Optuna TPE + Purged K-Fold (inner: 3 folds, embargo=10 obs)
18:32:50  src.cpcv.tuning  INFO    [tuning] random_forest: 3 purged K-fold splits, 30 Optuna trials (TPE)
18:33:36  src.cpcv.tuning  INFO      random_forest: 13 completed, 17 pruned (of 30 total) — best log_loss=0.6975, params={'n_estimators': 150, 'max_depth': 2, 'min_samples_leaf': 17, 'max_features': 'log2'}
18:33:36  src.cpcv.tuning  INFO    [tuning] random_forest done in 45.2s — best log_loss=0.6975
18:33:36  src.cpcv.tuning  INFO    [tuning] xgboost: 3 purged K-fold splits, 30 Optuna trials (TPE)
18:33:40  src.cpcv.tuning  INFO      xgboost: 21 completed, 9 pruned (of 30 total) — best log_loss=0.6896, params={'max_depth': 3, 'learning_rate': 0.283920226353863, 'min_child_weight': 28, 'subsample': 0.8531466599959888, 'colsample_bytree': 0.6275871825442243, 'gamma': 0.01345282218905737, 'reg_alpha': 4.955687698190943e-07, 'reg_lambda': 1.3998690692050114e-07}
18:33:40  src.cpcv.tuning  INFO    [tuning] xgboost done in 4.2s — best log_loss=0.6896
18:33:40  src.cpcv.tuning  INFO  Tuning total: 49.4s
18:33:40  src.cpcv.pipeline  INFO      applied random_forest: {'n_estimators': 150, 'max_depth': 2, 'min_samples_leaf': 17, 'max_features': 'log2'}
18:33:40  src.cpcv.pipeline  INFO      applied xgboost: {'max_depth': 3, 'learning_rate': 0.283920226353863, 'min_child_weight': 28, 'subsample': 0.8531466599959888, 'colsample_bytree': 0.6275871825442243, 'gamma': 0.01345282218905737, 'reg_alpha': 4.955687698190943e-07, 'reg_lambda': 1.3998690692050114e-07}
18:33:40  src.cpcv.models.tree_models  INFO  RandomForest fitted: 643 samples, 10 features, 150 trees.
18:33:40  src.cpcv.pipeline  INFO    [  7/168]        random_forest (seed=0) F1=0.352  AUC=0.535  LL=0.7768 (0.6s)
18:33:41  src.cpcv.models.tree_models  INFO  RandomForest fitted: 643 samples, 10 features, 150 trees.
18:33:41  src.cpcv.pipeline  INFO    [  8/168]        random_forest (seed=1) F1=0.339  AUC=0.561  LL=0.7654 (0.5s)
18:33:41  src.cpcv.models.tree_models  INFO  RandomForest fitted: 643 samples, 10 features, 150 trees.
18:33:41  src.cpcv.pipeline  INFO    [  9/168]        random_forest (seed=2) F1=0.339  AUC=0.549  LL=0.8077 (0.5s)
18:33:41  src.cpcv.models.tree_models  INFO  XGBoost fitted: 643 samples, early stopped at iteration 6/300.
18:33:41  src.cpcv.pipeline  INFO    [ 10/168]              xgboost (seed=0) F1=0.349  AUC=0.526  LL=0.7657 (0.1s)
18:33:42  src.cpcv.models.tree_models  INFO  XGBoost fitted: 643 samples, early stopped at iteration 1/300.
18:33:42  src.cpcv.pipeline  INFO    [ 11/168]              xgboost (seed=1) F1=0.337  AUC=0.513  LL=0.7758 (0.1s)
18:33:42  src.cpcv.models.tree_models  INFO  XGBoost fitted: 643 samples, early stopped at iteration 3/300.
18:33:42  src.cpcv.pipeline  INFO    [ 12/168]              xgboost (seed=2) F1=0.427  AUC=0.520  LL=0.7549 (0.1s)
18:33:42  src.cpcv.preprocessing  INFO  Computing MDA (Random Forest)...
18:34:15  src.cpcv.preprocessing  INFO  Computing MDA (Logistic Regression)...
18:34:17  src.cpcv.preprocessing  INFO  Multi-model MDA: 26/73 passed (MDA > 0), 47 eliminated
18:34:17  src.cpcv.preprocessing  INFO    Capped at 10 features (top_k_frac=0.15)
18:34:17  src.cpcv.preprocessing  INFO    Selected (10): ['eth_btc_ratio', 'exchange_supply_pct', 'gold_ret_14', 'gold_ret_30', 'log_returns_lag1', 'log_returns_lag21', 'log_returns_lag7', 'skewness', 'sp500_ret_30', 'stoch_d']
18:34:17  src.cpcv.pipeline  INFO    Preprocessing: 10 features selected, train=644 + cal=161, test=144
18:34:17  src.cpcv.tuning  INFO  Tuning (2 models) — Optuna TPE + Purged K-Fold (inner: 3 folds, embargo=10 obs)
18:34:17  src.cpcv.tuning  INFO    [tuning] random_forest: 3 purged K-fold splits, 30 Optuna trials (TPE)
18:35:06  src.cpcv.tuning  INFO      random_forest: 17 completed, 13 pruned (of 30 total) — best log_loss=0.6840, params={'n_estimators': 200, 'max_depth': 3, 'min_samples_leaf': 15, 'max_features': 'log2'}
18:35:06  src.cpcv.tuning  INFO    [tuning] random_forest done in 49.3s — best log_loss=0.6840
18:35:06  src.cpcv.tuning  INFO    [tuning] xgboost: 3 purged K-fold splits, 30 Optuna trials (TPE)
18:35:11  src.cpcv.tuning  INFO      xgboost: 16 completed, 14 pruned (of 30 total) — best log_loss=0.6791, params={'max_depth': 2, 'learning_rate': 0.09004313577829978, 'min_child_weight': 5, 'subsample': 0.8210504795595186, 'colsample_bytree': 0.8866699613538379, 'gamma': 1.1522625809547112e-08, 'reg_alpha': 1.98534048645886e-07, 'reg_lambda': 2.3615277240158196e-06}
18:35:11  src.cpcv.tuning  INFO    [tuning] xgboost done in 5.3s — best log_loss=0.6791
18:35:11  src.cpcv.tuning  INFO  Tuning total: 54.6s
18:35:11  src.cpcv.pipeline  INFO      applied random_forest: {'n_estimators': 200, 'max_depth': 3, 'min_samples_leaf': 15, 'max_features': 'log2'}
18:35:11  src.cpcv.pipeline  INFO      applied xgboost: {'max_depth': 2, 'learning_rate': 0.09004313577829978, 'min_child_weight': 5, 'subsample': 0.8210504795595186, 'colsample_bytree': 0.8866699613538379, 'gamma': 1.1522625809547112e-08, 'reg_alpha': 1.98534048645886e-07, 'reg_lambda': 2.3615277240158196e-06}
18:35:12  src.cpcv.models.tree_models  INFO  RandomForest fitted: 644 samples, 10 features, 200 trees.
18:35:12  src.cpcv.pipeline  INFO    [ 13/168]        random_forest (seed=0) F1=0.529  AUC=0.558  LL=0.6931 (0.7s)
18:35:13  src.cpcv.models.tree_models  INFO  RandomForest fitted: 644 samples, 10 features, 200 trees.
18:35:13  src.cpcv.pipeline  INFO    [ 14/168]        random_forest (seed=1) F1=0.540  AUC=0.554  LL=0.6971 (0.7s)
18:35:13  src.cpcv.models.tree_models  INFO  RandomForest fitted: 644 samples, 10 features, 200 trees.
18:35:13  src.cpcv.pipeline  INFO    [ 15/168]        random_forest (seed=2) F1=0.539  AUC=0.556  LL=0.7008 (0.6s)
18:35:13  src.cpcv.models.tree_models  INFO  XGBoost fitted: 644 samples, early stopped at iteration 99/300.
18:35:13  src.cpcv.pipeline  INFO    [ 16/168]              xgboost (seed=0) F1=0.494  AUC=0.524  LL=0.7199 (0.1s)
18:35:13  src.cpcv.models.tree_models  INFO  XGBoost fitted: 644 samples, early stopped at iteration 43/300.
18:35:13  src.cpcv.pipeline  INFO    [ 17/168]              xgboost (seed=1) F1=0.500  AUC=0.501  LL=0.7122 (0.1s)
18:35:14  src.cpcv.models.tree_models  INFO  XGBoost fitted: 644 samples, early stopped at iteration 64/300.
18:35:14  src.cpcv.pipeline  INFO    [ 18/168]              xgboost (seed=2) F1=0.514  AUC=0.562  LL=0.7106 (0.1s)
18:35:14  src.cpcv.preprocessing  INFO  Computing MDA (Random Forest)...
18:35:47  src.cpcv.preprocessing  INFO  Computing MDA (Logistic Regression)...
18:35:48  src.cpcv.preprocessing  INFO  Multi-model MDA: 18/73 passed (MDA > 0), 55 eliminated
18:35:48  src.cpcv.preprocessing  INFO    Capped at 10 features (top_k_frac=0.15)
18:35:48  src.cpcv.preprocessing  INFO    Selected (10): ['bb_width', 'eth_btc_ratio', 'jarque_bera', 'log_returns_lag21', 'macd_hist', 'mfi_14', 'sadf', 'shannon_entropy', 'skewness', 'vix']
18:35:48  src.cpcv.pipeline  INFO    Preprocessing: 10 features selected, train=644 + cal=161, test=144
18:35:48  src.cpcv.tuning  INFO  Tuning (2 models) — Optuna TPE + Purged K-Fold (inner: 3 folds, embargo=10 obs)
18:35:48  src.cpcv.tuning  INFO    [tuning] random_forest: 3 purged K-fold splits, 30 Optuna trials (TPE)
18:36:36  src.cpcv.tuning  INFO      random_forest: 16 completed, 14 pruned (of 30 total) — best log_loss=0.6864, params={'n_estimators': 200, 'max_depth': 2, 'min_samples_leaf': 21, 'max_features': 'log2'}
18:36:36  src.cpcv.tuning  INFO    [tuning] random_forest done in 47.8s — best log_loss=0.6864
18:36:36  src.cpcv.tuning  INFO    [tuning] xgboost: 3 purged K-fold splits, 30 Optuna trials (TPE)
18:36:41  src.cpcv.tuning  INFO      xgboost: 15 completed, 15 pruned (of 30 total) — best log_loss=0.6807, params={'max_depth': 3, 'learning_rate': 0.10019401301007957, 'min_child_weight': 10, 'subsample': 0.7946204061925124, 'colsample_bytree': 0.8919339318126805, 'gamma': 2.6765194709714365e-06, 'reg_alpha': 0.0001319968782396929, 'reg_lambda': 1.1265804795613561e-08}
18:36:41  src.cpcv.tuning  INFO    [tuning] xgboost done in 5.0s — best log_loss=0.6807
18:36:41  src.cpcv.tuning  INFO  Tuning total: 52.9s
18:36:41  src.cpcv.pipeline  INFO      applied random_forest: {'n_estimators': 200, 'max_depth': 2, 'min_samples_leaf': 21, 'max_features': 'log2'}
18:36:41  src.cpcv.pipeline  INFO      applied xgboost: {'max_depth': 3, 'learning_rate': 0.10019401301007957, 'min_child_weight': 10, 'subsample': 0.7946204061925124, 'colsample_bytree': 0.8919339318126805, 'gamma': 2.6765194709714365e-06, 'reg_alpha': 0.0001319968782396929, 'reg_lambda': 1.1265804795613561e-08}
18:36:42  src.cpcv.models.tree_models  INFO  RandomForest fitted: 644 samples, 10 features, 200 trees.
18:36:42  src.cpcv.pipeline  INFO    [ 19/168]        random_forest (seed=0) F1=0.468  AUC=0.595  LL=0.6656 (0.8s)
18:36:43  src.cpcv.models.tree_models  INFO  RandomForest fitted: 644 samples, 10 features, 200 trees.
18:36:43  src.cpcv.pipeline  INFO    [ 20/168]        random_forest (seed=1) F1=0.454  AUC=0.595  LL=0.6680 (0.8s)
18:36:44  src.cpcv.models.tree_models  INFO  RandomForest fitted: 644 samples, 10 features, 200 trees.
18:36:44  src.cpcv.pipeline  INFO    [ 21/168]        random_forest (seed=2) F1=0.476  AUC=0.583  LL=0.6652 (0.8s)
18:36:44  src.cpcv.models.tree_models  INFO  XGBoost fitted: 644 samples, early stopped at iteration 10/300.
18:36:44  src.cpcv.pipeline  INFO    [ 22/168]              xgboost (seed=0) F1=0.442  AUC=0.586  LL=0.6696 (0.1s)
18:36:44  src.cpcv.models.tree_models  INFO  XGBoost fitted: 644 samples, early stopped at iteration 1/300.
18:36:44  src.cpcv.pipeline  INFO    [ 23/168]              xgboost (seed=1) F1=0.491  AUC=0.576  LL=0.6713 (0.1s)
18:36:44  src.cpcv.models.tree_models  INFO  XGBoost fitted: 644 samples, early stopped at iteration 8/300.
18:36:44  src.cpcv.pipeline  INFO    [ 24/168]              xgboost (seed=2) F1=0.434  AUC=0.613  LL=0.6583 (0.1s)
18:36:44  src.cpcv.preprocessing  INFO  Computing MDA (Random Forest)...
18:37:17  src.cpcv.preprocessing  INFO  Computing MDA (Logistic Regression)...
18:37:18  src.cpcv.preprocessing  INFO  Multi-model MDA: 11/73 passed (MDA > 0), 62 eliminated
18:37:18  src.cpcv.preprocessing  INFO    Capped at 10 features (top_k_frac=0.15)
18:37:18  src.cpcv.preprocessing  INFO    Selected (10): ['copper_ret_30', 'eth_btc_ratio', 'exchange_supply_pct', 'mvrv', 'nasdaq_ret_14', 'rsi', 'silver_ret_14', 'skewness', 'vix', 'williams_r']
18:37:18  src.cpcv.pipeline  INFO    Preprocessing: 10 features selected, train=642 + cal=161, test=144
18:37:18  src.cpcv.tuning  INFO  Tuning (2 models) — Optuna TPE + Purged K-Fold (inner: 3 folds, embargo=10 obs)
18:37:18  src.cpcv.tuning  INFO    [tuning] random_forest: 3 purged K-fold splits, 30 Optuna trials (TPE)
18:38:07  src.cpcv.tuning  INFO      random_forest: 13 completed, 17 pruned (of 30 total) — best log_loss=0.6908, params={'n_estimators': 250, 'max_depth': 2, 'min_samples_leaf': 23, 'max_features': 'log2'}
18:38:07  src.cpcv.tuning  INFO    [tuning] random_forest done in 48.5s — best log_loss=0.6908
18:38:07  src.cpcv.tuning  INFO    [tuning] xgboost: 3 purged K-fold splits, 30 Optuna trials (TPE)
18:38:11  src.cpcv.tuning  INFO      xgboost: 12 completed, 18 pruned (of 30 total) — best log_loss=0.6819, params={'max_depth': 1, 'learning_rate': 0.06333268775321843, 'min_child_weight': 8, 'subsample': 0.9208787923016158, 'colsample_bytree': 0.6298202574719083, 'gamma': 0.7854083114461319, 'reg_alpha': 0.08916674715636537, 'reg_lambda': 6.143857495033091e-07}
18:38:11  src.cpcv.tuning  INFO    [tuning] xgboost done in 4.2s — best log_loss=0.6819
18:38:11  src.cpcv.tuning  INFO  Tuning total: 52.8s
18:38:11  src.cpcv.pipeline  INFO      applied random_forest: {'n_estimators': 250, 'max_depth': 2, 'min_samples_leaf': 23, 'max_features': 'log2'}
18:38:11  src.cpcv.pipeline  INFO      applied xgboost: {'max_depth': 1, 'learning_rate': 0.06333268775321843, 'min_child_weight': 8, 'subsample': 0.9208787923016158, 'colsample_bytree': 0.6298202574719083, 'gamma': 0.7854083114461319, 'reg_alpha': 0.08916674715636537, 'reg_lambda': 6.143857495033091e-07}
18:38:12  src.cpcv.models.tree_models  INFO  RandomForest fitted: 642 samples, 10 features, 250 trees.
18:38:12  src.cpcv.pipeline  INFO    [ 25/168]        random_forest (seed=0) F1=0.549  AUC=0.571  LL=0.6864 (0.9s)
18:38:13  src.cpcv.models.tree_models  INFO  RandomForest fitted: 642 samples, 10 features, 250 trees.
18:38:13  src.cpcv.pipeline  INFO    [ 26/168]        random_forest (seed=1) F1=0.541  AUC=0.593  LL=0.6835 (0.9s)
18:38:14  src.cpcv.models.tree_models  INFO  RandomForest fitted: 642 samples, 10 features, 250 trees.
18:38:14  src.cpcv.pipeline  INFO    [ 27/168]        random_forest (seed=2) F1=0.543  AUC=0.565  LL=0.6928 (0.8s)
18:38:14  src.cpcv.models.tree_models  INFO  XGBoost fitted: 642 samples, early stopped at iteration 36/300.
18:38:14  src.cpcv.pipeline  INFO    [ 28/168]              xgboost (seed=0) F1=0.536  AUC=0.581  LL=0.6892 (0.1s)
18:38:14  src.cpcv.models.tree_models  INFO  XGBoost fitted: 642 samples, early stopped at iteration 26/300.
18:38:14  src.cpcv.pipeline  INFO    [ 29/168]              xgboost (seed=1) F1=0.536  AUC=0.593  LL=0.6800 (0.1s)
18:38:14  src.cpcv.models.tree_models  INFO  XGBoost fitted: 642 samples, early stopped at iteration 13/300.
18:38:14  src.cpcv.pipeline  INFO    [ 30/168]              xgboost (seed=2) F1=0.547  AUC=0.591  LL=0.6923 (0.1s)
18:38:14  src.cpcv.preprocessing  INFO  Computing MDA (Random Forest)...
18:38:48  src.cpcv.preprocessing  INFO  Computing MDA (Logistic Regression)...
18:38:49  src.cpcv.preprocessing  INFO  Multi-model MDA: 6/73 passed (MDA > 0), 67 eliminated
18:38:49  src.cpcv.preprocessing  INFO    Selected (6): ['ema_ratio_50_200', 'eth_btc_ratio', 'jarque_bera', 'kurtosis', 'skewness', 'sp500_ret_14']
18:38:49  src.cpcv.pipeline  INFO    Preprocessing: 6 features selected, train=643 + cal=161, test=144
18:38:49  src.cpcv.tuning  INFO  Tuning (2 models) — Optuna TPE + Purged K-Fold (inner: 3 folds, embargo=10 obs)
18:38:49  src.cpcv.tuning  INFO    [tuning] random_forest: 3 purged K-fold splits, 30 Optuna trials (TPE)
18:39:31  src.cpcv.tuning  INFO      random_forest: 16 completed, 14 pruned (of 30 total) — best log_loss=0.6836, params={'n_estimators': 150, 'max_depth': 2, 'min_samples_leaf': 38, 'max_features': 'log2'}
18:39:31  src.cpcv.tuning  INFO    [tuning] random_forest done in 41.8s — best log_loss=0.6836
18:39:31  src.cpcv.tuning  INFO    [tuning] xgboost: 3 purged K-fold splits, 30 Optuna trials (TPE)
18:39:36  src.cpcv.tuning  INFO      xgboost: 18 completed, 12 pruned (of 30 total) — best log_loss=0.6817, params={'max_depth': 1, 'learning_rate': 0.02483770709370649, 'min_child_weight': 11, 'subsample': 0.6995779135100955, 'colsample_bytree': 0.7485262047956132, 'gamma': 5.813289782270685e-06, 'reg_alpha': 0.15947557661771347, 'reg_lambda': 2.3296349936906354e-06}
18:39:36  src.cpcv.tuning  INFO    [tuning] xgboost done in 5.5s — best log_loss=0.6817
18:39:36  src.cpcv.tuning  INFO  Tuning total: 47.3s
18:39:36  src.cpcv.pipeline  INFO      applied random_forest: {'n_estimators': 150, 'max_depth': 2, 'min_samples_leaf': 38, 'max_features': 'log2'}
18:39:36  src.cpcv.pipeline  INFO      applied xgboost: {'max_depth': 1, 'learning_rate': 0.02483770709370649, 'min_child_weight': 11, 'subsample': 0.6995779135100955, 'colsample_bytree': 0.7485262047956132, 'gamma': 5.813289782270685e-06, 'reg_alpha': 0.15947557661771347, 'reg_lambda': 2.3296349936906354e-06}
18:39:37  src.cpcv.models.tree_models  INFO  RandomForest fitted: 643 samples, 6 features, 150 trees.
18:39:37  src.cpcv.pipeline  INFO    [ 31/168]        random_forest (seed=0) F1=0.440  AUC=0.449  LL=0.7232 (0.6s)
18:39:37  src.cpcv.models.tree_models  INFO  RandomForest fitted: 643 samples, 6 features, 150 trees.
18:39:37  src.cpcv.pipeline  INFO    [ 32/168]        random_forest (seed=1) F1=0.439  AUC=0.452  LL=0.7147 (0.5s)
18:39:38  src.cpcv.models.tree_models  INFO  RandomForest fitted: 643 samples, 6 features, 150 trees.
18:39:38  src.cpcv.pipeline  INFO    [ 33/168]        random_forest (seed=2) F1=0.437  AUC=0.459  LL=0.7087 (0.5s)
18:39:38  src.cpcv.models.tree_models  INFO  XGBoost fitted: 643 samples, early stopped at iteration 33/300.
18:39:38  src.cpcv.pipeline  INFO    [ 34/168]              xgboost (seed=0) F1=0.528  AUC=0.485  LL=0.7092 (0.1s)
18:39:38  src.cpcv.models.tree_models  INFO  XGBoost fitted: 643 samples, early stopped at iteration 26/300.
18:39:38  src.cpcv.pipeline  INFO    [ 35/168]              xgboost (seed=1) F1=0.499  AUC=0.469  LL=0.7046 (0.1s)
18:39:38  src.cpcv.models.tree_models  INFO  XGBoost fitted: 643 samples, early stopped at iteration 22/300.
18:39:38  src.cpcv.pipeline  INFO    [ 36/168]              xgboost (seed=2) F1=0.478  AUC=0.457  LL=0.7184 (0.1s)
18:39:38  src.cpcv.preprocessing  INFO  Computing MDA (Random Forest)...
18:40:11  src.cpcv.preprocessing  INFO  Computing MDA (Logistic Regression)...
18:40:12  src.cpcv.preprocessing  INFO  Multi-model MDA: 26/73 passed (MDA > 0), 47 eliminated
18:40:12  src.cpcv.preprocessing  INFO    Capped at 10 features (top_k_frac=0.15)
18:40:12  src.cpcv.preprocessing  INFO    Selected (10): ['bb_width', 'kurtosis', 'log_returns_lag14', 'log_returns_lag5', 'log_returns_lag6', 'natgas_ret_30', 'oil_ret_14', 'skewness', 'variance_ratio', 'vol_term_30_90']
18:40:12  src.cpcv.pipeline  INFO    Preprocessing: 10 features selected, train=644 + cal=162, test=151
18:40:12  src.cpcv.tuning  INFO  Tuning (2 models) — Optuna TPE + Purged K-Fold (inner: 3 folds, embargo=10 obs)
18:40:12  src.cpcv.tuning  INFO    [tuning] random_forest: 3 purged K-fold splits, 30 Optuna trials (TPE)
18:41:07  src.cpcv.tuning  INFO      random_forest: 26 completed, 4 pruned (of 30 total) — best log_loss=0.6848, params={'n_estimators': 200, 'max_depth': 2, 'min_samples_leaf': 23, 'max_features': 'log2'}
18:41:07  src.cpcv.tuning  INFO    [tuning] random_forest done in 55.3s — best log_loss=0.6848
18:41:07  src.cpcv.tuning  INFO    [tuning] xgboost: 3 purged K-fold splits, 30 Optuna trials (TPE)
18:41:12  src.cpcv.tuning  INFO      xgboost: 25 completed, 5 pruned (of 30 total) — best log_loss=0.6809, params={'max_depth': 2, 'learning_rate': 0.2766381159342218, 'min_child_weight': 27, 'subsample': 0.9516339084469576, 'colsample_bytree': 0.8160380080454375, 'gamma': 0.00011329482031728177, 'reg_alpha': 4.4377006521398876e-08, 'reg_lambda': 0.0039002074848989293}
18:41:12  src.cpcv.tuning  INFO    [tuning] xgboost done in 4.8s — best log_loss=0.6809
18:41:12  src.cpcv.tuning  INFO  Tuning total: 60.1s
18:41:12  src.cpcv.pipeline  INFO      applied random_forest: {'n_estimators': 200, 'max_depth': 2, 'min_samples_leaf': 23, 'max_features': 'log2'}
18:41:12  src.cpcv.pipeline  INFO      applied xgboost: {'max_depth': 2, 'learning_rate': 0.2766381159342218, 'min_child_weight': 27, 'subsample': 0.9516339084469576, 'colsample_bytree': 0.8160380080454375, 'gamma': 0.00011329482031728177, 'reg_alpha': 4.4377006521398876e-08, 'reg_lambda': 0.0039002074848989293}
18:41:13  src.cpcv.models.tree_models  INFO  RandomForest fitted: 644 samples, 10 features, 200 trees.
18:41:13  src.cpcv.pipeline  INFO    [ 37/168]        random_forest (seed=0) F1=0.357  AUC=0.478  LL=0.6896 (0.7s)
18:41:14  src.cpcv.models.tree_models  INFO  RandomForest fitted: 644 samples, 10 features, 200 trees.
18:41:14  src.cpcv.pipeline  INFO    [ 38/168]        random_forest (seed=1) F1=0.357  AUC=0.471  LL=0.6898 (0.6s)
18:41:14  src.cpcv.models.tree_models  INFO  RandomForest fitted: 644 samples, 10 features, 200 trees.
18:41:14  src.cpcv.pipeline  INFO    [ 39/168]        random_forest (seed=2) F1=0.357  AUC=0.469  LL=0.6899 (0.7s)
18:41:14  src.cpcv.models.tree_models  INFO  XGBoost fitted: 644 samples, early stopped at iteration 0/300.
18:41:14  src.cpcv.pipeline  INFO    [ 40/168]              xgboost (seed=0) F1=0.501  AUC=0.494  LL=0.6960 (0.1s)
18:41:14  src.cpcv.models.tree_models  INFO  XGBoost fitted: 644 samples, early stopped at iteration 0/300.
18:41:14  src.cpcv.pipeline  INFO    [ 41/168]              xgboost (seed=1) F1=0.427  AUC=0.421  LL=0.6963 (0.1s)
18:41:14  src.cpcv.models.tree_models  INFO  XGBoost fitted: 644 samples, early stopped at iteration 2/300.
18:41:14  src.cpcv.pipeline  INFO    [ 42/168]              xgboost (seed=2) F1=0.422  AUC=0.467  LL=0.6934 (0.1s)
18:41:15  src.cpcv.preprocessing  INFO  Computing MDA (Random Forest)...
18:41:43  src.cpcv.preprocessing  INFO  Computing MDA (Logistic Regression)...
18:41:45  src.cpcv.preprocessing  INFO  Multi-model MDA: 66/73 passed (MDA > 0), 7 eliminated
18:41:45  src.cpcv.preprocessing  INFO    Capped at 10 features (top_k_frac=0.15)
18:41:45  src.cpcv.preprocessing  INFO    Selected (10): ['bb_width', 'dxy_roc_30', 'nasdaq_ret_14', 'net_exchange_flow', 'oil_ret_14', 'realized_vol', 'silver_ret_30', 'sp500_ret_14', 'stoch_k', 'yield_curve_2y10y']
18:41:45  src.cpcv.pipeline  INFO    Preprocessing: 10 features selected, train=572 + cal=144, test=233
18:41:45  src.cpcv.tuning  INFO  Tuning (2 models) — Optuna TPE + Purged K-Fold (inner: 3 folds, embargo=10 obs)
18:41:45  src.cpcv.tuning  INFO    [tuning] random_forest: 3 purged K-fold splits, 30 Optuna trials (TPE)
18:42:26  src.cpcv.tuning  INFO      random_forest: 15 completed, 15 pruned (of 30 total) — best log_loss=0.7062, params={'n_estimators': 200, 'max_depth': 2, 'min_samples_leaf': 16, 'max_features': 'log2'}
18:42:26  src.cpcv.tuning  INFO    [tuning] random_forest done in 40.8s — best log_loss=0.7062
18:42:26  src.cpcv.tuning  INFO    [tuning] xgboost: 3 purged K-fold splits, 30 Optuna trials (TPE)
18:42:30  src.cpcv.tuning  INFO      xgboost: 15 completed, 15 pruned (of 30 total) — best log_loss=0.6911, params={'max_depth': 3, 'learning_rate': 0.09599308240898642, 'min_child_weight': 14, 'subsample': 0.6054689878018026, 'colsample_bytree': 0.9455480004070334, 'gamma': 0.029236248934774958, 'reg_alpha': 3.745042412643709e-07, 'reg_lambda': 1.493656852319989e-06}
18:42:30  src.cpcv.tuning  INFO    [tuning] xgboost done in 3.8s — best log_loss=0.6911
18:42:30  src.cpcv.tuning  INFO  Tuning total: 44.6s
18:42:30  src.cpcv.pipeline  INFO      applied random_forest: {'n_estimators': 200, 'max_depth': 2, 'min_samples_leaf': 16, 'max_features': 'log2'}
18:42:30  src.cpcv.pipeline  INFO      applied xgboost: {'max_depth': 3, 'learning_rate': 0.09599308240898642, 'min_child_weight': 14, 'subsample': 0.6054689878018026, 'colsample_bytree': 0.9455480004070334, 'gamma': 0.029236248934774958, 'reg_alpha': 3.745042412643709e-07, 'reg_lambda': 1.493656852319989e-06}
18:42:30  src.cpcv.models.tree_models  INFO  RandomForest fitted: 572 samples, 10 features, 200 trees.
18:42:30  src.cpcv.pipeline  INFO    [ 43/168]        random_forest (seed=0) F1=0.347  AUC=0.509  LL=0.6961 (0.7s)
18:42:31  src.cpcv.models.tree_models  INFO  RandomForest fitted: 572 samples, 10 features, 200 trees.
18:42:31  src.cpcv.pipeline  INFO    [ 44/168]        random_forest (seed=1) F1=0.347  AUC=0.564  LL=0.6925 (0.6s)
18:42:32  src.cpcv.models.tree_models  INFO  RandomForest fitted: 572 samples, 10 features, 200 trees.
18:42:32  src.cpcv.pipeline  INFO    [ 45/168]        random_forest (seed=2) F1=0.347  AUC=0.551  LL=0.6941 (0.6s)
18:42:32  src.cpcv.models.tree_models  INFO  XGBoost fitted: 572 samples, early stopped at iteration 3/300.
18:42:32  src.cpcv.pipeline  INFO    [ 46/168]              xgboost (seed=0) F1=0.365  AUC=0.489  LL=0.7073 (0.1s)
18:42:32  src.cpcv.models.tree_models  INFO  XGBoost fitted: 572 samples, early stopped at iteration 4/300.
18:42:32  src.cpcv.pipeline  INFO    [ 47/168]              xgboost (seed=1) F1=0.376  AUC=0.389  LL=0.7352 (0.1s)
18:42:32  src.cpcv.models.tree_models  INFO  XGBoost fitted: 572 samples, early stopped at iteration 0/300.
18:42:32  src.cpcv.pipeline  INFO    [ 48/168]              xgboost (seed=2) F1=0.347  AUC=0.490  LL=0.6961 (0.1s)
18:42:32  src.cpcv.preprocessing  INFO  Computing MDA (Random Forest)...
18:43:02  src.cpcv.preprocessing  INFO  Computing MDA (Logistic Regression)...
18:43:03  src.cpcv.preprocessing  INFO  Multi-model MDA: 43/73 passed (MDA > 0), 30 eliminated
18:43:03  src.cpcv.preprocessing  INFO    Capped at 10 features (top_k_frac=0.15)
18:43:03  src.cpcv.preprocessing  INFO    Selected (10): ['cci_14', 'copper_ret_14', 'dxy_roc_30', 'eth_btc_ratio', 'jarque_bera', 'log_returns_lag1', 'log_returns_lag2', 'log_returns_lag6', 'shannon_entropy', 'stoch_d']
18:43:03  src.cpcv.pipeline  INFO    Preprocessing: 10 features selected, train=564 + cal=141, test=233
18:43:03  src.cpcv.tuning  INFO  Tuning (2 models) — Optuna TPE + Purged K-Fold (inner: 3 folds, embargo=10 obs)
18:43:03  src.cpcv.tuning  INFO    [tuning] random_forest: 3 purged K-fold splits, 30 Optuna trials (TPE)
18:43:53  src.cpcv.tuning  INFO      random_forest: 26 completed, 4 pruned (of 30 total) — best log_loss=0.6863, params={'n_estimators': 150, 'max_depth': 2, 'min_samples_leaf': 25, 'max_features': 'sqrt'}
18:43:53  src.cpcv.tuning  INFO    [tuning] random_forest done in 49.1s — best log_loss=0.6863
18:43:53  src.cpcv.tuning  INFO    [tuning] xgboost: 3 purged K-fold splits, 30 Optuna trials (TPE)
18:43:57  src.cpcv.tuning  INFO      xgboost: 22 completed, 8 pruned (of 30 total) — best log_loss=0.6791, params={'max_depth': 3, 'learning_rate': 0.1746819389124063, 'min_child_weight': 5, 'subsample': 0.8497933646865512, 'colsample_bytree': 0.7941584974522142, 'gamma': 1.2468069472596827e-06, 'reg_alpha': 4.648765661147272e-07, 'reg_lambda': 7.831858876558276e-07}
18:43:57  src.cpcv.tuning  INFO    [tuning] xgboost done in 4.5s — best log_loss=0.6791
18:43:57  src.cpcv.tuning  INFO  Tuning total: 53.6s
18:43:57  src.cpcv.pipeline  INFO      applied random_forest: {'n_estimators': 150, 'max_depth': 2, 'min_samples_leaf': 25, 'max_features': 'sqrt'}
18:43:57  src.cpcv.pipeline  INFO      applied xgboost: {'max_depth': 3, 'learning_rate': 0.1746819389124063, 'min_child_weight': 5, 'subsample': 0.8497933646865512, 'colsample_bytree': 0.7941584974522142, 'gamma': 1.2468069472596827e-06, 'reg_alpha': 4.648765661147272e-07, 'reg_lambda': 7.831858876558276e-07}
18:43:58  src.cpcv.models.tree_models  INFO  RandomForest fitted: 564 samples, 10 features, 150 trees.
18:43:58  src.cpcv.pipeline  INFO    [ 49/168]        random_forest (seed=0) F1=0.502  AUC=0.512  LL=0.6870 (0.5s)
18:43:58  src.cpcv.models.tree_models  INFO  RandomForest fitted: 564 samples, 10 features, 150 trees.
18:43:58  src.cpcv.pipeline  INFO    [ 50/168]        random_forest (seed=1) F1=0.476  AUC=0.514  LL=0.6968 (0.5s)
18:43:59  src.cpcv.models.tree_models  INFO  RandomForest fitted: 564 samples, 10 features, 150 trees.
18:43:59  src.cpcv.pipeline  INFO    [ 51/168]        random_forest (seed=2) F1=0.480  AUC=0.527  LL=0.7027 (0.5s)
18:43:59  src.cpcv.models.tree_models  INFO  XGBoost fitted: 564 samples, early stopped at iteration 5/300.
18:43:59  src.cpcv.pipeline  INFO    [ 52/168]              xgboost (seed=0) F1=0.504  AUC=0.513  LL=0.6894 (0.1s)
18:43:59  src.cpcv.models.tree_models  INFO  XGBoost fitted: 564 samples, early stopped at iteration 5/300.
18:43:59  src.cpcv.pipeline  INFO    [ 53/168]              xgboost (seed=1) F1=0.393  AUC=0.500  LL=0.6814 (0.1s)
18:43:59  src.cpcv.models.tree_models  INFO  XGBoost fitted: 564 samples, early stopped at iteration 0/300.
18:43:59  src.cpcv.pipeline  INFO    [ 54/168]              xgboost (seed=2) F1=0.443  AUC=0.509  LL=0.6819 (0.1s)
18:43:59  src.cpcv.preprocessing  INFO  Computing MDA (Random Forest)...
18:44:27  src.cpcv.preprocessing  INFO  Computing MDA (Logistic Regression)...
18:44:28  src.cpcv.preprocessing  INFO  Multi-model MDA: 30/73 passed (MDA > 0), 43 eliminated
18:44:28  src.cpcv.preprocessing  INFO    Capped at 10 features (top_k_frac=0.15)
18:44:28  src.cpcv.preprocessing  INFO    Selected (10): ['chaikin_osc', 'ema_ratio_50_200', 'eth_btc_ratio', 'gk_vol', 'gold_ret_14', 'jarque_bera', 'log_returns_lag21', 'sp500_ret_30', 'us2y', 'vwma_ratio_20_50']
18:44:28  src.cpcv.pipeline  INFO    Preprocessing: 10 features selected, train=564 + cal=141, test=233
18:44:28  src.cpcv.tuning  INFO  Tuning (2 models) — Optuna TPE + Purged K-Fold (inner: 3 folds, embargo=10 obs)
18:44:28  src.cpcv.tuning  INFO    [tuning] random_forest: 3 purged K-fold splits, 30 Optuna trials (TPE)
18:45:13  src.cpcv.tuning  INFO      random_forest: 23 completed, 7 pruned (of 30 total) — best log_loss=0.6874, params={'n_estimators': 150, 'max_depth': 2, 'min_samples_leaf': 19, 'max_features': 'log2'}
18:45:13  src.cpcv.tuning  INFO    [tuning] random_forest done in 44.6s — best log_loss=0.6874
18:45:13  src.cpcv.tuning  INFO    [tuning] xgboost: 3 purged K-fold splits, 30 Optuna trials (TPE)
18:45:17  src.cpcv.tuning  INFO      xgboost: 15 completed, 15 pruned (of 30 total) — best log_loss=0.6834, params={'max_depth': 3, 'learning_rate': 0.10548762463164836, 'min_child_weight': 5, 'subsample': 0.8578694741072341, 'colsample_bytree': 0.6052561262871233, 'gamma': 8.261238326911013e-06, 'reg_alpha': 2.333197863751798e-07, 'reg_lambda': 2.819040782865536e-06}
18:45:17  src.cpcv.tuning  INFO    [tuning] xgboost done in 4.0s — best log_loss=0.6834
18:45:17  src.cpcv.tuning  INFO  Tuning total: 48.6s
18:45:17  src.cpcv.pipeline  INFO      applied random_forest: {'n_estimators': 150, 'max_depth': 2, 'min_samples_leaf': 19, 'max_features': 'log2'}
18:45:17  src.cpcv.pipeline  INFO      applied xgboost: {'max_depth': 3, 'learning_rate': 0.10548762463164836, 'min_child_weight': 5, 'subsample': 0.8578694741072341, 'colsample_bytree': 0.6052561262871233, 'gamma': 8.261238326911013e-06, 'reg_alpha': 2.333197863751798e-07, 'reg_lambda': 2.819040782865536e-06}
18:45:18  src.cpcv.models.tree_models  INFO  RandomForest fitted: 564 samples, 10 features, 150 trees.
18:45:18  src.cpcv.pipeline  INFO    [ 55/168]        random_forest (seed=0) F1=0.448  AUC=0.512  LL=0.6763 (0.6s)
18:45:18  src.cpcv.models.tree_models  INFO  RandomForest fitted: 564 samples, 10 features, 150 trees.
18:45:18  src.cpcv.pipeline  INFO    [ 56/168]        random_forest (seed=1) F1=0.384  AUC=0.498  LL=0.6748 (0.5s)
18:45:19  src.cpcv.models.tree_models  INFO  RandomForest fitted: 564 samples, 10 features, 150 trees.
18:45:19  src.cpcv.pipeline  INFO    [ 57/168]        random_forest (seed=2) F1=0.398  AUC=0.491  LL=0.6739 (0.5s)
18:45:19  src.cpcv.models.tree_models  INFO  XGBoost fitted: 564 samples, early stopped at iteration 1/300.
18:45:19  src.cpcv.pipeline  INFO    [ 58/168]              xgboost (seed=0) F1=0.384  AUC=0.444  LL=0.6801 (0.1s)
18:45:19  src.cpcv.models.tree_models  INFO  XGBoost fitted: 564 samples, early stopped at iteration 15/300.
18:45:19  src.cpcv.pipeline  INFO    [ 59/168]              xgboost (seed=1) F1=0.531  AUC=0.511  LL=0.6787 (0.1s)
18:45:19  src.cpcv.models.tree_models  INFO  XGBoost fitted: 564 samples, early stopped at iteration 6/300.
18:45:19  src.cpcv.pipeline  INFO    [ 60/168]              xgboost (seed=2) F1=0.526  AUC=0.534  LL=0.6748 (0.1s)
18:45:19  src.cpcv.preprocessing  INFO  Computing MDA (Random Forest)...
18:45:49  src.cpcv.preprocessing  INFO  Computing MDA (Logistic Regression)...
18:45:50  src.cpcv.preprocessing  INFO  Multi-model MDA: 25/73 passed (MDA > 0), 48 eliminated
18:45:50  src.cpcv.preprocessing  INFO    Capped at 10 features (top_k_frac=0.15)
18:45:50  src.cpcv.preprocessing  INFO    Selected (10): ['active_addr_roc_14', 'chaikin_osc', 'fee_per_tx', 'gk_vol', 'log_returns_lag1', 'macd_hist', 'net_exchange_flow', 'sp500_ret_14', 'stoch_k', 'vol_term_30_90']
18:45:50  src.cpcv.pipeline  INFO    Preprocessing: 10 features selected, train=562 + cal=141, test=233
18:45:50  src.cpcv.tuning  INFO  Tuning (2 models) — Optuna TPE + Purged K-Fold (inner: 3 folds, embargo=10 obs)
18:45:50  src.cpcv.tuning  INFO    [tuning] random_forest: 3 purged K-fold splits, 30 Optuna trials (TPE)
18:46:32  src.cpcv.tuning  INFO      random_forest: 16 completed, 14 pruned (of 30 total) — best log_loss=0.6890, params={'n_estimators': 200, 'max_depth': 2, 'min_samples_leaf': 16, 'max_features': 'log2'}
18:46:32  src.cpcv.tuning  INFO    [tuning] random_forest done in 42.4s — best log_loss=0.6890
18:46:32  src.cpcv.tuning  INFO    [tuning] xgboost: 3 purged K-fold splits, 30 Optuna trials (TPE)
18:46:36  src.cpcv.tuning  INFO      xgboost: 12 completed, 18 pruned (of 30 total) — best log_loss=0.6814, params={'max_depth': 2, 'learning_rate': 0.1879277005544895, 'min_child_weight': 11, 'subsample': 0.7475640316733063, 'colsample_bytree': 0.6750130525733469, 'gamma': 0.0019357345531006232, 'reg_alpha': 1.814760106706515e-08, 'reg_lambda': 0.023785519576968683}
18:46:36  src.cpcv.tuning  INFO    [tuning] xgboost done in 3.5s — best log_loss=0.6814
18:46:36  src.cpcv.tuning  INFO  Tuning total: 45.9s
18:46:36  src.cpcv.pipeline  INFO      applied random_forest: {'n_estimators': 200, 'max_depth': 2, 'min_samples_leaf': 16, 'max_features': 'log2'}
18:46:36  src.cpcv.pipeline  INFO      applied xgboost: {'max_depth': 2, 'learning_rate': 0.1879277005544895, 'min_child_weight': 11, 'subsample': 0.7475640316733063, 'colsample_bytree': 0.6750130525733469, 'gamma': 0.0019357345531006232, 'reg_alpha': 1.814760106706515e-08, 'reg_lambda': 0.023785519576968683}
18:46:36  src.cpcv.models.tree_models  INFO  RandomForest fitted: 562 samples, 10 features, 200 trees.
18:46:37  src.cpcv.pipeline  INFO    [ 61/168]        random_forest (seed=0) F1=0.492  AUC=0.519  LL=0.6978 (0.7s)
18:46:37  src.cpcv.models.tree_models  INFO  RandomForest fitted: 562 samples, 10 features, 200 trees.
18:46:37  src.cpcv.pipeline  INFO    [ 62/168]        random_forest (seed=1) F1=0.524  AUC=0.531  LL=0.6908 (0.6s)
18:46:38  src.cpcv.models.tree_models  INFO  RandomForest fitted: 562 samples, 10 features, 200 trees.
18:46:38  src.cpcv.pipeline  INFO    [ 63/168]        random_forest (seed=2) F1=0.477  AUC=0.522  LL=0.7004 (0.7s)
18:46:38  src.cpcv.models.tree_models  INFO  XGBoost fitted: 562 samples, early stopped at iteration 6/300.
18:46:38  src.cpcv.pipeline  INFO    [ 64/168]              xgboost (seed=0) F1=0.493  AUC=0.518  LL=0.6864 (0.1s)
18:46:38  src.cpcv.models.tree_models  INFO  XGBoost fitted: 562 samples, early stopped at iteration 20/300.
18:46:38  src.cpcv.pipeline  INFO    [ 65/168]              xgboost (seed=1) F1=0.500  AUC=0.562  LL=0.6840 (0.1s)
18:46:38  src.cpcv.models.tree_models  INFO  XGBoost fitted: 562 samples, early stopped at iteration 7/300.
18:46:38  src.cpcv.pipeline  INFO    [ 66/168]              xgboost (seed=2) F1=0.459  AUC=0.550  LL=0.6841 (0.1s)
18:46:38  src.cpcv.preprocessing  INFO  Computing MDA (Random Forest)...
18:47:07  src.cpcv.preprocessing  INFO  Computing MDA (Logistic Regression)...
18:47:09  src.cpcv.preprocessing  INFO  Multi-model MDA: 32/73 passed (MDA > 0), 41 eliminated
18:47:09  src.cpcv.preprocessing  INFO    Capped at 10 features (top_k_frac=0.15)
18:47:09  src.cpcv.preprocessing  INFO    Selected (10): ['bb_width', 'copper_ret_30', 'dxy_roc_30', 'eth_btc_ratio', 'fee_per_tx', 'log_returns_lag2', 'log_returns_lag7', 'skewness', 'us2y', 'vix']
18:47:09  src.cpcv.pipeline  INFO    Preprocessing: 10 features selected, train=563 + cal=141, test=233
18:47:09  src.cpcv.tuning  INFO  Tuning (2 models) — Optuna TPE + Purged K-Fold (inner: 3 folds, embargo=10 obs)
18:47:09  src.cpcv.tuning  INFO    [tuning] random_forest: 3 purged K-fold splits, 30 Optuna trials (TPE)
18:47:44  src.cpcv.tuning  INFO      random_forest: 12 completed, 18 pruned (of 30 total) — best log_loss=0.6758, params={'n_estimators': 150, 'max_depth': 3, 'min_samples_leaf': 31, 'max_features': 'sqrt'}
18:47:44  src.cpcv.tuning  INFO    [tuning] random_forest done in 35.5s — best log_loss=0.6758
18:47:44  src.cpcv.tuning  INFO    [tuning] xgboost: 3 purged K-fold splits, 30 Optuna trials (TPE)
18:47:50  src.cpcv.tuning  INFO      xgboost: 11 completed, 19 pruned (of 30 total) — best log_loss=0.6699, params={'max_depth': 1, 'learning_rate': 0.013368972451686062, 'min_child_weight': 7, 'subsample': 0.7939275602754168, 'colsample_bytree': 0.6868374573053726, 'gamma': 7.527043826273983e-07, 'reg_alpha': 0.0007571088163674759, 'reg_lambda': 8.06702539709196e-06}
18:47:50  src.cpcv.tuning  INFO    [tuning] xgboost done in 6.4s — best log_loss=0.6699
18:47:50  src.cpcv.tuning  INFO  Tuning total: 41.9s
18:47:50  src.cpcv.pipeline  INFO      applied random_forest: {'n_estimators': 150, 'max_depth': 3, 'min_samples_leaf': 31, 'max_features': 'sqrt'}
18:47:50  src.cpcv.pipeline  INFO      applied xgboost: {'max_depth': 1, 'learning_rate': 0.013368972451686062, 'min_child_weight': 7, 'subsample': 0.7939275602754168, 'colsample_bytree': 0.6868374573053726, 'gamma': 7.527043826273983e-07, 'reg_alpha': 0.0007571088163674759, 'reg_lambda': 8.06702539709196e-06}
18:47:51  src.cpcv.models.tree_models  INFO  RandomForest fitted: 563 samples, 10 features, 150 trees.
18:47:51  src.cpcv.pipeline  INFO    [ 67/168]        random_forest (seed=0) F1=0.451  AUC=0.525  LL=0.7594 (0.6s)
18:47:51  src.cpcv.models.tree_models  INFO  RandomForest fitted: 563 samples, 10 features, 150 trees.
18:47:52  src.cpcv.pipeline  INFO    [ 68/168]        random_forest (seed=1) F1=0.473  AUC=0.544  LL=0.7356 (0.5s)
18:47:52  src.cpcv.models.tree_models  INFO  RandomForest fitted: 563 samples, 10 features, 150 trees.
18:47:52  src.cpcv.pipeline  INFO    [ 69/168]        random_forest (seed=2) F1=0.476  AUC=0.551  LL=0.7286 (0.5s)
18:47:52  src.cpcv.models.tree_models  INFO  XGBoost fitted: 563 samples, early stopped at iteration 91/300.
18:47:52  src.cpcv.pipeline  INFO    [ 70/168]              xgboost (seed=0) F1=0.476  AUC=0.520  LL=0.9397 (0.1s)
18:47:52  src.cpcv.models.tree_models  INFO  XGBoost fitted: 563 samples, early stopped at iteration 127/300.
18:47:52  src.cpcv.pipeline  INFO    [ 71/168]              xgboost (seed=1) F1=0.463  AUC=0.533  LL=0.8213 (0.1s)
18:47:52  src.cpcv.models.tree_models  INFO  XGBoost fitted: 563 samples, early stopped at iteration 130/300.
18:47:52  src.cpcv.pipeline  INFO    [ 72/168]              xgboost (seed=2) F1=0.456  AUC=0.533  LL=0.8751 (0.1s)
18:47:53  src.cpcv.preprocessing  INFO  Computing MDA (Random Forest)...
18:48:22  src.cpcv.preprocessing  INFO  Computing MDA (Logistic Regression)...
18:48:24  src.cpcv.preprocessing  INFO  Multi-model MDA: 51/73 passed (MDA > 0), 22 eliminated
18:48:24  src.cpcv.preprocessing  INFO    Capped at 10 features (top_k_frac=0.15)
18:48:24  src.cpcv.preprocessing  INFO    Selected (10): ['copper_ret_14', 'eth_btc_ratio', 'gk_vol', 'kurtosis', 'log_returns_lag21', 'log_returns_lag6', 'log_returns_lag7', 'mvrv', 'roc_14', 'sp500_ret_30']
18:48:24  src.cpcv.pipeline  INFO    Preprocessing: 10 features selected, train=564 + cal=142, test=240
18:48:24  src.cpcv.tuning  INFO  Tuning (2 models) — Optuna TPE + Purged K-Fold (inner: 3 folds, embargo=10 obs)
18:48:24  src.cpcv.tuning  INFO    [tuning] random_forest: 3 purged K-fold splits, 30 Optuna trials (TPE)
18:49:10  src.cpcv.tuning  INFO      random_forest: 14 completed, 16 pruned (of 30 total) — best log_loss=0.6855, params={'n_estimators': 250, 'max_depth': 2, 'min_samples_leaf': 19, 'max_features': 'log2'}
18:49:10  src.cpcv.tuning  INFO    [tuning] random_forest done in 46.3s — best log_loss=0.6855
18:49:10  src.cpcv.tuning  INFO    [tuning] xgboost: 3 purged K-fold splits, 30 Optuna trials (TPE)
18:49:14  src.cpcv.tuning  INFO      xgboost: 11 completed, 19 pruned (of 30 total) — best log_loss=0.6818, params={'max_depth': 1, 'learning_rate': 0.14591059010012952, 'min_child_weight': 26, 'subsample': 0.7741686384095295, 'colsample_bytree': 0.7526650016771228, 'gamma': 0.00028849694099431986, 'reg_alpha': 0.0005968994109134398, 'reg_lambda': 0.0032516258483577458}
18:49:14  src.cpcv.tuning  INFO    [tuning] xgboost done in 4.3s — best log_loss=0.6818
18:49:14  src.cpcv.tuning  INFO  Tuning total: 50.6s
18:49:14  src.cpcv.pipeline  INFO      applied random_forest: {'n_estimators': 250, 'max_depth': 2, 'min_samples_leaf': 19, 'max_features': 'log2'}
18:49:14  src.cpcv.pipeline  INFO      applied xgboost: {'max_depth': 1, 'learning_rate': 0.14591059010012952, 'min_child_weight': 26, 'subsample': 0.7741686384095295, 'colsample_bytree': 0.7526650016771228, 'gamma': 0.00028849694099431986, 'reg_alpha': 0.0005968994109134398, 'reg_lambda': 0.0032516258483577458}
18:49:15  src.cpcv.models.tree_models  INFO  RandomForest fitted: 564 samples, 10 features, 250 trees.
18:49:15  src.cpcv.pipeline  INFO    [ 73/168]        random_forest (seed=0) F1=0.417  AUC=0.437  LL=0.6912 (0.9s)
18:49:16  src.cpcv.models.tree_models  INFO  RandomForest fitted: 564 samples, 10 features, 250 trees.
18:49:16  src.cpcv.pipeline  INFO    [ 74/168]        random_forest (seed=1) F1=0.430  AUC=0.439  LL=0.6918 (0.8s)
18:49:17  src.cpcv.models.tree_models  INFO  RandomForest fitted: 564 samples, 10 features, 250 trees.
18:49:17  src.cpcv.pipeline  INFO    [ 75/168]        random_forest (seed=2) F1=0.450  AUC=0.439  LL=0.6966 (0.8s)
18:49:17  src.cpcv.models.tree_models  INFO  XGBoost fitted: 564 samples, early stopped at iteration 0/300.
18:49:17  src.cpcv.pipeline  INFO    [ 76/168]              xgboost (seed=0) F1=0.373  AUC=0.512  LL=0.6785 (0.0s)
18:49:17  src.cpcv.models.tree_models  INFO  XGBoost fitted: 564 samples, early stopped at iteration 0/300.
18:49:17  src.cpcv.pipeline  INFO    [ 77/168]              xgboost (seed=1) F1=0.373  AUC=0.550  LL=0.6790 (0.1s)
18:49:17  src.cpcv.models.tree_models  INFO  XGBoost fitted: 564 samples, early stopped at iteration 1/300.
18:49:17  src.cpcv.pipeline  INFO    [ 78/168]              xgboost (seed=2) F1=0.373  AUC=0.474  LL=0.6810 (0.1s)
18:49:17  src.cpcv.preprocessing  INFO  Computing MDA (Random Forest)...
18:49:47  src.cpcv.preprocessing  INFO  Computing MDA (Logistic Regression)...
18:49:48  src.cpcv.preprocessing  INFO  Multi-model MDA: 47/73 passed (MDA > 0), 26 eliminated
18:49:48  src.cpcv.preprocessing  INFO    Capped at 10 features (top_k_frac=0.15)
18:49:48  src.cpcv.preprocessing  INFO    Selected (10): ['cci_14', 'copper_ret_14', 'log_returns_lag2', 'log_returns_lag7', 'macd', 'negentropy', 'obv', 'realized_vol', 'rsi', 'vol_term_30_90']
18:49:48  src.cpcv.pipeline  INFO    Preprocessing: 10 features selected, train=528 + cal=132, test=288
18:49:48  src.cpcv.tuning  INFO  Tuning (2 models) — Optuna TPE + Purged K-Fold (inner: 3 folds, embargo=10 obs)
18:49:48  src.cpcv.tuning  INFO    [tuning] random_forest: 3 purged K-fold splits, 30 Optuna trials (TPE)
18:50:38  src.cpcv.tuning  INFO      random_forest: 29 completed, 1 pruned (of 30 total) — best log_loss=0.6941, params={'n_estimators': 200, 'max_depth': 2, 'min_samples_leaf': 18, 'max_features': 'log2'}
18:50:38  src.cpcv.tuning  INFO    [tuning] random_forest done in 50.3s — best log_loss=0.6941
18:50:38  src.cpcv.tuning  INFO    [tuning] xgboost: 3 purged K-fold splits, 30 Optuna trials (TPE)
18:50:43  src.cpcv.tuning  INFO      xgboost: 24 completed, 6 pruned (of 30 total) — best log_loss=0.6799, params={'max_depth': 1, 'learning_rate': 0.07530088754566769, 'min_child_weight': 7, 'subsample': 0.8871975834497375, 'colsample_bytree': 0.61044924391467, 'gamma': 1.1636644499512847e-05, 'reg_alpha': 0.0028683219313699305, 'reg_lambda': 0.09015118712751283}
18:50:43  src.cpcv.tuning  INFO    [tuning] xgboost done in 5.2s — best log_loss=0.6799
18:50:43  src.cpcv.tuning  INFO  Tuning total: 55.5s
18:50:43  src.cpcv.pipeline  INFO      applied random_forest: {'n_estimators': 200, 'max_depth': 2, 'min_samples_leaf': 18, 'max_features': 'log2'}
18:50:43  src.cpcv.pipeline  INFO      applied xgboost: {'max_depth': 1, 'learning_rate': 0.07530088754566769, 'min_child_weight': 7, 'subsample': 0.8871975834497375, 'colsample_bytree': 0.61044924391467, 'gamma': 1.1636644499512847e-05, 'reg_alpha': 0.0028683219313699305, 'reg_lambda': 0.09015118712751283}
18:50:44  src.cpcv.models.tree_models  INFO  RandomForest fitted: 528 samples, 10 features, 200 trees.
18:50:44  src.cpcv.pipeline  INFO    [ 79/168]        random_forest (seed=0) F1=0.338  AUC=0.503  LL=0.6974 (0.9s)
18:50:45  src.cpcv.models.tree_models  INFO  RandomForest fitted: 528 samples, 10 features, 200 trees.
18:50:45  src.cpcv.pipeline  INFO    [ 80/168]        random_forest (seed=1) F1=0.338  AUC=0.517  LL=0.6956 (0.9s)
18:50:46  src.cpcv.models.tree_models  INFO  RandomForest fitted: 528 samples, 10 features, 200 trees.
18:50:46  src.cpcv.pipeline  INFO    [ 81/168]        random_forest (seed=2) F1=0.338  AUC=0.508  LL=0.6960 (0.8s)
18:50:46  src.cpcv.models.tree_models  INFO  XGBoost fitted: 528 samples, early stopped at iteration 23/300.
18:50:46  src.cpcv.pipeline  INFO    [ 82/168]              xgboost (seed=0) F1=0.338  AUC=0.525  LL=0.7048 (0.1s)
18:50:46  src.cpcv.models.tree_models  INFO  XGBoost fitted: 528 samples, early stopped at iteration 19/300.
18:50:46  src.cpcv.pipeline  INFO    [ 83/168]              xgboost (seed=1) F1=0.338  AUC=0.531  LL=0.7094 (0.1s)
18:50:46  src.cpcv.models.tree_models  INFO  XGBoost fitted: 528 samples, early stopped at iteration 24/300.
18:50:46  src.cpcv.pipeline  INFO    [ 84/168]              xgboost (seed=2) F1=0.338  AUC=0.536  LL=0.7050 (0.1s)
18:50:46  src.cpcv.preprocessing  INFO  Computing MDA (Random Forest)...
18:51:15  src.cpcv.preprocessing  INFO  Computing MDA (Logistic Regression)...
18:51:17  src.cpcv.preprocessing  INFO  Multi-model MDA: 45/73 passed (MDA > 0), 28 eliminated
18:51:17  src.cpcv.preprocessing  INFO    Capped at 10 features (top_k_frac=0.15)
18:51:17  src.cpcv.preprocessing  INFO    Selected (10): ['active_addr_roc_14', 'bb_width', 'ema_ratio_50_200', 'eth_btc_ratio', 'gold_ret_14', 'rsi', 'silver_ret_14', 'skewness', 'vol_term_30_90', 'yield_curve_10y30y']
18:51:17  src.cpcv.pipeline  INFO    Preprocessing: 10 features selected, train=519 + cal=130, test=288
18:51:17  src.cpcv.tuning  INFO  Tuning (2 models) — Optuna TPE + Purged K-Fold (inner: 3 folds, embargo=10 obs)
18:51:17  src.cpcv.tuning  INFO    [tuning] random_forest: 3 purged K-fold splits, 30 Optuna trials (TPE)
18:52:08  src.cpcv.tuning  INFO      random_forest: 30 completed, 0 pruned (of 30 total) — best log_loss=0.6926, params={'n_estimators': 200, 'max_depth': 2, 'min_samples_leaf': 18, 'max_features': 'log2'}
18:52:08  src.cpcv.tuning  INFO    [tuning] random_forest done in 50.9s — best log_loss=0.6926
18:52:08  src.cpcv.tuning  INFO    [tuning] xgboost: 3 purged K-fold splits, 30 Optuna trials (TPE)
18:52:12  src.cpcv.tuning  INFO      xgboost: 22 completed, 8 pruned (of 30 total) — best log_loss=0.6891, params={'max_depth': 2, 'learning_rate': 0.14447746112718687, 'min_child_weight': 10, 'subsample': 0.8056937753654446, 'colsample_bytree': 0.836965827544817, 'gamma': 2.3528990899815284e-08, 'reg_alpha': 0.0029369981104377003, 'reg_lambda': 3.425445902633376e-07}
18:52:12  src.cpcv.tuning  INFO    [tuning] xgboost done in 4.6s — best log_loss=0.6891
18:52:12  src.cpcv.tuning  INFO  Tuning total: 55.5s
18:52:12  src.cpcv.pipeline  INFO      applied random_forest: {'n_estimators': 200, 'max_depth': 2, 'min_samples_leaf': 18, 'max_features': 'log2'}
18:52:12  src.cpcv.pipeline  INFO      applied xgboost: {'max_depth': 2, 'learning_rate': 0.14447746112718687, 'min_child_weight': 10, 'subsample': 0.8056937753654446, 'colsample_bytree': 0.836965827544817, 'gamma': 2.3528990899815284e-08, 'reg_alpha': 0.0029369981104377003, 'reg_lambda': 3.425445902633376e-07}
18:52:13  src.cpcv.models.tree_models  INFO  RandomForest fitted: 519 samples, 10 features, 200 trees.
18:52:13  src.cpcv.pipeline  INFO    [ 85/168]        random_forest (seed=0) F1=0.344  AUC=0.420  LL=0.6926 (0.7s)
18:52:13  src.cpcv.models.tree_models  INFO  RandomForest fitted: 519 samples, 10 features, 200 trees.
18:52:14  src.cpcv.pipeline  INFO    [ 86/168]        random_forest (seed=1) F1=0.403  AUC=0.433  LL=0.6966 (0.7s)
18:52:14  src.cpcv.models.tree_models  INFO  RandomForest fitted: 519 samples, 10 features, 200 trees.
18:52:14  src.cpcv.pipeline  INFO    [ 87/168]        random_forest (seed=2) F1=0.341  AUC=0.425  LL=0.6977 (0.6s)
18:52:14  src.cpcv.models.tree_models  INFO  XGBoost fitted: 519 samples, early stopped at iteration 1/300.
18:52:14  src.cpcv.pipeline  INFO    [ 88/168]              xgboost (seed=0) F1=0.344  AUC=0.512  LL=0.6984 (0.1s)
18:52:14  src.cpcv.models.tree_models  INFO  XGBoost fitted: 519 samples, early stopped at iteration 2/300.
18:52:14  src.cpcv.pipeline  INFO    [ 89/168]              xgboost (seed=1) F1=0.507  AUC=0.537  LL=0.6892 (0.0s)
18:52:14  src.cpcv.models.tree_models  INFO  XGBoost fitted: 519 samples, early stopped at iteration 0/300.
18:52:14  src.cpcv.pipeline  INFO    [ 90/168]              xgboost (seed=2) F1=0.419  AUC=0.394  LL=0.7493 (0.1s)
18:52:15  src.cpcv.preprocessing  INFO  Computing MDA (Random Forest)...
18:52:43  src.cpcv.preprocessing  INFO  Computing MDA (Logistic Regression)...
18:52:45  src.cpcv.preprocessing  INFO  Multi-model MDA: 58/73 passed (MDA > 0), 15 eliminated
18:52:45  src.cpcv.preprocessing  INFO    Capped at 10 features (top_k_frac=0.15)
18:52:45  src.cpcv.preprocessing  INFO    Selected (10): ['active_addr_roc_14', 'ema_ratio_20_50', 'log_returns_lag1', 'mvrv', 'natgas_ret_30', 'oil_ret_30', 'skewness', 'vol_term_30_90', 'yield_curve_10y30y', 'yz_vol']
18:52:45  src.cpcv.pipeline  INFO    Preprocessing: 10 features selected, train=517 + cal=130, test=288
18:52:45  src.cpcv.tuning  INFO  Tuning (2 models) — Optuna TPE + Purged K-Fold (inner: 3 folds, embargo=10 obs)
18:52:45  src.cpcv.tuning  INFO    [tuning] random_forest: 3 purged K-fold splits, 30 Optuna trials (TPE)
18:53:25  src.cpcv.tuning  INFO      random_forest: 25 completed, 5 pruned (of 30 total) — best log_loss=0.6936, params={'n_estimators': 100, 'max_depth': 6, 'min_samples_leaf': 39, 'max_features': 'log2'}
18:53:25  src.cpcv.tuning  INFO    [tuning] random_forest done in 40.1s — best log_loss=0.6936
18:53:25  src.cpcv.tuning  INFO    [tuning] xgboost: 3 purged K-fold splits, 30 Optuna trials (TPE)
18:53:29  src.cpcv.tuning  INFO      xgboost: 19 completed, 11 pruned (of 30 total) — best log_loss=0.6829, params={'max_depth': 2, 'learning_rate': 0.2536999076681772, 'min_child_weight': 24, 'subsample': 0.8394633936788146, 'colsample_bytree': 0.6624074561769746, 'gamma': 1.7699302940633311e-07, 'reg_alpha': 3.3323645788192616e-08, 'reg_lambda': 0.6245760287469893}
18:53:29  src.cpcv.tuning  INFO    [tuning] xgboost done in 4.2s — best log_loss=0.6829
18:53:29  src.cpcv.tuning  INFO  Tuning total: 44.3s
18:53:29  src.cpcv.pipeline  INFO      applied random_forest: {'n_estimators': 100, 'max_depth': 6, 'min_samples_leaf': 39, 'max_features': 'log2'}
18:53:29  src.cpcv.pipeline  INFO      applied xgboost: {'max_depth': 2, 'learning_rate': 0.2536999076681772, 'min_child_weight': 24, 'subsample': 0.8394633936788146, 'colsample_bytree': 0.6624074561769746, 'gamma': 1.7699302940633311e-07, 'reg_alpha': 3.3323645788192616e-08, 'reg_lambda': 0.6245760287469893}
18:53:30  src.cpcv.models.tree_models  INFO  RandomForest fitted: 517 samples, 10 features, 100 trees.
18:53:30  src.cpcv.pipeline  INFO    [ 91/168]        random_forest (seed=0) F1=0.450  AUC=0.512  LL=0.7092 (0.4s)
18:53:30  src.cpcv.models.tree_models  INFO  RandomForest fitted: 517 samples, 10 features, 100 trees.
18:53:30  src.cpcv.pipeline  INFO    [ 92/168]        random_forest (seed=1) F1=0.395  AUC=0.511  LL=0.7133 (0.4s)
18:53:30  src.cpcv.models.tree_models  INFO  RandomForest fitted: 517 samples, 10 features, 100 trees.
18:53:30  src.cpcv.pipeline  INFO    [ 93/168]        random_forest (seed=2) F1=0.425  AUC=0.492  LL=0.7096 (0.4s)
18:53:30  src.cpcv.models.tree_models  INFO  XGBoost fitted: 517 samples, early stopped at iteration 14/300.
18:53:30  src.cpcv.pipeline  INFO    [ 94/168]              xgboost (seed=0) F1=0.460  AUC=0.490  LL=0.7112 (0.1s)
18:53:30  src.cpcv.models.tree_models  INFO  XGBoost fitted: 517 samples, early stopped at iteration 3/300.
18:53:30  src.cpcv.pipeline  INFO    [ 95/168]              xgboost (seed=1) F1=0.486  AUC=0.504  LL=0.7058 (0.1s)
18:53:30  src.cpcv.models.tree_models  INFO  XGBoost fitted: 517 samples, early stopped at iteration 2/300.
18:53:30  src.cpcv.pipeline  INFO    [ 96/168]              xgboost (seed=2) F1=0.465  AUC=0.518  LL=0.7078 (0.1s)
18:53:31  src.cpcv.preprocessing  INFO  Computing MDA (Random Forest)...
18:54:00  src.cpcv.preprocessing  INFO  Computing MDA (Logistic Regression)...
18:54:01  src.cpcv.preprocessing  INFO  Multi-model MDA: 27/73 passed (MDA > 0), 46 eliminated
18:54:01  src.cpcv.preprocessing  INFO    Capped at 10 features (top_k_frac=0.15)
18:54:01  src.cpcv.preprocessing  INFO    Selected (10): ['cci_14', 'ema_ratio_20_50', 'eth_btc_ratio', 'net_exchange_flow', 'oil_ret_14', 'skewness', 'smt_exp', 'vol_term_7_30', 'williams_r', 'yield_curve_2y10y']
18:54:01  src.cpcv.pipeline  INFO    Preprocessing: 10 features selected, train=518 + cal=130, test=288
18:54:01  src.cpcv.tuning  INFO  Tuning (2 models) — Optuna TPE + Purged K-Fold (inner: 3 folds, embargo=10 obs)
18:54:01  src.cpcv.tuning  INFO    [tuning] random_forest: 3 purged K-fold splits, 30 Optuna trials (TPE)
18:54:38  src.cpcv.tuning  INFO      random_forest: 22 completed, 8 pruned (of 30 total) — best log_loss=0.6806, params={'n_estimators': 100, 'max_depth': 4, 'min_samples_leaf': 18, 'max_features': 'sqrt'}
18:54:38  src.cpcv.tuning  INFO    [tuning] random_forest done in 36.7s — best log_loss=0.6806
18:54:38  src.cpcv.tuning  INFO    [tuning] xgboost: 3 purged K-fold splits, 30 Optuna trials (TPE)
18:54:43  src.cpcv.tuning  INFO      xgboost: 17 completed, 13 pruned (of 30 total) — best log_loss=0.6726, params={'max_depth': 3, 'learning_rate': 0.2846829920271552, 'min_child_weight': 28, 'subsample': 0.8196930643339312, 'colsample_bytree': 0.6976292924191496, 'gamma': 2.869826053084916e-05, 'reg_alpha': 0.8315104076028478, 'reg_lambda': 0.17132060483313177}
18:54:43  src.cpcv.tuning  INFO    [tuning] xgboost done in 5.5s — best log_loss=0.6726
18:54:43  src.cpcv.tuning  INFO  Tuning total: 42.2s
18:54:43  src.cpcv.pipeline  INFO      applied random_forest: {'n_estimators': 100, 'max_depth': 4, 'min_samples_leaf': 18, 'max_features': 'sqrt'}
18:54:43  src.cpcv.pipeline  INFO      applied xgboost: {'max_depth': 3, 'learning_rate': 0.2846829920271552, 'min_child_weight': 28, 'subsample': 0.8196930643339312, 'colsample_bytree': 0.6976292924191496, 'gamma': 2.869826053084916e-05, 'reg_alpha': 0.8315104076028478, 'reg_lambda': 0.17132060483313177}
18:54:44  src.cpcv.models.tree_models  INFO  RandomForest fitted: 518 samples, 10 features, 100 trees.
18:54:44  src.cpcv.pipeline  INFO    [ 97/168]        random_forest (seed=0) F1=0.335  AUC=0.518  LL=0.6944 (0.5s)
18:54:44  src.cpcv.models.tree_models  INFO  RandomForest fitted: 518 samples, 10 features, 100 trees.
18:54:44  src.cpcv.pipeline  INFO    [ 98/168]        random_forest (seed=1) F1=0.381  AUC=0.527  LL=0.6929 (0.4s)
18:54:45  src.cpcv.models.tree_models  INFO  RandomForest fitted: 518 samples, 10 features, 100 trees.
18:54:45  src.cpcv.pipeline  INFO    [ 99/168]        random_forest (seed=2) F1=0.350  AUC=0.513  LL=0.6940 (0.5s)
18:54:45  src.cpcv.models.tree_models  INFO  XGBoost fitted: 518 samples, early stopped at iteration 2/300.
18:54:45  src.cpcv.pipeline  INFO    [100/168]              xgboost (seed=0) F1=0.523  AUC=0.522  LL=0.7034 (0.1s)
18:54:45  src.cpcv.models.tree_models  INFO  XGBoost fitted: 518 samples, early stopped at iteration 0/300.
18:54:45  src.cpcv.pipeline  INFO    [101/168]              xgboost (seed=1) F1=0.455  AUC=0.558  LL=0.7017 (0.0s)
18:54:45  src.cpcv.models.tree_models  INFO  XGBoost fitted: 518 samples, early stopped at iteration 3/300.
18:54:45  src.cpcv.pipeline  INFO    [102/168]              xgboost (seed=2) F1=0.451  AUC=0.499  LL=0.7218 (0.1s)
18:54:45  src.cpcv.preprocessing  INFO  Computing MDA (Random Forest)...
18:55:14  src.cpcv.preprocessing  INFO  Computing MDA (Logistic Regression)...
18:55:15  src.cpcv.preprocessing  INFO  Multi-model MDA: 28/73 passed (MDA > 0), 45 eliminated
18:55:15  src.cpcv.preprocessing  INFO    Capped at 10 features (top_k_frac=0.15)
18:55:15  src.cpcv.preprocessing  INFO    Selected (10): ['bb_width', 'exchange_supply_pct', 'gold_ret_30', 'hurst', 'log_returns_lag5', 'macd_hist', 'oil_ret_14', 'rsi', 'vix', 'vol_term_30_90']
18:55:15  src.cpcv.pipeline  INFO    Preprocessing: 10 features selected, train=520 + cal=130, test=295
18:55:15  src.cpcv.tuning  INFO  Tuning (2 models) — Optuna TPE + Purged K-Fold (inner: 3 folds, embargo=10 obs)
18:55:15  src.cpcv.tuning  INFO    [tuning] random_forest: 3 purged K-fold splits, 30 Optuna trials (TPE)
18:56:04  src.cpcv.tuning  INFO      random_forest: 30 completed, 0 pruned (of 30 total) — best log_loss=0.6872, params={'n_estimators': 150, 'max_depth': 2, 'min_samples_leaf': 15, 'max_features': 'log2'}
18:56:04  src.cpcv.tuning  INFO    [tuning] random_forest done in 49.0s — best log_loss=0.6872
18:56:04  src.cpcv.tuning  INFO    [tuning] xgboost: 3 purged K-fold splits, 30 Optuna trials (TPE)
18:56:11  src.cpcv.tuning  INFO      xgboost: 29 completed, 1 pruned (of 30 total) — best log_loss=0.6780, params={'max_depth': 1, 'learning_rate': 0.05388108577817234, 'min_child_weight': 5, 'subsample': 0.9637281608315128, 'colsample_bytree': 0.7035119926400067, 'gamma': 0.0019960815242513743, 'reg_alpha': 6.388511557344611e-06, 'reg_lambda': 0.0004793052550782129}
18:56:11  src.cpcv.tuning  INFO    [tuning] xgboost done in 6.2s — best log_loss=0.6780
18:56:11  src.cpcv.tuning  INFO  Tuning total: 55.2s
18:56:11  src.cpcv.pipeline  INFO      applied random_forest: {'n_estimators': 150, 'max_depth': 2, 'min_samples_leaf': 15, 'max_features': 'log2'}
18:56:11  src.cpcv.pipeline  INFO      applied xgboost: {'max_depth': 1, 'learning_rate': 0.05388108577817234, 'min_child_weight': 5, 'subsample': 0.9637281608315128, 'colsample_bytree': 0.7035119926400067, 'gamma': 0.0019960815242513743, 'reg_alpha': 6.388511557344611e-06, 'reg_lambda': 0.0004793052550782129}
18:56:11  src.cpcv.models.tree_models  INFO  RandomForest fitted: 520 samples, 10 features, 150 trees.
18:56:11  src.cpcv.pipeline  INFO    [103/168]        random_forest (seed=0) F1=0.479  AUC=0.473  LL=0.7229 (0.6s)
18:56:11  src.cpcv.models.tree_models  INFO  RandomForest fitted: 520 samples, 10 features, 150 trees.
18:56:12  src.cpcv.pipeline  INFO    [104/168]        random_forest (seed=1) F1=0.477  AUC=0.469  LL=0.7324 (0.5s)
18:56:12  src.cpcv.models.tree_models  INFO  RandomForest fitted: 520 samples, 10 features, 150 trees.
18:56:12  src.cpcv.pipeline  INFO    [105/168]        random_forest (seed=2) F1=0.411  AUC=0.468  LL=0.7081 (0.6s)
18:56:12  src.cpcv.models.tree_models  INFO  XGBoost fitted: 520 samples, early stopped at iteration 36/300.
18:56:12  src.cpcv.pipeline  INFO    [106/168]              xgboost (seed=0) F1=0.433  AUC=0.435  LL=0.7579 (0.1s)
18:56:12  src.cpcv.models.tree_models  INFO  XGBoost fitted: 520 samples, early stopped at iteration 17/300.
18:56:12  src.cpcv.pipeline  INFO    [107/168]              xgboost (seed=1) F1=0.374  AUC=0.437  LL=0.7351 (0.1s)
18:56:12  src.cpcv.models.tree_models  INFO  XGBoost fitted: 520 samples, early stopped at iteration 17/300.
18:56:12  src.cpcv.pipeline  INFO    [108/168]              xgboost (seed=2) F1=0.360  AUC=0.418  LL=0.7654 (0.1s)
18:56:13  src.cpcv.preprocessing  INFO  Computing MDA (Random Forest)...
18:56:41  src.cpcv.preprocessing  INFO  Computing MDA (Logistic Regression)...
18:56:42  src.cpcv.preprocessing  INFO  Multi-model MDA: 45/73 passed (MDA > 0), 28 eliminated
18:56:42  src.cpcv.preprocessing  INFO    Capped at 10 features (top_k_frac=0.15)
18:56:42  src.cpcv.preprocessing  INFO    Selected (10): ['copper_ret_14', 'eth_btc_ratio', 'issuance_ntv', 'log_returns_lag6', 'lz_complexity', 'macd_signal', 'mvrv', 'natgas_ret_30', 'sp500_ret_30', 'stoch_k']
18:56:42  src.cpcv.pipeline  INFO    Preprocessing: 10 features selected, train=528 + cal=133, test=288
18:56:42  src.cpcv.tuning  INFO  Tuning (2 models) — Optuna TPE + Purged K-Fold (inner: 3 folds, embargo=10 obs)
18:56:42  src.cpcv.tuning  INFO    [tuning] random_forest: 3 purged K-fold splits, 30 Optuna trials (TPE)
18:57:27  src.cpcv.tuning  INFO      random_forest: 17 completed, 13 pruned (of 30 total) — best log_loss=0.6896, params={'n_estimators': 250, 'max_depth': 2, 'min_samples_leaf': 22, 'max_features': 'log2'}
18:57:27  src.cpcv.tuning  INFO    [tuning] random_forest done in 45.1s — best log_loss=0.6896
18:57:27  src.cpcv.tuning  INFO    [tuning] xgboost: 3 purged K-fold splits, 30 Optuna trials (TPE)
18:57:31  src.cpcv.tuning  INFO      xgboost: 22 completed, 8 pruned (of 30 total) — best log_loss=0.6838, params={'max_depth': 2, 'learning_rate': 0.150661062370062, 'min_child_weight': 8, 'subsample': 0.7603864950608998, 'colsample_bytree': 0.7034305126949889, 'gamma': 0.02245285096802073, 'reg_alpha': 0.031313490050923314, 'reg_lambda': 0.00020614774879284444}
18:57:31  src.cpcv.tuning  INFO    [tuning] xgboost done in 3.8s — best log_loss=0.6838
18:57:31  src.cpcv.tuning  INFO  Tuning total: 48.9s
18:57:31  src.cpcv.pipeline  INFO      applied random_forest: {'n_estimators': 250, 'max_depth': 2, 'min_samples_leaf': 22, 'max_features': 'log2'}
18:57:31  src.cpcv.pipeline  INFO      applied xgboost: {'max_depth': 2, 'learning_rate': 0.150661062370062, 'min_child_weight': 8, 'subsample': 0.7603864950608998, 'colsample_bytree': 0.7034305126949889, 'gamma': 0.02245285096802073, 'reg_alpha': 0.031313490050923314, 'reg_lambda': 0.00020614774879284444}
18:57:32  src.cpcv.models.tree_models  INFO  RandomForest fitted: 528 samples, 10 features, 250 trees.
18:57:32  src.cpcv.pipeline  INFO    [109/168]        random_forest (seed=0) F1=0.475  AUC=0.547  LL=0.6806 (0.8s)
18:57:33  src.cpcv.models.tree_models  INFO  RandomForest fitted: 528 samples, 10 features, 250 trees.
18:57:33  src.cpcv.pipeline  INFO    [110/168]        random_forest (seed=1) F1=0.466  AUC=0.545  LL=0.6799 (0.8s)
18:57:34  src.cpcv.models.tree_models  INFO  RandomForest fitted: 528 samples, 10 features, 250 trees.
18:57:34  src.cpcv.pipeline  INFO    [111/168]        random_forest (seed=2) F1=0.426  AUC=0.541  LL=0.6811 (0.8s)
18:57:34  src.cpcv.models.tree_models  INFO  XGBoost fitted: 528 samples, early stopped at iteration 3/300.
18:57:34  src.cpcv.pipeline  INFO    [112/168]              xgboost (seed=0) F1=0.462  AUC=0.515  LL=0.6828 (0.1s)
18:57:34  src.cpcv.models.tree_models  INFO  XGBoost fitted: 528 samples, early stopped at iteration 17/300.
18:57:34  src.cpcv.pipeline  INFO    [113/168]              xgboost (seed=1) F1=0.469  AUC=0.537  LL=0.6836 (0.1s)
18:57:34  src.cpcv.models.tree_models  INFO  XGBoost fitted: 528 samples, early stopped at iteration 6/300.
18:57:34  src.cpcv.pipeline  INFO    [114/168]              xgboost (seed=2) F1=0.493  AUC=0.513  LL=0.6824 (0.1s)
18:57:34  src.cpcv.preprocessing  INFO  Computing MDA (Random Forest)...
18:58:04  src.cpcv.preprocessing  INFO  Computing MDA (Logistic Regression)...
18:58:05  src.cpcv.preprocessing  INFO  Multi-model MDA: 38/73 passed (MDA > 0), 35 eliminated
18:58:05  src.cpcv.preprocessing  INFO    Capped at 10 features (top_k_frac=0.15)
18:58:05  src.cpcv.preprocessing  INFO    Selected (10): ['active_addr_roc_14', 'bb_width', 'jarque_bera', 'log_returns', 'macd_hist', 'silver_ret_30', 'skewness', 'stoch_d', 'us10y', 'vwma_ratio_20_50']
18:58:05  src.cpcv.pipeline  INFO    Preprocessing: 10 features selected, train=518 + cal=130, test=288
18:58:05  src.cpcv.tuning  INFO  Tuning (2 models) — Optuna TPE + Purged K-Fold (inner: 3 folds, embargo=10 obs)
18:58:05  src.cpcv.tuning  INFO    [tuning] random_forest: 3 purged K-fold splits, 30 Optuna trials (TPE)
18:58:48  src.cpcv.tuning  INFO      random_forest: 14 completed, 16 pruned (of 30 total) — best log_loss=0.6901, params={'n_estimators': 200, 'max_depth': 2, 'min_samples_leaf': 18, 'max_features': 'log2'}
18:58:48  src.cpcv.tuning  INFO    [tuning] random_forest done in 42.5s — best log_loss=0.6901
18:58:48  src.cpcv.tuning  INFO    [tuning] xgboost: 3 purged K-fold splits, 30 Optuna trials (TPE)
18:58:52  src.cpcv.tuning  INFO      xgboost: 17 completed, 13 pruned (of 30 total) — best log_loss=0.6831, params={'max_depth': 2, 'learning_rate': 0.19948280024986423, 'min_child_weight': 8, 'subsample': 0.6927309831898485, 'colsample_bytree': 0.8723126706550854, 'gamma': 4.941699112911935e-06, 'reg_alpha': 0.6879021256730359, 'reg_lambda': 0.0008108518637366513}
18:58:52  src.cpcv.tuning  INFO    [tuning] xgboost done in 3.8s — best log_loss=0.6831
18:58:52  src.cpcv.tuning  INFO  Tuning total: 46.2s
18:58:52  src.cpcv.pipeline  INFO      applied random_forest: {'n_estimators': 200, 'max_depth': 2, 'min_samples_leaf': 18, 'max_features': 'log2'}
18:58:52  src.cpcv.pipeline  INFO      applied xgboost: {'max_depth': 2, 'learning_rate': 0.19948280024986423, 'min_child_weight': 8, 'subsample': 0.6927309831898485, 'colsample_bytree': 0.8723126706550854, 'gamma': 4.941699112911935e-06, 'reg_alpha': 0.6879021256730359, 'reg_lambda': 0.0008108518637366513}
18:58:52  src.cpcv.models.tree_models  INFO  RandomForest fitted: 518 samples, 10 features, 200 trees.
18:58:52  src.cpcv.pipeline  INFO    [115/168]        random_forest (seed=0) F1=0.473  AUC=0.618  LL=0.6898 (0.9s)
18:58:53  src.cpcv.models.tree_models  INFO  RandomForest fitted: 518 samples, 10 features, 200 trees.
18:58:53  src.cpcv.pipeline  INFO    [116/168]        random_forest (seed=1) F1=0.483  AUC=0.595  LL=0.7003 (0.8s)
18:58:54  src.cpcv.models.tree_models  INFO  RandomForest fitted: 518 samples, 10 features, 200 trees.
18:58:54  src.cpcv.pipeline  INFO    [117/168]        random_forest (seed=2) F1=0.443  AUC=0.611  LL=0.6976 (0.7s)
18:58:54  src.cpcv.models.tree_models  INFO  XGBoost fitted: 518 samples, early stopped at iteration 11/300.
18:58:54  src.cpcv.pipeline  INFO    [118/168]              xgboost (seed=0) F1=0.464  AUC=0.585  LL=0.6945 (0.1s)
18:58:54  src.cpcv.models.tree_models  INFO  XGBoost fitted: 518 samples, early stopped at iteration 16/300.
18:58:54  src.cpcv.pipeline  INFO    [119/168]              xgboost (seed=1) F1=0.603  AUC=0.636  LL=0.6674 (0.1s)
18:58:54  src.cpcv.models.tree_models  INFO  XGBoost fitted: 518 samples, early stopped at iteration 9/300.
18:58:54  src.cpcv.pipeline  INFO    [120/168]              xgboost (seed=2) F1=0.511  AUC=0.553  LL=0.7040 (0.1s)
18:58:54  src.cpcv.preprocessing  INFO  Computing MDA (Random Forest)...
18:59:23  src.cpcv.preprocessing  INFO  Computing MDA (Logistic Regression)...
18:59:24  src.cpcv.preprocessing  INFO  Multi-model MDA: 13/73 passed (MDA > 0), 60 eliminated
18:59:24  src.cpcv.preprocessing  INFO    Capped at 10 features (top_k_frac=0.15)
18:59:24  src.cpcv.preprocessing  INFO    Selected (10): ['bb_width', 'eth_btc_ratio', 'kurtosis', 'log_returns_lag30', 'log_returns_lag4', 'nasdaq_ret_14', 'natgas_ret_14', 'skewness', 'us10y', 'variance_ratio']
18:59:24  src.cpcv.pipeline  INFO    Preprocessing: 10 features selected, train=519 + cal=130, test=288
18:59:24  src.cpcv.tuning  INFO  Tuning (2 models) — Optuna TPE + Purged K-Fold (inner: 3 folds, embargo=10 obs)
18:59:24  src.cpcv.tuning  INFO    [tuning] random_forest: 3 purged K-fold splits, 30 Optuna trials (TPE)
19:00:12  src.cpcv.tuning  INFO      random_forest: 17 completed, 13 pruned (of 30 total) — best log_loss=0.6796, params={'n_estimators': 250, 'max_depth': 6, 'min_samples_leaf': 34, 'max_features': 'log2'}
19:00:12  src.cpcv.tuning  INFO    [tuning] random_forest done in 47.8s — best log_loss=0.6796
19:00:12  src.cpcv.tuning  INFO    [tuning] xgboost: 3 purged K-fold splits, 30 Optuna trials (TPE)
19:00:17  src.cpcv.tuning  INFO      xgboost: 15 completed, 15 pruned (of 30 total) — best log_loss=0.6758, params={'max_depth': 3, 'learning_rate': 0.09219223907755845, 'min_child_weight': 5, 'subsample': 0.9783238879894852, 'colsample_bytree': 0.7117402442626439, 'gamma': 0.0025728761060835777, 'reg_alpha': 2.2932025145672405e-06, 'reg_lambda': 0.011170882230115881}
19:00:17  src.cpcv.tuning  INFO    [tuning] xgboost done in 4.7s — best log_loss=0.6758
19:00:17  src.cpcv.tuning  INFO  Tuning total: 52.5s
19:00:17  src.cpcv.pipeline  INFO      applied random_forest: {'n_estimators': 250, 'max_depth': 6, 'min_samples_leaf': 34, 'max_features': 'log2'}
19:00:17  src.cpcv.pipeline  INFO      applied xgboost: {'max_depth': 3, 'learning_rate': 0.09219223907755845, 'min_child_weight': 5, 'subsample': 0.9783238879894852, 'colsample_bytree': 0.7117402442626439, 'gamma': 0.0025728761060835777, 'reg_alpha': 2.2932025145672405e-06, 'reg_lambda': 0.011170882230115881}
19:00:17  src.cpcv.models.tree_models  INFO  RandomForest fitted: 519 samples, 10 features, 250 trees.
19:00:17  src.cpcv.pipeline  INFO    [121/168]        random_forest (seed=0) F1=0.360  AUC=0.512  LL=0.6865 (0.8s)
19:00:18  src.cpcv.models.tree_models  INFO  RandomForest fitted: 519 samples, 10 features, 250 trees.
19:00:18  src.cpcv.pipeline  INFO    [122/168]        random_forest (seed=1) F1=0.377  AUC=0.505  LL=0.6897 (0.8s)
19:00:19  src.cpcv.models.tree_models  INFO  RandomForest fitted: 519 samples, 10 features, 250 trees.
19:00:19  src.cpcv.pipeline  INFO    [123/168]        random_forest (seed=2) F1=0.424  AUC=0.504  LL=0.6936 (0.8s)
19:00:19  src.cpcv.models.tree_models  INFO  XGBoost fitted: 519 samples, early stopped at iteration 0/300.
19:00:19  src.cpcv.pipeline  INFO    [124/168]              xgboost (seed=0) F1=0.457  AUC=0.533  LL=0.7023 (0.1s)
19:00:19  src.cpcv.models.tree_models  INFO  XGBoost fitted: 519 samples, early stopped at iteration 2/300.
19:00:19  src.cpcv.pipeline  INFO    [125/168]              xgboost (seed=1) F1=0.398  AUC=0.536  LL=0.6841 (0.1s)
19:00:19  src.cpcv.models.tree_models  INFO  XGBoost fitted: 519 samples, early stopped at iteration 0/300.
19:00:19  src.cpcv.pipeline  INFO    [126/168]              xgboost (seed=2) F1=0.360  AUC=0.505  LL=0.6895 (0.1s)
19:00:20  src.cpcv.preprocessing  INFO  Computing MDA (Random Forest)...
19:00:48  src.cpcv.preprocessing  INFO  Computing MDA (Logistic Regression)...
19:00:49  src.cpcv.preprocessing  INFO  Multi-model MDA: 33/73 passed (MDA > 0), 40 eliminated
19:00:49  src.cpcv.preprocessing  INFO    Capped at 10 features (top_k_frac=0.15)
19:00:49  src.cpcv.preprocessing  INFO    Selected (10): ['bb_width', 'ema_ratio_50_200', 'eth_btc_ratio', 'kurtosis', 'log_returns_lag4', 'macd_hist', 'nasdaq_ret_14', 'realized_vol', 'sp500_ret_30', 'us10y']
19:00:49  src.cpcv.pipeline  INFO    Preprocessing: 10 features selected, train=520 + cal=131, test=295
19:00:49  src.cpcv.tuning  INFO  Tuning (2 models) — Optuna TPE + Purged K-Fold (inner: 3 folds, embargo=10 obs)
19:00:49  src.cpcv.tuning  INFO    [tuning] random_forest: 3 purged K-fold splits, 30 Optuna trials (TPE)
19:01:34  src.cpcv.tuning  INFO      random_forest: 13 completed, 17 pruned (of 30 total) — best log_loss=0.6832, params={'n_estimators': 250, 'max_depth': 2, 'min_samples_leaf': 26, 'max_features': 'sqrt'}
19:01:34  src.cpcv.tuning  INFO    [tuning] random_forest done in 44.1s — best log_loss=0.6832
19:01:34  src.cpcv.tuning  INFO    [tuning] xgboost: 3 purged K-fold splits, 30 Optuna trials (TPE)
19:01:39  src.cpcv.tuning  INFO      xgboost: 16 completed, 14 pruned (of 30 total) — best log_loss=0.6732, params={'max_depth': 3, 'learning_rate': 0.0781387550512921, 'min_child_weight': 14, 'subsample': 0.6480970990984248, 'colsample_bytree': 0.8738445964974806, 'gamma': 0.08276606133594838, 'reg_alpha': 6.932465996789307e-05, 'reg_lambda': 1.0613992570564477e-05}
19:01:39  src.cpcv.tuning  INFO    [tuning] xgboost done in 4.9s — best log_loss=0.6732
19:01:39  src.cpcv.tuning  INFO  Tuning total: 49.0s
19:01:39  src.cpcv.pipeline  INFO      applied random_forest: {'n_estimators': 250, 'max_depth': 2, 'min_samples_leaf': 26, 'max_features': 'sqrt'}
19:01:39  src.cpcv.pipeline  INFO      applied xgboost: {'max_depth': 3, 'learning_rate': 0.0781387550512921, 'min_child_weight': 14, 'subsample': 0.6480970990984248, 'colsample_bytree': 0.8738445964974806, 'gamma': 0.08276606133594838, 'reg_alpha': 6.932465996789307e-05, 'reg_lambda': 1.0613992570564477e-05}
19:01:39  src.cpcv.models.tree_models  INFO  RandomForest fitted: 520 samples, 10 features, 250 trees.
19:01:39  src.cpcv.pipeline  INFO    [127/168]        random_forest (seed=0) F1=0.406  AUC=0.484  LL=0.6901 (0.8s)
19:01:40  src.cpcv.models.tree_models  INFO  RandomForest fitted: 520 samples, 10 features, 250 trees.
19:01:40  src.cpcv.pipeline  INFO    [128/168]        random_forest (seed=1) F1=0.489  AUC=0.487  LL=0.7001 (0.8s)
19:01:41  src.cpcv.models.tree_models  INFO  RandomForest fitted: 520 samples, 10 features, 250 trees.
19:01:41  src.cpcv.pipeline  INFO    [129/168]        random_forest (seed=2) F1=0.496  AUC=0.487  LL=0.6999 (0.8s)
19:01:41  src.cpcv.models.tree_models  INFO  XGBoost fitted: 520 samples, early stopped at iteration 1/300.
19:01:41  src.cpcv.pipeline  INFO    [130/168]              xgboost (seed=0) F1=0.360  AUC=0.529  LL=0.6933 (0.1s)
19:01:41  src.cpcv.models.tree_models  INFO  XGBoost fitted: 520 samples, early stopped at iteration 0/300.
19:01:41  src.cpcv.pipeline  INFO    [131/168]              xgboost (seed=1) F1=0.360  AUC=0.516  LL=0.6868 (0.1s)
19:01:41  src.cpcv.models.tree_models  INFO  XGBoost fitted: 520 samples, early stopped at iteration 2/300.
19:01:41  src.cpcv.pipeline  INFO    [132/168]              xgboost (seed=2) F1=0.360  AUC=0.559  LL=0.6868 (0.1s)
19:01:41  src.cpcv.preprocessing  INFO  Computing MDA (Random Forest)...
19:02:10  src.cpcv.preprocessing  INFO  Computing MDA (Logistic Regression)...
19:02:12  src.cpcv.preprocessing  INFO  Multi-model MDA: 31/73 passed (MDA > 0), 42 eliminated
19:02:12  src.cpcv.preprocessing  INFO    Capped at 10 features (top_k_frac=0.15)
19:02:12  src.cpcv.preprocessing  INFO    Selected (10): ['atr', 'bb_width', 'hashrate_roc_30', 'log_returns_lag5', 'roc_14', 'sadf', 'shannon_entropy', 'stoch_d', 'stoch_k', 'vol_term_7_30']
19:02:12  src.cpcv.pipeline  INFO    Preprocessing: 10 features selected, train=528 + cal=133, test=288
19:02:12  src.cpcv.tuning  INFO  Tuning (2 models) — Optuna TPE + Purged K-Fold (inner: 3 folds, embargo=10 obs)
19:02:12  src.cpcv.tuning  INFO    [tuning] random_forest: 3 purged K-fold splits, 30 Optuna trials (TPE)
19:03:02  src.cpcv.tuning  INFO      random_forest: 27 completed, 3 pruned (of 30 total) — best log_loss=0.6937, params={'n_estimators': 100, 'max_depth': 2, 'min_samples_leaf': 37, 'max_features': 'log2'}
19:03:02  src.cpcv.tuning  INFO    [tuning] random_forest done in 50.7s — best log_loss=0.6937
19:03:02  src.cpcv.tuning  INFO    [tuning] xgboost: 3 purged K-fold splits, 30 Optuna trials (TPE)
19:03:07  src.cpcv.tuning  INFO      xgboost: 19 completed, 11 pruned (of 30 total) — best log_loss=0.6874, params={'max_depth': 3, 'learning_rate': 0.05502068657003463, 'min_child_weight': 10, 'subsample': 0.8706300810728903, 'colsample_bytree': 0.6290740943872529, 'gamma': 0.0012453285832002322, 'reg_alpha': 0.10130492013778475, 'reg_lambda': 0.0016918384533719866}
19:03:07  src.cpcv.tuning  INFO    [tuning] xgboost done in 4.1s — best log_loss=0.6874
19:03:07  src.cpcv.tuning  INFO  Tuning total: 54.8s
19:03:07  src.cpcv.pipeline  INFO      applied random_forest: {'n_estimators': 100, 'max_depth': 2, 'min_samples_leaf': 37, 'max_features': 'log2'}
19:03:07  src.cpcv.pipeline  INFO      applied xgboost: {'max_depth': 3, 'learning_rate': 0.05502068657003463, 'min_child_weight': 10, 'subsample': 0.8706300810728903, 'colsample_bytree': 0.6290740943872529, 'gamma': 0.0012453285832002322, 'reg_alpha': 0.10130492013778475, 'reg_lambda': 0.0016918384533719866}
19:03:07  src.cpcv.models.tree_models  INFO  RandomForest fitted: 528 samples, 10 features, 100 trees.
19:03:07  src.cpcv.pipeline  INFO    [133/168]        random_forest (seed=0) F1=0.356  AUC=0.502  LL=0.6878 (0.4s)
19:03:07  src.cpcv.models.tree_models  INFO  RandomForest fitted: 528 samples, 10 features, 100 trees.
19:03:07  src.cpcv.pipeline  INFO    [134/168]        random_forest (seed=1) F1=0.412  AUC=0.515  LL=0.6917 (0.4s)
19:03:08  src.cpcv.models.tree_models  INFO  RandomForest fitted: 528 samples, 10 features, 100 trees.
19:03:08  src.cpcv.pipeline  INFO    [135/168]        random_forest (seed=2) F1=0.370  AUC=0.522  LL=0.6892 (0.3s)
19:03:08  src.cpcv.models.tree_models  INFO  XGBoost fitted: 528 samples, early stopped at iteration 8/300.
19:03:08  src.cpcv.pipeline  INFO    [136/168]              xgboost (seed=0) F1=0.429  AUC=0.496  LL=0.6892 (0.1s)
19:03:08  src.cpcv.models.tree_models  INFO  XGBoost fitted: 528 samples, early stopped at iteration 7/300.
19:03:08  src.cpcv.pipeline  INFO    [137/168]              xgboost (seed=1) F1=0.414  AUC=0.535  LL=0.6860 (0.1s)
19:03:08  src.cpcv.models.tree_models  INFO  XGBoost fitted: 528 samples, early stopped at iteration 0/300.
19:03:08  src.cpcv.pipeline  INFO    [138/168]              xgboost (seed=2) F1=0.491  AUC=0.513  LL=0.7174 (0.1s)
19:03:08  src.cpcv.preprocessing  INFO  Computing MDA (Random Forest)...
19:03:37  src.cpcv.preprocessing  INFO  Computing MDA (Logistic Regression)...
19:03:38  src.cpcv.preprocessing  INFO  Multi-model MDA: 28/73 passed (MDA > 0), 45 eliminated
19:03:38  src.cpcv.preprocessing  INFO    Capped at 10 features (top_k_frac=0.15)
19:03:38  src.cpcv.preprocessing  INFO    Selected (10): ['bb_width', 'cci_14', 'copper_ret_14', 'dxy_roc_30', 'eth_btc_ratio', 'log_returns_lag30', 'nasdaq_ret_30', 'sadf', 'vol_term_7_30', 'yield_curve_10y30y']
19:03:38  src.cpcv.pipeline  INFO    Preprocessing: 10 features selected, train=519 + cal=130, test=288
19:03:38  src.cpcv.tuning  INFO  Tuning (2 models) — Optuna TPE + Purged K-Fold (inner: 3 folds, embargo=10 obs)
19:03:38  src.cpcv.tuning  INFO    [tuning] random_forest: 3 purged K-fold splits, 30 Optuna trials (TPE)
19:04:22  src.cpcv.tuning  INFO      random_forest: 21 completed, 9 pruned (of 30 total) — best log_loss=0.6815, params={'n_estimators': 100, 'max_depth': 2, 'min_samples_leaf': 17, 'max_features': 'log2'}
19:04:22  src.cpcv.tuning  INFO    [tuning] random_forest done in 44.6s — best log_loss=0.6815
19:04:22  src.cpcv.tuning  INFO    [tuning] xgboost: 3 purged K-fold splits, 30 Optuna trials (TPE)
19:04:27  src.cpcv.tuning  INFO      xgboost: 11 completed, 19 pruned (of 30 total) — best log_loss=0.6779, params={'max_depth': 2, 'learning_rate': 0.14447746112718687, 'min_child_weight': 10, 'subsample': 0.8056937753654446, 'colsample_bytree': 0.836965827544817, 'gamma': 2.3528990899815284e-08, 'reg_alpha': 0.0029369981104377003, 'reg_lambda': 3.425445902633376e-07}
19:04:27  src.cpcv.tuning  INFO    [tuning] xgboost done in 4.6s — best log_loss=0.6779
19:04:27  src.cpcv.tuning  INFO  Tuning total: 49.1s
19:04:27  src.cpcv.pipeline  INFO      applied random_forest: {'n_estimators': 100, 'max_depth': 2, 'min_samples_leaf': 17, 'max_features': 'log2'}
19:04:27  src.cpcv.pipeline  INFO      applied xgboost: {'max_depth': 2, 'learning_rate': 0.14447746112718687, 'min_child_weight': 10, 'subsample': 0.8056937753654446, 'colsample_bytree': 0.836965827544817, 'gamma': 2.3528990899815284e-08, 'reg_alpha': 0.0029369981104377003, 'reg_lambda': 3.425445902633376e-07}
19:04:27  src.cpcv.models.tree_models  INFO  RandomForest fitted: 519 samples, 10 features, 100 trees.
19:04:27  src.cpcv.pipeline  INFO    [139/168]        random_forest (seed=0) F1=0.450  AUC=0.526  LL=0.6875 (0.4s)
19:04:28  src.cpcv.models.tree_models  INFO  RandomForest fitted: 519 samples, 10 features, 100 trees.
19:04:28  src.cpcv.pipeline  INFO    [140/168]        random_forest (seed=1) F1=0.497  AUC=0.529  LL=0.6862 (0.3s)
19:04:28  src.cpcv.models.tree_models  INFO  RandomForest fitted: 519 samples, 10 features, 100 trees.
19:04:28  src.cpcv.pipeline  INFO    [141/168]        random_forest (seed=2) F1=0.379  AUC=0.522  LL=0.6859 (0.4s)
19:04:28  src.cpcv.models.tree_models  INFO  XGBoost fitted: 519 samples, early stopped at iteration 0/300.
19:04:28  src.cpcv.pipeline  INFO    [142/168]              xgboost (seed=0) F1=0.426  AUC=0.488  LL=0.6935 (0.0s)
19:04:28  src.cpcv.models.tree_models  INFO  XGBoost fitted: 519 samples, early stopped at iteration 1/300.
19:04:28  src.cpcv.pipeline  INFO    [143/168]              xgboost (seed=1) F1=0.391  AUC=0.469  LL=0.6888 (0.1s)
19:04:28  src.cpcv.models.tree_models  INFO  XGBoost fitted: 519 samples, early stopped at iteration 1/300.
19:04:28  src.cpcv.pipeline  INFO    [144/168]              xgboost (seed=2) F1=0.518  AUC=0.492  LL=0.7096 (0.1s)
19:04:29  src.cpcv.preprocessing  INFO  Computing MDA (Random Forest)...
19:04:57  src.cpcv.preprocessing  INFO  Computing MDA (Logistic Regression)...
19:04:59  src.cpcv.preprocessing  INFO  Multi-model MDA: 46/73 passed (MDA > 0), 27 eliminated
19:04:59  src.cpcv.preprocessing  INFO    Capped at 10 features (top_k_frac=0.15)
19:04:59  src.cpcv.preprocessing  INFO    Selected (10): ['bb_width', 'ema_ratio_50_200', 'exchange_supply_pct', 'hurst', 'issuance_ntv', 'log_returns_lag21', 'realized_vol', 'sadf', 'silver_ret_30', 'us2y']
19:04:59  src.cpcv.pipeline  INFO    Preprocessing: 10 features selected, train=520 + cal=131, test=295
19:04:59  src.cpcv.tuning  INFO  Tuning (2 models) — Optuna TPE + Purged K-Fold (inner: 3 folds, embargo=10 obs)
19:04:59  src.cpcv.tuning  INFO    [tuning] random_forest: 3 purged K-fold splits, 30 Optuna trials (TPE)
19:05:38  src.cpcv.tuning  INFO      random_forest: 14 completed, 16 pruned (of 30 total) — best log_loss=0.6936, params={'n_estimators': 150, 'max_depth': 2, 'min_samples_leaf': 17, 'max_features': 'log2'}
19:05:38  src.cpcv.tuning  INFO    [tuning] random_forest done in 39.8s — best log_loss=0.6936
19:05:38  src.cpcv.tuning  INFO    [tuning] xgboost: 3 purged K-fold splits, 30 Optuna trials (TPE)
19:05:42  src.cpcv.tuning  INFO      xgboost: 24 completed, 6 pruned (of 30 total) — best log_loss=0.6885, params={'max_depth': 1, 'learning_rate': 0.05388108577817234, 'min_child_weight': 5, 'subsample': 0.9637281608315128, 'colsample_bytree': 0.7035119926400067, 'gamma': 0.0019960815242513743, 'reg_alpha': 6.388511557344611e-06, 'reg_lambda': 0.0004793052550782129}
19:05:42  src.cpcv.tuning  INFO    [tuning] xgboost done in 3.9s — best log_loss=0.6885
19:05:42  src.cpcv.tuning  INFO  Tuning total: 43.7s
19:05:42  src.cpcv.pipeline  INFO      applied random_forest: {'n_estimators': 150, 'max_depth': 2, 'min_samples_leaf': 17, 'max_features': 'log2'}
19:05:42  src.cpcv.pipeline  INFO      applied xgboost: {'max_depth': 1, 'learning_rate': 0.05388108577817234, 'min_child_weight': 5, 'subsample': 0.9637281608315128, 'colsample_bytree': 0.7035119926400067, 'gamma': 0.0019960815242513743, 'reg_alpha': 6.388511557344611e-06, 'reg_lambda': 0.0004793052550782129}
19:05:43  src.cpcv.models.tree_models  INFO  RandomForest fitted: 520 samples, 10 features, 150 trees.
19:05:43  src.cpcv.pipeline  INFO    [145/168]        random_forest (seed=0) F1=0.461  AUC=0.522  LL=0.6839 (0.6s)
19:05:43  src.cpcv.models.tree_models  INFO  RandomForest fitted: 520 samples, 10 features, 150 trees.
19:05:43  src.cpcv.pipeline  INFO    [146/168]        random_forest (seed=1) F1=0.425  AUC=0.522  LL=0.6836 (0.6s)
19:05:44  src.cpcv.models.tree_models  INFO  RandomForest fitted: 520 samples, 10 features, 150 trees.
19:05:44  src.cpcv.pipeline  INFO    [147/168]        random_forest (seed=2) F1=0.385  AUC=0.525  LL=0.6829 (0.6s)
19:05:44  src.cpcv.models.tree_models  INFO  XGBoost fitted: 520 samples, early stopped at iteration 11/300.
19:05:44  src.cpcv.pipeline  INFO    [148/168]              xgboost (seed=0) F1=0.366  AUC=0.538  LL=0.6857 (0.1s)
19:05:44  src.cpcv.models.tree_models  INFO  XGBoost fitted: 520 samples, early stopped at iteration 14/300.
19:05:44  src.cpcv.pipeline  INFO    [149/168]              xgboost (seed=1) F1=0.401  AUC=0.529  LL=0.6859 (0.1s)
19:05:44  src.cpcv.models.tree_models  INFO  XGBoost fitted: 520 samples, early stopped at iteration 11/300.
19:05:44  src.cpcv.pipeline  INFO    [150/168]              xgboost (seed=2) F1=0.366  AUC=0.538  LL=0.6866 (0.1s)
19:05:45  src.cpcv.preprocessing  INFO  Computing MDA (Random Forest)...
19:06:14  src.cpcv.preprocessing  INFO  Computing MDA (Logistic Regression)...
19:06:15  src.cpcv.preprocessing  INFO  Multi-model MDA: 12/73 passed (MDA > 0), 61 eliminated
19:06:15  src.cpcv.preprocessing  INFO    Capped at 10 features (top_k_frac=0.15)
19:06:15  src.cpcv.preprocessing  INFO    Selected (10): ['active_addr_roc_14', 'eth_btc_ratio', 'kurtosis', 'log_returns_lag21', 'log_returns_lag30', 'natgas_ret_30', 'roc_14', 'silver_ret_14', 'us2y', 'vwma_ratio_20_50']
19:06:15  src.cpcv.pipeline  INFO    Preprocessing: 10 features selected, train=527 + cal=132, test=288
19:06:15  src.cpcv.tuning  INFO  Tuning (2 models) — Optuna TPE + Purged K-Fold (inner: 3 folds, embargo=10 obs)
19:06:15  src.cpcv.tuning  INFO    [tuning] random_forest: 3 purged K-fold splits, 30 Optuna trials (TPE)
19:07:06  src.cpcv.tuning  INFO      random_forest: 27 completed, 3 pruned (of 30 total) — best log_loss=0.6901, params={'n_estimators': 250, 'max_depth': 2, 'min_samples_leaf': 28, 'max_features': 'sqrt'}
19:07:06  src.cpcv.tuning  INFO    [tuning] random_forest done in 50.4s — best log_loss=0.6901
19:07:06  src.cpcv.tuning  INFO    [tuning] xgboost: 3 purged K-fold splits, 30 Optuna trials (TPE)
19:07:10  src.cpcv.tuning  INFO      xgboost: 23 completed, 7 pruned (of 30 total) — best log_loss=0.6822, params={'max_depth': 2, 'learning_rate': 0.187807276229889, 'min_child_weight': 20, 'subsample': 0.7856665984179805, 'colsample_bytree': 0.785702800354807, 'gamma': 0.0013768811334819964, 'reg_alpha': 1.1032173338053777e-08, 'reg_lambda': 1.2042705704010217e-08}
19:07:10  src.cpcv.tuning  INFO    [tuning] xgboost done in 4.3s — best log_loss=0.6822
19:07:10  src.cpcv.tuning  INFO  Tuning total: 54.6s
19:07:10  src.cpcv.pipeline  INFO      applied random_forest: {'n_estimators': 250, 'max_depth': 2, 'min_samples_leaf': 28, 'max_features': 'sqrt'}
19:07:10  src.cpcv.pipeline  INFO      applied xgboost: {'max_depth': 2, 'learning_rate': 0.187807276229889, 'min_child_weight': 20, 'subsample': 0.7856665984179805, 'colsample_bytree': 0.785702800354807, 'gamma': 0.0013768811334819964, 'reg_alpha': 1.1032173338053777e-08, 'reg_lambda': 1.2042705704010217e-08}
19:07:11  src.cpcv.models.tree_models  INFO  RandomForest fitted: 527 samples, 10 features, 250 trees.
19:07:11  src.cpcv.pipeline  INFO    [151/168]        random_forest (seed=0) F1=0.422  AUC=0.546  LL=0.6884 (0.9s)
19:07:11  src.cpcv.models.tree_models  INFO  RandomForest fitted: 527 samples, 10 features, 250 trees.
19:07:11  src.cpcv.pipeline  INFO    [152/168]        random_forest (seed=1) F1=0.389  AUC=0.543  LL=0.6885 (0.8s)
19:07:12  src.cpcv.models.tree_models  INFO  RandomForest fitted: 527 samples, 10 features, 250 trees.
19:07:12  src.cpcv.pipeline  INFO    [153/168]        random_forest (seed=2) F1=0.479  AUC=0.538  LL=0.6888 (0.8s)
19:07:12  src.cpcv.models.tree_models  INFO  XGBoost fitted: 527 samples, early stopped at iteration 0/300.
19:07:12  src.cpcv.pipeline  INFO    [154/168]              xgboost (seed=0) F1=0.443  AUC=0.493  LL=0.6917 (0.1s)
19:07:12  src.cpcv.models.tree_models  INFO  XGBoost fitted: 527 samples, early stopped at iteration 0/300.
19:07:12  src.cpcv.pipeline  INFO    [155/168]              xgboost (seed=1) F1=0.347  AUC=0.509  LL=0.6912 (0.1s)
19:07:12  src.cpcv.models.tree_models  INFO  XGBoost fitted: 527 samples, early stopped at iteration 0/300.
19:07:12  src.cpcv.pipeline  INFO    [156/168]              xgboost (seed=2) F1=0.347  AUC=0.489  LL=0.6914 (0.1s)
19:07:13  src.cpcv.preprocessing  INFO  Computing MDA (Random Forest)...
19:07:42  src.cpcv.preprocessing  INFO  Computing MDA (Logistic Regression)...
19:07:43  src.cpcv.preprocessing  INFO  Multi-model MDA: 44/73 passed (MDA > 0), 29 eliminated
19:07:43  src.cpcv.preprocessing  INFO    Capped at 10 features (top_k_frac=0.15)
19:07:43  src.cpcv.preprocessing  INFO    Selected (10): ['bb_width', 'exchange_supply_pct', 'gold_ret_30', 'kurtosis', 'log_returns_lag1', 'natgas_ret_14', 'natgas_ret_30', 'smt_poly1', 'us10y', 'yield_curve_10y30y']
19:07:43  src.cpcv.pipeline  INFO    Preprocessing: 10 features selected, train=519 + cal=130, test=295
19:07:43  src.cpcv.tuning  INFO  Tuning (2 models) — Optuna TPE + Purged K-Fold (inner: 3 folds, embargo=10 obs)
19:07:43  src.cpcv.tuning  INFO    [tuning] random_forest: 3 purged K-fold splits, 30 Optuna trials (TPE)
19:08:17  src.cpcv.tuning  INFO      random_forest: 12 completed, 18 pruned (of 30 total) — best log_loss=0.6895, params={'n_estimators': 100, 'max_depth': 2, 'min_samples_leaf': 37, 'max_features': 'log2'}
19:08:17  src.cpcv.tuning  INFO    [tuning] random_forest done in 34.3s — best log_loss=0.6895
19:08:17  src.cpcv.tuning  INFO    [tuning] xgboost: 3 purged K-fold splits, 30 Optuna trials (TPE)
19:08:23  src.cpcv.tuning  INFO      xgboost: 22 completed, 8 pruned (of 30 total) — best log_loss=0.6730, params={'max_depth': 2, 'learning_rate': 0.13093093904043573, 'min_child_weight': 27, 'subsample': 0.7604768802913101, 'colsample_bytree': 0.998490153762098, 'gamma': 5.966038355807e-05, 'reg_alpha': 0.8228951982833232, 'reg_lambda': 0.0023885922700720204}
19:08:23  src.cpcv.tuning  INFO    [tuning] xgboost done in 6.0s — best log_loss=0.6730
19:08:23  src.cpcv.tuning  INFO  Tuning total: 40.3s
19:08:23  src.cpcv.pipeline  INFO      applied random_forest: {'n_estimators': 100, 'max_depth': 2, 'min_samples_leaf': 37, 'max_features': 'log2'}
19:08:23  src.cpcv.pipeline  INFO      applied xgboost: {'max_depth': 2, 'learning_rate': 0.13093093904043573, 'min_child_weight': 27, 'subsample': 0.7604768802913101, 'colsample_bytree': 0.998490153762098, 'gamma': 5.966038355807e-05, 'reg_alpha': 0.8228951982833232, 'reg_lambda': 0.0023885922700720204}
19:08:24  src.cpcv.models.tree_models  INFO  RandomForest fitted: 519 samples, 10 features, 100 trees.
19:08:24  src.cpcv.pipeline  INFO    [157/168]        random_forest (seed=0) F1=0.473  AUC=0.520  LL=0.6919 (0.5s)
19:08:24  src.cpcv.models.tree_models  INFO  RandomForest fitted: 519 samples, 10 features, 100 trees.
19:08:24  src.cpcv.pipeline  INFO    [158/168]        random_forest (seed=1) F1=0.369  AUC=0.522  LL=0.6905 (0.4s)
19:08:25  src.cpcv.models.tree_models  INFO  RandomForest fitted: 519 samples, 10 features, 100 trees.
19:08:25  src.cpcv.pipeline  INFO    [159/168]        random_forest (seed=2) F1=0.347  AUC=0.519  LL=0.6911 (0.4s)
19:08:25  src.cpcv.models.tree_models  INFO  XGBoost fitted: 519 samples, early stopped at iteration 11/300.
19:08:25  src.cpcv.pipeline  INFO    [160/168]              xgboost (seed=0) F1=0.491  AUC=0.509  LL=0.6981 (0.1s)
19:08:25  src.cpcv.models.tree_models  INFO  XGBoost fitted: 519 samples, early stopped at iteration 1/300.
19:08:25  src.cpcv.pipeline  INFO    [161/168]              xgboost (seed=1) F1=0.347  AUC=0.473  LL=0.6912 (0.1s)
19:08:25  src.cpcv.models.tree_models  INFO  XGBoost fitted: 519 samples, early stopped at iteration 8/300.
19:08:25  src.cpcv.pipeline  INFO    [162/168]              xgboost (seed=2) F1=0.490  AUC=0.519  LL=0.6922 (0.1s)
19:08:25  src.cpcv.preprocessing  INFO  Computing MDA (Random Forest)...
19:08:54  src.cpcv.preprocessing  INFO  Computing MDA (Logistic Regression)...
19:08:55  src.cpcv.preprocessing  INFO  Multi-model MDA: 32/73 passed (MDA > 0), 41 eliminated
19:08:55  src.cpcv.preprocessing  INFO    Capped at 10 features (top_k_frac=0.15)
19:08:55  src.cpcv.preprocessing  INFO    Selected (10): ['ema_ratio_50_200', 'eth_btc_ratio', 'exchange_supply_pct', 'gold_ret_14', 'log_returns_lag21', 'mfi_14', 'roc_14', 'us10y', 'us2y', 'vol_term_7_30']
19:08:55  src.cpcv.pipeline  INFO    Preprocessing: 10 features selected, train=531 + cal=133, test=295
19:08:55  src.cpcv.tuning  INFO  Tuning (2 models) — Optuna TPE + Purged K-Fold (inner: 3 folds, embargo=10 obs)
19:08:55  src.cpcv.tuning  INFO    [tuning] random_forest: 3 purged K-fold splits, 30 Optuna trials (TPE)
19:09:47  src.cpcv.tuning  INFO      random_forest: 29 completed, 1 pruned (of 30 total) — best log_loss=0.6770, params={'n_estimators': 200, 'max_depth': 4, 'min_samples_leaf': 22, 'max_features': 'log2'}
19:09:47  src.cpcv.tuning  INFO    [tuning] random_forest done in 51.2s — best log_loss=0.6770
19:09:47  src.cpcv.tuning  INFO    [tuning] xgboost: 3 purged K-fold splits, 30 Optuna trials (TPE)
19:09:53  src.cpcv.tuning  INFO      xgboost: 19 completed, 11 pruned (of 30 total) — best log_loss=0.6756, params={'max_depth': 1, 'learning_rate': 0.01402334787698392, 'min_child_weight': 15, 'subsample': 0.9606892153791715, 'colsample_bytree': 0.7339147590930757, 'gamma': 0.12776349115610747, 'reg_alpha': 0.0008849299239384577, 'reg_lambda': 1.4984260363555303e-08}
19:09:53  src.cpcv.tuning  INFO    [tuning] xgboost done in 6.2s — best log_loss=0.6756
19:09:53  src.cpcv.tuning  INFO  Tuning total: 57.4s
19:09:53  src.cpcv.pipeline  INFO      applied random_forest: {'n_estimators': 200, 'max_depth': 4, 'min_samples_leaf': 22, 'max_features': 'log2'}
19:09:53  src.cpcv.pipeline  INFO      applied xgboost: {'max_depth': 1, 'learning_rate': 0.01402334787698392, 'min_child_weight': 15, 'subsample': 0.9606892153791715, 'colsample_bytree': 0.7339147590930757, 'gamma': 0.12776349115610747, 'reg_alpha': 0.0008849299239384577, 'reg_lambda': 1.4984260363555303e-08}
19:09:53  src.cpcv.models.tree_models  INFO  RandomForest fitted: 531 samples, 10 features, 200 trees.
19:09:54  src.cpcv.pipeline  INFO    [163/168]        random_forest (seed=0) F1=0.337  AUC=0.473  LL=0.8559 (0.8s)
19:09:54  src.cpcv.models.tree_models  INFO  RandomForest fitted: 531 samples, 10 features, 200 trees.
19:09:54  src.cpcv.pipeline  INFO    [164/168]        random_forest (seed=1) F1=0.398  AUC=0.452  LL=0.8000 (0.8s)
19:09:55  src.cpcv.models.tree_models  INFO  RandomForest fitted: 531 samples, 10 features, 200 trees.
19:09:55  src.cpcv.pipeline  INFO    [165/168]        random_forest (seed=2) F1=0.335  AUC=0.472  LL=0.8248 (0.7s)
19:09:55  src.cpcv.models.tree_models  INFO  XGBoost fitted: 531 samples, early stopped at iteration 299/300.
19:09:55  src.cpcv.pipeline  INFO    [166/168]              xgboost (seed=0) F1=0.445  AUC=0.441  LL=0.7356 (0.2s)
19:09:55  src.cpcv.models.tree_models  INFO  XGBoost fitted: 531 samples, early stopped at iteration 296/300.
19:09:55  src.cpcv.pipeline  INFO    [167/168]              xgboost (seed=1) F1=0.451  AUC=0.431  LL=0.7409 (0.2s)
19:09:56  src.cpcv.models.tree_models  INFO  XGBoost fitted: 531 samples, early stopped at iteration 299/300.
19:09:56  src.cpcv.pipeline  INFO    [168/168]              xgboost (seed=2) F1=0.430  AUC=0.427  LL=0.7365 (0.2s)
19:09:56  src.cpcv.pipeline  INFO  ============================================================
19:09:56  src.cpcv.pipeline  INFO  CPCV Pipeline Complete
19:09:56  src.cpcv.pipeline  INFO  ============================================================
19:09:56  src.cpcv.pipeline  INFO    Total time:     2357.9s (39.3m)
19:09:56  src.cpcv.pipeline  INFO    Tasks:          168 succeeded, 0 failed
19:09:56  src.cpcv.pipeline  INFO    Results keys:   168 (model, split, seed) entries
19:09:56  src.cpcv.pipeline  INFO    Backtest paths: 7
19:09:56  src.cpcv.pipeline  INFO    Tuning:         nested (per-split), 28 splits tuned, models=['random_forest', 'xgboost']
19:09:56  src.cpcv.pipeline  INFO  ============================================================
19:09:56  src.cpcv.pipeline  INFO  ============================================================
19:09:56  src.cpcv.pipeline  INFO  CPCV Pipeline
19:09:56  src.cpcv.pipeline  INFO  ============================================================
19:09:56  src.cpcv.pipeline  INFO    Models:         ['lstm']
19:09:56  src.cpcv.pipeline  INFO    Seeds/fold:     3
19:09:56  src.cpcv.pipeline  INFO    Groups (N):     8
19:09:56  src.cpcv.pipeline  INFO    Test groups (k):2
19:09:56  src.cpcv.pipeline  INFO    Embargo:        1.0%
19:09:56  src.cpcv.pipeline  INFO    FFD columns:    ['atr']
19:09:56  src.cpcv.pipeline  INFO    Samples:        1159
19:09:56  src.cpcv.pipeline  INFO    Features:       73
19:09:56  src.cpcv.pipeline  INFO    Splits:         28, Paths: 7
19:09:56  src.cpcv.pipeline  INFO    Tuning:         NESTED (per-split) — ['lstm'] [30 trials]
19:09:56  src.cpcv.pipeline  INFO  ============================================================
19:09:57  src.cpcv.preprocessing  INFO  Computing MDA (Random Forest)...
19:10:27  src.cpcv.preprocessing  INFO  Computing MDA (Logistic Regression)...
19:10:28  src.cpcv.preprocessing  INFO  Multi-model MDA: 59/73 passed (MDA > 0), 14 eliminated
19:10:28  src.cpcv.preprocessing  INFO    Capped at 10 features (top_k_frac=0.15)
19:10:28  src.cpcv.preprocessing  INFO    Selected (10): ['eth_btc_ratio', 'exchange_supply_pct', 'gk_vol', 'gold_ret_30', 'jarque_bera', 'log_returns_lag1', 'nasdaq_ret_14', 'natgas_ret_30', 'skewness', 'sp500_ret_14']
19:10:28  src.cpcv.pipeline  INFO    Preprocessing: 10 features selected, train=688 + cal=172, test=89
19:10:28  src.cpcv.tuning  INFO  Tuning (1 model) — Optuna TPE + Purged K-Fold (inner: 3 folds, embargo=10 obs)
19:10:28  src.cpcv.tuning  INFO    [tuning] lstm: 3 purged K-fold splits, 30 Optuna trials (TPE)
19:11:28  src.cpcv.tuning  INFO      lstm: 26 completed, 4 pruned (of 30 total) — best log_loss=0.6749, params={'hidden_size': 32, 'dropout': 0.29375820477981235, 'learning_rate': 0.03218056250896007}
19:11:28  src.cpcv.tuning  INFO    [tuning] lstm done in 60.2s — best log_loss=0.6749
19:11:28  src.cpcv.tuning  INFO  Tuning total: 60.2s
19:11:28  src.cpcv.pipeline  INFO      applied lstm: {'hidden_size': 32, 'num_layers': 1, 'dropout': 0.29375820477981235, 'learning_rate': 0.03218056250896007}
19:11:30  src.cpcv.pipeline  INFO    [  1/84]                 lstm (seed=0) F1=0.513  AUC=0.480  LL=0.7041 (1.3s)
19:11:31  src.cpcv.pipeline  INFO    [  2/84]                 lstm (seed=1) F1=0.584  AUC=0.533  LL=0.6735 (1.4s)
19:11:33  src.cpcv.pipeline  INFO    [  3/84]                 lstm (seed=2) F1=0.429  AUC=0.494  LL=0.7149 (1.8s)
19:11:33  src.cpcv.preprocessing  INFO  Computing MDA (Random Forest)...
19:12:06  src.cpcv.preprocessing  INFO  Computing MDA (Logistic Regression)...
19:12:08  src.cpcv.preprocessing  INFO  Multi-model MDA: 47/73 passed (MDA > 0), 26 eliminated
19:12:08  src.cpcv.preprocessing  INFO    Capped at 10 features (top_k_frac=0.15)
19:12:08  src.cpcv.preprocessing  INFO    Selected (10): ['dxy_roc_30', 'ema_ratio_50_200', 'fee_per_tx', 'gold_ret_30', 'log_returns', 'macd_hist', 'natgas_ret_14', 'roc_14', 'shannon_entropy', 'silver_ret_30']
19:12:08  src.cpcv.pipeline  INFO    Preprocessing: 10 features selected, train=643 + cal=161, test=144
19:12:08  src.cpcv.tuning  INFO  Tuning (1 model) — Optuna TPE + Purged K-Fold (inner: 3 folds, embargo=10 obs)
19:12:08  src.cpcv.tuning  INFO    [tuning] lstm: 3 purged K-fold splits, 30 Optuna trials (TPE)
19:12:55  src.cpcv.tuning  INFO      lstm: 12 completed, 18 pruned (of 30 total) — best log_loss=0.6846, params={'hidden_size': 16, 'dropout': 0.2770187839493781, 'learning_rate': 0.014950619831987809}
19:12:55  src.cpcv.tuning  INFO    [tuning] lstm done in 47.1s — best log_loss=0.6846
19:12:55  src.cpcv.tuning  INFO  Tuning total: 47.1s
19:12:55  src.cpcv.pipeline  INFO      applied lstm: {'hidden_size': 16, 'num_layers': 1, 'dropout': 0.2770187839493781, 'learning_rate': 0.014950619831987809}
19:12:56  src.cpcv.pipeline  INFO    [  4/84]                 lstm (seed=0) F1=0.321  AUC=0.607  LL=0.7272 (1.2s)
19:12:57  src.cpcv.pipeline  INFO    [  5/84]                 lstm (seed=1) F1=0.353  AUC=0.554  LL=0.7604 (1.2s)
19:12:59  src.cpcv.pipeline  INFO    [  6/84]                 lstm (seed=2) F1=0.349  AUC=0.553  LL=0.7245 (1.5s)
19:12:59  src.cpcv.preprocessing  INFO  Computing MDA (Random Forest)...
19:13:32  src.cpcv.preprocessing  INFO  Computing MDA (Logistic Regression)...
19:13:34  src.cpcv.preprocessing  INFO  Multi-model MDA: 26/73 passed (MDA > 0), 47 eliminated
19:13:34  src.cpcv.preprocessing  INFO    Capped at 10 features (top_k_frac=0.15)
19:13:34  src.cpcv.preprocessing  INFO    Selected (10): ['eth_btc_ratio', 'exchange_supply_pct', 'gold_ret_14', 'gold_ret_30', 'log_returns_lag1', 'log_returns_lag21', 'log_returns_lag7', 'skewness', 'sp500_ret_30', 'stoch_d']
19:13:34  src.cpcv.pipeline  INFO    Preprocessing: 10 features selected, train=644 + cal=161, test=144
19:13:34  src.cpcv.tuning  INFO  Tuning (1 model) — Optuna TPE + Purged K-Fold (inner: 3 folds, embargo=10 obs)
19:13:34  src.cpcv.tuning  INFO    [tuning] lstm: 3 purged K-fold splits, 30 Optuna trials (TPE)
19:14:38  src.cpcv.tuning  INFO      lstm: 21 completed, 9 pruned (of 30 total) — best log_loss=0.6793, params={'hidden_size': 16, 'dropout': 0.49914665269577724, 'learning_rate': 0.00396289113680852}
19:14:38  src.cpcv.tuning  INFO    [tuning] lstm done in 64.8s — best log_loss=0.6793
19:14:38  src.cpcv.tuning  INFO  Tuning total: 64.8s
19:14:38  src.cpcv.pipeline  INFO      applied lstm: {'hidden_size': 16, 'num_layers': 1, 'dropout': 0.49914665269577724, 'learning_rate': 0.00396289113680852}
19:14:40  src.cpcv.pipeline  INFO    [  7/84]                 lstm (seed=0) F1=0.358  AUC=0.430  LL=0.6922 (1.2s)
19:14:41  src.cpcv.pipeline  INFO    [  8/84]                 lstm (seed=1) F1=0.358  AUC=0.486  LL=0.6873 (1.2s)
19:14:42  src.cpcv.pipeline  INFO    [  9/84]                 lstm (seed=2) F1=0.358  AUC=0.442  LL=0.6871 (1.6s)
19:14:43  src.cpcv.preprocessing  INFO  Computing MDA (Random Forest)...
19:15:16  src.cpcv.preprocessing  INFO  Computing MDA (Logistic Regression)...
19:15:18  src.cpcv.preprocessing  INFO  Multi-model MDA: 18/73 passed (MDA > 0), 55 eliminated
19:15:18  src.cpcv.preprocessing  INFO    Capped at 10 features (top_k_frac=0.15)
19:15:18  src.cpcv.preprocessing  INFO    Selected (10): ['bb_width', 'eth_btc_ratio', 'jarque_bera', 'log_returns_lag21', 'macd_hist', 'mfi_14', 'sadf', 'shannon_entropy', 'skewness', 'vix']
19:15:18  src.cpcv.pipeline  INFO    Preprocessing: 10 features selected, train=644 + cal=161, test=144
19:15:18  src.cpcv.tuning  INFO  Tuning (1 model) — Optuna TPE + Purged K-Fold (inner: 3 folds, embargo=10 obs)
19:15:18  src.cpcv.tuning  INFO    [tuning] lstm: 3 purged K-fold splits, 30 Optuna trials (TPE)
19:16:12  src.cpcv.tuning  INFO      lstm: 16 completed, 14 pruned (of 30 total) — best log_loss=0.6829, params={'hidden_size': 32, 'dropout': 0.2967167390809731, 'learning_rate': 0.010786042375947597}
19:16:12  src.cpcv.tuning  INFO    [tuning] lstm done in 54.1s — best log_loss=0.6829
19:16:12  src.cpcv.tuning  INFO  Tuning total: 54.1s
19:16:12  src.cpcv.pipeline  INFO      applied lstm: {'hidden_size': 32, 'num_layers': 1, 'dropout': 0.2967167390809731, 'learning_rate': 0.010786042375947597}
19:16:13  src.cpcv.pipeline  INFO    [ 10/84]                 lstm (seed=0) F1=0.376  AUC=0.570  LL=0.6749 (1.3s)
19:16:14  src.cpcv.pipeline  INFO    [ 11/84]                 lstm (seed=1) F1=0.376  AUC=0.512  LL=0.6750 (1.3s)
19:16:16  src.cpcv.pipeline  INFO    [ 12/84]                 lstm (seed=2) F1=0.376  AUC=0.555  LL=0.6739 (1.5s)
19:16:16  src.cpcv.preprocessing  INFO  Computing MDA (Random Forest)...
19:16:50  src.cpcv.preprocessing  INFO  Computing MDA (Logistic Regression)...
19:16:51  src.cpcv.preprocessing  INFO  Multi-model MDA: 11/73 passed (MDA > 0), 62 eliminated
19:16:51  src.cpcv.preprocessing  INFO    Capped at 10 features (top_k_frac=0.15)
19:16:51  src.cpcv.preprocessing  INFO    Selected (10): ['copper_ret_30', 'eth_btc_ratio', 'exchange_supply_pct', 'mvrv', 'nasdaq_ret_14', 'rsi', 'silver_ret_14', 'skewness', 'vix', 'williams_r']
19:16:51  src.cpcv.pipeline  INFO    Preprocessing: 10 features selected, train=642 + cal=161, test=144
19:16:51  src.cpcv.tuning  INFO  Tuning (1 model) — Optuna TPE + Purged K-Fold (inner: 3 folds, embargo=10 obs)
19:16:51  src.cpcv.tuning  INFO    [tuning] lstm: 3 purged K-fold splits, 30 Optuna trials (TPE)
19:17:46  src.cpcv.tuning  INFO      lstm: 21 completed, 9 pruned (of 30 total) — best log_loss=0.6915, params={'hidden_size': 16, 'dropout': 0.4802857225639665, 'learning_rate': 0.009454306819536176}
19:17:46  src.cpcv.tuning  INFO    [tuning] lstm done in 55.0s — best log_loss=0.6915
19:17:46  src.cpcv.tuning  INFO  Tuning total: 55.0s
19:17:46  src.cpcv.pipeline  INFO      applied lstm: {'hidden_size': 16, 'num_layers': 1, 'dropout': 0.4802857225639665, 'learning_rate': 0.009454306819536176}
19:17:48  src.cpcv.pipeline  INFO    [ 13/84]                 lstm (seed=0) F1=0.517  AUC=0.570  LL=0.7395 (1.4s)
19:17:49  src.cpcv.pipeline  INFO    [ 14/84]                 lstm (seed=1) F1=0.341  AUC=0.584  LL=0.7431 (1.0s)
19:17:50  src.cpcv.pipeline  INFO    [ 15/84]                 lstm (seed=2) F1=0.325  AUC=0.536  LL=0.7053 (1.2s)
19:17:50  src.cpcv.preprocessing  INFO  Computing MDA (Random Forest)...
19:18:24  src.cpcv.preprocessing  INFO  Computing MDA (Logistic Regression)...
19:18:25  src.cpcv.preprocessing  INFO  Multi-model MDA: 6/73 passed (MDA > 0), 67 eliminated
19:18:25  src.cpcv.preprocessing  INFO    Selected (6): ['ema_ratio_50_200', 'eth_btc_ratio', 'jarque_bera', 'kurtosis', 'skewness', 'sp500_ret_14']
19:18:25  src.cpcv.pipeline  INFO    Preprocessing: 6 features selected, train=643 + cal=161, test=144
19:18:25  src.cpcv.tuning  INFO  Tuning (1 model) — Optuna TPE + Purged K-Fold (inner: 3 folds, embargo=10 obs)
19:18:25  src.cpcv.tuning  INFO    [tuning] lstm: 3 purged K-fold splits, 30 Optuna trials (TPE)
19:19:29  src.cpcv.tuning  INFO      lstm: 23 completed, 7 pruned (of 30 total) — best log_loss=0.6702, params={'hidden_size': 32, 'dropout': 0.18562385697799177, 'learning_rate': 0.003821688550059677}
19:19:29  src.cpcv.tuning  INFO    [tuning] lstm done in 64.2s — best log_loss=0.6702
19:19:29  src.cpcv.tuning  INFO  Tuning total: 64.2s
19:19:29  src.cpcv.pipeline  INFO      applied lstm: {'hidden_size': 32, 'num_layers': 1, 'dropout': 0.18562385697799177, 'learning_rate': 0.003821688550059677}
19:19:31  src.cpcv.pipeline  INFO    [ 16/84]                 lstm (seed=0) F1=0.595  AUC=0.575  LL=0.6942 (1.9s)
19:19:34  src.cpcv.pipeline  INFO    [ 17/84]                 lstm (seed=1) F1=0.542  AUC=0.566  LL=0.7489 (2.9s)
19:19:36  src.cpcv.pipeline  INFO    [ 18/84]                 lstm (seed=2) F1=0.556  AUC=0.559  LL=0.7135 (2.1s)
19:19:36  src.cpcv.preprocessing  INFO  Computing MDA (Random Forest)...
19:20:10  src.cpcv.preprocessing  INFO  Computing MDA (Logistic Regression)...
19:20:11  src.cpcv.preprocessing  INFO  Multi-model MDA: 26/73 passed (MDA > 0), 47 eliminated
19:20:11  src.cpcv.preprocessing  INFO    Capped at 10 features (top_k_frac=0.15)
19:20:11  src.cpcv.preprocessing  INFO    Selected (10): ['bb_width', 'kurtosis', 'log_returns_lag14', 'log_returns_lag5', 'log_returns_lag6', 'natgas_ret_30', 'oil_ret_14', 'skewness', 'variance_ratio', 'vol_term_30_90']
19:20:11  src.cpcv.pipeline  INFO    Preprocessing: 10 features selected, train=644 + cal=162, test=151
19:20:11  src.cpcv.tuning  INFO  Tuning (1 model) — Optuna TPE + Purged K-Fold (inner: 3 folds, embargo=10 obs)
19:20:11  src.cpcv.tuning  INFO    [tuning] lstm: 3 purged K-fold splits, 30 Optuna trials (TPE)
19:21:01  src.cpcv.tuning  INFO      lstm: 7 completed, 23 pruned (of 30 total) — best log_loss=0.6736, params={'hidden_size': 16, 'dropout': 0.4802857225639665, 'learning_rate': 0.009454306819536176}
19:21:01  src.cpcv.tuning  INFO    [tuning] lstm done in 49.6s — best log_loss=0.6736
19:21:01  src.cpcv.tuning  INFO  Tuning total: 49.6s
19:21:01  src.cpcv.pipeline  INFO      applied lstm: {'hidden_size': 16, 'num_layers': 1, 'dropout': 0.4802857225639665, 'learning_rate': 0.009454306819536176}
19:21:03  src.cpcv.pipeline  INFO    [ 19/84]                 lstm (seed=0) F1=0.463  AUC=0.520  LL=0.7512 (1.6s)
19:21:04  src.cpcv.pipeline  INFO    [ 20/84]                 lstm (seed=1) F1=0.539  AUC=0.573  LL=0.6778 (1.3s)
19:21:05  src.cpcv.pipeline  INFO    [ 21/84]                 lstm (seed=2) F1=0.500  AUC=0.544  LL=0.6864 (1.2s)
19:21:05  src.cpcv.preprocessing  INFO  Computing MDA (Random Forest)...
19:21:34  src.cpcv.preprocessing  INFO  Computing MDA (Logistic Regression)...
19:21:35  src.cpcv.preprocessing  INFO  Multi-model MDA: 66/73 passed (MDA > 0), 7 eliminated
19:21:35  src.cpcv.preprocessing  INFO    Capped at 10 features (top_k_frac=0.15)
19:21:35  src.cpcv.preprocessing  INFO    Selected (10): ['bb_width', 'dxy_roc_30', 'nasdaq_ret_14', 'net_exchange_flow', 'oil_ret_14', 'realized_vol', 'silver_ret_30', 'sp500_ret_14', 'stoch_k', 'yield_curve_2y10y']
19:21:35  src.cpcv.pipeline  INFO    Preprocessing: 10 features selected, train=572 + cal=144, test=233
19:21:35  src.cpcv.tuning  INFO  Tuning (1 model) — Optuna TPE + Purged K-Fold (inner: 3 folds, embargo=10 obs)
19:21:35  src.cpcv.tuning  INFO    [tuning] lstm: 3 purged K-fold splits, 30 Optuna trials (TPE)
19:22:17  src.cpcv.tuning  INFO      lstm: 12 completed, 18 pruned (of 30 total) — best log_loss=0.6825, params={'hidden_size': 32, 'dropout': 0.10435193007067961, 'learning_rate': 0.04492804320059423}
19:22:17  src.cpcv.tuning  INFO    [tuning] lstm done in 41.2s — best log_loss=0.6825
19:22:17  src.cpcv.tuning  INFO  Tuning total: 41.2s
19:22:17  src.cpcv.pipeline  INFO      applied lstm: {'hidden_size': 32, 'num_layers': 1, 'dropout': 0.10435193007067961, 'learning_rate': 0.04492804320059423}
19:22:18  src.cpcv.pipeline  INFO    [ 22/84]                 lstm (seed=0) F1=0.528  AUC=0.559  LL=0.6945 (1.1s)
19:22:19  src.cpcv.pipeline  INFO    [ 23/84]                 lstm (seed=1) F1=0.335  AUC=0.445  LL=0.7251 (1.1s)
19:22:20  src.cpcv.pipeline  INFO    [ 24/84]                 lstm (seed=2) F1=0.530  AUC=0.564  LL=0.7140 (1.3s)
19:22:21  src.cpcv.preprocessing  INFO  Computing MDA (Random Forest)...
19:22:50  src.cpcv.preprocessing  INFO  Computing MDA (Logistic Regression)...
19:22:51  src.cpcv.preprocessing  INFO  Multi-model MDA: 43/73 passed (MDA > 0), 30 eliminated
19:22:51  src.cpcv.preprocessing  INFO    Capped at 10 features (top_k_frac=0.15)
19:22:51  src.cpcv.preprocessing  INFO    Selected (10): ['cci_14', 'copper_ret_14', 'dxy_roc_30', 'eth_btc_ratio', 'jarque_bera', 'log_returns_lag1', 'log_returns_lag2', 'log_returns_lag6', 'shannon_entropy', 'stoch_d']
19:22:51  src.cpcv.pipeline  INFO    Preprocessing: 10 features selected, train=564 + cal=141, test=233
19:22:51  src.cpcv.tuning  INFO  Tuning (1 model) — Optuna TPE + Purged K-Fold (inner: 3 folds, embargo=10 obs)
19:22:51  src.cpcv.tuning  INFO    [tuning] lstm: 3 purged K-fold splits, 30 Optuna trials (TPE)
19:23:33  src.cpcv.tuning  INFO      lstm: 13 completed, 17 pruned (of 30 total) — best log_loss=0.6894, params={'hidden_size': 32, 'dropout': 0.26914953388502993, 'learning_rate': 0.04858865955689168}
19:23:33  src.cpcv.tuning  INFO    [tuning] lstm done in 42.1s — best log_loss=0.6894
19:23:33  src.cpcv.tuning  INFO  Tuning total: 42.1s
19:23:33  src.cpcv.pipeline  INFO      applied lstm: {'hidden_size': 32, 'num_layers': 1, 'dropout': 0.26914953388502993, 'learning_rate': 0.04858865955689168}
19:23:34  src.cpcv.pipeline  INFO    [ 25/84]                 lstm (seed=0) F1=0.483  AUC=0.518  LL=0.6938 (1.3s)
19:23:35  src.cpcv.pipeline  INFO    [ 26/84]                 lstm (seed=1) F1=0.460  AUC=0.507  LL=0.7052 (1.3s)
19:23:37  src.cpcv.pipeline  INFO    [ 27/84]                 lstm (seed=2) F1=0.492  AUC=0.447  LL=0.7204 (1.2s)
19:23:37  src.cpcv.preprocessing  INFO  Computing MDA (Random Forest)...
19:24:07  src.cpcv.preprocessing  INFO  Computing MDA (Logistic Regression)...
19:24:08  src.cpcv.preprocessing  INFO  Multi-model MDA: 30/73 passed (MDA > 0), 43 eliminated
19:24:08  src.cpcv.preprocessing  INFO    Capped at 10 features (top_k_frac=0.15)
19:24:08  src.cpcv.preprocessing  INFO    Selected (10): ['chaikin_osc', 'ema_ratio_50_200', 'eth_btc_ratio', 'gk_vol', 'gold_ret_14', 'jarque_bera', 'log_returns_lag21', 'sp500_ret_30', 'us2y', 'vwma_ratio_20_50']
19:24:08  src.cpcv.pipeline  INFO    Preprocessing: 10 features selected, train=564 + cal=141, test=233
19:24:08  src.cpcv.tuning  INFO  Tuning (1 model) — Optuna TPE + Purged K-Fold (inner: 3 folds, embargo=10 obs)
19:24:08  src.cpcv.tuning  INFO    [tuning] lstm: 3 purged K-fold splits, 30 Optuna trials (TPE)
19:24:48  src.cpcv.tuning  INFO      lstm: 10 completed, 20 pruned (of 30 total) — best log_loss=0.6869, params={'hidden_size': 32, 'dropout': 0.13326957313118154, 'learning_rate': 0.030016367338472565}
19:24:48  src.cpcv.tuning  INFO    [tuning] lstm done in 39.9s — best log_loss=0.6869
19:24:48  src.cpcv.tuning  INFO  Tuning total: 39.9s
19:24:48  src.cpcv.pipeline  INFO      applied lstm: {'hidden_size': 32, 'num_layers': 1, 'dropout': 0.13326957313118154, 'learning_rate': 0.030016367338472565}
19:24:49  src.cpcv.pipeline  INFO    [ 28/84]                 lstm (seed=0) F1=0.394  AUC=0.564  LL=0.7253 (1.2s)
19:24:50  src.cpcv.pipeline  INFO    [ 29/84]                 lstm (seed=1) F1=0.343  AUC=0.622  LL=0.8245 (1.3s)
19:24:51  src.cpcv.pipeline  INFO    [ 30/84]                 lstm (seed=2) F1=0.319  AUC=0.534  LL=0.7116 (1.2s)
19:24:52  src.cpcv.preprocessing  INFO  Computing MDA (Random Forest)...
19:25:21  src.cpcv.preprocessing  INFO  Computing MDA (Logistic Regression)...
19:25:22  src.cpcv.preprocessing  INFO  Multi-model MDA: 25/73 passed (MDA > 0), 48 eliminated
19:25:22  src.cpcv.preprocessing  INFO    Capped at 10 features (top_k_frac=0.15)
19:25:22  src.cpcv.preprocessing  INFO    Selected (10): ['active_addr_roc_14', 'chaikin_osc', 'fee_per_tx', 'gk_vol', 'log_returns_lag1', 'macd_hist', 'net_exchange_flow', 'sp500_ret_14', 'stoch_k', 'vol_term_30_90']
19:25:22  src.cpcv.pipeline  INFO    Preprocessing: 10 features selected, train=562 + cal=141, test=233
19:25:22  src.cpcv.tuning  INFO  Tuning (1 model) — Optuna TPE + Purged K-Fold (inner: 3 folds, embargo=10 obs)
19:25:22  src.cpcv.tuning  INFO    [tuning] lstm: 3 purged K-fold splits, 30 Optuna trials (TPE)
19:26:17  src.cpcv.tuning  INFO      lstm: 23 completed, 7 pruned (of 30 total) — best log_loss=0.6855, params={'hidden_size': 32, 'dropout': 0.3756623291939448, 'learning_rate': 0.0005527704770775377}
19:26:17  src.cpcv.tuning  INFO    [tuning] lstm done in 54.6s — best log_loss=0.6855
19:26:17  src.cpcv.tuning  INFO  Tuning total: 54.6s
19:26:17  src.cpcv.pipeline  INFO      applied lstm: {'hidden_size': 32, 'num_layers': 1, 'dropout': 0.3756623291939448, 'learning_rate': 0.0005527704770775377}
19:26:19  src.cpcv.pipeline  INFO    [ 31/84]                 lstm (seed=0) F1=0.389  AUC=0.503  LL=0.6916 (2.6s)
19:26:22  src.cpcv.pipeline  INFO    [ 32/84]                 lstm (seed=1) F1=0.396  AUC=0.474  LL=0.6954 (2.8s)
19:26:26  src.cpcv.pipeline  INFO    [ 33/84]                 lstm (seed=2) F1=0.404  AUC=0.499  LL=0.6912 (4.1s)
19:26:27  src.cpcv.preprocessing  INFO  Computing MDA (Random Forest)...
19:26:55  src.cpcv.preprocessing  INFO  Computing MDA (Logistic Regression)...
19:26:56  src.cpcv.preprocessing  INFO  Multi-model MDA: 32/73 passed (MDA > 0), 41 eliminated
19:26:56  src.cpcv.preprocessing  INFO    Capped at 10 features (top_k_frac=0.15)
19:26:56  src.cpcv.preprocessing  INFO    Selected (10): ['bb_width', 'copper_ret_30', 'dxy_roc_30', 'eth_btc_ratio', 'fee_per_tx', 'log_returns_lag2', 'log_returns_lag7', 'skewness', 'us2y', 'vix']
19:26:56  src.cpcv.pipeline  INFO    Preprocessing: 10 features selected, train=563 + cal=141, test=233
19:26:56  src.cpcv.tuning  INFO  Tuning (1 model) — Optuna TPE + Purged K-Fold (inner: 3 folds, embargo=10 obs)
19:26:56  src.cpcv.tuning  INFO    [tuning] lstm: 3 purged K-fold splits, 30 Optuna trials (TPE)
19:27:36  src.cpcv.tuning  INFO      lstm: 12 completed, 18 pruned (of 30 total) — best log_loss=0.6694, params={'hidden_size': 16, 'dropout': 0.25398716124895465, 'learning_rate': 0.0021601884876807226}
19:27:36  src.cpcv.tuning  INFO    [tuning] lstm done in 39.3s — best log_loss=0.6694
19:27:36  src.cpcv.tuning  INFO  Tuning total: 39.3s
19:27:36  src.cpcv.pipeline  INFO      applied lstm: {'hidden_size': 16, 'num_layers': 1, 'dropout': 0.25398716124895465, 'learning_rate': 0.0021601884876807226}
19:27:37  src.cpcv.pipeline  INFO    [ 34/84]                 lstm (seed=0) F1=0.501  AUC=0.542  LL=1.1098 (1.2s)
19:27:38  src.cpcv.pipeline  INFO    [ 35/84]                 lstm (seed=1) F1=0.513  AUC=0.524  LL=0.6957 (1.3s)
19:27:39  src.cpcv.pipeline  INFO    [ 36/84]                 lstm (seed=2) F1=0.479  AUC=0.591  LL=0.9199 (0.9s)
19:27:39  src.cpcv.preprocessing  INFO  Computing MDA (Random Forest)...
19:28:09  src.cpcv.preprocessing  INFO  Computing MDA (Logistic Regression)...
19:28:10  src.cpcv.preprocessing  INFO  Multi-model MDA: 51/73 passed (MDA > 0), 22 eliminated
19:28:10  src.cpcv.preprocessing  INFO    Capped at 10 features (top_k_frac=0.15)
19:28:10  src.cpcv.preprocessing  INFO    Selected (10): ['copper_ret_14', 'eth_btc_ratio', 'gk_vol', 'kurtosis', 'log_returns_lag21', 'log_returns_lag6', 'log_returns_lag7', 'mvrv', 'roc_14', 'sp500_ret_30']
19:28:10  src.cpcv.pipeline  INFO    Preprocessing: 10 features selected, train=564 + cal=142, test=240
19:28:10  src.cpcv.tuning  INFO  Tuning (1 model) — Optuna TPE + Purged K-Fold (inner: 3 folds, embargo=10 obs)
19:28:10  src.cpcv.tuning  INFO    [tuning] lstm: 3 purged K-fold splits, 30 Optuna trials (TPE)
19:28:51  src.cpcv.tuning  INFO      lstm: 18 completed, 12 pruned (of 30 total) — best log_loss=0.6861, params={'hidden_size': 32, 'dropout': 0.49887816526967166, 'learning_rate': 0.022543334806534723}
19:28:51  src.cpcv.tuning  INFO    [tuning] lstm done in 41.5s — best log_loss=0.6861
19:28:51  src.cpcv.tuning  INFO  Tuning total: 41.5s
19:28:51  src.cpcv.pipeline  INFO      applied lstm: {'hidden_size': 32, 'num_layers': 1, 'dropout': 0.49887816526967166, 'learning_rate': 0.022543334806534723}
19:28:53  src.cpcv.pipeline  INFO    [ 37/84]                 lstm (seed=0) F1=0.368  AUC=0.570  LL=0.6832 (1.4s)
19:28:54  src.cpcv.pipeline  INFO    [ 38/84]                 lstm (seed=1) F1=0.368  AUC=0.552  LL=0.6837 (1.3s)
19:28:55  src.cpcv.pipeline  INFO    [ 39/84]                 lstm (seed=2) F1=0.418  AUC=0.553  LL=0.6745 (1.3s)
19:28:56  src.cpcv.preprocessing  INFO  Computing MDA (Random Forest)...
19:29:25  src.cpcv.preprocessing  INFO  Computing MDA (Logistic Regression)...
19:29:26  src.cpcv.preprocessing  INFO  Multi-model MDA: 47/73 passed (MDA > 0), 26 eliminated
19:29:26  src.cpcv.preprocessing  INFO    Capped at 10 features (top_k_frac=0.15)
19:29:26  src.cpcv.preprocessing  INFO    Selected (10): ['cci_14', 'copper_ret_14', 'log_returns_lag2', 'log_returns_lag7', 'macd', 'negentropy', 'obv', 'realized_vol', 'rsi', 'vol_term_30_90']
19:29:26  src.cpcv.pipeline  INFO    Preprocessing: 10 features selected, train=528 + cal=132, test=288
19:29:26  src.cpcv.tuning  INFO  Tuning (1 model) — Optuna TPE + Purged K-Fold (inner: 3 folds, embargo=10 obs)
19:29:26  src.cpcv.tuning  INFO    [tuning] lstm: 3 purged K-fold splits, 30 Optuna trials (TPE)
19:30:19  src.cpcv.tuning  INFO      lstm: 27 completed, 3 pruned (of 30 total) — best log_loss=0.6836, params={'hidden_size': 32, 'dropout': 0.4531942238148171, 'learning_rate': 0.01997751246324374}
19:30:19  src.cpcv.tuning  INFO    [tuning] lstm done in 52.8s — best log_loss=0.6836
19:30:19  src.cpcv.tuning  INFO  Tuning total: 52.8s
19:30:19  src.cpcv.pipeline  INFO      applied lstm: {'hidden_size': 32, 'num_layers': 1, 'dropout': 0.4531942238148171, 'learning_rate': 0.01997751246324374}
19:30:20  src.cpcv.pipeline  INFO    [ 40/84]                 lstm (seed=0) F1=0.344  AUC=0.485  LL=0.6924 (1.0s)
19:30:23  src.cpcv.pipeline  INFO    [ 41/84]                 lstm (seed=1) F1=0.448  AUC=0.445  LL=0.8054 (2.9s)
19:30:25  src.cpcv.pipeline  INFO    [ 42/84]                 lstm (seed=2) F1=0.350  AUC=0.501  LL=0.8371 (1.5s)
19:30:25  src.cpcv.preprocessing  INFO  Computing MDA (Random Forest)...
19:30:53  src.cpcv.preprocessing  INFO  Computing MDA (Logistic Regression)...
19:30:55  src.cpcv.preprocessing  INFO  Multi-model MDA: 45/73 passed (MDA > 0), 28 eliminated
19:30:55  src.cpcv.preprocessing  INFO    Capped at 10 features (top_k_frac=0.15)
19:30:55  src.cpcv.preprocessing  INFO    Selected (10): ['active_addr_roc_14', 'bb_width', 'ema_ratio_50_200', 'eth_btc_ratio', 'gold_ret_14', 'rsi', 'silver_ret_14', 'skewness', 'vol_term_30_90', 'yield_curve_10y30y']
19:30:55  src.cpcv.pipeline  INFO    Preprocessing: 10 features selected, train=519 + cal=130, test=288
19:30:55  src.cpcv.tuning  INFO  Tuning (1 model) — Optuna TPE + Purged K-Fold (inner: 3 folds, embargo=10 obs)
19:30:55  src.cpcv.tuning  INFO    [tuning] lstm: 3 purged K-fold splits, 30 Optuna trials (TPE)
19:31:40  src.cpcv.tuning  INFO      lstm: 20 completed, 10 pruned (of 30 total) — best log_loss=0.6891, params={'hidden_size': 16, 'dropout': 0.3502553677302611, 'learning_rate': 0.047586200655108594}
19:31:40  src.cpcv.tuning  INFO    [tuning] lstm done in 45.7s — best log_loss=0.6891
19:31:40  src.cpcv.tuning  INFO  Tuning total: 45.7s
19:31:40  src.cpcv.pipeline  INFO      applied lstm: {'hidden_size': 16, 'num_layers': 1, 'dropout': 0.3502553677302611, 'learning_rate': 0.047586200655108594}
19:31:42  src.cpcv.pipeline  INFO    [ 43/84]                 lstm (seed=0) F1=0.469  AUC=0.469  LL=0.7367 (1.2s)
19:31:43  src.cpcv.pipeline  INFO    [ 44/84]                 lstm (seed=1) F1=0.350  AUC=0.531  LL=0.6921 (1.0s)
19:31:44  src.cpcv.pipeline  INFO    [ 45/84]                 lstm (seed=2) F1=0.452  AUC=0.500  LL=0.7262 (1.2s)
19:31:44  src.cpcv.preprocessing  INFO  Computing MDA (Random Forest)...
19:32:13  src.cpcv.preprocessing  INFO  Computing MDA (Logistic Regression)...
19:32:14  src.cpcv.preprocessing  INFO  Multi-model MDA: 58/73 passed (MDA > 0), 15 eliminated
19:32:14  src.cpcv.preprocessing  INFO    Capped at 10 features (top_k_frac=0.15)
19:32:14  src.cpcv.preprocessing  INFO    Selected (10): ['active_addr_roc_14', 'ema_ratio_20_50', 'log_returns_lag1', 'mvrv', 'natgas_ret_30', 'oil_ret_30', 'skewness', 'vol_term_30_90', 'yield_curve_10y30y', 'yz_vol']
19:32:14  src.cpcv.pipeline  INFO    Preprocessing: 10 features selected, train=517 + cal=130, test=288
19:32:14  src.cpcv.tuning  INFO  Tuning (1 model) — Optuna TPE + Purged K-Fold (inner: 3 folds, embargo=10 obs)
19:32:14  src.cpcv.tuning  INFO    [tuning] lstm: 3 purged K-fold splits, 30 Optuna trials (TPE)
19:33:12  src.cpcv.tuning  INFO      lstm: 29 completed, 1 pruned (of 30 total) — best log_loss=0.6858, params={'hidden_size': 32, 'dropout': 0.3318264197864259, 'learning_rate': 0.041307627952715115}
19:33:12  src.cpcv.tuning  INFO    [tuning] lstm done in 57.9s — best log_loss=0.6858
19:33:12  src.cpcv.tuning  INFO  Tuning total: 57.9s
19:33:12  src.cpcv.pipeline  INFO      applied lstm: {'hidden_size': 32, 'num_layers': 1, 'dropout': 0.3318264197864259, 'learning_rate': 0.041307627952715115}
19:33:13  src.cpcv.pipeline  INFO    [ 46/84]                 lstm (seed=0) F1=0.440  AUC=0.455  LL=0.7546 (1.2s)
19:33:15  src.cpcv.pipeline  INFO    [ 47/84]                 lstm (seed=1) F1=0.453  AUC=0.443  LL=0.7226 (1.3s)
19:33:16  src.cpcv.pipeline  INFO    [ 48/84]                 lstm (seed=2) F1=0.329  AUC=0.531  LL=0.6932 (1.0s)
19:33:16  src.cpcv.preprocessing  INFO  Computing MDA (Random Forest)...
19:33:45  src.cpcv.preprocessing  INFO  Computing MDA (Logistic Regression)...
19:33:46  src.cpcv.preprocessing  INFO  Multi-model MDA: 27/73 passed (MDA > 0), 46 eliminated
19:33:46  src.cpcv.preprocessing  INFO    Capped at 10 features (top_k_frac=0.15)
19:33:46  src.cpcv.preprocessing  INFO    Selected (10): ['cci_14', 'ema_ratio_20_50', 'eth_btc_ratio', 'net_exchange_flow', 'oil_ret_14', 'skewness', 'smt_exp', 'vol_term_7_30', 'williams_r', 'yield_curve_2y10y']
19:33:46  src.cpcv.pipeline  INFO    Preprocessing: 10 features selected, train=518 + cal=130, test=288
19:33:46  src.cpcv.tuning  INFO  Tuning (1 model) — Optuna TPE + Purged K-Fold (inner: 3 folds, embargo=10 obs)
19:33:46  src.cpcv.tuning  INFO    [tuning] lstm: 3 purged K-fold splits, 30 Optuna trials (TPE)
19:34:38  src.cpcv.tuning  INFO      lstm: 15 completed, 15 pruned (of 30 total) — best log_loss=0.6771, params={'hidden_size': 32, 'dropout': 0.11259309906544501, 'learning_rate': 0.02090110405563171}
19:34:38  src.cpcv.tuning  INFO    [tuning] lstm done in 51.4s — best log_loss=0.6771
19:34:38  src.cpcv.tuning  INFO  Tuning total: 51.4s
19:34:38  src.cpcv.pipeline  INFO      applied lstm: {'hidden_size': 32, 'num_layers': 1, 'dropout': 0.11259309906544501, 'learning_rate': 0.02090110405563171}
19:34:39  src.cpcv.pipeline  INFO    [ 49/84]                 lstm (seed=0) F1=0.464  AUC=0.480  LL=0.7115 (1.2s)
19:34:40  src.cpcv.pipeline  INFO    [ 50/84]                 lstm (seed=1) F1=0.416  AUC=0.490  LL=0.7051 (1.2s)
19:34:41  src.cpcv.pipeline  INFO    [ 51/84]                 lstm (seed=2) F1=0.458  AUC=0.499  LL=0.6930 (1.0s)
19:34:42  src.cpcv.preprocessing  INFO  Computing MDA (Random Forest)...
19:35:10  src.cpcv.preprocessing  INFO  Computing MDA (Logistic Regression)...
19:35:11  src.cpcv.preprocessing  INFO  Multi-model MDA: 28/73 passed (MDA > 0), 45 eliminated
19:35:11  src.cpcv.preprocessing  INFO    Capped at 10 features (top_k_frac=0.15)
19:35:11  src.cpcv.preprocessing  INFO    Selected (10): ['bb_width', 'exchange_supply_pct', 'gold_ret_30', 'hurst', 'log_returns_lag5', 'macd_hist', 'oil_ret_14', 'rsi', 'vix', 'vol_term_30_90']
19:35:11  src.cpcv.pipeline  INFO    Preprocessing: 10 features selected, train=520 + cal=130, test=295
19:35:11  src.cpcv.tuning  INFO  Tuning (1 model) — Optuna TPE + Purged K-Fold (inner: 3 folds, embargo=10 obs)
19:35:11  src.cpcv.tuning  INFO    [tuning] lstm: 3 purged K-fold splits, 30 Optuna trials (TPE)
19:36:03  src.cpcv.tuning  INFO      lstm: 24 completed, 6 pruned (of 30 total) — best log_loss=0.6845, params={'hidden_size': 16, 'dropout': 0.263275523831424, 'learning_rate': 0.00086415474333323}
19:36:03  src.cpcv.tuning  INFO    [tuning] lstm done in 51.2s — best log_loss=0.6845
19:36:03  src.cpcv.tuning  INFO  Tuning total: 51.2s
19:36:03  src.cpcv.pipeline  INFO      applied lstm: {'hidden_size': 16, 'num_layers': 1, 'dropout': 0.263275523831424, 'learning_rate': 0.00086415474333323}
19:36:04  src.cpcv.pipeline  INFO    [ 52/84]                 lstm (seed=0) F1=0.341  AUC=0.453  LL=0.6959 (1.0s)
19:36:06  src.cpcv.pipeline  INFO    [ 53/84]                 lstm (seed=1) F1=0.349  AUC=0.466  LL=0.7014 (2.3s)
19:36:07  src.cpcv.pipeline  INFO    [ 54/84]                 lstm (seed=2) F1=0.341  AUC=0.452  LL=0.6970 (1.3s)
19:36:08  src.cpcv.preprocessing  INFO  Computing MDA (Random Forest)...
19:36:36  src.cpcv.preprocessing  INFO  Computing MDA (Logistic Regression)...
19:36:37  src.cpcv.preprocessing  INFO  Multi-model MDA: 45/73 passed (MDA > 0), 28 eliminated
19:36:37  src.cpcv.preprocessing  INFO    Capped at 10 features (top_k_frac=0.15)
19:36:37  src.cpcv.preprocessing  INFO    Selected (10): ['copper_ret_14', 'eth_btc_ratio', 'issuance_ntv', 'log_returns_lag6', 'lz_complexity', 'macd_signal', 'mvrv', 'natgas_ret_30', 'sp500_ret_30', 'stoch_k']
19:36:37  src.cpcv.pipeline  INFO    Preprocessing: 10 features selected, train=528 + cal=133, test=288
19:36:37  src.cpcv.tuning  INFO  Tuning (1 model) — Optuna TPE + Purged K-Fold (inner: 3 folds, embargo=10 obs)
19:36:37  src.cpcv.tuning  INFO    [tuning] lstm: 3 purged K-fold splits, 30 Optuna trials (TPE)
19:37:31  src.cpcv.tuning  INFO      lstm: 28 completed, 2 pruned (of 30 total) — best log_loss=0.6745, params={'hidden_size': 16, 'dropout': 0.459461719590766, 'learning_rate': 0.025755624960557083}
19:37:31  src.cpcv.tuning  INFO    [tuning] lstm done in 53.5s — best log_loss=0.6745
19:37:31  src.cpcv.tuning  INFO  Tuning total: 53.5s
19:37:31  src.cpcv.pipeline  INFO      applied lstm: {'hidden_size': 16, 'num_layers': 1, 'dropout': 0.459461719590766, 'learning_rate': 0.025755624960557083}
19:37:32  src.cpcv.pipeline  INFO    [ 55/84]                 lstm (seed=0) F1=0.543  AUC=0.593  LL=0.7142 (1.2s)
19:37:33  src.cpcv.pipeline  INFO    [ 56/84]                 lstm (seed=1) F1=0.362  AUC=0.492  LL=0.7141 (1.0s)
19:37:34  src.cpcv.pipeline  INFO    [ 57/84]                 lstm (seed=2) F1=0.432  AUC=0.474  LL=0.6901 (1.0s)
19:37:34  src.cpcv.preprocessing  INFO  Computing MDA (Random Forest)...
19:38:04  src.cpcv.preprocessing  INFO  Computing MDA (Logistic Regression)...
19:38:05  src.cpcv.preprocessing  INFO  Multi-model MDA: 38/73 passed (MDA > 0), 35 eliminated
19:38:05  src.cpcv.preprocessing  INFO    Capped at 10 features (top_k_frac=0.15)
19:38:05  src.cpcv.preprocessing  INFO    Selected (10): ['active_addr_roc_14', 'bb_width', 'jarque_bera', 'log_returns', 'macd_hist', 'silver_ret_30', 'skewness', 'stoch_d', 'us10y', 'vwma_ratio_20_50']
19:38:05  src.cpcv.pipeline  INFO    Preprocessing: 10 features selected, train=518 + cal=130, test=288
19:38:05  src.cpcv.tuning  INFO  Tuning (1 model) — Optuna TPE + Purged K-Fold (inner: 3 folds, embargo=10 obs)
19:38:05  src.cpcv.tuning  INFO    [tuning] lstm: 3 purged K-fold splits, 30 Optuna trials (TPE)
19:38:48  src.cpcv.tuning  INFO      lstm: 18 completed, 12 pruned (of 30 total) — best log_loss=0.6795, params={'hidden_size': 32, 'dropout': 0.39409275908800484, 'learning_rate': 0.04877411280023473}
19:38:48  src.cpcv.tuning  INFO    [tuning] lstm done in 42.8s — best log_loss=0.6795
19:38:48  src.cpcv.tuning  INFO  Tuning total: 42.8s
19:38:48  src.cpcv.pipeline  INFO      applied lstm: {'hidden_size': 32, 'num_layers': 1, 'dropout': 0.39409275908800484, 'learning_rate': 0.04877411280023473}
19:38:49  src.cpcv.pipeline  INFO    [ 58/84]                 lstm (seed=0) F1=0.538  AUC=0.547  LL=0.7154 (1.5s)
19:38:51  src.cpcv.pipeline  INFO    [ 59/84]                 lstm (seed=1) F1=0.571  AUC=0.606  LL=0.6801 (2.0s)
19:38:52  src.cpcv.pipeline  INFO    [ 60/84]                 lstm (seed=2) F1=0.547  AUC=0.520  LL=0.8607 (1.4s)
19:38:53  src.cpcv.preprocessing  INFO  Computing MDA (Random Forest)...
19:39:21  src.cpcv.preprocessing  INFO  Computing MDA (Logistic Regression)...
19:39:23  src.cpcv.preprocessing  INFO  Multi-model MDA: 13/73 passed (MDA > 0), 60 eliminated
19:39:23  src.cpcv.preprocessing  INFO    Capped at 10 features (top_k_frac=0.15)
19:39:23  src.cpcv.preprocessing  INFO    Selected (10): ['bb_width', 'eth_btc_ratio', 'kurtosis', 'log_returns_lag30', 'log_returns_lag4', 'nasdaq_ret_14', 'natgas_ret_14', 'skewness', 'us10y', 'variance_ratio']
19:39:23  src.cpcv.pipeline  INFO    Preprocessing: 10 features selected, train=519 + cal=130, test=288
19:39:23  src.cpcv.tuning  INFO  Tuning (1 model) — Optuna TPE + Purged K-Fold (inner: 3 folds, embargo=10 obs)
19:39:23  src.cpcv.tuning  INFO    [tuning] lstm: 3 purged K-fold splits, 30 Optuna trials (TPE)
19:40:13  src.cpcv.tuning  INFO      lstm: 17 completed, 13 pruned (of 30 total) — best log_loss=0.6835, params={'hidden_size': 16, 'dropout': 0.4802857225639665, 'learning_rate': 0.009454306819536176}
19:40:13  src.cpcv.tuning  INFO    [tuning] lstm done in 50.4s — best log_loss=0.6835
19:40:13  src.cpcv.tuning  INFO  Tuning total: 50.4s
19:40:13  src.cpcv.pipeline  INFO      applied lstm: {'hidden_size': 16, 'num_layers': 1, 'dropout': 0.4802857225639665, 'learning_rate': 0.009454306819536176}
19:40:14  src.cpcv.pipeline  INFO    [ 61/84]                 lstm (seed=0) F1=0.508  AUC=0.509  LL=0.7008 (1.0s)
19:40:15  src.cpcv.pipeline  INFO    [ 62/84]                 lstm (seed=1) F1=0.505  AUC=0.515  LL=0.7567 (1.1s)
19:40:16  src.cpcv.pipeline  INFO    [ 63/84]                 lstm (seed=2) F1=0.500  AUC=0.516  LL=0.7655 (0.9s)
19:40:16  src.cpcv.preprocessing  INFO  Computing MDA (Random Forest)...
19:40:45  src.cpcv.preprocessing  INFO  Computing MDA (Logistic Regression)...
19:40:47  src.cpcv.preprocessing  INFO  Multi-model MDA: 33/73 passed (MDA > 0), 40 eliminated
19:40:47  src.cpcv.preprocessing  INFO    Capped at 10 features (top_k_frac=0.15)
19:40:47  src.cpcv.preprocessing  INFO    Selected (10): ['bb_width', 'ema_ratio_50_200', 'eth_btc_ratio', 'kurtosis', 'log_returns_lag4', 'macd_hist', 'nasdaq_ret_14', 'realized_vol', 'sp500_ret_30', 'us10y']
19:40:47  src.cpcv.pipeline  INFO    Preprocessing: 10 features selected, train=520 + cal=131, test=295
19:40:47  src.cpcv.tuning  INFO  Tuning (1 model) — Optuna TPE + Purged K-Fold (inner: 3 folds, embargo=10 obs)
19:40:47  src.cpcv.tuning  INFO    [tuning] lstm: 3 purged K-fold splits, 30 Optuna trials (TPE)
19:41:32  src.cpcv.tuning  INFO      lstm: 20 completed, 10 pruned (of 30 total) — best log_loss=0.6722, params={'hidden_size': 16, 'dropout': 0.43843660335946255, 'learning_rate': 0.030211917291781853}
19:41:32  src.cpcv.tuning  INFO    [tuning] lstm done in 45.2s — best log_loss=0.6722
19:41:32  src.cpcv.tuning  INFO  Tuning total: 45.2s
19:41:32  src.cpcv.pipeline  INFO      applied lstm: {'hidden_size': 16, 'num_layers': 1, 'dropout': 0.43843660335946255, 'learning_rate': 0.030211917291781853}
19:41:33  src.cpcv.pipeline  INFO    [ 64/84]                 lstm (seed=0) F1=0.358  AUC=0.520  LL=0.6866 (0.9s)
19:41:34  src.cpcv.pipeline  INFO    [ 65/84]                 lstm (seed=1) F1=0.358  AUC=0.507  LL=0.6873 (0.8s)
19:41:34  src.cpcv.pipeline  INFO    [ 66/84]                 lstm (seed=2) F1=0.358  AUC=0.481  LL=0.6868 (0.9s)
19:41:35  src.cpcv.preprocessing  INFO  Computing MDA (Random Forest)...
19:42:04  src.cpcv.preprocessing  INFO  Computing MDA (Logistic Regression)...
19:42:05  src.cpcv.preprocessing  INFO  Multi-model MDA: 31/73 passed (MDA > 0), 42 eliminated
19:42:05  src.cpcv.preprocessing  INFO    Capped at 10 features (top_k_frac=0.15)
19:42:05  src.cpcv.preprocessing  INFO    Selected (10): ['atr', 'bb_width', 'hashrate_roc_30', 'log_returns_lag5', 'roc_14', 'sadf', 'shannon_entropy', 'stoch_d', 'stoch_k', 'vol_term_7_30']
19:42:05  src.cpcv.pipeline  INFO    Preprocessing: 10 features selected, train=528 + cal=133, test=288
19:42:05  src.cpcv.tuning  INFO  Tuning (1 model) — Optuna TPE + Purged K-Fold (inner: 3 folds, embargo=10 obs)
19:42:05  src.cpcv.tuning  INFO    [tuning] lstm: 3 purged K-fold splits, 30 Optuna trials (TPE)
19:42:51  src.cpcv.tuning  INFO      lstm: 15 completed, 15 pruned (of 30 total) — best log_loss=0.6930, params={'hidden_size': 16, 'dropout': 0.42383156734124566, 'learning_rate': 0.04970252025439768}
19:42:51  src.cpcv.tuning  INFO    [tuning] lstm done in 45.4s — best log_loss=0.6930
19:42:51  src.cpcv.tuning  INFO  Tuning total: 45.4s
19:42:51  src.cpcv.pipeline  INFO      applied lstm: {'hidden_size': 16, 'num_layers': 1, 'dropout': 0.42383156734124566, 'learning_rate': 0.04970252025439768}
19:42:52  src.cpcv.pipeline  INFO    [ 67/84]                 lstm (seed=0) F1=0.461  AUC=0.461  LL=0.7064 (1.3s)
19:42:53  src.cpcv.pipeline  INFO    [ 68/84]                 lstm (seed=1) F1=0.458  AUC=0.449  LL=0.7100 (0.9s)
19:42:54  src.cpcv.pipeline  INFO    [ 69/84]                 lstm (seed=2) F1=0.356  AUC=0.536  LL=0.6899 (1.2s)
19:42:54  src.cpcv.preprocessing  INFO  Computing MDA (Random Forest)...
19:43:23  src.cpcv.preprocessing  INFO  Computing MDA (Logistic Regression)...
19:43:24  src.cpcv.preprocessing  INFO  Multi-model MDA: 28/73 passed (MDA > 0), 45 eliminated
19:43:24  src.cpcv.preprocessing  INFO    Capped at 10 features (top_k_frac=0.15)
19:43:24  src.cpcv.preprocessing  INFO    Selected (10): ['bb_width', 'cci_14', 'copper_ret_14', 'dxy_roc_30', 'eth_btc_ratio', 'log_returns_lag30', 'nasdaq_ret_30', 'sadf', 'vol_term_7_30', 'yield_curve_10y30y']
19:43:24  src.cpcv.pipeline  INFO    Preprocessing: 10 features selected, train=519 + cal=130, test=288
19:43:24  src.cpcv.tuning  INFO  Tuning (1 model) — Optuna TPE + Purged K-Fold (inner: 3 folds, embargo=10 obs)
19:43:24  src.cpcv.tuning  INFO    [tuning] lstm: 3 purged K-fold splits, 30 Optuna trials (TPE)
19:44:09  src.cpcv.tuning  INFO      lstm: 14 completed, 16 pruned (of 30 total) — best log_loss=0.6866, params={'hidden_size': 32, 'dropout': 0.2599727844114863, 'learning_rate': 0.0019324354731013861}
19:44:09  src.cpcv.tuning  INFO    [tuning] lstm done in 44.2s — best log_loss=0.6866
19:44:09  src.cpcv.tuning  INFO  Tuning total: 44.2s
19:44:09  src.cpcv.pipeline  INFO      applied lstm: {'hidden_size': 32, 'num_layers': 1, 'dropout': 0.2599727844114863, 'learning_rate': 0.0019324354731013861}
19:44:10  src.cpcv.pipeline  INFO    [ 70/84]                 lstm (seed=0) F1=0.516  AUC=0.510  LL=0.6995 (1.0s)
19:44:11  src.cpcv.pipeline  INFO    [ 71/84]                 lstm (seed=1) F1=0.495  AUC=0.520  LL=0.7603 (0.9s)
19:44:12  src.cpcv.pipeline  INFO    [ 72/84]                 lstm (seed=2) F1=0.497  AUC=0.532  LL=0.7257 (1.0s)
19:44:12  src.cpcv.preprocessing  INFO  Computing MDA (Random Forest)...
19:44:41  src.cpcv.preprocessing  INFO  Computing MDA (Logistic Regression)...
19:44:42  src.cpcv.preprocessing  INFO  Multi-model MDA: 46/73 passed (MDA > 0), 27 eliminated
19:44:42  src.cpcv.preprocessing  INFO    Capped at 10 features (top_k_frac=0.15)
19:44:42  src.cpcv.preprocessing  INFO    Selected (10): ['bb_width', 'ema_ratio_50_200', 'exchange_supply_pct', 'hurst', 'issuance_ntv', 'log_returns_lag21', 'realized_vol', 'sadf', 'silver_ret_30', 'us2y']
19:44:42  src.cpcv.pipeline  INFO    Preprocessing: 10 features selected, train=520 + cal=131, test=295
19:44:42  src.cpcv.tuning  INFO  Tuning (1 model) — Optuna TPE + Purged K-Fold (inner: 3 folds, embargo=10 obs)
19:44:42  src.cpcv.tuning  INFO    [tuning] lstm: 3 purged K-fold splits, 30 Optuna trials (TPE)
19:45:24  src.cpcv.tuning  INFO      lstm: 12 completed, 18 pruned (of 30 total) — best log_loss=0.6780, params={'hidden_size': 32, 'dropout': 0.14061690344715644, 'learning_rate': 0.04873650369314151}
19:45:24  src.cpcv.tuning  INFO    [tuning] lstm done in 41.7s — best log_loss=0.6780
19:45:24  src.cpcv.tuning  INFO  Tuning total: 41.7s
19:45:24  src.cpcv.pipeline  INFO      applied lstm: {'hidden_size': 32, 'num_layers': 1, 'dropout': 0.14061690344715644, 'learning_rate': 0.04873650369314151}
19:45:25  src.cpcv.pipeline  INFO    [ 73/84]                 lstm (seed=0) F1=0.366  AUC=0.528  LL=0.6823 (1.3s)
19:45:26  src.cpcv.pipeline  INFO    [ 74/84]                 lstm (seed=1) F1=0.366  AUC=0.542  LL=0.6787 (1.0s)
19:45:28  src.cpcv.pipeline  INFO    [ 75/84]                 lstm (seed=2) F1=0.366  AUC=0.498  LL=0.6821 (1.1s)
19:45:28  src.cpcv.preprocessing  INFO  Computing MDA (Random Forest)...
19:45:57  src.cpcv.preprocessing  INFO  Computing MDA (Logistic Regression)...
19:45:58  src.cpcv.preprocessing  INFO  Multi-model MDA: 12/73 passed (MDA > 0), 61 eliminated
19:45:58  src.cpcv.preprocessing  INFO    Capped at 10 features (top_k_frac=0.15)
19:45:58  src.cpcv.preprocessing  INFO    Selected (10): ['active_addr_roc_14', 'eth_btc_ratio', 'kurtosis', 'log_returns_lag21', 'log_returns_lag30', 'natgas_ret_30', 'roc_14', 'silver_ret_14', 'us2y', 'vwma_ratio_20_50']
19:45:58  src.cpcv.pipeline  INFO    Preprocessing: 10 features selected, train=527 + cal=132, test=288
19:45:58  src.cpcv.tuning  INFO  Tuning (1 model) — Optuna TPE + Purged K-Fold (inner: 3 folds, embargo=10 obs)
19:45:58  src.cpcv.tuning  INFO    [tuning] lstm: 3 purged K-fold splits, 30 Optuna trials (TPE)
19:46:41  src.cpcv.tuning  INFO      lstm: 25 completed, 5 pruned (of 30 total) — best log_loss=0.6862, params={'hidden_size': 16, 'dropout': 0.4375920406844779, 'learning_rate': 0.049733930076022795}
19:46:41  src.cpcv.tuning  INFO    [tuning] lstm done in 42.5s — best log_loss=0.6862
19:46:41  src.cpcv.tuning  INFO  Tuning total: 42.5s
19:46:41  src.cpcv.pipeline  INFO      applied lstm: {'hidden_size': 16, 'num_layers': 1, 'dropout': 0.4375920406844779, 'learning_rate': 0.049733930076022795}
19:46:42  src.cpcv.pipeline  INFO    [ 76/84]                 lstm (seed=0) F1=0.502  AUC=0.492  LL=0.7139 (1.1s)
19:46:43  src.cpcv.pipeline  INFO    [ 77/84]                 lstm (seed=1) F1=0.518  AUC=0.542  LL=0.7300 (1.6s)
19:46:44  src.cpcv.pipeline  INFO    [ 78/84]                 lstm (seed=2) F1=0.362  AUC=0.513  LL=0.7430 (1.2s)
19:46:45  src.cpcv.preprocessing  INFO  Computing MDA (Random Forest)...
19:47:13  src.cpcv.preprocessing  INFO  Computing MDA (Logistic Regression)...
19:47:15  src.cpcv.preprocessing  INFO  Multi-model MDA: 44/73 passed (MDA > 0), 29 eliminated
19:47:15  src.cpcv.preprocessing  INFO    Capped at 10 features (top_k_frac=0.15)
19:47:15  src.cpcv.preprocessing  INFO    Selected (10): ['bb_width', 'exchange_supply_pct', 'gold_ret_30', 'kurtosis', 'log_returns_lag1', 'natgas_ret_14', 'natgas_ret_30', 'smt_poly1', 'us10y', 'yield_curve_10y30y']
19:47:15  src.cpcv.pipeline  INFO    Preprocessing: 10 features selected, train=519 + cal=130, test=295
19:47:15  src.cpcv.tuning  INFO  Tuning (1 model) — Optuna TPE + Purged K-Fold (inner: 3 folds, embargo=10 obs)
19:47:15  src.cpcv.tuning  INFO    [tuning] lstm: 3 purged K-fold splits, 30 Optuna trials (TPE)
19:48:07  src.cpcv.tuning  INFO      lstm: 27 completed, 3 pruned (of 30 total) — best log_loss=0.6752, params={'hidden_size': 16, 'dropout': 0.47165878694411945, 'learning_rate': 0.01646286892996773}
19:48:07  src.cpcv.tuning  INFO    [tuning] lstm done in 52.5s — best log_loss=0.6752
19:48:07  src.cpcv.tuning  INFO  Tuning total: 52.5s
19:48:07  src.cpcv.pipeline  INFO      applied lstm: {'hidden_size': 16, 'num_layers': 1, 'dropout': 0.47165878694411945, 'learning_rate': 0.01646286892996773}
19:48:08  src.cpcv.pipeline  INFO    [ 79/84]                 lstm (seed=0) F1=0.505  AUC=0.525  LL=0.6936 (0.9s)
19:48:09  src.cpcv.pipeline  INFO    [ 80/84]                 lstm (seed=1) F1=0.467  AUC=0.520  LL=0.7083 (1.0s)
19:48:10  src.cpcv.pipeline  INFO    [ 81/84]                 lstm (seed=2) F1=0.510  AUC=0.505  LL=0.7138 (1.0s)
19:48:10  src.cpcv.preprocessing  INFO  Computing MDA (Random Forest)...
19:48:39  src.cpcv.preprocessing  INFO  Computing MDA (Logistic Regression)...
19:48:40  src.cpcv.preprocessing  INFO  Multi-model MDA: 32/73 passed (MDA > 0), 41 eliminated
19:48:40  src.cpcv.preprocessing  INFO    Capped at 10 features (top_k_frac=0.15)
19:48:40  src.cpcv.preprocessing  INFO    Selected (10): ['ema_ratio_50_200', 'eth_btc_ratio', 'exchange_supply_pct', 'gold_ret_14', 'log_returns_lag21', 'mfi_14', 'roc_14', 'us10y', 'us2y', 'vol_term_7_30']
19:48:40  src.cpcv.pipeline  INFO    Preprocessing: 10 features selected, train=531 + cal=133, test=295
19:48:40  src.cpcv.tuning  INFO  Tuning (1 model) — Optuna TPE + Purged K-Fold (inner: 3 folds, embargo=10 obs)
19:48:40  src.cpcv.tuning  INFO    [tuning] lstm: 3 purged K-fold splits, 30 Optuna trials (TPE)
19:49:26  src.cpcv.tuning  INFO      lstm: 16 completed, 14 pruned (of 30 total) — best log_loss=0.6789, params={'hidden_size': 16, 'dropout': 0.4960270161229775, 'learning_rate': 0.0081634858314061}
19:49:26  src.cpcv.tuning  INFO    [tuning] lstm done in 46.2s — best log_loss=0.6789
19:49:26  src.cpcv.tuning  INFO  Tuning total: 46.2s
19:49:26  src.cpcv.pipeline  INFO      applied lstm: {'hidden_size': 16, 'num_layers': 1, 'dropout': 0.4960270161229775, 'learning_rate': 0.0081634858314061}
19:49:27  src.cpcv.pipeline  INFO    [ 82/84]                 lstm (seed=0) F1=0.406  AUC=0.446  LL=0.7253 (0.9s)
19:49:28  src.cpcv.pipeline  INFO    [ 83/84]                 lstm (seed=1) F1=0.429  AUC=0.471  LL=0.7135 (1.1s)
19:49:29  src.cpcv.pipeline  INFO    [ 84/84]                 lstm (seed=2) F1=0.319  AUC=0.512  LL=0.7336 (0.9s)
19:49:29  src.cpcv.pipeline  INFO  ============================================================
19:49:29  src.cpcv.pipeline  INFO  CPCV Pipeline Complete
19:49:29  src.cpcv.pipeline  INFO  ============================================================
19:49:29  src.cpcv.pipeline  INFO    Total time:     2372.7s (39.5m)
19:49:29  src.cpcv.pipeline  INFO    Tasks:          84 succeeded, 0 failed
19:49:29  src.cpcv.pipeline  INFO    Results keys:   84 (model, split, seed) entries
19:49:29  src.cpcv.pipeline  INFO    Backtest paths: 7
19:49:29  src.cpcv.pipeline  INFO    Tuning:         nested (per-split), 28 splits tuned, models=['lstm']
19:49:29  src.cpcv.pipeline  INFO  ============================================================
19:49:30  src.cpcv.pipeline  INFO  ============================================================
19:49:30  src.cpcv.pipeline  INFO  CPCV Pipeline
19:49:30  src.cpcv.pipeline  INFO  ============================================================
19:49:30  src.cpcv.pipeline  INFO    Models:         ['kan']
19:49:30  src.cpcv.pipeline  INFO    Seeds/fold:     3
19:49:30  src.cpcv.pipeline  INFO    Groups (N):     8
19:49:30  src.cpcv.pipeline  INFO    Test groups (k):2
19:49:30  src.cpcv.pipeline  INFO    Embargo:        1.0%
19:49:30  src.cpcv.pipeline  INFO    FFD columns:    ['atr']
19:49:30  src.cpcv.pipeline  INFO    Samples:        1159
19:49:30  src.cpcv.pipeline  INFO    Features:       73
19:49:30  src.cpcv.pipeline  INFO    Splits:         28, Paths: 7
19:49:30  src.cpcv.pipeline  INFO    Tuning:         NESTED (per-split) — ['kan'] [30 trials]
19:49:30  src.cpcv.pipeline  INFO  ============================================================
19:49:30  src.cpcv.preprocessing  INFO  Computing MDA (Random Forest)...
19:50:04  src.cpcv.preprocessing  INFO  Computing MDA (Logistic Regression)...
19:50:05  src.cpcv.preprocessing  INFO  Multi-model MDA: 59/73 passed (MDA > 0), 14 eliminated
19:50:05  src.cpcv.preprocessing  INFO    Capped at 10 features (top_k_frac=0.15)
19:50:05  src.cpcv.preprocessing  INFO    Selected (10): ['eth_btc_ratio', 'exchange_supply_pct', 'gk_vol', 'gold_ret_30', 'jarque_bera', 'log_returns_lag1', 'nasdaq_ret_14', 'natgas_ret_30', 'skewness', 'sp500_ret_14']
19:50:05  src.cpcv.pipeline  INFO    Preprocessing: 10 features selected, train=688 + cal=172, test=89
19:50:05  src.cpcv.tuning  INFO  Tuning (1 model) — Optuna TPE + Purged K-Fold (inner: 3 folds, embargo=10 obs)
19:50:05  src.cpcv.tuning  INFO    [tuning] kan (efficient-kan + AdamW): 3 purged K-fold splits, 30 Optuna trials (TPE)
19:50:59  src.cpcv.tuning  INFO      kan: 19 completed, 11 pruned (of 30 total) — best log_loss=0.6824, params={'width1': 3, 'lr': 0.03984727409321968, 'weight_decay': 0.0009454306819536165, 'grid': 3}
19:50:59  src.cpcv.tuning  INFO    [tuning] kan done in 54.7s — best log_loss=0.6824
19:50:59  src.cpcv.tuning  INFO  Tuning total: 54.7s
19:50:59  src.cpcv.pipeline  INFO      applied kan: {'width1': 3, 'width2': 0, 'grid': 3, 'lr': 0.03984727409321968, 'weight_decay': 0.0009454306819536165}
19:51:00  src.cpcv.models.kan_model  INFO  KAN fitted: widths=[10, 3, 2], grid=3, epochs=26, val_acc=0.5465, val_loss=0.6884, logit_range=[-0.26, 0.34], device=cpu.
19:51:00  src.cpcv.pipeline  INFO    [  1/84]                  kan (seed=0) F1=0.478  AUC=0.493  LL=0.6516 (0.5s)
19:51:00  src.cpcv.models.kan_model  INFO  KAN fitted: widths=[10, 3, 2], grid=3, epochs=36, val_acc=0.5640, val_loss=0.6852, logit_range=[-0.73, 0.44], device=cpu.
19:51:01  src.cpcv.pipeline  INFO    [  2/84]                  kan (seed=1) F1=0.523  AUC=0.505  LL=0.6590 (0.6s)
19:51:01  src.cpcv.models.kan_model  INFO  KAN fitted: widths=[10, 3, 2], grid=3, epochs=35, val_acc=0.6105, val_loss=0.6866, logit_range=[-0.72, 0.46], device=cpu.
19:51:01  src.cpcv.pipeline  INFO    [  3/84]                  kan (seed=2) F1=0.524  AUC=0.525  LL=0.6471 (0.6s)
19:51:01  src.cpcv.preprocessing  INFO  Computing MDA (Random Forest)...
19:51:35  src.cpcv.preprocessing  INFO  Computing MDA (Logistic Regression)...
19:51:36  src.cpcv.preprocessing  INFO  Multi-model MDA: 47/73 passed (MDA > 0), 26 eliminated
19:51:36  src.cpcv.preprocessing  INFO    Capped at 10 features (top_k_frac=0.15)
19:51:36  src.cpcv.preprocessing  INFO    Selected (10): ['dxy_roc_30', 'ema_ratio_50_200', 'fee_per_tx', 'gold_ret_30', 'log_returns', 'macd_hist', 'natgas_ret_14', 'roc_14', 'shannon_entropy', 'silver_ret_30']
19:51:36  src.cpcv.pipeline  INFO    Preprocessing: 10 features selected, train=643 + cal=161, test=144
19:51:36  src.cpcv.tuning  INFO  Tuning (1 model) — Optuna TPE + Purged K-Fold (inner: 3 folds, embargo=10 obs)
19:51:36  src.cpcv.tuning  INFO    [tuning] kan (efficient-kan + AdamW): 3 purged K-fold splits, 30 Optuna trials (TPE)
19:52:48  src.cpcv.tuning  INFO      kan: 16 completed, 14 pruned (of 30 total) — best log_loss=0.6930, params={'width1': 5, 'lr': 0.003114332741851794, 'weight_decay': 0.00060664908846859, 'grid': 3}
19:52:48  src.cpcv.tuning  INFO    [tuning] kan done in 72.7s — best log_loss=0.6930
19:52:48  src.cpcv.tuning  INFO  Tuning total: 72.7s
19:52:48  src.cpcv.pipeline  INFO      applied kan: {'width1': 5, 'width2': 0, 'grid': 3, 'lr': 0.003114332741851794, 'weight_decay': 0.00060664908846859}
19:52:50  src.cpcv.models.kan_model  INFO  KAN fitted: widths=[10, 5, 2], grid=3, epochs=80, val_acc=0.5404, val_loss=0.6865, logit_range=[-0.35, 0.16], device=cpu.
19:52:50  src.cpcv.pipeline  INFO    [  4/84]                  kan (seed=0) F1=0.402  AUC=0.523  LL=0.7526 (1.4s)
19:52:51  src.cpcv.models.kan_model  INFO  KAN fitted: widths=[10, 5, 2], grid=3, epochs=57, val_acc=0.5155, val_loss=0.6880, logit_range=[-0.38, 0.13], device=cpu.
19:52:51  src.cpcv.pipeline  INFO    [  5/84]                  kan (seed=1) F1=0.370  AUC=0.542  LL=0.7473 (1.0s)
19:52:52  src.cpcv.models.kan_model  INFO  KAN fitted: widths=[10, 5, 2], grid=3, epochs=64, val_acc=0.5093, val_loss=0.6880, logit_range=[-0.30, 0.15], device=cpu.
19:52:52  src.cpcv.pipeline  INFO    [  6/84]                  kan (seed=2) F1=0.365  AUC=0.525  LL=0.7501 (1.2s)
19:52:52  src.cpcv.preprocessing  INFO  Computing MDA (Random Forest)...
19:53:27  src.cpcv.preprocessing  INFO  Computing MDA (Logistic Regression)...
19:53:28  src.cpcv.preprocessing  INFO  Multi-model MDA: 26/73 passed (MDA > 0), 47 eliminated
19:53:28  src.cpcv.preprocessing  INFO    Capped at 10 features (top_k_frac=0.15)
19:53:28  src.cpcv.preprocessing  INFO    Selected (10): ['eth_btc_ratio', 'exchange_supply_pct', 'gold_ret_14', 'gold_ret_30', 'log_returns_lag1', 'log_returns_lag21', 'log_returns_lag7', 'skewness', 'sp500_ret_30', 'stoch_d']
19:53:28  src.cpcv.pipeline  INFO    Preprocessing: 10 features selected, train=644 + cal=161, test=144
19:53:28  src.cpcv.tuning  INFO  Tuning (1 model) — Optuna TPE + Purged K-Fold (inner: 3 folds, embargo=10 obs)
19:53:28  src.cpcv.tuning  INFO    [tuning] kan (efficient-kan + AdamW): 3 purged K-fold splits, 30 Optuna trials (TPE)
19:54:54  src.cpcv.tuning  INFO      kan: 10 completed, 20 pruned (of 30 total) — best log_loss=0.6824, params={'width1': 3, 'lr': 0.003037586023532306, 'weight_decay': 0.00012935299476486402, 'grid': 5}
19:54:54  src.cpcv.tuning  INFO    [tuning] kan done in 86.2s — best log_loss=0.6824
19:54:54  src.cpcv.tuning  INFO  Tuning total: 86.2s
19:54:54  src.cpcv.pipeline  INFO      applied kan: {'width1': 3, 'width2': 0, 'grid': 5, 'lr': 0.003037586023532306, 'weight_decay': 0.00012935299476486402}
19:54:56  src.cpcv.models.kan_model  INFO  KAN fitted: widths=[10, 3, 2], grid=5, epochs=131, val_acc=0.6273, val_loss=0.6723, logit_range=[-0.72, 0.42], device=cpu.
19:54:56  src.cpcv.pipeline  INFO    [  7/84]                  kan (seed=0) F1=0.598  AUC=0.577  LL=0.6684 (2.2s)
19:54:59  src.cpcv.models.kan_model  INFO  KAN fitted: widths=[10, 3, 2], grid=5, epochs=141, val_acc=0.6211, val_loss=0.6707, logit_range=[-0.62, 0.52], device=cpu.
19:54:59  src.cpcv.pipeline  INFO    [  8/84]                  kan (seed=1) F1=0.547  AUC=0.576  LL=0.6972 (2.4s)
19:55:01  src.cpcv.models.kan_model  INFO  KAN fitted: widths=[10, 3, 2], grid=5, epochs=138, val_acc=0.6460, val_loss=0.6733, logit_range=[-0.60, 0.75], device=cpu.
19:55:01  src.cpcv.pipeline  INFO    [  9/84]                  kan (seed=2) F1=0.541  AUC=0.600  LL=0.6809 (2.3s)
19:55:01  src.cpcv.preprocessing  INFO  Computing MDA (Random Forest)...
19:55:34  src.cpcv.preprocessing  INFO  Computing MDA (Logistic Regression)...
19:55:35  src.cpcv.preprocessing  INFO  Multi-model MDA: 18/73 passed (MDA > 0), 55 eliminated
19:55:35  src.cpcv.preprocessing  INFO    Capped at 10 features (top_k_frac=0.15)
19:55:35  src.cpcv.preprocessing  INFO    Selected (10): ['bb_width', 'eth_btc_ratio', 'jarque_bera', 'log_returns_lag21', 'macd_hist', 'mfi_14', 'sadf', 'shannon_entropy', 'skewness', 'vix']
19:55:35  src.cpcv.pipeline  INFO    Preprocessing: 10 features selected, train=644 + cal=161, test=144
19:55:35  src.cpcv.tuning  INFO  Tuning (1 model) — Optuna TPE + Purged K-Fold (inner: 3 folds, embargo=10 obs)
19:55:35  src.cpcv.tuning  INFO    [tuning] kan (efficient-kan + AdamW): 3 purged K-fold splits, 30 Optuna trials (TPE)
19:56:45  src.cpcv.tuning  INFO      kan: 12 completed, 18 pruned (of 30 total) — best log_loss=0.6796, params={'width1': 2, 'lr': 0.04353010439152429, 'weight_decay': 0.001764971584817572, 'grid': 3}
19:56:45  src.cpcv.tuning  INFO    [tuning] kan done in 69.5s — best log_loss=0.6796
19:56:45  src.cpcv.tuning  INFO  Tuning total: 69.5s
19:56:45  src.cpcv.pipeline  INFO      applied kan: {'width1': 2, 'width2': 0, 'grid': 3, 'lr': 0.04353010439152429, 'weight_decay': 0.001764971584817572}
19:56:45  src.cpcv.models.kan_model  INFO  KAN fitted: widths=[10, 2, 2], grid=3, epochs=32, val_acc=0.5901, val_loss=0.6854, logit_range=[-0.51, 0.53], device=cpu.
19:56:45  src.cpcv.pipeline  INFO    [ 10/84]                  kan (seed=0) F1=0.505  AUC=0.601  LL=0.6695 (0.5s)
19:56:46  src.cpcv.models.kan_model  INFO  KAN fitted: widths=[10, 2, 2], grid=3, epochs=32, val_acc=0.5901, val_loss=0.6899, logit_range=[-0.39, 0.40], device=cpu.
19:56:46  src.cpcv.pipeline  INFO    [ 11/84]                  kan (seed=1) F1=0.496  AUC=0.590  LL=0.6692 (0.5s)
19:56:46  src.cpcv.models.kan_model  INFO  KAN fitted: widths=[10, 2, 2], grid=3, epochs=39, val_acc=0.5901, val_loss=0.6830, logit_range=[-0.64, 0.73], device=cpu.
19:56:47  src.cpcv.pipeline  INFO    [ 12/84]                  kan (seed=2) F1=0.510  AUC=0.575  LL=0.6800 (0.6s)
19:56:47  src.cpcv.preprocessing  INFO  Computing MDA (Random Forest)...
19:57:20  src.cpcv.preprocessing  INFO  Computing MDA (Logistic Regression)...
19:57:21  src.cpcv.preprocessing  INFO  Multi-model MDA: 11/73 passed (MDA > 0), 62 eliminated
19:57:21  src.cpcv.preprocessing  INFO    Capped at 10 features (top_k_frac=0.15)
19:57:21  src.cpcv.preprocessing  INFO    Selected (10): ['copper_ret_30', 'eth_btc_ratio', 'exchange_supply_pct', 'mvrv', 'nasdaq_ret_14', 'rsi', 'silver_ret_14', 'skewness', 'vix', 'williams_r']
19:57:21  src.cpcv.pipeline  INFO    Preprocessing: 10 features selected, train=642 + cal=161, test=144
19:57:21  src.cpcv.tuning  INFO  Tuning (1 model) — Optuna TPE + Purged K-Fold (inner: 3 folds, embargo=10 obs)
19:57:21  src.cpcv.tuning  INFO    [tuning] kan (efficient-kan + AdamW): 3 purged K-fold splits, 30 Optuna trials (TPE)
19:58:21  src.cpcv.tuning  INFO      kan: 21 completed, 9 pruned (of 30 total) — best log_loss=0.6858, params={'width1': 6, 'lr': 0.046950726286190125, 'weight_decay': 0.0003701767232337886, 'grid': 5}
19:58:21  src.cpcv.tuning  INFO    [tuning] kan done in 60.5s — best log_loss=0.6858
19:58:21  src.cpcv.tuning  INFO  Tuning total: 60.5s
19:58:21  src.cpcv.pipeline  INFO      applied kan: {'width1': 6, 'width2': 0, 'grid': 5, 'lr': 0.046950726286190125, 'weight_decay': 0.0003701767232337886}
19:58:22  src.cpcv.models.kan_model  INFO  KAN fitted: widths=[10, 6, 2], grid=5, epochs=33, val_acc=0.5839, val_loss=0.6796, logit_range=[-1.15, 0.86], device=cpu.
19:58:22  src.cpcv.pipeline  INFO    [ 13/84]                  kan (seed=0) F1=0.541  AUC=0.575  LL=0.7111 (0.6s)
19:58:22  src.cpcv.models.kan_model  INFO  KAN fitted: widths=[10, 6, 2], grid=5, epochs=25, val_acc=0.5714, val_loss=0.6838, logit_range=[-0.58, 0.52], device=cpu.
19:58:23  src.cpcv.pipeline  INFO    [ 14/84]                  kan (seed=1) F1=0.547  AUC=0.552  LL=0.6966 (0.5s)
19:58:23  src.cpcv.models.kan_model  INFO  KAN fitted: widths=[10, 6, 2], grid=5, epochs=26, val_acc=0.5528, val_loss=0.6745, logit_range=[-0.74, 0.70], device=cpu.
19:58:23  src.cpcv.pipeline  INFO    [ 15/84]                  kan (seed=2) F1=0.515  AUC=0.575  LL=0.7141 (0.5s)
19:58:23  src.cpcv.preprocessing  INFO  Computing MDA (Random Forest)...
19:58:58  src.cpcv.preprocessing  INFO  Computing MDA (Logistic Regression)...
19:58:59  src.cpcv.preprocessing  INFO  Multi-model MDA: 6/73 passed (MDA > 0), 67 eliminated
19:58:59  src.cpcv.preprocessing  INFO    Selected (6): ['ema_ratio_50_200', 'eth_btc_ratio', 'jarque_bera', 'kurtosis', 'skewness', 'sp500_ret_14']
19:58:59  src.cpcv.pipeline  INFO    Preprocessing: 6 features selected, train=643 + cal=161, test=144
19:58:59  src.cpcv.tuning  INFO  Tuning (1 model) — Optuna TPE + Purged K-Fold (inner: 3 folds, embargo=10 obs)
19:58:59  src.cpcv.tuning  INFO    [tuning] kan (efficient-kan + AdamW): 3 purged K-fold splits, 30 Optuna trials (TPE)
20:00:16  src.cpcv.tuning  INFO      kan: 16 completed, 14 pruned (of 30 total) — best log_loss=0.6790, params={'width1': 3, 'lr': 0.04950445297942235, 'weight_decay': 0.0018451555914241087, 'grid': 3}
20:00:16  src.cpcv.tuning  INFO    [tuning] kan done in 77.1s — best log_loss=0.6790
20:00:16  src.cpcv.tuning  INFO  Tuning total: 77.1s
20:00:16  src.cpcv.pipeline  INFO      applied kan: {'width1': 3, 'width2': 0, 'grid': 3, 'lr': 0.04950445297942235, 'weight_decay': 0.0018451555914241087}
20:00:17  src.cpcv.models.kan_model  INFO  KAN fitted: widths=[6, 3, 2], grid=3, epochs=23, val_acc=0.5714, val_loss=0.6834, logit_range=[-0.24, 0.30], device=cpu.
20:00:17  src.cpcv.pipeline  INFO    [ 16/84]                  kan (seed=0) F1=0.407  AUC=0.483  LL=0.7550 (0.4s)
20:00:17  src.cpcv.models.kan_model  INFO  KAN fitted: widths=[6, 3, 2], grid=3, epochs=25, val_acc=0.5404, val_loss=0.6908, logit_range=[-0.35, 0.41], device=cpu.
20:00:17  src.cpcv.pipeline  INFO    [ 17/84]                  kan (seed=1) F1=0.439  AUC=0.452  LL=0.7026 (0.4s)
20:00:17  src.cpcv.models.kan_model  INFO  KAN fitted: widths=[6, 3, 2], grid=3, epochs=24, val_acc=0.5714, val_loss=0.6824, logit_range=[-0.50, 0.44], device=cpu.
20:00:17  src.cpcv.pipeline  INFO    [ 18/84]                  kan (seed=2) F1=0.399  AUC=0.459  LL=0.7345 (0.4s)
20:00:18  src.cpcv.preprocessing  INFO  Computing MDA (Random Forest)...
20:00:51  src.cpcv.preprocessing  INFO  Computing MDA (Logistic Regression)...
20:00:53  src.cpcv.preprocessing  INFO  Multi-model MDA: 26/73 passed (MDA > 0), 47 eliminated
20:00:53  src.cpcv.preprocessing  INFO    Capped at 10 features (top_k_frac=0.15)
20:00:53  src.cpcv.preprocessing  INFO    Selected (10): ['bb_width', 'kurtosis', 'log_returns_lag14', 'log_returns_lag5', 'log_returns_lag6', 'natgas_ret_30', 'oil_ret_14', 'skewness', 'variance_ratio', 'vol_term_30_90']
20:00:53  src.cpcv.pipeline  INFO    Preprocessing: 10 features selected, train=644 + cal=162, test=151
20:00:53  src.cpcv.tuning  INFO  Tuning (1 model) — Optuna TPE + Purged K-Fold (inner: 3 folds, embargo=10 obs)
20:00:53  src.cpcv.tuning  INFO    [tuning] kan (efficient-kan + AdamW): 3 purged K-fold splits, 30 Optuna trials (TPE)
20:02:07  src.cpcv.tuning  INFO      kan: 12 completed, 18 pruned (of 30 total) — best log_loss=0.6772, params={'width1': 2, 'lr': 0.01962102385725961, 'weight_decay': 0.00046926237005928066, 'grid': 3}
20:02:07  src.cpcv.tuning  INFO    [tuning] kan done in 73.9s — best log_loss=0.6772
20:02:07  src.cpcv.tuning  INFO  Tuning total: 73.9s
20:02:07  src.cpcv.pipeline  INFO      applied kan: {'width1': 2, 'width2': 0, 'grid': 3, 'lr': 0.01962102385725961, 'weight_decay': 0.00046926237005928066}
20:02:07  src.cpcv.models.kan_model  INFO  KAN fitted: widths=[10, 2, 2], grid=3, epochs=31, val_acc=0.5370, val_loss=0.6871, logit_range=[-0.30, 0.24], device=cpu.
20:02:07  src.cpcv.pipeline  INFO    [ 19/84]                  kan (seed=0) F1=0.504  AUC=0.513  LL=0.6964 (0.5s)
20:02:08  src.cpcv.models.kan_model  INFO  KAN fitted: widths=[10, 2, 2], grid=3, epochs=29, val_acc=0.5185, val_loss=0.6877, logit_range=[-0.35, 0.25], device=cpu.
20:02:08  src.cpcv.pipeline  INFO    [ 20/84]                  kan (seed=1) F1=0.541  AUC=0.540  LL=0.6918 (0.5s)
20:02:08  src.cpcv.models.kan_model  INFO  KAN fitted: widths=[10, 2, 2], grid=3, epochs=25, val_acc=0.5370, val_loss=0.6925, logit_range=[-0.24, 0.28], device=cpu.
20:02:08  src.cpcv.pipeline  INFO    [ 21/84]                  kan (seed=2) F1=0.491  AUC=0.536  LL=0.6893 (0.4s)
20:02:08  src.cpcv.preprocessing  INFO  Computing MDA (Random Forest)...
20:02:37  src.cpcv.preprocessing  INFO  Computing MDA (Logistic Regression)...
20:02:38  src.cpcv.preprocessing  INFO  Multi-model MDA: 66/73 passed (MDA > 0), 7 eliminated
20:02:38  src.cpcv.preprocessing  INFO    Capped at 10 features (top_k_frac=0.15)
20:02:38  src.cpcv.preprocessing  INFO    Selected (10): ['bb_width', 'dxy_roc_30', 'nasdaq_ret_14', 'net_exchange_flow', 'oil_ret_14', 'realized_vol', 'silver_ret_30', 'sp500_ret_14', 'stoch_k', 'yield_curve_2y10y']
20:02:38  src.cpcv.pipeline  INFO    Preprocessing: 10 features selected, train=572 + cal=144, test=233
20:02:38  src.cpcv.tuning  INFO  Tuning (1 model) — Optuna TPE + Purged K-Fold (inner: 3 folds, embargo=10 obs)
20:02:38  src.cpcv.tuning  INFO    [tuning] kan (efficient-kan + AdamW): 3 purged K-fold splits, 30 Optuna trials (TPE)
20:03:32  src.cpcv.tuning  INFO      kan: 17 completed, 13 pruned (of 30 total) — best log_loss=0.6915, params={'width1': 2, 'lr': 0.0005062983411220176, 'weight_decay': 0.002143805487780733, 'grid': 5}
20:03:32  src.cpcv.tuning  INFO    [tuning] kan done in 54.1s — best log_loss=0.6915
20:03:32  src.cpcv.tuning  INFO  Tuning total: 54.1s
20:03:32  src.cpcv.pipeline  INFO      applied kan: {'width1': 2, 'width2': 0, 'grid': 5, 'lr': 0.0005062983411220176, 'weight_decay': 0.002143805487780733}
20:03:36  src.cpcv.models.kan_model  INFO  KAN fitted: widths=[10, 2, 2], grid=5, epochs=200, val_acc=0.4792, val_loss=0.6911, logit_range=[-0.25, 0.14], device=cpu.
20:03:36  src.cpcv.pipeline  INFO    [ 22/84]                  kan (seed=0) F1=0.346  AUC=0.499  LL=0.7250 (3.3s)
20:03:40  src.cpcv.models.kan_model  INFO  KAN fitted: widths=[10, 2, 2], grid=5, epochs=200, val_acc=0.4931, val_loss=0.6931, logit_range=[-0.15, 0.15], device=cpu.
20:03:40  src.cpcv.pipeline  INFO    [ 23/84]                  kan (seed=1) F1=0.347  AUC=0.549  LL=0.7043 (4.8s)
20:03:44  src.cpcv.models.kan_model  INFO  KAN fitted: widths=[10, 2, 2], grid=5, epochs=200, val_acc=0.5139, val_loss=0.6881, logit_range=[-0.13, 0.15], device=cpu.
20:03:44  src.cpcv.pipeline  INFO    [ 24/84]                  kan (seed=2) F1=0.362  AUC=0.418  LL=0.7570 (3.5s)
20:03:44  src.cpcv.preprocessing  INFO  Computing MDA (Random Forest)...
20:04:17  src.cpcv.preprocessing  INFO  Computing MDA (Logistic Regression)...
20:04:18  src.cpcv.preprocessing  INFO  Multi-model MDA: 43/73 passed (MDA > 0), 30 eliminated
20:04:18  src.cpcv.preprocessing  INFO    Capped at 10 features (top_k_frac=0.15)
20:04:18  src.cpcv.preprocessing  INFO    Selected (10): ['cci_14', 'copper_ret_14', 'dxy_roc_30', 'eth_btc_ratio', 'jarque_bera', 'log_returns_lag1', 'log_returns_lag2', 'log_returns_lag6', 'shannon_entropy', 'stoch_d']
20:04:18  src.cpcv.pipeline  INFO    Preprocessing: 10 features selected, train=564 + cal=141, test=233
20:04:18  src.cpcv.tuning  INFO  Tuning (1 model) — Optuna TPE + Purged K-Fold (inner: 3 folds, embargo=10 obs)
20:04:18  src.cpcv.tuning  INFO    [tuning] kan (efficient-kan + AdamW): 3 purged K-fold splits, 30 Optuna trials (TPE)
20:05:15  src.cpcv.tuning  INFO      kan: 12 completed, 18 pruned (of 30 total) — best log_loss=0.6888, params={'width1': 3, 'lr': 0.006331268353972293, 'weight_decay': 0.0005765729091517853, 'grid': 3}
20:05:15  src.cpcv.tuning  INFO    [tuning] kan done in 57.5s — best log_loss=0.6888
20:05:15  src.cpcv.tuning  INFO  Tuning total: 57.5s
20:05:15  src.cpcv.pipeline  INFO      applied kan: {'width1': 3, 'width2': 0, 'grid': 3, 'lr': 0.006331268353972293, 'weight_decay': 0.0005765729091517853}
20:05:16  src.cpcv.models.kan_model  INFO  KAN fitted: widths=[10, 3, 2], grid=3, epochs=54, val_acc=0.5248, val_loss=0.6917, logit_range=[-0.30, 0.33], device=cpu.
20:05:16  src.cpcv.pipeline  INFO    [ 25/84]                  kan (seed=0) F1=0.508  AUC=0.490  LL=0.6898 (0.9s)
20:05:17  src.cpcv.models.kan_model  INFO  KAN fitted: widths=[10, 3, 2], grid=3, epochs=44, val_acc=0.5674, val_loss=0.6903, logit_range=[-0.34, 0.35], device=cpu.
20:05:17  src.cpcv.pipeline  INFO    [ 26/84]                  kan (seed=1) F1=0.492  AUC=0.507  LL=0.6763 (0.7s)
20:05:18  src.cpcv.models.kan_model  INFO  KAN fitted: widths=[10, 3, 2], grid=3, epochs=43, val_acc=0.5390, val_loss=0.6898, logit_range=[-0.15, 0.22], device=cpu.
20:05:18  src.cpcv.pipeline  INFO    [ 27/84]                  kan (seed=2) F1=0.501  AUC=0.514  LL=0.7111 (0.7s)
20:05:18  src.cpcv.preprocessing  INFO  Computing MDA (Random Forest)...
20:05:47  src.cpcv.preprocessing  INFO  Computing MDA (Logistic Regression)...
20:05:48  src.cpcv.preprocessing  INFO  Multi-model MDA: 30/73 passed (MDA > 0), 43 eliminated
20:05:48  src.cpcv.preprocessing  INFO    Capped at 10 features (top_k_frac=0.15)
20:05:48  src.cpcv.preprocessing  INFO    Selected (10): ['chaikin_osc', 'ema_ratio_50_200', 'eth_btc_ratio', 'gk_vol', 'gold_ret_14', 'jarque_bera', 'log_returns_lag21', 'sp500_ret_30', 'us2y', 'vwma_ratio_20_50']
20:05:48  src.cpcv.pipeline  INFO    Preprocessing: 10 features selected, train=564 + cal=141, test=233
20:05:48  src.cpcv.tuning  INFO  Tuning (1 model) — Optuna TPE + Purged K-Fold (inner: 3 folds, embargo=10 obs)
20:05:48  src.cpcv.tuning  INFO    [tuning] kan (efficient-kan + AdamW): 3 purged K-fold splits, 30 Optuna trials (TPE)
20:06:42  src.cpcv.tuning  INFO      kan: 15 completed, 15 pruned (of 30 total) — best log_loss=0.6863, params={'width1': 6, 'lr': 0.003319619589824389, 'weight_decay': 1.0176640960808579e-05, 'grid': 3}
20:06:42  src.cpcv.tuning  INFO    [tuning] kan done in 54.1s — best log_loss=0.6863
20:06:42  src.cpcv.tuning  INFO  Tuning total: 54.1s
20:06:42  src.cpcv.pipeline  INFO      applied kan: {'width1': 6, 'width2': 0, 'grid': 3, 'lr': 0.003319619589824389, 'weight_decay': 1.0176640960808579e-05}
20:06:42  src.cpcv.models.kan_model  INFO  KAN fitted: widths=[10, 6, 2], grid=3, epochs=21, val_acc=0.4326, val_loss=0.6942, logit_range=[-0.06, 0.11], device=cpu.
20:06:42  src.cpcv.pipeline  INFO    [ 28/84]                  kan (seed=0) F1=0.384  AUC=0.541  LL=0.6747 (0.4s)
20:06:43  src.cpcv.models.kan_model  INFO  KAN fitted: widths=[10, 6, 2], grid=3, epochs=21, val_acc=0.5106, val_loss=0.6935, logit_range=[-0.12, 0.13], device=cpu.
20:06:43  src.cpcv.pipeline  INFO    [ 29/84]                  kan (seed=1) F1=0.384  AUC=0.548  LL=0.6751 (0.5s)
20:06:43  src.cpcv.models.kan_model  INFO  KAN fitted: widths=[10, 6, 2], grid=3, epochs=22, val_acc=0.5461, val_loss=0.6935, logit_range=[-0.06, 0.09], device=cpu.
20:06:43  src.cpcv.pipeline  INFO    [ 30/84]                  kan (seed=2) F1=0.384  AUC=0.558  LL=0.6749 (0.5s)
20:06:44  src.cpcv.preprocessing  INFO  Computing MDA (Random Forest)...
20:07:13  src.cpcv.preprocessing  INFO  Computing MDA (Logistic Regression)...
20:07:14  src.cpcv.preprocessing  INFO  Multi-model MDA: 25/73 passed (MDA > 0), 48 eliminated
20:07:14  src.cpcv.preprocessing  INFO    Capped at 10 features (top_k_frac=0.15)
20:07:14  src.cpcv.preprocessing  INFO    Selected (10): ['active_addr_roc_14', 'chaikin_osc', 'fee_per_tx', 'gk_vol', 'log_returns_lag1', 'macd_hist', 'net_exchange_flow', 'sp500_ret_14', 'stoch_k', 'vol_term_30_90']
20:07:14  src.cpcv.pipeline  INFO    Preprocessing: 10 features selected, train=562 + cal=141, test=233
20:07:14  src.cpcv.tuning  INFO  Tuning (1 model) — Optuna TPE + Purged K-Fold (inner: 3 folds, embargo=10 obs)
20:07:14  src.cpcv.tuning  INFO    [tuning] kan (efficient-kan + AdamW): 3 purged K-fold splits, 30 Optuna trials (TPE)
20:07:59  src.cpcv.tuning  INFO      kan: 13 completed, 17 pruned (of 30 total) — best log_loss=0.6870, params={'width1': 4, 'lr': 0.011968595971406887, 'weight_decay': 0.0004933320377749701, 'grid': 3}
20:07:59  src.cpcv.tuning  INFO    [tuning] kan done in 44.9s — best log_loss=0.6870
20:07:59  src.cpcv.tuning  INFO  Tuning total: 44.9s
20:07:59  src.cpcv.pipeline  INFO      applied kan: {'width1': 4, 'width2': 0, 'grid': 3, 'lr': 0.011968595971406887, 'weight_decay': 0.0004933320377749701}
20:08:00  src.cpcv.models.kan_model  INFO  KAN fitted: widths=[10, 4, 2], grid=3, epochs=51, val_acc=0.5390, val_loss=0.6850, logit_range=[-0.40, 0.57], device=cpu.
20:08:00  src.cpcv.pipeline  INFO    [ 31/84]                  kan (seed=0) F1=0.460  AUC=0.524  LL=0.7001 (0.9s)
20:08:01  src.cpcv.models.kan_model  INFO  KAN fitted: widths=[10, 4, 2], grid=3, epochs=55, val_acc=0.5532, val_loss=0.6854, logit_range=[-0.44, 0.63], device=cpu.
20:08:01  src.cpcv.pipeline  INFO    [ 32/84]                  kan (seed=1) F1=0.454  AUC=0.498  LL=0.7057 (0.9s)
20:08:02  src.cpcv.models.kan_model  INFO  KAN fitted: widths=[10, 4, 2], grid=3, epochs=63, val_acc=0.5887, val_loss=0.6830, logit_range=[-0.64, 1.00], device=cpu.
20:08:02  src.cpcv.pipeline  INFO    [ 33/84]                  kan (seed=2) F1=0.467  AUC=0.493  LL=0.7167 (1.0s)
20:08:02  src.cpcv.preprocessing  INFO  Computing MDA (Random Forest)...
20:08:31  src.cpcv.preprocessing  INFO  Computing MDA (Logistic Regression)...
20:08:32  src.cpcv.preprocessing  INFO  Multi-model MDA: 32/73 passed (MDA > 0), 41 eliminated
20:08:32  src.cpcv.preprocessing  INFO    Capped at 10 features (top_k_frac=0.15)
20:08:32  src.cpcv.preprocessing  INFO    Selected (10): ['bb_width', 'copper_ret_30', 'dxy_roc_30', 'eth_btc_ratio', 'fee_per_tx', 'log_returns_lag2', 'log_returns_lag7', 'skewness', 'us2y', 'vix']
20:08:32  src.cpcv.pipeline  INFO    Preprocessing: 10 features selected, train=563 + cal=141, test=233
20:08:32  src.cpcv.tuning  INFO  Tuning (1 model) — Optuna TPE + Purged K-Fold (inner: 3 folds, embargo=10 obs)
20:08:32  src.cpcv.tuning  INFO    [tuning] kan (efficient-kan + AdamW): 3 purged K-fold splits, 30 Optuna trials (TPE)
20:09:58  src.cpcv.tuning  INFO      kan: 15 completed, 15 pruned (of 30 total) — best log_loss=0.6673, params={'width1': 3, 'lr': 0.014214208202540816, 'weight_decay': 0.004716780226069003, 'grid': 3}
20:09:58  src.cpcv.tuning  INFO    [tuning] kan done in 85.5s — best log_loss=0.6673
20:09:58  src.cpcv.tuning  INFO  Tuning total: 85.5s
20:09:58  src.cpcv.pipeline  INFO      applied kan: {'width1': 3, 'width2': 0, 'grid': 3, 'lr': 0.014214208202540816, 'weight_decay': 0.004716780226069003}
20:09:58  src.cpcv.models.kan_model  INFO  KAN fitted: widths=[10, 3, 2], grid=3, epochs=35, val_acc=0.5957, val_loss=0.6651, logit_range=[-0.25, 0.64], device=cpu.
20:09:58  src.cpcv.pipeline  INFO    [ 34/84]                  kan (seed=0) F1=0.556  AUC=0.556  LL=0.7367 (0.6s)
20:09:59  src.cpcv.models.kan_model  INFO  KAN fitted: widths=[10, 3, 2], grid=3, epochs=25, val_acc=0.4965, val_loss=0.6861, logit_range=[-0.29, 0.14], device=cpu.
20:09:59  src.cpcv.pipeline  INFO    [ 35/84]                  kan (seed=1) F1=0.523  AUC=0.558  LL=0.7199 (0.4s)
20:09:59  src.cpcv.models.kan_model  INFO  KAN fitted: widths=[10, 3, 2], grid=3, epochs=37, val_acc=0.5887, val_loss=0.6637, logit_range=[-0.69, 0.41], device=cpu.
20:09:59  src.cpcv.pipeline  INFO    [ 36/84]                  kan (seed=2) F1=0.568  AUC=0.574  LL=0.7269 (0.6s)
20:10:00  src.cpcv.preprocessing  INFO  Computing MDA (Random Forest)...
20:10:29  src.cpcv.preprocessing  INFO  Computing MDA (Logistic Regression)...
20:10:30  src.cpcv.preprocessing  INFO  Multi-model MDA: 51/73 passed (MDA > 0), 22 eliminated
20:10:30  src.cpcv.preprocessing  INFO    Capped at 10 features (top_k_frac=0.15)
20:10:30  src.cpcv.preprocessing  INFO    Selected (10): ['copper_ret_14', 'eth_btc_ratio', 'gk_vol', 'kurtosis', 'log_returns_lag21', 'log_returns_lag6', 'log_returns_lag7', 'mvrv', 'roc_14', 'sp500_ret_30']
20:10:30  src.cpcv.pipeline  INFO    Preprocessing: 10 features selected, train=564 + cal=142, test=240
20:10:30  src.cpcv.tuning  INFO  Tuning (1 model) — Optuna TPE + Purged K-Fold (inner: 3 folds, embargo=10 obs)
20:10:30  src.cpcv.tuning  INFO    [tuning] kan (efficient-kan + AdamW): 3 purged K-fold splits, 30 Optuna trials (TPE)
20:11:12  src.cpcv.tuning  INFO      kan: 12 completed, 18 pruned (of 30 total) — best log_loss=0.6873, params={'width1': 3, 'lr': 0.032681320414828685, 'weight_decay': 0.000898895093834073, 'grid': 5}
20:11:12  src.cpcv.tuning  INFO    [tuning] kan done in 42.0s — best log_loss=0.6873
20:11:12  src.cpcv.tuning  INFO  Tuning total: 42.0s
20:11:12  src.cpcv.pipeline  INFO      applied kan: {'width1': 3, 'width2': 0, 'grid': 5, 'lr': 0.032681320414828685, 'weight_decay': 0.000898895093834073}
20:11:12  src.cpcv.models.kan_model  INFO  KAN fitted: widths=[10, 3, 2], grid=5, epochs=21, val_acc=0.4718, val_loss=0.6957, logit_range=[-0.23, 0.12], device=cpu.
20:11:13  src.cpcv.pipeline  INFO    [ 37/84]                  kan (seed=0) F1=0.373  AUC=0.571  LL=0.6787 (0.4s)
20:11:13  src.cpcv.models.kan_model  INFO  KAN fitted: widths=[10, 3, 2], grid=5, epochs=21, val_acc=0.4718, val_loss=0.6943, logit_range=[-0.11, 0.10], device=cpu.
20:11:13  src.cpcv.pipeline  INFO    [ 38/84]                  kan (seed=1) F1=0.373  AUC=0.505  LL=0.6789 (0.4s)
20:11:13  src.cpcv.models.kan_model  INFO  KAN fitted: widths=[10, 3, 2], grid=5, epochs=21, val_acc=0.4155, val_loss=0.6972, logit_range=[-0.09, 0.15], device=cpu.
20:11:13  src.cpcv.pipeline  INFO    [ 39/84]                  kan (seed=2) F1=0.373  AUC=0.532  LL=0.6790 (0.3s)
20:11:14  src.cpcv.preprocessing  INFO  Computing MDA (Random Forest)...
20:11:42  src.cpcv.preprocessing  INFO  Computing MDA (Logistic Regression)...
20:11:44  src.cpcv.preprocessing  INFO  Multi-model MDA: 47/73 passed (MDA > 0), 26 eliminated
20:11:44  src.cpcv.preprocessing  INFO    Capped at 10 features (top_k_frac=0.15)
20:11:44  src.cpcv.preprocessing  INFO    Selected (10): ['cci_14', 'copper_ret_14', 'log_returns_lag2', 'log_returns_lag7', 'macd', 'negentropy', 'obv', 'realized_vol', 'rsi', 'vol_term_30_90']
20:11:44  src.cpcv.pipeline  INFO    Preprocessing: 10 features selected, train=528 + cal=132, test=288
20:11:44  src.cpcv.tuning  INFO  Tuning (1 model) — Optuna TPE + Purged K-Fold (inner: 3 folds, embargo=10 obs)
20:11:44  src.cpcv.tuning  INFO    [tuning] kan (efficient-kan + AdamW): 3 purged K-fold splits, 30 Optuna trials (TPE)
20:12:38  src.cpcv.tuning  INFO      kan: 19 completed, 11 pruned (of 30 total) — best log_loss=0.6901, params={'width1': 3, 'lr': 0.0045067756622700255, 'weight_decay': 0.004716780226069003, 'grid': 3}
20:12:38  src.cpcv.tuning  INFO    [tuning] kan done in 54.4s — best log_loss=0.6901
20:12:38  src.cpcv.tuning  INFO  Tuning total: 54.4s
20:12:38  src.cpcv.pipeline  INFO      applied kan: {'width1': 3, 'width2': 0, 'grid': 3, 'lr': 0.0045067756622700255, 'weight_decay': 0.004716780226069003}
20:12:39  src.cpcv.models.kan_model  INFO  KAN fitted: widths=[10, 3, 2], grid=3, epochs=82, val_acc=0.5076, val_loss=0.6812, logit_range=[-0.23, 0.55], device=cpu.
20:12:39  src.cpcv.pipeline  INFO    [ 40/84]                  kan (seed=0) F1=0.335  AUC=0.496  LL=0.7559 (1.3s)
20:12:41  src.cpcv.models.kan_model  INFO  KAN fitted: widths=[10, 3, 2], grid=3, epochs=87, val_acc=0.4848, val_loss=0.6837, logit_range=[-0.43, 0.26], device=cpu.
20:12:41  src.cpcv.pipeline  INFO    [ 41/84]                  kan (seed=1) F1=0.332  AUC=0.492  LL=0.7400 (1.4s)
20:12:42  src.cpcv.models.kan_model  INFO  KAN fitted: widths=[10, 3, 2], grid=3, epochs=88, val_acc=0.5000, val_loss=0.6810, logit_range=[-0.76, 0.35], device=cpu.
20:12:42  src.cpcv.pipeline  INFO    [ 42/84]                  kan (seed=2) F1=0.335  AUC=0.505  LL=0.7489 (1.3s)
20:12:42  src.cpcv.preprocessing  INFO  Computing MDA (Random Forest)...
20:13:12  src.cpcv.preprocessing  INFO  Computing MDA (Logistic Regression)...
20:13:13  src.cpcv.preprocessing  INFO  Multi-model MDA: 45/73 passed (MDA > 0), 28 eliminated
20:13:13  src.cpcv.preprocessing  INFO    Capped at 10 features (top_k_frac=0.15)
20:13:13  src.cpcv.preprocessing  INFO    Selected (10): ['active_addr_roc_14', 'bb_width', 'ema_ratio_50_200', 'eth_btc_ratio', 'gold_ret_14', 'rsi', 'silver_ret_14', 'skewness', 'vol_term_30_90', 'yield_curve_10y30y']
20:13:13  src.cpcv.pipeline  INFO    Preprocessing: 10 features selected, train=519 + cal=130, test=288
20:13:13  src.cpcv.tuning  INFO  Tuning (1 model) — Optuna TPE + Purged K-Fold (inner: 3 folds, embargo=10 obs)
20:13:13  src.cpcv.tuning  INFO    [tuning] kan (efficient-kan + AdamW): 3 purged K-fold splits, 30 Optuna trials (TPE)
20:14:06  src.cpcv.tuning  INFO      kan: 20 completed, 10 pruned (of 30 total) — best log_loss=0.6890, params={'width1': 5, 'lr': 0.00916038623831982, 'weight_decay': 0.0004898491725707815, 'grid': 3}
20:14:06  src.cpcv.tuning  INFO    [tuning] kan done in 53.0s — best log_loss=0.6890
20:14:06  src.cpcv.tuning  INFO  Tuning total: 53.0s
20:14:06  src.cpcv.pipeline  INFO      applied kan: {'width1': 5, 'width2': 0, 'grid': 3, 'lr': 0.00916038623831982, 'weight_decay': 0.0004898491725707815}
20:14:06  src.cpcv.models.kan_model  INFO  KAN fitted: widths=[10, 5, 2], grid=3, epochs=32, val_acc=0.4769, val_loss=0.6913, logit_range=[-0.14, 0.22], device=cpu.
20:14:06  src.cpcv.pipeline  INFO    [ 43/84]                  kan (seed=0) F1=0.433  AUC=0.566  LL=0.6881 (0.6s)
20:14:07  src.cpcv.models.kan_model  INFO  KAN fitted: widths=[10, 5, 2], grid=3, epochs=32, val_acc=0.5077, val_loss=0.6877, logit_range=[-0.15, 0.30], device=cpu.
20:14:07  src.cpcv.pipeline  INFO    [ 44/84]                  kan (seed=1) F1=0.502  AUC=0.589  LL=0.6838 (0.6s)
20:14:08  src.cpcv.models.kan_model  INFO  KAN fitted: widths=[10, 5, 2], grid=3, epochs=28, val_acc=0.5154, val_loss=0.6932, logit_range=[-0.19, 0.23], device=cpu.
20:14:08  src.cpcv.pipeline  INFO    [ 45/84]                  kan (seed=2) F1=0.521  AUC=0.595  LL=0.6818 (0.5s)
20:14:08  src.cpcv.preprocessing  INFO  Computing MDA (Random Forest)...
20:14:36  src.cpcv.preprocessing  INFO  Computing MDA (Logistic Regression)...
20:14:38  src.cpcv.preprocessing  INFO  Multi-model MDA: 58/73 passed (MDA > 0), 15 eliminated
20:14:38  src.cpcv.preprocessing  INFO    Capped at 10 features (top_k_frac=0.15)
20:14:38  src.cpcv.preprocessing  INFO    Selected (10): ['active_addr_roc_14', 'ema_ratio_20_50', 'log_returns_lag1', 'mvrv', 'natgas_ret_30', 'oil_ret_30', 'skewness', 'vol_term_30_90', 'yield_curve_10y30y', 'yz_vol']
20:14:38  src.cpcv.pipeline  INFO    Preprocessing: 10 features selected, train=517 + cal=130, test=288
20:14:38  src.cpcv.tuning  INFO  Tuning (1 model) — Optuna TPE + Purged K-Fold (inner: 3 folds, embargo=10 obs)
20:14:38  src.cpcv.tuning  INFO    [tuning] kan (efficient-kan + AdamW): 3 purged K-fold splits, 30 Optuna trials (TPE)
20:15:51  src.cpcv.tuning  INFO      kan: 18 completed, 12 pruned (of 30 total) — best log_loss=0.6909, params={'width1': 2, 'lr': 0.001895574112300144, 'weight_decay': 0.0020038552121700286, 'grid': 3}
20:15:51  src.cpcv.tuning  INFO    [tuning] kan done in 73.3s — best log_loss=0.6909
20:15:51  src.cpcv.tuning  INFO  Tuning total: 73.3s
20:15:51  src.cpcv.pipeline  INFO      applied kan: {'width1': 2, 'width2': 0, 'grid': 3, 'lr': 0.001895574112300144, 'weight_decay': 0.0020038552121700286}
20:15:53  src.cpcv.models.kan_model  INFO  KAN fitted: widths=[10, 2, 2], grid=3, epochs=136, val_acc=0.5308, val_loss=0.6835, logit_range=[-0.34, 0.28], device=cpu.
20:15:53  src.cpcv.pipeline  INFO    [ 46/84]                  kan (seed=0) F1=0.482  AUC=0.522  LL=0.6992 (2.1s)
20:15:56  src.cpcv.models.kan_model  INFO  KAN fitted: widths=[10, 2, 2], grid=3, epochs=200, val_acc=0.5308, val_loss=0.6826, logit_range=[-0.56, 0.39], device=cpu.
20:15:56  src.cpcv.pipeline  INFO    [ 47/84]                  kan (seed=1) F1=0.490  AUC=0.532  LL=0.6978 (3.1s)
20:15:56  src.cpcv.models.kan_model  INFO  KAN fitted: widths=[10, 2, 2], grid=3, epochs=21, val_acc=0.5000, val_loss=0.6888, logit_range=[-0.12, 0.08], device=cpu.
20:15:57  src.cpcv.pipeline  INFO    [ 48/84]                  kan (seed=2) F1=0.424  AUC=0.501  LL=0.7079 (0.3s)
20:15:57  src.cpcv.preprocessing  INFO  Computing MDA (Random Forest)...
20:16:25  src.cpcv.preprocessing  INFO  Computing MDA (Logistic Regression)...
20:16:27  src.cpcv.preprocessing  INFO  Multi-model MDA: 27/73 passed (MDA > 0), 46 eliminated
20:16:27  src.cpcv.preprocessing  INFO    Capped at 10 features (top_k_frac=0.15)
20:16:27  src.cpcv.preprocessing  INFO    Selected (10): ['cci_14', 'ema_ratio_20_50', 'eth_btc_ratio', 'net_exchange_flow', 'oil_ret_14', 'skewness', 'smt_exp', 'vol_term_7_30', 'williams_r', 'yield_curve_2y10y']
20:16:27  src.cpcv.pipeline  INFO    Preprocessing: 10 features selected, train=518 + cal=130, test=288
20:16:27  src.cpcv.tuning  INFO  Tuning (1 model) — Optuna TPE + Purged K-Fold (inner: 3 folds, embargo=10 obs)
20:16:27  src.cpcv.tuning  INFO    [tuning] kan (efficient-kan + AdamW): 3 purged K-fold splits, 30 Optuna trials (TPE)
20:17:33  src.cpcv.tuning  INFO      kan: 16 completed, 14 pruned (of 30 total) — best log_loss=0.6787, params={'width1': 6, 'lr': 0.006455855701572534, 'weight_decay': 0.0006420680641388744, 'grid': 5}
20:17:33  src.cpcv.tuning  INFO    [tuning] kan done in 66.6s — best log_loss=0.6787
20:17:33  src.cpcv.tuning  INFO  Tuning total: 66.6s
20:17:33  src.cpcv.pipeline  INFO      applied kan: {'width1': 6, 'width2': 0, 'grid': 5, 'lr': 0.006455855701572534, 'weight_decay': 0.0006420680641388744}
20:17:34  src.cpcv.models.kan_model  INFO  KAN fitted: widths=[10, 6, 2], grid=5, epochs=43, val_acc=0.5923, val_loss=0.6810, logit_range=[-0.29, 0.30], device=cpu.
20:17:34  src.cpcv.pipeline  INFO    [ 49/84]                  kan (seed=0) F1=0.508  AUC=0.523  LL=0.7133 (0.8s)
20:17:35  src.cpcv.models.kan_model  INFO  KAN fitted: widths=[10, 6, 2], grid=5, epochs=55, val_acc=0.4923, val_loss=0.6864, logit_range=[-0.25, 0.26], device=cpu.
20:17:35  src.cpcv.pipeline  INFO    [ 50/84]                  kan (seed=1) F1=0.516  AUC=0.494  LL=0.7028 (1.0s)
20:17:36  src.cpcv.models.kan_model  INFO  KAN fitted: widths=[10, 6, 2], grid=5, epochs=59, val_acc=0.5231, val_loss=0.6812, logit_range=[-0.30, 0.31], device=cpu.
20:17:36  src.cpcv.pipeline  INFO    [ 51/84]                  kan (seed=2) F1=0.553  AUC=0.504  LL=0.7130 (1.0s)
20:17:36  src.cpcv.preprocessing  INFO  Computing MDA (Random Forest)...
20:18:06  src.cpcv.preprocessing  INFO  Computing MDA (Logistic Regression)...
20:18:07  src.cpcv.preprocessing  INFO  Multi-model MDA: 28/73 passed (MDA > 0), 45 eliminated
20:18:07  src.cpcv.preprocessing  INFO    Capped at 10 features (top_k_frac=0.15)
20:18:07  src.cpcv.preprocessing  INFO    Selected (10): ['bb_width', 'exchange_supply_pct', 'gold_ret_30', 'hurst', 'log_returns_lag5', 'macd_hist', 'oil_ret_14', 'rsi', 'vix', 'vol_term_30_90']
20:18:07  src.cpcv.pipeline  INFO    Preprocessing: 10 features selected, train=520 + cal=130, test=295
20:18:07  src.cpcv.tuning  INFO  Tuning (1 model) — Optuna TPE + Purged K-Fold (inner: 3 folds, embargo=10 obs)
20:18:07  src.cpcv.tuning  INFO    [tuning] kan (efficient-kan + AdamW): 3 purged K-fold splits, 30 Optuna trials (TPE)
20:19:48  src.cpcv.tuning  INFO      kan: 29 completed, 1 pruned (of 30 total) — best log_loss=0.6843, params={'width1': 5, 'lr': 0.0021008360271862654, 'weight_decay': 0.00025330746540014494, 'grid': 3}
20:19:48  src.cpcv.tuning  INFO    [tuning] kan done in 101.1s — best log_loss=0.6843
20:19:48  src.cpcv.tuning  INFO  Tuning total: 101.1s
20:19:48  src.cpcv.pipeline  INFO      applied kan: {'width1': 5, 'width2': 0, 'grid': 3, 'lr': 0.0021008360271862654, 'weight_decay': 0.00025330746540014494}
20:19:49  src.cpcv.models.kan_model  INFO  KAN fitted: widths=[10, 5, 2], grid=3, epochs=72, val_acc=0.4692, val_loss=0.6904, logit_range=[-0.16, 0.14], device=cpu.
20:19:49  src.cpcv.pipeline  INFO    [ 52/84]                  kan (seed=0) F1=0.405  AUC=0.495  LL=0.6990 (1.1s)
20:19:50  src.cpcv.models.kan_model  INFO  KAN fitted: widths=[10, 5, 2], grid=3, epochs=64, val_acc=0.5231, val_loss=0.6917, logit_range=[-0.11, 0.17], device=cpu.
20:19:50  src.cpcv.pipeline  INFO    [ 53/84]                  kan (seed=1) F1=0.348  AUC=0.461  LL=0.7018 (1.1s)
20:19:51  src.cpcv.models.kan_model  INFO  KAN fitted: widths=[10, 5, 2], grid=3, epochs=59, val_acc=0.4923, val_loss=0.6884, logit_range=[-0.18, 0.13], device=cpu.
20:19:51  src.cpcv.pipeline  INFO    [ 54/84]                  kan (seed=2) F1=0.418  AUC=0.490  LL=0.7092 (1.0s)
20:19:51  src.cpcv.preprocessing  INFO  Computing MDA (Random Forest)...
20:20:20  src.cpcv.preprocessing  INFO  Computing MDA (Logistic Regression)...
20:20:21  src.cpcv.preprocessing  INFO  Multi-model MDA: 45/73 passed (MDA > 0), 28 eliminated
20:20:21  src.cpcv.preprocessing  INFO    Capped at 10 features (top_k_frac=0.15)
20:20:21  src.cpcv.preprocessing  INFO    Selected (10): ['copper_ret_14', 'eth_btc_ratio', 'issuance_ntv', 'log_returns_lag6', 'lz_complexity', 'macd_signal', 'mvrv', 'natgas_ret_30', 'sp500_ret_30', 'stoch_k']
20:20:21  src.cpcv.pipeline  INFO    Preprocessing: 10 features selected, train=528 + cal=133, test=288
20:20:21  src.cpcv.tuning  INFO  Tuning (1 model) — Optuna TPE + Purged K-Fold (inner: 3 folds, embargo=10 obs)
20:20:21  src.cpcv.tuning  INFO    [tuning] kan (efficient-kan + AdamW): 3 purged K-fold splits, 30 Optuna trials (TPE)
20:21:26  src.cpcv.tuning  INFO      kan: 21 completed, 9 pruned (of 30 total) — best log_loss=0.6856, params={'width1': 2, 'lr': 0.04353010439152429, 'weight_decay': 0.001764971584817572, 'grid': 3}
20:21:26  src.cpcv.tuning  INFO    [tuning] kan done in 65.8s — best log_loss=0.6856
20:21:26  src.cpcv.tuning  INFO  Tuning total: 65.8s
20:21:26  src.cpcv.pipeline  INFO      applied kan: {'width1': 2, 'width2': 0, 'grid': 3, 'lr': 0.04353010439152429, 'weight_decay': 0.001764971584817572}
20:21:27  src.cpcv.models.kan_model  INFO  KAN fitted: widths=[10, 2, 2], grid=3, epochs=21, val_acc=0.4962, val_loss=0.6929, logit_range=[-0.07, 0.09], device=cpu.
20:21:27  src.cpcv.pipeline  INFO    [ 55/84]                  kan (seed=0) F1=0.394  AUC=0.532  LL=0.6791 (0.4s)
20:21:27  src.cpcv.models.kan_model  INFO  KAN fitted: widths=[10, 2, 2], grid=3, epochs=21, val_acc=0.4887, val_loss=0.6982, logit_range=[-0.11, 0.17], device=cpu.
20:21:27  src.cpcv.pipeline  INFO    [ 56/84]                  kan (seed=1) F1=0.368  AUC=0.526  LL=0.6827 (0.4s)
20:21:27  src.cpcv.models.kan_model  INFO  KAN fitted: widths=[10, 2, 2], grid=3, epochs=21, val_acc=0.5038, val_loss=0.6936, logit_range=[-0.15, 0.22], device=cpu.
20:21:28  src.cpcv.pipeline  INFO    [ 57/84]                  kan (seed=2) F1=0.368  AUC=0.507  LL=0.6827 (0.4s)
20:21:28  src.cpcv.preprocessing  INFO  Computing MDA (Random Forest)...
20:21:57  src.cpcv.preprocessing  INFO  Computing MDA (Logistic Regression)...
20:21:58  src.cpcv.preprocessing  INFO  Multi-model MDA: 38/73 passed (MDA > 0), 35 eliminated
20:21:58  src.cpcv.preprocessing  INFO    Capped at 10 features (top_k_frac=0.15)
20:21:58  src.cpcv.preprocessing  INFO    Selected (10): ['active_addr_roc_14', 'bb_width', 'jarque_bera', 'log_returns', 'macd_hist', 'silver_ret_30', 'skewness', 'stoch_d', 'us10y', 'vwma_ratio_20_50']
20:21:58  src.cpcv.pipeline  INFO    Preprocessing: 10 features selected, train=518 + cal=130, test=288
20:21:58  src.cpcv.tuning  INFO  Tuning (1 model) — Optuna TPE + Purged K-Fold (inner: 3 folds, embargo=10 obs)
20:21:58  src.cpcv.tuning  INFO    [tuning] kan (efficient-kan + AdamW): 3 purged K-fold splits, 30 Optuna trials (TPE)
20:22:39  src.cpcv.tuning  INFO      kan: 11 completed, 19 pruned (of 30 total) — best log_loss=0.6878, params={'width1': 3, 'lr': 0.0463105265923689, 'weight_decay': 2.9779757078829966e-05, 'grid': 5}
20:22:39  src.cpcv.tuning  INFO    [tuning] kan done in 40.6s — best log_loss=0.6878
20:22:39  src.cpcv.tuning  INFO  Tuning total: 40.6s
20:22:39  src.cpcv.pipeline  INFO      applied kan: {'width1': 3, 'width2': 0, 'grid': 5, 'lr': 0.0463105265923689, 'weight_decay': 2.9779757078829966e-05}
20:22:39  src.cpcv.models.kan_model  INFO  KAN fitted: widths=[10, 3, 2], grid=5, epochs=28, val_acc=0.6231, val_loss=0.6639, logit_range=[-0.40, 0.71], device=cpu.
20:22:39  src.cpcv.pipeline  INFO    [ 58/84]                  kan (seed=0) F1=0.529  AUC=0.589  LL=0.6973 (0.4s)
20:22:40  src.cpcv.models.kan_model  INFO  KAN fitted: widths=[10, 3, 2], grid=5, epochs=28, val_acc=0.5769, val_loss=0.6679, logit_range=[-0.45, 0.37], device=cpu.
20:22:40  src.cpcv.pipeline  INFO    [ 59/84]                  kan (seed=1) F1=0.492  AUC=0.571  LL=0.6959 (0.4s)
20:22:40  src.cpcv.models.kan_model  INFO  KAN fitted: widths=[10, 3, 2], grid=5, epochs=26, val_acc=0.5538, val_loss=0.6754, logit_range=[-0.71, 0.34], device=cpu.
20:22:40  src.cpcv.pipeline  INFO    [ 60/84]                  kan (seed=2) F1=0.479  AUC=0.579  LL=0.6953 (0.4s)
20:22:41  src.cpcv.preprocessing  INFO  Computing MDA (Random Forest)...
20:23:10  src.cpcv.preprocessing  INFO  Computing MDA (Logistic Regression)...
20:23:11  src.cpcv.preprocessing  INFO  Multi-model MDA: 13/73 passed (MDA > 0), 60 eliminated
20:23:11  src.cpcv.preprocessing  INFO    Capped at 10 features (top_k_frac=0.15)
20:23:11  src.cpcv.preprocessing  INFO    Selected (10): ['bb_width', 'eth_btc_ratio', 'kurtosis', 'log_returns_lag30', 'log_returns_lag4', 'nasdaq_ret_14', 'natgas_ret_14', 'skewness', 'us10y', 'variance_ratio']
20:23:11  src.cpcv.pipeline  INFO    Preprocessing: 10 features selected, train=519 + cal=130, test=288
20:23:11  src.cpcv.tuning  INFO  Tuning (1 model) — Optuna TPE + Purged K-Fold (inner: 3 folds, embargo=10 obs)
20:23:11  src.cpcv.tuning  INFO    [tuning] kan (efficient-kan + AdamW): 3 purged K-fold splits, 30 Optuna trials (TPE)
20:24:59  src.cpcv.tuning  INFO      kan: 12 completed, 18 pruned (of 30 total) — best log_loss=0.6794, params={'width1': 5, 'lr': 0.0010965242778321843, 'weight_decay': 1.498208643215546e-05, 'grid': 5}
20:24:59  src.cpcv.tuning  INFO    [tuning] kan done in 108.6s — best log_loss=0.6794
20:24:59  src.cpcv.tuning  INFO  Tuning total: 108.6s
20:24:59  src.cpcv.pipeline  INFO      applied kan: {'width1': 5, 'width2': 0, 'grid': 5, 'lr': 0.0010965242778321843, 'weight_decay': 1.498208643215546e-05}
20:25:01  src.cpcv.models.kan_model  INFO  KAN fitted: widths=[10, 5, 2], grid=5, epochs=111, val_acc=0.4538, val_loss=0.6939, logit_range=[-0.21, 0.12], device=cpu.
20:25:01  src.cpcv.pipeline  INFO    [ 61/84]                  kan (seed=0) F1=0.407  AUC=0.521  LL=0.6852 (1.9s)
20:25:02  src.cpcv.models.kan_model  INFO  KAN fitted: widths=[10, 5, 2], grid=5, epochs=76, val_acc=0.4615, val_loss=0.6928, logit_range=[-0.19, 0.14], device=cpu.
20:25:03  src.cpcv.pipeline  INFO    [ 62/84]                  kan (seed=1) F1=0.366  AUC=0.536  LL=0.6836 (1.2s)
20:25:04  src.cpcv.models.kan_model  INFO  KAN fitted: widths=[10, 5, 2], grid=5, epochs=84, val_acc=0.5692, val_loss=0.6933, logit_range=[-0.20, 0.23], device=cpu.
20:25:04  src.cpcv.pipeline  INFO    [ 63/84]                  kan (seed=2) F1=0.502  AUC=0.546  LL=0.6839 (1.4s)
20:25:04  src.cpcv.preprocessing  INFO  Computing MDA (Random Forest)...
20:25:33  src.cpcv.preprocessing  INFO  Computing MDA (Logistic Regression)...
20:25:34  src.cpcv.preprocessing  INFO  Multi-model MDA: 33/73 passed (MDA > 0), 40 eliminated
20:25:34  src.cpcv.preprocessing  INFO    Capped at 10 features (top_k_frac=0.15)
20:25:34  src.cpcv.preprocessing  INFO    Selected (10): ['bb_width', 'ema_ratio_50_200', 'eth_btc_ratio', 'kurtosis', 'log_returns_lag4', 'macd_hist', 'nasdaq_ret_14', 'realized_vol', 'sp500_ret_30', 'us10y']
20:25:34  src.cpcv.pipeline  INFO    Preprocessing: 10 features selected, train=520 + cal=131, test=295
20:25:34  src.cpcv.tuning  INFO  Tuning (1 model) — Optuna TPE + Purged K-Fold (inner: 3 folds, embargo=10 obs)
20:25:34  src.cpcv.tuning  INFO    [tuning] kan (efficient-kan + AdamW): 3 purged K-fold splits, 30 Optuna trials (TPE)
20:26:27  src.cpcv.tuning  INFO      kan: 6 completed, 24 pruned (of 30 total) — best log_loss=0.6840, params={'width1': 4, 'lr': 0.04971642773338117, 'weight_decay': 0.0048425615402262765, 'grid': 3}
20:26:27  src.cpcv.tuning  INFO    [tuning] kan done in 52.6s — best log_loss=0.6840
20:26:27  src.cpcv.tuning  INFO  Tuning total: 52.6s
20:26:27  src.cpcv.pipeline  INFO      applied kan: {'width1': 4, 'width2': 0, 'grid': 3, 'lr': 0.04971642773338117, 'weight_decay': 0.0048425615402262765}
20:26:27  src.cpcv.models.kan_model  INFO  KAN fitted: widths=[10, 4, 2], grid=3, epochs=21, val_acc=0.4733, val_loss=0.6951, logit_range=[-0.14, 0.09], device=cpu.
20:26:27  src.cpcv.pipeline  INFO    [ 64/84]                  kan (seed=0) F1=0.360  AUC=0.517  LL=0.6868 (0.4s)
20:26:27  src.cpcv.models.kan_model  INFO  KAN fitted: widths=[10, 4, 2], grid=3, epochs=21, val_acc=0.4733, val_loss=0.6988, logit_range=[-0.23, 0.18], device=cpu.
20:26:27  src.cpcv.pipeline  INFO    [ 65/84]                  kan (seed=1) F1=0.360  AUC=0.504  LL=0.6867 (0.4s)
20:26:28  src.cpcv.models.kan_model  INFO  KAN fitted: widths=[10, 4, 2], grid=3, epochs=21, val_acc=0.4656, val_loss=0.6961, logit_range=[-0.07, 0.16], device=cpu.
20:26:28  src.cpcv.pipeline  INFO    [ 66/84]                  kan (seed=2) F1=0.360  AUC=0.503  LL=0.6868 (0.4s)
20:26:28  src.cpcv.preprocessing  INFO  Computing MDA (Random Forest)...
20:26:59  src.cpcv.preprocessing  INFO  Computing MDA (Logistic Regression)...
20:27:00  src.cpcv.preprocessing  INFO  Multi-model MDA: 31/73 passed (MDA > 0), 42 eliminated
20:27:00  src.cpcv.preprocessing  INFO    Capped at 10 features (top_k_frac=0.15)
20:27:00  src.cpcv.preprocessing  INFO    Selected (10): ['atr', 'bb_width', 'hashrate_roc_30', 'log_returns_lag5', 'roc_14', 'sadf', 'shannon_entropy', 'stoch_d', 'stoch_k', 'vol_term_7_30']
20:27:00  src.cpcv.pipeline  INFO    Preprocessing: 10 features selected, train=528 + cal=133, test=288
20:27:00  src.cpcv.tuning  INFO  Tuning (1 model) — Optuna TPE + Purged K-Fold (inner: 3 folds, embargo=10 obs)
20:27:00  src.cpcv.tuning  INFO    [tuning] kan (efficient-kan + AdamW): 3 purged K-fold splits, 30 Optuna trials (TPE)
20:27:46  src.cpcv.tuning  INFO      kan: 19 completed, 11 pruned (of 30 total) — best log_loss=0.6867, params={'width1': 4, 'lr': 0.02344972479016568, 'weight_decay': 0.00010599672264030052, 'grid': 5}
20:27:46  src.cpcv.tuning  INFO    [tuning] kan done in 46.6s — best log_loss=0.6867
20:27:46  src.cpcv.tuning  INFO  Tuning total: 46.6s
20:27:46  src.cpcv.pipeline  INFO      applied kan: {'width1': 4, 'width2': 0, 'grid': 5, 'lr': 0.02344972479016568, 'weight_decay': 0.00010599672264030052}
20:27:47  src.cpcv.models.kan_model  INFO  KAN fitted: widths=[10, 4, 2], grid=5, epochs=21, val_acc=0.5113, val_loss=0.6959, logit_range=[-0.16, 0.08], device=cpu.
20:27:47  src.cpcv.pipeline  INFO    [ 67/84]                  kan (seed=0) F1=0.356  AUC=0.474  LL=0.6880 (0.4s)
20:27:47  src.cpcv.models.kan_model  INFO  KAN fitted: widths=[10, 4, 2], grid=5, epochs=21, val_acc=0.5414, val_loss=0.6952, logit_range=[-0.07, 0.08], device=cpu.
20:27:47  src.cpcv.pipeline  INFO    [ 68/84]                  kan (seed=1) F1=0.356  AUC=0.494  LL=0.6880 (0.4s)
20:27:48  src.cpcv.models.kan_model  INFO  KAN fitted: widths=[10, 4, 2], grid=5, epochs=21, val_acc=0.5263, val_loss=0.6971, logit_range=[-0.12, 0.16], device=cpu.
20:27:48  src.cpcv.pipeline  INFO    [ 69/84]                  kan (seed=2) F1=0.356  AUC=0.498  LL=0.6880 (0.4s)
20:27:48  src.cpcv.preprocessing  INFO  Computing MDA (Random Forest)...
20:28:17  src.cpcv.preprocessing  INFO  Computing MDA (Logistic Regression)...
20:28:18  src.cpcv.preprocessing  INFO  Multi-model MDA: 28/73 passed (MDA > 0), 45 eliminated
20:28:18  src.cpcv.preprocessing  INFO    Capped at 10 features (top_k_frac=0.15)
20:28:18  src.cpcv.preprocessing  INFO    Selected (10): ['bb_width', 'cci_14', 'copper_ret_14', 'dxy_roc_30', 'eth_btc_ratio', 'log_returns_lag30', 'nasdaq_ret_30', 'sadf', 'vol_term_7_30', 'yield_curve_10y30y']
20:28:18  src.cpcv.pipeline  INFO    Preprocessing: 10 features selected, train=519 + cal=130, test=288
20:28:18  src.cpcv.tuning  INFO  Tuning (1 model) — Optuna TPE + Purged K-Fold (inner: 3 folds, embargo=10 obs)
20:28:18  src.cpcv.tuning  INFO    [tuning] kan (efficient-kan + AdamW): 3 purged K-fold splits, 30 Optuna trials (TPE)
20:29:15  src.cpcv.tuning  INFO      kan: 21 completed, 9 pruned (of 30 total) — best log_loss=0.6896, params={'width1': 6, 'lr': 0.02402691976609756, 'weight_decay': 3.2753820073154386e-05, 'grid': 5}
20:29:15  src.cpcv.tuning  INFO    [tuning] kan done in 57.5s — best log_loss=0.6896
20:29:15  src.cpcv.tuning  INFO  Tuning total: 57.5s
20:29:15  src.cpcv.pipeline  INFO      applied kan: {'width1': 6, 'width2': 0, 'grid': 5, 'lr': 0.02402691976609756, 'weight_decay': 3.2753820073154386e-05}
20:29:16  src.cpcv.models.kan_model  INFO  KAN fitted: widths=[10, 6, 2], grid=5, epochs=22, val_acc=0.5769, val_loss=0.6919, logit_range=[-0.16, 0.09], device=cpu.
20:29:16  src.cpcv.pipeline  INFO    [ 70/84]                  kan (seed=0) F1=0.515  AUC=0.529  LL=0.6868 (0.4s)
20:29:16  src.cpcv.models.kan_model  INFO  KAN fitted: widths=[10, 6, 2], grid=5, epochs=21, val_acc=0.4615, val_loss=0.6981, logit_range=[-0.12, 0.14], device=cpu.
20:29:16  src.cpcv.pipeline  INFO    [ 71/84]                  kan (seed=1) F1=0.366  AUC=0.492  LL=0.6856 (0.4s)
20:29:17  src.cpcv.models.kan_model  INFO  KAN fitted: widths=[10, 6, 2], grid=5, epochs=21, val_acc=0.4538, val_loss=0.6942, logit_range=[-0.07, 0.13], device=cpu.
20:29:17  src.cpcv.pipeline  INFO    [ 72/84]                  kan (seed=2) F1=0.366  AUC=0.514  LL=0.6856 (0.4s)
20:29:17  src.cpcv.preprocessing  INFO  Computing MDA (Random Forest)...
20:29:46  src.cpcv.preprocessing  INFO  Computing MDA (Logistic Regression)...
20:29:47  src.cpcv.preprocessing  INFO  Multi-model MDA: 46/73 passed (MDA > 0), 27 eliminated
20:29:47  src.cpcv.preprocessing  INFO    Capped at 10 features (top_k_frac=0.15)
20:29:47  src.cpcv.preprocessing  INFO    Selected (10): ['bb_width', 'ema_ratio_50_200', 'exchange_supply_pct', 'hurst', 'issuance_ntv', 'log_returns_lag21', 'realized_vol', 'sadf', 'silver_ret_30', 'us2y']
20:29:47  src.cpcv.pipeline  INFO    Preprocessing: 10 features selected, train=520 + cal=131, test=295
20:29:47  src.cpcv.tuning  INFO  Tuning (1 model) — Optuna TPE + Purged K-Fold (inner: 3 folds, embargo=10 obs)
20:29:47  src.cpcv.tuning  INFO    [tuning] kan (efficient-kan + AdamW): 3 purged K-fold splits, 30 Optuna trials (TPE)
20:30:21  src.cpcv.tuning  INFO      kan: 25 completed, 5 pruned (of 30 total) — best log_loss=0.6900, params={'width1': 5, 'lr': 0.014898144584382406, 'weight_decay': 2.1557215645418847e-05, 'grid': 5}
20:30:21  src.cpcv.tuning  INFO    [tuning] kan done in 33.3s — best log_loss=0.6900
20:30:21  src.cpcv.tuning  INFO  Tuning total: 33.3s
20:30:21  src.cpcv.pipeline  INFO      applied kan: {'width1': 5, 'width2': 0, 'grid': 5, 'lr': 0.014898144584382406, 'weight_decay': 2.1557215645418847e-05}
20:30:21  src.cpcv.models.kan_model  INFO  KAN fitted: widths=[10, 5, 2], grid=5, epochs=21, val_acc=0.4656, val_loss=0.6955, logit_range=[-0.21, 0.24], device=cpu.
20:30:21  src.cpcv.pipeline  INFO    [ 73/84]                  kan (seed=0) F1=0.470  AUC=0.538  LL=0.6823 (0.4s)
20:30:21  src.cpcv.models.kan_model  INFO  KAN fitted: widths=[10, 5, 2], grid=5, epochs=21, val_acc=0.4656, val_loss=0.6939, logit_range=[-0.10, 0.05], device=cpu.
20:30:22  src.cpcv.pipeline  INFO    [ 74/84]                  kan (seed=1) F1=0.366  AUC=0.532  LL=0.6808 (0.5s)
20:30:22  src.cpcv.models.kan_model  INFO  KAN fitted: widths=[10, 5, 2], grid=5, epochs=21, val_acc=0.4580, val_loss=0.6970, logit_range=[-0.16, 0.09], device=cpu.
20:30:22  src.cpcv.pipeline  INFO    [ 75/84]                  kan (seed=2) F1=0.366  AUC=0.491  LL=0.6849 (0.4s)
20:30:22  src.cpcv.preprocessing  INFO  Computing MDA (Random Forest)...
20:30:52  src.cpcv.preprocessing  INFO  Computing MDA (Logistic Regression)...
20:30:53  src.cpcv.preprocessing  INFO  Multi-model MDA: 12/73 passed (MDA > 0), 61 eliminated
20:30:53  src.cpcv.preprocessing  INFO    Capped at 10 features (top_k_frac=0.15)
20:30:53  src.cpcv.preprocessing  INFO    Selected (10): ['active_addr_roc_14', 'eth_btc_ratio', 'kurtosis', 'log_returns_lag21', 'log_returns_lag30', 'natgas_ret_30', 'roc_14', 'silver_ret_14', 'us2y', 'vwma_ratio_20_50']
20:30:53  src.cpcv.pipeline  INFO    Preprocessing: 10 features selected, train=527 + cal=132, test=288
20:30:53  src.cpcv.tuning  INFO  Tuning (1 model) — Optuna TPE + Purged K-Fold (inner: 3 folds, embargo=10 obs)
20:30:53  src.cpcv.tuning  INFO    [tuning] kan (efficient-kan + AdamW): 3 purged K-fold splits, 30 Optuna trials (TPE)
20:32:17  src.cpcv.tuning  INFO      kan: 11 completed, 19 pruned (of 30 total) — best log_loss=0.6903, params={'width1': 2, 'lr': 0.0020298058052421537, 'weight_decay': 0.0002607965659809582, 'grid': 3}
20:32:17  src.cpcv.tuning  INFO    [tuning] kan done in 84.1s — best log_loss=0.6903
20:32:17  src.cpcv.tuning  INFO  Tuning total: 84.1s
20:32:17  src.cpcv.pipeline  INFO      applied kan: {'width1': 2, 'width2': 0, 'grid': 3, 'lr': 0.0020298058052421537, 'weight_decay': 0.0002607965659809582}
20:32:18  src.cpcv.models.kan_model  INFO  KAN fitted: widths=[10, 2, 2], grid=3, epochs=21, val_acc=0.4924, val_loss=0.6935, logit_range=[-0.05, 0.04], device=cpu.
20:32:18  src.cpcv.pipeline  INFO    [ 76/84]                  kan (seed=0) F1=0.347  AUC=0.543  LL=0.6910 (0.3s)
20:32:19  src.cpcv.models.kan_model  INFO  KAN fitted: widths=[10, 2, 2], grid=3, epochs=114, val_acc=0.5000, val_loss=0.6922, logit_range=[-0.23, 0.09], device=cpu.
20:32:19  src.cpcv.pipeline  INFO    [ 77/84]                  kan (seed=1) F1=0.445  AUC=0.558  LL=0.6880 (1.6s)
20:32:20  src.cpcv.models.kan_model  INFO  KAN fitted: widths=[10, 2, 2], grid=3, epochs=69, val_acc=0.5152, val_loss=0.6892, logit_range=[-0.26, 0.15], device=cpu.
20:32:20  src.cpcv.pipeline  INFO    [ 78/84]                  kan (seed=2) F1=0.494  AUC=0.521  LL=0.6977 (1.0s)
20:32:21  src.cpcv.preprocessing  INFO  Computing MDA (Random Forest)...
20:32:50  src.cpcv.preprocessing  INFO  Computing MDA (Logistic Regression)...
20:32:51  src.cpcv.preprocessing  INFO  Multi-model MDA: 44/73 passed (MDA > 0), 29 eliminated
20:32:51  src.cpcv.preprocessing  INFO    Capped at 10 features (top_k_frac=0.15)
20:32:51  src.cpcv.preprocessing  INFO    Selected (10): ['bb_width', 'exchange_supply_pct', 'gold_ret_30', 'kurtosis', 'log_returns_lag1', 'natgas_ret_14', 'natgas_ret_30', 'smt_poly1', 'us10y', 'yield_curve_10y30y']
20:32:51  src.cpcv.pipeline  INFO    Preprocessing: 10 features selected, train=519 + cal=130, test=295
20:32:51  src.cpcv.tuning  INFO  Tuning (1 model) — Optuna TPE + Purged K-Fold (inner: 3 folds, embargo=10 obs)
20:32:51  src.cpcv.tuning  INFO    [tuning] kan (efficient-kan + AdamW): 3 purged K-fold splits, 30 Optuna trials (TPE)
20:33:50  src.cpcv.tuning  INFO      kan: 20 completed, 10 pruned (of 30 total) — best log_loss=0.6737, params={'width1': 3, 'lr': 0.025926999801331327, 'weight_decay': 0.0004534276123639179, 'grid': 5}
20:33:50  src.cpcv.tuning  INFO    [tuning] kan done in 58.2s — best log_loss=0.6737
20:33:50  src.cpcv.tuning  INFO  Tuning total: 58.2s
20:33:50  src.cpcv.pipeline  INFO      applied kan: {'width1': 3, 'width2': 0, 'grid': 5, 'lr': 0.025926999801331327, 'weight_decay': 0.0004534276123639179}
20:33:50  src.cpcv.models.kan_model  INFO  KAN fitted: widths=[10, 3, 2], grid=5, epochs=25, val_acc=0.5462, val_loss=0.6874, logit_range=[-0.25, 0.26], device=cpu.
20:33:50  src.cpcv.pipeline  INFO    [ 79/84]                  kan (seed=0) F1=0.459  AUC=0.481  LL=0.7054 (0.4s)
20:33:50  src.cpcv.models.kan_model  INFO  KAN fitted: widths=[10, 3, 2], grid=5, epochs=23, val_acc=0.4615, val_loss=0.6923, logit_range=[-0.16, 0.09], device=cpu.
20:33:50  src.cpcv.pipeline  INFO    [ 80/84]                  kan (seed=1) F1=0.346  AUC=0.532  LL=0.6898 (0.4s)
20:33:51  src.cpcv.models.kan_model  INFO  KAN fitted: widths=[10, 3, 2], grid=5, epochs=22, val_acc=0.4538, val_loss=0.6941, logit_range=[-0.24, -0.02], device=cpu.
20:33:51  src.cpcv.pipeline  INFO    [ 81/84]                  kan (seed=2) F1=0.347  AUC=0.541  LL=0.6910 (0.4s)
20:33:51  src.cpcv.preprocessing  INFO  Computing MDA (Random Forest)...
20:34:20  src.cpcv.preprocessing  INFO  Computing MDA (Logistic Regression)...
20:34:21  src.cpcv.preprocessing  INFO  Multi-model MDA: 32/73 passed (MDA > 0), 41 eliminated
20:34:21  src.cpcv.preprocessing  INFO    Capped at 10 features (top_k_frac=0.15)
20:34:21  src.cpcv.preprocessing  INFO    Selected (10): ['ema_ratio_50_200', 'eth_btc_ratio', 'exchange_supply_pct', 'gold_ret_14', 'log_returns_lag21', 'mfi_14', 'roc_14', 'us10y', 'us2y', 'vol_term_7_30']
20:34:21  src.cpcv.pipeline  INFO    Preprocessing: 10 features selected, train=531 + cal=133, test=295
20:34:21  src.cpcv.tuning  INFO  Tuning (1 model) — Optuna TPE + Purged K-Fold (inner: 3 folds, embargo=10 obs)
20:34:21  src.cpcv.tuning  INFO    [tuning] kan (efficient-kan + AdamW): 3 purged K-fold splits, 30 Optuna trials (TPE)
20:35:34  src.cpcv.tuning  INFO      kan: 11 completed, 19 pruned (of 30 total) — best log_loss=0.6835, params={'width1': 5, 'lr': 0.004426496243707983, 'weight_decay': 0.00010386084150667246, 'grid': 5}
20:35:34  src.cpcv.tuning  INFO    [tuning] kan done in 72.8s — best log_loss=0.6835
20:35:34  src.cpcv.tuning  INFO  Tuning total: 72.8s
20:35:34  src.cpcv.pipeline  INFO      applied kan: {'width1': 5, 'width2': 0, 'grid': 5, 'lr': 0.004426496243707983, 'weight_decay': 0.00010386084150667246}
20:35:35  src.cpcv.models.kan_model  INFO  KAN fitted: widths=[10, 5, 2], grid=5, epochs=64, val_acc=0.5564, val_loss=0.6593, logit_range=[-0.66, 0.56], device=cpu.
20:35:35  src.cpcv.pipeline  INFO    [ 82/84]                  kan (seed=0) F1=0.426  AUC=0.492  LL=0.7473 (1.1s)
20:35:36  src.cpcv.models.kan_model  INFO  KAN fitted: widths=[10, 5, 2], grid=5, epochs=71, val_acc=0.5714, val_loss=0.6586, logit_range=[-0.71, 0.55], device=cpu.
20:35:36  src.cpcv.pipeline  INFO    [ 83/84]                  kan (seed=1) F1=0.422  AUC=0.473  LL=0.7560 (1.2s)
20:35:38  src.cpcv.models.kan_model  INFO  KAN fitted: widths=[10, 5, 2], grid=5, epochs=117, val_acc=0.5865, val_loss=0.6474, logit_range=[-0.93, 0.74], device=cpu.
20:35:38  src.cpcv.pipeline  INFO    [ 84/84]                  kan (seed=2) F1=0.366  AUC=0.476  LL=0.8383 (2.1s)
20:35:38  src.cpcv.pipeline  INFO  ============================================================
20:35:38  src.cpcv.pipeline  INFO  CPCV Pipeline Complete
20:35:38  src.cpcv.pipeline  INFO  ============================================================
20:35:38  src.cpcv.pipeline  INFO    Total time:     2768.7s (46.1m)
20:35:38  src.cpcv.pipeline  INFO    Tasks:          84 succeeded, 0 failed
20:35:38  src.cpcv.pipeline  INFO    Results keys:   84 (model, split, seed) entries
20:35:38  src.cpcv.pipeline  INFO    Backtest paths: 7
20:35:38  src.cpcv.pipeline  INFO    Tuning:         nested (per-split), 28 splits tuned, models=['kan']
20:35:38  src.cpcv.pipeline  INFO  ============================================================
20:36:19  src.post_cpcv.symbolic_extraction  INFO  Fold F1 scores: {0: '0.5082', 1: '0.3791', 2: '0.5621', 3: '0.5038', 4: '0.5340', 5: '0.4153', 6: '0.5119', 7: '0.3517', 8: '0.5005', 9: '0.3836', 10: '0.4604', 11: '0.5491', 12: '0.3734', 13: '0.3338', 14: '0.4854', 15: '0.4653', 16: '0.5256', 17: '0.3904', 18: '0.3769', 19: '0.5000', 20: '0.4249', 21: '0.3601', 22: '0.3557', 23: '0.4156', 24: '0.4003', 25: '0.4286', 26: '0.3841', 27: '0.4048'}
20:36:19  src.post_cpcv.symbolic_extraction  INFO  Selected fold: split 27 — last/most recent (F1=0.4048)
20:36:20  src.cpcv.cv  INFO  CPCV: 28 splits generated (N=8, k=2, embargo=11 obs).
20:36:20  src.post_cpcv.symbolic_extraction  INFO  Symbolic extraction feature subset: 5 feature(s) (overrides per-fold MDA selection).
20:36:20  src.post_cpcv.symbolic_extraction  INFO  Extraction data: 530 train, 133 val, 5 features (tanh-normalized).
20:36:21  src.post_cpcv.symbolic_extraction  INFO  Extraction Phase 1: Adam (600 steps, wd=0.0010, noise=0.050)
20:36:36  src.post_cpcv.symbolic_extraction  INFO  After Adam: train_acc=0.6189, val_acc=0.5789
20:36:36  src.post_cpcv.symbolic_extraction  INFO  Extraction Phase 2a: LBFGS warmup (20 steps, no reg)
20:36:43  src.post_cpcv.symbolic_extraction  INFO  After LBFGS warmup: train_acc=0.6792, val_acc=0.5338
20:36:43  src.post_cpcv.symbolic_extraction  INFO  Extraction Phase 2b: LBFGS sparsity (20 steps, lamb=0.0020)
20:36:50  src.post_cpcv.symbolic_extraction  INFO  After LBFGS sparsity (final): train_acc=0.7491, val_acc=0.5489
20:36:50  src.post_cpcv.symbolic_extraction  INFO  KAN trained. Val accuracy: 0.5489, width: [[5, 0], [2, 0], [2, 0]]
20:36:50  src.post_cpcv.symbolic_extraction  INFO  Pre-prune edge analysis: 14/14 active (100.0%)
20:36:50  src.post_cpcv.symbolic_extraction  INFO  Pruned: [[5, 0], [2, 0], [2, 0]] → [[5, 0], [2, 0], [2, 0]]
20:36:52  src.post_cpcv.symbolic_extraction  INFO  Saved kan_pruned_network.png
20:36:53  src.post_cpcv.symbolic_extraction  INFO  Edge (0,0,0): exp (R²=1.0000) ✓
20:36:53  src.post_cpcv.symbolic_extraction  INFO  Edge (0,0,1): sin (R²=1.0000) ✓
20:36:54  src.post_cpcv.symbolic_extraction  INFO  Edge (0,1,0): x (R²=0.9960) ✓
20:36:54  src.post_cpcv.symbolic_extraction  INFO  Edge (0,1,1): tanh (R²=0.9494) ✓
20:36:55  src.post_cpcv.symbolic_extraction  INFO  Edge (0,2,0): log (R²=0.9991) ✓
20:36:56  src.post_cpcv.symbolic_extraction  INFO  Edge (0,2,1): sin (R²=0.9837) ✓
20:36:56  src.post_cpcv.symbolic_extraction  INFO  Edge (0,3,0): x (R²=0.9997) ✓
20:36:56  src.post_cpcv.symbolic_extraction  INFO  Edge (0,3,1): x (R²=0.9995) ✓
20:36:57  src.post_cpcv.symbolic_extraction  INFO  Edge (0,4,0): cos (R²=0.9995) ✓
20:36:57  src.post_cpcv.symbolic_extraction  INFO  Edge (0,4,1): cos (R²=0.9770) ✓
20:36:58  src.post_cpcv.symbolic_extraction  INFO  Edge (1,0,0): sin (R²=0.9967) ✓
20:36:59  src.post_cpcv.symbolic_extraction  INFO  Edge (1,0,1): cos (R²=0.9909) ✓
20:36:59  src.post_cpcv.symbolic_extraction  INFO  Edge (1,1,0): sin (R²=0.9082) ✓
20:37:00  src.post_cpcv.symbolic_extraction  INFO  Edge (1,1,1): abs (R²=0.9142) ✓
20:37:07  src.post_cpcv.symbolic_extraction  INFO  Saved kan_symbolified_network.png
20:37:38  src.post_cpcv.symbolic_extraction  WARNING  sympy.simplify timed out after 30s. Using unsimplified.
20:40:19  src.post_cpcv.symbolic_extraction  WARNING  Sensitivity table: 5/5 features have non-finite gradient at the median; reported as NaN. Consider eval_point='median' or inspect the symbolic formula for poles near these features' median.
