12:24:05  src.pre_cpcv.data_loader  INFO  [data_loader] BTC-USD: 2014-11-01 → 2026-05-09 | 4208 rows | 0 warning(s)
12:24:10  src.pre_cpcv.labeling  INFO  Triple-barrier: 1270 events labeled. Class distribution: {1: 664, -1: 504, 0: 102}
12:24:11  src.pre_cpcv.labeling  WARNING  Dropped 102 row(s) belonging to rare class(es) [0] (< 8.5%).
12:24:13  src.pre_cpcv.sample_weights  INFO  Capped 12 weights at 2.84 (99% percentile).
12:24:14  src.pre_cpcv.features  INFO  Lag features: 10 columns, 4208 rows (lags=[1, 2, 3, 4, 5, 6, 7, 14, 21, 30]).
12:24:15  src.pre_cpcv.features  INFO  TA features: 25 columns, 4208 rows.
12:24:22  src.pre_cpcv.external_features  INFO  Macro features: 20 columns, 4175/4208 rows fully valid.
12:24:25  src.pre_cpcv.external_features  INFO  CoinMetrics ETH ReferenceRateUSD returned only 5 rows; trying next metric.
12:24:31  src.pre_cpcv.external_features  INFO  CoinMetrics ETH PriceUSD returned 3929 daily rows.
12:24:39  src.pre_cpcv.external_features  INFO  On-chain features: 8 columns, 4178/4208 rows fully valid.
12:24:40  src.pre_cpcv.external_features  INFO  External features cached to cache/external_features.parquet.
13:06:12  src.pre_cpcv.features  INFO  Math features cached to cache/math_features.parquet.
13:06:12  src.pre_cpcv.features  INFO  symmetric log applied to: ['obv', 'chaikin_osc']
13:06:12  src.pre_cpcv.features  INFO  log applied to: ['atr'] (eps=1e-08)
13:06:39  src.pre_cpcv.alignment  WARNING  Remaining NaNs in 2 feature column(s) after alignment:
oil_ret_30    1
oil_ret_14    1
13:06:39  src.pre_cpcv.alignment  INFO  Alignment validation passed (1168 samples, 73 features).
13:06:40  src.cpcv.cv  INFO  CPCV: 28 splits generated (N=8, k=2, embargo=11 obs).
13:06:40  src.cpcv.cv  INFO  Path matrix: 7 paths, 8 groups, 28 splits.
13:06:45  src.cpcv.pipeline  INFO  ============================================================
13:06:45  src.cpcv.pipeline  INFO  CPCV Pipeline
13:06:45  src.cpcv.pipeline  INFO  ============================================================
13:06:45  src.cpcv.pipeline  INFO    Models:         ['ar_logistic']
13:06:45  src.cpcv.pipeline  INFO    Seeds/fold:     3
13:06:45  src.cpcv.pipeline  INFO    Groups (N):     8
13:06:45  src.cpcv.pipeline  INFO    Test groups (k):2
13:06:45  src.cpcv.pipeline  INFO    Embargo:        1.0%
13:06:45  src.cpcv.pipeline  INFO    FFD columns:    ['atr']
13:06:45  src.cpcv.pipeline  INFO    Samples:        1168
13:06:45  src.cpcv.pipeline  INFO    Features:       73
13:06:45  src.cpcv.pipeline  INFO    Splits:         28, Paths: 7
13:06:45  src.cpcv.pipeline  INFO    Tuning:         OFF
13:06:45  src.cpcv.pipeline  INFO  ============================================================
13:06:45  src.cpcv.preprocessing  INFO  Feature selection skipped (AR Logistic uses lagged returns only)
13:06:45  src.cpcv.pipeline  INFO    Preprocessing: FFD + scaling only (no feature selection), train=692 + val=86 + cal=87, test=93
13:06:45  src.cpcv.pipeline  INFO    AR Logistic lags: [1, 2, 3, 4, 5, 6, 7, 14, 21, 30]
13:06:45  src.cpcv.pipeline  INFO    [  1/84]          ar_logistic (seed=0) F1=0.519  AUC=0.542  LL=0.7162 (0.1s)
13:06:45  src.cpcv.pipeline  INFO    [  2/84]          ar_logistic (seed=1) F1=0.519  AUC=0.542  LL=0.7162 (0.0s)
13:06:45  src.cpcv.pipeline  INFO    [  3/84]          ar_logistic (seed=2) F1=0.519  AUC=0.542  LL=0.7162 (0.0s)
13:06:45  src.cpcv.preprocessing  INFO  Feature selection skipped (AR Logistic uses lagged returns only)
13:06:45  src.cpcv.pipeline  INFO    Preprocessing: FFD + scaling only (no feature selection), train=647 + val=81 + cal=81, test=146
13:06:45  src.cpcv.pipeline  INFO    AR Logistic lags: [1, 2, 3, 4, 5, 6, 7, 14, 21, 30]
13:06:45  src.cpcv.pipeline  INFO    [  4/84]          ar_logistic (seed=0) F1=0.519  AUC=0.524  LL=0.7493 (0.0s)
13:06:45  src.cpcv.pipeline  INFO    [  5/84]          ar_logistic (seed=1) F1=0.519  AUC=0.524  LL=0.7493 (0.0s)
13:06:45  src.cpcv.pipeline  INFO    [  6/84]          ar_logistic (seed=2) F1=0.519  AUC=0.524  LL=0.7493 (0.0s)
13:06:46  src.cpcv.preprocessing  INFO  Feature selection skipped (AR Logistic uses lagged returns only)
13:06:46  src.cpcv.pipeline  INFO    Preprocessing: FFD + scaling only (no feature selection), train=648 + val=81 + cal=82, test=146
13:06:46  src.cpcv.pipeline  INFO    AR Logistic lags: [1, 2, 3, 4, 5, 6, 7, 14, 21, 30]
13:06:46  src.cpcv.pipeline  INFO    [  7/84]          ar_logistic (seed=0) F1=0.533  AUC=0.531  LL=0.7758 (0.0s)
13:06:46  src.cpcv.pipeline  INFO    [  8/84]          ar_logistic (seed=1) F1=0.533  AUC=0.531  LL=0.7758 (0.0s)
13:06:46  src.cpcv.pipeline  INFO    [  9/84]          ar_logistic (seed=2) F1=0.533  AUC=0.531  LL=0.7758 (0.0s)
13:06:46  src.cpcv.preprocessing  INFO  Feature selection skipped (AR Logistic uses lagged returns only)
13:06:46  src.cpcv.pipeline  INFO    Preprocessing: FFD + scaling only (no feature selection), train=648 + val=81 + cal=82, test=146
13:06:46  src.cpcv.pipeline  INFO    AR Logistic lags: [1, 2, 3, 4, 5, 6, 7, 14, 21, 30]
13:06:46  src.cpcv.pipeline  INFO    [ 10/84]          ar_logistic (seed=0) F1=0.562  AUC=0.553  LL=0.7054 (0.0s)
13:06:46  src.cpcv.pipeline  INFO    [ 11/84]          ar_logistic (seed=1) F1=0.562  AUC=0.553  LL=0.7054 (0.0s)
13:06:46  src.cpcv.pipeline  INFO    [ 12/84]          ar_logistic (seed=2) F1=0.562  AUC=0.553  LL=0.7054 (0.0s)
13:06:46  src.cpcv.preprocessing  INFO  Feature selection skipped (AR Logistic uses lagged returns only)
13:06:46  src.cpcv.pipeline  INFO    Preprocessing: FFD + scaling only (no feature selection), train=648 + val=81 + cal=82, test=146
13:06:46  src.cpcv.pipeline  INFO    AR Logistic lags: [1, 2, 3, 4, 5, 6, 7, 14, 21, 30]
13:06:46  src.cpcv.pipeline  INFO    [ 13/84]          ar_logistic (seed=0) F1=0.459  AUC=0.426  LL=0.7918 (0.0s)
13:06:46  src.cpcv.pipeline  INFO    [ 14/84]          ar_logistic (seed=1) F1=0.459  AUC=0.426  LL=0.7918 (0.0s)
13:06:46  src.cpcv.pipeline  INFO    [ 15/84]          ar_logistic (seed=2) F1=0.459  AUC=0.426  LL=0.7918 (0.0s)
13:06:47  src.cpcv.preprocessing  INFO  Feature selection skipped (AR Logistic uses lagged returns only)
13:06:47  src.cpcv.pipeline  INFO    Preprocessing: FFD + scaling only (no feature selection), train=648 + val=81 + cal=82, test=146
13:06:47  src.cpcv.pipeline  INFO    AR Logistic lags: [1, 2, 3, 4, 5, 6, 7, 14, 21, 30]
13:06:47  src.cpcv.pipeline  INFO    [ 16/84]          ar_logistic (seed=0) F1=0.511  AUC=0.538  LL=0.7115 (0.0s)
13:06:47  src.cpcv.pipeline  INFO    [ 17/84]          ar_logistic (seed=1) F1=0.511  AUC=0.538  LL=0.7115 (0.0s)
13:06:47  src.cpcv.pipeline  INFO    [ 18/84]          ar_logistic (seed=2) F1=0.511  AUC=0.538  LL=0.7115 (0.0s)
13:06:47  src.cpcv.preprocessing  INFO  Feature selection skipped (AR Logistic uses lagged returns only)
13:06:47  src.cpcv.pipeline  INFO    Preprocessing: FFD + scaling only (no feature selection), train=657 + val=82 + cal=83, test=146
13:06:47  src.cpcv.pipeline  INFO    AR Logistic lags: [1, 2, 3, 4, 5, 6, 7, 14, 21, 30]
13:06:47  src.cpcv.pipeline  INFO    [ 19/84]          ar_logistic (seed=0) F1=0.374  AUC=0.581  LL=0.6798 (0.0s)
13:06:47  src.cpcv.pipeline  INFO    [ 20/84]          ar_logistic (seed=1) F1=0.374  AUC=0.581  LL=0.6798 (0.0s)
13:06:47  src.cpcv.pipeline  INFO    [ 21/84]          ar_logistic (seed=2) F1=0.374  AUC=0.581  LL=0.6798 (0.0s)
13:06:47  src.cpcv.preprocessing  INFO  Feature selection skipped (AR Logistic uses lagged returns only)
13:06:47  src.cpcv.pipeline  INFO    Preprocessing: FFD + scaling only (no feature selection), train=575 + val=72 + cal=72, test=239
13:06:47  src.cpcv.pipeline  INFO    AR Logistic lags: [1, 2, 3, 4, 5, 6, 7, 14, 21, 30]
13:06:47  src.cpcv.pipeline  INFO    [ 22/84]          ar_logistic (seed=0) F1=0.510  AUC=0.521  LL=0.7484 (0.0s)
13:06:47  src.cpcv.pipeline  INFO    [ 23/84]          ar_logistic (seed=1) F1=0.510  AUC=0.521  LL=0.7484 (0.0s)
13:06:47  src.cpcv.pipeline  INFO    [ 24/84]          ar_logistic (seed=2) F1=0.510  AUC=0.521  LL=0.7484 (0.0s)
13:06:48  src.cpcv.preprocessing  INFO  Feature selection skipped (AR Logistic uses lagged returns only)
13:06:48  src.cpcv.pipeline  INFO    Preprocessing: FFD + scaling only (no feature selection), train=565 + val=71 + cal=71, test=239
13:06:48  src.cpcv.pipeline  INFO    AR Logistic lags: [1, 2, 3, 4, 5, 6, 7, 14, 21, 30]
13:06:48  src.cpcv.pipeline  INFO    [ 25/84]          ar_logistic (seed=0) F1=0.519  AUC=0.554  LL=0.7653 (0.0s)
13:06:48  src.cpcv.pipeline  INFO    [ 26/84]          ar_logistic (seed=1) F1=0.519  AUC=0.554  LL=0.7653 (0.0s)
13:06:48  src.cpcv.pipeline  INFO    [ 27/84]          ar_logistic (seed=2) F1=0.519  AUC=0.554  LL=0.7653 (0.0s)
13:06:48  src.cpcv.preprocessing  INFO  Feature selection skipped (AR Logistic uses lagged returns only)
13:06:48  src.cpcv.pipeline  INFO    Preprocessing: FFD + scaling only (no feature selection), train=565 + val=71 + cal=71, test=239
13:06:48  src.cpcv.pipeline  INFO    AR Logistic lags: [1, 2, 3, 4, 5, 6, 7, 14, 21, 30]
13:06:48  src.cpcv.pipeline  INFO    [ 28/84]          ar_logistic (seed=0) F1=0.547  AUC=0.542  LL=0.7127 (0.0s)
13:06:48  src.cpcv.pipeline  INFO    [ 29/84]          ar_logistic (seed=1) F1=0.547  AUC=0.542  LL=0.7127 (0.0s)
13:06:48  src.cpcv.pipeline  INFO    [ 30/84]          ar_logistic (seed=2) F1=0.547  AUC=0.542  LL=0.7127 (0.0s)
13:06:48  src.cpcv.preprocessing  INFO  Feature selection skipped (AR Logistic uses lagged returns only)
13:06:48  src.cpcv.pipeline  INFO    Preprocessing: FFD + scaling only (no feature selection), train=565 + val=71 + cal=71, test=239
13:06:48  src.cpcv.pipeline  INFO    AR Logistic lags: [1, 2, 3, 4, 5, 6, 7, 14, 21, 30]
13:06:48  src.cpcv.pipeline  INFO    [ 31/84]          ar_logistic (seed=0) F1=0.448  AUC=0.458  LL=0.8035 (0.0s)
13:06:48  src.cpcv.pipeline  INFO    [ 32/84]          ar_logistic (seed=1) F1=0.448  AUC=0.458  LL=0.8035 (0.0s)
13:06:48  src.cpcv.pipeline  INFO    [ 33/84]          ar_logistic (seed=2) F1=0.448  AUC=0.458  LL=0.8035 (0.0s)
13:06:49  src.cpcv.preprocessing  INFO  Feature selection skipped (AR Logistic uses lagged returns only)
13:06:49  src.cpcv.pipeline  INFO    Preprocessing: FFD + scaling only (no feature selection), train=565 + val=71 + cal=71, test=239
13:06:49  src.cpcv.pipeline  INFO    AR Logistic lags: [1, 2, 3, 4, 5, 6, 7, 14, 21, 30]
13:06:49  src.cpcv.pipeline  INFO    [ 34/84]          ar_logistic (seed=0) F1=0.490  AUC=0.536  LL=0.7351 (0.0s)
13:06:49  src.cpcv.pipeline  INFO    [ 35/84]          ar_logistic (seed=1) F1=0.490  AUC=0.536  LL=0.7351 (0.0s)
13:06:49  src.cpcv.pipeline  INFO    [ 36/84]          ar_logistic (seed=2) F1=0.490  AUC=0.536  LL=0.7351 (0.0s)
13:06:49  src.cpcv.preprocessing  INFO  Feature selection skipped (AR Logistic uses lagged returns only)
13:06:49  src.cpcv.pipeline  INFO    Preprocessing: FFD + scaling only (no feature selection), train=574 + val=72 + cal=72, test=239
13:06:49  src.cpcv.pipeline  INFO    AR Logistic lags: [1, 2, 3, 4, 5, 6, 7, 14, 21, 30]
13:06:49  src.cpcv.pipeline  INFO    [ 37/84]          ar_logistic (seed=0) F1=0.408  AUC=0.552  LL=0.6726 (0.0s)
13:06:49  src.cpcv.pipeline  INFO    [ 38/84]          ar_logistic (seed=1) F1=0.408  AUC=0.552  LL=0.6726 (0.0s)
13:06:49  src.cpcv.pipeline  INFO    [ 39/84]          ar_logistic (seed=2) F1=0.408  AUC=0.552  LL=0.6726 (0.0s)
13:06:49  src.cpcv.preprocessing  INFO  Feature selection skipped (AR Logistic uses lagged returns only)
13:06:49  src.cpcv.pipeline  INFO    Preprocessing: FFD + scaling only (no feature selection), train=530 + val=66 + cal=67, test=292
13:06:49  src.cpcv.pipeline  INFO    AR Logistic lags: [1, 2, 3, 4, 5, 6, 7, 14, 21, 30]
13:06:49  src.cpcv.pipeline  INFO    [ 40/84]          ar_logistic (seed=0) F1=0.520  AUC=0.516  LL=0.7439 (0.0s)
13:06:50  src.cpcv.pipeline  INFO    [ 41/84]          ar_logistic (seed=1) F1=0.520  AUC=0.516  LL=0.7439 (0.0s)
13:06:50  src.cpcv.pipeline  INFO    [ 42/84]          ar_logistic (seed=2) F1=0.520  AUC=0.516  LL=0.7439 (0.0s)
13:06:50  src.cpcv.preprocessing  INFO  Feature selection skipped (AR Logistic uses lagged returns only)
13:06:50  src.cpcv.pipeline  INFO    Preprocessing: FFD + scaling only (no feature selection), train=520 + val=65 + cal=66, test=292
13:06:50  src.cpcv.pipeline  INFO    AR Logistic lags: [1, 2, 3, 4, 5, 6, 7, 14, 21, 30]
13:06:50  src.cpcv.pipeline  INFO    [ 43/84]          ar_logistic (seed=0) F1=0.511  AUC=0.500  LL=0.7023 (0.0s)
13:06:50  src.cpcv.pipeline  INFO    [ 44/84]          ar_logistic (seed=1) F1=0.511  AUC=0.500  LL=0.7023 (0.0s)
13:06:50  src.cpcv.pipeline  INFO    [ 45/84]          ar_logistic (seed=2) F1=0.511  AUC=0.500  LL=0.7023 (0.0s)
13:06:50  src.cpcv.preprocessing  INFO  Feature selection skipped (AR Logistic uses lagged returns only)
13:06:50  src.cpcv.pipeline  INFO    Preprocessing: FFD + scaling only (no feature selection), train=520 + val=65 + cal=66, test=292
13:06:50  src.cpcv.pipeline  INFO    AR Logistic lags: [1, 2, 3, 4, 5, 6, 7, 14, 21, 30]
13:06:50  src.cpcv.pipeline  INFO    [ 46/84]          ar_logistic (seed=0) F1=0.479  AUC=0.465  LL=0.7881 (0.0s)
13:06:50  src.cpcv.pipeline  INFO    [ 47/84]          ar_logistic (seed=1) F1=0.479  AUC=0.465  LL=0.7881 (0.0s)
13:06:50  src.cpcv.pipeline  INFO    [ 48/84]          ar_logistic (seed=2) F1=0.479  AUC=0.465  LL=0.7881 (0.0s)
13:06:50  src.cpcv.preprocessing  INFO  Feature selection skipped (AR Logistic uses lagged returns only)
13:06:50  src.cpcv.pipeline  INFO    Preprocessing: FFD + scaling only (no feature selection), train=520 + val=65 + cal=66, test=292
13:06:50  src.cpcv.pipeline  INFO    AR Logistic lags: [1, 2, 3, 4, 5, 6, 7, 14, 21, 30]
13:06:50  src.cpcv.pipeline  INFO    [ 49/84]          ar_logistic (seed=0) F1=0.540  AUC=0.523  LL=0.7359 (0.0s)
13:06:50  src.cpcv.pipeline  INFO    [ 50/84]          ar_logistic (seed=1) F1=0.540  AUC=0.523  LL=0.7359 (0.0s)
13:06:51  src.cpcv.pipeline  INFO    [ 51/84]          ar_logistic (seed=2) F1=0.540  AUC=0.523  LL=0.7359 (0.0s)
13:06:51  src.cpcv.preprocessing  INFO  Feature selection skipped (AR Logistic uses lagged returns only)
13:06:51  src.cpcv.pipeline  INFO    Preprocessing: FFD + scaling only (no feature selection), train=529 + val=66 + cal=67, test=292
13:06:51  src.cpcv.pipeline  INFO    AR Logistic lags: [1, 2, 3, 4, 5, 6, 7, 14, 21, 30]
13:06:51  src.cpcv.pipeline  INFO    [ 52/84]          ar_logistic (seed=0) F1=0.392  AUC=0.544  LL=0.6947 (0.0s)
13:06:51  src.cpcv.pipeline  INFO    [ 53/84]          ar_logistic (seed=1) F1=0.392  AUC=0.544  LL=0.6947 (0.0s)
13:06:51  src.cpcv.pipeline  INFO    [ 54/84]          ar_logistic (seed=2) F1=0.392  AUC=0.544  LL=0.6947 (0.0s)
13:06:51  src.cpcv.preprocessing  INFO  Feature selection skipped (AR Logistic uses lagged returns only)
13:06:51  src.cpcv.pipeline  INFO    Preprocessing: FFD + scaling only (no feature selection), train=532 + val=66 + cal=67, test=292
13:06:51  src.cpcv.pipeline  INFO    AR Logistic lags: [1, 2, 3, 4, 5, 6, 7, 14, 21, 30]
13:06:51  src.cpcv.pipeline  INFO    [ 55/84]          ar_logistic (seed=0) F1=0.532  AUC=0.532  LL=0.7129 (0.0s)
13:06:51  src.cpcv.pipeline  INFO    [ 56/84]          ar_logistic (seed=1) F1=0.532  AUC=0.532  LL=0.7129 (0.0s)
13:06:51  src.cpcv.pipeline  INFO    [ 57/84]          ar_logistic (seed=2) F1=0.532  AUC=0.532  LL=0.7129 (0.0s)
13:06:51  src.cpcv.preprocessing  INFO  Feature selection skipped (AR Logistic uses lagged returns only)
13:06:51  src.cpcv.pipeline  INFO    Preprocessing: FFD + scaling only (no feature selection), train=522 + val=65 + cal=66, test=292
13:06:51  src.cpcv.pipeline  INFO    AR Logistic lags: [1, 2, 3, 4, 5, 6, 7, 14, 21, 30]
13:06:51  src.cpcv.pipeline  INFO    [ 58/84]          ar_logistic (seed=0) F1=0.515  AUC=0.497  LL=0.7860 (0.0s)
13:06:51  src.cpcv.pipeline  INFO    [ 59/84]          ar_logistic (seed=1) F1=0.515  AUC=0.497  LL=0.7860 (0.0s)
13:06:51  src.cpcv.pipeline  INFO    [ 60/84]          ar_logistic (seed=2) F1=0.515  AUC=0.497  LL=0.7860 (0.0s)
13:06:52  src.cpcv.preprocessing  INFO  Feature selection skipped (AR Logistic uses lagged returns only)
13:06:52  src.cpcv.pipeline  INFO    Preprocessing: FFD + scaling only (no feature selection), train=522 + val=65 + cal=66, test=292
13:06:52  src.cpcv.pipeline  INFO    AR Logistic lags: [1, 2, 3, 4, 5, 6, 7, 14, 21, 30]
13:06:52  src.cpcv.pipeline  INFO    [ 61/84]          ar_logistic (seed=0) F1=0.530  AUC=0.539  LL=0.7523 (0.0s)
13:06:52  src.cpcv.pipeline  INFO    [ 62/84]          ar_logistic (seed=1) F1=0.530  AUC=0.539  LL=0.7523 (0.0s)
13:06:52  src.cpcv.pipeline  INFO    [ 63/84]          ar_logistic (seed=2) F1=0.530  AUC=0.539  LL=0.7523 (0.0s)
13:06:52  src.cpcv.preprocessing  INFO  Feature selection skipped (AR Logistic uses lagged returns only)
13:06:52  src.cpcv.pipeline  INFO    Preprocessing: FFD + scaling only (no feature selection), train=531 + val=66 + cal=67, test=292
13:06:52  src.cpcv.pipeline  INFO    AR Logistic lags: [1, 2, 3, 4, 5, 6, 7, 14, 21, 30]
13:06:52  src.cpcv.pipeline  INFO    [ 64/84]          ar_logistic (seed=0) F1=0.357  AUC=0.546  LL=0.6871 (0.0s)
13:06:52  src.cpcv.pipeline  INFO    [ 65/84]          ar_logistic (seed=1) F1=0.357  AUC=0.546  LL=0.6871 (0.0s)
13:06:52  src.cpcv.pipeline  INFO    [ 66/84]          ar_logistic (seed=2) F1=0.357  AUC=0.546  LL=0.6871 (0.0s)
13:06:52  src.cpcv.preprocessing  INFO  Feature selection skipped (AR Logistic uses lagged returns only)
13:06:52  src.cpcv.pipeline  INFO    Preprocessing: FFD + scaling only (no feature selection), train=532 + val=66 + cal=67, test=292
13:06:52  src.cpcv.pipeline  INFO    AR Logistic lags: [1, 2, 3, 4, 5, 6, 7, 14, 21, 30]
13:06:53  src.cpcv.pipeline  INFO    [ 67/84]          ar_logistic (seed=0) F1=0.502  AUC=0.496  LL=0.7232 (0.0s)
13:06:53  src.cpcv.pipeline  INFO    [ 68/84]          ar_logistic (seed=1) F1=0.502  AUC=0.496  LL=0.7232 (0.0s)
13:06:53  src.cpcv.pipeline  INFO    [ 69/84]          ar_logistic (seed=2) F1=0.502  AUC=0.496  LL=0.7232 (0.0s)
13:06:53  src.cpcv.preprocessing  INFO  Feature selection skipped (AR Logistic uses lagged returns only)
13:06:53  src.cpcv.pipeline  INFO    Preprocessing: FFD + scaling only (no feature selection), train=522 + val=65 + cal=66, test=292
13:06:53  src.cpcv.pipeline  INFO    AR Logistic lags: [1, 2, 3, 4, 5, 6, 7, 14, 21, 30]
13:06:53  src.cpcv.pipeline  INFO    [ 70/84]          ar_logistic (seed=0) F1=0.490  AUC=0.527  LL=0.7175 (0.0s)
13:06:53  src.cpcv.pipeline  INFO    [ 71/84]          ar_logistic (seed=1) F1=0.490  AUC=0.527  LL=0.7175 (0.0s)
13:06:53  src.cpcv.pipeline  INFO    [ 72/84]          ar_logistic (seed=2) F1=0.490  AUC=0.527  LL=0.7175 (0.0s)
13:06:53  src.cpcv.preprocessing  INFO  Feature selection skipped (AR Logistic uses lagged returns only)
13:06:53  src.cpcv.pipeline  INFO    Preprocessing: FFD + scaling only (no feature selection), train=531 + val=66 + cal=67, test=292
13:06:53  src.cpcv.pipeline  INFO    AR Logistic lags: [1, 2, 3, 4, 5, 6, 7, 14, 21, 30]
13:06:53  src.cpcv.pipeline  INFO    [ 73/84]          ar_logistic (seed=0) F1=0.373  AUC=0.550  LL=0.6786 (0.0s)
13:06:53  src.cpcv.pipeline  INFO    [ 74/84]          ar_logistic (seed=1) F1=0.373  AUC=0.550  LL=0.6786 (0.0s)
13:06:53  src.cpcv.pipeline  INFO    [ 75/84]          ar_logistic (seed=2) F1=0.373  AUC=0.550  LL=0.6786 (0.0s)
13:06:53  src.cpcv.preprocessing  INFO  Feature selection skipped (AR Logistic uses lagged returns only)
13:06:53  src.cpcv.pipeline  INFO    Preprocessing: FFD + scaling only (no feature selection), train=532 + val=66 + cal=67, test=292
13:06:53  src.cpcv.pipeline  INFO    AR Logistic lags: [1, 2, 3, 4, 5, 6, 7, 14, 21, 30]
13:06:53  src.cpcv.pipeline  INFO    [ 76/84]          ar_logistic (seed=0) F1=0.488  AUC=0.493  LL=0.7693 (0.0s)
13:06:54  src.cpcv.pipeline  INFO    [ 77/84]          ar_logistic (seed=1) F1=0.488  AUC=0.493  LL=0.7693 (0.0s)
13:06:54  src.cpcv.pipeline  INFO    [ 78/84]          ar_logistic (seed=2) F1=0.488  AUC=0.493  LL=0.7693 (0.0s)
13:06:54  src.cpcv.preprocessing  INFO  Feature selection skipped (AR Logistic uses lagged returns only)
13:06:54  src.cpcv.pipeline  INFO    Preprocessing: FFD + scaling only (no feature selection), train=531 + val=66 + cal=67, test=292
13:06:54  src.cpcv.pipeline  INFO    AR Logistic lags: [1, 2, 3, 4, 5, 6, 7, 14, 21, 30]
13:06:54  src.cpcv.pipeline  INFO    [ 79/84]          ar_logistic (seed=0) F1=0.345  AUC=0.509  LL=0.6937 (0.0s)
13:06:54  src.cpcv.pipeline  INFO    [ 80/84]          ar_logistic (seed=1) F1=0.345  AUC=0.509  LL=0.6937 (0.0s)
13:06:54  src.cpcv.pipeline  INFO    [ 81/84]          ar_logistic (seed=2) F1=0.345  AUC=0.509  LL=0.6937 (0.0s)
13:06:54  src.cpcv.preprocessing  INFO  Feature selection skipped (AR Logistic uses lagged returns only)
13:06:54  src.cpcv.pipeline  INFO    Preprocessing: FFD + scaling only (no feature selection), train=540 + val=68 + cal=68, test=292
13:06:54  src.cpcv.pipeline  INFO    AR Logistic lags: [1, 2, 3, 4, 5, 6, 7, 14, 21, 30]
13:06:54  src.cpcv.pipeline  INFO    [ 82/84]          ar_logistic (seed=0) F1=0.305  AUC=0.430  LL=0.7526 (0.0s)
13:06:54  src.cpcv.pipeline  INFO    [ 83/84]          ar_logistic (seed=1) F1=0.305  AUC=0.430  LL=0.7526 (0.0s)
13:06:54  src.cpcv.pipeline  INFO    [ 84/84]          ar_logistic (seed=2) F1=0.305  AUC=0.430  LL=0.7526 (0.0s)
13:06:54  src.cpcv.pipeline  INFO  ============================================================
13:06:54  src.cpcv.pipeline  INFO  CPCV Pipeline Complete
13:06:54  src.cpcv.pipeline  INFO  ============================================================
13:06:54  src.cpcv.pipeline  INFO    Total time:     9.6s (0.2m)
13:06:54  src.cpcv.pipeline  INFO    Tasks:          84 succeeded, 0 failed
13:06:54  src.cpcv.pipeline  INFO    Results keys:   84 (model, split, seed) entries
13:06:54  src.cpcv.pipeline  INFO    Backtest paths: 7
13:06:54  src.cpcv.pipeline  INFO  ============================================================
13:06:55  src.cpcv.pipeline  INFO  ============================================================
13:06:55  src.cpcv.pipeline  INFO  CPCV Pipeline
13:06:55  src.cpcv.pipeline  INFO  ============================================================
13:06:55  src.cpcv.pipeline  INFO    Models:         ['logistic']
13:06:55  src.cpcv.pipeline  INFO    Seeds/fold:     3
13:06:55  src.cpcv.pipeline  INFO    Groups (N):     8
13:06:55  src.cpcv.pipeline  INFO    Test groups (k):2
13:06:55  src.cpcv.pipeline  INFO    Embargo:        1.0%
13:06:55  src.cpcv.pipeline  INFO    FFD columns:    ['atr']
13:06:55  src.cpcv.pipeline  INFO    Samples:        1168
13:06:55  src.cpcv.pipeline  INFO    Features:       73
13:06:55  src.cpcv.pipeline  INFO    Splits:         28, Paths: 7
13:06:55  src.cpcv.pipeline  INFO    Tuning:         NESTED (per-split) — ['logistic'] [30 trials]
13:06:55  src.cpcv.pipeline  INFO  ============================================================
13:06:55  src.cpcv.preprocessing  INFO  Computing MDA (Random Forest)...
13:07:30  src.cpcv.preprocessing  INFO  Computing MDA (Logistic Regression)...
13:07:32  src.cpcv.preprocessing  INFO  Multi-model MDA: 31/73 passed (MDA > 0), 42 eliminated
13:07:32  src.cpcv.preprocessing  INFO    Capped at 14 features (top_k_frac=0.2)
13:07:32  src.cpcv.preprocessing  INFO    Selected (14): ['ema_ratio_20_50', 'eth_btc_ratio', 'exchange_supply_pct', 'jarque_bera', 'log_returns', 'log_returns_lag6', 'macd_hist', 'natgas_ret_30', 'skewness', 'smt_exp', 'sp500_ret_30', 'variance_ratio', 'vix', 'yield_curve_2y10y']
13:07:32  src.cpcv.pipeline  INFO    Preprocessing: 14 features selected, train=692 + val=86 + cal=87, test=93
13:07:32  src.cpcv.tuning  INFO  Tuning (1 model) — Optuna TPE + Purged K-Fold (inner: 3 folds, embargo=10 obs)
13:07:32  src.cpcv.tuning  INFO    [tuning] logistic: 3 purged K-fold splits, 30 Optuna trials (TPE)
13:07:33  src.cpcv.tuning  INFO      logistic: 21 completed, 9 pruned (of 30 total) — best log_loss=0.6768, params={'C': 0.054502936945582565, 'penalty': 'l1'}
13:07:33  src.cpcv.tuning  INFO    [tuning] logistic done in 0.7s — best log_loss=0.6768
13:07:33  src.cpcv.tuning  INFO  Tuning total: 0.7s
13:07:33  src.cpcv.pipeline  INFO      applied logistic: {'C': 0.054502936945582565, 'penalty': 'l1'}
13:07:33  src.cpcv.pipeline  INFO    [  1/84]             logistic (seed=0) F1=0.524  AUC=0.555  LL=0.6693 (0.0s)
13:07:33  src.cpcv.pipeline  INFO    [  2/84]             logistic (seed=1) F1=0.524  AUC=0.555  LL=0.6693 (0.0s)
13:07:33  src.cpcv.pipeline  INFO    [  3/84]             logistic (seed=2) F1=0.524  AUC=0.555  LL=0.6693 (0.0s)
13:07:34  src.cpcv.preprocessing  INFO  Computing MDA (Random Forest)...
13:08:08  src.cpcv.preprocessing  INFO  Computing MDA (Logistic Regression)...
13:08:09  src.cpcv.preprocessing  INFO  Multi-model MDA: 39/73 passed (MDA > 0), 34 eliminated
13:08:09  src.cpcv.preprocessing  INFO    Capped at 14 features (top_k_frac=0.2)
13:08:09  src.cpcv.preprocessing  INFO    Selected (14): ['cci_14', 'copper_ret_14', 'ema_ratio_50_200', 'gk_vol', 'gold_ret_30', 'log_returns', 'natgas_ret_30', 'oil_ret_14', 'oil_ret_30', 'roc_14', 'rsi', 'silver_ret_30', 'stoch_d', 'yz_vol']
13:08:09  src.cpcv.pipeline  INFO    Preprocessing: 14 features selected, train=647 + val=81 + cal=81, test=146
13:08:09  src.cpcv.tuning  INFO  Tuning (1 model) — Optuna TPE + Purged K-Fold (inner: 3 folds, embargo=10 obs)
13:08:09  src.cpcv.tuning  INFO    [tuning] logistic: 3 purged K-fold splits, 30 Optuna trials (TPE)
13:08:10  src.cpcv.tuning  INFO      logistic: 20 completed, 10 pruned (of 30 total) — best log_loss=0.6904, params={'C': 0.003409264942037956, 'penalty': 'l2'}
13:08:10  src.cpcv.tuning  INFO    [tuning] logistic done in 0.9s — best log_loss=0.6904
13:08:10  src.cpcv.tuning  INFO  Tuning total: 0.9s
13:08:10  src.cpcv.pipeline  INFO      applied logistic: {'C': 0.003409264942037956, 'penalty': 'l2'}
13:08:10  src.cpcv.pipeline  INFO    [  4/84]             logistic (seed=0) F1=0.342  AUC=0.535  LL=0.7001 (0.0s)
13:08:10  src.cpcv.pipeline  INFO    [  5/84]             logistic (seed=1) F1=0.342  AUC=0.535  LL=0.7001 (0.0s)
13:08:10  src.cpcv.pipeline  INFO    [  6/84]             logistic (seed=2) F1=0.342  AUC=0.535  LL=0.7001 (0.0s)
13:08:10  src.cpcv.preprocessing  INFO  Computing MDA (Random Forest)...
13:08:44  src.cpcv.preprocessing  INFO  Computing MDA (Logistic Regression)...
13:08:45  src.cpcv.preprocessing  INFO  Multi-model MDA: 36/73 passed (MDA > 0), 37 eliminated
13:08:45  src.cpcv.preprocessing  INFO    Capped at 14 features (top_k_frac=0.2)
13:08:45  src.cpcv.preprocessing  INFO    Selected (14): ['atr', 'cci_14', 'dxy_roc_30', 'ema_ratio_20_50', 'eth_btc_ratio', 'log_returns', 'log_returns_lag1', 'log_returns_lag5', 'log_returns_lag6', 'mvrv', 'natgas_ret_30', 'oil_ret_14', 'smt_poly1', 'stoch_d']
13:08:45  src.cpcv.pipeline  INFO    Preprocessing: 14 features selected, train=648 + val=81 + cal=82, test=146
13:08:45  src.cpcv.tuning  INFO  Tuning (1 model) — Optuna TPE + Purged K-Fold (inner: 3 folds, embargo=10 obs)
13:08:45  src.cpcv.tuning  INFO    [tuning] logistic: 3 purged K-fold splits, 30 Optuna trials (TPE)
13:08:46  src.cpcv.tuning  INFO      logistic: 15 completed, 15 pruned (of 30 total) — best log_loss=0.6822, params={'C': 0.09148995083972236, 'penalty': 'l1'}
13:08:46  src.cpcv.tuning  INFO    [tuning] logistic done in 0.5s — best log_loss=0.6822
13:08:46  src.cpcv.tuning  INFO  Tuning total: 0.5s
13:08:46  src.cpcv.pipeline  INFO      applied logistic: {'C': 0.09148995083972236, 'penalty': 'l1'}
13:08:46  src.cpcv.pipeline  INFO    [  7/84]             logistic (seed=0) F1=0.477  AUC=0.551  LL=0.7144 (0.0s)
13:08:46  src.cpcv.pipeline  INFO    [  8/84]             logistic (seed=1) F1=0.477  AUC=0.551  LL=0.7144 (0.0s)
13:08:46  src.cpcv.pipeline  INFO    [  9/84]             logistic (seed=2) F1=0.477  AUC=0.551  LL=0.7144 (0.0s)
13:08:46  src.cpcv.preprocessing  INFO  Computing MDA (Random Forest)...
13:09:20  src.cpcv.preprocessing  INFO  Computing MDA (Logistic Regression)...
13:09:21  src.cpcv.preprocessing  INFO  Multi-model MDA: 39/73 passed (MDA > 0), 34 eliminated
13:09:21  src.cpcv.preprocessing  INFO    Capped at 14 features (top_k_frac=0.2)
13:09:21  src.cpcv.preprocessing  INFO    Selected (14): ['atr', 'cci_14', 'eth_btc_ratio', 'hashrate_roc_30', 'log_returns_lag21', 'lz_complexity', 'mvrv', 'natgas_ret_30', 'realized_vol', 'sadf', 'sp500_ret_14', 'tx_count_roc_14', 'variance_ratio', 'vix']
13:09:21  src.cpcv.pipeline  INFO    Preprocessing: 14 features selected, train=648 + val=81 + cal=82, test=146
13:09:21  src.cpcv.tuning  INFO  Tuning (1 model) — Optuna TPE + Purged K-Fold (inner: 3 folds, embargo=10 obs)
13:09:21  src.cpcv.tuning  INFO    [tuning] logistic: 3 purged K-fold splits, 30 Optuna trials (TPE)
13:09:21  src.cpcv.tuning  INFO      logistic: 18 completed, 12 pruned (of 30 total) — best log_loss=0.6908, params={'C': 0.054502936945582565, 'penalty': 'l1'}
13:09:21  src.cpcv.tuning  INFO    [tuning] logistic done in 0.4s — best log_loss=0.6908
13:09:21  src.cpcv.tuning  INFO  Tuning total: 0.4s
13:09:21  src.cpcv.pipeline  INFO      applied logistic: {'C': 0.054502936945582565, 'penalty': 'l1'}
13:09:21  src.cpcv.pipeline  INFO    [ 10/84]             logistic (seed=0) F1=0.512  AUC=0.520  LL=0.7026 (0.0s)
13:09:21  src.cpcv.pipeline  INFO    [ 11/84]             logistic (seed=1) F1=0.512  AUC=0.520  LL=0.7026 (0.0s)
13:09:21  src.cpcv.pipeline  INFO    [ 12/84]             logistic (seed=2) F1=0.512  AUC=0.520  LL=0.7026 (0.0s)
13:09:22  src.cpcv.preprocessing  INFO  Computing MDA (Random Forest)...
13:09:56  src.cpcv.preprocessing  INFO  Computing MDA (Logistic Regression)...
13:09:57  src.cpcv.preprocessing  INFO  Multi-model MDA: 36/73 passed (MDA > 0), 37 eliminated
13:09:57  src.cpcv.preprocessing  INFO    Capped at 14 features (top_k_frac=0.2)
13:09:57  src.cpcv.preprocessing  INFO    Selected (14): ['active_addr_roc_14', 'atr', 'eth_btc_ratio', 'exchange_supply_pct', 'issuance_ntv', 'log_returns_lag1', 'log_returns_lag5', 'log_returns_lag7', 'obv', 'oil_ret_14', 'roc_14', 'skewness', 'smt_exp', 'vix']
13:09:57  src.cpcv.pipeline  INFO    Preprocessing: 14 features selected, train=648 + val=81 + cal=82, test=146
13:09:57  src.cpcv.tuning  INFO  Tuning (1 model) — Optuna TPE + Purged K-Fold (inner: 3 folds, embargo=10 obs)
13:09:57  src.cpcv.tuning  INFO    [tuning] logistic: 3 purged K-fold splits, 30 Optuna trials (TPE)
13:09:57  src.cpcv.tuning  INFO      logistic: 17 completed, 13 pruned (of 30 total) — best log_loss=0.6827, params={'C': 0.15517874583611974, 'penalty': 'l1'}
13:09:57  src.cpcv.tuning  INFO    [tuning] logistic done in 0.5s — best log_loss=0.6827
13:09:57  src.cpcv.tuning  INFO  Tuning total: 0.5s
13:09:57  src.cpcv.pipeline  INFO      applied logistic: {'C': 0.15517874583611974, 'penalty': 'l1'}
13:09:57  src.cpcv.pipeline  INFO    [ 13/84]             logistic (seed=0) F1=0.367  AUC=0.457  LL=0.9199 (0.0s)
13:09:57  src.cpcv.pipeline  INFO    [ 14/84]             logistic (seed=1) F1=0.367  AUC=0.457  LL=0.9199 (0.0s)
13:09:57  src.cpcv.pipeline  INFO    [ 15/84]             logistic (seed=2) F1=0.367  AUC=0.457  LL=0.9199 (0.0s)
13:09:58  src.cpcv.preprocessing  INFO  Computing MDA (Random Forest)...
13:10:31  src.cpcv.preprocessing  INFO  Computing MDA (Logistic Regression)...
13:10:32  src.cpcv.preprocessing  INFO  Multi-model MDA: 40/73 passed (MDA > 0), 33 eliminated
13:10:32  src.cpcv.preprocessing  INFO    Capped at 14 features (top_k_frac=0.2)
13:10:32  src.cpcv.preprocessing  INFO    Selected (14): ['atr', 'chaikin_osc', 'eth_btc_ratio', 'hashrate_roc_30', 'jarque_bera', 'kurtosis', 'log_returns_lag30', 'log_returns_lag6', 'obv', 'silver_ret_30', 'variance_ratio', 'vol_term_7_30', 'vwma_ratio_20_50', 'yield_curve_2y10y']
13:10:33  src.cpcv.pipeline  INFO    Preprocessing: 14 features selected, train=648 + val=81 + cal=82, test=146
13:10:33  src.cpcv.tuning  INFO  Tuning (1 model) — Optuna TPE + Purged K-Fold (inner: 3 folds, embargo=10 obs)
13:10:33  src.cpcv.tuning  INFO    [tuning] logistic: 3 purged K-fold splits, 30 Optuna trials (TPE)
13:10:33  src.cpcv.tuning  INFO      logistic: 15 completed, 15 pruned (of 30 total) — best log_loss=0.6829, params={'C': 0.017670169402947963, 'penalty': 'l1'}
13:10:33  src.cpcv.tuning  INFO    [tuning] logistic done in 0.7s — best log_loss=0.6829
13:10:33  src.cpcv.tuning  INFO  Tuning total: 0.7s
13:10:33  src.cpcv.pipeline  INFO      applied logistic: {'C': 0.017670169402947963, 'penalty': 'l1'}
13:10:33  src.cpcv.pipeline  INFO    [ 16/84]             logistic (seed=0) F1=0.483  AUC=0.522  LL=0.6874 (0.0s)
13:10:33  src.cpcv.pipeline  INFO    [ 17/84]             logistic (seed=1) F1=0.483  AUC=0.522  LL=0.6874 (0.0s)
13:10:33  src.cpcv.pipeline  INFO    [ 18/84]             logistic (seed=2) F1=0.483  AUC=0.522  LL=0.6874 (0.0s)
13:10:33  src.cpcv.preprocessing  INFO  Computing MDA (Random Forest)...
13:11:07  src.cpcv.preprocessing  INFO  Computing MDA (Logistic Regression)...
13:11:08  src.cpcv.preprocessing  INFO  Multi-model MDA: 40/73 passed (MDA > 0), 33 eliminated
13:11:08  src.cpcv.preprocessing  INFO    Capped at 14 features (top_k_frac=0.2)
13:11:08  src.cpcv.preprocessing  INFO    Selected (14): ['active_addr_roc_14', 'chaikin_osc', 'copper_ret_14', 'hashrate_roc_30', 'hurst', 'kurtosis', 'log_returns', 'log_returns_lag3', 'realized_vol', 'us10y', 'variance_ratio', 'vix', 'williams_r', 'yield_curve_2y10y']
13:11:08  src.cpcv.pipeline  INFO    Preprocessing: 14 features selected, train=657 + val=82 + cal=83, test=146
13:11:08  src.cpcv.tuning  INFO  Tuning (1 model) — Optuna TPE + Purged K-Fold (inner: 3 folds, embargo=10 obs)
13:11:08  src.cpcv.tuning  INFO    [tuning] logistic: 3 purged K-fold splits, 30 Optuna trials (TPE)
13:11:09  src.cpcv.tuning  INFO      logistic: 25 completed, 5 pruned (of 30 total) — best log_loss=0.6931, params={'C': 0.017670169402947963, 'penalty': 'l1'}
13:11:09  src.cpcv.tuning  INFO    [tuning] logistic done in 0.4s — best log_loss=0.6931
13:11:09  src.cpcv.tuning  INFO  Tuning total: 0.4s
13:11:09  src.cpcv.pipeline  INFO      applied logistic: {'C': 0.017670169402947963, 'penalty': 'l1'}
13:11:09  src.cpcv.pipeline  INFO    [ 19/84]             logistic (seed=0) F1=0.360  AUC=0.500  LL=0.6861 (0.0s)
13:11:09  src.cpcv.pipeline  INFO    [ 20/84]             logistic (seed=1) F1=0.360  AUC=0.500  LL=0.6861 (0.0s)
13:11:09  src.cpcv.pipeline  INFO    [ 21/84]             logistic (seed=2) F1=0.360  AUC=0.500  LL=0.6861 (0.0s)
13:11:09  src.cpcv.preprocessing  INFO  Computing MDA (Random Forest)...
13:11:42  src.cpcv.preprocessing  INFO  Computing MDA (Logistic Regression)...
13:11:43  src.cpcv.preprocessing  INFO  Multi-model MDA: 37/73 passed (MDA > 0), 36 eliminated
13:11:43  src.cpcv.preprocessing  INFO    Capped at 14 features (top_k_frac=0.2)
13:11:43  src.cpcv.preprocessing  INFO    Selected (14): ['dxy_roc_30', 'gold_ret_30', 'log_returns', 'log_returns_lag2', 'log_returns_lag4', 'natgas_ret_30', 'negentropy', 'obv', 'rsi', 'silver_ret_30', 'skewness', 'tx_count_roc_14', 'us10y', 'us2y']
13:11:43  src.cpcv.pipeline  INFO    Preprocessing: 14 features selected, train=575 + val=72 + cal=72, test=239
13:11:43  src.cpcv.tuning  INFO  Tuning (1 model) — Optuna TPE + Purged K-Fold (inner: 3 folds, embargo=10 obs)
13:11:43  src.cpcv.tuning  INFO    [tuning] logistic: 3 purged K-fold splits, 30 Optuna trials (TPE)
13:11:44  src.cpcv.tuning  INFO      logistic: 23 completed, 7 pruned (of 30 total) — best log_loss=0.6926, params={'C': 0.0012953887073261802, 'penalty': 'l2'}
13:11:44  src.cpcv.tuning  INFO    [tuning] logistic done in 0.5s — best log_loss=0.6926
13:11:44  src.cpcv.tuning  INFO  Tuning total: 0.5s
13:11:44  src.cpcv.pipeline  INFO      applied logistic: {'C': 0.0012953887073261802, 'penalty': 'l2'}
13:11:44  src.cpcv.pipeline  INFO    [ 22/84]             logistic (seed=0) F1=0.347  AUC=0.571  LL=0.8434 (0.0s)
13:11:44  src.cpcv.pipeline  INFO    [ 23/84]             logistic (seed=1) F1=0.347  AUC=0.571  LL=0.8434 (0.0s)
13:11:44  src.cpcv.pipeline  INFO    [ 24/84]             logistic (seed=2) F1=0.347  AUC=0.571  LL=0.8434 (0.0s)
13:11:44  src.cpcv.preprocessing  INFO  Computing MDA (Random Forest)...
13:12:16  src.cpcv.preprocessing  INFO  Computing MDA (Logistic Regression)...
13:12:17  src.cpcv.preprocessing  INFO  Multi-model MDA: 38/73 passed (MDA > 0), 35 eliminated
13:12:17  src.cpcv.preprocessing  INFO    Capped at 14 features (top_k_frac=0.2)
13:12:17  src.cpcv.preprocessing  INFO    Selected (14): ['cci_14', 'dxy_roc_30', 'eth_btc_ratio', 'hashrate_roc_30', 'jarque_bera', 'kurtosis', 'log_returns_lag2', 'log_returns_lag6', 'macd', 'macd_hist', 'natgas_ret_30', 'negentropy', 'us10y', 'vol_term_7_30']
13:12:17  src.cpcv.pipeline  INFO    Preprocessing: 14 features selected, train=565 + val=71 + cal=71, test=239
13:12:17  src.cpcv.tuning  INFO  Tuning (1 model) — Optuna TPE + Purged K-Fold (inner: 3 folds, embargo=10 obs)
13:12:17  src.cpcv.tuning  INFO    [tuning] logistic: 3 purged K-fold splits, 30 Optuna trials (TPE)
13:12:18  src.cpcv.tuning  INFO      logistic: 28 completed, 2 pruned (of 30 total) — best log_loss=0.6866, params={'C': 0.022411319470642815, 'penalty': 'l2'}
13:12:18  src.cpcv.tuning  INFO    [tuning] logistic done in 0.7s — best log_loss=0.6866
13:12:18  src.cpcv.tuning  INFO  Tuning total: 0.7s
13:12:18  src.cpcv.pipeline  INFO      applied logistic: {'C': 0.022411319470642815, 'penalty': 'l2'}
13:12:18  src.cpcv.pipeline  INFO    [ 25/84]             logistic (seed=0) F1=0.500  AUC=0.554  LL=0.8148 (0.0s)
13:12:18  src.cpcv.pipeline  INFO    [ 26/84]             logistic (seed=1) F1=0.500  AUC=0.554  LL=0.8148 (0.0s)
13:12:18  src.cpcv.pipeline  INFO    [ 27/84]             logistic (seed=2) F1=0.500  AUC=0.554  LL=0.8148 (0.0s)
13:12:18  src.cpcv.preprocessing  INFO  Computing MDA (Random Forest)...
13:12:51  src.cpcv.preprocessing  INFO  Computing MDA (Logistic Regression)...
13:12:52  src.cpcv.preprocessing  INFO  Multi-model MDA: 37/73 passed (MDA > 0), 36 eliminated
13:12:52  src.cpcv.preprocessing  INFO    Capped at 14 features (top_k_frac=0.2)
13:12:52  src.cpcv.preprocessing  INFO    Selected (14): ['cci_14', 'chaikin_osc', 'dxy_roc_30', 'eth_btc_ratio', 'gold_ret_14', 'hashrate_roc_30', 'jarque_bera', 'log_returns_lag4', 'natgas_ret_30', 'roc_14', 'rsi', 'smt_exp', 'sp500_ret_14', 'williams_r']
13:12:52  src.cpcv.pipeline  INFO    Preprocessing: 14 features selected, train=565 + val=71 + cal=71, test=239
13:12:52  src.cpcv.tuning  INFO  Tuning (1 model) — Optuna TPE + Purged K-Fold (inner: 3 folds, embargo=10 obs)
13:12:52  src.cpcv.tuning  INFO    [tuning] logistic: 3 purged K-fold splits, 30 Optuna trials (TPE)
13:12:52  src.cpcv.tuning  INFO      logistic: 22 completed, 8 pruned (of 30 total) — best log_loss=0.6807, params={'C': 0.054502936945582565, 'penalty': 'l1'}
13:12:52  src.cpcv.tuning  INFO    [tuning] logistic done in 0.7s — best log_loss=0.6807
13:12:52  src.cpcv.tuning  INFO  Tuning total: 0.7s
13:12:52  src.cpcv.pipeline  INFO      applied logistic: {'C': 0.054502936945582565, 'penalty': 'l1'}
13:12:52  src.cpcv.pipeline  INFO    [ 28/84]             logistic (seed=0) F1=0.421  AUC=0.572  LL=0.7074 (0.0s)
13:12:52  src.cpcv.pipeline  INFO    [ 29/84]             logistic (seed=1) F1=0.421  AUC=0.572  LL=0.7074 (0.0s)
13:12:52  src.cpcv.pipeline  INFO    [ 30/84]             logistic (seed=2) F1=0.421  AUC=0.572  LL=0.7074 (0.0s)
13:12:53  src.cpcv.preprocessing  INFO  Computing MDA (Random Forest)...
13:13:25  src.cpcv.preprocessing  INFO  Computing MDA (Logistic Regression)...
13:13:26  src.cpcv.preprocessing  INFO  Multi-model MDA: 37/73 passed (MDA > 0), 36 eliminated
13:13:26  src.cpcv.preprocessing  INFO    Capped at 14 features (top_k_frac=0.2)
13:13:26  src.cpcv.preprocessing  INFO    Selected (14): ['cci_14', 'ema_ratio_20_50', 'fee_per_tx', 'gold_ret_30', 'hashrate_roc_30', 'jarque_bera', 'log_returns', 'log_returns_lag6', 'mfi_14', 'natgas_ret_14', 'natgas_ret_30', 'silver_ret_30', 'skewness', 'sp500_ret_14']
13:13:26  src.cpcv.pipeline  INFO    Preprocessing: 14 features selected, train=565 + val=71 + cal=71, test=239
13:13:26  src.cpcv.tuning  INFO  Tuning (1 model) — Optuna TPE + Purged K-Fold (inner: 3 folds, embargo=10 obs)
13:13:26  src.cpcv.tuning  INFO    [tuning] logistic: 3 purged K-fold splits, 30 Optuna trials (TPE)
13:13:26  src.cpcv.tuning  INFO      logistic: 27 completed, 3 pruned (of 30 total) — best log_loss=0.6759, params={'C': 0.12647598951788191, 'penalty': 'l1'}
13:13:26  src.cpcv.tuning  INFO    [tuning] logistic done in 0.6s — best log_loss=0.6759
13:13:26  src.cpcv.tuning  INFO  Tuning total: 0.6s
13:13:26  src.cpcv.pipeline  INFO      applied logistic: {'C': 0.12647598951788191, 'penalty': 'l1'}
13:13:26  src.cpcv.pipeline  INFO    [ 31/84]             logistic (seed=0) F1=0.523  AUC=0.542  LL=0.6987 (0.0s)
13:13:26  src.cpcv.pipeline  INFO    [ 32/84]             logistic (seed=1) F1=0.523  AUC=0.542  LL=0.6987 (0.0s)
13:13:26  src.cpcv.pipeline  INFO    [ 33/84]             logistic (seed=2) F1=0.523  AUC=0.542  LL=0.6987 (0.0s)
13:13:27  src.cpcv.preprocessing  INFO  Computing MDA (Random Forest)...
13:13:58  src.cpcv.preprocessing  INFO  Computing MDA (Logistic Regression)...
13:13:59  src.cpcv.preprocessing  INFO  Multi-model MDA: 34/73 passed (MDA > 0), 39 eliminated
13:13:59  src.cpcv.preprocessing  INFO    Capped at 14 features (top_k_frac=0.2)
13:13:59  src.cpcv.preprocessing  INFO    Selected (14): ['atr', 'copper_ret_14', 'eth_btc_ratio', 'fee_per_tx', 'jarque_bera', 'log_returns_lag4', 'log_returns_lag6', 'oil_ret_14', 'skewness', 'sp500_ret_30', 'variance_ratio', 'vix', 'vol_term_7_30', 'yield_curve_10y30y']
13:13:59  src.cpcv.pipeline  INFO    Preprocessing: 14 features selected, train=565 + val=71 + cal=71, test=239
13:13:59  src.cpcv.tuning  INFO  Tuning (1 model) — Optuna TPE + Purged K-Fold (inner: 3 folds, embargo=10 obs)
13:13:59  src.cpcv.tuning  INFO    [tuning] logistic: 3 purged K-fold splits, 30 Optuna trials (TPE)
13:14:00  src.cpcv.tuning  INFO      logistic: 19 completed, 11 pruned (of 30 total) — best log_loss=0.6789, params={'C': 0.11480946414492552, 'penalty': 'l1'}
13:14:00  src.cpcv.tuning  INFO    [tuning] logistic done in 0.7s — best log_loss=0.6789
13:14:00  src.cpcv.tuning  INFO  Tuning total: 0.7s
13:14:00  src.cpcv.pipeline  INFO      applied logistic: {'C': 0.11480946414492552, 'penalty': 'l1'}
13:14:00  src.cpcv.pipeline  INFO    [ 34/84]             logistic (seed=0) F1=0.384  AUC=0.480  LL=0.6886 (0.0s)
13:14:00  src.cpcv.pipeline  INFO    [ 35/84]             logistic (seed=1) F1=0.384  AUC=0.480  LL=0.6886 (0.0s)
13:14:00  src.cpcv.pipeline  INFO    [ 36/84]             logistic (seed=2) F1=0.384  AUC=0.480  LL=0.6886 (0.0s)
13:14:00  src.cpcv.preprocessing  INFO  Computing MDA (Random Forest)...
13:14:32  src.cpcv.preprocessing  INFO  Computing MDA (Logistic Regression)...
13:14:33  src.cpcv.preprocessing  INFO  Multi-model MDA: 39/73 passed (MDA > 0), 34 eliminated
13:14:33  src.cpcv.preprocessing  INFO    Capped at 14 features (top_k_frac=0.2)
13:14:33  src.cpcv.preprocessing  INFO    Selected (14): ['dxy_roc_30', 'eth_btc_ratio', 'jarque_bera', 'kurtosis', 'log_returns_lag3', 'macd_hist', 'nasdaq_ret_30', 'obv', 'oil_ret_14', 'sadf', 'sp500_ret_30', 'williams_r', 'yield_curve_2y10y', 'yz_vol']
13:14:33  src.cpcv.pipeline  INFO    Preprocessing: 14 features selected, train=574 + val=72 + cal=72, test=239
13:14:33  src.cpcv.tuning  INFO  Tuning (1 model) — Optuna TPE + Purged K-Fold (inner: 3 folds, embargo=10 obs)
13:14:33  src.cpcv.tuning  INFO    [tuning] logistic: 3 purged K-fold splits, 30 Optuna trials (TPE)
13:14:33  src.cpcv.tuning  INFO      logistic: 18 completed, 12 pruned (of 30 total) — best log_loss=0.6833, params={'C': 0.00044900780221839606, 'penalty': 'l2'}
13:14:33  src.cpcv.tuning  INFO    [tuning] logistic done in 0.7s — best log_loss=0.6833
13:14:33  src.cpcv.tuning  INFO  Tuning total: 0.7s
13:14:33  src.cpcv.pipeline  INFO      applied logistic: {'C': 0.00044900780221839606, 'penalty': 'l2'}
13:14:33  src.cpcv.pipeline  INFO    [ 37/84]             logistic (seed=0) F1=0.429  AUC=0.441  LL=0.6870 (0.0s)
13:14:33  src.cpcv.pipeline  INFO    [ 38/84]             logistic (seed=1) F1=0.429  AUC=0.441  LL=0.6870 (0.0s)
13:14:34  src.cpcv.pipeline  INFO    [ 39/84]             logistic (seed=2) F1=0.429  AUC=0.441  LL=0.6870 (0.0s)
13:14:34  src.cpcv.preprocessing  INFO  Computing MDA (Random Forest)...
13:15:05  src.cpcv.preprocessing  INFO  Computing MDA (Logistic Regression)...
13:15:06  src.cpcv.preprocessing  INFO  Multi-model MDA: 37/73 passed (MDA > 0), 36 eliminated
13:15:06  src.cpcv.preprocessing  INFO    Capped at 14 features (top_k_frac=0.2)
13:15:06  src.cpcv.preprocessing  INFO    Selected (14): ['eth_btc_ratio', 'log_returns_lag2', 'log_returns_lag6', 'macd_hist', 'obv', 'oil_ret_30', 'roc_14', 'sadf', 'silver_ret_30', 'sp500_ret_30', 'stoch_d', 'vol_term_30_90', 'williams_r', 'yield_curve_2y10y']
13:15:06  src.cpcv.pipeline  INFO    Preprocessing: 14 features selected, train=530 + val=66 + cal=67, test=292
13:15:06  src.cpcv.tuning  INFO  Tuning (1 model) — Optuna TPE + Purged K-Fold (inner: 3 folds, embargo=10 obs)
13:15:06  src.cpcv.tuning  INFO    [tuning] logistic: 3 purged K-fold splits, 30 Optuna trials (TPE)
13:15:07  src.cpcv.tuning  INFO      logistic: 20 completed, 10 pruned (of 30 total) — best log_loss=0.6750, params={'C': 0.020357412412030994, 'penalty': 'l2'}
13:15:07  src.cpcv.tuning  INFO    [tuning] logistic done in 0.5s — best log_loss=0.6750
13:15:07  src.cpcv.tuning  INFO  Tuning total: 0.5s
13:15:07  src.cpcv.pipeline  INFO      applied logistic: {'C': 0.020357412412030994, 'penalty': 'l2'}
13:15:07  src.cpcv.pipeline  INFO    [ 40/84]             logistic (seed=0) F1=0.494  AUC=0.560  LL=0.6922 (0.0s)
13:15:07  src.cpcv.pipeline  INFO    [ 41/84]             logistic (seed=1) F1=0.494  AUC=0.560  LL=0.6922 (0.0s)
13:15:07  src.cpcv.pipeline  INFO    [ 42/84]             logistic (seed=2) F1=0.494  AUC=0.560  LL=0.6922 (0.0s)
13:15:07  src.cpcv.preprocessing  INFO  Computing MDA (Random Forest)...
13:15:39  src.cpcv.preprocessing  INFO  Computing MDA (Logistic Regression)...
13:15:40  src.cpcv.preprocessing  INFO  Multi-model MDA: 39/73 passed (MDA > 0), 34 eliminated
13:15:40  src.cpcv.preprocessing  INFO    Capped at 14 features (top_k_frac=0.2)
13:15:40  src.cpcv.preprocessing  INFO    Selected (14): ['ema_ratio_20_50', 'eth_btc_ratio', 'issuance_ntv', 'log_returns_lag4', 'mvrv', 'oil_ret_14', 'roc_14', 'skewness', 'sp500_ret_14', 'sp500_ret_30', 'stoch_d', 'us2y', 'yield_curve_10y30y', 'yield_curve_2y10y']
13:15:41  src.cpcv.pipeline  INFO    Preprocessing: 14 features selected, train=520 + val=65 + cal=66, test=292
13:15:41  src.cpcv.tuning  INFO  Tuning (1 model) — Optuna TPE + Purged K-Fold (inner: 3 folds, embargo=10 obs)
13:15:41  src.cpcv.tuning  INFO    [tuning] logistic: 3 purged K-fold splits, 30 Optuna trials (TPE)
13:15:41  src.cpcv.tuning  INFO      logistic: 22 completed, 8 pruned (of 30 total) — best log_loss=0.6931, params={'C': 0.017670169402947963, 'penalty': 'l1'}
13:15:41  src.cpcv.tuning  INFO    [tuning] logistic done in 0.5s — best log_loss=0.6931
13:15:41  src.cpcv.tuning  INFO  Tuning total: 0.5s
13:15:41  src.cpcv.pipeline  INFO      applied logistic: {'C': 0.017670169402947963, 'penalty': 'l1'}
13:15:41  src.cpcv.pipeline  INFO    [ 43/84]             logistic (seed=0) F1=0.316  AUC=0.500  LL=0.6959 (0.0s)
13:15:41  src.cpcv.pipeline  INFO    [ 44/84]             logistic (seed=1) F1=0.316  AUC=0.500  LL=0.6959 (0.0s)
13:15:41  src.cpcv.pipeline  INFO    [ 45/84]             logistic (seed=2) F1=0.316  AUC=0.500  LL=0.6959 (0.0s)
13:15:41  src.cpcv.preprocessing  INFO  Computing MDA (Random Forest)...
13:16:12  src.cpcv.preprocessing  INFO  Computing MDA (Logistic Regression)...
13:16:14  src.cpcv.preprocessing  INFO  Multi-model MDA: 30/73 passed (MDA > 0), 43 eliminated
13:16:14  src.cpcv.preprocessing  INFO    Capped at 14 features (top_k_frac=0.2)
13:16:14  src.cpcv.preprocessing  INFO    Selected (14): ['ema_ratio_50_200', 'log_returns', 'log_returns_lag2', 'log_returns_lag30', 'log_returns_lag7', 'natgas_ret_14', 'natgas_ret_30', 'rsi', 'skewness', 'sp500_ret_14', 'us10y', 'us2y', 'vix', 'yield_curve_10y30y']
13:16:14  src.cpcv.pipeline  INFO    Preprocessing: 14 features selected, train=520 + val=65 + cal=66, test=292
13:16:14  src.cpcv.tuning  INFO  Tuning (1 model) — Optuna TPE + Purged K-Fold (inner: 3 folds, embargo=10 obs)
13:16:14  src.cpcv.tuning  INFO    [tuning] logistic: 3 purged K-fold splits, 30 Optuna trials (TPE)
13:16:14  src.cpcv.tuning  INFO      logistic: 20 completed, 10 pruned (of 30 total) — best log_loss=0.6775, params={'C': 0.01836706903841569, 'penalty': 'l2'}
13:16:14  src.cpcv.tuning  INFO    [tuning] logistic done in 0.6s — best log_loss=0.6775
13:16:14  src.cpcv.tuning  INFO  Tuning total: 0.6s
13:16:14  src.cpcv.pipeline  INFO      applied logistic: {'C': 0.01836706903841569, 'penalty': 'l2'}
13:16:14  src.cpcv.pipeline  INFO    [ 46/84]             logistic (seed=0) F1=0.503  AUC=0.519  LL=0.7667 (0.0s)
13:16:14  src.cpcv.pipeline  INFO    [ 47/84]             logistic (seed=1) F1=0.503  AUC=0.519  LL=0.7667 (0.0s)
13:16:14  src.cpcv.pipeline  INFO    [ 48/84]             logistic (seed=2) F1=0.503  AUC=0.519  LL=0.7667 (0.0s)
13:16:14  src.cpcv.preprocessing  INFO  Computing MDA (Random Forest)...
13:16:46  src.cpcv.preprocessing  INFO  Computing MDA (Logistic Regression)...
13:16:47  src.cpcv.preprocessing  INFO  Multi-model MDA: 37/73 passed (MDA > 0), 36 eliminated
13:16:47  src.cpcv.preprocessing  INFO    Capped at 14 features (top_k_frac=0.2)
13:16:47  src.cpcv.preprocessing  INFO    Selected (14): ['dxy_roc_30', 'exchange_supply_pct', 'jarque_bera', 'log_returns_lag5', 'log_returns_lag6', 'lz_complexity', 'nasdaq_ret_14', 'nasdaq_ret_30', 'obv', 'oil_ret_14', 'rsi', 'sadf', 'silver_ret_30', 'smt_exp']
13:16:47  src.cpcv.pipeline  INFO    Preprocessing: 14 features selected, train=520 + val=65 + cal=66, test=292
13:16:47  src.cpcv.tuning  INFO  Tuning (1 model) — Optuna TPE + Purged K-Fold (inner: 3 folds, embargo=10 obs)
13:16:47  src.cpcv.tuning  INFO    [tuning] logistic: 3 purged K-fold splits, 30 Optuna trials (TPE)
13:16:48  src.cpcv.tuning  INFO      logistic: 26 completed, 4 pruned (of 30 total) — best log_loss=0.6817, params={'C': 0.0021079758632756426, 'penalty': 'l2'}
13:16:48  src.cpcv.tuning  INFO    [tuning] logistic done in 0.8s — best log_loss=0.6817
13:16:48  src.cpcv.tuning  INFO  Tuning total: 0.8s
13:16:48  src.cpcv.pipeline  INFO      applied logistic: {'C': 0.0021079758632756426, 'penalty': 'l2'}
13:16:48  src.cpcv.pipeline  INFO    [ 49/84]             logistic (seed=0) F1=0.477  AUC=0.465  LL=0.7101 (0.0s)
13:16:48  src.cpcv.pipeline  INFO    [ 50/84]             logistic (seed=1) F1=0.477  AUC=0.465  LL=0.7101 (0.0s)
13:16:48  src.cpcv.pipeline  INFO    [ 51/84]             logistic (seed=2) F1=0.477  AUC=0.465  LL=0.7101 (0.0s)
13:16:49  src.cpcv.preprocessing  INFO  Computing MDA (Random Forest)...
13:17:21  src.cpcv.preprocessing  INFO  Computing MDA (Logistic Regression)...
13:17:22  src.cpcv.preprocessing  INFO  Multi-model MDA: 40/73 passed (MDA > 0), 33 eliminated
13:17:22  src.cpcv.preprocessing  INFO    Capped at 14 features (top_k_frac=0.2)
13:17:22  src.cpcv.preprocessing  INFO    Selected (14): ['chaikin_osc', 'dxy_roc_30', 'exchange_supply_pct', 'fee_per_tx', 'gk_vol', 'jarque_bera', 'kurtosis', 'log_returns_lag1', 'macd_hist', 'natgas_ret_30', 'obv', 'roc_14', 'sadf', 'smt_exp']
13:17:22  src.cpcv.pipeline  INFO    Preprocessing: 14 features selected, train=529 + val=66 + cal=67, test=292
13:17:22  src.cpcv.tuning  INFO  Tuning (1 model) — Optuna TPE + Purged K-Fold (inner: 3 folds, embargo=10 obs)
13:17:22  src.cpcv.tuning  INFO    [tuning] logistic: 3 purged K-fold splits, 30 Optuna trials (TPE)
13:17:23  src.cpcv.tuning  INFO      logistic: 27 completed, 3 pruned (of 30 total) — best log_loss=0.6841, params={'C': 0.0012953887073261802, 'penalty': 'l2'}
13:17:23  src.cpcv.tuning  INFO    [tuning] logistic done in 0.9s — best log_loss=0.6841
13:17:23  src.cpcv.tuning  INFO  Tuning total: 0.9s
13:17:23  src.cpcv.pipeline  INFO      applied logistic: {'C': 0.0012953887073261802, 'penalty': 'l2'}
13:17:23  src.cpcv.pipeline  INFO    [ 52/84]             logistic (seed=0) F1=0.362  AUC=0.473  LL=0.8722 (0.0s)
13:17:23  src.cpcv.pipeline  INFO    [ 53/84]             logistic (seed=1) F1=0.362  AUC=0.473  LL=0.8722 (0.0s)
13:17:23  src.cpcv.pipeline  INFO    [ 54/84]             logistic (seed=2) F1=0.362  AUC=0.473  LL=0.8722 (0.0s)
13:17:23  src.cpcv.preprocessing  INFO  Computing MDA (Random Forest)...
13:17:55  src.cpcv.preprocessing  INFO  Computing MDA (Logistic Regression)...
13:17:56  src.cpcv.preprocessing  INFO  Multi-model MDA: 39/73 passed (MDA > 0), 34 eliminated
13:17:56  src.cpcv.preprocessing  INFO    Capped at 14 features (top_k_frac=0.2)
13:17:56  src.cpcv.preprocessing  INFO    Selected (14): ['copper_ret_14', 'eth_btc_ratio', 'kurtosis', 'log_returns_lag14', 'log_returns_lag2', 'log_returns_lag3', 'log_returns_lag7', 'lz_complexity', 'natgas_ret_30', 'oil_ret_14', 'rsi', 'skewness', 'smt_poly1', 'sp500_ret_30']
13:17:56  src.cpcv.pipeline  INFO    Preprocessing: 14 features selected, train=532 + val=66 + cal=67, test=292
13:17:56  src.cpcv.tuning  INFO  Tuning (1 model) — Optuna TPE + Purged K-Fold (inner: 3 folds, embargo=10 obs)
13:17:56  src.cpcv.tuning  INFO    [tuning] logistic: 3 purged K-fold splits, 30 Optuna trials (TPE)
13:17:56  src.cpcv.tuning  INFO      logistic: 21 completed, 9 pruned (of 30 total) — best log_loss=0.6845, params={'C': 0.11085678522672557, 'penalty': 'l1'}
13:17:56  src.cpcv.tuning  INFO    [tuning] logistic done in 0.4s — best log_loss=0.6845
13:17:56  src.cpcv.tuning  INFO  Tuning total: 0.4s
13:17:56  src.cpcv.pipeline  INFO      applied logistic: {'C': 0.11085678522672557, 'penalty': 'l1'}
13:17:56  src.cpcv.pipeline  INFO    [ 55/84]             logistic (seed=0) F1=0.513  AUC=0.528  LL=0.7279 (0.0s)
13:17:56  src.cpcv.pipeline  INFO    [ 56/84]             logistic (seed=1) F1=0.513  AUC=0.528  LL=0.7279 (0.0s)
13:17:56  src.cpcv.pipeline  INFO    [ 57/84]             logistic (seed=2) F1=0.513  AUC=0.528  LL=0.7279 (0.0s)
13:17:57  src.cpcv.preprocessing  INFO  Computing MDA (Random Forest)...
13:18:29  src.cpcv.preprocessing  INFO  Computing MDA (Logistic Regression)...
13:18:30  src.cpcv.preprocessing  INFO  Multi-model MDA: 38/73 passed (MDA > 0), 35 eliminated
13:18:30  src.cpcv.preprocessing  INFO    Capped at 14 features (top_k_frac=0.2)
13:18:30  src.cpcv.preprocessing  INFO    Selected (14): ['ema_ratio_20_50', 'log_returns_lag30', 'log_returns_lag5', 'log_returns_lag6', 'log_returns_lag7', 'mvrv', 'net_exchange_flow', 'oil_ret_14', 'silver_ret_14', 'skewness', 'sp500_ret_14', 'us10y', 'variance_ratio', 'vix']
13:18:30  src.cpcv.pipeline  INFO    Preprocessing: 14 features selected, train=522 + val=65 + cal=66, test=292
13:18:30  src.cpcv.tuning  INFO  Tuning (1 model) — Optuna TPE + Purged K-Fold (inner: 3 folds, embargo=10 obs)
13:18:30  src.cpcv.tuning  INFO    [tuning] logistic: 3 purged K-fold splits, 30 Optuna trials (TPE)
13:18:30  src.cpcv.tuning  INFO      logistic: 18 completed, 12 pruned (of 30 total) — best log_loss=0.6854, params={'C': 0.008157211142057481, 'penalty': 'l2'}
13:18:30  src.cpcv.tuning  INFO    [tuning] logistic done in 0.5s — best log_loss=0.6854
13:18:30  src.cpcv.tuning  INFO  Tuning total: 0.5s
13:18:30  src.cpcv.pipeline  INFO      applied logistic: {'C': 0.008157211142057481, 'penalty': 'l2'}
13:18:30  src.cpcv.pipeline  INFO    [ 58/84]             logistic (seed=0) F1=0.521  AUC=0.547  LL=0.7647 (0.0s)
13:18:30  src.cpcv.pipeline  INFO    [ 59/84]             logistic (seed=1) F1=0.521  AUC=0.547  LL=0.7647 (0.0s)
13:18:30  src.cpcv.pipeline  INFO    [ 60/84]             logistic (seed=2) F1=0.521  AUC=0.547  LL=0.7647 (0.0s)
13:18:31  src.cpcv.preprocessing  INFO  Computing MDA (Random Forest)...
13:19:03  src.cpcv.preprocessing  INFO  Computing MDA (Logistic Regression)...
13:19:04  src.cpcv.preprocessing  INFO  Multi-model MDA: 37/73 passed (MDA > 0), 36 eliminated
13:19:04  src.cpcv.preprocessing  INFO    Capped at 14 features (top_k_frac=0.2)
13:19:04  src.cpcv.preprocessing  INFO    Selected (14): ['eth_btc_ratio', 'gold_ret_30', 'kurtosis', 'log_returns_lag3', 'log_returns_lag6', 'log_returns_lag7', 'macd_hist', 'realized_vol', 'silver_ret_30', 'sp500_ret_30', 'stoch_k', 'variance_ratio', 'williams_r', 'yield_curve_2y10y']
13:19:04  src.cpcv.pipeline  INFO    Preprocessing: 14 features selected, train=522 + val=65 + cal=66, test=292
13:19:04  src.cpcv.tuning  INFO  Tuning (1 model) — Optuna TPE + Purged K-Fold (inner: 3 folds, embargo=10 obs)
13:19:04  src.cpcv.tuning  INFO    [tuning] logistic: 3 purged K-fold splits, 30 Optuna trials (TPE)
13:19:05  src.cpcv.tuning  INFO      logistic: 16 completed, 14 pruned (of 30 total) — best log_loss=0.6789, params={'C': 0.014975426755579157, 'penalty': 'l2'}
13:19:05  src.cpcv.tuning  INFO    [tuning] logistic done in 0.5s — best log_loss=0.6789
13:19:05  src.cpcv.tuning  INFO  Tuning total: 0.5s
13:19:05  src.cpcv.pipeline  INFO      applied logistic: {'C': 0.014975426755579157, 'penalty': 'l2'}
13:19:05  src.cpcv.pipeline  INFO    [ 61/84]             logistic (seed=0) F1=0.464  AUC=0.485  LL=0.7313 (0.0s)
13:19:05  src.cpcv.pipeline  INFO    [ 62/84]             logistic (seed=1) F1=0.464  AUC=0.485  LL=0.7313 (0.0s)
13:19:05  src.cpcv.pipeline  INFO    [ 63/84]             logistic (seed=2) F1=0.464  AUC=0.485  LL=0.7313 (0.0s)
13:19:05  src.cpcv.preprocessing  INFO  Computing MDA (Random Forest)...
13:19:36  src.cpcv.preprocessing  INFO  Computing MDA (Logistic Regression)...
13:19:37  src.cpcv.preprocessing  INFO  Multi-model MDA: 38/73 passed (MDA > 0), 35 eliminated
13:19:37  src.cpcv.preprocessing  INFO    Capped at 14 features (top_k_frac=0.2)
13:19:37  src.cpcv.preprocessing  INFO    Selected (14): ['active_addr_roc_14', 'bb_width', 'copper_ret_30', 'eth_btc_ratio', 'exchange_supply_pct', 'log_returns_lag1', 'log_returns_lag5', 'log_returns_lag6', 'oil_ret_14', 'silver_ret_30', 'smt_poly1', 'sp500_ret_30', 'yield_curve_10y30y', 'yz_vol']
13:19:37  src.cpcv.pipeline  INFO    Preprocessing: 14 features selected, train=531 + val=66 + cal=67, test=292
13:19:37  src.cpcv.tuning  INFO  Tuning (1 model) — Optuna TPE + Purged K-Fold (inner: 3 folds, embargo=10 obs)
13:19:37  src.cpcv.tuning  INFO    [tuning] logistic: 3 purged K-fold splits, 30 Optuna trials (TPE)
13:19:38  src.cpcv.tuning  INFO      logistic: 23 completed, 7 pruned (of 30 total) — best log_loss=0.6771, params={'C': 0.011619682550552358, 'penalty': 'l2'}
13:19:38  src.cpcv.tuning  INFO    [tuning] logistic done in 0.6s — best log_loss=0.6771
13:19:38  src.cpcv.tuning  INFO  Tuning total: 0.6s
13:19:38  src.cpcv.pipeline  INFO      applied logistic: {'C': 0.011619682550552358, 'penalty': 'l2'}
13:19:38  src.cpcv.pipeline  INFO    [ 64/84]             logistic (seed=0) F1=0.366  AUC=0.532  LL=0.7118 (0.0s)
13:19:38  src.cpcv.pipeline  INFO    [ 65/84]             logistic (seed=1) F1=0.366  AUC=0.532  LL=0.7118 (0.0s)
13:19:38  src.cpcv.pipeline  INFO    [ 66/84]             logistic (seed=2) F1=0.366  AUC=0.532  LL=0.7118 (0.0s)
13:19:38  src.cpcv.preprocessing  INFO  Computing MDA (Random Forest)...
13:20:10  src.cpcv.preprocessing  INFO  Computing MDA (Logistic Regression)...
13:20:11  src.cpcv.preprocessing  INFO  Multi-model MDA: 38/73 passed (MDA > 0), 35 eliminated
13:20:11  src.cpcv.preprocessing  INFO    Capped at 14 features (top_k_frac=0.2)
13:20:11  src.cpcv.preprocessing  INFO    Selected (14): ['cci_14', 'ema_ratio_20_50', 'fee_per_tx', 'log_returns_lag2', 'log_returns_lag5', 'log_returns_lag6', 'macd', 'macd_hist', 'mfi_14', 'net_exchange_flow', 'obv', 'sadf', 'smt_exp', 'vol_term_30_90']
13:20:11  src.cpcv.pipeline  INFO    Preprocessing: 14 features selected, train=532 + val=66 + cal=67, test=292
13:20:11  src.cpcv.tuning  INFO  Tuning (1 model) — Optuna TPE + Purged K-Fold (inner: 3 folds, embargo=10 obs)
13:20:11  src.cpcv.tuning  INFO    [tuning] logistic: 3 purged K-fold splits, 30 Optuna trials (TPE)
13:20:12  src.cpcv.tuning  INFO      logistic: 18 completed, 12 pruned (of 30 total) — best log_loss=0.6930, params={'C': 0.0012190680346095364, 'penalty': 'l2'}
13:20:12  src.cpcv.tuning  INFO    [tuning] logistic done in 0.5s — best log_loss=0.6930
13:20:12  src.cpcv.tuning  INFO  Tuning total: 0.5s
13:20:12  src.cpcv.pipeline  INFO      applied logistic: {'C': 0.0012190680346095364, 'penalty': 'l2'}
13:20:12  src.cpcv.pipeline  INFO    [ 67/84]             logistic (seed=0) F1=0.312  AUC=0.528  LL=0.6968 (0.0s)
13:20:12  src.cpcv.pipeline  INFO    [ 68/84]             logistic (seed=1) F1=0.312  AUC=0.528  LL=0.6968 (0.0s)
13:20:12  src.cpcv.pipeline  INFO    [ 69/84]             logistic (seed=2) F1=0.312  AUC=0.528  LL=0.6968 (0.0s)
13:20:12  src.cpcv.preprocessing  INFO  Computing MDA (Random Forest)...
13:20:44  src.cpcv.preprocessing  INFO  Computing MDA (Logistic Regression)...
13:20:45  src.cpcv.preprocessing  INFO  Multi-model MDA: 40/73 passed (MDA > 0), 33 eliminated
13:20:45  src.cpcv.preprocessing  INFO    Capped at 14 features (top_k_frac=0.2)
13:20:45  src.cpcv.preprocessing  INFO    Selected (14): ['bb_width', 'eth_btc_ratio', 'gk_vol', 'gold_ret_30', 'hashrate_roc_30', 'hurst', 'log_returns_lag1', 'log_returns_lag21', 'log_returns_lag4', 'log_returns_lag6', 'nasdaq_ret_14', 'silver_ret_30', 'smt_poly1', 'yield_curve_10y30y']
13:20:45  src.cpcv.pipeline  INFO    Preprocessing: 14 features selected, train=522 + val=65 + cal=66, test=292
13:20:45  src.cpcv.tuning  INFO  Tuning (1 model) — Optuna TPE + Purged K-Fold (inner: 3 folds, embargo=10 obs)
13:20:45  src.cpcv.tuning  INFO    [tuning] logistic: 3 purged K-fold splits, 30 Optuna trials (TPE)
13:20:46  src.cpcv.tuning  INFO      logistic: 20 completed, 10 pruned (of 30 total) — best log_loss=0.6791, params={'C': 0.01751953040196698, 'penalty': 'l2'}
13:20:46  src.cpcv.tuning  INFO    [tuning] logistic done in 0.5s — best log_loss=0.6791
13:20:46  src.cpcv.tuning  INFO  Tuning total: 0.5s
13:20:46  src.cpcv.pipeline  INFO      applied logistic: {'C': 0.01751953040196698, 'penalty': 'l2'}
13:20:46  src.cpcv.pipeline  INFO    [ 70/84]             logistic (seed=0) F1=0.524  AUC=0.537  LL=0.7153 (0.0s)
13:20:46  src.cpcv.pipeline  INFO    [ 71/84]             logistic (seed=1) F1=0.524  AUC=0.537  LL=0.7153 (0.0s)
13:20:46  src.cpcv.pipeline  INFO    [ 72/84]             logistic (seed=2) F1=0.524  AUC=0.537  LL=0.7153 (0.0s)
13:20:46  src.cpcv.preprocessing  INFO  Computing MDA (Random Forest)...
13:21:18  src.cpcv.preprocessing  INFO  Computing MDA (Logistic Regression)...
13:21:20  src.cpcv.preprocessing  INFO  Multi-model MDA: 41/73 passed (MDA > 0), 32 eliminated
13:21:20  src.cpcv.preprocessing  INFO    Capped at 14 features (top_k_frac=0.2)
13:21:20  src.cpcv.preprocessing  INFO    Selected (14): ['ema_ratio_50_200', 'gk_vol', 'log_returns_lag1', 'log_returns_lag14', 'log_returns_lag21', 'log_returns_lag3', 'log_returns_lag30', 'log_returns_lag4', 'nasdaq_ret_30', 'realized_vol', 'silver_ret_30', 'smt_poly1', 'tx_count_roc_14', 'vol_term_7_30']
13:21:20  src.cpcv.pipeline  INFO    Preprocessing: 14 features selected, train=531 + val=66 + cal=67, test=292
13:21:20  src.cpcv.tuning  INFO  Tuning (1 model) — Optuna TPE + Purged K-Fold (inner: 3 folds, embargo=10 obs)
13:21:20  src.cpcv.tuning  INFO    [tuning] logistic: 3 purged K-fold splits, 30 Optuna trials (TPE)
13:21:20  src.cpcv.tuning  INFO      logistic: 23 completed, 7 pruned (of 30 total) — best log_loss=0.6917, params={'C': 0.11085678522672557, 'penalty': 'l1'}
13:21:20  src.cpcv.tuning  INFO    [tuning] logistic done in 0.5s — best log_loss=0.6917
13:21:20  src.cpcv.tuning  INFO  Tuning total: 0.5s
13:21:20  src.cpcv.pipeline  INFO      applied logistic: {'C': 0.11085678522672557, 'penalty': 'l1'}
13:21:20  src.cpcv.pipeline  INFO    [ 73/84]             logistic (seed=0) F1=0.512  AUC=0.522  LL=0.6946 (0.0s)
13:21:20  src.cpcv.pipeline  INFO    [ 74/84]             logistic (seed=1) F1=0.512  AUC=0.522  LL=0.6947 (0.0s)
13:21:20  src.cpcv.pipeline  INFO    [ 75/84]             logistic (seed=2) F1=0.512  AUC=0.522  LL=0.6947 (0.0s)
13:21:20  src.cpcv.preprocessing  INFO  Computing MDA (Random Forest)...
13:21:54  src.cpcv.preprocessing  INFO  Computing MDA (Logistic Regression)...
13:21:55  src.cpcv.preprocessing  INFO  Multi-model MDA: 39/73 passed (MDA > 0), 34 eliminated
13:21:55  src.cpcv.preprocessing  INFO    Capped at 14 features (top_k_frac=0.2)
13:21:55  src.cpcv.preprocessing  INFO    Selected (14): ['cci_14', 'dxy_roc_30', 'ema_ratio_50_200', 'fee_per_tx', 'gk_vol', 'gold_ret_14', 'gold_ret_30', 'kurtosis', 'log_returns', 'log_returns_lag2', 'log_returns_lag5', 'log_returns_lag6', 'smt_poly1', 'vix']
13:21:55  src.cpcv.pipeline  INFO    Preprocessing: 14 features selected, train=532 + val=66 + cal=67, test=292
13:21:55  src.cpcv.tuning  INFO  Tuning (1 model) — Optuna TPE + Purged K-Fold (inner: 3 folds, embargo=10 obs)
13:21:55  src.cpcv.tuning  INFO    [tuning] logistic: 3 purged K-fold splits, 30 Optuna trials (TPE)
13:21:56  src.cpcv.tuning  INFO      logistic: 19 completed, 11 pruned (of 30 total) — best log_loss=0.6851, params={'C': 0.19199250652368005, 'penalty': 'l1'}
13:21:56  src.cpcv.tuning  INFO    [tuning] logistic done in 0.6s — best log_loss=0.6851
13:21:56  src.cpcv.tuning  INFO  Tuning total: 0.6s
13:21:56  src.cpcv.pipeline  INFO      applied logistic: {'C': 0.19199250652368005, 'penalty': 'l1'}
13:21:56  src.cpcv.pipeline  INFO    [ 76/84]             logistic (seed=0) F1=0.494  AUC=0.483  LL=0.6989 (0.0s)
13:21:56  src.cpcv.pipeline  INFO    [ 77/84]             logistic (seed=1) F1=0.494  AUC=0.483  LL=0.6989 (0.0s)
13:21:56  src.cpcv.pipeline  INFO    [ 78/84]             logistic (seed=2) F1=0.494  AUC=0.483  LL=0.6989 (0.0s)
13:21:56  src.cpcv.preprocessing  INFO  Computing MDA (Random Forest)...
13:22:28  src.cpcv.preprocessing  INFO  Computing MDA (Logistic Regression)...
13:22:29  src.cpcv.preprocessing  INFO  Multi-model MDA: 31/73 passed (MDA > 0), 42 eliminated
13:22:29  src.cpcv.preprocessing  INFO    Capped at 14 features (top_k_frac=0.2)
13:22:29  src.cpcv.preprocessing  INFO    Selected (14): ['active_addr_roc_14', 'bb_width', 'eth_btc_ratio', 'exchange_supply_pct', 'gold_ret_14', 'log_returns_lag1', 'log_returns_lag2', 'log_returns_lag6', 'log_returns_lag7', 'natgas_ret_14', 'shannon_entropy', 'stoch_k', 'us10y', 'vix']
13:22:29  src.cpcv.pipeline  INFO    Preprocessing: 14 features selected, train=531 + val=66 + cal=67, test=292
13:22:29  src.cpcv.tuning  INFO  Tuning (1 model) — Optuna TPE + Purged K-Fold (inner: 3 folds, embargo=10 obs)
13:22:29  src.cpcv.tuning  INFO    [tuning] logistic: 3 purged K-fold splits, 30 Optuna trials (TPE)
13:22:29  src.cpcv.tuning  INFO      logistic: 20 completed, 10 pruned (of 30 total) — best log_loss=0.6894, params={'C': 0.12173252504194051, 'penalty': 'l1'}
13:22:29  src.cpcv.tuning  INFO    [tuning] logistic done in 0.5s — best log_loss=0.6894
13:22:29  src.cpcv.tuning  INFO  Tuning total: 0.5s
13:22:29  src.cpcv.pipeline  INFO      applied logistic: {'C': 0.12173252504194051, 'penalty': 'l1'}
13:22:29  src.cpcv.pipeline  INFO    [ 79/84]             logistic (seed=0) F1=0.365  AUC=0.538  LL=0.7007 (0.0s)
13:22:29  src.cpcv.pipeline  INFO    [ 80/84]             logistic (seed=1) F1=0.365  AUC=0.538  LL=0.7007 (0.0s)
13:22:29  src.cpcv.pipeline  INFO    [ 81/84]             logistic (seed=2) F1=0.365  AUC=0.538  LL=0.7007 (0.0s)
13:22:30  src.cpcv.preprocessing  INFO  Computing MDA (Random Forest)...
13:23:00  src.cpcv.preprocessing  INFO  Computing MDA (Logistic Regression)...
13:23:01  src.cpcv.preprocessing  INFO  Multi-model MDA: 38/73 passed (MDA > 0), 35 eliminated
13:23:01  src.cpcv.preprocessing  INFO    Capped at 14 features (top_k_frac=0.2)
13:23:01  src.cpcv.preprocessing  INFO    Selected (14): ['dxy_roc_30', 'exchange_supply_pct', 'hurst', 'log_returns_lag1', 'log_returns_lag4', 'macd_signal', 'roc_14', 'silver_ret_30', 'skewness', 'smt_exp', 'stoch_d', 'williams_r', 'yield_curve_2y10y', 'yz_vol']
13:23:01  src.cpcv.pipeline  INFO    Preprocessing: 14 features selected, train=540 + val=68 + cal=68, test=292
13:23:01  src.cpcv.tuning  INFO  Tuning (1 model) — Optuna TPE + Purged K-Fold (inner: 3 folds, embargo=10 obs)
13:23:01  src.cpcv.tuning  INFO    [tuning] logistic: 3 purged K-fold splits, 30 Optuna trials (TPE)
13:23:02  src.cpcv.tuning  INFO      logistic: 27 completed, 3 pruned (of 30 total) — best log_loss=0.6931, params={'C': 0.017670169402947963, 'penalty': 'l1'}
13:23:02  src.cpcv.tuning  INFO    [tuning] logistic done in 0.5s — best log_loss=0.6931
13:23:02  src.cpcv.tuning  INFO  Tuning total: 0.5s
13:23:02  src.cpcv.pipeline  INFO      applied logistic: {'C': 0.017670169402947963, 'penalty': 'l1'}
13:23:02  src.cpcv.pipeline  INFO    [ 82/84]             logistic (seed=0) F1=0.305  AUC=0.500  LL=0.7512 (0.0s)
13:23:02  src.cpcv.pipeline  INFO    [ 83/84]             logistic (seed=1) F1=0.305  AUC=0.500  LL=0.7512 (0.0s)
13:23:02  src.cpcv.pipeline  INFO    [ 84/84]             logistic (seed=2) F1=0.305  AUC=0.500  LL=0.7512 (0.0s)
13:23:02  src.cpcv.pipeline  INFO  ============================================================
13:23:02  src.cpcv.pipeline  INFO  CPCV Pipeline Complete
13:23:02  src.cpcv.pipeline  INFO  ============================================================
13:23:02  src.cpcv.pipeline  INFO    Total time:     966.8s (16.1m)
13:23:02  src.cpcv.pipeline  INFO    Tasks:          84 succeeded, 0 failed
13:23:02  src.cpcv.pipeline  INFO    Results keys:   84 (model, split, seed) entries
13:23:02  src.cpcv.pipeline  INFO    Backtest paths: 7
13:23:02  src.cpcv.pipeline  INFO    Tuning:         nested (per-split), 28 splits tuned, models=['logistic']
13:23:02  src.cpcv.pipeline  INFO  ============================================================
13:23:02  src.cpcv.pipeline  INFO  ============================================================
13:23:02  src.cpcv.pipeline  INFO  CPCV Pipeline
13:23:02  src.cpcv.pipeline  INFO  ============================================================
13:23:02  src.cpcv.pipeline  INFO    Models:         ['random_forest', 'xgboost']
13:23:02  src.cpcv.pipeline  INFO    Seeds/fold:     3
13:23:02  src.cpcv.pipeline  INFO    Groups (N):     8
13:23:02  src.cpcv.pipeline  INFO    Test groups (k):2
13:23:02  src.cpcv.pipeline  INFO    Embargo:        1.0%
13:23:02  src.cpcv.pipeline  INFO    FFD columns:    ['atr']
13:23:02  src.cpcv.pipeline  INFO    Samples:        1168
13:23:02  src.cpcv.pipeline  INFO    Features:       73
13:23:02  src.cpcv.pipeline  INFO    Splits:         28, Paths: 7
13:23:02  src.cpcv.pipeline  INFO    Tuning:         NESTED (per-split) — ['random_forest', 'xgboost'] [30 trials]
13:23:02  src.cpcv.pipeline  INFO  ============================================================
13:23:03  src.cpcv.preprocessing  INFO  Computing MDA (Random Forest)...
13:23:37  src.cpcv.preprocessing  INFO  Computing MDA (Logistic Regression)...
13:23:38  src.cpcv.preprocessing  INFO  Multi-model MDA: 31/73 passed (MDA > 0), 42 eliminated
13:23:38  src.cpcv.preprocessing  INFO    Capped at 14 features (top_k_frac=0.2)
13:23:38  src.cpcv.preprocessing  INFO    Selected (14): ['ema_ratio_20_50', 'eth_btc_ratio', 'exchange_supply_pct', 'jarque_bera', 'log_returns', 'log_returns_lag6', 'macd_hist', 'natgas_ret_30', 'skewness', 'smt_exp', 'sp500_ret_30', 'variance_ratio', 'vix', 'yield_curve_2y10y']
13:23:38  src.cpcv.pipeline  INFO    Preprocessing: 14 features selected, train=692 + val=86 + cal=87, test=93
13:23:38  src.cpcv.tuning  INFO  Tuning (2 models) — Optuna TPE + Purged K-Fold (inner: 3 folds, embargo=10 obs)
13:23:38  src.cpcv.tuning  INFO    [tuning] random_forest: 3 purged K-fold splits, 30 Optuna trials (TPE)
13:24:33  src.cpcv.tuning  INFO      random_forest: 30 completed, 0 pruned (of 30 total) — best log_loss=0.6849, params={'n_estimators': 250, 'max_depth': 3, 'min_samples_leaf': 15, 'max_features': 'log2'}
13:24:33  src.cpcv.tuning  INFO    [tuning] random_forest done in 55.6s — best log_loss=0.6849
13:24:33  src.cpcv.tuning  INFO    [tuning] xgboost: 3 purged K-fold splits, 30 Optuna trials (TPE)
13:24:38  src.cpcv.tuning  INFO      xgboost: 27 completed, 3 pruned (of 30 total) — best log_loss=0.6796, params={'max_depth': 3, 'learning_rate': 0.10548762463164836, 'min_child_weight': 5, 'subsample': 0.8578694741072341, 'colsample_bytree': 0.6052561262871233, 'gamma': 8.261238326911013e-06, 'reg_alpha': 2.333197863751798e-07, 'reg_lambda': 2.819040782865536e-06}
13:24:38  src.cpcv.tuning  INFO    [tuning] xgboost done in 4.9s — best log_loss=0.6796
13:24:38  src.cpcv.tuning  INFO  Tuning total: 60.5s
13:24:38  src.cpcv.pipeline  INFO      applied random_forest: {'n_estimators': 250, 'max_depth': 3, 'min_samples_leaf': 15, 'max_features': 'log2'}
13:24:38  src.cpcv.pipeline  INFO      applied xgboost: {'max_depth': 3, 'learning_rate': 0.10548762463164836, 'min_child_weight': 5, 'subsample': 0.8578694741072341, 'colsample_bytree': 0.6052561262871233, 'gamma': 8.261238326911013e-06, 'reg_alpha': 2.333197863751798e-07, 'reg_lambda': 2.819040782865536e-06}
13:24:39  src.cpcv.models.tree_models  INFO  RandomForest fitted: 692 samples, 14 features, 250 trees.
13:24:39  src.cpcv.pipeline  INFO    [  1/168]        random_forest (seed=0) F1=0.436  AUC=0.517  LL=1.3158 (0.8s)
13:24:40  src.cpcv.models.tree_models  INFO  RandomForest fitted: 692 samples, 14 features, 250 trees.
13:24:40  src.cpcv.pipeline  INFO    [  2/168]        random_forest (seed=1) F1=0.462  AUC=0.519  LL=1.1138 (0.7s)
13:24:40  src.cpcv.models.tree_models  INFO  RandomForest fitted: 692 samples, 14 features, 250 trees.
13:24:41  src.cpcv.pipeline  INFO    [  3/168]        random_forest (seed=2) F1=0.418  AUC=0.522  LL=0.9706 (0.7s)
13:24:41  src.cpcv.models.tree_models  INFO  XGBoost fitted: 692 samples, early stopped at iteration 0/300.
13:24:41  src.cpcv.pipeline  INFO    [  4/168]              xgboost (seed=0) F1=0.524  AUC=0.543  LL=0.7243 (0.0s)
13:24:41  src.cpcv.models.tree_models  INFO  XGBoost fitted: 692 samples, early stopped at iteration 22/300.
13:24:41  src.cpcv.pipeline  INFO    [  5/168]              xgboost (seed=1) F1=0.413  AUC=0.477  LL=0.8822 (0.1s)
13:24:41  src.cpcv.models.tree_models  INFO  XGBoost fitted: 692 samples, early stopped at iteration 1/300.
13:24:41  src.cpcv.pipeline  INFO    [  6/168]              xgboost (seed=2) F1=0.524  AUC=0.509  LL=0.7314 (0.0s)
13:24:41  src.cpcv.preprocessing  INFO  Computing MDA (Random Forest)...
13:25:22  src.cpcv.preprocessing  INFO  Computing MDA (Logistic Regression)...
13:25:24  src.cpcv.preprocessing  INFO  Multi-model MDA: 39/73 passed (MDA > 0), 34 eliminated
13:25:24  src.cpcv.preprocessing  INFO    Capped at 14 features (top_k_frac=0.2)
13:25:24  src.cpcv.preprocessing  INFO    Selected (14): ['cci_14', 'copper_ret_14', 'ema_ratio_50_200', 'gk_vol', 'gold_ret_30', 'log_returns', 'natgas_ret_30', 'oil_ret_14', 'oil_ret_30', 'roc_14', 'rsi', 'silver_ret_30', 'stoch_d', 'yz_vol']
13:25:24  src.cpcv.pipeline  INFO    Preprocessing: 14 features selected, train=647 + val=81 + cal=81, test=146
13:25:24  src.cpcv.tuning  INFO  Tuning (2 models) — Optuna TPE + Purged K-Fold (inner: 3 folds, embargo=10 obs)
13:25:24  src.cpcv.tuning  INFO    [tuning] random_forest: 3 purged K-fold splits, 30 Optuna trials (TPE)
13:26:18  src.cpcv.tuning  INFO      random_forest: 17 completed, 13 pruned (of 30 total) — best log_loss=0.6924, params={'n_estimators': 250, 'max_depth': 2, 'min_samples_leaf': 28, 'max_features': 'sqrt'}
13:26:18  src.cpcv.tuning  INFO    [tuning] random_forest done in 54.2s — best log_loss=0.6924
13:26:18  src.cpcv.tuning  INFO    [tuning] xgboost: 3 purged K-fold splits, 30 Optuna trials (TPE)
13:26:25  src.cpcv.tuning  INFO      xgboost: 21 completed, 9 pruned (of 30 total) — best log_loss=0.6869, params={'max_depth': 3, 'learning_rate': 0.026506208132113816, 'min_child_weight': 11, 'subsample': 0.7315751205938147, 'colsample_bytree': 0.737691866387846, 'gamma': 1.3164522362018948e-05, 'reg_alpha': 0.007408737160329833, 'reg_lambda': 0.000160277846234617}
13:26:25  src.cpcv.tuning  INFO    [tuning] xgboost done in 6.5s — best log_loss=0.6869
13:26:25  src.cpcv.tuning  INFO  Tuning total: 60.7s
13:26:25  src.cpcv.pipeline  INFO      applied random_forest: {'n_estimators': 250, 'max_depth': 2, 'min_samples_leaf': 28, 'max_features': 'sqrt'}
13:26:25  src.cpcv.pipeline  INFO      applied xgboost: {'max_depth': 3, 'learning_rate': 0.026506208132113816, 'min_child_weight': 11, 'subsample': 0.7315751205938147, 'colsample_bytree': 0.737691866387846, 'gamma': 1.3164522362018948e-05, 'reg_alpha': 0.007408737160329833, 'reg_lambda': 0.000160277846234617}
13:26:26  src.cpcv.models.tree_models  INFO  RandomForest fitted: 647 samples, 14 features, 250 trees.
13:26:26  src.cpcv.pipeline  INFO    [  7/168]        random_forest (seed=0) F1=0.318  AUC=0.522  LL=0.6974 (1.1s)
13:26:27  src.cpcv.models.tree_models  INFO  RandomForest fitted: 647 samples, 14 features, 250 trees.
13:26:27  src.cpcv.pipeline  INFO    [  8/168]        random_forest (seed=1) F1=0.318  AUC=0.483  LL=0.6961 (1.0s)
13:26:28  src.cpcv.models.tree_models  INFO  RandomForest fitted: 647 samples, 14 features, 250 trees.
13:26:28  src.cpcv.pipeline  INFO    [  9/168]        random_forest (seed=2) F1=0.329  AUC=0.541  LL=0.7031 (1.1s)
13:26:28  src.cpcv.models.tree_models  INFO  XGBoost fitted: 647 samples, early stopped at iteration 2/300.
13:26:28  src.cpcv.pipeline  INFO    [ 10/168]              xgboost (seed=0) F1=0.490  AUC=0.554  LL=0.7067 (0.1s)
13:26:28  src.cpcv.models.tree_models  INFO  XGBoost fitted: 647 samples, early stopped at iteration 26/300.
13:26:28  src.cpcv.pipeline  INFO    [ 11/168]              xgboost (seed=1) F1=0.332  AUC=0.520  LL=0.7006 (0.1s)
13:26:28  src.cpcv.models.tree_models  INFO  XGBoost fitted: 647 samples, early stopped at iteration 25/300.
13:26:28  src.cpcv.pipeline  INFO    [ 12/168]              xgboost (seed=2) F1=0.325  AUC=0.523  LL=0.7038 (0.1s)
13:26:29  src.cpcv.preprocessing  INFO  Computing MDA (Random Forest)...
13:27:11  src.cpcv.preprocessing  INFO  Computing MDA (Logistic Regression)...
13:27:13  src.cpcv.preprocessing  INFO  Multi-model MDA: 36/73 passed (MDA > 0), 37 eliminated
13:27:13  src.cpcv.preprocessing  INFO    Capped at 14 features (top_k_frac=0.2)
13:27:13  src.cpcv.preprocessing  INFO    Selected (14): ['atr', 'cci_14', 'dxy_roc_30', 'ema_ratio_20_50', 'eth_btc_ratio', 'log_returns', 'log_returns_lag1', 'log_returns_lag5', 'log_returns_lag6', 'mvrv', 'natgas_ret_30', 'oil_ret_14', 'smt_poly1', 'stoch_d']
13:27:13  src.cpcv.pipeline  INFO    Preprocessing: 14 features selected, train=648 + val=81 + cal=82, test=146
13:27:13  src.cpcv.tuning  INFO  Tuning (2 models) — Optuna TPE + Purged K-Fold (inner: 3 folds, embargo=10 obs)
13:27:13  src.cpcv.tuning  INFO    [tuning] random_forest: 3 purged K-fold splits, 30 Optuna trials (TPE)
13:28:16  src.cpcv.tuning  INFO      random_forest: 19 completed, 11 pruned (of 30 total) — best log_loss=0.6816, params={'n_estimators': 250, 'max_depth': 3, 'min_samples_leaf': 17, 'max_features': 'sqrt'}
13:28:16  src.cpcv.tuning  INFO    [tuning] random_forest done in 62.9s — best log_loss=0.6816
13:28:16  src.cpcv.tuning  INFO    [tuning] xgboost: 3 purged K-fold splits, 30 Optuna trials (TPE)
13:28:21  src.cpcv.tuning  INFO      xgboost: 15 completed, 15 pruned (of 30 total) — best log_loss=0.6761, params={'max_depth': 3, 'learning_rate': 0.1746819389124063, 'min_child_weight': 5, 'subsample': 0.8497933646865512, 'colsample_bytree': 0.7941584974522142, 'gamma': 1.2468069472596827e-06, 'reg_alpha': 4.648765661147272e-07, 'reg_lambda': 7.831858876558276e-07}
13:28:21  src.cpcv.tuning  INFO    [tuning] xgboost done in 5.0s — best log_loss=0.6761
13:28:21  src.cpcv.tuning  INFO  Tuning total: 67.9s
13:28:21  src.cpcv.pipeline  INFO      applied random_forest: {'n_estimators': 250, 'max_depth': 3, 'min_samples_leaf': 17, 'max_features': 'sqrt'}
13:28:21  src.cpcv.pipeline  INFO      applied xgboost: {'max_depth': 3, 'learning_rate': 0.1746819389124063, 'min_child_weight': 5, 'subsample': 0.8497933646865512, 'colsample_bytree': 0.7941584974522142, 'gamma': 1.2468069472596827e-06, 'reg_alpha': 4.648765661147272e-07, 'reg_lambda': 7.831858876558276e-07}
13:28:22  src.cpcv.models.tree_models  INFO  RandomForest fitted: 648 samples, 14 features, 250 trees.
13:28:22  src.cpcv.pipeline  INFO    [ 13/168]        random_forest (seed=0) F1=0.345  AUC=0.527  LL=0.7090 (1.2s)
13:28:23  src.cpcv.models.tree_models  INFO  RandomForest fitted: 648 samples, 14 features, 250 trees.
13:28:23  src.cpcv.pipeline  INFO    [ 14/168]        random_forest (seed=1) F1=0.403  AUC=0.556  LL=0.7025 (1.2s)
13:28:24  src.cpcv.models.tree_models  INFO  RandomForest fitted: 648 samples, 14 features, 250 trees.
13:28:24  src.cpcv.pipeline  INFO    [ 15/168]        random_forest (seed=2) F1=0.399  AUC=0.504  LL=0.7104 (1.2s)
13:28:24  src.cpcv.models.tree_models  INFO  XGBoost fitted: 648 samples, early stopped at iteration 2/300.
13:28:24  src.cpcv.pipeline  INFO    [ 16/168]              xgboost (seed=0) F1=0.440  AUC=0.441  LL=0.7031 (0.1s)
13:28:24  src.cpcv.models.tree_models  INFO  XGBoost fitted: 648 samples, early stopped at iteration 4/300.
13:28:25  src.cpcv.pipeline  INFO    [ 17/168]              xgboost (seed=1) F1=0.493  AUC=0.535  LL=0.7099 (0.1s)
13:28:25  src.cpcv.models.tree_models  INFO  XGBoost fitted: 648 samples, early stopped at iteration 6/300.
13:28:25  src.cpcv.pipeline  INFO    [ 18/168]              xgboost (seed=2) F1=0.392  AUC=0.493  LL=0.6899 (0.1s)
13:28:25  src.cpcv.preprocessing  INFO  Computing MDA (Random Forest)...
13:29:10  src.cpcv.preprocessing  INFO  Computing MDA (Logistic Regression)...
13:29:11  src.cpcv.preprocessing  INFO  Multi-model MDA: 39/73 passed (MDA > 0), 34 eliminated
13:29:11  src.cpcv.preprocessing  INFO    Capped at 14 features (top_k_frac=0.2)
13:29:11  src.cpcv.preprocessing  INFO    Selected (14): ['atr', 'cci_14', 'eth_btc_ratio', 'hashrate_roc_30', 'log_returns_lag21', 'lz_complexity', 'mvrv', 'natgas_ret_30', 'realized_vol', 'sadf', 'sp500_ret_14', 'tx_count_roc_14', 'variance_ratio', 'vix']
13:29:11  src.cpcv.pipeline  INFO    Preprocessing: 14 features selected, train=648 + val=81 + cal=82, test=146
13:29:11  src.cpcv.tuning  INFO  Tuning (2 models) — Optuna TPE + Purged K-Fold (inner: 3 folds, embargo=10 obs)
13:29:11  src.cpcv.tuning  INFO    [tuning] random_forest: 3 purged K-fold splits, 30 Optuna trials (TPE)
13:30:06  src.cpcv.tuning  INFO      random_forest: 27 completed, 3 pruned (of 30 total) — best log_loss=0.6912, params={'n_estimators': 100, 'max_depth': 2, 'min_samples_leaf': 33, 'max_features': 'sqrt'}
13:30:06  src.cpcv.tuning  INFO    [tuning] random_forest done in 55.2s — best log_loss=0.6912
13:30:06  src.cpcv.tuning  INFO    [tuning] xgboost: 3 purged K-fold splits, 30 Optuna trials (TPE)
13:30:11  src.cpcv.tuning  INFO      xgboost: 24 completed, 6 pruned (of 30 total) — best log_loss=0.6857, params={'max_depth': 3, 'learning_rate': 0.09158428936027754, 'min_child_weight': 13, 'subsample': 0.7750317173089077, 'colsample_bytree': 0.7592458533791714, 'gamma': 2.6765194709714365e-06, 'reg_alpha': 0.00011151056118464663, 'reg_lambda': 5.584841691074239e-06}
13:30:11  src.cpcv.tuning  INFO    [tuning] xgboost done in 4.3s — best log_loss=0.6857
13:30:11  src.cpcv.tuning  INFO  Tuning total: 59.4s
13:30:11  src.cpcv.pipeline  INFO      applied random_forest: {'n_estimators': 100, 'max_depth': 2, 'min_samples_leaf': 33, 'max_features': 'sqrt'}
13:30:11  src.cpcv.pipeline  INFO      applied xgboost: {'max_depth': 3, 'learning_rate': 0.09158428936027754, 'min_child_weight': 13, 'subsample': 0.7750317173089077, 'colsample_bytree': 0.7592458533791714, 'gamma': 2.6765194709714365e-06, 'reg_alpha': 0.00011151056118464663, 'reg_lambda': 5.584841691074239e-06}
13:30:11  src.cpcv.models.tree_models  INFO  RandomForest fitted: 648 samples, 14 features, 100 trees.
13:30:11  src.cpcv.pipeline  INFO    [ 19/168]        random_forest (seed=0) F1=0.488  AUC=0.545  LL=0.6747 (0.4s)
13:30:11  src.cpcv.models.tree_models  INFO  RandomForest fitted: 648 samples, 14 features, 100 trees.
13:30:12  src.cpcv.pipeline  INFO    [ 20/168]        random_forest (seed=1) F1=0.503  AUC=0.573  LL=0.6753 (0.4s)
13:30:12  src.cpcv.models.tree_models  INFO  RandomForest fitted: 648 samples, 14 features, 100 trees.
13:30:12  src.cpcv.pipeline  INFO    [ 21/168]        random_forest (seed=2) F1=0.477  AUC=0.504  LL=0.6836 (0.4s)
13:30:12  src.cpcv.models.tree_models  INFO  XGBoost fitted: 648 samples, early stopped at iteration 0/300.
13:30:12  src.cpcv.pipeline  INFO    [ 22/168]              xgboost (seed=0) F1=0.425  AUC=0.515  LL=0.6831 (0.0s)
13:30:12  src.cpcv.models.tree_models  INFO  XGBoost fitted: 648 samples, early stopped at iteration 2/300.
13:30:12  src.cpcv.pipeline  INFO    [ 23/168]              xgboost (seed=1) F1=0.379  AUC=0.430  LL=0.6984 (0.0s)
13:30:12  src.cpcv.models.tree_models  INFO  XGBoost fitted: 648 samples, early stopped at iteration 0/300.
13:30:12  src.cpcv.pipeline  INFO    [ 24/168]              xgboost (seed=2) F1=0.325  AUC=0.506  LL=0.6973 (0.0s)
13:30:12  src.cpcv.preprocessing  INFO  Computing MDA (Random Forest)...
13:30:51  src.cpcv.preprocessing  INFO  Computing MDA (Logistic Regression)...
13:30:53  src.cpcv.preprocessing  INFO  Multi-model MDA: 36/73 passed (MDA > 0), 37 eliminated
13:30:53  src.cpcv.preprocessing  INFO    Capped at 14 features (top_k_frac=0.2)
13:30:53  src.cpcv.preprocessing  INFO    Selected (14): ['active_addr_roc_14', 'atr', 'eth_btc_ratio', 'exchange_supply_pct', 'issuance_ntv', 'log_returns_lag1', 'log_returns_lag5', 'log_returns_lag7', 'obv', 'oil_ret_14', 'roc_14', 'skewness', 'smt_exp', 'vix']
13:30:53  src.cpcv.pipeline  INFO    Preprocessing: 14 features selected, train=648 + val=81 + cal=82, test=146
13:30:53  src.cpcv.tuning  INFO  Tuning (2 models) — Optuna TPE + Purged K-Fold (inner: 3 folds, embargo=10 obs)
13:30:53  src.cpcv.tuning  INFO    [tuning] random_forest: 3 purged K-fold splits, 30 Optuna trials (TPE)
13:31:39  src.cpcv.tuning  INFO      random_forest: 18 completed, 12 pruned (of 30 total) — best log_loss=0.6777, params={'n_estimators': 250, 'max_depth': 4, 'min_samples_leaf': 15, 'max_features': 'sqrt'}
13:31:39  src.cpcv.tuning  INFO    [tuning] random_forest done in 45.9s — best log_loss=0.6777
13:31:39  src.cpcv.tuning  INFO    [tuning] xgboost: 3 purged K-fold splits, 30 Optuna trials (TPE)
13:31:44  src.cpcv.tuning  INFO      xgboost: 17 completed, 13 pruned (of 30 total) — best log_loss=0.6706, params={'max_depth': 2, 'learning_rate': 0.2903271674424472, 'min_child_weight': 13, 'subsample': 0.9474824833617431, 'colsample_bytree': 0.820560542547741, 'gamma': 1.0285731528233265e-08, 'reg_alpha': 0.0222683952810966, 'reg_lambda': 5.139558275919054e-05}
13:31:44  src.cpcv.tuning  INFO    [tuning] xgboost done in 5.3s — best log_loss=0.6706
13:31:44  src.cpcv.tuning  INFO  Tuning total: 51.2s
13:31:44  src.cpcv.pipeline  INFO      applied random_forest: {'n_estimators': 250, 'max_depth': 4, 'min_samples_leaf': 15, 'max_features': 'sqrt'}
13:31:44  src.cpcv.pipeline  INFO      applied xgboost: {'max_depth': 2, 'learning_rate': 0.2903271674424472, 'min_child_weight': 13, 'subsample': 0.9474824833617431, 'colsample_bytree': 0.820560542547741, 'gamma': 1.0285731528233265e-08, 'reg_alpha': 0.0222683952810966, 'reg_lambda': 5.139558275919054e-05}
13:31:45  src.cpcv.models.tree_models  INFO  RandomForest fitted: 648 samples, 14 features, 250 trees.
13:31:45  src.cpcv.pipeline  INFO    [ 25/168]        random_forest (seed=0) F1=0.568  AUC=0.581  LL=0.7336 (0.9s)
13:31:46  src.cpcv.models.tree_models  INFO  RandomForest fitted: 648 samples, 14 features, 250 trees.
13:31:46  src.cpcv.pipeline  INFO    [ 26/168]        random_forest (seed=1) F1=0.596  AUC=0.575  LL=0.7238 (0.8s)
13:31:47  src.cpcv.models.tree_models  INFO  RandomForest fitted: 648 samples, 14 features, 250 trees.
13:31:47  src.cpcv.pipeline  INFO    [ 27/168]        random_forest (seed=2) F1=0.552  AUC=0.576  LL=0.7231 (0.7s)
13:31:47  src.cpcv.models.tree_models  INFO  XGBoost fitted: 648 samples, early stopped at iteration 5/300.
13:31:47  src.cpcv.pipeline  INFO    [ 28/168]              xgboost (seed=0) F1=0.545  AUC=0.565  LL=0.7122 (0.1s)
13:31:47  src.cpcv.models.tree_models  INFO  XGBoost fitted: 648 samples, early stopped at iteration 1/300.
13:31:47  src.cpcv.pipeline  INFO    [ 29/168]              xgboost (seed=1) F1=0.651  AUC=0.642  LL=0.6665 (0.1s)
13:31:47  src.cpcv.models.tree_models  INFO  XGBoost fitted: 648 samples, early stopped at iteration 2/300.
13:31:47  src.cpcv.pipeline  INFO    [ 30/168]              xgboost (seed=2) F1=0.589  AUC=0.581  LL=0.7833 (0.0s)
13:31:47  src.cpcv.preprocessing  INFO  Computing MDA (Random Forest)...
13:32:28  src.cpcv.preprocessing  INFO  Computing MDA (Logistic Regression)...
13:32:29  src.cpcv.preprocessing  INFO  Multi-model MDA: 40/73 passed (MDA > 0), 33 eliminated
13:32:29  src.cpcv.preprocessing  INFO    Capped at 14 features (top_k_frac=0.2)
13:32:29  src.cpcv.preprocessing  INFO    Selected (14): ['atr', 'chaikin_osc', 'eth_btc_ratio', 'hashrate_roc_30', 'jarque_bera', 'kurtosis', 'log_returns_lag30', 'log_returns_lag6', 'obv', 'silver_ret_30', 'variance_ratio', 'vol_term_7_30', 'vwma_ratio_20_50', 'yield_curve_2y10y']
13:32:29  src.cpcv.pipeline  INFO    Preprocessing: 14 features selected, train=648 + val=81 + cal=82, test=146
13:32:29  src.cpcv.tuning  INFO  Tuning (2 models) — Optuna TPE + Purged K-Fold (inner: 3 folds, embargo=10 obs)
13:32:29  src.cpcv.tuning  INFO    [tuning] random_forest: 3 purged K-fold splits, 30 Optuna trials (TPE)
13:33:15  src.cpcv.tuning  INFO      random_forest: 30 completed, 0 pruned (of 30 total) — best log_loss=0.6690, params={'n_estimators': 100, 'max_depth': 4, 'min_samples_leaf': 18, 'max_features': 'log2'}
13:33:15  src.cpcv.tuning  INFO    [tuning] random_forest done in 45.5s — best log_loss=0.6690
13:33:15  src.cpcv.tuning  INFO    [tuning] xgboost: 3 purged K-fold splits, 30 Optuna trials (TPE)
13:33:24  src.cpcv.tuning  INFO      xgboost: 18 completed, 12 pruned (of 30 total) — best log_loss=0.6692, params={'max_depth': 1, 'learning_rate': 0.07086076889481958, 'min_child_weight': 8, 'subsample': 0.8318214706241069, 'colsample_bytree': 0.93167540761546, 'gamma': 6.584306220108624e-07, 'reg_alpha': 5.268040017185826e-07, 'reg_lambda': 0.003038549462331328}
13:33:24  src.cpcv.tuning  INFO    [tuning] xgboost done in 9.2s — best log_loss=0.6692
13:33:24  src.cpcv.tuning  INFO  Tuning total: 54.8s
13:33:24  src.cpcv.pipeline  INFO      applied random_forest: {'n_estimators': 100, 'max_depth': 4, 'min_samples_leaf': 18, 'max_features': 'log2'}
13:33:24  src.cpcv.pipeline  INFO      applied xgboost: {'max_depth': 1, 'learning_rate': 0.07086076889481958, 'min_child_weight': 8, 'subsample': 0.8318214706241069, 'colsample_bytree': 0.93167540761546, 'gamma': 6.584306220108624e-07, 'reg_alpha': 5.268040017185826e-07, 'reg_lambda': 0.003038549462331328}
13:33:24  src.cpcv.models.tree_models  INFO  RandomForest fitted: 648 samples, 14 features, 100 trees.
13:33:24  src.cpcv.pipeline  INFO    [ 31/168]        random_forest (seed=0) F1=0.408  AUC=0.407  LL=0.6969 (0.5s)
13:33:25  src.cpcv.models.tree_models  INFO  RandomForest fitted: 648 samples, 14 features, 100 trees.
13:33:25  src.cpcv.pipeline  INFO    [ 32/168]        random_forest (seed=1) F1=0.464  AUC=0.454  LL=0.7005 (0.4s)
13:33:25  src.cpcv.models.tree_models  INFO  RandomForest fitted: 648 samples, 14 features, 100 trees.
13:33:25  src.cpcv.pipeline  INFO    [ 33/168]        random_forest (seed=2) F1=0.430  AUC=0.455  LL=0.7186 (0.4s)
13:33:25  src.cpcv.models.tree_models  INFO  XGBoost fitted: 648 samples, early stopped at iteration 83/300.
13:33:25  src.cpcv.pipeline  INFO    [ 34/168]              xgboost (seed=0) F1=0.360  AUC=0.570  LL=0.6810 (0.1s)
13:33:25  src.cpcv.models.tree_models  INFO  XGBoost fitted: 648 samples, early stopped at iteration 87/300.
13:33:25  src.cpcv.pipeline  INFO    [ 35/168]              xgboost (seed=1) F1=0.360  AUC=0.565  LL=0.6829 (0.1s)
13:33:26  src.cpcv.models.tree_models  INFO  XGBoost fitted: 648 samples, early stopped at iteration 122/300.
13:33:26  src.cpcv.pipeline  INFO    [ 36/168]              xgboost (seed=2) F1=0.360  AUC=0.580  LL=0.6786 (0.2s)
13:33:26  src.cpcv.preprocessing  INFO  Computing MDA (Random Forest)...
13:34:05  src.cpcv.preprocessing  INFO  Computing MDA (Logistic Regression)...
13:34:06  src.cpcv.preprocessing  INFO  Multi-model MDA: 40/73 passed (MDA > 0), 33 eliminated
13:34:06  src.cpcv.preprocessing  INFO    Capped at 14 features (top_k_frac=0.2)
13:34:06  src.cpcv.preprocessing  INFO    Selected (14): ['active_addr_roc_14', 'chaikin_osc', 'copper_ret_14', 'hashrate_roc_30', 'hurst', 'kurtosis', 'log_returns', 'log_returns_lag3', 'realized_vol', 'us10y', 'variance_ratio', 'vix', 'williams_r', 'yield_curve_2y10y']
13:34:06  src.cpcv.pipeline  INFO    Preprocessing: 14 features selected, train=657 + val=82 + cal=83, test=146
13:34:06  src.cpcv.tuning  INFO  Tuning (2 models) — Optuna TPE + Purged K-Fold (inner: 3 folds, embargo=10 obs)
13:34:06  src.cpcv.tuning  INFO    [tuning] random_forest: 3 purged K-fold splits, 30 Optuna trials (TPE)
13:34:53  src.cpcv.tuning  INFO      random_forest: 12 completed, 18 pruned (of 30 total) — best log_loss=0.6969, params={'n_estimators': 250, 'max_depth': 2, 'min_samples_leaf': 40, 'max_features': 'log2'}
13:34:53  src.cpcv.tuning  INFO    [tuning] random_forest done in 47.7s — best log_loss=0.6969
13:34:54  src.cpcv.tuning  INFO    [tuning] xgboost: 3 purged K-fold splits, 30 Optuna trials (TPE)
13:34:58  src.cpcv.tuning  INFO      xgboost: 21 completed, 9 pruned (of 30 total) — best log_loss=0.6834, params={'max_depth': 2, 'learning_rate': 0.16459309373110598, 'min_child_weight': 7, 'subsample': 0.6334160257978302, 'colsample_bytree': 0.874886963366182, 'gamma': 0.012604526291546693, 'reg_alpha': 0.01094099422781868, 'reg_lambda': 0.1444332896424378}
13:34:58  src.cpcv.tuning  INFO    [tuning] xgboost done in 4.4s — best log_loss=0.6834
13:34:58  src.cpcv.tuning  INFO  Tuning total: 52.0s
13:34:58  src.cpcv.pipeline  INFO      applied random_forest: {'n_estimators': 250, 'max_depth': 2, 'min_samples_leaf': 40, 'max_features': 'log2'}
13:34:58  src.cpcv.pipeline  INFO      applied xgboost: {'max_depth': 2, 'learning_rate': 0.16459309373110598, 'min_child_weight': 7, 'subsample': 0.6334160257978302, 'colsample_bytree': 0.874886963366182, 'gamma': 0.012604526291546693, 'reg_alpha': 0.01094099422781868, 'reg_lambda': 0.1444332896424378}
13:34:59  src.cpcv.models.tree_models  INFO  RandomForest fitted: 657 samples, 14 features, 250 trees.
13:34:59  src.cpcv.pipeline  INFO    [ 37/168]        random_forest (seed=0) F1=0.456  AUC=0.481  LL=0.6991 (0.8s)
13:34:59  src.cpcv.models.tree_models  INFO  RandomForest fitted: 657 samples, 14 features, 250 trees.
13:34:59  src.cpcv.pipeline  INFO    [ 38/168]        random_forest (seed=1) F1=0.444  AUC=0.482  LL=0.6946 (0.8s)
13:35:00  src.cpcv.models.tree_models  INFO  RandomForest fitted: 657 samples, 14 features, 250 trees.
13:35:00  src.cpcv.pipeline  INFO    [ 39/168]        random_forest (seed=2) F1=0.397  AUC=0.475  LL=0.6951 (1.0s)
13:35:00  src.cpcv.models.tree_models  INFO  XGBoost fitted: 657 samples, early stopped at iteration 0/300.
13:35:00  src.cpcv.pipeline  INFO    [ 40/168]              xgboost (seed=0) F1=0.473  AUC=0.492  LL=0.6988 (0.0s)
13:35:01  src.cpcv.models.tree_models  INFO  XGBoost fitted: 657 samples, early stopped at iteration 0/300.
13:35:01  src.cpcv.pipeline  INFO    [ 41/168]              xgboost (seed=1) F1=0.360  AUC=0.500  LL=0.6861 (0.0s)
13:35:01  src.cpcv.models.tree_models  INFO  XGBoost fitted: 657 samples, early stopped at iteration 0/300.
13:35:01  src.cpcv.pipeline  INFO    [ 42/168]              xgboost (seed=2) F1=0.360  AUC=0.561  LL=0.6815 (0.0s)
13:35:01  src.cpcv.preprocessing  INFO  Computing MDA (Random Forest)...
13:35:36  src.cpcv.preprocessing  INFO  Computing MDA (Logistic Regression)...
13:35:38  src.cpcv.preprocessing  INFO  Multi-model MDA: 37/73 passed (MDA > 0), 36 eliminated
13:35:38  src.cpcv.preprocessing  INFO    Capped at 14 features (top_k_frac=0.2)
13:35:38  src.cpcv.preprocessing  INFO    Selected (14): ['dxy_roc_30', 'gold_ret_30', 'log_returns', 'log_returns_lag2', 'log_returns_lag4', 'natgas_ret_30', 'negentropy', 'obv', 'rsi', 'silver_ret_30', 'skewness', 'tx_count_roc_14', 'us10y', 'us2y']
13:35:38  src.cpcv.pipeline  INFO    Preprocessing: 14 features selected, train=575 + val=72 + cal=72, test=239
13:35:38  src.cpcv.tuning  INFO  Tuning (2 models) — Optuna TPE + Purged K-Fold (inner: 3 folds, embargo=10 obs)
13:35:38  src.cpcv.tuning  INFO    [tuning] random_forest: 3 purged K-fold splits, 30 Optuna trials (TPE)
13:36:16  src.cpcv.tuning  INFO      random_forest: 21 completed, 9 pruned (of 30 total) — best log_loss=0.6916, params={'n_estimators': 100, 'max_depth': 3, 'min_samples_leaf': 19, 'max_features': 'log2'}
13:36:16  src.cpcv.tuning  INFO    [tuning] random_forest done in 38.1s — best log_loss=0.6916
13:36:16  src.cpcv.tuning  INFO    [tuning] xgboost: 3 purged K-fold splits, 30 Optuna trials (TPE)
13:36:21  src.cpcv.tuning  INFO      xgboost: 14 completed, 16 pruned (of 30 total) — best log_loss=0.6782, params={'max_depth': 2, 'learning_rate': 0.1899871893922031, 'min_child_weight': 24, 'subsample': 0.8864350112673354, 'colsample_bytree': 0.8105339198230278, 'gamma': 0.0003624464121508663, 'reg_alpha': 1.4937016512359448e-06, 'reg_lambda': 7.001972055920406e-08}
13:36:21  src.cpcv.tuning  INFO    [tuning] xgboost done in 4.8s — best log_loss=0.6782
13:36:21  src.cpcv.tuning  INFO  Tuning total: 42.9s
13:36:21  src.cpcv.pipeline  INFO      applied random_forest: {'n_estimators': 100, 'max_depth': 3, 'min_samples_leaf': 19, 'max_features': 'log2'}
13:36:21  src.cpcv.pipeline  INFO      applied xgboost: {'max_depth': 2, 'learning_rate': 0.1899871893922031, 'min_child_weight': 24, 'subsample': 0.8864350112673354, 'colsample_bytree': 0.8105339198230278, 'gamma': 0.0003624464121508663, 'reg_alpha': 1.4937016512359448e-06, 'reg_lambda': 7.001972055920406e-08}
13:36:21  src.cpcv.models.tree_models  INFO  RandomForest fitted: 575 samples, 14 features, 100 trees.
13:36:21  src.cpcv.pipeline  INFO    [ 43/168]        random_forest (seed=0) F1=0.453  AUC=0.511  LL=0.6926 (0.6s)
13:36:22  src.cpcv.models.tree_models  INFO  RandomForest fitted: 575 samples, 14 features, 100 trees.
13:36:22  src.cpcv.pipeline  INFO    [ 44/168]        random_forest (seed=1) F1=0.414  AUC=0.483  LL=0.6929 (0.5s)
13:36:22  src.cpcv.models.tree_models  INFO  RandomForest fitted: 575 samples, 14 features, 100 trees.
13:36:22  src.cpcv.pipeline  INFO    [ 45/168]        random_forest (seed=2) F1=0.471  AUC=0.485  LL=0.6929 (0.4s)
13:36:22  src.cpcv.models.tree_models  INFO  XGBoost fitted: 575 samples, early stopped at iteration 46/300.
13:36:22  src.cpcv.pipeline  INFO    [ 46/168]              xgboost (seed=0) F1=0.486  AUC=0.475  LL=0.6956 (0.1s)
13:36:22  src.cpcv.models.tree_models  INFO  XGBoost fitted: 575 samples, early stopped at iteration 24/300.
13:36:22  src.cpcv.pipeline  INFO    [ 47/168]              xgboost (seed=1) F1=0.489  AUC=0.497  LL=0.6946 (0.1s)
13:36:22  src.cpcv.models.tree_models  INFO  XGBoost fitted: 575 samples, early stopped at iteration 39/300.
13:36:22  src.cpcv.pipeline  INFO    [ 48/168]              xgboost (seed=2) F1=0.476  AUC=0.482  LL=0.6948 (0.1s)
13:36:23  src.cpcv.preprocessing  INFO  Computing MDA (Random Forest)...
13:36:57  src.cpcv.preprocessing  INFO  Computing MDA (Logistic Regression)...
13:36:58  src.cpcv.preprocessing  INFO  Multi-model MDA: 38/73 passed (MDA > 0), 35 eliminated
13:36:58  src.cpcv.preprocessing  INFO    Capped at 14 features (top_k_frac=0.2)
13:36:58  src.cpcv.preprocessing  INFO    Selected (14): ['cci_14', 'dxy_roc_30', 'eth_btc_ratio', 'hashrate_roc_30', 'jarque_bera', 'kurtosis', 'log_returns_lag2', 'log_returns_lag6', 'macd', 'macd_hist', 'natgas_ret_30', 'negentropy', 'us10y', 'vol_term_7_30']
13:36:58  src.cpcv.pipeline  INFO    Preprocessing: 14 features selected, train=565 + val=71 + cal=71, test=239
13:36:58  src.cpcv.tuning  INFO  Tuning (2 models) — Optuna TPE + Purged K-Fold (inner: 3 folds, embargo=10 obs)
13:36:58  src.cpcv.tuning  INFO    [tuning] random_forest: 3 purged K-fold splits, 30 Optuna trials (TPE)
13:37:53  src.cpcv.tuning  INFO      random_forest: 29 completed, 1 pruned (of 30 total) — best log_loss=0.6795, params={'n_estimators': 250, 'max_depth': 3, 'min_samples_leaf': 15, 'max_features': 'log2'}
13:37:53  src.cpcv.tuning  INFO    [tuning] random_forest done in 54.8s — best log_loss=0.6795
13:37:53  src.cpcv.tuning  INFO    [tuning] xgboost: 3 purged K-fold splits, 30 Optuna trials (TPE)
13:37:59  src.cpcv.tuning  INFO      xgboost: 23 completed, 7 pruned (of 30 total) — best log_loss=0.6659, params={'max_depth': 2, 'learning_rate': 0.11114989443094977, 'min_child_weight': 5, 'subsample': 0.9879639408647978, 'colsample_bytree': 0.9329770563201687, 'gamma': 4.997040685255803e-07, 'reg_alpha': 4.329370014459266e-07, 'reg_lambda': 4.4734294104626844e-07}
13:37:59  src.cpcv.tuning  INFO    [tuning] xgboost done in 6.0s — best log_loss=0.6659
13:37:59  src.cpcv.tuning  INFO  Tuning total: 60.8s
13:37:59  src.cpcv.pipeline  INFO      applied random_forest: {'n_estimators': 250, 'max_depth': 3, 'min_samples_leaf': 15, 'max_features': 'log2'}
13:37:59  src.cpcv.pipeline  INFO      applied xgboost: {'max_depth': 2, 'learning_rate': 0.11114989443094977, 'min_child_weight': 5, 'subsample': 0.9879639408647978, 'colsample_bytree': 0.9329770563201687, 'gamma': 4.997040685255803e-07, 'reg_alpha': 4.329370014459266e-07, 'reg_lambda': 4.4734294104626844e-07}
13:37:59  src.cpcv.models.tree_models  INFO  RandomForest fitted: 565 samples, 14 features, 250 trees.
13:38:00  src.cpcv.pipeline  INFO    [ 49/168]        random_forest (seed=0) F1=0.511  AUC=0.531  LL=0.6991 (0.9s)
13:38:00  src.cpcv.models.tree_models  INFO  RandomForest fitted: 565 samples, 14 features, 250 trees.
13:38:00  src.cpcv.pipeline  INFO    [ 50/168]        random_forest (seed=1) F1=0.483  AUC=0.531  LL=0.6902 (0.8s)
13:38:01  src.cpcv.models.tree_models  INFO  RandomForest fitted: 565 samples, 14 features, 250 trees.
13:38:01  src.cpcv.pipeline  INFO    [ 51/168]        random_forest (seed=2) F1=0.454  AUC=0.528  LL=0.6905 (0.8s)
13:38:01  src.cpcv.models.tree_models  INFO  XGBoost fitted: 565 samples, early stopped at iteration 1/300.
13:38:01  src.cpcv.pipeline  INFO    [ 52/168]              xgboost (seed=0) F1=0.368  AUC=0.526  LL=0.6909 (0.0s)
13:38:01  src.cpcv.models.tree_models  INFO  XGBoost fitted: 565 samples, early stopped at iteration 4/300.
13:38:01  src.cpcv.pipeline  INFO    [ 53/168]              xgboost (seed=1) F1=0.492  AUC=0.541  LL=0.7487 (0.1s)
13:38:01  src.cpcv.models.tree_models  INFO  XGBoost fitted: 565 samples, early stopped at iteration 2/300.
13:38:01  src.cpcv.pipeline  INFO    [ 54/168]              xgboost (seed=2) F1=0.368  AUC=0.526  LL=0.6909 (0.1s)
13:38:02  src.cpcv.preprocessing  INFO  Computing MDA (Random Forest)...
13:38:37  src.cpcv.preprocessing  INFO  Computing MDA (Logistic Regression)...
13:38:38  src.cpcv.preprocessing  INFO  Multi-model MDA: 37/73 passed (MDA > 0), 36 eliminated
13:38:38  src.cpcv.preprocessing  INFO    Capped at 14 features (top_k_frac=0.2)
13:38:38  src.cpcv.preprocessing  INFO    Selected (14): ['cci_14', 'chaikin_osc', 'dxy_roc_30', 'eth_btc_ratio', 'gold_ret_14', 'hashrate_roc_30', 'jarque_bera', 'log_returns_lag4', 'natgas_ret_30', 'roc_14', 'rsi', 'smt_exp', 'sp500_ret_14', 'williams_r']
13:38:38  src.cpcv.pipeline  INFO    Preprocessing: 14 features selected, train=565 + val=71 + cal=71, test=239
13:38:38  src.cpcv.tuning  INFO  Tuning (2 models) — Optuna TPE + Purged K-Fold (inner: 3 folds, embargo=10 obs)
13:38:38  src.cpcv.tuning  INFO    [tuning] random_forest: 3 purged K-fold splits, 30 Optuna trials (TPE)
13:39:25  src.cpcv.tuning  INFO      random_forest: 21 completed, 9 pruned (of 30 total) — best log_loss=0.6884, params={'n_estimators': 200, 'max_depth': 2, 'min_samples_leaf': 15, 'max_features': 'sqrt'}
13:39:25  src.cpcv.tuning  INFO    [tuning] random_forest done in 47.5s — best log_loss=0.6884
13:39:25  src.cpcv.tuning  INFO    [tuning] xgboost: 3 purged K-fold splits, 30 Optuna trials (TPE)
13:39:30  src.cpcv.tuning  INFO      xgboost: 24 completed, 6 pruned (of 30 total) — best log_loss=0.6846, params={'max_depth': 2, 'learning_rate': 0.07810518706734772, 'min_child_weight': 11, 'subsample': 0.8693386818617739, 'colsample_bytree': 0.8704439901788259, 'gamma': 3.107917270497719e-05, 'reg_alpha': 0.015321683356237866, 'reg_lambda': 0.00030468089368308873}
13:39:30  src.cpcv.tuning  INFO    [tuning] xgboost done in 4.7s — best log_loss=0.6846
13:39:30  src.cpcv.tuning  INFO  Tuning total: 52.1s
13:39:30  src.cpcv.pipeline  INFO      applied random_forest: {'n_estimators': 200, 'max_depth': 2, 'min_samples_leaf': 15, 'max_features': 'sqrt'}
13:39:30  src.cpcv.pipeline  INFO      applied xgboost: {'max_depth': 2, 'learning_rate': 0.07810518706734772, 'min_child_weight': 11, 'subsample': 0.8693386818617739, 'colsample_bytree': 0.8704439901788259, 'gamma': 3.107917270497719e-05, 'reg_alpha': 0.015321683356237866, 'reg_lambda': 0.00030468089368308873}
13:39:31  src.cpcv.models.tree_models  INFO  RandomForest fitted: 565 samples, 14 features, 200 trees.
13:39:31  src.cpcv.pipeline  INFO    [ 55/168]        random_forest (seed=0) F1=0.477  AUC=0.592  LL=0.7485 (0.8s)
13:39:31  src.cpcv.models.tree_models  INFO  RandomForest fitted: 565 samples, 14 features, 200 trees.
13:39:31  src.cpcv.pipeline  INFO    [ 56/168]        random_forest (seed=1) F1=0.497  AUC=0.587  LL=0.7200 (0.7s)
13:39:32  src.cpcv.models.tree_models  INFO  RandomForest fitted: 565 samples, 14 features, 200 trees.
13:39:32  src.cpcv.pipeline  INFO    [ 57/168]        random_forest (seed=2) F1=0.499  AUC=0.599  LL=0.7142 (0.7s)
13:39:32  src.cpcv.models.tree_models  INFO  XGBoost fitted: 565 samples, early stopped at iteration 25/300.
13:39:32  src.cpcv.pipeline  INFO    [ 58/168]              xgboost (seed=0) F1=0.375  AUC=0.486  LL=0.6854 (0.1s)
13:39:32  src.cpcv.models.tree_models  INFO  XGBoost fitted: 565 samples, early stopped at iteration 18/300.
13:39:32  src.cpcv.pipeline  INFO    [ 59/168]              xgboost (seed=1) F1=0.489  AUC=0.570  LL=0.6930 (0.1s)
13:39:32  src.cpcv.models.tree_models  INFO  XGBoost fitted: 565 samples, early stopped at iteration 8/300.
13:39:32  src.cpcv.pipeline  INFO    [ 60/168]              xgboost (seed=2) F1=0.396  AUC=0.494  LL=0.7192 (0.1s)
13:39:33  src.cpcv.preprocessing  INFO  Computing MDA (Random Forest)...
13:40:07  src.cpcv.preprocessing  INFO  Computing MDA (Logistic Regression)...
13:40:09  src.cpcv.preprocessing  INFO  Multi-model MDA: 37/73 passed (MDA > 0), 36 eliminated
13:40:09  src.cpcv.preprocessing  INFO    Capped at 14 features (top_k_frac=0.2)
13:40:09  src.cpcv.preprocessing  INFO    Selected (14): ['cci_14', 'ema_ratio_20_50', 'fee_per_tx', 'gold_ret_30', 'hashrate_roc_30', 'jarque_bera', 'log_returns', 'log_returns_lag6', 'mfi_14', 'natgas_ret_14', 'natgas_ret_30', 'silver_ret_30', 'skewness', 'sp500_ret_14']
13:40:09  src.cpcv.pipeline  INFO    Preprocessing: 14 features selected, train=565 + val=71 + cal=71, test=239
13:40:09  src.cpcv.tuning  INFO  Tuning (2 models) — Optuna TPE + Purged K-Fold (inner: 3 folds, embargo=10 obs)
13:40:09  src.cpcv.tuning  INFO    [tuning] random_forest: 3 purged K-fold splits, 30 Optuna trials (TPE)
13:40:54  src.cpcv.tuning  INFO      random_forest: 17 completed, 13 pruned (of 30 total) — best log_loss=0.6866, params={'n_estimators': 200, 'max_depth': 2, 'min_samples_leaf': 16, 'max_features': 'log2'}
13:40:54  src.cpcv.tuning  INFO    [tuning] random_forest done in 44.9s — best log_loss=0.6866
13:40:54  src.cpcv.tuning  INFO    [tuning] xgboost: 3 purged K-fold splits, 30 Optuna trials (TPE)
13:40:57  src.cpcv.tuning  INFO      xgboost: 13 completed, 17 pruned (of 30 total) — best log_loss=0.6820, params={'max_depth': 3, 'learning_rate': 0.19718759052300822, 'min_child_weight': 19, 'subsample': 0.9575446149997069, 'colsample_bytree': 0.7007960257226401, 'gamma': 0.028239514647337077, 'reg_alpha': 9.394438227484976e-08, 'reg_lambda': 0.08768476183244275}
13:40:57  src.cpcv.tuning  INFO    [tuning] xgboost done in 3.9s — best log_loss=0.6820
13:40:57  src.cpcv.tuning  INFO  Tuning total: 48.7s
13:40:57  src.cpcv.pipeline  INFO      applied random_forest: {'n_estimators': 200, 'max_depth': 2, 'min_samples_leaf': 16, 'max_features': 'log2'}
13:40:57  src.cpcv.pipeline  INFO      applied xgboost: {'max_depth': 3, 'learning_rate': 0.19718759052300822, 'min_child_weight': 19, 'subsample': 0.9575446149997069, 'colsample_bytree': 0.7007960257226401, 'gamma': 0.028239514647337077, 'reg_alpha': 9.394438227484976e-08, 'reg_lambda': 0.08768476183244275}
13:40:58  src.cpcv.models.tree_models  INFO  RandomForest fitted: 565 samples, 14 features, 200 trees.
13:40:58  src.cpcv.pipeline  INFO    [ 61/168]        random_forest (seed=0) F1=0.565  AUC=0.580  LL=0.6833 (0.7s)
13:40:58  src.cpcv.models.tree_models  INFO  RandomForest fitted: 565 samples, 14 features, 200 trees.
13:40:59  src.cpcv.pipeline  INFO    [ 62/168]        random_forest (seed=1) F1=0.571  AUC=0.574  LL=0.6830 (0.6s)
13:40:59  src.cpcv.models.tree_models  INFO  RandomForest fitted: 565 samples, 14 features, 200 trees.
13:40:59  src.cpcv.pipeline  INFO    [ 63/168]        random_forest (seed=2) F1=0.551  AUC=0.565  LL=0.6837 (0.6s)
13:40:59  src.cpcv.models.tree_models  INFO  XGBoost fitted: 565 samples, early stopped at iteration 15/300.
13:40:59  src.cpcv.pipeline  INFO    [ 64/168]              xgboost (seed=0) F1=0.505  AUC=0.503  LL=0.6928 (0.1s)
13:40:59  src.cpcv.models.tree_models  INFO  XGBoost fitted: 565 samples, early stopped at iteration 3/300.
13:40:59  src.cpcv.pipeline  INFO    [ 65/168]              xgboost (seed=1) F1=0.454  AUC=0.406  LL=0.6969 (0.1s)
13:40:59  src.cpcv.models.tree_models  INFO  XGBoost fitted: 565 samples, early stopped at iteration 4/300.
13:40:59  src.cpcv.pipeline  INFO    [ 66/168]              xgboost (seed=2) F1=0.495  AUC=0.491  LL=0.6920 (0.1s)
13:41:00  src.cpcv.preprocessing  INFO  Computing MDA (Random Forest)...
13:41:35  src.cpcv.preprocessing  INFO  Computing MDA (Logistic Regression)...
13:41:36  src.cpcv.preprocessing  INFO  Multi-model MDA: 34/73 passed (MDA > 0), 39 eliminated
13:41:36  src.cpcv.preprocessing  INFO    Capped at 14 features (top_k_frac=0.2)
13:41:36  src.cpcv.preprocessing  INFO    Selected (14): ['atr', 'copper_ret_14', 'eth_btc_ratio', 'fee_per_tx', 'jarque_bera', 'log_returns_lag4', 'log_returns_lag6', 'oil_ret_14', 'skewness', 'sp500_ret_30', 'variance_ratio', 'vix', 'vol_term_7_30', 'yield_curve_10y30y']
13:41:36  src.cpcv.pipeline  INFO    Preprocessing: 14 features selected, train=565 + val=71 + cal=71, test=239
13:41:36  src.cpcv.tuning  INFO  Tuning (2 models) — Optuna TPE + Purged K-Fold (inner: 3 folds, embargo=10 obs)
13:41:36  src.cpcv.tuning  INFO    [tuning] random_forest: 3 purged K-fold splits, 30 Optuna trials (TPE)
13:42:18  src.cpcv.tuning  INFO      random_forest: 15 completed, 15 pruned (of 30 total) — best log_loss=0.6722, params={'n_estimators': 200, 'max_depth': 3, 'min_samples_leaf': 15, 'max_features': 'log2'}
13:42:18  src.cpcv.tuning  INFO    [tuning] random_forest done in 42.6s — best log_loss=0.6722
13:42:18  src.cpcv.tuning  INFO    [tuning] xgboost: 3 purged K-fold splits, 30 Optuna trials (TPE)
13:42:25  src.cpcv.tuning  INFO      xgboost: 15 completed, 15 pruned (of 30 total) — best log_loss=0.6587, params={'max_depth': 1, 'learning_rate': 0.17498365480123865, 'min_child_weight': 7, 'subsample': 0.8835207549698598, 'colsample_bytree': 0.6459383137497969, 'gamma': 0.3056848199922641, 'reg_alpha': 2.874860430308686e-07, 'reg_lambda': 0.03306201222848877}
13:42:25  src.cpcv.tuning  INFO    [tuning] xgboost done in 6.4s — best log_loss=0.6587
13:42:25  src.cpcv.tuning  INFO  Tuning total: 49.0s
13:42:25  src.cpcv.pipeline  INFO      applied random_forest: {'n_estimators': 200, 'max_depth': 3, 'min_samples_leaf': 15, 'max_features': 'log2'}
13:42:25  src.cpcv.pipeline  INFO      applied xgboost: {'max_depth': 1, 'learning_rate': 0.17498365480123865, 'min_child_weight': 7, 'subsample': 0.8835207549698598, 'colsample_bytree': 0.6459383137497969, 'gamma': 0.3056848199922641, 'reg_alpha': 2.874860430308686e-07, 'reg_lambda': 0.03306201222848877}
13:42:26  src.cpcv.models.tree_models  INFO  RandomForest fitted: 565 samples, 14 features, 200 trees.
13:42:26  src.cpcv.pipeline  INFO    [ 67/168]        random_forest (seed=0) F1=0.471  AUC=0.513  LL=0.7249 (0.8s)
13:42:26  src.cpcv.models.tree_models  INFO  RandomForest fitted: 565 samples, 14 features, 200 trees.
13:42:26  src.cpcv.pipeline  INFO    [ 68/168]        random_forest (seed=1) F1=0.476  AUC=0.493  LL=0.7017 (0.7s)
13:42:27  src.cpcv.models.tree_models  INFO  RandomForest fitted: 565 samples, 14 features, 200 trees.
13:42:27  src.cpcv.pipeline  INFO    [ 69/168]        random_forest (seed=2) F1=0.465  AUC=0.495  LL=0.7108 (0.6s)
13:42:27  src.cpcv.models.tree_models  INFO  XGBoost fitted: 565 samples, early stopped at iteration 29/300.
13:42:27  src.cpcv.pipeline  INFO    [ 70/168]              xgboost (seed=0) F1=0.430  AUC=0.462  LL=0.7026 (0.1s)
13:42:27  src.cpcv.models.tree_models  INFO  XGBoost fitted: 565 samples, early stopped at iteration 49/300.
13:42:27  src.cpcv.pipeline  INFO    [ 71/168]              xgboost (seed=1) F1=0.458  AUC=0.536  LL=0.6886 (0.1s)
13:42:27  src.cpcv.models.tree_models  INFO  XGBoost fitted: 565 samples, early stopped at iteration 30/300.
13:42:27  src.cpcv.pipeline  INFO    [ 72/168]              xgboost (seed=2) F1=0.529  AUC=0.535  LL=0.6859 (0.1s)
13:42:28  src.cpcv.preprocessing  INFO  Computing MDA (Random Forest)...
13:43:03  src.cpcv.preprocessing  INFO  Computing MDA (Logistic Regression)...
13:43:04  src.cpcv.preprocessing  INFO  Multi-model MDA: 39/73 passed (MDA > 0), 34 eliminated
13:43:04  src.cpcv.preprocessing  INFO    Capped at 14 features (top_k_frac=0.2)
13:43:04  src.cpcv.preprocessing  INFO    Selected (14): ['dxy_roc_30', 'eth_btc_ratio', 'jarque_bera', 'kurtosis', 'log_returns_lag3', 'macd_hist', 'nasdaq_ret_30', 'obv', 'oil_ret_14', 'sadf', 'sp500_ret_30', 'williams_r', 'yield_curve_2y10y', 'yz_vol']
13:43:04  src.cpcv.pipeline  INFO    Preprocessing: 14 features selected, train=574 + val=72 + cal=72, test=239
13:43:04  src.cpcv.tuning  INFO  Tuning (2 models) — Optuna TPE + Purged K-Fold (inner: 3 folds, embargo=10 obs)
13:43:04  src.cpcv.tuning  INFO    [tuning] random_forest: 3 purged K-fold splits, 30 Optuna trials (TPE)
13:43:35  src.cpcv.tuning  INFO      random_forest: 14 completed, 16 pruned (of 30 total) — best log_loss=0.6796, params={'n_estimators': 100, 'max_depth': 2, 'min_samples_leaf': 32, 'max_features': 'log2'}
13:43:35  src.cpcv.tuning  INFO    [tuning] random_forest done in 30.8s — best log_loss=0.6796
13:43:35  src.cpcv.tuning  INFO    [tuning] xgboost: 3 purged K-fold splits, 30 Optuna trials (TPE)
13:43:39  src.cpcv.tuning  INFO      xgboost: 11 completed, 19 pruned (of 30 total) — best log_loss=0.6754, params={'max_depth': 2, 'learning_rate': 0.2903271674424472, 'min_child_weight': 12, 'subsample': 0.6542915912168102, 'colsample_bytree': 0.6103364648607016, 'gamma': 1.181768741212366e-08, 'reg_alpha': 0.013409673032598386, 'reg_lambda': 3.5084828565400585e-06}
13:43:39  src.cpcv.tuning  INFO    [tuning] xgboost done in 4.4s — best log_loss=0.6754
13:43:39  src.cpcv.tuning  INFO  Tuning total: 35.2s
13:43:39  src.cpcv.pipeline  INFO      applied random_forest: {'n_estimators': 100, 'max_depth': 2, 'min_samples_leaf': 32, 'max_features': 'log2'}
13:43:39  src.cpcv.pipeline  INFO      applied xgboost: {'max_depth': 2, 'learning_rate': 0.2903271674424472, 'min_child_weight': 12, 'subsample': 0.6542915912168102, 'colsample_bytree': 0.6103364648607016, 'gamma': 1.181768741212366e-08, 'reg_alpha': 0.013409673032598386, 'reg_lambda': 3.5084828565400585e-06}
13:43:40  src.cpcv.models.tree_models  INFO  RandomForest fitted: 574 samples, 14 features, 100 trees.
13:43:40  src.cpcv.pipeline  INFO    [ 73/168]        random_forest (seed=0) F1=0.510  AUC=0.477  LL=0.6995 (0.4s)
13:43:40  src.cpcv.models.tree_models  INFO  RandomForest fitted: 574 samples, 14 features, 100 trees.
13:43:40  src.cpcv.pipeline  INFO    [ 74/168]        random_forest (seed=1) F1=0.371  AUC=0.536  LL=0.6755 (0.4s)
13:43:40  src.cpcv.models.tree_models  INFO  RandomForest fitted: 574 samples, 14 features, 100 trees.
13:43:40  src.cpcv.pipeline  INFO    [ 75/168]        random_forest (seed=2) F1=0.371  AUC=0.527  LL=0.6757 (0.3s)
13:43:40  src.cpcv.models.tree_models  INFO  XGBoost fitted: 574 samples, early stopped at iteration 1/300.
13:43:40  src.cpcv.pipeline  INFO    [ 76/168]              xgboost (seed=0) F1=0.371  AUC=0.488  LL=0.6776 (0.0s)
13:43:40  src.cpcv.models.tree_models  INFO  XGBoost fitted: 574 samples, early stopped at iteration 0/300.
13:43:40  src.cpcv.pipeline  INFO    [ 77/168]              xgboost (seed=1) F1=0.371  AUC=0.496  LL=0.6776 (0.0s)
13:43:40  src.cpcv.models.tree_models  INFO  XGBoost fitted: 574 samples, early stopped at iteration 0/300.
13:43:41  src.cpcv.pipeline  INFO    [ 78/168]              xgboost (seed=2) F1=0.371  AUC=0.485  LL=0.6781 (0.0s)
13:43:41  src.cpcv.preprocessing  INFO  Computing MDA (Random Forest)...
13:44:14  src.cpcv.preprocessing  INFO  Computing MDA (Logistic Regression)...
13:44:15  src.cpcv.preprocessing  INFO  Multi-model MDA: 37/73 passed (MDA > 0), 36 eliminated
13:44:15  src.cpcv.preprocessing  INFO    Capped at 14 features (top_k_frac=0.2)
13:44:15  src.cpcv.preprocessing  INFO    Selected (14): ['eth_btc_ratio', 'log_returns_lag2', 'log_returns_lag6', 'macd_hist', 'obv', 'oil_ret_30', 'roc_14', 'sadf', 'silver_ret_30', 'sp500_ret_30', 'stoch_d', 'vol_term_30_90', 'williams_r', 'yield_curve_2y10y']
13:44:15  src.cpcv.pipeline  INFO    Preprocessing: 14 features selected, train=530 + val=66 + cal=67, test=292
13:44:15  src.cpcv.tuning  INFO  Tuning (2 models) — Optuna TPE + Purged K-Fold (inner: 3 folds, embargo=10 obs)
13:44:15  src.cpcv.tuning  INFO    [tuning] random_forest: 3 purged K-fold splits, 30 Optuna trials (TPE)
13:44:57  src.cpcv.tuning  INFO      random_forest: 28 completed, 2 pruned (of 30 total) — best log_loss=0.6814, params={'n_estimators': 150, 'max_depth': 3, 'min_samples_leaf': 15, 'max_features': 'sqrt'}
13:44:57  src.cpcv.tuning  INFO    [tuning] random_forest done in 42.3s — best log_loss=0.6814
13:44:57  src.cpcv.tuning  INFO    [tuning] xgboost: 3 purged K-fold splits, 30 Optuna trials (TPE)
13:45:02  src.cpcv.tuning  INFO      xgboost: 18 completed, 12 pruned (of 30 total) — best log_loss=0.6726, params={'max_depth': 1, 'learning_rate': 0.192260746764081, 'min_child_weight': 27, 'subsample': 0.6622192733516029, 'colsample_bytree': 0.7936576095869167, 'gamma': 0.020246508473454522, 'reg_alpha': 1.3651831039275493e-08, 'reg_lambda': 3.3649627206377902e-06}
13:45:02  src.cpcv.tuning  INFO    [tuning] xgboost done in 4.6s — best log_loss=0.6726
13:45:02  src.cpcv.tuning  INFO  Tuning total: 46.8s
13:45:02  src.cpcv.pipeline  INFO      applied random_forest: {'n_estimators': 150, 'max_depth': 3, 'min_samples_leaf': 15, 'max_features': 'sqrt'}
13:45:02  src.cpcv.pipeline  INFO      applied xgboost: {'max_depth': 1, 'learning_rate': 0.192260746764081, 'min_child_weight': 27, 'subsample': 0.6622192733516029, 'colsample_bytree': 0.7936576095869167, 'gamma': 0.020246508473454522, 'reg_alpha': 1.3651831039275493e-08, 'reg_lambda': 3.3649627206377902e-06}
13:45:02  src.cpcv.models.tree_models  INFO  RandomForest fitted: 530 samples, 14 features, 150 trees.
13:45:02  src.cpcv.pipeline  INFO    [ 79/168]        random_forest (seed=0) F1=0.503  AUC=0.533  LL=0.6889 (0.5s)
13:45:03  src.cpcv.models.tree_models  INFO  RandomForest fitted: 530 samples, 14 features, 150 trees.
13:45:03  src.cpcv.pipeline  INFO    [ 80/168]        random_forest (seed=1) F1=0.493  AUC=0.514  LL=0.6887 (0.5s)
13:45:03  src.cpcv.models.tree_models  INFO  RandomForest fitted: 530 samples, 14 features, 150 trees.
13:45:03  src.cpcv.pipeline  INFO    [ 81/168]        random_forest (seed=2) F1=0.480  AUC=0.522  LL=0.6872 (0.5s)
13:45:03  src.cpcv.models.tree_models  INFO  XGBoost fitted: 530 samples, early stopped at iteration 72/300.
13:45:03  src.cpcv.pipeline  INFO    [ 82/168]              xgboost (seed=0) F1=0.495  AUC=0.523  LL=0.6923 (0.1s)
13:45:03  src.cpcv.models.tree_models  INFO  XGBoost fitted: 530 samples, early stopped at iteration 17/300.
13:45:03  src.cpcv.pipeline  INFO    [ 83/168]              xgboost (seed=1) F1=0.513  AUC=0.531  LL=0.6911 (0.1s)
13:45:03  src.cpcv.models.tree_models  INFO  XGBoost fitted: 530 samples, early stopped at iteration 32/300.
13:45:03  src.cpcv.pipeline  INFO    [ 84/168]              xgboost (seed=2) F1=0.517  AUC=0.511  LL=0.6936 (0.1s)
13:45:04  src.cpcv.preprocessing  INFO  Computing MDA (Random Forest)...
13:45:38  src.cpcv.preprocessing  INFO  Computing MDA (Logistic Regression)...
13:45:40  src.cpcv.preprocessing  INFO  Multi-model MDA: 39/73 passed (MDA > 0), 34 eliminated
13:45:40  src.cpcv.preprocessing  INFO    Capped at 14 features (top_k_frac=0.2)
13:45:40  src.cpcv.preprocessing  INFO    Selected (14): ['ema_ratio_20_50', 'eth_btc_ratio', 'issuance_ntv', 'log_returns_lag4', 'mvrv', 'oil_ret_14', 'roc_14', 'skewness', 'sp500_ret_14', 'sp500_ret_30', 'stoch_d', 'us2y', 'yield_curve_10y30y', 'yield_curve_2y10y']
13:45:40  src.cpcv.pipeline  INFO    Preprocessing: 14 features selected, train=520 + val=65 + cal=66, test=292
13:45:40  src.cpcv.tuning  INFO  Tuning (2 models) — Optuna TPE + Purged K-Fold (inner: 3 folds, embargo=10 obs)
13:45:40  src.cpcv.tuning  INFO    [tuning] random_forest: 3 purged K-fold splits, 30 Optuna trials (TPE)
13:46:22  src.cpcv.tuning  INFO      random_forest: 18 completed, 12 pruned (of 30 total) — best log_loss=0.6969, params={'n_estimators': 150, 'max_depth': 2, 'min_samples_leaf': 17, 'max_features': 'log2'}
13:46:22  src.cpcv.tuning  INFO    [tuning] random_forest done in 42.5s — best log_loss=0.6969
13:46:22  src.cpcv.tuning  INFO    [tuning] xgboost: 3 purged K-fold splits, 30 Optuna trials (TPE)
13:46:26  src.cpcv.tuning  INFO      xgboost: 10 completed, 20 pruned (of 30 total) — best log_loss=0.6892, params={'max_depth': 3, 'learning_rate': 0.17149450672028177, 'min_child_weight': 24, 'subsample': 0.8270710467614287, 'colsample_bytree': 0.724418466132938, 'gamma': 1.2917559345082029e-08, 'reg_alpha': 2.9902766360856786e-05, 'reg_lambda': 0.0001074553960450093}
13:46:26  src.cpcv.tuning  INFO    [tuning] xgboost done in 3.8s — best log_loss=0.6892
13:46:26  src.cpcv.tuning  INFO  Tuning total: 46.2s
13:46:26  src.cpcv.pipeline  INFO      applied random_forest: {'n_estimators': 150, 'max_depth': 2, 'min_samples_leaf': 17, 'max_features': 'log2'}
13:46:26  src.cpcv.pipeline  INFO      applied xgboost: {'max_depth': 3, 'learning_rate': 0.17149450672028177, 'min_child_weight': 24, 'subsample': 0.8270710467614287, 'colsample_bytree': 0.724418466132938, 'gamma': 1.2917559345082029e-08, 'reg_alpha': 2.9902766360856786e-05, 'reg_lambda': 0.0001074553960450093}
13:46:26  src.cpcv.models.tree_models  INFO  RandomForest fitted: 520 samples, 14 features, 150 trees.
13:46:26  src.cpcv.pipeline  INFO    [ 85/168]        random_forest (seed=0) F1=0.360  AUC=0.400  LL=0.7064 (0.5s)
13:46:27  src.cpcv.models.tree_models  INFO  RandomForest fitted: 520 samples, 14 features, 150 trees.
13:46:27  src.cpcv.pipeline  INFO    [ 86/168]        random_forest (seed=1) F1=0.441  AUC=0.418  LL=0.8033 (0.5s)
13:46:27  src.cpcv.models.tree_models  INFO  RandomForest fitted: 520 samples, 14 features, 150 trees.
13:46:27  src.cpcv.pipeline  INFO    [ 87/168]        random_forest (seed=2) F1=0.438  AUC=0.420  LL=0.8902 (0.5s)
13:46:27  src.cpcv.models.tree_models  INFO  XGBoost fitted: 520 samples, early stopped at iteration 50/300.
13:46:27  src.cpcv.pipeline  INFO    [ 88/168]              xgboost (seed=0) F1=0.405  AUC=0.408  LL=0.8220 (0.1s)
13:46:27  src.cpcv.models.tree_models  INFO  XGBoost fitted: 520 samples, early stopped at iteration 33/300.
13:46:27  src.cpcv.pipeline  INFO    [ 89/168]              xgboost (seed=1) F1=0.400  AUC=0.383  LL=0.7681 (0.1s)
13:46:27  src.cpcv.models.tree_models  INFO  XGBoost fitted: 520 samples, early stopped at iteration 23/300.
13:46:27  src.cpcv.pipeline  INFO    [ 90/168]              xgboost (seed=2) F1=0.440  AUC=0.409  LL=0.8550 (0.1s)
13:46:28  src.cpcv.preprocessing  INFO  Computing MDA (Random Forest)...
13:47:01  src.cpcv.preprocessing  INFO  Computing MDA (Logistic Regression)...
13:47:02  src.cpcv.preprocessing  INFO  Multi-model MDA: 30/73 passed (MDA > 0), 43 eliminated
13:47:02  src.cpcv.preprocessing  INFO    Capped at 14 features (top_k_frac=0.2)
13:47:02  src.cpcv.preprocessing  INFO    Selected (14): ['ema_ratio_50_200', 'log_returns', 'log_returns_lag2', 'log_returns_lag30', 'log_returns_lag7', 'natgas_ret_14', 'natgas_ret_30', 'rsi', 'skewness', 'sp500_ret_14', 'us10y', 'us2y', 'vix', 'yield_curve_10y30y']
13:47:02  src.cpcv.pipeline  INFO    Preprocessing: 14 features selected, train=520 + val=65 + cal=66, test=292
13:47:02  src.cpcv.tuning  INFO  Tuning (2 models) — Optuna TPE + Purged K-Fold (inner: 3 folds, embargo=10 obs)
13:47:02  src.cpcv.tuning  INFO    [tuning] random_forest: 3 purged K-fold splits, 30 Optuna trials (TPE)
13:47:41  src.cpcv.tuning  INFO      random_forest: 23 completed, 7 pruned (of 30 total) — best log_loss=0.6831, params={'n_estimators': 150, 'max_depth': 3, 'min_samples_leaf': 24, 'max_features': 'sqrt'}
13:47:41  src.cpcv.tuning  INFO    [tuning] random_forest done in 38.5s — best log_loss=0.6831
13:47:41  src.cpcv.tuning  INFO    [tuning] xgboost: 3 purged K-fold splits, 30 Optuna trials (TPE)
13:47:45  src.cpcv.tuning  INFO      xgboost: 15 completed, 15 pruned (of 30 total) — best log_loss=0.6735, params={'max_depth': 2, 'learning_rate': 0.14447746112718687, 'min_child_weight': 10, 'subsample': 0.8056937753654446, 'colsample_bytree': 0.836965827544817, 'gamma': 2.3528990899815284e-08, 'reg_alpha': 0.0029369981104377003, 'reg_lambda': 3.425445902633376e-07}
13:47:45  src.cpcv.tuning  INFO    [tuning] xgboost done in 4.7s — best log_loss=0.6735
13:47:45  src.cpcv.tuning  INFO  Tuning total: 43.1s
13:47:45  src.cpcv.pipeline  INFO      applied random_forest: {'n_estimators': 150, 'max_depth': 3, 'min_samples_leaf': 24, 'max_features': 'sqrt'}
13:47:45  src.cpcv.pipeline  INFO      applied xgboost: {'max_depth': 2, 'learning_rate': 0.14447746112718687, 'min_child_weight': 10, 'subsample': 0.8056937753654446, 'colsample_bytree': 0.836965827544817, 'gamma': 2.3528990899815284e-08, 'reg_alpha': 0.0029369981104377003, 'reg_lambda': 3.425445902633376e-07}
13:47:46  src.cpcv.models.tree_models  INFO  RandomForest fitted: 520 samples, 14 features, 150 trees.
13:47:46  src.cpcv.pipeline  INFO    [ 91/168]        random_forest (seed=0) F1=0.524  AUC=0.546  LL=0.6950 (0.6s)
13:47:46  src.cpcv.models.tree_models  INFO  RandomForest fitted: 520 samples, 14 features, 150 trees.
13:47:46  src.cpcv.pipeline  INFO    [ 92/168]        random_forest (seed=1) F1=0.507  AUC=0.537  LL=0.6904 (0.5s)
13:47:47  src.cpcv.models.tree_models  INFO  RandomForest fitted: 520 samples, 14 features, 150 trees.
13:47:47  src.cpcv.pipeline  INFO    [ 93/168]        random_forest (seed=2) F1=0.505  AUC=0.531  LL=0.6940 (0.5s)
13:47:47  src.cpcv.models.tree_models  INFO  XGBoost fitted: 520 samples, early stopped at iteration 13/300.
13:47:47  src.cpcv.pipeline  INFO    [ 94/168]              xgboost (seed=0) F1=0.526  AUC=0.541  LL=0.6927 (0.1s)
13:47:47  src.cpcv.models.tree_models  INFO  XGBoost fitted: 520 samples, early stopped at iteration 16/300.
13:47:47  src.cpcv.pipeline  INFO    [ 95/168]              xgboost (seed=1) F1=0.508  AUC=0.525  LL=0.6927 (0.1s)
13:47:47  src.cpcv.models.tree_models  INFO  XGBoost fitted: 520 samples, early stopped at iteration 22/300.
13:47:47  src.cpcv.pipeline  INFO    [ 96/168]              xgboost (seed=2) F1=0.527  AUC=0.521  LL=0.6938 (0.1s)
13:47:47  src.cpcv.preprocessing  INFO  Computing MDA (Random Forest)...
13:48:22  src.cpcv.preprocessing  INFO  Computing MDA (Logistic Regression)...
13:48:23  src.cpcv.preprocessing  INFO  Multi-model MDA: 37/73 passed (MDA > 0), 36 eliminated
13:48:23  src.cpcv.preprocessing  INFO    Capped at 14 features (top_k_frac=0.2)
13:48:23  src.cpcv.preprocessing  INFO    Selected (14): ['dxy_roc_30', 'exchange_supply_pct', 'jarque_bera', 'log_returns_lag5', 'log_returns_lag6', 'lz_complexity', 'nasdaq_ret_14', 'nasdaq_ret_30', 'obv', 'oil_ret_14', 'rsi', 'sadf', 'silver_ret_30', 'smt_exp']
13:48:23  src.cpcv.pipeline  INFO    Preprocessing: 14 features selected, train=520 + val=65 + cal=66, test=292
13:48:23  src.cpcv.tuning  INFO  Tuning (2 models) — Optuna TPE + Purged K-Fold (inner: 3 folds, embargo=10 obs)
13:48:23  src.cpcv.tuning  INFO    [tuning] random_forest: 3 purged K-fold splits, 30 Optuna trials (TPE)
13:49:14  src.cpcv.tuning  INFO      random_forest: 30 completed, 0 pruned (of 30 total) — best log_loss=0.6873, params={'n_estimators': 200, 'max_depth': 3, 'min_samples_leaf': 15, 'max_features': 'log2'}
13:49:14  src.cpcv.tuning  INFO    [tuning] random_forest done in 51.1s — best log_loss=0.6873
13:49:14  src.cpcv.tuning  INFO    [tuning] xgboost: 3 purged K-fold splits, 30 Optuna trials (TPE)
13:49:22  src.cpcv.tuning  INFO      xgboost: 30 completed, 0 pruned (of 30 total) — best log_loss=0.6811, params={'max_depth': 1, 'learning_rate': 0.024957459496409814, 'min_child_weight': 6, 'subsample': 0.8304795487984092, 'colsample_bytree': 0.6497470350103868, 'gamma': 0.8468788956055794, 'reg_alpha': 3.3101078700129117e-05, 'reg_lambda': 8.439420127711456e-05}
13:49:22  src.cpcv.tuning  INFO    [tuning] xgboost done in 7.4s — best log_loss=0.6811
13:49:22  src.cpcv.tuning  INFO  Tuning total: 58.5s
13:49:22  src.cpcv.pipeline  INFO      applied random_forest: {'n_estimators': 200, 'max_depth': 3, 'min_samples_leaf': 15, 'max_features': 'log2'}
13:49:22  src.cpcv.pipeline  INFO      applied xgboost: {'max_depth': 1, 'learning_rate': 0.024957459496409814, 'min_child_weight': 6, 'subsample': 0.8304795487984092, 'colsample_bytree': 0.6497470350103868, 'gamma': 0.8468788956055794, 'reg_alpha': 3.3101078700129117e-05, 'reg_lambda': 8.439420127711456e-05}
13:49:22  src.cpcv.models.tree_models  INFO  RandomForest fitted: 520 samples, 14 features, 200 trees.
13:49:22  src.cpcv.pipeline  INFO    [ 97/168]        random_forest (seed=0) F1=0.516  AUC=0.517  LL=0.6979 (0.8s)
13:49:23  src.cpcv.models.tree_models  INFO  RandomForest fitted: 520 samples, 14 features, 200 trees.
13:49:23  src.cpcv.pipeline  INFO    [ 98/168]        random_forest (seed=1) F1=0.498  AUC=0.523  LL=0.6938 (0.8s)
13:49:24  src.cpcv.models.tree_models  INFO  RandomForest fitted: 520 samples, 14 features, 200 trees.
13:49:24  src.cpcv.pipeline  INFO    [ 99/168]        random_forest (seed=2) F1=0.437  AUC=0.500  LL=0.7029 (0.8s)
13:49:24  src.cpcv.models.tree_models  INFO  XGBoost fitted: 520 samples, early stopped at iteration 0/300.
13:49:24  src.cpcv.pipeline  INFO    [100/168]              xgboost (seed=0) F1=0.327  AUC=0.508  LL=0.6944 (0.1s)
13:49:24  src.cpcv.models.tree_models  INFO  XGBoost fitted: 520 samples, early stopped at iteration 1/300.
13:49:24  src.cpcv.pipeline  INFO    [101/168]              xgboost (seed=1) F1=0.400  AUC=0.504  LL=0.7031 (0.1s)
13:49:24  src.cpcv.models.tree_models  INFO  XGBoost fitted: 520 samples, early stopped at iteration 0/300.
13:49:24  src.cpcv.pipeline  INFO    [102/168]              xgboost (seed=2) F1=0.327  AUC=0.482  LL=0.6944 (0.1s)
13:49:25  src.cpcv.preprocessing  INFO  Computing MDA (Random Forest)...
13:49:59  src.cpcv.preprocessing  INFO  Computing MDA (Logistic Regression)...
13:50:00  src.cpcv.preprocessing  INFO  Multi-model MDA: 40/73 passed (MDA > 0), 33 eliminated
13:50:00  src.cpcv.preprocessing  INFO    Capped at 14 features (top_k_frac=0.2)
13:50:00  src.cpcv.preprocessing  INFO    Selected (14): ['chaikin_osc', 'dxy_roc_30', 'exchange_supply_pct', 'fee_per_tx', 'gk_vol', 'jarque_bera', 'kurtosis', 'log_returns_lag1', 'macd_hist', 'natgas_ret_30', 'obv', 'roc_14', 'sadf', 'smt_exp']
13:50:00  src.cpcv.pipeline  INFO    Preprocessing: 14 features selected, train=529 + val=66 + cal=67, test=292
13:50:00  src.cpcv.tuning  INFO  Tuning (2 models) — Optuna TPE + Purged K-Fold (inner: 3 folds, embargo=10 obs)
13:50:00  src.cpcv.tuning  INFO    [tuning] random_forest: 3 purged K-fold splits, 30 Optuna trials (TPE)
13:50:39  src.cpcv.tuning  INFO      random_forest: 30 completed, 0 pruned (of 30 total) — best log_loss=0.6820, params={'n_estimators': 100, 'max_depth': 2, 'min_samples_leaf': 36, 'max_features': 'log2'}
13:50:39  src.cpcv.tuning  INFO    [tuning] random_forest done in 38.5s — best log_loss=0.6820
13:50:39  src.cpcv.tuning  INFO    [tuning] xgboost: 3 purged K-fold splits, 30 Optuna trials (TPE)
13:50:45  src.cpcv.tuning  INFO      xgboost: 29 completed, 1 pruned (of 30 total) — best log_loss=0.6670, params={'max_depth': 2, 'learning_rate': 0.11852244776646266, 'min_child_weight': 8, 'subsample': 0.7904989593362403, 'colsample_bytree': 0.9337228585835277, 'gamma': 7.004873145977525e-07, 'reg_alpha': 7.445404717317906e-07, 'reg_lambda': 0.009098197614222682}
13:50:45  src.cpcv.tuning  INFO    [tuning] xgboost done in 6.6s — best log_loss=0.6670
13:50:45  src.cpcv.tuning  INFO  Tuning total: 45.0s
13:50:45  src.cpcv.pipeline  INFO      applied random_forest: {'n_estimators': 100, 'max_depth': 2, 'min_samples_leaf': 36, 'max_features': 'log2'}
13:50:45  src.cpcv.pipeline  INFO      applied xgboost: {'max_depth': 2, 'learning_rate': 0.11852244776646266, 'min_child_weight': 8, 'subsample': 0.7904989593362403, 'colsample_bytree': 0.9337228585835277, 'gamma': 7.004873145977525e-07, 'reg_alpha': 7.445404717317906e-07, 'reg_lambda': 0.009098197614222682}
13:50:46  src.cpcv.models.tree_models  INFO  RandomForest fitted: 529 samples, 14 features, 100 trees.
13:50:46  src.cpcv.pipeline  INFO    [103/168]        random_forest (seed=0) F1=0.445  AUC=0.506  LL=0.7106 (0.4s)
13:50:46  src.cpcv.models.tree_models  INFO  RandomForest fitted: 529 samples, 14 features, 100 trees.
13:50:46  src.cpcv.pipeline  INFO    [104/168]        random_forest (seed=1) F1=0.378  AUC=0.477  LL=0.7108 (0.3s)
13:50:46  src.cpcv.models.tree_models  INFO  RandomForest fitted: 529 samples, 14 features, 100 trees.
13:50:46  src.cpcv.pipeline  INFO    [105/168]        random_forest (seed=2) F1=0.425  AUC=0.478  LL=0.7099 (0.3s)
13:50:47  src.cpcv.models.tree_models  INFO  XGBoost fitted: 529 samples, early stopped at iteration 35/300.
13:50:47  src.cpcv.pipeline  INFO    [106/168]              xgboost (seed=0) F1=0.459  AUC=0.507  LL=0.7233 (0.1s)
13:50:47  src.cpcv.models.tree_models  INFO  XGBoost fitted: 529 samples, early stopped at iteration 0/300.
13:50:47  src.cpcv.pipeline  INFO    [107/168]              xgboost (seed=1) F1=0.344  AUC=0.448  LL=0.7439 (0.0s)
13:50:47  src.cpcv.models.tree_models  INFO  XGBoost fitted: 529 samples, early stopped at iteration 32/300.
13:50:47  src.cpcv.pipeline  INFO    [108/168]              xgboost (seed=2) F1=0.467  AUC=0.519  LL=0.7190 (0.1s)
13:50:47  src.cpcv.preprocessing  INFO  Computing MDA (Random Forest)...
13:51:23  src.cpcv.preprocessing  INFO  Computing MDA (Logistic Regression)...
13:51:24  src.cpcv.preprocessing  INFO  Multi-model MDA: 39/73 passed (MDA > 0), 34 eliminated
13:51:24  src.cpcv.preprocessing  INFO    Capped at 14 features (top_k_frac=0.2)
13:51:24  src.cpcv.preprocessing  INFO    Selected (14): ['copper_ret_14', 'eth_btc_ratio', 'kurtosis', 'log_returns_lag14', 'log_returns_lag2', 'log_returns_lag3', 'log_returns_lag7', 'lz_complexity', 'natgas_ret_30', 'oil_ret_14', 'rsi', 'skewness', 'smt_poly1', 'sp500_ret_30']
13:51:24  src.cpcv.pipeline  INFO    Preprocessing: 14 features selected, train=532 + val=66 + cal=67, test=292
13:51:24  src.cpcv.tuning  INFO  Tuning (2 models) — Optuna TPE + Purged K-Fold (inner: 3 folds, embargo=10 obs)
13:51:24  src.cpcv.tuning  INFO    [tuning] random_forest: 3 purged K-fold splits, 30 Optuna trials (TPE)
13:52:11  src.cpcv.tuning  INFO      random_forest: 18 completed, 12 pruned (of 30 total) — best log_loss=0.6890, params={'n_estimators': 250, 'max_depth': 2, 'min_samples_leaf': 26, 'max_features': 'log2'}
13:52:11  src.cpcv.tuning  INFO    [tuning] random_forest done in 46.9s — best log_loss=0.6890
13:52:11  src.cpcv.tuning  INFO    [tuning] xgboost: 3 purged K-fold splits, 30 Optuna trials (TPE)
13:52:15  src.cpcv.tuning  INFO      xgboost: 19 completed, 11 pruned (of 30 total) — best log_loss=0.6846, params={'max_depth': 1, 'learning_rate': 0.06333268775321843, 'min_child_weight': 8, 'subsample': 0.9208787923016158, 'colsample_bytree': 0.6298202574719083, 'gamma': 0.7854083114461319, 'reg_alpha': 0.08916674715636537, 'reg_lambda': 6.143857495033091e-07}
13:52:15  src.cpcv.tuning  INFO    [tuning] xgboost done in 4.2s — best log_loss=0.6846
13:52:15  src.cpcv.tuning  INFO  Tuning total: 51.1s
13:52:15  src.cpcv.pipeline  INFO      applied random_forest: {'n_estimators': 250, 'max_depth': 2, 'min_samples_leaf': 26, 'max_features': 'log2'}
13:52:15  src.cpcv.pipeline  INFO      applied xgboost: {'max_depth': 1, 'learning_rate': 0.06333268775321843, 'min_child_weight': 8, 'subsample': 0.9208787923016158, 'colsample_bytree': 0.6298202574719083, 'gamma': 0.7854083114461319, 'reg_alpha': 0.08916674715636537, 'reg_lambda': 6.143857495033091e-07}
13:52:16  src.cpcv.models.tree_models  INFO  RandomForest fitted: 532 samples, 14 features, 250 trees.
13:52:16  src.cpcv.pipeline  INFO    [109/168]        random_forest (seed=0) F1=0.296  AUC=0.419  LL=0.7020 (0.9s)
13:52:17  src.cpcv.models.tree_models  INFO  RandomForest fitted: 532 samples, 14 features, 250 trees.
13:52:17  src.cpcv.pipeline  INFO    [110/168]        random_forest (seed=1) F1=0.366  AUC=0.410  LL=0.7184 (0.8s)
13:52:17  src.cpcv.models.tree_models  INFO  RandomForest fitted: 532 samples, 14 features, 250 trees.
13:52:18  src.cpcv.pipeline  INFO    [111/168]        random_forest (seed=2) F1=0.384  AUC=0.410  LL=0.7286 (0.7s)
13:52:18  src.cpcv.models.tree_models  INFO  XGBoost fitted: 532 samples, early stopped at iteration 99/300.
13:52:18  src.cpcv.pipeline  INFO    [112/168]              xgboost (seed=0) F1=0.433  AUC=0.412  LL=0.7469 (0.1s)
13:52:18  src.cpcv.models.tree_models  INFO  XGBoost fitted: 532 samples, early stopped at iteration 149/300.
13:52:18  src.cpcv.pipeline  INFO    [113/168]              xgboost (seed=1) F1=0.404  AUC=0.415  LL=0.7321 (0.1s)
13:52:18  src.cpcv.models.tree_models  INFO  XGBoost fitted: 532 samples, early stopped at iteration 71/300.
13:52:18  src.cpcv.pipeline  INFO    [114/168]              xgboost (seed=2) F1=0.415  AUC=0.423  LL=0.7293 (0.1s)
13:52:18  src.cpcv.preprocessing  INFO  Computing MDA (Random Forest)...
13:52:53  src.cpcv.preprocessing  INFO  Computing MDA (Logistic Regression)...
13:52:54  src.cpcv.preprocessing  INFO  Multi-model MDA: 38/73 passed (MDA > 0), 35 eliminated
13:52:54  src.cpcv.preprocessing  INFO    Capped at 14 features (top_k_frac=0.2)
13:52:54  src.cpcv.preprocessing  INFO    Selected (14): ['ema_ratio_20_50', 'log_returns_lag30', 'log_returns_lag5', 'log_returns_lag6', 'log_returns_lag7', 'mvrv', 'net_exchange_flow', 'oil_ret_14', 'silver_ret_14', 'skewness', 'sp500_ret_14', 'us10y', 'variance_ratio', 'vix']
13:52:54  src.cpcv.pipeline  INFO    Preprocessing: 14 features selected, train=522 + val=65 + cal=66, test=292
13:52:54  src.cpcv.tuning  INFO  Tuning (2 models) — Optuna TPE + Purged K-Fold (inner: 3 folds, embargo=10 obs)
13:52:54  src.cpcv.tuning  INFO    [tuning] random_forest: 3 purged K-fold splits, 30 Optuna trials (TPE)
13:53:39  src.cpcv.tuning  INFO      random_forest: 17 completed, 13 pruned (of 30 total) — best log_loss=0.6808, params={'n_estimators': 250, 'max_depth': 3, 'min_samples_leaf': 15, 'max_features': 'log2'}
13:53:39  src.cpcv.tuning  INFO    [tuning] random_forest done in 45.0s — best log_loss=0.6808
13:53:39  src.cpcv.tuning  INFO    [tuning] xgboost: 3 purged K-fold splits, 30 Optuna trials (TPE)
13:53:44  src.cpcv.tuning  INFO      xgboost: 13 completed, 17 pruned (of 30 total) — best log_loss=0.6755, params={'max_depth': 1, 'learning_rate': 0.08830587574621236, 'min_child_weight': 6, 'subsample': 0.7509567949194906, 'colsample_bytree': 0.7206283318462443, 'gamma': 0.0053794995889282285, 'reg_alpha': 0.0001608170605219573, 'reg_lambda': 0.00029340870957939236}
13:53:44  src.cpcv.tuning  INFO    [tuning] xgboost done in 4.7s — best log_loss=0.6755
13:53:44  src.cpcv.tuning  INFO  Tuning total: 49.7s
13:53:44  src.cpcv.pipeline  INFO      applied random_forest: {'n_estimators': 250, 'max_depth': 3, 'min_samples_leaf': 15, 'max_features': 'log2'}
13:53:44  src.cpcv.pipeline  INFO      applied xgboost: {'max_depth': 1, 'learning_rate': 0.08830587574621236, 'min_child_weight': 6, 'subsample': 0.7509567949194906, 'colsample_bytree': 0.7206283318462443, 'gamma': 0.0053794995889282285, 'reg_alpha': 0.0001608170605219573, 'reg_lambda': 0.00029340870957939236}
13:53:45  src.cpcv.models.tree_models  INFO  RandomForest fitted: 522 samples, 14 features, 250 trees.
13:53:45  src.cpcv.pipeline  INFO    [115/168]        random_forest (seed=0) F1=0.509  AUC=0.537  LL=0.7183 (1.0s)
13:53:46  src.cpcv.models.tree_models  INFO  RandomForest fitted: 522 samples, 14 features, 250 trees.
13:53:46  src.cpcv.pipeline  INFO    [116/168]        random_forest (seed=1) F1=0.505  AUC=0.539  LL=0.7274 (1.0s)
13:53:47  src.cpcv.models.tree_models  INFO  RandomForest fitted: 522 samples, 14 features, 250 trees.
13:53:47  src.cpcv.pipeline  INFO    [117/168]        random_forest (seed=2) F1=0.508  AUC=0.547  LL=0.7256 (1.0s)
13:53:47  src.cpcv.models.tree_models  INFO  XGBoost fitted: 522 samples, early stopped at iteration 42/300.
13:53:47  src.cpcv.pipeline  INFO    [118/168]              xgboost (seed=0) F1=0.499  AUC=0.523  LL=0.7156 (0.1s)
13:53:47  src.cpcv.models.tree_models  INFO  XGBoost fitted: 522 samples, early stopped at iteration 40/300.
13:53:47  src.cpcv.pipeline  INFO    [119/168]              xgboost (seed=1) F1=0.527  AUC=0.513  LL=0.7155 (0.1s)
13:53:47  src.cpcv.models.tree_models  INFO  XGBoost fitted: 522 samples, early stopped at iteration 51/300.
13:53:47  src.cpcv.pipeline  INFO    [120/168]              xgboost (seed=2) F1=0.515  AUC=0.533  LL=0.7221 (0.1s)
13:53:48  src.cpcv.preprocessing  INFO  Computing MDA (Random Forest)...
13:54:21  src.cpcv.preprocessing  INFO  Computing MDA (Logistic Regression)...
13:54:23  src.cpcv.preprocessing  INFO  Multi-model MDA: 37/73 passed (MDA > 0), 36 eliminated
13:54:23  src.cpcv.preprocessing  INFO    Capped at 14 features (top_k_frac=0.2)
13:54:23  src.cpcv.preprocessing  INFO    Selected (14): ['eth_btc_ratio', 'gold_ret_30', 'kurtosis', 'log_returns_lag3', 'log_returns_lag6', 'log_returns_lag7', 'macd_hist', 'realized_vol', 'silver_ret_30', 'sp500_ret_30', 'stoch_k', 'variance_ratio', 'williams_r', 'yield_curve_2y10y']
13:54:23  src.cpcv.pipeline  INFO    Preprocessing: 14 features selected, train=522 + val=65 + cal=66, test=292
13:54:23  src.cpcv.tuning  INFO  Tuning (2 models) — Optuna TPE + Purged K-Fold (inner: 3 folds, embargo=10 obs)
13:54:23  src.cpcv.tuning  INFO    [tuning] random_forest: 3 purged K-fold splits, 30 Optuna trials (TPE)
13:55:12  src.cpcv.tuning  INFO      random_forest: 20 completed, 10 pruned (of 30 total) — best log_loss=0.6724, params={'n_estimators': 250, 'max_depth': 3, 'min_samples_leaf': 17, 'max_features': 'sqrt'}
13:55:12  src.cpcv.tuning  INFO    [tuning] random_forest done in 49.3s — best log_loss=0.6724
13:55:12  src.cpcv.tuning  INFO    [tuning] xgboost: 3 purged K-fold splits, 30 Optuna trials (TPE)
13:55:17  src.cpcv.tuning  INFO      xgboost: 12 completed, 18 pruned (of 30 total) — best log_loss=0.6626, params={'max_depth': 1, 'learning_rate': 0.05958389350068958, 'min_child_weight': 16, 'subsample': 0.7164916560792167, 'colsample_bytree': 0.8447411578889518, 'gamma': 1.3060231803531604e-07, 'reg_alpha': 4.258943089524393e-06, 'reg_lambda': 1.9826980964985924e-05}
13:55:17  src.cpcv.tuning  INFO    [tuning] xgboost done in 5.1s — best log_loss=0.6626
13:55:17  src.cpcv.tuning  INFO  Tuning total: 54.5s
13:55:17  src.cpcv.pipeline  INFO      applied random_forest: {'n_estimators': 250, 'max_depth': 3, 'min_samples_leaf': 17, 'max_features': 'sqrt'}
13:55:17  src.cpcv.pipeline  INFO      applied xgboost: {'max_depth': 1, 'learning_rate': 0.05958389350068958, 'min_child_weight': 16, 'subsample': 0.7164916560792167, 'colsample_bytree': 0.8447411578889518, 'gamma': 1.3060231803531604e-07, 'reg_alpha': 4.258943089524393e-06, 'reg_lambda': 1.9826980964985924e-05}
13:55:18  src.cpcv.models.tree_models  INFO  RandomForest fitted: 522 samples, 14 features, 250 trees.
13:55:18  src.cpcv.pipeline  INFO    [121/168]        random_forest (seed=0) F1=0.308  AUC=0.492  LL=0.6973 (0.8s)
13:55:19  src.cpcv.models.tree_models  INFO  RandomForest fitted: 522 samples, 14 features, 250 trees.
13:55:19  src.cpcv.pipeline  INFO    [122/168]        random_forest (seed=1) F1=0.346  AUC=0.480  LL=0.6984 (0.8s)
13:55:20  src.cpcv.models.tree_models  INFO  RandomForest fitted: 522 samples, 14 features, 250 trees.
13:55:20  src.cpcv.pipeline  INFO    [123/168]        random_forest (seed=2) F1=0.399  AUC=0.478  LL=0.7012 (0.9s)
13:55:20  src.cpcv.models.tree_models  INFO  XGBoost fitted: 522 samples, early stopped at iteration 26/300.
13:55:20  src.cpcv.pipeline  INFO    [124/168]              xgboost (seed=0) F1=0.529  AUC=0.537  LL=0.6879 (0.1s)
13:55:20  src.cpcv.models.tree_models  INFO  XGBoost fitted: 522 samples, early stopped at iteration 27/300.
13:55:20  src.cpcv.pipeline  INFO    [125/168]              xgboost (seed=1) F1=0.529  AUC=0.542  LL=0.6924 (0.1s)
13:55:20  src.cpcv.models.tree_models  INFO  XGBoost fitted: 522 samples, early stopped at iteration 67/300.
13:55:20  src.cpcv.pipeline  INFO    [126/168]              xgboost (seed=2) F1=0.531  AUC=0.541  LL=0.6909 (0.1s)
13:55:21  src.cpcv.preprocessing  INFO  Computing MDA (Random Forest)...
13:55:55  src.cpcv.preprocessing  INFO  Computing MDA (Logistic Regression)...
13:55:57  src.cpcv.preprocessing  INFO  Multi-model MDA: 38/73 passed (MDA > 0), 35 eliminated
13:55:57  src.cpcv.preprocessing  INFO    Capped at 14 features (top_k_frac=0.2)
13:55:57  src.cpcv.preprocessing  INFO    Selected (14): ['active_addr_roc_14', 'bb_width', 'copper_ret_30', 'eth_btc_ratio', 'exchange_supply_pct', 'log_returns_lag1', 'log_returns_lag5', 'log_returns_lag6', 'oil_ret_14', 'silver_ret_30', 'smt_poly1', 'sp500_ret_30', 'yield_curve_10y30y', 'yz_vol']
13:55:57  src.cpcv.pipeline  INFO    Preprocessing: 14 features selected, train=531 + val=66 + cal=67, test=292
13:55:57  src.cpcv.tuning  INFO  Tuning (2 models) — Optuna TPE + Purged K-Fold (inner: 3 folds, embargo=10 obs)
13:55:57  src.cpcv.tuning  INFO    [tuning] random_forest: 3 purged K-fold splits, 30 Optuna trials (TPE)
13:56:33  src.cpcv.tuning  INFO      random_forest: 19 completed, 11 pruned (of 30 total) — best log_loss=0.6676, params={'n_estimators': 100, 'max_depth': 4, 'min_samples_leaf': 19, 'max_features': 'sqrt'}
13:56:33  src.cpcv.tuning  INFO    [tuning] random_forest done in 36.4s — best log_loss=0.6676
13:56:33  src.cpcv.tuning  INFO    [tuning] xgboost: 3 purged K-fold splits, 30 Optuna trials (TPE)
13:56:42  src.cpcv.tuning  INFO      xgboost: 15 completed, 15 pruned (of 30 total) — best log_loss=0.6646, params={'max_depth': 3, 'learning_rate': 0.015124502999762009, 'min_child_weight': 13, 'subsample': 0.6590790365105131, 'colsample_bytree': 0.895035662301696, 'gamma': 0.02434571443342431, 'reg_alpha': 1.36693704649451, 'reg_lambda': 8.904303661528658}
13:56:42  src.cpcv.tuning  INFO    [tuning] xgboost done in 9.0s — best log_loss=0.6646
13:56:42  src.cpcv.tuning  INFO  Tuning total: 45.4s
13:56:42  src.cpcv.pipeline  INFO      applied random_forest: {'n_estimators': 100, 'max_depth': 4, 'min_samples_leaf': 19, 'max_features': 'sqrt'}
13:56:42  src.cpcv.pipeline  INFO      applied xgboost: {'max_depth': 3, 'learning_rate': 0.015124502999762009, 'min_child_weight': 13, 'subsample': 0.6590790365105131, 'colsample_bytree': 0.895035662301696, 'gamma': 0.02434571443342431, 'reg_alpha': 1.36693704649451, 'reg_lambda': 8.904303661528658}
13:56:42  src.cpcv.models.tree_models  INFO  RandomForest fitted: 531 samples, 14 features, 100 trees.
13:56:42  src.cpcv.pipeline  INFO    [127/168]        random_forest (seed=0) F1=0.365  AUC=0.495  LL=0.6902 (0.4s)
13:56:43  src.cpcv.models.tree_models  INFO  RandomForest fitted: 531 samples, 14 features, 100 trees.
13:56:43  src.cpcv.pipeline  INFO    [128/168]        random_forest (seed=1) F1=0.357  AUC=0.495  LL=0.6876 (0.3s)
13:56:43  src.cpcv.models.tree_models  INFO  RandomForest fitted: 531 samples, 14 features, 100 trees.
13:56:43  src.cpcv.pipeline  INFO    [129/168]        random_forest (seed=2) F1=0.357  AUC=0.486  LL=0.6874 (0.3s)
13:56:43  src.cpcv.models.tree_models  INFO  XGBoost fitted: 531 samples, early stopped at iteration 6/300.
13:56:43  src.cpcv.pipeline  INFO    [130/168]              xgboost (seed=0) F1=0.382  AUC=0.506  LL=0.7105 (0.1s)
13:56:43  src.cpcv.models.tree_models  INFO  XGBoost fitted: 531 samples, early stopped at iteration 0/300.
13:56:43  src.cpcv.pipeline  INFO    [131/168]              xgboost (seed=1) F1=0.357  AUC=0.544  LL=0.6871 (0.0s)
13:56:43  src.cpcv.models.tree_models  INFO  XGBoost fitted: 531 samples, early stopped at iteration 3/300.
13:56:43  src.cpcv.pipeline  INFO    [132/168]              xgboost (seed=2) F1=0.454  AUC=0.541  LL=0.7159 (0.1s)
13:56:44  src.cpcv.preprocessing  INFO  Computing MDA (Random Forest)...
13:57:18  src.cpcv.preprocessing  INFO  Computing MDA (Logistic Regression)...
13:57:20  src.cpcv.preprocessing  INFO  Multi-model MDA: 38/73 passed (MDA > 0), 35 eliminated
13:57:20  src.cpcv.preprocessing  INFO    Capped at 14 features (top_k_frac=0.2)
13:57:20  src.cpcv.preprocessing  INFO    Selected (14): ['cci_14', 'ema_ratio_20_50', 'fee_per_tx', 'log_returns_lag2', 'log_returns_lag5', 'log_returns_lag6', 'macd', 'macd_hist', 'mfi_14', 'net_exchange_flow', 'obv', 'sadf', 'smt_exp', 'vol_term_30_90']
13:57:20  src.cpcv.pipeline  INFO    Preprocessing: 14 features selected, train=532 + val=66 + cal=67, test=292
13:57:20  src.cpcv.tuning  INFO  Tuning (2 models) — Optuna TPE + Purged K-Fold (inner: 3 folds, embargo=10 obs)
13:57:20  src.cpcv.tuning  INFO    [tuning] random_forest: 3 purged K-fold splits, 30 Optuna trials (TPE)
13:58:06  src.cpcv.tuning  INFO      random_forest: 29 completed, 1 pruned (of 30 total) — best log_loss=0.6922, params={'n_estimators': 200, 'max_depth': 2, 'min_samples_leaf': 40, 'max_features': 'log2'}
13:58:06  src.cpcv.tuning  INFO    [tuning] random_forest done in 46.9s — best log_loss=0.6922
13:58:07  src.cpcv.tuning  INFO    [tuning] xgboost: 3 purged K-fold splits, 30 Optuna trials (TPE)
13:58:10  src.cpcv.tuning  INFO      xgboost: 24 completed, 6 pruned (of 30 total) — best log_loss=0.6848, params={'max_depth': 2, 'learning_rate': 0.2938027445313307, 'min_child_weight': 18, 'subsample': 0.766536523505551, 'colsample_bytree': 0.7570094611763786, 'gamma': 2.087327089147775e-06, 'reg_alpha': 9.52305435074514e-08, 'reg_lambda': 0.0005849503068793921}
13:58:10  src.cpcv.tuning  INFO    [tuning] xgboost done in 3.9s — best log_loss=0.6848
13:58:10  src.cpcv.tuning  INFO  Tuning total: 50.8s
13:58:10  src.cpcv.pipeline  INFO      applied random_forest: {'n_estimators': 200, 'max_depth': 2, 'min_samples_leaf': 40, 'max_features': 'log2'}
13:58:10  src.cpcv.pipeline  INFO      applied xgboost: {'max_depth': 2, 'learning_rate': 0.2938027445313307, 'min_child_weight': 18, 'subsample': 0.766536523505551, 'colsample_bytree': 0.7570094611763786, 'gamma': 2.087327089147775e-06, 'reg_alpha': 9.52305435074514e-08, 'reg_lambda': 0.0005849503068793921}
13:58:11  src.cpcv.models.tree_models  INFO  RandomForest fitted: 532 samples, 14 features, 200 trees.
13:58:11  src.cpcv.pipeline  INFO    [133/168]        random_forest (seed=0) F1=0.385  AUC=0.450  LL=0.7109 (0.8s)
13:58:12  src.cpcv.models.tree_models  INFO  RandomForest fitted: 532 samples, 14 features, 200 trees.
13:58:12  src.cpcv.pipeline  INFO    [134/168]        random_forest (seed=1) F1=0.423  AUC=0.475  LL=0.7034 (0.7s)
13:58:12  src.cpcv.models.tree_models  INFO  RandomForest fitted: 532 samples, 14 features, 200 trees.
13:58:13  src.cpcv.pipeline  INFO    [135/168]        random_forest (seed=2) F1=0.475  AUC=0.471  LL=0.7078 (0.7s)
13:58:13  src.cpcv.models.tree_models  INFO  XGBoost fitted: 532 samples, early stopped at iteration 1/300.
13:58:13  src.cpcv.pipeline  INFO    [136/168]              xgboost (seed=0) F1=0.458  AUC=0.580  LL=0.6950 (0.1s)
13:58:13  src.cpcv.models.tree_models  INFO  XGBoost fitted: 532 samples, early stopped at iteration 57/300.
13:58:13  src.cpcv.pipeline  INFO    [137/168]              xgboost (seed=1) F1=0.313  AUC=0.553  LL=0.6974 (0.1s)
13:58:13  src.cpcv.models.tree_models  INFO  XGBoost fitted: 532 samples, early stopped at iteration 11/300.
13:58:13  src.cpcv.pipeline  INFO    [138/168]              xgboost (seed=2) F1=0.414  AUC=0.431  LL=0.7335 (0.1s)
13:58:13  src.cpcv.preprocessing  INFO  Computing MDA (Random Forest)...
13:58:47  src.cpcv.preprocessing  INFO  Computing MDA (Logistic Regression)...
13:58:49  src.cpcv.preprocessing  INFO  Multi-model MDA: 40/73 passed (MDA > 0), 33 eliminated
13:58:49  src.cpcv.preprocessing  INFO    Capped at 14 features (top_k_frac=0.2)
13:58:49  src.cpcv.preprocessing  INFO    Selected (14): ['bb_width', 'eth_btc_ratio', 'gk_vol', 'gold_ret_30', 'hashrate_roc_30', 'hurst', 'log_returns_lag1', 'log_returns_lag21', 'log_returns_lag4', 'log_returns_lag6', 'nasdaq_ret_14', 'silver_ret_30', 'smt_poly1', 'yield_curve_10y30y']
13:58:49  src.cpcv.pipeline  INFO    Preprocessing: 14 features selected, train=522 + val=65 + cal=66, test=292
13:58:49  src.cpcv.tuning  INFO  Tuning (2 models) — Optuna TPE + Purged K-Fold (inner: 3 folds, embargo=10 obs)
13:58:49  src.cpcv.tuning  INFO    [tuning] random_forest: 3 purged K-fold splits, 30 Optuna trials (TPE)
13:59:39  src.cpcv.tuning  INFO      random_forest: 29 completed, 1 pruned (of 30 total) — best log_loss=0.6701, params={'n_estimators': 150, 'max_depth': 5, 'min_samples_leaf': 22, 'max_features': 'log2'}
13:59:39  src.cpcv.tuning  INFO    [tuning] random_forest done in 50.2s — best log_loss=0.6701
13:59:39  src.cpcv.tuning  INFO    [tuning] xgboost: 3 purged K-fold splits, 30 Optuna trials (TPE)
13:59:45  src.cpcv.tuning  INFO      xgboost: 15 completed, 15 pruned (of 30 total) — best log_loss=0.6665, params={'max_depth': 1, 'learning_rate': 0.07815333680713273, 'min_child_weight': 10, 'subsample': 0.7663840892719787, 'colsample_bytree': 0.8958315411177405, 'gamma': 0.0002948881963213076, 'reg_alpha': 1.1032173338053777e-08, 'reg_lambda': 0.00011425305582831668}
13:59:45  src.cpcv.tuning  INFO    [tuning] xgboost done in 6.1s — best log_loss=0.6665
13:59:45  src.cpcv.tuning  INFO  Tuning total: 56.3s
13:59:45  src.cpcv.pipeline  INFO      applied random_forest: {'n_estimators': 150, 'max_depth': 5, 'min_samples_leaf': 22, 'max_features': 'log2'}
13:59:45  src.cpcv.pipeline  INFO      applied xgboost: {'max_depth': 1, 'learning_rate': 0.07815333680713273, 'min_child_weight': 10, 'subsample': 0.7663840892719787, 'colsample_bytree': 0.8958315411177405, 'gamma': 0.0002948881963213076, 'reg_alpha': 1.1032173338053777e-08, 'reg_lambda': 0.00011425305582831668}
13:59:45  src.cpcv.models.tree_models  INFO  RandomForest fitted: 522 samples, 14 features, 150 trees.
13:59:46  src.cpcv.pipeline  INFO    [139/168]        random_forest (seed=0) F1=0.506  AUC=0.511  LL=0.7101 (0.5s)
13:59:46  src.cpcv.models.tree_models  INFO  RandomForest fitted: 522 samples, 14 features, 150 trees.
13:59:46  src.cpcv.pipeline  INFO    [140/168]        random_forest (seed=1) F1=0.293  AUC=0.491  LL=0.6988 (0.5s)
13:59:46  src.cpcv.models.tree_models  INFO  RandomForest fitted: 522 samples, 14 features, 150 trees.
13:59:47  src.cpcv.pipeline  INFO    [141/168]        random_forest (seed=2) F1=0.520  AUC=0.515  LL=0.7021 (0.5s)
13:59:47  src.cpcv.models.tree_models  INFO  XGBoost fitted: 522 samples, early stopped at iteration 6/300.
13:59:47  src.cpcv.pipeline  INFO    [142/168]              xgboost (seed=0) F1=0.427  AUC=0.450  LL=0.8106 (0.1s)
13:59:47  src.cpcv.models.tree_models  INFO  XGBoost fitted: 522 samples, early stopped at iteration 2/300.
13:59:47  src.cpcv.pipeline  INFO    [143/168]              xgboost (seed=1) F1=0.293  AUC=0.455  LL=0.6988 (0.0s)
13:59:47  src.cpcv.models.tree_models  INFO  XGBoost fitted: 522 samples, early stopped at iteration 7/300.
13:59:47  src.cpcv.pipeline  INFO    [144/168]              xgboost (seed=2) F1=0.464  AUC=0.534  LL=1.2564 (0.1s)
13:59:47  src.cpcv.preprocessing  INFO  Computing MDA (Random Forest)...
14:00:22  src.cpcv.preprocessing  INFO  Computing MDA (Logistic Regression)...
14:00:24  src.cpcv.preprocessing  INFO  Multi-model MDA: 41/73 passed (MDA > 0), 32 eliminated
14:00:24  src.cpcv.preprocessing  INFO    Capped at 14 features (top_k_frac=0.2)
14:00:24  src.cpcv.preprocessing  INFO    Selected (14): ['ema_ratio_50_200', 'gk_vol', 'log_returns_lag1', 'log_returns_lag14', 'log_returns_lag21', 'log_returns_lag3', 'log_returns_lag30', 'log_returns_lag4', 'nasdaq_ret_30', 'realized_vol', 'silver_ret_30', 'smt_poly1', 'tx_count_roc_14', 'vol_term_7_30']
14:00:24  src.cpcv.pipeline  INFO    Preprocessing: 14 features selected, train=531 + val=66 + cal=67, test=292
14:00:24  src.cpcv.tuning  INFO  Tuning (2 models) — Optuna TPE + Purged K-Fold (inner: 3 folds, embargo=10 obs)
14:00:24  src.cpcv.tuning  INFO    [tuning] random_forest: 3 purged K-fold splits, 30 Optuna trials (TPE)
14:01:02  src.cpcv.tuning  INFO      random_forest: 29 completed, 1 pruned (of 30 total) — best log_loss=0.6879, params={'n_estimators': 100, 'max_depth': 3, 'min_samples_leaf': 30, 'max_features': 'sqrt'}
14:01:02  src.cpcv.tuning  INFO    [tuning] random_forest done in 38.5s — best log_loss=0.6879
14:01:02  src.cpcv.tuning  INFO    [tuning] xgboost: 3 purged K-fold splits, 30 Optuna trials (TPE)
14:01:07  src.cpcv.tuning  INFO      xgboost: 26 completed, 4 pruned (of 30 total) — best log_loss=0.6816, params={'max_depth': 2, 'learning_rate': 0.11114989443094977, 'min_child_weight': 5, 'subsample': 0.9879639408647978, 'colsample_bytree': 0.9329770563201687, 'gamma': 4.997040685255803e-07, 'reg_alpha': 4.329370014459266e-07, 'reg_lambda': 4.4734294104626844e-07}
14:01:07  src.cpcv.tuning  INFO    [tuning] xgboost done in 4.4s — best log_loss=0.6816
14:01:07  src.cpcv.tuning  INFO  Tuning total: 42.9s
14:01:07  src.cpcv.pipeline  INFO      applied random_forest: {'n_estimators': 100, 'max_depth': 3, 'min_samples_leaf': 30, 'max_features': 'sqrt'}
14:01:07  src.cpcv.pipeline  INFO      applied xgboost: {'max_depth': 2, 'learning_rate': 0.11114989443094977, 'min_child_weight': 5, 'subsample': 0.9879639408647978, 'colsample_bytree': 0.9329770563201687, 'gamma': 4.997040685255803e-07, 'reg_alpha': 4.329370014459266e-07, 'reg_lambda': 4.4734294104626844e-07}
14:01:07  src.cpcv.models.tree_models  INFO  RandomForest fitted: 531 samples, 14 features, 100 trees.
14:01:07  src.cpcv.pipeline  INFO    [145/168]        random_forest (seed=0) F1=0.375  AUC=0.484  LL=0.6863 (0.4s)
14:01:07  src.cpcv.models.tree_models  INFO  RandomForest fitted: 531 samples, 14 features, 100 trees.
14:01:07  src.cpcv.pipeline  INFO    [146/168]        random_forest (seed=1) F1=0.367  AUC=0.458  LL=0.6867 (0.4s)
14:01:08  src.cpcv.models.tree_models  INFO  RandomForest fitted: 531 samples, 14 features, 100 trees.
14:01:08  src.cpcv.pipeline  INFO    [147/168]        random_forest (seed=2) F1=0.487  AUC=0.469  LL=0.6938 (0.3s)
14:01:08  src.cpcv.models.tree_models  INFO  XGBoost fitted: 531 samples, early stopped at iteration 0/300.
14:01:08  src.cpcv.pipeline  INFO    [148/168]              xgboost (seed=0) F1=0.502  AUC=0.507  LL=0.7060 (0.1s)
14:01:08  src.cpcv.models.tree_models  INFO  XGBoost fitted: 531 samples, early stopped at iteration 0/300.
14:01:08  src.cpcv.pipeline  INFO    [149/168]              xgboost (seed=1) F1=0.464  AUC=0.507  LL=0.6941 (0.1s)
14:01:08  src.cpcv.models.tree_models  INFO  XGBoost fitted: 531 samples, early stopped at iteration 0/300.
14:01:08  src.cpcv.pipeline  INFO    [150/168]              xgboost (seed=2) F1=0.502  AUC=0.507  LL=0.7059 (0.1s)
14:01:08  src.cpcv.preprocessing  INFO  Computing MDA (Random Forest)...
14:01:42  src.cpcv.preprocessing  INFO  Computing MDA (Logistic Regression)...
14:01:43  src.cpcv.preprocessing  INFO  Multi-model MDA: 39/73 passed (MDA > 0), 34 eliminated
14:01:43  src.cpcv.preprocessing  INFO    Capped at 14 features (top_k_frac=0.2)
14:01:43  src.cpcv.preprocessing  INFO    Selected (14): ['cci_14', 'dxy_roc_30', 'ema_ratio_50_200', 'fee_per_tx', 'gk_vol', 'gold_ret_14', 'gold_ret_30', 'kurtosis', 'log_returns', 'log_returns_lag2', 'log_returns_lag5', 'log_returns_lag6', 'smt_poly1', 'vix']
14:01:43  src.cpcv.pipeline  INFO    Preprocessing: 14 features selected, train=532 + val=66 + cal=67, test=292
14:01:43  src.cpcv.tuning  INFO  Tuning (2 models) — Optuna TPE + Purged K-Fold (inner: 3 folds, embargo=10 obs)
14:01:43  src.cpcv.tuning  INFO    [tuning] random_forest: 3 purged K-fold splits, 30 Optuna trials (TPE)
14:02:34  src.cpcv.tuning  INFO      random_forest: 22 completed, 8 pruned (of 30 total) — best log_loss=0.6869, params={'n_estimators': 250, 'max_depth': 2, 'min_samples_leaf': 19, 'max_features': 'log2'}
14:02:34  src.cpcv.tuning  INFO    [tuning] random_forest done in 50.4s — best log_loss=0.6869
14:02:34  src.cpcv.tuning  INFO    [tuning] xgboost: 3 purged K-fold splits, 30 Optuna trials (TPE)
14:02:38  src.cpcv.tuning  INFO      xgboost: 21 completed, 9 pruned (of 30 total) — best log_loss=0.6814, params={'max_depth': 1, 'learning_rate': 0.21181955789883058, 'min_child_weight': 29, 'subsample': 0.9108276018239152, 'colsample_bytree': 0.7374409628269041, 'gamma': 4.8831937254973375e-08, 'reg_alpha': 0.009232386965046373, 'reg_lambda': 0.0002100906350266914}
14:02:38  src.cpcv.tuning  INFO    [tuning] xgboost done in 4.2s — best log_loss=0.6814
14:02:38  src.cpcv.tuning  INFO  Tuning total: 54.6s
14:02:38  src.cpcv.pipeline  INFO      applied random_forest: {'n_estimators': 250, 'max_depth': 2, 'min_samples_leaf': 19, 'max_features': 'log2'}
14:02:38  src.cpcv.pipeline  INFO      applied xgboost: {'max_depth': 1, 'learning_rate': 0.21181955789883058, 'min_child_weight': 29, 'subsample': 0.9108276018239152, 'colsample_bytree': 0.7374409628269041, 'gamma': 4.8831937254973375e-08, 'reg_alpha': 0.009232386965046373, 'reg_lambda': 0.0002100906350266914}
14:02:38  src.cpcv.models.tree_models  INFO  RandomForest fitted: 532 samples, 14 features, 250 trees.
14:02:39  src.cpcv.pipeline  INFO    [151/168]        random_forest (seed=0) F1=0.465  AUC=0.520  LL=0.6949 (0.8s)
14:02:39  src.cpcv.models.tree_models  INFO  RandomForest fitted: 532 samples, 14 features, 250 trees.
14:02:39  src.cpcv.pipeline  INFO    [152/168]        random_forest (seed=1) F1=0.517  AUC=0.529  LL=0.6941 (0.8s)
14:02:40  src.cpcv.models.tree_models  INFO  RandomForest fitted: 532 samples, 14 features, 250 trees.
14:02:40  src.cpcv.pipeline  INFO    [153/168]        random_forest (seed=2) F1=0.526  AUC=0.530  LL=0.6939 (0.7s)
14:02:40  src.cpcv.models.tree_models  INFO  XGBoost fitted: 532 samples, early stopped at iteration 8/300.
14:02:40  src.cpcv.pipeline  INFO    [154/168]              xgboost (seed=0) F1=0.321  AUC=0.475  LL=0.6971 (0.0s)
14:02:40  src.cpcv.models.tree_models  INFO  XGBoost fitted: 532 samples, early stopped at iteration 4/300.
14:02:40  src.cpcv.pipeline  INFO    [155/168]              xgboost (seed=1) F1=0.453  AUC=0.476  LL=0.7022 (0.0s)
14:02:40  src.cpcv.models.tree_models  INFO  XGBoost fitted: 532 samples, early stopped at iteration 10/300.
14:02:40  src.cpcv.pipeline  INFO    [156/168]              xgboost (seed=2) F1=0.321  AUC=0.486  LL=0.6975 (0.0s)
14:02:41  src.cpcv.preprocessing  INFO  Computing MDA (Random Forest)...
14:03:15  src.cpcv.preprocessing  INFO  Computing MDA (Logistic Regression)...
14:03:16  src.cpcv.preprocessing  INFO  Multi-model MDA: 31/73 passed (MDA > 0), 42 eliminated
14:03:16  src.cpcv.preprocessing  INFO    Capped at 14 features (top_k_frac=0.2)
14:03:16  src.cpcv.preprocessing  INFO    Selected (14): ['active_addr_roc_14', 'bb_width', 'eth_btc_ratio', 'exchange_supply_pct', 'gold_ret_14', 'log_returns_lag1', 'log_returns_lag2', 'log_returns_lag6', 'log_returns_lag7', 'natgas_ret_14', 'shannon_entropy', 'stoch_k', 'us10y', 'vix']
14:03:16  src.cpcv.pipeline  INFO    Preprocessing: 14 features selected, train=531 + val=66 + cal=67, test=292
14:03:16  src.cpcv.tuning  INFO  Tuning (2 models) — Optuna TPE + Purged K-Fold (inner: 3 folds, embargo=10 obs)
14:03:16  src.cpcv.tuning  INFO    [tuning] random_forest: 3 purged K-fold splits, 30 Optuna trials (TPE)
14:03:57  src.cpcv.tuning  INFO      random_forest: 23 completed, 7 pruned (of 30 total) — best log_loss=0.6848, params={'n_estimators': 150, 'max_depth': 2, 'min_samples_leaf': 40, 'max_features': 'log2'}
14:03:57  src.cpcv.tuning  INFO    [tuning] random_forest done in 40.9s — best log_loss=0.6848
14:03:57  src.cpcv.tuning  INFO    [tuning] xgboost: 3 purged K-fold splits, 30 Optuna trials (TPE)
14:04:03  src.cpcv.tuning  INFO      xgboost: 15 completed, 15 pruned (of 30 total) — best log_loss=0.6712, params={'max_depth': 3, 'learning_rate': 0.296446517801466, 'min_child_weight': 20, 'subsample': 0.7547025552131141, 'colsample_bytree': 0.8084871894415786, 'gamma': 7.311241896138638e-06, 'reg_alpha': 0.00014422243561457965, 'reg_lambda': 0.00035804422029620144}
14:04:03  src.cpcv.tuning  INFO    [tuning] xgboost done in 5.5s — best log_loss=0.6712
14:04:03  src.cpcv.tuning  INFO  Tuning total: 46.4s
14:04:03  src.cpcv.pipeline  INFO      applied random_forest: {'n_estimators': 150, 'max_depth': 2, 'min_samples_leaf': 40, 'max_features': 'log2'}
14:04:03  src.cpcv.pipeline  INFO      applied xgboost: {'max_depth': 3, 'learning_rate': 0.296446517801466, 'min_child_weight': 20, 'subsample': 0.7547025552131141, 'colsample_bytree': 0.8084871894415786, 'gamma': 7.311241896138638e-06, 'reg_alpha': 0.00014422243561457965, 'reg_lambda': 0.00035804422029620144}
14:04:03  src.cpcv.models.tree_models  INFO  RandomForest fitted: 531 samples, 14 features, 150 trees.
14:04:03  src.cpcv.pipeline  INFO    [157/168]        random_forest (seed=0) F1=0.421  AUC=0.403  LL=0.7360 (0.6s)
14:04:04  src.cpcv.models.tree_models  INFO  RandomForest fitted: 531 samples, 14 features, 150 trees.
14:04:04  src.cpcv.pipeline  INFO    [158/168]        random_forest (seed=1) F1=0.435  AUC=0.418  LL=0.7384 (0.6s)
14:04:05  src.cpcv.models.tree_models  INFO  RandomForest fitted: 531 samples, 14 features, 150 trees.
14:04:05  src.cpcv.pipeline  INFO    [159/168]        random_forest (seed=2) F1=0.433  AUC=0.413  LL=0.7551 (0.6s)
14:04:05  src.cpcv.models.tree_models  INFO  XGBoost fitted: 531 samples, early stopped at iteration 0/300.
14:04:05  src.cpcv.pipeline  INFO    [160/168]              xgboost (seed=0) F1=0.490  AUC=0.530  LL=0.6941 (0.0s)
14:04:05  src.cpcv.models.tree_models  INFO  XGBoost fitted: 531 samples, early stopped at iteration 0/300.
14:04:05  src.cpcv.pipeline  INFO    [161/168]              xgboost (seed=1) F1=0.424  AUC=0.475  LL=0.7126 (0.0s)
14:04:05  src.cpcv.models.tree_models  INFO  XGBoost fitted: 531 samples, early stopped at iteration 0/300.
14:04:05  src.cpcv.pipeline  INFO    [162/168]              xgboost (seed=2) F1=0.345  AUC=0.521  LL=0.6928 (0.0s)
14:04:05  src.cpcv.preprocessing  INFO  Computing MDA (Random Forest)...
14:04:39  src.cpcv.preprocessing  INFO  Computing MDA (Logistic Regression)...
14:04:40  src.cpcv.preprocessing  INFO  Multi-model MDA: 38/73 passed (MDA > 0), 35 eliminated
14:04:40  src.cpcv.preprocessing  INFO    Capped at 14 features (top_k_frac=0.2)
14:04:40  src.cpcv.preprocessing  INFO    Selected (14): ['dxy_roc_30', 'exchange_supply_pct', 'hurst', 'log_returns_lag1', 'log_returns_lag4', 'macd_signal', 'roc_14', 'silver_ret_30', 'skewness', 'smt_exp', 'stoch_d', 'williams_r', 'yield_curve_2y10y', 'yz_vol']
14:04:40  src.cpcv.pipeline  INFO    Preprocessing: 14 features selected, train=540 + val=68 + cal=68, test=292
14:04:40  src.cpcv.tuning  INFO  Tuning (2 models) — Optuna TPE + Purged K-Fold (inner: 3 folds, embargo=10 obs)
14:04:40  src.cpcv.tuning  INFO    [tuning] random_forest: 3 purged K-fold splits, 30 Optuna trials (TPE)
14:05:34  src.cpcv.tuning  INFO      random_forest: 30 completed, 0 pruned (of 30 total) — best log_loss=0.6972, params={'n_estimators': 250, 'max_depth': 2, 'min_samples_leaf': 15, 'max_features': 'sqrt'}
14:05:34  src.cpcv.tuning  INFO    [tuning] random_forest done in 54.3s — best log_loss=0.6972
14:05:34  src.cpcv.tuning  INFO    [tuning] xgboost: 3 purged K-fold splits, 30 Optuna trials (TPE)
14:05:39  src.cpcv.tuning  INFO      xgboost: 30 completed, 0 pruned (of 30 total) — best log_loss=0.6913, params={'max_depth': 3, 'learning_rate': 0.05649425844189546, 'min_child_weight': 11, 'subsample': 0.7550376816255844, 'colsample_bytree': 0.7951893439818288, 'gamma': 3.7916245212427736e-05, 'reg_alpha': 0.13573292897841474, 'reg_lambda': 2.8390057217340376e-08}
14:05:39  src.cpcv.tuning  INFO    [tuning] xgboost done in 4.7s — best log_loss=0.6913
14:05:39  src.cpcv.tuning  INFO  Tuning total: 59.0s
14:05:39  src.cpcv.pipeline  INFO      applied random_forest: {'n_estimators': 250, 'max_depth': 2, 'min_samples_leaf': 15, 'max_features': 'sqrt'}
14:05:39  src.cpcv.pipeline  INFO      applied xgboost: {'max_depth': 3, 'learning_rate': 0.05649425844189546, 'min_child_weight': 11, 'subsample': 0.7550376816255844, 'colsample_bytree': 0.7951893439818288, 'gamma': 3.7916245212427736e-05, 'reg_alpha': 0.13573292897841474, 'reg_lambda': 2.8390057217340376e-08}
14:05:40  src.cpcv.models.tree_models  INFO  RandomForest fitted: 540 samples, 14 features, 250 trees.
14:05:40  src.cpcv.pipeline  INFO    [163/168]        random_forest (seed=0) F1=0.408  AUC=0.498  LL=0.7431 (0.8s)
14:05:40  src.cpcv.models.tree_models  INFO  RandomForest fitted: 540 samples, 14 features, 250 trees.
14:05:41  src.cpcv.pipeline  INFO    [164/168]        random_forest (seed=1) F1=0.451  AUC=0.486  LL=0.7609 (0.8s)
14:05:41  src.cpcv.models.tree_models  INFO  RandomForest fitted: 540 samples, 14 features, 250 trees.
14:05:41  src.cpcv.pipeline  INFO    [165/168]        random_forest (seed=2) F1=0.395  AUC=0.510  LL=0.7374 (0.8s)
14:05:41  src.cpcv.models.tree_models  INFO  XGBoost fitted: 540 samples, early stopped at iteration 37/300.
14:05:41  src.cpcv.pipeline  INFO    [166/168]              xgboost (seed=0) F1=0.505  AUC=0.506  LL=0.7858 (0.1s)
14:05:42  src.cpcv.models.tree_models  INFO  XGBoost fitted: 540 samples, early stopped at iteration 52/300.
14:05:42  src.cpcv.pipeline  INFO    [167/168]              xgboost (seed=1) F1=0.522  AUC=0.526  LL=0.7613 (0.1s)
14:05:42  src.cpcv.models.tree_models  INFO  XGBoost fitted: 540 samples, early stopped at iteration 4/300.
14:05:42  src.cpcv.pipeline  INFO    [168/168]              xgboost (seed=2) F1=0.494  AUC=0.503  LL=0.7774 (0.1s)
14:05:42  src.cpcv.pipeline  INFO  ============================================================
14:05:42  src.cpcv.pipeline  INFO  CPCV Pipeline Complete
14:05:42  src.cpcv.pipeline  INFO  ============================================================
14:05:42  src.cpcv.pipeline  INFO    Total time:     2559.3s (42.7m)
14:05:42  src.cpcv.pipeline  INFO    Tasks:          168 succeeded, 0 failed
14:05:42  src.cpcv.pipeline  INFO    Results keys:   168 (model, split, seed) entries
14:05:42  src.cpcv.pipeline  INFO    Backtest paths: 7
14:05:42  src.cpcv.pipeline  INFO    Tuning:         nested (per-split), 28 splits tuned, models=['random_forest', 'xgboost']
14:05:42  src.cpcv.pipeline  INFO  ============================================================
14:05:42  src.cpcv.pipeline  INFO  ============================================================
14:05:42  src.cpcv.pipeline  INFO  CPCV Pipeline
14:05:42  src.cpcv.pipeline  INFO  ============================================================
14:05:42  src.cpcv.pipeline  INFO    Models:         ['lstm']
14:05:42  src.cpcv.pipeline  INFO    Seeds/fold:     3
14:05:42  src.cpcv.pipeline  INFO    Groups (N):     8
14:05:42  src.cpcv.pipeline  INFO    Test groups (k):2
14:05:42  src.cpcv.pipeline  INFO    Embargo:        1.0%
14:05:42  src.cpcv.pipeline  INFO    FFD columns:    ['atr']
14:05:42  src.cpcv.pipeline  INFO    Samples:        1168
14:05:42  src.cpcv.pipeline  INFO    Features:       73
14:05:42  src.cpcv.pipeline  INFO    Splits:         28, Paths: 7
14:05:42  src.cpcv.pipeline  INFO    Tuning:         NESTED (per-split) — ['lstm'] [30 trials]
14:05:42  src.cpcv.pipeline  INFO  ============================================================
14:05:42  src.cpcv.preprocessing  INFO  Computing MDA (Random Forest)...
14:06:21  src.cpcv.preprocessing  INFO  Computing MDA (Logistic Regression)...
14:06:22  src.cpcv.preprocessing  INFO  Multi-model MDA: 31/73 passed (MDA > 0), 42 eliminated
14:06:22  src.cpcv.preprocessing  INFO    Capped at 14 features (top_k_frac=0.2)
14:06:22  src.cpcv.preprocessing  INFO    Selected (14): ['ema_ratio_20_50', 'eth_btc_ratio', 'exchange_supply_pct', 'jarque_bera', 'log_returns', 'log_returns_lag6', 'macd_hist', 'natgas_ret_30', 'skewness', 'smt_exp', 'sp500_ret_30', 'variance_ratio', 'vix', 'yield_curve_2y10y']
14:06:22  src.cpcv.pipeline  INFO    Preprocessing: 14 features selected, train=692 + val=86 + cal=87, test=93
14:06:22  src.cpcv.tuning  INFO  Tuning (1 model) — Optuna TPE + Purged K-Fold (inner: 3 folds, embargo=10 obs)
14:06:23  src.cpcv.tuning  INFO    [tuning] lstm: 3 purged K-fold splits, 30 Optuna trials (TPE)
14:07:20  src.cpcv.tuning  INFO      lstm: 27 completed, 3 pruned (of 30 total) — best log_loss=0.6842, params={'hidden_size': 16, 'dropout': 0.4629527237895126, 'learning_rate': 0.03414263212666758}
14:07:20  src.cpcv.tuning  INFO    [tuning] lstm done in 57.4s — best log_loss=0.6842
14:07:20  src.cpcv.tuning  INFO  Tuning total: 57.4s
14:07:20  src.cpcv.pipeline  INFO      applied lstm: {'hidden_size': 16, 'num_layers': 1, 'dropout': 0.4629527237895126, 'learning_rate': 0.03414263212666758}
14:07:22  src.cpcv.pipeline  INFO    [  1/84]                 lstm (seed=0) F1=0.292  AUC=0.594  LL=0.7336 (1.8s)
14:07:23  src.cpcv.pipeline  INFO    [  2/84]                 lstm (seed=1) F1=0.349  AUC=0.493  LL=0.7304 (1.3s)
14:07:24  src.cpcv.pipeline  INFO    [  3/84]                 lstm (seed=2) F1=0.295  AUC=0.504  LL=0.7325 (1.4s)
14:07:25  src.cpcv.preprocessing  INFO  Computing MDA (Random Forest)...
14:08:03  src.cpcv.preprocessing  INFO  Computing MDA (Logistic Regression)...
14:08:04  src.cpcv.preprocessing  INFO  Multi-model MDA: 39/73 passed (MDA > 0), 34 eliminated
14:08:04  src.cpcv.preprocessing  INFO    Capped at 14 features (top_k_frac=0.2)
14:08:04  src.cpcv.preprocessing  INFO    Selected (14): ['cci_14', 'copper_ret_14', 'ema_ratio_50_200', 'gk_vol', 'gold_ret_30', 'log_returns', 'natgas_ret_30', 'oil_ret_14', 'oil_ret_30', 'roc_14', 'rsi', 'silver_ret_30', 'stoch_d', 'yz_vol']
14:08:04  src.cpcv.pipeline  INFO    Preprocessing: 14 features selected, train=647 + val=81 + cal=81, test=146
14:08:04  src.cpcv.tuning  INFO  Tuning (1 model) — Optuna TPE + Purged K-Fold (inner: 3 folds, embargo=10 obs)
14:08:04  src.cpcv.tuning  INFO    [tuning] lstm: 3 purged K-fold splits, 30 Optuna trials (TPE)
14:08:57  src.cpcv.tuning  INFO      lstm: 21 completed, 9 pruned (of 30 total) — best log_loss=0.6736, params={'hidden_size': 16, 'dropout': 0.3682180570419545, 'learning_rate': 0.02694772022511332}
14:08:57  src.cpcv.tuning  INFO    [tuning] lstm done in 52.9s — best log_loss=0.6736
14:08:57  src.cpcv.tuning  INFO  Tuning total: 52.9s
14:08:57  src.cpcv.pipeline  INFO      applied lstm: {'hidden_size': 16, 'num_layers': 1, 'dropout': 0.3682180570419545, 'learning_rate': 0.02694772022511332}
14:08:58  src.cpcv.pipeline  INFO    [  4/84]                 lstm (seed=0) F1=0.476  AUC=0.458  LL=0.7027 (1.0s)
14:08:59  src.cpcv.pipeline  INFO    [  5/84]                 lstm (seed=1) F1=0.348  AUC=0.402  LL=0.6942 (1.1s)
14:09:01  src.cpcv.pipeline  INFO    [  6/84]                 lstm (seed=2) F1=0.456  AUC=0.423  LL=0.7421 (1.2s)
14:09:01  src.cpcv.preprocessing  INFO  Computing MDA (Random Forest)...
14:09:39  src.cpcv.preprocessing  INFO  Computing MDA (Logistic Regression)...
14:09:41  src.cpcv.preprocessing  INFO  Multi-model MDA: 36/73 passed (MDA > 0), 37 eliminated
14:09:41  src.cpcv.preprocessing  INFO    Capped at 14 features (top_k_frac=0.2)
14:09:41  src.cpcv.preprocessing  INFO    Selected (14): ['atr', 'cci_14', 'dxy_roc_30', 'ema_ratio_20_50', 'eth_btc_ratio', 'log_returns', 'log_returns_lag1', 'log_returns_lag5', 'log_returns_lag6', 'mvrv', 'natgas_ret_30', 'oil_ret_14', 'smt_poly1', 'stoch_d']
14:09:41  src.cpcv.pipeline  INFO    Preprocessing: 14 features selected, train=648 + val=81 + cal=82, test=146
14:09:41  src.cpcv.tuning  INFO  Tuning (1 model) — Optuna TPE + Purged K-Fold (inner: 3 folds, embargo=10 obs)
14:09:41  src.cpcv.tuning  INFO    [tuning] lstm: 3 purged K-fold splits, 30 Optuna trials (TPE)
14:10:29  src.cpcv.tuning  INFO      lstm: 12 completed, 18 pruned (of 30 total) — best log_loss=0.6823, params={'hidden_size': 16, 'dropout': 0.2970941398169196, 'learning_rate': 0.02438163116675744}
14:10:29  src.cpcv.tuning  INFO    [tuning] lstm done in 48.5s — best log_loss=0.6823
14:10:29  src.cpcv.tuning  INFO  Tuning total: 48.5s
14:10:29  src.cpcv.pipeline  INFO      applied lstm: {'hidden_size': 16, 'num_layers': 1, 'dropout': 0.2970941398169196, 'learning_rate': 0.02438163116675744}
14:10:30  src.cpcv.pipeline  INFO    [  7/84]                 lstm (seed=0) F1=0.563  AUC=0.595  LL=0.6829 (1.0s)
14:10:31  src.cpcv.pipeline  INFO    [  8/84]                 lstm (seed=1) F1=0.488  AUC=0.473  LL=0.6941 (1.2s)
14:10:32  src.cpcv.pipeline  INFO    [  9/84]                 lstm (seed=2) F1=0.419  AUC=0.456  LL=0.7036 (1.2s)
14:10:33  src.cpcv.preprocessing  INFO  Computing MDA (Random Forest)...
14:11:10  src.cpcv.preprocessing  INFO  Computing MDA (Logistic Regression)...
14:11:11  src.cpcv.preprocessing  INFO  Multi-model MDA: 39/73 passed (MDA > 0), 34 eliminated
14:11:11  src.cpcv.preprocessing  INFO    Capped at 14 features (top_k_frac=0.2)
14:11:11  src.cpcv.preprocessing  INFO    Selected (14): ['atr', 'cci_14', 'eth_btc_ratio', 'hashrate_roc_30', 'log_returns_lag21', 'lz_complexity', 'mvrv', 'natgas_ret_30', 'realized_vol', 'sadf', 'sp500_ret_14', 'tx_count_roc_14', 'variance_ratio', 'vix']
14:11:11  src.cpcv.pipeline  INFO    Preprocessing: 14 features selected, train=648 + val=81 + cal=82, test=146
14:11:11  src.cpcv.tuning  INFO  Tuning (1 model) — Optuna TPE + Purged K-Fold (inner: 3 folds, embargo=10 obs)
14:11:11  src.cpcv.tuning  INFO    [tuning] lstm: 3 purged K-fold splits, 30 Optuna trials (TPE)
14:12:02  src.cpcv.tuning  INFO      lstm: 19 completed, 11 pruned (of 30 total) — best log_loss=0.6836, params={'hidden_size': 32, 'dropout': 0.1407290556716852, 'learning_rate': 0.02574288403902505}
14:12:02  src.cpcv.tuning  INFO    [tuning] lstm done in 50.5s — best log_loss=0.6836
14:12:02  src.cpcv.tuning  INFO  Tuning total: 50.5s
14:12:02  src.cpcv.pipeline  INFO      applied lstm: {'hidden_size': 32, 'num_layers': 1, 'dropout': 0.1407290556716852, 'learning_rate': 0.02574288403902505}
14:12:03  src.cpcv.pipeline  INFO    [ 10/84]                 lstm (seed=0) F1=0.479  AUC=0.567  LL=0.7385 (1.2s)
14:12:04  src.cpcv.pipeline  INFO    [ 11/84]                 lstm (seed=1) F1=0.426  AUC=0.510  LL=0.7409 (1.2s)
14:12:05  src.cpcv.pipeline  INFO    [ 12/84]                 lstm (seed=2) F1=0.327  AUC=0.382  LL=0.7018 (1.3s)
14:12:06  src.cpcv.preprocessing  INFO  Computing MDA (Random Forest)...
14:12:44  src.cpcv.preprocessing  INFO  Computing MDA (Logistic Regression)...
14:12:45  src.cpcv.preprocessing  INFO  Multi-model MDA: 36/73 passed (MDA > 0), 37 eliminated
14:12:45  src.cpcv.preprocessing  INFO    Capped at 14 features (top_k_frac=0.2)
14:12:45  src.cpcv.preprocessing  INFO    Selected (14): ['active_addr_roc_14', 'atr', 'eth_btc_ratio', 'exchange_supply_pct', 'issuance_ntv', 'log_returns_lag1', 'log_returns_lag5', 'log_returns_lag7', 'obv', 'oil_ret_14', 'roc_14', 'skewness', 'smt_exp', 'vix']
14:12:45  src.cpcv.pipeline  INFO    Preprocessing: 14 features selected, train=648 + val=81 + cal=82, test=146
14:12:45  src.cpcv.tuning  INFO  Tuning (1 model) — Optuna TPE + Purged K-Fold (inner: 3 folds, embargo=10 obs)
14:12:45  src.cpcv.tuning  INFO    [tuning] lstm: 3 purged K-fold splits, 30 Optuna trials (TPE)
14:13:32  src.cpcv.tuning  INFO      lstm: 11 completed, 19 pruned (of 30 total) — best log_loss=0.6656, params={'hidden_size': 32, 'dropout': 0.27988496696154264, 'learning_rate': 0.04942332432733174}
14:13:32  src.cpcv.tuning  INFO    [tuning] lstm done in 47.0s — best log_loss=0.6656
14:13:32  src.cpcv.tuning  INFO  Tuning total: 47.0s
14:13:32  src.cpcv.pipeline  INFO      applied lstm: {'hidden_size': 32, 'num_layers': 1, 'dropout': 0.27988496696154264, 'learning_rate': 0.04942332432733174}
14:13:33  src.cpcv.pipeline  INFO    [ 13/84]                 lstm (seed=0) F1=0.459  AUC=0.497  LL=0.7426 (1.2s)
14:13:35  src.cpcv.pipeline  INFO    [ 14/84]                 lstm (seed=1) F1=0.473  AUC=0.495  LL=0.6942 (1.2s)
14:13:36  src.cpcv.pipeline  INFO    [ 15/84]                 lstm (seed=2) F1=0.403  AUC=0.447  LL=0.7603 (1.1s)
14:13:36  src.cpcv.preprocessing  INFO  Computing MDA (Random Forest)...
14:14:14  src.cpcv.preprocessing  INFO  Computing MDA (Logistic Regression)...
14:14:16  src.cpcv.preprocessing  INFO  Multi-model MDA: 40/73 passed (MDA > 0), 33 eliminated
14:14:16  src.cpcv.preprocessing  INFO    Capped at 14 features (top_k_frac=0.2)
14:14:16  src.cpcv.preprocessing  INFO    Selected (14): ['atr', 'chaikin_osc', 'eth_btc_ratio', 'hashrate_roc_30', 'jarque_bera', 'kurtosis', 'log_returns_lag30', 'log_returns_lag6', 'obv', 'silver_ret_30', 'variance_ratio', 'vol_term_7_30', 'vwma_ratio_20_50', 'yield_curve_2y10y']
14:14:16  src.cpcv.pipeline  INFO    Preprocessing: 14 features selected, train=648 + val=81 + cal=82, test=146
14:14:16  src.cpcv.tuning  INFO  Tuning (1 model) — Optuna TPE + Purged K-Fold (inner: 3 folds, embargo=10 obs)
14:14:16  src.cpcv.tuning  INFO    [tuning] lstm: 3 purged K-fold splits, 30 Optuna trials (TPE)
14:15:03  src.cpcv.tuning  INFO      lstm: 7 completed, 23 pruned (of 30 total) — best log_loss=0.6707, params={'hidden_size': 16, 'dropout': 0.40641797554320924, 'learning_rate': 0.048668098679235654}
14:15:03  src.cpcv.tuning  INFO    [tuning] lstm done in 46.9s — best log_loss=0.6707
14:15:03  src.cpcv.tuning  INFO  Tuning total: 46.9s
14:15:03  src.cpcv.pipeline  INFO      applied lstm: {'hidden_size': 16, 'num_layers': 1, 'dropout': 0.40641797554320924, 'learning_rate': 0.048668098679235654}
14:15:05  src.cpcv.pipeline  INFO    [ 16/84]                 lstm (seed=0) F1=0.338  AUC=0.584  LL=0.7095 (2.2s)
14:15:06  src.cpcv.pipeline  INFO    [ 17/84]                 lstm (seed=1) F1=0.451  AUC=0.560  LL=0.7860 (1.5s)
14:15:08  src.cpcv.pipeline  INFO    [ 18/84]                 lstm (seed=2) F1=0.293  AUC=0.579  LL=0.7801 (1.4s)
14:15:08  src.cpcv.preprocessing  INFO  Computing MDA (Random Forest)...
14:15:46  src.cpcv.preprocessing  INFO  Computing MDA (Logistic Regression)...
14:15:48  src.cpcv.preprocessing  INFO  Multi-model MDA: 40/73 passed (MDA > 0), 33 eliminated
14:15:48  src.cpcv.preprocessing  INFO    Capped at 14 features (top_k_frac=0.2)
14:15:48  src.cpcv.preprocessing  INFO    Selected (14): ['active_addr_roc_14', 'chaikin_osc', 'copper_ret_14', 'hashrate_roc_30', 'hurst', 'kurtosis', 'log_returns', 'log_returns_lag3', 'realized_vol', 'us10y', 'variance_ratio', 'vix', 'williams_r', 'yield_curve_2y10y']
14:15:48  src.cpcv.pipeline  INFO    Preprocessing: 14 features selected, train=657 + val=82 + cal=83, test=146
14:15:48  src.cpcv.tuning  INFO  Tuning (1 model) — Optuna TPE + Purged K-Fold (inner: 3 folds, embargo=10 obs)
14:15:48  src.cpcv.tuning  INFO    [tuning] lstm: 3 purged K-fold splits, 30 Optuna trials (TPE)
14:16:44  src.cpcv.tuning  INFO      lstm: 23 completed, 7 pruned (of 30 total) — best log_loss=0.6862, params={'hidden_size': 32, 'dropout': 0.37529180478007973, 'learning_rate': 0.012075747871821528}
14:16:44  src.cpcv.tuning  INFO    [tuning] lstm done in 55.7s — best log_loss=0.6862
14:16:44  src.cpcv.tuning  INFO  Tuning total: 55.7s
14:16:44  src.cpcv.pipeline  INFO      applied lstm: {'hidden_size': 32, 'num_layers': 1, 'dropout': 0.37529180478007973, 'learning_rate': 0.012075747871821528}
14:16:45  src.cpcv.pipeline  INFO    [ 19/84]                 lstm (seed=0) F1=0.351  AUC=0.634  LL=0.6888 (1.2s)
14:16:46  src.cpcv.pipeline  INFO    [ 20/84]                 lstm (seed=1) F1=0.351  AUC=0.612  LL=0.6899 (1.0s)
14:16:47  src.cpcv.pipeline  INFO    [ 21/84]                 lstm (seed=2) F1=0.351  AUC=0.608  LL=0.6835 (1.1s)
14:16:47  src.cpcv.preprocessing  INFO  Computing MDA (Random Forest)...
14:17:23  src.cpcv.preprocessing  INFO  Computing MDA (Logistic Regression)...
14:17:24  src.cpcv.preprocessing  INFO  Multi-model MDA: 37/73 passed (MDA > 0), 36 eliminated
14:17:24  src.cpcv.preprocessing  INFO    Capped at 14 features (top_k_frac=0.2)
14:17:24  src.cpcv.preprocessing  INFO    Selected (14): ['dxy_roc_30', 'gold_ret_30', 'log_returns', 'log_returns_lag2', 'log_returns_lag4', 'natgas_ret_30', 'negentropy', 'obv', 'rsi', 'silver_ret_30', 'skewness', 'tx_count_roc_14', 'us10y', 'us2y']
14:17:24  src.cpcv.pipeline  INFO    Preprocessing: 14 features selected, train=575 + val=72 + cal=72, test=239
14:17:24  src.cpcv.tuning  INFO  Tuning (1 model) — Optuna TPE + Purged K-Fold (inner: 3 folds, embargo=10 obs)
14:17:24  src.cpcv.tuning  INFO    [tuning] lstm: 3 purged K-fold splits, 30 Optuna trials (TPE)
14:18:01  src.cpcv.tuning  INFO      lstm: 13 completed, 17 pruned (of 30 total) — best log_loss=0.6965, params={'hidden_size': 16, 'dropout': 0.4537736939795456, 'learning_rate': 0.016456610809775476}
14:18:01  src.cpcv.tuning  INFO    [tuning] lstm done in 36.5s — best log_loss=0.6965
14:18:01  src.cpcv.tuning  INFO  Tuning total: 36.5s
14:18:01  src.cpcv.pipeline  INFO      applied lstm: {'hidden_size': 16, 'num_layers': 1, 'dropout': 0.4537736939795456, 'learning_rate': 0.016456610809775476}
14:18:02  src.cpcv.pipeline  INFO    [ 22/84]                 lstm (seed=0) F1=0.531  AUC=0.515  LL=0.7038 (0.9s)
14:18:03  src.cpcv.pipeline  INFO    [ 23/84]                 lstm (seed=1) F1=0.329  AUC=0.434  LL=0.7035 (1.2s)
14:18:04  src.cpcv.pipeline  INFO    [ 24/84]                 lstm (seed=2) F1=0.512  AUC=0.508  LL=0.6966 (1.5s)
14:18:05  src.cpcv.preprocessing  INFO  Computing MDA (Random Forest)...
14:18:39  src.cpcv.preprocessing  INFO  Computing MDA (Logistic Regression)...
14:18:40  src.cpcv.preprocessing  INFO  Multi-model MDA: 38/73 passed (MDA > 0), 35 eliminated
14:18:40  src.cpcv.preprocessing  INFO    Capped at 14 features (top_k_frac=0.2)
14:18:40  src.cpcv.preprocessing  INFO    Selected (14): ['cci_14', 'dxy_roc_30', 'eth_btc_ratio', 'hashrate_roc_30', 'jarque_bera', 'kurtosis', 'log_returns_lag2', 'log_returns_lag6', 'macd', 'macd_hist', 'natgas_ret_30', 'negentropy', 'us10y', 'vol_term_7_30']
14:18:40  src.cpcv.pipeline  INFO    Preprocessing: 14 features selected, train=565 + val=71 + cal=71, test=239
14:18:40  src.cpcv.tuning  INFO  Tuning (1 model) — Optuna TPE + Purged K-Fold (inner: 3 folds, embargo=10 obs)
14:18:40  src.cpcv.tuning  INFO    [tuning] lstm: 3 purged K-fold splits, 30 Optuna trials (TPE)
14:19:29  src.cpcv.tuning  INFO      lstm: 27 completed, 3 pruned (of 30 total) — best log_loss=0.6935, params={'hidden_size': 32, 'dropout': 0.10823379771832098, 'learning_rate': 0.04147225000481637}
14:19:29  src.cpcv.tuning  INFO    [tuning] lstm done in 48.7s — best log_loss=0.6935
14:19:29  src.cpcv.tuning  INFO  Tuning total: 48.7s
14:19:29  src.cpcv.pipeline  INFO      applied lstm: {'hidden_size': 32, 'num_layers': 1, 'dropout': 0.10823379771832098, 'learning_rate': 0.04147225000481637}
14:19:30  src.cpcv.pipeline  INFO    [ 25/84]                 lstm (seed=0) F1=0.305  AUC=0.481  LL=0.6973 (1.0s)
14:19:31  src.cpcv.pipeline  INFO    [ 26/84]                 lstm (seed=1) F1=0.317  AUC=0.459  LL=0.7005 (1.2s)
14:19:32  src.cpcv.pipeline  INFO    [ 27/84]                 lstm (seed=2) F1=0.335  AUC=0.453  LL=0.6991 (1.1s)
14:19:33  src.cpcv.preprocessing  INFO  Computing MDA (Random Forest)...
14:20:07  src.cpcv.preprocessing  INFO  Computing MDA (Logistic Regression)...
14:20:08  src.cpcv.preprocessing  INFO  Multi-model MDA: 37/73 passed (MDA > 0), 36 eliminated
14:20:08  src.cpcv.preprocessing  INFO    Capped at 14 features (top_k_frac=0.2)
14:20:08  src.cpcv.preprocessing  INFO    Selected (14): ['cci_14', 'chaikin_osc', 'dxy_roc_30', 'eth_btc_ratio', 'gold_ret_14', 'hashrate_roc_30', 'jarque_bera', 'log_returns_lag4', 'natgas_ret_30', 'roc_14', 'rsi', 'smt_exp', 'sp500_ret_14', 'williams_r']
14:20:08  src.cpcv.pipeline  INFO    Preprocessing: 14 features selected, train=565 + val=71 + cal=71, test=239
14:20:08  src.cpcv.tuning  INFO  Tuning (1 model) — Optuna TPE + Purged K-Fold (inner: 3 folds, embargo=10 obs)
14:20:08  src.cpcv.tuning  INFO    [tuning] lstm: 3 purged K-fold splits, 30 Optuna trials (TPE)
14:20:57  src.cpcv.tuning  INFO      lstm: 23 completed, 7 pruned (of 30 total) — best log_loss=0.6843, params={'hidden_size': 32, 'dropout': 0.49355626757736387, 'learning_rate': 0.033251206284778526}
14:20:57  src.cpcv.tuning  INFO    [tuning] lstm done in 49.4s — best log_loss=0.6843
14:20:57  src.cpcv.tuning  INFO  Tuning total: 49.4s
14:20:57  src.cpcv.pipeline  INFO      applied lstm: {'hidden_size': 32, 'num_layers': 1, 'dropout': 0.49355626757736387, 'learning_rate': 0.033251206284778526}
14:20:58  src.cpcv.pipeline  INFO    [ 28/84]                 lstm (seed=0) F1=0.444  AUC=0.560  LL=0.9690 (1.1s)
14:21:01  src.cpcv.pipeline  INFO    [ 29/84]                 lstm (seed=1) F1=0.429  AUC=0.514  LL=0.7554 (2.9s)
14:21:03  src.cpcv.pipeline  INFO    [ 30/84]                 lstm (seed=2) F1=0.472  AUC=0.612  LL=0.8435 (1.2s)
14:21:03  src.cpcv.preprocessing  INFO  Computing MDA (Random Forest)...
14:21:39  src.cpcv.preprocessing  INFO  Computing MDA (Logistic Regression)...
14:21:40  src.cpcv.preprocessing  INFO  Multi-model MDA: 37/73 passed (MDA > 0), 36 eliminated
14:21:40  src.cpcv.preprocessing  INFO    Capped at 14 features (top_k_frac=0.2)
14:21:40  src.cpcv.preprocessing  INFO    Selected (14): ['cci_14', 'ema_ratio_20_50', 'fee_per_tx', 'gold_ret_30', 'hashrate_roc_30', 'jarque_bera', 'log_returns', 'log_returns_lag6', 'mfi_14', 'natgas_ret_14', 'natgas_ret_30', 'silver_ret_30', 'skewness', 'sp500_ret_14']
14:21:40  src.cpcv.pipeline  INFO    Preprocessing: 14 features selected, train=565 + val=71 + cal=71, test=239
14:21:40  src.cpcv.tuning  INFO  Tuning (1 model) — Optuna TPE + Purged K-Fold (inner: 3 folds, embargo=10 obs)
14:21:40  src.cpcv.tuning  INFO    [tuning] lstm: 3 purged K-fold splits, 30 Optuna trials (TPE)
14:22:28  src.cpcv.tuning  INFO      lstm: 21 completed, 9 pruned (of 30 total) — best log_loss=0.6911, params={'hidden_size': 32, 'dropout': 0.24872258412133647, 'learning_rate': 0.00024874128038169494}
14:22:28  src.cpcv.tuning  INFO    [tuning] lstm done in 48.3s — best log_loss=0.6911
14:22:28  src.cpcv.tuning  INFO  Tuning total: 48.3s
14:22:28  src.cpcv.pipeline  INFO      applied lstm: {'hidden_size': 32, 'num_layers': 1, 'dropout': 0.24872258412133647, 'learning_rate': 0.00024874128038169494}
14:22:29  src.cpcv.pipeline  INFO    [ 31/84]                 lstm (seed=0) F1=0.523  AUC=0.568  LL=0.7144 (1.2s)
14:22:33  src.cpcv.pipeline  INFO    [ 32/84]                 lstm (seed=1) F1=0.516  AUC=0.541  LL=0.7980 (4.1s)
14:22:37  src.cpcv.pipeline  INFO    [ 33/84]                 lstm (seed=2) F1=0.534  AUC=0.539  LL=0.7077 (4.0s)
14:22:38  src.cpcv.preprocessing  INFO  Computing MDA (Random Forest)...
14:23:12  src.cpcv.preprocessing  INFO  Computing MDA (Logistic Regression)...
14:23:14  src.cpcv.preprocessing  INFO  Multi-model MDA: 34/73 passed (MDA > 0), 39 eliminated
14:23:14  src.cpcv.preprocessing  INFO    Capped at 14 features (top_k_frac=0.2)
14:23:14  src.cpcv.preprocessing  INFO    Selected (14): ['atr', 'copper_ret_14', 'eth_btc_ratio', 'fee_per_tx', 'jarque_bera', 'log_returns_lag4', 'log_returns_lag6', 'oil_ret_14', 'skewness', 'sp500_ret_30', 'variance_ratio', 'vix', 'vol_term_7_30', 'yield_curve_10y30y']
14:23:14  src.cpcv.pipeline  INFO    Preprocessing: 14 features selected, train=565 + val=71 + cal=71, test=239
14:23:14  src.cpcv.tuning  INFO  Tuning (1 model) — Optuna TPE + Purged K-Fold (inner: 3 folds, embargo=10 obs)
14:23:14  src.cpcv.tuning  INFO    [tuning] lstm: 3 purged K-fold splits, 30 Optuna trials (TPE)
14:23:52  src.cpcv.tuning  INFO      lstm: 14 completed, 16 pruned (of 30 total) — best log_loss=0.6796, params={'hidden_size': 16, 'dropout': 0.34307940293969785, 'learning_rate': 0.028514336098200633}
14:23:52  src.cpcv.tuning  INFO    [tuning] lstm done in 38.5s — best log_loss=0.6796
14:23:52  src.cpcv.tuning  INFO  Tuning total: 38.5s
14:23:52  src.cpcv.pipeline  INFO      applied lstm: {'hidden_size': 16, 'num_layers': 1, 'dropout': 0.34307940293969785, 'learning_rate': 0.028514336098200633}
14:23:53  src.cpcv.pipeline  INFO    [ 34/84]                 lstm (seed=0) F1=0.300  AUC=0.544  LL=0.6997 (1.2s)
14:23:55  src.cpcv.pipeline  INFO    [ 35/84]                 lstm (seed=1) F1=0.353  AUC=0.505  LL=0.7125 (1.1s)
14:23:56  src.cpcv.pipeline  INFO    [ 36/84]                 lstm (seed=2) F1=0.300  AUC=0.558  LL=0.7029 (1.3s)
14:23:56  src.cpcv.preprocessing  INFO  Computing MDA (Random Forest)...
14:24:32  src.cpcv.preprocessing  INFO  Computing MDA (Logistic Regression)...
14:24:33  src.cpcv.preprocessing  INFO  Multi-model MDA: 39/73 passed (MDA > 0), 34 eliminated
14:24:33  src.cpcv.preprocessing  INFO    Capped at 14 features (top_k_frac=0.2)
14:24:33  src.cpcv.preprocessing  INFO    Selected (14): ['dxy_roc_30', 'eth_btc_ratio', 'jarque_bera', 'kurtosis', 'log_returns_lag3', 'macd_hist', 'nasdaq_ret_30', 'obv', 'oil_ret_14', 'sadf', 'sp500_ret_30', 'williams_r', 'yield_curve_2y10y', 'yz_vol']
14:24:33  src.cpcv.pipeline  INFO    Preprocessing: 14 features selected, train=574 + val=72 + cal=72, test=239
14:24:33  src.cpcv.tuning  INFO  Tuning (1 model) — Optuna TPE + Purged K-Fold (inner: 3 folds, embargo=10 obs)
14:24:33  src.cpcv.tuning  INFO    [tuning] lstm: 3 purged K-fold splits, 30 Optuna trials (TPE)
14:25:09  src.cpcv.tuning  INFO      lstm: 11 completed, 19 pruned (of 30 total) — best log_loss=0.6884, params={'hidden_size': 16, 'dropout': 0.4484585963567844, 'learning_rate': 0.049544292302394495}
14:25:09  src.cpcv.tuning  INFO    [tuning] lstm done in 36.2s — best log_loss=0.6884
14:25:09  src.cpcv.tuning  INFO  Tuning total: 36.2s
14:25:09  src.cpcv.pipeline  INFO      applied lstm: {'hidden_size': 16, 'num_layers': 1, 'dropout': 0.4484585963567844, 'learning_rate': 0.049544292302394495}
14:25:10  src.cpcv.pipeline  INFO    [ 37/84]                 lstm (seed=0) F1=0.409  AUC=0.473  LL=0.6910 (1.0s)
14:25:11  src.cpcv.pipeline  INFO    [ 38/84]                 lstm (seed=1) F1=0.455  AUC=0.467  LL=0.6924 (0.9s)
14:25:12  src.cpcv.pipeline  INFO    [ 39/84]                 lstm (seed=2) F1=0.468  AUC=0.450  LL=0.6917 (0.9s)
14:25:12  src.cpcv.preprocessing  INFO  Computing MDA (Random Forest)...
14:25:47  src.cpcv.preprocessing  INFO  Computing MDA (Logistic Regression)...
14:25:48  src.cpcv.preprocessing  INFO  Multi-model MDA: 37/73 passed (MDA > 0), 36 eliminated
14:25:48  src.cpcv.preprocessing  INFO    Capped at 14 features (top_k_frac=0.2)
14:25:48  src.cpcv.preprocessing  INFO    Selected (14): ['eth_btc_ratio', 'log_returns_lag2', 'log_returns_lag6', 'macd_hist', 'obv', 'oil_ret_30', 'roc_14', 'sadf', 'silver_ret_30', 'sp500_ret_30', 'stoch_d', 'vol_term_30_90', 'williams_r', 'yield_curve_2y10y']
14:25:48  src.cpcv.pipeline  INFO    Preprocessing: 14 features selected, train=530 + val=66 + cal=67, test=292
14:25:48  src.cpcv.tuning  INFO  Tuning (1 model) — Optuna TPE + Purged K-Fold (inner: 3 folds, embargo=10 obs)
14:25:48  src.cpcv.tuning  INFO    [tuning] lstm: 3 purged K-fold splits, 30 Optuna trials (TPE)
14:26:36  src.cpcv.tuning  INFO      lstm: 22 completed, 8 pruned (of 30 total) — best log_loss=0.6891, params={'hidden_size': 16, 'dropout': 0.460109309177847, 'learning_rate': 0.007990556950856884}
14:26:36  src.cpcv.tuning  INFO    [tuning] lstm done in 47.6s — best log_loss=0.6891
14:26:36  src.cpcv.tuning  INFO  Tuning total: 47.6s
14:26:36  src.cpcv.pipeline  INFO      applied lstm: {'hidden_size': 16, 'num_layers': 1, 'dropout': 0.460109309177847, 'learning_rate': 0.007990556950856884}
14:26:37  src.cpcv.pipeline  INFO    [ 40/84]                 lstm (seed=0) F1=0.544  AUC=0.536  LL=0.7176 (0.8s)
14:26:38  src.cpcv.pipeline  INFO    [ 41/84]                 lstm (seed=1) F1=0.503  AUC=0.538  LL=0.6948 (0.8s)
14:26:39  src.cpcv.pipeline  INFO    [ 42/84]                 lstm (seed=2) F1=0.519  AUC=0.544  LL=0.6927 (0.9s)
14:26:39  src.cpcv.preprocessing  INFO  Computing MDA (Random Forest)...
14:27:14  src.cpcv.preprocessing  INFO  Computing MDA (Logistic Regression)...
14:27:15  src.cpcv.preprocessing  INFO  Multi-model MDA: 39/73 passed (MDA > 0), 34 eliminated
14:27:15  src.cpcv.preprocessing  INFO    Capped at 14 features (top_k_frac=0.2)
14:27:15  src.cpcv.preprocessing  INFO    Selected (14): ['ema_ratio_20_50', 'eth_btc_ratio', 'issuance_ntv', 'log_returns_lag4', 'mvrv', 'oil_ret_14', 'roc_14', 'skewness', 'sp500_ret_14', 'sp500_ret_30', 'stoch_d', 'us2y', 'yield_curve_10y30y', 'yield_curve_2y10y']
14:27:15  src.cpcv.pipeline  INFO    Preprocessing: 14 features selected, train=520 + val=65 + cal=66, test=292
14:27:15  src.cpcv.tuning  INFO  Tuning (1 model) — Optuna TPE + Purged K-Fold (inner: 3 folds, embargo=10 obs)
14:27:15  src.cpcv.tuning  INFO    [tuning] lstm: 3 purged K-fold splits, 30 Optuna trials (TPE)
14:27:58  src.cpcv.tuning  INFO      lstm: 18 completed, 12 pruned (of 30 total) — best log_loss=0.6897, params={'hidden_size': 16, 'dropout': 0.36427980919947006, 'learning_rate': 0.04129016530987077}
14:27:58  src.cpcv.tuning  INFO    [tuning] lstm done in 42.2s — best log_loss=0.6897
14:27:58  src.cpcv.tuning  INFO  Tuning total: 42.2s
14:27:58  src.cpcv.pipeline  INFO      applied lstm: {'hidden_size': 16, 'num_layers': 1, 'dropout': 0.36427980919947006, 'learning_rate': 0.04129016530987077}
14:28:00  src.cpcv.pipeline  INFO    [ 43/84]                 lstm (seed=0) F1=0.544  AUC=0.577  LL=0.6984 (2.0s)
14:28:01  src.cpcv.pipeline  INFO    [ 44/84]                 lstm (seed=1) F1=0.509  AUC=0.563  LL=0.7183 (1.1s)
14:28:02  src.cpcv.pipeline  INFO    [ 45/84]                 lstm (seed=2) F1=0.314  AUC=0.530  LL=0.7008 (1.3s)
14:28:02  src.cpcv.preprocessing  INFO  Computing MDA (Random Forest)...
14:28:37  src.cpcv.preprocessing  INFO  Computing MDA (Logistic Regression)...
14:28:38  src.cpcv.preprocessing  INFO  Multi-model MDA: 30/73 passed (MDA > 0), 43 eliminated
14:28:38  src.cpcv.preprocessing  INFO    Capped at 14 features (top_k_frac=0.2)
14:28:38  src.cpcv.preprocessing  INFO    Selected (14): ['ema_ratio_50_200', 'log_returns', 'log_returns_lag2', 'log_returns_lag30', 'log_returns_lag7', 'natgas_ret_14', 'natgas_ret_30', 'rsi', 'skewness', 'sp500_ret_14', 'us10y', 'us2y', 'vix', 'yield_curve_10y30y']
14:28:38  src.cpcv.pipeline  INFO    Preprocessing: 14 features selected, train=520 + val=65 + cal=66, test=292
14:28:38  src.cpcv.tuning  INFO  Tuning (1 model) — Optuna TPE + Purged K-Fold (inner: 3 folds, embargo=10 obs)
14:28:38  src.cpcv.tuning  INFO    [tuning] lstm: 3 purged K-fold splits, 30 Optuna trials (TPE)
14:29:16  src.cpcv.tuning  INFO      lstm: 13 completed, 17 pruned (of 30 total) — best log_loss=0.6740, params={'hidden_size': 32, 'dropout': 0.10823379771832098, 'learning_rate': 0.04147225000481637}
14:29:16  src.cpcv.tuning  INFO    [tuning] lstm done in 37.1s — best log_loss=0.6740
14:29:16  src.cpcv.tuning  INFO  Tuning total: 37.1s
14:29:16  src.cpcv.pipeline  INFO      applied lstm: {'hidden_size': 32, 'num_layers': 1, 'dropout': 0.10823379771832098, 'learning_rate': 0.04147225000481637}
14:29:17  src.cpcv.pipeline  INFO    [ 46/84]                 lstm (seed=0) F1=0.342  AUC=0.438  LL=0.6941 (1.2s)
14:29:18  src.cpcv.pipeline  INFO    [ 47/84]                 lstm (seed=1) F1=0.504  AUC=0.499  LL=0.7297 (1.2s)
14:29:19  src.cpcv.pipeline  INFO    [ 48/84]                 lstm (seed=2) F1=0.350  AUC=0.545  LL=0.6914 (1.5s)
14:29:20  src.cpcv.preprocessing  INFO  Computing MDA (Random Forest)...
14:29:55  src.cpcv.preprocessing  INFO  Computing MDA (Logistic Regression)...
14:29:57  src.cpcv.preprocessing  INFO  Multi-model MDA: 37/73 passed (MDA > 0), 36 eliminated
14:29:57  src.cpcv.preprocessing  INFO    Capped at 14 features (top_k_frac=0.2)
14:29:57  src.cpcv.preprocessing  INFO    Selected (14): ['dxy_roc_30', 'exchange_supply_pct', 'jarque_bera', 'log_returns_lag5', 'log_returns_lag6', 'lz_complexity', 'nasdaq_ret_14', 'nasdaq_ret_30', 'obv', 'oil_ret_14', 'rsi', 'sadf', 'silver_ret_30', 'smt_exp']
14:29:57  src.cpcv.pipeline  INFO    Preprocessing: 14 features selected, train=520 + val=65 + cal=66, test=292
14:29:57  src.cpcv.tuning  INFO  Tuning (1 model) — Optuna TPE + Purged K-Fold (inner: 3 folds, embargo=10 obs)
14:29:57  src.cpcv.tuning  INFO    [tuning] lstm: 3 purged K-fold splits, 30 Optuna trials (TPE)
14:30:43  src.cpcv.tuning  INFO      lstm: 26 completed, 4 pruned (of 30 total) — best log_loss=0.6736, params={'hidden_size': 16, 'dropout': 0.469997483622161, 'learning_rate': 0.01215700373925036}
14:30:43  src.cpcv.tuning  INFO    [tuning] lstm done in 46.8s — best log_loss=0.6736
14:30:43  src.cpcv.tuning  INFO  Tuning total: 46.8s
14:30:43  src.cpcv.pipeline  INFO      applied lstm: {'hidden_size': 16, 'num_layers': 1, 'dropout': 0.469997483622161, 'learning_rate': 0.01215700373925036}
14:30:45  src.cpcv.pipeline  INFO    [ 49/84]                 lstm (seed=0) F1=0.459  AUC=0.450  LL=0.7716 (1.1s)
14:30:46  src.cpcv.pipeline  INFO    [ 50/84]                 lstm (seed=1) F1=0.491  AUC=0.451  LL=0.8403 (1.1s)
14:30:47  src.cpcv.pipeline  INFO    [ 51/84]                 lstm (seed=2) F1=0.468  AUC=0.460  LL=1.0323 (1.2s)
14:30:47  src.cpcv.preprocessing  INFO  Computing MDA (Random Forest)...
14:31:23  src.cpcv.preprocessing  INFO  Computing MDA (Logistic Regression)...
14:31:24  src.cpcv.preprocessing  INFO  Multi-model MDA: 40/73 passed (MDA > 0), 33 eliminated
14:31:24  src.cpcv.preprocessing  INFO    Capped at 14 features (top_k_frac=0.2)
14:31:24  src.cpcv.preprocessing  INFO    Selected (14): ['chaikin_osc', 'dxy_roc_30', 'exchange_supply_pct', 'fee_per_tx', 'gk_vol', 'jarque_bera', 'kurtosis', 'log_returns_lag1', 'macd_hist', 'natgas_ret_30', 'obv', 'roc_14', 'sadf', 'smt_exp']
14:31:24  src.cpcv.pipeline  INFO    Preprocessing: 14 features selected, train=529 + val=66 + cal=67, test=292
14:31:24  src.cpcv.tuning  INFO  Tuning (1 model) — Optuna TPE + Purged K-Fold (inner: 3 folds, embargo=10 obs)
14:31:24  src.cpcv.tuning  INFO    [tuning] lstm: 3 purged K-fold splits, 30 Optuna trials (TPE)
14:32:15  src.cpcv.tuning  INFO      lstm: 28 completed, 2 pruned (of 30 total) — best log_loss=0.6908, params={'hidden_size': 32, 'dropout': 0.38346044637237964, 'learning_rate': 0.0014218347003204948}
14:32:15  src.cpcv.tuning  INFO    [tuning] lstm done in 50.8s — best log_loss=0.6908
14:32:15  src.cpcv.tuning  INFO  Tuning total: 50.8s
14:32:15  src.cpcv.pipeline  INFO      applied lstm: {'hidden_size': 32, 'num_layers': 1, 'dropout': 0.38346044637237964, 'learning_rate': 0.0014218347003204948}
14:32:16  src.cpcv.pipeline  INFO    [ 52/84]                 lstm (seed=0) F1=0.406  AUC=0.479  LL=0.7069 (1.2s)
14:32:17  src.cpcv.pipeline  INFO    [ 53/84]                 lstm (seed=1) F1=0.384  AUC=0.486  LL=0.7363 (1.3s)
14:32:19  src.cpcv.pipeline  INFO    [ 54/84]                 lstm (seed=2) F1=0.375  AUC=0.487  LL=0.7022 (1.3s)
14:32:19  src.cpcv.preprocessing  INFO  Computing MDA (Random Forest)...
14:32:54  src.cpcv.preprocessing  INFO  Computing MDA (Logistic Regression)...
14:32:55  src.cpcv.preprocessing  INFO  Multi-model MDA: 39/73 passed (MDA > 0), 34 eliminated
14:32:55  src.cpcv.preprocessing  INFO    Capped at 14 features (top_k_frac=0.2)
14:32:55  src.cpcv.preprocessing  INFO    Selected (14): ['copper_ret_14', 'eth_btc_ratio', 'kurtosis', 'log_returns_lag14', 'log_returns_lag2', 'log_returns_lag3', 'log_returns_lag7', 'lz_complexity', 'natgas_ret_30', 'oil_ret_14', 'rsi', 'skewness', 'smt_poly1', 'sp500_ret_30']
14:32:55  src.cpcv.pipeline  INFO    Preprocessing: 14 features selected, train=532 + val=66 + cal=67, test=292
14:32:55  src.cpcv.tuning  INFO  Tuning (1 model) — Optuna TPE + Purged K-Fold (inner: 3 folds, embargo=10 obs)
14:32:55  src.cpcv.tuning  INFO    [tuning] lstm: 3 purged K-fold splits, 30 Optuna trials (TPE)
14:34:02  src.cpcv.tuning  INFO      lstm: 21 completed, 9 pruned (of 30 total) — best log_loss=0.6960, params={'hidden_size': 32, 'dropout': 0.4969606465961866, 'learning_rate': 0.0010431208160668441}
14:34:02  src.cpcv.tuning  INFO    [tuning] lstm done in 66.9s — best log_loss=0.6960
14:34:02  src.cpcv.tuning  INFO  Tuning total: 66.9s
14:34:02  src.cpcv.pipeline  INFO      applied lstm: {'hidden_size': 32, 'num_layers': 1, 'dropout': 0.4969606465961866, 'learning_rate': 0.0010431208160668441}
14:34:03  src.cpcv.pipeline  INFO    [ 55/84]                 lstm (seed=0) F1=0.334  AUC=0.488  LL=0.7169 (1.0s)
14:34:04  src.cpcv.pipeline  INFO    [ 56/84]                 lstm (seed=1) F1=0.301  AUC=0.496  LL=0.7076 (1.1s)
14:34:05  src.cpcv.pipeline  INFO    [ 57/84]                 lstm (seed=2) F1=0.301  AUC=0.535  LL=0.7070 (0.8s)
14:34:05  src.cpcv.preprocessing  INFO  Computing MDA (Random Forest)...
14:34:39  src.cpcv.preprocessing  INFO  Computing MDA (Logistic Regression)...
14:34:40  src.cpcv.preprocessing  INFO  Multi-model MDA: 38/73 passed (MDA > 0), 35 eliminated
14:34:40  src.cpcv.preprocessing  INFO    Capped at 14 features (top_k_frac=0.2)
14:34:40  src.cpcv.preprocessing  INFO    Selected (14): ['ema_ratio_20_50', 'log_returns_lag30', 'log_returns_lag5', 'log_returns_lag6', 'log_returns_lag7', 'mvrv', 'net_exchange_flow', 'oil_ret_14', 'silver_ret_14', 'skewness', 'sp500_ret_14', 'us10y', 'variance_ratio', 'vix']
14:34:40  src.cpcv.pipeline  INFO    Preprocessing: 14 features selected, train=522 + val=65 + cal=66, test=292
14:34:40  src.cpcv.tuning  INFO  Tuning (1 model) — Optuna TPE + Purged K-Fold (inner: 3 folds, embargo=10 obs)
14:34:40  src.cpcv.tuning  INFO    [tuning] lstm: 3 purged K-fold splits, 30 Optuna trials (TPE)
14:35:36  src.cpcv.tuning  INFO      lstm: 21 completed, 9 pruned (of 30 total) — best log_loss=0.6858, params={'hidden_size': 16, 'dropout': 0.4905062947307625, 'learning_rate': 0.0020613772944811787}
14:35:36  src.cpcv.tuning  INFO    [tuning] lstm done in 55.5s — best log_loss=0.6858
14:35:36  src.cpcv.tuning  INFO  Tuning total: 55.5s
14:35:36  src.cpcv.pipeline  INFO      applied lstm: {'hidden_size': 16, 'num_layers': 1, 'dropout': 0.4905062947307625, 'learning_rate': 0.0020613772944811787}
14:35:37  src.cpcv.pipeline  INFO    [ 58/84]                 lstm (seed=0) F1=0.502  AUC=0.545  LL=0.8261 (1.0s)
14:35:39  src.cpcv.pipeline  INFO    [ 59/84]                 lstm (seed=1) F1=0.468  AUC=0.494  LL=0.8016 (2.2s)
14:35:41  src.cpcv.pipeline  INFO    [ 60/84]                 lstm (seed=2) F1=0.454  AUC=0.479  LL=0.8305 (1.9s)
14:35:41  src.cpcv.preprocessing  INFO  Computing MDA (Random Forest)...
14:36:16  src.cpcv.preprocessing  INFO  Computing MDA (Logistic Regression)...
14:36:17  src.cpcv.preprocessing  INFO  Multi-model MDA: 37/73 passed (MDA > 0), 36 eliminated
14:36:17  src.cpcv.preprocessing  INFO    Capped at 14 features (top_k_frac=0.2)
14:36:17  src.cpcv.preprocessing  INFO    Selected (14): ['eth_btc_ratio', 'gold_ret_30', 'kurtosis', 'log_returns_lag3', 'log_returns_lag6', 'log_returns_lag7', 'macd_hist', 'realized_vol', 'silver_ret_30', 'sp500_ret_30', 'stoch_k', 'variance_ratio', 'williams_r', 'yield_curve_2y10y']
14:36:17  src.cpcv.pipeline  INFO    Preprocessing: 14 features selected, train=522 + val=65 + cal=66, test=292
14:36:17  src.cpcv.tuning  INFO  Tuning (1 model) — Optuna TPE + Purged K-Fold (inner: 3 folds, embargo=10 obs)
14:36:17  src.cpcv.tuning  INFO    [tuning] lstm: 3 purged K-fold splits, 30 Optuna trials (TPE)
14:36:58  src.cpcv.tuning  INFO      lstm: 19 completed, 11 pruned (of 30 total) — best log_loss=0.6633, params={'hidden_size': 16, 'dropout': 0.25472928653571897, 'learning_rate': 0.03229920634368757}
14:36:58  src.cpcv.tuning  INFO    [tuning] lstm done in 41.0s — best log_loss=0.6633
14:36:58  src.cpcv.tuning  INFO  Tuning total: 41.0s
14:36:58  src.cpcv.pipeline  INFO      applied lstm: {'hidden_size': 16, 'num_layers': 1, 'dropout': 0.25472928653571897, 'learning_rate': 0.03229920634368757}
14:36:59  src.cpcv.pipeline  INFO    [ 61/84]                 lstm (seed=0) F1=0.403  AUC=0.510  LL=0.7411 (0.9s)
14:37:00  src.cpcv.pipeline  INFO    [ 62/84]                 lstm (seed=1) F1=0.431  AUC=0.499  LL=0.8373 (1.2s)
14:37:01  src.cpcv.pipeline  INFO    [ 63/84]                 lstm (seed=2) F1=0.444  AUC=0.547  LL=0.7718 (0.9s)
14:37:01  src.cpcv.preprocessing  INFO  Computing MDA (Random Forest)...
14:37:36  src.cpcv.preprocessing  INFO  Computing MDA (Logistic Regression)...
14:37:37  src.cpcv.preprocessing  INFO  Multi-model MDA: 38/73 passed (MDA > 0), 35 eliminated
14:37:37  src.cpcv.preprocessing  INFO    Capped at 14 features (top_k_frac=0.2)
14:37:37  src.cpcv.preprocessing  INFO    Selected (14): ['active_addr_roc_14', 'bb_width', 'copper_ret_30', 'eth_btc_ratio', 'exchange_supply_pct', 'log_returns_lag1', 'log_returns_lag5', 'log_returns_lag6', 'oil_ret_14', 'silver_ret_30', 'smt_poly1', 'sp500_ret_30', 'yield_curve_10y30y', 'yz_vol']
14:37:37  src.cpcv.pipeline  INFO    Preprocessing: 14 features selected, train=531 + val=66 + cal=67, test=292
14:37:37  src.cpcv.tuning  INFO  Tuning (1 model) — Optuna TPE + Purged K-Fold (inner: 3 folds, embargo=10 obs)
14:37:37  src.cpcv.tuning  INFO    [tuning] lstm: 3 purged K-fold splits, 30 Optuna trials (TPE)
14:38:29  src.cpcv.tuning  INFO      lstm: 21 completed, 9 pruned (of 30 total) — best log_loss=0.6642, params={'hidden_size': 32, 'dropout': 0.29828413052138714, 'learning_rate': 0.002765647317747303}
14:38:29  src.cpcv.tuning  INFO    [tuning] lstm done in 51.5s — best log_loss=0.6642
14:38:29  src.cpcv.tuning  INFO  Tuning total: 51.5s
14:38:29  src.cpcv.pipeline  INFO      applied lstm: {'hidden_size': 32, 'num_layers': 1, 'dropout': 0.29828413052138714, 'learning_rate': 0.002765647317747303}
14:38:30  src.cpcv.pipeline  INFO    [ 64/84]                 lstm (seed=0) F1=0.353  AUC=0.528  LL=0.7686 (0.9s)
14:38:31  src.cpcv.pipeline  INFO    [ 65/84]                 lstm (seed=1) F1=0.353  AUC=0.550  LL=0.6925 (1.0s)
14:38:32  src.cpcv.pipeline  INFO    [ 66/84]                 lstm (seed=2) F1=0.353  AUC=0.516  LL=0.8287 (1.1s)
14:38:32  src.cpcv.preprocessing  INFO  Computing MDA (Random Forest)...
14:39:07  src.cpcv.preprocessing  INFO  Computing MDA (Logistic Regression)...
14:39:08  src.cpcv.preprocessing  INFO  Multi-model MDA: 38/73 passed (MDA > 0), 35 eliminated
14:39:08  src.cpcv.preprocessing  INFO    Capped at 14 features (top_k_frac=0.2)
14:39:08  src.cpcv.preprocessing  INFO    Selected (14): ['cci_14', 'ema_ratio_20_50', 'fee_per_tx', 'log_returns_lag2', 'log_returns_lag5', 'log_returns_lag6', 'macd', 'macd_hist', 'mfi_14', 'net_exchange_flow', 'obv', 'sadf', 'smt_exp', 'vol_term_30_90']
14:39:08  src.cpcv.pipeline  INFO    Preprocessing: 14 features selected, train=532 + val=66 + cal=67, test=292
14:39:08  src.cpcv.tuning  INFO  Tuning (1 model) — Optuna TPE + Purged K-Fold (inner: 3 folds, embargo=10 obs)
14:39:08  src.cpcv.tuning  INFO    [tuning] lstm: 3 purged K-fold splits, 30 Optuna trials (TPE)
14:39:45  src.cpcv.tuning  INFO      lstm: 12 completed, 18 pruned (of 30 total) — best log_loss=0.6915, params={'hidden_size': 32, 'dropout': 0.10823379771832098, 'learning_rate': 0.04147225000481637}
14:39:45  src.cpcv.tuning  INFO    [tuning] lstm done in 36.8s — best log_loss=0.6915
14:39:45  src.cpcv.tuning  INFO  Tuning total: 36.8s
14:39:45  src.cpcv.pipeline  INFO      applied lstm: {'hidden_size': 32, 'num_layers': 1, 'dropout': 0.10823379771832098, 'learning_rate': 0.04147225000481637}
14:39:47  src.cpcv.pipeline  INFO    [ 67/84]                 lstm (seed=0) F1=0.309  AUC=0.474  LL=0.7091 (1.8s)
14:39:48  src.cpcv.pipeline  INFO    [ 68/84]                 lstm (seed=1) F1=0.309  AUC=0.435  LL=0.7048 (1.5s)
14:39:49  src.cpcv.pipeline  INFO    [ 69/84]                 lstm (seed=2) F1=0.309  AUC=0.429  LL=0.7074 (1.2s)
14:39:50  src.cpcv.preprocessing  INFO  Computing MDA (Random Forest)...
14:40:24  src.cpcv.preprocessing  INFO  Computing MDA (Logistic Regression)...
14:40:26  src.cpcv.preprocessing  INFO  Multi-model MDA: 40/73 passed (MDA > 0), 33 eliminated
14:40:26  src.cpcv.preprocessing  INFO    Capped at 14 features (top_k_frac=0.2)
14:40:26  src.cpcv.preprocessing  INFO    Selected (14): ['bb_width', 'eth_btc_ratio', 'gk_vol', 'gold_ret_30', 'hashrate_roc_30', 'hurst', 'log_returns_lag1', 'log_returns_lag21', 'log_returns_lag4', 'log_returns_lag6', 'nasdaq_ret_14', 'silver_ret_30', 'smt_poly1', 'yield_curve_10y30y']
14:40:26  src.cpcv.pipeline  INFO    Preprocessing: 14 features selected, train=522 + val=65 + cal=66, test=292
14:40:26  src.cpcv.tuning  INFO  Tuning (1 model) — Optuna TPE + Purged K-Fold (inner: 3 folds, embargo=10 obs)
14:40:26  src.cpcv.tuning  INFO    [tuning] lstm: 3 purged K-fold splits, 30 Optuna trials (TPE)
14:41:09  src.cpcv.tuning  INFO      lstm: 26 completed, 4 pruned (of 30 total) — best log_loss=0.6795, params={'hidden_size': 16, 'dropout': 0.29883415744434105, 'learning_rate': 0.022355022195537696}
14:41:09  src.cpcv.tuning  INFO    [tuning] lstm done in 43.1s — best log_loss=0.6795
14:41:09  src.cpcv.tuning  INFO  Tuning total: 43.1s
14:41:09  src.cpcv.pipeline  INFO      applied lstm: {'hidden_size': 16, 'num_layers': 1, 'dropout': 0.29883415744434105, 'learning_rate': 0.022355022195537696}
14:41:10  src.cpcv.pipeline  INFO    [ 70/84]                 lstm (seed=0) F1=0.487  AUC=0.538  LL=0.8298 (0.9s)
14:41:11  src.cpcv.pipeline  INFO    [ 71/84]                 lstm (seed=1) F1=0.516  AUC=0.522  LL=0.7426 (0.9s)
14:41:12  src.cpcv.pipeline  INFO    [ 72/84]                 lstm (seed=2) F1=0.450  AUC=0.521  LL=0.7361 (0.8s)
14:41:12  src.cpcv.preprocessing  INFO  Computing MDA (Random Forest)...
14:41:46  src.cpcv.preprocessing  INFO  Computing MDA (Logistic Regression)...
14:41:47  src.cpcv.preprocessing  INFO  Multi-model MDA: 41/73 passed (MDA > 0), 32 eliminated
14:41:47  src.cpcv.preprocessing  INFO    Capped at 14 features (top_k_frac=0.2)
14:41:47  src.cpcv.preprocessing  INFO    Selected (14): ['ema_ratio_50_200', 'gk_vol', 'log_returns_lag1', 'log_returns_lag14', 'log_returns_lag21', 'log_returns_lag3', 'log_returns_lag30', 'log_returns_lag4', 'nasdaq_ret_30', 'realized_vol', 'silver_ret_30', 'smt_poly1', 'tx_count_roc_14', 'vol_term_7_30']
14:41:48  src.cpcv.pipeline  INFO    Preprocessing: 14 features selected, train=531 + val=66 + cal=67, test=292
14:41:48  src.cpcv.tuning  INFO  Tuning (1 model) — Optuna TPE + Purged K-Fold (inner: 3 folds, embargo=10 obs)
14:41:48  src.cpcv.tuning  INFO    [tuning] lstm: 3 purged K-fold splits, 30 Optuna trials (TPE)
14:42:32  src.cpcv.tuning  INFO      lstm: 13 completed, 17 pruned (of 30 total) — best log_loss=0.6968, params={'hidden_size': 16, 'dropout': 0.38356066971174924, 'learning_rate': 0.0015132782898060666}
14:42:32  src.cpcv.tuning  INFO    [tuning] lstm done in 44.2s — best log_loss=0.6968
14:42:32  src.cpcv.tuning  INFO  Tuning total: 44.2s
14:42:32  src.cpcv.pipeline  INFO      applied lstm: {'hidden_size': 16, 'num_layers': 1, 'dropout': 0.38356066971174924, 'learning_rate': 0.0015132782898060666}
14:42:33  src.cpcv.pipeline  INFO    [ 73/84]                 lstm (seed=0) F1=0.370  AUC=0.545  LL=0.6829 (0.8s)
14:42:34  src.cpcv.pipeline  INFO    [ 74/84]                 lstm (seed=1) F1=0.370  AUC=0.457  LL=0.6831 (1.2s)
14:42:35  src.cpcv.pipeline  INFO    [ 75/84]                 lstm (seed=2) F1=0.370  AUC=0.546  LL=0.6827 (1.1s)
14:42:35  src.cpcv.preprocessing  INFO  Computing MDA (Random Forest)...
14:43:10  src.cpcv.preprocessing  INFO  Computing MDA (Logistic Regression)...
14:43:12  src.cpcv.preprocessing  INFO  Multi-model MDA: 39/73 passed (MDA > 0), 34 eliminated
14:43:12  src.cpcv.preprocessing  INFO    Capped at 14 features (top_k_frac=0.2)
14:43:12  src.cpcv.preprocessing  INFO    Selected (14): ['cci_14', 'dxy_roc_30', 'ema_ratio_50_200', 'fee_per_tx', 'gk_vol', 'gold_ret_14', 'gold_ret_30', 'kurtosis', 'log_returns', 'log_returns_lag2', 'log_returns_lag5', 'log_returns_lag6', 'smt_poly1', 'vix']
14:43:12  src.cpcv.pipeline  INFO    Preprocessing: 14 features selected, train=532 + val=66 + cal=67, test=292
14:43:12  src.cpcv.tuning  INFO  Tuning (1 model) — Optuna TPE + Purged K-Fold (inner: 3 folds, embargo=10 obs)
14:43:12  src.cpcv.tuning  INFO    [tuning] lstm: 3 purged K-fold splits, 30 Optuna trials (TPE)
14:43:53  src.cpcv.tuning  INFO      lstm: 22 completed, 8 pruned (of 30 total) — best log_loss=0.6887, params={'hidden_size': 16, 'dropout': 0.39943621820802705, 'learning_rate': 0.04966454352309305}
14:43:53  src.cpcv.tuning  INFO    [tuning] lstm done in 41.1s — best log_loss=0.6887
14:43:53  src.cpcv.tuning  INFO  Tuning total: 41.1s
14:43:53  src.cpcv.pipeline  INFO      applied lstm: {'hidden_size': 16, 'num_layers': 1, 'dropout': 0.39943621820802705, 'learning_rate': 0.04966454352309305}
14:43:55  src.cpcv.pipeline  INFO    [ 76/84]                 lstm (seed=0) F1=0.520  AUC=0.543  LL=0.7415 (1.9s)
14:43:56  src.cpcv.pipeline  INFO    [ 77/84]                 lstm (seed=1) F1=0.443  AUC=0.489  LL=0.7513 (1.4s)
14:43:57  src.cpcv.pipeline  INFO    [ 78/84]                 lstm (seed=2) F1=0.459  AUC=0.516  LL=0.7041 (1.1s)
14:43:58  src.cpcv.preprocessing  INFO  Computing MDA (Random Forest)...
14:44:33  src.cpcv.preprocessing  INFO  Computing MDA (Logistic Regression)...
14:44:34  src.cpcv.preprocessing  INFO  Multi-model MDA: 31/73 passed (MDA > 0), 42 eliminated
14:44:34  src.cpcv.preprocessing  INFO    Capped at 14 features (top_k_frac=0.2)
14:44:34  src.cpcv.preprocessing  INFO    Selected (14): ['active_addr_roc_14', 'bb_width', 'eth_btc_ratio', 'exchange_supply_pct', 'gold_ret_14', 'log_returns_lag1', 'log_returns_lag2', 'log_returns_lag6', 'log_returns_lag7', 'natgas_ret_14', 'shannon_entropy', 'stoch_k', 'us10y', 'vix']
14:44:34  src.cpcv.pipeline  INFO    Preprocessing: 14 features selected, train=531 + val=66 + cal=67, test=292
14:44:34  src.cpcv.tuning  INFO  Tuning (1 model) — Optuna TPE + Purged K-Fold (inner: 3 folds, embargo=10 obs)
14:44:34  src.cpcv.tuning  INFO    [tuning] lstm: 3 purged K-fold splits, 30 Optuna trials (TPE)
14:45:27  src.cpcv.tuning  INFO      lstm: 20 completed, 10 pruned (of 30 total) — best log_loss=0.6811, params={'hidden_size': 32, 'dropout': 0.27355192484403495, 'learning_rate': 0.0008009439739233314}
14:45:27  src.cpcv.tuning  INFO    [tuning] lstm done in 52.4s — best log_loss=0.6811
14:45:27  src.cpcv.tuning  INFO  Tuning total: 52.4s
14:45:27  src.cpcv.pipeline  INFO      applied lstm: {'hidden_size': 32, 'num_layers': 1, 'dropout': 0.27355192484403495, 'learning_rate': 0.0008009439739233314}
14:45:28  src.cpcv.pipeline  INFO    [ 79/84]                 lstm (seed=0) F1=0.494  AUC=0.526  LL=0.7988 (0.9s)
14:45:29  src.cpcv.pipeline  INFO    [ 80/84]                 lstm (seed=1) F1=0.340  AUC=0.557  LL=0.6928 (1.0s)
14:45:30  src.cpcv.pipeline  INFO    [ 81/84]                 lstm (seed=2) F1=0.340  AUC=0.493  LL=0.6939 (0.9s)
14:45:30  src.cpcv.preprocessing  INFO  Computing MDA (Random Forest)...
14:46:04  src.cpcv.preprocessing  INFO  Computing MDA (Logistic Regression)...
14:46:06  src.cpcv.preprocessing  INFO  Multi-model MDA: 38/73 passed (MDA > 0), 35 eliminated
14:46:06  src.cpcv.preprocessing  INFO    Capped at 14 features (top_k_frac=0.2)
14:46:06  src.cpcv.preprocessing  INFO    Selected (14): ['dxy_roc_30', 'exchange_supply_pct', 'hurst', 'log_returns_lag1', 'log_returns_lag4', 'macd_signal', 'roc_14', 'silver_ret_30', 'skewness', 'smt_exp', 'stoch_d', 'williams_r', 'yield_curve_2y10y', 'yz_vol']
14:46:06  src.cpcv.pipeline  INFO    Preprocessing: 14 features selected, train=540 + val=68 + cal=68, test=292
14:46:06  src.cpcv.tuning  INFO  Tuning (1 model) — Optuna TPE + Purged K-Fold (inner: 3 folds, embargo=10 obs)
14:46:06  src.cpcv.tuning  INFO    [tuning] lstm: 3 purged K-fold splits, 30 Optuna trials (TPE)
14:46:42  src.cpcv.tuning  INFO      lstm: 22 completed, 8 pruned (of 30 total) — best log_loss=0.6840, params={'hidden_size': 32, 'dropout': 0.3203784985276925, 'learning_rate': 0.027164770991402475}
14:46:42  src.cpcv.tuning  INFO    [tuning] lstm done in 36.0s — best log_loss=0.6840
14:46:42  src.cpcv.tuning  INFO  Tuning total: 36.0s
14:46:42  src.cpcv.pipeline  INFO      applied lstm: {'hidden_size': 32, 'num_layers': 1, 'dropout': 0.3203784985276925, 'learning_rate': 0.027164770991402475}
14:46:43  src.cpcv.pipeline  INFO    [ 82/84]                 lstm (seed=0) F1=0.302  AUC=0.586  LL=0.7750 (1.0s)
14:46:44  src.cpcv.pipeline  INFO    [ 83/84]                 lstm (seed=1) F1=0.302  AUC=0.441  LL=0.7279 (0.9s)
14:46:44  src.cpcv.pipeline  INFO    [ 84/84]                 lstm (seed=2) F1=0.346  AUC=0.507  LL=0.7397 (0.9s)
14:46:44  src.cpcv.pipeline  INFO  ============================================================
14:46:44  src.cpcv.pipeline  INFO  CPCV Pipeline Complete
14:46:44  src.cpcv.pipeline  INFO  ============================================================
14:46:44  src.cpcv.pipeline  INFO    Total time:     2462.3s (41.0m)
14:46:44  src.cpcv.pipeline  INFO    Tasks:          84 succeeded, 0 failed
14:46:44  src.cpcv.pipeline  INFO    Results keys:   84 (model, split, seed) entries
14:46:44  src.cpcv.pipeline  INFO    Backtest paths: 7
14:46:44  src.cpcv.pipeline  INFO    Tuning:         nested (per-split), 28 splits tuned, models=['lstm']
14:46:44  src.cpcv.pipeline  INFO  ============================================================
14:46:45  src.cpcv.pipeline  INFO  ============================================================
14:46:45  src.cpcv.pipeline  INFO  CPCV Pipeline
14:46:45  src.cpcv.pipeline  INFO  ============================================================
14:46:45  src.cpcv.pipeline  INFO    Models:         ['kan']
14:46:45  src.cpcv.pipeline  INFO    Seeds/fold:     3
14:46:45  src.cpcv.pipeline  INFO    Groups (N):     8
14:46:45  src.cpcv.pipeline  INFO    Test groups (k):2
14:46:45  src.cpcv.pipeline  INFO    Embargo:        1.0%
14:46:45  src.cpcv.pipeline  INFO    FFD columns:    ['atr']
14:46:45  src.cpcv.pipeline  INFO    Samples:        1168
14:46:45  src.cpcv.pipeline  INFO    Features:       73
14:46:45  src.cpcv.pipeline  INFO    Splits:         28, Paths: 7
14:46:45  src.cpcv.pipeline  INFO    Tuning:         NESTED (per-split) — ['kan'] [30 trials]
14:46:45  src.cpcv.pipeline  INFO  ============================================================
14:46:45  src.cpcv.preprocessing  INFO  Computing MDA (Random Forest)...
14:47:26  src.cpcv.preprocessing  INFO  Computing MDA (Logistic Regression)...
14:47:27  src.cpcv.preprocessing  INFO  Multi-model MDA: 31/73 passed (MDA > 0), 42 eliminated
14:47:27  src.cpcv.preprocessing  INFO    Capped at 14 features (top_k_frac=0.2)
14:47:27  src.cpcv.preprocessing  INFO    Selected (14): ['ema_ratio_20_50', 'eth_btc_ratio', 'exchange_supply_pct', 'jarque_bera', 'log_returns', 'log_returns_lag6', 'macd_hist', 'natgas_ret_30', 'skewness', 'smt_exp', 'sp500_ret_30', 'variance_ratio', 'vix', 'yield_curve_2y10y']
14:47:27  src.cpcv.pipeline  INFO    Preprocessing: 14 features selected, train=692 + val=86 + cal=87, test=93
14:47:27  src.cpcv.tuning  INFO  Tuning (1 model) — Optuna TPE + Purged K-Fold (inner: 3 folds, embargo=10 obs)
14:47:27  src.cpcv.tuning  INFO    [tuning] kan (efficient-kan + AdamW): 3 purged K-fold splits, 30 Optuna trials (TPE)
14:48:34  src.cpcv.tuning  INFO      kan: 27 completed, 3 pruned (of 30 total) — best log_loss=0.6819, params={'width1': 5, 'lr': 0.02209653154246255, 'weight_decay': 2.20154863980105e-05, 'grid': 5}
14:48:34  src.cpcv.tuning  INFO    [tuning] kan done in 66.9s — best log_loss=0.6819
14:48:34  src.cpcv.tuning  INFO  Tuning total: 66.9s
14:48:34  src.cpcv.pipeline  INFO      applied kan: {'width1': 5, 'width2': 0, 'grid': 5, 'lr': 0.02209653154246255, 'weight_decay': 2.20154863980105e-05}
14:48:35  src.cpcv.models.kan_model  INFO  KAN fitted: widths=[14, 5, 2], grid=5, epochs=21, val_acc=0.5116, val_loss=0.7633, logit_range=[-0.07, 0.17], device=cpu.
14:48:35  src.cpcv.pipeline  INFO    [  1/84]                  kan (seed=0) F1=0.388  AUC=0.396  LL=0.6706 (0.8s)
14:48:35  src.cpcv.models.kan_model  INFO  KAN fitted: widths=[14, 5, 2], grid=5, epochs=21, val_acc=0.4535, val_loss=0.7632, logit_range=[-0.11, 0.09], device=cpu.
14:48:35  src.cpcv.pipeline  INFO    [  2/84]                  kan (seed=1) F1=0.460  AUC=0.455  LL=0.6819 (0.4s)
14:48:35  src.cpcv.models.kan_model  INFO  KAN fitted: widths=[14, 5, 2], grid=5, epochs=21, val_acc=0.5930, val_loss=0.7621, logit_range=[-0.10, 0.05], device=cpu.
14:48:35  src.cpcv.pipeline  INFO    [  3/84]                  kan (seed=2) F1=0.388  AUC=0.472  LL=0.6601 (0.4s)
14:48:36  src.cpcv.preprocessing  INFO  Computing MDA (Random Forest)...
14:49:14  src.cpcv.preprocessing  INFO  Computing MDA (Logistic Regression)...
14:49:16  src.cpcv.preprocessing  INFO  Multi-model MDA: 39/73 passed (MDA > 0), 34 eliminated
14:49:16  src.cpcv.preprocessing  INFO    Capped at 14 features (top_k_frac=0.2)
14:49:16  src.cpcv.preprocessing  INFO    Selected (14): ['cci_14', 'copper_ret_14', 'ema_ratio_50_200', 'gk_vol', 'gold_ret_30', 'log_returns', 'natgas_ret_30', 'oil_ret_14', 'oil_ret_30', 'roc_14', 'rsi', 'silver_ret_30', 'stoch_d', 'yz_vol']
14:49:16  src.cpcv.pipeline  INFO    Preprocessing: 14 features selected, train=647 + val=81 + cal=81, test=146
14:49:16  src.cpcv.tuning  INFO  Tuning (1 model) — Optuna TPE + Purged K-Fold (inner: 3 folds, embargo=10 obs)
14:49:16  src.cpcv.tuning  INFO    [tuning] kan (efficient-kan + AdamW): 3 purged K-fold splits, 30 Optuna trials (TPE)
14:50:02  src.cpcv.tuning  INFO      kan: 10 completed, 20 pruned (of 30 total) — best log_loss=0.6878, params={'width1': 2, 'lr': 0.014390933605060814, 'weight_decay': 0.00044266220622755714, 'grid': 3}
14:50:02  src.cpcv.tuning  INFO    [tuning] kan done in 46.2s — best log_loss=0.6878
14:50:02  src.cpcv.tuning  INFO  Tuning total: 46.2s
14:50:02  src.cpcv.pipeline  INFO      applied kan: {'width1': 2, 'width2': 0, 'grid': 3, 'lr': 0.014390933605060814, 'weight_decay': 0.00044266220622755714}
14:50:02  src.cpcv.models.kan_model  INFO  KAN fitted: widths=[14, 2, 2], grid=3, epochs=21, val_acc=0.5556, val_loss=0.7500, logit_range=[-0.08, 0.06], device=cpu.
14:50:02  src.cpcv.pipeline  INFO    [  4/84]                  kan (seed=0) F1=0.510  AUC=0.502  LL=0.7305 (0.3s)
14:50:03  src.cpcv.models.kan_model  INFO  KAN fitted: widths=[14, 2, 2], grid=3, epochs=43, val_acc=0.5679, val_loss=0.7457, logit_range=[-0.47, 0.43], device=cpu.
14:50:03  src.cpcv.pipeline  INFO    [  5/84]                  kan (seed=1) F1=0.318  AUC=0.491  LL=0.6988 (0.6s)
14:50:03  src.cpcv.models.kan_model  INFO  KAN fitted: widths=[14, 2, 2], grid=3, epochs=52, val_acc=0.5556, val_loss=0.7448, logit_range=[-0.55, 0.26], device=cpu.
14:50:03  src.cpcv.pipeline  INFO    [  6/84]                  kan (seed=2) F1=0.346  AUC=0.497  LL=0.7062 (0.7s)
14:50:04  src.cpcv.preprocessing  INFO  Computing MDA (Random Forest)...
14:50:41  src.cpcv.preprocessing  INFO  Computing MDA (Logistic Regression)...
14:50:42  src.cpcv.preprocessing  INFO  Multi-model MDA: 36/73 passed (MDA > 0), 37 eliminated
14:50:42  src.cpcv.preprocessing  INFO    Capped at 14 features (top_k_frac=0.2)
14:50:42  src.cpcv.preprocessing  INFO    Selected (14): ['atr', 'cci_14', 'dxy_roc_30', 'ema_ratio_20_50', 'eth_btc_ratio', 'log_returns', 'log_returns_lag1', 'log_returns_lag5', 'log_returns_lag6', 'mvrv', 'natgas_ret_30', 'oil_ret_14', 'smt_poly1', 'stoch_d']
14:50:42  src.cpcv.pipeline  INFO    Preprocessing: 14 features selected, train=648 + val=81 + cal=82, test=146
14:50:42  src.cpcv.tuning  INFO  Tuning (1 model) — Optuna TPE + Purged K-Fold (inner: 3 folds, embargo=10 obs)
14:50:42  src.cpcv.tuning  INFO    [tuning] kan (efficient-kan + AdamW): 3 purged K-fold splits, 30 Optuna trials (TPE)
14:52:07  src.cpcv.tuning  INFO      kan: 16 completed, 14 pruned (of 30 total) — best log_loss=0.6886, params={'width1': 5, 'lr': 0.001254057843022616, 'weight_decay': 0.0002442886696734996, 'grid': 3}
14:52:07  src.cpcv.tuning  INFO    [tuning] kan done in 84.4s — best log_loss=0.6886
14:52:07  src.cpcv.tuning  INFO  Tuning total: 84.4s
14:52:07  src.cpcv.pipeline  INFO      applied kan: {'width1': 5, 'width2': 0, 'grid': 3, 'lr': 0.001254057843022616, 'weight_decay': 0.0002442886696734996}
14:52:07  src.cpcv.models.kan_model  INFO  KAN fitted: widths=[14, 5, 2], grid=3, epochs=23, val_acc=0.5679, val_loss=0.7534, logit_range=[-0.08, 0.08], device=cpu.
14:52:07  src.cpcv.pipeline  INFO    [  7/84]                  kan (seed=0) F1=0.354  AUC=0.511  LL=0.6896 (0.4s)
14:52:07  src.cpcv.models.kan_model  INFO  KAN fitted: widths=[14, 5, 2], grid=3, epochs=21, val_acc=0.6049, val_loss=0.7534, logit_range=[-0.08, 0.11], device=cpu.
14:52:07  src.cpcv.pipeline  INFO    [  8/84]                  kan (seed=1) F1=0.460  AUC=0.463  LL=0.7047 (0.3s)
14:52:08  src.cpcv.models.kan_model  INFO  KAN fitted: widths=[14, 5, 2], grid=3, epochs=21, val_acc=0.5309, val_loss=0.7545, logit_range=[-0.15, 0.08], device=cpu.
14:52:08  src.cpcv.pipeline  INFO    [  9/84]                  kan (seed=2) F1=0.354  AUC=0.430  LL=0.6902 (0.3s)
14:52:08  src.cpcv.preprocessing  INFO  Computing MDA (Random Forest)...
14:52:46  src.cpcv.preprocessing  INFO  Computing MDA (Logistic Regression)...
14:52:47  src.cpcv.preprocessing  INFO  Multi-model MDA: 39/73 passed (MDA > 0), 34 eliminated
14:52:47  src.cpcv.preprocessing  INFO    Capped at 14 features (top_k_frac=0.2)
14:52:47  src.cpcv.preprocessing  INFO    Selected (14): ['atr', 'cci_14', 'eth_btc_ratio', 'hashrate_roc_30', 'log_returns_lag21', 'lz_complexity', 'mvrv', 'natgas_ret_30', 'realized_vol', 'sadf', 'sp500_ret_14', 'tx_count_roc_14', 'variance_ratio', 'vix']
14:52:47  src.cpcv.pipeline  INFO    Preprocessing: 14 features selected, train=648 + val=81 + cal=82, test=146
14:52:47  src.cpcv.tuning  INFO  Tuning (1 model) — Optuna TPE + Purged K-Fold (inner: 3 folds, embargo=10 obs)
14:52:47  src.cpcv.tuning  INFO    [tuning] kan (efficient-kan + AdamW): 3 purged K-fold splits, 30 Optuna trials (TPE)
14:53:19  src.cpcv.tuning  INFO      kan: 15 completed, 15 pruned (of 30 total) — best log_loss=0.6924, params={'width1': 3, 'lr': 0.02701635469110654, 'weight_decay': 0.0005114606753030168, 'grid': 3}
14:53:19  src.cpcv.tuning  INFO    [tuning] kan done in 32.3s — best log_loss=0.6924
14:53:19  src.cpcv.tuning  INFO  Tuning total: 32.3s
14:53:19  src.cpcv.pipeline  INFO      applied kan: {'width1': 3, 'width2': 0, 'grid': 3, 'lr': 0.02701635469110654, 'weight_decay': 0.0005114606753030168}
14:53:20  src.cpcv.models.kan_model  INFO  KAN fitted: widths=[14, 3, 2], grid=3, epochs=21, val_acc=0.4074, val_loss=0.7686, logit_range=[-0.17, 0.14], device=cpu.
14:53:20  src.cpcv.pipeline  INFO    [ 10/84]                  kan (seed=0) F1=0.569  AUC=0.568  LL=0.6836 (0.4s)
14:53:20  src.cpcv.models.kan_model  INFO  KAN fitted: widths=[14, 3, 2], grid=3, epochs=21, val_acc=0.3580, val_loss=0.7648, logit_range=[-0.12, 0.04], device=cpu.
14:53:20  src.cpcv.pipeline  INFO    [ 11/84]                  kan (seed=1) F1=0.482  AUC=0.584  LL=0.6659 (0.4s)
14:53:20  src.cpcv.models.kan_model  INFO  KAN fitted: widths=[14, 3, 2], grid=3, epochs=21, val_acc=0.5432, val_loss=0.7548, logit_range=[-0.09, 0.11], device=cpu.
14:53:20  src.cpcv.pipeline  INFO    [ 12/84]                  kan (seed=2) F1=0.379  AUC=0.411  LL=0.6859 (0.3s)
14:53:21  src.cpcv.preprocessing  INFO  Computing MDA (Random Forest)...
14:54:00  src.cpcv.preprocessing  INFO  Computing MDA (Logistic Regression)...
14:54:01  src.cpcv.preprocessing  INFO  Multi-model MDA: 36/73 passed (MDA > 0), 37 eliminated
14:54:01  src.cpcv.preprocessing  INFO    Capped at 14 features (top_k_frac=0.2)
14:54:01  src.cpcv.preprocessing  INFO    Selected (14): ['active_addr_roc_14', 'atr', 'eth_btc_ratio', 'exchange_supply_pct', 'issuance_ntv', 'log_returns_lag1', 'log_returns_lag5', 'log_returns_lag7', 'obv', 'oil_ret_14', 'roc_14', 'skewness', 'smt_exp', 'vix']
14:54:01  src.cpcv.pipeline  INFO    Preprocessing: 14 features selected, train=648 + val=81 + cal=82, test=146
14:54:01  src.cpcv.tuning  INFO  Tuning (1 model) — Optuna TPE + Purged K-Fold (inner: 3 folds, embargo=10 obs)
14:54:01  src.cpcv.tuning  INFO    [tuning] kan (efficient-kan + AdamW): 3 purged K-fold splits, 30 Optuna trials (TPE)
14:55:18  src.cpcv.tuning  INFO      kan: 19 completed, 11 pruned (of 30 total) — best log_loss=0.6756, params={'width1': 4, 'lr': 0.03046719539238538, 'weight_decay': 0.0011967351136363206, 'grid': 5}
14:55:18  src.cpcv.tuning  INFO    [tuning] kan done in 76.6s — best log_loss=0.6756
14:55:18  src.cpcv.tuning  INFO  Tuning total: 76.6s
14:55:18  src.cpcv.pipeline  INFO      applied kan: {'width1': 4, 'width2': 0, 'grid': 5, 'lr': 0.03046719539238538, 'weight_decay': 0.0011967351136363206}
14:55:18  src.cpcv.models.kan_model  INFO  KAN fitted: widths=[14, 4, 2], grid=5, epochs=23, val_acc=0.5679, val_loss=0.7520, logit_range=[-0.09, 0.31], device=cpu.
14:55:18  src.cpcv.pipeline  INFO    [ 13/84]                  kan (seed=0) F1=0.378  AUC=0.453  LL=0.7531 (0.4s)
14:55:19  src.cpcv.models.kan_model  INFO  KAN fitted: widths=[14, 4, 2], grid=5, epochs=23, val_acc=0.5802, val_loss=0.7502, logit_range=[-0.23, 0.38], device=cpu.
14:55:19  src.cpcv.pipeline  INFO    [ 14/84]                  kan (seed=1) F1=0.414  AUC=0.433  LL=0.7536 (0.4s)
14:55:19  src.cpcv.models.kan_model  INFO  KAN fitted: widths=[14, 4, 2], grid=5, epochs=21, val_acc=0.6049, val_loss=0.7524, logit_range=[-0.21, 0.05], device=cpu.
14:55:19  src.cpcv.pipeline  INFO    [ 15/84]                  kan (seed=2) F1=0.405  AUC=0.408  LL=0.7837 (0.4s)
14:55:19  src.cpcv.preprocessing  INFO  Computing MDA (Random Forest)...
14:55:59  src.cpcv.preprocessing  INFO  Computing MDA (Logistic Regression)...
14:56:00  src.cpcv.preprocessing  INFO  Multi-model MDA: 40/73 passed (MDA > 0), 33 eliminated
14:56:00  src.cpcv.preprocessing  INFO    Capped at 14 features (top_k_frac=0.2)
14:56:00  src.cpcv.preprocessing  INFO    Selected (14): ['atr', 'chaikin_osc', 'eth_btc_ratio', 'hashrate_roc_30', 'jarque_bera', 'kurtosis', 'log_returns_lag30', 'log_returns_lag6', 'obv', 'silver_ret_30', 'variance_ratio', 'vol_term_7_30', 'vwma_ratio_20_50', 'yield_curve_2y10y']
14:56:00  src.cpcv.pipeline  INFO    Preprocessing: 14 features selected, train=648 + val=81 + cal=82, test=146
14:56:00  src.cpcv.tuning  INFO  Tuning (1 model) — Optuna TPE + Purged K-Fold (inner: 3 folds, embargo=10 obs)
14:56:00  src.cpcv.tuning  INFO    [tuning] kan (efficient-kan + AdamW): 3 purged K-fold splits, 30 Optuna trials (TPE)
14:57:11  src.cpcv.tuning  INFO      kan: 15 completed, 15 pruned (of 30 total) — best log_loss=0.6794, params={'width1': 5, 'lr': 0.015282209098537102, 'weight_decay': 0.0013042175848813496, 'grid': 3}
14:57:11  src.cpcv.tuning  INFO    [tuning] kan done in 70.5s — best log_loss=0.6794
14:57:11  src.cpcv.tuning  INFO  Tuning total: 70.5s
14:57:11  src.cpcv.pipeline  INFO      applied kan: {'width1': 5, 'width2': 0, 'grid': 3, 'lr': 0.015282209098537102, 'weight_decay': 0.0013042175848813496}
14:57:11  src.cpcv.models.kan_model  INFO  KAN fitted: widths=[14, 5, 2], grid=3, epochs=35, val_acc=0.5432, val_loss=0.7945, logit_range=[-0.69, 0.25], device=cpu.
14:57:11  src.cpcv.pipeline  INFO    [ 16/84]                  kan (seed=0) F1=0.487  AUC=0.451  LL=0.7055 (0.6s)
14:57:12  src.cpcv.models.kan_model  INFO  KAN fitted: widths=[14, 5, 2], grid=3, epochs=33, val_acc=0.5802, val_loss=0.7812, logit_range=[-0.55, 0.56], device=cpu.
14:57:12  src.cpcv.pipeline  INFO    [ 17/84]                  kan (seed=1) F1=0.484  AUC=0.476  LL=0.7014 (0.6s)
14:57:12  src.cpcv.models.kan_model  INFO  KAN fitted: widths=[14, 5, 2], grid=3, epochs=36, val_acc=0.5679, val_loss=0.7853, logit_range=[-0.58, 0.60], device=cpu.
14:57:12  src.cpcv.pipeline  INFO    [ 18/84]                  kan (seed=2) F1=0.477  AUC=0.463  LL=0.6995 (0.6s)
14:57:13  src.cpcv.preprocessing  INFO  Computing MDA (Random Forest)...
14:57:53  src.cpcv.preprocessing  INFO  Computing MDA (Logistic Regression)...
14:57:54  src.cpcv.preprocessing  INFO  Multi-model MDA: 40/73 passed (MDA > 0), 33 eliminated
14:57:54  src.cpcv.preprocessing  INFO    Capped at 14 features (top_k_frac=0.2)
14:57:54  src.cpcv.preprocessing  INFO    Selected (14): ['active_addr_roc_14', 'chaikin_osc', 'copper_ret_14', 'hashrate_roc_30', 'hurst', 'kurtosis', 'log_returns', 'log_returns_lag3', 'realized_vol', 'us10y', 'variance_ratio', 'vix', 'williams_r', 'yield_curve_2y10y']
14:57:54  src.cpcv.pipeline  INFO    Preprocessing: 14 features selected, train=657 + val=82 + cal=83, test=146
14:57:54  src.cpcv.tuning  INFO  Tuning (1 model) — Optuna TPE + Purged K-Fold (inner: 3 folds, embargo=10 obs)
14:57:54  src.cpcv.tuning  INFO    [tuning] kan (efficient-kan + AdamW): 3 purged K-fold splits, 30 Optuna trials (TPE)
14:58:43  src.cpcv.tuning  INFO      kan: 22 completed, 8 pruned (of 30 total) — best log_loss=0.6883, params={'width1': 5, 'lr': 0.045731335092218973, 'weight_decay': 0.0005569671940395738, 'grid': 5}
14:58:43  src.cpcv.tuning  INFO    [tuning] kan done in 48.3s — best log_loss=0.6883
14:58:43  src.cpcv.tuning  INFO  Tuning total: 48.3s
14:58:43  src.cpcv.pipeline  INFO      applied kan: {'width1': 5, 'width2': 0, 'grid': 5, 'lr': 0.045731335092218973, 'weight_decay': 0.0005569671940395738}
14:58:43  src.cpcv.models.kan_model  INFO  KAN fitted: widths=[14, 5, 2], grid=5, epochs=21, val_acc=0.4512, val_loss=0.9113, logit_range=[-0.16, 0.12], device=cpu.
14:58:43  src.cpcv.pipeline  INFO    [ 19/84]                  kan (seed=0) F1=0.360  AUC=0.555  LL=0.6856 (0.4s)
14:58:43  src.cpcv.models.kan_model  INFO  KAN fitted: widths=[14, 5, 2], grid=5, epochs=21, val_acc=0.4634, val_loss=0.9145, logit_range=[-0.14, 0.13], device=cpu.
14:58:43  src.cpcv.pipeline  INFO    [ 20/84]                  kan (seed=1) F1=0.360  AUC=0.550  LL=0.6846 (0.4s)
14:58:44  src.cpcv.models.kan_model  INFO  KAN fitted: widths=[14, 5, 2], grid=5, epochs=21, val_acc=0.5000, val_loss=0.9078, logit_range=[-0.13, 0.08], device=cpu.
14:58:44  src.cpcv.pipeline  INFO    [ 21/84]                  kan (seed=2) F1=0.360  AUC=0.427  LL=0.6867 (0.5s)
14:58:44  src.cpcv.preprocessing  INFO  Computing MDA (Random Forest)...
14:59:19  src.cpcv.preprocessing  INFO  Computing MDA (Logistic Regression)...
14:59:20  src.cpcv.preprocessing  INFO  Multi-model MDA: 37/73 passed (MDA > 0), 36 eliminated
14:59:20  src.cpcv.preprocessing  INFO    Capped at 14 features (top_k_frac=0.2)
14:59:20  src.cpcv.preprocessing  INFO    Selected (14): ['dxy_roc_30', 'gold_ret_30', 'log_returns', 'log_returns_lag2', 'log_returns_lag4', 'natgas_ret_30', 'negentropy', 'obv', 'rsi', 'silver_ret_30', 'skewness', 'tx_count_roc_14', 'us10y', 'us2y']
14:59:20  src.cpcv.pipeline  INFO    Preprocessing: 14 features selected, train=575 + val=72 + cal=72, test=239
14:59:20  src.cpcv.tuning  INFO  Tuning (1 model) — Optuna TPE + Purged K-Fold (inner: 3 folds, embargo=10 obs)
14:59:20  src.cpcv.tuning  INFO    [tuning] kan (efficient-kan + AdamW): 3 purged K-fold splits, 30 Optuna trials (TPE)
15:00:17  src.cpcv.tuning  INFO      kan: 12 completed, 18 pruned (of 30 total) — best log_loss=0.6884, params={'width1': 3, 'lr': 0.0008088251864664997, 'weight_decay': 0.0005694427322095432, 'grid': 5}
15:00:17  src.cpcv.tuning  INFO    [tuning] kan done in 56.5s — best log_loss=0.6884
15:00:17  src.cpcv.tuning  INFO  Tuning total: 56.5s
15:00:17  src.cpcv.pipeline  INFO      applied kan: {'width1': 3, 'width2': 0, 'grid': 5, 'lr': 0.0008088251864664997, 'weight_decay': 0.0005694427322095432}
15:00:17  src.cpcv.models.kan_model  INFO  KAN fitted: widths=[14, 3, 2], grid=5, epochs=21, val_acc=0.6250, val_loss=0.7565, logit_range=[-0.23, 0.09], device=cpu.
15:00:17  src.cpcv.pipeline  INFO    [ 22/84]                  kan (seed=0) F1=0.479  AUC=0.496  LL=0.6932 (0.3s)
15:00:20  src.cpcv.models.kan_model  INFO  KAN fitted: widths=[14, 3, 2], grid=5, epochs=200, val_acc=0.5000, val_loss=0.7559, logit_range=[-0.34, 0.17], device=cpu.
15:00:20  src.cpcv.pipeline  INFO    [ 23/84]                  kan (seed=1) F1=0.444  AUC=0.528  LL=0.7164 (2.7s)
15:00:23  src.cpcv.models.kan_model  INFO  KAN fitted: widths=[14, 3, 2], grid=5, epochs=200, val_acc=0.5000, val_loss=0.7601, logit_range=[-0.17, 0.20], device=cpu.
15:00:23  src.cpcv.pipeline  INFO    [ 24/84]                  kan (seed=2) F1=0.525  AUC=0.543  LL=0.6897 (3.5s)
15:00:24  src.cpcv.preprocessing  INFO  Computing MDA (Random Forest)...
15:00:59  src.cpcv.preprocessing  INFO  Computing MDA (Logistic Regression)...
15:01:00  src.cpcv.preprocessing  INFO  Multi-model MDA: 38/73 passed (MDA > 0), 35 eliminated
15:01:00  src.cpcv.preprocessing  INFO    Capped at 14 features (top_k_frac=0.2)
15:01:00  src.cpcv.preprocessing  INFO    Selected (14): ['cci_14', 'dxy_roc_30', 'eth_btc_ratio', 'hashrate_roc_30', 'jarque_bera', 'kurtosis', 'log_returns_lag2', 'log_returns_lag6', 'macd', 'macd_hist', 'natgas_ret_30', 'negentropy', 'us10y', 'vol_term_7_30']
15:01:00  src.cpcv.pipeline  INFO    Preprocessing: 14 features selected, train=565 + val=71 + cal=71, test=239
15:01:00  src.cpcv.tuning  INFO  Tuning (1 model) — Optuna TPE + Purged K-Fold (inner: 3 folds, embargo=10 obs)
15:01:00  src.cpcv.tuning  INFO    [tuning] kan (efficient-kan + AdamW): 3 purged K-fold splits, 30 Optuna trials (TPE)
15:01:50  src.cpcv.tuning  INFO      kan: 20 completed, 10 pruned (of 30 total) — best log_loss=0.6850, params={'width1': 2, 'lr': 0.02128875488932692, 'weight_decay': 3.577551054863405e-05, 'grid': 3}
15:01:50  src.cpcv.tuning  INFO    [tuning] kan done in 49.8s — best log_loss=0.6850
15:01:50  src.cpcv.tuning  INFO  Tuning total: 49.8s
15:01:50  src.cpcv.pipeline  INFO      applied kan: {'width1': 2, 'width2': 0, 'grid': 3, 'lr': 0.02128875488932692, 'weight_decay': 3.577551054863405e-05}
15:01:51  src.cpcv.models.kan_model  INFO  KAN fitted: widths=[14, 2, 2], grid=3, epochs=37, val_acc=0.6197, val_loss=0.7381, logit_range=[-0.60, 0.60], device=cpu.
15:01:51  src.cpcv.pipeline  INFO    [ 25/84]                  kan (seed=0) F1=0.466  AUC=0.483  LL=0.7345 (0.5s)
15:01:52  src.cpcv.models.kan_model  INFO  KAN fitted: widths=[14, 2, 2], grid=3, epochs=51, val_acc=0.6901, val_loss=0.7356, logit_range=[-0.59, 0.44], device=cpu.
15:01:52  src.cpcv.pipeline  INFO    [ 26/84]                  kan (seed=1) F1=0.495  AUC=0.494  LL=0.7304 (0.9s)
15:01:53  src.cpcv.models.kan_model  INFO  KAN fitted: widths=[14, 2, 2], grid=3, epochs=41, val_acc=0.6338, val_loss=0.7408, logit_range=[-0.44, 0.40], device=cpu.
15:01:53  src.cpcv.pipeline  INFO    [ 27/84]                  kan (seed=2) F1=0.450  AUC=0.499  LL=0.7252 (0.9s)
15:01:53  src.cpcv.preprocessing  INFO  Computing MDA (Random Forest)...
15:02:29  src.cpcv.preprocessing  INFO  Computing MDA (Logistic Regression)...
15:02:30  src.cpcv.preprocessing  INFO  Multi-model MDA: 37/73 passed (MDA > 0), 36 eliminated
15:02:30  src.cpcv.preprocessing  INFO    Capped at 14 features (top_k_frac=0.2)
15:02:30  src.cpcv.preprocessing  INFO    Selected (14): ['cci_14', 'chaikin_osc', 'dxy_roc_30', 'eth_btc_ratio', 'gold_ret_14', 'hashrate_roc_30', 'jarque_bera', 'log_returns_lag4', 'natgas_ret_30', 'roc_14', 'rsi', 'smt_exp', 'sp500_ret_14', 'williams_r']
15:02:30  src.cpcv.pipeline  INFO    Preprocessing: 14 features selected, train=565 + val=71 + cal=71, test=239
15:02:30  src.cpcv.tuning  INFO  Tuning (1 model) — Optuna TPE + Purged K-Fold (inner: 3 folds, embargo=10 obs)
15:02:30  src.cpcv.tuning  INFO    [tuning] kan (efficient-kan + AdamW): 3 purged K-fold splits, 30 Optuna trials (TPE)
15:02:59  src.cpcv.tuning  INFO      kan: 14 completed, 16 pruned (of 30 total) — best log_loss=0.6909, params={'width1': 2, 'lr': 0.04500194188151303, 'weight_decay': 3.0258445175002385e-05, 'grid': 3}
15:02:59  src.cpcv.tuning  INFO    [tuning] kan done in 28.4s — best log_loss=0.6909
15:02:59  src.cpcv.tuning  INFO  Tuning total: 28.4s
15:02:59  src.cpcv.pipeline  INFO      applied kan: {'width1': 2, 'width2': 0, 'grid': 3, 'lr': 0.04500194188151303, 'weight_decay': 3.0258445175002385e-05}
15:02:59  src.cpcv.models.kan_model  INFO  KAN fitted: widths=[14, 2, 2], grid=3, epochs=28, val_acc=0.5493, val_loss=0.7516, logit_range=[-0.42, 0.44], device=cpu.
15:02:59  src.cpcv.pipeline  INFO    [ 28/84]                  kan (seed=0) F1=0.396  AUC=0.559  LL=0.6965 (0.4s)
15:02:59  src.cpcv.models.kan_model  INFO  KAN fitted: widths=[14, 2, 2], grid=3, epochs=32, val_acc=0.5493, val_loss=0.7554, logit_range=[-0.75, 0.46], device=cpu.
15:02:59  src.cpcv.pipeline  INFO    [ 29/84]                  kan (seed=1) F1=0.505  AUC=0.548  LL=0.6923 (0.4s)
15:03:00  src.cpcv.models.kan_model  INFO  KAN fitted: widths=[14, 2, 2], grid=3, epochs=32, val_acc=0.5775, val_loss=0.7592, logit_range=[-0.83, 0.36], device=cpu.
15:03:00  src.cpcv.pipeline  INFO    [ 30/84]                  kan (seed=2) F1=0.557  AUC=0.548  LL=0.6912 (0.5s)
15:03:00  src.cpcv.preprocessing  INFO  Computing MDA (Random Forest)...
15:03:36  src.cpcv.preprocessing  INFO  Computing MDA (Logistic Regression)...
15:03:37  src.cpcv.preprocessing  INFO  Multi-model MDA: 37/73 passed (MDA > 0), 36 eliminated
15:03:37  src.cpcv.preprocessing  INFO    Capped at 14 features (top_k_frac=0.2)
15:03:37  src.cpcv.preprocessing  INFO    Selected (14): ['cci_14', 'ema_ratio_20_50', 'fee_per_tx', 'gold_ret_30', 'hashrate_roc_30', 'jarque_bera', 'log_returns', 'log_returns_lag6', 'mfi_14', 'natgas_ret_14', 'natgas_ret_30', 'silver_ret_30', 'skewness', 'sp500_ret_14']
15:03:37  src.cpcv.pipeline  INFO    Preprocessing: 14 features selected, train=565 + val=71 + cal=71, test=239
15:03:37  src.cpcv.tuning  INFO  Tuning (1 model) — Optuna TPE + Purged K-Fold (inner: 3 folds, embargo=10 obs)
15:03:37  src.cpcv.tuning  INFO    [tuning] kan (efficient-kan + AdamW): 3 purged K-fold splits, 30 Optuna trials (TPE)
15:04:31  src.cpcv.tuning  INFO      kan: 13 completed, 17 pruned (of 30 total) — best log_loss=0.6852, params={'width1': 5, 'lr': 0.017148336606632175, 'weight_decay': 0.0004898491725707815, 'grid': 3}
15:04:31  src.cpcv.tuning  INFO    [tuning] kan done in 54.5s — best log_loss=0.6852
15:04:31  src.cpcv.tuning  INFO  Tuning total: 54.5s
15:04:31  src.cpcv.pipeline  INFO      applied kan: {'width1': 5, 'width2': 0, 'grid': 3, 'lr': 0.017148336606632175, 'weight_decay': 0.0004898491725707815}
15:04:32  src.cpcv.models.kan_model  INFO  KAN fitted: widths=[14, 5, 2], grid=3, epochs=57, val_acc=0.6479, val_loss=0.7190, logit_range=[-1.01, 0.76], device=cpu.
15:04:32  src.cpcv.pipeline  INFO    [ 31/84]                  kan (seed=0) F1=0.442  AUC=0.504  LL=0.6912 (0.9s)
15:04:33  src.cpcv.models.kan_model  INFO  KAN fitted: widths=[14, 5, 2], grid=3, epochs=50, val_acc=0.5493, val_loss=0.7369, logit_range=[-0.47, 0.72], device=cpu.
15:04:33  src.cpcv.pipeline  INFO    [ 32/84]                  kan (seed=1) F1=0.550  AUC=0.579  LL=0.6819 (0.8s)
15:04:34  src.cpcv.models.kan_model  INFO  KAN fitted: widths=[14, 5, 2], grid=3, epochs=39, val_acc=0.5775, val_loss=0.7356, logit_range=[-0.55, 0.58], device=cpu.
15:04:34  src.cpcv.pipeline  INFO    [ 33/84]                  kan (seed=2) F1=0.542  AUC=0.558  LL=0.6852 (0.6s)
15:04:34  src.cpcv.preprocessing  INFO  Computing MDA (Random Forest)...
15:05:09  src.cpcv.preprocessing  INFO  Computing MDA (Logistic Regression)...
15:05:10  src.cpcv.preprocessing  INFO  Multi-model MDA: 34/73 passed (MDA > 0), 39 eliminated
15:05:10  src.cpcv.preprocessing  INFO    Capped at 14 features (top_k_frac=0.2)
15:05:10  src.cpcv.preprocessing  INFO    Selected (14): ['atr', 'copper_ret_14', 'eth_btc_ratio', 'fee_per_tx', 'jarque_bera', 'log_returns_lag4', 'log_returns_lag6', 'oil_ret_14', 'skewness', 'sp500_ret_30', 'variance_ratio', 'vix', 'vol_term_7_30', 'yield_curve_10y30y']
15:05:10  src.cpcv.pipeline  INFO    Preprocessing: 14 features selected, train=565 + val=71 + cal=71, test=239
15:05:10  src.cpcv.tuning  INFO  Tuning (1 model) — Optuna TPE + Purged K-Fold (inner: 3 folds, embargo=10 obs)
15:05:10  src.cpcv.tuning  INFO    [tuning] kan (efficient-kan + AdamW): 3 purged K-fold splits, 30 Optuna trials (TPE)
15:06:15  src.cpcv.tuning  INFO      kan: 10 completed, 20 pruned (of 30 total) — best log_loss=0.6647, params={'width1': 2, 'lr': 0.04353010439152429, 'weight_decay': 0.001764971584817572, 'grid': 3}
15:06:15  src.cpcv.tuning  INFO    [tuning] kan done in 65.1s — best log_loss=0.6647
15:06:15  src.cpcv.tuning  INFO  Tuning total: 65.1s
15:06:15  src.cpcv.pipeline  INFO      applied kan: {'width1': 2, 'width2': 0, 'grid': 3, 'lr': 0.04353010439152429, 'weight_decay': 0.001764971584817572}
15:06:15  src.cpcv.models.kan_model  INFO  KAN fitted: widths=[14, 2, 2], grid=3, epochs=33, val_acc=0.6620, val_loss=0.7759, logit_range=[-1.21, 0.76], device=cpu.
15:06:15  src.cpcv.pipeline  INFO    [ 34/84]                  kan (seed=0) F1=0.396  AUC=0.447  LL=0.7174 (0.4s)
15:06:16  src.cpcv.models.kan_model  INFO  KAN fitted: widths=[14, 2, 2], grid=3, epochs=25, val_acc=0.6056, val_loss=0.8035, logit_range=[-0.59, 0.40], device=cpu.
15:06:16  src.cpcv.pipeline  INFO    [ 35/84]                  kan (seed=1) F1=0.433  AUC=0.456  LL=0.6935 (0.4s)
15:06:16  src.cpcv.models.kan_model  INFO  KAN fitted: widths=[14, 2, 2], grid=3, epochs=29, val_acc=0.6056, val_loss=0.7940, logit_range=[-0.97, 0.53], device=cpu.
15:06:16  src.cpcv.pipeline  INFO    [ 36/84]                  kan (seed=2) F1=0.461  AUC=0.438  LL=0.6926 (0.4s)
15:06:17  src.cpcv.preprocessing  INFO  Computing MDA (Random Forest)...
15:06:50  src.cpcv.preprocessing  INFO  Computing MDA (Logistic Regression)...
15:06:52  src.cpcv.preprocessing  INFO  Multi-model MDA: 39/73 passed (MDA > 0), 34 eliminated
15:06:52  src.cpcv.preprocessing  INFO    Capped at 14 features (top_k_frac=0.2)
15:06:52  src.cpcv.preprocessing  INFO    Selected (14): ['dxy_roc_30', 'eth_btc_ratio', 'jarque_bera', 'kurtosis', 'log_returns_lag3', 'macd_hist', 'nasdaq_ret_30', 'obv', 'oil_ret_14', 'sadf', 'sp500_ret_30', 'williams_r', 'yield_curve_2y10y', 'yz_vol']
15:06:52  src.cpcv.pipeline  INFO    Preprocessing: 14 features selected, train=574 + val=72 + cal=72, test=239
15:06:52  src.cpcv.tuning  INFO  Tuning (1 model) — Optuna TPE + Purged K-Fold (inner: 3 folds, embargo=10 obs)
15:06:52  src.cpcv.tuning  INFO    [tuning] kan (efficient-kan + AdamW): 3 purged K-fold splits, 30 Optuna trials (TPE)
15:07:38  src.cpcv.tuning  INFO      kan: 17 completed, 13 pruned (of 30 total) — best log_loss=0.6880, params={'width1': 6, 'lr': 0.01824220727181061, 'weight_decay': 0.00014169543745774167, 'grid': 3}
15:07:38  src.cpcv.tuning  INFO    [tuning] kan done in 45.9s — best log_loss=0.6880
15:07:38  src.cpcv.tuning  INFO  Tuning total: 45.9s
15:07:38  src.cpcv.pipeline  INFO      applied kan: {'width1': 6, 'width2': 0, 'grid': 3, 'lr': 0.01824220727181061, 'weight_decay': 0.00014169543745774167}
15:07:38  src.cpcv.models.kan_model  INFO  KAN fitted: widths=[14, 6, 2], grid=3, epochs=21, val_acc=0.4444, val_loss=0.8988, logit_range=[-0.06, 0.10], device=cpu.
15:07:38  src.cpcv.pipeline  INFO    [ 37/84]                  kan (seed=0) F1=0.371  AUC=0.558  LL=0.6775 (0.4s)
15:07:39  src.cpcv.models.kan_model  INFO  KAN fitted: widths=[14, 6, 2], grid=3, epochs=21, val_acc=0.4583, val_loss=0.8982, logit_range=[-0.08, 0.11], device=cpu.
15:07:39  src.cpcv.pipeline  INFO    [ 38/84]                  kan (seed=1) F1=0.384  AUC=0.569  LL=0.7159 (0.3s)
15:07:39  src.cpcv.models.kan_model  INFO  KAN fitted: widths=[14, 6, 2], grid=3, epochs=21, val_acc=0.4583, val_loss=0.9013, logit_range=[-0.15, 0.09], device=cpu.
15:07:39  src.cpcv.pipeline  INFO    [ 39/84]                  kan (seed=2) F1=0.442  AUC=0.472  LL=0.6872 (0.3s)
15:07:39  src.cpcv.preprocessing  INFO  Computing MDA (Random Forest)...
15:08:14  src.cpcv.preprocessing  INFO  Computing MDA (Logistic Regression)...
15:08:15  src.cpcv.preprocessing  INFO  Multi-model MDA: 37/73 passed (MDA > 0), 36 eliminated
15:08:15  src.cpcv.preprocessing  INFO    Capped at 14 features (top_k_frac=0.2)
15:08:15  src.cpcv.preprocessing  INFO    Selected (14): ['eth_btc_ratio', 'log_returns_lag2', 'log_returns_lag6', 'macd_hist', 'obv', 'oil_ret_30', 'roc_14', 'sadf', 'silver_ret_30', 'sp500_ret_30', 'stoch_d', 'vol_term_30_90', 'williams_r', 'yield_curve_2y10y']
15:08:15  src.cpcv.pipeline  INFO    Preprocessing: 14 features selected, train=530 + val=66 + cal=67, test=292
15:08:15  src.cpcv.tuning  INFO  Tuning (1 model) — Optuna TPE + Purged K-Fold (inner: 3 folds, embargo=10 obs)
15:08:15  src.cpcv.tuning  INFO    [tuning] kan (efficient-kan + AdamW): 3 purged K-fold splits, 30 Optuna trials (TPE)
15:09:55  src.cpcv.tuning  INFO      kan: 20 completed, 10 pruned (of 30 total) — best log_loss=0.6846, params={'width1': 2, 'lr': 0.002634019124626176, 'weight_decay': 0.00018408623974403097, 'grid': 3}
15:09:55  src.cpcv.tuning  INFO    [tuning] kan done in 100.2s — best log_loss=0.6846
15:09:55  src.cpcv.tuning  INFO  Tuning total: 100.2s
15:09:55  src.cpcv.pipeline  INFO      applied kan: {'width1': 2, 'width2': 0, 'grid': 3, 'lr': 0.002634019124626176, 'weight_decay': 0.00018408623974403097}
15:09:58  src.cpcv.models.kan_model  INFO  KAN fitted: widths=[14, 2, 2], grid=3, epochs=200, val_acc=0.5455, val_loss=0.7298, logit_range=[-0.58, 0.62], device=cpu.
15:09:58  src.cpcv.pipeline  INFO    [ 40/84]                  kan (seed=0) F1=0.500  AUC=0.516  LL=0.6941 (2.7s)
15:09:58  src.cpcv.models.kan_model  INFO  KAN fitted: widths=[14, 2, 2], grid=3, epochs=23, val_acc=0.5000, val_loss=0.7928, logit_range=[-0.05, 0.07], device=cpu.
15:09:58  src.cpcv.pipeline  INFO    [ 41/84]                  kan (seed=1) F1=0.340  AUC=0.525  LL=0.6968 (0.3s)
15:09:58  src.cpcv.models.kan_model  INFO  KAN fitted: widths=[14, 2, 2], grid=3, epochs=21, val_acc=0.4848, val_loss=0.7931, logit_range=[-0.09, 0.09], device=cpu.
15:09:58  src.cpcv.pipeline  INFO    [ 42/84]                  kan (seed=2) F1=0.361  AUC=0.446  LL=0.6998 (0.3s)
15:09:59  src.cpcv.preprocessing  INFO  Computing MDA (Random Forest)...
15:10:34  src.cpcv.preprocessing  INFO  Computing MDA (Logistic Regression)...
15:10:35  src.cpcv.preprocessing  INFO  Multi-model MDA: 39/73 passed (MDA > 0), 34 eliminated
15:10:35  src.cpcv.preprocessing  INFO    Capped at 14 features (top_k_frac=0.2)
15:10:35  src.cpcv.preprocessing  INFO    Selected (14): ['ema_ratio_20_50', 'eth_btc_ratio', 'issuance_ntv', 'log_returns_lag4', 'mvrv', 'oil_ret_14', 'roc_14', 'skewness', 'sp500_ret_14', 'sp500_ret_30', 'stoch_d', 'us2y', 'yield_curve_10y30y', 'yield_curve_2y10y']
15:10:35  src.cpcv.pipeline  INFO    Preprocessing: 14 features selected, train=520 + val=65 + cal=66, test=292
15:10:35  src.cpcv.tuning  INFO  Tuning (1 model) — Optuna TPE + Purged K-Fold (inner: 3 folds, embargo=10 obs)
15:10:35  src.cpcv.tuning  INFO    [tuning] kan (efficient-kan + AdamW): 3 purged K-fold splits, 30 Optuna trials (TPE)
15:11:13  src.cpcv.tuning  INFO      kan: 18 completed, 12 pruned (of 30 total) — best log_loss=0.6899, params={'width1': 6, 'lr': 0.0015758832997723642, 'weight_decay': 3.354371604764885e-05, 'grid': 3}
15:11:13  src.cpcv.tuning  INFO    [tuning] kan done in 38.0s — best log_loss=0.6899
15:11:13  src.cpcv.tuning  INFO  Tuning total: 38.0s
15:11:13  src.cpcv.pipeline  INFO      applied kan: {'width1': 6, 'width2': 0, 'grid': 3, 'lr': 0.0015758832997723642, 'weight_decay': 3.354371604764885e-05}
15:11:16  src.cpcv.models.kan_model  INFO  KAN fitted: widths=[14, 6, 2], grid=3, epochs=187, val_acc=0.5846, val_loss=0.7398, logit_range=[-0.94, 0.75], device=cpu.
15:11:16  src.cpcv.pipeline  INFO    [ 43/84]                  kan (seed=0) F1=0.316  AUC=0.585  LL=0.6959 (3.0s)
15:11:19  src.cpcv.models.kan_model  INFO  KAN fitted: widths=[14, 6, 2], grid=3, epochs=200, val_acc=0.6000, val_loss=0.7384, logit_range=[-0.92, 0.98], device=cpu.
15:11:19  src.cpcv.pipeline  INFO    [ 44/84]                  kan (seed=1) F1=0.316  AUC=0.596  LL=0.6958 (3.0s)
15:11:22  src.cpcv.models.kan_model  INFO  KAN fitted: widths=[14, 6, 2], grid=3, epochs=172, val_acc=0.5846, val_loss=0.7340, logit_range=[-0.93, 0.73], device=cpu.
15:11:22  src.cpcv.pipeline  INFO    [ 45/84]                  kan (seed=2) F1=0.316  AUC=0.600  LL=0.6952 (3.1s)
15:11:23  src.cpcv.preprocessing  INFO  Computing MDA (Random Forest)...
15:11:59  src.cpcv.preprocessing  INFO  Computing MDA (Logistic Regression)...
15:12:00  src.cpcv.preprocessing  INFO  Multi-model MDA: 30/73 passed (MDA > 0), 43 eliminated
15:12:00  src.cpcv.preprocessing  INFO    Capped at 14 features (top_k_frac=0.2)
15:12:00  src.cpcv.preprocessing  INFO    Selected (14): ['ema_ratio_50_200', 'log_returns', 'log_returns_lag2', 'log_returns_lag30', 'log_returns_lag7', 'natgas_ret_14', 'natgas_ret_30', 'rsi', 'skewness', 'sp500_ret_14', 'us10y', 'us2y', 'vix', 'yield_curve_10y30y']
15:12:00  src.cpcv.pipeline  INFO    Preprocessing: 14 features selected, train=520 + val=65 + cal=66, test=292
15:12:00  src.cpcv.tuning  INFO  Tuning (1 model) — Optuna TPE + Purged K-Fold (inner: 3 folds, embargo=10 obs)
15:12:00  src.cpcv.tuning  INFO    [tuning] kan (efficient-kan + AdamW): 3 purged K-fold splits, 30 Optuna trials (TPE)
15:13:26  src.cpcv.tuning  INFO      kan: 26 completed, 4 pruned (of 30 total) — best log_loss=0.6773, params={'width1': 5, 'lr': 0.03334115743026767, 'weight_decay': 1.805423703530021e-05, 'grid': 5}
15:13:26  src.cpcv.tuning  INFO    [tuning] kan done in 86.1s — best log_loss=0.6773
15:13:26  src.cpcv.tuning  INFO  Tuning total: 86.1s
15:13:26  src.cpcv.pipeline  INFO      applied kan: {'width1': 5, 'width2': 0, 'grid': 5, 'lr': 0.03334115743026767, 'weight_decay': 1.805423703530021e-05}
15:13:27  src.cpcv.models.kan_model  INFO  KAN fitted: widths=[14, 5, 2], grid=5, epochs=26, val_acc=0.5692, val_loss=0.7434, logit_range=[-0.72, 0.86], device=cpu.
15:13:27  src.cpcv.pipeline  INFO    [ 46/84]                  kan (seed=0) F1=0.532  AUC=0.527  LL=0.7069 (0.4s)
15:13:27  src.cpcv.models.kan_model  INFO  KAN fitted: widths=[14, 5, 2], grid=5, epochs=27, val_acc=0.5692, val_loss=0.7575, logit_range=[-0.95, 0.75], device=cpu.
15:13:27  src.cpcv.pipeline  INFO    [ 47/84]                  kan (seed=1) F1=0.518  AUC=0.521  LL=0.7203 (0.4s)
15:13:27  src.cpcv.models.kan_model  INFO  KAN fitted: widths=[14, 5, 2], grid=5, epochs=27, val_acc=0.6154, val_loss=0.7535, logit_range=[-0.76, 0.54], device=cpu.
15:13:27  src.cpcv.pipeline  INFO    [ 48/84]                  kan (seed=2) F1=0.522  AUC=0.513  LL=0.7041 (0.4s)
15:13:28  src.cpcv.preprocessing  INFO  Computing MDA (Random Forest)...
15:14:02  src.cpcv.preprocessing  INFO  Computing MDA (Logistic Regression)...
15:14:04  src.cpcv.preprocessing  INFO  Multi-model MDA: 37/73 passed (MDA > 0), 36 eliminated
15:14:04  src.cpcv.preprocessing  INFO    Capped at 14 features (top_k_frac=0.2)
15:14:04  src.cpcv.preprocessing  INFO    Selected (14): ['dxy_roc_30', 'exchange_supply_pct', 'jarque_bera', 'log_returns_lag5', 'log_returns_lag6', 'lz_complexity', 'nasdaq_ret_14', 'nasdaq_ret_30', 'obv', 'oil_ret_14', 'rsi', 'sadf', 'silver_ret_30', 'smt_exp']
15:14:04  src.cpcv.pipeline  INFO    Preprocessing: 14 features selected, train=520 + val=65 + cal=66, test=292
15:14:04  src.cpcv.tuning  INFO  Tuning (1 model) — Optuna TPE + Purged K-Fold (inner: 3 folds, embargo=10 obs)
15:14:04  src.cpcv.tuning  INFO    [tuning] kan (efficient-kan + AdamW): 3 purged K-fold splits, 30 Optuna trials (TPE)
15:15:32  src.cpcv.tuning  INFO      kan: 30 completed, 0 pruned (of 30 total) — best log_loss=0.6821, params={'width1': 3, 'lr': 0.0038780965114012756, 'weight_decay': 0.0014971571736442225, 'grid': 5}
15:15:32  src.cpcv.tuning  INFO    [tuning] kan done in 88.3s — best log_loss=0.6821
15:15:32  src.cpcv.tuning  INFO  Tuning total: 88.3s
15:15:32  src.cpcv.pipeline  INFO      applied kan: {'width1': 3, 'width2': 0, 'grid': 5, 'lr': 0.0038780965114012756, 'weight_decay': 0.0014971571736442225}
15:15:32  src.cpcv.models.kan_model  INFO  KAN fitted: widths=[14, 3, 2], grid=5, epochs=21, val_acc=0.6154, val_loss=0.7876, logit_range=[-0.11, 0.09], device=cpu.
15:15:32  src.cpcv.pipeline  INFO    [ 49/84]                  kan (seed=0) F1=0.327  AUC=0.481  LL=0.6944 (0.3s)
15:15:33  src.cpcv.models.kan_model  INFO  KAN fitted: widths=[14, 3, 2], grid=5, epochs=21, val_acc=0.6462, val_loss=0.7885, logit_range=[-0.14, 0.12], device=cpu.
15:15:33  src.cpcv.pipeline  INFO    [ 50/84]                  kan (seed=1) F1=0.419  AUC=0.412  LL=0.7045 (0.3s)
15:15:33  src.cpcv.models.kan_model  INFO  KAN fitted: widths=[14, 3, 2], grid=5, epochs=21, val_acc=0.4769, val_loss=0.8065, logit_range=[-0.12, 0.11], device=cpu.
15:15:33  src.cpcv.pipeline  INFO    [ 51/84]                  kan (seed=2) F1=0.435  AUC=0.403  LL=0.7159 (0.3s)
15:15:33  src.cpcv.preprocessing  INFO  Computing MDA (Random Forest)...
15:16:09  src.cpcv.preprocessing  INFO  Computing MDA (Logistic Regression)...
15:16:10  src.cpcv.preprocessing  INFO  Multi-model MDA: 40/73 passed (MDA > 0), 33 eliminated
15:16:10  src.cpcv.preprocessing  INFO    Capped at 14 features (top_k_frac=0.2)
15:16:10  src.cpcv.preprocessing  INFO    Selected (14): ['chaikin_osc', 'dxy_roc_30', 'exchange_supply_pct', 'fee_per_tx', 'gk_vol', 'jarque_bera', 'kurtosis', 'log_returns_lag1', 'macd_hist', 'natgas_ret_30', 'obv', 'roc_14', 'sadf', 'smt_exp']
15:16:10  src.cpcv.pipeline  INFO    Preprocessing: 14 features selected, train=529 + val=66 + cal=67, test=292
15:16:10  src.cpcv.tuning  INFO  Tuning (1 model) — Optuna TPE + Purged K-Fold (inner: 3 folds, embargo=10 obs)
15:16:10  src.cpcv.tuning  INFO    [tuning] kan (efficient-kan + AdamW): 3 purged K-fold splits, 30 Optuna trials (TPE)
15:17:56  src.cpcv.tuning  INFO      kan: 30 completed, 0 pruned (of 30 total) — best log_loss=0.6823, params={'width1': 3, 'lr': 0.0008049326671881333, 'weight_decay': 0.00039185319669018275, 'grid': 5}
15:17:56  src.cpcv.tuning  INFO    [tuning] kan done in 105.8s — best log_loss=0.6823
15:17:56  src.cpcv.tuning  INFO  Tuning total: 105.8s
15:17:56  src.cpcv.pipeline  INFO      applied kan: {'width1': 3, 'width2': 0, 'grid': 5, 'lr': 0.0008049326671881333, 'weight_decay': 0.00039185319669018275}
15:17:56  src.cpcv.models.kan_model  INFO  KAN fitted: widths=[14, 3, 2], grid=5, epochs=21, val_acc=0.6212, val_loss=0.8611, logit_range=[-0.06, 0.19], device=cpu.
15:17:56  src.cpcv.pipeline  INFO    [ 52/84]                  kan (seed=0) F1=0.411  AUC=0.508  LL=0.7041 (0.4s)
15:17:57  src.cpcv.models.kan_model  INFO  KAN fitted: widths=[14, 3, 2], grid=5, epochs=21, val_acc=0.5303, val_loss=0.8624, logit_range=[-0.04, 0.11], device=cpu.
15:17:57  src.cpcv.pipeline  INFO    [ 53/84]                  kan (seed=1) F1=0.339  AUC=0.520  LL=0.6956 (0.3s)
15:17:57  src.cpcv.models.kan_model  INFO  KAN fitted: widths=[14, 3, 2], grid=5, epochs=21, val_acc=0.5152, val_loss=0.8691, logit_range=[-0.10, 0.08], device=cpu.
15:17:57  src.cpcv.pipeline  INFO    [ 54/84]                  kan (seed=2) F1=0.339  AUC=0.486  LL=0.6957 (0.3s)
15:17:57  src.cpcv.preprocessing  INFO  Computing MDA (Random Forest)...
15:18:32  src.cpcv.preprocessing  INFO  Computing MDA (Logistic Regression)...
15:18:33  src.cpcv.preprocessing  INFO  Multi-model MDA: 39/73 passed (MDA > 0), 34 eliminated
15:18:33  src.cpcv.preprocessing  INFO    Capped at 14 features (top_k_frac=0.2)
15:18:33  src.cpcv.preprocessing  INFO    Selected (14): ['copper_ret_14', 'eth_btc_ratio', 'kurtosis', 'log_returns_lag14', 'log_returns_lag2', 'log_returns_lag3', 'log_returns_lag7', 'lz_complexity', 'natgas_ret_30', 'oil_ret_14', 'rsi', 'skewness', 'smt_poly1', 'sp500_ret_30']
15:18:33  src.cpcv.pipeline  INFO    Preprocessing: 14 features selected, train=532 + val=66 + cal=67, test=292
15:18:33  src.cpcv.tuning  INFO  Tuning (1 model) — Optuna TPE + Purged K-Fold (inner: 3 folds, embargo=10 obs)
15:18:33  src.cpcv.tuning  INFO    [tuning] kan (efficient-kan + AdamW): 3 purged K-fold splits, 30 Optuna trials (TPE)
15:19:40  src.cpcv.tuning  INFO      kan: 15 completed, 15 pruned (of 30 total) — best log_loss=0.6849, params={'width1': 5, 'lr': 0.00916038623831982, 'weight_decay': 0.0004898491725707815, 'grid': 3}
15:19:40  src.cpcv.tuning  INFO    [tuning] kan done in 66.2s — best log_loss=0.6849
15:19:40  src.cpcv.tuning  INFO  Tuning total: 66.2s
15:19:40  src.cpcv.pipeline  INFO      applied kan: {'width1': 5, 'width2': 0, 'grid': 3, 'lr': 0.00916038623831982, 'weight_decay': 0.0004898491725707815}
15:19:40  src.cpcv.models.kan_model  INFO  KAN fitted: widths=[14, 5, 2], grid=3, epochs=29, val_acc=0.5455, val_loss=0.8045, logit_range=[-0.15, 0.18], device=cpu.
15:19:40  src.cpcv.pipeline  INFO    [ 55/84]                  kan (seed=0) F1=0.296  AUC=0.584  LL=0.7005 (0.5s)
15:19:41  src.cpcv.models.kan_model  INFO  KAN fitted: widths=[14, 5, 2], grid=3, epochs=35, val_acc=0.5758, val_loss=0.7894, logit_range=[-0.24, 0.22], device=cpu.
15:19:41  src.cpcv.pipeline  INFO    [ 56/84]                  kan (seed=1) F1=0.296  AUC=0.600  LL=0.7000 (0.6s)
15:19:41  src.cpcv.models.kan_model  INFO  KAN fitted: widths=[14, 5, 2], grid=3, epochs=32, val_acc=0.5000, val_loss=0.8038, logit_range=[-0.27, 0.16], device=cpu.
15:19:41  src.cpcv.pipeline  INFO    [ 57/84]                  kan (seed=2) F1=0.296  AUC=0.578  LL=0.7006 (0.6s)
15:19:42  src.cpcv.preprocessing  INFO  Computing MDA (Random Forest)...
15:20:17  src.cpcv.preprocessing  INFO  Computing MDA (Logistic Regression)...
15:20:18  src.cpcv.preprocessing  INFO  Multi-model MDA: 38/73 passed (MDA > 0), 35 eliminated
15:20:18  src.cpcv.preprocessing  INFO    Capped at 14 features (top_k_frac=0.2)
15:20:18  src.cpcv.preprocessing  INFO    Selected (14): ['ema_ratio_20_50', 'log_returns_lag30', 'log_returns_lag5', 'log_returns_lag6', 'log_returns_lag7', 'mvrv', 'net_exchange_flow', 'oil_ret_14', 'silver_ret_14', 'skewness', 'sp500_ret_14', 'us10y', 'variance_ratio', 'vix']
15:20:18  src.cpcv.pipeline  INFO    Preprocessing: 14 features selected, train=522 + val=65 + cal=66, test=292
15:20:18  src.cpcv.tuning  INFO  Tuning (1 model) — Optuna TPE + Purged K-Fold (inner: 3 folds, embargo=10 obs)
15:20:18  src.cpcv.tuning  INFO    [tuning] kan (efficient-kan + AdamW): 3 purged K-fold splits, 30 Optuna trials (TPE)
15:21:21  src.cpcv.tuning  INFO      kan: 14 completed, 16 pruned (of 30 total) — best log_loss=0.6816, params={'width1': 5, 'lr': 0.03334115743026767, 'weight_decay': 0.000578250662146681, 'grid': 5}
15:21:21  src.cpcv.tuning  INFO    [tuning] kan done in 63.0s — best log_loss=0.6816
15:21:21  src.cpcv.tuning  INFO  Tuning total: 63.0s
15:21:21  src.cpcv.pipeline  INFO      applied kan: {'width1': 5, 'width2': 0, 'grid': 5, 'lr': 0.03334115743026767, 'weight_decay': 0.000578250662146681}
15:21:21  src.cpcv.models.kan_model  INFO  KAN fitted: widths=[14, 5, 2], grid=5, epochs=24, val_acc=0.6308, val_loss=0.7905, logit_range=[-0.38, 0.39], device=cpu.
15:21:21  src.cpcv.pipeline  INFO    [ 58/84]                  kan (seed=0) F1=0.520  AUC=0.536  LL=0.7118 (0.5s)
15:21:22  src.cpcv.models.kan_model  INFO  KAN fitted: widths=[14, 5, 2], grid=5, epochs=24, val_acc=0.5846, val_loss=0.7935, logit_range=[-0.37, 0.29], device=cpu.
15:21:22  src.cpcv.pipeline  INFO    [ 59/84]                  kan (seed=1) F1=0.475  AUC=0.549  LL=0.7162 (0.6s)
15:21:22  src.cpcv.models.kan_model  INFO  KAN fitted: widths=[14, 5, 2], grid=5, epochs=26, val_acc=0.6308, val_loss=0.7794, logit_range=[-0.64, 0.49], device=cpu.
15:21:22  src.cpcv.pipeline  INFO    [ 60/84]                  kan (seed=2) F1=0.465  AUC=0.574  LL=0.7018 (0.5s)
15:21:23  src.cpcv.preprocessing  INFO  Computing MDA (Random Forest)...
15:21:58  src.cpcv.preprocessing  INFO  Computing MDA (Logistic Regression)...
15:21:59  src.cpcv.preprocessing  INFO  Multi-model MDA: 37/73 passed (MDA > 0), 36 eliminated
15:21:59  src.cpcv.preprocessing  INFO    Capped at 14 features (top_k_frac=0.2)
15:21:59  src.cpcv.preprocessing  INFO    Selected (14): ['eth_btc_ratio', 'gold_ret_30', 'kurtosis', 'log_returns_lag3', 'log_returns_lag6', 'log_returns_lag7', 'macd_hist', 'realized_vol', 'silver_ret_30', 'sp500_ret_30', 'stoch_k', 'variance_ratio', 'williams_r', 'yield_curve_2y10y']
15:21:59  src.cpcv.pipeline  INFO    Preprocessing: 14 features selected, train=522 + val=65 + cal=66, test=292
15:21:59  src.cpcv.tuning  INFO  Tuning (1 model) — Optuna TPE + Purged K-Fold (inner: 3 folds, embargo=10 obs)
15:21:59  src.cpcv.tuning  INFO    [tuning] kan (efficient-kan + AdamW): 3 purged K-fold splits, 30 Optuna trials (TPE)
15:23:05  src.cpcv.tuning  INFO      kan: 10 completed, 20 pruned (of 30 total) — best log_loss=0.6674, params={'width1': 3, 'lr': 0.04919994023607683, 'weight_decay': 0.001896168723409351, 'grid': 5}
15:23:05  src.cpcv.tuning  INFO    [tuning] kan done in 66.1s — best log_loss=0.6674
15:23:05  src.cpcv.tuning  INFO  Tuning total: 66.2s
15:23:05  src.cpcv.pipeline  INFO      applied kan: {'width1': 3, 'width2': 0, 'grid': 5, 'lr': 0.04919994023607683, 'weight_decay': 0.001896168723409351}
15:23:06  src.cpcv.models.kan_model  INFO  KAN fitted: widths=[14, 3, 2], grid=5, epochs=33, val_acc=0.6154, val_loss=0.7847, logit_range=[-0.68, 0.71], device=cpu.
15:23:06  src.cpcv.pipeline  INFO    [ 61/84]                  kan (seed=0) F1=0.308  AUC=0.488  LL=0.6984 (0.4s)
15:23:06  src.cpcv.models.kan_model  INFO  KAN fitted: widths=[14, 3, 2], grid=5, epochs=22, val_acc=0.4923, val_loss=0.8060, logit_range=[-0.14, 0.14], device=cpu.
15:23:06  src.cpcv.pipeline  INFO    [ 62/84]                  kan (seed=1) F1=0.495  AUC=0.498  LL=0.6974 (0.3s)
15:23:07  src.cpcv.models.kan_model  INFO  KAN fitted: widths=[14, 3, 2], grid=5, epochs=37, val_acc=0.6308, val_loss=0.7584, logit_range=[-0.69, 0.91], device=cpu.
15:23:07  src.cpcv.pipeline  INFO    [ 63/84]                  kan (seed=2) F1=0.306  AUC=0.490  LL=0.6986 (0.5s)
15:23:07  src.cpcv.preprocessing  INFO  Computing MDA (Random Forest)...
15:23:40  src.cpcv.preprocessing  INFO  Computing MDA (Logistic Regression)...
15:23:42  src.cpcv.preprocessing  INFO  Multi-model MDA: 38/73 passed (MDA > 0), 35 eliminated
15:23:42  src.cpcv.preprocessing  INFO    Capped at 14 features (top_k_frac=0.2)
15:23:42  src.cpcv.preprocessing  INFO    Selected (14): ['active_addr_roc_14', 'bb_width', 'copper_ret_30', 'eth_btc_ratio', 'exchange_supply_pct', 'log_returns_lag1', 'log_returns_lag5', 'log_returns_lag6', 'oil_ret_14', 'silver_ret_30', 'smt_poly1', 'sp500_ret_30', 'yield_curve_10y30y', 'yz_vol']
15:23:42  src.cpcv.pipeline  INFO    Preprocessing: 14 features selected, train=531 + val=66 + cal=67, test=292
15:23:42  src.cpcv.tuning  INFO  Tuning (1 model) — Optuna TPE + Purged K-Fold (inner: 3 folds, embargo=10 obs)
15:23:42  src.cpcv.tuning  INFO    [tuning] kan (efficient-kan + AdamW): 3 purged K-fold splits, 30 Optuna trials (TPE)
15:25:47  src.cpcv.tuning  INFO      kan: 18 completed, 12 pruned (of 30 total) — best log_loss=0.6614, params={'width1': 6, 'lr': 0.001504321303893368, 'weight_decay': 3.115976286675903e-05, 'grid': 3}
15:25:47  src.cpcv.tuning  INFO    [tuning] kan done in 125.9s — best log_loss=0.6614
15:25:47  src.cpcv.tuning  INFO  Tuning total: 125.9s
15:25:47  src.cpcv.pipeline  INFO      applied kan: {'width1': 6, 'width2': 0, 'grid': 3, 'lr': 0.001504321303893368, 'weight_decay': 3.115976286675903e-05}
15:25:48  src.cpcv.models.kan_model  INFO  KAN fitted: widths=[14, 6, 2], grid=3, epochs=21, val_acc=0.4394, val_loss=0.8738, logit_range=[-0.05, 0.07], device=cpu.
15:25:48  src.cpcv.pipeline  INFO    [ 64/84]                  kan (seed=0) F1=0.357  AUC=0.431  LL=0.6872 (0.4s)
15:25:48  src.cpcv.models.kan_model  INFO  KAN fitted: widths=[14, 6, 2], grid=3, epochs=21, val_acc=0.4394, val_loss=0.8760, logit_range=[-0.07, 0.11], device=cpu.
15:25:48  src.cpcv.pipeline  INFO    [ 65/84]                  kan (seed=1) F1=0.457  AUC=0.546  LL=0.7004 (0.4s)
15:25:48  src.cpcv.models.kan_model  INFO  KAN fitted: widths=[14, 6, 2], grid=3, epochs=21, val_acc=0.5000, val_loss=0.8687, logit_range=[-0.12, 0.09], device=cpu.
15:25:48  src.cpcv.pipeline  INFO    [ 66/84]                  kan (seed=2) F1=0.357  AUC=0.510  LL=0.6871 (0.4s)
15:25:49  src.cpcv.preprocessing  INFO  Computing MDA (Random Forest)...
15:26:25  src.cpcv.preprocessing  INFO  Computing MDA (Logistic Regression)...
15:26:26  src.cpcv.preprocessing  INFO  Multi-model MDA: 38/73 passed (MDA > 0), 35 eliminated
15:26:26  src.cpcv.preprocessing  INFO    Capped at 14 features (top_k_frac=0.2)
15:26:26  src.cpcv.preprocessing  INFO    Selected (14): ['cci_14', 'ema_ratio_20_50', 'fee_per_tx', 'log_returns_lag2', 'log_returns_lag5', 'log_returns_lag6', 'macd', 'macd_hist', 'mfi_14', 'net_exchange_flow', 'obv', 'sadf', 'smt_exp', 'vol_term_30_90']
15:26:26  src.cpcv.pipeline  INFO    Preprocessing: 14 features selected, train=532 + val=66 + cal=67, test=292
15:26:26  src.cpcv.tuning  INFO  Tuning (1 model) — Optuna TPE + Purged K-Fold (inner: 3 folds, embargo=10 obs)
15:26:26  src.cpcv.tuning  INFO    [tuning] kan (efficient-kan + AdamW): 3 purged K-fold splits, 30 Optuna trials (TPE)
15:27:09  src.cpcv.tuning  INFO      kan: 17 completed, 13 pruned (of 30 total) — best log_loss=0.6904, params={'width1': 2, 'lr': 0.04353010439152429, 'weight_decay': 0.001764971584817572, 'grid': 3}
15:27:09  src.cpcv.tuning  INFO    [tuning] kan done in 43.5s — best log_loss=0.6904
15:27:09  src.cpcv.tuning  INFO  Tuning total: 43.5s
15:27:09  src.cpcv.pipeline  INFO      applied kan: {'width1': 2, 'width2': 0, 'grid': 3, 'lr': 0.04353010439152429, 'weight_decay': 0.001764971584817572}
15:27:10  src.cpcv.models.kan_model  INFO  KAN fitted: widths=[14, 2, 2], grid=3, epochs=21, val_acc=0.5909, val_loss=0.7933, logit_range=[-0.17, 0.17], device=cpu.
15:27:10  src.cpcv.pipeline  INFO    [ 67/84]                  kan (seed=0) F1=0.488  AUC=0.488  LL=0.7079 (0.3s)
15:27:10  src.cpcv.models.kan_model  INFO  KAN fitted: widths=[14, 2, 2], grid=3, epochs=23, val_acc=0.5606, val_loss=0.7967, logit_range=[-0.33, 0.10], device=cpu.
15:27:10  src.cpcv.pipeline  INFO    [ 68/84]                  kan (seed=1) F1=0.362  AUC=0.495  LL=0.7007 (0.3s)
15:27:10  src.cpcv.models.kan_model  INFO  KAN fitted: widths=[14, 2, 2], grid=3, epochs=22, val_acc=0.6364, val_loss=0.7936, logit_range=[-0.19, 0.14], device=cpu.
15:27:10  src.cpcv.pipeline  INFO    [ 69/84]                  kan (seed=2) F1=0.488  AUC=0.484  LL=0.7229 (0.3s)
15:27:11  src.cpcv.preprocessing  INFO  Computing MDA (Random Forest)...
15:27:45  src.cpcv.preprocessing  INFO  Computing MDA (Logistic Regression)...
15:27:46  src.cpcv.preprocessing  INFO  Multi-model MDA: 40/73 passed (MDA > 0), 33 eliminated
15:27:46  src.cpcv.preprocessing  INFO    Capped at 14 features (top_k_frac=0.2)
15:27:46  src.cpcv.preprocessing  INFO    Selected (14): ['bb_width', 'eth_btc_ratio', 'gk_vol', 'gold_ret_30', 'hashrate_roc_30', 'hurst', 'log_returns_lag1', 'log_returns_lag21', 'log_returns_lag4', 'log_returns_lag6', 'nasdaq_ret_14', 'silver_ret_30', 'smt_poly1', 'yield_curve_10y30y']
15:27:46  src.cpcv.pipeline  INFO    Preprocessing: 14 features selected, train=522 + val=65 + cal=66, test=292
15:27:46  src.cpcv.tuning  INFO  Tuning (1 model) — Optuna TPE + Purged K-Fold (inner: 3 folds, embargo=10 obs)
15:27:46  src.cpcv.tuning  INFO    [tuning] kan (efficient-kan + AdamW): 3 purged K-fold splits, 30 Optuna trials (TPE)
15:28:57  src.cpcv.tuning  INFO      kan: 23 completed, 7 pruned (of 30 total) — best log_loss=0.6709, params={'width1': 3, 'lr': 0.04688392914464725, 'weight_decay': 0.00041281032319200094, 'grid': 5}
15:28:57  src.cpcv.tuning  INFO    [tuning] kan done in 70.6s — best log_loss=0.6709
15:28:57  src.cpcv.tuning  INFO  Tuning total: 70.6s
15:28:57  src.cpcv.pipeline  INFO      applied kan: {'width1': 3, 'width2': 0, 'grid': 5, 'lr': 0.04688392914464725, 'weight_decay': 0.00041281032319200094}
15:28:57  src.cpcv.models.kan_model  INFO  KAN fitted: widths=[14, 3, 2], grid=5, epochs=21, val_acc=0.4000, val_loss=0.8314, logit_range=[-0.20, 0.37], device=cpu.
15:28:57  src.cpcv.pipeline  INFO    [ 70/84]                  kan (seed=0) F1=0.517  AUC=0.529  LL=0.7190 (0.3s)
15:28:57  src.cpcv.models.kan_model  INFO  KAN fitted: widths=[14, 3, 2], grid=5, epochs=22, val_acc=0.6308, val_loss=0.8107, logit_range=[-0.30, 0.23], device=cpu.
15:28:57  src.cpcv.pipeline  INFO    [ 71/84]                  kan (seed=1) F1=0.546  AUC=0.544  LL=0.7052 (0.3s)
15:28:58  src.cpcv.models.kan_model  INFO  KAN fitted: widths=[14, 3, 2], grid=5, epochs=21, val_acc=0.4769, val_loss=0.8254, logit_range=[-0.15, 0.16], device=cpu.
15:28:58  src.cpcv.pipeline  INFO    [ 72/84]                  kan (seed=2) F1=0.293  AUC=0.496  LL=0.6988 (0.3s)
15:28:58  src.cpcv.preprocessing  INFO  Computing MDA (Random Forest)...
15:29:32  src.cpcv.preprocessing  INFO  Computing MDA (Logistic Regression)...
15:29:33  src.cpcv.preprocessing  INFO  Multi-model MDA: 41/73 passed (MDA > 0), 32 eliminated
15:29:33  src.cpcv.preprocessing  INFO    Capped at 14 features (top_k_frac=0.2)
15:29:33  src.cpcv.preprocessing  INFO    Selected (14): ['ema_ratio_50_200', 'gk_vol', 'log_returns_lag1', 'log_returns_lag14', 'log_returns_lag21', 'log_returns_lag3', 'log_returns_lag30', 'log_returns_lag4', 'nasdaq_ret_30', 'realized_vol', 'silver_ret_30', 'smt_poly1', 'tx_count_roc_14', 'vol_term_7_30']
15:29:33  src.cpcv.pipeline  INFO    Preprocessing: 14 features selected, train=531 + val=66 + cal=67, test=292
15:29:33  src.cpcv.tuning  INFO  Tuning (1 model) — Optuna TPE + Purged K-Fold (inner: 3 folds, embargo=10 obs)
15:29:33  src.cpcv.tuning  INFO    [tuning] kan (efficient-kan + AdamW): 3 purged K-fold splits, 30 Optuna trials (TPE)
15:30:12  src.cpcv.tuning  INFO      kan: 22 completed, 8 pruned (of 30 total) — best log_loss=0.6897, params={'width1': 4, 'lr': 0.024171763961863796, 'weight_decay': 3.326889406504915e-05, 'grid': 5}
15:30:12  src.cpcv.tuning  INFO    [tuning] kan done in 38.4s — best log_loss=0.6897
15:30:12  src.cpcv.tuning  INFO  Tuning total: 38.4s
15:30:12  src.cpcv.pipeline  INFO      applied kan: {'width1': 4, 'width2': 0, 'grid': 5, 'lr': 0.024171763961863796, 'weight_decay': 3.326889406504915e-05}
15:30:12  src.cpcv.models.kan_model  INFO  KAN fitted: widths=[14, 4, 2], grid=5, epochs=21, val_acc=0.5455, val_loss=0.8751, logit_range=[-0.10, 0.09], device=cpu.
15:30:12  src.cpcv.pipeline  INFO    [ 73/84]                  kan (seed=0) F1=0.369  AUC=0.559  LL=0.6805 (0.3s)
15:30:12  src.cpcv.models.kan_model  INFO  KAN fitted: widths=[14, 4, 2], grid=5, epochs=21, val_acc=0.5152, val_loss=0.8745, logit_range=[-0.09, 0.15], device=cpu.
15:30:12  src.cpcv.pipeline  INFO    [ 74/84]                  kan (seed=1) F1=0.369  AUC=0.480  LL=0.6807 (0.4s)
15:30:13  src.cpcv.models.kan_model  INFO  KAN fitted: widths=[14, 4, 2], grid=5, epochs=21, val_acc=0.5000, val_loss=0.8802, logit_range=[-0.06, 0.06], device=cpu.
15:30:13  src.cpcv.pipeline  INFO    [ 75/84]                  kan (seed=2) F1=0.427  AUC=0.444  LL=0.6994 (0.3s)
15:30:13  src.cpcv.preprocessing  INFO  Computing MDA (Random Forest)...
15:30:47  src.cpcv.preprocessing  INFO  Computing MDA (Logistic Regression)...
15:30:48  src.cpcv.preprocessing  INFO  Multi-model MDA: 39/73 passed (MDA > 0), 34 eliminated
15:30:48  src.cpcv.preprocessing  INFO    Capped at 14 features (top_k_frac=0.2)
15:30:48  src.cpcv.preprocessing  INFO    Selected (14): ['cci_14', 'dxy_roc_30', 'ema_ratio_50_200', 'fee_per_tx', 'gk_vol', 'gold_ret_14', 'gold_ret_30', 'kurtosis', 'log_returns', 'log_returns_lag2', 'log_returns_lag5', 'log_returns_lag6', 'smt_poly1', 'vix']
15:30:48  src.cpcv.pipeline  INFO    Preprocessing: 14 features selected, train=532 + val=66 + cal=67, test=292
15:30:48  src.cpcv.tuning  INFO  Tuning (1 model) — Optuna TPE + Purged K-Fold (inner: 3 folds, embargo=10 obs)
15:30:48  src.cpcv.tuning  INFO    [tuning] kan (efficient-kan + AdamW): 3 purged K-fold splits, 30 Optuna trials (TPE)
15:31:58  src.cpcv.tuning  INFO      kan: 16 completed, 14 pruned (of 30 total) — best log_loss=0.6847, params={'width1': 2, 'lr': 0.005227285465316269, 'weight_decay': 6.129512072415656e-05, 'grid': 3}
15:31:58  src.cpcv.tuning  INFO    [tuning] kan done in 69.5s — best log_loss=0.6847
15:31:58  src.cpcv.tuning  INFO  Tuning total: 69.5s
15:31:58  src.cpcv.pipeline  INFO      applied kan: {'width1': 2, 'width2': 0, 'grid': 3, 'lr': 0.005227285465316269, 'weight_decay': 6.129512072415656e-05}
15:31:58  src.cpcv.models.kan_model  INFO  KAN fitted: widths=[14, 2, 2], grid=3, epochs=56, val_acc=0.5303, val_loss=0.7912, logit_range=[-0.17, 0.14], device=cpu.
15:31:59  src.cpcv.pipeline  INFO    [ 76/84]                  kan (seed=0) F1=0.485  AUC=0.465  LL=0.7063 (0.7s)
15:31:59  src.cpcv.models.kan_model  INFO  KAN fitted: widths=[14, 2, 2], grid=3, epochs=56, val_acc=0.5455, val_loss=0.7913, logit_range=[-0.25, 0.17], device=cpu.
15:31:59  src.cpcv.pipeline  INFO    [ 77/84]                  kan (seed=1) F1=0.479  AUC=0.477  LL=0.7022 (0.7s)
15:32:00  src.cpcv.models.kan_model  INFO  KAN fitted: widths=[14, 2, 2], grid=3, epochs=56, val_acc=0.5758, val_loss=0.7960, logit_range=[-0.14, 0.13], device=cpu.
15:32:00  src.cpcv.pipeline  INFO    [ 78/84]                  kan (seed=2) F1=0.495  AUC=0.496  LL=0.6969 (0.8s)
15:32:00  src.cpcv.preprocessing  INFO  Computing MDA (Random Forest)...
15:32:35  src.cpcv.preprocessing  INFO  Computing MDA (Logistic Regression)...
15:32:36  src.cpcv.preprocessing  INFO  Multi-model MDA: 31/73 passed (MDA > 0), 42 eliminated
15:32:36  src.cpcv.preprocessing  INFO    Capped at 14 features (top_k_frac=0.2)
15:32:36  src.cpcv.preprocessing  INFO    Selected (14): ['active_addr_roc_14', 'bb_width', 'eth_btc_ratio', 'exchange_supply_pct', 'gold_ret_14', 'log_returns_lag1', 'log_returns_lag2', 'log_returns_lag6', 'log_returns_lag7', 'natgas_ret_14', 'shannon_entropy', 'stoch_k', 'us10y', 'vix']
15:32:36  src.cpcv.pipeline  INFO    Preprocessing: 14 features selected, train=531 + val=66 + cal=67, test=292
15:32:36  src.cpcv.tuning  INFO  Tuning (1 model) — Optuna TPE + Purged K-Fold (inner: 3 folds, embargo=10 obs)
15:32:36  src.cpcv.tuning  INFO    [tuning] kan (efficient-kan + AdamW): 3 purged K-fold splits, 30 Optuna trials (TPE)
15:33:21  src.cpcv.tuning  INFO      kan: 14 completed, 16 pruned (of 30 total) — best log_loss=0.6782, params={'width1': 4, 'lr': 0.023810591774533946, 'weight_decay': 0.0013177790560844145, 'grid': 3}
15:33:21  src.cpcv.tuning  INFO    [tuning] kan done in 44.5s — best log_loss=0.6782
15:33:21  src.cpcv.tuning  INFO  Tuning total: 44.5s
15:33:21  src.cpcv.pipeline  INFO      applied kan: {'width1': 4, 'width2': 0, 'grid': 3, 'lr': 0.023810591774533946, 'weight_decay': 0.0013177790560844145}
15:33:21  src.cpcv.models.kan_model  INFO  KAN fitted: widths=[14, 4, 2], grid=3, epochs=21, val_acc=0.5152, val_loss=0.8581, logit_range=[-0.12, 0.32], device=cpu.
15:33:22  src.cpcv.pipeline  INFO    [ 79/84]                  kan (seed=0) F1=0.345  AUC=0.500  LL=0.6929 (0.6s)
15:33:22  src.cpcv.models.kan_model  INFO  KAN fitted: widths=[14, 4, 2], grid=3, epochs=21, val_acc=0.4091, val_loss=0.8752, logit_range=[-0.19, 0.12], device=cpu.
15:33:22  src.cpcv.pipeline  INFO    [ 80/84]                  kan (seed=1) F1=0.381  AUC=0.544  LL=0.6947 (0.4s)
15:33:22  src.cpcv.models.kan_model  INFO  KAN fitted: widths=[14, 4, 2], grid=3, epochs=21, val_acc=0.5758, val_loss=0.8657, logit_range=[-0.13, 0.09], device=cpu.
15:33:22  src.cpcv.pipeline  INFO    [ 81/84]                  kan (seed=2) F1=0.345  AUC=0.508  LL=0.6930 (0.4s)
15:33:23  src.cpcv.preprocessing  INFO  Computing MDA (Random Forest)...
15:33:58  src.cpcv.preprocessing  INFO  Computing MDA (Logistic Regression)...
15:33:59  src.cpcv.preprocessing  INFO  Multi-model MDA: 38/73 passed (MDA > 0), 35 eliminated
15:33:59  src.cpcv.preprocessing  INFO    Capped at 14 features (top_k_frac=0.2)
15:33:59  src.cpcv.preprocessing  INFO    Selected (14): ['dxy_roc_30', 'exchange_supply_pct', 'hurst', 'log_returns_lag1', 'log_returns_lag4', 'macd_signal', 'roc_14', 'silver_ret_30', 'skewness', 'smt_exp', 'stoch_d', 'williams_r', 'yield_curve_2y10y', 'yz_vol']
15:33:59  src.cpcv.pipeline  INFO    Preprocessing: 14 features selected, train=540 + val=68 + cal=68, test=292
15:33:59  src.cpcv.tuning  INFO  Tuning (1 model) — Optuna TPE + Purged K-Fold (inner: 3 folds, embargo=10 obs)
15:33:59  src.cpcv.tuning  INFO    [tuning] kan (efficient-kan + AdamW): 3 purged K-fold splits, 30 Optuna trials (TPE)
15:34:39  src.cpcv.tuning  INFO      kan: 25 completed, 5 pruned (of 30 total) — best log_loss=0.6880, params={'width1': 6, 'lr': 0.023905576955389873, 'weight_decay': 0.00013045972511597313, 'grid': 5}
15:34:39  src.cpcv.tuning  INFO    [tuning] kan done in 39.5s — best log_loss=0.6880
15:34:39  src.cpcv.tuning  INFO  Tuning total: 39.5s
15:34:39  src.cpcv.pipeline  INFO      applied kan: {'width1': 6, 'width2': 0, 'grid': 5, 'lr': 0.023905576955389873, 'weight_decay': 0.00013045972511597313}
15:34:39  src.cpcv.models.kan_model  INFO  KAN fitted: widths=[14, 6, 2], grid=5, epochs=51, val_acc=0.6176, val_loss=0.7335, logit_range=[-0.69, 0.99], device=cpu.
15:34:40  src.cpcv.pipeline  INFO    [ 82/84]                  kan (seed=0) F1=0.482  AUC=0.503  LL=0.7857 (0.8s)
15:34:40  src.cpcv.models.kan_model  INFO  KAN fitted: widths=[14, 6, 2], grid=5, epochs=34, val_acc=0.5000, val_loss=0.7724, logit_range=[-0.55, 0.82], device=cpu.
15:34:40  src.cpcv.pipeline  INFO    [ 83/84]                  kan (seed=1) F1=0.445  AUC=0.535  LL=0.7626 (0.6s)
15:34:41  src.cpcv.models.kan_model  INFO  KAN fitted: widths=[14, 6, 2], grid=5, epochs=35, val_acc=0.4559, val_loss=0.7673, logit_range=[-0.73, 0.76], device=cpu.
15:34:41  src.cpcv.pipeline  INFO    [ 84/84]                  kan (seed=2) F1=0.471  AUC=0.527  LL=0.7662 (0.6s)
15:34:41  src.cpcv.pipeline  INFO  ============================================================
15:34:41  src.cpcv.pipeline  INFO  CPCV Pipeline Complete
15:34:41  src.cpcv.pipeline  INFO  ============================================================
15:34:41  src.cpcv.pipeline  INFO    Total time:     2875.6s (47.9m)
15:34:41  src.cpcv.pipeline  INFO    Tasks:          84 succeeded, 0 failed
15:34:41  src.cpcv.pipeline  INFO    Results keys:   84 (model, split, seed) entries
15:34:41  src.cpcv.pipeline  INFO    Backtest paths: 7
15:34:41  src.cpcv.pipeline  INFO    Tuning:         nested (per-split), 28 splits tuned, models=['kan']
15:34:41  src.cpcv.pipeline  INFO  ============================================================
15:35:20  src.post_cpcv.symbolic_extraction  INFO  Fold F1 scores: {0: '0.4120', 1: '0.3911', 2: '0.3892', 3: '0.4765', 4: '0.3992', 5: '0.4828', 6: '0.3596', 7: '0.4828', 8: '0.4702', 9: '0.4857', 10: '0.5115', 11: '0.4300', 12: '0.3990', 13: '0.4006', 14: '0.3162', 15: '0.5242', 16: '0.3936', 17: '0.3632', 18: '0.2964', 19: '0.4868', 20: '0.3698', 21: '0.3902', 22: '0.4464', 23: '0.4520', 24: '0.3887', 25: '0.4865', 26: '0.3572', 27: '0.4658'}
15:35:20  src.post_cpcv.symbolic_extraction  INFO  Selected fold: split 27 — last/most recent (F1=0.4658)
15:35:22  src.cpcv.cv  INFO  CPCV: 28 splits generated (N=8, k=2, embargo=11 obs).
15:35:22  src.post_cpcv.symbolic_extraction  INFO  Symbolic extraction feature subset: 5 feature(s) (overrides per-fold MDA selection).
15:35:22  src.post_cpcv.symbolic_extraction  INFO  Extraction data: 540 train, 135 val, 5 features (tanh-normalized).
15:35:23  src.post_cpcv.symbolic_extraction  INFO  Extraction Phase 1: Adam (600 steps, wd=0.0010, noise=0.050)
15:35:37  src.post_cpcv.symbolic_extraction  INFO  After Adam: train_acc=0.4907, val_acc=0.5111
15:35:37  src.post_cpcv.symbolic_extraction  WARNING  Adam phase val_acc=0.5111 < 0.5693 (majority baseline 0.5593 + 0.01 margin, floored at PYKAN_MIN_ACCURACY=0.53). PyKAN may not have learned meaningful patterns.
15:35:37  src.post_cpcv.symbolic_extraction  INFO  Extraction Phase 2a: LBFGS warmup (20 steps, no reg)
15:35:43  src.post_cpcv.symbolic_extraction  INFO  After LBFGS warmup: train_acc=0.6407, val_acc=0.5630
15:35:43  src.post_cpcv.symbolic_extraction  INFO  Extraction Phase 2b: LBFGS sparsity (20 steps, lamb=0.0020)
15:35:48  src.post_cpcv.symbolic_extraction  INFO  After LBFGS sparsity (final): train_acc=0.6833, val_acc=0.5481
15:35:48  src.post_cpcv.symbolic_extraction  INFO  KAN trained. Val accuracy: 0.5481, width: [[5, 0], [2, 0], [2, 0]]
15:35:48  src.post_cpcv.symbolic_extraction  INFO  Pre-prune edge analysis: 14/14 active (100.0%)
15:35:48  src.post_cpcv.symbolic_extraction  INFO  Pruned: [[5, 0], [2, 0], [2, 0]] → [[5, 0], [2, 0], [2, 0]]
15:35:50  src.post_cpcv.symbolic_extraction  INFO  Saved kan_pruned_network.png
15:35:51  src.post_cpcv.symbolic_extraction  INFO  Edge (0,0,0): cos (R²=1.0000) ✓
15:35:52  src.post_cpcv.symbolic_extraction  INFO  Edge (0,0,1): cos (R²=1.0000) ✓
15:35:53  src.post_cpcv.symbolic_extraction  INFO  Edge (0,1,0): cos (R²=0.9566) ✓
15:35:54  src.post_cpcv.symbolic_extraction  INFO  Edge (0,1,1): sin (R²=0.9754) ✓
15:35:55  src.post_cpcv.symbolic_extraction  INFO  Edge (0,2,0): x^2 (R²=1.0000) ✓
15:35:56  src.post_cpcv.symbolic_extraction  INFO  Edge (0,2,1): sin (R²=0.9925) ✓
15:35:56  src.post_cpcv.symbolic_extraction  INFO  Edge (0,3,0): cos (R²=0.9981) ✓
15:35:57  src.post_cpcv.symbolic_extraction  INFO  Edge (0,3,1): sin (R²=0.9922) ✓
15:35:58  src.post_cpcv.symbolic_extraction  INFO  Edge (0,4,0): arctan (R²=0.9918) ✓
15:35:59  src.post_cpcv.symbolic_extraction  INFO  Edge (0,4,1): sin (R²=0.9877) ✓
15:36:00  src.post_cpcv.symbolic_extraction  INFO  Edge (1,0,0): abs (R²=0.9635) ✓
15:36:01  src.post_cpcv.symbolic_extraction  INFO  Edge (1,0,1): abs (R²=0.8688) ✓
15:36:01  src.post_cpcv.symbolic_extraction  INFO  Edge (1,1,0): sin (R²=0.9859) ✓
15:36:02  src.post_cpcv.symbolic_extraction  INFO  Edge (1,1,1): cos (R²=0.8451) ✓
15:36:21  src.post_cpcv.symbolic_extraction  INFO  Saved kan_symbolified_network.png
15:36:52  src.post_cpcv.symbolic_extraction  WARNING  sympy.simplify timed out after 30s. Using unsimplified.
15:41:52  src.post_cpcv.symbolic_extraction  WARNING  Sensitivity table: 5/5 features have non-finite gradient at the median; reported as NaN. Consider eval_point='median' or inspect the symbolic formula for poles near these features' median.
