16:46:38  src.pre_cpcv.data_loader  INFO  [data_loader] BTC-USD: 2014-11-01 → 2026-04-30 | 4199 rows | 0 warning(s)
16:46:43  src.pre_cpcv.labeling  INFO  Triple-barrier: 1266 events labeled. Class distribution: {1: 661, -1: 498, 0: 107}
16:46:46  src.pre_cpcv.labeling  WARNING  Dropped 107 row(s) belonging to rare class(es) [0] (< 8.5%).
16:46:48  src.pre_cpcv.sample_weights  INFO  Capped 12 weights at 2.83 (99% percentile).
16:46:50  src.pre_cpcv.features  INFO  Lag features: 6 columns, 4199 rows (lags=[1, 2, 3, 7, 14, 30]).
16:46:50  src.pre_cpcv.features  INFO  TA features: 25 columns, 4199 rows.
16:46:57  src.pre_cpcv.external_features  INFO  External features loaded from cache (22 cols).
16:46:58  src.pre_cpcv.features  INFO  Math features loaded from cache ({'jarque_bera', 'smt_exp', 'variance_ratio', 'sadf', 'smt_poly1', 'shannon_entropy', 'hurst', 'negentropy', 'lz_complexity'}).
16:46:58  src.pre_cpcv.features  INFO  Log-transformed columns: ['atr', 'obv']
16:47:36  src.pre_cpcv.alignment  WARNING  Remaining NaNs in 1 feature column(s) after alignment:
oil_ret_30    1
16:47:37  src.pre_cpcv.alignment  INFO  Alignment validation passed (1159 samples, 62 features).
16:47:39  src.cpcv.cv  INFO  CPCV: 28 splits generated (N=8, k=2, embargo=11 obs).
16:47:39  src.cpcv.cv  INFO  Path matrix: 7 paths, 8 groups, 28 splits.
16:47:43  src.cpcv.pipeline  INFO  ============================================================
16:47:43  src.cpcv.pipeline  INFO  CPCV Pipeline
16:47:43  src.cpcv.pipeline  INFO  ============================================================
16:47:43  src.cpcv.pipeline  INFO    Models:         ['ar_logistic']
16:47:43  src.cpcv.pipeline  INFO    Seeds/fold:     3
16:47:43  src.cpcv.pipeline  INFO    Groups (N):     8
16:47:43  src.cpcv.pipeline  INFO    Test groups (k):2
16:47:43  src.cpcv.pipeline  INFO    Embargo:        1.0%
16:47:43  src.cpcv.pipeline  INFO    FFD columns:    ['atr']
16:47:43  src.cpcv.pipeline  INFO    Samples:        1159
16:47:43  src.cpcv.pipeline  INFO    Features:       62
16:47:43  src.cpcv.pipeline  INFO    Splits:         28, Paths: 7
16:47:43  src.cpcv.pipeline  INFO    Tuning:         OFF
16:47:43  src.cpcv.pipeline  INFO  ============================================================
16:47:43  src.cpcv.preprocessing  INFO  Feature selection skipped (AR Logistic uses lagged returns only)
16:47:43  src.cpcv.pipeline  INFO    Preprocessing: FFD + scaling only (no feature selection), train=688 + cal=172, test=89
16:47:43  src.cpcv.pipeline  INFO    AR Logistic lags: [1, 2, 3, 7, 14, 30]
16:47:43  src.cpcv.pipeline  INFO    [  1/84]          ar_logistic (seed=0) F1=0.540  AUC=0.567  LL=0.6932 (0.2s)
16:47:43  src.cpcv.pipeline  INFO    [  2/84]          ar_logistic (seed=1) F1=0.540  AUC=0.567  LL=0.6932 (0.0s)
16:47:43  src.cpcv.pipeline  INFO    [  3/84]          ar_logistic (seed=2) F1=0.540  AUC=0.567  LL=0.6932 (0.0s)
16:47:44  src.cpcv.preprocessing  INFO  Feature selection skipped (AR Logistic uses lagged returns only)
16:47:44  src.cpcv.pipeline  INFO    Preprocessing: FFD + scaling only (no feature selection), train=643 + cal=161, test=144
16:47:44  src.cpcv.pipeline  INFO    AR Logistic lags: [1, 2, 3, 7, 14, 30]
16:47:44  src.cpcv.pipeline  INFO    [  4/84]          ar_logistic (seed=0) F1=0.446  AUC=0.507  LL=0.7297 (0.0s)
16:47:44  src.cpcv.pipeline  INFO    [  5/84]          ar_logistic (seed=1) F1=0.446  AUC=0.507  LL=0.7297 (0.0s)
16:47:44  src.cpcv.pipeline  INFO    [  6/84]          ar_logistic (seed=2) F1=0.446  AUC=0.507  LL=0.7297 (0.0s)
16:47:44  src.cpcv.preprocessing  INFO  Feature selection skipped (AR Logistic uses lagged returns only)
16:47:44  src.cpcv.pipeline  INFO    Preprocessing: FFD + scaling only (no feature selection), train=644 + cal=161, test=144
16:47:44  src.cpcv.pipeline  INFO    AR Logistic lags: [1, 2, 3, 7, 14, 30]
16:47:44  src.cpcv.pipeline  INFO    [  7/84]          ar_logistic (seed=0) F1=0.454  AUC=0.529  LL=0.6957 (0.0s)
16:47:44  src.cpcv.pipeline  INFO    [  8/84]          ar_logistic (seed=1) F1=0.454  AUC=0.529  LL=0.6957 (0.0s)
16:47:44  src.cpcv.pipeline  INFO    [  9/84]          ar_logistic (seed=2) F1=0.454  AUC=0.529  LL=0.6957 (0.0s)
16:47:45  src.cpcv.preprocessing  INFO  Feature selection skipped (AR Logistic uses lagged returns only)
16:47:45  src.cpcv.pipeline  INFO    Preprocessing: FFD + scaling only (no feature selection), train=644 + cal=161, test=144
16:47:45  src.cpcv.pipeline  INFO    AR Logistic lags: [1, 2, 3, 7, 14, 30]
16:47:45  src.cpcv.pipeline  INFO    [ 10/84]          ar_logistic (seed=0) F1=0.374  AUC=0.439  LL=0.6796 (0.0s)
16:47:45  src.cpcv.pipeline  INFO    [ 11/84]          ar_logistic (seed=1) F1=0.374  AUC=0.439  LL=0.6796 (0.0s)
16:47:45  src.cpcv.pipeline  INFO    [ 12/84]          ar_logistic (seed=2) F1=0.374  AUC=0.439  LL=0.6796 (0.0s)
16:47:45  src.cpcv.preprocessing  INFO  Feature selection skipped (AR Logistic uses lagged returns only)
16:47:45  src.cpcv.pipeline  INFO    Preprocessing: FFD + scaling only (no feature selection), train=642 + cal=161, test=144
16:47:45  src.cpcv.pipeline  INFO    AR Logistic lags: [1, 2, 3, 7, 14, 30]
16:47:45  src.cpcv.pipeline  INFO    [ 13/84]          ar_logistic (seed=0) F1=0.408  AUC=0.404  LL=0.7585 (0.0s)
16:47:45  src.cpcv.pipeline  INFO    [ 14/84]          ar_logistic (seed=1) F1=0.408  AUC=0.404  LL=0.7585 (0.0s)
16:47:45  src.cpcv.pipeline  INFO    [ 15/84]          ar_logistic (seed=2) F1=0.408  AUC=0.404  LL=0.7585 (0.0s)
16:47:45  src.cpcv.preprocessing  INFO  Feature selection skipped (AR Logistic uses lagged returns only)
16:47:45  src.cpcv.pipeline  INFO    Preprocessing: FFD + scaling only (no feature selection), train=643 + cal=161, test=144
16:47:45  src.cpcv.pipeline  INFO    AR Logistic lags: [1, 2, 3, 7, 14, 30]
16:47:45  src.cpcv.pipeline  INFO    [ 16/84]          ar_logistic (seed=0) F1=0.556  AUC=0.605  LL=0.6817 (0.0s)
16:47:45  src.cpcv.pipeline  INFO    [ 17/84]          ar_logistic (seed=1) F1=0.556  AUC=0.605  LL=0.6817 (0.0s)
16:47:45  src.cpcv.pipeline  INFO    [ 18/84]          ar_logistic (seed=2) F1=0.556  AUC=0.605  LL=0.6817 (0.0s)
16:47:46  src.cpcv.preprocessing  INFO  Feature selection skipped (AR Logistic uses lagged returns only)
16:47:46  src.cpcv.pipeline  INFO    Preprocessing: FFD + scaling only (no feature selection), train=644 + cal=162, test=151
16:47:46  src.cpcv.pipeline  INFO    AR Logistic lags: [1, 2, 3, 7, 14, 30]
16:47:46  src.cpcv.pipeline  INFO    [ 19/84]          ar_logistic (seed=0) F1=0.507  AUC=0.570  LL=0.6822 (0.0s)
16:47:46  src.cpcv.pipeline  INFO    [ 20/84]          ar_logistic (seed=1) F1=0.507  AUC=0.570  LL=0.6822 (0.0s)
16:47:46  src.cpcv.pipeline  INFO    [ 21/84]          ar_logistic (seed=2) F1=0.507  AUC=0.570  LL=0.6822 (0.0s)
16:47:46  src.cpcv.preprocessing  INFO  Feature selection skipped (AR Logistic uses lagged returns only)
16:47:46  src.cpcv.pipeline  INFO    Preprocessing: FFD + scaling only (no feature selection), train=572 + cal=144, test=233
16:47:46  src.cpcv.pipeline  INFO    AR Logistic lags: [1, 2, 3, 7, 14, 30]
16:47:46  src.cpcv.pipeline  INFO    [ 22/84]          ar_logistic (seed=0) F1=0.529  AUC=0.540  LL=0.7380 (0.0s)
16:47:46  src.cpcv.pipeline  INFO    [ 23/84]          ar_logistic (seed=1) F1=0.529  AUC=0.540  LL=0.7380 (0.0s)
16:47:46  src.cpcv.pipeline  INFO    [ 24/84]          ar_logistic (seed=2) F1=0.529  AUC=0.540  LL=0.7380 (0.0s)
16:47:46  src.cpcv.preprocessing  INFO  Feature selection skipped (AR Logistic uses lagged returns only)
16:47:46  src.cpcv.pipeline  INFO    Preprocessing: FFD + scaling only (no feature selection), train=564 + cal=141, test=233
16:47:46  src.cpcv.pipeline  INFO    AR Logistic lags: [1, 2, 3, 7, 14, 30]
16:47:46  src.cpcv.pipeline  INFO    [ 25/84]          ar_logistic (seed=0) F1=0.526  AUC=0.555  LL=0.7140 (0.0s)
16:47:46  src.cpcv.pipeline  INFO    [ 26/84]          ar_logistic (seed=1) F1=0.526  AUC=0.555  LL=0.7140 (0.0s)
16:47:46  src.cpcv.pipeline  INFO    [ 27/84]          ar_logistic (seed=2) F1=0.526  AUC=0.555  LL=0.7140 (0.0s)
16:47:47  src.cpcv.preprocessing  INFO  Feature selection skipped (AR Logistic uses lagged returns only)
16:47:47  src.cpcv.pipeline  INFO    Preprocessing: FFD + scaling only (no feature selection), train=564 + cal=141, test=233
16:47:47  src.cpcv.pipeline  INFO    AR Logistic lags: [1, 2, 3, 7, 14, 30]
16:47:47  src.cpcv.pipeline  INFO    [ 28/84]          ar_logistic (seed=0) F1=0.550  AUC=0.532  LL=0.7055 (0.0s)
16:47:47  src.cpcv.pipeline  INFO    [ 29/84]          ar_logistic (seed=1) F1=0.550  AUC=0.532  LL=0.7055 (0.0s)
16:47:47  src.cpcv.pipeline  INFO    [ 30/84]          ar_logistic (seed=2) F1=0.550  AUC=0.532  LL=0.7055 (0.0s)
16:47:47  src.cpcv.preprocessing  INFO  Feature selection skipped (AR Logistic uses lagged returns only)
16:47:47  src.cpcv.pipeline  INFO    Preprocessing: FFD + scaling only (no feature selection), train=562 + cal=141, test=233
16:47:47  src.cpcv.pipeline  INFO    AR Logistic lags: [1, 2, 3, 7, 14, 30]
16:47:47  src.cpcv.pipeline  INFO    [ 31/84]          ar_logistic (seed=0) F1=0.428  AUC=0.439  LL=0.7641 (0.0s)
16:47:47  src.cpcv.pipeline  INFO    [ 32/84]          ar_logistic (seed=1) F1=0.428  AUC=0.439  LL=0.7641 (0.0s)
16:47:47  src.cpcv.pipeline  INFO    [ 33/84]          ar_logistic (seed=2) F1=0.428  AUC=0.439  LL=0.7641 (0.0s)
16:47:47  src.cpcv.preprocessing  INFO  Feature selection skipped (AR Logistic uses lagged returns only)
16:47:47  src.cpcv.pipeline  INFO    Preprocessing: FFD + scaling only (no feature selection), train=563 + cal=141, test=233
16:47:47  src.cpcv.pipeline  INFO    AR Logistic lags: [1, 2, 3, 7, 14, 30]
16:47:47  src.cpcv.pipeline  INFO    [ 34/84]          ar_logistic (seed=0) F1=0.565  AUC=0.584  LL=0.7043 (0.0s)
16:47:47  src.cpcv.pipeline  INFO    [ 35/84]          ar_logistic (seed=1) F1=0.565  AUC=0.584  LL=0.7043 (0.0s)
16:47:47  src.cpcv.pipeline  INFO    [ 36/84]          ar_logistic (seed=2) F1=0.565  AUC=0.584  LL=0.7043 (0.0s)
16:47:48  src.cpcv.preprocessing  INFO  Feature selection skipped (AR Logistic uses lagged returns only)
16:47:48  src.cpcv.pipeline  INFO    Preprocessing: FFD + scaling only (no feature selection), train=564 + cal=142, test=240
16:47:48  src.cpcv.pipeline  INFO    AR Logistic lags: [1, 2, 3, 7, 14, 30]
16:47:48  src.cpcv.pipeline  INFO    [ 37/84]          ar_logistic (seed=0) F1=0.485  AUC=0.597  LL=0.6752 (0.0s)
16:47:48  src.cpcv.pipeline  INFO    [ 38/84]          ar_logistic (seed=1) F1=0.485  AUC=0.597  LL=0.6752 (0.0s)
16:47:48  src.cpcv.pipeline  INFO    [ 39/84]          ar_logistic (seed=2) F1=0.485  AUC=0.597  LL=0.6752 (0.0s)
16:47:48  src.cpcv.preprocessing  INFO  Feature selection skipped (AR Logistic uses lagged returns only)
16:47:48  src.cpcv.pipeline  INFO    Preprocessing: FFD + scaling only (no feature selection), train=528 + cal=132, test=288
16:47:48  src.cpcv.pipeline  INFO    AR Logistic lags: [1, 2, 3, 7, 14, 30]
16:47:48  src.cpcv.pipeline  INFO    [ 40/84]          ar_logistic (seed=0) F1=0.502  AUC=0.523  LL=0.7144 (0.0s)
16:47:48  src.cpcv.pipeline  INFO    [ 41/84]          ar_logistic (seed=1) F1=0.502  AUC=0.523  LL=0.7144 (0.0s)
16:47:48  src.cpcv.pipeline  INFO    [ 42/84]          ar_logistic (seed=2) F1=0.502  AUC=0.523  LL=0.7144 (0.0s)
16:47:48  src.cpcv.preprocessing  INFO  Feature selection skipped (AR Logistic uses lagged returns only)
16:47:48  src.cpcv.pipeline  INFO    Preprocessing: FFD + scaling only (no feature selection), train=519 + cal=130, test=288
16:47:48  src.cpcv.pipeline  INFO    AR Logistic lags: [1, 2, 3, 7, 14, 30]
16:47:48  src.cpcv.pipeline  INFO    [ 43/84]          ar_logistic (seed=0) F1=0.407  AUC=0.450  LL=0.6986 (0.0s)
16:47:48  src.cpcv.pipeline  INFO    [ 44/84]          ar_logistic (seed=1) F1=0.407  AUC=0.450  LL=0.6986 (0.0s)
16:47:48  src.cpcv.pipeline  INFO    [ 45/84]          ar_logistic (seed=2) F1=0.407  AUC=0.450  LL=0.6986 (0.0s)
16:47:49  src.cpcv.preprocessing  INFO  Feature selection skipped (AR Logistic uses lagged returns only)
16:47:49  src.cpcv.pipeline  INFO    Preprocessing: FFD + scaling only (no feature selection), train=517 + cal=130, test=288
16:47:49  src.cpcv.pipeline  INFO    AR Logistic lags: [1, 2, 3, 7, 14, 30]
16:47:49  src.cpcv.pipeline  INFO    [ 46/84]          ar_logistic (seed=0) F1=0.475  AUC=0.478  LL=0.7489 (0.0s)
16:47:49  src.cpcv.pipeline  INFO    [ 47/84]          ar_logistic (seed=1) F1=0.475  AUC=0.478  LL=0.7489 (0.0s)
16:47:49  src.cpcv.pipeline  INFO    [ 48/84]          ar_logistic (seed=2) F1=0.475  AUC=0.478  LL=0.7489 (0.0s)
16:47:49  src.cpcv.preprocessing  INFO  Feature selection skipped (AR Logistic uses lagged returns only)
16:47:49  src.cpcv.pipeline  INFO    Preprocessing: FFD + scaling only (no feature selection), train=518 + cal=130, test=288
16:47:49  src.cpcv.pipeline  INFO    AR Logistic lags: [1, 2, 3, 7, 14, 30]
16:47:49  src.cpcv.pipeline  INFO    [ 49/84]          ar_logistic (seed=0) F1=0.511  AUC=0.526  LL=0.7135 (0.0s)
16:47:49  src.cpcv.pipeline  INFO    [ 50/84]          ar_logistic (seed=1) F1=0.511  AUC=0.526  LL=0.7135 (0.0s)
16:47:49  src.cpcv.pipeline  INFO    [ 51/84]          ar_logistic (seed=2) F1=0.511  AUC=0.526  LL=0.7135 (0.0s)
16:47:49  src.cpcv.preprocessing  INFO  Feature selection skipped (AR Logistic uses lagged returns only)
16:47:49  src.cpcv.pipeline  INFO    Preprocessing: FFD + scaling only (no feature selection), train=520 + cal=130, test=295
16:47:49  src.cpcv.pipeline  INFO    AR Logistic lags: [1, 2, 3, 7, 14, 30]
16:47:49  src.cpcv.pipeline  INFO    [ 52/84]          ar_logistic (seed=0) F1=0.495  AUC=0.535  LL=0.6981 (0.0s)
16:47:49  src.cpcv.pipeline  INFO    [ 53/84]          ar_logistic (seed=1) F1=0.495  AUC=0.535  LL=0.6981 (0.0s)
16:47:49  src.cpcv.pipeline  INFO    [ 54/84]          ar_logistic (seed=2) F1=0.495  AUC=0.535  LL=0.6981 (0.0s)
16:47:50  src.cpcv.preprocessing  INFO  Feature selection skipped (AR Logistic uses lagged returns only)
16:47:50  src.cpcv.pipeline  INFO    Preprocessing: FFD + scaling only (no feature selection), train=528 + cal=133, test=288
16:47:50  src.cpcv.pipeline  INFO    AR Logistic lags: [1, 2, 3, 7, 14, 30]
16:47:50  src.cpcv.pipeline  INFO    [ 55/84]          ar_logistic (seed=0) F1=0.439  AUC=0.468  LL=0.6925 (0.0s)
16:47:50  src.cpcv.pipeline  INFO    [ 56/84]          ar_logistic (seed=1) F1=0.439  AUC=0.468  LL=0.6925 (0.0s)
16:47:50  src.cpcv.pipeline  INFO    [ 57/84]          ar_logistic (seed=2) F1=0.439  AUC=0.468  LL=0.6925 (0.0s)
16:47:50  src.cpcv.preprocessing  INFO  Feature selection skipped (AR Logistic uses lagged returns only)
16:47:50  src.cpcv.pipeline  INFO    Preprocessing: FFD + scaling only (no feature selection), train=518 + cal=130, test=288
16:47:50  src.cpcv.pipeline  INFO    AR Logistic lags: [1, 2, 3, 7, 14, 30]
16:47:50  src.cpcv.pipeline  INFO    [ 58/84]          ar_logistic (seed=0) F1=0.463  AUC=0.484  LL=0.7401 (0.0s)
16:47:50  src.cpcv.pipeline  INFO    [ 59/84]          ar_logistic (seed=1) F1=0.463  AUC=0.484  LL=0.7401 (0.0s)
16:47:50  src.cpcv.pipeline  INFO    [ 60/84]          ar_logistic (seed=2) F1=0.463  AUC=0.484  LL=0.7401 (0.0s)
16:47:50  src.cpcv.preprocessing  INFO  Feature selection skipped (AR Logistic uses lagged returns only)
16:47:50  src.cpcv.pipeline  INFO    Preprocessing: FFD + scaling only (no feature selection), train=519 + cal=130, test=288
16:47:50  src.cpcv.pipeline  INFO    AR Logistic lags: [1, 2, 3, 7, 14, 30]
16:47:50  src.cpcv.pipeline  INFO    [ 61/84]          ar_logistic (seed=0) F1=0.517  AUC=0.567  LL=0.6946 (0.0s)
16:47:50  src.cpcv.pipeline  INFO    [ 62/84]          ar_logistic (seed=1) F1=0.517  AUC=0.567  LL=0.6946 (0.0s)
16:47:50  src.cpcv.pipeline  INFO    [ 63/84]          ar_logistic (seed=2) F1=0.517  AUC=0.567  LL=0.6946 (0.0s)
16:47:51  src.cpcv.preprocessing  INFO  Feature selection skipped (AR Logistic uses lagged returns only)
16:47:51  src.cpcv.pipeline  INFO    Preprocessing: FFD + scaling only (no feature selection), train=520 + cal=131, test=295
16:47:51  src.cpcv.pipeline  INFO    AR Logistic lags: [1, 2, 3, 7, 14, 30]
16:47:51  src.cpcv.pipeline  INFO    [ 64/84]          ar_logistic (seed=0) F1=0.493  AUC=0.532  LL=0.6947 (0.0s)
16:47:51  src.cpcv.pipeline  INFO    [ 65/84]          ar_logistic (seed=1) F1=0.493  AUC=0.532  LL=0.6947 (0.0s)
16:47:51  src.cpcv.pipeline  INFO    [ 66/84]          ar_logistic (seed=2) F1=0.493  AUC=0.532  LL=0.6947 (0.0s)
16:47:51  src.cpcv.preprocessing  INFO  Feature selection skipped (AR Logistic uses lagged returns only)
16:47:51  src.cpcv.pipeline  INFO    Preprocessing: FFD + scaling only (no feature selection), train=528 + cal=133, test=288
16:47:51  src.cpcv.pipeline  INFO    AR Logistic lags: [1, 2, 3, 7, 14, 30]
16:47:51  src.cpcv.pipeline  INFO    [ 67/84]          ar_logistic (seed=0) F1=0.517  AUC=0.508  LL=0.7194 (0.0s)
16:47:51  src.cpcv.pipeline  INFO    [ 68/84]          ar_logistic (seed=1) F1=0.517  AUC=0.508  LL=0.7194 (0.0s)
16:47:51  src.cpcv.pipeline  INFO    [ 69/84]          ar_logistic (seed=2) F1=0.517  AUC=0.508  LL=0.7194 (0.0s)
16:47:52  src.cpcv.preprocessing  INFO  Feature selection skipped (AR Logistic uses lagged returns only)
16:47:52  src.cpcv.pipeline  INFO    Preprocessing: FFD + scaling only (no feature selection), train=519 + cal=130, test=288
16:47:52  src.cpcv.pipeline  INFO    AR Logistic lags: [1, 2, 3, 7, 14, 30]
16:47:52  src.cpcv.pipeline  INFO    [ 70/84]          ar_logistic (seed=0) F1=0.459  AUC=0.481  LL=0.6910 (0.0s)
16:47:52  src.cpcv.pipeline  INFO    [ 71/84]          ar_logistic (seed=1) F1=0.459  AUC=0.481  LL=0.6910 (0.0s)
16:47:52  src.cpcv.pipeline  INFO    [ 72/84]          ar_logistic (seed=2) F1=0.459  AUC=0.481  LL=0.6910 (0.0s)
16:47:52  src.cpcv.preprocessing  INFO  Feature selection skipped (AR Logistic uses lagged returns only)
16:47:52  src.cpcv.pipeline  INFO    Preprocessing: FFD + scaling only (no feature selection), train=520 + cal=131, test=295
16:47:52  src.cpcv.pipeline  INFO    AR Logistic lags: [1, 2, 3, 7, 14, 30]
16:47:52  src.cpcv.pipeline  INFO    [ 73/84]          ar_logistic (seed=0) F1=0.448  AUC=0.467  LL=0.6955 (0.0s)
16:47:52  src.cpcv.pipeline  INFO    [ 74/84]          ar_logistic (seed=1) F1=0.448  AUC=0.467  LL=0.6955 (0.0s)
16:47:52  src.cpcv.pipeline  INFO    [ 75/84]          ar_logistic (seed=2) F1=0.448  AUC=0.467  LL=0.6955 (0.0s)
16:47:52  src.cpcv.preprocessing  INFO  Feature selection skipped (AR Logistic uses lagged returns only)
16:47:52  src.cpcv.pipeline  INFO    Preprocessing: FFD + scaling only (no feature selection), train=527 + cal=132, test=288
16:47:52  src.cpcv.pipeline  INFO    AR Logistic lags: [1, 2, 3, 7, 14, 30]
16:47:52  src.cpcv.pipeline  INFO    [ 76/84]          ar_logistic (seed=0) F1=0.466  AUC=0.481  LL=0.7306 (0.0s)
16:47:52  src.cpcv.pipeline  INFO    [ 77/84]          ar_logistic (seed=1) F1=0.466  AUC=0.481  LL=0.7306 (0.0s)
16:47:52  src.cpcv.pipeline  INFO    [ 78/84]          ar_logistic (seed=2) F1=0.466  AUC=0.481  LL=0.7306 (0.0s)
16:47:53  src.cpcv.preprocessing  INFO  Feature selection skipped (AR Logistic uses lagged returns only)
16:47:53  src.cpcv.pipeline  INFO    Preprocessing: FFD + scaling only (no feature selection), train=519 + cal=130, test=295
16:47:53  src.cpcv.pipeline  INFO    AR Logistic lags: [1, 2, 3, 7, 14, 30]
16:47:53  src.cpcv.pipeline  INFO    [ 79/84]          ar_logistic (seed=0) F1=0.429  AUC=0.489  LL=0.6999 (0.0s)
16:47:53  src.cpcv.pipeline  INFO    [ 80/84]          ar_logistic (seed=1) F1=0.429  AUC=0.489  LL=0.6999 (0.0s)
16:47:53  src.cpcv.pipeline  INFO    [ 81/84]          ar_logistic (seed=2) F1=0.429  AUC=0.489  LL=0.6999 (0.0s)
16:47:53  src.cpcv.preprocessing  INFO  Feature selection skipped (AR Logistic uses lagged returns only)
16:47:53  src.cpcv.pipeline  INFO    Preprocessing: FFD + scaling only (no feature selection), train=531 + cal=133, test=295
16:47:53  src.cpcv.pipeline  INFO    AR Logistic lags: [1, 2, 3, 7, 14, 30]
16:47:53  src.cpcv.pipeline  INFO    [ 82/84]          ar_logistic (seed=0) F1=0.454  AUC=0.417  LL=0.7255 (0.0s)
16:47:53  src.cpcv.pipeline  INFO    [ 83/84]          ar_logistic (seed=1) F1=0.454  AUC=0.417  LL=0.7255 (0.0s)
16:47:53  src.cpcv.pipeline  INFO    [ 84/84]          ar_logistic (seed=2) F1=0.454  AUC=0.417  LL=0.7255 (0.0s)
16:47:53  src.cpcv.pipeline  INFO  ============================================================
16:47:53  src.cpcv.pipeline  INFO  CPCV Pipeline Complete
16:47:53  src.cpcv.pipeline  INFO  ============================================================
16:47:53  src.cpcv.pipeline  INFO    Total time:     10.3s (0.2m)
16:47:53  src.cpcv.pipeline  INFO    Tasks:          84 succeeded, 0 failed
16:47:53  src.cpcv.pipeline  INFO    Results keys:   84 (model, split, seed) entries
16:47:53  src.cpcv.pipeline  INFO    Backtest paths: 7
16:47:53  src.cpcv.pipeline  INFO  ============================================================
16:47:55  src.cpcv.pipeline  INFO  ============================================================
16:47:55  src.cpcv.pipeline  INFO  CPCV Pipeline
16:47:55  src.cpcv.pipeline  INFO  ============================================================
16:47:55  src.cpcv.pipeline  INFO    Models:         ['logistic']
16:47:55  src.cpcv.pipeline  INFO    Seeds/fold:     3
16:47:55  src.cpcv.pipeline  INFO    Groups (N):     8
16:47:55  src.cpcv.pipeline  INFO    Test groups (k):2
16:47:55  src.cpcv.pipeline  INFO    Embargo:        1.0%
16:47:55  src.cpcv.pipeline  INFO    FFD columns:    ['atr']
16:47:55  src.cpcv.pipeline  INFO    Samples:        1159
16:47:55  src.cpcv.pipeline  INFO    Features:       62
16:47:55  src.cpcv.pipeline  INFO    Splits:         28, Paths: 7
16:47:55  src.cpcv.pipeline  INFO    Tuning:         NESTED (per-split) — ['logistic'] [30 trials]
16:47:55  src.cpcv.pipeline  INFO  ============================================================
16:47:55  src.cpcv.preprocessing  INFO  Computing MDA (Random Forest)...
16:48:19  src.cpcv.preprocessing  INFO  Computing MDA (Logistic Regression)...
16:48:20  src.cpcv.preprocessing  INFO  Multi-model MDA: 17/62 passed (MDA > 0), 45 eliminated
16:48:20  src.cpcv.preprocessing  INFO    Selected (17): ['chaikin_osc', 'copper_ret_30', 'dxy_roc_30', 'exchange_supply_pct', 'gk_vol', 'jarque_bera', 'log_returns', 'log_returns_lag1', 'log_returns_lag7', 'nasdaq_ret_30', 'roc_14', 'silver_ret_30', 'skewness', 'stoch_d', 'us10y', 'us2y', 'yield_curve_10y30y']
16:48:20  src.cpcv.pipeline  INFO    Preprocessing: 17 features selected, train=688 + cal=172, test=89
16:48:20  src.cpcv.tuning  INFO  Tuning (1 model) — Optuna TPE + Purged K-Fold (inner: 3 folds, embargo=10 obs)
16:48:20  src.cpcv.tuning  INFO    [tuning] logistic: 3 purged K-fold splits, 30 Optuna trials (TPE)
16:48:23  src.cpcv.tuning  INFO      logistic: 14 completed, 16 pruned (of 30 total) — best log_loss=0.6837, params={'C': 0.054502936945582565, 'penalty': 'l1'}
16:48:23  src.cpcv.tuning  INFO    [tuning] logistic done in 2.9s — best log_loss=0.6837
16:48:23  src.cpcv.tuning  INFO  Tuning total: 2.9s
16:48:23  src.cpcv.pipeline  INFO      applied logistic: {'C': 0.054502936945582565, 'penalty': 'l1'}
16:48:23  src.cpcv.pipeline  INFO    [  1/84]             logistic (seed=0) F1=0.457  AUC=0.495  LL=0.7161 (0.0s)
16:48:23  src.cpcv.pipeline  INFO    [  2/84]             logistic (seed=1) F1=0.457  AUC=0.495  LL=0.7161 (0.0s)
16:48:23  src.cpcv.pipeline  INFO    [  3/84]             logistic (seed=2) F1=0.457  AUC=0.495  LL=0.7161 (0.0s)
16:48:24  src.cpcv.preprocessing  INFO  Computing MDA (Random Forest)...
16:48:50  src.cpcv.preprocessing  INFO  Computing MDA (Logistic Regression)...
16:48:51  src.cpcv.preprocessing  INFO  Multi-model MDA: 46/62 passed (MDA > 0), 16 eliminated
16:48:51  src.cpcv.preprocessing  INFO    Capped at 18 features (top_k_frac=0.3)
16:48:51  src.cpcv.preprocessing  INFO    Selected (18): ['bb_width', 'dxy_roc_30', 'ema_ratio_50_200', 'fee_per_tx', 'issuance_ntv', 'log_returns', 'log_returns_lag3', 'macd_hist', 'nasdaq_ret_30', 'realized_vol', 'shannon_entropy', 'skewness', 'smt_exp', 'smt_poly1', 'stoch_d', 'us2y', 'williams_r', 'yield_curve_2y10y']
16:48:51  src.cpcv.pipeline  INFO    Preprocessing: 18 features selected, train=643 + cal=161, test=144
16:48:51  src.cpcv.tuning  INFO  Tuning (1 model) — Optuna TPE + Purged K-Fold (inner: 3 folds, embargo=10 obs)
16:48:51  src.cpcv.tuning  INFO    [tuning] logistic: 3 purged K-fold splits, 30 Optuna trials (TPE)
16:48:52  src.cpcv.tuning  INFO      logistic: 23 completed, 7 pruned (of 30 total) — best log_loss=0.6931, params={'C': 0.058492919542688086, 'penalty': 'l1'}
16:48:52  src.cpcv.tuning  INFO    [tuning] logistic done in 0.6s — best log_loss=0.6931
16:48:52  src.cpcv.tuning  INFO  Tuning total: 0.6s
16:48:52  src.cpcv.pipeline  INFO      applied logistic: {'C': 0.058492919542688086, 'penalty': 'l1'}
16:48:52  src.cpcv.pipeline  INFO    [  4/84]             logistic (seed=0) F1=0.311  AUC=0.534  LL=0.7104 (0.0s)
16:48:52  src.cpcv.pipeline  INFO    [  5/84]             logistic (seed=1) F1=0.311  AUC=0.534  LL=0.7104 (0.0s)
16:48:52  src.cpcv.pipeline  INFO    [  6/84]             logistic (seed=2) F1=0.311  AUC=0.534  LL=0.7104 (0.0s)
16:48:52  src.cpcv.preprocessing  INFO  Computing MDA (Random Forest)...
16:49:24  src.cpcv.preprocessing  INFO  Computing MDA (Logistic Regression)...
16:49:25  src.cpcv.preprocessing  INFO  Multi-model MDA: 11/62 passed (MDA > 0), 51 eliminated
16:49:25  src.cpcv.preprocessing  INFO    Selected (11): ['chaikin_osc', 'exchange_supply_pct', 'jarque_bera', 'kurtosis', 'log_returns_lag1', 'log_returns_lag2', 'negentropy', 'oil_ret_30', 'roc_14', 'us10y', 'vol_term_30_90']
16:49:25  src.cpcv.pipeline  INFO    Preprocessing: 11 features selected, train=644 + cal=161, test=144
16:49:25  src.cpcv.tuning  INFO  Tuning (1 model) — Optuna TPE + Purged K-Fold (inner: 3 folds, embargo=10 obs)
16:49:25  src.cpcv.tuning  INFO    [tuning] logistic: 3 purged K-fold splits, 30 Optuna trials (TPE)
16:49:25  src.cpcv.tuning  INFO      logistic: 17 completed, 13 pruned (of 30 total) — best log_loss=0.6926, params={'C': 0.054502936945582565, 'penalty': 'l1'}
16:49:25  src.cpcv.tuning  INFO    [tuning] logistic done in 0.5s — best log_loss=0.6926
16:49:25  src.cpcv.tuning  INFO  Tuning total: 0.5s
16:49:25  src.cpcv.pipeline  INFO      applied logistic: {'C': 0.054502936945582565, 'penalty': 'l1'}
16:49:25  src.cpcv.pipeline  INFO    [  7/84]             logistic (seed=0) F1=0.403  AUC=0.653  LL=0.6497 (0.0s)
16:49:25  src.cpcv.pipeline  INFO    [  8/84]             logistic (seed=1) F1=0.403  AUC=0.653  LL=0.6497 (0.0s)
16:49:25  src.cpcv.pipeline  INFO    [  9/84]             logistic (seed=2) F1=0.403  AUC=0.653  LL=0.6497 (0.0s)
16:49:26  src.cpcv.preprocessing  INFO  Computing MDA (Random Forest)...
16:49:50  src.cpcv.preprocessing  INFO  Computing MDA (Logistic Regression)...
16:49:51  src.cpcv.preprocessing  INFO  Multi-model MDA: 34/62 passed (MDA > 0), 28 eliminated
16:49:51  src.cpcv.preprocessing  INFO    Capped at 18 features (top_k_frac=0.3)
16:49:51  src.cpcv.preprocessing  INFO    Selected (18): ['atr', 'bb_width', 'chaikin_osc', 'ema_ratio_20_50', 'jarque_bera', 'log_returns_lag1', 'log_returns_lag2', 'macd_hist', 'mvrv', 'obv', 'sadf', 'silver_ret_30', 'smt_exp', 'sp500_ret_30', 'stoch_d', 'variance_ratio', 'vix', 'yield_curve_10y30y']
16:49:51  src.cpcv.pipeline  INFO    Preprocessing: 18 features selected, train=644 + cal=161, test=144
16:49:51  src.cpcv.tuning  INFO  Tuning (1 model) — Optuna TPE + Purged K-Fold (inner: 3 folds, embargo=10 obs)
16:49:51  src.cpcv.tuning  INFO    [tuning] logistic: 3 purged K-fold splits, 30 Optuna trials (TPE)
16:49:52  src.cpcv.tuning  INFO      logistic: 15 completed, 15 pruned (of 30 total) — best log_loss=0.6855, params={'C': 0.054502936945582565, 'penalty': 'l1'}
16:49:52  src.cpcv.tuning  INFO    [tuning] logistic done in 0.7s — best log_loss=0.6855
16:49:52  src.cpcv.tuning  INFO  Tuning total: 0.7s
16:49:52  src.cpcv.pipeline  INFO      applied logistic: {'C': 0.054502936945582565, 'penalty': 'l1'}
16:49:52  src.cpcv.pipeline  INFO    [ 10/84]             logistic (seed=0) F1=0.468  AUC=0.522  LL=0.6805 (0.0s)
16:49:52  src.cpcv.pipeline  INFO    [ 11/84]             logistic (seed=1) F1=0.468  AUC=0.522  LL=0.6805 (0.0s)
16:49:52  src.cpcv.pipeline  INFO    [ 12/84]             logistic (seed=2) F1=0.468  AUC=0.522  LL=0.6805 (0.0s)
16:49:53  src.cpcv.preprocessing  INFO  Computing MDA (Random Forest)...
16:50:17  src.cpcv.preprocessing  INFO  Computing MDA (Logistic Regression)...
16:50:18  src.cpcv.preprocessing  INFO  Multi-model MDA: 30/62 passed (MDA > 0), 32 eliminated
16:50:18  src.cpcv.preprocessing  INFO    Capped at 18 features (top_k_frac=0.3)
16:50:18  src.cpcv.preprocessing  INFO    Selected (18): ['bb_width', 'eth_btc_ratio', 'exchange_supply_pct', 'gold_ret_30', 'jarque_bera', 'kurtosis', 'log_returns', 'log_returns_lag30', 'macd_hist', 'mfi_14', 'mvrv', 'natgas_ret_30', 'rsi', 'sadf', 'skewness', 'stoch_d', 'us2y', 'yz_vol']
16:50:18  src.cpcv.pipeline  INFO    Preprocessing: 18 features selected, train=642 + cal=161, test=144
16:50:18  src.cpcv.tuning  INFO  Tuning (1 model) — Optuna TPE + Purged K-Fold (inner: 3 folds, embargo=10 obs)
16:50:18  src.cpcv.tuning  INFO    [tuning] logistic: 3 purged K-fold splits, 30 Optuna trials (TPE)
16:50:19  src.cpcv.tuning  INFO      logistic: 28 completed, 2 pruned (of 30 total) — best log_loss=0.6837, params={'C': 0.025943055296597954, 'penalty': 'l1'}
16:50:19  src.cpcv.tuning  INFO    [tuning] logistic done in 1.0s — best log_loss=0.6837
16:50:19  src.cpcv.tuning  INFO  Tuning total: 1.0s
16:50:19  src.cpcv.pipeline  INFO      applied logistic: {'C': 0.025943055296597954, 'penalty': 'l1'}
16:50:19  src.cpcv.pipeline  INFO    [ 13/84]             logistic (seed=0) F1=0.336  AUC=0.462  LL=0.6978 (0.0s)
16:50:19  src.cpcv.pipeline  INFO    [ 14/84]             logistic (seed=1) F1=0.336  AUC=0.462  LL=0.6978 (0.0s)
16:50:19  src.cpcv.pipeline  INFO    [ 15/84]             logistic (seed=2) F1=0.336  AUC=0.462  LL=0.6978 (0.0s)
16:50:19  src.cpcv.preprocessing  INFO  Computing MDA (Random Forest)...
16:50:44  src.cpcv.preprocessing  INFO  Computing MDA (Logistic Regression)...
16:50:45  src.cpcv.preprocessing  INFO  Multi-model MDA: 39/62 passed (MDA > 0), 23 eliminated
16:50:45  src.cpcv.preprocessing  INFO    Capped at 18 features (top_k_frac=0.3)
16:50:45  src.cpcv.preprocessing  INFO    Selected (18): ['active_addr_roc_14', 'chaikin_osc', 'copper_ret_30', 'dxy_roc_30', 'ema_ratio_20_50', 'eth_btc_ratio', 'exchange_supply_pct', 'gold_ret_30', 'hashrate_roc_30', 'jarque_bera', 'kurtosis', 'macd', 'macd_signal', 'nasdaq_ret_30', 'smt_poly1', 'sp500_ret_30', 'us2y', 'yield_curve_10y30y']
16:50:45  src.cpcv.pipeline  INFO    Preprocessing: 18 features selected, train=643 + cal=161, test=144
16:50:45  src.cpcv.tuning  INFO  Tuning (1 model) — Optuna TPE + Purged K-Fold (inner: 3 folds, embargo=10 obs)
16:50:45  src.cpcv.tuning  INFO    [tuning] logistic: 3 purged K-fold splits, 30 Optuna trials (TPE)
16:50:46  src.cpcv.tuning  INFO      logistic: 26 completed, 4 pruned (of 30 total) — best log_loss=0.6833, params={'C': 0.017670169402947963, 'penalty': 'l1'}
16:50:46  src.cpcv.tuning  INFO    [tuning] logistic done in 0.8s — best log_loss=0.6833
16:50:46  src.cpcv.tuning  INFO  Tuning total: 0.8s
16:50:46  src.cpcv.pipeline  INFO      applied logistic: {'C': 0.017670169402947963, 'penalty': 'l1'}
16:50:46  src.cpcv.pipeline  INFO    [ 16/84]             logistic (seed=0) F1=0.473  AUC=0.517  LL=0.6835 (0.0s)
16:50:46  src.cpcv.pipeline  INFO    [ 17/84]             logistic (seed=1) F1=0.473  AUC=0.517  LL=0.6835 (0.0s)
16:50:46  src.cpcv.pipeline  INFO    [ 18/84]             logistic (seed=2) F1=0.473  AUC=0.517  LL=0.6835 (0.0s)
16:50:46  src.cpcv.preprocessing  INFO  Computing MDA (Random Forest)...
16:51:10  src.cpcv.preprocessing  INFO  Computing MDA (Logistic Regression)...
16:51:11  src.cpcv.preprocessing  INFO  Multi-model MDA: 40/62 passed (MDA > 0), 22 eliminated
16:51:11  src.cpcv.preprocessing  INFO    Capped at 18 features (top_k_frac=0.3)
16:51:11  src.cpcv.preprocessing  INFO    Selected (18): ['active_addr_roc_14', 'atr', 'bb_width', 'copper_ret_30', 'eth_btc_ratio', 'gold_ret_30', 'hurst', 'issuance_ntv', 'log_returns_lag1', 'macd', 'macd_signal', 'negentropy', 'net_exchange_flow', 'skewness', 'us10y', 'vol_term_30_90', 'yield_curve_10y30y', 'yz_vol']
16:51:11  src.cpcv.pipeline  INFO    Preprocessing: 18 features selected, train=644 + cal=162, test=151
16:51:11  src.cpcv.tuning  INFO  Tuning (1 model) — Optuna TPE + Purged K-Fold (inner: 3 folds, embargo=10 obs)
16:51:11  src.cpcv.tuning  INFO    [tuning] logistic: 3 purged K-fold splits, 30 Optuna trials (TPE)
16:51:12  src.cpcv.tuning  INFO      logistic: 19 completed, 11 pruned (of 30 total) — best log_loss=0.6884, params={'C': 0.12173252504194051, 'penalty': 'l1'}
16:51:12  src.cpcv.tuning  INFO    [tuning] logistic done in 0.6s — best log_loss=0.6884
16:51:12  src.cpcv.tuning  INFO  Tuning total: 0.6s
16:51:12  src.cpcv.pipeline  INFO      applied logistic: {'C': 0.12173252504194051, 'penalty': 'l1'}
16:51:12  src.cpcv.pipeline  INFO    [ 19/84]             logistic (seed=0) F1=0.433  AUC=0.448  LL=0.7192 (0.0s)
16:51:12  src.cpcv.pipeline  INFO    [ 20/84]             logistic (seed=1) F1=0.433  AUC=0.448  LL=0.7192 (0.0s)
16:51:12  src.cpcv.pipeline  INFO    [ 21/84]             logistic (seed=2) F1=0.433  AUC=0.448  LL=0.7192 (0.0s)
16:51:12  src.cpcv.preprocessing  INFO  Computing MDA (Random Forest)...
16:51:34  src.cpcv.preprocessing  INFO  Computing MDA (Logistic Regression)...
16:51:35  src.cpcv.preprocessing  INFO  Multi-model MDA: 33/62 passed (MDA > 0), 29 eliminated
16:51:35  src.cpcv.preprocessing  INFO    Capped at 18 features (top_k_frac=0.3)
16:51:35  src.cpcv.preprocessing  INFO    Selected (18): ['cci_14', 'chaikin_osc', 'copper_ret_30', 'dxy_roc_30', 'eth_btc_ratio', 'exchange_supply_pct', 'hashrate_roc_30', 'hurst', 'jarque_bera', 'log_returns_lag1', 'lz_complexity', 'macd_hist', 'roc_14', 'sadf', 'skewness', 'stoch_k', 'yield_curve_2y10y', 'yz_vol']
16:51:35  src.cpcv.pipeline  INFO    Preprocessing: 18 features selected, train=572 + cal=144, test=233
16:51:35  src.cpcv.tuning  INFO  Tuning (1 model) — Optuna TPE + Purged K-Fold (inner: 3 folds, embargo=10 obs)
16:51:35  src.cpcv.tuning  INFO    [tuning] logistic: 3 purged K-fold splits, 30 Optuna trials (TPE)
16:51:36  src.cpcv.tuning  INFO      logistic: 14 completed, 16 pruned (of 30 total) — best log_loss=0.6836, params={'C': 0.054502936945582565, 'penalty': 'l1'}
16:51:36  src.cpcv.tuning  INFO    [tuning] logistic done in 0.7s — best log_loss=0.6836
16:51:36  src.cpcv.tuning  INFO  Tuning total: 0.7s
16:51:36  src.cpcv.pipeline  INFO      applied logistic: {'C': 0.054502936945582565, 'penalty': 'l1'}
16:51:36  src.cpcv.pipeline  INFO    [ 22/84]             logistic (seed=0) F1=0.410  AUC=0.586  LL=0.6881 (0.0s)
16:51:36  src.cpcv.pipeline  INFO    [ 23/84]             logistic (seed=1) F1=0.410  AUC=0.586  LL=0.6881 (0.0s)
16:51:36  src.cpcv.pipeline  INFO    [ 24/84]             logistic (seed=2) F1=0.410  AUC=0.586  LL=0.6881 (0.0s)
16:51:36  src.cpcv.preprocessing  INFO  Computing MDA (Random Forest)...
16:51:59  src.cpcv.preprocessing  INFO  Computing MDA (Logistic Regression)...
16:52:00  src.cpcv.preprocessing  INFO  Multi-model MDA: 51/62 passed (MDA > 0), 11 eliminated
16:52:00  src.cpcv.preprocessing  INFO    Capped at 18 features (top_k_frac=0.3)
16:52:00  src.cpcv.preprocessing  INFO    Selected (18): ['chaikin_osc', 'copper_ret_30', 'ema_ratio_20_50', 'gk_vol', 'hashrate_roc_30', 'log_returns_lag14', 'lz_complexity', 'mvrv', 'natgas_ret_30', 'net_exchange_flow', 'silver_ret_30', 'skewness', 'smt_exp', 'variance_ratio', 'vix', 'vol_term_30_90', 'vol_term_7_30', 'yz_vol']
16:52:00  src.cpcv.pipeline  INFO    Preprocessing: 18 features selected, train=564 + cal=141, test=233
16:52:00  src.cpcv.tuning  INFO  Tuning (1 model) — Optuna TPE + Purged K-Fold (inner: 3 folds, embargo=10 obs)
16:52:00  src.cpcv.tuning  INFO    [tuning] logistic: 3 purged K-fold splits, 30 Optuna trials (TPE)
16:52:01  src.cpcv.tuning  INFO      logistic: 22 completed, 8 pruned (of 30 total) — best log_loss=0.6912, params={'C': 0.07598191411944338, 'penalty': 'l1'}
16:52:01  src.cpcv.tuning  INFO    [tuning] logistic done in 0.5s — best log_loss=0.6912
16:52:01  src.cpcv.tuning  INFO  Tuning total: 0.5s
16:52:01  src.cpcv.pipeline  INFO      applied logistic: {'C': 0.07598191411944338, 'penalty': 'l1'}
16:52:01  src.cpcv.pipeline  INFO    [ 25/84]             logistic (seed=0) F1=0.414  AUC=0.513  LL=0.6879 (0.0s)
16:52:01  src.cpcv.pipeline  INFO    [ 26/84]             logistic (seed=1) F1=0.414  AUC=0.513  LL=0.6879 (0.0s)
16:52:01  src.cpcv.pipeline  INFO    [ 27/84]             logistic (seed=2) F1=0.414  AUC=0.513  LL=0.6879 (0.0s)
16:52:01  src.cpcv.preprocessing  INFO  Computing MDA (Random Forest)...
16:52:23  src.cpcv.preprocessing  INFO  Computing MDA (Logistic Regression)...
16:52:24  src.cpcv.preprocessing  INFO  Multi-model MDA: 34/62 passed (MDA > 0), 28 eliminated
16:52:24  src.cpcv.preprocessing  INFO    Capped at 18 features (top_k_frac=0.3)
16:52:24  src.cpcv.preprocessing  INFO    Selected (18): ['bb_width', 'cci_14', 'ema_ratio_50_200', 'eth_btc_ratio', 'exchange_supply_pct', 'fee_per_tx', 'hurst', 'jarque_bera', 'log_returns_lag1', 'nasdaq_ret_30', 'roc_14', 'sadf', 'silver_ret_30', 'sp500_ret_30', 'stoch_k', 'tx_count_roc_14', 'vol_term_7_30', 'williams_r']
16:52:24  src.cpcv.pipeline  INFO    Preprocessing: 18 features selected, train=564 + cal=141, test=233
16:52:24  src.cpcv.tuning  INFO  Tuning (1 model) — Optuna TPE + Purged K-Fold (inner: 3 folds, embargo=10 obs)
16:52:24  src.cpcv.tuning  INFO    [tuning] logistic: 3 purged K-fold splits, 30 Optuna trials (TPE)
16:52:25  src.cpcv.tuning  INFO      logistic: 19 completed, 11 pruned (of 30 total) — best log_loss=0.6823, params={'C': 0.054502936945582565, 'penalty': 'l1'}
16:52:25  src.cpcv.tuning  INFO    [tuning] logistic done in 0.8s — best log_loss=0.6823
16:52:25  src.cpcv.tuning  INFO  Tuning total: 0.8s
16:52:25  src.cpcv.pipeline  INFO      applied logistic: {'C': 0.054502936945582565, 'penalty': 'l1'}
16:52:25  src.cpcv.pipeline  INFO    [ 28/84]             logistic (seed=0) F1=0.485  AUC=0.524  LL=0.6878 (0.0s)
16:52:25  src.cpcv.pipeline  INFO    [ 29/84]             logistic (seed=1) F1=0.485  AUC=0.524  LL=0.6878 (0.0s)
16:52:25  src.cpcv.pipeline  INFO    [ 30/84]             logistic (seed=2) F1=0.485  AUC=0.524  LL=0.6878 (0.0s)
16:52:25  src.cpcv.preprocessing  INFO  Computing MDA (Random Forest)...
16:52:46  src.cpcv.preprocessing  INFO  Computing MDA (Logistic Regression)...
16:52:48  src.cpcv.preprocessing  INFO  Multi-model MDA: 22/62 passed (MDA > 0), 40 eliminated
16:52:48  src.cpcv.preprocessing  INFO    Capped at 18 features (top_k_frac=0.3)
16:52:48  src.cpcv.preprocessing  INFO    Selected (18): ['active_addr_roc_14', 'copper_ret_30', 'dxy_roc_30', 'eth_btc_ratio', 'exchange_supply_pct', 'fee_per_tx', 'jarque_bera', 'kurtosis', 'log_returns_lag1', 'log_returns_lag3', 'mfi_14', 'roc_14', 'sadf', 'smt_exp', 'variance_ratio', 'vix', 'vol_term_30_90', 'yield_curve_2y10y']
16:52:48  src.cpcv.pipeline  INFO    Preprocessing: 18 features selected, train=562 + cal=141, test=233
16:52:48  src.cpcv.tuning  INFO  Tuning (1 model) — Optuna TPE + Purged K-Fold (inner: 3 folds, embargo=10 obs)
16:52:48  src.cpcv.tuning  INFO    [tuning] logistic: 3 purged K-fold splits, 30 Optuna trials (TPE)
16:52:48  src.cpcv.tuning  INFO      logistic: 21 completed, 9 pruned (of 30 total) — best log_loss=0.6814, params={'C': 0.054502936945582565, 'penalty': 'l1'}
16:52:48  src.cpcv.tuning  INFO    [tuning] logistic done in 0.7s — best log_loss=0.6814
16:52:48  src.cpcv.tuning  INFO  Tuning total: 0.7s
16:52:48  src.cpcv.pipeline  INFO      applied logistic: {'C': 0.054502936945582565, 'penalty': 'l1'}
16:52:48  src.cpcv.pipeline  INFO    [ 31/84]             logistic (seed=0) F1=0.470  AUC=0.491  LL=0.7153 (0.0s)
16:52:48  src.cpcv.pipeline  INFO    [ 32/84]             logistic (seed=1) F1=0.470  AUC=0.492  LL=0.7152 (0.0s)
16:52:48  src.cpcv.pipeline  INFO    [ 33/84]             logistic (seed=2) F1=0.470  AUC=0.491  LL=0.7153 (0.0s)
16:52:49  src.cpcv.preprocessing  INFO  Computing MDA (Random Forest)...
16:53:10  src.cpcv.preprocessing  INFO  Computing MDA (Logistic Regression)...
16:53:11  src.cpcv.preprocessing  INFO  Multi-model MDA: 23/62 passed (MDA > 0), 39 eliminated
16:53:11  src.cpcv.preprocessing  INFO    Capped at 18 features (top_k_frac=0.3)
16:53:11  src.cpcv.preprocessing  INFO    Selected (18): ['bb_width', 'chaikin_osc', 'ema_ratio_50_200', 'exchange_supply_pct', 'kurtosis', 'log_returns_lag14', 'macd_hist', 'mfi_14', 'nasdaq_ret_30', 'net_exchange_flow', 'silver_ret_30', 'skewness', 'sp500_ret_30', 'us2y', 'vix', 'williams_r', 'yield_curve_2y10y', 'yz_vol']
16:53:11  src.cpcv.pipeline  INFO    Preprocessing: 18 features selected, train=563 + cal=141, test=233
16:53:11  src.cpcv.tuning  INFO  Tuning (1 model) — Optuna TPE + Purged K-Fold (inner: 3 folds, embargo=10 obs)
16:53:11  src.cpcv.tuning  INFO    [tuning] logistic: 3 purged K-fold splits, 30 Optuna trials (TPE)
16:53:12  src.cpcv.tuning  INFO      logistic: 18 completed, 12 pruned (of 30 total) — best log_loss=0.6763, params={'C': 0.022802643034549763, 'penalty': 'l2'}
16:53:12  src.cpcv.tuning  INFO    [tuning] logistic done in 0.7s — best log_loss=0.6763
16:53:12  src.cpcv.tuning  INFO  Tuning total: 0.7s
16:53:12  src.cpcv.pipeline  INFO      applied logistic: {'C': 0.022802643034549763, 'penalty': 'l2'}
16:53:12  src.cpcv.pipeline  INFO    [ 34/84]             logistic (seed=0) F1=0.518  AUC=0.568  LL=0.6856 (0.0s)
16:53:12  src.cpcv.pipeline  INFO    [ 35/84]             logistic (seed=1) F1=0.518  AUC=0.568  LL=0.6856 (0.0s)
16:53:12  src.cpcv.pipeline  INFO    [ 36/84]             logistic (seed=2) F1=0.518  AUC=0.568  LL=0.6856 (0.0s)
16:53:12  src.cpcv.preprocessing  INFO  Computing MDA (Random Forest)...
16:53:35  src.cpcv.preprocessing  INFO  Computing MDA (Logistic Regression)...
16:53:36  src.cpcv.preprocessing  INFO  Multi-model MDA: 32/62 passed (MDA > 0), 30 eliminated
16:53:36  src.cpcv.preprocessing  INFO    Capped at 18 features (top_k_frac=0.3)
16:53:36  src.cpcv.preprocessing  INFO    Selected (18): ['active_addr_roc_14', 'bb_width', 'eth_btc_ratio', 'log_returns', 'log_returns_lag2', 'log_returns_lag7', 'lz_complexity', 'macd_signal', 'rsi', 'sadf', 'shannon_entropy', 'skewness', 'stoch_d', 'us10y', 'us2y', 'vix', 'yield_curve_10y30y', 'yield_curve_2y10y']
16:53:36  src.cpcv.pipeline  INFO    Preprocessing: 18 features selected, train=564 + cal=142, test=240
16:53:36  src.cpcv.tuning  INFO  Tuning (1 model) — Optuna TPE + Purged K-Fold (inner: 3 folds, embargo=10 obs)
16:53:36  src.cpcv.tuning  INFO    [tuning] logistic: 3 purged K-fold splits, 30 Optuna trials (TPE)
16:53:37  src.cpcv.tuning  INFO      logistic: 25 completed, 5 pruned (of 30 total) — best log_loss=0.6929, params={'C': 0.0009806999398361868, 'penalty': 'l2'}
16:53:37  src.cpcv.tuning  INFO    [tuning] logistic done in 0.6s — best log_loss=0.6929
16:53:37  src.cpcv.tuning  INFO  Tuning total: 0.6s
16:53:37  src.cpcv.pipeline  INFO      applied logistic: {'C': 0.0009806999398361868, 'penalty': 'l2'}
16:53:37  src.cpcv.pipeline  INFO    [ 37/84]             logistic (seed=0) F1=0.373  AUC=0.607  LL=0.6741 (0.0s)
16:53:37  src.cpcv.pipeline  INFO    [ 38/84]             logistic (seed=1) F1=0.373  AUC=0.607  LL=0.6741 (0.0s)
16:53:37  src.cpcv.pipeline  INFO    [ 39/84]             logistic (seed=2) F1=0.373  AUC=0.607  LL=0.6741 (0.0s)
16:53:37  src.cpcv.preprocessing  INFO  Computing MDA (Random Forest)...
16:53:59  src.cpcv.preprocessing  INFO  Computing MDA (Logistic Regression)...
16:54:00  src.cpcv.preprocessing  INFO  Multi-model MDA: 20/62 passed (MDA > 0), 42 eliminated
16:54:00  src.cpcv.preprocessing  INFO    Capped at 18 features (top_k_frac=0.3)
16:54:00  src.cpcv.preprocessing  INFO    Selected (18): ['chaikin_osc', 'fee_per_tx', 'kurtosis', 'log_returns_lag3', 'log_returns_lag30', 'log_returns_lag7', 'macd_hist', 'realized_vol', 'shannon_entropy', 'silver_ret_30', 'skewness', 'sp500_ret_30', 'tx_count_roc_14', 'us10y', 'vol_term_30_90', 'vol_term_7_30', 'vwma_ratio_20_50', 'williams_r']
16:54:00  src.cpcv.pipeline  INFO    Preprocessing: 18 features selected, train=528 + cal=132, test=288
16:54:00  src.cpcv.tuning  INFO  Tuning (1 model) — Optuna TPE + Purged K-Fold (inner: 3 folds, embargo=10 obs)
16:54:00  src.cpcv.tuning  INFO    [tuning] logistic: 3 purged K-fold splits, 30 Optuna trials (TPE)
16:54:01  src.cpcv.tuning  INFO      logistic: 25 completed, 5 pruned (of 30 total) — best log_loss=0.6931, params={'C': 0.017670169402947963, 'penalty': 'l1'}
16:54:01  src.cpcv.tuning  INFO    [tuning] logistic done in 0.5s — best log_loss=0.6931
16:54:01  src.cpcv.tuning  INFO  Tuning total: 0.5s
16:54:01  src.cpcv.pipeline  INFO      applied logistic: {'C': 0.017670169402947963, 'penalty': 'l1'}
16:54:01  src.cpcv.pipeline  INFO    [ 40/84]             logistic (seed=0) F1=0.338  AUC=0.500  LL=0.6944 (0.0s)
16:54:01  src.cpcv.pipeline  INFO    [ 41/84]             logistic (seed=1) F1=0.338  AUC=0.500  LL=0.6944 (0.0s)
16:54:01  src.cpcv.pipeline  INFO    [ 42/84]             logistic (seed=2) F1=0.338  AUC=0.500  LL=0.6944 (0.0s)
16:54:01  src.cpcv.preprocessing  INFO  Computing MDA (Random Forest)...
16:54:23  src.cpcv.preprocessing  INFO  Computing MDA (Logistic Regression)...
16:54:24  src.cpcv.preprocessing  INFO  Multi-model MDA: 14/62 passed (MDA > 0), 48 eliminated
16:54:24  src.cpcv.preprocessing  INFO    Selected (14): ['cci_14', 'hashrate_roc_30', 'hurst', 'issuance_ntv', 'log_returns', 'natgas_ret_30', 'negentropy', 'realized_vol', 'sadf', 'stoch_d', 'stoch_k', 'us10y', 'variance_ratio', 'yield_curve_2y10y']
16:54:24  src.cpcv.pipeline  INFO    Preprocessing: 14 features selected, train=519 + cal=130, test=288
16:54:24  src.cpcv.tuning  INFO  Tuning (1 model) — Optuna TPE + Purged K-Fold (inner: 3 folds, embargo=10 obs)
16:54:24  src.cpcv.tuning  INFO    [tuning] logistic: 3 purged K-fold splits, 30 Optuna trials (TPE)
16:54:24  src.cpcv.tuning  INFO      logistic: 19 completed, 11 pruned (of 30 total) — best log_loss=0.6927, params={'C': 0.058492919542688086, 'penalty': 'l1'}
16:54:24  src.cpcv.tuning  INFO    [tuning] logistic done in 0.5s — best log_loss=0.6927
16:54:24  src.cpcv.tuning  INFO  Tuning total: 0.5s
16:54:24  src.cpcv.pipeline  INFO      applied logistic: {'C': 0.058492919542688086, 'penalty': 'l1'}
16:54:24  src.cpcv.pipeline  INFO    [ 43/84]             logistic (seed=0) F1=0.367  AUC=0.450  LL=0.7463 (0.0s)
16:54:24  src.cpcv.pipeline  INFO    [ 44/84]             logistic (seed=1) F1=0.367  AUC=0.450  LL=0.7463 (0.0s)
16:54:24  src.cpcv.pipeline  INFO    [ 45/84]             logistic (seed=2) F1=0.367  AUC=0.450  LL=0.7463 (0.0s)
16:54:25  src.cpcv.preprocessing  INFO  Computing MDA (Random Forest)...
16:54:48  src.cpcv.preprocessing  INFO  Computing MDA (Logistic Regression)...
16:54:49  src.cpcv.preprocessing  INFO  Multi-model MDA: 35/62 passed (MDA > 0), 27 eliminated
16:54:49  src.cpcv.preprocessing  INFO    Capped at 18 features (top_k_frac=0.3)
16:54:49  src.cpcv.preprocessing  INFO    Selected (18): ['cci_14', 'ema_ratio_20_50', 'fee_per_tx', 'log_returns_lag1', 'log_returns_lag2', 'log_returns_lag30', 'natgas_ret_30', 'negentropy', 'net_exchange_flow', 'obv', 'oil_ret_30', 'silver_ret_30', 'skewness', 'stoch_d', 'stoch_k', 'vol_term_30_90', 'vwma_ratio_20_50', 'yield_curve_10y30y']
16:54:49  src.cpcv.pipeline  INFO    Preprocessing: 18 features selected, train=517 + cal=130, test=288
16:54:49  src.cpcv.tuning  INFO  Tuning (1 model) — Optuna TPE + Purged K-Fold (inner: 3 folds, embargo=10 obs)
16:54:49  src.cpcv.tuning  INFO    [tuning] logistic: 3 purged K-fold splits, 30 Optuna trials (TPE)
16:54:49  src.cpcv.tuning  INFO      logistic: 28 completed, 2 pruned (of 30 total) — best log_loss=0.6928, params={'C': 0.0012190680346095364, 'penalty': 'l2'}
16:54:49  src.cpcv.tuning  INFO    [tuning] logistic done in 0.6s — best log_loss=0.6928
16:54:49  src.cpcv.tuning  INFO  Tuning total: 0.6s
16:54:49  src.cpcv.pipeline  INFO      applied logistic: {'C': 0.0012190680346095364, 'penalty': 'l2'}
16:54:49  src.cpcv.pipeline  INFO    [ 46/84]             logistic (seed=0) F1=0.421  AUC=0.457  LL=0.7852 (0.0s)
16:54:49  src.cpcv.pipeline  INFO    [ 47/84]             logistic (seed=1) F1=0.421  AUC=0.457  LL=0.7852 (0.0s)
16:54:49  src.cpcv.pipeline  INFO    [ 48/84]             logistic (seed=2) F1=0.421  AUC=0.457  LL=0.7852 (0.0s)
16:54:50  src.cpcv.preprocessing  INFO  Computing MDA (Random Forest)...
16:55:12  src.cpcv.preprocessing  INFO  Computing MDA (Logistic Regression)...
16:55:13  src.cpcv.preprocessing  INFO  Multi-model MDA: 37/62 passed (MDA > 0), 25 eliminated
16:55:13  src.cpcv.preprocessing  INFO    Capped at 18 features (top_k_frac=0.3)
16:55:13  src.cpcv.preprocessing  INFO    Selected (18): ['atr', 'cci_14', 'log_returns', 'log_returns_lag2', 'log_returns_lag3', 'log_returns_lag7', 'macd_hist', 'macd_signal', 'mfi_14', 'obv', 'rsi', 'sadf', 'skewness', 'sp500_ret_30', 'vix', 'vwma_ratio_20_50', 'williams_r', 'yz_vol']
16:55:13  src.cpcv.pipeline  INFO    Preprocessing: 18 features selected, train=518 + cal=130, test=288
16:55:13  src.cpcv.tuning  INFO  Tuning (1 model) — Optuna TPE + Purged K-Fold (inner: 3 folds, embargo=10 obs)
16:55:13  src.cpcv.tuning  INFO    [tuning] logistic: 3 purged K-fold splits, 30 Optuna trials (TPE)
16:55:14  src.cpcv.tuning  INFO      logistic: 22 completed, 8 pruned (of 30 total) — best log_loss=0.6826, params={'C': 0.01836706903841569, 'penalty': 'l2'}
16:55:14  src.cpcv.tuning  INFO    [tuning] logistic done in 0.7s — best log_loss=0.6826
16:55:14  src.cpcv.tuning  INFO  Tuning total: 0.7s
16:55:14  src.cpcv.pipeline  INFO      applied logistic: {'C': 0.01836706903841569, 'penalty': 'l2'}
16:55:14  src.cpcv.pipeline  INFO    [ 49/84]             logistic (seed=0) F1=0.411  AUC=0.482  LL=0.8616 (0.0s)
16:55:14  src.cpcv.pipeline  INFO    [ 50/84]             logistic (seed=1) F1=0.411  AUC=0.482  LL=0.8616 (0.0s)
16:55:14  src.cpcv.pipeline  INFO    [ 51/84]             logistic (seed=2) F1=0.411  AUC=0.482  LL=0.8616 (0.0s)
16:55:14  src.cpcv.preprocessing  INFO  Computing MDA (Random Forest)...
16:55:36  src.cpcv.preprocessing  INFO  Computing MDA (Logistic Regression)...
16:55:37  src.cpcv.preprocessing  INFO  Multi-model MDA: 11/62 passed (MDA > 0), 51 eliminated
16:55:37  src.cpcv.preprocessing  INFO    Selected (11): ['bb_width', 'cci_14', 'exchange_supply_pct', 'log_returns_lag7', 'mvrv', 'net_exchange_flow', 'skewness', 'tx_count_roc_14', 'us2y', 'vol_term_30_90', 'yz_vol']
16:55:37  src.cpcv.pipeline  INFO    Preprocessing: 11 features selected, train=520 + cal=130, test=295
16:55:37  src.cpcv.tuning  INFO  Tuning (1 model) — Optuna TPE + Purged K-Fold (inner: 3 folds, embargo=10 obs)
16:55:37  src.cpcv.tuning  INFO    [tuning] logistic: 3 purged K-fold splits, 30 Optuna trials (TPE)
16:55:38  src.cpcv.tuning  INFO      logistic: 21 completed, 9 pruned (of 30 total) — best log_loss=0.6837, params={'C': 0.12173252504194051, 'penalty': 'l1'}
16:55:38  src.cpcv.tuning  INFO    [tuning] logistic done in 0.5s — best log_loss=0.6837
16:55:38  src.cpcv.tuning  INFO  Tuning total: 0.5s
16:55:38  src.cpcv.pipeline  INFO      applied logistic: {'C': 0.12173252504194051, 'penalty': 'l1'}
16:55:38  src.cpcv.pipeline  INFO    [ 52/84]             logistic (seed=0) F1=0.336  AUC=0.445  LL=0.7276 (0.0s)
16:55:38  src.cpcv.pipeline  INFO    [ 53/84]             logistic (seed=1) F1=0.336  AUC=0.445  LL=0.7276 (0.0s)
16:55:38  src.cpcv.pipeline  INFO    [ 54/84]             logistic (seed=2) F1=0.336  AUC=0.445  LL=0.7276 (0.0s)
16:55:38  src.cpcv.preprocessing  INFO  Computing MDA (Random Forest)...
16:56:00  src.cpcv.preprocessing  INFO  Computing MDA (Logistic Regression)...
16:56:01  src.cpcv.preprocessing  INFO  Multi-model MDA: 26/62 passed (MDA > 0), 36 eliminated
16:56:01  src.cpcv.preprocessing  INFO    Capped at 18 features (top_k_frac=0.3)
16:56:01  src.cpcv.preprocessing  INFO    Selected (18): ['atr', 'eth_btc_ratio', 'hurst', 'log_returns', 'log_returns_lag1', 'log_returns_lag14', 'lz_complexity', 'mvrv', 'natgas_ret_30', 'negentropy', 'net_exchange_flow', 'realized_vol', 'sadf', 'silver_ret_30', 'stoch_d', 'tx_count_roc_14', 'yield_curve_10y30y', 'yz_vol']
16:56:01  src.cpcv.pipeline  INFO    Preprocessing: 18 features selected, train=528 + cal=133, test=288
16:56:01  src.cpcv.tuning  INFO  Tuning (1 model) — Optuna TPE + Purged K-Fold (inner: 3 folds, embargo=10 obs)
16:56:01  src.cpcv.tuning  INFO    [tuning] logistic: 3 purged K-fold splits, 30 Optuna trials (TPE)
16:56:02  src.cpcv.tuning  INFO      logistic: 24 completed, 6 pruned (of 30 total) — best log_loss=0.6911, params={'C': 0.054502936945582565, 'penalty': 'l1'}
16:56:02  src.cpcv.tuning  INFO    [tuning] logistic done in 0.6s — best log_loss=0.6911
16:56:02  src.cpcv.tuning  INFO  Tuning total: 0.6s
16:56:02  src.cpcv.pipeline  INFO      applied logistic: {'C': 0.054502936945582565, 'penalty': 'l1'}
16:56:02  src.cpcv.pipeline  INFO    [ 55/84]             logistic (seed=0) F1=0.383  AUC=0.532  LL=0.6801 (0.0s)
16:56:02  src.cpcv.pipeline  INFO    [ 56/84]             logistic (seed=1) F1=0.383  AUC=0.532  LL=0.6801 (0.0s)
16:56:02  src.cpcv.pipeline  INFO    [ 57/84]             logistic (seed=2) F1=0.383  AUC=0.532  LL=0.6801 (0.0s)
16:56:02  src.cpcv.preprocessing  INFO  Computing MDA (Random Forest)...
16:56:24  src.cpcv.preprocessing  INFO  Computing MDA (Logistic Regression)...
16:56:25  src.cpcv.preprocessing  INFO  Multi-model MDA: 26/62 passed (MDA > 0), 36 eliminated
16:56:25  src.cpcv.preprocessing  INFO    Capped at 18 features (top_k_frac=0.3)
16:56:25  src.cpcv.preprocessing  INFO    Selected (18): ['copper_ret_30', 'ema_ratio_20_50', 'eth_btc_ratio', 'gold_ret_30', 'issuance_ntv', 'jarque_bera', 'log_returns_lag14', 'macd', 'natgas_ret_30', 'negentropy', 'oil_ret_30', 'roc_14', 'skewness', 'smt_poly1', 'us2y', 'variance_ratio', 'vix', 'vol_term_30_90']
16:56:25  src.cpcv.pipeline  INFO    Preprocessing: 18 features selected, train=518 + cal=130, test=288
16:56:25  src.cpcv.tuning  INFO  Tuning (1 model) — Optuna TPE + Purged K-Fold (inner: 3 folds, embargo=10 obs)
16:56:25  src.cpcv.tuning  INFO    [tuning] logistic: 3 purged K-fold splits, 30 Optuna trials (TPE)
16:56:25  src.cpcv.tuning  INFO      logistic: 18 completed, 12 pruned (of 30 total) — best log_loss=0.6822, params={'C': 0.01512446713891446, 'penalty': 'l2'}
16:56:25  src.cpcv.tuning  INFO    [tuning] logistic done in 0.7s — best log_loss=0.6822
16:56:25  src.cpcv.tuning  INFO  Tuning total: 0.7s
16:56:25  src.cpcv.pipeline  INFO      applied logistic: {'C': 0.01512446713891446, 'penalty': 'l2'}
16:56:25  src.cpcv.pipeline  INFO    [ 58/84]             logistic (seed=0) F1=0.489  AUC=0.444  LL=0.7401 (0.0s)
16:56:25  src.cpcv.pipeline  INFO    [ 59/84]             logistic (seed=1) F1=0.489  AUC=0.444  LL=0.7401 (0.0s)
16:56:25  src.cpcv.pipeline  INFO    [ 60/84]             logistic (seed=2) F1=0.489  AUC=0.444  LL=0.7401 (0.0s)
16:56:26  src.cpcv.preprocessing  INFO  Computing MDA (Random Forest)...
16:56:48  src.cpcv.preprocessing  INFO  Computing MDA (Logistic Regression)...
16:56:49  src.cpcv.preprocessing  INFO  Multi-model MDA: 42/62 passed (MDA > 0), 20 eliminated
16:56:49  src.cpcv.preprocessing  INFO    Capped at 18 features (top_k_frac=0.3)
16:56:49  src.cpcv.preprocessing  INFO    Selected (18): ['chaikin_osc', 'copper_ret_30', 'eth_btc_ratio', 'fee_per_tx', 'hashrate_roc_30', 'jarque_bera', 'log_returns_lag14', 'log_returns_lag3', 'macd_hist', 'mfi_14', 'net_exchange_flow', 'oil_ret_30', 'roc_14', 'silver_ret_30', 'skewness', 'variance_ratio', 'vix', 'vol_term_7_30']
16:56:49  src.cpcv.pipeline  INFO    Preprocessing: 18 features selected, train=519 + cal=130, test=288
16:56:49  src.cpcv.tuning  INFO  Tuning (1 model) — Optuna TPE + Purged K-Fold (inner: 3 folds, embargo=10 obs)
16:56:49  src.cpcv.tuning  INFO    [tuning] logistic: 3 purged K-fold splits, 30 Optuna trials (TPE)
16:56:50  src.cpcv.tuning  INFO      logistic: 18 completed, 12 pruned (of 30 total) — best log_loss=0.6824, params={'C': 0.015568627744339964, 'penalty': 'l2'}
16:56:50  src.cpcv.tuning  INFO    [tuning] logistic done in 0.6s — best log_loss=0.6824
16:56:50  src.cpcv.tuning  INFO  Tuning total: 0.6s
16:56:50  src.cpcv.pipeline  INFO      applied logistic: {'C': 0.015568627744339964, 'penalty': 'l2'}
16:56:50  src.cpcv.pipeline  INFO    [ 61/84]             logistic (seed=0) F1=0.443  AUC=0.421  LL=0.8683 (0.0s)
16:56:50  src.cpcv.pipeline  INFO    [ 62/84]             logistic (seed=1) F1=0.443  AUC=0.421  LL=0.8683 (0.0s)
16:56:50  src.cpcv.pipeline  INFO    [ 63/84]             logistic (seed=2) F1=0.443  AUC=0.421  LL=0.8683 (0.0s)
16:56:50  src.cpcv.preprocessing  INFO  Computing MDA (Random Forest)...
16:57:12  src.cpcv.preprocessing  INFO  Computing MDA (Logistic Regression)...
16:57:12  src.cpcv.preprocessing  INFO  Multi-model MDA: 37/62 passed (MDA > 0), 25 eliminated
16:57:12  src.cpcv.preprocessing  INFO    Capped at 18 features (top_k_frac=0.3)
16:57:12  src.cpcv.preprocessing  INFO    Selected (18): ['bb_width', 'cci_14', 'chaikin_osc', 'dxy_roc_30', 'ema_ratio_20_50', 'eth_btc_ratio', 'gk_vol', 'hurst', 'kurtosis', 'log_returns_lag1', 'roc_14', 'shannon_entropy', 'silver_ret_30', 'smt_poly1', 'sp500_ret_30', 'tx_count_roc_14', 'us10y', 'yz_vol']
16:57:12  src.cpcv.pipeline  INFO    Preprocessing: 18 features selected, train=520 + cal=131, test=295
16:57:12  src.cpcv.tuning  INFO  Tuning (1 model) — Optuna TPE + Purged K-Fold (inner: 3 folds, embargo=10 obs)
16:57:12  src.cpcv.tuning  INFO    [tuning] logistic: 3 purged K-fold splits, 30 Optuna trials (TPE)
16:57:13  src.cpcv.tuning  INFO      logistic: 23 completed, 7 pruned (of 30 total) — best log_loss=0.6907, params={'C': 0.004066209763717827, 'penalty': 'l2'}
16:57:13  src.cpcv.tuning  INFO    [tuning] logistic done in 0.6s — best log_loss=0.6907
16:57:13  src.cpcv.tuning  INFO  Tuning total: 0.6s
16:57:13  src.cpcv.pipeline  INFO      applied logistic: {'C': 0.004066209763717827, 'penalty': 'l2'}
16:57:13  src.cpcv.pipeline  INFO    [ 64/84]             logistic (seed=0) F1=0.357  AUC=0.473  LL=0.6925 (0.0s)
16:57:13  src.cpcv.pipeline  INFO    [ 65/84]             logistic (seed=1) F1=0.357  AUC=0.473  LL=0.6925 (0.0s)
16:57:13  src.cpcv.pipeline  INFO    [ 66/84]             logistic (seed=2) F1=0.357  AUC=0.473  LL=0.6925 (0.0s)
16:57:13  src.cpcv.preprocessing  INFO  Computing MDA (Random Forest)...
16:57:36  src.cpcv.preprocessing  INFO  Computing MDA (Logistic Regression)...
16:57:37  src.cpcv.preprocessing  INFO  Multi-model MDA: 23/62 passed (MDA > 0), 39 eliminated
16:57:37  src.cpcv.preprocessing  INFO    Capped at 18 features (top_k_frac=0.3)
16:57:37  src.cpcv.preprocessing  INFO    Selected (18): ['active_addr_roc_14', 'atr', 'cci_14', 'chaikin_osc', 'ema_ratio_20_50', 'ema_ratio_50_200', 'exchange_supply_pct', 'kurtosis', 'log_returns_lag7', 'lz_complexity', 'macd_hist', 'mfi_14', 'nasdaq_ret_30', 'natgas_ret_30', 'negentropy', 'rsi', 'stoch_k', 'tx_count_roc_14']
16:57:37  src.cpcv.pipeline  INFO    Preprocessing: 18 features selected, train=528 + cal=133, test=288
16:57:37  src.cpcv.tuning  INFO  Tuning (1 model) — Optuna TPE + Purged K-Fold (inner: 3 folds, embargo=10 obs)
16:57:37  src.cpcv.tuning  INFO    [tuning] logistic: 3 purged K-fold splits, 30 Optuna trials (TPE)
16:57:37  src.cpcv.tuning  INFO      logistic: 23 completed, 7 pruned (of 30 total) — best log_loss=0.6888, params={'C': 0.11085678522672557, 'penalty': 'l1'}
16:57:37  src.cpcv.tuning  INFO    [tuning] logistic done in 0.5s — best log_loss=0.6888
16:57:37  src.cpcv.tuning  INFO  Tuning total: 0.5s
16:57:37  src.cpcv.pipeline  INFO      applied logistic: {'C': 0.11085678522672557, 'penalty': 'l1'}
16:57:37  src.cpcv.pipeline  INFO    [ 67/84]             logistic (seed=0) F1=0.477  AUC=0.493  LL=0.6931 (0.0s)
16:57:37  src.cpcv.pipeline  INFO    [ 68/84]             logistic (seed=1) F1=0.477  AUC=0.493  LL=0.6931 (0.0s)
16:57:37  src.cpcv.pipeline  INFO    [ 69/84]             logistic (seed=2) F1=0.477  AUC=0.493  LL=0.6931 (0.0s)
16:57:37  src.cpcv.preprocessing  INFO  Computing MDA (Random Forest)...
16:57:59  src.cpcv.preprocessing  INFO  Computing MDA (Logistic Regression)...
16:58:00  src.cpcv.preprocessing  INFO  Multi-model MDA: 36/62 passed (MDA > 0), 26 eliminated
16:58:00  src.cpcv.preprocessing  INFO    Capped at 18 features (top_k_frac=0.3)
16:58:00  src.cpcv.preprocessing  INFO    Selected (18): ['bb_width', 'chaikin_osc', 'gk_vol', 'kurtosis', 'log_returns_lag3', 'oil_ret_30', 'roc_14', 'rsi', 'sadf', 'silver_ret_30', 'skewness', 'smt_exp', 'vix', 'vwma_ratio_20_50', 'williams_r', 'yield_curve_10y30y', 'yield_curve_2y10y', 'yz_vol']
16:58:00  src.cpcv.pipeline  INFO    Preprocessing: 18 features selected, train=519 + cal=130, test=288
16:58:00  src.cpcv.tuning  INFO  Tuning (1 model) — Optuna TPE + Purged K-Fold (inner: 3 folds, embargo=10 obs)
16:58:00  src.cpcv.tuning  INFO    [tuning] logistic: 3 purged K-fold splits, 30 Optuna trials (TPE)
16:58:01  src.cpcv.tuning  INFO      logistic: 23 completed, 7 pruned (of 30 total) — best log_loss=0.6810, params={'C': 0.03029622504853362, 'penalty': 'l2'}
16:58:01  src.cpcv.tuning  INFO    [tuning] logistic done in 0.7s — best log_loss=0.6810
16:58:01  src.cpcv.tuning  INFO  Tuning total: 0.7s
16:58:01  src.cpcv.pipeline  INFO      applied logistic: {'C': 0.03029622504853362, 'penalty': 'l2'}
16:58:01  src.cpcv.pipeline  INFO    [ 70/84]             logistic (seed=0) F1=0.514  AUC=0.532  LL=0.6861 (0.0s)
16:58:01  src.cpcv.pipeline  INFO    [ 71/84]             logistic (seed=1) F1=0.514  AUC=0.532  LL=0.6861 (0.0s)
16:58:01  src.cpcv.pipeline  INFO    [ 72/84]             logistic (seed=2) F1=0.514  AUC=0.532  LL=0.6861 (0.0s)
16:58:01  src.cpcv.preprocessing  INFO  Computing MDA (Random Forest)...
16:58:23  src.cpcv.preprocessing  INFO  Computing MDA (Logistic Regression)...
16:58:25  src.cpcv.preprocessing  INFO  Multi-model MDA: 10/62 passed (MDA > 0), 52 eliminated
16:58:25  src.cpcv.preprocessing  INFO    Selected (10): ['active_addr_roc_14', 'dxy_roc_30', 'ema_ratio_50_200', 'eth_btc_ratio', 'gk_vol', 'hurst', 'kurtosis', 'log_returns_lag3', 'macd', 'nasdaq_ret_30']
16:58:25  src.cpcv.pipeline  INFO    Preprocessing: 10 features selected, train=520 + cal=131, test=295
16:58:25  src.cpcv.tuning  INFO  Tuning (1 model) — Optuna TPE + Purged K-Fold (inner: 3 folds, embargo=10 obs)
16:58:25  src.cpcv.tuning  INFO    [tuning] logistic: 3 purged K-fold splits, 30 Optuna trials (TPE)
16:58:25  src.cpcv.tuning  INFO      logistic: 26 completed, 4 pruned (of 30 total) — best log_loss=0.6931, params={'C': 0.017670169402947963, 'penalty': 'l1'}
16:58:25  src.cpcv.tuning  INFO    [tuning] logistic done in 0.7s — best log_loss=0.6931
16:58:25  src.cpcv.tuning  INFO  Tuning total: 0.7s
16:58:25  src.cpcv.pipeline  INFO      applied logistic: {'C': 0.017670169402947963, 'penalty': 'l1'}
16:58:25  src.cpcv.pipeline  INFO    [ 73/84]             logistic (seed=0) F1=0.366  AUC=0.500  LL=0.6850 (0.0s)
16:58:25  src.cpcv.pipeline  INFO    [ 74/84]             logistic (seed=1) F1=0.366  AUC=0.500  LL=0.6850 (0.0s)
16:58:25  src.cpcv.pipeline  INFO    [ 75/84]             logistic (seed=2) F1=0.366  AUC=0.500  LL=0.6850 (0.0s)
16:58:26  src.cpcv.preprocessing  INFO  Computing MDA (Random Forest)...
16:58:48  src.cpcv.preprocessing  INFO  Computing MDA (Logistic Regression)...
16:58:49  src.cpcv.preprocessing  INFO  Multi-model MDA: 47/62 passed (MDA > 0), 15 eliminated
16:58:49  src.cpcv.preprocessing  INFO    Capped at 18 features (top_k_frac=0.3)
16:58:49  src.cpcv.preprocessing  INFO    Selected (18): ['active_addr_roc_14', 'chaikin_osc', 'dxy_roc_30', 'eth_btc_ratio', 'exchange_supply_pct', 'kurtosis', 'log_returns', 'log_returns_lag14', 'log_returns_lag2', 'mfi_14', 'negentropy', 'roc_14', 'silver_ret_30', 'smt_exp', 'smt_poly1', 'tx_count_roc_14', 'vol_term_30_90', 'vwma_ratio_20_50']
16:58:49  src.cpcv.pipeline  INFO    Preprocessing: 18 features selected, train=527 + cal=132, test=288
16:58:49  src.cpcv.tuning  INFO  Tuning (1 model) — Optuna TPE + Purged K-Fold (inner: 3 folds, embargo=10 obs)
16:58:49  src.cpcv.tuning  INFO    [tuning] logistic: 3 purged K-fold splits, 30 Optuna trials (TPE)
16:58:49  src.cpcv.tuning  INFO      logistic: 21 completed, 9 pruned (of 30 total) — best log_loss=0.6931, params={'C': 0.023643827940790837, 'penalty': 'l1'}
16:58:49  src.cpcv.tuning  INFO    [tuning] logistic done in 0.5s — best log_loss=0.6931
16:58:49  src.cpcv.tuning  INFO  Tuning total: 0.5s
16:58:49  src.cpcv.pipeline  INFO      applied logistic: {'C': 0.023643827940790837, 'penalty': 'l1'}
16:58:49  src.cpcv.pipeline  INFO    [ 76/84]             logistic (seed=0) F1=0.347  AUC=0.520  LL=0.6919 (0.0s)
16:58:49  src.cpcv.pipeline  INFO    [ 77/84]             logistic (seed=1) F1=0.347  AUC=0.520  LL=0.6919 (0.0s)
16:58:49  src.cpcv.pipeline  INFO    [ 78/84]             logistic (seed=2) F1=0.347  AUC=0.520  LL=0.6919 (0.0s)
16:58:50  src.cpcv.preprocessing  INFO  Computing MDA (Random Forest)...
16:59:12  src.cpcv.preprocessing  INFO  Computing MDA (Logistic Regression)...
16:59:13  src.cpcv.preprocessing  INFO  Multi-model MDA: 24/62 passed (MDA > 0), 38 eliminated
16:59:13  src.cpcv.preprocessing  INFO    Capped at 18 features (top_k_frac=0.3)
16:59:13  src.cpcv.preprocessing  INFO    Selected (18): ['bb_width', 'eth_btc_ratio', 'exchange_supply_pct', 'gk_vol', 'gold_ret_30', 'hashrate_roc_30', 'log_returns_lag1', 'macd_hist', 'mfi_14', 'natgas_ret_30', 'realized_vol', 'skewness', 'us10y', 'us2y', 'vix', 'yield_curve_10y30y', 'yield_curve_2y10y', 'yz_vol']
16:59:13  src.cpcv.pipeline  INFO    Preprocessing: 18 features selected, train=519 + cal=130, test=295
16:59:13  src.cpcv.tuning  INFO  Tuning (1 model) — Optuna TPE + Purged K-Fold (inner: 3 folds, embargo=10 obs)
16:59:13  src.cpcv.tuning  INFO    [tuning] logistic: 3 purged K-fold splits, 30 Optuna trials (TPE)
16:59:14  src.cpcv.tuning  INFO      logistic: 17 completed, 13 pruned (of 30 total) — best log_loss=0.6723, params={'C': 0.1728704015593456, 'penalty': 'l1'}
16:59:14  src.cpcv.tuning  INFO    [tuning] logistic done in 0.7s — best log_loss=0.6723
16:59:14  src.cpcv.tuning  INFO  Tuning total: 0.7s
16:59:14  src.cpcv.pipeline  INFO      applied logistic: {'C': 0.1728704015593456, 'penalty': 'l1'}
16:59:14  src.cpcv.pipeline  INFO    [ 79/84]             logistic (seed=0) F1=0.473  AUC=0.552  LL=0.6856 (0.0s)
16:59:14  src.cpcv.pipeline  INFO    [ 80/84]             logistic (seed=1) F1=0.473  AUC=0.552  LL=0.6856 (0.0s)
16:59:14  src.cpcv.pipeline  INFO    [ 81/84]             logistic (seed=2) F1=0.473  AUC=0.552  LL=0.6856 (0.0s)
16:59:14  src.cpcv.preprocessing  INFO  Computing MDA (Random Forest)...
16:59:36  src.cpcv.preprocessing  INFO  Computing MDA (Logistic Regression)...
16:59:37  src.cpcv.preprocessing  INFO  Multi-model MDA: 19/62 passed (MDA > 0), 43 eliminated
16:59:37  src.cpcv.preprocessing  INFO    Capped at 18 features (top_k_frac=0.3)
16:59:37  src.cpcv.preprocessing  INFO    Selected (18): ['atr', 'chaikin_osc', 'eth_btc_ratio', 'exchange_supply_pct', 'gk_vol', 'kurtosis', 'log_returns', 'nasdaq_ret_30', 'net_exchange_flow', 'realized_vol', 'roc_14', 'shannon_entropy', 'silver_ret_30', 'smt_exp', 'smt_poly1', 'sp500_ret_30', 'us10y', 'vix']
16:59:37  src.cpcv.pipeline  INFO    Preprocessing: 18 features selected, train=531 + cal=133, test=295
16:59:37  src.cpcv.tuning  INFO  Tuning (1 model) — Optuna TPE + Purged K-Fold (inner: 3 folds, embargo=10 obs)
16:59:37  src.cpcv.tuning  INFO    [tuning] logistic: 3 purged K-fold splits, 30 Optuna trials (TPE)
16:59:38  src.cpcv.tuning  INFO      logistic: 25 completed, 5 pruned (of 30 total) — best log_loss=0.6922, params={'C': 0.054502936945582565, 'penalty': 'l1'}
16:59:38  src.cpcv.tuning  INFO    [tuning] logistic done in 0.6s — best log_loss=0.6922
16:59:38  src.cpcv.tuning  INFO  Tuning total: 0.6s
16:59:38  src.cpcv.pipeline  INFO      applied logistic: {'C': 0.054502936945582565, 'penalty': 'l1'}
16:59:38  src.cpcv.pipeline  INFO    [ 82/84]             logistic (seed=0) F1=0.390  AUC=0.520  LL=0.7206 (0.0s)
16:59:38  src.cpcv.pipeline  INFO    [ 83/84]             logistic (seed=1) F1=0.390  AUC=0.520  LL=0.7206 (0.0s)
16:59:38  src.cpcv.pipeline  INFO    [ 84/84]             logistic (seed=2) F1=0.390  AUC=0.520  LL=0.7206 (0.0s)
16:59:38  src.cpcv.pipeline  INFO  ============================================================
16:59:38  src.cpcv.pipeline  INFO  CPCV Pipeline Complete
16:59:38  src.cpcv.pipeline  INFO  ============================================================
16:59:38  src.cpcv.pipeline  INFO    Total time:     703.5s (11.7m)
16:59:38  src.cpcv.pipeline  INFO    Tasks:          84 succeeded, 0 failed
16:59:38  src.cpcv.pipeline  INFO    Results keys:   84 (model, split, seed) entries
16:59:38  src.cpcv.pipeline  INFO    Backtest paths: 7
16:59:38  src.cpcv.pipeline  INFO    Tuning:         nested (per-split), 28 splits tuned, models=['logistic']
16:59:38  src.cpcv.pipeline  INFO  ============================================================
16:59:39  src.cpcv.pipeline  INFO  ============================================================
16:59:39  src.cpcv.pipeline  INFO  CPCV Pipeline
16:59:39  src.cpcv.pipeline  INFO  ============================================================
16:59:39  src.cpcv.pipeline  INFO    Models:         ['random_forest', 'xgboost']
16:59:39  src.cpcv.pipeline  INFO    Seeds/fold:     3
16:59:39  src.cpcv.pipeline  INFO    Groups (N):     8
16:59:39  src.cpcv.pipeline  INFO    Test groups (k):2
16:59:39  src.cpcv.pipeline  INFO    Embargo:        1.0%
16:59:39  src.cpcv.pipeline  INFO    FFD columns:    ['atr']
16:59:39  src.cpcv.pipeline  INFO    Samples:        1159
16:59:39  src.cpcv.pipeline  INFO    Features:       62
16:59:39  src.cpcv.pipeline  INFO    Splits:         28, Paths: 7
16:59:39  src.cpcv.pipeline  INFO    Tuning:         NESTED (per-split) — ['random_forest', 'xgboost'] [30 trials]
16:59:39  src.cpcv.pipeline  INFO  ============================================================
16:59:39  src.cpcv.preprocessing  INFO  Computing MDA (Random Forest)...
17:00:04  src.cpcv.preprocessing  INFO  Computing MDA (Logistic Regression)...
17:00:05  src.cpcv.preprocessing  INFO  Multi-model MDA: 17/62 passed (MDA > 0), 45 eliminated
17:00:05  src.cpcv.preprocessing  INFO    Selected (17): ['chaikin_osc', 'copper_ret_30', 'dxy_roc_30', 'exchange_supply_pct', 'gk_vol', 'jarque_bera', 'log_returns', 'log_returns_lag1', 'log_returns_lag7', 'nasdaq_ret_30', 'roc_14', 'silver_ret_30', 'skewness', 'stoch_d', 'us10y', 'us2y', 'yield_curve_10y30y']
17:00:05  src.cpcv.pipeline  INFO    Preprocessing: 17 features selected, train=688 + cal=172, test=89
17:00:05  src.cpcv.tuning  INFO  Tuning (2 models) — Optuna TPE + Purged K-Fold (inner: 3 folds, embargo=10 obs)
17:00:05  src.cpcv.tuning  INFO    [tuning] random_forest: 3 purged K-fold splits, 30 Optuna trials (TPE)
17:00:54  src.cpcv.tuning  INFO      random_forest: 20 completed, 10 pruned (of 30 total) — best log_loss=0.6997, params={'n_estimators': 200, 'max_depth': 2, 'min_samples_leaf': 22, 'max_features': 'log2'}
17:00:54  src.cpcv.tuning  INFO    [tuning] random_forest done in 49.1s — best log_loss=0.6997
17:00:54  src.cpcv.tuning  INFO    [tuning] xgboost: 3 purged K-fold splits, 30 Optuna trials (TPE)
17:01:00  src.cpcv.tuning  INFO      xgboost: 20 completed, 10 pruned (of 30 total) — best log_loss=0.6870, params={'max_depth': 2, 'learning_rate': 0.01402334787698392, 'min_child_weight': 6, 'subsample': 0.6264645485132089, 'colsample_bytree': 0.729866973704286, 'gamma': 2.6314451750807006e-06, 'reg_alpha': 0.01203708723140264, 'reg_lambda': 0.050805581170336275}
17:01:00  src.cpcv.tuning  INFO    [tuning] xgboost done in 5.8s — best log_loss=0.6870
17:01:00  src.cpcv.tuning  INFO  Tuning total: 54.9s
17:01:00  src.cpcv.pipeline  INFO      applied random_forest: {'n_estimators': 200, 'max_depth': 2, 'min_samples_leaf': 22, 'max_features': 'log2'}
17:01:00  src.cpcv.pipeline  INFO      applied xgboost: {'max_depth': 2, 'learning_rate': 0.01402334787698392, 'min_child_weight': 6, 'subsample': 0.6264645485132089, 'colsample_bytree': 0.729866973704286, 'gamma': 2.6314451750807006e-06, 'reg_alpha': 0.01203708723140264, 'reg_lambda': 0.050805581170336275}
17:01:00  src.cpcv.models.tree_models  INFO  RandomForest fitted: 688 samples, 17 features, 200 trees.
17:01:01  src.cpcv.pipeline  INFO    [  1/168]        random_forest (seed=0) F1=0.434  AUC=0.571  LL=0.6362 (0.7s)
17:01:01  src.cpcv.models.tree_models  INFO  RandomForest fitted: 688 samples, 17 features, 200 trees.
17:01:01  src.cpcv.pipeline  INFO    [  2/168]        random_forest (seed=1) F1=0.399  AUC=0.554  LL=0.6382 (0.6s)
17:01:02  src.cpcv.models.tree_models  INFO  RandomForest fitted: 688 samples, 17 features, 200 trees.
17:01:02  src.cpcv.pipeline  INFO    [  3/168]        random_forest (seed=2) F1=0.399  AUC=0.518  LL=0.6435 (0.7s)
17:01:02  src.cpcv.models.tree_models  INFO  XGBoost fitted: 688 samples, early stopped at iteration 77/300.
17:01:02  src.cpcv.pipeline  INFO    [  4/168]              xgboost (seed=0) F1=0.399  AUC=0.480  LL=0.6501 (0.1s)
17:01:02  src.cpcv.models.tree_models  INFO  XGBoost fitted: 688 samples, early stopped at iteration 16/300.
17:01:02  src.cpcv.pipeline  INFO    [  5/168]              xgboost (seed=1) F1=0.399  AUC=0.598  LL=0.6427 (0.1s)
17:01:02  src.cpcv.models.tree_models  INFO  XGBoost fitted: 688 samples, early stopped at iteration 13/300.
17:01:02  src.cpcv.pipeline  INFO    [  6/168]              xgboost (seed=2) F1=0.399  AUC=0.591  LL=0.6502 (0.1s)
17:01:02  src.cpcv.preprocessing  INFO  Computing MDA (Random Forest)...
17:01:28  src.cpcv.preprocessing  INFO  Computing MDA (Logistic Regression)...
17:01:29  src.cpcv.preprocessing  INFO  Multi-model MDA: 46/62 passed (MDA > 0), 16 eliminated
17:01:29  src.cpcv.preprocessing  INFO    Capped at 18 features (top_k_frac=0.3)
17:01:29  src.cpcv.preprocessing  INFO    Selected (18): ['bb_width', 'dxy_roc_30', 'ema_ratio_50_200', 'fee_per_tx', 'issuance_ntv', 'log_returns', 'log_returns_lag3', 'macd_hist', 'nasdaq_ret_30', 'realized_vol', 'shannon_entropy', 'skewness', 'smt_exp', 'smt_poly1', 'stoch_d', 'us2y', 'williams_r', 'yield_curve_2y10y']
17:01:29  src.cpcv.pipeline  INFO    Preprocessing: 18 features selected, train=643 + cal=161, test=144
17:01:29  src.cpcv.tuning  INFO  Tuning (2 models) — Optuna TPE + Purged K-Fold (inner: 3 folds, embargo=10 obs)
17:01:29  src.cpcv.tuning  INFO    [tuning] random_forest: 3 purged K-fold splits, 30 Optuna trials (TPE)
17:02:15  src.cpcv.tuning  INFO      random_forest: 15 completed, 15 pruned (of 30 total) — best log_loss=0.7064, params={'n_estimators': 200, 'max_depth': 2, 'min_samples_leaf': 17, 'max_features': 'log2'}
17:02:15  src.cpcv.tuning  INFO    [tuning] random_forest done in 46.0s — best log_loss=0.7064
17:02:15  src.cpcv.tuning  INFO    [tuning] xgboost: 3 purged K-fold splits, 30 Optuna trials (TPE)
17:02:20  src.cpcv.tuning  INFO      xgboost: 9 completed, 21 pruned (of 30 total) — best log_loss=0.6880, params={'max_depth': 1, 'learning_rate': 0.0687937561470277, 'min_child_weight': 18, 'subsample': 0.8805864877569751, 'colsample_bytree': 0.6907939095057634, 'gamma': 2.702180626780413e-06, 'reg_alpha': 1.6244731587750527, 'reg_lambda': 1.8100103281089382e-06}
17:02:20  src.cpcv.tuning  INFO    [tuning] xgboost done in 4.3s — best log_loss=0.6880
17:02:20  src.cpcv.tuning  INFO  Tuning total: 50.3s
17:02:20  src.cpcv.pipeline  INFO      applied random_forest: {'n_estimators': 200, 'max_depth': 2, 'min_samples_leaf': 17, 'max_features': 'log2'}
17:02:20  src.cpcv.pipeline  INFO      applied xgboost: {'max_depth': 1, 'learning_rate': 0.0687937561470277, 'min_child_weight': 18, 'subsample': 0.8805864877569751, 'colsample_bytree': 0.6907939095057634, 'gamma': 2.702180626780413e-06, 'reg_alpha': 1.6244731587750527, 'reg_lambda': 1.8100103281089382e-06}
17:02:20  src.cpcv.models.tree_models  INFO  RandomForest fitted: 643 samples, 18 features, 200 trees.
17:02:20  src.cpcv.pipeline  INFO    [  7/168]        random_forest (seed=0) F1=0.308  AUC=0.496  LL=0.7889 (0.7s)
17:02:21  src.cpcv.models.tree_models  INFO  RandomForest fitted: 643 samples, 18 features, 200 trees.
17:02:21  src.cpcv.pipeline  INFO    [  8/168]        random_forest (seed=1) F1=0.325  AUC=0.501  LL=0.8077 (0.7s)
17:02:22  src.cpcv.models.tree_models  INFO  RandomForest fitted: 643 samples, 18 features, 200 trees.
17:02:22  src.cpcv.pipeline  INFO    [  9/168]        random_forest (seed=2) F1=0.348  AUC=0.485  LL=0.7779 (0.7s)
17:02:22  src.cpcv.models.tree_models  INFO  XGBoost fitted: 643 samples, early stopped at iteration 6/300.
17:02:22  src.cpcv.pipeline  INFO    [ 10/168]              xgboost (seed=0) F1=0.311  AUC=0.533  LL=0.7706 (0.1s)
17:02:22  src.cpcv.models.tree_models  INFO  XGBoost fitted: 643 samples, early stopped at iteration 22/300.
17:02:22  src.cpcv.pipeline  INFO    [ 11/168]              xgboost (seed=1) F1=0.318  AUC=0.494  LL=0.7740 (0.1s)
17:02:22  src.cpcv.models.tree_models  INFO  XGBoost fitted: 643 samples, early stopped at iteration 24/300.
17:02:22  src.cpcv.pipeline  INFO    [ 12/168]              xgboost (seed=2) F1=0.322  AUC=0.472  LL=0.7620 (0.1s)
17:02:22  src.cpcv.preprocessing  INFO  Computing MDA (Random Forest)...
17:02:47  src.cpcv.preprocessing  INFO  Computing MDA (Logistic Regression)...
17:02:48  src.cpcv.preprocessing  INFO  Multi-model MDA: 11/62 passed (MDA > 0), 51 eliminated
17:02:48  src.cpcv.preprocessing  INFO    Selected (11): ['chaikin_osc', 'exchange_supply_pct', 'jarque_bera', 'kurtosis', 'log_returns_lag1', 'log_returns_lag2', 'negentropy', 'oil_ret_30', 'roc_14', 'us10y', 'vol_term_30_90']
17:02:48  src.cpcv.pipeline  INFO    Preprocessing: 11 features selected, train=644 + cal=161, test=144
17:02:48  src.cpcv.tuning  INFO  Tuning (2 models) — Optuna TPE + Purged K-Fold (inner: 3 folds, embargo=10 obs)
17:02:48  src.cpcv.tuning  INFO    [tuning] random_forest: 3 purged K-fold splits, 30 Optuna trials (TPE)
17:03:37  src.cpcv.tuning  INFO      random_forest: 20 completed, 10 pruned (of 30 total) — best log_loss=0.6971, params={'n_estimators': 200, 'max_depth': 2, 'min_samples_leaf': 16, 'max_features': 'log2'}
17:03:37  src.cpcv.tuning  INFO    [tuning] random_forest done in 49.3s — best log_loss=0.6971
17:03:37  src.cpcv.tuning  INFO    [tuning] xgboost: 3 purged K-fold splits, 30 Optuna trials (TPE)
17:03:41  src.cpcv.tuning  INFO      xgboost: 19 completed, 11 pruned (of 30 total) — best log_loss=0.6844, params={'max_depth': 3, 'learning_rate': 0.09219223907755845, 'min_child_weight': 5, 'subsample': 0.9783238879894852, 'colsample_bytree': 0.7117402442626439, 'gamma': 0.0025728761060835777, 'reg_alpha': 2.2932025145672405e-06, 'reg_lambda': 0.011170882230115881}
17:03:41  src.cpcv.tuning  INFO    [tuning] xgboost done in 4.2s — best log_loss=0.6844
17:03:41  src.cpcv.tuning  INFO  Tuning total: 53.5s
17:03:41  src.cpcv.pipeline  INFO      applied random_forest: {'n_estimators': 200, 'max_depth': 2, 'min_samples_leaf': 16, 'max_features': 'log2'}
17:03:41  src.cpcv.pipeline  INFO      applied xgboost: {'max_depth': 3, 'learning_rate': 0.09219223907755845, 'min_child_weight': 5, 'subsample': 0.9783238879894852, 'colsample_bytree': 0.7117402442626439, 'gamma': 0.0025728761060835777, 'reg_alpha': 2.2932025145672405e-06, 'reg_lambda': 0.011170882230115881}
17:03:42  src.cpcv.models.tree_models  INFO  RandomForest fitted: 644 samples, 11 features, 200 trees.
17:03:42  src.cpcv.pipeline  INFO    [ 13/168]        random_forest (seed=0) F1=0.363  AUC=0.571  LL=0.6805 (0.7s)
17:03:43  src.cpcv.models.tree_models  INFO  RandomForest fitted: 644 samples, 11 features, 200 trees.
17:03:43  src.cpcv.pipeline  INFO    [ 14/168]        random_forest (seed=1) F1=0.363  AUC=0.557  LL=0.6829 (0.7s)
17:03:43  src.cpcv.models.tree_models  INFO  RandomForest fitted: 644 samples, 11 features, 200 trees.
17:03:43  src.cpcv.pipeline  INFO    [ 15/168]        random_forest (seed=2) F1=0.391  AUC=0.545  LL=0.6840 (0.6s)
17:03:43  src.cpcv.models.tree_models  INFO  XGBoost fitted: 644 samples, early stopped at iteration 7/300.
17:03:43  src.cpcv.pipeline  INFO    [ 16/168]              xgboost (seed=0) F1=0.495  AUC=0.484  LL=0.6970 (0.1s)
17:03:43  src.cpcv.models.tree_models  INFO  XGBoost fitted: 644 samples, early stopped at iteration 10/300.
17:03:43  src.cpcv.pipeline  INFO    [ 17/168]              xgboost (seed=1) F1=0.428  AUC=0.451  LL=0.7075 (0.1s)
17:03:44  src.cpcv.models.tree_models  INFO  XGBoost fitted: 644 samples, early stopped at iteration 3/300.
17:03:44  src.cpcv.pipeline  INFO    [ 18/168]              xgboost (seed=2) F1=0.432  AUC=0.546  LL=0.7028 (0.1s)
17:03:44  src.cpcv.preprocessing  INFO  Computing MDA (Random Forest)...
17:04:10  src.cpcv.preprocessing  INFO  Computing MDA (Logistic Regression)...
17:04:11  src.cpcv.preprocessing  INFO  Multi-model MDA: 34/62 passed (MDA > 0), 28 eliminated
17:04:11  src.cpcv.preprocessing  INFO    Capped at 18 features (top_k_frac=0.3)
17:04:11  src.cpcv.preprocessing  INFO    Selected (18): ['atr', 'bb_width', 'chaikin_osc', 'ema_ratio_20_50', 'jarque_bera', 'log_returns_lag1', 'log_returns_lag2', 'macd_hist', 'mvrv', 'obv', 'sadf', 'silver_ret_30', 'smt_exp', 'sp500_ret_30', 'stoch_d', 'variance_ratio', 'vix', 'yield_curve_10y30y']
17:04:11  src.cpcv.pipeline  INFO    Preprocessing: 18 features selected, train=644 + cal=161, test=144
17:04:11  src.cpcv.tuning  INFO  Tuning (2 models) — Optuna TPE + Purged K-Fold (inner: 3 folds, embargo=10 obs)
17:04:11  src.cpcv.tuning  INFO    [tuning] random_forest: 3 purged K-fold splits, 30 Optuna trials (TPE)
17:05:06  src.cpcv.tuning  INFO      random_forest: 30 completed, 0 pruned (of 30 total) — best log_loss=0.6965, params={'n_estimators': 200, 'max_depth': 2, 'min_samples_leaf': 19, 'max_features': 'log2'}
17:05:06  src.cpcv.tuning  INFO    [tuning] random_forest done in 55.0s — best log_loss=0.6965
17:05:06  src.cpcv.tuning  INFO    [tuning] xgboost: 3 purged K-fold splits, 30 Optuna trials (TPE)
17:05:10  src.cpcv.tuning  INFO      xgboost: 23 completed, 7 pruned (of 30 total) — best log_loss=0.6853, params={'max_depth': 3, 'learning_rate': 0.20472233150167904, 'min_child_weight': 28, 'subsample': 0.9588852827041535, 'colsample_bytree': 0.6382725089660283, 'gamma': 0.04248106027253816, 'reg_alpha': 2.1886739052236e-06, 'reg_lambda': 0.9888006343305065}
17:05:10  src.cpcv.tuning  INFO    [tuning] xgboost done in 4.7s — best log_loss=0.6853
17:05:10  src.cpcv.tuning  INFO  Tuning total: 59.7s
17:05:10  src.cpcv.pipeline  INFO      applied random_forest: {'n_estimators': 200, 'max_depth': 2, 'min_samples_leaf': 19, 'max_features': 'log2'}
17:05:10  src.cpcv.pipeline  INFO      applied xgboost: {'max_depth': 3, 'learning_rate': 0.20472233150167904, 'min_child_weight': 28, 'subsample': 0.9588852827041535, 'colsample_bytree': 0.6382725089660283, 'gamma': 0.04248106027253816, 'reg_alpha': 2.1886739052236e-06, 'reg_lambda': 0.9888006343305065}
17:05:11  src.cpcv.models.tree_models  INFO  RandomForest fitted: 644 samples, 18 features, 200 trees.
17:05:11  src.cpcv.pipeline  INFO    [ 19/168]        random_forest (seed=0) F1=0.374  AUC=0.482  LL=0.6762 (0.7s)
17:05:12  src.cpcv.models.tree_models  INFO  RandomForest fitted: 644 samples, 18 features, 200 trees.
17:05:12  src.cpcv.pipeline  INFO    [ 20/168]        random_forest (seed=1) F1=0.374  AUC=0.491  LL=0.6774 (0.7s)
17:05:12  src.cpcv.models.tree_models  INFO  RandomForest fitted: 644 samples, 18 features, 200 trees.
17:05:13  src.cpcv.pipeline  INFO    [ 21/168]        random_forest (seed=2) F1=0.374  AUC=0.489  LL=0.6782 (0.8s)
17:05:13  src.cpcv.models.tree_models  INFO  XGBoost fitted: 644 samples, early stopped at iteration 0/300.
17:05:13  src.cpcv.pipeline  INFO    [ 22/168]              xgboost (seed=0) F1=0.532  AUC=0.515  LL=0.6793 (0.1s)
17:05:13  src.cpcv.models.tree_models  INFO  XGBoost fitted: 644 samples, early stopped at iteration 14/300.
17:05:13  src.cpcv.pipeline  INFO    [ 23/168]              xgboost (seed=1) F1=0.430  AUC=0.492  LL=0.6945 (0.1s)
17:05:13  src.cpcv.models.tree_models  INFO  XGBoost fitted: 644 samples, early stopped at iteration 20/300.
17:05:13  src.cpcv.pipeline  INFO    [ 24/168]              xgboost (seed=2) F1=0.438  AUC=0.475  LL=0.6914 (0.1s)
17:05:13  src.cpcv.preprocessing  INFO  Computing MDA (Random Forest)...
17:05:39  src.cpcv.preprocessing  INFO  Computing MDA (Logistic Regression)...
17:05:40  src.cpcv.preprocessing  INFO  Multi-model MDA: 30/62 passed (MDA > 0), 32 eliminated
17:05:40  src.cpcv.preprocessing  INFO    Capped at 18 features (top_k_frac=0.3)
17:05:40  src.cpcv.preprocessing  INFO    Selected (18): ['bb_width', 'eth_btc_ratio', 'exchange_supply_pct', 'gold_ret_30', 'jarque_bera', 'kurtosis', 'log_returns', 'log_returns_lag30', 'macd_hist', 'mfi_14', 'mvrv', 'natgas_ret_30', 'rsi', 'sadf', 'skewness', 'stoch_d', 'us2y', 'yz_vol']
17:05:40  src.cpcv.pipeline  INFO    Preprocessing: 18 features selected, train=642 + cal=161, test=144
17:05:40  src.cpcv.tuning  INFO  Tuning (2 models) — Optuna TPE + Purged K-Fold (inner: 3 folds, embargo=10 obs)
17:05:40  src.cpcv.tuning  INFO    [tuning] random_forest: 3 purged K-fold splits, 30 Optuna trials (TPE)
17:06:30  src.cpcv.tuning  INFO      random_forest: 22 completed, 8 pruned (of 30 total) — best log_loss=0.6893, params={'n_estimators': 200, 'max_depth': 3, 'min_samples_leaf': 36, 'max_features': 'log2'}
17:06:30  src.cpcv.tuning  INFO    [tuning] random_forest done in 49.5s — best log_loss=0.6893
17:06:30  src.cpcv.tuning  INFO    [tuning] xgboost: 3 purged K-fold splits, 30 Optuna trials (TPE)
17:06:34  src.cpcv.tuning  INFO      xgboost: 16 completed, 14 pruned (of 30 total) — best log_loss=0.6834, params={'max_depth': 3, 'learning_rate': 0.04031929820426993, 'min_child_weight': 16, 'subsample': 0.7684084012789252, 'colsample_bytree': 0.9980912754488143, 'gamma': 0.00015922522974604286, 'reg_alpha': 0.0009381853894367872, 'reg_lambda': 0.0010033600487130965}
17:06:34  src.cpcv.tuning  INFO    [tuning] xgboost done in 4.7s — best log_loss=0.6834
17:06:34  src.cpcv.tuning  INFO  Tuning total: 54.2s
17:06:34  src.cpcv.pipeline  INFO      applied random_forest: {'n_estimators': 200, 'max_depth': 3, 'min_samples_leaf': 36, 'max_features': 'log2'}
17:06:34  src.cpcv.pipeline  INFO      applied xgboost: {'max_depth': 3, 'learning_rate': 0.04031929820426993, 'min_child_weight': 16, 'subsample': 0.7684084012789252, 'colsample_bytree': 0.9980912754488143, 'gamma': 0.00015922522974604286, 'reg_alpha': 0.0009381853894367872, 'reg_lambda': 0.0010033600487130965}
17:06:35  src.cpcv.models.tree_models  INFO  RandomForest fitted: 642 samples, 18 features, 200 trees.
17:06:35  src.cpcv.pipeline  INFO    [ 25/168]        random_forest (seed=0) F1=0.623  AUC=0.611  LL=0.6784 (0.7s)
17:06:35  src.cpcv.models.tree_models  INFO  RandomForest fitted: 642 samples, 18 features, 200 trees.
17:06:36  src.cpcv.pipeline  INFO    [ 26/168]        random_forest (seed=1) F1=0.564  AUC=0.580  LL=0.6821 (0.6s)
17:06:36  src.cpcv.models.tree_models  INFO  RandomForest fitted: 642 samples, 18 features, 200 trees.
17:06:36  src.cpcv.pipeline  INFO    [ 27/168]        random_forest (seed=2) F1=0.563  AUC=0.571  LL=0.6842 (0.6s)
17:06:36  src.cpcv.models.tree_models  INFO  XGBoost fitted: 642 samples, early stopped at iteration 7/300.
17:06:36  src.cpcv.pipeline  INFO    [ 28/168]              xgboost (seed=0) F1=0.521  AUC=0.561  LL=0.6881 (0.1s)
17:06:36  src.cpcv.models.tree_models  INFO  XGBoost fitted: 642 samples, early stopped at iteration 9/300.
17:06:36  src.cpcv.pipeline  INFO    [ 29/168]              xgboost (seed=1) F1=0.494  AUC=0.520  LL=0.6976 (0.1s)
17:06:36  src.cpcv.models.tree_models  INFO  XGBoost fitted: 642 samples, early stopped at iteration 27/300.
17:06:36  src.cpcv.pipeline  INFO    [ 30/168]              xgboost (seed=2) F1=0.531  AUC=0.553  LL=0.6877 (0.1s)
17:06:37  src.cpcv.preprocessing  INFO  Computing MDA (Random Forest)...
17:07:02  src.cpcv.preprocessing  INFO  Computing MDA (Logistic Regression)...
17:07:03  src.cpcv.preprocessing  INFO  Multi-model MDA: 39/62 passed (MDA > 0), 23 eliminated
17:07:03  src.cpcv.preprocessing  INFO    Capped at 18 features (top_k_frac=0.3)
17:07:03  src.cpcv.preprocessing  INFO    Selected (18): ['active_addr_roc_14', 'chaikin_osc', 'copper_ret_30', 'dxy_roc_30', 'ema_ratio_20_50', 'eth_btc_ratio', 'exchange_supply_pct', 'gold_ret_30', 'hashrate_roc_30', 'jarque_bera', 'kurtosis', 'macd', 'macd_signal', 'nasdaq_ret_30', 'smt_poly1', 'sp500_ret_30', 'us2y', 'yield_curve_10y30y']
17:07:03  src.cpcv.pipeline  INFO    Preprocessing: 18 features selected, train=643 + cal=161, test=144
17:07:03  src.cpcv.tuning  INFO  Tuning (2 models) — Optuna TPE + Purged K-Fold (inner: 3 folds, embargo=10 obs)
17:07:03  src.cpcv.tuning  INFO    [tuning] random_forest: 3 purged K-fold splits, 30 Optuna trials (TPE)
17:07:45  src.cpcv.tuning  INFO      random_forest: 18 completed, 12 pruned (of 30 total) — best log_loss=0.6868, params={'n_estimators': 150, 'max_depth': 2, 'min_samples_leaf': 30, 'max_features': 'log2'}
17:07:45  src.cpcv.tuning  INFO    [tuning] random_forest done in 42.2s — best log_loss=0.6868
17:07:45  src.cpcv.tuning  INFO    [tuning] xgboost: 3 purged K-fold splits, 30 Optuna trials (TPE)
17:07:49  src.cpcv.tuning  INFO      xgboost: 13 completed, 17 pruned (of 30 total) — best log_loss=0.6791, params={'max_depth': 3, 'learning_rate': 0.13955521042712574, 'min_child_weight': 30, 'subsample': 0.9365080642670688, 'colsample_bytree': 0.6017932363422076, 'gamma': 7.219822262078785e-08, 'reg_alpha': 0.0010592526148095833, 'reg_lambda': 3.314415236009675e-06}
17:07:49  src.cpcv.tuning  INFO    [tuning] xgboost done in 4.1s — best log_loss=0.6791
17:07:49  src.cpcv.tuning  INFO  Tuning total: 46.3s
17:07:49  src.cpcv.pipeline  INFO      applied random_forest: {'n_estimators': 150, 'max_depth': 2, 'min_samples_leaf': 30, 'max_features': 'log2'}
17:07:49  src.cpcv.pipeline  INFO      applied xgboost: {'max_depth': 3, 'learning_rate': 0.13955521042712574, 'min_child_weight': 30, 'subsample': 0.9365080642670688, 'colsample_bytree': 0.6017932363422076, 'gamma': 7.219822262078785e-08, 'reg_alpha': 0.0010592526148095833, 'reg_lambda': 3.314415236009675e-06}
17:07:50  src.cpcv.models.tree_models  INFO  RandomForest fitted: 643 samples, 18 features, 150 trees.
17:07:50  src.cpcv.pipeline  INFO    [ 31/168]        random_forest (seed=0) F1=0.480  AUC=0.462  LL=0.7093 (0.4s)
17:07:50  src.cpcv.models.tree_models  INFO  RandomForest fitted: 643 samples, 18 features, 150 trees.
17:07:50  src.cpcv.pipeline  INFO    [ 32/168]        random_forest (seed=1) F1=0.470  AUC=0.439  LL=0.7123 (0.4s)
17:07:51  src.cpcv.models.tree_models  INFO  RandomForest fitted: 643 samples, 18 features, 150 trees.
17:07:51  src.cpcv.pipeline  INFO    [ 33/168]        random_forest (seed=2) F1=0.476  AUC=0.457  LL=0.7131 (0.4s)
17:07:51  src.cpcv.models.tree_models  INFO  XGBoost fitted: 643 samples, early stopped at iteration 0/300.
17:07:51  src.cpcv.pipeline  INFO    [ 34/168]              xgboost (seed=0) F1=0.379  AUC=0.392  LL=0.7502 (0.0s)
17:07:51  src.cpcv.models.tree_models  INFO  XGBoost fitted: 643 samples, early stopped at iteration 4/300.
17:07:51  src.cpcv.pipeline  INFO    [ 35/168]              xgboost (seed=1) F1=0.451  AUC=0.473  LL=0.7027 (0.1s)
17:07:51  src.cpcv.models.tree_models  INFO  XGBoost fitted: 643 samples, early stopped at iteration 6/300.
17:07:51  src.cpcv.pipeline  INFO    [ 36/168]              xgboost (seed=2) F1=0.481  AUC=0.430  LL=0.6987 (0.1s)
17:07:51  src.cpcv.preprocessing  INFO  Computing MDA (Random Forest)...
17:08:15  src.cpcv.preprocessing  INFO  Computing MDA (Logistic Regression)...
17:08:16  src.cpcv.preprocessing  INFO  Multi-model MDA: 40/62 passed (MDA > 0), 22 eliminated
17:08:16  src.cpcv.preprocessing  INFO    Capped at 18 features (top_k_frac=0.3)
17:08:16  src.cpcv.preprocessing  INFO    Selected (18): ['active_addr_roc_14', 'atr', 'bb_width', 'copper_ret_30', 'eth_btc_ratio', 'gold_ret_30', 'hurst', 'issuance_ntv', 'log_returns_lag1', 'macd', 'macd_signal', 'negentropy', 'net_exchange_flow', 'skewness', 'us10y', 'vol_term_30_90', 'yield_curve_10y30y', 'yz_vol']
17:08:16  src.cpcv.pipeline  INFO    Preprocessing: 18 features selected, train=644 + cal=162, test=151
17:08:16  src.cpcv.tuning  INFO  Tuning (2 models) — Optuna TPE + Purged K-Fold (inner: 3 folds, embargo=10 obs)
17:08:16  src.cpcv.tuning  INFO    [tuning] random_forest: 3 purged K-fold splits, 30 Optuna trials (TPE)
17:09:02  src.cpcv.tuning  INFO      random_forest: 14 completed, 16 pruned (of 30 total) — best log_loss=0.6868, params={'n_estimators': 100, 'max_depth': 2, 'min_samples_leaf': 37, 'max_features': 'log2'}
17:09:02  src.cpcv.tuning  INFO    [tuning] random_forest done in 45.4s — best log_loss=0.6868
17:09:02  src.cpcv.tuning  INFO    [tuning] xgboost: 3 purged K-fold splits, 30 Optuna trials (TPE)
17:09:06  src.cpcv.tuning  INFO      xgboost: 15 completed, 15 pruned (of 30 total) — best log_loss=0.6834, params={'max_depth': 1, 'learning_rate': 0.04136941419025131, 'min_child_weight': 15, 'subsample': 0.8693818078426369, 'colsample_bytree': 0.6372667344414992, 'gamma': 0.00012780460666014164, 'reg_alpha': 0.052876902270417206, 'reg_lambda': 6.372727678358313e-08}
17:09:06  src.cpcv.tuning  INFO    [tuning] xgboost done in 4.2s — best log_loss=0.6834
17:09:06  src.cpcv.tuning  INFO  Tuning total: 49.6s
17:09:06  src.cpcv.pipeline  INFO      applied random_forest: {'n_estimators': 100, 'max_depth': 2, 'min_samples_leaf': 37, 'max_features': 'log2'}
17:09:06  src.cpcv.pipeline  INFO      applied xgboost: {'max_depth': 1, 'learning_rate': 0.04136941419025131, 'min_child_weight': 15, 'subsample': 0.8693818078426369, 'colsample_bytree': 0.6372667344414992, 'gamma': 0.00012780460666014164, 'reg_alpha': 0.052876902270417206, 'reg_lambda': 6.372727678358313e-08}
17:09:06  src.cpcv.models.tree_models  INFO  RandomForest fitted: 644 samples, 18 features, 100 trees.
17:09:06  src.cpcv.pipeline  INFO    [ 37/168]        random_forest (seed=0) F1=0.405  AUC=0.483  LL=0.6899 (0.4s)
17:09:07  src.cpcv.models.tree_models  INFO  RandomForest fitted: 644 samples, 18 features, 100 trees.
17:09:07  src.cpcv.pipeline  INFO    [ 38/168]        random_forest (seed=1) F1=0.357  AUC=0.483  LL=0.6890 (0.4s)
17:09:07  src.cpcv.models.tree_models  INFO  RandomForest fitted: 644 samples, 18 features, 100 trees.
17:09:07  src.cpcv.pipeline  INFO    [ 39/168]        random_forest (seed=2) F1=0.390  AUC=0.475  LL=0.6932 (0.3s)
17:09:07  src.cpcv.models.tree_models  INFO  XGBoost fitted: 644 samples, early stopped at iteration 17/300.
17:09:07  src.cpcv.pipeline  INFO    [ 40/168]              xgboost (seed=0) F1=0.357  AUC=0.465  LL=0.6914 (0.1s)
17:09:07  src.cpcv.models.tree_models  INFO  XGBoost fitted: 644 samples, early stopped at iteration 21/300.
17:09:07  src.cpcv.pipeline  INFO    [ 41/168]              xgboost (seed=1) F1=0.357  AUC=0.466  LL=0.6987 (0.1s)
17:09:07  src.cpcv.models.tree_models  INFO  XGBoost fitted: 644 samples, early stopped at iteration 18/300.
17:09:07  src.cpcv.pipeline  INFO    [ 42/168]              xgboost (seed=2) F1=0.357  AUC=0.497  LL=0.6887 (0.1s)
17:09:08  src.cpcv.preprocessing  INFO  Computing MDA (Random Forest)...
17:09:30  src.cpcv.preprocessing  INFO  Computing MDA (Logistic Regression)...
17:09:32  src.cpcv.preprocessing  INFO  Multi-model MDA: 33/62 passed (MDA > 0), 29 eliminated
17:09:32  src.cpcv.preprocessing  INFO    Capped at 18 features (top_k_frac=0.3)
17:09:32  src.cpcv.preprocessing  INFO    Selected (18): ['cci_14', 'chaikin_osc', 'copper_ret_30', 'dxy_roc_30', 'eth_btc_ratio', 'exchange_supply_pct', 'hashrate_roc_30', 'hurst', 'jarque_bera', 'log_returns_lag1', 'lz_complexity', 'macd_hist', 'roc_14', 'sadf', 'skewness', 'stoch_k', 'yield_curve_2y10y', 'yz_vol']
17:09:32  src.cpcv.pipeline  INFO    Preprocessing: 18 features selected, train=572 + cal=144, test=233
17:09:32  src.cpcv.tuning  INFO  Tuning (2 models) — Optuna TPE + Purged K-Fold (inner: 3 folds, embargo=10 obs)
17:09:32  src.cpcv.tuning  INFO    [tuning] random_forest: 3 purged K-fold splits, 30 Optuna trials (TPE)
17:10:23  src.cpcv.tuning  INFO      random_forest: 28 completed, 2 pruned (of 30 total) — best log_loss=0.6806, params={'n_estimators': 250, 'max_depth': 3, 'min_samples_leaf': 15, 'max_features': 'log2'}
17:10:23  src.cpcv.tuning  INFO    [tuning] random_forest done in 51.7s — best log_loss=0.6806
17:10:23  src.cpcv.tuning  INFO    [tuning] xgboost: 3 purged K-fold splits, 30 Optuna trials (TPE)
17:10:29  src.cpcv.tuning  INFO      xgboost: 13 completed, 17 pruned (of 30 total) — best log_loss=0.6721, params={'max_depth': 3, 'learning_rate': 0.19486652454884848, 'min_child_weight': 27, 'subsample': 0.6876436376861638, 'colsample_bytree': 0.6653364163479973, 'gamma': 0.005632595694002104, 'reg_alpha': 0.7368257037626049, 'reg_lambda': 0.06016281341492877}
17:10:29  src.cpcv.tuning  INFO    [tuning] xgboost done in 6.0s — best log_loss=0.6721
17:10:29  src.cpcv.tuning  INFO  Tuning total: 57.7s
17:10:29  src.cpcv.pipeline  INFO      applied random_forest: {'n_estimators': 250, 'max_depth': 3, 'min_samples_leaf': 15, 'max_features': 'log2'}
17:10:29  src.cpcv.pipeline  INFO      applied xgboost: {'max_depth': 3, 'learning_rate': 0.19486652454884848, 'min_child_weight': 27, 'subsample': 0.6876436376861638, 'colsample_bytree': 0.6653364163479973, 'gamma': 0.005632595694002104, 'reg_alpha': 0.7368257037626049, 'reg_lambda': 0.06016281341492877}
17:10:30  src.cpcv.models.tree_models  INFO  RandomForest fitted: 572 samples, 18 features, 250 trees.
17:10:30  src.cpcv.pipeline  INFO    [ 43/168]        random_forest (seed=0) F1=0.347  AUC=0.442  LL=0.6984 (1.0s)
17:10:31  src.cpcv.models.tree_models  INFO  RandomForest fitted: 572 samples, 18 features, 250 trees.
17:10:31  src.cpcv.pipeline  INFO    [ 44/168]        random_forest (seed=1) F1=0.347  AUC=0.431  LL=0.6946 (1.0s)
17:10:32  src.cpcv.models.tree_models  INFO  RandomForest fitted: 572 samples, 18 features, 250 trees.
17:10:32  src.cpcv.pipeline  INFO    [ 45/168]        random_forest (seed=2) F1=0.347  AUC=0.557  LL=0.6891 (1.0s)
17:10:32  src.cpcv.models.tree_models  INFO  XGBoost fitted: 572 samples, early stopped at iteration 10/300.
17:10:32  src.cpcv.pipeline  INFO    [ 46/168]              xgboost (seed=0) F1=0.406  AUC=0.495  LL=0.7088 (0.1s)
17:10:32  src.cpcv.models.tree_models  INFO  XGBoost fitted: 572 samples, early stopped at iteration 2/300.
17:10:32  src.cpcv.pipeline  INFO    [ 47/168]              xgboost (seed=1) F1=0.347  AUC=0.518  LL=0.6916 (0.1s)
17:10:32  src.cpcv.models.tree_models  INFO  XGBoost fitted: 572 samples, early stopped at iteration 0/300.
17:10:32  src.cpcv.pipeline  INFO    [ 48/168]              xgboost (seed=2) F1=0.347  AUC=0.442  LL=0.6930 (0.1s)
17:10:33  src.cpcv.preprocessing  INFO  Computing MDA (Random Forest)...
17:10:55  src.cpcv.preprocessing  INFO  Computing MDA (Logistic Regression)...
17:10:56  src.cpcv.preprocessing  INFO  Multi-model MDA: 51/62 passed (MDA > 0), 11 eliminated
17:10:56  src.cpcv.preprocessing  INFO    Capped at 18 features (top_k_frac=0.3)
17:10:56  src.cpcv.preprocessing  INFO    Selected (18): ['chaikin_osc', 'copper_ret_30', 'ema_ratio_20_50', 'gk_vol', 'hashrate_roc_30', 'log_returns_lag14', 'lz_complexity', 'mvrv', 'natgas_ret_30', 'net_exchange_flow', 'silver_ret_30', 'skewness', 'smt_exp', 'variance_ratio', 'vix', 'vol_term_30_90', 'vol_term_7_30', 'yz_vol']
17:10:56  src.cpcv.pipeline  INFO    Preprocessing: 18 features selected, train=564 + cal=141, test=233
17:10:56  src.cpcv.tuning  INFO  Tuning (2 models) — Optuna TPE + Purged K-Fold (inner: 3 folds, embargo=10 obs)
17:10:56  src.cpcv.tuning  INFO    [tuning] random_forest: 3 purged K-fold splits, 30 Optuna trials (TPE)
17:11:34  src.cpcv.tuning  INFO      random_forest: 18 completed, 12 pruned (of 30 total) — best log_loss=0.6949, params={'n_estimators': 100, 'max_depth': 2, 'min_samples_leaf': 37, 'max_features': 'log2'}
17:11:34  src.cpcv.tuning  INFO    [tuning] random_forest done in 37.8s — best log_loss=0.6949
17:11:34  src.cpcv.tuning  INFO    [tuning] xgboost: 3 purged K-fold splits, 30 Optuna trials (TPE)
17:11:39  src.cpcv.tuning  INFO      xgboost: 25 completed, 5 pruned (of 30 total) — best log_loss=0.6832, params={'max_depth': 3, 'learning_rate': 0.2669610998853447, 'min_child_weight': 27, 'subsample': 0.6908556046603515, 'colsample_bytree': 0.8056891692692755, 'gamma': 0.0019357345531006232, 'reg_alpha': 0.1582351462247772, 'reg_lambda': 0.005621166452148683}
17:11:39  src.cpcv.tuning  INFO    [tuning] xgboost done in 5.2s — best log_loss=0.6832
17:11:39  src.cpcv.tuning  INFO  Tuning total: 43.0s
17:11:39  src.cpcv.pipeline  INFO      applied random_forest: {'n_estimators': 100, 'max_depth': 2, 'min_samples_leaf': 37, 'max_features': 'log2'}
17:11:39  src.cpcv.pipeline  INFO      applied xgboost: {'max_depth': 3, 'learning_rate': 0.2669610998853447, 'min_child_weight': 27, 'subsample': 0.6908556046603515, 'colsample_bytree': 0.8056891692692755, 'gamma': 0.0019357345531006232, 'reg_alpha': 0.1582351462247772, 'reg_lambda': 0.005621166452148683}
17:11:39  src.cpcv.models.tree_models  INFO  RandomForest fitted: 564 samples, 18 features, 100 trees.
17:11:39  src.cpcv.pipeline  INFO    [ 49/168]        random_forest (seed=0) F1=0.387  AUC=0.466  LL=0.6849 (0.4s)
17:11:39  src.cpcv.models.tree_models  INFO  RandomForest fitted: 564 samples, 18 features, 100 trees.
17:11:40  src.cpcv.pipeline  INFO    [ 50/168]        random_forest (seed=1) F1=0.398  AUC=0.459  LL=0.6809 (0.4s)
17:11:40  src.cpcv.models.tree_models  INFO  RandomForest fitted: 564 samples, 18 features, 100 trees.
17:11:40  src.cpcv.pipeline  INFO    [ 51/168]        random_forest (seed=2) F1=0.410  AUC=0.453  LL=0.6963 (0.3s)
17:11:40  src.cpcv.models.tree_models  INFO  XGBoost fitted: 564 samples, early stopped at iteration 4/300.
17:11:40  src.cpcv.pipeline  INFO    [ 52/168]              xgboost (seed=0) F1=0.461  AUC=0.581  LL=0.6668 (0.1s)
17:11:40  src.cpcv.models.tree_models  INFO  XGBoost fitted: 564 samples, early stopped at iteration 0/300.
17:11:40  src.cpcv.pipeline  INFO    [ 53/168]              xgboost (seed=1) F1=0.377  AUC=0.450  LL=0.6863 (0.0s)
17:11:40  src.cpcv.models.tree_models  INFO  XGBoost fitted: 564 samples, early stopped at iteration 11/300.
17:11:40  src.cpcv.pipeline  INFO    [ 54/168]              xgboost (seed=2) F1=0.443  AUC=0.477  LL=0.7071 (0.1s)
17:11:40  src.cpcv.preprocessing  INFO  Computing MDA (Random Forest)...
17:12:03  src.cpcv.preprocessing  INFO  Computing MDA (Logistic Regression)...
17:12:04  src.cpcv.preprocessing  INFO  Multi-model MDA: 34/62 passed (MDA > 0), 28 eliminated
17:12:04  src.cpcv.preprocessing  INFO    Capped at 18 features (top_k_frac=0.3)
17:12:04  src.cpcv.preprocessing  INFO    Selected (18): ['bb_width', 'cci_14', 'ema_ratio_50_200', 'eth_btc_ratio', 'exchange_supply_pct', 'fee_per_tx', 'hurst', 'jarque_bera', 'log_returns_lag1', 'nasdaq_ret_30', 'roc_14', 'sadf', 'silver_ret_30', 'sp500_ret_30', 'stoch_k', 'tx_count_roc_14', 'vol_term_7_30', 'williams_r']
17:12:04  src.cpcv.pipeline  INFO    Preprocessing: 18 features selected, train=564 + cal=141, test=233
17:12:04  src.cpcv.tuning  INFO  Tuning (2 models) — Optuna TPE + Purged K-Fold (inner: 3 folds, embargo=10 obs)
17:12:04  src.cpcv.tuning  INFO    [tuning] random_forest: 3 purged K-fold splits, 30 Optuna trials (TPE)
17:12:49  src.cpcv.tuning  INFO      random_forest: 21 completed, 9 pruned (of 30 total) — best log_loss=0.6900, params={'n_estimators': 200, 'max_depth': 2, 'min_samples_leaf': 16, 'max_features': 'log2'}
17:12:49  src.cpcv.tuning  INFO    [tuning] random_forest done in 45.1s — best log_loss=0.6900
17:12:49  src.cpcv.tuning  INFO    [tuning] xgboost: 3 purged K-fold splits, 30 Optuna trials (TPE)
17:12:53  src.cpcv.tuning  INFO      xgboost: 21 completed, 9 pruned (of 30 total) — best log_loss=0.6849, params={'max_depth': 2, 'learning_rate': 0.2154710302576541, 'min_child_weight': 14, 'subsample': 0.6246975210151626, 'colsample_bytree': 0.6490465897965593, 'gamma': 0.01398802430338979, 'reg_alpha': 3.4761658643264604e-05, 'reg_lambda': 0.14375953597912433}
17:12:53  src.cpcv.tuning  INFO    [tuning] xgboost done in 3.9s — best log_loss=0.6849
17:12:53  src.cpcv.tuning  INFO  Tuning total: 49.0s
17:12:53  src.cpcv.pipeline  INFO      applied random_forest: {'n_estimators': 200, 'max_depth': 2, 'min_samples_leaf': 16, 'max_features': 'log2'}
17:12:53  src.cpcv.pipeline  INFO      applied xgboost: {'max_depth': 2, 'learning_rate': 0.2154710302576541, 'min_child_weight': 14, 'subsample': 0.6246975210151626, 'colsample_bytree': 0.6490465897965593, 'gamma': 0.01398802430338979, 'reg_alpha': 3.4761658643264604e-05, 'reg_lambda': 0.14375953597912433}
17:12:53  src.cpcv.models.tree_models  INFO  RandomForest fitted: 564 samples, 18 features, 200 trees.
17:12:53  src.cpcv.pipeline  INFO    [ 55/168]        random_forest (seed=0) F1=0.532  AUC=0.593  LL=0.6553 (0.8s)
17:12:54  src.cpcv.models.tree_models  INFO  RandomForest fitted: 564 samples, 18 features, 200 trees.
17:12:54  src.cpcv.pipeline  INFO    [ 56/168]        random_forest (seed=1) F1=0.531  AUC=0.575  LL=0.6563 (0.7s)
17:12:55  src.cpcv.models.tree_models  INFO  RandomForest fitted: 564 samples, 18 features, 200 trees.
17:12:55  src.cpcv.pipeline  INFO    [ 57/168]        random_forest (seed=2) F1=0.524  AUC=0.584  LL=0.6600 (0.8s)
17:12:55  src.cpcv.models.tree_models  INFO  XGBoost fitted: 564 samples, early stopped at iteration 3/300.
17:12:55  src.cpcv.pipeline  INFO    [ 58/168]              xgboost (seed=0) F1=0.404  AUC=0.569  LL=0.6734 (0.1s)
17:12:55  src.cpcv.models.tree_models  INFO  XGBoost fitted: 564 samples, early stopped at iteration 19/300.
17:12:55  src.cpcv.pipeline  INFO    [ 59/168]              xgboost (seed=1) F1=0.454  AUC=0.486  LL=0.6851 (0.1s)
17:12:55  src.cpcv.models.tree_models  INFO  XGBoost fitted: 564 samples, early stopped at iteration 15/300.
17:12:55  src.cpcv.pipeline  INFO    [ 60/168]              xgboost (seed=2) F1=0.531  AUC=0.552  LL=0.6721 (0.1s)
17:12:55  src.cpcv.preprocessing  INFO  Computing MDA (Random Forest)...
17:13:17  src.cpcv.preprocessing  INFO  Computing MDA (Logistic Regression)...
17:13:18  src.cpcv.preprocessing  INFO  Multi-model MDA: 22/62 passed (MDA > 0), 40 eliminated
17:13:18  src.cpcv.preprocessing  INFO    Capped at 18 features (top_k_frac=0.3)
17:13:18  src.cpcv.preprocessing  INFO    Selected (18): ['active_addr_roc_14', 'copper_ret_30', 'dxy_roc_30', 'eth_btc_ratio', 'exchange_supply_pct', 'fee_per_tx', 'jarque_bera', 'kurtosis', 'log_returns_lag1', 'log_returns_lag3', 'mfi_14', 'roc_14', 'sadf', 'smt_exp', 'variance_ratio', 'vix', 'vol_term_30_90', 'yield_curve_2y10y']
17:13:18  src.cpcv.pipeline  INFO    Preprocessing: 18 features selected, train=562 + cal=141, test=233
17:13:18  src.cpcv.tuning  INFO  Tuning (2 models) — Optuna TPE + Purged K-Fold (inner: 3 folds, embargo=10 obs)
17:13:18  src.cpcv.tuning  INFO    [tuning] random_forest: 3 purged K-fold splits, 30 Optuna trials (TPE)
17:14:03  src.cpcv.tuning  INFO      random_forest: 19 completed, 11 pruned (of 30 total) — best log_loss=0.6891, params={'n_estimators': 200, 'max_depth': 2, 'min_samples_leaf': 18, 'max_features': 'log2'}
17:14:03  src.cpcv.tuning  INFO    [tuning] random_forest done in 44.5s — best log_loss=0.6891
17:14:03  src.cpcv.tuning  INFO    [tuning] xgboost: 3 purged K-fold splits, 30 Optuna trials (TPE)
17:14:07  src.cpcv.tuning  INFO      xgboost: 15 completed, 15 pruned (of 30 total) — best log_loss=0.6793, params={'max_depth': 1, 'learning_rate': 0.06333268775321843, 'min_child_weight': 8, 'subsample': 0.9208787923016158, 'colsample_bytree': 0.6298202574719083, 'gamma': 0.7854083114461319, 'reg_alpha': 0.08916674715636537, 'reg_lambda': 6.143857495033091e-07}
17:14:07  src.cpcv.tuning  INFO    [tuning] xgboost done in 3.8s — best log_loss=0.6793
17:14:07  src.cpcv.tuning  INFO  Tuning total: 48.2s
17:14:07  src.cpcv.pipeline  INFO      applied random_forest: {'n_estimators': 200, 'max_depth': 2, 'min_samples_leaf': 18, 'max_features': 'log2'}
17:14:07  src.cpcv.pipeline  INFO      applied xgboost: {'max_depth': 1, 'learning_rate': 0.06333268775321843, 'min_child_weight': 8, 'subsample': 0.9208787923016158, 'colsample_bytree': 0.6298202574719083, 'gamma': 0.7854083114461319, 'reg_alpha': 0.08916674715636537, 'reg_lambda': 6.143857495033091e-07}
17:14:07  src.cpcv.models.tree_models  INFO  RandomForest fitted: 562 samples, 18 features, 200 trees.
17:14:07  src.cpcv.pipeline  INFO    [ 61/168]        random_forest (seed=0) F1=0.551  AUC=0.536  LL=0.6863 (0.6s)
17:14:08  src.cpcv.models.tree_models  INFO  RandomForest fitted: 562 samples, 18 features, 200 trees.
17:14:08  src.cpcv.pipeline  INFO    [ 62/168]        random_forest (seed=1) F1=0.572  AUC=0.566  LL=0.6861 (0.6s)
17:14:09  src.cpcv.models.tree_models  INFO  RandomForest fitted: 562 samples, 18 features, 200 trees.
17:14:09  src.cpcv.pipeline  INFO    [ 63/168]        random_forest (seed=2) F1=0.555  AUC=0.531  LL=0.6924 (0.6s)
17:14:09  src.cpcv.models.tree_models  INFO  XGBoost fitted: 562 samples, early stopped at iteration 26/300.
17:14:09  src.cpcv.pipeline  INFO    [ 64/168]              xgboost (seed=0) F1=0.484  AUC=0.467  LL=0.7428 (0.1s)
17:14:09  src.cpcv.models.tree_models  INFO  XGBoost fitted: 562 samples, early stopped at iteration 21/300.
17:14:09  src.cpcv.pipeline  INFO    [ 65/168]              xgboost (seed=1) F1=0.458  AUC=0.465  LL=0.7673 (0.1s)
17:14:09  src.cpcv.models.tree_models  INFO  XGBoost fitted: 562 samples, early stopped at iteration 40/300.
17:14:09  src.cpcv.pipeline  INFO    [ 66/168]              xgboost (seed=2) F1=0.515  AUC=0.488  LL=0.7133 (0.1s)
17:14:09  src.cpcv.preprocessing  INFO  Computing MDA (Random Forest)...
17:14:31  src.cpcv.preprocessing  INFO  Computing MDA (Logistic Regression)...
17:14:32  src.cpcv.preprocessing  INFO  Multi-model MDA: 23/62 passed (MDA > 0), 39 eliminated
17:14:32  src.cpcv.preprocessing  INFO    Capped at 18 features (top_k_frac=0.3)
17:14:32  src.cpcv.preprocessing  INFO    Selected (18): ['bb_width', 'chaikin_osc', 'ema_ratio_50_200', 'exchange_supply_pct', 'kurtosis', 'log_returns_lag14', 'macd_hist', 'mfi_14', 'nasdaq_ret_30', 'net_exchange_flow', 'silver_ret_30', 'skewness', 'sp500_ret_30', 'us2y', 'vix', 'williams_r', 'yield_curve_2y10y', 'yz_vol']
17:14:32  src.cpcv.pipeline  INFO    Preprocessing: 18 features selected, train=563 + cal=141, test=233
17:14:32  src.cpcv.tuning  INFO  Tuning (2 models) — Optuna TPE + Purged K-Fold (inner: 3 folds, embargo=10 obs)
17:14:32  src.cpcv.tuning  INFO    [tuning] random_forest: 3 purged K-fold splits, 30 Optuna trials (TPE)
17:15:17  src.cpcv.tuning  INFO      random_forest: 18 completed, 12 pruned (of 30 total) — best log_loss=0.6766, params={'n_estimators': 200, 'max_depth': 6, 'min_samples_leaf': 27, 'max_features': 'log2'}
17:15:17  src.cpcv.tuning  INFO    [tuning] random_forest done in 44.4s — best log_loss=0.6766
17:15:17  src.cpcv.tuning  INFO    [tuning] xgboost: 3 purged K-fold splits, 30 Optuna trials (TPE)
17:15:22  src.cpcv.tuning  INFO      xgboost: 8 completed, 22 pruned (of 30 total) — best log_loss=0.6624, params={'max_depth': 1, 'learning_rate': 0.2521267904777921, 'min_child_weight': 30, 'subsample': 0.9233589392465844, 'colsample_bytree': 0.7218455076693483, 'gamma': 6.044730070370796e-08, 'reg_alpha': 0.014391207615728067, 'reg_lambda': 9.148975058772307e-05}
17:15:22  src.cpcv.tuning  INFO    [tuning] xgboost done in 4.8s — best log_loss=0.6624
17:15:22  src.cpcv.tuning  INFO  Tuning total: 49.2s
17:15:22  src.cpcv.pipeline  INFO      applied random_forest: {'n_estimators': 200, 'max_depth': 6, 'min_samples_leaf': 27, 'max_features': 'log2'}
17:15:22  src.cpcv.pipeline  INFO      applied xgboost: {'max_depth': 1, 'learning_rate': 0.2521267904777921, 'min_child_weight': 30, 'subsample': 0.9233589392465844, 'colsample_bytree': 0.7218455076693483, 'gamma': 6.044730070370796e-08, 'reg_alpha': 0.014391207615728067, 'reg_lambda': 9.148975058772307e-05}
17:15:22  src.cpcv.models.tree_models  INFO  RandomForest fitted: 563 samples, 18 features, 200 trees.
17:15:22  src.cpcv.pipeline  INFO    [ 67/168]        random_forest (seed=0) F1=0.380  AUC=0.584  LL=0.6695 (0.8s)
17:15:23  src.cpcv.models.tree_models  INFO  RandomForest fitted: 563 samples, 18 features, 200 trees.
17:15:23  src.cpcv.pipeline  INFO    [ 68/168]        random_forest (seed=1) F1=0.462  AUC=0.558  LL=0.6706 (0.8s)
17:15:24  src.cpcv.models.tree_models  INFO  RandomForest fitted: 563 samples, 18 features, 200 trees.
17:15:24  src.cpcv.pipeline  INFO    [ 69/168]        random_forest (seed=2) F1=0.459  AUC=0.582  LL=0.6652 (0.9s)
17:15:24  src.cpcv.models.tree_models  INFO  XGBoost fitted: 563 samples, early stopped at iteration 0/300.
17:15:24  src.cpcv.pipeline  INFO    [ 70/168]              xgboost (seed=0) F1=0.374  AUC=0.553  LL=0.6811 (0.1s)
17:15:24  src.cpcv.models.tree_models  INFO  XGBoost fitted: 563 samples, early stopped at iteration 0/300.
17:15:24  src.cpcv.pipeline  INFO    [ 71/168]              xgboost (seed=1) F1=0.374  AUC=0.550  LL=0.6770 (0.0s)
17:15:24  src.cpcv.models.tree_models  INFO  XGBoost fitted: 563 samples, early stopped at iteration 0/300.
17:15:24  src.cpcv.pipeline  INFO    [ 72/168]              xgboost (seed=2) F1=0.374  AUC=0.553  LL=0.6768 (0.0s)
17:15:25  src.cpcv.preprocessing  INFO  Computing MDA (Random Forest)...
17:15:47  src.cpcv.preprocessing  INFO  Computing MDA (Logistic Regression)...
17:15:48  src.cpcv.preprocessing  INFO  Multi-model MDA: 32/62 passed (MDA > 0), 30 eliminated
17:15:48  src.cpcv.preprocessing  INFO    Capped at 18 features (top_k_frac=0.3)
17:15:48  src.cpcv.preprocessing  INFO    Selected (18): ['active_addr_roc_14', 'bb_width', 'eth_btc_ratio', 'log_returns', 'log_returns_lag2', 'log_returns_lag7', 'lz_complexity', 'macd_signal', 'rsi', 'sadf', 'shannon_entropy', 'skewness', 'stoch_d', 'us10y', 'us2y', 'vix', 'yield_curve_10y30y', 'yield_curve_2y10y']
17:15:48  src.cpcv.pipeline  INFO    Preprocessing: 18 features selected, train=564 + cal=142, test=240
17:15:48  src.cpcv.tuning  INFO  Tuning (2 models) — Optuna TPE + Purged K-Fold (inner: 3 folds, embargo=10 obs)
17:15:48  src.cpcv.tuning  INFO    [tuning] random_forest: 3 purged K-fold splits, 30 Optuna trials (TPE)
17:16:27  src.cpcv.tuning  INFO      random_forest: 15 completed, 15 pruned (of 30 total) — best log_loss=0.6857, params={'n_estimators': 200, 'max_depth': 2, 'min_samples_leaf': 16, 'max_features': 'log2'}
17:16:27  src.cpcv.tuning  INFO    [tuning] random_forest done in 38.9s — best log_loss=0.6857
17:16:27  src.cpcv.tuning  INFO    [tuning] xgboost: 3 purged K-fold splits, 30 Optuna trials (TPE)
17:16:31  src.cpcv.tuning  INFO      xgboost: 12 completed, 18 pruned (of 30 total) — best log_loss=0.6777, params={'max_depth': 2, 'learning_rate': 0.14447746112718687, 'min_child_weight': 10, 'subsample': 0.8056937753654446, 'colsample_bytree': 0.836965827544817, 'gamma': 2.3528990899815284e-08, 'reg_alpha': 0.0029369981104377003, 'reg_lambda': 3.425445902633376e-07}
17:16:31  src.cpcv.tuning  INFO    [tuning] xgboost done in 4.3s — best log_loss=0.6777
17:16:31  src.cpcv.tuning  INFO  Tuning total: 43.2s
17:16:31  src.cpcv.pipeline  INFO      applied random_forest: {'n_estimators': 200, 'max_depth': 2, 'min_samples_leaf': 16, 'max_features': 'log2'}
17:16:31  src.cpcv.pipeline  INFO      applied xgboost: {'max_depth': 2, 'learning_rate': 0.14447746112718687, 'min_child_weight': 10, 'subsample': 0.8056937753654446, 'colsample_bytree': 0.836965827544817, 'gamma': 2.3528990899815284e-08, 'reg_alpha': 0.0029369981104377003, 'reg_lambda': 3.425445902633376e-07}
17:16:32  src.cpcv.models.tree_models  INFO  RandomForest fitted: 564 samples, 18 features, 200 trees.
17:16:32  src.cpcv.pipeline  INFO    [ 73/168]        random_forest (seed=0) F1=0.373  AUC=0.566  LL=0.6715 (0.7s)
17:16:33  src.cpcv.models.tree_models  INFO  RandomForest fitted: 564 samples, 18 features, 200 trees.
17:16:33  src.cpcv.pipeline  INFO    [ 74/168]        random_forest (seed=1) F1=0.373  AUC=0.431  LL=0.6799 (0.6s)
17:16:33  src.cpcv.models.tree_models  INFO  RandomForest fitted: 564 samples, 18 features, 200 trees.
17:16:33  src.cpcv.pipeline  INFO    [ 75/168]        random_forest (seed=2) F1=0.373  AUC=0.587  LL=0.6699 (0.6s)
17:16:33  src.cpcv.models.tree_models  INFO  XGBoost fitted: 564 samples, early stopped at iteration 0/300.
17:16:33  src.cpcv.pipeline  INFO    [ 76/168]              xgboost (seed=0) F1=0.447  AUC=0.442  LL=0.7409 (0.1s)
17:16:33  src.cpcv.models.tree_models  INFO  XGBoost fitted: 564 samples, early stopped at iteration 0/300.
17:16:33  src.cpcv.pipeline  INFO    [ 77/168]              xgboost (seed=1) F1=0.425  AUC=0.442  LL=1.0852 (0.1s)
17:16:33  src.cpcv.models.tree_models  INFO  XGBoost fitted: 564 samples, early stopped at iteration 0/300.
17:16:33  src.cpcv.pipeline  INFO    [ 78/168]              xgboost (seed=2) F1=0.373  AUC=0.567  LL=0.6755 (0.1s)
17:16:34  src.cpcv.preprocessing  INFO  Computing MDA (Random Forest)...
17:16:56  src.cpcv.preprocessing  INFO  Computing MDA (Logistic Regression)...
17:16:57  src.cpcv.preprocessing  INFO  Multi-model MDA: 20/62 passed (MDA > 0), 42 eliminated
17:16:57  src.cpcv.preprocessing  INFO    Capped at 18 features (top_k_frac=0.3)
17:16:57  src.cpcv.preprocessing  INFO    Selected (18): ['chaikin_osc', 'fee_per_tx', 'kurtosis', 'log_returns_lag3', 'log_returns_lag30', 'log_returns_lag7', 'macd_hist', 'realized_vol', 'shannon_entropy', 'silver_ret_30', 'skewness', 'sp500_ret_30', 'tx_count_roc_14', 'us10y', 'vol_term_30_90', 'vol_term_7_30', 'vwma_ratio_20_50', 'williams_r']
17:16:57  src.cpcv.pipeline  INFO    Preprocessing: 18 features selected, train=528 + cal=132, test=288
17:16:57  src.cpcv.tuning  INFO  Tuning (2 models) — Optuna TPE + Purged K-Fold (inner: 3 folds, embargo=10 obs)
17:16:57  src.cpcv.tuning  INFO    [tuning] random_forest: 3 purged K-fold splits, 30 Optuna trials (TPE)
17:17:40  src.cpcv.tuning  INFO      random_forest: 18 completed, 12 pruned (of 30 total) — best log_loss=0.6991, params={'n_estimators': 250, 'max_depth': 2, 'min_samples_leaf': 18, 'max_features': 'log2'}
17:17:40  src.cpcv.tuning  INFO    [tuning] random_forest done in 43.3s — best log_loss=0.6991
17:17:40  src.cpcv.tuning  INFO    [tuning] xgboost: 3 purged K-fold splits, 30 Optuna trials (TPE)
17:17:44  src.cpcv.tuning  INFO      xgboost: 23 completed, 7 pruned (of 30 total) — best log_loss=0.6890, params={'max_depth': 2, 'learning_rate': 0.292861728556174, 'min_child_weight': 18, 'subsample': 0.6317941801234883, 'colsample_bytree': 0.6077768158618323, 'gamma': 0.00010301598346169851, 'reg_alpha': 0.0009565148027173156, 'reg_lambda': 0.0012487817245565131}
17:17:44  src.cpcv.tuning  INFO    [tuning] xgboost done in 3.8s — best log_loss=0.6890
17:17:44  src.cpcv.tuning  INFO  Tuning total: 47.1s
17:17:44  src.cpcv.pipeline  INFO      applied random_forest: {'n_estimators': 250, 'max_depth': 2, 'min_samples_leaf': 18, 'max_features': 'log2'}
17:17:44  src.cpcv.pipeline  INFO      applied xgboost: {'max_depth': 2, 'learning_rate': 0.292861728556174, 'min_child_weight': 18, 'subsample': 0.6317941801234883, 'colsample_bytree': 0.6077768158618323, 'gamma': 0.00010301598346169851, 'reg_alpha': 0.0009565148027173156, 'reg_lambda': 0.0012487817245565131}
17:17:45  src.cpcv.models.tree_models  INFO  RandomForest fitted: 528 samples, 18 features, 250 trees.
17:17:45  src.cpcv.pipeline  INFO    [ 79/168]        random_forest (seed=0) F1=0.433  AUC=0.541  LL=0.7715 (0.8s)
17:17:46  src.cpcv.models.tree_models  INFO  RandomForest fitted: 528 samples, 18 features, 250 trees.
17:17:46  src.cpcv.pipeline  INFO    [ 80/168]        random_forest (seed=1) F1=0.401  AUC=0.544  LL=0.7656 (0.8s)
17:17:46  src.cpcv.models.tree_models  INFO  RandomForest fitted: 528 samples, 18 features, 250 trees.
17:17:47  src.cpcv.pipeline  INFO    [ 81/168]        random_forest (seed=2) F1=0.389  AUC=0.531  LL=0.7476 (0.8s)
17:17:47  src.cpcv.models.tree_models  INFO  XGBoost fitted: 528 samples, early stopped at iteration 6/300.
17:17:47  src.cpcv.pipeline  INFO    [ 82/168]              xgboost (seed=0) F1=0.380  AUC=0.480  LL=0.7826 (0.1s)
17:17:47  src.cpcv.models.tree_models  INFO  XGBoost fitted: 528 samples, early stopped at iteration 18/300.
17:17:47  src.cpcv.pipeline  INFO    [ 83/168]              xgboost (seed=1) F1=0.446  AUC=0.515  LL=0.7689 (0.1s)
17:17:47  src.cpcv.models.tree_models  INFO  XGBoost fitted: 528 samples, early stopped at iteration 5/300.
17:17:47  src.cpcv.pipeline  INFO    [ 84/168]              xgboost (seed=2) F1=0.418  AUC=0.487  LL=0.7203 (0.1s)
17:17:47  src.cpcv.preprocessing  INFO  Computing MDA (Random Forest)...
17:18:10  src.cpcv.preprocessing  INFO  Computing MDA (Logistic Regression)...
17:18:11  src.cpcv.preprocessing  INFO  Multi-model MDA: 14/62 passed (MDA > 0), 48 eliminated
17:18:11  src.cpcv.preprocessing  INFO    Selected (14): ['cci_14', 'hashrate_roc_30', 'hurst', 'issuance_ntv', 'log_returns', 'natgas_ret_30', 'negentropy', 'realized_vol', 'sadf', 'stoch_d', 'stoch_k', 'us10y', 'variance_ratio', 'yield_curve_2y10y']
17:18:11  src.cpcv.pipeline  INFO    Preprocessing: 14 features selected, train=519 + cal=130, test=288
17:18:11  src.cpcv.tuning  INFO  Tuning (2 models) — Optuna TPE + Purged K-Fold (inner: 3 folds, embargo=10 obs)
17:18:11  src.cpcv.tuning  INFO    [tuning] random_forest: 3 purged K-fold splits, 30 Optuna trials (TPE)
17:18:57  src.cpcv.tuning  INFO      random_forest: 21 completed, 9 pruned (of 30 total) — best log_loss=0.6985, params={'n_estimators': 250, 'max_depth': 2, 'min_samples_leaf': 18, 'max_features': 'log2'}
17:18:57  src.cpcv.tuning  INFO    [tuning] random_forest done in 46.0s — best log_loss=0.6985
17:18:57  src.cpcv.tuning  INFO    [tuning] xgboost: 3 purged K-fold splits, 30 Optuna trials (TPE)
17:19:00  src.cpcv.tuning  INFO      xgboost: 14 completed, 16 pruned (of 30 total) — best log_loss=0.6878, params={'max_depth': 2, 'learning_rate': 0.14447746112718687, 'min_child_weight': 10, 'subsample': 0.8056937753654446, 'colsample_bytree': 0.836965827544817, 'gamma': 2.3528990899815284e-08, 'reg_alpha': 0.0029369981104377003, 'reg_lambda': 3.425445902633376e-07}
17:19:00  src.cpcv.tuning  INFO    [tuning] xgboost done in 3.6s — best log_loss=0.6878
17:19:00  src.cpcv.tuning  INFO  Tuning total: 49.7s
17:19:00  src.cpcv.pipeline  INFO      applied random_forest: {'n_estimators': 250, 'max_depth': 2, 'min_samples_leaf': 18, 'max_features': 'log2'}
17:19:00  src.cpcv.pipeline  INFO      applied xgboost: {'max_depth': 2, 'learning_rate': 0.14447746112718687, 'min_child_weight': 10, 'subsample': 0.8056937753654446, 'colsample_bytree': 0.836965827544817, 'gamma': 2.3528990899815284e-08, 'reg_alpha': 0.0029369981104377003, 'reg_lambda': 3.425445902633376e-07}
17:19:01  src.cpcv.models.tree_models  INFO  RandomForest fitted: 519 samples, 14 features, 250 trees.
17:19:01  src.cpcv.pipeline  INFO    [ 85/168]        random_forest (seed=0) F1=0.342  AUC=0.466  LL=0.7275 (0.8s)
17:19:02  src.cpcv.models.tree_models  INFO  RandomForest fitted: 519 samples, 14 features, 250 trees.
17:19:02  src.cpcv.pipeline  INFO    [ 86/168]        random_forest (seed=1) F1=0.365  AUC=0.460  LL=0.7176 (0.8s)
17:19:03  src.cpcv.models.tree_models  INFO  RandomForest fitted: 519 samples, 14 features, 250 trees.
17:19:03  src.cpcv.pipeline  INFO    [ 87/168]        random_forest (seed=2) F1=0.342  AUC=0.453  LL=0.7291 (0.8s)
17:19:03  src.cpcv.models.tree_models  INFO  XGBoost fitted: 519 samples, early stopped at iteration 14/300.
17:19:03  src.cpcv.pipeline  INFO    [ 88/168]              xgboost (seed=0) F1=0.362  AUC=0.433  LL=0.7386 (0.1s)
17:19:03  src.cpcv.models.tree_models  INFO  XGBoost fitted: 519 samples, early stopped at iteration 3/300.
17:19:03  src.cpcv.pipeline  INFO    [ 89/168]              xgboost (seed=1) F1=0.403  AUC=0.440  LL=0.8419 (0.1s)
17:19:03  src.cpcv.models.tree_models  INFO  XGBoost fitted: 519 samples, early stopped at iteration 12/300.
17:19:03  src.cpcv.pipeline  INFO    [ 90/168]              xgboost (seed=2) F1=0.410  AUC=0.445  LL=0.7895 (0.1s)
17:19:03  src.cpcv.preprocessing  INFO  Computing MDA (Random Forest)...
17:19:25  src.cpcv.preprocessing  INFO  Computing MDA (Logistic Regression)...
17:19:27  src.cpcv.preprocessing  INFO  Multi-model MDA: 35/62 passed (MDA > 0), 27 eliminated
17:19:27  src.cpcv.preprocessing  INFO    Capped at 18 features (top_k_frac=0.3)
17:19:27  src.cpcv.preprocessing  INFO    Selected (18): ['cci_14', 'ema_ratio_20_50', 'fee_per_tx', 'log_returns_lag1', 'log_returns_lag2', 'log_returns_lag30', 'natgas_ret_30', 'negentropy', 'net_exchange_flow', 'obv', 'oil_ret_30', 'silver_ret_30', 'skewness', 'stoch_d', 'stoch_k', 'vol_term_30_90', 'vwma_ratio_20_50', 'yield_curve_10y30y']
17:19:27  src.cpcv.pipeline  INFO    Preprocessing: 18 features selected, train=517 + cal=130, test=288
17:19:27  src.cpcv.tuning  INFO  Tuning (2 models) — Optuna TPE + Purged K-Fold (inner: 3 folds, embargo=10 obs)
17:19:27  src.cpcv.tuning  INFO    [tuning] random_forest: 3 purged K-fold splits, 30 Optuna trials (TPE)
17:20:17  src.cpcv.tuning  INFO      random_forest: 30 completed, 0 pruned (of 30 total) — best log_loss=0.6869, params={'n_estimators': 250, 'max_depth': 5, 'min_samples_leaf': 29, 'max_features': 'sqrt'}
17:20:17  src.cpcv.tuning  INFO    [tuning] random_forest done in 50.4s — best log_loss=0.6869
17:20:17  src.cpcv.tuning  INFO    [tuning] xgboost: 3 purged K-fold splits, 30 Optuna trials (TPE)
17:20:22  src.cpcv.tuning  INFO      xgboost: 28 completed, 2 pruned (of 30 total) — best log_loss=0.6822, params={'max_depth': 2, 'learning_rate': 0.11114989443094977, 'min_child_weight': 5, 'subsample': 0.9879639408647978, 'colsample_bytree': 0.9329770563201687, 'gamma': 4.997040685255803e-07, 'reg_alpha': 4.329370014459266e-07, 'reg_lambda': 4.4734294104626844e-07}
17:20:22  src.cpcv.tuning  INFO    [tuning] xgboost done in 4.6s — best log_loss=0.6822
17:20:22  src.cpcv.tuning  INFO  Tuning total: 55.0s
17:20:22  src.cpcv.pipeline  INFO      applied random_forest: {'n_estimators': 250, 'max_depth': 5, 'min_samples_leaf': 29, 'max_features': 'sqrt'}
17:20:22  src.cpcv.pipeline  INFO      applied xgboost: {'max_depth': 2, 'learning_rate': 0.11114989443094977, 'min_child_weight': 5, 'subsample': 0.9879639408647978, 'colsample_bytree': 0.9329770563201687, 'gamma': 4.997040685255803e-07, 'reg_alpha': 4.329370014459266e-07, 'reg_lambda': 4.4734294104626844e-07}
17:20:22  src.cpcv.models.tree_models  INFO  RandomForest fitted: 517 samples, 18 features, 250 trees.
17:20:23  src.cpcv.pipeline  INFO    [ 91/168]        random_forest (seed=0) F1=0.448  AUC=0.494  LL=0.7251 (1.0s)
17:20:23  src.cpcv.models.tree_models  INFO  RandomForest fitted: 517 samples, 18 features, 250 trees.
17:20:24  src.cpcv.pipeline  INFO    [ 92/168]        random_forest (seed=1) F1=0.441  AUC=0.487  LL=0.7341 (0.9s)
17:20:24  src.cpcv.models.tree_models  INFO  RandomForest fitted: 517 samples, 18 features, 250 trees.
17:20:24  src.cpcv.pipeline  INFO    [ 93/168]        random_forest (seed=2) F1=0.446  AUC=0.486  LL=0.7219 (0.9s)
17:20:24  src.cpcv.models.tree_models  INFO  XGBoost fitted: 517 samples, early stopped at iteration 20/300.
17:20:25  src.cpcv.pipeline  INFO    [ 94/168]              xgboost (seed=0) F1=0.479  AUC=0.491  LL=0.7340 (0.1s)
17:20:25  src.cpcv.models.tree_models  INFO  XGBoost fitted: 517 samples, early stopped at iteration 12/300.
17:20:25  src.cpcv.pipeline  INFO    [ 95/168]              xgboost (seed=1) F1=0.435  AUC=0.491  LL=0.7144 (0.1s)
17:20:25  src.cpcv.models.tree_models  INFO  XGBoost fitted: 517 samples, early stopped at iteration 16/300.
17:20:25  src.cpcv.pipeline  INFO    [ 96/168]              xgboost (seed=2) F1=0.446  AUC=0.491  LL=0.7372 (0.1s)
17:20:25  src.cpcv.preprocessing  INFO  Computing MDA (Random Forest)...
17:20:47  src.cpcv.preprocessing  INFO  Computing MDA (Logistic Regression)...
17:20:48  src.cpcv.preprocessing  INFO  Multi-model MDA: 37/62 passed (MDA > 0), 25 eliminated
17:20:48  src.cpcv.preprocessing  INFO    Capped at 18 features (top_k_frac=0.3)
17:20:48  src.cpcv.preprocessing  INFO    Selected (18): ['atr', 'cci_14', 'log_returns', 'log_returns_lag2', 'log_returns_lag3', 'log_returns_lag7', 'macd_hist', 'macd_signal', 'mfi_14', 'obv', 'rsi', 'sadf', 'skewness', 'sp500_ret_30', 'vix', 'vwma_ratio_20_50', 'williams_r', 'yz_vol']
17:20:48  src.cpcv.pipeline  INFO    Preprocessing: 18 features selected, train=518 + cal=130, test=288
17:20:48  src.cpcv.tuning  INFO  Tuning (2 models) — Optuna TPE + Purged K-Fold (inner: 3 folds, embargo=10 obs)
17:20:48  src.cpcv.tuning  INFO    [tuning] random_forest: 3 purged K-fold splits, 30 Optuna trials (TPE)
17:21:26  src.cpcv.tuning  INFO      random_forest: 29 completed, 1 pruned (of 30 total) — best log_loss=0.6769, params={'n_estimators': 100, 'max_depth': 4, 'min_samples_leaf': 15, 'max_features': 'sqrt'}
17:21:26  src.cpcv.tuning  INFO    [tuning] random_forest done in 37.4s — best log_loss=0.6769
17:21:26  src.cpcv.tuning  INFO    [tuning] xgboost: 3 purged K-fold splits, 30 Optuna trials (TPE)
17:21:31  src.cpcv.tuning  INFO      xgboost: 29 completed, 1 pruned (of 30 total) — best log_loss=0.6747, params={'max_depth': 2, 'learning_rate': 0.2386043608379322, 'min_child_weight': 9, 'subsample': 0.8251323334561256, 'colsample_bytree': 0.8151595599183836, 'gamma': 3.920537281641514e-07, 'reg_alpha': 0.07157114146149826, 'reg_lambda': 8.03806103896627}
17:21:31  src.cpcv.tuning  INFO    [tuning] xgboost done in 5.6s — best log_loss=0.6747
17:21:31  src.cpcv.tuning  INFO  Tuning total: 42.9s
17:21:31  src.cpcv.pipeline  INFO      applied random_forest: {'n_estimators': 100, 'max_depth': 4, 'min_samples_leaf': 15, 'max_features': 'sqrt'}
17:21:31  src.cpcv.pipeline  INFO      applied xgboost: {'max_depth': 2, 'learning_rate': 0.2386043608379322, 'min_child_weight': 9, 'subsample': 0.8251323334561256, 'colsample_bytree': 0.8151595599183836, 'gamma': 3.920537281641514e-07, 'reg_alpha': 0.07157114146149826, 'reg_lambda': 8.03806103896627}
17:21:32  src.cpcv.models.tree_models  INFO  RandomForest fitted: 518 samples, 18 features, 100 trees.
17:21:32  src.cpcv.pipeline  INFO    [ 97/168]        random_forest (seed=0) F1=0.435  AUC=0.503  LL=0.7561 (0.5s)
17:21:32  src.cpcv.models.tree_models  INFO  RandomForest fitted: 518 samples, 18 features, 100 trees.
17:21:32  src.cpcv.pipeline  INFO    [ 98/168]        random_forest (seed=1) F1=0.401  AUC=0.507  LL=0.7647 (0.4s)
17:21:33  src.cpcv.models.tree_models  INFO  RandomForest fitted: 518 samples, 18 features, 100 trees.
17:21:33  src.cpcv.pipeline  INFO    [ 99/168]        random_forest (seed=2) F1=0.440  AUC=0.510  LL=0.7507 (0.4s)
17:21:33  src.cpcv.models.tree_models  INFO  XGBoost fitted: 518 samples, early stopped at iteration 16/300.
17:21:33  src.cpcv.pipeline  INFO    [100/168]              xgboost (seed=0) F1=0.428  AUC=0.463  LL=0.8189 (0.1s)
17:21:33  src.cpcv.models.tree_models  INFO  XGBoost fitted: 518 samples, early stopped at iteration 5/300.
17:21:33  src.cpcv.pipeline  INFO    [101/168]              xgboost (seed=1) F1=0.417  AUC=0.484  LL=0.7413 (0.1s)
17:21:33  src.cpcv.models.tree_models  INFO  XGBoost fitted: 518 samples, early stopped at iteration 4/300.
17:21:33  src.cpcv.pipeline  INFO    [102/168]              xgboost (seed=2) F1=0.405  AUC=0.507  LL=0.7071 (0.1s)
17:21:33  src.cpcv.preprocessing  INFO  Computing MDA (Random Forest)...
17:21:55  src.cpcv.preprocessing  INFO  Computing MDA (Logistic Regression)...
17:21:56  src.cpcv.preprocessing  INFO  Multi-model MDA: 11/62 passed (MDA > 0), 51 eliminated
17:21:56  src.cpcv.preprocessing  INFO    Selected (11): ['bb_width', 'cci_14', 'exchange_supply_pct', 'log_returns_lag7', 'mvrv', 'net_exchange_flow', 'skewness', 'tx_count_roc_14', 'us2y', 'vol_term_30_90', 'yz_vol']
17:21:56  src.cpcv.pipeline  INFO    Preprocessing: 11 features selected, train=520 + cal=130, test=295
17:21:56  src.cpcv.tuning  INFO  Tuning (2 models) — Optuna TPE + Purged K-Fold (inner: 3 folds, embargo=10 obs)
17:21:56  src.cpcv.tuning  INFO    [tuning] random_forest: 3 purged K-fold splits, 30 Optuna trials (TPE)
17:22:33  src.cpcv.tuning  INFO      random_forest: 29 completed, 1 pruned (of 30 total) — best log_loss=0.6801, params={'n_estimators': 100, 'max_depth': 6, 'min_samples_leaf': 40, 'max_features': 'sqrt'}
17:22:33  src.cpcv.tuning  INFO    [tuning] random_forest done in 37.2s — best log_loss=0.6801
17:22:33  src.cpcv.tuning  INFO    [tuning] xgboost: 3 purged K-fold splits, 30 Optuna trials (TPE)
17:22:38  src.cpcv.tuning  INFO      xgboost: 28 completed, 2 pruned (of 30 total) — best log_loss=0.6745, params={'max_depth': 2, 'learning_rate': 0.20361795647570977, 'min_child_weight': 14, 'subsample': 0.8638734683561723, 'colsample_bytree': 0.7518686031629376, 'gamma': 0.00010272026316701186, 'reg_alpha': 7.751718513339228e-05, 'reg_lambda': 0.0206783327226866}
17:22:38  src.cpcv.tuning  INFO    [tuning] xgboost done in 4.5s — best log_loss=0.6745
17:22:38  src.cpcv.tuning  INFO  Tuning total: 41.7s
17:22:38  src.cpcv.pipeline  INFO      applied random_forest: {'n_estimators': 100, 'max_depth': 6, 'min_samples_leaf': 40, 'max_features': 'sqrt'}
17:22:38  src.cpcv.pipeline  INFO      applied xgboost: {'max_depth': 2, 'learning_rate': 0.20361795647570977, 'min_child_weight': 14, 'subsample': 0.8638734683561723, 'colsample_bytree': 0.7518686031629376, 'gamma': 0.00010272026316701186, 'reg_alpha': 7.751718513339228e-05, 'reg_lambda': 0.0206783327226866}
17:22:38  src.cpcv.models.tree_models  INFO  RandomForest fitted: 520 samples, 11 features, 100 trees.
17:22:38  src.cpcv.pipeline  INFO    [103/168]        random_forest (seed=0) F1=0.336  AUC=0.463  LL=0.6964 (0.4s)
17:22:38  src.cpcv.models.tree_models  INFO  RandomForest fitted: 520 samples, 11 features, 100 trees.
17:22:38  src.cpcv.pipeline  INFO    [104/168]        random_forest (seed=1) F1=0.336  AUC=0.528  LL=0.6945 (0.3s)
17:22:39  src.cpcv.models.tree_models  INFO  RandomForest fitted: 520 samples, 11 features, 100 trees.
17:22:39  src.cpcv.pipeline  INFO    [105/168]        random_forest (seed=2) F1=0.336  AUC=0.519  LL=0.6942 (0.3s)
17:22:39  src.cpcv.models.tree_models  INFO  XGBoost fitted: 520 samples, early stopped at iteration 0/300.
17:22:39  src.cpcv.pipeline  INFO    [106/168]              xgboost (seed=0) F1=0.336  AUC=0.526  LL=0.6944 (0.0s)
17:22:39  src.cpcv.models.tree_models  INFO  XGBoost fitted: 520 samples, early stopped at iteration 0/300.
17:22:39  src.cpcv.pipeline  INFO    [107/168]              xgboost (seed=1) F1=0.336  AUC=0.502  LL=0.6943 (0.0s)
17:22:39  src.cpcv.models.tree_models  INFO  XGBoost fitted: 520 samples, early stopped at iteration 0/300.
17:22:39  src.cpcv.pipeline  INFO    [108/168]              xgboost (seed=2) F1=0.338  AUC=0.444  LL=0.7013 (0.1s)
17:22:39  src.cpcv.preprocessing  INFO  Computing MDA (Random Forest)...
17:23:02  src.cpcv.preprocessing  INFO  Computing MDA (Logistic Regression)...
17:23:03  src.cpcv.preprocessing  INFO  Multi-model MDA: 26/62 passed (MDA > 0), 36 eliminated
17:23:03  src.cpcv.preprocessing  INFO    Capped at 18 features (top_k_frac=0.3)
17:23:03  src.cpcv.preprocessing  INFO    Selected (18): ['atr', 'eth_btc_ratio', 'hurst', 'log_returns', 'log_returns_lag1', 'log_returns_lag14', 'lz_complexity', 'mvrv', 'natgas_ret_30', 'negentropy', 'net_exchange_flow', 'realized_vol', 'sadf', 'silver_ret_30', 'stoch_d', 'tx_count_roc_14', 'yield_curve_10y30y', 'yz_vol']
17:23:03  src.cpcv.pipeline  INFO    Preprocessing: 18 features selected, train=528 + cal=133, test=288
17:23:03  src.cpcv.tuning  INFO  Tuning (2 models) — Optuna TPE + Purged K-Fold (inner: 3 folds, embargo=10 obs)
17:23:03  src.cpcv.tuning  INFO    [tuning] random_forest: 3 purged K-fold splits, 30 Optuna trials (TPE)
17:23:52  src.cpcv.tuning  INFO      random_forest: 28 completed, 2 pruned (of 30 total) — best log_loss=0.6866, params={'n_estimators': 200, 'max_depth': 2, 'min_samples_leaf': 24, 'max_features': 'log2'}
17:23:52  src.cpcv.tuning  INFO    [tuning] random_forest done in 49.2s — best log_loss=0.6866
17:23:52  src.cpcv.tuning  INFO    [tuning] xgboost: 3 purged K-fold splits, 30 Optuna trials (TPE)
17:23:56  src.cpcv.tuning  INFO      xgboost: 19 completed, 11 pruned (of 30 total) — best log_loss=0.6831, params={'max_depth': 1, 'learning_rate': 0.12018809363553704, 'min_child_weight': 13, 'subsample': 0.8278642202577842, 'colsample_bytree': 0.7431112214919919, 'gamma': 0.022077932249350746, 'reg_alpha': 0.011124668106539174, 'reg_lambda': 0.07489522365850812}
17:23:56  src.cpcv.tuning  INFO    [tuning] xgboost done in 4.2s — best log_loss=0.6831
17:23:56  src.cpcv.tuning  INFO  Tuning total: 53.4s
17:23:56  src.cpcv.pipeline  INFO      applied random_forest: {'n_estimators': 200, 'max_depth': 2, 'min_samples_leaf': 24, 'max_features': 'log2'}
17:23:56  src.cpcv.pipeline  INFO      applied xgboost: {'max_depth': 1, 'learning_rate': 0.12018809363553704, 'min_child_weight': 13, 'subsample': 0.8278642202577842, 'colsample_bytree': 0.7431112214919919, 'gamma': 0.022077932249350746, 'reg_alpha': 0.011124668106539174, 'reg_lambda': 0.07489522365850812}
17:23:57  src.cpcv.models.tree_models  INFO  RandomForest fitted: 528 samples, 18 features, 200 trees.
17:23:57  src.cpcv.pipeline  INFO    [109/168]        random_forest (seed=0) F1=0.418  AUC=0.505  LL=0.6817 (0.6s)
17:23:57  src.cpcv.models.tree_models  INFO  RandomForest fitted: 528 samples, 18 features, 200 trees.
17:23:58  src.cpcv.pipeline  INFO    [110/168]        random_forest (seed=1) F1=0.417  AUC=0.505  LL=0.6796 (0.6s)
17:23:58  src.cpcv.models.tree_models  INFO  RandomForest fitted: 528 samples, 18 features, 200 trees.
17:23:58  src.cpcv.pipeline  INFO    [111/168]        random_forest (seed=2) F1=0.420  AUC=0.527  LL=0.6788 (0.6s)
17:23:58  src.cpcv.models.tree_models  INFO  XGBoost fitted: 528 samples, early stopped at iteration 8/300.
17:23:58  src.cpcv.pipeline  INFO    [112/168]              xgboost (seed=0) F1=0.422  AUC=0.494  LL=0.6864 (0.1s)
17:23:58  src.cpcv.models.tree_models  INFO  XGBoost fitted: 528 samples, early stopped at iteration 0/300.
17:23:58  src.cpcv.pipeline  INFO    [113/168]              xgboost (seed=1) F1=0.368  AUC=0.519  LL=0.6827 (0.0s)
17:23:58  src.cpcv.models.tree_models  INFO  XGBoost fitted: 528 samples, early stopped at iteration 36/300.
17:23:58  src.cpcv.pipeline  INFO    [114/168]              xgboost (seed=2) F1=0.412  AUC=0.481  LL=0.6879 (0.1s)
17:23:59  src.cpcv.preprocessing  INFO  Computing MDA (Random Forest)...
17:24:19  src.cpcv.preprocessing  INFO  Computing MDA (Logistic Regression)...
17:24:20  src.cpcv.preprocessing  INFO  Multi-model MDA: 26/62 passed (MDA > 0), 36 eliminated
17:24:20  src.cpcv.preprocessing  INFO    Capped at 18 features (top_k_frac=0.3)
17:24:20  src.cpcv.preprocessing  INFO    Selected (18): ['copper_ret_30', 'ema_ratio_20_50', 'eth_btc_ratio', 'gold_ret_30', 'issuance_ntv', 'jarque_bera', 'log_returns_lag14', 'macd', 'natgas_ret_30', 'negentropy', 'oil_ret_30', 'roc_14', 'skewness', 'smt_poly1', 'us2y', 'variance_ratio', 'vix', 'vol_term_30_90']
17:24:20  src.cpcv.pipeline  INFO    Preprocessing: 18 features selected, train=518 + cal=130, test=288
17:24:20  src.cpcv.tuning  INFO  Tuning (2 models) — Optuna TPE + Purged K-Fold (inner: 3 folds, embargo=10 obs)
17:24:20  src.cpcv.tuning  INFO    [tuning] random_forest: 3 purged K-fold splits, 30 Optuna trials (TPE)
17:25:06  src.cpcv.tuning  INFO      random_forest: 19 completed, 11 pruned (of 30 total) — best log_loss=0.6839, params={'n_estimators': 250, 'max_depth': 2, 'min_samples_leaf': 15, 'max_features': 'sqrt'}
17:25:06  src.cpcv.tuning  INFO    [tuning] random_forest done in 46.3s — best log_loss=0.6839
17:25:06  src.cpcv.tuning  INFO    [tuning] xgboost: 3 purged K-fold splits, 30 Optuna trials (TPE)
17:25:10  src.cpcv.tuning  INFO      xgboost: 17 completed, 13 pruned (of 30 total) — best log_loss=0.6778, params={'max_depth': 1, 'learning_rate': 0.05388108577817234, 'min_child_weight': 5, 'subsample': 0.9637281608315128, 'colsample_bytree': 0.7035119926400067, 'gamma': 0.0019960815242513743, 'reg_alpha': 6.388511557344611e-06, 'reg_lambda': 0.0004793052550782129}
17:25:10  src.cpcv.tuning  INFO    [tuning] xgboost done in 4.4s — best log_loss=0.6778
17:25:10  src.cpcv.tuning  INFO  Tuning total: 50.7s
17:25:10  src.cpcv.pipeline  INFO      applied random_forest: {'n_estimators': 250, 'max_depth': 2, 'min_samples_leaf': 15, 'max_features': 'sqrt'}
17:25:10  src.cpcv.pipeline  INFO      applied xgboost: {'max_depth': 1, 'learning_rate': 0.05388108577817234, 'min_child_weight': 5, 'subsample': 0.9637281608315128, 'colsample_bytree': 0.7035119926400067, 'gamma': 0.0019960815242513743, 'reg_alpha': 6.388511557344611e-06, 'reg_lambda': 0.0004793052550782129}
17:25:11  src.cpcv.models.tree_models  INFO  RandomForest fitted: 518 samples, 18 features, 250 trees.
17:25:11  src.cpcv.pipeline  INFO    [115/168]        random_forest (seed=0) F1=0.500  AUC=0.497  LL=0.7046 (0.8s)
17:25:12  src.cpcv.models.tree_models  INFO  RandomForest fitted: 518 samples, 18 features, 250 trees.
17:25:12  src.cpcv.pipeline  INFO    [116/168]        random_forest (seed=1) F1=0.498  AUC=0.512  LL=0.7001 (0.8s)
17:25:12  src.cpcv.models.tree_models  INFO  RandomForest fitted: 518 samples, 18 features, 250 trees.
17:25:13  src.cpcv.pipeline  INFO    [117/168]        random_forest (seed=2) F1=0.471  AUC=0.518  LL=0.6984 (0.8s)
17:25:13  src.cpcv.models.tree_models  INFO  XGBoost fitted: 518 samples, early stopped at iteration 40/300.
17:25:13  src.cpcv.pipeline  INFO    [118/168]              xgboost (seed=0) F1=0.487  AUC=0.531  LL=0.6927 (0.1s)
17:25:13  src.cpcv.models.tree_models  INFO  XGBoost fitted: 518 samples, early stopped at iteration 29/300.
17:25:13  src.cpcv.pipeline  INFO    [119/168]              xgboost (seed=1) F1=0.500  AUC=0.545  LL=0.6904 (0.1s)
17:25:13  src.cpcv.models.tree_models  INFO  XGBoost fitted: 518 samples, early stopped at iteration 16/300.
17:25:13  src.cpcv.pipeline  INFO    [120/168]              xgboost (seed=2) F1=0.502  AUC=0.557  LL=0.6931 (0.1s)
17:25:13  src.cpcv.preprocessing  INFO  Computing MDA (Random Forest)...
17:25:36  src.cpcv.preprocessing  INFO  Computing MDA (Logistic Regression)...
17:25:37  src.cpcv.preprocessing  INFO  Multi-model MDA: 42/62 passed (MDA > 0), 20 eliminated
17:25:37  src.cpcv.preprocessing  INFO    Capped at 18 features (top_k_frac=0.3)
17:25:37  src.cpcv.preprocessing  INFO    Selected (18): ['chaikin_osc', 'copper_ret_30', 'eth_btc_ratio', 'fee_per_tx', 'hashrate_roc_30', 'jarque_bera', 'log_returns_lag14', 'log_returns_lag3', 'macd_hist', 'mfi_14', 'net_exchange_flow', 'oil_ret_30', 'roc_14', 'silver_ret_30', 'skewness', 'variance_ratio', 'vix', 'vol_term_7_30']
17:25:37  src.cpcv.pipeline  INFO    Preprocessing: 18 features selected, train=519 + cal=130, test=288
17:25:37  src.cpcv.tuning  INFO  Tuning (2 models) — Optuna TPE + Purged K-Fold (inner: 3 folds, embargo=10 obs)
17:25:37  src.cpcv.tuning  INFO    [tuning] random_forest: 3 purged K-fold splits, 30 Optuna trials (TPE)
17:26:17  src.cpcv.tuning  INFO      random_forest: 17 completed, 13 pruned (of 30 total) — best log_loss=0.6847, params={'n_estimators': 150, 'max_depth': 2, 'min_samples_leaf': 24, 'max_features': 'log2'}
17:26:17  src.cpcv.tuning  INFO    [tuning] random_forest done in 40.7s — best log_loss=0.6847
17:26:17  src.cpcv.tuning  INFO    [tuning] xgboost: 3 purged K-fold splits, 30 Optuna trials (TPE)
17:26:21  src.cpcv.tuning  INFO      xgboost: 13 completed, 17 pruned (of 30 total) — best log_loss=0.6765, params={'max_depth': 2, 'learning_rate': 0.07482227022847902, 'min_child_weight': 8, 'subsample': 0.765836702637975, 'colsample_bytree': 0.6627364708298777, 'gamma': 0.12449252100360068, 'reg_alpha': 2.467723761283515e-06, 'reg_lambda': 1.4984260363555303e-08}
17:26:21  src.cpcv.tuning  INFO    [tuning] xgboost done in 4.0s — best log_loss=0.6765
17:26:21  src.cpcv.tuning  INFO  Tuning total: 44.7s
17:26:21  src.cpcv.pipeline  INFO      applied random_forest: {'n_estimators': 150, 'max_depth': 2, 'min_samples_leaf': 24, 'max_features': 'log2'}
17:26:21  src.cpcv.pipeline  INFO      applied xgboost: {'max_depth': 2, 'learning_rate': 0.07482227022847902, 'min_child_weight': 8, 'subsample': 0.765836702637975, 'colsample_bytree': 0.6627364708298777, 'gamma': 0.12449252100360068, 'reg_alpha': 2.467723761283515e-06, 'reg_lambda': 1.4984260363555303e-08}
17:26:22  src.cpcv.models.tree_models  INFO  RandomForest fitted: 519 samples, 18 features, 150 trees.
17:26:22  src.cpcv.pipeline  INFO    [121/168]        random_forest (seed=0) F1=0.459  AUC=0.451  LL=0.7693 (0.6s)
17:26:23  src.cpcv.models.tree_models  INFO  RandomForest fitted: 519 samples, 18 features, 150 trees.
17:26:23  src.cpcv.pipeline  INFO    [122/168]        random_forest (seed=1) F1=0.419  AUC=0.436  LL=0.7607 (0.6s)
17:26:23  src.cpcv.models.tree_models  INFO  RandomForest fitted: 519 samples, 18 features, 150 trees.
17:26:23  src.cpcv.pipeline  INFO    [123/168]        random_forest (seed=2) F1=0.428  AUC=0.409  LL=0.7441 (0.6s)
17:26:23  src.cpcv.models.tree_models  INFO  XGBoost fitted: 519 samples, early stopped at iteration 5/300.
17:26:23  src.cpcv.pipeline  INFO    [124/168]              xgboost (seed=0) F1=0.448  AUC=0.471  LL=0.7051 (0.1s)
17:26:23  src.cpcv.models.tree_models  INFO  XGBoost fitted: 519 samples, early stopped at iteration 31/300.
17:26:23  src.cpcv.pipeline  INFO    [125/168]              xgboost (seed=1) F1=0.449  AUC=0.457  LL=0.7107 (0.1s)
17:26:23  src.cpcv.models.tree_models  INFO  XGBoost fitted: 519 samples, early stopped at iteration 35/300.
17:26:23  src.cpcv.pipeline  INFO    [126/168]              xgboost (seed=2) F1=0.440  AUC=0.428  LL=0.7255 (0.1s)
17:26:24  src.cpcv.preprocessing  INFO  Computing MDA (Random Forest)...
17:26:47  src.cpcv.preprocessing  INFO  Computing MDA (Logistic Regression)...
17:26:48  src.cpcv.preprocessing  INFO  Multi-model MDA: 37/62 passed (MDA > 0), 25 eliminated
17:26:48  src.cpcv.preprocessing  INFO    Capped at 18 features (top_k_frac=0.3)
17:26:48  src.cpcv.preprocessing  INFO    Selected (18): ['bb_width', 'cci_14', 'chaikin_osc', 'dxy_roc_30', 'ema_ratio_20_50', 'eth_btc_ratio', 'gk_vol', 'hurst', 'kurtosis', 'log_returns_lag1', 'roc_14', 'shannon_entropy', 'silver_ret_30', 'smt_poly1', 'sp500_ret_30', 'tx_count_roc_14', 'us10y', 'yz_vol']
17:26:48  src.cpcv.pipeline  INFO    Preprocessing: 18 features selected, train=520 + cal=131, test=295
17:26:48  src.cpcv.tuning  INFO  Tuning (2 models) — Optuna TPE + Purged K-Fold (inner: 3 folds, embargo=10 obs)
17:26:48  src.cpcv.tuning  INFO    [tuning] random_forest: 3 purged K-fold splits, 30 Optuna trials (TPE)
17:27:34  src.cpcv.tuning  INFO      random_forest: 20 completed, 10 pruned (of 30 total) — best log_loss=0.6778, params={'n_estimators': 250, 'max_depth': 3, 'min_samples_leaf': 26, 'max_features': 'sqrt'}
17:27:34  src.cpcv.tuning  INFO    [tuning] random_forest done in 46.2s — best log_loss=0.6778
17:27:34  src.cpcv.tuning  INFO    [tuning] xgboost: 3 purged K-fold splits, 30 Optuna trials (TPE)
17:27:41  src.cpcv.tuning  INFO      xgboost: 23 completed, 7 pruned (of 30 total) — best log_loss=0.6689, params={'max_depth': 3, 'learning_rate': 0.0826001038215807, 'min_child_weight': 10, 'subsample': 0.8240580460400708, 'colsample_bytree': 0.959850557239863, 'gamma': 0.012604526291546693, 'reg_alpha': 6.838466673516385, 'reg_lambda': 7.87701300552545e-05}
17:27:41  src.cpcv.tuning  INFO    [tuning] xgboost done in 6.3s — best log_loss=0.6689
17:27:41  src.cpcv.tuning  INFO  Tuning total: 52.5s
17:27:41  src.cpcv.pipeline  INFO      applied random_forest: {'n_estimators': 250, 'max_depth': 3, 'min_samples_leaf': 26, 'max_features': 'sqrt'}
17:27:41  src.cpcv.pipeline  INFO      applied xgboost: {'max_depth': 3, 'learning_rate': 0.0826001038215807, 'min_child_weight': 10, 'subsample': 0.8240580460400708, 'colsample_bytree': 0.959850557239863, 'gamma': 0.012604526291546693, 'reg_alpha': 6.838466673516385, 'reg_lambda': 7.87701300552545e-05}
17:27:41  src.cpcv.models.tree_models  INFO  RandomForest fitted: 520 samples, 18 features, 250 trees.
17:27:42  src.cpcv.pipeline  INFO    [127/168]        random_forest (seed=0) F1=0.360  AUC=0.479  LL=0.6871 (0.8s)
17:27:42  src.cpcv.models.tree_models  INFO  RandomForest fitted: 520 samples, 18 features, 250 trees.
17:27:42  src.cpcv.pipeline  INFO    [128/168]        random_forest (seed=1) F1=0.471  AUC=0.473  LL=0.6972 (0.8s)
17:27:43  src.cpcv.models.tree_models  INFO  RandomForest fitted: 520 samples, 18 features, 250 trees.
17:27:43  src.cpcv.pipeline  INFO    [129/168]        random_forest (seed=2) F1=0.360  AUC=0.469  LL=0.6892 (0.8s)
17:27:43  src.cpcv.models.tree_models  INFO  XGBoost fitted: 520 samples, early stopped at iteration 7/300.
17:27:43  src.cpcv.pipeline  INFO    [130/168]              xgboost (seed=0) F1=0.480  AUC=0.505  LL=0.7799 (0.1s)
17:27:43  src.cpcv.models.tree_models  INFO  XGBoost fitted: 520 samples, early stopped at iteration 3/300.
17:27:43  src.cpcv.pipeline  INFO    [131/168]              xgboost (seed=1) F1=0.485  AUC=0.491  LL=0.7263 (0.1s)
17:27:43  src.cpcv.models.tree_models  INFO  XGBoost fitted: 520 samples, early stopped at iteration 1/300.
17:27:43  src.cpcv.pipeline  INFO    [132/168]              xgboost (seed=2) F1=0.360  AUC=0.494  LL=0.6869 (0.1s)
17:27:44  src.cpcv.preprocessing  INFO  Computing MDA (Random Forest)...
17:28:06  src.cpcv.preprocessing  INFO  Computing MDA (Logistic Regression)...
17:28:07  src.cpcv.preprocessing  INFO  Multi-model MDA: 23/62 passed (MDA > 0), 39 eliminated
17:28:07  src.cpcv.preprocessing  INFO    Capped at 18 features (top_k_frac=0.3)
17:28:07  src.cpcv.preprocessing  INFO    Selected (18): ['active_addr_roc_14', 'atr', 'cci_14', 'chaikin_osc', 'ema_ratio_20_50', 'ema_ratio_50_200', 'exchange_supply_pct', 'kurtosis', 'log_returns_lag7', 'lz_complexity', 'macd_hist', 'mfi_14', 'nasdaq_ret_30', 'natgas_ret_30', 'negentropy', 'rsi', 'stoch_k', 'tx_count_roc_14']
17:28:07  src.cpcv.pipeline  INFO    Preprocessing: 18 features selected, train=528 + cal=133, test=288
17:28:07  src.cpcv.tuning  INFO  Tuning (2 models) — Optuna TPE + Purged K-Fold (inner: 3 folds, embargo=10 obs)
17:28:07  src.cpcv.tuning  INFO    [tuning] random_forest: 3 purged K-fold splits, 30 Optuna trials (TPE)
17:28:57  src.cpcv.tuning  INFO      random_forest: 28 completed, 2 pruned (of 30 total) — best log_loss=0.6944, params={'n_estimators': 250, 'max_depth': 2, 'min_samples_leaf': 39, 'max_features': 'log2'}
17:28:57  src.cpcv.tuning  INFO    [tuning] random_forest done in 50.5s — best log_loss=0.6944
17:28:57  src.cpcv.tuning  INFO    [tuning] xgboost: 3 purged K-fold splits, 30 Optuna trials (TPE)
17:29:01  src.cpcv.tuning  INFO      xgboost: 19 completed, 11 pruned (of 30 total) — best log_loss=0.6866, params={'max_depth': 2, 'learning_rate': 0.08830587574621236, 'min_child_weight': 13, 'subsample': 0.7970534167982971, 'colsample_bytree': 0.843703982484205, 'gamma': 2.6304218741106853e-07, 'reg_alpha': 5.438137437908464e-07, 'reg_lambda': 0.0009460121273256677}
17:29:01  src.cpcv.tuning  INFO    [tuning] xgboost done in 4.0s — best log_loss=0.6866
17:29:01  src.cpcv.tuning  INFO  Tuning total: 54.5s
17:29:01  src.cpcv.pipeline  INFO      applied random_forest: {'n_estimators': 250, 'max_depth': 2, 'min_samples_leaf': 39, 'max_features': 'log2'}
17:29:01  src.cpcv.pipeline  INFO      applied xgboost: {'max_depth': 2, 'learning_rate': 0.08830587574621236, 'min_child_weight': 13, 'subsample': 0.7970534167982971, 'colsample_bytree': 0.843703982484205, 'gamma': 2.6304218741106853e-07, 'reg_alpha': 5.438137437908464e-07, 'reg_lambda': 0.0009460121273256677}
17:29:02  src.cpcv.models.tree_models  INFO  RandomForest fitted: 528 samples, 18 features, 250 trees.
17:29:02  src.cpcv.pipeline  INFO    [133/168]        random_forest (seed=0) F1=0.356  AUC=0.520  LL=0.6879 (0.8s)
17:29:03  src.cpcv.models.tree_models  INFO  RandomForest fitted: 528 samples, 18 features, 250 trees.
17:29:03  src.cpcv.pipeline  INFO    [134/168]        random_forest (seed=1) F1=0.453  AUC=0.525  LL=0.6886 (0.8s)
17:29:04  src.cpcv.models.tree_models  INFO  RandomForest fitted: 528 samples, 18 features, 250 trees.
17:29:04  src.cpcv.pipeline  INFO    [135/168]        random_forest (seed=2) F1=0.356  AUC=0.534  LL=0.6875 (0.8s)
17:29:04  src.cpcv.models.tree_models  INFO  XGBoost fitted: 528 samples, early stopped at iteration 0/300.
17:29:04  src.cpcv.pipeline  INFO    [136/168]              xgboost (seed=0) F1=0.510  AUC=0.549  LL=0.6962 (0.1s)
17:29:04  src.cpcv.models.tree_models  INFO  XGBoost fitted: 528 samples, early stopped at iteration 12/300.
17:29:04  src.cpcv.pipeline  INFO    [137/168]              xgboost (seed=1) F1=0.508  AUC=0.511  LL=0.6906 (0.1s)
17:29:04  src.cpcv.models.tree_models  INFO  XGBoost fitted: 528 samples, early stopped at iteration 6/300.
17:29:04  src.cpcv.pipeline  INFO    [138/168]              xgboost (seed=2) F1=0.572  AUC=0.572  LL=0.6838 (0.1s)
17:29:04  src.cpcv.preprocessing  INFO  Computing MDA (Random Forest)...
17:29:26  src.cpcv.preprocessing  INFO  Computing MDA (Logistic Regression)...
17:29:27  src.cpcv.preprocessing  INFO  Multi-model MDA: 36/62 passed (MDA > 0), 26 eliminated
17:29:27  src.cpcv.preprocessing  INFO    Capped at 18 features (top_k_frac=0.3)
17:29:27  src.cpcv.preprocessing  INFO    Selected (18): ['bb_width', 'chaikin_osc', 'gk_vol', 'kurtosis', 'log_returns_lag3', 'oil_ret_30', 'roc_14', 'rsi', 'sadf', 'silver_ret_30', 'skewness', 'smt_exp', 'vix', 'vwma_ratio_20_50', 'williams_r', 'yield_curve_10y30y', 'yield_curve_2y10y', 'yz_vol']
17:29:27  src.cpcv.pipeline  INFO    Preprocessing: 18 features selected, train=519 + cal=130, test=288
17:29:27  src.cpcv.tuning  INFO  Tuning (2 models) — Optuna TPE + Purged K-Fold (inner: 3 folds, embargo=10 obs)
17:29:27  src.cpcv.tuning  INFO    [tuning] random_forest: 3 purged K-fold splits, 30 Optuna trials (TPE)
17:30:03  src.cpcv.tuning  INFO      random_forest: 20 completed, 10 pruned (of 30 total) — best log_loss=0.6814, params={'n_estimators': 150, 'max_depth': 6, 'min_samples_leaf': 38, 'max_features': 'log2'}
17:30:03  src.cpcv.tuning  INFO    [tuning] random_forest done in 36.4s — best log_loss=0.6814
17:30:03  src.cpcv.tuning  INFO    [tuning] xgboost: 3 purged K-fold splits, 30 Optuna trials (TPE)
17:30:09  src.cpcv.tuning  INFO      xgboost: 14 completed, 16 pruned (of 30 total) — best log_loss=0.6682, params={'max_depth': 2, 'learning_rate': 0.14447746112718687, 'min_child_weight': 10, 'subsample': 0.8056937753654446, 'colsample_bytree': 0.836965827544817, 'gamma': 2.3528990899815284e-08, 'reg_alpha': 0.0029369981104377003, 'reg_lambda': 3.425445902633376e-07}
17:30:09  src.cpcv.tuning  INFO    [tuning] xgboost done in 5.3s — best log_loss=0.6682
17:30:09  src.cpcv.tuning  INFO  Tuning total: 41.8s
17:30:09  src.cpcv.pipeline  INFO      applied random_forest: {'n_estimators': 150, 'max_depth': 6, 'min_samples_leaf': 38, 'max_features': 'log2'}
17:30:09  src.cpcv.pipeline  INFO      applied xgboost: {'max_depth': 2, 'learning_rate': 0.14447746112718687, 'min_child_weight': 10, 'subsample': 0.8056937753654446, 'colsample_bytree': 0.836965827544817, 'gamma': 2.3528990899815284e-08, 'reg_alpha': 0.0029369981104377003, 'reg_lambda': 3.425445902633376e-07}
17:30:09  src.cpcv.models.tree_models  INFO  RandomForest fitted: 519 samples, 18 features, 150 trees.
17:30:09  src.cpcv.pipeline  INFO    [139/168]        random_forest (seed=0) F1=0.415  AUC=0.556  LL=0.6807 (0.5s)
17:30:10  src.cpcv.models.tree_models  INFO  RandomForest fitted: 519 samples, 18 features, 150 trees.
17:30:10  src.cpcv.pipeline  INFO    [140/168]        random_forest (seed=1) F1=0.507  AUC=0.566  LL=0.6774 (0.5s)
17:30:10  src.cpcv.models.tree_models  INFO  RandomForest fitted: 519 samples, 18 features, 150 trees.
17:30:10  src.cpcv.pipeline  INFO    [141/168]        random_forest (seed=2) F1=0.484  AUC=0.558  LL=0.6792 (0.6s)
17:30:10  src.cpcv.models.tree_models  INFO  XGBoost fitted: 519 samples, early stopped at iteration 8/300.
17:30:10  src.cpcv.pipeline  INFO    [142/168]              xgboost (seed=0) F1=0.562  AUC=0.563  LL=0.6857 (0.1s)
17:30:10  src.cpcv.models.tree_models  INFO  XGBoost fitted: 519 samples, early stopped at iteration 14/300.
17:30:10  src.cpcv.pipeline  INFO    [143/168]              xgboost (seed=1) F1=0.550  AUC=0.546  LL=0.7181 (0.1s)
17:30:10  src.cpcv.models.tree_models  INFO  XGBoost fitted: 519 samples, early stopped at iteration 1/300.
17:30:10  src.cpcv.pipeline  INFO    [144/168]              xgboost (seed=2) F1=0.521  AUC=0.549  LL=0.6821 (0.1s)
17:30:11  src.cpcv.preprocessing  INFO  Computing MDA (Random Forest)...
17:30:34  src.cpcv.preprocessing  INFO  Computing MDA (Logistic Regression)...
17:30:35  src.cpcv.preprocessing  INFO  Multi-model MDA: 10/62 passed (MDA > 0), 52 eliminated
17:30:35  src.cpcv.preprocessing  INFO    Selected (10): ['active_addr_roc_14', 'dxy_roc_30', 'ema_ratio_50_200', 'eth_btc_ratio', 'gk_vol', 'hurst', 'kurtosis', 'log_returns_lag3', 'macd', 'nasdaq_ret_30']
17:30:35  src.cpcv.pipeline  INFO    Preprocessing: 10 features selected, train=520 + cal=131, test=295
17:30:35  src.cpcv.tuning  INFO  Tuning (2 models) — Optuna TPE + Purged K-Fold (inner: 3 folds, embargo=10 obs)
17:30:35  src.cpcv.tuning  INFO    [tuning] random_forest: 3 purged K-fold splits, 30 Optuna trials (TPE)
17:31:21  src.cpcv.tuning  INFO      random_forest: 20 completed, 10 pruned (of 30 total) — best log_loss=0.6822, params={'n_estimators': 250, 'max_depth': 3, 'min_samples_leaf': 26, 'max_features': 'log2'}
17:31:21  src.cpcv.tuning  INFO    [tuning] random_forest done in 45.8s — best log_loss=0.6822
17:31:21  src.cpcv.tuning  INFO    [tuning] xgboost: 3 purged K-fold splits, 30 Optuna trials (TPE)
17:31:25  src.cpcv.tuning  INFO      xgboost: 14 completed, 16 pruned (of 30 total) — best log_loss=0.6755, params={'max_depth': 3, 'learning_rate': 0.2737960866489685, 'min_child_weight': 17, 'subsample': 0.8379116554674189, 'colsample_bytree': 0.8648986304067687, 'gamma': 6.980693522071749e-07, 'reg_alpha': 0.00013866254600778804, 'reg_lambda': 1.180307119034811e-06}
17:31:25  src.cpcv.tuning  INFO    [tuning] xgboost done in 4.4s — best log_loss=0.6755
17:31:25  src.cpcv.tuning  INFO  Tuning total: 50.2s
17:31:25  src.cpcv.pipeline  INFO      applied random_forest: {'n_estimators': 250, 'max_depth': 3, 'min_samples_leaf': 26, 'max_features': 'log2'}
17:31:25  src.cpcv.pipeline  INFO      applied xgboost: {'max_depth': 3, 'learning_rate': 0.2737960866489685, 'min_child_weight': 17, 'subsample': 0.8379116554674189, 'colsample_bytree': 0.8648986304067687, 'gamma': 6.980693522071749e-07, 'reg_alpha': 0.00013866254600778804, 'reg_lambda': 1.180307119034811e-06}
17:31:26  src.cpcv.models.tree_models  INFO  RandomForest fitted: 520 samples, 10 features, 250 trees.
17:31:26  src.cpcv.pipeline  INFO    [145/168]        random_forest (seed=0) F1=0.488  AUC=0.519  LL=0.6841 (0.9s)
17:31:26  src.cpcv.models.tree_models  INFO  RandomForest fitted: 520 samples, 10 features, 250 trees.
17:31:27  src.cpcv.pipeline  INFO    [146/168]        random_forest (seed=1) F1=0.501  AUC=0.523  LL=0.6841 (0.8s)
17:31:27  src.cpcv.models.tree_models  INFO  RandomForest fitted: 520 samples, 10 features, 250 trees.
17:31:27  src.cpcv.pipeline  INFO    [147/168]        random_forest (seed=2) F1=0.469  AUC=0.516  LL=0.6848 (0.8s)
17:31:27  src.cpcv.models.tree_models  INFO  XGBoost fitted: 520 samples, early stopped at iteration 8/300.
17:31:27  src.cpcv.pipeline  INFO    [148/168]              xgboost (seed=0) F1=0.521  AUC=0.505  LL=0.6992 (0.1s)
17:31:27  src.cpcv.models.tree_models  INFO  XGBoost fitted: 520 samples, early stopped at iteration 3/300.
17:31:27  src.cpcv.pipeline  INFO    [149/168]              xgboost (seed=1) F1=0.522  AUC=0.519  LL=0.7020 (0.1s)
17:31:28  src.cpcv.models.tree_models  INFO  XGBoost fitted: 520 samples, early stopped at iteration 2/300.
17:31:28  src.cpcv.pipeline  INFO    [150/168]              xgboost (seed=2) F1=0.461  AUC=0.513  LL=0.6872 (0.1s)
17:31:28  src.cpcv.preprocessing  INFO  Computing MDA (Random Forest)...
17:31:50  src.cpcv.preprocessing  INFO  Computing MDA (Logistic Regression)...
17:31:51  src.cpcv.preprocessing  INFO  Multi-model MDA: 47/62 passed (MDA > 0), 15 eliminated
17:31:51  src.cpcv.preprocessing  INFO    Capped at 18 features (top_k_frac=0.3)
17:31:51  src.cpcv.preprocessing  INFO    Selected (18): ['active_addr_roc_14', 'chaikin_osc', 'dxy_roc_30', 'eth_btc_ratio', 'exchange_supply_pct', 'kurtosis', 'log_returns', 'log_returns_lag14', 'log_returns_lag2', 'mfi_14', 'negentropy', 'roc_14', 'silver_ret_30', 'smt_exp', 'smt_poly1', 'tx_count_roc_14', 'vol_term_30_90', 'vwma_ratio_20_50']
17:31:51  src.cpcv.pipeline  INFO    Preprocessing: 18 features selected, train=527 + cal=132, test=288
17:31:51  src.cpcv.tuning  INFO  Tuning (2 models) — Optuna TPE + Purged K-Fold (inner: 3 folds, embargo=10 obs)
17:31:51  src.cpcv.tuning  INFO    [tuning] random_forest: 3 purged K-fold splits, 30 Optuna trials (TPE)
17:32:40  src.cpcv.tuning  INFO      random_forest: 26 completed, 4 pruned (of 30 total) — best log_loss=0.6903, params={'n_estimators': 250, 'max_depth': 2, 'min_samples_leaf': 40, 'max_features': 'log2'}
17:32:40  src.cpcv.tuning  INFO    [tuning] random_forest done in 48.9s — best log_loss=0.6903
17:32:40  src.cpcv.tuning  INFO    [tuning] xgboost: 3 purged K-fold splits, 30 Optuna trials (TPE)
17:32:44  src.cpcv.tuning  INFO      xgboost: 11 completed, 19 pruned (of 30 total) — best log_loss=0.6848, params={'max_depth': 1, 'learning_rate': 0.05958389350068958, 'min_child_weight': 16, 'subsample': 0.7164916560792167, 'colsample_bytree': 0.8447411578889518, 'gamma': 1.3060231803531604e-07, 'reg_alpha': 4.258943089524393e-06, 'reg_lambda': 1.9826980964985924e-05}
17:32:44  src.cpcv.tuning  INFO    [tuning] xgboost done in 3.9s — best log_loss=0.6848
17:32:44  src.cpcv.tuning  INFO  Tuning total: 52.7s
17:32:44  src.cpcv.pipeline  INFO      applied random_forest: {'n_estimators': 250, 'max_depth': 2, 'min_samples_leaf': 40, 'max_features': 'log2'}
17:32:44  src.cpcv.pipeline  INFO      applied xgboost: {'max_depth': 1, 'learning_rate': 0.05958389350068958, 'min_child_weight': 16, 'subsample': 0.7164916560792167, 'colsample_bytree': 0.8447411578889518, 'gamma': 1.3060231803531604e-07, 'reg_alpha': 4.258943089524393e-06, 'reg_lambda': 1.9826980964985924e-05}
17:32:45  src.cpcv.models.tree_models  INFO  RandomForest fitted: 527 samples, 18 features, 250 trees.
17:32:45  src.cpcv.pipeline  INFO    [151/168]        random_forest (seed=0) F1=0.557  AUC=0.565  LL=0.6872 (0.9s)
17:32:45  src.cpcv.models.tree_models  INFO  RandomForest fitted: 527 samples, 18 features, 250 trees.
17:32:45  src.cpcv.pipeline  INFO    [152/168]        random_forest (seed=1) F1=0.573  AUC=0.577  LL=0.6836 (0.8s)
17:32:46  src.cpcv.models.tree_models  INFO  RandomForest fitted: 527 samples, 18 features, 250 trees.
17:32:46  src.cpcv.pipeline  INFO    [153/168]        random_forest (seed=2) F1=0.550  AUC=0.568  LL=0.6833 (0.8s)
17:32:46  src.cpcv.models.tree_models  INFO  XGBoost fitted: 527 samples, early stopped at iteration 7/300.
17:32:46  src.cpcv.pipeline  INFO    [154/168]              xgboost (seed=0) F1=0.594  AUC=0.582  LL=0.6833 (0.1s)
17:32:46  src.cpcv.models.tree_models  INFO  XGBoost fitted: 527 samples, early stopped at iteration 15/300.
17:32:46  src.cpcv.pipeline  INFO    [155/168]              xgboost (seed=1) F1=0.558  AUC=0.588  LL=0.6832 (0.1s)
17:32:46  src.cpcv.models.tree_models  INFO  XGBoost fitted: 527 samples, early stopped at iteration 31/300.
17:32:46  src.cpcv.pipeline  INFO    [156/168]              xgboost (seed=2) F1=0.546  AUC=0.570  LL=0.6860 (0.1s)
17:32:47  src.cpcv.preprocessing  INFO  Computing MDA (Random Forest)...
17:33:09  src.cpcv.preprocessing  INFO  Computing MDA (Logistic Regression)...
17:33:10  src.cpcv.preprocessing  INFO  Multi-model MDA: 24/62 passed (MDA > 0), 38 eliminated
17:33:10  src.cpcv.preprocessing  INFO    Capped at 18 features (top_k_frac=0.3)
17:33:10  src.cpcv.preprocessing  INFO    Selected (18): ['bb_width', 'eth_btc_ratio', 'exchange_supply_pct', 'gk_vol', 'gold_ret_30', 'hashrate_roc_30', 'log_returns_lag1', 'macd_hist', 'mfi_14', 'natgas_ret_30', 'realized_vol', 'skewness', 'us10y', 'us2y', 'vix', 'yield_curve_10y30y', 'yield_curve_2y10y', 'yz_vol']
17:33:10  src.cpcv.pipeline  INFO    Preprocessing: 18 features selected, train=519 + cal=130, test=295
17:33:10  src.cpcv.tuning  INFO  Tuning (2 models) — Optuna TPE + Purged K-Fold (inner: 3 folds, embargo=10 obs)
17:33:10  src.cpcv.tuning  INFO    [tuning] random_forest: 3 purged K-fold splits, 30 Optuna trials (TPE)
17:33:49  src.cpcv.tuning  INFO      random_forest: 13 completed, 17 pruned (of 30 total) — best log_loss=0.6901, params={'n_estimators': 200, 'max_depth': 2, 'min_samples_leaf': 23, 'max_features': 'log2'}
17:33:49  src.cpcv.tuning  INFO    [tuning] random_forest done in 39.2s — best log_loss=0.6901
17:33:49  src.cpcv.tuning  INFO    [tuning] xgboost: 3 purged K-fold splits, 30 Optuna trials (TPE)
17:33:54  src.cpcv.tuning  INFO      xgboost: 11 completed, 19 pruned (of 30 total) — best log_loss=0.6780, params={'max_depth': 2, 'learning_rate': 0.11114989443094977, 'min_child_weight': 5, 'subsample': 0.9879639408647978, 'colsample_bytree': 0.9329770563201687, 'gamma': 4.997040685255803e-07, 'reg_alpha': 4.329370014459266e-07, 'reg_lambda': 4.4734294104626844e-07}
17:33:54  src.cpcv.tuning  INFO    [tuning] xgboost done in 4.7s — best log_loss=0.6780
17:33:54  src.cpcv.tuning  INFO  Tuning total: 43.9s
17:33:54  src.cpcv.pipeline  INFO      applied random_forest: {'n_estimators': 200, 'max_depth': 2, 'min_samples_leaf': 23, 'max_features': 'log2'}
17:33:54  src.cpcv.pipeline  INFO      applied xgboost: {'max_depth': 2, 'learning_rate': 0.11114989443094977, 'min_child_weight': 5, 'subsample': 0.9879639408647978, 'colsample_bytree': 0.9329770563201687, 'gamma': 4.997040685255803e-07, 'reg_alpha': 4.329370014459266e-07, 'reg_lambda': 4.4734294104626844e-07}
17:33:54  src.cpcv.models.tree_models  INFO  RandomForest fitted: 519 samples, 18 features, 200 trees.
17:33:54  src.cpcv.pipeline  INFO    [157/168]        random_forest (seed=0) F1=0.490  AUC=0.592  LL=0.6861 (0.7s)
17:33:55  src.cpcv.models.tree_models  INFO  RandomForest fitted: 519 samples, 18 features, 200 trees.
17:33:55  src.cpcv.pipeline  INFO    [158/168]        random_forest (seed=1) F1=0.516  AUC=0.625  LL=0.6734 (0.8s)
17:33:56  src.cpcv.models.tree_models  INFO  RandomForest fitted: 519 samples, 18 features, 200 trees.
17:33:56  src.cpcv.pipeline  INFO    [159/168]        random_forest (seed=2) F1=0.482  AUC=0.600  LL=0.6853 (0.7s)
17:33:56  src.cpcv.models.tree_models  INFO  XGBoost fitted: 519 samples, early stopped at iteration 5/300.
17:33:56  src.cpcv.pipeline  INFO    [160/168]              xgboost (seed=0) F1=0.506  AUC=0.548  LL=0.7148 (0.1s)
17:33:56  src.cpcv.models.tree_models  INFO  XGBoost fitted: 519 samples, early stopped at iteration 6/300.
17:33:56  src.cpcv.pipeline  INFO    [161/168]              xgboost (seed=1) F1=0.535  AUC=0.562  LL=0.6834 (0.1s)
17:33:56  src.cpcv.models.tree_models  INFO  XGBoost fitted: 519 samples, early stopped at iteration 4/300.
17:33:56  src.cpcv.pipeline  INFO    [162/168]              xgboost (seed=2) F1=0.551  AUC=0.535  LL=0.7007 (0.0s)
17:33:56  src.cpcv.preprocessing  INFO  Computing MDA (Random Forest)...
17:34:18  src.cpcv.preprocessing  INFO  Computing MDA (Logistic Regression)...
17:34:19  src.cpcv.preprocessing  INFO  Multi-model MDA: 19/62 passed (MDA > 0), 43 eliminated
17:34:19  src.cpcv.preprocessing  INFO    Capped at 18 features (top_k_frac=0.3)
17:34:19  src.cpcv.preprocessing  INFO    Selected (18): ['atr', 'chaikin_osc', 'eth_btc_ratio', 'exchange_supply_pct', 'gk_vol', 'kurtosis', 'log_returns', 'nasdaq_ret_30', 'net_exchange_flow', 'realized_vol', 'roc_14', 'shannon_entropy', 'silver_ret_30', 'smt_exp', 'smt_poly1', 'sp500_ret_30', 'us10y', 'vix']
17:34:19  src.cpcv.pipeline  INFO    Preprocessing: 18 features selected, train=531 + cal=133, test=295
17:34:19  src.cpcv.tuning  INFO  Tuning (2 models) — Optuna TPE + Purged K-Fold (inner: 3 folds, embargo=10 obs)
17:34:19  src.cpcv.tuning  INFO    [tuning] random_forest: 3 purged K-fold splits, 30 Optuna trials (TPE)
17:35:03  src.cpcv.tuning  INFO      random_forest: 30 completed, 0 pruned (of 30 total) — best log_loss=0.6811, params={'n_estimators': 100, 'max_depth': 3, 'min_samples_leaf': 28, 'max_features': 'sqrt'}
17:35:03  src.cpcv.tuning  INFO    [tuning] random_forest done in 44.1s — best log_loss=0.6811
17:35:03  src.cpcv.tuning  INFO    [tuning] xgboost: 3 purged K-fold splits, 30 Optuna trials (TPE)
17:35:08  src.cpcv.tuning  INFO      xgboost: 22 completed, 8 pruned (of 30 total) — best log_loss=0.6709, params={'max_depth': 1, 'learning_rate': 0.06333268775321843, 'min_child_weight': 8, 'subsample': 0.9208787923016158, 'colsample_bytree': 0.6298202574719083, 'gamma': 0.7854083114461319, 'reg_alpha': 0.08916674715636537, 'reg_lambda': 6.143857495033091e-07}
17:35:08  src.cpcv.tuning  INFO    [tuning] xgboost done in 5.4s — best log_loss=0.6709
17:35:08  src.cpcv.tuning  INFO  Tuning total: 49.5s
17:35:08  src.cpcv.pipeline  INFO      applied random_forest: {'n_estimators': 100, 'max_depth': 3, 'min_samples_leaf': 28, 'max_features': 'sqrt'}
17:35:08  src.cpcv.pipeline  INFO      applied xgboost: {'max_depth': 1, 'learning_rate': 0.06333268775321843, 'min_child_weight': 8, 'subsample': 0.9208787923016158, 'colsample_bytree': 0.6298202574719083, 'gamma': 0.7854083114461319, 'reg_alpha': 0.08916674715636537, 'reg_lambda': 6.143857495033091e-07}
17:35:09  src.cpcv.models.tree_models  INFO  RandomForest fitted: 531 samples, 18 features, 100 trees.
17:35:09  src.cpcv.pipeline  INFO    [163/168]        random_forest (seed=0) F1=0.415  AUC=0.511  LL=0.7900 (0.4s)
17:35:09  src.cpcv.models.tree_models  INFO  RandomForest fitted: 531 samples, 18 features, 100 trees.
17:35:09  src.cpcv.pipeline  INFO    [164/168]        random_forest (seed=1) F1=0.488  AUC=0.516  LL=0.7856 (0.4s)
17:35:09  src.cpcv.models.tree_models  INFO  RandomForest fitted: 531 samples, 18 features, 100 trees.
17:35:09  src.cpcv.pipeline  INFO    [165/168]        random_forest (seed=2) F1=0.450  AUC=0.512  LL=0.7887 (0.3s)
17:35:09  src.cpcv.models.tree_models  INFO  XGBoost fitted: 531 samples, early stopped at iteration 192/300.
17:35:10  src.cpcv.pipeline  INFO    [166/168]              xgboost (seed=0) F1=0.342  AUC=0.494  LL=0.8438 (0.2s)
17:35:10  src.cpcv.models.tree_models  INFO  XGBoost fitted: 531 samples, early stopped at iteration 113/300.
17:35:10  src.cpcv.pipeline  INFO    [167/168]              xgboost (seed=1) F1=0.377  AUC=0.479  LL=0.7958 (0.1s)
17:35:10  src.cpcv.models.tree_models  INFO  XGBoost fitted: 531 samples, early stopped at iteration 206/300.
17:35:10  src.cpcv.pipeline  INFO    [168/168]              xgboost (seed=2) F1=0.389  AUC=0.496  LL=0.7991 (0.2s)
17:35:10  src.cpcv.pipeline  INFO  ============================================================
17:35:10  src.cpcv.pipeline  INFO  CPCV Pipeline Complete
17:35:10  src.cpcv.pipeline  INFO  ============================================================
17:35:10  src.cpcv.pipeline  INFO    Total time:     2131.2s (35.5m)
17:35:10  src.cpcv.pipeline  INFO    Tasks:          168 succeeded, 0 failed
17:35:10  src.cpcv.pipeline  INFO    Results keys:   168 (model, split, seed) entries
17:35:10  src.cpcv.pipeline  INFO    Backtest paths: 7
17:35:10  src.cpcv.pipeline  INFO    Tuning:         nested (per-split), 28 splits tuned, models=['random_forest', 'xgboost']
17:35:10  src.cpcv.pipeline  INFO  ============================================================
17:35:10  src.cpcv.pipeline  INFO  ============================================================
17:35:10  src.cpcv.pipeline  INFO  CPCV Pipeline
17:35:10  src.cpcv.pipeline  INFO  ============================================================
17:35:10  src.cpcv.pipeline  INFO    Models:         ['lstm']
17:35:10  src.cpcv.pipeline  INFO    Seeds/fold:     2
17:35:10  src.cpcv.pipeline  INFO    Groups (N):     8
17:35:10  src.cpcv.pipeline  INFO    Test groups (k):2
17:35:10  src.cpcv.pipeline  INFO    Embargo:        1.0%
17:35:10  src.cpcv.pipeline  INFO    FFD columns:    ['atr']
17:35:10  src.cpcv.pipeline  INFO    Samples:        1159
17:35:10  src.cpcv.pipeline  INFO    Features:       62
17:35:10  src.cpcv.pipeline  INFO    Splits:         28, Paths: 7
17:35:10  src.cpcv.pipeline  INFO    Tuning:         NESTED (per-split) — ['lstm'] [30 trials]
17:35:10  src.cpcv.pipeline  INFO  ============================================================
17:35:11  src.cpcv.preprocessing  INFO  Computing MDA (Random Forest)...
17:35:37  src.cpcv.preprocessing  INFO  Computing MDA (Logistic Regression)...
17:35:38  src.cpcv.preprocessing  INFO  Multi-model MDA: 17/62 passed (MDA > 0), 45 eliminated
17:35:38  src.cpcv.preprocessing  INFO    Selected (17): ['chaikin_osc', 'copper_ret_30', 'dxy_roc_30', 'exchange_supply_pct', 'gk_vol', 'jarque_bera', 'log_returns', 'log_returns_lag1', 'log_returns_lag7', 'nasdaq_ret_30', 'roc_14', 'silver_ret_30', 'skewness', 'stoch_d', 'us10y', 'us2y', 'yield_curve_10y30y']
17:35:38  src.cpcv.pipeline  INFO    Preprocessing: 17 features selected, train=688 + cal=172, test=89
17:35:38  src.cpcv.tuning  INFO  Tuning (1 model) — Optuna TPE + Purged K-Fold (inner: 3 folds, embargo=10 obs)
17:35:38  src.cpcv.tuning  INFO    [tuning] lstm: 3 purged K-fold splits, 30 Optuna trials (TPE)
17:36:41  src.cpcv.tuning  INFO      lstm: 28 completed, 2 pruned (of 30 total) — best log_loss=0.6890, params={'hidden_size': 16, 'dropout': 0.43566320145713044, 'learning_rate': 0.026492509969200287}
17:36:41  src.cpcv.tuning  INFO    [tuning] lstm done in 63.3s — best log_loss=0.6890
17:36:41  src.cpcv.tuning  INFO  Tuning total: 63.3s
17:36:41  src.cpcv.pipeline  INFO      applied lstm: {'hidden_size': 16, 'num_layers': 1, 'dropout': 0.43566320145713044, 'learning_rate': 0.026492509969200287}
17:36:43  src.cpcv.pipeline  INFO    [  1/56]                 lstm (seed=0) F1=0.387  AUC=0.640  LL=0.6504 (1.2s)
17:36:44  src.cpcv.pipeline  INFO    [  2/56]                 lstm (seed=1) F1=0.425  AUC=0.467  LL=0.6883 (1.4s)
17:36:44  src.cpcv.preprocessing  INFO  Computing MDA (Random Forest)...
17:37:10  src.cpcv.preprocessing  INFO  Computing MDA (Logistic Regression)...
17:37:11  src.cpcv.preprocessing  INFO  Multi-model MDA: 46/62 passed (MDA > 0), 16 eliminated
17:37:11  src.cpcv.preprocessing  INFO    Capped at 18 features (top_k_frac=0.3)
17:37:11  src.cpcv.preprocessing  INFO    Selected (18): ['bb_width', 'dxy_roc_30', 'ema_ratio_50_200', 'fee_per_tx', 'issuance_ntv', 'log_returns', 'log_returns_lag3', 'macd_hist', 'nasdaq_ret_30', 'realized_vol', 'shannon_entropy', 'skewness', 'smt_exp', 'smt_poly1', 'stoch_d', 'us2y', 'williams_r', 'yield_curve_2y10y']
17:37:11  src.cpcv.pipeline  INFO    Preprocessing: 18 features selected, train=643 + cal=161, test=144
17:37:11  src.cpcv.tuning  INFO  Tuning (1 model) — Optuna TPE + Purged K-Fold (inner: 3 folds, embargo=10 obs)
17:37:11  src.cpcv.tuning  INFO    [tuning] lstm: 3 purged K-fold splits, 30 Optuna trials (TPE)
17:38:07  src.cpcv.tuning  INFO      lstm: 15 completed, 15 pruned (of 30 total) — best log_loss=0.6852, params={'hidden_size': 32, 'dropout': 0.10239887318232696, 'learning_rate': 0.041376293143363024}
17:38:07  src.cpcv.tuning  INFO    [tuning] lstm done in 56.3s — best log_loss=0.6852
17:38:07  src.cpcv.tuning  INFO  Tuning total: 56.3s
17:38:07  src.cpcv.pipeline  INFO      applied lstm: {'hidden_size': 32, 'num_layers': 1, 'dropout': 0.10239887318232696, 'learning_rate': 0.041376293143363024}
17:38:09  src.cpcv.pipeline  INFO    [  3/56]                 lstm (seed=0) F1=0.519  AUC=0.493  LL=0.7870 (1.8s)
17:38:11  src.cpcv.pipeline  INFO    [  4/56]                 lstm (seed=1) F1=0.369  AUC=0.402  LL=0.7926 (1.5s)
17:38:11  src.cpcv.preprocessing  INFO  Computing MDA (Random Forest)...
17:38:37  src.cpcv.preprocessing  INFO  Computing MDA (Logistic Regression)...
17:38:38  src.cpcv.preprocessing  INFO  Multi-model MDA: 11/62 passed (MDA > 0), 51 eliminated
17:38:38  src.cpcv.preprocessing  INFO    Selected (11): ['chaikin_osc', 'exchange_supply_pct', 'jarque_bera', 'kurtosis', 'log_returns_lag1', 'log_returns_lag2', 'negentropy', 'oil_ret_30', 'roc_14', 'us10y', 'vol_term_30_90']
17:38:38  src.cpcv.pipeline  INFO    Preprocessing: 11 features selected, train=644 + cal=161, test=144
17:38:38  src.cpcv.tuning  INFO  Tuning (1 model) — Optuna TPE + Purged K-Fold (inner: 3 folds, embargo=10 obs)
17:38:38  src.cpcv.tuning  INFO    [tuning] lstm: 3 purged K-fold splits, 30 Optuna trials (TPE)
17:39:28  src.cpcv.tuning  INFO      lstm: 18 completed, 12 pruned (of 30 total) — best log_loss=0.6905, params={'hidden_size': 32, 'dropout': 0.3641820130468171, 'learning_rate': 0.044899392075018946}
17:39:28  src.cpcv.tuning  INFO    [tuning] lstm done in 49.4s — best log_loss=0.6905
17:39:28  src.cpcv.tuning  INFO  Tuning total: 49.4s
17:39:28  src.cpcv.pipeline  INFO      applied lstm: {'hidden_size': 32, 'num_layers': 1, 'dropout': 0.3641820130468171, 'learning_rate': 0.044899392075018946}
17:39:29  src.cpcv.pipeline  INFO    [  5/56]                 lstm (seed=0) F1=0.358  AUC=0.522  LL=0.6866 (1.5s)
17:39:31  src.cpcv.pipeline  INFO    [  6/56]                 lstm (seed=1) F1=0.358  AUC=0.526  LL=0.6867 (1.9s)
17:39:31  src.cpcv.preprocessing  INFO  Computing MDA (Random Forest)...
17:39:58  src.cpcv.preprocessing  INFO  Computing MDA (Logistic Regression)...
17:39:59  src.cpcv.preprocessing  INFO  Multi-model MDA: 34/62 passed (MDA > 0), 28 eliminated
17:39:59  src.cpcv.preprocessing  INFO    Capped at 18 features (top_k_frac=0.3)
17:39:59  src.cpcv.preprocessing  INFO    Selected (18): ['atr', 'bb_width', 'chaikin_osc', 'ema_ratio_20_50', 'jarque_bera', 'log_returns_lag1', 'log_returns_lag2', 'macd_hist', 'mvrv', 'obv', 'sadf', 'silver_ret_30', 'smt_exp', 'sp500_ret_30', 'stoch_d', 'variance_ratio', 'vix', 'yield_curve_10y30y']
17:39:59  src.cpcv.pipeline  INFO    Preprocessing: 18 features selected, train=644 + cal=161, test=144
17:39:59  src.cpcv.tuning  INFO  Tuning (1 model) — Optuna TPE + Purged K-Fold (inner: 3 folds, embargo=10 obs)
17:39:59  src.cpcv.tuning  INFO    [tuning] lstm: 3 purged K-fold splits, 30 Optuna trials (TPE)
17:41:02  src.cpcv.tuning  INFO      lstm: 20 completed, 10 pruned (of 30 total) — best log_loss=0.6840, params={'hidden_size': 16, 'dropout': 0.3759561693398768, 'learning_rate': 0.021649761838598378}
17:41:02  src.cpcv.tuning  INFO    [tuning] lstm done in 62.9s — best log_loss=0.6840
17:41:02  src.cpcv.tuning  INFO  Tuning total: 62.9s
17:41:02  src.cpcv.pipeline  INFO      applied lstm: {'hidden_size': 16, 'num_layers': 1, 'dropout': 0.3759561693398768, 'learning_rate': 0.021649761838598378}
17:41:03  src.cpcv.pipeline  INFO    [  7/56]                 lstm (seed=0) F1=0.392  AUC=0.438  LL=0.6869 (1.3s)
17:41:04  src.cpcv.pipeline  INFO    [  8/56]                 lstm (seed=1) F1=0.536  AUC=0.613  LL=0.7051 (1.4s)
17:41:05  src.cpcv.preprocessing  INFO  Computing MDA (Random Forest)...
17:41:31  src.cpcv.preprocessing  INFO  Computing MDA (Logistic Regression)...
17:41:32  src.cpcv.preprocessing  INFO  Multi-model MDA: 30/62 passed (MDA > 0), 32 eliminated
17:41:32  src.cpcv.preprocessing  INFO    Capped at 18 features (top_k_frac=0.3)
17:41:32  src.cpcv.preprocessing  INFO    Selected (18): ['bb_width', 'eth_btc_ratio', 'exchange_supply_pct', 'gold_ret_30', 'jarque_bera', 'kurtosis', 'log_returns', 'log_returns_lag30', 'macd_hist', 'mfi_14', 'mvrv', 'natgas_ret_30', 'rsi', 'sadf', 'skewness', 'stoch_d', 'us2y', 'yz_vol']
17:41:32  src.cpcv.pipeline  INFO    Preprocessing: 18 features selected, train=642 + cal=161, test=144
17:41:32  src.cpcv.tuning  INFO  Tuning (1 model) — Optuna TPE + Purged K-Fold (inner: 3 folds, embargo=10 obs)
17:41:32  src.cpcv.tuning  INFO    [tuning] lstm: 3 purged K-fold splits, 30 Optuna trials (TPE)
17:42:27  src.cpcv.tuning  INFO      lstm: 22 completed, 8 pruned (of 30 total) — best log_loss=0.6789, params={'hidden_size': 16, 'dropout': 0.49581046186005445, 'learning_rate': 0.022362985414277146}
17:42:27  src.cpcv.tuning  INFO    [tuning] lstm done in 55.4s — best log_loss=0.6789
17:42:27  src.cpcv.tuning  INFO  Tuning total: 55.4s
17:42:27  src.cpcv.pipeline  INFO      applied lstm: {'hidden_size': 16, 'num_layers': 1, 'dropout': 0.49581046186005445, 'learning_rate': 0.022362985414277146}
17:42:29  src.cpcv.pipeline  INFO    [  9/56]                 lstm (seed=0) F1=0.406  AUC=0.532  LL=0.7240 (1.3s)
17:42:30  src.cpcv.pipeline  INFO    [ 10/56]                 lstm (seed=1) F1=0.383  AUC=0.472  LL=0.7107 (1.1s)
17:42:30  src.cpcv.preprocessing  INFO  Computing MDA (Random Forest)...
17:42:55  src.cpcv.preprocessing  INFO  Computing MDA (Logistic Regression)...
17:42:56  src.cpcv.preprocessing  INFO  Multi-model MDA: 39/62 passed (MDA > 0), 23 eliminated
17:42:56  src.cpcv.preprocessing  INFO    Capped at 18 features (top_k_frac=0.3)
17:42:56  src.cpcv.preprocessing  INFO    Selected (18): ['active_addr_roc_14', 'chaikin_osc', 'copper_ret_30', 'dxy_roc_30', 'ema_ratio_20_50', 'eth_btc_ratio', 'exchange_supply_pct', 'gold_ret_30', 'hashrate_roc_30', 'jarque_bera', 'kurtosis', 'macd', 'macd_signal', 'nasdaq_ret_30', 'smt_poly1', 'sp500_ret_30', 'us2y', 'yield_curve_10y30y']
17:42:56  src.cpcv.pipeline  INFO    Preprocessing: 18 features selected, train=643 + cal=161, test=144
17:42:56  src.cpcv.tuning  INFO  Tuning (1 model) — Optuna TPE + Purged K-Fold (inner: 3 folds, embargo=10 obs)
17:42:56  src.cpcv.tuning  INFO    [tuning] lstm: 3 purged K-fold splits, 30 Optuna trials (TPE)
17:43:53  src.cpcv.tuning  INFO      lstm: 21 completed, 9 pruned (of 30 total) — best log_loss=0.6586, params={'hidden_size': 16, 'dropout': 0.39098779631726394, 'learning_rate': 0.018985494738408985}
17:43:53  src.cpcv.tuning  INFO    [tuning] lstm done in 56.8s — best log_loss=0.6586
17:43:53  src.cpcv.tuning  INFO  Tuning total: 56.8s
17:43:53  src.cpcv.pipeline  INFO      applied lstm: {'hidden_size': 16, 'num_layers': 1, 'dropout': 0.39098779631726394, 'learning_rate': 0.018985494738408985}
17:43:55  src.cpcv.pipeline  INFO    [ 11/56]                 lstm (seed=0) F1=0.303  AUC=0.576  LL=0.7548 (1.5s)
17:43:56  src.cpcv.pipeline  INFO    [ 12/56]                 lstm (seed=1) F1=0.517  AUC=0.521  LL=0.6949 (1.1s)
17:43:56  src.cpcv.preprocessing  INFO  Computing MDA (Random Forest)...
17:44:22  src.cpcv.preprocessing  INFO  Computing MDA (Logistic Regression)...
17:44:23  src.cpcv.preprocessing  INFO  Multi-model MDA: 40/62 passed (MDA > 0), 22 eliminated
17:44:23  src.cpcv.preprocessing  INFO    Capped at 18 features (top_k_frac=0.3)
17:44:23  src.cpcv.preprocessing  INFO    Selected (18): ['active_addr_roc_14', 'atr', 'bb_width', 'copper_ret_30', 'eth_btc_ratio', 'gold_ret_30', 'hurst', 'issuance_ntv', 'log_returns_lag1', 'macd', 'macd_signal', 'negentropy', 'net_exchange_flow', 'skewness', 'us10y', 'vol_term_30_90', 'yield_curve_10y30y', 'yz_vol']
17:44:23  src.cpcv.pipeline  INFO    Preprocessing: 18 features selected, train=644 + cal=162, test=151
17:44:23  src.cpcv.tuning  INFO  Tuning (1 model) — Optuna TPE + Purged K-Fold (inner: 3 folds, embargo=10 obs)
17:44:23  src.cpcv.tuning  INFO    [tuning] lstm: 3 purged K-fold splits, 30 Optuna trials (TPE)
17:45:17  src.cpcv.tuning  INFO      lstm: 18 completed, 12 pruned (of 30 total) — best log_loss=0.6944, params={'hidden_size': 16, 'dropout': 0.41465114870799935, 'learning_rate': 0.018573982640522166}
17:45:17  src.cpcv.tuning  INFO    [tuning] lstm done in 53.9s — best log_loss=0.6944
17:45:17  src.cpcv.tuning  INFO  Tuning total: 53.9s
17:45:17  src.cpcv.pipeline  INFO      applied lstm: {'hidden_size': 16, 'num_layers': 1, 'dropout': 0.41465114870799935, 'learning_rate': 0.018573982640522166}
17:45:18  src.cpcv.pipeline  INFO    [ 13/56]                 lstm (seed=0) F1=0.355  AUC=0.583  LL=0.6873 (1.0s)
17:45:19  src.cpcv.pipeline  INFO    [ 14/56]                 lstm (seed=1) F1=0.355  AUC=0.518  LL=0.6918 (1.1s)
17:45:19  src.cpcv.preprocessing  INFO  Computing MDA (Random Forest)...
17:45:43  src.cpcv.preprocessing  INFO  Computing MDA (Logistic Regression)...
17:45:44  src.cpcv.preprocessing  INFO  Multi-model MDA: 33/62 passed (MDA > 0), 29 eliminated
17:45:44  src.cpcv.preprocessing  INFO    Capped at 18 features (top_k_frac=0.3)
17:45:44  src.cpcv.preprocessing  INFO    Selected (18): ['cci_14', 'chaikin_osc', 'copper_ret_30', 'dxy_roc_30', 'eth_btc_ratio', 'exchange_supply_pct', 'hashrate_roc_30', 'hurst', 'jarque_bera', 'log_returns_lag1', 'lz_complexity', 'macd_hist', 'roc_14', 'sadf', 'skewness', 'stoch_k', 'yield_curve_2y10y', 'yz_vol']
17:45:44  src.cpcv.pipeline  INFO    Preprocessing: 18 features selected, train=572 + cal=144, test=233
17:45:44  src.cpcv.tuning  INFO  Tuning (1 model) — Optuna TPE + Purged K-Fold (inner: 3 folds, embargo=10 obs)
17:45:44  src.cpcv.tuning  INFO    [tuning] lstm: 3 purged K-fold splits, 30 Optuna trials (TPE)
17:46:28  src.cpcv.tuning  INFO      lstm: 16 completed, 14 pruned (of 30 total) — best log_loss=0.6825, params={'hidden_size': 16, 'dropout': 0.4942251847335568, 'learning_rate': 0.04071670304500222}
17:46:28  src.cpcv.tuning  INFO    [tuning] lstm done in 44.4s — best log_loss=0.6825
17:46:28  src.cpcv.tuning  INFO  Tuning total: 44.4s
17:46:28  src.cpcv.pipeline  INFO      applied lstm: {'hidden_size': 16, 'num_layers': 1, 'dropout': 0.4942251847335568, 'learning_rate': 0.04071670304500222}
17:46:30  src.cpcv.pipeline  INFO    [ 15/56]                 lstm (seed=0) F1=0.381  AUC=0.438  LL=0.7157 (1.6s)
17:46:31  src.cpcv.pipeline  INFO    [ 16/56]                 lstm (seed=1) F1=0.339  AUC=0.512  LL=0.6934 (1.2s)
17:46:31  src.cpcv.preprocessing  INFO  Computing MDA (Random Forest)...
17:46:54  src.cpcv.preprocessing  INFO  Computing MDA (Logistic Regression)...
17:46:55  src.cpcv.preprocessing  INFO  Multi-model MDA: 51/62 passed (MDA > 0), 11 eliminated
17:46:55  src.cpcv.preprocessing  INFO    Capped at 18 features (top_k_frac=0.3)
17:46:55  src.cpcv.preprocessing  INFO    Selected (18): ['chaikin_osc', 'copper_ret_30', 'ema_ratio_20_50', 'gk_vol', 'hashrate_roc_30', 'log_returns_lag14', 'lz_complexity', 'mvrv', 'natgas_ret_30', 'net_exchange_flow', 'silver_ret_30', 'skewness', 'smt_exp', 'variance_ratio', 'vix', 'vol_term_30_90', 'vol_term_7_30', 'yz_vol']
17:46:55  src.cpcv.pipeline  INFO    Preprocessing: 18 features selected, train=564 + cal=141, test=233
17:46:55  src.cpcv.tuning  INFO  Tuning (1 model) — Optuna TPE + Purged K-Fold (inner: 3 folds, embargo=10 obs)
17:46:55  src.cpcv.tuning  INFO    [tuning] lstm: 3 purged K-fold splits, 30 Optuna trials (TPE)
17:47:38  src.cpcv.tuning  INFO      lstm: 9 completed, 21 pruned (of 30 total) — best log_loss=0.6954, params={'hidden_size': 16, 'dropout': 0.4110846414027763, 'learning_rate': 0.01702818416340249}
17:47:38  src.cpcv.tuning  INFO    [tuning] lstm done in 43.3s — best log_loss=0.6954
17:47:38  src.cpcv.tuning  INFO  Tuning total: 43.3s
17:47:38  src.cpcv.pipeline  INFO      applied lstm: {'hidden_size': 16, 'num_layers': 1, 'dropout': 0.4110846414027763, 'learning_rate': 0.01702818416340249}
17:47:39  src.cpcv.pipeline  INFO    [ 17/56]                 lstm (seed=0) F1=0.437  AUC=0.417  LL=0.7444 (1.1s)
17:47:40  src.cpcv.pipeline  INFO    [ 18/56]                 lstm (seed=1) F1=0.430  AUC=0.470  LL=0.7092 (1.0s)
17:47:41  src.cpcv.preprocessing  INFO  Computing MDA (Random Forest)...
17:48:03  src.cpcv.preprocessing  INFO  Computing MDA (Logistic Regression)...
17:48:04  src.cpcv.preprocessing  INFO  Multi-model MDA: 34/62 passed (MDA > 0), 28 eliminated
17:48:04  src.cpcv.preprocessing  INFO    Capped at 18 features (top_k_frac=0.3)
17:48:04  src.cpcv.preprocessing  INFO    Selected (18): ['bb_width', 'cci_14', 'ema_ratio_50_200', 'eth_btc_ratio', 'exchange_supply_pct', 'fee_per_tx', 'hurst', 'jarque_bera', 'log_returns_lag1', 'nasdaq_ret_30', 'roc_14', 'sadf', 'silver_ret_30', 'sp500_ret_30', 'stoch_k', 'tx_count_roc_14', 'vol_term_7_30', 'williams_r']
17:48:04  src.cpcv.pipeline  INFO    Preprocessing: 18 features selected, train=564 + cal=141, test=233
17:48:04  src.cpcv.tuning  INFO  Tuning (1 model) — Optuna TPE + Purged K-Fold (inner: 3 folds, embargo=10 obs)
17:48:04  src.cpcv.tuning  INFO    [tuning] lstm: 3 purged K-fold splits, 30 Optuna trials (TPE)
17:48:46  src.cpcv.tuning  INFO      lstm: 17 completed, 13 pruned (of 30 total) — best log_loss=0.6866, params={'hidden_size': 32, 'dropout': 0.43111490378301615, 'learning_rate': 0.04688381052152138}
17:48:46  src.cpcv.tuning  INFO    [tuning] lstm done in 42.1s — best log_loss=0.6866
17:48:46  src.cpcv.tuning  INFO  Tuning total: 42.1s
17:48:46  src.cpcv.pipeline  INFO      applied lstm: {'hidden_size': 32, 'num_layers': 1, 'dropout': 0.43111490378301615, 'learning_rate': 0.04688381052152138}
17:48:48  src.cpcv.pipeline  INFO    [ 19/56]                 lstm (seed=0) F1=0.497  AUC=0.541  LL=0.6751 (1.2s)
17:48:49  src.cpcv.pipeline  INFO    [ 20/56]                 lstm (seed=1) F1=0.468  AUC=0.576  LL=0.7049 (1.3s)
17:48:49  src.cpcv.preprocessing  INFO  Computing MDA (Random Forest)...
17:49:12  src.cpcv.preprocessing  INFO  Computing MDA (Logistic Regression)...
17:49:13  src.cpcv.preprocessing  INFO  Multi-model MDA: 22/62 passed (MDA > 0), 40 eliminated
17:49:13  src.cpcv.preprocessing  INFO    Capped at 18 features (top_k_frac=0.3)
17:49:13  src.cpcv.preprocessing  INFO    Selected (18): ['active_addr_roc_14', 'copper_ret_30', 'dxy_roc_30', 'eth_btc_ratio', 'exchange_supply_pct', 'fee_per_tx', 'jarque_bera', 'kurtosis', 'log_returns_lag1', 'log_returns_lag3', 'mfi_14', 'roc_14', 'sadf', 'smt_exp', 'variance_ratio', 'vix', 'vol_term_30_90', 'yield_curve_2y10y']
17:49:13  src.cpcv.pipeline  INFO    Preprocessing: 18 features selected, train=562 + cal=141, test=233
17:49:13  src.cpcv.tuning  INFO  Tuning (1 model) — Optuna TPE + Purged K-Fold (inner: 3 folds, embargo=10 obs)
17:49:13  src.cpcv.tuning  INFO    [tuning] lstm: 3 purged K-fold splits, 30 Optuna trials (TPE)
17:49:55  src.cpcv.tuning  INFO      lstm: 13 completed, 17 pruned (of 30 total) — best log_loss=0.6890, params={'hidden_size': 16, 'dropout': 0.31625587150257045, 'learning_rate': 0.033096254993968045}
17:49:55  src.cpcv.tuning  INFO    [tuning] lstm done in 42.1s — best log_loss=0.6890
17:49:55  src.cpcv.tuning  INFO  Tuning total: 42.1s
17:49:55  src.cpcv.pipeline  INFO      applied lstm: {'hidden_size': 16, 'num_layers': 1, 'dropout': 0.31625587150257045, 'learning_rate': 0.033096254993968045}
17:49:56  src.cpcv.pipeline  INFO    [ 21/56]                 lstm (seed=0) F1=0.447  AUC=0.457  LL=0.6952 (1.1s)
17:49:57  src.cpcv.pipeline  INFO    [ 22/56]                 lstm (seed=1) F1=0.427  AUC=0.431  LL=0.7467 (1.0s)
17:49:58  src.cpcv.preprocessing  INFO  Computing MDA (Random Forest)...
17:50:20  src.cpcv.preprocessing  INFO  Computing MDA (Logistic Regression)...
17:50:21  src.cpcv.preprocessing  INFO  Multi-model MDA: 23/62 passed (MDA > 0), 39 eliminated
17:50:21  src.cpcv.preprocessing  INFO    Capped at 18 features (top_k_frac=0.3)
17:50:21  src.cpcv.preprocessing  INFO    Selected (18): ['bb_width', 'chaikin_osc', 'ema_ratio_50_200', 'exchange_supply_pct', 'kurtosis', 'log_returns_lag14', 'macd_hist', 'mfi_14', 'nasdaq_ret_30', 'net_exchange_flow', 'silver_ret_30', 'skewness', 'sp500_ret_30', 'us2y', 'vix', 'williams_r', 'yield_curve_2y10y', 'yz_vol']
17:50:21  src.cpcv.pipeline  INFO    Preprocessing: 18 features selected, train=563 + cal=141, test=233
17:50:21  src.cpcv.tuning  INFO  Tuning (1 model) — Optuna TPE + Purged K-Fold (inner: 3 folds, embargo=10 obs)
17:50:21  src.cpcv.tuning  INFO    [tuning] lstm: 3 purged K-fold splits, 30 Optuna trials (TPE)
17:51:13  src.cpcv.tuning  INFO      lstm: 6 completed, 24 pruned (of 30 total) — best log_loss=0.6865, params={'hidden_size': 32, 'dropout': 0.12005484019781781, 'learning_rate': 0.04966170237739496}
17:51:13  src.cpcv.tuning  INFO    [tuning] lstm done in 51.9s — best log_loss=0.6865
17:51:13  src.cpcv.tuning  INFO  Tuning total: 51.9s
17:51:13  src.cpcv.pipeline  INFO      applied lstm: {'hidden_size': 32, 'num_layers': 1, 'dropout': 0.12005484019781781, 'learning_rate': 0.04966170237739496}
17:51:14  src.cpcv.pipeline  INFO    [ 23/56]                 lstm (seed=0) F1=0.456  AUC=0.601  LL=0.6731 (1.3s)
17:51:15  src.cpcv.pipeline  INFO    [ 24/56]                 lstm (seed=1) F1=0.368  AUC=0.491  LL=0.6835 (1.2s)
17:51:16  src.cpcv.preprocessing  INFO  Computing MDA (Random Forest)...
17:51:38  src.cpcv.preprocessing  INFO  Computing MDA (Logistic Regression)...
17:51:39  src.cpcv.preprocessing  INFO  Multi-model MDA: 32/62 passed (MDA > 0), 30 eliminated
17:51:39  src.cpcv.preprocessing  INFO    Capped at 18 features (top_k_frac=0.3)
17:51:39  src.cpcv.preprocessing  INFO    Selected (18): ['active_addr_roc_14', 'bb_width', 'eth_btc_ratio', 'log_returns', 'log_returns_lag2', 'log_returns_lag7', 'lz_complexity', 'macd_signal', 'rsi', 'sadf', 'shannon_entropy', 'skewness', 'stoch_d', 'us10y', 'us2y', 'vix', 'yield_curve_10y30y', 'yield_curve_2y10y']
17:51:39  src.cpcv.pipeline  INFO    Preprocessing: 18 features selected, train=564 + cal=142, test=240
17:51:39  src.cpcv.tuning  INFO  Tuning (1 model) — Optuna TPE + Purged K-Fold (inner: 3 folds, embargo=10 obs)
17:51:39  src.cpcv.tuning  INFO    [tuning] lstm: 3 purged K-fold splits, 30 Optuna trials (TPE)
17:52:25  src.cpcv.tuning  INFO      lstm: 18 completed, 12 pruned (of 30 total) — best log_loss=0.6834, params={'hidden_size': 32, 'dropout': 0.3604063212686378, 'learning_rate': 0.018032171678502306}
17:52:25  src.cpcv.tuning  INFO    [tuning] lstm done in 45.6s — best log_loss=0.6834
17:52:25  src.cpcv.tuning  INFO  Tuning total: 45.6s
17:52:25  src.cpcv.pipeline  INFO      applied lstm: {'hidden_size': 32, 'num_layers': 1, 'dropout': 0.3604063212686378, 'learning_rate': 0.018032171678502306}
17:52:27  src.cpcv.pipeline  INFO    [ 25/56]                 lstm (seed=0) F1=0.416  AUC=0.460  LL=0.6920 (1.8s)
17:52:28  src.cpcv.pipeline  INFO    [ 26/56]                 lstm (seed=1) F1=0.440  AUC=0.504  LL=0.6934 (1.1s)
17:52:28  src.cpcv.preprocessing  INFO  Computing MDA (Random Forest)...
17:52:50  src.cpcv.preprocessing  INFO  Computing MDA (Logistic Regression)...
17:52:51  src.cpcv.preprocessing  INFO  Multi-model MDA: 20/62 passed (MDA > 0), 42 eliminated
17:52:51  src.cpcv.preprocessing  INFO    Capped at 18 features (top_k_frac=0.3)
17:52:51  src.cpcv.preprocessing  INFO    Selected (18): ['chaikin_osc', 'fee_per_tx', 'kurtosis', 'log_returns_lag3', 'log_returns_lag30', 'log_returns_lag7', 'macd_hist', 'realized_vol', 'shannon_entropy', 'silver_ret_30', 'skewness', 'sp500_ret_30', 'tx_count_roc_14', 'us10y', 'vol_term_30_90', 'vol_term_7_30', 'vwma_ratio_20_50', 'williams_r']
17:52:51  src.cpcv.pipeline  INFO    Preprocessing: 18 features selected, train=528 + cal=132, test=288
17:52:51  src.cpcv.tuning  INFO  Tuning (1 model) — Optuna TPE + Purged K-Fold (inner: 3 folds, embargo=10 obs)
17:52:51  src.cpcv.tuning  INFO    [tuning] lstm: 3 purged K-fold splits, 30 Optuna trials (TPE)
17:53:37  src.cpcv.tuning  INFO      lstm: 27 completed, 3 pruned (of 30 total) — best log_loss=0.6853, params={'hidden_size': 16, 'dropout': 0.3502553677302611, 'learning_rate': 0.047586200655108594}
17:53:37  src.cpcv.tuning  INFO    [tuning] lstm done in 45.5s — best log_loss=0.6853
17:53:37  src.cpcv.tuning  INFO  Tuning total: 45.5s
17:53:37  src.cpcv.pipeline  INFO      applied lstm: {'hidden_size': 16, 'num_layers': 1, 'dropout': 0.3502553677302611, 'learning_rate': 0.047586200655108594}
17:53:38  src.cpcv.pipeline  INFO    [ 27/56]                 lstm (seed=0) F1=0.509  AUC=0.508  LL=0.7815 (1.4s)
17:53:39  src.cpcv.pipeline  INFO    [ 28/56]                 lstm (seed=1) F1=0.487  AUC=0.504  LL=0.7874 (1.5s)
17:53:40  src.cpcv.preprocessing  INFO  Computing MDA (Random Forest)...
17:54:02  src.cpcv.preprocessing  INFO  Computing MDA (Logistic Regression)...
17:54:03  src.cpcv.preprocessing  INFO  Multi-model MDA: 14/62 passed (MDA > 0), 48 eliminated
17:54:03  src.cpcv.preprocessing  INFO    Selected (14): ['cci_14', 'hashrate_roc_30', 'hurst', 'issuance_ntv', 'log_returns', 'natgas_ret_30', 'negentropy', 'realized_vol', 'sadf', 'stoch_d', 'stoch_k', 'us10y', 'variance_ratio', 'yield_curve_2y10y']
17:54:03  src.cpcv.pipeline  INFO    Preprocessing: 14 features selected, train=519 + cal=130, test=288
17:54:03  src.cpcv.tuning  INFO  Tuning (1 model) — Optuna TPE + Purged K-Fold (inner: 3 folds, embargo=10 obs)
17:54:03  src.cpcv.tuning  INFO    [tuning] lstm: 3 purged K-fold splits, 30 Optuna trials (TPE)
17:54:42  src.cpcv.tuning  INFO      lstm: 10 completed, 20 pruned (of 30 total) — best log_loss=0.7028, params={'hidden_size': 32, 'dropout': 0.10239887318232696, 'learning_rate': 0.041376293143363024}
17:54:42  src.cpcv.tuning  INFO    [tuning] lstm done in 39.8s — best log_loss=0.7028
17:54:42  src.cpcv.tuning  INFO  Tuning total: 39.8s
17:54:42  src.cpcv.pipeline  INFO      applied lstm: {'hidden_size': 32, 'num_layers': 1, 'dropout': 0.10239887318232696, 'learning_rate': 0.041376293143363024}
17:54:44  src.cpcv.pipeline  INFO    [ 29/56]                 lstm (seed=0) F1=0.350  AUC=0.499  LL=0.6918 (1.2s)
17:54:45  src.cpcv.pipeline  INFO    [ 30/56]                 lstm (seed=1) F1=0.364  AUC=0.460  LL=0.7713 (0.9s)
17:54:45  src.cpcv.preprocessing  INFO  Computing MDA (Random Forest)...
17:55:08  src.cpcv.preprocessing  INFO  Computing MDA (Logistic Regression)...
17:55:09  src.cpcv.preprocessing  INFO  Multi-model MDA: 35/62 passed (MDA > 0), 27 eliminated
17:55:09  src.cpcv.preprocessing  INFO    Capped at 18 features (top_k_frac=0.3)
17:55:09  src.cpcv.preprocessing  INFO    Selected (18): ['cci_14', 'ema_ratio_20_50', 'fee_per_tx', 'log_returns_lag1', 'log_returns_lag2', 'log_returns_lag30', 'natgas_ret_30', 'negentropy', 'net_exchange_flow', 'obv', 'oil_ret_30', 'silver_ret_30', 'skewness', 'stoch_d', 'stoch_k', 'vol_term_30_90', 'vwma_ratio_20_50', 'yield_curve_10y30y']
17:55:09  src.cpcv.pipeline  INFO    Preprocessing: 18 features selected, train=517 + cal=130, test=288
17:55:09  src.cpcv.tuning  INFO  Tuning (1 model) — Optuna TPE + Purged K-Fold (inner: 3 folds, embargo=10 obs)
17:55:09  src.cpcv.tuning  INFO    [tuning] lstm: 3 purged K-fold splits, 30 Optuna trials (TPE)
17:56:00  src.cpcv.tuning  INFO      lstm: 30 completed, 0 pruned (of 30 total) — best log_loss=0.6767, params={'hidden_size': 32, 'dropout': 0.2798394033603284, 'learning_rate': 0.049679291664003714}
17:56:00  src.cpcv.tuning  INFO    [tuning] lstm done in 51.3s — best log_loss=0.6767
17:56:00  src.cpcv.tuning  INFO  Tuning total: 51.3s
17:56:00  src.cpcv.pipeline  INFO      applied lstm: {'hidden_size': 32, 'num_layers': 1, 'dropout': 0.2798394033603284, 'learning_rate': 0.049679291664003714}
17:56:01  src.cpcv.pipeline  INFO    [ 31/56]                 lstm (seed=0) F1=0.470  AUC=0.487  LL=0.7332 (1.2s)
17:56:02  src.cpcv.pipeline  INFO    [ 32/56]                 lstm (seed=1) F1=0.392  AUC=0.496  LL=0.8059 (1.2s)
17:56:03  src.cpcv.preprocessing  INFO  Computing MDA (Random Forest)...
17:56:26  src.cpcv.preprocessing  INFO  Computing MDA (Logistic Regression)...
17:56:27  src.cpcv.preprocessing  INFO  Multi-model MDA: 37/62 passed (MDA > 0), 25 eliminated
17:56:27  src.cpcv.preprocessing  INFO    Capped at 18 features (top_k_frac=0.3)
17:56:27  src.cpcv.preprocessing  INFO    Selected (18): ['atr', 'cci_14', 'log_returns', 'log_returns_lag2', 'log_returns_lag3', 'log_returns_lag7', 'macd_hist', 'macd_signal', 'mfi_14', 'obv', 'rsi', 'sadf', 'skewness', 'sp500_ret_30', 'vix', 'vwma_ratio_20_50', 'williams_r', 'yz_vol']
17:56:27  src.cpcv.pipeline  INFO    Preprocessing: 18 features selected, train=518 + cal=130, test=288
17:56:27  src.cpcv.tuning  INFO  Tuning (1 model) — Optuna TPE + Purged K-Fold (inner: 3 folds, embargo=10 obs)
17:56:27  src.cpcv.tuning  INFO    [tuning] lstm: 3 purged K-fold splits, 30 Optuna trials (TPE)
17:57:14  src.cpcv.tuning  INFO      lstm: 21 completed, 9 pruned (of 30 total) — best log_loss=0.6757, params={'hidden_size': 32, 'dropout': 0.434185110946246, 'learning_rate': 0.0293777706105117}
17:57:14  src.cpcv.tuning  INFO    [tuning] lstm done in 47.4s — best log_loss=0.6757
17:57:14  src.cpcv.tuning  INFO  Tuning total: 47.4s
17:57:14  src.cpcv.pipeline  INFO      applied lstm: {'hidden_size': 32, 'num_layers': 1, 'dropout': 0.434185110946246, 'learning_rate': 0.0293777706105117}
17:57:16  src.cpcv.pipeline  INFO    [ 33/56]                 lstm (seed=0) F1=0.479  AUC=0.518  LL=0.7224 (1.4s)
17:57:17  src.cpcv.pipeline  INFO    [ 34/56]                 lstm (seed=1) F1=0.473  AUC=0.481  LL=0.9241 (1.3s)
17:57:17  src.cpcv.preprocessing  INFO  Computing MDA (Random Forest)...
17:57:40  src.cpcv.preprocessing  INFO  Computing MDA (Logistic Regression)...
17:57:41  src.cpcv.preprocessing  INFO  Multi-model MDA: 11/62 passed (MDA > 0), 51 eliminated
17:57:41  src.cpcv.preprocessing  INFO    Selected (11): ['bb_width', 'cci_14', 'exchange_supply_pct', 'log_returns_lag7', 'mvrv', 'net_exchange_flow', 'skewness', 'tx_count_roc_14', 'us2y', 'vol_term_30_90', 'yz_vol']
17:57:41  src.cpcv.pipeline  INFO    Preprocessing: 11 features selected, train=520 + cal=130, test=295
17:57:41  src.cpcv.tuning  INFO  Tuning (1 model) — Optuna TPE + Purged K-Fold (inner: 3 folds, embargo=10 obs)
17:57:41  src.cpcv.tuning  INFO    [tuning] lstm: 3 purged K-fold splits, 30 Optuna trials (TPE)
17:58:32  src.cpcv.tuning  INFO      lstm: 26 completed, 4 pruned (of 30 total) — best log_loss=0.6758, params={'hidden_size': 16, 'dropout': 0.4627480042425205, 'learning_rate': 0.0479843125895855}
17:58:32  src.cpcv.tuning  INFO    [tuning] lstm done in 51.6s — best log_loss=0.6758
17:58:32  src.cpcv.tuning  INFO  Tuning total: 51.6s
17:58:32  src.cpcv.pipeline  INFO      applied lstm: {'hidden_size': 16, 'num_layers': 1, 'dropout': 0.4627480042425205, 'learning_rate': 0.0479843125895855}
17:58:34  src.cpcv.pipeline  INFO    [ 35/56]                 lstm (seed=0) F1=0.341  AUC=0.453  LL=0.6950 (1.3s)
17:58:35  src.cpcv.pipeline  INFO    [ 36/56]                 lstm (seed=1) F1=0.393  AUC=0.463  LL=0.7274 (1.1s)
17:58:35  src.cpcv.preprocessing  INFO  Computing MDA (Random Forest)...
17:58:58  src.cpcv.preprocessing  INFO  Computing MDA (Logistic Regression)...
17:58:59  src.cpcv.preprocessing  INFO  Multi-model MDA: 26/62 passed (MDA > 0), 36 eliminated
17:58:59  src.cpcv.preprocessing  INFO    Capped at 18 features (top_k_frac=0.3)
17:58:59  src.cpcv.preprocessing  INFO    Selected (18): ['atr', 'eth_btc_ratio', 'hurst', 'log_returns', 'log_returns_lag1', 'log_returns_lag14', 'lz_complexity', 'mvrv', 'natgas_ret_30', 'negentropy', 'net_exchange_flow', 'realized_vol', 'sadf', 'silver_ret_30', 'stoch_d', 'tx_count_roc_14', 'yield_curve_10y30y', 'yz_vol']
17:58:59  src.cpcv.pipeline  INFO    Preprocessing: 18 features selected, train=528 + cal=133, test=288
17:58:59  src.cpcv.tuning  INFO  Tuning (1 model) — Optuna TPE + Purged K-Fold (inner: 3 folds, embargo=10 obs)
17:58:59  src.cpcv.tuning  INFO    [tuning] lstm: 3 purged K-fold splits, 30 Optuna trials (TPE)
17:59:54  src.cpcv.tuning  INFO      lstm: 9 completed, 21 pruned (of 30 total) — best log_loss=0.6863, params={'hidden_size': 16, 'dropout': 0.3798153978019262, 'learning_rate': 0.020195751051187687}
17:59:54  src.cpcv.tuning  INFO    [tuning] lstm done in 54.9s — best log_loss=0.6863
17:59:54  src.cpcv.tuning  INFO  Tuning total: 54.9s
17:59:54  src.cpcv.pipeline  INFO      applied lstm: {'hidden_size': 16, 'num_layers': 1, 'dropout': 0.3798153978019262, 'learning_rate': 0.020195751051187687}
17:59:56  src.cpcv.pipeline  INFO    [ 37/56]                 lstm (seed=0) F1=0.422  AUC=0.500  LL=0.7410 (1.2s)
17:59:57  src.cpcv.pipeline  INFO    [ 38/56]                 lstm (seed=1) F1=0.363  AUC=0.539  LL=0.7155 (1.0s)
17:59:57  src.cpcv.preprocessing  INFO  Computing MDA (Random Forest)...
18:00:20  src.cpcv.preprocessing  INFO  Computing MDA (Logistic Regression)...
18:00:20  src.cpcv.preprocessing  INFO  Multi-model MDA: 26/62 passed (MDA > 0), 36 eliminated
18:00:20  src.cpcv.preprocessing  INFO    Capped at 18 features (top_k_frac=0.3)
18:00:20  src.cpcv.preprocessing  INFO    Selected (18): ['copper_ret_30', 'ema_ratio_20_50', 'eth_btc_ratio', 'gold_ret_30', 'issuance_ntv', 'jarque_bera', 'log_returns_lag14', 'macd', 'natgas_ret_30', 'negentropy', 'oil_ret_30', 'roc_14', 'skewness', 'smt_poly1', 'us2y', 'variance_ratio', 'vix', 'vol_term_30_90']
18:00:20  src.cpcv.pipeline  INFO    Preprocessing: 18 features selected, train=518 + cal=130, test=288
18:00:20  src.cpcv.tuning  INFO  Tuning (1 model) — Optuna TPE + Purged K-Fold (inner: 3 folds, embargo=10 obs)
18:00:20  src.cpcv.tuning  INFO    [tuning] lstm: 3 purged K-fold splits, 30 Optuna trials (TPE)
18:01:06  src.cpcv.tuning  INFO      lstm: 11 completed, 19 pruned (of 30 total) — best log_loss=0.6657, params={'hidden_size': 16, 'dropout': 0.3003981102626502, 'learning_rate': 0.009162374298955101}
18:01:06  src.cpcv.tuning  INFO    [tuning] lstm done in 45.6s — best log_loss=0.6657
18:01:06  src.cpcv.tuning  INFO  Tuning total: 45.6s
18:01:06  src.cpcv.pipeline  INFO      applied lstm: {'hidden_size': 16, 'num_layers': 1, 'dropout': 0.3003981102626502, 'learning_rate': 0.009162374298955101}
18:01:07  src.cpcv.pipeline  INFO    [ 39/56]                 lstm (seed=0) F1=0.444  AUC=0.469  LL=0.7497 (1.0s)
18:01:08  src.cpcv.pipeline  INFO    [ 40/56]                 lstm (seed=1) F1=0.494  AUC=0.514  LL=0.7008 (0.9s)
18:01:08  src.cpcv.preprocessing  INFO  Computing MDA (Random Forest)...
18:01:31  src.cpcv.preprocessing  INFO  Computing MDA (Logistic Regression)...
18:01:32  src.cpcv.preprocessing  INFO  Multi-model MDA: 42/62 passed (MDA > 0), 20 eliminated
18:01:32  src.cpcv.preprocessing  INFO    Capped at 18 features (top_k_frac=0.3)
18:01:32  src.cpcv.preprocessing  INFO    Selected (18): ['chaikin_osc', 'copper_ret_30', 'eth_btc_ratio', 'fee_per_tx', 'hashrate_roc_30', 'jarque_bera', 'log_returns_lag14', 'log_returns_lag3', 'macd_hist', 'mfi_14', 'net_exchange_flow', 'oil_ret_30', 'roc_14', 'silver_ret_30', 'skewness', 'variance_ratio', 'vix', 'vol_term_7_30']
18:01:32  src.cpcv.pipeline  INFO    Preprocessing: 18 features selected, train=519 + cal=130, test=288
18:01:32  src.cpcv.tuning  INFO  Tuning (1 model) — Optuna TPE + Purged K-Fold (inner: 3 folds, embargo=10 obs)
18:01:32  src.cpcv.tuning  INFO    [tuning] lstm: 3 purged K-fold splits, 30 Optuna trials (TPE)
18:02:10  src.cpcv.tuning  INFO      lstm: 12 completed, 18 pruned (of 30 total) — best log_loss=0.6858, params={'hidden_size': 32, 'dropout': 0.1786858157562965, 'learning_rate': 0.04973861634936253}
18:02:10  src.cpcv.tuning  INFO    [tuning] lstm done in 37.2s — best log_loss=0.6858
18:02:10  src.cpcv.tuning  INFO  Tuning total: 37.2s
18:02:10  src.cpcv.pipeline  INFO      applied lstm: {'hidden_size': 32, 'num_layers': 1, 'dropout': 0.1786858157562965, 'learning_rate': 0.04973861634936253}
18:02:11  src.cpcv.pipeline  INFO    [ 41/56]                 lstm (seed=0) F1=0.464  AUC=0.455  LL=0.7866 (1.2s)
18:02:12  src.cpcv.pipeline  INFO    [ 42/56]                 lstm (seed=1) F1=0.505  AUC=0.501  LL=0.6926 (0.9s)
18:02:12  src.cpcv.preprocessing  INFO  Computing MDA (Random Forest)...
18:02:36  src.cpcv.preprocessing  INFO  Computing MDA (Logistic Regression)...
18:02:37  src.cpcv.preprocessing  INFO  Multi-model MDA: 37/62 passed (MDA > 0), 25 eliminated
18:02:37  src.cpcv.preprocessing  INFO    Capped at 18 features (top_k_frac=0.3)
18:02:37  src.cpcv.preprocessing  INFO    Selected (18): ['bb_width', 'cci_14', 'chaikin_osc', 'dxy_roc_30', 'ema_ratio_20_50', 'eth_btc_ratio', 'gk_vol', 'hurst', 'kurtosis', 'log_returns_lag1', 'roc_14', 'shannon_entropy', 'silver_ret_30', 'smt_poly1', 'sp500_ret_30', 'tx_count_roc_14', 'us10y', 'yz_vol']
18:02:37  src.cpcv.pipeline  INFO    Preprocessing: 18 features selected, train=520 + cal=131, test=295
18:02:37  src.cpcv.tuning  INFO  Tuning (1 model) — Optuna TPE + Purged K-Fold (inner: 3 folds, embargo=10 obs)
18:02:37  src.cpcv.tuning  INFO    [tuning] lstm: 3 purged K-fold splits, 30 Optuna trials (TPE)
18:03:28  src.cpcv.tuning  INFO      lstm: 22 completed, 8 pruned (of 30 total) — best log_loss=0.6830, params={'hidden_size': 16, 'dropout': 0.44474363582443066, 'learning_rate': 0.02722376821356857}
18:03:28  src.cpcv.tuning  INFO    [tuning] lstm done in 50.6s — best log_loss=0.6830
18:03:28  src.cpcv.tuning  INFO  Tuning total: 50.6s
18:03:28  src.cpcv.pipeline  INFO      applied lstm: {'hidden_size': 16, 'num_layers': 1, 'dropout': 0.44474363582443066, 'learning_rate': 0.02722376821356857}
18:03:29  src.cpcv.pipeline  INFO    [ 43/56]                 lstm (seed=0) F1=0.437  AUC=0.537  LL=0.6967 (0.9s)
18:03:30  src.cpcv.pipeline  INFO    [ 44/56]                 lstm (seed=1) F1=0.358  AUC=0.528  LL=0.6976 (1.1s)
18:03:30  src.cpcv.preprocessing  INFO  Computing MDA (Random Forest)...
18:03:53  src.cpcv.preprocessing  INFO  Computing MDA (Logistic Regression)...
18:03:54  src.cpcv.preprocessing  INFO  Multi-model MDA: 23/62 passed (MDA > 0), 39 eliminated
18:03:54  src.cpcv.preprocessing  INFO    Capped at 18 features (top_k_frac=0.3)
18:03:54  src.cpcv.preprocessing  INFO    Selected (18): ['active_addr_roc_14', 'atr', 'cci_14', 'chaikin_osc', 'ema_ratio_20_50', 'ema_ratio_50_200', 'exchange_supply_pct', 'kurtosis', 'log_returns_lag7', 'lz_complexity', 'macd_hist', 'mfi_14', 'nasdaq_ret_30', 'natgas_ret_30', 'negentropy', 'rsi', 'stoch_k', 'tx_count_roc_14']
18:03:54  src.cpcv.pipeline  INFO    Preprocessing: 18 features selected, train=528 + cal=133, test=288
18:03:54  src.cpcv.tuning  INFO  Tuning (1 model) — Optuna TPE + Purged K-Fold (inner: 3 folds, embargo=10 obs)
18:03:54  src.cpcv.tuning  INFO    [tuning] lstm: 3 purged K-fold splits, 30 Optuna trials (TPE)
18:04:36  src.cpcv.tuning  INFO      lstm: 22 completed, 8 pruned (of 30 total) — best log_loss=0.6915, params={'hidden_size': 16, 'dropout': 0.2893309285818674, 'learning_rate': 0.015377656660186008}
18:04:36  src.cpcv.tuning  INFO    [tuning] lstm done in 42.7s — best log_loss=0.6915
18:04:36  src.cpcv.tuning  INFO  Tuning total: 42.7s
18:04:36  src.cpcv.pipeline  INFO      applied lstm: {'hidden_size': 16, 'num_layers': 1, 'dropout': 0.2893309285818674, 'learning_rate': 0.015377656660186008}
18:04:37  src.cpcv.pipeline  INFO    [ 45/56]                 lstm (seed=0) F1=0.455  AUC=0.465  LL=0.7278 (1.0s)
18:04:38  src.cpcv.pipeline  INFO    [ 46/56]                 lstm (seed=1) F1=0.526  AUC=0.542  LL=0.6868 (1.0s)
18:04:39  src.cpcv.preprocessing  INFO  Computing MDA (Random Forest)...
18:05:01  src.cpcv.preprocessing  INFO  Computing MDA (Logistic Regression)...
18:05:02  src.cpcv.preprocessing  INFO  Multi-model MDA: 36/62 passed (MDA > 0), 26 eliminated
18:05:02  src.cpcv.preprocessing  INFO    Capped at 18 features (top_k_frac=0.3)
18:05:02  src.cpcv.preprocessing  INFO    Selected (18): ['bb_width', 'chaikin_osc', 'gk_vol', 'kurtosis', 'log_returns_lag3', 'oil_ret_30', 'roc_14', 'rsi', 'sadf', 'silver_ret_30', 'skewness', 'smt_exp', 'vix', 'vwma_ratio_20_50', 'williams_r', 'yield_curve_10y30y', 'yield_curve_2y10y', 'yz_vol']
18:05:02  src.cpcv.pipeline  INFO    Preprocessing: 18 features selected, train=519 + cal=130, test=288
18:05:02  src.cpcv.tuning  INFO  Tuning (1 model) — Optuna TPE + Purged K-Fold (inner: 3 folds, embargo=10 obs)
18:05:02  src.cpcv.tuning  INFO    [tuning] lstm: 3 purged K-fold splits, 30 Optuna trials (TPE)
18:05:53  src.cpcv.tuning  INFO      lstm: 12 completed, 18 pruned (of 30 total) — best log_loss=0.6785, params={'hidden_size': 16, 'dropout': 0.460109309177847, 'learning_rate': 0.006347898742520305}
18:05:53  src.cpcv.tuning  INFO    [tuning] lstm done in 50.7s — best log_loss=0.6785
18:05:53  src.cpcv.tuning  INFO  Tuning total: 50.7s
18:05:53  src.cpcv.pipeline  INFO      applied lstm: {'hidden_size': 16, 'num_layers': 1, 'dropout': 0.460109309177847, 'learning_rate': 0.006347898742520305}
18:05:54  src.cpcv.pipeline  INFO    [ 47/56]                 lstm (seed=0) F1=0.510  AUC=0.530  LL=0.6926 (1.1s)
18:05:55  src.cpcv.pipeline  INFO    [ 48/56]                 lstm (seed=1) F1=0.532  AUC=0.539  LL=0.6974 (1.2s)
18:05:55  src.cpcv.preprocessing  INFO  Computing MDA (Random Forest)...
18:06:17  src.cpcv.preprocessing  INFO  Computing MDA (Logistic Regression)...
18:06:18  src.cpcv.preprocessing  INFO  Multi-model MDA: 10/62 passed (MDA > 0), 52 eliminated
18:06:18  src.cpcv.preprocessing  INFO    Selected (10): ['active_addr_roc_14', 'dxy_roc_30', 'ema_ratio_50_200', 'eth_btc_ratio', 'gk_vol', 'hurst', 'kurtosis', 'log_returns_lag3', 'macd', 'nasdaq_ret_30']
18:06:18  src.cpcv.pipeline  INFO    Preprocessing: 10 features selected, train=520 + cal=131, test=295
18:06:18  src.cpcv.tuning  INFO  Tuning (1 model) — Optuna TPE + Purged K-Fold (inner: 3 folds, embargo=10 obs)
18:06:18  src.cpcv.tuning  INFO    [tuning] lstm: 3 purged K-fold splits, 30 Optuna trials (TPE)
18:07:04  src.cpcv.tuning  INFO      lstm: 22 completed, 8 pruned (of 30 total) — best log_loss=0.6901, params={'hidden_size': 16, 'dropout': 0.4522597042780029, 'learning_rate': 0.03137042328398357}
18:07:04  src.cpcv.tuning  INFO    [tuning] lstm done in 45.2s — best log_loss=0.6901
18:07:04  src.cpcv.tuning  INFO  Tuning total: 45.2s
18:07:04  src.cpcv.pipeline  INFO      applied lstm: {'hidden_size': 16, 'num_layers': 1, 'dropout': 0.4522597042780029, 'learning_rate': 0.03137042328398357}
18:07:05  src.cpcv.pipeline  INFO    [ 49/56]                 lstm (seed=0) F1=0.366  AUC=0.463  LL=0.6827 (1.0s)
18:07:06  src.cpcv.pipeline  INFO    [ 50/56]                 lstm (seed=1) F1=0.366  AUC=0.496  LL=0.6825 (0.9s)
18:07:06  src.cpcv.preprocessing  INFO  Computing MDA (Random Forest)...
18:07:28  src.cpcv.preprocessing  INFO  Computing MDA (Logistic Regression)...
18:07:29  src.cpcv.preprocessing  INFO  Multi-model MDA: 47/62 passed (MDA > 0), 15 eliminated
18:07:29  src.cpcv.preprocessing  INFO    Capped at 18 features (top_k_frac=0.3)
18:07:29  src.cpcv.preprocessing  INFO    Selected (18): ['active_addr_roc_14', 'chaikin_osc', 'dxy_roc_30', 'eth_btc_ratio', 'exchange_supply_pct', 'kurtosis', 'log_returns', 'log_returns_lag14', 'log_returns_lag2', 'mfi_14', 'negentropy', 'roc_14', 'silver_ret_30', 'smt_exp', 'smt_poly1', 'tx_count_roc_14', 'vol_term_30_90', 'vwma_ratio_20_50']
18:07:29  src.cpcv.pipeline  INFO    Preprocessing: 18 features selected, train=527 + cal=132, test=288
18:07:29  src.cpcv.tuning  INFO  Tuning (1 model) — Optuna TPE + Purged K-Fold (inner: 3 folds, embargo=10 obs)
18:07:29  src.cpcv.tuning  INFO    [tuning] lstm: 3 purged K-fold splits, 30 Optuna trials (TPE)
18:08:15  src.cpcv.tuning  INFO      lstm: 25 completed, 5 pruned (of 30 total) — best log_loss=0.6904, params={'hidden_size': 16, 'dropout': 0.46158597513205424, 'learning_rate': 0.028679202946789367}
18:08:15  src.cpcv.tuning  INFO    [tuning] lstm done in 46.5s — best log_loss=0.6904
18:08:15  src.cpcv.tuning  INFO  Tuning total: 46.5s
18:08:15  src.cpcv.pipeline  INFO      applied lstm: {'hidden_size': 16, 'num_layers': 1, 'dropout': 0.46158597513205424, 'learning_rate': 0.028679202946789367}
18:08:16  src.cpcv.pipeline  INFO    [ 51/56]                 lstm (seed=0) F1=0.576  AUC=0.594  LL=0.6836 (1.4s)
18:08:18  src.cpcv.pipeline  INFO    [ 52/56]                 lstm (seed=1) F1=0.530  AUC=0.572  LL=0.7422 (1.5s)
18:08:18  src.cpcv.preprocessing  INFO  Computing MDA (Random Forest)...
18:08:41  src.cpcv.preprocessing  INFO  Computing MDA (Logistic Regression)...
18:08:42  src.cpcv.preprocessing  INFO  Multi-model MDA: 24/62 passed (MDA > 0), 38 eliminated
18:08:42  src.cpcv.preprocessing  INFO    Capped at 18 features (top_k_frac=0.3)
18:08:42  src.cpcv.preprocessing  INFO    Selected (18): ['bb_width', 'eth_btc_ratio', 'exchange_supply_pct', 'gk_vol', 'gold_ret_30', 'hashrate_roc_30', 'log_returns_lag1', 'macd_hist', 'mfi_14', 'natgas_ret_30', 'realized_vol', 'skewness', 'us10y', 'us2y', 'vix', 'yield_curve_10y30y', 'yield_curve_2y10y', 'yz_vol']
18:08:42  src.cpcv.pipeline  INFO    Preprocessing: 18 features selected, train=519 + cal=130, test=295
18:08:42  src.cpcv.tuning  INFO  Tuning (1 model) — Optuna TPE + Purged K-Fold (inner: 3 folds, embargo=10 obs)
18:08:42  src.cpcv.tuning  INFO    [tuning] lstm: 3 purged K-fold splits, 30 Optuna trials (TPE)
18:09:18  src.cpcv.tuning  INFO      lstm: 15 completed, 15 pruned (of 30 total) — best log_loss=0.6785, params={'hidden_size': 16, 'dropout': 0.29817421056721655, 'learning_rate': 0.040712724289545615}
18:09:18  src.cpcv.tuning  INFO    [tuning] lstm done in 36.4s — best log_loss=0.6785
18:09:18  src.cpcv.tuning  INFO  Tuning total: 36.4s
18:09:18  src.cpcv.pipeline  INFO      applied lstm: {'hidden_size': 16, 'num_layers': 1, 'dropout': 0.29817421056721655, 'learning_rate': 0.040712724289545615}
18:09:19  src.cpcv.pipeline  INFO    [ 53/56]                 lstm (seed=0) F1=0.488  AUC=0.571  LL=0.6914 (0.9s)
18:09:20  src.cpcv.pipeline  INFO    [ 54/56]                 lstm (seed=1) F1=0.472  AUC=0.542  LL=0.7031 (0.9s)
18:09:21  src.cpcv.preprocessing  INFO  Computing MDA (Random Forest)...
18:09:43  src.cpcv.preprocessing  INFO  Computing MDA (Logistic Regression)...
18:09:44  src.cpcv.preprocessing  INFO  Multi-model MDA: 19/62 passed (MDA > 0), 43 eliminated
18:09:44  src.cpcv.preprocessing  INFO    Capped at 18 features (top_k_frac=0.3)
18:09:44  src.cpcv.preprocessing  INFO    Selected (18): ['atr', 'chaikin_osc', 'eth_btc_ratio', 'exchange_supply_pct', 'gk_vol', 'kurtosis', 'log_returns', 'nasdaq_ret_30', 'net_exchange_flow', 'realized_vol', 'roc_14', 'shannon_entropy', 'silver_ret_30', 'smt_exp', 'smt_poly1', 'sp500_ret_30', 'us10y', 'vix']
18:09:44  src.cpcv.pipeline  INFO    Preprocessing: 18 features selected, train=531 + cal=133, test=295
18:09:44  src.cpcv.tuning  INFO  Tuning (1 model) — Optuna TPE + Purged K-Fold (inner: 3 folds, embargo=10 obs)
18:09:44  src.cpcv.tuning  INFO    [tuning] lstm: 3 purged K-fold splits, 30 Optuna trials (TPE)
18:10:26  src.cpcv.tuning  INFO      lstm: 19 completed, 11 pruned (of 30 total) — best log_loss=0.6780, params={'hidden_size': 16, 'dropout': 0.4619211735426682, 'learning_rate': 0.03364953414202275}
18:10:26  src.cpcv.tuning  INFO    [tuning] lstm done in 41.6s — best log_loss=0.6780
18:10:26  src.cpcv.tuning  INFO  Tuning total: 41.6s
18:10:26  src.cpcv.pipeline  INFO      applied lstm: {'hidden_size': 16, 'num_layers': 1, 'dropout': 0.4619211735426682, 'learning_rate': 0.03364953414202275}
18:10:27  src.cpcv.pipeline  INFO    [ 55/56]                 lstm (seed=0) F1=0.309  AUC=0.546  LL=0.7995 (1.6s)
18:10:28  src.cpcv.pipeline  INFO    [ 56/56]                 lstm (seed=1) F1=0.350  AUC=0.507  LL=0.7379 (0.9s)
18:10:28  src.cpcv.pipeline  INFO  ============================================================
18:10:28  src.cpcv.pipeline  INFO  CPCV Pipeline Complete
18:10:28  src.cpcv.pipeline  INFO  ============================================================
18:10:28  src.cpcv.pipeline  INFO    Total time:     2117.9s (35.3m)
18:10:28  src.cpcv.pipeline  INFO    Tasks:          56 succeeded, 0 failed
18:10:28  src.cpcv.pipeline  INFO    Results keys:   56 (model, split, seed) entries
18:10:28  src.cpcv.pipeline  INFO    Backtest paths: 7
18:10:28  src.cpcv.pipeline  INFO    Tuning:         nested (per-split), 28 splits tuned, models=['lstm']
18:10:28  src.cpcv.pipeline  INFO  ============================================================
18:10:29  src.cpcv.pipeline  INFO  ============================================================
18:10:29  src.cpcv.pipeline  INFO  CPCV Pipeline
18:10:29  src.cpcv.pipeline  INFO  ============================================================
18:10:29  src.cpcv.pipeline  INFO    Models:         ['kan']
18:10:29  src.cpcv.pipeline  INFO    Seeds/fold:     2
18:10:29  src.cpcv.pipeline  INFO    Groups (N):     8
18:10:29  src.cpcv.pipeline  INFO    Test groups (k):2
18:10:29  src.cpcv.pipeline  INFO    Embargo:        1.0%
18:10:29  src.cpcv.pipeline  INFO    FFD columns:    ['atr']
18:10:29  src.cpcv.pipeline  INFO    Samples:        1159
18:10:29  src.cpcv.pipeline  INFO    Features:       62
18:10:29  src.cpcv.pipeline  INFO    Splits:         28, Paths: 7
18:10:29  src.cpcv.pipeline  INFO    Tuning:         NESTED (per-split) — ['kan'] [30 trials]
18:10:29  src.cpcv.pipeline  INFO  ============================================================
18:10:29  src.cpcv.preprocessing  INFO  Computing MDA (Random Forest)...
18:10:55  src.cpcv.preprocessing  INFO  Computing MDA (Logistic Regression)...
18:10:56  src.cpcv.preprocessing  INFO  Multi-model MDA: 17/62 passed (MDA > 0), 45 eliminated
18:10:56  src.cpcv.preprocessing  INFO    Selected (17): ['chaikin_osc', 'copper_ret_30', 'dxy_roc_30', 'exchange_supply_pct', 'gk_vol', 'jarque_bera', 'log_returns', 'log_returns_lag1', 'log_returns_lag7', 'nasdaq_ret_30', 'roc_14', 'silver_ret_30', 'skewness', 'stoch_d', 'us10y', 'us2y', 'yield_curve_10y30y']
18:10:56  src.cpcv.pipeline  INFO    Preprocessing: 17 features selected, train=688 + cal=172, test=89
18:10:56  src.cpcv.tuning  INFO  Tuning (1 model) — Optuna TPE + Purged K-Fold (inner: 3 folds, embargo=10 obs)
18:10:56  src.cpcv.tuning  INFO    [tuning] kan (efficient-kan + AdamW): 3 purged K-fold splits, 30 Optuna trials (TPE)
18:12:01  src.cpcv.tuning  INFO      kan: 17 completed, 13 pruned (of 30 total) — best log_loss=0.6874, params={'width1': 2, 'lr': 0.04353010439152429, 'weight_decay': 0.001764971584817572, 'grid': 3}
18:12:01  src.cpcv.tuning  INFO    [tuning] kan done in 65.7s — best log_loss=0.6874
18:12:01  src.cpcv.tuning  INFO  Tuning total: 65.7s
18:12:01  src.cpcv.pipeline  INFO      applied kan: {'width1': 2, 'width2': 0, 'grid': 3, 'lr': 0.04353010439152429, 'weight_decay': 0.001764971584817572}
18:12:02  src.cpcv.models.kan_model  INFO  KAN fitted: widths=[17, 2, 2], grid=3, epochs=27, val_acc=0.5349, val_loss=0.6912, logit_range=[-0.51, 0.44], device=cpu.
18:12:02  src.cpcv.pipeline  INFO    [  1/56]                  kan (seed=0) F1=0.461  AUC=0.557  LL=0.6344 (0.4s)
18:12:02  src.cpcv.models.kan_model  INFO  KAN fitted: widths=[17, 2, 2], grid=3, epochs=28, val_acc=0.5814, val_loss=0.6899, logit_range=[-0.50, 0.73], device=cpu.
18:12:02  src.cpcv.pipeline  INFO    [  2/56]                  kan (seed=1) F1=0.429  AUC=0.567  LL=0.6320 (0.4s)
18:12:03  src.cpcv.preprocessing  INFO  Computing MDA (Random Forest)...
18:12:26  src.cpcv.preprocessing  INFO  Computing MDA (Logistic Regression)...
18:12:27  src.cpcv.preprocessing  INFO  Multi-model MDA: 46/62 passed (MDA > 0), 16 eliminated
18:12:27  src.cpcv.preprocessing  INFO    Capped at 18 features (top_k_frac=0.3)
18:12:27  src.cpcv.preprocessing  INFO    Selected (18): ['bb_width', 'dxy_roc_30', 'ema_ratio_50_200', 'fee_per_tx', 'issuance_ntv', 'log_returns', 'log_returns_lag3', 'macd_hist', 'nasdaq_ret_30', 'realized_vol', 'shannon_entropy', 'skewness', 'smt_exp', 'smt_poly1', 'stoch_d', 'us2y', 'williams_r', 'yield_curve_2y10y']
18:12:27  src.cpcv.pipeline  INFO    Preprocessing: 18 features selected, train=643 + cal=161, test=144
18:12:27  src.cpcv.tuning  INFO  Tuning (1 model) — Optuna TPE + Purged K-Fold (inner: 3 folds, embargo=10 obs)
18:12:27  src.cpcv.tuning  INFO    [tuning] kan (efficient-kan + AdamW): 3 purged K-fold splits, 30 Optuna trials (TPE)
18:13:18  src.cpcv.tuning  INFO      kan: 9 completed, 21 pruned (of 30 total) — best log_loss=0.6891, params={'width1': 4, 'lr': 0.0030500961221604545, 'weight_decay': 0.0010636233792305394, 'grid': 3}
18:13:18  src.cpcv.tuning  INFO    [tuning] kan done in 50.3s — best log_loss=0.6891
18:13:18  src.cpcv.tuning  INFO  Tuning total: 50.3s
18:13:18  src.cpcv.pipeline  INFO      applied kan: {'width1': 4, 'width2': 0, 'grid': 3, 'lr': 0.0030500961221604545, 'weight_decay': 0.0010636233792305394}
18:13:18  src.cpcv.models.kan_model  INFO  KAN fitted: widths=[18, 4, 2], grid=3, epochs=26, val_acc=0.4845, val_loss=0.6906, logit_range=[-0.14, 0.19], device=cpu.
18:13:18  src.cpcv.pipeline  INFO    [  3/56]                  kan (seed=0) F1=0.366  AUC=0.451  LL=0.7704 (0.6s)
18:13:19  src.cpcv.models.kan_model  INFO  KAN fitted: widths=[18, 4, 2], grid=3, epochs=23, val_acc=0.4720, val_loss=0.6914, logit_range=[-0.12, 0.09], device=cpu.
18:13:19  src.cpcv.pipeline  INFO    [  4/56]                  kan (seed=1) F1=0.311  AUC=0.529  LL=0.8401 (0.5s)
18:13:19  src.cpcv.preprocessing  INFO  Computing MDA (Random Forest)...
18:13:45  src.cpcv.preprocessing  INFO  Computing MDA (Logistic Regression)...
18:13:46  src.cpcv.preprocessing  INFO  Multi-model MDA: 11/62 passed (MDA > 0), 51 eliminated
18:13:46  src.cpcv.preprocessing  INFO    Selected (11): ['chaikin_osc', 'exchange_supply_pct', 'jarque_bera', 'kurtosis', 'log_returns_lag1', 'log_returns_lag2', 'negentropy', 'oil_ret_30', 'roc_14', 'us10y', 'vol_term_30_90']
18:13:46  src.cpcv.pipeline  INFO    Preprocessing: 11 features selected, train=644 + cal=161, test=144
18:13:46  src.cpcv.tuning  INFO  Tuning (1 model) — Optuna TPE + Purged K-Fold (inner: 3 folds, embargo=10 obs)
18:13:46  src.cpcv.tuning  INFO    [tuning] kan (efficient-kan + AdamW): 3 purged K-fold splits, 30 Optuna trials (TPE)
18:14:29  src.cpcv.tuning  INFO      kan: 20 completed, 10 pruned (of 30 total) — best log_loss=0.6924, params={'width1': 6, 'lr': 0.002033281656757397, 'weight_decay': 1.834907204905544e-05, 'grid': 3}
18:14:29  src.cpcv.tuning  INFO    [tuning] kan done in 43.6s — best log_loss=0.6924
18:14:29  src.cpcv.tuning  INFO  Tuning total: 43.6s
18:14:29  src.cpcv.pipeline  INFO      applied kan: {'width1': 6, 'width2': 0, 'grid': 3, 'lr': 0.002033281656757397, 'weight_decay': 1.834907204905544e-05}
18:14:30  src.cpcv.models.kan_model  INFO  KAN fitted: widths=[11, 6, 2], grid=3, epochs=21, val_acc=0.5652, val_loss=0.6930, logit_range=[-0.10, 0.25], device=cpu.
18:14:30  src.cpcv.pipeline  INFO    [  5/56]                  kan (seed=0) F1=0.363  AUC=0.669  LL=0.6729 (0.5s)
18:14:30  src.cpcv.models.kan_model  INFO  KAN fitted: widths=[11, 6, 2], grid=3, epochs=21, val_acc=0.5217, val_loss=0.6894, logit_range=[-0.12, 0.20], device=cpu.
18:14:30  src.cpcv.pipeline  INFO    [  6/56]                  kan (seed=1) F1=0.357  AUC=0.665  LL=0.6681 (0.5s)
18:14:31  src.cpcv.preprocessing  INFO  Computing MDA (Random Forest)...
18:14:57  src.cpcv.preprocessing  INFO  Computing MDA (Logistic Regression)...
18:14:58  src.cpcv.preprocessing  INFO  Multi-model MDA: 34/62 passed (MDA > 0), 28 eliminated
18:14:58  src.cpcv.preprocessing  INFO    Capped at 18 features (top_k_frac=0.3)
18:14:58  src.cpcv.preprocessing  INFO    Selected (18): ['atr', 'bb_width', 'chaikin_osc', 'ema_ratio_20_50', 'jarque_bera', 'log_returns_lag1', 'log_returns_lag2', 'macd_hist', 'mvrv', 'obv', 'sadf', 'silver_ret_30', 'smt_exp', 'sp500_ret_30', 'stoch_d', 'variance_ratio', 'vix', 'yield_curve_10y30y']
18:14:58  src.cpcv.pipeline  INFO    Preprocessing: 18 features selected, train=644 + cal=161, test=144
18:14:58  src.cpcv.tuning  INFO  Tuning (1 model) — Optuna TPE + Purged K-Fold (inner: 3 folds, embargo=10 obs)
18:14:58  src.cpcv.tuning  INFO    [tuning] kan (efficient-kan + AdamW): 3 purged K-fold splits, 30 Optuna trials (TPE)
18:15:49  src.cpcv.tuning  INFO      kan: 12 completed, 18 pruned (of 30 total) — best log_loss=0.6868, params={'width1': 2, 'lr': 0.005227285465316269, 'weight_decay': 6.129512072415656e-05, 'grid': 3}
18:15:49  src.cpcv.tuning  INFO    [tuning] kan done in 50.4s — best log_loss=0.6868
18:15:49  src.cpcv.tuning  INFO  Tuning total: 50.4s
18:15:49  src.cpcv.pipeline  INFO      applied kan: {'width1': 2, 'width2': 0, 'grid': 3, 'lr': 0.005227285465316269, 'weight_decay': 6.129512072415656e-05}
18:15:49  src.cpcv.models.kan_model  INFO  KAN fitted: widths=[18, 2, 2], grid=3, epochs=21, val_acc=0.4907, val_loss=0.6937, logit_range=[-0.12, 0.24], device=cpu.
18:15:49  src.cpcv.pipeline  INFO    [  7/56]                  kan (seed=0) F1=0.374  AUC=0.441  LL=0.6809 (0.4s)
18:15:50  src.cpcv.models.kan_model  INFO  KAN fitted: widths=[18, 2, 2], grid=3, epochs=52, val_acc=0.4845, val_loss=0.6970, logit_range=[-0.15, 0.21], device=cpu.
18:15:50  src.cpcv.pipeline  INFO    [  8/56]                  kan (seed=1) F1=0.374  AUC=0.525  LL=0.6775 (0.9s)
18:15:50  src.cpcv.preprocessing  INFO  Computing MDA (Random Forest)...
18:16:16  src.cpcv.preprocessing  INFO  Computing MDA (Logistic Regression)...
18:16:17  src.cpcv.preprocessing  INFO  Multi-model MDA: 30/62 passed (MDA > 0), 32 eliminated
18:16:17  src.cpcv.preprocessing  INFO    Capped at 18 features (top_k_frac=0.3)
18:16:17  src.cpcv.preprocessing  INFO    Selected (18): ['bb_width', 'eth_btc_ratio', 'exchange_supply_pct', 'gold_ret_30', 'jarque_bera', 'kurtosis', 'log_returns', 'log_returns_lag30', 'macd_hist', 'mfi_14', 'mvrv', 'natgas_ret_30', 'rsi', 'sadf', 'skewness', 'stoch_d', 'us2y', 'yz_vol']
18:16:17  src.cpcv.pipeline  INFO    Preprocessing: 18 features selected, train=642 + cal=161, test=144
18:16:17  src.cpcv.tuning  INFO  Tuning (1 model) — Optuna TPE + Purged K-Fold (inner: 3 folds, embargo=10 obs)
18:16:17  src.cpcv.tuning  INFO    [tuning] kan (efficient-kan + AdamW): 3 purged K-fold splits, 30 Optuna trials (TPE)
18:17:48  src.cpcv.tuning  INFO      kan: 13 completed, 17 pruned (of 30 total) — best log_loss=0.6826, params={'width1': 5, 'lr': 0.004284023010206436, 'weight_decay': 0.000378841563561939, 'grid': 3}
18:17:48  src.cpcv.tuning  INFO    [tuning] kan done in 91.2s — best log_loss=0.6826
18:17:48  src.cpcv.tuning  INFO  Tuning total: 91.2s
18:17:48  src.cpcv.pipeline  INFO      applied kan: {'width1': 5, 'width2': 0, 'grid': 3, 'lr': 0.004284023010206436, 'weight_decay': 0.000378841563561939}
18:17:49  src.cpcv.models.kan_model  INFO  KAN fitted: widths=[18, 5, 2], grid=3, epochs=56, val_acc=0.5404, val_loss=0.6915, logit_range=[-0.34, 0.26], device=cpu.
18:17:49  src.cpcv.pipeline  INFO    [  9/56]                  kan (seed=0) F1=0.458  AUC=0.556  LL=0.6920 (1.1s)
18:17:51  src.cpcv.models.kan_model  INFO  KAN fitted: widths=[18, 5, 2], grid=3, epochs=68, val_acc=0.5404, val_loss=0.6900, logit_range=[-0.40, 0.41], device=cpu.
18:17:51  src.cpcv.pipeline  INFO    [ 10/56]                  kan (seed=1) F1=0.551  AUC=0.582  LL=0.6814 (1.4s)
18:17:51  src.cpcv.preprocessing  INFO  Computing MDA (Random Forest)...
18:18:17  src.cpcv.preprocessing  INFO  Computing MDA (Logistic Regression)...
18:18:18  src.cpcv.preprocessing  INFO  Multi-model MDA: 39/62 passed (MDA > 0), 23 eliminated
18:18:18  src.cpcv.preprocessing  INFO    Capped at 18 features (top_k_frac=0.3)
18:18:18  src.cpcv.preprocessing  INFO    Selected (18): ['active_addr_roc_14', 'chaikin_osc', 'copper_ret_30', 'dxy_roc_30', 'ema_ratio_20_50', 'eth_btc_ratio', 'exchange_supply_pct', 'gold_ret_30', 'hashrate_roc_30', 'jarque_bera', 'kurtosis', 'macd', 'macd_signal', 'nasdaq_ret_30', 'smt_poly1', 'sp500_ret_30', 'us2y', 'yield_curve_10y30y']
18:18:18  src.cpcv.pipeline  INFO    Preprocessing: 18 features selected, train=643 + cal=161, test=144
18:18:18  src.cpcv.tuning  INFO  Tuning (1 model) — Optuna TPE + Purged K-Fold (inner: 3 folds, embargo=10 obs)
18:18:18  src.cpcv.tuning  INFO    [tuning] kan (efficient-kan + AdamW): 3 purged K-fold splits, 30 Optuna trials (TPE)
18:20:08  src.cpcv.tuning  INFO      kan: 11 completed, 19 pruned (of 30 total) — best log_loss=0.6885, params={'width1': 6, 'lr': 0.0017340738000997758, 'weight_decay': 1.5545478220018657e-05, 'grid': 3}
18:20:08  src.cpcv.tuning  INFO    [tuning] kan done in 110.2s — best log_loss=0.6885
18:20:08  src.cpcv.tuning  INFO  Tuning total: 110.2s
18:20:08  src.cpcv.pipeline  INFO      applied kan: {'width1': 6, 'width2': 0, 'grid': 3, 'lr': 0.0017340738000997758, 'weight_decay': 1.5545478220018657e-05}
18:20:11  src.cpcv.models.kan_model  INFO  KAN fitted: widths=[18, 6, 2], grid=3, epochs=112, val_acc=0.5217, val_loss=0.6834, logit_range=[-0.58, 0.32], device=cpu.
18:20:11  src.cpcv.pipeline  INFO    [ 11/56]                  kan (seed=0) F1=0.403  AUC=0.437  LL=0.7210 (2.3s)
18:20:13  src.cpcv.models.kan_model  INFO  KAN fitted: widths=[18, 6, 2], grid=3, epochs=125, val_acc=0.5590, val_loss=0.6848, logit_range=[-0.42, 0.32], device=cpu.
18:20:13  src.cpcv.pipeline  INFO    [ 12/56]                  kan (seed=1) F1=0.467  AUC=0.459  LL=0.7110 (2.5s)
18:20:14  src.cpcv.preprocessing  INFO  Computing MDA (Random Forest)...
18:20:39  src.cpcv.preprocessing  INFO  Computing MDA (Logistic Regression)...
18:20:40  src.cpcv.preprocessing  INFO  Multi-model MDA: 40/62 passed (MDA > 0), 22 eliminated
18:20:40  src.cpcv.preprocessing  INFO    Capped at 18 features (top_k_frac=0.3)
18:20:40  src.cpcv.preprocessing  INFO    Selected (18): ['active_addr_roc_14', 'atr', 'bb_width', 'copper_ret_30', 'eth_btc_ratio', 'gold_ret_30', 'hurst', 'issuance_ntv', 'log_returns_lag1', 'macd', 'macd_signal', 'negentropy', 'net_exchange_flow', 'skewness', 'us10y', 'vol_term_30_90', 'yield_curve_10y30y', 'yz_vol']
18:20:40  src.cpcv.pipeline  INFO    Preprocessing: 18 features selected, train=644 + cal=162, test=151
18:20:40  src.cpcv.tuning  INFO  Tuning (1 model) — Optuna TPE + Purged K-Fold (inner: 3 folds, embargo=10 obs)
18:20:40  src.cpcv.tuning  INFO    [tuning] kan (efficient-kan + AdamW): 3 purged K-fold splits, 30 Optuna trials (TPE)
18:22:06  src.cpcv.tuning  INFO      kan: 15 completed, 15 pruned (of 30 total) — best log_loss=0.6861, params={'width1': 4, 'lr': 0.006344540966574597, 'weight_decay': 0.004086502928512961, 'grid': 3}
18:22:06  src.cpcv.tuning  INFO    [tuning] kan done in 86.4s — best log_loss=0.6861
18:22:06  src.cpcv.tuning  INFO  Tuning total: 86.4s
18:22:06  src.cpcv.pipeline  INFO      applied kan: {'width1': 4, 'width2': 0, 'grid': 3, 'lr': 0.006344540966574597, 'weight_decay': 0.004086502928512961}
18:22:07  src.cpcv.models.kan_model  INFO  KAN fitted: widths=[18, 4, 2], grid=3, epochs=26, val_acc=0.4691, val_loss=0.6956, logit_range=[-0.16, 0.08], device=cpu.
18:22:07  src.cpcv.pipeline  INFO    [ 13/56]                  kan (seed=0) F1=0.357  AUC=0.453  LL=0.6897 (0.5s)
18:22:07  src.cpcv.models.kan_model  INFO  KAN fitted: widths=[18, 4, 2], grid=3, epochs=23, val_acc=0.4753, val_loss=0.6906, logit_range=[-0.14, 0.12], device=cpu.
18:22:07  src.cpcv.pipeline  INFO    [ 14/56]                  kan (seed=1) F1=0.357  AUC=0.476  LL=0.6896 (0.5s)
18:22:08  src.cpcv.preprocessing  INFO  Computing MDA (Random Forest)...
18:22:31  src.cpcv.preprocessing  INFO  Computing MDA (Logistic Regression)...
18:22:32  src.cpcv.preprocessing  INFO  Multi-model MDA: 33/62 passed (MDA > 0), 29 eliminated
18:22:32  src.cpcv.preprocessing  INFO    Capped at 18 features (top_k_frac=0.3)
18:22:32  src.cpcv.preprocessing  INFO    Selected (18): ['cci_14', 'chaikin_osc', 'copper_ret_30', 'dxy_roc_30', 'eth_btc_ratio', 'exchange_supply_pct', 'hashrate_roc_30', 'hurst', 'jarque_bera', 'log_returns_lag1', 'lz_complexity', 'macd_hist', 'roc_14', 'sadf', 'skewness', 'stoch_k', 'yield_curve_2y10y', 'yz_vol']
18:22:32  src.cpcv.pipeline  INFO    Preprocessing: 18 features selected, train=572 + cal=144, test=233
18:22:32  src.cpcv.tuning  INFO  Tuning (1 model) — Optuna TPE + Purged K-Fold (inner: 3 folds, embargo=10 obs)
18:22:32  src.cpcv.tuning  INFO    [tuning] kan (efficient-kan + AdamW): 3 purged K-fold splits, 30 Optuna trials (TPE)
18:23:39  src.cpcv.tuning  INFO      kan: 29 completed, 1 pruned (of 30 total) — best log_loss=0.6797, params={'width1': 4, 'lr': 0.024486488293593206, 'weight_decay': 0.0001209571158036574, 'grid': 3}
18:23:39  src.cpcv.tuning  INFO    [tuning] kan done in 66.9s — best log_loss=0.6797
18:23:39  src.cpcv.tuning  INFO  Tuning total: 66.9s
18:23:39  src.cpcv.pipeline  INFO      applied kan: {'width1': 4, 'width2': 0, 'grid': 3, 'lr': 0.024486488293593206, 'weight_decay': 0.0001209571158036574}
18:23:39  src.cpcv.models.kan_model  INFO  KAN fitted: widths=[18, 4, 2], grid=3, epochs=25, val_acc=0.5625, val_loss=0.6909, logit_range=[-0.31, 0.18], device=cpu.
18:23:39  src.cpcv.pipeline  INFO    [ 15/56]                  kan (seed=0) F1=0.367  AUC=0.557  LL=0.6957 (0.5s)
18:23:40  src.cpcv.models.kan_model  INFO  KAN fitted: widths=[18, 4, 2], grid=3, epochs=27, val_acc=0.5486, val_loss=0.6874, logit_range=[-0.24, 0.28], device=cpu.
18:23:40  src.cpcv.pipeline  INFO    [ 16/56]                  kan (seed=1) F1=0.419  AUC=0.527  LL=0.7073 (0.5s)
18:23:40  src.cpcv.preprocessing  INFO  Computing MDA (Random Forest)...
18:24:03  src.cpcv.preprocessing  INFO  Computing MDA (Logistic Regression)...
18:24:04  src.cpcv.preprocessing  INFO  Multi-model MDA: 51/62 passed (MDA > 0), 11 eliminated
18:24:04  src.cpcv.preprocessing  INFO    Capped at 18 features (top_k_frac=0.3)
18:24:04  src.cpcv.preprocessing  INFO    Selected (18): ['chaikin_osc', 'copper_ret_30', 'ema_ratio_20_50', 'gk_vol', 'hashrate_roc_30', 'log_returns_lag14', 'lz_complexity', 'mvrv', 'natgas_ret_30', 'net_exchange_flow', 'silver_ret_30', 'skewness', 'smt_exp', 'variance_ratio', 'vix', 'vol_term_30_90', 'vol_term_7_30', 'yz_vol']
18:24:04  src.cpcv.pipeline  INFO    Preprocessing: 18 features selected, train=564 + cal=141, test=233
18:24:04  src.cpcv.tuning  INFO  Tuning (1 model) — Optuna TPE + Purged K-Fold (inner: 3 folds, embargo=10 obs)
18:24:04  src.cpcv.tuning  INFO    [tuning] kan (efficient-kan + AdamW): 3 purged K-fold splits, 30 Optuna trials (TPE)
18:25:06  src.cpcv.tuning  INFO      kan: 22 completed, 8 pruned (of 30 total) — best log_loss=0.6887, params={'width1': 6, 'lr': 0.007971452693304888, 'weight_decay': 1.253099630504629e-05, 'grid': 3}
18:25:06  src.cpcv.tuning  INFO    [tuning] kan done in 62.1s — best log_loss=0.6887
18:25:06  src.cpcv.tuning  INFO  Tuning total: 62.1s
18:25:06  src.cpcv.pipeline  INFO      applied kan: {'width1': 6, 'width2': 0, 'grid': 3, 'lr': 0.007971452693304888, 'weight_decay': 1.253099630504629e-05}
18:25:07  src.cpcv.models.kan_model  INFO  KAN fitted: widths=[18, 6, 2], grid=3, epochs=33, val_acc=0.5532, val_loss=0.6791, logit_range=[-0.46, 0.36], device=cpu.
18:25:07  src.cpcv.pipeline  INFO    [ 17/56]                  kan (seed=0) F1=0.435  AUC=0.523  LL=0.6926 (0.7s)
18:25:08  src.cpcv.models.kan_model  INFO  KAN fitted: widths=[18, 6, 2], grid=3, epochs=52, val_acc=0.5319, val_loss=0.6887, logit_range=[-0.38, 0.44], device=cpu.
18:25:08  src.cpcv.pipeline  INFO    [ 18/56]                  kan (seed=1) F1=0.389  AUC=0.473  LL=0.6942 (1.0s)
18:25:08  src.cpcv.preprocessing  INFO  Computing MDA (Random Forest)...
18:25:31  src.cpcv.preprocessing  INFO  Computing MDA (Logistic Regression)...
18:25:32  src.cpcv.preprocessing  INFO  Multi-model MDA: 34/62 passed (MDA > 0), 28 eliminated
18:25:32  src.cpcv.preprocessing  INFO    Capped at 18 features (top_k_frac=0.3)
18:25:32  src.cpcv.preprocessing  INFO    Selected (18): ['bb_width', 'cci_14', 'ema_ratio_50_200', 'eth_btc_ratio', 'exchange_supply_pct', 'fee_per_tx', 'hurst', 'jarque_bera', 'log_returns_lag1', 'nasdaq_ret_30', 'roc_14', 'sadf', 'silver_ret_30', 'sp500_ret_30', 'stoch_k', 'tx_count_roc_14', 'vol_term_7_30', 'williams_r']
18:25:32  src.cpcv.pipeline  INFO    Preprocessing: 18 features selected, train=564 + cal=141, test=233
18:25:32  src.cpcv.tuning  INFO  Tuning (1 model) — Optuna TPE + Purged K-Fold (inner: 3 folds, embargo=10 obs)
18:25:32  src.cpcv.tuning  INFO    [tuning] kan (efficient-kan + AdamW): 3 purged K-fold splits, 30 Optuna trials (TPE)
18:26:12  src.cpcv.tuning  INFO      kan: 16 completed, 14 pruned (of 30 total) — best log_loss=0.6890, params={'width1': 6, 'lr': 0.018862072373017687, 'weight_decay': 0.0004106686603984201, 'grid': 3}
18:26:12  src.cpcv.tuning  INFO    [tuning] kan done in 40.0s — best log_loss=0.6890
18:26:12  src.cpcv.tuning  INFO  Tuning total: 40.0s
18:26:12  src.cpcv.pipeline  INFO      applied kan: {'width1': 6, 'width2': 0, 'grid': 3, 'lr': 0.018862072373017687, 'weight_decay': 0.0004106686603984201}
18:26:13  src.cpcv.models.kan_model  INFO  KAN fitted: widths=[18, 6, 2], grid=3, epochs=51, val_acc=0.6099, val_loss=0.6813, logit_range=[-0.70, 0.74], device=cpu.
18:26:13  src.cpcv.pipeline  INFO    [ 19/56]                  kan (seed=0) F1=0.585  AUC=0.583  LL=0.6698 (1.0s)
18:26:14  src.cpcv.models.kan_model  INFO  KAN fitted: widths=[18, 6, 2], grid=3, epochs=50, val_acc=0.5887, val_loss=0.6821, logit_range=[-0.95, 0.63], device=cpu.
18:26:14  src.cpcv.pipeline  INFO    [ 20/56]                  kan (seed=1) F1=0.560  AUC=0.588  LL=0.6668 (1.1s)
18:26:15  src.cpcv.preprocessing  INFO  Computing MDA (Random Forest)...
18:26:38  src.cpcv.preprocessing  INFO  Computing MDA (Logistic Regression)...
18:26:39  src.cpcv.preprocessing  INFO  Multi-model MDA: 22/62 passed (MDA > 0), 40 eliminated
18:26:39  src.cpcv.preprocessing  INFO    Capped at 18 features (top_k_frac=0.3)
18:26:39  src.cpcv.preprocessing  INFO    Selected (18): ['active_addr_roc_14', 'copper_ret_30', 'dxy_roc_30', 'eth_btc_ratio', 'exchange_supply_pct', 'fee_per_tx', 'jarque_bera', 'kurtosis', 'log_returns_lag1', 'log_returns_lag3', 'mfi_14', 'roc_14', 'sadf', 'smt_exp', 'variance_ratio', 'vix', 'vol_term_30_90', 'yield_curve_2y10y']
18:26:39  src.cpcv.pipeline  INFO    Preprocessing: 18 features selected, train=562 + cal=141, test=233
18:26:39  src.cpcv.tuning  INFO  Tuning (1 model) — Optuna TPE + Purged K-Fold (inner: 3 folds, embargo=10 obs)
18:26:39  src.cpcv.tuning  INFO    [tuning] kan (efficient-kan + AdamW): 3 purged K-fold splits, 30 Optuna trials (TPE)
18:27:20  src.cpcv.tuning  INFO      kan: 22 completed, 8 pruned (of 30 total) — best log_loss=0.6878, params={'width1': 6, 'lr': 0.026278354463707007, 'weight_decay': 1.638039202393595e-05, 'grid': 3}
18:27:20  src.cpcv.tuning  INFO    [tuning] kan done in 40.4s — best log_loss=0.6878
18:27:20  src.cpcv.tuning  INFO  Tuning total: 40.4s
18:27:20  src.cpcv.pipeline  INFO      applied kan: {'width1': 6, 'width2': 0, 'grid': 3, 'lr': 0.026278354463707007, 'weight_decay': 1.638039202393595e-05}
18:27:20  src.cpcv.models.kan_model  INFO  KAN fitted: widths=[18, 6, 2], grid=3, epochs=21, val_acc=0.5319, val_loss=0.6952, logit_range=[-0.16, 0.16], device=cpu.
18:27:20  src.cpcv.pipeline  INFO    [ 21/56]                  kan (seed=0) F1=0.518  AUC=0.579  LL=0.6882 (0.5s)
18:27:21  src.cpcv.models.kan_model  INFO  KAN fitted: widths=[18, 6, 2], grid=3, epochs=21, val_acc=0.5532, val_loss=0.6959, logit_range=[-0.22, 0.15], device=cpu.
18:27:21  src.cpcv.pipeline  INFO    [ 22/56]                  kan (seed=1) F1=0.362  AUC=0.589  LL=0.6835 (0.4s)
18:27:21  src.cpcv.preprocessing  INFO  Computing MDA (Random Forest)...
18:27:43  src.cpcv.preprocessing  INFO  Computing MDA (Logistic Regression)...
18:27:44  src.cpcv.preprocessing  INFO  Multi-model MDA: 23/62 passed (MDA > 0), 39 eliminated
18:27:44  src.cpcv.preprocessing  INFO    Capped at 18 features (top_k_frac=0.3)
18:27:44  src.cpcv.preprocessing  INFO    Selected (18): ['bb_width', 'chaikin_osc', 'ema_ratio_50_200', 'exchange_supply_pct', 'kurtosis', 'log_returns_lag14', 'macd_hist', 'mfi_14', 'nasdaq_ret_30', 'net_exchange_flow', 'silver_ret_30', 'skewness', 'sp500_ret_30', 'us2y', 'vix', 'williams_r', 'yield_curve_2y10y', 'yz_vol']
18:27:44  src.cpcv.pipeline  INFO    Preprocessing: 18 features selected, train=563 + cal=141, test=233
18:27:44  src.cpcv.tuning  INFO  Tuning (1 model) — Optuna TPE + Purged K-Fold (inner: 3 folds, embargo=10 obs)
18:27:44  src.cpcv.tuning  INFO    [tuning] kan (efficient-kan + AdamW): 3 purged K-fold splits, 30 Optuna trials (TPE)
18:29:29  src.cpcv.tuning  INFO      kan: 13 completed, 17 pruned (of 30 total) — best log_loss=0.6702, params={'width1': 2, 'lr': 0.003362907843570028, 'weight_decay': 0.0001359802641962158, 'grid': 3}
18:29:29  src.cpcv.tuning  INFO    [tuning] kan done in 104.4s — best log_loss=0.6702
18:29:29  src.cpcv.tuning  INFO  Tuning total: 104.4s
18:29:29  src.cpcv.pipeline  INFO      applied kan: {'width1': 2, 'width2': 0, 'grid': 3, 'lr': 0.003362907843570028, 'weight_decay': 0.0001359802641962158}
18:29:29  src.cpcv.models.kan_model  INFO  KAN fitted: widths=[18, 2, 2], grid=3, epochs=33, val_acc=0.4894, val_loss=0.6957, logit_range=[-0.33, 0.06], device=cpu.
18:29:30  src.cpcv.pipeline  INFO    [ 23/56]                  kan (seed=0) F1=0.374  AUC=0.584  LL=0.6771 (0.7s)
18:29:31  src.cpcv.models.kan_model  INFO  KAN fitted: widths=[18, 2, 2], grid=3, epochs=62, val_acc=0.5674, val_loss=0.6828, logit_range=[-0.23, 0.27], device=cpu.
18:29:31  src.cpcv.pipeline  INFO    [ 24/56]                  kan (seed=1) F1=0.506  AUC=0.553  LL=0.6740 (1.2s)
18:29:31  src.cpcv.preprocessing  INFO  Computing MDA (Random Forest)...
18:29:54  src.cpcv.preprocessing  INFO  Computing MDA (Logistic Regression)...
18:29:55  src.cpcv.preprocessing  INFO  Multi-model MDA: 32/62 passed (MDA > 0), 30 eliminated
18:29:55  src.cpcv.preprocessing  INFO    Capped at 18 features (top_k_frac=0.3)
18:29:55  src.cpcv.preprocessing  INFO    Selected (18): ['active_addr_roc_14', 'bb_width', 'eth_btc_ratio', 'log_returns', 'log_returns_lag2', 'log_returns_lag7', 'lz_complexity', 'macd_signal', 'rsi', 'sadf', 'shannon_entropy', 'skewness', 'stoch_d', 'us10y', 'us2y', 'vix', 'yield_curve_10y30y', 'yield_curve_2y10y']
18:29:55  src.cpcv.pipeline  INFO    Preprocessing: 18 features selected, train=564 + cal=142, test=240
18:29:55  src.cpcv.tuning  INFO  Tuning (1 model) — Optuna TPE + Purged K-Fold (inner: 3 folds, embargo=10 obs)
18:29:55  src.cpcv.tuning  INFO    [tuning] kan (efficient-kan + AdamW): 3 purged K-fold splits, 30 Optuna trials (TPE)
18:31:06  src.cpcv.tuning  INFO      kan: 10 completed, 20 pruned (of 30 total) — best log_loss=0.6805, params={'width1': 6, 'lr': 0.002033281656757397, 'weight_decay': 1.834907204905544e-05, 'grid': 3}
18:31:06  src.cpcv.tuning  INFO    [tuning] kan done in 71.9s — best log_loss=0.6805
18:31:06  src.cpcv.tuning  INFO  Tuning total: 71.9s
18:31:06  src.cpcv.pipeline  INFO      applied kan: {'width1': 6, 'width2': 0, 'grid': 3, 'lr': 0.002033281656757397, 'weight_decay': 1.834907204905544e-05}
18:31:07  src.cpcv.models.kan_model  INFO  KAN fitted: widths=[18, 6, 2], grid=3, epochs=21, val_acc=0.5211, val_loss=0.6937, logit_range=[-0.08, 0.21], device=cpu.
18:31:07  src.cpcv.pipeline  INFO    [ 25/56]                  kan (seed=0) F1=0.385  AUC=0.483  LL=0.6826 (0.4s)
18:31:07  src.cpcv.models.kan_model  INFO  KAN fitted: widths=[18, 6, 2], grid=3, epochs=21, val_acc=0.4507, val_loss=0.6947, logit_range=[-0.10, 0.08], device=cpu.
18:31:07  src.cpcv.pipeline  INFO    [ 26/56]                  kan (seed=1) F1=0.373  AUC=0.498  LL=0.6765 (0.5s)
18:31:08  src.cpcv.preprocessing  INFO  Computing MDA (Random Forest)...
18:31:31  src.cpcv.preprocessing  INFO  Computing MDA (Logistic Regression)...
18:31:32  src.cpcv.preprocessing  INFO  Multi-model MDA: 20/62 passed (MDA > 0), 42 eliminated
18:31:32  src.cpcv.preprocessing  INFO    Capped at 18 features (top_k_frac=0.3)
18:31:32  src.cpcv.preprocessing  INFO    Selected (18): ['chaikin_osc', 'fee_per_tx', 'kurtosis', 'log_returns_lag3', 'log_returns_lag30', 'log_returns_lag7', 'macd_hist', 'realized_vol', 'shannon_entropy', 'silver_ret_30', 'skewness', 'sp500_ret_30', 'tx_count_roc_14', 'us10y', 'vol_term_30_90', 'vol_term_7_30', 'vwma_ratio_20_50', 'williams_r']
18:31:32  src.cpcv.pipeline  INFO    Preprocessing: 18 features selected, train=528 + cal=132, test=288
18:31:32  src.cpcv.tuning  INFO  Tuning (1 model) — Optuna TPE + Purged K-Fold (inner: 3 folds, embargo=10 obs)
18:31:32  src.cpcv.tuning  INFO    [tuning] kan (efficient-kan + AdamW): 3 purged K-fold splits, 30 Optuna trials (TPE)
18:32:35  src.cpcv.tuning  INFO      kan: 19 completed, 11 pruned (of 30 total) — best log_loss=0.6902, params={'width1': 5, 'lr': 0.0006042350437908467, 'weight_decay': 2.9145630351710333e-05, 'grid': 3}
18:32:35  src.cpcv.tuning  INFO    [tuning] kan done in 63.5s — best log_loss=0.6902
18:32:35  src.cpcv.tuning  INFO  Tuning total: 63.5s
18:32:35  src.cpcv.pipeline  INFO      applied kan: {'width1': 5, 'width2': 0, 'grid': 3, 'lr': 0.0006042350437908467, 'weight_decay': 2.9145630351710333e-05}
18:32:39  src.cpcv.models.kan_model  INFO  KAN fitted: widths=[18, 5, 2], grid=3, epochs=200, val_acc=0.5152, val_loss=0.6795, logit_range=[-0.36, 0.18], device=cpu.
18:32:39  src.cpcv.pipeline  INFO    [ 27/56]                  kan (seed=0) F1=0.409  AUC=0.578  LL=0.7576 (3.7s)
18:32:43  src.cpcv.models.kan_model  INFO  KAN fitted: widths=[18, 5, 2], grid=3, epochs=200, val_acc=0.5076, val_loss=0.6789, logit_range=[-0.36, 0.23], device=cpu.
18:32:43  src.cpcv.pipeline  INFO    [ 28/56]                  kan (seed=1) F1=0.390  AUC=0.587  LL=0.7562 (3.7s)
18:32:43  src.cpcv.preprocessing  INFO  Computing MDA (Random Forest)...
18:33:07  src.cpcv.preprocessing  INFO  Computing MDA (Logistic Regression)...
18:33:08  src.cpcv.preprocessing  INFO  Multi-model MDA: 14/62 passed (MDA > 0), 48 eliminated
18:33:08  src.cpcv.preprocessing  INFO    Selected (14): ['cci_14', 'hashrate_roc_30', 'hurst', 'issuance_ntv', 'log_returns', 'natgas_ret_30', 'negentropy', 'realized_vol', 'sadf', 'stoch_d', 'stoch_k', 'us10y', 'variance_ratio', 'yield_curve_2y10y']
18:33:08  src.cpcv.pipeline  INFO    Preprocessing: 14 features selected, train=519 + cal=130, test=288
18:33:08  src.cpcv.tuning  INFO  Tuning (1 model) — Optuna TPE + Purged K-Fold (inner: 3 folds, embargo=10 obs)
18:33:08  src.cpcv.tuning  INFO    [tuning] kan (efficient-kan + AdamW): 3 purged K-fold splits, 30 Optuna trials (TPE)
18:34:13  src.cpcv.tuning  INFO      kan: 21 completed, 9 pruned (of 30 total) — best log_loss=0.6906, params={'width1': 6, 'lr': 0.0007545271135881725, 'weight_decay': 3.031990278245586e-05, 'grid': 3}
18:34:13  src.cpcv.tuning  INFO    [tuning] kan done in 64.9s — best log_loss=0.6906
18:34:13  src.cpcv.tuning  INFO  Tuning total: 64.9s
18:34:13  src.cpcv.pipeline  INFO      applied kan: {'width1': 6, 'width2': 0, 'grid': 3, 'lr': 0.0007545271135881725, 'weight_decay': 3.031990278245586e-05}
18:34:14  src.cpcv.models.kan_model  INFO  KAN fitted: widths=[14, 6, 2], grid=3, epochs=68, val_acc=0.4846, val_loss=0.6908, logit_range=[-0.12, 0.14], device=cpu.
18:34:14  src.cpcv.pipeline  INFO    [ 29/56]                  kan (seed=0) F1=0.344  AUC=0.449  LL=0.7051 (1.2s)
18:34:17  src.cpcv.models.kan_model  INFO  KAN fitted: widths=[14, 6, 2], grid=3, epochs=137, val_acc=0.5385, val_loss=0.6944, logit_range=[-0.14, 0.22], device=cpu.
18:34:17  src.cpcv.pipeline  INFO    [ 30/56]                  kan (seed=1) F1=0.344  AUC=0.472  LL=0.6922 (2.5s)
18:34:17  src.cpcv.preprocessing  INFO  Computing MDA (Random Forest)...
18:34:40  src.cpcv.preprocessing  INFO  Computing MDA (Logistic Regression)...
18:34:41  src.cpcv.preprocessing  INFO  Multi-model MDA: 35/62 passed (MDA > 0), 27 eliminated
18:34:41  src.cpcv.preprocessing  INFO    Capped at 18 features (top_k_frac=0.3)
18:34:41  src.cpcv.preprocessing  INFO    Selected (18): ['cci_14', 'ema_ratio_20_50', 'fee_per_tx', 'log_returns_lag1', 'log_returns_lag2', 'log_returns_lag30', 'natgas_ret_30', 'negentropy', 'net_exchange_flow', 'obv', 'oil_ret_30', 'silver_ret_30', 'skewness', 'stoch_d', 'stoch_k', 'vol_term_30_90', 'vwma_ratio_20_50', 'yield_curve_10y30y']
18:34:41  src.cpcv.pipeline  INFO    Preprocessing: 18 features selected, train=517 + cal=130, test=288
18:34:41  src.cpcv.tuning  INFO  Tuning (1 model) — Optuna TPE + Purged K-Fold (inner: 3 folds, embargo=10 obs)
18:34:41  src.cpcv.tuning  INFO    [tuning] kan (efficient-kan + AdamW): 3 purged K-fold splits, 30 Optuna trials (TPE)
18:36:23  src.cpcv.tuning  INFO      kan: 26 completed, 4 pruned (of 30 total) — best log_loss=0.6882, params={'width1': 2, 'lr': 0.0006533369619026638, 'weight_decay': 0.002176624112345368, 'grid': 5}
18:36:23  src.cpcv.tuning  INFO    [tuning] kan done in 101.6s — best log_loss=0.6882
18:36:23  src.cpcv.tuning  INFO  Tuning total: 101.6s
18:36:23  src.cpcv.pipeline  INFO      applied kan: {'width1': 2, 'width2': 0, 'grid': 5, 'lr': 0.0006533369619026638, 'weight_decay': 0.002176624112345368}
18:36:26  src.cpcv.models.kan_model  INFO  KAN fitted: widths=[18, 2, 2], grid=5, epochs=200, val_acc=0.5231, val_loss=0.6832, logit_range=[-0.22, 0.18], device=cpu.
18:36:27  src.cpcv.pipeline  INFO    [ 31/56]                  kan (seed=0) F1=0.390  AUC=0.486  LL=0.7635 (3.5s)
18:36:30  src.cpcv.models.kan_model  INFO  KAN fitted: widths=[18, 2, 2], grid=5, epochs=200, val_acc=0.5231, val_loss=0.6784, logit_range=[-0.27, 0.17], device=cpu.
18:36:30  src.cpcv.pipeline  INFO    [ 32/56]                  kan (seed=1) F1=0.481  AUC=0.524  LL=0.7362 (3.2s)
18:36:30  src.cpcv.preprocessing  INFO  Computing MDA (Random Forest)...
18:36:52  src.cpcv.preprocessing  INFO  Computing MDA (Logistic Regression)...
18:36:53  src.cpcv.preprocessing  INFO  Multi-model MDA: 37/62 passed (MDA > 0), 25 eliminated
18:36:53  src.cpcv.preprocessing  INFO    Capped at 18 features (top_k_frac=0.3)
18:36:53  src.cpcv.preprocessing  INFO    Selected (18): ['atr', 'cci_14', 'log_returns', 'log_returns_lag2', 'log_returns_lag3', 'log_returns_lag7', 'macd_hist', 'macd_signal', 'mfi_14', 'obv', 'rsi', 'sadf', 'skewness', 'sp500_ret_30', 'vix', 'vwma_ratio_20_50', 'williams_r', 'yz_vol']
18:36:53  src.cpcv.pipeline  INFO    Preprocessing: 18 features selected, train=518 + cal=130, test=288
18:36:53  src.cpcv.tuning  INFO  Tuning (1 model) — Optuna TPE + Purged K-Fold (inner: 3 folds, embargo=10 obs)
18:36:53  src.cpcv.tuning  INFO    [tuning] kan (efficient-kan + AdamW): 3 purged K-fold splits, 30 Optuna trials (TPE)
18:38:06  src.cpcv.tuning  INFO      kan: 12 completed, 18 pruned (of 30 total) — best log_loss=0.6812, params={'width1': 3, 'lr': 0.02384856084547451, 'weight_decay': 9.148922063692346e-05, 'grid': 3}
18:38:06  src.cpcv.tuning  INFO    [tuning] kan done in 72.4s — best log_loss=0.6812
18:38:06  src.cpcv.tuning  INFO  Tuning total: 72.4s
18:38:06  src.cpcv.pipeline  INFO      applied kan: {'width1': 3, 'width2': 0, 'grid': 3, 'lr': 0.02384856084547451, 'weight_decay': 9.148922063692346e-05}
18:38:06  src.cpcv.models.kan_model  INFO  KAN fitted: widths=[18, 3, 2], grid=3, epochs=33, val_acc=0.5538, val_loss=0.6715, logit_range=[-0.45, 1.41], device=cpu.
18:38:06  src.cpcv.pipeline  INFO    [ 33/56]                  kan (seed=0) F1=0.419  AUC=0.466  LL=0.8824 (0.6s)
18:38:07  src.cpcv.models.kan_model  INFO  KAN fitted: widths=[18, 3, 2], grid=3, epochs=34, val_acc=0.5231, val_loss=0.6746, logit_range=[-0.85, 0.73], device=cpu.
18:38:07  src.cpcv.pipeline  INFO    [ 34/56]                  kan (seed=1) F1=0.404  AUC=0.459  LL=0.8913 (0.6s)
18:38:07  src.cpcv.preprocessing  INFO  Computing MDA (Random Forest)...
18:38:30  src.cpcv.preprocessing  INFO  Computing MDA (Logistic Regression)...
18:38:31  src.cpcv.preprocessing  INFO  Multi-model MDA: 11/62 passed (MDA > 0), 51 eliminated
18:38:31  src.cpcv.preprocessing  INFO    Selected (11): ['bb_width', 'cci_14', 'exchange_supply_pct', 'log_returns_lag7', 'mvrv', 'net_exchange_flow', 'skewness', 'tx_count_roc_14', 'us2y', 'vol_term_30_90', 'yz_vol']
18:38:31  src.cpcv.pipeline  INFO    Preprocessing: 11 features selected, train=520 + cal=130, test=295
18:38:31  src.cpcv.tuning  INFO  Tuning (1 model) — Optuna TPE + Purged K-Fold (inner: 3 folds, embargo=10 obs)
18:38:31  src.cpcv.tuning  INFO    [tuning] kan (efficient-kan + AdamW): 3 purged K-fold splits, 30 Optuna trials (TPE)
18:39:44  src.cpcv.tuning  INFO      kan: 29 completed, 1 pruned (of 30 total) — best log_loss=0.6847, params={'width1': 4, 'lr': 0.03198047745838326, 'weight_decay': 0.00497495368015416, 'grid': 3}
18:39:44  src.cpcv.tuning  INFO    [tuning] kan done in 73.1s — best log_loss=0.6847
18:39:44  src.cpcv.tuning  INFO  Tuning total: 73.1s
18:39:44  src.cpcv.pipeline  INFO      applied kan: {'width1': 4, 'width2': 0, 'grid': 3, 'lr': 0.03198047745838326, 'weight_decay': 0.00497495368015416}
18:39:44  src.cpcv.models.kan_model  INFO  KAN fitted: widths=[11, 4, 2], grid=3, epochs=21, val_acc=0.4615, val_loss=0.6921, logit_range=[-0.11, 0.10], device=cpu.
18:39:44  src.cpcv.pipeline  INFO    [ 35/56]                  kan (seed=0) F1=0.336  AUC=0.476  LL=0.6954 (0.4s)
18:39:45  src.cpcv.models.kan_model  INFO  KAN fitted: widths=[11, 4, 2], grid=3, epochs=22, val_acc=0.4615, val_loss=0.6908, logit_range=[-0.22, 0.09], device=cpu.
18:39:45  src.cpcv.pipeline  INFO    [ 36/56]                  kan (seed=1) F1=0.336  AUC=0.438  LL=0.6987 (0.4s)
18:39:45  src.cpcv.preprocessing  INFO  Computing MDA (Random Forest)...
18:40:08  src.cpcv.preprocessing  INFO  Computing MDA (Logistic Regression)...
18:40:09  src.cpcv.preprocessing  INFO  Multi-model MDA: 26/62 passed (MDA > 0), 36 eliminated
18:40:09  src.cpcv.preprocessing  INFO    Capped at 18 features (top_k_frac=0.3)
18:40:09  src.cpcv.preprocessing  INFO    Selected (18): ['atr', 'eth_btc_ratio', 'hurst', 'log_returns', 'log_returns_lag1', 'log_returns_lag14', 'lz_complexity', 'mvrv', 'natgas_ret_30', 'negentropy', 'net_exchange_flow', 'realized_vol', 'sadf', 'silver_ret_30', 'stoch_d', 'tx_count_roc_14', 'yield_curve_10y30y', 'yz_vol']
18:40:09  src.cpcv.pipeline  INFO    Preprocessing: 18 features selected, train=528 + cal=133, test=288
18:40:09  src.cpcv.tuning  INFO  Tuning (1 model) — Optuna TPE + Purged K-Fold (inner: 3 folds, embargo=10 obs)
18:40:09  src.cpcv.tuning  INFO    [tuning] kan (efficient-kan + AdamW): 3 purged K-fold splits, 30 Optuna trials (TPE)
18:40:54  src.cpcv.tuning  INFO      kan: 17 completed, 13 pruned (of 30 total) — best log_loss=0.6905, params={'width1': 5, 'lr': 0.0008492426037233503, 'weight_decay': 0.0005331534532326766, 'grid': 3}
18:40:54  src.cpcv.tuning  INFO    [tuning] kan done in 44.6s — best log_loss=0.6905
18:40:54  src.cpcv.tuning  INFO  Tuning total: 44.6s
18:40:54  src.cpcv.pipeline  INFO      applied kan: {'width1': 5, 'width2': 0, 'grid': 3, 'lr': 0.0008492426037233503, 'weight_decay': 0.0005331534532326766}
18:40:54  src.cpcv.models.kan_model  INFO  KAN fitted: widths=[18, 5, 2], grid=3, epochs=23, val_acc=0.5263, val_loss=0.6920, logit_range=[-0.13, 0.18], device=cpu.
18:40:54  src.cpcv.pipeline  INFO    [ 37/56]                  kan (seed=0) F1=0.407  AUC=0.478  LL=0.6834 (0.5s)
18:40:56  src.cpcv.models.kan_model  INFO  KAN fitted: widths=[18, 5, 2], grid=3, epochs=79, val_acc=0.5338, val_loss=0.6890, logit_range=[-0.15, 0.27], device=cpu.
18:40:56  src.cpcv.pipeline  INFO    [ 38/56]                  kan (seed=1) F1=0.433  AUC=0.510  LL=0.6841 (1.6s)
18:40:56  src.cpcv.preprocessing  INFO  Computing MDA (Random Forest)...
18:41:18  src.cpcv.preprocessing  INFO  Computing MDA (Logistic Regression)...
18:41:19  src.cpcv.preprocessing  INFO  Multi-model MDA: 26/62 passed (MDA > 0), 36 eliminated
18:41:19  src.cpcv.preprocessing  INFO    Capped at 18 features (top_k_frac=0.3)
18:41:19  src.cpcv.preprocessing  INFO    Selected (18): ['copper_ret_30', 'ema_ratio_20_50', 'eth_btc_ratio', 'gold_ret_30', 'issuance_ntv', 'jarque_bera', 'log_returns_lag14', 'macd', 'natgas_ret_30', 'negentropy', 'oil_ret_30', 'roc_14', 'skewness', 'smt_poly1', 'us2y', 'variance_ratio', 'vix', 'vol_term_30_90']
18:41:19  src.cpcv.pipeline  INFO    Preprocessing: 18 features selected, train=518 + cal=130, test=288
18:41:19  src.cpcv.tuning  INFO  Tuning (1 model) — Optuna TPE + Purged K-Fold (inner: 3 folds, embargo=10 obs)
18:41:19  src.cpcv.tuning  INFO    [tuning] kan (efficient-kan + AdamW): 3 purged K-fold splits, 30 Optuna trials (TPE)
18:42:34  src.cpcv.tuning  INFO      kan: 16 completed, 14 pruned (of 30 total) — best log_loss=0.6785, params={'width1': 5, 'lr': 0.00916038623831982, 'weight_decay': 0.0004898491725707815, 'grid': 3}
18:42:34  src.cpcv.tuning  INFO    [tuning] kan done in 75.3s — best log_loss=0.6785
18:42:34  src.cpcv.tuning  INFO  Tuning total: 75.3s
18:42:34  src.cpcv.pipeline  INFO      applied kan: {'width1': 5, 'width2': 0, 'grid': 3, 'lr': 0.00916038623831982, 'weight_decay': 0.0004898491725707815}
18:42:35  src.cpcv.models.kan_model  INFO  KAN fitted: widths=[18, 5, 2], grid=3, epochs=32, val_acc=0.6154, val_loss=0.6800, logit_range=[-0.39, 0.44], device=cpu.
18:42:35  src.cpcv.pipeline  INFO    [ 39/56]                  kan (seed=0) F1=0.564  AUC=0.552  LL=0.6899 (0.6s)
18:42:36  src.cpcv.models.kan_model  INFO  KAN fitted: widths=[18, 5, 2], grid=3, epochs=39, val_acc=0.5923, val_loss=0.6841, logit_range=[-0.43, 0.33], device=cpu.
18:42:36  src.cpcv.pipeline  INFO    [ 40/56]                  kan (seed=1) F1=0.569  AUC=0.562  LL=0.6865 (0.8s)
18:42:36  src.cpcv.preprocessing  INFO  Computing MDA (Random Forest)...
18:42:59  src.cpcv.preprocessing  INFO  Computing MDA (Logistic Regression)...
18:43:00  src.cpcv.preprocessing  INFO  Multi-model MDA: 42/62 passed (MDA > 0), 20 eliminated
18:43:00  src.cpcv.preprocessing  INFO    Capped at 18 features (top_k_frac=0.3)
18:43:00  src.cpcv.preprocessing  INFO    Selected (18): ['chaikin_osc', 'copper_ret_30', 'eth_btc_ratio', 'fee_per_tx', 'hashrate_roc_30', 'jarque_bera', 'log_returns_lag14', 'log_returns_lag3', 'macd_hist', 'mfi_14', 'net_exchange_flow', 'oil_ret_30', 'roc_14', 'silver_ret_30', 'skewness', 'variance_ratio', 'vix', 'vol_term_7_30']
18:43:00  src.cpcv.pipeline  INFO    Preprocessing: 18 features selected, train=519 + cal=130, test=288
18:43:00  src.cpcv.tuning  INFO  Tuning (1 model) — Optuna TPE + Purged K-Fold (inner: 3 folds, embargo=10 obs)
18:43:00  src.cpcv.tuning  INFO    [tuning] kan (efficient-kan + AdamW): 3 purged K-fold splits, 30 Optuna trials (TPE)
18:43:47  src.cpcv.tuning  INFO      kan: 10 completed, 20 pruned (of 30 total) — best log_loss=0.6783, params={'width1': 3, 'lr': 0.014989291095615252, 'weight_decay': 0.004869061175475983, 'grid': 3}
18:43:47  src.cpcv.tuning  INFO    [tuning] kan done in 46.8s — best log_loss=0.6783
18:43:47  src.cpcv.tuning  INFO  Tuning total: 46.8s
18:43:47  src.cpcv.pipeline  INFO      applied kan: {'width1': 3, 'width2': 0, 'grid': 3, 'lr': 0.014989291095615252, 'weight_decay': 0.004869061175475983}
18:43:47  src.cpcv.models.kan_model  INFO  KAN fitted: widths=[18, 3, 2], grid=3, epochs=36, val_acc=0.6385, val_loss=0.6636, logit_range=[-0.44, 1.19], device=cpu.
18:43:47  src.cpcv.pipeline  INFO    [ 41/56]                  kan (seed=0) F1=0.451  AUC=0.464  LL=0.7225 (0.6s)
18:43:48  src.cpcv.models.kan_model  INFO  KAN fitted: widths=[18, 3, 2], grid=3, epochs=52, val_acc=0.6000, val_loss=0.6664, logit_range=[-1.06, 0.50], device=cpu.
18:43:48  src.cpcv.pipeline  INFO    [ 42/56]                  kan (seed=1) F1=0.474  AUC=0.492  LL=0.7144 (0.9s)
18:43:48  src.cpcv.preprocessing  INFO  Computing MDA (Random Forest)...
18:44:11  src.cpcv.preprocessing  INFO  Computing MDA (Logistic Regression)...
18:44:12  src.cpcv.preprocessing  INFO  Multi-model MDA: 37/62 passed (MDA > 0), 25 eliminated
18:44:12  src.cpcv.preprocessing  INFO    Capped at 18 features (top_k_frac=0.3)
18:44:12  src.cpcv.preprocessing  INFO    Selected (18): ['bb_width', 'cci_14', 'chaikin_osc', 'dxy_roc_30', 'ema_ratio_20_50', 'eth_btc_ratio', 'gk_vol', 'hurst', 'kurtosis', 'log_returns_lag1', 'roc_14', 'shannon_entropy', 'silver_ret_30', 'smt_poly1', 'sp500_ret_30', 'tx_count_roc_14', 'us10y', 'yz_vol']
18:44:12  src.cpcv.pipeline  INFO    Preprocessing: 18 features selected, train=520 + cal=131, test=295
18:44:12  src.cpcv.tuning  INFO  Tuning (1 model) — Optuna TPE + Purged K-Fold (inner: 3 folds, embargo=10 obs)
18:44:12  src.cpcv.tuning  INFO    [tuning] kan (efficient-kan + AdamW): 3 purged K-fold splits, 30 Optuna trials (TPE)
18:45:35  src.cpcv.tuning  INFO      kan: 26 completed, 4 pruned (of 30 total) — best log_loss=0.6810, params={'width1': 5, 'lr': 0.021763809316471542, 'weight_decay': 1.017015616941771e-05, 'grid': 5}
18:45:35  src.cpcv.tuning  INFO    [tuning] kan done in 83.7s — best log_loss=0.6810
18:45:35  src.cpcv.tuning  INFO  Tuning total: 83.7s
18:45:35  src.cpcv.pipeline  INFO      applied kan: {'width1': 5, 'width2': 0, 'grid': 5, 'lr': 0.021763809316471542, 'weight_decay': 1.017015616941771e-05}
18:45:36  src.cpcv.models.kan_model  INFO  KAN fitted: widths=[18, 5, 2], grid=5, epochs=21, val_acc=0.4580, val_loss=0.6947, logit_range=[-0.20, 0.13], device=cpu.
18:45:36  src.cpcv.pipeline  INFO    [ 43/56]                  kan (seed=0) F1=0.360  AUC=0.486  LL=0.6868 (0.5s)
18:45:36  src.cpcv.models.kan_model  INFO  KAN fitted: widths=[18, 5, 2], grid=5, epochs=21, val_acc=0.5115, val_loss=0.6926, logit_range=[-0.18, 0.14], device=cpu.
18:45:36  src.cpcv.pipeline  INFO    [ 44/56]                  kan (seed=1) F1=0.377  AUC=0.539  LL=0.6849 (0.4s)
18:45:37  src.cpcv.preprocessing  INFO  Computing MDA (Random Forest)...
18:45:59  src.cpcv.preprocessing  INFO  Computing MDA (Logistic Regression)...
18:46:00  src.cpcv.preprocessing  INFO  Multi-model MDA: 23/62 passed (MDA > 0), 39 eliminated
18:46:00  src.cpcv.preprocessing  INFO    Capped at 18 features (top_k_frac=0.3)
18:46:00  src.cpcv.preprocessing  INFO    Selected (18): ['active_addr_roc_14', 'atr', 'cci_14', 'chaikin_osc', 'ema_ratio_20_50', 'ema_ratio_50_200', 'exchange_supply_pct', 'kurtosis', 'log_returns_lag7', 'lz_complexity', 'macd_hist', 'mfi_14', 'nasdaq_ret_30', 'natgas_ret_30', 'negentropy', 'rsi', 'stoch_k', 'tx_count_roc_14']
18:46:00  src.cpcv.pipeline  INFO    Preprocessing: 18 features selected, train=528 + cal=133, test=288
18:46:00  src.cpcv.tuning  INFO  Tuning (1 model) — Optuna TPE + Purged K-Fold (inner: 3 folds, embargo=10 obs)
18:46:00  src.cpcv.tuning  INFO    [tuning] kan (efficient-kan + AdamW): 3 purged K-fold splits, 30 Optuna trials (TPE)
18:46:39  src.cpcv.tuning  INFO      kan: 13 completed, 17 pruned (of 30 total) — best log_loss=0.6847, params={'width1': 2, 'lr': 0.048947769143449005, 'weight_decay': 0.0049802282257615385, 'grid': 3}
18:46:39  src.cpcv.tuning  INFO    [tuning] kan done in 39.0s — best log_loss=0.6847
18:46:39  src.cpcv.tuning  INFO  Tuning total: 39.0s
18:46:39  src.cpcv.pipeline  INFO      applied kan: {'width1': 2, 'width2': 0, 'grid': 3, 'lr': 0.048947769143449005, 'weight_decay': 0.0049802282257615385}
18:46:39  src.cpcv.models.kan_model  INFO  KAN fitted: widths=[18, 2, 2], grid=3, epochs=21, val_acc=0.5489, val_loss=0.6930, logit_range=[-0.15, 0.32], device=cpu.
18:46:39  src.cpcv.pipeline  INFO    [ 45/56]                  kan (seed=0) F1=0.495  AUC=0.518  LL=0.6900 (0.4s)
18:46:40  src.cpcv.models.kan_model  INFO  KAN fitted: widths=[18, 2, 2], grid=3, epochs=31, val_acc=0.5940, val_loss=0.6897, logit_range=[-0.68, 0.85], device=cpu.
18:46:40  src.cpcv.pipeline  INFO    [ 46/56]                  kan (seed=1) F1=0.462  AUC=0.502  LL=0.6957 (0.5s)
18:46:40  src.cpcv.preprocessing  INFO  Computing MDA (Random Forest)...
18:47:02  src.cpcv.preprocessing  INFO  Computing MDA (Logistic Regression)...
18:47:03  src.cpcv.preprocessing  INFO  Multi-model MDA: 36/62 passed (MDA > 0), 26 eliminated
18:47:03  src.cpcv.preprocessing  INFO    Capped at 18 features (top_k_frac=0.3)
18:47:03  src.cpcv.preprocessing  INFO    Selected (18): ['bb_width', 'chaikin_osc', 'gk_vol', 'kurtosis', 'log_returns_lag3', 'oil_ret_30', 'roc_14', 'rsi', 'sadf', 'silver_ret_30', 'skewness', 'smt_exp', 'vix', 'vwma_ratio_20_50', 'williams_r', 'yield_curve_10y30y', 'yield_curve_2y10y', 'yz_vol']
18:47:03  src.cpcv.pipeline  INFO    Preprocessing: 18 features selected, train=519 + cal=130, test=288
18:47:03  src.cpcv.tuning  INFO  Tuning (1 model) — Optuna TPE + Purged K-Fold (inner: 3 folds, embargo=10 obs)
18:47:03  src.cpcv.tuning  INFO    [tuning] kan (efficient-kan + AdamW): 3 purged K-fold splits, 30 Optuna trials (TPE)
18:48:32  src.cpcv.tuning  INFO      kan: 15 completed, 15 pruned (of 30 total) — best log_loss=0.6690, params={'width1': 4, 'lr': 0.005682347515972473, 'weight_decay': 5.582686227303038e-05, 'grid': 3}
18:48:32  src.cpcv.tuning  INFO    [tuning] kan done in 89.1s — best log_loss=0.6690
18:48:32  src.cpcv.tuning  INFO  Tuning total: 89.1s
18:48:32  src.cpcv.pipeline  INFO      applied kan: {'width1': 4, 'width2': 0, 'grid': 3, 'lr': 0.005682347515972473, 'weight_decay': 5.582686227303038e-05}
18:48:33  src.cpcv.models.kan_model  INFO  KAN fitted: widths=[18, 4, 2], grid=3, epochs=52, val_acc=0.5538, val_loss=0.6887, logit_range=[-0.36, 0.34], device=cpu.
18:48:33  src.cpcv.pipeline  INFO    [ 47/56]                  kan (seed=0) F1=0.508  AUC=0.539  LL=0.6903 (1.1s)
18:48:34  src.cpcv.models.kan_model  INFO  KAN fitted: widths=[18, 4, 2], grid=3, epochs=52, val_acc=0.5308, val_loss=0.6898, logit_range=[-0.24, 0.26], device=cpu.
18:48:34  src.cpcv.pipeline  INFO    [ 48/56]                  kan (seed=1) F1=0.516  AUC=0.536  LL=0.6974 (1.2s)
18:48:34  src.cpcv.preprocessing  INFO  Computing MDA (Random Forest)...
18:48:57  src.cpcv.preprocessing  INFO  Computing MDA (Logistic Regression)...
18:48:58  src.cpcv.preprocessing  INFO  Multi-model MDA: 10/62 passed (MDA > 0), 52 eliminated
18:48:58  src.cpcv.preprocessing  INFO    Selected (10): ['active_addr_roc_14', 'dxy_roc_30', 'ema_ratio_50_200', 'eth_btc_ratio', 'gk_vol', 'hurst', 'kurtosis', 'log_returns_lag3', 'macd', 'nasdaq_ret_30']
18:48:58  src.cpcv.pipeline  INFO    Preprocessing: 10 features selected, train=520 + cal=131, test=295
18:48:58  src.cpcv.tuning  INFO  Tuning (1 model) — Optuna TPE + Purged K-Fold (inner: 3 folds, embargo=10 obs)
18:48:58  src.cpcv.tuning  INFO    [tuning] kan (efficient-kan + AdamW): 3 purged K-fold splits, 30 Optuna trials (TPE)
18:49:30  src.cpcv.tuning  INFO      kan: 13 completed, 17 pruned (of 30 total) — best log_loss=0.6892, params={'width1': 3, 'lr': 0.03984727409321968, 'weight_decay': 0.0009454306819536165, 'grid': 3}
18:49:30  src.cpcv.tuning  INFO    [tuning] kan done in 32.1s — best log_loss=0.6892
18:49:30  src.cpcv.tuning  INFO  Tuning total: 32.1s
18:49:30  src.cpcv.pipeline  INFO      applied kan: {'width1': 3, 'width2': 0, 'grid': 3, 'lr': 0.03984727409321968, 'weight_decay': 0.0009454306819536165}
18:49:30  src.cpcv.models.kan_model  INFO  KAN fitted: widths=[10, 3, 2], grid=3, epochs=21, val_acc=0.5267, val_loss=0.6917, logit_range=[-0.08, 0.11], device=cpu.
18:49:31  src.cpcv.pipeline  INFO    [ 49/56]                  kan (seed=0) F1=0.506  AUC=0.507  LL=0.7076 (0.4s)
18:49:31  src.cpcv.models.kan_model  INFO  KAN fitted: widths=[10, 3, 2], grid=3, epochs=21, val_acc=0.5878, val_loss=0.6898, logit_range=[-0.08, 0.07], device=cpu.
18:49:31  src.cpcv.pipeline  INFO    [ 50/56]                  kan (seed=1) F1=0.503  AUC=0.487  LL=0.7339 (0.4s)
18:49:31  src.cpcv.preprocessing  INFO  Computing MDA (Random Forest)...
18:49:55  src.cpcv.preprocessing  INFO  Computing MDA (Logistic Regression)...
18:49:56  src.cpcv.preprocessing  INFO  Multi-model MDA: 47/62 passed (MDA > 0), 15 eliminated
18:49:56  src.cpcv.preprocessing  INFO    Capped at 18 features (top_k_frac=0.3)
18:49:56  src.cpcv.preprocessing  INFO    Selected (18): ['active_addr_roc_14', 'chaikin_osc', 'dxy_roc_30', 'eth_btc_ratio', 'exchange_supply_pct', 'kurtosis', 'log_returns', 'log_returns_lag14', 'log_returns_lag2', 'mfi_14', 'negentropy', 'roc_14', 'silver_ret_30', 'smt_exp', 'smt_poly1', 'tx_count_roc_14', 'vol_term_30_90', 'vwma_ratio_20_50']
18:49:56  src.cpcv.pipeline  INFO    Preprocessing: 18 features selected, train=527 + cal=132, test=288
18:49:56  src.cpcv.tuning  INFO  Tuning (1 model) — Optuna TPE + Purged K-Fold (inner: 3 folds, embargo=10 obs)
18:49:56  src.cpcv.tuning  INFO    [tuning] kan (efficient-kan + AdamW): 3 purged K-fold splits, 30 Optuna trials (TPE)
18:50:40  src.cpcv.tuning  INFO      kan: 12 completed, 18 pruned (of 30 total) — best log_loss=0.6898, params={'width1': 2, 'lr': 0.017457850355292456, 'weight_decay': 0.00013201710447712978, 'grid': 3}
18:50:40  src.cpcv.tuning  INFO    [tuning] kan done in 44.4s — best log_loss=0.6898
18:50:40  src.cpcv.tuning  INFO  Tuning total: 44.4s
18:50:40  src.cpcv.pipeline  INFO      applied kan: {'width1': 2, 'width2': 0, 'grid': 3, 'lr': 0.017457850355292456, 'weight_decay': 0.00013201710447712978}
18:50:41  src.cpcv.models.kan_model  INFO  KAN fitted: widths=[18, 2, 2], grid=3, epochs=29, val_acc=0.5455, val_loss=0.6898, logit_range=[-0.37, 0.49], device=cpu.
18:50:41  src.cpcv.pipeline  INFO    [ 51/56]                  kan (seed=0) F1=0.542  AUC=0.559  LL=0.6889 (0.5s)
18:50:42  src.cpcv.models.kan_model  INFO  KAN fitted: widths=[18, 2, 2], grid=3, epochs=54, val_acc=0.5227, val_loss=0.6755, logit_range=[-0.51, 0.74], device=cpu.
18:50:42  src.cpcv.pipeline  INFO    [ 52/56]                  kan (seed=1) F1=0.505  AUC=0.540  LL=0.7095 (0.9s)
18:50:42  src.cpcv.preprocessing  INFO  Computing MDA (Random Forest)...
18:51:04  src.cpcv.preprocessing  INFO  Computing MDA (Logistic Regression)...
18:51:06  src.cpcv.preprocessing  INFO  Multi-model MDA: 24/62 passed (MDA > 0), 38 eliminated
18:51:06  src.cpcv.preprocessing  INFO    Capped at 18 features (top_k_frac=0.3)
18:51:06  src.cpcv.preprocessing  INFO    Selected (18): ['bb_width', 'eth_btc_ratio', 'exchange_supply_pct', 'gk_vol', 'gold_ret_30', 'hashrate_roc_30', 'log_returns_lag1', 'macd_hist', 'mfi_14', 'natgas_ret_30', 'realized_vol', 'skewness', 'us10y', 'us2y', 'vix', 'yield_curve_10y30y', 'yield_curve_2y10y', 'yz_vol']
18:51:06  src.cpcv.pipeline  INFO    Preprocessing: 18 features selected, train=519 + cal=130, test=295
18:51:06  src.cpcv.tuning  INFO  Tuning (1 model) — Optuna TPE + Purged K-Fold (inner: 3 folds, embargo=10 obs)
18:51:06  src.cpcv.tuning  INFO    [tuning] kan (efficient-kan + AdamW): 3 purged K-fold splits, 30 Optuna trials (TPE)
18:51:59  src.cpcv.tuning  INFO      kan: 17 completed, 13 pruned (of 30 total) — best log_loss=0.6778, params={'width1': 4, 'lr': 0.021457650109071025, 'weight_decay': 0.002822244564977569, 'grid': 3}
18:51:59  src.cpcv.tuning  INFO    [tuning] kan done in 53.9s — best log_loss=0.6778
18:51:59  src.cpcv.tuning  INFO  Tuning total: 53.9s
18:51:59  src.cpcv.pipeline  INFO      applied kan: {'width1': 4, 'width2': 0, 'grid': 3, 'lr': 0.021457650109071025, 'weight_decay': 0.002822244564977569}
18:52:00  src.cpcv.models.kan_model  INFO  KAN fitted: widths=[18, 4, 2], grid=3, epochs=23, val_acc=0.4462, val_loss=0.6944, logit_range=[-0.24, 0.09], device=cpu.
18:52:00  src.cpcv.pipeline  INFO    [ 53/56]                  kan (seed=0) F1=0.347  AUC=0.601  LL=0.6908 (0.5s)
18:52:00  src.cpcv.models.kan_model  INFO  KAN fitted: widths=[18, 4, 2], grid=3, epochs=23, val_acc=0.4615, val_loss=0.6910, logit_range=[-0.12, 0.15], device=cpu.
18:52:00  src.cpcv.pipeline  INFO    [ 54/56]                  kan (seed=1) F1=0.493  AUC=0.546  LL=0.7212 (0.5s)
18:52:01  src.cpcv.preprocessing  INFO  Computing MDA (Random Forest)...
18:52:23  src.cpcv.preprocessing  INFO  Computing MDA (Logistic Regression)...
18:52:24  src.cpcv.preprocessing  INFO  Multi-model MDA: 19/62 passed (MDA > 0), 43 eliminated
18:52:24  src.cpcv.preprocessing  INFO    Capped at 18 features (top_k_frac=0.3)
18:52:24  src.cpcv.preprocessing  INFO    Selected (18): ['atr', 'chaikin_osc', 'eth_btc_ratio', 'exchange_supply_pct', 'gk_vol', 'kurtosis', 'log_returns', 'nasdaq_ret_30', 'net_exchange_flow', 'realized_vol', 'roc_14', 'shannon_entropy', 'silver_ret_30', 'smt_exp', 'smt_poly1', 'sp500_ret_30', 'us10y', 'vix']
18:52:24  src.cpcv.pipeline  INFO    Preprocessing: 18 features selected, train=531 + cal=133, test=295
18:52:24  src.cpcv.tuning  INFO  Tuning (1 model) — Optuna TPE + Purged K-Fold (inner: 3 folds, embargo=10 obs)
18:52:24  src.cpcv.tuning  INFO    [tuning] kan (efficient-kan + AdamW): 3 purged K-fold splits, 30 Optuna trials (TPE)
18:54:03  src.cpcv.tuning  INFO      kan: 24 completed, 6 pruned (of 30 total) — best log_loss=0.6869, params={'width1': 6, 'lr': 0.0015002198677782266, 'weight_decay': 2.6422823676719816e-05, 'grid': 3}
18:54:03  src.cpcv.tuning  INFO    [tuning] kan done in 98.4s — best log_loss=0.6869
18:54:03  src.cpcv.tuning  INFO  Tuning total: 98.4s
18:54:03  src.cpcv.pipeline  INFO      applied kan: {'width1': 6, 'width2': 0, 'grid': 3, 'lr': 0.0015002198677782266, 'weight_decay': 2.6422823676719816e-05}
18:54:06  src.cpcv.models.kan_model  INFO  KAN fitted: widths=[18, 6, 2], grid=3, epochs=159, val_acc=0.5789, val_loss=0.6483, logit_range=[-0.46, 0.79], device=cpu.
18:54:06  src.cpcv.pipeline  INFO    [ 55/56]                  kan (seed=0) F1=0.455  AUC=0.525  LL=0.7949 (3.0s)
18:54:09  src.cpcv.models.kan_model  INFO  KAN fitted: widths=[18, 6, 2], grid=3, epochs=181, val_acc=0.5639, val_loss=0.6554, logit_range=[-0.52, 0.48], device=cpu.
18:54:10  src.cpcv.pipeline  INFO    [ 56/56]                  kan (seed=1) F1=0.476  AUC=0.553  LL=0.7379 (3.6s)
18:54:10  src.cpcv.pipeline  INFO  ============================================================
18:54:10  src.cpcv.pipeline  INFO  CPCV Pipeline Complete
18:54:10  src.cpcv.pipeline  INFO  ============================================================
18:54:10  src.cpcv.pipeline  INFO    Total time:     2620.8s (43.7m)
18:54:10  src.cpcv.pipeline  INFO    Tasks:          56 succeeded, 0 failed
18:54:10  src.cpcv.pipeline  INFO    Results keys:   56 (model, split, seed) entries
18:54:10  src.cpcv.pipeline  INFO    Backtest paths: 7
18:54:10  src.cpcv.pipeline  INFO    Tuning:         nested (per-split), 28 splits tuned, models=['kan']
18:54:10  src.cpcv.pipeline  INFO  ============================================================
18:54:49  src.cpcv.cv  INFO  CPCV: 28 splits generated (N=8, k=2, embargo=11 obs).
18:54:49  src.post_cpcv.symbolic_extraction  WARNING  Feature subset: 1 missing features: {'skewness'}
18:55:17  src.post_cpcv.symbolic_extraction  INFO  Saved kan_pruned_network.png
18:55:18  src.post_cpcv.symbolic_extraction  INFO  Edge (0,0,0): sin (R²=1.0000) ✓
18:55:18  src.post_cpcv.symbolic_extraction  INFO  Edge (0,0,1): exp (R²=1.0000) ✓
18:55:18  src.post_cpcv.symbolic_extraction  INFO  Edge (0,1,0): cos (R²=0.9985) ✓
18:55:19  src.post_cpcv.symbolic_extraction  INFO  Edge (0,1,1): sin (R²=0.8699) ✓
18:55:21  src.post_cpcv.symbolic_extraction  INFO  Edge (0,2,1): sin (R²=0.9999) ✓
18:55:21  src.post_cpcv.symbolic_extraction  INFO  Edge (0,3,0): sin (R²=0.9921) ✓
18:55:22  src.post_cpcv.symbolic_extraction  INFO  Edge (0,3,1): x^2 (R²=0.9955) ✓
18:55:23  src.post_cpcv.symbolic_extraction  INFO  Edge (1,0,0): cos (R²=0.7871) ✓
18:55:24  src.post_cpcv.symbolic_extraction  INFO  Edge (1,0,1): cos (R²=0.8377) ✓
18:55:24  src.post_cpcv.symbolic_extraction  INFO  Edge (1,1,0): sin (R²=0.9962) ✓
18:55:25  src.post_cpcv.symbolic_extraction  INFO  Edge (1,1,1): sin (R²=0.9961) ✓
18:55:39  src.post_cpcv.symbolic_extraction  INFO  Saved kan_symbolified_network.png
18:56:10  src.post_cpcv.symbolic_extraction  WARNING  sympy.simplify timed out after 30s. Using unsimplified.
